player_id,player_name,season,def_rating,net_rating,stl,blk,reb_pct,min,w_pct,dpoy_label
2749,Jameer Nelson,2010,100.9,8.7,0.7,0.0,0.055,28.6,0.708,0
201162,Jared Dudley,2010,106.8,5.3,1.0,0.2,0.071,24.3,0.659,0
2407,Jared Jeffries,2010,105.3,-0.6,0.9,1.0,0.081,25.6,0.4,0
101127,Jarrett Jack,2010,111.9,-2.8,0.7,0.1,0.052,27.4,0.488,0
2403,Nene,2015,99.0,4.7,1.0,0.3,0.105,25.3,0.552,0
467,Jason Kidd,2010,103.6,4.3,1.8,0.4,0.079,36.0,0.663,0
2202,Jason Richardson,2010,109.0,5.9,0.8,0.4,0.082,31.5,0.658,0
1891,Jason Terry,2010,104.2,3.1,1.2,0.2,0.028,33.0,0.662,0
201574,Jason Thompson,2010,107.5,-4.3,0.5,1.0,0.137,31.4,0.293,0
201145,Jeff Green,2010,105.4,2.0,1.3,0.9,0.084,37.1,0.61,0
979,Jermaine O'Neal,2010,102.6,5.2,0.4,1.4,0.13,28.4,0.529,0
201149,Joakim Noah,2010,103.7,-1.6,0.5,1.6,0.181,30.1,0.547,0
2207,Joe Johnson,2010,106.6,6.2,1.1,0.1,0.064,38.0,0.658,0
2422,John Salmons,2010,99.8,2.7,1.2,0.3,0.048,34.9,0.593,0
201973,Jonas Jerebko,2010,108.3,-3.6,1.0,0.4,0.115,27.9,0.325,0
201938,Jonny Flynn,2010,112.5,-13.0,1.0,0.0,0.041,28.9,0.185,0
101181,Jose Calderon,2010,112.5,-1.4,0.7,0.1,0.041,26.7,0.456,0
2746,Josh Smith,2010,104.5,7.3,1.6,2.1,0.128,35.4,0.642,0
201950,Jrue Holiday,2010,108.7,-4.2,1.1,0.2,0.058,24.2,0.329,0
2570,Kendrick Perkins,2010,101.4,6.9,0.3,1.7,0.153,27.6,0.615,0
2030,Kenyon Martin,2010,105.4,3.6,1.2,1.1,0.139,34.2,0.672,0
201142,Kevin Durant,2010,102.7,6.2,1.4,1.0,0.098,39.5,0.61,0
708,Kevin Garnett,2010,100.5,7.4,1.0,0.8,0.133,29.9,0.638,0
201567,Kevin Love,2010,108.7,-6.6,0.7,0.4,0.19,28.6,0.2,0
2755,Kevin Martin,2010,110.3,-4.3,1.0,0.1,0.051,35.5,0.348,0
2550,Kirk Hinrich,2010,103.3,-1.9,1.1,0.3,0.052,33.5,0.541,0
977,Kobe Bryant,2010,101.8,8.1,1.5,0.3,0.069,38.8,0.699,0
200768,Kyle Lowry,2010,103.2,3.8,0.9,0.1,0.075,24.3,0.544,0
200746,LaMarcus Aldridge,2010,104.9,4.9,0.9,0.6,0.118,37.5,0.628,0
1885,Lamar Odom,2010,100.3,5.7,0.9,0.7,0.152,31.5,0.695,0
1716,Larry Hughes,2010,105.6,-3.3,1.2,0.3,0.065,24.8,0.444,0
2544,LeBron James,2010,103.0,11.0,1.6,1.0,0.099,39.0,0.789,0
101150,Lou Williams,2010,108.5,-2.7,1.3,0.2,0.052,29.9,0.359,0
201601,Luc Mbah a Moute,2010,100.2,2.0,0.8,0.5,0.108,25.6,0.575,0
2449,Luis Scola,2010,106.7,-0.9,0.8,0.3,0.135,32.6,0.512,0
2736,Luol Deng,2010,102.6,0.9,0.9,0.9,0.095,37.9,0.529,0
1938,Manu Ginobili,2010,102.6,8.2,1.4,0.3,0.068,28.7,0.613,0
201188,Marc Gasol,2010,107.1,2.3,1.0,1.6,0.137,35.8,0.507,0
948,Marcus Camby,2010,104.2,2.8,1.3,2.0,0.194,31.3,0.5,0
201977,Marcus Thornton,2010,108.3,-1.8,0.8,0.2,0.06,25.6,0.452,0
201596,Mario Chalmers,2010,102.4,0.2,1.2,0.2,0.039,24.8,0.589,0
101110,Martell Webster,2010,104.2,2.8,0.5,0.5,0.072,24.5,0.61,0
101107,Marvin Williams,2010,103.1,5.3,0.8,0.6,0.088,30.5,0.642,0
2440,Matt Barnes,2010,101.2,11.2,0.7,0.4,0.111,25.9,0.728,0
2246,Mehmet Okur,2010,104.2,4.4,0.5,1.1,0.127,29.4,0.616,0
1897,Metta World Peace,2010,100.7,6.8,1.4,0.3,0.063,33.8,0.688,0
201563,Michael Beasley,2010,104.9,0.0,1.0,0.6,0.113,29.8,0.564,0
1710,Mike Bibby,2010,103.7,7.2,0.8,0.0,0.044,27.4,0.65,0
201144,Mike Conley,2010,108.8,0.3,1.4,0.2,0.039,32.1,0.5,0
2034,Mike Miller,2010,108.9,-4.4,0.7,0.2,0.099,33.4,0.315,0
2590,Mo Williams,2010,104.2,4.8,1.0,0.3,0.047,34.2,0.725,0
101145,Monta Ellis,2010,111.4,-7.0,2.2,0.4,0.05,41.4,0.297,0
2403,Nene,2010,106.1,5.9,1.4,1.0,0.118,33.6,0.646,0
201564,O.J. Mayo,2010,109.2,-1.3,1.2,0.2,0.052,38.0,0.488,0
201956,Omri Casspi,2010,106.2,-3.2,0.7,0.2,0.089,25.1,0.312,0
2200,Pau Gasol,2010,103.3,6.0,0.6,1.7,0.153,37.0,0.708,0
200794,Paul Millsap,2010,101.8,7.7,0.8,1.2,0.129,27.8,0.646,0
1718,Paul Pierce,2010,102.0,5.1,1.2,0.4,0.07,34.0,0.634,0
978,Peja Stojakovic,2010,106.5,-1.2,0.8,0.1,0.059,31.4,0.516,0
2047,Quentin Richardson,2010,102.9,5.1,0.9,0.2,0.094,27.4,0.579,0
1747,Rafer Alston,2010,103.9,-4.5,1.0,0.2,0.046,27.3,0.25,0
200765,Rajon Rondo,2010,102.4,4.7,2.3,0.1,0.065,36.6,0.605,0
1740,Rashard Lewis,2010,101.8,7.5,1.1,0.4,0.069,32.9,0.722,0
2446,Rasual Butler,2010,107.9,-5.7,0.4,0.8,0.045,33.0,0.354,0
951,Ray Allen,2010,101.6,7.2,0.8,0.3,0.049,35.2,0.625,0
101109,Raymond Felton,2010,101.5,3.1,1.5,0.3,0.058,33.0,0.525,0
1888,Richard Hamilton,2010,109.4,-5.5,0.7,0.1,0.041,33.7,0.304,0
2210,Richard Jefferson,2010,102.2,6.2,0.6,0.5,0.073,31.1,0.605,0
201155,Rodney Stuckey,2010,106.8,-2.4,1.4,0.2,0.06,34.2,0.315,0
200758,Ronnie Brewer,2010,104.5,2.6,1.6,0.3,0.058,30.0,0.638,0
201579,Roy Hibbert,2010,102.9,0.5,0.4,1.6,0.113,25.1,0.383,0
200752,Rudy Gay,2010,108.5,0.1,1.5,0.8,0.077,39.7,0.488,0
201566,Russell Westbrook,2010,104.6,4.3,1.3,0.4,0.072,34.3,0.61,0
101155,Ryan Gomes,2010,109.0,-9.2,0.8,0.2,0.081,29.1,0.158,0
2223,Samuel Dalembert,2010,106.9,-4.3,0.5,1.8,0.196,25.9,0.329,0
2203,Shane Battier,2010,105.4,-0.2,0.8,1.1,0.073,32.4,0.537,0
1890,Shawn Marion,2010,103.1,5.0,0.9,0.8,0.104,31.8,0.667,0
201150,Spencer Hawes,2010,108.6,-5.9,0.4,1.2,0.115,26.4,0.319,0
201939,Stephen Curry,2010,110.2,-2.7,1.9,0.2,0.061,36.2,0.313,0
1536,Stephen Jackson,2010,103.0,2.6,1.6,0.5,0.068,38.6,0.543,0
2581,Steve Blake,2010,107.8,-3.6,0.7,0.1,0.046,27.0,0.463,0
959,Steve Nash,2010,109.4,6.7,0.5,0.1,0.051,32.8,0.654,0
2551,T.J. Ford,2010,106.0,-7.5,0.9,0.2,0.062,25.3,0.277,0
201959,Taj Gibson,2010,103.2,-0.8,0.6,1.3,0.135,26.9,0.5,0
2419,Tayshaun Prince,2010,110.6,-4.7,0.7,0.4,0.081,34.0,0.245,0
200757,Thabo Sefolosha,2010,103.8,1.9,1.2,0.6,0.084,28.6,0.61,0
201152,Thaddeus Young,2010,107.5,-3.5,1.2,0.2,0.085,32.0,0.343,0
1495,Tim Duncan,2010,101.1,8.2,0.6,1.5,0.169,31.3,0.603,0
2225,Tony Parker,2010,102.4,6.4,0.5,0.1,0.041,30.9,0.607,0
2772,Trevor Ariza,2010,106.2,0.1,1.8,0.6,0.078,36.5,0.514,0
2211,Troy Murphy,2010,106.7,-5.4,1.0,0.5,0.154,32.6,0.347,0
201936,Tyreke Evans,2010,108.4,-6.2,1.5,0.4,0.071,37.2,0.319,0
2617,Udonis Haslem,2010,102.0,1.4,0.4,0.3,0.151,27.9,0.577,0
1713,Vince Carter,2010,99.3,11.2,0.7,0.2,0.065,30.8,0.72,0
202083,Wesley Matthews,2010,104.6,5.5,0.8,0.2,0.05,24.7,0.646,0
201163,Wilson Chandler,2010,107.4,-2.7,0.7,0.8,0.077,35.7,0.354,0
201146,Yi Jianlian,2010,108.1,-6.9,0.7,1.0,0.118,31.8,0.192,0
2216,Zach Randolph,2010,109.2,-0.2,1.0,0.4,0.164,37.7,0.481,0
201143,Al Horford,2011,105.2,0.7,0.8,1.0,0.142,35.1,0.532,0
2744,Al Jefferson,2011,110.8,-3.1,0.6,1.9,0.143,35.9,0.476,0
2405,Amar'e Stoudemire,2011,109.9,1.3,0.9,1.9,0.114,36.8,0.5,0
101161,Amir Johnson,2011,109.1,-2.4,0.7,1.2,0.131,25.7,0.278,0
101154,Andray Blatche,2011,107.9,-6.1,1.5,0.8,0.125,33.9,0.328,0
2738,Andre Iguodala,2011,101.9,3.4,1.5,0.6,0.081,36.8,0.537,0
1889,Andre Miller,2011,104.9,4.6,1.4,0.1,0.063,32.7,0.58,0
200745,Andrea Bargnani,2011,112.9,-7.2,0.5,0.7,0.078,35.7,0.288,0
1905,Andrei Kirilenko,2011,108.6,-0.4,1.3,1.2,0.087,31.2,0.516,0
101106,Andrew Bogut,2011,99.5,0.8,0.7,2.6,0.163,35.3,0.431,0
101115,Andrew Bynum,2011,99.6,7.4,0.4,2.0,0.173,27.8,0.667,0
1712,Antawn Jamison,2011,113.4,-10.4,0.9,0.5,0.101,32.9,0.161,0
201627,Anthony Morrow,2011,106.3,-4.3,0.3,0.1,0.048,32.0,0.293,0
1515,Anthony Parker,2011,108.4,-7.5,0.9,0.1,0.053,29.0,0.25,0
201167,Arron Afflalo,2011,107.3,3.6,0.5,0.4,0.056,33.7,0.58,0
1884,Baron Davis,2011,109.3,-0.7,1.3,0.5,0.049,28.4,0.414,0
2732,Ben Gordon,2011,110.0,-2.8,0.6,0.2,0.049,26.0,0.366,0
2757,Beno Udrih,2011,107.6,-5.6,1.2,0.1,0.049,34.6,0.304,0
201933,Blake Griffin,2011,108.0,-2.2,0.8,0.5,0.164,37.9,0.39,0
2564,Boris Diaw,2011,107.3,-4.5,0.9,0.6,0.079,33.9,0.415,0
101138,Brandon Bass,2011,98.9,5.0,0.4,0.7,0.112,26.1,0.645,0
201943,Brandon Jennings,2011,101.6,-1.6,1.5,0.3,0.055,34.4,0.429,0
200750,Brandon Roy,2011,104.5,2.6,0.8,0.3,0.05,27.9,0.532,0
201575,Brandon Rush,2011,106.3,-5.6,0.6,0.5,0.062,26.2,0.403,0
201572,Brook Lopez,2011,109.7,-6.2,0.6,1.5,0.088,35.2,0.293,0
101139,CJ Miles,2011,103.9,2.2,0.9,0.5,0.068,25.2,0.462,0
201171,Carl Landry,2011,108.7,-4.3,0.5,0.4,0.09,26.4,0.329,0
2430,Carlos Boozer,2011,102.4,6.9,0.8,0.3,0.161,31.9,0.797,0
2568,Carlos Delfino,2011,101.8,-2.7,1.6,0.2,0.065,32.5,0.429,0
2546,Carmelo Anthony,2011,108.4,3.8,0.9,0.6,0.104,35.7,0.558,0
101112,Channing Frye,2011,107.7,2.1,0.6,1.0,0.104,33.0,0.506,0
1497,Chauncey Billups,2011,109.1,2.9,1.0,0.2,0.042,32.1,0.528,0
2547,Chris Bosh,2011,100.5,11.2,0.8,0.6,0.122,36.3,0.714,0
101108,Chris Paul,2011,103.4,4.4,2.4,0.1,0.062,36.0,0.563,0
101236,Chuck Hayes,2011,105.8,6.1,1.1,0.7,0.147,28.1,0.554,0
201571,D.J. Augustin,2011,108.7,-5.2,0.7,0.0,0.043,33.6,0.415,0
200789,Daniel Gibson,2011,107.8,-5.5,0.7,0.3,0.048,27.8,0.269,0
201568,Danilo Gallinari,2011,106.9,1.8,0.8,0.4,0.074,33.9,0.548,0
101122,Danny Granger,2011,104.6,-0.2,1.1,0.8,0.076,35.0,0.456,0
2545,Darko Milicic,2011,107.9,-6.3,0.8,2.0,0.104,24.4,0.217,0
201954,Darren Collison,2011,106.7,-2.6,1.1,0.2,0.047,29.9,0.456,0
101135,David Lee,2011,110.1,-2.0,1.0,0.4,0.139,36.1,0.479,0
2561,David West,2011,103.6,3.0,1.0,0.9,0.119,35.0,0.571,0
201599,DeAndre Jordan,2011,107.7,-1.8,0.5,1.8,0.146,25.6,0.388,0
201942,DeMar DeRozan,2011,111.7,-7.3,1.0,0.4,0.058,34.8,0.268,0
202326,DeMarcus Cousins,2011,107.5,-6.3,1.0,0.8,0.154,28.5,0.284,0
965,Derek Fisher,2011,101.8,9.8,1.2,0.1,0.034,28.0,0.695,0
101114,Deron Williams,2011,110.3,-2.3,1.2,0.2,0.055,37.9,0.508,0
201565,Derrick Rose,2011,100.7,8.5,1.0,0.6,0.056,37.4,0.765,0
2734,Devin Harris,2011,110.2,-5.1,1.0,0.1,0.04,31.7,0.338,0
1717,Dirk Nowitzki,2011,100.4,10.3,0.5,0.6,0.109,34.3,0.753,0
2748,Dorell Wright,2011,109.0,-1.9,1.5,0.8,0.069,38.4,0.439,0
2730,Dwight Howard,2011,100.6,8.4,1.4,2.4,0.193,37.6,0.654,1
2548,Dwyane Wade,2011,102.4,10.4,1.5,1.1,0.091,37.1,0.711,0
202334,Ed Davis,2011,111.2,-9.8,0.6,1.0,0.148,24.6,0.246,0
1882,Elton Brand,2011,103.3,2.5,1.1,1.3,0.125,34.7,0.506,0
2731,Emeka Okafor,2011,102.5,3.8,0.6,1.8,0.164,31.8,0.597,0
201569,Eric Gordon,2011,108.2,-0.1,1.3,0.3,0.04,37.7,0.446,0
101141,Ersan Ilyasova,2011,101.0,1.9,0.9,0.4,0.126,25.1,0.417,0
201588,George Hill,2011,103.1,7.0,0.9,0.3,0.049,28.3,0.737,0
201945,Gerald Henderson,2011,105.0,-2.7,0.7,0.5,0.066,24.4,0.426,0
2222,Gerald Wallace,2011,104.7,2.4,1.5,0.9,0.113,37.9,0.507,0
2240,Gilbert Arenas,2011,104.1,-0.7,1.1,0.3,0.053,25.7,0.5,0
201175,Glen Davis,2011,99.0,3.6,1.0,0.4,0.101,29.5,0.692,0
202328,Greg Monroe,2011,109.5,-2.5,1.2,0.6,0.147,27.8,0.375,0
201581,JJ Hickson,2011,111.1,-12.0,0.6,0.7,0.155,28.2,0.238,0
200755,JJ Redick,2011,102.4,3.0,0.5,0.1,0.038,25.6,0.627,0
201580,JaVale McGee,2011,107.8,-4.5,0.5,2.4,0.146,27.8,0.291,0
2037,Jamal Crawford,2011,106.5,0.0,0.8,0.2,0.03,30.2,0.526,0
2749,Jameer Nelson,2011,102.5,7.0,1.0,0.0,0.05,30.5,0.645,0
201935,James Harden,2011,104.3,4.9,1.1,0.3,0.06,26.7,0.671,0
201162,Jared Dudley,2011,106.6,-0.5,1.1,0.2,0.076,26.1,0.488,0
467,Jason Kidd,2011,104.6,2.7,1.7,0.4,0.07,33.2,0.7,0
2202,Jason Richardson,2011,105.5,4.9,1.2,0.2,0.063,33.9,0.588,0
1891,Jason Terry,2011,103.7,5.9,1.1,0.2,0.031,31.3,0.695,0
201145,Jeff Green,2011,106.0,0.6,0.7,0.5,0.078,32.4,0.6,0
201149,Joakim Noah,2011,101.1,5.7,1.0,1.5,0.161,32.8,0.75,0
201975,Jodie Meeks,2011,103.4,2.0,0.9,0.1,0.043,27.9,0.541,0
2207,Joe Johnson,2011,105.5,1.6,0.7,0.1,0.062,35.5,0.528,0
2422,John Salmons,2011,100.1,-1.1,1.0,0.4,0.054,35.0,0.411,0
202322,John Wall,2011,109.0,-8.8,1.8,0.5,0.06,37.8,0.275,0
202348,Jordan Crawford,2011,110.8,-10.9,0.9,0.1,0.05,24.4,0.405,0
200770,Jordan Farmar,2011,106.5,-6.7,0.8,0.1,0.049,24.6,0.315,0
101181,Jose Calderon,2011,110.2,-4.5,1.2,0.1,0.05,30.9,0.265,0
2746,Josh Smith,2011,103.4,1.9,1.3,1.6,0.133,34.3,0.558,0
201950,Jrue Holiday,2011,103.9,2.9,1.5,0.4,0.06,35.4,0.5,0
2030,Kenyon Martin,2011,103.7,8.2,0.9,0.7,0.125,25.7,0.646,0
201142,Kevin Durant,2011,106.8,4.1,1.1,1.0,0.089,38.9,0.667,0
708,Kevin Garnett,2011,96.4,12.9,1.3,0.8,0.155,31.3,0.69,0
201567,Kevin Love,2011,109.5,-5.3,0.6,0.4,0.208,35.8,0.233,0
2755,Kevin Martin,2011,108.2,3.4,1.0,0.2,0.05,32.5,0.525,0
2550,Kirk Hinrich,2011,108.2,-9.4,1.0,0.2,0.044,30.0,0.333,0
977,Kobe Bryant,2011,104.2,7.3,1.2,0.1,0.077,33.9,0.695,0
2198,Kwame Brown,2011,107.7,-7.0,0.4,0.6,0.142,26.0,0.409,0
200768,Kyle Lowry,2011,105.6,5.8,1.4,0.3,0.061,34.2,0.533,0
200746,LaMarcus Aldridge,2011,104.2,4.9,1.0,1.2,0.121,39.6,0.593,0
1885,Lamar Odom,2011,102.8,7.0,0.6,0.7,0.135,32.2,0.695,0
202361,Landry Fields,2011,108.7,1.6,1.0,0.2,0.105,31.0,0.512,0
2544,LeBron James,2011,101.4,10.1,1.6,0.6,0.101,38.8,0.722,0
2571,Leandro Barbosa,2011,110.2,-4.8,0.9,0.1,0.036,24.0,0.293,0
201601,Luc Mbah a Moute,2011,99.7,-0.2,0.9,0.4,0.103,26.5,0.43,0
2449,Luis Scola,2011,107.3,4.3,0.6,0.6,0.127,32.6,0.514,0
2557,Luke Ridnour,2011,109.0,-5.4,1.3,0.1,0.045,30.4,0.183,0
2736,Luol Deng,2011,98.8,8.2,1.0,0.6,0.075,39.1,0.756,0
1938,Manu Ginobili,2011,100.7,11.0,1.5,0.4,0.063,30.3,0.763,0
201188,Marc Gasol,2011,103.9,2.6,0.9,1.7,0.117,31.9,0.568,0
101162,Marcin Gortat,2011,105.2,0.5,0.5,1.1,0.158,25.4,0.538,0
201158,Marco Belinelli,2011,105.0,1.6,0.5,0.1,0.043,24.5,0.55,0
948,Marcus Camby,2011,105.1,1.3,0.7,1.6,0.213,26.1,0.542,0
201977,Marcus Thornton,2011,104.4,-3.1,0.9,0.1,0.074,24.3,0.507,0
101107,Marvin Williams,2011,104.7,-0.7,0.5,0.4,0.091,28.7,0.523,0
1897,Metta World Peace,2011,102.0,9.1,1.5,0.4,0.056,29.4,0.695,0
201563,Michael Beasley,2011,108.4,-5.6,0.7,0.7,0.085,32.3,0.192,0
1710,Mike Bibby,2011,105.3,3.2,0.6,0.1,0.046,28.6,0.613,0
2399,Mike Dunleavy,2011,101.6,2.6,0.7,0.5,0.08,27.6,0.459,0
2590,Mo Williams,2011,110.5,-9.8,0.9,0.2,0.043,30.8,0.328,0
101145,Monta Ellis,2011,110.1,-3.3,2.1,0.3,0.044,40.3,0.438,0
2403,Nene,2011,104.5,7.4,1.1,1.0,0.13,30.5,0.613,0
201156,Nick Young,2011,107.9,-7.2,0.7,0.3,0.043,31.8,0.219,0
201587,Nicolas Batum,2011,106.4,0.6,0.9,0.6,0.078,31.5,0.588,0
201564,O.J. Mayo,2011,105.1,2.6,1.0,0.4,0.047,26.3,0.521,0
201956,Omri Casspi,2011,108.5,-4.6,0.8,0.2,0.091,24.0,0.239,0
2200,Pau Gasol,2011,102.1,8.6,0.6,1.6,0.138,37.0,0.695,0
200794,Paul Millsap,2011,107.4,0.9,1.4,0.9,0.118,34.3,0.474,0
1718,Paul Pierce,2011,97.8,11.4,1.0,0.6,0.084,34.7,0.688,0
1952,Raja Bell,2011,110.7,-5.1,0.8,0.2,0.044,30.8,0.5,0
200765,Rajon Rondo,2011,99.8,8.9,2.3,0.2,0.065,37.2,0.691,0
201196,Ramon Sessions,2011,112.8,-11.5,0.7,0.1,0.06,26.3,0.235,0
200751,Randy Foye,2011,108.9,-6.1,0.7,0.3,0.034,24.6,0.444,0
1740,Rashard Lewis,2011,104.3,-1.6,0.9,0.5,0.08,32.0,0.421,0
951,Ray Allen,2011,99.7,8.2,1.0,0.2,0.052,36.1,0.688,0
101109,Raymond Felton,2011,107.3,2.2,1.7,0.1,0.05,36.5,0.587,0
1888,Richard Hamilton,2011,110.3,-4.9,0.7,0.1,0.045,27.2,0.345,0
2210,Richard Jefferson,2011,103.0,6.3,0.5,0.4,0.066,30.4,0.741,0
201155,Rodney Stuckey,2011,110.6,-1.9,1.1,0.1,0.053,31.2,0.357,0
201579,Roy Hibbert,2011,104.4,-0.4,0.4,1.8,0.136,27.7,0.457,0
200752,Rudy Gay,2011,103.1,3.3,1.7,1.1,0.081,39.8,0.556,0
201566,Russell Westbrook,2011,106.8,2.1,1.9,0.4,0.068,34.7,0.671,0
101155,Ryan Gomes,2011,108.8,-2.9,0.8,0.2,0.063,27.6,0.382,0
2223,Samuel Dalembert,2011,106.6,-5.2,0.5,1.5,0.17,24.2,0.275,0
2756,Sasha Vujacic,2011,110.8,-9.9,0.8,0.1,0.058,24.6,0.388,0
201586,Serge Ibaka,2011,104.9,3.2,0.4,2.4,0.144,27.0,0.671,0
2203,Shane Battier,2011,107.1,3.8,0.8,1.0,0.08,29.0,0.512,0
201603,Sonny Weems,2011,113.4,-11.5,0.6,0.0,0.056,24.0,0.288,0
201939,Stephen Curry,2011,108.4,0.0,1.5,0.3,0.058,33.6,0.446,0
1536,Stephen Jackson,2011,108.1,-5.2,1.2,0.4,0.067,35.9,0.448,0
959,Steve Nash,2011,107.9,4.8,0.6,0.1,0.053,33.3,0.52,0
2419,Tayshaun Prince,2011,110.3,-2.9,0.4,0.5,0.07,32.8,0.372,0
200757,Thabo Sefolosha,2011,106.0,2.8,1.2,0.5,0.089,25.9,0.671,0
201152,Thaddeus Young,2011,101.1,4.3,1.1,0.3,0.105,26.0,0.5,0
1495,Tim Duncan,2011,100.3,10.0,0.7,1.9,0.162,28.4,0.789,0
201962,Toney Douglas,2011,104.8,2.8,1.1,0.0,0.061,24.3,0.506,0
2225,Tony Parker,2011,102.5,6.4,1.2,0.0,0.049,32.4,0.769,0
2566,Travis Outlaw,2011,109.1,-7.8,0.4,0.4,0.072,28.8,0.293,0
2772,Trevor Ariza,2011,104.7,-0.2,1.6,0.4,0.086,34.7,0.573,0
201951,Ty Lawson,2011,107.4,5.4,1.0,0.1,0.051,26.3,0.613,0
201936,Tyreke Evans,2011,106.4,-4.7,1.5,0.5,0.065,37.0,0.316,0
2199,Tyson Chandler,2011,101.3,8.0,0.5,1.1,0.177,27.8,0.73,0
1713,Vince Carter,2011,104.6,3.4,0.9,0.3,0.068,28.1,0.521,0
202325,Wesley Johnson,2011,109.1,-5.4,0.7,0.7,0.057,26.2,0.215,0
202083,Wesley Matthews,2011,104.7,2.8,1.2,0.1,0.051,33.6,0.585,0
201163,Wilson Chandler,2011,104.5,4.1,0.7,1.3,0.084,33.3,0.569,0
2216,Zach Randolph,2011,104.4,4.7,0.8,0.3,0.178,36.3,0.573,0
1733,Al Harrington,2012,102.5,5.0,0.9,0.2,0.113,27.5,0.563,0
2744,Al Jefferson,2012,104.8,4.1,0.8,1.7,0.146,34.0,0.525,0
202087,Alonzo Gee,2012,105.6,-5.9,1.3,0.3,0.087,29.0,0.317,0
2405,Amar'e Stoudemire,2012,101.8,-1.9,0.8,1.0,0.121,32.8,0.468,0
101161,Amir Johnson,2012,100.6,0.6,0.5,1.1,0.135,24.3,0.344,0
2738,Andre Iguodala,2012,97.0,5.2,1.7,0.5,0.085,35.6,0.532,0
1889,Andre Miller,2012,104.4,4.6,1.0,0.1,0.064,27.4,0.576,0
101115,Andrew Bynum,2012,101.3,2.1,0.5,1.9,0.169,35.2,0.633,0
201627,Anthony Morrow,2012,106.2,-4.2,0.7,0.1,0.04,26.4,0.323,0
1515,Anthony Parker,2012,109.9,-10.1,0.7,0.1,0.055,25.1,0.294,0
201167,Arron Afflalo,2012,105.2,1.1,0.6,0.2,0.048,33.7,0.581,0
2732,Ben Gordon,2012,105.4,-7.3,0.7,0.2,0.046,26.9,0.385,0
201933,Blake Griffin,2012,103.6,7.4,0.8,0.7,0.155,36.2,0.606,0
2564,Boris Diaw,2012,105.0,-7.8,0.6,0.4,0.098,25.0,0.404,0
101138,Brandon Bass,2012,97.6,4.3,0.6,0.9,0.103,31.7,0.627,0
201171,Carl Landry,2012,104.0,-3.7,0.3,0.3,0.116,24.4,0.317,0
2430,Carlos Boozer,2012,99.8,6.2,1.0,0.4,0.147,29.5,0.758,0
2568,Carlos Delfino,2012,108.2,-5.3,1.5,0.2,0.068,28.5,0.426,0
2546,Carmelo Anthony,2012,101.5,2.5,1.1,0.4,0.093,34.1,0.527,0
2406,Caron Butler,2012,103.9,7.5,0.8,0.1,0.063,29.7,0.619,0
202718,Chandler Parsons,2012,102.6,1.9,1.2,0.5,0.084,28.6,0.524,0
101112,Channing Frye,2012,104.1,5.1,0.7,1.1,0.116,26.1,0.516,0
2547,Chris Bosh,2012,97.7,10.0,0.9,0.8,0.12,35.2,0.737,0
2549,Chris Kaman,2012,102.8,-2.7,0.5,1.6,0.141,29.2,0.34,0
201584,Courtney Lee,2012,103.0,1.2,1.2,0.4,0.046,30.3,0.517,0
201571,D.J. Augustin,2012,111.7,-14.9,0.8,0.0,0.039,29.3,0.146,0
201568,Danilo Gallinari,2012,100.7,7.8,1.0,0.5,0.078,31.4,0.628,0
101122,Danny Granger,2012,100.6,7.0,1.0,0.6,0.074,33.3,0.661,0
201954,Darren Collison,2012,102.0,3.4,0.8,0.2,0.05,31.3,0.6,0
101135,David Lee,2012,108.2,-3.0,0.9,0.4,0.132,37.2,0.386,0
2561,David West,2012,100.4,5.6,0.8,0.7,0.112,29.2,0.636,0
201599,DeAndre Jordan,2012,102.9,5.5,0.5,2.0,0.155,27.2,0.606,0
201942,DeMar DeRozan,2012,103.6,-2.5,0.8,0.3,0.051,35.0,0.349,0
202326,DeMarcus Cousins,2012,108.2,-3.9,1.5,1.2,0.175,30.5,0.313,0
2753,Delonte West,2012,97.4,-1.0,1.3,0.3,0.048,24.1,0.568,0
101114,Deron Williams,2012,108.5,-4.7,1.2,0.4,0.047,36.3,0.382,0
1717,Dirk Nowitzki,2012,98.1,5.9,0.7,0.5,0.103,33.5,0.532,0
2748,Dorell Wright,2012,108.6,-5.3,1.0,0.4,0.085,27.0,0.361,0
2400,Drew Gooden,2012,110.3,-4.7,0.8,0.6,0.124,26.2,0.464,0
2730,Dwight Howard,2012,100.5,4.1,1.5,2.1,0.193,38.3,0.611,0
2548,Dwyane Wade,2012,97.8,10.4,1.7,1.3,0.076,33.2,0.653,0
1882,Elton Brand,2012,96.3,6.1,1.0,1.6,0.125,28.9,0.533,0
101141,Ersan Ilyasova,2012,105.3,1.6,0.7,0.7,0.154,27.6,0.467,0
202323,Evan Turner,2012,99.3,2.1,0.6,0.3,0.11,26.3,0.523,0
201588,George Hill,2012,101.5,4.2,0.8,0.3,0.058,25.5,0.7,0
201945,Gerald Henderson,2012,108.8,-13.9,0.9,0.4,0.062,33.3,0.109,0
2222,Gerald Wallace,2012,100.1,2.5,1.5,0.6,0.094,35.8,0.448,0
255,Grant Hill,2012,102.6,4.3,0.8,0.6,0.063,28.1,0.51,0
202328,Greg Monroe,2012,107.8,-5.5,1.3,0.7,0.165,31.5,0.379,0
202349,Greivis Vasquez,2012,101.4,0.0,0.9,0.1,0.054,25.8,0.318,0
2045,Hedo Turkoglu,2012,103.4,3.9,0.8,0.3,0.062,31.2,0.566,0
202697,Iman Shumpert,2012,100.2,3.7,1.7,0.1,0.056,28.9,0.576,0
202738,Isaiah Thomas,2012,108.4,-2.3,0.8,0.1,0.05,25.5,0.338,0
200826,J.J. Barea,2012,105.9,-4.2,0.5,0.0,0.053,25.2,0.366,0
200755,JJ Redick,2012,103.6,0.1,0.4,0.1,0.044,27.1,0.569,0
201580,JaVale McGee,2012,108.3,-10.1,0.6,2.2,0.151,25.2,0.361,0
2037,Jamal Crawford,2012,105.0,-1.5,0.9,0.2,0.037,26.9,0.467,0
2749,Jameer Nelson,2012,103.9,4.8,0.7,0.1,0.055,29.9,0.579,0
201935,James Harden,2012,103.5,9.8,1.0,0.2,0.067,31.4,0.71,0
201949,James Johnson,2012,102.3,-5.1,1.1,1.4,0.098,25.2,0.339,0
201162,Jared Dudley,2012,104.4,2.0,0.8,0.3,0.075,31.1,0.492,0
101127,Jarrett Jack,2012,105.2,-9.0,0.7,0.2,0.06,34.0,0.222,0
467,Jason Kidd,2012,99.5,2.4,1.7,0.2,0.071,28.7,0.563,0
2202,Jason Richardson,2012,102.4,2.6,1.0,0.4,0.062,29.5,0.556,0
1891,Jason Terry,2012,102.1,0.0,1.2,0.2,0.038,31.7,0.54,0
201574,Jason Thompson,2012,107.5,-2.4,0.7,0.7,0.133,25.9,0.344,0
201952,Jeff Teague,2012,101.0,5.6,1.6,0.6,0.038,33.1,0.606,0
201149,Joakim Noah,2012,99.6,7.4,0.6,1.4,0.162,30.4,0.75,0
201975,Jodie Meeks,2012,95.3,5.5,0.6,0.0,0.048,24.9,0.53,0
2207,Joe Johnson,2012,100.8,5.5,0.8,0.2,0.054,35.4,0.6,0
2422,John Salmons,2012,107.0,-8.0,0.8,0.2,0.052,27.2,0.348,0
202322,John Wall,2012,106.2,-6.0,1.4,0.9,0.062,36.2,0.303,0
101181,Jose Calderon,2012,105.9,-4.6,0.9,0.1,0.047,33.9,0.34,0
202348,Jordan Crawford,2012,108.2,-8.0,0.9,0.1,0.048,27.4,0.281,0
2746,Josh Smith,2012,99.8,6.2,1.4,1.7,0.141,35.3,0.606,0
201950,Jrue Holiday,2012,96.9,5.2,1.6,0.3,0.048,33.8,0.538,0
202695,Kawhi Leonard,2012,102.3,5.1,1.3,0.4,0.109,24.0,0.766,0
2570,Kendrick Perkins,2012,101.0,3.7,0.4,1.1,0.121,26.8,0.708,0
201142,Kevin Durant,2012,101.9,7.2,1.3,1.2,0.103,38.6,0.712,0
708,Kevin Garnett,2012,95.3,7.0,0.9,1.0,0.141,31.1,0.617,0
201567,Kevin Love,2012,104.8,0.6,0.9,0.5,0.168,39.0,0.436,0
2755,Kevin Martin,2012,104.3,-0.6,0.7,0.1,0.043,31.6,0.5,0
2550,Kirk Hinrich,2012,100.0,2.2,0.8,0.2,0.043,25.8,0.563,0
202691,Klay Thompson,2012,107.2,-4.4,0.7,0.3,0.051,24.4,0.348,0
977,Kobe Bryant,2012,102.1,2.7,1.2,0.3,0.069,38.5,0.621,0
2743,Kris Humphries,2012,107.2,-4.1,0.8,1.2,0.163,34.9,0.355,0
200768,Kyle Lowry,2012,102.1,1.7,1.6,0.3,0.072,32.1,0.511,0
202681,Kyrie Irving,2012,109.8,-5.6,1.1,0.4,0.061,30.5,0.333,0
200746,LaMarcus Aldridge,2012,102.1,3.8,0.9,0.8,0.115,36.3,0.473,0
202361,Landry Fields,2012,97.4,6.0,1.2,0.3,0.075,28.7,0.545,0
2544,LeBron James,2012,98.4,10.2,1.9,0.8,0.111,37.5,0.726,0
101150,Lou Williams,2012,96.8,6.5,0.8,0.3,0.046,26.3,0.531,0
2449,Luis Scola,2012,102.2,1.7,0.5,0.4,0.106,31.3,0.515,0
2557,Luke Ridnour,2012,106.2,-2.3,1.1,0.3,0.04,33.0,0.453,0
2736,Luol Deng,2012,96.2,9.1,1.0,0.7,0.081,39.4,0.778,0
202705,MarShon Brooks,2012,109.4,-10.3,0.9,0.3,0.063,29.4,0.321,0
201188,Marc Gasol,2012,98.3,5.9,1.0,1.9,0.127,36.5,0.615,0
101162,Marcin Gortat,2012,104.2,2.1,0.7,1.5,0.157,32.0,0.5,0
201158,Marco Belinelli,2012,105.4,-6.6,0.7,0.1,0.046,29.8,0.318,0
201977,Marcus Thornton,2012,108.7,-4.9,1.4,0.2,0.051,34.9,0.373,0
201596,Mario Chalmers,2012,96.4,10.6,1.5,0.2,0.049,28.5,0.703,0
101110,Martell Webster,2012,108.4,-3.2,0.7,0.4,0.072,24.2,0.362,0
101107,Marvin Williams,2012,100.8,2.6,0.8,0.3,0.099,26.3,0.614,0
1897,Metta World Peace,2012,101.2,1.4,1.1,0.4,0.062,26.9,0.625,0
201144,Mike Conley,2012,99.6,5.9,2.2,0.2,0.038,35.1,0.613,0
2399,Mike Dunleavy,2012,99.6,5.7,0.5,0.1,0.067,26.3,0.527,0
2590,Mo Williams,2012,106.1,-1.2,1.0,0.1,0.035,28.3,0.558,0
101145,Monta Ellis,2012,106.1,-0.7,1.5,0.3,0.047,36.6,0.5,0
201156,Nick Young,2012,105.9,-6.4,0.7,0.3,0.038,27.9,0.355,0
201587,Nicolas Batum,2012,106.2,-1.5,1.0,1.0,0.079,30.4,0.458,0
201593,Nikola Pekovic,2012,106.8,-1.6,0.6,0.7,0.135,26.9,0.404,0
201564,O.J. Mayo,2012,100.6,0.8,1.1,0.3,0.06,26.8,0.621,0
2200,Pau Gasol,2012,101.4,3.1,0.6,1.4,0.138,37.4,0.631,0
202331,Paul George,2012,99.1,6.4,1.6,0.6,0.094,29.7,0.636,0
200794,Paul Millsap,2012,103.3,4.9,1.8,0.8,0.138,32.8,0.531,0
1718,Paul Pierce,2012,97.7,4.7,1.1,0.4,0.08,34.0,0.623,0
200765,Rajon Rondo,2012,97.9,4.8,1.8,0.1,0.068,36.9,0.585,0
201196,Ramon Sessions,2012,104.1,-1.1,0.7,0.0,0.062,26.7,0.469,0
200751,Randy Foye,2012,103.3,1.4,0.7,0.4,0.042,25.9,0.615,0
951,Ray Allen,2012,99.2,2.7,1.1,0.2,0.048,34.0,0.5,0
101109,Raymond Felton,2012,102.6,3.4,1.3,0.2,0.041,31.8,0.467,0
2210,Richard Jefferson,2012,102.8,-0.1,0.6,0.3,0.064,27.7,0.524,0
201937,Ricky Rubio,2012,100.5,2.1,2.2,0.2,0.06,34.2,0.512,0
201155,Rodney Stuckey,2012,104.8,-1.0,0.8,0.2,0.046,29.9,0.418,0
200758,Ronnie Brewer,2012,96.5,7.1,1.1,0.3,0.07,24.8,0.758,0
201579,Roy Hibbert,2012,101.4,5.3,0.5,2.0,0.15,29.8,0.631,0
200752,Rudy Gay,2012,101.3,2.3,1.5,0.8,0.089,37.3,0.631,0
201566,Russell Westbrook,2012,101.5,7.6,1.7,0.3,0.064,35.3,0.712,0
201583,Ryan Anderson,2012,101.9,6.4,0.8,0.4,0.123,32.2,0.59,0
201586,Serge Ibaka,2012,100.5,5.8,0.5,3.7,0.138,27.1,0.712,0
1890,Shawn Marion,2012,101.3,-1.6,1.1,0.6,0.122,30.5,0.54,0
1536,Stephen Jackson,2012,102.0,1.7,1.1,0.3,0.068,25.8,0.596,0
959,Steve Nash,2012,103.8,4.3,0.6,0.1,0.048,31.6,0.516,0
2419,Tayshaun Prince,2012,107.0,-6.2,0.4,0.5,0.071,33.1,0.397,0
201152,Thaddeus Young,2012,97.4,8.2,1.0,0.7,0.094,27.9,0.524,0
1495,Tim Duncan,2012,97.9,9.2,0.7,1.5,0.16,28.2,0.776,0
2754,Tony Allen,2012,96.9,5.9,1.8,0.6,0.08,26.3,0.621,0
2772,Trevor Ariza,2012,106.1,-7.1,1.7,0.6,0.085,32.9,0.293,0
202344,Trevor Booker,2012,106.2,-4.7,1.0,0.9,0.128,25.2,0.24,0
201951,Ty Lawson,2012,104.0,3.2,1.3,0.1,0.054,34.8,0.59,0
201936,Tyreke Evans,2012,109.4,-6.8,1.3,0.5,0.066,34.3,0.302,0
2199,Tyson Chandler,2012,99.2,3.2,0.9,1.4,0.151,33.2,0.548,1
2617,Udonis Haslem,2012,96.9,3.8,0.5,0.4,0.151,24.8,0.688,0
1713,Vince Carter,2012,96.9,7.0,0.9,0.4,0.067,25.3,0.541,0
202083,Wesley Matthews,2012,103.2,1.3,1.5,0.2,0.052,33.8,0.424,0
2585,Zaza Pachulia,2012,100.0,2.9,0.9,0.5,0.146,28.3,0.586,0
201143,Al Horford,2013,102.6,3.2,1.1,1.1,0.144,37.2,0.568,0
2744,Al Jefferson,2013,108.5,-3.4,1.0,1.1,0.148,33.1,0.526,0
202329,Al-Farouq Aminu,2013,105.9,-0.6,1.2,0.7,0.149,27.2,0.329,0
202087,Alonzo Gee,2013,109.7,-7.0,1.3,0.4,0.064,31.0,0.293,0
101161,Amir Johnson,2013,102.3,5.4,1.0,1.4,0.137,28.7,0.42,0
2738,Andre Iguodala,2013,102.2,6.9,1.7,0.7,0.075,34.7,0.713,0
1889,Andre Miller,2013,103.2,4.2,0.9,0.1,0.055,26.2,0.695,0
1905,Andrei Kirilenko,2013,103.2,-0.5,1.5,1.0,0.091,31.8,0.406,0
203076,Anthony Davis,2013,107.8,-3.8,1.2,1.8,0.152,28.8,0.359,0
201167,Arron Afflalo,2013,109.2,-7.6,0.6,0.2,0.054,36.0,0.281,0
202340,Avery Bradley,2013,102.4,-0.7,1.3,0.4,0.04,28.7,0.54,0
202687,Bismack Biyombo,2013,109.4,-8.4,0.4,1.8,0.136,27.3,0.25,0
201933,Blake Griffin,2013,105.0,8.0,1.2,0.6,0.138,32.5,0.688,0
203078,Bradley Beal,2013,100.6,-2.2,0.9,0.5,0.06,31.2,0.375,0
101138,Brandon Bass,2013,104.6,-3.5,0.5,0.8,0.101,27.6,0.506,0
201943,Brandon Jennings,2013,106.2,-5.0,1.6,0.1,0.041,36.2,0.475,0
202688,Brandon Knight,2013,103.6,-2.7,0.8,0.1,0.053,31.5,0.387,0
201572,Brook Lopez,2013,102.5,6.1,0.4,2.1,0.117,30.5,0.622,0
201957,Byron Mullens,2013,113.1,-14.9,0.6,0.6,0.116,26.9,0.245,0
2430,Carlos Boozer,2013,102.5,-1.5,0.8,0.4,0.155,32.2,0.544,0
2568,Carlos Delfino,2013,102.7,6.8,1.0,0.1,0.064,25.2,0.567,0
2546,Carmelo Anthony,2013,105.8,6.2,0.8,0.5,0.097,37.0,0.701,0
2406,Caron Butler,2013,104.6,6.8,0.7,0.1,0.064,24.1,0.705,0
202718,Chandler Parsons,2013,104.1,2.9,1.0,0.4,0.073,36.3,0.553,0
2547,Chris Bosh,2013,102.4,9.8,0.9,1.4,0.113,33.2,0.784,0
101108,Chris Paul,2013,104.5,9.7,2.4,0.1,0.06,33.4,0.714,0
201147,Corey Brewer,2013,102.7,3.9,1.4,0.3,0.056,24.4,0.695,0
203081,Damian Lillard,2013,107.8,-1.5,0.9,0.2,0.042,38.6,0.402,0
201568,Danilo Gallinari,2013,103.0,7.3,0.9,0.5,0.08,32.5,0.704,0
201980,Danny Green,2013,98.7,7.5,1.2,0.7,0.057,27.5,0.713,0
201967,Dante Cunningham,2013,102.5,-2.1,1.1,0.5,0.102,25.1,0.375,0
201954,Darren Collison,2013,105.7,-1.8,1.2,0.1,0.047,29.3,0.506,0
101135,David Lee,2013,104.3,2.7,0.8,0.3,0.152,36.8,0.582,0
2561,David West,2013,98.2,7.7,1.0,0.9,0.116,33.4,0.589,0
201599,DeAndre Jordan,2013,105.5,8.0,0.6,1.4,0.161,24.5,0.683,0
201942,DeMar DeRozan,2013,105.1,-1.7,0.9,0.3,0.055,36.7,0.415,0
202326,DeMarcus Cousins,2013,110.2,-6.1,1.4,0.7,0.168,30.5,0.347,0
101114,Deron Williams,2013,105.5,3.1,1.0,0.4,0.043,36.4,0.59,0
202682,Derrick Williams,2013,104.2,-4.5,0.6,0.5,0.114,24.6,0.372,0
2734,Devin Harris,2013,98.3,6.0,1.1,0.2,0.042,24.5,0.603,0
203079,Dion Waiters,2013,109.8,-4.3,1.0,0.3,0.044,28.8,0.328,0
1717,Dirk Nowitzki,2013,103.1,0.8,0.7,0.7,0.113,31.3,0.528,0
2730,Dwight Howard,2013,103.4,2.9,1.1,2.4,0.172,35.8,0.553,0
2548,Dwyane Wade,2013,100.9,12.3,1.9,0.8,0.079,34.6,0.797,0
2731,Emeka Okafor,2013,100.1,-0.8,0.6,1.0,0.167,26.0,0.342,0
201569,Eric Gordon,2013,108.2,-1.5,1.1,0.2,0.032,30.1,0.381,0
101141,Ersan Ilyasova,2013,104.8,0.2,0.9,0.5,0.126,27.6,0.466,0
202323,Evan Turner,2013,104.5,-3.8,0.9,0.2,0.09,35.3,0.415,0
201588,George Hill,2013,97.9,8.5,1.1,0.3,0.054,34.5,0.605,0
201945,Gerald Henderson,2013,110.1,-10.0,1.0,0.5,0.06,31.4,0.221,0
2222,Gerald Wallace,2013,103.0,4.0,1.4,0.7,0.079,30.1,0.594,0
203084,Harrison Barnes,2013,102.5,2.0,0.6,0.2,0.08,25.4,0.568,0
202738,Isaiah Thomas,2013,107.8,-2.6,0.8,0.0,0.039,26.9,0.342,0
201581,JJ Hickson,2013,108.2,-5.3,0.6,0.6,0.183,29.0,0.413,0
200755,JJ Redick,2013,107.3,-2.4,0.5,0.1,0.036,30.5,0.333,0
2747,JR Smith,2013,103.3,5.7,1.3,0.3,0.082,33.5,0.663,0
2037,Jamal Crawford,2013,100.2,7.8,1.0,0.2,0.029,29.3,0.671,0
2749,Jameer Nelson,2013,107.6,-4.9,1.3,0.1,0.054,35.3,0.304,0
201935,James Harden,2013,105.9,2.9,1.8,0.5,0.064,38.3,0.551,0
201162,Jared Dudley,2013,103.5,-3.2,0.9,0.1,0.057,27.5,0.304,0
101127,Jarrett Jack,2013,103.6,1.5,0.8,0.1,0.051,29.7,0.595,0
467,Jason Kidd,2013,104.2,4.5,1.6,0.3,0.082,26.9,0.645,0
101131,Jason Maxiell,2013,105.4,-5.8,0.4,1.3,0.118,24.8,0.333,0
1891,Jason Terry,2013,100.7,-0.2,0.8,0.1,0.039,26.9,0.506,0
201574,Jason Thompson,2013,109.2,-4.5,0.6,0.7,0.124,27.9,0.341,0
201145,Jeff Green,2013,101.3,-1.1,0.7,0.8,0.072,27.8,0.506,0
201952,Jeff Teague,2013,102.8,1.1,1.5,0.4,0.035,32.9,0.538,0
202391,Jeremy Lin,2013,105.1,2.6,1.6,0.4,0.047,32.2,0.549,0
202710,Jimmy Butler III,2013,100.7,2.4,1.0,0.4,0.077,26.0,0.549,0
201149,Joakim Noah,2013,99.3,1.6,1.2,2.1,0.152,36.8,0.545,0
2207,Joe Johnson,2013,103.8,5.6,0.7,0.2,0.043,36.7,0.597,0
2422,John Salmons,2013,108.0,-0.6,0.7,0.3,0.047,30.0,0.342,0
202322,John Wall,2013,101.2,1.6,1.3,0.8,0.061,32.7,0.49,0
202348,Jordan Crawford,2013,100.8,-4.9,0.6,0.1,0.06,24.4,0.329,0
101181,Jose Calderon,2013,108.3,-6.5,0.8,0.1,0.043,29.6,0.315,0
2746,Josh Smith,2013,102.8,1.8,1.2,1.8,0.121,35.3,0.526,0
201950,Jrue Holiday,2013,103.1,-2.4,1.6,0.4,0.056,37.5,0.436,0
202689,Kemba Walker,2013,109.0,-8.7,2.0,0.4,0.05,34.9,0.256,0
2570,Kendrick Perkins,2013,99.6,10.9,0.6,1.1,0.121,25.1,0.744,0
202702,Kenneth Faried,2013,103.6,5.7,1.0,1.0,0.164,28.1,0.688,0
201142,Kevin Durant,2013,100.9,12.2,1.4,1.3,0.106,38.5,0.741,0
708,Kevin Garnett,2013,96.4,2.8,1.1,0.9,0.14,29.7,0.529,0
2755,Kevin Martin,2013,102.2,10.7,0.9,0.1,0.044,27.7,0.74,0
2550,Kirk Hinrich,2013,100.1,3.3,1.1,0.4,0.045,29.4,0.633,0
202691,Klay Thompson,2013,104.2,1.8,1.0,0.5,0.051,35.8,0.573,0
977,Kobe Bryant,2013,106.6,1.9,1.4,0.3,0.071,38.6,0.538,0
2594,Kyle Korver,2013,101.9,4.1,0.9,0.5,0.067,30.5,0.554,0
200768,Kyle Lowry,2013,105.0,1.1,1.4,0.4,0.082,29.7,0.397,0
202713,Kyle Singler,2013,105.5,-4.1,0.7,0.5,0.074,28.0,0.354,0
202681,Kyrie Irving,2013,108.7,-4.6,1.5,0.4,0.053,34.7,0.322,0
200746,LaMarcus Aldridge,2013,106.8,-0.7,0.8,1.2,0.124,37.7,0.432,0
202362,Lance Stephenson,2013,98.9,8.2,1.0,0.2,0.067,29.2,0.59,0
202336,Larry Sanders,2013,100.2,1.5,0.7,2.8,0.162,27.3,0.479,0
2544,LeBron James,2013,101.9,12.3,1.7,0.9,0.115,37.9,0.803,0
2449,Luis Scola,2013,105.6,-4.8,0.8,0.4,0.126,26.6,0.305,0
2557,Luke Ridnour,2013,104.3,-3.1,1.0,0.2,0.043,30.2,0.378,0
2736,Luol Deng,2013,101.9,0.0,1.1,0.4,0.083,38.7,0.56,0
201188,Marc Gasol,2013,96.3,8.2,1.0,1.7,0.117,35.0,0.688,1
101162,Marcin Gortat,2013,105.7,-5.4,0.7,1.6,0.14,30.8,0.344,0
201158,Marco Belinelli,2013,103.0,-1.7,0.6,0.1,0.038,25.8,0.548,0
201977,Marcus Thornton,2013,111.2,-8.3,0.8,0.1,0.053,24.0,0.361,0
201596,Mario Chalmers,2013,100.2,13.7,1.5,0.2,0.046,26.9,0.805,0
101110,Martell Webster,2013,100.8,-0.4,0.6,0.2,0.067,28.9,0.368,0
2440,Matt Barnes,2013,99.1,7.4,1.0,0.8,0.09,25.7,0.688,0
203090,Maurice Harkless,2013,108.0,-11.6,1.2,0.8,0.084,26.0,0.237,0
1897,Metta World Peace,2013,103.7,4.2,1.6,0.6,0.072,33.7,0.533,0
101126,Nate Robinson,2013,102.5,0.6,1.0,0.1,0.044,25.4,0.549,0
201587,Nicolas Batum,2013,107.8,-2.4,1.2,1.1,0.075,38.4,0.438,0
201593,Nikola Pekovic,2013,104.3,-0.5,0.7,0.8,0.142,31.6,0.419,0
202696,Nikola Vučević,2013,107.9,-8.3,0.8,1.0,0.182,33.2,0.247,0
201564,O.J. Mayo,2013,105.5,-1.6,1.1,0.3,0.051,35.5,0.5,0
201600,Omer Asik,2013,102.3,6.4,0.6,1.1,0.195,30.0,0.549,0
200782,P.J. Tucker,2013,104.4,-3.9,0.8,0.2,0.092,24.2,0.316,0
202335,Patrick Patterson,2013,107.7,1.4,0.4,0.6,0.096,25.0,0.437,0
2200,Pau Gasol,2013,103.7,2.9,0.5,1.2,0.126,33.8,0.551,0
202331,Paul George,2013,98.1,6.4,1.8,0.6,0.101,37.6,0.608,0
200794,Paul Millsap,2013,105.9,0.3,1.3,1.0,0.124,30.4,0.526,0
1718,Paul Pierce,2013,101.3,2.6,1.1,0.4,0.099,33.4,0.532,0
201196,Ramon Sessions,2013,110.4,-12.0,0.8,0.1,0.05,27.1,0.213,0
200751,Randy Foye,2013,106.4,-2.2,0.8,0.3,0.03,27.4,0.524,0
951,Ray Allen,2013,104.8,3.8,0.8,0.2,0.057,25.8,0.797,0
101109,Raymond Felton,2013,106.3,5.9,1.4,0.2,0.044,34.0,0.691,0
2501,Reggie Evans,2013,102.8,3.8,0.9,0.2,0.237,24.6,0.6,0
201937,Ricky Rubio,2013,103.1,-1.8,2.4,0.1,0.071,29.7,0.316,0
201577,Robin Lopez,2013,106.8,-3.1,0.4,1.6,0.115,26.0,0.329,0
201155,Rodney Stuckey,2013,108.1,-7.2,0.7,0.2,0.05,28.6,0.316,0
201579,Roy Hibbert,2013,97.3,8.7,0.5,2.6,0.142,28.7,0.62,0
200752,Rudy Gay,2013,99.9,4.2,1.5,0.7,0.089,35.8,0.613,0
201566,Russell Westbrook,2013,101.2,11.2,1.8,0.3,0.076,34.9,0.732,0
201583,Ryan Anderson,2013,110.0,-5.4,0.5,0.4,0.109,30.9,0.333,0
201586,Serge Ibaka,2013,100.2,10.6,0.4,3.0,0.126,31.1,0.725,0
2203,Shane Battier,2013,101.5,9.8,0.6,0.8,0.049,24.8,0.819,0
1890,Shawn Marion,2013,104.7,-3.6,1.1,0.7,0.132,30.0,0.478,0
201150,Spencer Hawes,2013,103.6,-3.8,0.3,1.4,0.13,27.2,0.415,0
201939,Stephen Curry,2013,104.7,2.3,1.6,0.2,0.052,38.2,0.577,0
2581,Steve Blake,2013,103.1,1.5,0.8,0.1,0.055,26.1,0.644,0
959,Steve Nash,2013,106.5,0.4,0.6,0.1,0.043,32.5,0.52,0
2419,Tayshaun Prince,2013,101.5,2.3,0.6,0.3,0.071,32.1,0.537,0
200757,Thabo Sefolosha,2013,98.0,12.2,1.3,0.5,0.072,27.5,0.728,0
201152,Thaddeus Young,2013,103.1,-0.2,1.8,0.7,0.11,34.6,0.434,0
201168,Tiago Splitter,2013,96.2,9.6,0.8,0.8,0.133,24.7,0.716,0
1495,Tim Duncan,2013,97.8,10.3,0.7,2.7,0.17,30.1,0.725,0
2754,Tony Allen,2013,95.4,6.7,1.5,0.6,0.09,26.7,0.684,0
2225,Tony Parker,2013,98.6,10.2,0.8,0.1,0.048,32.9,0.712,0
2772,Trevor Ariza,2013,99.2,-0.8,1.3,0.4,0.088,26.3,0.446,0
202684,Tristan Thompson,2013,107.6,-4.6,0.7,0.9,0.153,31.3,0.293,0
201951,Ty Lawson,2013,104.9,5.3,1.5,0.1,0.039,34.4,0.671,0
201936,Tyreke Evans,2013,109.6,-5.1,1.4,0.4,0.073,31.0,0.308,0
2199,Tyson Chandler,2013,105.1,6.1,0.6,1.1,0.17,32.8,0.636,0
1713,Vince Carter,2013,101.3,5.4,0.9,0.5,0.079,25.8,0.506,0
202083,Wesley Matthews,2013,108.8,-2.1,1.3,0.3,0.041,34.8,0.406,0
201163,Wilson Chandler,2013,100.9,8.5,1.0,0.3,0.099,25.1,0.767,0
2216,Zach Randolph,2013,98.3,5.7,0.8,0.4,0.171,34.3,0.671,0
2744,Al Jefferson,2014,103.1,0.5,0.9,1.1,0.156,35.0,0.521,0
202329,Al-Farouq Aminu,2014,108.8,-5.4,1.0,0.5,0.125,25.6,0.413,0
202692,Alec Burks,2014,108.1,-6.6,0.9,0.2,0.06,28.1,0.308,0
101161,Amir Johnson,2014,103.4,4.3,0.7,1.1,0.117,28.8,0.558,0
2760,Anderson Varejao,2014,103.2,1.7,1.1,0.6,0.174,27.7,0.385,0
203083,Andre Drummond,2014,109.4,-4.2,1.2,1.6,0.202,32.3,0.358,0
202340,Avery Bradley,2014,104.2,-2.1,1.1,0.2,0.061,30.9,0.317,0
203463,Ben McLemore,2014,108.1,-4.5,0.5,0.2,0.054,26.7,0.341,0
201933,Blake Griffin,2014,103.1,9.8,1.2,0.6,0.133,35.8,0.7,0
2564,Boris Diaw,2014,101.3,8.3,0.6,0.4,0.085,25.0,0.759,0
203078,Bradley Beal,2014,102.7,2.0,1.0,0.2,0.056,34.7,0.548,0
101138,Brandon Bass,2014,107.1,-7.8,0.4,0.9,0.106,27.6,0.305,0
201943,Brandon Jennings,2014,108.9,-3.1,1.3,0.1,0.043,34.1,0.35,0
202688,Brandon Knight,2014,111.3,-8.6,1.0,0.2,0.054,33.3,0.181,0
2430,Carlos Boozer,2014,100.8,-1.0,0.7,0.3,0.149,28.2,0.566,0
2546,Carmelo Anthony,2014,107.1,1.3,1.2,0.7,0.108,38.7,0.455,0
2406,Caron Butler,2014,107.8,-5.3,0.8,0.3,0.082,25.3,0.375,0
202718,Chandler Parsons,2014,105.8,5.4,1.2,0.4,0.074,37.6,0.676,0
2547,Chris Bosh,2014,102.0,8.9,1.0,1.0,0.115,32.0,0.671,0
101108,Chris Paul,2014,101.9,11.3,2.5,0.1,0.061,35.0,0.71,0
201584,Courtney Lee,2014,101.0,1.3,0.8,0.4,0.049,25.0,0.595,0
201571,D.J. Augustin,2014,101.1,1.4,0.7,0.0,0.034,27.3,0.62,0
203081,Damian Lillard,2014,105.5,6.0,0.8,0.3,0.047,35.8,0.659,0
201980,Danny Green,2014,96.5,9.9,1.0,0.9,0.069,24.3,0.794,0
201954,Darren Collison,2014,103.9,5.3,1.2,0.2,0.045,25.9,0.7,0
101135,David Lee,2014,99.4,10.0,0.7,0.4,0.139,33.2,0.609,0
2561,David West,2014,97.6,8.1,0.8,0.9,0.108,30.9,0.675,0
201599,DeAndre Jordan,2014,104.3,8.7,1.0,2.5,0.193,35.0,0.695,0
201942,DeMar DeRozan,2014,104.6,3.1,1.1,0.4,0.058,38.2,0.57,0
202326,DeMarcus Cousins,2014,106.0,-0.7,1.5,1.3,0.185,32.4,0.394,0
201960,DeMarre Carroll,2014,103.2,2.2,1.5,0.3,0.088,32.1,0.507,0
101114,Deron Williams,2014,104.6,4.4,1.5,0.2,0.044,32.2,0.578,0
202324,Derrick Favors,2014,110.8,-8.2,1.0,1.5,0.151,30.2,0.342,0
203079,Dion Waiters,2014,104.6,-1.9,0.9,0.2,0.046,29.6,0.4,0
1717,Dirk Nowitzki,2014,103.9,5.5,0.9,0.6,0.1,32.9,0.6,0
2730,Dwight Howard,2014,104.3,7.0,0.8,1.8,0.18,33.8,0.676,0
2548,Dwyane Wade,2014,103.0,4.3,1.5,0.5,0.076,32.9,0.667,0
202683,Enes Freedom,2014,112.0,-12.2,0.4,0.5,0.146,26.7,0.288,0
202339,Eric Bledsoe,2014,101.5,4.3,1.6,0.3,0.071,32.9,0.651,0
201569,Eric Gordon,2014,111.5,-6.4,1.2,0.2,0.042,32.1,0.406,0
101141,Ersan Ilyasova,2014,107.3,-8.1,0.8,0.1,0.115,26.9,0.182,0
202323,Evan Turner,2014,106.9,-7.4,0.8,0.1,0.079,30.3,0.358,0
201588,George Hill,2014,98.0,6.6,1.0,0.3,0.058,32.0,0.658,0
101123,Gerald Green,2014,106.8,1.1,0.9,0.5,0.06,28.4,0.585,0
201945,Gerald Henderson,2014,103.4,-1.3,0.7,0.4,0.063,32.0,0.519,0
2222,Gerald Wallace,2014,104.4,-5.8,1.3,0.2,0.076,24.4,0.328,0
203507,Giannis Antetokounmpo,2014,108.3,-4.5,0.8,0.8,0.091,24.6,0.182,0
201175,Glen Davis,2014,105.0,-5.0,0.9,0.4,0.106,24.4,0.441,0
201609,Goran Dragic,2014,105.5,5.6,1.4,0.3,0.046,35.1,0.592,0
202330,Gordon Hayward,2014,110.2,-7.4,1.4,0.5,0.073,36.4,0.299,0
202328,Greg Monroe,2014,108.3,-2.7,1.1,0.6,0.138,32.8,0.354,0
203084,Harrison Barnes,2014,101.9,-0.8,0.8,0.3,0.069,28.3,0.615,0
201147,Corey Brewer,2010,110.6,-10.2,1.4,0.4,0.057,30.3,0.183,0
202697,Iman Shumpert,2014,102.6,4.6,1.2,0.2,0.082,26.5,0.486,0
202738,Isaiah Thomas,2014,106.1,0.7,1.3,0.1,0.042,34.7,0.361,0
201581,JJ Hickson,2014,107.1,-4.4,0.7,0.7,0.161,26.9,0.449,0
2747,JR Smith,2014,108.1,-0.6,0.9,0.3,0.064,32.7,0.459,0
2037,Jamal Crawford,2014,104.1,5.9,0.9,0.2,0.037,30.4,0.681,0
2749,Jameer Nelson,2014,109.6,-6.8,0.8,0.1,0.054,32.0,0.309,0
202341,James Anderson,2014,108.1,-10.7,0.9,0.4,0.062,28.9,0.238,0
201935,James Harden,2014,104.9,7.2,1.6,0.4,0.06,38.0,0.658,0
203096,Jared Sullinger,2014,103.5,-0.8,0.5,0.7,0.146,27.6,0.311,0
101127,Jarrett Jack,2014,106.4,-5.6,0.7,0.3,0.049,28.2,0.4,0
201574,Jason Thompson,2014,105.6,0.4,0.4,0.7,0.133,24.5,0.341,0
201145,Jeff Green,2014,106.4,-6.1,0.7,0.6,0.067,34.2,0.305,0
201952,Jeff Teague,2014,103.4,1.3,1.1,0.2,0.042,32.2,0.468,0
202391,Jeremy Lin,2014,103.2,3.9,1.0,0.4,0.044,28.9,0.676,0
202685,Jonas Valančiūnas,2014,105.1,2.5,0.3,0.9,0.163,28.2,0.58,0
101181,Jose Calderon,2014,108.9,-0.5,0.9,0.1,0.041,30.5,0.605,0
201177,Josh McRoberts,2014,103.2,1.3,0.7,0.6,0.081,30.3,0.5,0
2746,Josh Smith,2014,108.4,-3.6,1.4,1.4,0.092,35.5,0.364,0
202695,Kawhi Leonard,2014,98.1,9.9,1.7,0.8,0.108,29.1,0.818,0
202689,Kemba Walker,2014,100.9,2.6,1.2,0.4,0.057,35.8,0.521,0
203088,Kendall Marshall,2014,109.1,-5.0,0.9,0.1,0.048,29.0,0.259,0
202702,Kenneth Faried,2014,109.7,-3.2,0.9,0.9,0.152,27.2,0.45,0
201142,Kevin Durant,2014,103.3,8.1,1.3,0.7,0.096,38.5,0.716,0
201567,Kevin Love,2014,104.6,5.9,0.8,0.5,0.168,36.3,0.506,0
2755,Kevin Martin,2014,105.8,3.6,1.0,0.1,0.046,32.0,0.471,0
203114,Khris Middleton,2014,109.7,-7.5,1.0,0.2,0.064,30.0,0.183,0
2550,Kirk Hinrich,2014,97.6,3.8,1.1,0.4,0.046,29.0,0.616,0
202691,Klay Thompson,2014,100.3,9.1,0.9,0.5,0.043,35.4,0.63,0
2594,Kyle Korver,2014,103.0,3.2,1.0,0.3,0.06,33.9,0.521,0
200768,Kyle Lowry,2014,104.3,4.5,1.5,0.2,0.065,36.2,0.57,0
202713,Kyle Singler,2014,108.2,-4.7,0.7,0.5,0.062,28.5,0.354,0
202681,Kyrie Irving,2014,108.6,-4.9,1.5,0.3,0.051,35.2,0.394,0
200746,LaMarcus Aldridge,2014,104.6,7.5,0.9,1.0,0.148,36.2,0.667,0
202362,Lance Stephenson,2014,99.0,5.2,0.7,0.1,0.102,35.3,0.679,0
2544,LeBron James,2014,105.1,6.9,1.6,0.3,0.104,37.7,0.675,0
101150,Lou Williams,2014,109.9,-6.1,0.8,0.1,0.045,24.1,0.433,0
2736,Luol Deng,2014,103.8,0.0,1.0,0.1,0.08,35.1,0.46,0
201188,Marc Gasol,2014,103.3,0.0,1.0,1.3,0.116,33.4,0.678,0
101162,Marcin Gortat,2014,100.4,5.5,0.5,1.5,0.147,32.8,0.543,0
201158,Marco Belinelli,2014,102.9,7.1,0.6,0.1,0.058,25.2,0.763,0
201977,Marcus Thornton,2014,105.3,-0.3,0.8,0.2,0.058,24.2,0.458,0
201596,Mario Chalmers,2014,104.2,6.7,1.6,0.2,0.055,29.8,0.671,0
202693,Markieff Morris,2014,103.6,3.4,0.8,0.6,0.113,26.6,0.58,0
101110,Martell Webster,2014,104.8,-0.4,0.5,0.2,0.054,27.7,0.538,0
101107,Marvin Williams,2014,110.6,-5.7,0.8,0.5,0.104,25.4,0.364,0
2440,Matt Barnes,2014,103.9,10.4,0.9,0.4,0.083,27.5,0.714,0
203090,Maurice Harkless,2014,107.2,-7.4,1.2,0.6,0.069,24.4,0.275,0
203487,Michael Carter-Williams,2014,109.1,-8.2,1.9,0.6,0.087,34.5,0.257,0
203077,Michael Kidd-Gilchrist,2014,100.6,1.4,0.7,0.6,0.109,24.2,0.565,0
201144,Mike Conley,2014,104.1,3.0,1.5,0.2,0.046,33.5,0.63,0
2399,Mike Dunleavy,2014,98.6,3.0,0.8,0.6,0.068,31.5,0.585,0
203101,Miles Plumlee,2014,104.3,1.3,0.6,1.1,0.159,24.5,0.588,0
2590,Mo Williams,2014,105.7,2.5,0.7,0.1,0.04,24.8,0.662,0
101145,Monta Ellis,2014,108.2,0.6,1.7,0.3,0.051,36.9,0.598,0
2403,Nene,2014,99.7,3.4,1.2,0.9,0.098,29.4,0.566,0
201156,Nick Young,2014,107.6,-2.1,0.7,0.2,0.044,28.3,0.328,0
201587,Nicolas Batum,2014,105.7,5.4,0.9,0.7,0.1,36.0,0.659,0
201593,Nikola Pekovic,2014,102.9,7.7,0.6,0.4,0.139,30.8,0.5,0
202696,Nikola Vučević,2014,106.7,-5.1,1.1,0.8,0.174,31.8,0.333,0
202708,Norris Cole,2014,103.4,2.9,0.9,0.1,0.045,24.6,0.659,0
201564,O.J. Mayo,2014,108.2,-12.9,0.5,0.3,0.046,25.9,0.192,0
200782,P.J. Tucker,2014,105.9,2.4,1.4,0.3,0.105,30.7,0.593,0
201166,Aaron Brooks,2010,106.4,0.2,0.8,0.2,0.037,35.6,0.512,0
201976,Patrick Beverley,2014,104.0,8.3,1.4,0.4,0.056,31.3,0.696,0
2200,Pau Gasol,2014,110.8,-8.6,0.5,1.5,0.148,31.4,0.35,0
202331,Paul George,2014,98.0,6.5,1.9,0.3,0.093,36.2,0.675,0
200794,Paul Millsap,2014,103.3,1.9,1.7,1.1,0.129,33.5,0.486,0
1718,Paul Pierce,2014,102.5,1.5,1.1,0.4,0.09,28.0,0.56,0
201196,Ramon Sessions,2014,105.6,-3.6,0.6,0.1,0.046,26.7,0.361,0
200751,Randy Foye,2014,108.0,-2.6,0.8,0.5,0.044,30.7,0.444,0
951,Ray Allen,2014,104.8,3.7,0.7,0.1,0.059,26.5,0.644,0
101109,Raymond Felton,2014,107.8,0.3,1.2,0.4,0.051,31.0,0.477,0
202704,Reggie Jackson,2014,101.6,7.4,1.1,0.1,0.068,28.5,0.713,0
2210,Richard Jefferson,2014,110.9,-9.9,0.7,0.2,0.052,27.0,0.305,0
201937,Ricky Rubio,2014,104.4,6.6,2.3,0.1,0.065,32.2,0.488,0
201577,Robin Lopez,2014,104.6,6.0,0.3,1.7,0.13,31.8,0.659,0
201155,Rodney Stuckey,2014,109.5,-4.4,0.7,0.1,0.042,26.7,0.37,0
201579,Roy Hibbert,2014,97.5,7.8,0.4,2.2,0.111,29.7,0.679,0
200752,Rudy Gay,2014,106.8,-1.1,1.3,0.8,0.089,34.7,0.37,0
201566,Russell Westbrook,2014,104.6,7.5,1.9,0.2,0.092,30.7,0.739,0
201586,Serge Ibaka,2014,102.5,7.3,0.5,2.7,0.133,32.9,0.728,0
2733,Shaun Livingston,2014,104.1,1.6,1.2,0.4,0.068,26.0,0.553,0
1890,Shawn Marion,2014,109.2,-2.4,1.2,0.5,0.107,31.7,0.579,0
201150,Spencer Hawes,2014,110.2,-9.6,0.6,1.2,0.128,30.9,0.325,0
201939,Stephen Curry,2014,101.0,9.6,1.6,0.2,0.058,36.5,0.641,0
2581,Steve Blake,2014,104.4,-5.2,1.0,0.1,0.051,27.2,0.564,0
201959,Taj Gibson,2014,98.1,3.6,0.5,1.4,0.118,28.7,0.585,0
2419,Tayshaun Prince,2014,101.8,1.5,0.5,0.3,0.063,25.6,0.605,0
203093,Terrence Jones,2014,107.3,2.6,0.7,1.3,0.127,27.3,0.671,0
203082,Terrence Ross,2014,105.2,3.0,0.8,0.3,0.06,26.7,0.58,0
200757,Thabo Sefolosha,2014,101.9,3.9,1.3,0.3,0.07,26.0,0.721,0
201152,Thaddeus Young,2014,110.1,-10.9,2.1,0.5,0.084,34.4,0.228,0
202699,Tobias Harris,2014,107.7,-6.3,0.7,0.4,0.115,30.3,0.262,0
2225,Tony Parker,2014,101.3,6.8,0.5,0.1,0.04,29.4,0.75,0
203100,Tony Wroten,2014,108.2,-11.6,1.1,0.2,0.061,24.5,0.25,0
2772,Trevor Ariza,2014,102.1,3.5,1.6,0.3,0.089,35.4,0.532,0
203504,Trey Burke,2014,111.2,-5.9,0.6,0.1,0.048,32.3,0.343,0
202684,Tristan Thompson,2014,108.7,-5.0,0.5,0.4,0.144,31.6,0.402,0
201951,Ty Lawson,2014,108.9,-1.2,1.6,0.2,0.046,35.8,0.468,0
201936,Tyreke Evans,2014,109.8,-5.6,1.2,0.3,0.087,28.2,0.444,0
2199,Tyson Chandler,2014,107.5,0.8,0.7,1.1,0.167,30.2,0.436,0
203506,Victor Oladipo,2014,104.1,-5.6,1.6,0.5,0.066,31.1,0.288,0
1713,Vince Carter,2014,102.5,3.6,0.8,0.4,0.073,24.4,0.605,0
202325,Wesley Johnson,2014,108.8,-7.1,1.1,1.0,0.074,28.4,0.342,0
202083,Wesley Matthews,2014,105.7,5.4,0.9,0.2,0.05,33.9,0.659,0
201163,Wilson Chandler,2014,108.9,-4.5,0.7,0.5,0.073,31.1,0.435,0
2216,Zach Randolph,2014,103.6,3.0,0.7,0.3,0.156,34.2,0.62,0
2585,Zaza Pachulia,2014,108.9,-6.4,0.8,0.3,0.133,25.0,0.189,0
1894,Corey Maggette,2010,112.4,-6.0,0.7,0.1,0.092,29.7,0.3,0
201584,Courtney Lee,2010,110.3,-8.7,1.3,0.3,0.056,33.5,0.155,0
201143,Al Horford,2015,100.8,6.7,0.9,1.3,0.12,30.5,0.737,0
1495,Tim Duncan,2014,101.5,6.7,0.6,1.9,0.171,29.2,0.757,0
2744,Al Jefferson,2015,103.2,-3.4,0.7,1.3,0.137,30.6,0.385,0
101161,Amir Johnson,2015,105.8,1.8,0.6,0.8,0.115,26.4,0.587,0
203083,Andre Drummond,2015,105.5,-0.6,0.9,1.9,0.215,30.5,0.39,0
2738,Andre Iguodala,2015,98.0,10.5,1.2,0.3,0.06,26.9,0.831,0
203952,Andrew Wiggins,2015,111.3,-9.7,1.0,0.6,0.064,36.2,0.195,0
203076,Anthony Davis,2015,103.8,6.1,1.5,2.9,0.144,36.1,0.574,0
201627,Anthony Morrow,2015,101.8,5.1,0.7,0.1,0.051,24.4,0.568,0
201167,Arron Afflalo,2015,106.4,-0.2,0.5,0.1,0.048,32.1,0.449,0
202340,Avery Bradley,2015,102.8,-1.1,1.1,0.2,0.048,31.5,0.481,0
203463,Ben McLemore,2015,105.4,-0.6,0.9,0.2,0.045,32.6,0.354,0
201933,Blake Griffin,2015,104.7,12.2,0.9,0.5,0.11,35.2,0.701,0
2564,Boris Diaw,2015,98.9,7.4,0.4,0.3,0.09,24.5,0.679,0
203078,Bradley Beal,2015,101.1,4.5,1.2,0.3,0.058,33.5,0.587,0
201943,Brandon Jennings,2015,104.2,0.8,1.1,0.1,0.042,28.6,0.415,0
202688,Brandon Knight,2015,102.6,-1.7,1.4,0.2,0.059,32.3,0.524,0
201572,Brook Lopez,2015,106.3,-3.2,0.6,1.8,0.127,29.2,0.472,0
201228,C.J. Watson,2015,102.1,-1.2,1.0,0.2,0.056,24.9,0.439,0
101139,CJ Miles,2015,99.3,3.8,0.9,0.4,0.056,26.3,0.443,0
2546,Carmelo Anthony,2015,111.0,-4.5,1.0,0.4,0.095,35.7,0.25,0
202718,Chandler Parsons,2015,105.0,4.0,1.0,0.3,0.074,33.1,0.621,0
101112,Channing Frye,2015,107.2,-6.9,0.6,0.5,0.081,24.9,0.307,0
2547,Chris Bosh,2015,105.8,-4.1,0.9,0.6,0.106,35.4,0.432,0
101108,Chris Paul,2015,104.0,12.7,1.9,0.2,0.066,34.8,0.683,0
203469,Cody Zeller,2015,100.0,1.2,0.5,0.8,0.119,24.0,0.435,0
201147,Corey Brewer,2015,103.6,-0.5,1.4,0.2,0.068,26.1,0.525,0
201584,Courtney Lee,2015,103.2,2.2,1.0,0.2,0.039,30.6,0.662,0
203081,Damian Lillard,2015,103.6,5.3,1.2,0.3,0.063,35.7,0.622,0
201568,Danilo Gallinari,2015,104.3,1.2,0.8,0.3,0.073,24.2,0.39,0
201980,Danny Green,2015,99.0,9.8,1.2,1.1,0.075,28.5,0.679,0
201967,Dante Cunningham,2015,104.5,-0.4,0.7,0.6,0.08,25.0,0.561,0
201954,Darren Collison,2015,105.7,0.8,1.5,0.3,0.046,34.8,0.356,0
2561,David West,2015,103.1,-1.2,0.7,0.7,0.115,28.7,0.485,0
201599,DeAndre Jordan,2015,104.5,11.7,1.0,2.2,0.218,34.4,0.683,0
201942,DeMar DeRozan,2015,105.6,2.7,1.2,0.2,0.067,35.0,0.617,0
202326,DeMarcus Cousins,2015,104.2,1.1,1.5,1.7,0.186,34.1,0.39,0
201960,DeMarre Carroll,2015,102.9,5.6,1.3,0.2,0.088,31.3,0.757,0
101114,Deron Williams,2015,105.3,0.2,0.9,0.3,0.056,31.1,0.5,0
202324,Derrick Favors,2015,103.4,1.5,0.8,1.7,0.138,30.8,0.446,0
201565,Derrick Rose,2015,102.2,3.7,0.7,0.3,0.05,30.0,0.647,0
203079,Dion Waiters,2015,104.3,1.7,1.1,0.3,0.041,27.6,0.575,0
1717,Dirk Nowitzki,2015,103.5,4.4,0.5,0.4,0.102,29.6,0.61,0
202700,Donatas Motiejunas,2015,102.4,2.7,0.8,0.5,0.102,28.7,0.676,0
203110,Draymond Green,2015,97.3,15.8,1.6,1.3,0.124,31.5,0.81,0
2730,Dwight Howard,2015,97.5,9.3,0.7,1.3,0.177,29.8,0.707,0
203901,Elfrid Payton,2015,105.7,-3.4,1.7,0.2,0.07,30.3,0.305,0
202683,Enes Freedom,2015,109.1,-0.7,0.5,0.4,0.159,28.5,0.427,0
202339,Eric Bledsoe,2015,103.9,0.7,1.6,0.6,0.074,34.6,0.481,0
201569,Eric Gordon,2015,105.6,1.8,0.8,0.2,0.04,33.1,0.574,0
202323,Evan Turner,2015,103.7,-1.8,1.0,0.2,0.089,27.6,0.488,0
201588,George Hill,2015,101.4,6.2,1.0,0.3,0.07,29.5,0.605,0
201945,Gerald Henderson,2015,100.6,-0.4,0.6,0.3,0.058,28.9,0.4,0
203507,Giannis Antetokounmpo,2015,101.1,0.6,0.9,1.0,0.11,31.4,0.506,0
201609,Goran Dragic,2015,105.7,-0.1,1.0,0.2,0.052,33.8,0.526,0
202330,Gordon Hayward,2015,103.9,1.9,1.4,0.4,0.072,34.4,0.461,0
203476,Gorgui Dieng,2015,109.0,-8.4,1.0,1.7,0.142,30.0,0.219,0
202328,Greg Monroe,2015,103.7,-0.7,1.1,0.5,0.16,31.0,0.362,0
202349,Greivis Vasquez,2015,105.5,1.6,0.6,0.1,0.055,24.3,0.598,0
203084,Harrison Barnes,2015,98.4,11.6,0.7,0.2,0.094,28.3,0.817,0
203138,Hollis Thompson,2015,103.3,-9.6,0.8,0.4,0.053,25.0,0.183,0
202697,Iman Shumpert,2015,103.2,2.6,1.3,0.3,0.073,24.9,0.548,0
202738,Isaiah Thomas,2015,104.0,4.8,0.9,0.1,0.043,25.8,0.597,0
200755,JJ Redick,2015,102.4,12.3,0.5,0.1,0.035,30.9,0.705,0
2747,JR Smith,2015,105.0,3.6,1.2,0.3,0.053,29.7,0.543,0
2037,Jamal Crawford,2015,106.3,1.6,0.9,0.2,0.036,26.6,0.688,0
201935,James Harden,2015,103.5,5.7,1.9,0.7,0.075,36.8,0.691,0
203096,Jared Sullinger,2015,103.2,-1.3,0.8,0.7,0.137,27.0,0.448,0
101127,Jarrett Jack,2015,106.9,-7.5,0.9,0.2,0.054,28.0,0.45,0
201574,Jason Thompson,2015,107.5,-4.4,0.4,0.7,0.135,24.6,0.358,0
201145,Jeff Green,2015,104.4,-3.1,0.7,0.4,0.067,31.5,0.526,0
201952,Jeff Teague,2015,101.1,8.3,1.7,0.4,0.042,30.5,0.726,0
202391,Jeremy Lin,2015,108.7,-6.6,1.1,0.4,0.051,25.8,0.257,0
202710,Jimmy Butler III,2015,102.7,4.6,1.8,0.6,0.073,38.7,0.615,0
201149,Joakim Noah,2015,102.3,2.0,0.7,1.1,0.153,30.6,0.582,0
201975,Jodie Meeks,2015,105.5,-4.3,1.0,0.1,0.034,24.4,0.483,0
2207,Joe Johnson,2015,107.0,-2.5,0.7,0.2,0.071,34.9,0.475,0
202685,Jonas Valančiūnas,2015,106.9,-0.7,0.4,1.2,0.168,26.2,0.588,0
203903,Jordan Clarkson,2015,109.1,-8.3,0.9,0.2,0.065,25.0,0.186,0
201941,Jordan Hill,2015,110.0,-10.7,0.5,0.7,0.144,26.8,0.271,0
101181,Jose Calderon,2015,111.7,-13.6,0.7,0.0,0.05,30.2,0.167,0
2746,Josh Smith,2015,102.0,0.7,1.0,1.4,0.107,27.7,0.494,0
201950,Jrue Holiday,2015,105.9,4.0,1.6,0.6,0.053,32.6,0.5,0
202695,Kawhi Leonard,2015,98.3,11.4,2.3,0.8,0.115,31.8,0.719,1
202689,Kemba Walker,2015,104.2,-4.7,1.4,0.5,0.05,34.2,0.339,0
202702,Kenneth Faried,2015,107.8,-0.6,0.8,0.8,0.156,27.8,0.4,0
203484,Kentavious Caldwell-Pope,2015,104.8,1.4,1.1,0.2,0.048,31.5,0.39,0
201567,Kevin Love,2015,103.6,7.5,0.7,0.5,0.148,33.8,0.667,0
203114,Khris Middleton,2015,96.7,7.2,1.5,0.1,0.073,30.1,0.506,0
2550,Kirk Hinrich,2015,102.0,1.4,0.7,0.2,0.036,24.4,0.561,0
202691,Klay Thompson,2015,98.9,15.2,1.1,0.8,0.049,31.9,0.831,0
2594,Kyle Korver,2015,99.3,12.3,0.7,0.6,0.065,32.2,0.773,0
200768,Kyle Lowry,2015,105.4,4.1,1.6,0.2,0.068,34.5,0.614,0
202681,Kyrie Irving,2015,104.8,7.7,1.5,0.3,0.044,36.4,0.693,0
200746,LaMarcus Aldridge,2015,103.4,6.6,0.7,1.0,0.14,35.4,0.676,0
202362,Lance Stephenson,2015,102.5,-6.9,0.6,0.1,0.085,25.8,0.377,0
202498,Lance Thomas,2015,107.0,-11.1,0.6,0.1,0.065,24.0,0.323,0
204038,Langston Galloway,2015,106.6,-9.4,1.2,0.3,0.065,32.4,0.267,0
2544,LeBron James,2015,102.8,10.9,1.6,0.7,0.086,36.1,0.725,0
101150,Lou Williams,2015,105.3,6.6,1.1,0.1,0.038,25.2,0.6,0
201601,Luc Mbah a Moute,2015,101.3,-9.5,1.2,0.3,0.082,28.6,0.239,0
2736,Luol Deng,2015,107.0,-0.7,0.9,0.3,0.082,33.6,0.458,0
201188,Marc Gasol,2015,102.7,3.9,0.9,1.6,0.123,33.2,0.679,0
101162,Marcin Gortat,2015,99.1,5.1,0.6,1.3,0.145,29.9,0.561,0
202694,Marcus Morris Sr.,2015,106.0,-1.3,0.8,0.2,0.092,25.2,0.481,0
203935,Marcus Smart,2015,101.4,3.4,1.5,0.3,0.06,27.0,0.522,0
201596,Mario Chalmers,2015,104.0,-3.6,1.5,0.1,0.046,29.6,0.45,0
202693,Markieff Morris,2015,102.6,2.0,1.2,0.5,0.097,31.5,0.476,0
101107,Marvin Williams,2015,102.7,-4.5,0.9,0.5,0.092,26.1,0.41,0
2440,Matt Barnes,2015,103.3,11.9,0.9,0.7,0.067,29.9,0.671,0
203487,Michael Carter-Williams,2015,99.0,-3.7,1.7,0.5,0.08,32.6,0.318,0
203077,Michael Kidd-Gilchrist,2015,97.4,3.1,0.5,0.7,0.128,28.9,0.491,0
201144,Mike Conley,2015,101.7,4.9,1.3,0.2,0.049,31.8,0.671,0
2399,Mike Dunleavy,2015,101.5,5.4,0.6,0.3,0.065,29.2,0.651,0
2590,Mo Williams,2015,105.2,-3.1,0.7,0.2,0.043,29.1,0.294,0
101145,Monta Ellis,2015,104.5,3.9,1.9,0.3,0.035,33.7,0.625,0
203457,Nerlens Noel,2015,100.9,-9.1,1.8,1.9,0.127,30.8,0.24,0
201587,Nicolas Batum,2015,104.1,4.5,1.1,0.6,0.085,33.5,0.606,0
202696,Nikola Vučević,2015,107.5,-6.1,0.7,0.7,0.164,34.2,0.284,0
202708,Norris Cole,2015,107.0,-5.3,0.8,0.2,0.045,24.4,0.493,0
201600,Omer Asik,2015,103.8,1.0,0.4,0.7,0.191,26.1,0.566,0
200782,P.J. Tucker,2015,103.8,-1.2,1.4,0.3,0.101,30.6,0.462,0
201976,Patrick Beverley,2015,103.6,2.7,1.1,0.4,0.068,30.8,0.625,0
202335,Patrick Patterson,2015,105.8,5.6,0.7,0.5,0.1,26.6,0.605,0
2200,Pau Gasol,2015,102.9,3.2,0.3,1.9,0.161,34.4,0.615,0
200794,Paul Millsap,2015,102.1,8.3,1.8,0.9,0.123,32.7,0.753,0
1718,Paul Pierce,2015,99.8,4.4,0.6,0.3,0.078,26.2,0.548,0
200765,Rajon Rondo,2015,102.6,-0.9,1.3,0.1,0.091,29.7,0.5,0
202704,Reggie Jackson,2015,103.6,2.0,0.8,0.1,0.069,29.5,0.481,0
203496,Robert Covington,2015,100.8,-3.7,1.4,0.4,0.077,27.9,0.257,0
201577,Robin Lopez,2015,103.2,4.3,0.3,1.4,0.116,27.8,0.644,0
201155,Rodney Stuckey,2015,101.5,-0.6,0.8,0.1,0.064,26.4,0.479,0
201579,Roy Hibbert,2015,102.4,-1.1,0.2,1.6,0.139,25.3,0.447,0
200752,Rudy Gay,2015,108.4,-2.4,1.0,0.6,0.084,35.4,0.368,0
203497,Rudy Gobert,2015,99.4,0.5,0.8,2.3,0.178,26.3,0.463,0
201566,Russell Westbrook,2015,106.3,4.7,2.1,0.2,0.101,34.4,0.597,0
201583,Ryan Anderson,2015,108.4,-1.1,0.5,0.3,0.088,27.5,0.541,0
201586,Serge Ibaka,2015,102.8,3.9,0.5,2.4,0.112,33.1,0.547,0
203499,Shane Larkin,2015,106.7,-10.7,1.2,0.1,0.049,24.5,0.211,0
203524,Solomon Hill,2015,104.4,-3.7,0.8,0.2,0.066,29.0,0.463,0
201939,Stephen Curry,2015,98.5,16.3,2.0,0.2,0.063,32.7,0.838,0
203500,Steven Adams,2015,103.5,1.8,0.5,1.2,0.142,25.3,0.529,0
201959,Taj Gibson,2015,103.0,1.7,0.6,1.2,0.114,27.3,0.613,0
2419,Tayshaun Prince,2015,105.0,-4.5,0.5,0.3,0.074,24.1,0.466,0
203082,Terrence Ross,2015,109.0,0.6,0.6,0.3,0.055,25.5,0.598,0
1495,Tim Duncan,2015,100.2,6.8,0.8,2.0,0.161,28.9,0.688,0
203501,Tim Hardaway Jr.,2015,108.6,-11.1,0.3,0.2,0.047,24.0,0.229,0
202389,Timofey Mozgov,2015,103.6,6.7,0.4,1.2,0.143,25.3,0.605,0
202699,Tobias Harris,2015,107.7,-6.1,1.0,0.5,0.092,34.8,0.294,0
2754,Tony Allen,2015,96.1,8.5,2.0,0.5,0.086,26.2,0.73,0
2225,Tony Parker,2015,103.1,4.7,0.6,0.0,0.035,28.7,0.706,0
2772,Trevor Ariza,2015,101.5,4.0,1.9,0.2,0.076,35.7,0.683,0
203504,Trey Burke,2015,105.3,-1.7,0.9,0.2,0.045,30.1,0.461,0
202684,Tristan Thompson,2015,104.5,5.9,0.4,0.7,0.149,26.8,0.646,0
201951,Ty Lawson,2015,107.6,-0.3,1.2,0.1,0.042,35.5,0.387,0
201936,Tyreke Evans,2015,106.0,3.2,1.3,0.5,0.078,34.0,0.544,0
2199,Tyson Chandler,2015,102.6,4.7,0.6,1.2,0.188,30.5,0.627,0
203506,Victor Oladipo,2015,107.8,-6.1,1.7,0.3,0.06,35.7,0.306,0
201961,Wayne Ellington,2015,104.2,-3.9,0.5,0.0,0.06,25.8,0.277,0
202083,Wesley Matthews,2015,99.3,6.8,1.3,0.2,0.052,33.7,0.683,0
201163,Wilson Chandler,2015,108.6,-3.9,0.7,0.4,0.093,31.7,0.359,0
203897,Zach LaVine,2015,112.4,-14.2,0.7,0.1,0.058,24.7,0.195,0
2216,Zach Randolph,2015,100.6,6.8,1.0,0.2,0.167,32.4,0.718,0
201143,Al Horford,2016,98.7,4.2,0.8,1.5,0.109,32.1,0.585,0
202329,Al-Farouq Aminu,2016,106.7,1.6,0.9,0.6,0.104,28.5,0.537,0
203459,Allen Crabbe,2016,105.5,1.0,0.8,0.2,0.049,26.0,0.531,0
203083,Andre Drummond,2016,103.6,2.4,1.5,1.4,0.217,32.9,0.531,0
2738,Andre Iguodala,2016,99.6,13.2,1.1,0.3,0.073,26.6,0.908,0
203952,Andrew Wiggins,2016,107.9,-1.3,1.0,0.6,0.053,35.1,0.358,0
203076,Anthony Davis,2016,107.8,-4.1,1.3,2.0,0.145,35.5,0.393,0
201167,Arron Afflalo,2016,107.4,-3.4,0.4,0.1,0.055,33.4,0.38,0
202340,Avery Bradley,2016,103.9,4.6,1.5,0.3,0.041,33.4,0.592,0
202711,Bojan Bogdanovic,2016,109.9,-9.2,0.4,0.1,0.061,26.8,0.266,0
203078,Bradley Beal,2016,105.0,-0.2,1.0,0.2,0.055,31.1,0.509,0
202688,Brandon Knight,2016,107.4,-5.5,1.2,0.4,0.053,36.0,0.308,0
201572,Brook Lopez,2016,105.8,-2.4,0.8,1.7,0.12,33.7,0.288,0
203468,CJ McCollum,2016,104.9,2.6,1.2,0.3,0.045,34.7,0.55,0
2546,Carmelo Anthony,2016,107.4,-0.9,0.9,0.5,0.107,35.1,0.444,0
202718,Chandler Parsons,2016,105.0,0.3,0.8,0.3,0.08,29.5,0.475,0
2547,Chris Bosh,2016,101.0,0.5,0.7,0.6,0.111,33.5,0.547,0
101108,Chris Paul,2016,101.3,11.0,2.1,0.2,0.063,32.7,0.676,0
203469,Cody Zeller,2016,103.4,5.0,0.8,0.9,0.128,24.3,0.575,0
202709,Cory Joseph,2016,100.9,6.2,0.8,0.3,0.05,25.6,0.675,0
201584,Courtney Lee,2016,104.1,3.0,1.1,0.4,0.045,29.6,0.62,0
1626156,D'Angelo Russell,2016,110.1,-11.7,1.2,0.2,0.058,28.2,0.213,0
203081,Damian Lillard,2016,107.8,1.6,0.9,0.4,0.054,35.7,0.533,0
201568,Danilo Gallinari,2016,107.8,-2.8,0.8,0.4,0.075,34.7,0.415,0
201980,Danny Green,2016,95.7,12.5,1.0,0.8,0.074,26.1,0.823,0
201967,Dante Cunningham,2016,109.3,-6.3,0.5,0.4,0.061,24.6,0.35,0
201954,Darren Collison,2016,107.5,-1.6,1.0,0.1,0.037,30.0,0.392,0
201599,DeAndre Jordan,2016,102.1,8.9,0.7,2.3,0.199,33.7,0.662,0
201942,DeMar DeRozan,2016,106.0,2.8,1.0,0.3,0.063,35.9,0.679,0
202326,DeMarcus Cousins,2016,104.9,1.3,1.6,1.4,0.162,34.6,0.446,0
101114,Deron Williams,2016,104.8,0.1,0.9,0.2,0.045,32.4,0.477,0
202324,Derrick Favors,2016,103.2,2.3,1.2,1.5,0.134,32.0,0.484,0
201565,Derrick Rose,2016,106.9,-3.8,0.7,0.2,0.05,31.8,0.485,0
1626164,Devin Booker,2016,108.7,-8.4,0.6,0.3,0.043,27.7,0.263,0
203079,Dion Waiters,2016,106.0,4.4,1.0,0.2,0.045,27.6,0.679,0
1717,Dirk Nowitzki,2016,102.7,4.2,0.7,0.7,0.103,31.5,0.507,0
203110,Draymond Green,2016,99.1,18.0,1.5,1.4,0.131,34.7,0.901,0
2730,Dwight Howard,2016,105.6,0.9,1.0,1.6,0.182,32.1,0.479,0
2548,Dwyane Wade,2016,105.5,-0.4,1.1,0.6,0.068,30.5,0.581,0
203901,Elfrid Payton,2016,105.1,-1.4,1.2,0.3,0.06,29.4,0.438,0
1626144,Emmanuel Mudiay,2016,107.9,-3.1,1.0,0.5,0.055,30.4,0.426,0
201569,Eric Gordon,2016,105.9,-2.3,1.0,0.3,0.033,32.9,0.311,0
101141,Ersan Ilyasova,2016,107.2,-4.0,0.7,0.4,0.106,25.4,0.473,0
203095,Evan Fournier,2016,107.6,-3.3,1.2,0.0,0.044,32.5,0.418,0
202323,Evan Turner,2016,100.5,2.0,1.0,0.3,0.082,28.0,0.58,0
202066,Garrett Temple,2016,101.6,0.0,0.9,0.2,0.054,24.4,0.5,0
203914,Gary Harris,2016,109.2,-4.1,1.3,0.2,0.044,32.1,0.408,0
201588,George Hill,2016,101.5,1.9,1.1,0.2,0.058,34.1,0.554,0
203507,Giannis Antetokounmpo,2016,107.9,-3.1,1.2,1.4,0.112,35.3,0.4,0
201609,Goran Dragic,2016,102.5,3.6,1.0,0.2,0.058,32.8,0.611,0
202330,Gordon Hayward,2016,103.6,1.6,1.2,0.3,0.071,36.2,0.475,0
203476,Gorgui Dieng,2016,106.5,-0.3,1.1,1.2,0.138,27.1,0.354,0
202328,Greg Monroe,2016,108.2,-2.4,0.9,0.8,0.157,29.3,0.405,0
203084,Harrison Barnes,2016,101.8,10.2,0.6,0.2,0.078,30.9,0.894,0
202355,Hassan Whiteside,2016,103.5,1.9,0.6,3.7,0.202,29.1,0.575,0
203138,Hollis Thompson,2016,107.7,-8.8,0.5,0.3,0.06,28.0,0.13,0
101133,Ian Mahinmi,2016,99.3,3.6,0.9,1.1,0.137,25.6,0.577,0
202697,Iman Shumpert,2016,100.4,7.8,1.0,0.4,0.077,24.4,0.722,0
203477,Isaiah Canaan,2016,108.2,-12.3,0.7,0.2,0.042,25.5,0.13,0
202738,Isaiah Thomas,2016,103.2,5.0,1.1,0.1,0.043,32.2,0.585,0
202397,Ish Smith,2016,108.9,-7.3,1.1,0.3,0.065,29.1,0.208,0
200755,JJ Redick,2016,100.5,11.5,0.6,0.1,0.032,28.0,0.667,0
2747,JR Smith,2016,105.6,6.5,1.1,0.3,0.047,30.7,0.688,0
203953,Jabari Parker,2016,107.7,-3.8,0.9,0.4,0.084,31.7,0.421,0
203109,Jae Crowder,2016,102.6,4.8,1.7,0.5,0.075,31.6,0.589,0
1626143,Jahlil Okafor,2016,108.4,-15.7,0.4,1.2,0.117,30.0,0.113,0
2037,Jamal Crawford,2016,102.8,2.0,0.7,0.2,0.034,26.9,0.646,0
201935,James Harden,2016,106.9,1.6,1.7,0.6,0.079,38.1,0.5,0
201162,Jared Dudley,2016,103.3,1.7,0.9,0.2,0.069,25.9,0.494,0
201145,Jeff Green,2016,104.8,-1.0,0.7,0.5,0.075,28.2,0.6,0
201952,Jeff Teague,2016,102.1,1.1,1.2,0.3,0.045,28.5,0.595,0
203924,Jerami Grant,2016,106.6,-10.7,0.7,1.6,0.084,26.8,0.117,0
202391,Jeremy Lin,2016,101.2,2.2,0.7,0.5,0.059,26.3,0.603,0
201573,Jerryd Bayless,2016,109.1,-6.0,0.9,0.2,0.048,28.9,0.404,0
202710,Jimmy Butler III,2016,104.5,-0.3,1.6,0.6,0.068,36.9,0.552,0
2207,Joe Johnson,2016,106.5,-0.9,0.8,0.0,0.056,33.4,0.383,0
202322,John Wall,2016,104.1,1.7,1.9,0.8,0.068,36.2,0.481,0
202685,Jonas Valančiūnas,2016,107.1,3.7,0.4,1.3,0.185,25.9,0.667,0
203903,Jordan Clarkson,2016,111.9,-12.1,1.1,0.1,0.059,32.3,0.215,0
101181,Jose Calderon,2016,107.2,-1.7,0.9,0.1,0.056,28.1,0.403,0
201950,Jrue Holiday,2016,106.1,0.6,1.4,0.3,0.053,28.2,0.415,0
203944,Julius Randle,2016,113.0,-14.1,0.7,0.4,0.174,28.2,0.21,0
1626159,Justise Winslow,2016,100.3,2.4,0.9,0.3,0.091,28.6,0.59,0
1626157,Karl-Anthony Towns,2016,109.3,-2.5,0.7,1.7,0.169,32.0,0.354,0
202695,Kawhi Leonard,2016,95.9,14.1,1.8,1.0,0.106,33.0,0.833,1
202689,Kemba Walker,2016,103.6,3.8,1.6,0.5,0.06,35.6,0.58,0
202702,Kenneth Faried,2016,110.0,-3.5,0.5,0.9,0.17,25.3,0.388,0
203145,Kent Bazemore,2016,100.6,2.3,1.3,0.5,0.088,27.8,0.587,0
203484,Kentavious Caldwell-Pope,2016,103.9,2.6,1.4,0.2,0.048,36.7,0.539,0
201142,Kevin Durant,2016,102.9,11.6,1.0,1.2,0.11,35.8,0.722,0
201567,Kevin Love,2016,103.6,8.8,0.8,0.5,0.162,31.5,0.688,0
203114,Khris Middleton,2016,106.4,-0.8,1.7,0.2,0.054,36.1,0.418,0
202691,Klay Thompson,2016,101.3,14.6,0.8,0.6,0.055,33.3,0.888,0
977,Kobe Bryant,2016,114.9,-14.8,0.9,0.2,0.063,28.2,0.197,0
204001,Kristaps Porziņģis,2016,104.3,0.3,0.7,1.9,0.124,28.4,0.389,0
2594,Kyle Korver,2016,98.3,7.2,0.8,0.4,0.053,30.0,0.575,0
200768,Kyle Lowry,2016,104.4,6.4,2.1,0.4,0.066,37.0,0.701,0
202681,Kyrie Irving,2016,105.8,5.8,1.1,0.3,0.048,31.5,0.698,0
200746,LaMarcus Aldridge,2016,97.9,11.7,0.5,1.1,0.144,30.6,0.824,0
204038,Langston Galloway,2016,103.4,-2.6,0.9,0.3,0.068,24.8,0.39,0
2544,LeBron James,2016,102.6,11.4,1.4,0.6,0.106,35.6,0.737,0
101150,Lou Williams,2016,111.0,-10.2,0.9,0.3,0.043,28.5,0.209,0
2736,Luol Deng,2016,103.9,0.5,1.0,0.4,0.094,32.4,0.608,0
201188,Marc Gasol,2016,103.9,0.1,1.0,1.3,0.104,34.4,0.577,0
101162,Marcin Gortat,2016,103.8,1.3,0.6,1.3,0.161,30.1,0.467,0
201158,Marco Belinelli,2016,106.7,-5.7,0.5,0.0,0.034,24.6,0.397,0
202694,Marcus Morris Sr.,2016,104.0,2.4,0.8,0.3,0.07,35.7,0.525,0
203935,Marcus Smart,2016,100.6,2.5,1.5,0.3,0.07,27.3,0.59,0
202693,Markieff Morris,2016,104.5,-2.3,0.9,0.5,0.108,25.5,0.344,0
101107,Marvin Williams,2016,103.6,5.0,0.7,1.0,0.109,28.9,0.58,0
203486,Mason Plumlee,2016,107.4,1.6,0.8,1.0,0.149,25.4,0.537,0
2440,Matt Barnes,2016,107.7,-4.5,1.0,0.8,0.095,28.8,0.5,0
203521,Matthew Dellavedova,2016,99.7,10.3,0.6,0.1,0.043,24.6,0.711,0
203487,Michael Carter-Williams,2016,105.9,-3.6,1.5,0.8,0.085,30.5,0.389,0
2405,Amar'e Stoudemire,2010,109.4,5.4,0.6,1.0,0.13,34.6,0.659,0
201144,Mike Conley,2016,104.5,1.2,1.2,0.3,0.048,31.4,0.589,0
101145,Monta Ellis,2016,101.8,1.8,1.9,0.5,0.048,33.8,0.543,0
203457,Nerlens Noel,2016,106.3,-10.8,1.8,1.5,0.134,29.3,0.149,0
201587,Nicolas Batum,2016,103.5,4.0,0.9,0.6,0.086,35.0,0.586,0
203917,Nik Stauskas,2016,107.5,-11.0,0.6,0.3,0.049,24.8,0.11,0
202703,Nikola Mirotic,2016,104.7,0.7,0.9,0.7,0.106,24.9,0.561,0
202696,Nikola Vučević,2016,106.1,-1.2,0.8,1.1,0.142,31.3,0.431,0
202708,Norris Cole,2016,107.2,-4.5,0.8,0.1,0.063,26.6,0.444,0
201564,O.J. Mayo,2016,103.5,-2.2,1.2,0.2,0.048,26.6,0.415,0
201956,Omri Casspi,2016,104.6,1.0,0.8,0.2,0.104,27.3,0.391,0
203490,Otto Porter Jr.,2016,103.9,1.5,1.4,0.4,0.086,30.3,0.48,0
200782,P.J. Tucker,2016,107.1,-6.4,1.3,0.2,0.098,31.0,0.28,0
201976,Patrick Beverley,2016,105.4,3.5,1.3,0.4,0.061,28.7,0.493,0
202335,Patrick Patterson,2016,101.7,9.2,0.7,0.4,0.085,25.6,0.684,0
2200,Pau Gasol,2016,104.4,-0.2,0.6,2.0,0.161,31.8,0.5,0
202331,Paul George,2016,101.5,2.8,1.9,0.4,0.097,34.8,0.543,0
200794,Paul Millsap,2016,101.6,4.0,1.8,1.7,0.134,32.7,0.593,0
200765,Rajon Rondo,2016,107.7,-2.8,2.0,0.1,0.083,35.2,0.403,0
101109,Raymond Felton,2016,105.8,-1.6,0.9,0.2,0.058,27.4,0.5,0
202704,Reggie Jackson,2016,104.8,2.5,0.7,0.1,0.051,30.7,0.544,0
201937,Ricky Rubio,2016,107.0,0.5,2.1,0.1,0.072,30.6,0.368,0
203496,Robert Covington,2016,105.2,-7.0,1.6,0.6,0.106,28.4,0.149,0
201577,Robin Lopez,2016,106.5,-2.2,0.2,1.6,0.133,27.1,0.39,0
203918,Rodney Hood,2016,103.0,3.1,0.9,0.2,0.056,32.2,0.494,0
200752,Rudy Gay,2016,107.0,-1.5,1.4,0.7,0.094,34.0,0.414,0
203497,Rudy Gobert,2016,100.6,4.9,0.7,2.2,0.18,31.7,0.541,0
201566,Russell Westbrook,2016,103.5,11.3,2.0,0.3,0.109,34.4,0.688,0
201583,Ryan Anderson,2016,106.9,0.2,0.6,0.4,0.097,30.4,0.364,0
201586,Serge Ibaka,2016,104.0,10.2,0.5,1.9,0.103,32.1,0.692,0
2760,Anderson Varejao,2010,99.9,13.1,0.9,0.9,0.142,28.5,0.75,0
1905,Andrei Kirilenko,2010,100.5,6.8,1.4,1.2,0.082,29.0,0.638,0
101106,Andrew Bogut,2010,99.0,5.8,0.6,2.5,0.161,32.3,0.58,0
101115,Andrew Bynum,2010,101.6,7.4,0.5,1.4,0.139,30.4,0.723,0
1712,Antawn Jamison,2010,106.9,0.7,1.1,0.3,0.119,36.5,0.485,0
201939,Stephen Curry,2016,99.8,17.7,2.1,0.2,0.076,34.2,0.899,0
2563,Dahntay Jones,2010,104.4,-5.5,0.5,0.5,0.059,24.9,0.368,0
203500,Steven Adams,2016,99.9,11.9,0.5,1.1,0.126,25.2,0.675,0
201959,Taj Gibson,2016,105.3,-3.1,0.6,1.1,0.122,26.5,0.507,0
201152,Thaddeus Young,2016,108.0,-4.6,1.5,0.5,0.142,33.0,0.288,0
1495,Tim Duncan,2016,94.5,13.6,0.8,1.3,0.148,25.2,0.82,0
202699,Tobias Harris,2016,104.3,0.5,0.9,0.5,0.101,33.1,0.487,0
2754,Tony Allen,2016,105.2,-1.4,1.7,0.3,0.094,25.3,0.531,0
2225,Tony Parker,2016,97.1,10.7,0.8,0.2,0.046,27.5,0.819,0
2772,Trevor Ariza,2016,108.1,0.3,2.0,0.3,0.064,35.3,0.494,0
202684,Tristan Thompson,2016,102.2,8.7,0.5,0.6,0.162,27.7,0.695,0
2199,Tyson Chandler,2016,107.9,-11.5,0.5,0.7,0.174,24.5,0.273,0
203506,Victor Oladipo,2016,105.4,-0.4,1.6,0.8,0.071,33.0,0.444,0
202083,Wesley Matthews,2016,106.0,2.0,1.0,0.2,0.045,33.9,0.513,0
203115,Will Barton,2016,106.8,-3.1,0.9,0.5,0.099,28.7,0.402,0
203897,Zach LaVine,2016,110.4,-6.2,0.8,0.2,0.051,28.0,0.354,0
2216,Zach Randolph,2016,106.9,-1.1,0.6,0.2,0.136,29.7,0.544,0
2585,Zaza Pachulia,2016,103.8,0.1,0.8,0.3,0.18,26.4,0.526,0
203932,Aaron Gordon,2017,110.4,-3.1,0.8,0.5,0.086,28.7,0.363,0
201143,Al Horford,2017,107.2,4.8,0.8,1.3,0.105,32.3,0.676,0
202329,Al-Farouq Aminu,2017,107.1,0.9,1.0,0.7,0.126,29.1,0.541,0
203459,Allen Crabbe,2017,109.7,-2.9,0.7,0.3,0.05,28.5,0.494,0
203083,Andre Drummond,2017,109.9,-5.6,1.5,1.1,0.229,29.7,0.444,0
2738,Andre Iguodala,2017,101.7,12.4,1.0,0.5,0.074,26.3,0.842,0
203460,Andre Roberson,2017,104.7,3.4,1.2,1.0,0.081,30.1,0.582,0
203952,Andrew Wiggins,2017,111.3,-0.2,1.0,0.4,0.056,37.2,0.378,0
203076,Anthony Davis,2017,104.1,1.1,1.3,2.2,0.155,36.1,0.413,0
201167,Arron Afflalo,2017,113.2,-8.5,0.3,0.1,0.042,25.9,0.377,0
203085,Austin Rivers,2017,108.1,-0.1,0.6,0.1,0.039,27.8,0.581,0
202340,Avery Bradley,2017,108.7,1.7,1.2,0.2,0.09,33.4,0.618,0
201933,Blake Griffin,2017,106.2,10.5,0.9,0.4,0.122,34.0,0.656,0
201568,Danilo Gallinari,2010,109.0,-2.4,0.9,0.7,0.075,33.9,0.346,0
101122,Danny Granger,2010,105.4,-0.5,1.5,0.8,0.075,36.7,0.403,0
202711,Bojan Bogdanovic,2017,110.9,-6.8,0.4,0.1,0.065,25.7,0.284,0
203078,Bradley Beal,2017,107.9,5.6,1.1,0.3,0.045,34.9,0.623,0
1627742,Brandon Ingram,2017,112.9,-7.2,0.6,0.5,0.068,28.9,0.329,0
2546,Carmelo Anthony,2017,112.7,-4.8,0.8,0.5,0.082,34.3,0.392,0
101108,Chris Paul,2017,102.8,14.4,2.0,0.1,0.08,31.5,0.705,0
203469,Cody Zeller,2017,104.1,6.0,1.0,0.9,0.116,27.8,0.532,0
202709,Cory Joseph,2017,107.8,1.1,0.8,0.2,0.058,25.0,0.613,0
201584,Courtney Lee,2017,112.1,-4.7,1.1,0.3,0.051,31.9,0.377,0
1626156,D'Angelo Russell,2017,114.3,-9.1,1.4,0.3,0.06,28.7,0.333,0
203081,Damian Lillard,2017,110.4,1.4,0.9,0.3,0.067,35.9,0.507,0
201568,Danilo Gallinari,2017,110.5,3.4,0.6,0.2,0.075,33.9,0.492,0
201967,Dante Cunningham,2017,106.6,-0.7,0.6,0.4,0.082,25.0,0.424,0
203967,Dario Šarić,2017,106.8,-6.2,0.7,0.4,0.117,26.3,0.346,0
201954,Darren Collison,2017,111.2,-3.6,1.0,0.1,0.039,30.3,0.382,0
201599,DeAndre Jordan,2017,105.8,8.9,0.6,1.7,0.217,31.7,0.63,0
201942,DeMar DeRozan,2017,108.7,2.5,1.1,0.2,0.074,35.4,0.635,0
202326,DeMarcus Cousins,2017,109.5,-0.9,1.4,1.3,0.167,34.2,0.417,0
201960,DeMarre Carroll,2017,107.8,2.8,1.1,0.4,0.074,26.1,0.611,0
101114,Deron Williams,2017,107.5,-2.4,0.5,0.1,0.046,25.9,0.391,0
201565,Derrick Rose,2017,113.0,-4.2,0.7,0.3,0.056,32.5,0.406,0
1626164,Devin Booker,2017,111.6,-3.9,0.9,0.3,0.044,35.0,0.308,0
203079,Dion Waiters,2017,105.5,2.6,0.9,0.4,0.054,30.1,0.587,0
202734,E'Twaun Moore,2017,107.4,-3.0,0.7,0.4,0.04,24.9,0.438,0
203901,Elfrid Payton,2017,109.2,-2.6,1.1,0.5,0.077,29.4,0.354,0
1626144,Emmanuel Mudiay,2017,113.3,-4.7,0.7,0.2,0.062,25.6,0.455,0
202339,Eric Bledsoe,2017,111.6,-3.8,1.4,0.5,0.072,33.0,0.333,0
201569,Eric Gordon,2017,106.1,6.2,0.6,0.5,0.04,31.0,0.667,0
101141,Ersan Ilyasova,2017,104.3,-0.4,0.7,0.3,0.108,26.1,0.427,0
203095,Evan Fournier,2017,108.8,-4.4,1.0,0.1,0.045,32.8,0.338,0
202323,Evan Turner,2017,108.8,-5.5,0.8,0.4,0.073,25.5,0.523,0
1626163,Frank Kaminsky,2017,108.3,0.4,0.6,0.5,0.086,26.1,0.413,0
202066,Garrett Temple,2017,110.6,-5.3,1.3,0.4,0.055,26.6,0.385,0
203914,Gary Harris,2017,113.9,2.2,1.2,0.1,0.051,31.3,0.509,0
201588,George Hill,2017,101.3,8.5,1.0,0.2,0.056,31.5,0.673,0
203507,Giannis Antetokounmpo,2017,107.5,1.1,1.6,1.9,0.127,35.6,0.525,0
201609,Goran Dragic,2017,107.3,1.1,1.2,0.2,0.056,33.7,0.548,0
202330,Gordon Hayward,2017,103.8,6.8,1.0,0.3,0.081,34.5,0.63,0
203476,Gorgui Dieng,2017,109.3,0.8,1.1,1.2,0.126,32.4,0.378,0
203084,Harrison Barnes,2017,106.2,-2.2,0.8,0.2,0.075,35.5,0.405,0
202355,Hassan Whiteside,2017,106.6,2.0,0.7,2.1,0.214,32.6,0.506,0
202697,Iman Shumpert,2017,109.0,1.7,0.8,0.4,0.056,25.5,0.632,0
202738,Isaiah Thomas,2017,110.5,4.6,0.9,0.2,0.04,33.8,0.671,0
202397,Ish Smith,2017,104.6,0.8,0.8,0.4,0.058,24.1,0.457,0
200755,JJ Redick,2017,106.2,9.6,0.7,0.2,0.039,28.2,0.641,0
2747,JR Smith,2017,110.0,2.6,1.0,0.3,0.046,29.0,0.61,0
203210,JaMychal Green,2017,105.2,0.3,0.6,0.4,0.133,27.3,0.519,0
203953,Jabari Parker,2017,110.6,-2.5,1.0,0.4,0.092,33.9,0.431,0
203109,Jae Crowder,2017,106.3,7.8,1.0,0.3,0.087,32.4,0.667,0
2037,Jamal Crawford,2017,107.9,-1.0,0.7,0.2,0.03,26.3,0.622,0
2749,Jameer Nelson,2017,109.6,2.9,0.7,0.1,0.046,27.3,0.453,0
201935,James Harden,2017,108.9,6.7,1.5,0.5,0.109,36.4,0.667,0
201949,James Johnson,2017,102.8,3.0,1.0,1.1,0.088,27.4,0.526,0
201952,Jeff Teague,2017,107.9,1.1,1.2,0.4,0.063,32.4,0.512,0
202710,Jimmy Butler III,2017,104.7,3.3,1.9,0.4,0.081,37.0,0.526,0
1717,Dirk Nowitzki,2017,105.0,-1.3,0.6,0.7,0.126,26.4,0.426,0
203110,Draymond Green,2017,100.9,15.3,2.0,1.4,0.117,32.5,0.816,1
2730,Dwight Howard,2017,105.0,-2.0,0.9,1.2,0.207,29.7,0.5,0
2548,Dwyane Wade,2017,106.1,-1.8,1.4,0.7,0.072,29.9,0.483,0
204060,Joe Ingles,2017,104.4,4.0,1.2,0.1,0.07,24.1,0.622,0
202322,John Wall,2017,108.8,4.2,2.0,0.6,0.058,36.4,0.615,0
202720,Jon Leuer,2017,104.5,-2.0,0.4,0.3,0.1,25.9,0.453,0
202685,Jonas Valančiūnas,2017,109.1,2.0,0.5,0.8,0.188,25.8,0.625,0
203903,Jordan Clarkson,2017,112.6,-8.3,1.1,0.1,0.05,29.2,0.317,0
1626196,Josh Richardson,2017,105.3,-0.1,1.1,0.7,0.051,30.5,0.434,0
201950,Jrue Holiday,2017,103.7,0.7,1.5,0.7,0.057,32.7,0.478,0
203944,Julius Randle,2017,114.0,-9.8,0.7,0.5,0.145,28.8,0.324,0
1626157,Karl-Anthony Towns,2017,112.1,-0.3,0.7,1.3,0.173,37.0,0.378,0
202695,Kawhi Leonard,2017,105.1,8.7,1.8,0.7,0.089,33.4,0.73,0
202689,Kemba Walker,2017,107.4,3.5,1.1,0.3,0.055,34.7,0.456,0
203145,Kent Bazemore,2017,106.0,-1.7,1.2,0.7,0.056,26.9,0.534,0
203484,Kentavious Caldwell-Pope,2017,108.6,-3.3,1.2,0.2,0.048,33.3,0.434,0
201142,Kevin Durant,2017,102.3,15.7,1.1,1.6,0.122,33.4,0.823,0
201567,Kevin Love,2017,107.1,8.4,0.9,0.4,0.172,31.4,0.667,0
202691,Klay Thompson,2017,102.4,14.1,0.8,0.5,0.053,34.0,0.846,0
204001,Kristaps Porziņģis,2017,108.7,-2.4,0.7,2.0,0.105,32.8,0.394,0
2594,Kyle Korver,2017,110.8,-5.7,0.5,0.3,0.053,26.2,0.493,0
200768,Kyle Lowry,2017,106.4,7.7,1.5,0.3,0.065,37.4,0.6,0
202681,Kyrie Irving,2017,110.3,6.4,1.2,0.3,0.045,35.1,0.653,0
200746,LaMarcus Aldridge,2017,104.4,6.2,0.6,1.2,0.115,32.4,0.722,0
2544,LeBron James,2017,108.5,8.3,1.2,0.6,0.114,37.8,0.689,0
101150,Lou Williams,2017,109.1,0.9,1.0,0.2,0.048,24.6,0.42,0
2736,Luol Deng,2017,108.9,-6.1,0.9,0.4,0.096,26.5,0.321,0
1627763,Malcolm Brogdon,2017,107.5,2.6,1.1,0.2,0.056,26.4,0.507,0
201188,Marc Gasol,2017,106.7,1.0,0.9,1.3,0.094,34.2,0.541,0
101162,Marcin Gortat,2017,108.6,3.5,0.5,0.7,0.168,31.2,0.598,0
201158,Marco Belinelli,2017,107.5,-0.6,0.6,0.1,0.05,24.0,0.459,0
202694,Marcus Morris Sr.,2017,106.3,-2.0,0.7,0.3,0.069,32.5,0.456,0
203935,Marcus Smart,2017,105.3,3.0,1.6,0.4,0.062,30.4,0.646,0
202693,Markieff Morris,2017,106.9,4.2,1.1,0.6,0.105,31.2,0.592,0
101107,Marvin Williams,2017,107.9,-0.8,0.8,0.7,0.107,30.2,0.421,0
203486,Mason Plumlee,2017,111.9,0.7,0.9,1.1,0.141,26.5,0.469,0
2440,Matt Barnes,2017,107.4,-2.0,0.6,0.4,0.109,24.0,0.514,0
203521,Matthew Dellavedova,2017,108.1,-1.1,0.7,0.0,0.038,26.1,0.513,0
203090,Maurice Harkless,2017,110.6,2.2,1.1,0.9,0.075,28.9,0.494,0
203077,Michael Kidd-Gilchrist,2017,105.8,0.9,1.0,1.0,0.117,29.0,0.444,0
201144,Mike Conley,2017,106.2,3.4,1.3,0.3,0.054,33.2,0.507,0
101145,Monta Ellis,2017,108.5,-2.0,1.1,0.4,0.052,27.0,0.527,0
1626167,Myles Turner,2017,106.4,2.8,0.9,2.1,0.119,31.4,0.519,0
201156,Nick Young,2017,112.6,-6.2,0.6,0.2,0.043,25.9,0.317,0
201587,Nicolas Batum,2017,108.2,1.0,1.1,0.4,0.09,34.0,0.455,0
203917,Nik Stauskas,2017,107.4,-4.2,0.6,0.4,0.05,27.3,0.338,0
203999,Nikola Jokić,2017,109.7,6.5,0.8,0.8,0.178,27.9,0.507,0
202703,Nikola Mirotic,2017,102.7,5.4,0.8,0.8,0.111,24.0,0.529,0
202696,Nikola Vučević,2017,107.8,-3.5,1.0,1.0,0.173,28.8,0.36,0
203490,Otto Porter Jr.,2017,108.4,3.2,1.5,0.5,0.099,32.6,0.6,0
200782,P.J. Tucker,2017,107.2,-1.5,1.4,0.2,0.103,27.6,0.432,0
201976,Patrick Beverley,2017,106.3,8.4,1.5,0.4,0.093,30.7,0.687,0
202335,Patrick Patterson,2017,103.6,10.4,0.6,0.4,0.092,24.6,0.646,0
2200,Pau Gasol,2017,104.0,6.8,0.4,1.1,0.159,25.4,0.734,0
202331,Paul George,2017,107.2,3.1,1.6,0.4,0.094,35.9,0.52,0
200794,Paul Millsap,2017,103.5,2.7,1.3,0.9,0.11,34.0,0.58,0
200765,Rajon Rondo,2017,107.4,-2.2,1.4,0.2,0.094,26.7,0.493,0
202704,Reggie Jackson,2017,110.8,-8.0,0.7,0.1,0.04,27.4,0.442,0
201937,Ricky Rubio,2017,111.3,-0.7,1.7,0.1,0.064,32.9,0.373,0
203496,Robert Covington,2017,104.1,-3.0,1.9,1.0,0.099,31.6,0.403,0
201577,Robin Lopez,2017,105.9,1.4,0.2,1.4,0.111,28.0,0.494,0
203918,Rodney Hood,2017,103.2,4.0,0.6,0.2,0.066,27.0,0.678,0
203585,Rodney McGruder,2017,106.8,0.3,0.6,0.2,0.065,25.2,0.513,0
203497,Rudy Gobert,2017,102.0,8.3,0.6,2.6,0.194,33.9,0.63,0
201566,Russell Westbrook,2017,106.1,4.5,1.6,0.4,0.147,34.6,0.568,0
201583,Ryan Anderson,2017,107.0,8.9,0.4,0.2,0.077,29.4,0.694,0
203930,Sean Kilpatrick,2017,109.6,-6.3,0.6,0.1,0.075,25.1,0.2,0
201586,Serge Ibaka,2017,108.9,-2.9,0.5,1.6,0.111,30.7,0.468,0
203552,Seth Curry,2017,105.2,-0.2,1.1,0.1,0.047,29.0,0.429,0
201939,Stephen Curry,2017,102.7,17.4,1.8,0.2,0.065,33.4,0.823,0
203500,Steven Adams,2017,104.9,4.2,1.1,1.0,0.122,29.9,0.588,0
204456,T.J. McConnell,2017,107.1,-6.2,1.7,0.1,0.057,26.3,0.333,0
203933,T.J. Warren,2017,113.4,-6.4,1.2,0.6,0.079,31.0,0.303,0
201959,Taj Gibson,2017,105.9,0.5,0.5,0.8,0.118,25.5,0.526,0
203082,Terrence Ross,2017,108.9,2.9,1.1,0.4,0.052,25.1,0.5,0
200757,Thabo Sefolosha,2017,104.3,-1.4,1.5,0.5,0.083,25.7,0.516,0
201152,Thaddeus Young,2017,105.8,1.9,1.5,0.4,0.101,30.2,0.541,0
203501,Tim Hardaway Jr.,2017,103.9,3.0,0.7,0.2,0.05,27.3,0.532,0
202699,Tobias Harris,2017,106.1,-0.5,0.7,0.5,0.08,31.3,0.451,0
2754,Tony Allen,2017,105.1,0.8,1.6,0.4,0.104,27.0,0.507,0
2225,Tony Parker,2017,103.1,6.5,0.5,0.0,0.037,25.2,0.73,0
203503,Tony Snell,2017,109.8,-1.8,0.7,0.2,0.055,29.2,0.525,0
2772,Trevor Ariza,2017,108.6,6.2,1.8,0.3,0.081,34.7,0.663,0
202344,Trevor Booker,2017,108.2,-8.1,1.1,0.4,0.153,24.7,0.254,0
202684,Tristan Thompson,2017,109.0,3.3,0.5,1.1,0.148,30.0,0.641,0
201951,Ty Lawson,2017,109.4,-4.5,1.1,0.1,0.052,25.1,0.362,0
204020,Tyler Johnson,2017,104.3,0.6,1.2,0.6,0.065,29.8,0.479,0
2199,Tyson Chandler,2017,110.8,-3.1,0.7,0.5,0.207,27.6,0.319,0
203506,Victor Oladipo,2017,102.6,4.1,1.2,0.3,0.063,33.2,0.582,0
1713,Vince Carter,2017,104.5,4.0,0.8,0.5,0.063,24.7,0.493,0
201961,Wayne Ellington,2017,105.2,2.7,0.6,0.1,0.043,24.2,0.565,0
202083,Wesley Matthews,2017,107.7,-3.7,1.1,0.2,0.054,34.2,0.397,0
203115,Will Barton,2017,111.0,-2.1,0.8,0.5,0.075,28.4,0.517,0
201163,Wilson Chandler,2017,112.1,-1.0,0.7,0.4,0.103,30.9,0.493,0
1627812,Yogi Ferrell,2017,107.8,-4.2,0.9,0.2,0.048,26.0,0.391,0
203897,Zach LaVine,2017,111.2,-2.8,0.9,0.2,0.048,37.2,0.34,0
2216,Zach Randolph,2017,105.8,0.0,0.5,0.1,0.167,24.5,0.521,0
203932,Aaron Gordon,2018,108.3,-2.0,1.0,0.8,0.116,32.9,0.328,0
202329,Al-Farouq Aminu,2018,104.4,5.2,1.1,0.6,0.121,30.0,0.58,0
203459,Allen Crabbe,2018,108.8,-1.9,0.6,0.5,0.07,29.3,0.333,0
203083,Andre Drummond,2018,108.0,-1.0,1.5,1.6,0.234,33.7,0.474,0
2738,Andre Iguodala,2018,101.3,7.9,0.8,0.6,0.074,25.4,0.719,0
203952,Andrew Wiggins,2018,108.9,3.5,1.1,0.6,0.061,36.3,0.573,0
203076,Anthony Davis,2018,104.3,5.0,1.5,2.6,0.146,36.4,0.6,0
203085,Austin Rivers,2018,111.6,-1.7,1.2,0.3,0.035,33.7,0.492,0
202340,Avery Bradley,2018,108.3,-4.2,1.1,0.2,0.04,31.2,0.478,0
1627732,Ben Simmons,2018,102.9,6.6,1.7,0.9,0.115,33.7,0.63,0
201933,Blake Griffin,2018,107.0,1.9,0.7,0.3,0.106,34.0,0.483,0
203992,Bogdan Bogdanović,2018,111.2,-8.6,0.9,0.2,0.053,27.9,0.333,0
202711,Bojan Bogdanovic,2018,104.9,1.5,0.7,0.1,0.055,30.8,0.588,0
203078,Bradley Beal,2018,106.3,2.4,1.2,0.4,0.062,36.3,0.524,0
1627742,Brandon Ingram,2018,107.5,-2.7,0.8,0.7,0.074,33.5,0.458,0
1627741,Buddy Hield,2018,107.2,-4.1,1.1,0.3,0.076,25.3,0.338,0
203468,CJ McCollum,2018,105.8,1.6,1.0,0.4,0.053,36.1,0.593,0
1627747,Caris LeVert,2018,108.2,-6.4,1.2,0.3,0.065,26.2,0.352,0
2546,Carmelo Anthony,2018,106.4,5.2,0.6,0.6,0.088,32.1,0.59,0
101108,Chris Paul,2018,103.3,13.2,1.7,0.2,0.086,31.8,0.862,0
203991,Clint Capela,2018,104.9,9.3,0.8,1.9,0.198,27.5,0.838,0
202709,Cory Joseph,2018,106.5,-1.1,1.0,0.2,0.059,27.0,0.585,0
201584,Courtney Lee,2018,110.8,-5.5,1.1,0.2,0.048,30.4,0.355,0
1626156,D'Angelo Russell,2018,112.4,-7.2,0.8,0.4,0.072,25.7,0.333,0
203081,Damian Lillard,2018,104.5,6.1,1.1,0.4,0.058,36.6,0.603,0
201980,Danny Green,2018,102.7,2.4,0.9,1.1,0.068,25.6,0.571,0
203967,Dario Šarić,2018,103.0,5.9,0.7,0.3,0.108,29.6,0.628,0
201954,Darren Collison,2018,107.5,2.6,1.3,0.2,0.046,29.3,0.565,0
1628368,De'Aaron Fox,2018,111.8,-10.2,1.0,0.3,0.05,27.7,0.329,0
201599,DeAndre Jordan,2018,110.3,-2.4,0.5,0.9,0.236,31.5,0.506,0
201942,DeMar DeRozan,2018,106.5,7.7,1.1,0.3,0.057,33.9,0.713,0
202326,DeMarcus Cousins,2018,106.6,1.9,1.6,1.6,0.183,36.2,0.563,0
201960,DeMarre Carroll,2018,107.8,-1.2,0.8,0.4,0.104,29.9,0.342,0
203471,Dennis Schröder,2018,111.8,-6.7,1.1,0.1,0.05,31.0,0.313,0
1628372,Dennis Smith Jr.,2018,110.1,-7.6,1.0,0.3,0.063,29.7,0.319,0
1627756,Denzel Valentine,2018,108.6,-6.8,0.8,0.1,0.09,27.2,0.338,0
202324,Derrick Favors,2018,102.6,3.6,0.7,1.1,0.133,28.0,0.597,0
1626164,Devin Booker,2018,112.2,-9.3,0.9,0.3,0.062,34.5,0.296,0
203473,Dewayne Dedmon,2018,108.3,-5.1,0.6,0.8,0.158,24.9,0.29,0
1628415,Dillon Brooks,2018,107.4,-5.0,0.9,0.2,0.056,28.7,0.268,0
1717,Dirk Nowitzki,2018,107.5,-2.0,0.6,0.6,0.118,24.7,0.312,0
202734,E'Twaun Moore,2018,106.1,2.6,1.0,0.1,0.045,31.5,0.585,0
203901,Elfrid Payton,2018,115.6,-11.7,1.3,0.3,0.074,28.7,0.206,0
202683,Enes Freedom,2018,111.5,-4.9,0.5,0.5,0.212,25.8,0.38,0
202339,Eric Bledsoe,2018,107.9,2.7,2.0,0.6,0.063,31.4,0.541,0
201569,Eric Gordon,2018,103.5,13.0,0.6,0.4,0.039,31.2,0.797,0
101141,Ersan Ilyasova,2018,106.1,0.9,0.9,0.4,0.114,25.1,0.522,0
203095,Evan Fournier,2018,110.3,-3.2,0.8,0.3,0.048,32.2,0.351,0
202323,Evan Turner,2018,105.6,-1.1,0.6,0.4,0.057,25.7,0.608,0
202066,Garrett Temple,2018,108.1,-7.4,0.9,0.4,0.047,24.8,0.354,0
203914,Gary Harris,2018,108.2,3.5,1.8,0.2,0.039,34.4,0.552,0
201588,George Hill,2018,111.8,-3.3,0.9,0.4,0.051,27.0,0.418,0
203507,Giannis Antetokounmpo,2018,106.5,2.8,1.5,1.4,0.141,36.7,0.52,0
201609,Goran Dragic,2018,106.0,0.2,0.8,0.2,0.064,31.7,0.52,0
203084,Harrison Barnes,2018,109.5,-6.1,0.6,0.2,0.089,34.2,0.312,0
202355,Hassan Whiteside,2018,105.0,-2.8,0.7,1.7,0.218,25.3,0.556,0
202397,Ish Smith,2018,105.9,0.8,0.8,0.2,0.054,24.9,0.476,0
200755,JJ Redick,2018,102.4,7.0,0.5,0.1,0.04,30.2,0.643,0
2747,JR Smith,2018,113.2,-2.3,0.9,0.1,0.053,28.1,0.613,0
203210,JaMychal Green,2018,110.5,-8.0,0.6,0.5,0.155,28.0,0.2,0
203109,Jae Crowder,2018,107.2,0.6,0.8,0.3,0.066,26.1,0.65,0
1627750,Jamal Murray,2018,110.2,3.7,1.0,0.3,0.06,31.7,0.568,0
201935,James Harden,2018,106.2,10.0,1.8,0.7,0.078,35.4,0.819,0
201949,James Johnson,2018,105.8,0.1,1.0,0.7,0.091,26.6,0.507,0
101127,Jarrett Jack,2018,109.0,-0.7,0.6,0.1,0.061,25.0,0.419,0
1627759,Jaylen Brown,2018,101.3,7.7,1.0,0.4,0.078,30.7,0.671,0
1628369,Jayson Tatum,2018,100.8,6.9,1.0,0.7,0.081,30.5,0.663,0
201952,Jeff Teague,2018,110.0,2.7,1.5,0.3,0.046,33.0,0.586,0
203087,Jeremy Lamb,2018,107.9,1.3,0.8,0.4,0.08,24.6,0.45,0
202710,Jimmy Butler III,2018,106.4,8.3,2.0,0.4,0.075,36.7,0.627,0
203925,Joe Harris,2018,108.4,-3.3,0.4,0.3,0.063,25.3,0.346,0
204060,Joe Ingles,2018,102.4,5.3,1.1,0.2,0.068,31.4,0.585,0
203954,Joel Embiid,2018,98.9,11.7,0.6,1.8,0.173,30.4,0.651,0
1628381,John Collins,2018,107.3,-6.2,0.6,1.1,0.147,24.1,0.284,0
203089,John Henson,2018,106.3,4.9,0.6,1.4,0.136,25.9,0.513,0
202322,John Wall,2018,106.1,3.8,1.4,1.1,0.053,34.4,0.561,0
203613,Jonathon Simmons,2018,111.4,-6.9,0.8,0.2,0.059,29.4,0.304,0
1628367,Josh Jackson,2018,110.3,-11.7,1.0,0.5,0.083,25.4,0.247,0
1626196,Josh Richardson,2018,104.2,0.8,1.5,0.9,0.053,33.2,0.543,0
201950,Jrue Holiday,2018,104.5,4.9,1.5,0.8,0.06,36.1,0.58,0
203944,Julius Randle,2018,108.4,-1.4,0.5,0.5,0.144,26.7,0.427,0
203200,Justin Holiday,2018,108.2,-4.0,1.1,0.4,0.062,31.5,0.333,0
1626159,Justise Winslow,2018,102.9,1.0,0.8,0.5,0.107,24.7,0.485,0
203994,Jusuf Nurkić,2018,103.1,3.6,0.8,1.4,0.162,26.4,0.608,0
1626157,Karl-Anthony Towns,2018,109.2,6.1,0.8,1.4,0.179,35.6,0.573,0
1626162,Kelly Oubre Jr.,2018,108.2,-2.4,1.0,0.4,0.081,27.5,0.531,0
202689,Kemba Walker,2018,108.0,3.3,1.1,0.3,0.044,34.2,0.45,0
203145,Kent Bazemore,2018,108.9,-4.5,1.5,0.7,0.069,27.5,0.292,0
203484,Kentavious Caldwell-Pope,2018,107.4,-0.9,1.4,0.2,0.075,33.2,0.419,0
201142,Kevin Durant,2018,108.9,7.0,0.7,1.8,0.099,34.2,0.721,0
201567,Kevin Love,2018,111.3,1.4,0.7,0.4,0.172,28.0,0.627,0
203114,Khris Middleton,2018,108.7,1.6,1.5,0.3,0.076,36.4,0.537,0
202691,Klay Thompson,2018,105.6,7.1,0.8,0.5,0.055,34.3,0.753,0
1627739,Kris Dunn,2018,110.6,-8.0,2.0,0.5,0.071,29.3,0.365,0
204001,Kristaps Porziņģis,2018,106.7,0.4,0.8,2.4,0.098,32.4,0.458,0
203937,Kyle Anderson,2018,102.0,3.3,1.6,0.8,0.1,26.7,0.554,0
1628398,Kyle Kuzma,2018,107.5,-2.2,0.6,0.4,0.095,31.2,0.442,0
200768,Kyle Lowry,2018,105.5,7.6,1.1,0.2,0.085,32.2,0.731,0
202681,Kyrie Irving,2018,104.3,5.6,1.1,0.3,0.057,32.2,0.683,0
200746,LaMarcus Aldridge,2018,103.3,5.4,0.6,1.2,0.127,33.4,0.6,0
1628374,Lauri Markkanen,2018,110.5,-9.0,0.6,0.6,0.123,29.7,0.338,0
2544,LeBron James,2018,112.1,1.6,1.4,0.9,0.119,36.9,0.61,0
1628366,Lonzo Ball,2018,105.3,-0.6,1.7,0.8,0.095,34.2,0.462,0
101150,Lou Williams,2018,110.2,1.6,1.1,0.2,0.038,32.8,0.532,0
201601,Luc Mbah a Moute,2018,101.7,9.7,1.2,0.4,0.06,25.6,0.852,0
1627763,Malcolm Brogdon,2018,109.2,-2.1,0.9,0.3,0.058,29.9,0.521,0
201188,Marc Gasol,2018,109.7,-6.9,0.7,1.4,0.127,33.0,0.288,0
101162,Marcin Gortat,2018,105.3,2.1,0.5,0.7,0.151,25.3,0.524,0
201158,Marco Belinelli,2018,106.8,-1.4,0.8,0.2,0.038,24.3,0.488,0
202694,Marcus Morris Sr.,2018,105.3,0.7,0.6,0.2,0.097,26.7,0.63,0
203935,Marcus Smart,2018,99.6,6.2,1.3,0.4,0.056,29.9,0.704,0
202693,Markieff Morris,2018,107.7,0.7,0.8,0.5,0.107,27.0,0.507,0
101107,Marvin Williams,2018,107.1,1.6,0.7,0.5,0.089,25.7,0.423,0
203077,Michael Kidd-Gilchrist,2018,107.2,1.8,0.7,0.4,0.079,25.0,0.459,0
1628462,Milos Teodosic,2018,107.4,2.4,0.5,0.1,0.054,25.2,0.644,0
1626167,Myles Turner,2018,105.3,3.0,0.6,1.8,0.114,28.2,0.6,0
201587,Nicolas Batum,2018,109.6,-0.4,1.0,0.4,0.075,31.0,0.422,0
203999,Nikola Jokić,2018,107.8,6.2,1.2,0.8,0.168,32.6,0.573,0
202703,Nikola Mirotic,2018,105.4,4.2,0.8,0.7,0.127,27.2,0.618,0
202696,Nikola Vučević,2018,107.5,-1.3,1.0,1.1,0.153,29.5,0.298,0
203490,Otto Porter Jr.,2018,105.1,5.1,1.5,0.5,0.104,31.6,0.545,0
200782,P.J. Tucker,2018,103.4,11.4,1.0,0.3,0.101,27.8,0.793,0
201988,Patty Mills,2018,105.3,2.6,0.7,0.1,0.036,25.7,0.573,0
200765,Rajon Rondo,2018,106.8,0.8,1.1,0.2,0.074,26.2,0.631,0
203493,Reggie Bullock Jr.,2018,106.9,0.6,0.8,0.2,0.043,27.9,0.516,0
202704,Reggie Jackson,2018,106.6,0.4,0.6,0.1,0.052,26.7,0.6,0
201937,Ricky Rubio,2018,101.2,4.7,1.6,0.1,0.08,29.3,0.571,0
203496,Robert Covington,2018,100.0,9.9,1.7,0.9,0.082,31.6,0.638,0
201577,Robin Lopez,2018,107.7,-6.1,0.2,0.8,0.083,26.4,0.359,0
203918,Rodney Hood,2018,108.9,-2.3,0.8,0.2,0.052,26.9,0.483,0
1626178,Rondae Hollis-Jefferson,2018,109.6,-3.7,1.0,0.7,0.113,28.2,0.382,0
203497,Rudy Gobert,2018,98.3,9.4,0.8,2.3,0.165,32.4,0.661,1
201566,Russell Westbrook,2018,105.6,6.6,1.8,0.3,0.133,36.4,0.588,0
201583,Ryan Anderson,2018,106.9,6.9,0.4,0.3,0.096,26.1,0.788,0
201586,Serge Ibaka,2018,106.1,6.8,0.4,1.3,0.112,27.5,0.697,0
203915,Spencer Dinwiddie,2018,108.6,-1.3,0.9,0.3,0.054,28.8,0.35,0
1626169,Stanley Johnson,2018,105.2,-0.6,1.4,0.2,0.065,27.4,0.478,0
201939,Stephen Curry,2018,107.7,13.0,1.6,0.2,0.079,32.0,0.804,0
203500,Steven Adams,2018,105.7,6.4,1.2,1.0,0.133,32.7,0.566,0
203933,T.J. Warren,2018,112.2,-9.0,1.0,0.6,0.074,33.0,0.277,0
201959,Taj Gibson,2018,108.5,4.6,0.8,0.7,0.109,33.2,0.573,0
1627752,Taurean Prince,2018,111.4,-7.5,1.0,0.5,0.078,30.0,0.293,0
1626179,Terry Rozier,2018,101.6,2.6,1.0,0.2,0.087,25.9,0.675,0
201152,Thaddeus Young,2018,105.0,3.7,1.7,0.4,0.101,32.2,0.593,0
203501,Tim Hardaway Jr.,2018,109.8,-1.9,1.1,0.2,0.057,33.1,0.333,0
202699,Tobias Harris,2018,110.6,-2.3,0.9,0.4,0.081,33.3,0.488,0
203503,Tony Snell,2018,110.3,-0.9,0.6,0.4,0.036,27.4,0.56,0
2772,Trevor Ariza,2018,105.6,8.3,1.5,0.2,0.065,33.9,0.761,0
204020,Tyler Johnson,2018,104.5,1.0,0.8,0.5,0.06,28.5,0.542,0
201936,Tyreke Evans,2018,106.4,0.1,1.1,0.3,0.083,30.9,0.365,0
2199,Tyson Chandler,2018,111.1,-10.2,0.3,0.6,0.174,25.0,0.326,0
203506,Victor Oladipo,2018,104.0,5.9,2.4,0.8,0.077,34.0,0.64,0
201961,Wayne Ellington,2018,104.6,2.2,0.7,0.1,0.053,26.5,0.545,0
202083,Wesley Matthews,2018,111.0,-7.2,1.2,0.3,0.047,33.8,0.317,0
203115,Will Barton,2018,108.6,2.1,1.0,0.6,0.075,33.1,0.568,0
1626161,Willie Cauley-Stein,2018,109.6,-7.8,1.1,0.9,0.128,28.0,0.315,0
201163,Wilson Chandler,2018,109.1,1.4,0.6,0.5,0.085,31.7,0.554,0
1627812,Yogi Ferrell,2018,103.2,0.2,0.8,0.1,0.054,27.8,0.293,0
2216,Zach Randolph,2018,114.7,-12.2,0.7,0.2,0.135,25.6,0.305,0
201143,Al Horford,2019,106.4,6.1,0.9,1.3,0.113,29.0,0.603,0
202329,Al-Farouq Aminu,2019,108.2,8.2,0.8,0.4,0.127,28.3,0.642,0
201627,Anthony Morrow,2010,109.0,-1.4,0.9,0.2,0.064,29.2,0.348,0
1515,Anthony Parker,2010,102.6,8.4,0.8,0.2,0.053,28.3,0.753,0
201229,Anthony Tolliver,2010,109.3,0.2,0.7,0.7,0.111,31.0,0.37,0
201167,Arron Afflalo,2010,104.8,4.2,0.6,0.4,0.057,27.1,0.646,0
203459,Allen Crabbe,2019,106.1,0.3,0.5,0.3,0.06,26.4,0.442,0
203083,Andre Drummond,2019,108.4,3.3,1.7,1.7,0.228,33.5,0.506,0
203952,Andrew Wiggins,2019,111.9,-1.2,1.0,0.7,0.065,34.8,0.425,0
203076,Anthony Davis,2019,110.1,3.4,1.6,2.4,0.17,33.0,0.446,0
203085,Austin Rivers,2019,109.1,2.5,0.6,0.3,0.038,26.7,0.592,0
202340,Avery Bradley,2019,110.2,-1.5,0.7,0.3,0.044,30.2,0.492,0
1627732,Ben Simmons,2019,108.9,2.4,1.4,0.8,0.122,34.2,0.633,0
201933,Blake Griffin,2019,109.3,0.5,0.7,0.4,0.105,35.0,0.52,0
1626171,Bobby Portis,2019,114.3,-4.4,0.7,0.4,0.154,26.0,0.28,0
203992,Bogdan Bogdanović,2019,109.3,-1.1,1.0,0.2,0.058,27.8,0.457,0
202711,Bojan Bogdanovic,2019,105.8,2.9,0.9,0.0,0.064,31.8,0.58,0
203078,Bradley Beal,2019,113.5,-1.8,1.5,0.7,0.066,36.9,0.39,0
1627742,Brandon Ingram,2019,108.8,-1.5,0.5,0.6,0.069,33.9,0.481,0
201572,Brook Lopez,2019,103.4,11.5,0.6,2.2,0.079,28.7,0.741,0
1627854,Bryn Forbes,2019,110.2,-0.3,0.5,0.0,0.053,28.0,0.585,0
1627741,Buddy Hield,2019,110.0,-0.6,0.7,0.4,0.072,31.9,0.476,0
203468,CJ McCollum,2019,108.9,6.5,0.8,0.4,0.056,33.9,0.614,0
1627747,Caris LeVert,2019,108.7,-0.2,1.1,0.4,0.065,26.6,0.475,0
1626224,Cedi Osman,2019,118.8,-12.8,0.8,0.1,0.073,32.2,0.224,0
101108,Chris Paul,2019,104.2,8.3,2.0,0.3,0.07,32.0,0.672,0
203991,Clint Capela,2019,108.7,5.4,0.7,1.5,0.185,33.6,0.657,0
203469,Cody Zeller,2019,110.9,1.4,0.8,0.8,0.127,25.4,0.449,0
1629012,Collin Sexton,2019,118.1,-12.5,0.5,0.1,0.045,31.8,0.232,0
202709,Cory Joseph,2019,102.4,5.2,1.1,0.3,0.066,25.2,0.585,0
1626156,D'Angelo Russell,2019,107.9,0.2,1.2,0.2,0.06,30.2,0.519,0
201571,D.J. Augustin,2019,107.2,3.2,0.6,0.0,0.044,28.0,0.519,0
203081,Damian Lillard,2019,107.9,8.2,1.1,0.4,0.062,35.5,0.638,0
1628422,Damyean Dotson,2019,110.8,-8.0,0.8,0.1,0.061,27.4,0.164,0
201568,Danilo Gallinari,2019,111.0,2.3,0.7,0.3,0.101,30.3,0.588,0
201980,Danny Green,2019,104.3,13.4,0.9,0.7,0.07,27.7,0.7,0
203967,Dario Šarić,2019,110.7,-2.0,0.6,0.1,0.106,25.0,0.481,0
203121,Darius Miller,2019,109.8,-0.2,0.6,0.3,0.033,25.5,0.449,0
201954,Darren Collison,2019,107.4,2.2,1.4,0.1,0.054,28.2,0.592,0
1628368,De'Aaron Fox,2019,109.1,0.9,1.6,0.6,0.054,31.4,0.481,0
201954,Darren Collison,2010,108.8,-3.6,1.0,0.1,0.048,27.8,0.447,0
101135,David Lee,2010,110.1,-3.6,1.0,0.5,0.162,37.3,0.346,0
2561,David West,2010,109.8,-2.7,0.9,0.7,0.108,36.4,0.457,0
201599,DeAndre Jordan,2019,110.1,-5.1,0.6,1.1,0.21,29.7,0.362,0
201942,DeMar DeRozan,2019,110.9,0.0,1.1,0.5,0.085,34.9,0.571,0
201960,DeMarre Carroll,2019,106.2,2.0,0.5,0.1,0.094,25.4,0.537,0
1629028,Deandre Ayton,2019,113.3,-8.1,0.9,0.9,0.169,30.7,0.239,0
203471,Dennis Schröder,2019,105.5,3.6,0.8,0.2,0.057,29.3,0.595,0
1628372,Dennis Smith Jr.,2019,107.7,-5.3,1.3,0.4,0.048,28.5,0.396,0
201565,Derrick Rose,2019,110.8,0.7,0.6,0.2,0.046,27.3,0.471,0
1628401,Derrick White,2019,107.1,4.8,1.0,0.7,0.072,25.8,0.612,0
1626164,Devin Booker,2019,115.1,-6.9,0.9,0.2,0.058,35.0,0.234,0
203473,Dewayne Dedmon,2019,112.0,-4.1,1.1,1.1,0.145,25.1,0.375,0
203079,Dion Waiters,2019,107.8,-2.0,0.7,0.2,0.049,25.9,0.455,0
1627734,Domantas Sabonis,2019,103.6,5.2,0.6,0.4,0.184,24.8,0.581,0
1628378,Donovan Mitchell,2019,103.7,6.8,1.4,0.4,0.058,33.7,0.636,0
1627827,Dorian Finney-Smith,2019,108.7,-1.9,0.9,0.4,0.092,24.5,0.407,0
203110,Draymond Green,2019,105.0,10.7,1.4,1.1,0.112,31.3,0.727,0
2548,Dwyane Wade,2019,106.6,-1.8,0.8,0.5,0.069,26.2,0.486,0
202734,E'Twaun Moore,2019,111.6,-0.3,0.8,0.2,0.041,27.6,0.396,0
203901,Elfrid Payton,2019,112.9,-2.2,1.0,0.4,0.083,29.8,0.429,0
1626144,Emmanuel Mudiay,2019,114.8,-10.8,0.7,0.3,0.057,27.2,0.22,0
202683,Enes Freedom,2019,112.6,-6.2,0.5,0.4,0.188,24.5,0.418,0
202339,Eric Bledsoe,2019,104.2,11.1,1.5,0.4,0.074,29.1,0.756,0
201569,Eric Gordon,2019,108.1,8.1,0.6,0.4,0.033,31.7,0.647,0
203095,Evan Fournier,2019,108.4,1.7,0.9,0.1,0.05,31.5,0.519,0
1627832,Fred VanVleet,2019,105.0,8.1,0.9,0.3,0.046,27.5,0.719,0
202066,Garrett Temple,2019,106.8,-1.6,1.0,0.4,0.053,27.2,0.493,0
203914,Gary Harris,2019,105.3,6.2,1.0,0.3,0.047,28.8,0.667,0
203507,Giannis Antetokounmpo,2019,101.8,12.5,1.3,1.5,0.176,32.8,0.778,0
202330,Gordon Hayward,2019,105.2,5.1,0.9,0.3,0.083,25.9,0.611,0
203084,Harrison Barnes,2019,109.4,-1.5,0.6,0.2,0.066,32.9,0.442,0
200755,JJ Redick,2019,104.7,5.6,0.4,0.2,0.036,31.3,0.645,0
203953,Jabari Parker,2019,110.8,-6.2,0.7,0.5,0.117,26.9,0.281,0
203109,Jae Crowder,2019,105.3,4.4,0.8,0.4,0.083,27.1,0.6,0
1627750,Jamal Murray,2019,108.0,4.8,0.9,0.4,0.063,32.6,0.653,0
1628991,Jaren Jackson Jr.,2019,103.6,-2.3,0.9,1.4,0.09,26.1,0.397,0
1628386,Jarrett Allen,2019,111.6,-2.4,0.5,1.5,0.15,26.2,0.525,0
1627759,Jaylen Brown,2019,105.9,2.4,0.9,0.4,0.077,25.9,0.554,0
1628369,Jayson Tatum,2019,105.1,6.8,1.1,0.7,0.093,31.1,0.608,0
201145,Jeff Green,2019,113.2,-1.9,0.6,0.5,0.072,27.2,0.377,0
201952,Jeff Teague,2019,113.1,-0.1,1.0,0.4,0.039,30.1,0.548,0
203924,Jerami Grant,2019,105.6,5.4,0.8,1.3,0.073,32.7,0.6,0
203087,Jeremy Lamb,2019,109.6,0.7,1.1,0.4,0.091,28.5,0.481,0
202710,Jimmy Butler III,2019,108.3,3.6,1.9,0.6,0.075,33.6,0.585,0
203925,Joe Harris,2019,111.2,-1.6,0.5,0.2,0.06,30.2,0.539,0
204060,Joe Ingles,2019,101.6,7.7,1.2,0.2,0.061,31.3,0.61,0
203954,Joel Embiid,2019,104.8,7.6,0.7,1.9,0.191,33.7,0.672,0
1628381,John Collins,2019,113.0,-1.4,0.4,0.6,0.154,30.0,0.393,0
1628371,Jonathan Isaac,2019,107.3,1.0,0.8,1.3,0.099,26.6,0.493,0
203903,Jordan Clarkson,2019,115.0,-8.0,0.7,0.2,0.06,27.3,0.222,0
1628404,Josh Hart,2019,104.7,0.4,1.0,0.6,0.065,25.6,0.463,0
1628367,Josh Jackson,2019,112.4,-9.6,0.9,0.7,0.084,25.2,0.241,0
1626196,Josh Richardson,2019,105.6,0.9,1.1,0.5,0.049,34.8,0.479,0
201950,Jrue Holiday,2019,109.1,4.4,1.6,0.8,0.065,35.8,0.448,0
203944,Julius Randle,2019,111.4,-0.2,0.7,0.6,0.134,30.6,0.425,0
203200,Justin Holiday,2019,110.1,-7.7,1.5,0.4,0.06,31.8,0.305,0
1626159,Justise Winslow,2019,104.2,3.4,1.1,0.3,0.086,29.7,0.455,0
203994,Jusuf Nurkić,2019,106.5,10.5,1.0,1.4,0.181,27.4,0.625,0
1626157,Karl-Anthony Towns,2019,111.3,0.9,0.9,1.6,0.176,33.0,0.442,0
202695,Kawhi Leonard,2019,107.8,7.9,1.8,0.4,0.106,34.0,0.683,0
1626162,Kelly Oubre Jr.,2019,113.3,-6.0,1.2,0.9,0.08,28.0,0.304,0
202689,Kemba Walker,2019,111.8,0.4,1.2,0.4,0.06,34.9,0.476,0
203145,Kent Bazemore,2019,110.2,-7.7,1.3,0.6,0.072,24.5,0.358,0
203484,Kentavious Caldwell-Pope,2019,110.1,-3.7,0.9,0.2,0.055,24.8,0.451,0
201142,Kevin Durant,2019,107.3,11.4,0.7,1.1,0.088,34.6,0.692,0
203937,Kyle Anderson,2019,104.7,-2.1,1.3,0.9,0.1,29.8,0.442,0
1628398,Kyle Kuzma,2019,109.7,-1.3,0.6,0.4,0.077,33.1,0.471,0
200768,Kyle Lowry,2019,105.5,10.7,1.4,0.5,0.069,34.1,0.723,0
202681,Kyrie Irving,2019,107.1,6.2,1.5,0.5,0.072,33.0,0.552,0
200746,LaMarcus Aldridge,2019,111.0,1.5,0.5,1.3,0.139,33.2,0.593,0
1626204,Larry Nance Jr.,2019,114.6,-8.8,1.5,0.6,0.154,26.8,0.239,0
1628374,Lauri Markkanen,2019,112.3,-5.5,0.7,0.6,0.138,32.3,0.308,0
2544,LeBron James,2019,107.6,2.0,1.3,0.6,0.114,35.2,0.509,0
1628366,Lonzo Ball,2019,106.1,-0.7,1.5,0.4,0.081,30.3,0.532,0
101150,Lou Williams,2019,109.2,3.9,0.8,0.1,0.051,26.6,0.627,0
1629029,Luka Dončić,2019,110.6,-3.1,1.1,0.3,0.117,32.2,0.389,0
1627763,Malcolm Brogdon,2019,102.7,10.7,0.7,0.2,0.073,28.6,0.766,0
201188,Marc Gasol,2019,104.9,3.5,1.1,1.1,0.132,30.8,0.494,0
202694,Marcus Morris Sr.,2019,108.9,1.4,0.6,0.3,0.106,27.9,0.587,0
203935,Marcus Smart,2019,106.7,3.8,1.8,0.4,0.051,27.5,0.6,0
1628963,Marvin Bagley III,2019,111.0,-3.2,0.5,1.0,0.136,25.3,0.484,0
101107,Marvin Williams,2019,110.9,-0.4,0.9,0.8,0.091,28.4,0.467,0
1628969,Mikal Bridges,2019,112.0,-6.8,1.6,0.5,0.054,29.5,0.232,0
201144,Mike Conley,2019,105.6,0.7,1.3,0.3,0.051,33.5,0.429,0
1626149,Montrezl Harrell,2019,109.9,1.9,0.9,1.3,0.117,26.3,0.585,0
1626167,Myles Turner,2019,104.5,2.8,0.8,2.7,0.123,28.6,0.581,0
201587,Nicolas Batum,2019,110.3,-0.5,0.9,0.6,0.079,31.4,0.467,0
203999,Nikola Jokić,2019,107.5,5.8,1.4,0.7,0.169,31.3,0.663,0
202703,Nikola Mirotic,2019,108.3,3.7,0.7,0.7,0.123,27.1,0.522,0
202696,Nikola Vučević,2019,106.4,4.0,1.0,1.1,0.188,31.4,0.513,0
203943,Noah Vonleh,2019,112.4,-7.7,0.7,0.8,0.145,25.3,0.191,0
203490,Otto Porter Jr.,2019,111.6,-0.4,1.5,0.6,0.092,30.1,0.446,0
200782,P.J. Tucker,2019,109.5,4.5,1.6,0.5,0.084,34.2,0.646,0
1627783,Pascal Siakam,2019,104.2,10.6,0.9,0.7,0.105,31.8,0.713,0
201976,Patrick Beverley,2019,108.7,4.0,0.9,0.6,0.087,27.4,0.615,0
202331,Paul George,2019,103.9,8.2,2.2,0.4,0.101,36.9,0.597,0
200794,Paul Millsap,2019,105.4,8.6,1.2,0.8,0.13,27.1,0.7,0
200765,Rajon Rondo,2019,113.3,-8.6,1.2,0.2,0.083,29.8,0.413,0
203493,Reggie Bullock Jr.,2019,110.3,-1.3,0.6,0.2,0.045,29.8,0.429,0
1628989,Kevin Huerter,2019,111.6,-2.2,0.9,0.3,0.056,27.3,0.36,0
1628995,Kevin Knox II,2019,115.1,-13.7,0.6,0.3,0.071,28.8,0.2,0
203114,Khris Middleton,2019,104.2,10.5,1.0,0.1,0.089,31.1,0.727,0
202691,Klay Thompson,2019,108.5,6.5,1.1,0.6,0.055,34.0,0.705,0
1627739,Kris Dunn,2019,113.7,-7.6,1.5,0.5,0.066,30.2,0.304,0
202704,Reggie Jackson,2019,108.4,0.5,0.7,0.1,0.046,27.9,0.5,0
201937,Ricky Rubio,2019,104.1,6.3,1.3,0.1,0.062,27.9,0.588,0
203918,Rodney Hood,2019,113.7,-7.4,0.8,0.2,0.041,26.3,0.403,0
200752,Rudy Gay,2019,106.8,4.1,0.8,0.5,0.125,26.7,0.609,0
203497,Rudy Gobert,2019,103.6,6.9,0.8,2.3,0.194,31.8,0.617,1
201566,Russell Westbrook,2019,107.4,5.0,1.9,0.5,0.141,36.0,0.603,0
1627853,Ryan Arcidiacono,2019,110.2,-5.8,0.8,0.0,0.054,24.2,0.272,0
201586,Serge Ibaka,2019,107.4,6.1,0.4,1.4,0.144,27.2,0.716,0
1628983,Shai Gilgeous-Alexander,2019,110.8,-2.0,1.2,0.5,0.053,26.5,0.585,0
203915,Spencer Dinwiddie,2019,109.8,-2.7,0.6,0.3,0.041,28.1,0.529,0
201939,Stephen Curry,2019,105.8,13.7,1.3,0.4,0.075,33.8,0.754,0
203500,Steven Adams,2019,105.9,6.7,1.5,1.0,0.131,33.4,0.588,0
1628420,Monte Morris,2019,105.1,4.3,0.9,0.0,0.047,24.0,0.659,0
203933,T.J. Warren,2019,114.1,-7.7,1.2,0.7,0.064,31.6,0.233,0
201959,Taj Gibson,2019,111.6,-2.1,0.8,0.6,0.128,24.1,0.457,0
1627752,Taurean Prince,2019,115.4,-6.9,1.0,0.3,0.06,28.2,0.345,0
1628390,Terrance Ferguson,2019,107.1,3.9,0.5,0.2,0.034,26.1,0.595,0
203082,Terrence Ross,2019,105.9,-0.5,0.9,0.4,0.062,26.5,0.519,0
201152,Thaddeus Young,2019,106.5,2.5,1.5,0.4,0.105,30.7,0.58,0
203501,Tim Hardaway Jr.,2019,114.5,-9.1,0.8,0.1,0.051,31.6,0.215,0
202699,Tobias Harris,2019,110.5,0.4,0.6,0.5,0.108,34.7,0.561,0
203107,Tomas Satoransky,2019,110.5,-0.4,1.0,0.2,0.063,27.0,0.4,0
2772,Trevor Ariza,2019,114.4,-6.8,1.3,0.3,0.079,34.0,0.319,0
202684,Tristan Thompson,2019,118.8,-12.3,0.7,0.4,0.184,27.9,0.186,0
204020,Tyler Johnson,2019,108.5,-4.0,0.9,0.5,0.053,26.8,0.456,0
201961,Wayne Ellington,2019,107.2,-0.5,1.0,0.1,0.039,24.5,0.491,0
1628976,Wendell Carter Jr.,2019,109.5,-11.7,0.6,1.3,0.136,25.2,0.227,0
202083,Wesley Matthews,2019,109.4,-2.0,0.8,0.2,0.039,30.3,0.391,0
203115,Will Barton,2019,109.1,0.6,0.4,0.5,0.081,27.7,0.628,0
1626161,Willie Cauley-Stein,2019,108.7,1.2,1.2,0.6,0.142,27.3,0.481,0
203897,Zach LaVine,2019,112.4,-6.5,1.0,0.4,0.066,34.5,0.254,0
203932,Aaron Gordon,2020,109.7,-1.2,0.8,0.6,0.114,32.5,0.484,0
1628988,Aaron Holiday,2020,106.9,2.2,0.8,0.2,0.046,24.5,0.636,0
201143,Al Horford,2020,106.8,3.3,0.8,0.9,0.111,30.2,0.582,0
202692,Alec Burks,2020,109.8,-6.3,0.9,0.3,0.077,26.6,0.318,0
203083,Andre Drummond,2020,112.0,-5.0,1.9,1.6,0.229,33.0,0.368,0
203952,Andrew Wiggins,2020,112.8,-5.1,0.8,1.0,0.07,34.4,0.278,0
203076,Anthony Davis,2020,106.4,5.0,1.5,2.3,0.131,34.4,0.742,0
202340,Avery Bradley,2020,104.0,7.4,0.9,0.1,0.047,24.2,0.735,0
1628389,Bam Adebayo,2020,107.7,5.0,1.1,1.3,0.153,33.6,0.611,0
1627732,Ben Simmons,2020,107.3,1.7,2.1,0.6,0.107,35.4,0.614,0
203992,Bogdan Bogdanović,2020,110.8,-1.7,1.0,0.2,0.058,28.9,0.475,0
202711,Bojan Bogdanovic,2020,108.0,5.5,0.5,0.1,0.062,33.1,0.651,0
203078,Bradley Beal,2020,117.6,-4.5,1.2,0.4,0.058,36.0,0.351,0
1627742,Brandon Ingram,2020,111.3,-1.3,1.0,0.6,0.084,33.9,0.403,0
201572,Brook Lopez,2020,100.1,12.0,0.7,2.4,0.077,26.7,0.779,0
1628971,Bruce Brown,2020,110.4,-4.3,1.1,0.5,0.084,28.2,0.31,0
1627854,Bryn Forbes,2020,114.8,-6.8,0.5,0.0,0.039,25.1,0.429,0
1627741,Buddy Hield,2020,111.9,-3.1,0.9,0.2,0.074,30.8,0.431,0
203468,CJ McCollum,2020,113.6,0.5,0.8,0.6,0.054,36.5,0.486,0
1629629,Cam Reddish,2020,113.2,-6.3,1.1,0.5,0.065,26.7,0.293,0
1627747,Caris LeVert,2020,109.5,0.2,1.2,0.2,0.065,29.6,0.467,0
2546,Carmelo Anthony,2020,113.0,0.6,0.8,0.5,0.092,32.8,0.483,0
1626224,Cedi Osman,2020,115.2,-9.0,0.8,0.2,0.06,29.4,0.292,0
101108,Chris Paul,2020,107.1,6.9,1.6,0.2,0.08,31.5,0.629,0
1629632,Coby White,2020,108.8,-4.4,0.8,0.1,0.067,25.8,0.338,0
1629012,Collin Sexton,2020,117.0,-9.2,1.0,0.1,0.048,33.0,0.292,0
202709,Cory Joseph,2020,107.6,-0.3,0.7,0.3,0.053,24.4,0.431,0
1626156,D'Angelo Russell,2020,114.3,-8.1,1.1,0.3,0.057,32.3,0.244,0
201571,D.J. Augustin,2020,104.6,1.5,0.6,0.0,0.041,24.9,0.491,0
203081,Damian Lillard,2020,114.3,1.4,1.1,0.3,0.053,37.5,0.5,0
1627814,Damion Lee,2020,109.7,-4.1,1.0,0.1,0.081,29.0,0.245,0
1628464,Daniel Theis,2020,104.0,7.0,0.6,1.3,0.129,24.1,0.646,0
201568,Danilo Gallinari,2020,111.2,5.7,0.7,0.1,0.09,29.6,0.597,0
201980,Danny Green,2020,106.0,6.4,1.3,0.5,0.065,24.8,0.75,0
1627863,Danuel House Jr.,2020,108.7,3.3,1.1,0.5,0.064,30.4,0.635,0
203967,Dario Šarić,2020,112.0,-1.2,0.6,0.2,0.123,24.7,0.485,0
1629636,Darius Garland,2020,113.8,-8.7,0.7,0.1,0.03,30.9,0.288,0
202722,Davis Bertans,2020,113.9,-0.3,0.7,0.6,0.074,29.3,0.37,0
1629631,De'Andre Hunter,2020,113.6,-5.5,0.7,0.3,0.068,32.0,0.302,0
201942,DeMar DeRozan,2020,113.7,-1.8,1.0,0.3,0.08,34.1,0.456,0
1627749,Dejounte Murray,2020,113.5,-4.2,1.7,0.3,0.112,25.6,0.439,0
203471,Dennis Schröder,2020,103.0,5.5,0.7,0.2,0.056,30.8,0.615,0
202324,Derrick Favors,2020,107.9,4.2,0.6,0.9,0.185,24.4,0.471,0
201565,Derrick Rose,2020,112.2,-3.4,0.8,0.3,0.046,26.0,0.34,0
1628401,Derrick White,2020,109.2,1.0,0.6,0.9,0.064,24.7,0.471,0
1626164,Devin Booker,2020,112.2,2.7,0.7,0.3,0.059,35.9,0.486,0
1628984,Devonte' Graham,2020,111.8,-4.5,1.0,0.2,0.047,35.1,0.365,0
1628415,Dillon Brooks,2020,108.9,-0.3,0.9,0.4,0.054,28.9,0.466,0
1627734,Domantas Sabonis,2020,106.8,3.1,0.8,0.5,0.177,34.8,0.597,0
1628378,Donovan Mitchell,2020,108.6,2.6,1.0,0.2,0.064,34.3,0.623,0
1627827,Dorian Finney-Smith,2020,109.5,6.5,0.6,0.5,0.09,29.9,0.563,0
203110,Draymond Green,2020,110.4,-7.2,1.4,0.8,0.104,28.4,0.233,0
1629130,Duncan Robinson,2020,106.2,7.5,0.5,0.3,0.054,29.7,0.603,0
203939,Dwight Powell,2020,107.4,8.9,0.9,0.6,0.102,26.5,0.625,0
203901,Elfrid Payton,2020,112.3,-3.0,1.6,0.4,0.081,27.7,0.378,0
202339,Eric Bledsoe,2020,100.8,11.8,0.9,0.4,0.077,27.0,0.787,0
1629672,Eric Paschall,2020,114.2,-10.6,0.5,0.2,0.081,27.6,0.233,0
203095,Evan Fournier,2020,109.5,-1.8,1.1,0.2,0.04,31.4,0.424,0
1627832,Fred VanVleet,2020,104.3,4.8,1.9,0.3,0.05,35.7,0.741,0
202066,Garrett Temple,2020,106.9,-1.4,0.8,0.5,0.056,27.9,0.484,0
203914,Gary Harris,2020,107.1,3.4,1.4,0.3,0.046,31.8,0.661,0
203922,Glenn Robinson III,2020,114.3,-7.8,0.9,0.3,0.074,28.8,0.274,0
201609,Goran Dragic,2020,108.2,3.5,0.7,0.2,0.055,28.2,0.627,0
202330,Gordon Hayward,2020,105.4,8.5,0.7,0.4,0.096,33.5,0.654,0
203084,Harrison Barnes,2020,111.4,-2.5,0.6,0.2,0.07,34.5,0.431,0
202355,Hassan Whiteside,2020,112.0,2.7,0.4,2.9,0.211,30.0,0.507,0
202397,Ish Smith,2020,113.1,-3.9,0.9,0.4,0.057,26.3,0.338,0
1629630,Ja Morant,2020,108.1,-0.6,0.9,0.3,0.059,31.0,0.493,0
203109,Jae Crowder,2020,111.9,-2.9,1.1,0.4,0.098,28.8,0.446,0
1627750,Jamal Murray,2020,107.7,5.3,1.1,0.3,0.063,32.3,0.644,0
201935,James Harden,2020,108.2,5.8,1.8,0.9,0.083,36.5,0.632,0
1628991,Jaren Jackson Jr.,2020,110.9,-2.6,0.7,1.6,0.077,28.5,0.491,0
1628386,Jarrett Allen,2020,109.6,0.9,0.6,1.3,0.167,26.5,0.471,0
1627759,Jaylen Brown,2020,106.8,6.9,1.1,0.4,0.09,33.9,0.667,0
1628369,Jayson Tatum,2020,103.5,10.6,1.4,0.9,0.096,34.3,0.697,0
201952,Jeff Teague,2020,113.7,-5.7,0.7,0.3,0.046,24.8,0.373,0
203924,Jerami Grant,2020,112.3,-2.1,0.7,0.8,0.065,26.6,0.634,0
203087,Jeremy Lamb,2020,109.8,-0.9,1.2,0.5,0.079,28.1,0.587,0
202710,Jimmy Butler III,2020,108.0,5.2,1.8,0.6,0.098,33.8,0.655,0
203925,Joe Harris,2020,109.9,0.9,0.6,0.2,0.065,30.8,0.478,0
204060,Joe Ingles,2020,105.6,5.1,0.9,0.2,0.064,29.7,0.611,0
203954,Joel Embiid,2020,102.0,5.2,0.9,1.3,0.187,29.5,0.627,0
1628381,John Collins,2020,112.1,-5.1,0.8,1.6,0.144,33.2,0.366,0
202685,Jonas Valančiūnas,2020,107.3,0.3,0.4,1.1,0.197,26.4,0.457,0
203903,Jordan Clarkson,2020,111.0,-0.5,0.6,0.2,0.053,24.0,0.479,0
1628404,Josh Hart,2020,111.2,-3.1,1.0,0.4,0.113,27.0,0.4,0
1629006,Josh Okogie,2020,111.0,-4.7,1.1,0.4,0.081,25.0,0.306,0
1626196,Josh Richardson,2020,106.0,3.3,0.9,0.7,0.049,30.8,0.6,0
201950,Jrue Holiday,2020,109.5,0.5,1.6,0.8,0.065,34.7,0.426,0
203944,Julius Randle,2020,111.6,-5.9,0.8,0.3,0.142,32.5,0.328,0
203200,Justin Holiday,2020,106.4,1.3,1.2,0.6,0.062,25.0,0.616,0
202695,Kawhi Leonard,2020,104.7,12.2,1.8,0.6,0.103,32.4,0.719,0
1626162,Kelly Oubre Jr.,2020,110.4,0.2,1.3,0.7,0.092,34.5,0.393,0
202689,Kemba Walker,2020,108.1,7.1,0.9,0.5,0.06,31.1,0.661,0
1629134,Kendrick Nunn,2020,109.1,1.2,0.8,0.2,0.046,29.3,0.627,0
203145,Kent Bazemore,2020,106.6,0.8,1.1,0.6,0.081,24.8,0.471,0
203484,Kentavious Caldwell-Pope,2020,107.2,3.5,0.8,0.2,0.038,25.5,0.739,0
1628989,Kevin Huerter,2020,113.6,-6.1,0.9,0.5,0.062,31.4,0.339,0
201567,Kevin Love,2020,115.4,-8.0,0.6,0.3,0.155,31.8,0.286,0
203114,Khris Middleton,2020,100.9,12.4,0.9,0.1,0.094,29.9,0.742,0
1627739,Kris Dunn,2020,103.6,-0.1,2.0,0.3,0.073,24.9,0.373,0
204001,Kristaps Porziņģis,2020,109.3,6.9,0.7,2.0,0.137,31.8,0.561,0
1628398,Kyle Kuzma,2020,105.2,4.9,0.5,0.4,0.085,25.0,0.754,0
200768,Kyle Lowry,2020,104.0,6.0,1.4,0.4,0.066,36.2,0.707,0
200746,LaMarcus Aldridge,2020,113.4,-3.2,0.7,1.6,0.11,33.1,0.434,0
1629013,Landry Shamet,2020,108.2,4.3,0.4,0.2,0.032,27.4,0.642,0
204038,Langston Galloway,2020,112.1,-4.4,0.7,0.2,0.043,25.8,0.303,0
1626204,Larry Nance Jr.,2020,110.7,-5.1,1.0,0.4,0.136,26.3,0.286,0
1628374,Lauri Markkanen,2020,107.3,-2.0,0.8,0.5,0.104,29.8,0.36,0
2544,LeBron James,2020,103.6,8.5,1.2,0.5,0.11,34.6,0.746,0
1628366,Lonzo Ball,2020,110.3,-0.7,1.4,0.6,0.087,32.1,0.413,0
101150,Lou Williams,2020,107.4,4.0,0.7,0.2,0.049,28.7,0.677,0
1629029,Luka Dončić,2020,111.4,5.3,1.0,0.2,0.132,33.6,0.59,0
1627763,Malcolm Brogdon,2020,105.7,2.3,0.6,0.2,0.078,30.9,0.63,0
201188,Marc Gasol,2020,98.9,10.1,0.8,0.9,0.112,26.4,0.795,0
202694,Marcus Morris Sr.,2020,109.9,1.5,0.8,0.5,0.077,31.2,0.419,0
203935,Marcus Smart,2020,104.6,7.3,1.7,0.5,0.055,32.0,0.65,0
1628365,Markelle Fultz,2020,110.5,-1.7,1.3,0.2,0.058,27.7,0.458,0
1628467,Maxi Kleber,2020,109.2,3.4,0.3,1.1,0.095,25.5,0.568,0
1628969,Mikal Bridges,2020,108.1,2.9,1.4,0.6,0.07,28.0,0.466,0
201144,Mike Conley,2020,107.6,2.1,0.8,0.1,0.054,29.0,0.553,0
1628970,Miles Bridges,2020,114.0,-9.7,0.6,0.7,0.088,30.7,0.354,0
1626149,Montrezl Harrell,2020,105.8,6.5,0.6,1.1,0.116,27.8,0.698,0
1626167,Myles Turner,2020,106.7,0.4,0.7,2.1,0.109,29.4,0.597,0
202357,Nemanja Bjelica,2020,111.1,-1.0,0.9,0.6,0.115,27.9,0.431,0
203999,Nikola Jokić,2020,108.9,4.5,1.2,0.6,0.155,32.0,0.63,0
202696,Nikola Vučević,2020,109.2,0.9,0.9,0.8,0.167,32.2,0.452,0
1626181,Norman Powell,2020,104.6,4.6,1.2,0.4,0.059,28.4,0.769,0
1628384,OG Anunoby,2020,104.2,6.2,1.4,0.7,0.085,29.9,0.725,0
200782,P.J. Tucker,2020,108.9,3.0,1.1,0.5,0.089,34.3,0.611,0
1629023,P.J. Washington,2020,110.1,-6.3,0.9,0.8,0.087,30.3,0.379,0
1627783,Pascal Siakam,2020,103.0,8.8,1.0,0.9,0.098,35.2,0.767,0
201976,Patrick Beverley,2020,104.0,10.2,1.1,0.5,0.093,26.3,0.745,0
202331,Paul George,2020,106.3,8.7,1.4,0.4,0.091,29.6,0.708,0
200794,Paul Millsap,2020,104.5,9.3,0.9,0.6,0.118,24.3,0.588,0
1629628,RJ Barrett,2020,114.5,-9.1,1.0,0.3,0.078,30.4,0.304,0
1626158,Richaun Holmes,2020,109.6,1.2,0.9,1.3,0.145,28.2,0.364,0
201937,Ricky Rubio,2020,108.4,4.0,1.4,0.2,0.075,31.0,0.492,0
203496,Robert Covington,2020,108.8,0.9,1.6,1.3,0.102,30.5,0.386,0
1626220,Royce O'Neale,2020,107.3,5.2,0.8,0.5,0.094,28.9,0.62,0
203497,Rudy Gobert,2020,106.6,6.2,0.8,2.0,0.195,34.3,0.618,0
1629060,Rui Hachimura,2020,116.7,-8.2,0.8,0.2,0.101,30.1,0.313,0
201566,Russell Westbrook,2020,107.1,3.1,1.6,0.4,0.1,36.0,0.632,0
201586,Serge Ibaka,2020,105.5,3.1,0.5,0.8,0.142,27.0,0.727,0
203552,Seth Curry,2020,110.6,3.4,0.6,0.1,0.043,24.6,0.594,0
203894,Shabazz Napier,2020,109.0,-3.6,1.2,0.2,0.056,24.0,0.286,0
1628983,Shai Gilgeous-Alexander,2020,109.2,3.5,1.1,0.7,0.085,34.7,0.614,0
203915,Spencer Dinwiddie,2020,109.4,1.1,0.6,0.3,0.051,31.2,0.469,0
203500,Steven Adams,2020,106.7,4.4,0.8,1.1,0.173,26.7,0.635,0
203933,T.J. Warren,2020,106.9,2.7,1.2,0.5,0.063,32.9,0.627,0
1627752,Taurean Prince,2020,108.4,1.3,0.9,0.4,0.093,29.0,0.469,0
203082,Terrence Ross,2020,108.0,-2.5,1.1,0.3,0.054,27.4,0.449,0
1626179,Terry Rozier,2020,113.4,-9.0,1.0,0.2,0.062,34.4,0.333,0
201152,Thaddeus Young,2020,108.1,-6.2,1.4,0.4,0.097,24.9,0.344,0
1628418,Thomas Bryant,2020,116.0,-6.6,0.5,1.1,0.139,24.9,0.326,0
203501,Tim Hardaway Jr.,2020,110.1,5.9,0.6,0.1,0.051,29.5,0.577,0
202699,Tobias Harris,2020,107.2,3.1,0.7,0.6,0.099,34.3,0.597,0
203107,Tomas Satoransky,2020,108.8,-1.5,1.2,0.1,0.069,28.9,0.338,0
203503,Tony Snell,2020,111.4,-5.5,0.5,0.3,0.034,27.8,0.305,0
1629027,Trae Young,2020,116.1,-4.9,1.1,0.1,0.057,35.3,0.3,0
2772,Trevor Ariza,2020,109.3,-0.3,1.3,0.3,0.08,28.2,0.415,0
202684,Tristan Thompson,2020,115.2,-10.1,0.6,0.9,0.165,30.2,0.333,0
1628972,Troy Brown Jr.,2020,113.7,-5.5,1.2,0.1,0.103,25.8,0.348,0
1629639,Tyler Herro,2020,109.6,-1.7,0.6,0.2,0.072,27.4,0.618,0
1628976,Wendell Carter Jr.,2020,105.3,-0.5,0.8,0.8,0.156,29.2,0.349,0
202083,Wesley Matthews,2020,98.3,12.2,0.6,0.1,0.045,24.4,0.776,0
203115,Will Barton,2020,106.9,5.8,1.1,0.5,0.094,33.0,0.655,0
203897,Zach LaVine,2020,111.2,-4.4,1.5,0.5,0.07,34.8,0.333,0
203932,Aaron Gordon,2021,110.4,2.1,0.7,0.7,0.102,27.7,0.58,0
202692,Alec Burks,2021,104.6,5.0,0.6,0.3,0.087,25.6,0.551,0
1630197,Aleksej Pokusevski,2021,114.9,-16.7,0.4,0.9,0.09,24.2,0.289,0
203083,Andre Drummond,2021,111.4,-3.9,1.4,1.1,0.229,27.0,0.413,0
203952,Andrew Wiggins,2021,109.1,-0.2,0.9,1.0,0.071,33.3,0.535,0
1630162,Anthony Edwards,2021,115.6,-5.0,1.1,0.5,0.07,32.1,0.319,0
1628389,Bam Adebayo,2021,109.6,0.6,1.2,1.0,0.139,33.5,0.531,0
1627732,Ben Simmons,2021,106.0,8.0,1.6,0.6,0.111,32.4,0.724,0
1884,Baron Davis,2010,107.6,-3.9,1.7,0.6,0.054,33.6,0.36,0
2732,Ben Gordon,2010,110.9,-6.2,0.8,0.1,0.037,27.9,0.29,0
1112,Ben Wallace,2010,105.7,-1.3,1.2,1.2,0.161,28.6,0.362,0
2757,Beno Udrih,2010,108.3,-4.4,1.1,0.1,0.045,31.3,0.304,0
2564,Boris Diaw,2010,101.7,3.0,0.7,0.7,0.078,35.4,0.537,0
201933,Blake Griffin,2021,111.0,2.1,0.7,0.3,0.094,25.8,0.522,0
203992,Bogdan Bogdanović,2021,111.0,3.9,1.1,0.3,0.061,29.7,0.682,0
202711,Bojan Bogdanovic,2021,107.3,9.5,0.6,0.1,0.06,30.8,0.722,0
203078,Bradley Beal,2021,114.8,-0.4,1.2,0.4,0.064,35.8,0.533,0
1629634,Brandon Clarke,2021,109.3,0.2,1.0,0.9,0.111,24.0,0.542,0
1627742,Brandon Ingram,2021,114.2,1.0,0.7,0.6,0.071,34.3,0.475,0
201572,Brook Lopez,2021,110.2,6.8,0.6,1.5,0.086,27.2,0.657,0
1627741,Buddy Hield,2021,116.3,-1.8,0.9,0.4,0.069,34.3,0.437,0
203468,CJ McCollum,2021,112.8,6.2,0.9,0.4,0.056,34.0,0.596,0
1629661,Cameron Johnson,2021,106.5,5.7,0.6,0.3,0.07,24.0,0.717,0
1627747,Caris LeVert,2021,112.1,-0.2,1.4,0.6,0.068,31.6,0.511,0
2546,Carmelo Anthony,2021,115.8,-0.6,0.7,0.6,0.06,24.5,0.565,0
1626224,Cedi Osman,2021,114.2,-11.0,0.9,0.2,0.067,25.6,0.288,0
1628449,Chris Boucher,2021,110.7,3.8,0.6,1.9,0.135,24.2,0.417,0
101108,Chris Paul,2021,108.8,6.5,1.4,0.3,0.073,31.4,0.7,0
1626174,Christian Wood,2021,112.6,-3.8,0.8,1.2,0.142,32.3,0.293,0
1629643,Chuma Okeke,2021,109.8,-7.2,1.1,0.5,0.074,25.2,0.333,0
203991,Clint Capela,2021,108.2,6.6,0.7,2.0,0.23,30.1,0.54,0
1629632,Coby White,2021,111.3,-2.7,0.6,0.2,0.065,31.2,0.435,0
1630175,Cole Anthony,2021,116.3,-12.8,0.6,0.4,0.081,27.1,0.277,0
1629012,Collin Sexton,2021,114.0,-9.2,1.0,0.2,0.044,35.3,0.3,0
1626156,D'Angelo Russell,2021,116.8,-7.0,1.1,0.4,0.044,28.5,0.381,0
203081,Damian Lillard,2021,115.6,4.0,0.9,0.3,0.057,35.8,0.582,0
1628464,Daniel Theis,2021,110.8,-1.3,0.6,0.9,0.11,24.6,0.431,0
201568,Danilo Gallinari,2021,110.3,2.7,0.6,0.2,0.087,24.0,0.569,0
201980,Danny Green,2021,107.4,7.1,1.3,0.8,0.066,28.0,0.667,0
1629647,Darius Bazley,2021,113.8,-13.1,0.5,0.5,0.108,31.2,0.291,0
1629636,Darius Garland,2021,112.3,-6.6,1.2,0.1,0.037,33.1,0.333,0
202722,Davis Bertans,2021,110.8,2.1,0.6,0.2,0.053,25.7,0.509,0
1628368,De'Aaron Fox,2021,118.0,-4.5,1.5,0.5,0.05,35.1,0.414,0
201942,DeMar DeRozan,2021,115.5,-2.5,0.9,0.2,0.062,33.7,0.443,0
1629028,Deandre Ayton,2021,110.8,6.3,0.6,1.2,0.179,30.6,0.696,0
1627749,Dejounte Murray,2021,109.5,2.3,1.5,0.1,0.108,31.9,0.478,0
1626153,Delon Wright,2021,111.8,-3.5,1.6,0.5,0.077,27.7,0.333,0
203471,Dennis Schröder,2021,108.6,2.2,1.1,0.2,0.055,32.1,0.623,0
2753,Delonte West,2010,101.0,7.0,0.9,0.5,0.059,25.0,0.7,0
965,Derek Fisher,2010,102.6,7.4,1.1,0.1,0.039,27.2,0.695,0
101114,Deron Williams,2010,104.3,8.2,1.3,0.2,0.058,36.9,0.658,0
201565,Derrick Rose,2010,103.6,-0.4,0.7,0.3,0.05,36.8,0.526,0
2734,Devin Harris,2010,111.5,-10.8,1.2,0.3,0.047,34.7,0.172,0
201565,Derrick Rose,2021,105.0,4.9,1.0,0.4,0.049,25.6,0.56,0
1626164,Devin Booker,2021,111.4,7.2,0.8,0.2,0.064,33.9,0.716,0
1628984,Devonte' Graham,2021,107.1,2.1,0.9,0.1,0.043,30.2,0.418,0
1628415,Dillon Brooks,2021,109.4,4.5,1.2,0.4,0.047,29.8,0.537,0
1627734,Domantas Sabonis,2021,111.5,-1.9,1.2,0.5,0.162,36.0,0.468,0
1628378,Donovan Mitchell,2021,109.2,7.9,1.0,0.3,0.063,33.4,0.736,0
1628978,Donte DiVincenzo,2021,109.1,8.1,1.1,0.2,0.1,27.5,0.667,0
1627827,Dorian Finney-Smith,2021,112.1,5.1,0.9,0.4,0.084,32.0,0.6,0
203110,Draymond Green,2021,109.3,5.4,1.7,0.8,0.11,31.5,0.556,0
1629130,Duncan Robinson,2021,108.3,2.3,0.6,0.3,0.057,31.4,0.556,0
1628407,Dwayne Bacon,2021,112.8,-11.4,0.6,0.1,0.056,25.7,0.292,0
202683,Enes Freedom,2021,114.8,4.9,0.5,0.7,0.213,24.4,0.583,0
202339,Eric Bledsoe,2021,114.8,-1.8,0.8,0.3,0.057,29.7,0.437,0
203095,Evan Fournier,2021,113.0,-1.4,1.1,0.5,0.049,30.0,0.429,0
1627832,Fred VanVleet,2021,110.2,3.3,1.7,0.7,0.057,36.5,0.423,0
202066,Garrett Temple,2021,109.3,1.5,0.8,0.5,0.052,27.3,0.446,0
1629018,Gary Trent Jr.,2021,115.7,-1.8,1.0,0.2,0.04,31.1,0.5,0
203507,Giannis Antetokounmpo,2021,107.3,9.8,1.2,1.2,0.16,33.0,0.656,0
201609,Goran Dragic,2021,108.6,1.5,0.7,0.2,0.063,26.7,0.6,0
202330,Gordon Hayward,2021,110.3,0.7,1.2,0.3,0.083,34.0,0.545,0
1628960,Grayson Allen,2021,111.0,0.5,0.9,0.2,0.06,25.2,0.52,0
203084,Harrison Barnes,2021,116.2,-1.8,0.7,0.2,0.092,36.2,0.431,0
1630171,Isaac Okoro,2021,113.4,-8.7,0.9,0.4,0.048,32.4,0.299,0
1629630,Ja Morant,2021,112.1,2.6,0.9,0.2,0.059,32.6,0.524,0
1630183,Jaden McDaniels,2021,113.1,-3.4,0.6,1.0,0.073,24.0,0.286,0
203109,Jae Crowder,2021,107.9,6.3,0.8,0.5,0.085,27.5,0.7,0
1630256,Jae'Sean Tate,2021,111.8,-3.8,1.2,0.5,0.088,29.2,0.243,0
1627751,Jakob Poeltl,2021,109.0,3.2,0.7,1.8,0.143,26.7,0.464,0
1628973,Jalen Brunson,2021,108.7,4.9,0.5,0.0,0.067,25.0,0.588,0
1627750,Jamal Murray,2021,110.6,8.0,1.3,0.3,0.059,35.5,0.646,0
203516,James Ennis III,2021,111.7,-3.8,0.8,0.2,0.082,24.1,0.293,0
201935,James Harden,2021,114.3,2.9,1.2,0.8,0.111,36.6,0.705,0
1628386,Jarrett Allen,2021,113.9,-5.6,0.5,1.4,0.17,29.6,0.317,0
1627759,Jaylen Brown,2021,111.8,1.8,1.2,0.6,0.085,34.5,0.517,0
1628369,Jayson Tatum,2021,111.8,3.0,1.2,0.5,0.102,35.8,0.531,0
201145,Jeff Green,2021,112.8,3.3,0.5,0.4,0.07,27.0,0.647,0
203924,Jerami Grant,2021,111.5,-3.2,0.6,1.1,0.067,33.9,0.278,0
202710,Jimmy Butler III,2021,106.9,5.2,2.1,0.3,0.105,33.6,0.635,0
203925,Joe Harris,2021,110.6,6.9,0.7,0.2,0.057,31.0,0.652,0
204060,Joe Ingles,2021,104.9,11.8,0.7,0.2,0.063,27.9,0.701,0
203954,Joel Embiid,2021,105.8,12.0,1.0,1.4,0.172,31.1,0.765,0
1628381,John Collins,2021,111.7,4.3,0.5,1.0,0.125,29.3,0.54,0
202322,John Wall,2021,111.8,-5.7,1.1,0.8,0.047,32.2,0.3,0
202685,Jonas Valančiūnas,2021,108.9,3.8,0.6,0.9,0.21,28.3,0.516,0
203903,Jordan Clarkson,2021,108.0,7.8,0.9,0.1,0.072,26.7,0.721,0
1628404,Josh Hart,2021,112.1,-0.2,0.8,0.3,0.138,28.7,0.447,0
1628367,Josh Jackson,2021,108.3,-3.4,0.9,0.8,0.079,25.2,0.258,0
1626196,Josh Richardson,2021,113.7,-0.2,1.0,0.4,0.054,30.3,0.593,0
201950,Jrue Holiday,2021,108.8,9.2,1.6,0.6,0.066,32.3,0.695,0
203944,Julius Randle,2021,106.8,3.0,0.9,0.3,0.131,37.6,0.563,0
203200,Justin Holiday,2021,111.2,-0.6,1.0,0.6,0.057,30.3,0.472,0
1626157,Karl-Anthony Towns,2021,114.7,-0.1,0.8,1.1,0.154,33.8,0.38,0
202695,Kawhi Leonard,2021,109.2,12.2,1.6,0.4,0.099,34.1,0.692,0
1629640,Keldon Johnson,2021,113.8,-3.8,0.6,0.3,0.103,28.5,0.464,0
203482,Kelly Olynyk,2021,113.2,-2.5,1.1,0.6,0.12,28.5,0.371,0
1626162,Kelly Oubre Jr.,2021,109.8,-4.6,1.0,0.8,0.091,30.7,0.491,0
202689,Kemba Walker,2021,111.4,3.1,1.1,0.3,0.062,31.8,0.512,0
1629134,Kendrick Nunn,2021,111.6,-0.4,0.9,0.3,0.055,29.5,0.554,0
203484,Kentavious Caldwell-Pope,2021,107.3,3.3,0.9,0.4,0.048,28.4,0.582,0
1628989,Kevin Huerter,2021,111.6,1.7,1.2,0.3,0.053,30.8,0.58,0
203114,Khris Middleton,2021,110.5,6.2,1.1,0.1,0.085,33.4,0.662,0
204001,Kristaps Porziņģis,2021,115.3,0.7,0.5,1.3,0.141,30.9,0.605,0
203937,Kyle Anderson,2021,108.7,1.6,1.2,0.8,0.099,27.4,0.522,0
1628398,Kyle Kuzma,2021,105.4,-0.6,0.5,0.6,0.105,28.7,0.588,0
200768,Kyle Lowry,2021,113.0,-0.3,1.0,0.3,0.075,34.8,0.326,0
202681,Kyrie Irving,2021,113.8,5.6,1.4,0.7,0.067,34.9,0.667,0
1630163,LaMelo Ball,2021,111.8,-3.1,1.6,0.4,0.1,28.8,0.451,0
1628374,Lauri Markkanen,2021,109.9,-2.8,0.5,0.3,0.101,25.8,0.392,0
2544,LeBron James,2021,103.2,9.2,1.1,0.6,0.114,33.4,0.667,0
1629022,Lonnie Walker IV,2021,115.7,-6.3,0.5,0.3,0.05,25.4,0.467,0
1629652,Luguentz Dort,2021,111.6,-7.2,0.9,0.4,0.057,29.7,0.346,0
1629029,Luka Dončić,2021,112.7,3.9,1.0,0.5,0.115,34.3,0.606,0
1627763,Malcolm Brogdon,2021,111.1,-0.5,0.9,0.3,0.073,34.5,0.482,0
202694,Marcus Morris Sr.,2021,113.1,4.2,0.6,0.3,0.08,26.3,0.667,0
203935,Marcus Smart,2021,111.3,2.8,1.5,0.5,0.052,32.9,0.5,0
1717,Dirk Nowitzki,2010,103.3,5.4,0.9,1.0,0.106,37.5,0.667,0
1628963,Marvin Bagley III,2021,116.5,-3.7,0.5,0.5,0.14,25.9,0.465,0
203486,Mason Plumlee,2021,114.0,-4.9,0.8,0.9,0.176,26.8,0.25,0
1628467,Maxi Kleber,2021,108.9,4.6,0.5,0.7,0.095,26.8,0.62,0
1629008,Michael Porter Jr.,2021,111.9,8.3,0.7,0.9,0.121,31.3,0.656,0
1628969,Mikal Bridges,2021,110.0,7.4,1.1,0.9,0.068,32.6,0.708,0
201144,Mike Conley,2021,99.5,16.7,1.4,0.2,0.055,29.4,0.725,0
1628970,Miles Bridges,2021,110.1,0.3,0.7,0.8,0.1,29.3,0.47,0
1628420,Monte Morris,2021,109.5,6.2,0.7,0.3,0.04,25.5,0.638,0
1626167,Myles Turner,2021,107.9,1.3,0.9,3.4,0.102,31.0,0.468,0
203457,Nerlens Noel,2021,108.5,0.7,1.1,2.2,0.13,24.2,0.547,0
201587,Nicolas Batum,2021,108.2,8.9,1.0,0.6,0.088,27.4,0.657,0
203999,Nikola Jokić,2021,112.6,7.7,1.3,0.7,0.163,34.6,0.653,0
202696,Nikola Vučević,2021,113.6,-7.0,0.9,0.7,0.17,33.5,0.371,0
1626181,Norman Powell,2021,112.5,1.8,1.2,0.3,0.048,32.0,0.464,0
1628384,OG Anunoby,2021,109.1,3.3,1.5,0.7,0.081,33.3,0.419,0
200782,P.J. Tucker,2021,114.7,-5.5,0.8,0.4,0.073,26.1,0.519,0
1629023,P.J. Washington,2021,109.8,0.6,1.1,1.2,0.103,30.5,0.484,0
1627783,Pascal Siakam,2021,111.4,3.0,1.1,0.7,0.099,35.8,0.375,0
203493,Reggie Bullock Jr.,2021,107.2,2.5,0.8,0.2,0.056,30.0,0.585,0
1626158,Richaun Holmes,2021,114.6,0.3,0.6,1.6,0.14,29.2,0.475,0
201937,Ricky Rubio,2021,114.3,-5.0,1.4,0.1,0.06,26.1,0.338,0
203496,Robert Covington,2021,113.8,4.8,1.4,1.2,0.102,32.0,0.6,0
1626220,Royce O'Neale,2021,107.3,10.4,0.8,0.5,0.104,31.6,0.718,0
203497,Rudy Gobert,2021,100.9,15.9,0.6,2.7,0.205,30.8,0.732,1
1629060,Rui Hachimura,2021,112.4,-2.8,0.8,0.1,0.083,31.5,0.509,0
201566,Russell Westbrook,2021,110.4,-1.2,1.4,0.4,0.147,36.4,0.462,0
1630180,Saddiq Bey,2021,111.2,-5.6,0.7,0.2,0.082,27.3,0.271,0
203552,Seth Curry,2021,106.5,8.2,0.8,0.1,0.042,28.7,0.684,0
203082,Terrence Ross,2021,112.0,-8.8,1.0,0.5,0.054,29.3,0.348,0
1626179,Terry Rozier,2021,112.9,-2.0,1.3,0.4,0.061,34.5,0.464,0
201152,Thaddeus Young,2021,110.1,4.1,1.1,0.6,0.13,24.3,0.441,0
1630177,Theo Maledon,2021,113.6,-16.5,0.9,0.2,0.055,27.3,0.308,0
203501,Tim Hardaway Jr.,2021,112.3,2.1,0.4,0.2,0.056,28.4,0.6,0
202699,Tobias Harris,2021,106.1,7.2,0.9,0.8,0.104,32.5,0.71,0
1629027,Trae Young,2021,113.0,5.2,0.8,0.2,0.057,33.7,0.571,0
1629639,Tyler Herro,2021,110.6,-2.9,0.6,0.3,0.081,30.3,0.537,0
1630169,Tyrese Haliburton,2021,116.4,-5.6,1.3,0.5,0.049,30.1,0.431,0
1628976,Wendell Carter Jr.,2021,113.5,-9.0,0.6,0.8,0.154,25.5,0.389,0
203115,Will Barton,2021,112.4,6.0,0.9,0.4,0.067,31.0,0.661,0
203897,Zach LaVine,2021,113.1,-0.8,0.8,0.5,0.071,35.1,0.448,0
1629627,Zion Williamson,2021,111.7,2.1,0.9,0.6,0.106,33.2,0.475,0
203932,Aaron Gordon,2022,111.1,6.2,0.6,0.6,0.095,31.7,0.613,0
1630598,Aaron Wiggins,2022,112.6,-8.1,0.6,0.2,0.069,24.2,0.26,0
201143,Al Horford,2022,103.4,9.3,0.7,1.3,0.13,29.1,0.667,0
202692,Alec Burks,2022,108.1,2.3,1.0,0.3,0.082,28.6,0.457,0
1627936,Alex Caruso,2022,105.5,5.1,1.7,0.4,0.064,28.0,0.585,0
203952,Andrew Wiggins,2022,105.4,5.8,1.0,0.7,0.066,31.9,0.644,0
1629014,Anfernee Simons,2022,112.9,-2.5,0.5,0.1,0.044,29.5,0.439,0
203076,Anthony Davis,2022,108.9,-3.0,1.2,2.3,0.134,35.1,0.425,0
1630162,Anthony Edwards,2022,110.6,4.0,1.5,0.6,0.067,34.2,0.542,0
1630245,Ayo Dosunmu,2022,114.1,-5.0,0.8,0.4,0.052,27.4,0.545,0
1628389,Bam Adebayo,2022,104.9,8.1,1.4,0.8,0.159,32.6,0.643,0
1626171,Bobby Portis,2022,108.5,6.3,0.7,0.7,0.153,28.2,0.639,0
203992,Bogdan Bogdanović,2022,112.1,4.5,1.1,0.2,0.067,29.3,0.524,0
202711,Bojan Bogdanovic,2022,111.4,4.8,0.5,0.0,0.068,30.9,0.652,0
203078,Bradley Beal,2022,110.5,-3.5,0.9,0.4,0.064,36.0,0.425,0
203468,CJ McCollum,2022,114.0,-1.9,1.1,0.4,0.062,34.6,0.452,0
1630595,Cade Cunningham,2022,113.1,-6.2,1.2,0.7,0.083,32.6,0.313,0
1629661,Cameron Johnson,2022,104.6,6.2,0.9,0.2,0.075,26.2,0.758,0
1627747,Caris LeVert,2022,114.5,-1.8,0.9,0.4,0.06,30.7,0.397,0
201939,Stephen Curry,2021,109.6,4.6,1.2,0.1,0.077,34.2,0.587,0
1628425,Sterling Brown,2021,110.8,-5.4,0.7,0.2,0.086,24.1,0.275,0
203500,Steven Adams,2021,115.0,-0.1,0.9,0.7,0.16,27.7,0.448,0
204456,T.J. McConnell,2021,110.0,2.5,1.9,0.3,0.068,26.0,0.478,0
201943,Brandon Jennings,2010,101.5,2.5,1.3,0.2,0.054,32.6,0.561,0
2546,Carmelo Anthony,2022,111.7,-2.9,0.7,0.8,0.076,26.0,0.391,0
1630537,Chris Duarte,2022,109.7,-2.0,1.0,0.2,0.071,28.0,0.382,0
101108,Chris Paul,2022,105.5,10.0,1.9,0.3,0.064,32.9,0.815,0
1626174,Christian Wood,2022,115.7,-9.1,0.8,1.0,0.158,30.8,0.279,0
1629643,Chuma Okeke,2022,109.1,-8.8,1.4,0.6,0.092,25.0,0.3,0
203991,Clint Capela,2022,113.3,3.3,0.7,1.3,0.208,27.6,0.541,0
1629632,Coby White,2022,113.6,-1.2,0.5,0.2,0.055,27.5,0.525,0
1628998,Cody Martin,2022,113.0,0.1,1.2,0.5,0.075,26.3,0.577,0
1630175,Cole Anthony,2022,111.1,-5.4,0.7,0.3,0.08,31.7,0.277,0
202709,Cory Joseph,2022,111.7,-6.4,0.6,0.3,0.053,24.6,0.292,0
1626156,D'Angelo Russell,2022,109.8,4.7,1.0,0.3,0.05,31.9,0.6,0
201568,Danilo Gallinari,2022,112.6,3.4,0.4,0.2,0.092,25.3,0.53,0
1629647,Darius Bazley,2022,113.1,-11.3,0.8,1.0,0.104,27.9,0.275,0
1629636,Darius Garland,2022,106.9,6.6,1.3,0.1,0.046,35.7,0.544,0
1630558,Davion Mitchell,2022,111.3,-6.0,0.7,0.3,0.038,27.7,0.373,0
1628368,De'Aaron Fox,2022,116.5,-4.4,1.2,0.4,0.054,35.3,0.373,0
1629631,De'Andre Hunter,2022,113.9,0.7,0.7,0.4,0.055,29.8,0.528,0
201942,DeMar DeRozan,2022,112.0,1.1,0.9,0.3,0.072,36.1,0.566,0
1629028,Deandre Ayton,2022,107.7,9.6,0.7,0.7,0.172,29.5,0.793,0
1627749,Dejounte Murray,2022,111.0,1.9,2.0,0.3,0.112,34.8,0.441,0
1630166,Deni Avdija,2022,110.1,-1.0,0.7,0.5,0.106,24.2,0.427,0
203471,Dennis Schröder,2022,107.9,-1.0,0.8,0.1,0.057,28.7,0.5,0
1628401,Derrick White,2022,106.4,4.9,0.9,0.8,0.056,29.3,0.533,0
1630217,Desmond Bane,2022,107.8,6.9,1.2,0.4,0.068,29.8,0.697,0
1626164,Devin Booker,2022,108.1,9.5,1.1,0.4,0.071,34.5,0.824,0
1630170,Devin Vassell,2022,110.2,1.0,1.1,0.6,0.074,27.3,0.408,0
1628984,Devonte' Graham,2022,111.1,0.3,0.9,0.2,0.04,28.4,0.447,0
1627734,Domantas Sabonis,2022,110.1,-0.6,1.0,0.4,0.176,34.4,0.339,0
1628378,Donovan Mitchell,2022,111.7,5.9,1.5,0.2,0.061,33.8,0.612,0
1627827,Dorian Finney-Smith,2022,110.4,4.4,1.1,0.5,0.072,33.0,0.638,0
203926,Doug McDermott,2022,114.1,-1.8,0.3,0.1,0.045,24.0,0.412,0
203110,Draymond Green,2022,102.8,7.2,1.3,1.1,0.122,28.9,0.739,0
1629130,Duncan Robinson,2022,107.9,2.6,0.5,0.2,0.05,25.9,0.658,0
202339,Eric Bledsoe,2022,106.4,-1.2,1.3,0.4,0.063,25.2,0.5,0
201569,Eric Gordon,2022,113.6,-5.1,0.5,0.3,0.033,29.3,0.333,0
203095,Evan Fournier,2022,112.5,-2.7,1.0,0.3,0.042,29.5,0.45,0
1630596,Evan Mobley,2022,106.8,1.7,0.8,1.7,0.12,33.8,0.58,0
1630532,Franz Wagner,2022,110.8,-4.9,0.9,0.4,0.069,30.7,0.266,0
1627832,Fred VanVleet,2022,108.5,3.7,1.7,0.5,0.057,37.9,0.6,0
1629726,Garrison Mathews,2022,116.5,-5.9,0.9,0.4,0.054,26.3,0.292,0
203914,Gary Harris,2022,110.1,-5.9,1.0,0.1,0.034,28.4,0.262,0
1629018,Gary Trent Jr.,2022,110.2,3.3,1.7,0.3,0.038,35.0,0.629,0
203507,Giannis Antetokounmpo,2022,107.9,8.0,1.1,1.4,0.168,32.9,0.672,0
202330,Gordon Hayward,2022,111.0,-0.4,1.0,0.4,0.067,31.9,0.531,0
1629684,Grant Williams,2022,108.0,4.5,0.5,0.7,0.072,24.4,0.636,0
1628960,Grayson Allen,2022,107.5,5.0,0.7,0.3,0.058,27.3,0.652,0
203084,Harrison Barnes,2022,116.7,-6.7,0.7,0.2,0.082,33.6,0.351,0
1630529,Herbert Jones,2022,110.2,2.0,1.7,0.8,0.063,29.9,0.462,0
1630171,Isaac Okoro,2022,109.3,3.1,0.8,0.3,0.052,29.6,0.507,0
1630191,Isaiah Stewart,2022,112.1,-9.5,0.3,1.1,0.161,25.6,0.296,0
1627826,Ivica Zubac,2022,112.2,-3.5,0.5,1.0,0.17,24.4,0.526,0
1629630,Ja Morant,2022,111.2,4.1,1.2,0.4,0.08,33.1,0.632,0
1630183,Jaden McDaniels,2022,109.3,0.6,0.7,0.8,0.075,25.8,0.571,0
203109,Jae Crowder,2022,105.9,10.2,1.4,0.4,0.092,28.1,0.806,0
1630256,Jae'Sean Tate,2022,114.2,-8.9,0.9,0.5,0.098,26.4,0.244,0
1627751,Jakob Poeltl,2022,111.8,3.4,0.7,1.7,0.154,29.0,0.441,0
1628973,Jalen Brunson,2022,109.4,4.4,0.8,0.0,0.062,31.9,0.633,0
1630224,Jalen Green,2022,116.9,-11.3,0.7,0.3,0.051,31.9,0.179,0
1630591,Jalen Suggs,2022,107.8,-7.1,1.2,0.4,0.061,27.2,0.333,0
201935,James Harden,2022,111.4,3.5,1.3,0.6,0.103,37.2,0.615,0
1628991,Jaren Jackson Jr.,2022,106.0,7.9,0.9,2.3,0.097,27.3,0.679,0
1629020,Jarred Vanderbilt,2022,110.5,5.0,1.3,0.6,0.158,25.4,0.554,0
1628386,Jarrett Allen,2022,106.7,3.3,0.8,1.3,0.163,32.3,0.625,0
1627759,Jaylen Brown,2022,103.8,9.8,1.1,0.3,0.088,33.6,0.652,0
1628369,Jayson Tatum,2022,103.4,12.1,1.0,0.6,0.109,35.9,0.645,0
201145,Jeff Green,2022,111.5,1.8,0.4,0.4,0.063,24.7,0.587,0
203924,Jerami Grant,2022,110.7,-7.8,0.9,1.0,0.06,31.9,0.234,0
202710,Jimmy Butler III,2022,108.4,6.1,1.6,0.5,0.09,33.9,0.667,0
204060,Joe Ingles,2022,103.7,8.2,0.5,0.1,0.056,24.9,0.622,0
203954,Joel Embiid,2022,107.8,7.9,1.1,1.5,0.176,33.8,0.662,0
1628381,John Collins,2022,112.7,0.8,0.6,1.0,0.124,30.8,0.481,0
202685,Jonas Valančiūnas,2022,110.2,1.2,0.6,0.8,0.189,30.3,0.459,0
203903,Jordan Clarkson,2022,107.0,8.7,0.8,0.2,0.061,27.1,0.595,0
1629673,Jordan Poole,2022,105.5,6.6,0.8,0.3,0.056,30.0,0.645,0
1630581,Josh Giddey,2022,109.4,-8.3,0.9,0.4,0.113,31.5,0.315,0
1628404,Josh Hart,2022,113.2,-4.9,1.1,0.2,0.107,33.2,0.37,0
1626196,Josh Richardson,2022,107.8,4.5,0.9,0.4,0.057,24.6,0.585,0
201950,Jrue Holiday,2022,109.7,8.5,1.6,0.4,0.066,32.9,0.701,0
203944,Julius Randle,2022,111.6,-3.6,0.7,0.5,0.132,35.3,0.444,0
203200,Justin Holiday,2022,113.9,-5.1,0.8,0.4,0.046,27.8,0.338,0
203994,Jusuf Nurkić,2022,110.1,-0.1,1.1,0.6,0.191,28.2,0.446,0
1626157,Karl-Anthony Towns,2022,111.6,5.3,1.0,1.1,0.141,33.5,0.595,0
1629640,Keldon Johnson,2022,111.1,2.1,0.8,0.2,0.089,31.9,0.44,0
1626162,Kelly Oubre Jr.,2022,112.4,-0.2,1.0,0.4,0.071,26.3,0.513,0
203484,Kentavious Caldwell-Pope,2022,113.8,-4.7,1.1,0.3,0.056,30.2,0.442,0
201142,Kevin Durant,2022,109.7,6.5,0.9,0.9,0.097,37.2,0.655,0
1628989,Kevin Huerter,2022,112.5,3.8,0.7,0.4,0.056,29.6,0.541,0
1629645,Kevin Porter Jr.,2022,114.9,-6.7,1.1,0.4,0.067,31.3,0.262,0
203114,Khris Middleton,2022,109.6,5.4,1.2,0.3,0.079,32.4,0.667,0
204001,Kristaps Porziņģis,2022,109.5,0.4,0.7,1.6,0.137,29.0,0.51,0
1628398,Kyle Kuzma,2022,114.3,-6.1,0.6,0.9,0.126,33.4,0.439,0
200768,Kyle Lowry,2022,106.6,5.9,1.1,0.3,0.067,33.9,0.651,0
1630163,LaMelo Ball,2022,112.5,1.5,1.6,0.4,0.098,32.3,0.52,0
1628374,Lauri Markkanen,2022,109.9,3.9,0.7,0.5,0.092,30.8,0.525,0
2544,LeBron James,2022,113.5,-2.5,1.3,1.1,0.109,37.2,0.446,0
1629652,Luguentz Dort,2022,110.1,-8.1,0.9,0.4,0.058,32.7,0.333,0
1629029,Luka Dončić,2022,110.3,3.5,1.2,0.6,0.129,35.4,0.677,0
1628379,Luke Kennard,2022,106.6,3.4,0.6,0.1,0.057,27.4,0.5,0
1627736,Malik Beasley,2022,110.1,2.0,0.5,0.2,0.054,25.0,0.582,0
1628370,Malik Monk,2022,112.9,0.3,0.8,0.4,0.058,28.1,0.421,0
202694,Marcus Morris Sr.,2022,114.0,-4.8,0.5,0.3,0.074,29.0,0.481,0
203935,Marcus Smart,2022,105.2,9.3,1.7,0.3,0.057,32.3,0.662,1
203486,Mason Plumlee,2022,109.6,0.9,0.8,0.7,0.148,24.6,0.548,0
1629680,Matisse Thybulle,2022,107.2,3.8,1.7,1.1,0.045,25.5,0.652,0
1628467,Maxi Kleber,2022,105.3,3.9,0.5,1.0,0.116,24.6,0.61,0
1628969,Mikal Bridges,2022,106.9,9.8,1.2,0.4,0.06,34.8,0.78,0
201144,Mike Conley,2022,104.9,7.7,1.3,0.3,0.051,28.6,0.611,0
1628970,Miles Bridges,2022,112.4,2.1,0.9,0.8,0.094,35.5,0.513,0
1629642,Nassir Little,2022,111.1,-0.9,0.6,0.9,0.105,25.9,0.452,0
201587,Nicolas Batum,2022,109.8,-4.4,1.0,0.7,0.082,24.8,0.525,0
203999,Nikola Jokić,2022,108.9,8.4,1.5,0.9,0.209,33.5,0.622,0
202696,Nikola Vučević,2022,112.8,-1.6,1.0,1.0,0.168,33.1,0.562,0
1626181,Norman Powell,2022,118.7,-8.1,0.9,0.5,0.05,32.4,0.333,0
1628384,OG Anunoby,2022,108.1,3.9,1.5,0.5,0.076,36.0,0.646,0
200782,P.J. Tucker,2022,107.1,6.2,0.8,0.2,0.099,27.9,0.634,0
1629023,P.J. Washington,2022,111.5,3.5,0.9,0.9,0.092,27.2,0.508,0
1627783,Pascal Siakam,2022,109.6,4.8,1.3,0.6,0.111,37.9,0.588,0
1626192,Pat Connaughton,2022,112.1,-0.7,0.9,0.2,0.077,26.0,0.631,0
201976,Patrick Beverley,2022,109.8,3.7,1.2,0.9,0.077,25.4,0.569,0
201988,Patty Mills,2022,110.7,1.5,0.6,0.2,0.032,29.0,0.543,0
1629628,RJ Barrett,2022,111.6,-3.3,0.6,0.2,0.079,34.5,0.471,0
203493,Reggie Bullock Jr.,2022,106.7,6.6,0.6,0.2,0.063,28.0,0.647,0
202704,Reggie Jackson,2022,109.4,-1.3,0.7,0.2,0.055,31.2,0.507,0
203496,Robert Covington,2022,110.2,0.6,1.5,1.3,0.098,27.3,0.479,0
1629057,Robert Williams III,2022,103.4,10.0,0.9,2.2,0.155,29.6,0.656,0
1626220,Royce O'Neale,2022,110.5,5.3,1.1,0.4,0.075,31.2,0.597,0
203497,Rudy Gobert,2022,104.5,9.6,0.7,2.1,0.217,32.1,0.636,0
201566,Russell Westbrook,2022,111.5,-4.0,1.0,0.3,0.103,34.3,0.397,0
1630180,Saddiq Bey,2022,114.0,-9.3,0.9,0.2,0.078,33.0,0.28,0
1630567,Scottie Barnes,2022,108.4,1.8,1.1,0.7,0.102,35.4,0.581,0
203552,Seth Curry,2022,109.2,4.5,0.8,0.2,0.047,33.3,0.594,0
1628983,Shai Gilgeous-Alexander,2022,113.0,-6.4,1.3,0.8,0.065,34.7,0.286,0
203915,Spencer Dinwiddie,2022,109.4,-1.0,0.7,0.2,0.068,29.6,0.567,0
201939,Stephen Curry,2022,103.4,10.7,1.3,0.4,0.073,34.5,0.703,0
203500,Steven Adams,2022,109.5,8.3,0.9,0.8,0.178,26.3,0.671,0
1629659,Talen Horton-Tucker,2022,110.1,-2.2,1.0,0.5,0.061,25.2,0.383,0
1629611,Terance Mann,2022,107.1,1.5,0.7,0.3,0.086,28.6,0.506,0
1626179,Terry Rozier,2022,112.0,1.4,1.3,0.3,0.061,33.7,0.521,0
203501,Tim Hardaway Jr.,2022,107.7,1.3,0.9,0.1,0.061,29.6,0.571,0
202699,Tobias Harris,2022,110.0,3.2,0.6,0.6,0.099,34.8,0.616,0
1629027,Trae Young,2022,114.9,2.3,0.9,0.1,0.053,34.9,0.526,0
1629639,Tyler Herro,2022,108.1,5.3,0.7,0.1,0.076,32.6,0.667,0
1630169,Tyrese Haliburton,2022,115.9,-6.0,1.7,0.6,0.056,35.0,0.338,0
1630178,Tyrese Maxey,2022,109.7,3.6,0.7,0.4,0.046,35.3,0.6,0
1628976,Wendell Carter Jr.,2022,108.8,-3.7,0.6,0.7,0.168,29.9,0.258,0
203115,Will Barton,2022,110.4,2.0,0.8,0.4,0.075,32.1,0.577,0
203897,Zach LaVine,2022,113.4,-0.9,0.6,0.3,0.067,34.7,0.552,0
203932,Aaron Gordon,2023,110.9,12.1,0.8,0.8,0.112,30.2,0.662,0
1630174,Aaron Nesmith,2023,118.5,-4.7,0.8,0.5,0.076,24.9,0.411,0
201143,Al Horford,2023,111.1,7.8,0.5,1.0,0.101,30.5,0.698,0
1630578,Alperen Sengun,2023,120.3,-7.8,0.9,0.9,0.154,28.9,0.24,0
1629614,Andrew Nembhard,2023,118.2,-5.9,0.9,0.2,0.047,27.6,0.427,0
1629014,Anfernee Simons,2023,115.7,-1.6,0.7,0.2,0.038,35.0,0.435,0
203076,Anthony Davis,2023,109.5,4.8,1.1,2.0,0.177,34.0,0.554,0
200750,Brandon Roy,2010,106.5,5.2,0.9,0.2,0.064,37.2,0.646,0
201575,Brandon Rush,2010,104.3,-3.1,0.7,0.8,0.067,30.4,0.39,0
2217,Brendan Haywood,2010,104.2,1.0,0.3,2.1,0.154,30.6,0.481,0
201572,Brook Lopez,2010,109.9,-10.1,0.7,1.7,0.122,36.9,0.146,0
1630162,Anthony Edwards,2023,111.9,1.9,1.6,0.7,0.079,36.0,0.506,0
1630559,Austin Reaves,2023,110.5,4.9,0.5,0.3,0.051,28.8,0.547,0
1630245,Ayo Dosunmu,2023,110.1,-1.3,0.8,0.3,0.052,26.2,0.5,0
1628389,Bam Adebayo,2023,111.2,1.8,1.2,0.8,0.139,34.6,0.533,0
1627732,Ben Simmons,2023,112.5,2.1,1.3,0.6,0.12,26.3,0.571,0
1631097,Bennedict Mathurin,2023,115.8,-4.3,0.6,0.2,0.069,28.5,0.423,0
1626171,Bobby Portis,2023,112.0,-0.1,0.4,0.2,0.172,26.0,0.671,0
203992,Bogdan Bogdanović,2023,116.1,1.2,0.8,0.3,0.055,27.9,0.5,0
202711,Bojan Bogdanovic,2023,119.5,-8.2,0.6,0.1,0.058,32.1,0.254,0
203078,Bradley Beal,2023,115.9,0.7,0.9,0.7,0.06,33.5,0.48,0
1627742,Brandon Ingram,2023,112.5,3.0,0.7,0.4,0.081,34.2,0.511,0
201572,Brook Lopez,2023,106.6,7.1,0.5,2.5,0.101,30.4,0.731,0
1628971,Bruce Brown,2023,113.0,0.8,1.1,0.6,0.074,28.5,0.663,0
1627741,Buddy Hield,2023,116.3,-1.9,1.2,0.3,0.079,31.0,0.438,0
203468,CJ McCollum,2023,113.5,1.1,0.9,0.5,0.062,35.3,0.507,0
1628997,Caleb Martin,2023,110.7,0.0,1.0,0.4,0.086,29.3,0.535,0
1629629,Cam Reddish,2023,117.8,-9.0,1.0,0.4,0.043,24.7,0.35,0
1629661,Cameron Johnson,2023,108.7,6.6,1.2,0.3,0.076,28.6,0.595,0
1627747,Caris LeVert,2023,108.5,4.5,1.0,0.3,0.065,30.2,0.608,0
101108,Chris Paul,2023,112.5,2.3,1.5,0.4,0.066,32.0,0.559,0
1626174,Christian Wood,2023,116.7,-1.3,0.4,1.1,0.147,25.9,0.493,0
203991,Clint Capela,2023,116.4,-1.1,0.7,1.2,0.203,26.6,0.538,0
1630175,Cole Anthony,2023,112.5,-0.1,0.6,0.5,0.091,25.9,0.467,0
1630557,Corey Kispert,2023,115.6,-3.2,0.4,0.1,0.05,28.3,0.419,0
1626156,D'Angelo Russell,2023,112.1,1.5,1.0,0.4,0.047,32.5,0.549,0
203081,Damian Lillard,2023,117.4,2.1,0.9,0.3,0.068,36.3,0.466,0
1629636,Darius Garland,2023,108.8,8.0,1.2,0.1,0.04,35.5,0.58,0
1628368,De'Aaron Fox,2023,116.8,3.1,1.1,0.3,0.064,33.4,0.603,0
1629631,De'Andre Hunter,2023,115.5,-0.6,0.5,0.3,0.066,31.7,0.522,0
1629001,De'Anthony Melton,2023,112.8,2.7,1.6,0.5,0.076,27.9,0.649,0
2400,Drew Gooden,2010,111.0,-8.2,0.6,0.8,0.16,25.1,0.471,0
2730,Dwight Howard,2010,100.9,11.3,0.9,2.8,0.199,34.7,0.72,1
2548,Dwyane Wade,2010,103.8,6.3,1.8,1.1,0.07,36.3,0.584,0
201942,DeMar DeRozan,2023,110.7,1.5,1.1,0.5,0.066,36.2,0.5,0
1629028,Deandre Ayton,2023,113.2,0.0,0.6,0.8,0.164,30.4,0.537,0
1627749,Dejounte Murray,2023,115.4,-1.1,1.5,0.3,0.071,36.4,0.514,0
1626153,Delon Wright,2023,110.9,3.2,1.8,0.3,0.074,24.4,0.52,0
1630166,Deni Avdija,2023,114.1,-0.8,0.9,0.4,0.12,26.6,0.434,0
203471,Dennis Schröder,2023,112.2,2.8,0.8,0.2,0.04,30.1,0.561,0
1628372,Dennis Smith Jr.,2023,106.2,-2.6,1.4,0.5,0.056,25.7,0.352,0
1628401,Derrick White,2023,107.2,11.0,0.7,0.9,0.062,28.3,0.695,0
1630217,Desmond Bane,2023,107.4,9.0,1.0,0.4,0.074,31.7,0.655,0
1626164,Devin Booker,2023,113.4,6.2,1.0,0.3,0.065,34.6,0.642,0
1628415,Dillon Brooks,2023,108.5,4.9,0.9,0.2,0.051,30.3,0.63,0
1627734,Domantas Sabonis,2023,116.8,3.9,0.8,0.5,0.185,34.6,0.595,0
1628378,Donovan Mitchell,2023,110.4,5.9,1.5,0.4,0.062,35.8,0.647,0
1628978,Donte DiVincenzo,2023,110.6,2.9,1.3,0.1,0.082,26.3,0.583,0
1627827,Dorian Finney-Smith,2023,114.3,-0.3,0.8,0.5,0.079,30.4,0.47,0
201569,Eric Gordon,2023,116.4,-5.8,0.6,0.4,0.033,28.5,0.362,0
1630596,Evan Mobley,2023,109.0,6.5,0.8,1.5,0.137,34.4,0.608,0
1630532,Franz Wagner,2023,110.1,1.2,1.0,0.2,0.063,32.6,0.413,0
1627832,Fred VanVleet,2023,112.8,3.3,1.8,0.6,0.056,36.7,0.493,0
1629216,Gabe Vincent,2023,111.7,-0.7,0.9,0.1,0.043,25.9,0.544,0
203914,Gary Harris,2023,115.8,-2.8,0.9,0.3,0.043,24.7,0.458,0
1629018,Gary Trent Jr.,2023,113.8,-2.1,1.6,0.2,0.04,32.1,0.47,0
203507,Giannis Antetokounmpo,2023,109.2,7.2,0.8,0.8,0.171,32.1,0.746,0
202330,Gordon Hayward,2023,111.7,-3.3,0.8,0.2,0.065,31.5,0.4,0
1629684,Grant Williams,2023,109.0,5.9,0.5,0.4,0.088,25.9,0.696,0
1628960,Grayson Allen,2023,109.1,4.9,0.9,0.2,0.057,27.4,0.736,0
203084,Harrison Barnes,2023,115.2,4.8,0.7,0.1,0.07,32.5,0.585,0
1630529,Herbert Jones,2023,111.8,3.9,1.6,0.6,0.07,29.6,0.47,0
1630193,Immanuel Quickley,2023,108.1,6.2,1.0,0.2,0.068,28.9,0.58,0
1630191,Isaiah Stewart,2023,116.9,-8.0,0.4,0.7,0.138,28.3,0.24,0
1627826,Ivica Zubac,2023,113.4,-0.6,0.4,1.3,0.178,28.5,0.566,0
1629630,Ja Morant,2023,108.5,7.3,1.1,0.3,0.084,31.9,0.656,0
1631095,Jabari Smith Jr.,2023,120.4,-11.3,0.5,0.9,0.112,31.0,0.266,0
1631093,Jaden Ivey,2023,120.1,-13.0,0.8,0.2,0.062,31.1,0.216,0
1630183,Jaden McDaniels,2023,111.6,2.0,0.9,1.0,0.063,30.6,0.519,0
1627751,Jakob Poeltl,2023,115.5,-3.1,0.9,1.2,0.174,26.5,0.361,0
1628973,Jalen Brunson,2023,117.1,2.1,0.9,0.2,0.05,35.0,0.588,0
1631105,Jalen Duren,2023,116.2,-8.3,0.7,0.9,0.174,24.9,0.239,0
1630224,Jalen Green,2023,120.0,-8.7,0.8,0.2,0.053,34.2,0.263,0
1631114,Jalen Williams,2023,112.6,-1.0,1.4,0.5,0.071,30.3,0.48,0
1627750,Jamal Murray,2023,112.5,6.4,1.0,0.2,0.062,32.8,0.662,0
201935,James Harden,2023,113.3,6.1,1.2,0.5,0.088,36.8,0.672,0
1628991,Jaren Jackson Jr.,2023,106.6,9.8,1.0,3.0,0.11,28.4,0.651,1
1629020,Jarred Vanderbilt,2023,116.2,-1.5,1.1,0.3,0.154,24.1,0.551,0
1628386,Jarrett Allen,2023,108.8,7.7,0.8,1.2,0.159,32.6,0.647,0
1627759,Jaylen Brown,2023,111.2,5.4,1.1,0.4,0.093,35.9,0.687,0
1628369,Jayson Tatum,2023,110.8,8.5,1.1,0.7,0.117,36.9,0.703,0
203924,Jerami Grant,2023,117.3,-1.2,0.8,0.8,0.065,35.6,0.444,0
1631110,Jeremy Sochan,2023,117.6,-7.0,0.8,0.4,0.098,26.0,0.268,0
202710,Jimmy Butler III,2023,113.7,1.2,1.8,0.3,0.093,33.4,0.547,0
203954,Joel Embiid,2023,110.2,8.8,1.0,1.7,0.157,34.6,0.652,0
1628381,John Collins,2023,115.2,-0.2,0.6,1.0,0.107,30.0,0.521,0
202685,Jonas Valančiūnas,2023,113.5,-0.7,0.3,0.7,0.204,24.9,0.506,0
203903,Jordan Clarkson,2023,116.6,0.8,0.5,0.2,0.06,32.6,0.492,0
1629673,Jordan Poole,2023,111.8,-0.8,0.8,0.3,0.043,30.0,0.537,0
1630581,Josh Giddey,2023,114.0,-2.2,0.8,0.4,0.121,31.1,0.447,0
1630182,Josh Green,2023,112.8,2.5,0.7,0.1,0.062,25.7,0.45,0
1628404,Josh Hart,2023,113.5,5.9,1.2,0.3,0.124,32.3,0.553,0
201950,Jrue Holiday,2023,107.9,9.2,1.2,0.4,0.073,32.6,0.746,0
203944,Julius Randle,2023,115.4,2.7,0.6,0.3,0.137,35.5,0.571,0
203994,Jusuf Nurkić,2023,114.3,0.3,0.8,0.8,0.172,26.8,0.462,0
1630231,KJ Martin,2023,118.7,-8.0,0.5,0.4,0.096,28.0,0.268,0
202695,Kawhi Leonard,2023,112.1,6.1,1.4,0.5,0.098,33.6,0.635,0
1631099,Keegan Murray,2023,117.1,1.7,0.8,0.5,0.08,29.8,0.588,0
1629640,Keldon Johnson,2023,121.4,-11.3,0.7,0.2,0.076,32.8,0.27,0
203482,Kelly Olynyk,2023,116.0,0.4,0.9,0.5,0.105,28.6,0.412,0
1626162,Kelly Oubre Jr.,2023,115.3,-7.7,1.4,0.4,0.077,32.2,0.333,0
203484,Kentavious Caldwell-Pope,2023,111.5,9.8,1.5,0.5,0.046,31.3,0.671,0
201142,Kevin Durant,2023,110.3,6.8,0.7,1.4,0.096,35.6,0.723,0
1628989,Kevin Huerter,2023,116.6,4.5,1.1,0.3,0.06,29.4,0.587,0
1629645,Kevin Porter Jr.,2023,119.5,-8.3,1.4,0.3,0.075,34.3,0.305,0
1630165,Killian Hayes,2023,117.6,-10.9,1.4,0.4,0.051,28.3,0.211,0
202691,Klay Thompson,2023,112.6,2.9,0.7,0.4,0.06,33.0,0.551,0
204001,Kristaps Porziņģis,2023,114.8,1.4,0.9,1.5,0.13,32.6,0.415,0
203937,Kyle Anderson,2023,111.7,2.3,1.1,0.9,0.095,28.4,0.522,0
1628398,Kyle Kuzma,2023,112.6,0.3,0.6,0.5,0.102,35.0,0.453,0
200768,Kyle Lowry,2023,111.3,1.1,1.0,0.4,0.067,31.2,0.545,0
202681,Kyrie Irving,2023,113.2,4.7,1.1,0.8,0.07,37.3,0.533,0
1629652,Luguentz Dort,2023,114.1,0.9,1.0,0.3,0.072,30.7,0.486,0
1629029,Luka Dončić,2023,116.0,2.1,1.4,0.5,0.124,36.2,0.5,0
1627763,Malcolm Brogdon,2023,109.3,5.1,0.7,0.3,0.079,26.0,0.687,0
1627736,Malik Beasley,2023,114.6,-2.2,0.8,0.1,0.066,25.8,0.556,0
202694,Marcus Morris Sr.,2023,113.9,-0.3,0.6,0.3,0.073,28.1,0.538,0
203935,Marcus Smart,2023,111.7,6.3,1.5,0.4,0.049,32.1,0.705,0
1628365,Markelle Fultz,2023,114.0,-3.7,1.5,0.4,0.066,29.6,0.483,0
203486,Mason Plumlee,2023,117.4,-5.9,0.6,0.6,0.168,26.0,0.354,0
1629622,Max Strus,2023,113.1,-3.8,0.5,0.2,0.058,28.4,0.525,0
1629008,Michael Porter Jr.,2023,112.2,10.4,0.6,0.5,0.097,29.0,0.661,0
1628969,Mikal Bridges,2023,113.2,0.8,1.1,0.7,0.06,35.7,0.506,0
201144,Mike Conley,2023,116.1,1.3,1.1,0.2,0.045,30.3,0.507,0
1629011,Mitchell Robinson,2023,112.6,7.3,0.9,1.8,0.171,26.9,0.593,0
1628420,Monte Morris,2023,117.3,0.1,0.7,0.2,0.063,27.4,0.452,0
1626167,Myles Turner,2023,116.3,-1.2,0.6,2.3,0.128,29.4,0.468,0
203999,Nikola Jokić,2023,111.6,12.5,1.3,0.7,0.186,33.7,0.696,0
202696,Nikola Vučević,2023,112.8,-0.5,0.7,0.7,0.172,33.5,0.488,0
1626181,Norman Powell,2023,113.0,-3.8,0.8,0.3,0.055,26.1,0.517,0
1628384,OG Anunoby,2023,111.4,3.0,1.9,0.7,0.07,35.6,0.493,0
200782,P.J. Tucker,2023,113.3,4.0,0.5,0.2,0.082,25.6,0.64,0
1629023,P.J. Washington,2023,114.8,-7.2,0.9,1.1,0.071,32.6,0.329,0
1631094,Paolo Banchero,2023,115.3,-4.2,0.8,0.5,0.104,33.7,0.431,0
1627783,Pascal Siakam,2023,113.3,2.4,0.9,0.5,0.107,37.4,0.493,0
201976,Patrick Beverley,2023,113.1,-1.5,0.9,0.6,0.068,27.1,0.507,0
1630172,Patrick Williams,2023,113.2,-2.4,0.9,0.9,0.072,28.3,0.488,0
202331,Paul George,2023,112.5,4.0,1.5,0.4,0.091,34.6,0.571,0
1629656,Quentin Grimes,2023,114.2,4.4,0.7,0.4,0.053,29.9,0.577,0
1629628,RJ Barrett,2023,116.5,-1.2,0.4,0.2,0.071,33.9,0.548,0
203493,Reggie Bullock Jr.,2023,116.5,-1.8,0.7,0.2,0.062,30.3,0.474,0
202704,Reggie Jackson,2023,111.7,-2.2,0.7,0.1,0.043,24.4,0.529,0
1626220,Royce O'Neale,2023,111.8,2.1,0.9,0.6,0.08,31.7,0.553,0
203497,Rudy Gobert,2023,110.3,0.4,0.8,1.4,0.188,30.7,0.486,0
201566,Russell Westbrook,2023,114.3,-0.2,1.0,0.5,0.096,29.1,0.493,0
1630180,Saddiq Bey,2023,117.0,-3.1,0.9,0.2,0.084,27.6,0.312,0
1630567,Scottie Barnes,2023,111.6,3.2,1.1,0.8,0.097,34.8,0.494,0
1628983,Shai Gilgeous-Alexander,2023,113.3,2.7,1.6,1.0,0.065,35.5,0.485,0
203915,Spencer Dinwiddie,2023,114.2,-0.1,0.8,0.3,0.051,34.5,0.519,0
201939,Stephen Curry,2023,112.4,5.8,0.9,0.4,0.085,34.7,0.536,0
203500,Steven Adams,2023,109.0,9.7,0.9,1.1,0.196,27.0,0.667,0
1626179,Terry Rozier,2023,115.6,-6.2,1.2,0.3,0.056,35.3,0.302,0
203501,Tim Hardaway Jr.,2023,114.5,3.4,0.7,0.2,0.06,30.3,0.521,0
202699,Tobias Harris,2023,111.7,5.5,0.9,0.5,0.092,32.9,0.635,0
1628470,Torrey Craig,2023,115.5,-3.7,0.6,0.8,0.108,24.7,0.557,0
1629027,Trae Young,2023,114.6,1.3,1.1,0.1,0.042,34.8,0.521,0
1630200,Tre Jones,2023,118.8,-7.8,1.3,0.1,0.061,29.2,0.294,0
1630530,Trey Murphy III,2023,112.8,0.5,1.1,0.5,0.058,31.0,0.494,0
1628972,Troy Brown Jr.,2023,112.5,-0.5,0.8,0.2,0.079,24.5,0.526,0
1629639,Tyler Herro,2023,111.3,2.7,0.8,0.2,0.081,34.9,0.552,0
1630169,Tyrese Haliburton,2023,117.9,-1.0,1.6,0.4,0.055,33.6,0.5,0
1630178,Tyrese Maxey,2023,112.6,5.4,0.8,0.1,0.047,33.6,0.65,0
1626145,Tyus Jones,2023,111.6,2.0,1.0,0.1,0.049,24.2,0.638,0
1628976,Wendell Carter Jr.,2023,111.4,-0.8,0.5,0.6,0.149,29.6,0.456,0
203897,Zach LaVine,2023,111.7,0.3,0.9,0.2,0.064,35.9,0.494,0
203932,Aaron Gordon,2024,111.1,8.7,0.8,0.6,0.104,31.5,0.671,0
1630174,Aaron Nesmith,2024,115.0,4.3,0.9,0.7,0.069,27.7,0.569,0
201143,Al Horford,2024,109.5,11.4,0.6,1.0,0.116,26.8,0.785,0
1627936,Alex Caruso,2024,110.6,0.3,1.7,1.0,0.067,28.7,0.479,0
1630578,Alperen Sengun,2024,113.2,0.8,1.2,0.7,0.139,32.5,0.46,0
1629614,Andrew Nembhard,2024,114.0,2.2,0.9,0.1,0.041,25.0,0.603,0
203952,Andrew Wiggins,2024,116.3,-1.3,0.6,0.6,0.08,27.0,0.535,0
1629014,Anfernee Simons,2024,120.5,-10.6,0.5,0.1,0.053,34.4,0.239,0
203076,Anthony Davis,2024,114.0,2.6,1.2,2.3,0.176,35.5,0.592,0
1641709,Ausar Thompson,2024,113.1,-5.3,1.1,0.9,0.124,25.1,0.159,0
1630559,Austin Reaves,2024,115.6,-1.0,0.8,0.3,0.067,32.1,0.573,0
1630245,Ayo Dosunmu,2024,114.9,-3.3,0.9,0.5,0.048,29.1,0.487,0
1628389,Bam Adebayo,2024,109.3,0.8,1.1,0.9,0.154,34.0,0.563,0
1631097,Bennedict Mathurin,2024,117.9,-2.9,0.6,0.2,0.075,26.1,0.559,0
1641731,Bilal Coulibaly,2024,118.4,-11.0,0.9,0.8,0.072,27.2,0.175,0
1626171,Bobby Portis,2024,116.0,-0.1,0.8,0.4,0.15,24.5,0.598,0
203078,Bradley Beal,2024,113.2,3.0,1.0,0.5,0.068,33.3,0.623,0
1641764,Brandin Podziemski,2024,111.6,5.9,0.8,0.2,0.104,26.6,0.554,0
1627742,Brandon Ingram,2024,112.6,4.0,0.8,0.6,0.078,32.9,0.594,0
1641706,Brandon Miller,2024,119.1,-10.2,0.9,0.6,0.067,32.2,0.243,0
201572,Brook Lopez,2024,111.9,5.2,0.5,2.4,0.081,30.5,0.608,0
1628971,Bruce Brown,2024,121.4,-5.8,0.9,0.3,0.077,27.8,0.388,0
1627741,Buddy Hield,2024,115.7,1.1,0.8,0.5,0.062,25.7,0.548,0
203468,CJ McCollum,2024,112.2,3.7,0.9,0.6,0.067,32.7,0.636,0
1630595,Cade Cunningham,2024,117.8,-7.9,0.9,0.4,0.064,33.5,0.145,0
1628997,Caleb Martin,2024,111.1,1.9,0.7,0.5,0.08,27.4,0.563,0
1630560,Cam Thomas,2024,116.7,-5.2,0.7,0.2,0.05,31.4,0.348,0
1629661,Cameron Johnson,2024,114.9,-3.4,0.8,0.3,0.076,27.6,0.362,0
1627747,Caris LeVert,2024,111.2,2.8,1.1,0.5,0.071,28.8,0.559,0
1631096,Chet Holmgren,2024,109.2,9.0,0.6,2.3,0.132,29.4,0.695,0
1629632,Coby White,2024,115.8,-0.7,0.7,0.2,0.062,36.5,0.468,0
1629012,Collin Sexton,2024,120.4,-3.4,0.8,0.2,0.049,26.6,0.372,0
1630557,Corey Kispert,2024,119.4,-10.7,0.5,0.2,0.052,25.8,0.188,0
1626156,D'Angelo Russell,2024,113.9,2.6,0.9,0.5,0.047,32.7,0.605,0
203081,Damian Lillard,2024,112.4,6.9,1.0,0.2,0.06,35.3,0.658,0
1629655,Daniel Gafford,2024,116.0,-2.2,0.9,2.1,0.147,24.5,0.405,0
1629636,Darius Garland,2024,111.4,2.1,1.3,0.1,0.041,33.3,0.544,0
1628368,De'Aaron Fox,2024,112.3,4.3,2.0,0.4,0.062,35.9,0.568,0
1629631,De'Andre Hunter,2024,117.9,-1.3,0.7,0.3,0.066,29.5,0.456,0
201942,DeMar DeRozan,2024,114.6,-1.0,1.1,0.6,0.057,37.8,0.468,0
1629028,Deandre Ayton,2024,115.3,-8.7,1.0,0.8,0.171,32.4,0.255,0
1627749,Dejounte Murray,2024,119.5,-2.7,1.4,0.3,0.072,35.7,0.436,0
1630166,Deni Avdija,2024,116.2,-6.5,0.8,0.5,0.115,30.1,0.187,0
203471,Dennis Schröder,2024,115.4,-2.8,0.8,0.2,0.048,31.1,0.375,0
1628401,Derrick White,2024,109.9,12.5,1.0,1.2,0.063,32.6,0.795,0
1630217,Desmond Bane,2024,115.4,-7.2,1.0,0.5,0.062,34.4,0.333,0
1626164,Devin Booker,2024,113.5,5.8,0.9,0.4,0.063,36.0,0.632,0
1630170,Devin Vassell,2024,114.6,-6.0,1.1,0.3,0.056,33.1,0.25,0
1628415,Dillon Brooks,2024,113.6,0.0,0.9,0.1,0.053,30.9,0.5,0
1627734,Domantas Sabonis,2024,115.2,0.8,0.9,0.6,0.192,35.7,0.561,0
1628378,Donovan Mitchell,2024,108.6,7.3,1.8,0.5,0.071,35.3,0.655,0
1628978,Donte DiVincenzo,2024,114.2,3.7,1.3,0.4,0.063,29.1,0.617,0
1627827,Dorian Finney-Smith,2024,113.2,-2.2,0.8,0.6,0.079,28.4,0.412,0
203110,Draymond Green,2024,110.7,4.9,1.0,0.9,0.127,27.1,0.6,0
1629130,Duncan Robinson,2024,111.0,0.5,0.7,0.2,0.046,28.0,0.559,0
201569,Eric Gordon,2024,112.2,3.5,1.0,0.4,0.032,27.8,0.603,0
1630596,Evan Mobley,2024,110.1,1.2,0.9,1.4,0.15,30.6,0.58,0
1630532,Franz Wagner,2024,108.2,4.3,1.1,0.4,0.084,32.5,0.611,0
1627832,Fred VanVleet,2024,111.6,3.0,1.4,0.8,0.05,36.8,0.521,0
1641713,GG Jackson,2024,111.4,-7.1,0.6,0.5,0.076,25.7,0.292,0
203914,Gary Harris,2024,110.3,3.3,0.9,0.3,0.037,24.0,0.648,0
1629018,Gary Trent Jr.,2024,118.2,-4.6,1.1,0.1,0.047,28.1,0.338,0
203507,Giannis Antetokounmpo,2024,113.2,6.6,1.2,1.1,0.159,35.2,0.616,0
202330,Gordon Hayward,2024,118.0,-6.0,0.8,0.3,0.072,24.4,0.49,0
1629684,Grant Williams,2024,116.6,-5.7,0.6,0.5,0.075,28.0,0.447,0
1628960,Grayson Allen,2024,113.9,5.1,0.9,0.6,0.059,33.5,0.6,0
203084,Harrison Barnes,2024,115.7,-1.7,0.7,0.1,0.052,29.0,0.561,0
1630193,Immanuel Quickley,2024,114.2,-1.0,0.7,0.1,0.064,29.2,0.412,0
1630171,Isaac Okoro,2024,110.7,2.4,0.8,0.5,0.054,27.3,0.594,0
101108,Chris Paul,2024,111.0,2.8,1.2,0.1,0.07,26.4,0.569,0
203991,Clint Capela,2024,115.6,-0.1,0.6,1.5,0.192,25.8,0.452,0
1628392,Isaiah Hartenstein,2024,110.3,10.0,1.2,1.1,0.165,25.3,0.627,0
1630191,Isaiah Stewart,2024,114.5,-4.2,0.4,0.8,0.107,30.9,0.196,0
1627826,Ivica Zubac,2024,112.4,4.7,0.3,1.2,0.179,26.4,0.618,0
1631095,Jabari Smith Jr.,2024,113.8,-1.9,0.7,0.8,0.121,31.9,0.513,0
1631093,Jaden Ivey,2024,117.7,-7.7,0.7,0.5,0.059,28.8,0.182,0
1630183,Jaden McDaniels,2024,110.4,3.8,0.9,0.6,0.054,29.2,0.667,0
1631170,Jaime Jaquez Jr.,2024,110.4,2.8,1.0,0.3,0.067,28.2,0.587,0
1627751,Jakob Poeltl,2024,114.2,-0.6,0.7,1.5,0.162,26.4,0.42,0
1628973,Jalen Brunson,2024,112.6,8.6,0.9,0.2,0.051,35.4,0.636,0
1631105,Jalen Duren,2024,117.0,-7.6,0.5,0.8,0.194,29.1,0.213,0
1630224,Jalen Green,2024,113.8,0.0,0.8,0.3,0.078,31.7,0.5,0
1630552,Jalen Johnson,2024,115.2,-1.9,1.2,0.8,0.122,33.7,0.482,0
1630591,Jalen Suggs,2024,110.8,1.0,1.4,0.6,0.058,27.0,0.573,0
1631114,Jalen Williams,2024,108.9,8.8,1.1,0.6,0.062,31.3,0.718,0
1627750,Jamal Murray,2024,112.4,8.2,1.0,0.7,0.066,31.5,0.746,0
201935,James Harden,2024,115.2,5.6,1.1,0.8,0.077,34.3,0.639,0
1628991,Jaren Jackson Jr.,2024,113.9,-7.3,1.2,1.6,0.083,32.2,0.333,0
1628386,Jarrett Allen,2024,110.7,4.8,0.7,1.1,0.168,31.7,0.597,0
1627759,Jaylen Brown,2024,111.6,8.7,1.2,0.5,0.08,33.5,0.743,0
1628369,Jayson Tatum,2024,110.5,11.2,1.0,0.6,0.11,35.7,0.77,0
203924,Jerami Grant,2024,117.5,-9.6,0.8,0.6,0.052,33.9,0.315,0
1631110,Jeremy Sochan,2024,115.0,-7.0,0.8,0.5,0.106,29.6,0.243,0
202710,Jimmy Butler III,2024,110.5,5.5,1.3,0.3,0.08,34.0,0.55,0
1628381,John Collins,2024,121.7,-7.5,0.6,0.9,0.149,28.0,0.397,0
1630228,Jonathan Kuminga,2024,112.2,2.9,0.7,0.5,0.087,26.3,0.541,0
203903,Jordan Clarkson,2024,119.7,-5.7,0.6,0.1,0.055,30.6,0.4,0
1629673,Jordan Poole,2024,119.5,-11.1,1.1,0.3,0.043,30.1,0.192,0
1630581,Josh Giddey,2024,111.5,8.2,0.7,0.6,0.127,25.1,0.7,0
1630182,Josh Green,2024,118.8,-2.1,0.8,0.2,0.061,26.4,0.561,0
1628404,Josh Hart,2024,110.6,6.6,0.9,0.3,0.123,33.4,0.605,0
1626196,Josh Richardson,2024,113.7,-5.0,0.6,0.3,0.056,25.6,0.558,0
201950,Jrue Holiday,2024,110.9,9.7,0.9,0.8,0.079,32.8,0.768,0
203944,Julius Randle,2024,113.8,6.0,0.5,0.3,0.128,35.4,0.63,0
203994,Jusuf Nurkić,2024,111.3,9.2,1.1,1.1,0.204,27.3,0.632,0
1626157,Karl-Anthony Towns,2024,109.1,7.2,0.7,0.7,0.131,32.7,0.677,0
202695,Kawhi Leonard,2024,111.1,8.2,1.6,0.9,0.091,34.3,0.647,0
1631099,Keegan Murray,2024,113.4,2.7,1.0,0.8,0.081,33.6,0.558,0
1629640,Keldon Johnson,2024,116.1,-7.7,0.7,0.3,0.088,29.5,0.246,0
1626162,Kelly Oubre Jr.,2024,114.0,0.1,1.1,0.7,0.081,30.2,0.588,0
203484,Kentavious Caldwell-Pope,2024,111.0,11.3,1.3,0.6,0.039,31.6,0.711,0
201142,Kevin Durant,2024,113.3,4.8,0.9,1.2,0.089,37.2,0.587,0
1628989,Kevin Huerter,2024,115.0,2.5,0.7,0.4,0.073,24.4,0.578,0
1641718,Keyonte George,2024,118.9,-9.3,0.5,0.1,0.051,27.0,0.36,0
203114,Khris Middleton,2024,114.6,3.4,0.9,0.3,0.083,27.0,0.564,0
1630165,Killian Hayes,2024,117.6,-11.1,0.9,0.5,0.059,24.0,0.167,0
202691,Klay Thompson,2024,116.1,-0.3,0.6,0.5,0.054,29.7,0.532,0
204001,Kristaps Porziņģis,2024,109.6,11.2,0.7,1.9,0.115,29.6,0.754,0
1628398,Kyle Kuzma,2024,120.8,-11.0,0.5,0.7,0.098,32.6,0.186,0
200768,Kyle Lowry,2024,111.6,-0.3,1.0,0.4,0.058,28.2,0.533,0
202681,Kyrie Irving,2024,112.6,6.9,1.3,0.5,0.069,35.0,0.672,0
1628374,Lauri Markkanen,2024,116.9,0.6,0.9,0.5,0.121,33.1,0.4,0
2544,LeBron James,2024,113.6,3.8,1.3,0.5,0.104,35.3,0.577,0
1629652,Luguentz Dort,2024,112.1,7.8,0.9,0.6,0.063,28.4,0.684,0
1629029,Luka Dončić,2024,113.8,5.8,1.4,0.5,0.121,37.5,0.657,0
1627736,Malik Beasley,2024,112.6,5.8,0.7,0.1,0.059,29.6,0.582,0
1628370,Malik Monk,2024,115.1,0.1,0.6,0.5,0.056,26.0,0.583,0
1629622,Max Strus,2024,109.7,5.6,0.9,0.4,0.074,32.0,0.614,0
1629008,Michael Porter Jr.,2024,112.1,8.1,0.5,0.7,0.111,31.7,0.704,0
1628969,Mikal Bridges,2024,114.3,-3.3,1.0,0.4,0.063,34.8,0.39,0
201144,Mike Conley,2024,108.0,5.7,1.2,0.2,0.051,28.9,0.697,0
1628970,Miles Bridges,2024,120.1,-12.1,0.9,0.5,0.099,37.4,0.246,0
1626167,Myles Turner,2024,115.5,5.1,0.5,1.9,0.128,27.0,0.584,0
1629675,Naz Reid,2024,105.5,5.7,0.8,0.9,0.106,24.2,0.691,0
1629651,Nic Claxton,2024,114.1,-5.6,0.6,2.1,0.162,29.8,0.38,0
1630208,Nick Richards,2024,118.2,-11.9,0.4,1.1,0.156,26.2,0.209,0
201587,Nicolas Batum,2024,111.9,5.6,0.8,0.6,0.08,25.5,0.6,0
203999,Nikola Jokić,2024,110.6,11.8,1.4,0.9,0.182,34.6,0.696,0
202696,Nikola Vučević,2024,115.7,-3.1,0.7,0.8,0.154,34.3,0.474,0
1626181,Norman Powell,2024,113.0,5.1,0.6,0.3,0.048,26.2,0.632,0
1628384,OG Anunoby,2024,107.2,10.9,1.4,0.7,0.061,34.0,0.62,0
1630168,Onyeka Okongwu,2024,119.0,-0.9,0.5,1.1,0.132,25.5,0.418,0
1629023,P.J. Washington,2024,115.6,-2.8,1.0,0.8,0.091,30.4,0.411,0
1631094,Paolo Banchero,2024,111.9,0.0,0.9,0.6,0.101,35.0,0.575,0
1627783,Pascal Siakam,2024,115.3,2.2,0.8,0.3,0.105,33.2,0.475,0
1630172,Patrick Williams,2024,115.5,-1.2,0.9,0.8,0.071,27.3,0.442,0
202331,Paul George,2024,112.1,9.1,1.5,0.5,0.08,33.8,0.649,0
1629628,RJ Barrett,2024,116.9,-3.3,0.5,0.4,0.083,31.7,0.448,0
1626220,Royce O'Neale,2024,110.4,3.2,0.7,0.6,0.092,24.7,0.481,0
203497,Rudy Gobert,2024,106.6,8.0,0.7,2.1,0.191,34.1,0.697,1
1629060,Rui Hachimura,2024,113.5,2.5,0.6,0.4,0.081,26.8,0.588,0
1630180,Saddiq Bey,2024,119.1,-0.5,0.8,0.2,0.096,32.7,0.444,0
1630583,Santi Aldama,2024,114.6,-8.3,0.7,0.9,0.105,26.5,0.377,0
1630703,Scoot Henderson,2024,119.6,-13.0,0.8,0.2,0.054,28.5,0.29,0
1630567,Scottie Barnes,2024,115.8,-3.2,1.3,1.5,0.115,34.9,0.367,0
1628983,Shai Gilgeous-Alexander,2024,109.7,11.3,2.0,0.9,0.08,34.0,0.733,0
1631323,Simone Fontecchio,2024,114.5,-1.5,0.7,0.3,0.071,24.9,0.439,0
203915,Spencer Dinwiddie,2024,115.2,1.6,0.7,0.3,0.046,28.3,0.5,0
201939,Stephen Curry,2024,114.7,2.7,0.7,0.4,0.066,32.7,0.581,0
1627752,Taurean Prince,2024,116.5,-2.6,0.7,0.4,0.054,27.0,0.564,0
1629611,Terance Mann,2024,114.8,1.9,0.6,0.2,0.07,25.0,0.627,0
1626179,Terry Rozier,2024,117.2,-7.0,1.0,0.3,0.062,33.4,0.361,0
203501,Tim Hardaway Jr.,2024,115.8,-0.1,0.5,0.1,0.058,26.8,0.62,0
202699,Tobias Harris,2024,112.4,4.6,1.0,0.7,0.094,33.8,0.586,0
1641739,Toumani Camara,2024,111.5,-4.6,0.9,0.5,0.095,24.8,0.271,0
1629027,Trae Young,2024,119.1,-2.5,1.3,0.2,0.037,36.0,0.407,0
1630200,Tre Jones,2024,111.8,-0.9,1.0,0.1,0.065,27.8,0.273,0
1630544,Tre Mann,2024,114.1,-7.0,1.2,0.1,0.079,24.1,0.512,0
1630530,Trey Murphy III,2024,108.2,7.0,0.9,0.5,0.083,29.7,0.614,0
1629639,Tyler Herro,2024,111.1,1.0,0.7,0.1,0.078,33.5,0.548,0
1630169,Tyrese Haliburton,2024,116.2,6.2,1.2,0.7,0.06,32.2,0.58,0
1630178,Tyrese Maxey,2024,113.2,5.2,1.0,0.5,0.049,37.5,0.614,0
1626145,Tyus Jones,2024,122.5,-11.9,1.1,0.3,0.045,29.3,0.167,0
1641705,Victor Wembanyama,2024,111.2,-3.2,1.2,3.6,0.174,29.7,0.268,0
1631246,Vince Williams Jr.,2024,111.4,-3.0,0.9,0.7,0.099,27.6,0.346,0
1628976,Wendell Carter Jr.,2024,109.6,1.1,0.6,0.5,0.144,25.6,0.545,0
1629627,Zion Williamson,2024,111.6,2.9,1.1,0.7,0.091,31.5,0.6,0
203932,Aaron Gordon,2025,113.0,9.5,0.5,0.3,0.086,28.4,0.647,0
1630174,Aaron Nesmith,2025,111.5,8.5,0.8,0.4,0.078,24.9,0.644,0
201143,Al Horford,2025,108.1,11.5,0.6,0.9,0.106,27.6,0.733,0
1642259,Alex Sarr,2025,116.4,-13.7,0.7,1.5,0.108,27.1,0.194,0
1630578,Alperen Sengun,2025,107.4,7.6,1.1,0.8,0.153,31.5,0.684,0
1641708,Amen Thompson,2025,107.9,6.3,1.4,1.3,0.118,32.3,0.623,0
1629599,Amir Coffey,2025,110.6,-1.4,0.6,0.1,0.046,24.3,0.569,0
1629614,Andrew Nembhard,2025,110.2,5.3,1.2,0.2,0.057,28.9,0.677,0
203952,Andrew Wiggins,2025,111.7,-2.3,1.0,0.8,0.069,30.7,0.45,0
1629014,Anfernee Simons,2025,113.4,-4.6,0.9,0.1,0.039,32.7,0.4,0
1641710,Anthony Black,2025,107.1,-0.9,1.1,0.6,0.061,24.2,0.5,0
203076,Anthony Davis,2025,112.9,0.5,1.2,2.2,0.173,33.4,0.588,0
1630162,Anthony Edwards,2025,111.4,4.8,1.2,0.6,0.077,36.3,0.608,0
201228,C.J. Watson,2010,106.3,0.4,1.6,0.1,0.047,27.5,0.277,0
201171,Carl Landry,2010,106.8,-1.9,0.7,0.8,0.097,30.9,0.425,0
2430,Carlos Boozer,2010,105.3,5.4,1.1,0.5,0.174,34.3,0.641,0
2568,Carlos Delfino,2010,101.7,2.5,1.1,0.3,0.09,30.4,0.56,0
1630559,Austin Reaves,2025,113.3,3.8,1.1,0.3,0.065,34.9,0.63,0
1630245,Ayo Dosunmu,2025,117.8,-7.7,0.9,0.4,0.054,30.3,0.37,0
1628389,Bam Adebayo,2025,110.8,0.1,1.3,0.7,0.141,34.3,0.462,0
1631097,Bennedict Mathurin,2025,112.2,1.6,0.7,0.3,0.088,29.9,0.597,0
1641731,Bilal Coulibaly,2025,118.3,-13.8,1.3,0.7,0.07,33.0,0.22,0
1626171,Bobby Portis,2025,110.8,3.4,0.7,0.5,0.156,25.4,0.612,0
203992,Bogdan Bogdanović,2025,110.0,2.7,0.8,0.2,0.057,25.0,0.611,0
203078,Bradley Beal,2025,118.6,-8.0,1.1,0.5,0.054,32.1,0.415,0
1641764,Brandin Podziemski,2025,105.1,6.6,1.1,0.2,0.089,26.8,0.594,0
1642267,Bub Carrington,2025,118.0,-15.2,0.7,0.3,0.064,30.0,0.22,0
203468,CJ McCollum,2025,119.4,-7.1,0.8,0.4,0.056,32.7,0.304,0
1630595,Cade Cunningham,2025,112.2,2.8,1.0,0.8,0.086,35.0,0.543,0
1628997,Caleb Martin,2025,112.8,-6.3,1.0,0.5,0.073,27.1,0.378,0
1629661,Cameron Johnson,2025,116.7,-5.8,0.9,0.4,0.07,31.6,0.368,0
1627747,Caris LeVert,2025,113.4,7.2,0.9,0.5,0.062,24.9,0.719,0
1641717,Cason Wallace,2025,107.1,10.1,1.8,0.5,0.057,27.6,0.809,0
101108,Chris Paul,2025,115.0,-0.8,1.3,0.3,0.062,28.0,0.415,0
1631128,Christian Braun,2025,114.5,8.2,1.1,0.5,0.077,33.9,0.608,0
1629632,Coby White,2025,113.9,-2.5,0.9,0.2,0.053,33.1,0.473,0
1629012,Collin Sexton,2025,117.9,-7.5,0.7,0.1,0.047,27.9,0.222,0
1630557,Corey Kispert,2025,117.1,-8.5,0.4,0.2,0.053,26.3,0.23,0
1626156,D'Angelo Russell,2025,111.6,-1.5,1.0,0.4,0.053,25.5,0.448,0
203081,Damian Lillard,2025,114.6,0.7,1.2,0.2,0.063,36.1,0.552,0
1629631,De'Andre Hunter,2025,113.9,2.0,0.8,0.2,0.071,27.2,0.594,0
2248,Earl Watson,2010,105.5,-2.0,1.3,0.2,0.05,29.4,0.392,0
1882,Elton Brand,2010,107.0,-1.8,1.1,1.1,0.107,30.2,0.355,0
2731,Emeka Okafor,2010,108.4,-2.6,0.7,1.5,0.163,28.9,0.451,0
201942,DeMar DeRozan,2025,115.3,1.5,0.8,0.4,0.054,35.9,0.494,0
1629028,Deandre Ayton,2025,116.8,-6.9,0.8,1.0,0.168,30.1,0.425,0
1630166,Deni Avdija,2025,114.5,-0.9,1.0,0.5,0.117,30.0,0.458,0
203471,Dennis Schröder,2025,112.8,-0.9,0.9,0.2,0.046,28.1,0.493,0
1629130,Duncan Robinson,2025,109.9,0.2,0.5,0.1,0.047,24.1,0.405,0
1630700,Dyson Daniels,2025,114.2,-0.9,3.0,0.7,0.085,33.8,0.487,0
1630596,Evan Mobley,2025,108.6,11.9,0.9,1.6,0.147,30.5,0.817,1
1630532,Franz Wagner,2025,105.8,6.0,1.3,0.4,0.085,33.7,0.55,0
1627832,Fred VanVleet,2025,108.8,6.2,1.6,0.4,0.049,35.2,0.683,0
1629018,Gary Trent Jr.,2025,114.0,1.9,1.0,0.1,0.044,25.6,0.595,0
203507,Giannis Antetokounmpo,2025,111.7,7.2,0.9,1.2,0.172,34.2,0.597,0
1641711,Gradey Dick,2025,116.1,-5.8,0.9,0.2,0.059,29.4,0.278,0
1628960,Grayson Allen,2025,118.0,-3.3,0.8,0.3,0.064,24.1,0.453,0
1627824,Guerschon Yabusele,2025,116.7,-3.2,0.8,0.3,0.108,27.1,0.329,0
203084,Harrison Barnes,2025,115.6,-1.2,0.5,0.2,0.067,27.2,0.415,0
1629312,Haywood Highsmith,2025,110.4,1.4,0.9,0.5,0.069,24.6,0.473,0
1642268,Isaiah Collier,2025,118.6,-10.4,0.9,0.2,0.061,25.9,0.197,0
1628392,Isaiah Hartenstein,2025,105.3,13.0,0.8,1.1,0.185,27.9,0.86,0
1627826,Ivica Zubac,2025,107.1,9.4,0.7,1.1,0.199,32.8,0.625,0
1629630,Ja Morant,2025,109.6,6.8,1.2,0.2,0.062,30.4,0.6,0
1631095,Jabari Smith Jr.,2025,106.1,7.3,0.4,0.7,0.107,30.1,0.702,0
1630183,Jaden McDaniels,2025,109.9,4.0,1.3,0.9,0.087,31.9,0.598,0
1627751,Jakob Poeltl,2025,111.9,-0.7,1.2,1.2,0.158,29.6,0.368,0
1628973,Jalen Brunson,2025,115.7,2.6,0.9,0.1,0.042,35.4,0.615,0
1631105,Jalen Duren,2025,114.0,1.5,0.7,1.1,0.199,26.1,0.551,0
1630224,Jalen Green,2025,111.1,2.8,0.9,0.3,0.065,32.9,0.634,0
1631114,Jalen Williams,2025,106.5,10.2,1.6,0.7,0.079,32.4,0.797,0
1630592,Jalen Wilson,2025,113.7,-6.7,0.5,0.1,0.067,25.7,0.316,0
1627750,Jamal Murray,2025,115.5,6.5,1.4,0.5,0.053,36.1,0.612,0
201935,James Harden,2025,109.2,6.2,1.5,0.7,0.083,35.3,0.633,0
1628991,Jaren Jackson Jr.,2025,108.8,6.4,1.2,1.5,0.087,29.8,0.568,0
1627759,Jaylen Brown,2025,111.7,9.5,1.2,0.3,0.082,34.3,0.73,0
1628369,Jayson Tatum,2025,109.8,9.8,1.1,0.5,0.112,36.4,0.736,0
203924,Jerami Grant,2025,113.4,-6.1,0.9,1.0,0.05,32.4,0.468,0
1631110,Jeremy Sochan,2025,114.5,-2.7,0.8,0.5,0.121,25.3,0.389,0
202710,Jimmy Butler III,2025,109.6,6.3,1.4,0.3,0.085,31.7,0.655,0
1628381,John Collins,2025,113.3,-0.9,1.0,1.0,0.128,30.5,0.3,0
1630228,Jonathan Kuminga,2025,108.9,1.0,0.8,0.4,0.088,24.3,0.596,0
1629673,Jordan Poole,2025,117.9,-13.1,1.3,0.4,0.046,29.4,0.221,0
1630631,Jose Alvarado,2025,117.1,-8.7,1.3,0.3,0.047,24.4,0.339,0
1630581,Josh Giddey,2025,114.4,-1.4,1.2,0.6,0.127,30.2,0.471,0
1630182,Josh Green,2025,114.2,-8.9,1.1,0.2,0.043,27.8,0.25,0
1628404,Josh Hart,2025,114.3,3.6,1.5,0.4,0.13,37.6,0.623,0
2546,Carmelo Anthony,2010,106.2,5.5,1.3,0.4,0.087,38.2,0.652,0
2406,Caron Butler,2010,105.7,-0.9,1.6,0.3,0.085,37.6,0.473,0
101112,Channing Frye,2010,108.0,7.9,0.8,0.9,0.099,27.0,0.667,0
201950,Jrue Holiday,2025,107.7,8.9,1.1,0.4,0.065,30.6,0.758,0
203944,Julius Randle,2025,111.6,3.4,0.7,0.2,0.108,32.3,0.638,0
1642348,Justin Edwards,2025,123.2,-11.6,1.0,0.4,0.065,26.2,0.25,0
1626157,Karl-Anthony Towns,2025,112.7,6.8,1.0,0.7,0.187,35.0,0.639,0
1631099,Keegan Murray,2025,113.4,1.5,0.8,0.9,0.095,34.3,0.474,0
1626162,Kelly Oubre Jr.,2025,116.4,-5.7,1.5,0.5,0.091,34.6,0.35,0
203484,Kentavious Caldwell-Pope,2025,108.6,0.5,1.3,0.4,0.038,29.6,0.494,0
1631165,Keon Ellis,2025,113.2,3.0,1.5,0.8,0.055,24.4,0.488,0
1630553,Keon Johnson,2025,114.4,-10.3,1.0,0.4,0.076,24.4,0.316,0
201142,Kevin Durant,2025,117.4,-1.0,0.8,1.2,0.084,36.5,0.532,0
1628989,Kevin Huerter,2025,111.7,2.8,1.0,0.3,0.058,24.3,0.565,0
1641718,Keyonte George,2025,122.0,-11.9,0.7,0.1,0.058,31.5,0.194,0
202691,Klay Thompson,2025,115.2,-2.4,0.7,0.4,0.06,27.3,0.458,0
1627739,Kris Dunn,2025,106.0,7.8,1.7,0.4,0.072,24.1,0.608,0
204001,Kristaps Porziņģis,2025,110.3,5.8,0.7,1.5,0.11,28.8,0.714,0
1628398,Kyle Kuzma,2025,116.1,-10.3,0.6,0.3,0.091,29.8,0.385,0
202681,Kyrie Irving,2025,113.9,2.6,1.3,0.5,0.064,36.1,0.56,0
1642273,Kyshawn George,2025,115.5,-10.1,1.0,0.7,0.074,26.5,0.221,0
1630163,LaMelo Ball,2025,116.5,-3.9,1.1,0.3,0.072,32.0,0.34,0
1628374,Lauri Markkanen,2025,117.5,-6.1,0.7,0.4,0.09,31.4,0.191,0
2544,LeBron James,2025,114.0,-1.3,1.0,0.6,0.112,34.9,0.629,0
1629652,Luguentz Dort,2025,107.3,13.1,1.1,0.5,0.067,29.2,0.803,0
1629029,Luka Dončić,2025,110.5,9.1,1.8,0.4,0.112,35.4,0.62,0
1627736,Malik Beasley,2025,110.2,3.1,0.9,0.1,0.045,27.8,0.537,0
1628370,Malik Monk,2025,114.5,2.5,0.9,0.6,0.059,31.6,0.554,0
1631109,Mark Williams,2025,118.9,-12.7,0.7,1.2,0.178,26.6,0.205,0
201569,Eric Gordon,2010,109.5,-5.4,1.1,0.2,0.037,36.0,0.371,0
1497,Chauncey Billups,2010,107.1,4.5,1.1,0.1,0.047,34.1,0.685,0
2547,Chris Bosh,2010,110.6,0.3,0.6,1.0,0.159,36.1,0.5,0
201604,Chris Douglas-Roberts,2010,106.8,-10.9,0.8,0.3,0.06,25.8,0.179,0
2768,Chris Duhon,2010,110.0,-3.5,0.9,0.0,0.045,30.9,0.373,0
2549,Chris Kaman,2010,106.6,-5.7,0.5,1.2,0.137,34.3,0.382,0
101108,Chris Paul,2010,107.3,0.6,2.1,0.2,0.058,38.1,0.511,0
1631108,Max Christie,2025,114.3,-1.7,0.8,0.4,0.061,27.3,0.513,0
1629622,Max Strus,2025,112.2,7.9,0.5,0.2,0.081,25.5,0.78,0
1629008,Michael Porter Jr.,2025,115.4,4.4,0.6,0.5,0.103,33.7,0.61,0
1628969,Mikal Bridges,2025,112.9,5.6,0.9,0.5,0.043,37.0,0.622,0
201144,Mike Conley,2025,109.0,6.5,1.1,0.2,0.052,24.7,0.62,0
1628970,Miles Bridges,2025,113.6,-5.5,0.7,0.7,0.11,31.7,0.25,0
1630540,Miles McBride,2025,109.7,7.1,1.0,0.3,0.049,24.9,0.609,0
1626167,Myles Turner,2025,111.5,4.7,0.8,2.0,0.109,30.2,0.611,0
1630230,Naji Marshall,2025,114.7,-3.2,1.0,0.2,0.084,27.8,0.464,0
1629675,Naz Reid,2025,108.8,7.4,0.7,0.9,0.106,27.5,0.588,0
1629651,Nic Claxton,2025,116.2,-12.6,0.9,1.4,0.137,26.9,0.286,0
1629638,Nickeil Alexander-Walker,2025,108.5,6.6,0.6,0.4,0.062,25.3,0.598,0
203999,Nikola Jokić,2025,115.1,10.5,1.8,0.6,0.173,36.7,0.657,0
1631107,Nikola Jović,2025,110.7,-1.1,0.8,0.3,0.076,25.1,0.457,0
202696,Nikola Vučević,2025,116.0,-2.4,0.8,0.7,0.154,31.2,0.466,0
1626181,Norman Powell,2025,107.4,8.8,1.2,0.2,0.049,32.6,0.65,0
1628384,OG Anunoby,2025,112.3,5.4,1.5,0.9,0.067,36.6,0.608,0
1630534,Ochai Agbaji,2025,112.2,-5.7,0.9,0.5,0.066,27.2,0.297,0
1630168,Onyeka Okongwu,2025,113.7,1.1,0.9,0.9,0.157,27.9,0.473,0
1629023,P.J. Washington,2025,113.2,1.1,1.1,1.1,0.115,32.2,0.544,0
1631094,Paolo Banchero,2025,109.6,-0.6,0.8,0.6,0.108,34.4,0.457,0
1627783,Pascal Siakam,2025,108.9,5.5,0.9,0.5,0.104,32.7,0.603,0
1630172,Patrick Williams,2025,113.5,-4.8,0.8,0.5,0.07,25.0,0.492,0
202331,Paul George,2025,112.2,-3.8,1.8,0.5,0.083,32.5,0.366,0
1630202,Payton Pritchard,2025,108.9,9.5,0.9,0.2,0.065,28.4,0.738,0
1631212,Peyton Watson,2025,113.9,0.0,0.7,1.4,0.069,24.3,0.588,0
201588,George Hill,2010,102.9,5.0,0.9,0.3,0.047,29.2,0.615,0
2222,Gerald Wallace,2010,101.4,2.5,1.5,1.1,0.13,41.0,0.539,0
255,Grant Hill,2010,108.7,3.3,0.7,0.4,0.092,30.0,0.667,0
1629656,Quentin Grimes,2025,118.1,-6.2,1.0,0.3,0.077,26.8,0.387,0
1626220,Royce O'Neale,2025,116.4,-4.2,0.9,0.4,0.094,24.5,0.44,0
203497,Rudy Gobert,2025,107.6,6.7,0.8,1.4,0.161,33.2,0.597,0
1629060,Rui Hachimura,2025,110.9,3.9,0.8,0.4,0.079,31.7,0.627,0
201566,Russell Westbrook,2025,116.2,-0.6,1.4,0.5,0.086,27.9,0.573,0
1630583,Santi Aldama,2025,112.6,3.5,0.8,0.4,0.116,25.5,0.585,0
1630703,Scoot Henderson,2025,113.7,-1.3,1.0,0.2,0.054,26.7,0.455,0
1630567,Scottie Barnes,2025,110.1,-2.7,1.4,1.0,0.111,32.8,0.4,0
1631101,Shaedon Sharpe,2025,114.4,-3.0,0.9,0.2,0.07,31.3,0.444,0
1628983,Shai Gilgeous-Alexander,2025,105.7,16.7,1.7,1.0,0.069,34.2,0.829,0
203915,Spencer Dinwiddie,2025,115.1,-5.0,0.9,0.2,0.048,27.0,0.468,0
201939,Stephen Curry,2025,112.7,5.7,1.1,0.4,0.066,32.2,0.586,0
1642264,Stephon Castle,2025,116.6,-4.7,0.9,0.3,0.066,26.7,0.407,0
1631106,Tari Eason,2025,109.2,5.6,1.7,0.9,0.118,24.9,0.632,0
1627752,Taurean Prince,2025,114.5,-0.4,1.0,0.2,0.065,27.1,0.575,0
1626179,Terry Rozier,2025,112.3,-4.9,0.6,0.2,0.068,25.9,0.422,0
203501,Tim Hardaway Jr.,2025,114.2,-0.5,0.5,0.1,0.042,28.0,0.532,0
202699,Tobias Harris,2025,110.8,3.9,1.0,0.8,0.092,31.6,0.548,0
1641739,Toumani Camara,2025,113.3,-1.8,1.5,0.6,0.086,32.7,0.423,0
1629027,Trae Young,2025,114.6,0.6,1.2,0.2,0.042,36.0,0.474,0
1630530,Trey Murphy III,2025,118.7,-9.7,1.1,0.7,0.069,35.0,0.264,0
1629639,Tyler Herro,2025,112.6,1.3,0.9,0.2,0.073,35.4,0.481,0
1630169,Tyrese Haliburton,2025,114.2,3.5,1.4,0.7,0.052,33.6,0.63,0
1630178,Tyrese Maxey,2025,117.4,-3.5,1.8,0.4,0.045,37.7,0.385,0
1626145,Tyus Jones,2025,116.1,-2.5,0.9,0.1,0.045,26.8,0.444,0
1641705,Victor Wembanyama,2025,110.0,2.6,1.1,3.8,0.159,33.2,0.457,0
1631117,Walker Kessler,2025,118.3,-9.1,0.6,2.4,0.19,30.0,0.241,0
1628976,Wendell Carter Jr.,2025,107.8,0.0,0.8,0.6,0.14,25.9,0.456,0
1642274,Yves Missi,2025,120.5,-12.7,0.5,1.3,0.149,26.8,0.26,0
1642258,Zaccharie Risacher,2025,115.0,-2.7,0.7,0.5,0.071,24.6,0.507,0
203897,Zach LaVine,2025,116.8,-1.4,0.8,0.2,0.059,35.2,0.432,0
1630533,Ziaire Williams,2025,116.2,-9.7,1.0,0.4,0.093,24.5,0.349,0
1630174,Aaron Nesmith,2026,118.4,-7.3,0.6,0.5,0.067,29.7,0.222,0
1642846,Ace Bailey,2026,120.9,-11.3,0.8,0.7,0.071,27.6,0.257,0
1642349,Ajay Mitchell,2026,102.5,15.6,1.2,0.3,0.062,25.8,0.877,0
1642259,Alex Sarr,2026,120.4,-12.4,0.8,2.0,0.126,27.2,0.229,0
1630578,Alperen Sengun,2026,113.9,3.2,1.2,1.1,0.132,33.4,0.643,0
1641708,Amen Thompson,2026,110.5,6.6,1.5,0.6,0.101,37.3,0.623,0
1629614,Andrew Nembhard,2026,119.3,-10.0,0.9,0.1,0.044,31.3,0.228,0
203952,Andrew Wiggins,2026,113.8,-0.7,1.1,1.0,0.075,30.7,0.508,0
1641710,Anthony Black,2026,113.2,0.6,1.4,0.7,0.062,30.2,0.565,0
1630162,Anthony Edwards,2026,114.1,3.6,1.4,0.8,0.069,35.2,0.6,0
1641709,Ausar Thompson,2026,107.3,11.1,2.0,0.9,0.108,26.0,0.718,0
1630559,Austin Reaves,2026,112.3,5.0,1.1,0.4,0.071,34.5,0.706,0
1630245,Ayo Dosunmu,2026,112.7,-1.5,0.9,0.3,0.06,27.3,0.515,0
1628389,Bam Adebayo,2026,110.5,5.8,1.2,0.6,0.145,32.3,0.5,0
1631097,Bennedict Mathurin,2026,115.1,-3.9,0.8,0.2,0.088,30.4,0.404,0
1641731,Bilal Coulibaly,2026,121.1,-13.0,1.3,1.0,0.077,26.3,0.255,0
1626171,Bobby Portis,2026,118.4,-8.2,0.6,0.2,0.129,24.2,0.388,0
1641764,Brandin Podziemski,2026,110.3,-0.2,1.1,0.2,0.088,28.5,0.468,0
1627742,Brandon Ingram,2026,113.7,0.5,0.8,0.7,0.082,33.8,0.554,0
1641706,Brandon Miller,2026,111.4,8.8,1.0,0.7,0.079,30.3,0.635,0
1628971,Bruce Brown,2026,115.2,-1.4,1.0,0.3,0.076,24.3,0.65,0
1642267,Bub Carrington,2026,122.4,-15.7,0.6,0.2,0.059,27.5,0.215,0
203468,CJ McCollum,2026,112.2,1.1,0.8,0.5,0.051,29.9,0.48,0
1630595,Cade Cunningham,2026,109.1,11.0,1.5,0.9,0.079,34.2,0.726,0
1629661,Cameron Johnson,2026,114.7,9.5,0.7,0.4,0.063,30.5,0.685,0
1641717,Cason Wallace,2026,103.8,12.4,1.9,0.4,0.056,26.6,0.792,0
1642907,Cedric Coward,2026,113.5,0.3,0.6,0.4,0.106,25.8,0.323,0
1631096,Chet Holmgren,2026,102.3,16.1,0.6,1.9,0.149,28.9,0.812,0
1631128,Christian Braun,2026,114.1,10.1,0.7,0.3,0.075,31.8,0.659,0
1629632,Coby White,2026,113.9,3.3,0.5,0.1,0.065,25.4,0.583,0
1642262,Cody Williams,2026,122.6,-11.9,0.8,0.4,0.061,24.0,0.231,0
1631221,Collin Gillespie,2026,109.9,3.6,1.3,0.2,0.07,28.7,0.544,0
1642843,Cooper Flagg,2026,114.6,-5.7,1.2,0.9,0.093,33.8,0.309,0
1629636,Darius Garland,2026,115.2,3.1,0.9,0.2,0.038,29.7,0.581,0
1630558,Davion Mitchell,2026,112.8,4.4,1.0,0.2,0.044,28.5,0.529,0
1628368,De'Aaron Fox,2026,108.5,10.0,1.3,0.3,0.056,31.0,0.771,0
1629631,De'Andre Hunter,2026,115.0,-0.9,0.7,0.1,0.074,26.1,0.533,0
201942,DeMar DeRozan,2026,122.3,-11.7,1.0,0.3,0.047,31.2,0.26,0
1629028,Deandre Ayton,2026,116.5,-1.3,0.6,0.9,0.155,27.1,0.623,0
1630166,Deni Avdija,2026,115.3,-0.2,0.8,0.6,0.098,33.3,0.516,0
203471,Dennis Schröder,2026,117.1,-6.0,0.8,0.2,0.054,24.4,0.42,0
1642852,Derik Queen,2026,118.9,-6.3,1.0,0.9,0.134,24.6,0.329,0
1627884,Derrick Jones Jr.,2026,113.5,4.5,0.9,1.0,0.065,27.2,0.521,0
1628401,Derrick White,2026,107.9,11.3,1.1,1.3,0.061,34.3,0.68,0
1630217,Desmond Bane,2026,111.8,2.0,1.0,0.5,0.06,34.0,0.55,0
1626164,Devin Booker,2026,112.0,3.9,0.8,0.3,0.055,33.5,0.578,0
1630170,Devin Vassell,2026,109.3,11.8,0.8,0.4,0.063,30.5,0.785,0
1628415,Dillon Brooks,2026,114.7,-0.7,1.0,0.2,0.058,30.6,0.582,0
1642270,Donovan Clingan,2026,113.5,0.1,0.6,1.7,0.199,27.2,0.52,0
1628378,Donovan Mitchell,2026,112.1,7.2,1.5,0.3,0.065,33.5,0.643,0
1628978,Donte DiVincenzo,2026,109.9,6.3,1.3,0.4,0.064,30.7,0.588,0
203110,Draymond Green,2026,113.3,-4.0,0.9,0.6,0.097,27.6,0.47,0
1629130,Duncan Robinson,2026,109.7,10.9,0.6,0.3,0.047,27.5,0.747,0
1630700,Dyson Daniels,2026,111.0,5.6,2.0,0.4,0.099,33.2,0.573,0
1642856,Egor Dëmin,2026,115.4,-5.9,0.8,0.3,0.063,25.2,0.269,0
1630596,Evan Mobley,2026,111.2,6.1,0.8,1.8,0.135,32.1,0.625,0
1628960,Grayson Allen,2026,113.8,-0.1,1.4,0.3,0.05,29.1,0.52,0
203084,Harrison Barnes,2026,110.2,7.8,0.7,0.2,0.051,25.8,0.747,0
1630529,Herbert Jones,2026,114.4,-0.9,1.6,0.5,0.059,28.4,0.393,0
1630193,Immanuel Quickley,2026,112.0,2.5,1.3,0.1,0.062,32.2,0.574,0
1630171,Isaac Okoro,2026,120.6,-8.5,0.7,0.5,0.049,26.9,0.413,0
1642268,Isaiah Collier,2026,122.6,-13.2,1.1,0.3,0.048,25.7,0.271,0
1628392,Isaiah Hartenstein,2026,103.2,15.6,1.0,0.8,0.188,24.2,0.83,0
1627826,Ivica Zubac,2026,117.9,-2.4,0.4,0.8,0.178,30.1,0.354,0
1631095,Jabari Smith Jr.,2026,111.9,5.0,0.7,0.9,0.096,35.1,0.627,0
1630183,Jaden McDaniels,2026,112.1,3.2,1.1,1.0,0.064,31.7,0.597,0
1631170,Jaime Jaquez Jr.,2026,111.1,2.8,0.7,0.3,0.081,28.3,0.542,0
1631222,Jake LaRavia,2026,116.9,-1.3,1.2,0.5,0.081,25.0,0.633,0
1627751,Jakob Poeltl,2026,112.6,1.7,0.9,0.7,0.147,25.4,0.558,0
1628973,Jalen Brunson,2026,114.0,6.1,0.8,0.1,0.048,35.0,0.667,0
1631105,Jalen Duren,2026,108.2,11.9,0.8,0.9,0.182,28.3,0.71,0
1630552,Jalen Johnson,2026,112.6,2.8,1.3,0.4,0.14,35.3,0.577,0
1630591,Jalen Suggs,2026,109.0,4.7,1.9,0.7,0.068,27.6,0.6,0
1627750,Jamal Murray,2026,117.7,6.8,0.9,0.4,0.063,35.4,0.64,0
201935,James Harden,2026,116.8,2.5,1.1,0.4,0.071,35.0,0.58,0
1641716,Jarace Walker,2026,118.2,-11.7,0.8,0.3,0.095,25.6,0.203,0
1628991,Jaren Jackson Jr.,2026,110.8,-2.0,1.1,1.4,0.085,30.3,0.396,0
1628386,Jarrett Allen,2026,112.9,6.4,1.0,0.8,0.152,27.1,0.661,0
1627759,Jaylen Brown,2026,113.1,6.1,1.0,0.4,0.095,34.5,0.657,0
1642377,Jaylen Wells,2026,117.8,-4.4,0.9,0.1,0.058,26.4,0.348,0
1642281,Jaylon Tyson,2026,113.5,4.0,0.8,0.4,0.091,27.0,0.625,0
203924,Jerami Grant,2026,115.2,-0.3,0.7,0.6,0.055,29.7,0.474,0
1642847,Jeremiah Fears,2026,117.6,-5.9,1.2,0.4,0.067,25.3,0.325,0
1628381,John Collins,2026,115.2,-0.7,0.9,0.7,0.098,27.4,0.463,0
1630581,Josh Giddey,2026,117.1,-5.0,1.0,0.5,0.121,32.1,0.389,0
1628404,Josh Hart,2026,112.6,5.2,1.1,0.3,0.125,30.1,0.656,0
201950,Jrue Holiday,2026,108.8,5.9,1.0,0.1,0.074,29.3,0.51,0
255,Grant Hill,2011,108.5,1.0,0.8,0.4,0.072,30.1,0.488,0
1630577,Julian Champagnie,2026,107.6,12.7,0.8,0.4,0.099,27.7,0.763,0
203944,Julius Randle,2026,113.1,4.0,1.1,0.2,0.099,33.0,0.595,0
203994,Jusuf Nurkić,2026,117.4,-7.9,1.3,0.5,0.182,26.4,0.341,0
1626157,Karl-Anthony Towns,2026,111.8,6.9,0.9,0.5,0.192,31.0,0.644,0
202695,Kawhi Leonard,2026,112.5,7.8,1.9,0.4,0.101,32.0,0.578,0
1626162,Kelly Oubre Jr.,2026,117.5,-1.7,1.2,0.5,0.076,31.8,0.532,0
201142,Kevin Durant,2026,112.4,5.3,0.8,0.9,0.073,36.4,0.618,0
1641718,Keyonte George,2026,123.6,-8.6,1.1,0.3,0.054,33.1,0.296,0
1642851,Kon Knueppel,2026,113.2,6.0,0.7,0.2,0.082,31.5,0.544,0
1627739,Kris Dunn,2026,113.9,0.7,1.6,0.2,0.063,27.3,0.513,0
1628398,Kyle Kuzma,2026,116.7,-6.4,0.7,0.4,0.085,26.2,0.441,0
1642273,Kyshawn George,2026,119.7,-11.5,1.0,0.9,0.081,29.0,0.208,0
1630163,LaMelo Ball,2026,114.1,9.7,1.2,0.2,0.083,27.9,0.571,0
1628374,Lauri Markkanen,2026,115.2,-1.5,1.0,0.5,0.094,34.3,0.405,0
2544,LeBron James,2026,113.4,1.2,1.1,0.6,0.092,33.5,0.632,0
1629029,Luka Dončić,2026,115.6,3.8,1.6,0.5,0.11,35.8,0.672,0
203935,Marcus Smart,2026,110.9,6.4,1.4,0.4,0.05,28.7,0.65,0
1641824,Matas Buzelis,2026,116.9,-6.0,0.7,1.5,0.093,29.2,0.368,0
1631108,Max Christie,2026,115.1,-7.4,0.6,0.3,0.053,29.3,0.307,0
1642875,Maxime Raynaud,2026,121.2,-11.6,0.5,0.5,0.14,26.2,0.278,0
1629008,Michael Porter Jr.,2026,119.6,-6.6,1.1,0.3,0.11,32.5,0.269,0
1628969,Mikal Bridges,2026,112.0,5.6,1.3,0.8,0.058,33.3,0.646,0
1628970,Miles Bridges,2026,114.8,3.8,0.6,0.4,0.092,31.2,0.547,0
1630541,Moses Moody,2026,108.9,2.2,1.0,0.6,0.061,25.7,0.5,0
1631217,Moussa Diabaté,2026,111.6,10.8,0.8,1.0,0.166,26.0,0.549,0
1626167,Myles Turner,2026,116.0,-6.9,0.7,1.6,0.096,26.9,0.414,0
1630230,Naji Marshall,2026,114.3,-4.6,1.1,0.1,0.075,29.5,0.338,0
1629675,Naz Reid,2026,109.9,3.2,1.0,1.0,0.113,26.1,0.597,0
1629674,Neemias Queta,2026,105.4,13.3,0.8,1.3,0.155,25.5,0.689,0
1629651,Nic Claxton,2026,120.3,-12.9,0.7,1.1,0.124,27.8,0.246,0
201144,Mike Conley,2011,103.8,5.4,1.8,0.2,0.045,35.5,0.568,0
1629638,Nickeil Alexander-Walker,2026,112.4,3.6,1.3,0.5,0.049,33.4,0.545,0
203999,Nikola Jokić,2026,115.2,10.8,1.4,0.8,0.184,35.1,0.656,0
202696,Nikola Vučević,2026,114.7,-2.1,0.6,0.6,0.142,28.6,0.548,0
1642363,Nique Clifford,2026,115.4,-4.4,0.9,0.3,0.073,24.7,0.274,0
1641730,Noah Clowney,2026,118.3,-8.7,0.8,0.7,0.077,27.0,0.258,0
1626181,Norman Powell,2026,113.4,1.0,1.1,0.3,0.055,30.0,0.5,0
1628384,OG Anunoby,2026,110.3,9.2,1.6,0.7,0.078,33.4,0.662,0
1630168,Onyeka Okongwu,2026,111.6,1.6,1.1,1.1,0.118,31.1,0.548,0
1629023,P.J. Washington,2026,114.4,-7.3,1.0,1.1,0.105,31.0,0.286,0
1631094,Paolo Banchero,2026,114.7,-0.6,0.7,0.6,0.119,34.8,0.529,0
1627783,Pascal Siakam,2026,117.2,-5.6,1.1,0.4,0.095,33.2,0.274,0
1630202,Payton Pritchard,2026,112.2,7.5,0.7,0.1,0.059,32.3,0.688,0
1641796,Pelle Larsson,2026,112.9,2.6,0.7,0.2,0.062,26.3,0.544,0
1631212,Peyton Watson,2026,117.6,6.2,0.9,1.1,0.083,29.6,0.667,0
1629656,Quentin Grimes,2026,113.0,-0.4,0.9,0.4,0.058,29.7,0.556,0
2045,Hedo Turkoglu,2010,112.9,-3.1,0.7,0.4,0.078,30.7,0.5,0
1629628,RJ Barrett,2026,113.6,4.1,0.7,0.3,0.089,30.2,0.582,0
1642263,Reed Sheppard,2026,111.2,4.4,1.5,0.7,0.053,26.4,0.633,0
1626220,Royce O'Neale,2026,115.4,-3.6,1.1,0.4,0.08,28.5,0.558,0
203497,Rudy Gobert,2026,108.0,5.0,0.8,1.6,0.173,31.3,0.605,0
1629060,Rui Hachimura,2026,115.6,0.3,0.5,0.3,0.059,28.3,0.677,0
201566,Russell Westbrook,2026,122.1,-12.1,1.3,0.2,0.093,28.9,0.25,0
1631157,Ryan Rollins,2026,116.5,-3.2,1.5,0.4,0.07,32.1,0.392,0
1630180,Saddiq Bey,2026,116.8,-3.6,0.9,0.1,0.085,31.2,0.333,0
1630573,Sam Hauser,2026,111.1,8.6,0.5,0.3,0.074,24.7,0.697,0
1630241,Sam Merrill,2026,112.6,7.7,0.6,0.1,0.047,26.5,0.712,0
1627884,Derrick Jones Jr.,2025,108.7,6.7,1.0,0.4,0.072,24.3,0.623,0
1628401,Derrick White,2025,109.5,10.2,0.9,1.1,0.064,33.9,0.763,0
1630217,Desmond Bane,2025,113.3,2.8,1.2,0.4,0.088,32.0,0.551,0
1626164,Devin Booker,2025,118.5,-3.2,0.9,0.2,0.055,37.3,0.467,0
1630170,Devin Vassell,2025,118.1,-6.2,1.3,0.5,0.062,31.0,0.375,0
1628415,Dillon Brooks,2025,108.8,4.7,0.8,0.2,0.054,31.8,0.653,0
1630583,Santi Aldama,2026,116.0,-2.4,0.9,0.7,0.112,27.9,0.442,0
1630567,Scottie Barnes,2026,110.1,4.2,1.5,1.5,0.11,33.6,0.558,0
1631101,Shaedon Sharpe,2026,113.8,-1.6,1.4,0.1,0.067,30.0,0.458,0
1628983,Shai Gilgeous-Alexander,2026,105.2,16.3,1.4,0.8,0.062,33.2,0.824,0
201939,Stephen Curry,2026,115.3,2.7,1.1,0.4,0.056,31.0,0.585,0
1642264,Stephon Castle,2026,108.2,10.3,1.1,0.3,0.083,30.0,0.761,0
1631106,Tari Eason,2026,109.4,6.3,1.2,0.5,0.117,25.9,0.632,0
1629611,Terance Mann,2026,117.8,-8.2,0.7,0.2,0.066,24.3,0.238,0
203501,Tim Hardaway Jr.,2026,115.0,4.4,0.5,0.1,0.047,26.6,0.646,0
202699,Tobias Harris,2026,108.9,9.4,0.9,0.4,0.088,27.8,0.721,0
1641739,Toumani Camara,2026,112.8,1.2,1.2,0.4,0.073,33.3,0.5,0
1642848,Tre Johnson,2026,119.9,-11.2,0.6,0.3,0.055,24.0,0.2,0
1630200,Tre Jones,2026,115.0,-4.0,1.2,0.2,0.053,27.0,0.419,0
1630530,Trey Murphy III,2026,117.2,-3.6,1.5,0.4,0.078,35.5,0.318,0
1641783,Tristan da Silva,2026,112.1,1.1,0.9,0.3,0.072,24.7,0.56,0
1631260,AJ Green,2026,116.7,-3.8,0.5,0.1,0.046,28.8,0.395,0
1642845,VJ Edgecombe,2026,114.9,0.3,1.4,0.5,0.076,34.9,0.569,0
1641705,Victor Wembanyama,2026,103.2,17.0,1.0,3.1,0.185,29.2,0.778,0
1628976,Wendell Carter Jr.,2026,111.8,1.8,0.8,0.6,0.124,29.4,0.553,0
1629627,Zion Williamson,2026,114.9,-1.9,1.0,0.5,0.09,29.7,0.355,0
101198,Will Bynum,2010,112.9,-9.5,0.9,0.1,0.046,26.5,0.333,0
2743,Kris Humphries,2011,107.8,-6.1,0.4,1.1,0.194,27.8,0.311,0
1629014,Anfernee Simons,2026,114.0,3.0,0.5,0.1,0.047,24.9,0.564,0
2225,Tony Parker,2012,98.4,10.7,1.0,0.1,0.045,32.1,0.783,0
202695,Kawhi Leonard,2013,97.3,10.1,1.7,0.6,0.101,31.2,0.741,0
203077,Michael Kidd-Gilchrist,2013,107.8,-7.2,0.7,0.9,0.115,26.0,0.256,0
201144,Mike Conley,2013,96.0,9.7,2.2,0.3,0.042,34.5,0.675,0
2399,Mike Dunleavy,2013,102.4,1.6,0.5,0.5,0.072,25.9,0.44,0
2590,Mo Williams,2013,106.2,-2.7,1.0,0.2,0.04,30.8,0.478,0
101145,Monta Ellis,2013,104.3,-0.9,2.1,0.4,0.049,37.5,0.463,0
203092,Tyler Zeller,2013,107.2,-6.0,0.5,0.9,0.108,26.4,0.312,0
202710,Jimmy Butler III,2014,98.9,4.0,1.9,0.5,0.065,38.7,0.642,0
201149,Joakim Noah,2014,99.1,4.4,1.2,1.5,0.161,35.2,0.6,1
201975,Jodie Meeks,2014,110.8,-8.8,1.4,0.1,0.036,33.2,0.325,0
2207,Joe Johnson,2014,105.8,0.4,0.6,0.1,0.056,32.6,0.544,0
203089,John Henson,2014,110.9,-11.5,0.6,1.7,0.136,26.5,0.171,0
202322,John Wall,2014,102.5,3.5,1.8,0.5,0.057,36.3,0.537,0
2548,Dwyane Wade,2015,107.1,-2.1,1.2,0.3,0.059,31.8,0.452,0
202325,Wesley Johnson,2015,109.3,-6.7,0.8,0.6,0.071,29.5,0.263,0
201935,James Harden,2019,110.3,6.3,2.0,0.7,0.089,36.8,0.654,0
1629027,Trae Young,2019,114.8,-6.3,0.9,0.2,0.057,30.9,0.358,0
203926,Doug McDermott,2021,112.3,-1.8,0.3,0.1,0.066,24.5,0.485,0
203110,Draymond Green,2023,109.2,7.0,1.0,0.8,0.11,31.5,0.562,0
203506,Victor Oladipo,2023,111.5,-1.5,1.4,0.3,0.059,26.3,0.548,0
1630529,Herbert Jones,2024,111.0,5.5,1.4,0.8,0.059,30.5,0.605,0
201572,Brook Lopez,2025,112.7,2.2,0.6,1.9,0.078,31.8,0.588,0
1630558,Davion Mitchell,2025,110.7,0.3,1.0,0.2,0.041,27.4,0.338,0
201572,Brook Lopez,2017,108.5,-3.8,0.5,1.7,0.085,29.6,0.267,0
203468,CJ McCollum,2017,108.9,0.7,0.9,0.5,0.051,34.9,0.5,0
1630172,Patrick Williams,2021,113.5,-7.1,0.9,0.6,0.082,27.9,0.423,0
101108,Chris Paul,2012,104.1,7.4,2.5,0.1,0.051,36.3,0.617,0
201988,Patty Mills,2021,106.4,1.4,0.6,0.0,0.032,24.8,0.456,0
202331,Paul George,2021,107.0,11.3,1.1,0.4,0.101,33.7,0.704,0
1629628,RJ Barrett,2021,107.2,2.7,0.7,0.3,0.079,34.9,0.569,0
202711,Bojan Bogdanovic,2024,121.3,-11.4,0.5,0.1,0.052,25.9,0.351,0
101154,Andray Blatche,2010,107.4,-6.4,1.0,0.9,0.118,27.9,0.321,0
2738,Andre Iguodala,2010,108.2,-4.1,1.7,0.7,0.088,38.9,0.329,0
1889,Andre Miller,2010,104.0,6.5,1.1,0.1,0.059,30.5,0.61,0
200745,Andrea Bargnani,2010,114.0,-3.7,0.3,1.4,0.093,35.0,0.488,0
1628378,Donovan Mitchell,2025,109.1,10.5,1.3,0.2,0.069,31.4,0.775,0
1628978,Donte DiVincenzo,2025,109.1,5.1,1.2,0.3,0.068,25.9,0.597,0
1627827,Dorian Finney-Smith,2025,110.3,8.8,0.9,0.4,0.069,28.9,0.571,0
201609,Goran Dragic,2013,106.9,-4.7,1.6,0.3,0.047,33.5,0.325,0
202330,Gordon Hayward,2013,104.2,2.5,0.8,0.5,0.056,29.2,0.514,0
202328,Greg Monroe,2013,106.0,-5.2,1.3,0.7,0.149,33.2,0.358,0
202349,Greivis Vasquez,2013,109.3,-3.0,0.8,0.1,0.067,34.4,0.333,0
2403,Nene,2013,98.3,3.4,0.9,0.6,0.124,27.2,0.426,0
101106,Andrew Bogut,2014,99.3,9.0,0.7,1.8,0.189,26.4,0.597,0
203076,Anthony Davis,2014,108.7,-2.1,1.3,2.8,0.15,35.2,0.433,0
2734,Devin Harris,2012,104.6,2.8,1.0,0.2,0.033,27.6,0.571,0
201147,Corey Brewer,2014,104.5,5.9,1.9,0.4,0.039,32.2,0.494,0
201152,Thaddeus Young,2015,107.9,-4.5,1.6,0.3,0.086,32.0,0.329,0
203932,Aaron Gordon,2019,105.9,1.5,0.7,0.7,0.106,33.8,0.513,0
1629651,Nic Claxton,2023,111.3,3.7,0.9,2.5,0.155,29.9,0.539,0
1630162,Anthony Edwards,2024,108.5,7.3,1.3,0.5,0.078,35.1,0.684,0
1628386,Jarrett Allen,2025,111.3,10.5,0.9,0.9,0.169,28.0,0.78,0
1627734,Domantas Sabonis,2025,113.9,2.6,0.7,0.4,0.199,34.7,0.514,0
201609,Goran Dragic,2012,103.7,2.0,1.3,0.2,0.05,26.5,0.515,0
202330,Gordon Hayward,2012,105.0,1.1,0.8,0.6,0.058,30.5,0.545,0
203110,Draymond Green,2025,108.8,6.6,1.5,1.0,0.102,29.2,0.618,0
1890,Shawn Marion,2011,105.0,0.0,0.9,0.6,0.128,28.2,0.7,0
2747,JR Smith,2010,104.9,6.1,1.3,0.3,0.057,27.8,0.64,0
2037,Jamal Crawford,2010,106.7,4.6,0.8,0.2,0.042,31.1,0.646,0
2045,Hedo Turkoglu,2011,104.3,5.6,0.9,0.4,0.073,31.4,0.593,0
2747,JR Smith,2011,105.9,6.5,1.2,0.2,0.084,24.9,0.62,0
1712,Antawn Jamison,2012,110.2,-7.2,0.8,0.7,0.094,33.1,0.308,0
201943,Brandon Jennings,2012,106.3,-2.0,1.6,0.3,0.047,35.3,0.47,0
202688,Brandon Knight,2012,105.5,-6.2,0.7,0.2,0.052,32.2,0.379,0
201575,Brandon Rush,2012,106.6,-2.1,0.5,0.9,0.075,26.4,0.354,0
201584,Courtney Lee,2013,103.0,-1.8,1.1,0.3,0.052,24.9,0.513,0
101112,Channing Frye,2014,104.9,6.4,0.7,0.8,0.091,28.2,0.585,0
203095,Evan Fournier,2015,106.1,-4.1,0.7,0.0,0.048,28.6,0.328,0
201980,Danny Green,2017,101.7,8.0,1.0,0.8,0.062,26.6,0.75,0
203471,Dennis Schröder,2017,106.8,-1.5,0.9,0.2,0.048,31.5,0.532,0
203507,Giannis Antetokounmpo,2020,97.4,15.4,1.0,1.0,0.196,30.4,0.81,1
200755,JJ Redick,2020,112.7,-1.0,0.3,0.2,0.045,26.3,0.433,0
1628366,Lonzo Ball,2021,113.7,0.5,1.5,0.6,0.073,31.8,0.418,0
1627742,Brandon Ingram,2022,109.4,3.3,0.6,0.5,0.086,34.0,0.527,0
1628971,Bruce Brown,2022,112.0,-0.3,1.1,0.7,0.094,24.6,0.514,0
1627741,Buddy Hield,2022,115.1,-3.6,0.9,0.3,0.068,30.8,0.321,0
1630165,Killian Hayes,2022,112.9,-10.3,1.2,0.5,0.061,25.0,0.318,0
1628374,Lauri Markkanen,2023,113.6,3.8,0.6,0.6,0.12,34.4,0.485,0
2544,LeBron James,2023,111.0,4.6,0.9,0.6,0.114,35.5,0.545,0
1642377,Jaylen Wells,2025,111.9,4.7,0.6,0.1,0.061,25.9,0.595,0
1629628,RJ Barrett,2025,113.4,-3.4,0.8,0.3,0.094,32.2,0.397,0
1630178,Tyrese Maxey,2026,114.0,1.4,1.9,0.8,0.051,38.2,0.537,0
1629636,Darius Garland,2025,113.4,9.9,1.2,0.1,0.045,30.7,0.8,0
1628368,De'Aaron Fox,2025,114.9,-1.2,1.5,0.4,0.064,36.1,0.435,0
202689,Kemba Walker,2012,107.4,-14.8,0.9,0.3,0.065,27.2,0.106,0
2738,Andre Iguodala,2014,97.4,13.5,1.5,0.3,0.072,32.4,0.651,0
200745,Andrea Bargnani,2014,107.7,-6.1,0.3,1.2,0.092,29.9,0.357,0
201167,Arron Afflalo,2014,108.0,-7.4,0.5,0.0,0.052,35.0,0.288,0
202322,John Wall,2015,99.6,4.8,1.7,0.6,0.064,35.9,0.57,0
203524,Solomon Hill,2017,104.0,1.0,0.9,0.4,0.062,29.7,0.425,0
201143,Al Horford,2018,101.6,7.3,0.6,1.1,0.115,31.6,0.653,0
1627734,Domantas Sabonis,2018,105.8,1.4,0.5,0.4,0.16,24.5,0.608,0
1628378,Donovan Mitchell,2018,101.5,6.8,1.5,0.3,0.057,33.4,0.582,0
1627733,Dragan Bender,2018,110.9,-10.3,0.3,0.6,0.082,25.2,0.256,0
203110,Draymond Green,2018,105.2,6.7,1.4,1.3,0.117,32.7,0.686,0
2730,Dwight Howard,2018,108.2,1.4,0.6,1.6,0.199,30.4,0.432,0
202331,Paul George,2018,106.0,3.7,2.0,0.5,0.076,36.6,0.595,0
203992,Bogdan Bogdanović,2024,114.4,1.9,1.2,0.3,0.055,30.4,0.443,0
1628368,De'Aaron Fox,2020,114.6,-4.0,1.5,0.5,0.059,32.0,0.392,0
1629011,Mitchell Robinson,2022,111.2,-2.1,0.8,1.8,0.158,25.7,0.444,0
1628964,Mo Bamba,2022,111.3,-9.6,0.5,1.7,0.146,25.7,0.268,0
1628420,Monte Morris,2022,110.4,6.0,0.7,0.2,0.052,29.9,0.587,0
1626167,Myles Turner,2022,109.9,-0.3,0.7,2.8,0.12,29.4,0.357,0
1629652,Luguentz Dort,2026,107.6,9.1,0.9,0.4,0.064,27.0,0.791,0
1733,Al Harrington,2010,109.9,-5.0,0.9,0.4,0.095,30.5,0.361,0
201143,Al Horford,2010,104.5,8.6,0.7,1.1,0.148,35.1,0.642,0
2744,Al Jefferson,2010,110.0,-10.4,0.8,1.3,0.145,32.4,0.197,0
201154,Al Thornton,2010,107.8,-7.5,0.6,0.5,0.074,27.7,0.333,0
