PLAYER_ID,PLAYER_NAME,TEAM_ID,TEAM_ABBREVIATION,AGE,GP,E_OFF_RATING,OFF_RATING,sp_work_OFF_RATING,E_DEF_RATING,DEF_RATING,sp_work_DEF_RATING,E_NET_RATING,NET_RATING,sp_work_NET_RATING,AST_PCT,AST_TO,AST_RATIO,OREB_PCT,DREB_PCT,REB_PCT,TM_TOV_PCT,E_TOV_PCT,EFG_PCT,TS_PCT,USG_PCT,E_USG_PCT,E_PACE,PACE,PACE_PER40,sp_work_PACE,PIE,POSS,FGM_PG,FGA_PG,E_OFF_RATING_RANK,OFF_RATING_RANK,sp_work_OFF_RATING_RANK,E_DEF_RATING_RANK,DEF_RATING_RANK,sp_work_DEF_RATING_RANK,E_NET_RATING_RANK,NET_RATING_RANK,sp_work_NET_RATING_RANK,AST_PCT_RANK,AST_TO_RANK,AST_RATIO_RANK,OREB_PCT_RANK,DREB_PCT_RANK,REB_PCT_RANK,TM_TOV_PCT_RANK,E_TOV_PCT_RANK,EFG_PCT_RANK,TS_PCT_RANK,USG_PCT_RANK,E_USG_PCT_RANK,E_PACE_RANK,PACE_RANK,sp_work_PACE_RANK,PIE_RANK,FGM_PG_RANK,FGA_PG_RANK
201985,AJ Price,1610612750,MIN,27.0,28,92.7,89.1,89.1,94.8,88.2,88.2,-2.1,0.9,0.9,0.271,1.86,19.7,0.008,0.075,0.04,10.6,10.5,0.478,0.469,0.213,0.23,96.34,101.92,84.94,101.92,0.09,211,0.7,1.6,451,461,461,22,8,8,263,189,189,51,122,127,442,413,438,217,207,278,393,133,100,225,25,25,220,435,440
201166,Aaron Brooks,1610612743,DEN,29.0,72,104.1,104.1,104.1,106.6,106.7,106.7,-2.5,-2.6,-2.6,0.238,1.99,23.9,0.027,0.061,0.044,12.0,12.0,0.484,0.518,0.201,0.205,99.89,99.82,83.18,99.82,0.079,3233,3.2,8.1,198,200,200,322,331,331,271,275,275,71,101,85,269,451,420,298,299,258,267,153,158,62,78,78,274,195,165
201189,Aaron Gray,1610612758,SAC,29.0,37,98.4,97.6,97.6,110.0,108.7,108.7,-11.6,-11.1,-11.1,0.092,0.71,17.7,0.113,0.199,0.154,25.0,25.2,0.443,0.466,0.122,0.125,96.6,97.52,81.27,97.52,0.044,718,0.7,1.6,386,398,398,433,409,409,437,431,431,251,387,146,25,55,37,473,475,385,400,422,424,208,157,157,423,431,438
203519,Adonis Thomas,1610612755,PHI,21.0,6,105.7,108.2,108.2,94.9,91.0,91.0,10.8,17.2,17.2,0.115,3.0,16.7,0.0,0.079,0.041,5.6,5.4,0.464,0.485,0.176,0.184,95.48,96.43,80.35,96.43,0.04,73,1.0,2.3,138,75,75,23,15,15,18,7,7,198,19,165,449,389,437,21,20,323,370,240,230,275,234,234,433,397,406
1733,Al Harrington,1610612764,WAS,34.0,34,106.6,106.8,106.8,102.5,102.1,102.1,4.1,4.7,4.7,0.089,0.82,9.9,0.032,0.138,0.085,12.0,12.0,0.478,0.506,0.225,0.228,94.99,95.09,79.24,95.09,0.061,1012,2.4,6.1,113,103,103,181,155,155,115,96,96,265,362,336,241,191,217,296,294,278,305,98,104,305,312,312,371,257,229
201143,Al Horford,1610612737,ATL,28.0,29,104.4,104.3,104.3,100.7,101.1,101.1,3.7,3.1,3.1,0.139,1.19,12.7,0.072,0.189,0.131,10.7,10.7,0.571,0.588,0.244,0.246,97.05,96.88,80.73,96.88,0.153,1939,8.2,14.5,188,192,192,101,118,118,126,135,135,162,256,263,117,68,92,220,223,37,60,53,57,184,208,208,21,10,35
2744,Al Jefferson,1610612766,CHA,29.0,73,102.7,103.6,103.6,101.5,103.1,103.1,1.2,0.5,0.5,0.122,1.25,8.7,0.063,0.247,0.156,7.0,7.0,0.51,0.532,0.293,0.297,94.5,93.39,77.82,93.39,0.17,4971,9.6,18.8,250,224,224,135,188,188,183,201,201,183,239,371,144,19,31,38,38,169,217,9,10,345,397,397,7,4,4
202329,Al-Farouq Aminu,1610612740,NOP,23.0,80,103.7,103.4,103.4,107.5,108.8,108.8,-3.8,-5.4,-5.4,0.083,1.3,15.0,0.064,0.188,0.125,11.6,11.6,0.487,0.516,0.14,0.142,94.63,94.2,78.5,94.2,0.093,3997,2.9,6.2,218,234,234,362,411,411,295,342,342,290,229,202,139,71,104,276,277,246,275,369,375,330,362,362,188,215,227
101187,Alan Anderson,1610612751,BKN,31.0,78,103.9,103.4,103.4,103.6,104.7,104.7,0.3,-1.2,-1.2,0.074,1.31,11.9,0.024,0.078,0.052,9.1,9.1,0.487,0.525,0.156,0.16,93.42,93.12,77.6,93.12,0.059,3434,2.5,6.2,209,232,232,217,262,262,206,247,247,321,224,280,289,393,357,126,126,247,239,320,323,407,413,413,378,243,223
202692,Alec Burks,1610612762,UTA,22.0,78,100.6,101.5,101.5,108.0,108.1,108.1,-7.4,-6.6,-6.6,0.168,1.42,15.6,0.027,0.095,0.06,11.0,11.0,0.487,0.547,0.232,0.235,94.15,93.68,78.06,93.68,0.101,4279,4.9,10.7,326,307,307,388,384,384,380,372,372,126,199,190,268,317,300,238,241,243,161,84,84,365,387,387,134,101,98
203458,Alex Len,1610612756,PHX,21.0,42,100.1,98.2,98.2,106.1,106.4,106.4,-5.9,-8.2,-8.2,0.017,0.15,3.3,0.106,0.171,0.138,21.5,21.4,0.423,0.469,0.134,0.14,99.25,100.1,83.42,100.1,0.027,759,0.8,1.9,340,390,390,308,325,325,355,400,400,459,459,462,32,107,71,465,465,419,394,397,387,71,70,70,449,428,431
203144,Alexey Shved,1610612750,MIN,25.0,63,98.6,97.6,97.6,102.2,100.5,100.5,-3.6,-2.9,-2.9,0.162,1.42,17.3,0.028,0.09,0.058,12.2,12.2,0.384,0.452,0.206,0.213,96.06,97.37,81.14,97.37,0.072,1349,1.2,3.8,381,399,399,166,99,99,289,282,282,130,200,156,260,336,318,305,305,439,416,147,142,243,167,167,315,373,327
201582,Alexis Ajinca,1610612740,NOP,26.0,56,102.4,102.9,102.9,108.1,107.7,107.7,-5.7,-4.8,-4.8,0.067,0.63,10.5,0.106,0.201,0.154,16.5,16.5,0.546,0.589,0.163,0.166,93.66,93.64,78.04,93.64,0.084,1849,2.4,4.4,264,251,251,393,371,371,344,324,324,339,396,326,33,53,38,427,426,72,56,290,296,395,388,388,250,255,293
203459,Allen Crabbe,1610612757,POR,22.0,15,108.0,104.3,104.3,106.2,104.9,104.9,1.9,-0.5,-0.5,0.088,2.0,14.0,0.01,0.077,0.045,7.0,6.9,0.455,0.475,0.154,0.163,97.47,99.82,83.18,99.82,0.042,209,0.8,2.2,78,191,191,311,270,270,164,225,225,267,95,235,422,400,409,37,35,351,383,327,312,148,77,77,425,424,416
202087,Alonzo Gee,1610612739,CLE,27.0,65,98.7,98.4,98.4,106.7,108.1,108.1,-8.0,-9.7,-9.7,0.071,1.07,13.2,0.033,0.11,0.071,12.4,12.4,0.456,0.491,0.132,0.134,97.22,96.71,80.59,96.71,0.053,2041,1.5,3.6,379,382,382,325,388,388,391,421,421,330,281,255,234,260,251,310,313,348,352,402,404,170,217,217,394,336,334
2405,Amar'e Stoudemire,1610612752,NYK,31.0,65,103.3,103.6,103.6,109.5,109.8,109.8,-6.1,-6.2,-6.2,0.044,0.37,4.4,0.08,0.155,0.117,11.8,11.8,0.557,0.596,0.236,0.239,90.93,90.67,75.56,90.67,0.12,2776,4.8,8.6,232,223,223,425,434,434,359,363,363,419,440,453,100,155,116,282,285,53,44,75,75,468,469,469,71,106,149
101161,Amir Johnson,1610612761,TOR,27.0,77,106.8,107.8,107.8,102.2,103.4,103.4,4.6,4.3,4.3,0.085,0.93,12.6,0.08,0.153,0.117,13.5,13.5,0.578,0.592,0.162,0.165,93.7,92.7,77.25,92.7,0.1,4277,4.5,7.9,110,84,84,162,205,205,103,105,105,284,329,264,96,165,113,351,350,32,47,296,299,393,429,429,143,113,171
2760,Anderson Varejao,1610612739,CLE,31.0,65,103.5,104.9,104.9,102.4,103.2,103.2,1.1,1.7,1.7,0.122,1.94,19.1,0.1,0.253,0.174,9.8,9.9,0.495,0.527,0.145,0.147,94.57,93.52,77.93,93.52,0.131,3509,3.5,7.1,226,169,169,175,197,197,188,168,168,186,109,134,51,16,12,168,172,224,234,356,362,335,394,394,42,171,197
101154,Andray Blatche,1610612751,BKN,27.0,73,105.9,106.2,106.2,105.5,105.6,105.6,0.4,0.6,0.6,0.126,1.02,11.3,0.079,0.176,0.127,11.1,11.1,0.487,0.532,0.248,0.252,94.46,94.29,78.57,94.29,0.124,3180,4.4,9.2,128,121,121,292,295,295,204,200,200,176,297,307,102,95,99,246,248,242,215,49,50,348,355,355,58,117,129
203083,Andre Drummond,1610612765,DET,20.0,81,103.6,105.2,105.2,108.6,109.4,109.4,-5.0,-4.2,-4.2,0.021,0.32,3.3,0.157,0.253,0.202,10.3,10.4,0.623,0.599,0.166,0.167,96.7,95.57,79.64,95.57,0.135,5208,5.9,9.5,222,157,157,403,426,426,329,304,304,458,446,463,2,15,2,197,200,15,38,280,291,199,286,286,33,57,115
2738,Andre Iguodala,1610612744,GSW,30.0,63,110.5,110.9,110.9,96.8,97.4,97.4,13.7,13.5,13.5,0.17,2.63,29.9,0.027,0.112,0.072,11.4,11.4,0.548,0.57,0.133,0.134,97.92,97.45,81.21,97.45,0.099,4145,3.5,7.3,34,39,39,34,42,42,8,10,10,122,40,37,263,257,250,263,265,67,101,401,403,124,161,161,145,172,192
1889,Andre Miller,1610612764,WAS,38.0,58,103.6,103.2,103.2,100.1,101.0,101.0,3.6,2.2,2.2,0.307,3.23,37.7,0.029,0.1,0.066,11.7,11.7,0.483,0.534,0.148,0.152,93.84,93.57,77.97,93.57,0.118,1917,1.8,4.0,221,239,239,82,116,116,127,159,159,32,9,15,250,297,269,278,280,262,206,344,345,386,391,391,79,304,311
203460,Andre Roberson,1610612760,OKC,22.0,40,106.0,103.9,103.9,99.3,100.7,100.7,6.7,3.2,3.2,0.051,0.79,14.0,0.096,0.135,0.117,17.8,17.9,0.5,0.518,0.099,0.103,97.67,97.91,81.6,97.91,0.044,814,0.8,1.7,124,208,208,68,103,103,59,131,131,400,368,231,67,200,115,445,444,201,265,459,458,135,137,137,421,422,435
200745,Andrea Bargnani,1610612752,NYK,28.0,42,100.8,101.6,101.6,107.1,107.7,107.7,-6.3,-6.1,-6.1,0.063,0.78,6.9,0.053,0.137,0.092,8.9,8.9,0.472,0.51,0.22,0.223,92.1,91.49,76.24,91.49,0.089,2407,5.3,12.0,321,304,304,343,369,369,363,361,361,352,373,419,164,194,185,111,116,304,287,119,120,453,460,460,226,83,77
1905,Andrei Kirilenko,1610612751,BKN,33.0,45,102.8,102.4,102.4,105.9,105.4,105.4,-3.1,-2.9,-2.9,0.131,1.33,21.1,0.068,0.116,0.092,15.8,16.0,0.516,0.532,0.142,0.144,93.4,93.75,78.13,93.75,0.079,1674,1.8,3.6,249,272,272,300,286,286,280,284,284,167,218,111,127,241,188,420,420,150,216,364,370,408,383,383,276,305,337
101106,Andrew Bogut,1610612744,GSW,29.0,67,107.8,108.3,108.3,98.8,99.3,99.3,9.1,9.0,9.0,0.087,1.15,18.3,0.107,0.264,0.189,15.8,15.8,0.627,0.61,0.123,0.124,98.51,98.01,81.68,98.01,0.123,3606,3.5,5.6,79,71,71,54,71,71,34,30,30,278,264,142,31,8,6,419,417,13,22,421,425,98,131,131,64,166,251
101115,Andrew Bynum,1610612754,IND,26.0,26,93.5,95.6,95.6,105.3,108.3,108.3,-11.8,-12.7,-12.7,0.099,0.85,9.4,0.095,0.174,0.133,11.0,11.0,0.418,0.456,0.237,0.24,97.5,95.11,79.26,95.11,0.102,1019,3.6,8.7,447,421,421,284,398,398,440,444,444,234,352,352,70,101,81,240,240,423,412,72,74,145,310,310,131,159,147
203094,Andrew Nicholson,1610612753,ORL,24.0,76,96.5,95.5,95.5,102.3,102.3,102.3,-5.8,-6.8,-6.8,0.037,0.49,4.8,0.045,0.169,0.108,9.8,9.8,0.462,0.489,0.191,0.196,95.18,95.65,79.71,95.65,0.07,2342,2.4,5.5,424,423,423,170,162,162,350,375,375,435,426,450,184,111,150,167,168,329,358,193,189,289,278,278,330,261,254
2740,Andris Biedrins,1610612762,UTA,28.0,6,91.8,92.5,92.5,98.1,94.4,94.4,-6.3,-1.9,-1.9,0.0,0.0,0.0,0.0,0.319,0.0,33.3,35.5,1.0,0.412,0.056,0.053,96.49,97.97,81.64,97.97,0.047,93,0.2,0.2,457,447,447,46,25,25,364,257,257,466,462,466,449,1,459,478,481,1,443,475,477,217,132,132,414,469,480
1712,Antawn Jamison,1610612746,LAC,38.0,22,101.2,100.0,100.0,90.2,89.2,89.2,11.0,10.8,10.8,0.047,1.0,6.0,0.034,0.174,0.104,6.0,6.0,0.359,0.408,0.196,0.203,97.58,98.69,82.24,98.69,0.064,509,1.3,4.2,312,334,334,7,12,12,16,20,20,413,299,435,226,101,155,26,26,453,445,170,168,139,106,106,357,364,303
203461,Anthony Bennett,1610612739,CLE,21.0,52,99.3,98.7,98.7,105.4,104.5,104.5,-6.1,-5.7,-5.7,0.043,0.36,5.3,0.068,0.16,0.112,14.6,14.7,0.384,0.425,0.194,0.199,97.5,98.19,81.82,98.19,0.037,1353,1.5,4.3,360,370,370,286,251,251,357,353,353,424,442,445,125,138,130,394,396,438,437,179,179,146,121,121,438,334,300
203076,Anthony Davis,1610612740,NOP,21.0,67,105.4,106.6,106.6,107.1,108.7,108.7,-1.7,-2.1,-2.1,0.078,0.96,7.4,0.091,0.208,0.15,7.7,7.7,0.52,0.582,0.25,0.252,95.06,93.84,78.2,93.84,0.164,4601,7.8,15.0,151,109,109,346,405,405,257,264,264,309,324,407,76,49,45,56,57,135,70,45,49,300,380,380,8,12,32
201627,Anthony Morrow,1610612740,NOP,28.0,76,104.8,105.5,105.5,105.2,104.3,104.3,-0.4,1.2,1.2,0.069,1.16,9.0,0.02,0.081,0.05,7.7,7.6,0.542,0.57,0.188,0.193,93.42,93.49,77.91,93.49,0.087,2782,3.1,6.8,167,143,143,278,239,239,218,186,186,334,263,364,325,380,365,58,53,80,102,198,200,405,395,395,233,203,202
201576,Anthony Randolph,1610612743,DEN,24.0,43,96.9,95.1,95.1,105.4,104.4,104.4,-8.5,-9.3,-9.3,0.104,0.82,11.6,0.036,0.185,0.11,14.1,14.1,0.438,0.499,0.196,0.202,100.95,102.33,85.27,102.33,0.091,1119,1.6,4.1,417,432,432,285,245,245,396,416,416,217,364,294,220,79,137,378,377,399,330,171,173,44,20,20,202,329,308
201229,Anthony Tolliver,1610612766,CHA,29.0,64,103.6,104.2,104.2,101.5,101.5,101.5,2.0,2.6,2.6,0.049,1.83,10.9,0.025,0.104,0.064,5.9,5.9,0.586,0.605,0.118,0.122,96.22,95.94,79.95,95.94,0.072,2599,2.0,4.8,224,198,198,134,131,131,159,150,150,407,130,315,284,281,277,25,24,28,29,433,431,232,263,263,312,287,279
203462,Archie Goodwin,1610612756,PHX,19.0,52,97.7,97.2,97.2,105.4,105.1,105.1,-7.6,-7.9,-7.9,0.061,0.45,7.9,0.045,0.108,0.077,17.3,17.2,0.47,0.507,0.185,0.192,99.61,99.98,83.32,99.98,0.068,1110,1.5,3.2,397,404,404,287,279,279,386,393,393,360,429,400,185,269,235,442,438,311,293,211,206,66,71,71,337,343,354
202620,Arinze Onuaku,1610612739,CLE,26.0,5,105.6,101.6,101.6,121.8,118.6,118.6,-16.2,-17.1,-17.1,0.13,3.0,30.0,0.0,0.261,0.0,10.0,10.1,0.2,0.255,0.096,0.102,93.99,97.11,80.93,97.11,0.037,63,0.2,1.0,140,302,302,475,476,476,462,458,458,168,19,35,449,10,459,178,187,472,468,462,460,378,184,184,439,468,457
203102,Arnett Moultrie,1610612755,PHI,23.0,12,96.7,96.6,96.6,112.9,112.4,112.4,-16.2,-15.9,-15.9,0.015,0.29,4.1,0.053,0.132,0.09,14.3,14.2,0.421,0.448,0.1,0.104,103.67,103.92,86.6,103.92,0.037,408,1.3,3.2,420,408,408,462,463,463,461,452,452,461,449,457,162,206,194,384,386,421,417,458,456,9,14,14,440,362,357
203382,Aron Baynes,1610612759,SAS,27.0,53,108.3,106.0,106.0,104.5,102.7,102.7,3.8,3.3,3.3,0.103,0.94,14.0,0.119,0.186,0.152,14.9,14.9,0.436,0.467,0.184,0.191,96.5,98.38,81.99,98.38,0.061,1003,1.3,3.1,75,126,126,248,174,174,124,130,130,223,328,229,14,74,40,400,398,400,397,214,211,216,113,113,372,360,362
201167,Arron Afflalo,1610612753,ORL,28.0,73,99.5,100.7,100.7,107.0,108.0,108.0,-7.5,-7.4,-7.4,0.169,1.7,16.1,0.013,0.092,0.052,9.5,9.4,0.522,0.574,0.228,0.233,95.93,94.93,79.11,94.93,0.106,5051,6.4,13.8,352,323,323,341,381,381,383,382,382,124,151,184,403,331,352,140,135,131,90,89,88,255,317,317,117,42,46
201948,Austin Daye,1610612759,SAS,26.0,22,108.0,106.2,106.2,109.2,106.3,106.3,-1.1,0.0,0.0,0.081,1.6,9.3,0.034,0.156,0.093,5.8,5.9,0.441,0.456,0.224,0.23,96.63,98.77,82.31,98.77,0.062,306,1.1,3.1,77,120,120,420,321,321,241,217,217,299,173,355,232,154,182,23,23,389,413,99,99,205,104,104,367,388,360
203085,Austin Rivers,1610612740,NOP,21.0,69,107.0,106.7,106.7,106.6,106.7,106.7,0.5,0.0,0.0,0.193,2.08,20.3,0.02,0.08,0.05,9.8,9.8,0.443,0.482,0.209,0.215,93.87,93.94,78.29,93.94,0.067,2613,2.8,6.9,101,106,106,321,332,332,202,216,216,103,83,121,329,387,368,164,167,383,372,140,140,383,377,377,340,227,200
202340,Avery Bradley,1610612738,BOS,23.0,60,100.5,102.1,102.1,104.3,104.2,104.2,-3.8,-2.1,-2.1,0.079,0.89,8.1,0.025,0.097,0.061,9.1,9.1,0.485,0.51,0.231,0.233,96.32,95.62,79.68,95.62,0.082,3672,6.0,13.8,328,287,287,240,232,232,294,267,267,307,345,392,281,312,297,123,124,252,289,85,87,226,282,282,263,54,47
2732,Ben Gordon,1610612766,CHA,31.0,19,96.8,99.8,99.8,94.3,95.6,95.6,2.5,4.2,4.2,0.122,1.0,13.3,0.01,0.082,0.044,13.3,13.2,0.38,0.422,0.219,0.221,96.29,94.19,78.49,94.19,0.05,545,1.9,5.7,418,339,339,19,31,31,149,109,109,184,299,253,429,376,414,344,342,441,439,122,126,228,363,363,406,295,247
203463,Ben McLemore,1610612758,SAC,21.0,82,101.8,103.6,103.6,107.6,108.1,108.1,-5.7,-4.5,-4.5,0.058,0.85,8.9,0.024,0.086,0.054,10.5,10.4,0.446,0.485,0.166,0.168,97.26,96.19,80.16,96.19,0.042,4378,3.1,8.3,283,222,222,365,383,383,345,312,312,382,351,366,290,356,339,204,203,381,367,281,288,165,249,249,426,205,159
2757,Beno Udrih,1610612763,MEM,31.0,41,102.6,102.5,102.5,111.2,111.4,111.4,-8.6,-8.9,-8.9,0.278,2.47,32.6,0.015,0.085,0.048,13.2,13.3,0.492,0.523,0.167,0.169,94.12,94.07,78.39,94.07,0.086,1264,1.9,4.3,260,271,271,454,458,458,397,408,408,44,49,26,375,363,379,342,343,226,249,278,283,367,371,371,243,299,299
203108,Bernard James,1610612742,DAL,29.0,30,101.3,98.4,98.4,104.1,99.7,99.7,-2.8,-1.3,-1.3,0.029,0.3,7.7,0.105,0.178,0.142,25.6,24.5,0.478,0.503,0.106,0.117,98.0,101.59,84.65,101.59,0.042,309,0.4,0.8,306,383,383,233,79,79,276,249,249,451,448,403,34,91,59,475,473,278,316,454,442,113,33,33,429,461,468
202687,Bismack Biyombo,1610612766,CHA,21.0,77,98.0,98.9,98.9,100.6,100.9,100.9,-2.5,-1.9,-1.9,0.012,0.2,3.4,0.094,0.235,0.165,17.2,17.3,0.611,0.606,0.094,0.096,93.94,93.36,77.8,93.36,0.099,2086,1.1,1.9,392,365,365,99,106,106,272,258,258,463,455,461,71,22,23,440,440,16,24,465,464,380,400,400,150,382,430
201933,Blake Griffin,1610612746,LAC,25.0,80,111.2,112.9,112.9,101.6,103.1,103.1,9.6,9.8,9.8,0.185,1.38,14.2,0.07,0.191,0.133,10.3,10.2,0.533,0.583,0.286,0.289,98.4,96.96,80.8,96.96,0.162,5787,9.0,17.0,25,17,17,139,186,186,27,26,26,107,211,224,122,65,84,192,192,104,67,13,14,100,198,198,12,6,12
2564,Boris Diaw,1610612759,SAS,32.0,79,109.3,109.6,109.6,101.3,101.3,101.3,8.0,8.3,8.3,0.162,1.83,23.1,0.041,0.126,0.085,12.6,12.6,0.559,0.578,0.167,0.171,97.26,97.1,80.92,97.1,0.098,3986,3.8,7.3,53,53,53,129,122,122,45,35,35,131,128,95,201,222,215,323,317,51,79,268,275,166,186,186,152,146,190
203078,Bradley Beal,1610612764,WAS,21.0,73,103.8,104.8,104.8,101.8,102.7,102.7,2.0,2.0,2.0,0.155,1.9,15.2,0.022,0.09,0.056,8.0,8.0,0.479,0.507,0.24,0.244,94.96,94.11,78.43,94.11,0.095,4965,6.6,15.7,212,176,176,147,176,176,160,162,162,141,116,198,308,337,328,65,65,276,298,61,61,307,368,368,183,36,23
201148,Brandan Wright,1610612742,DAL,26.0,58,114.3,111.5,111.5,108.0,106.2,106.2,6.3,5.3,5.3,0.046,0.89,7.0,0.103,0.139,0.121,7.9,7.9,0.677,0.695,0.172,0.178,93.43,95.36,79.47,95.36,0.137,2144,3.9,5.7,12,26,26,387,317,317,66,89,89,416,344,418,40,190,108,59,60,6,4,250,249,404,297,297,29,145,244
101138,Brandon Bass,1610612738,BOS,29.0,82,98.3,99.3,99.3,106.3,107.1,107.1,-8.0,-7.8,-7.8,0.065,0.85,8.5,0.071,0.143,0.106,10.0,10.0,0.487,0.549,0.184,0.186,95.58,94.73,78.94,94.73,0.099,4449,4.3,8.8,387,353,353,316,347,347,390,392,392,346,352,377,121,180,153,177,181,245,158,216,221,269,331,331,146,123,139
203561,Brandon Davies,1610612755,PHI,22.0,51,97.5,97.5,97.5,102.6,99.6,99.6,-5.1,-2.1,-2.1,0.074,0.8,13.0,0.062,0.127,0.093,16.3,16.3,0.43,0.476,0.136,0.14,99.38,100.88,84.07,100.88,0.04,1205,1.1,2.5,402,401,401,188,78,78,334,265,265,320,367,258,145,218,184,425,424,404,382,387,390,68,47,47,435,391,395
201943,Brandon Jennings,1610612765,DET,24.0,80,103.8,105.8,105.8,108.1,108.9,108.9,-4.3,-3.1,-3.1,0.334,2.83,29.1,0.02,0.069,0.043,10.3,10.2,0.441,0.486,0.228,0.232,98.19,96.91,80.76,96.91,0.1,5502,5.3,14.2,211,131,131,391,416,416,303,287,287,21,29,42,333,430,425,193,193,392,364,88,95,108,206,206,144,82,39
202688,Brandon Knight,1610612749,MIL,22.0,72,101.3,102.7,102.7,110.5,111.3,111.3,-9.3,-8.6,-8.6,0.262,1.87,19.9,0.019,0.092,0.054,10.6,10.6,0.473,0.523,0.263,0.267,94.63,93.68,78.06,93.68,0.111,4666,6.4,15.2,307,262,262,448,457,457,413,402,402,55,121,125,341,332,341,216,217,303,248,30,34,329,386,386,103,41,28
201575,Brandon Rush,1610612762,UTA,28.0,38,96.3,96.4,96.4,108.6,106.9,106.9,-12.3,-10.5,-10.5,0.085,1.2,17.8,0.011,0.095,0.052,14.8,14.7,0.422,0.428,0.116,0.121,94.08,94.8,79.0,94.8,0.031,822,0.8,2.4,426,412,412,405,337,337,444,428,428,281,250,145,412,319,354,397,394,420,434,436,434,368,327,327,444,427,405
203148,Brian Roberts,1610612740,NOP,28.0,72,102.6,102.8,102.8,107.3,107.1,107.1,-4.8,-4.3,-4.3,0.226,2.46,24.3,0.011,0.074,0.043,9.9,9.8,0.475,0.529,0.198,0.203,94.19,94.2,78.5,94.2,0.09,3274,3.4,8.1,259,255,255,357,345,345,320,309,309,79,50,81,418,416,427,169,170,291,227,164,165,364,361,361,213,182,165
201572,Brook Lopez,1610612751,BKN,26.0,17,102.5,102.9,102.9,102.7,105.1,105.1,-0.3,-2.2,-2.2,0.059,0.57,4.9,0.078,0.113,0.096,8.6,8.7,0.563,0.629,0.265,0.269,94.51,93.23,77.69,93.23,0.153,1037,7.6,13.5,263,249,249,192,277,277,216,269,269,375,409,447,104,253,172,91,93,46,14,27,31,344,410,410,22,15,50
201957,Byron Mullens,1610612755,PHI,25.0,45,96.9,95.7,95.7,114.8,112.2,112.2,-17.9,-16.4,-16.4,0.06,0.52,6.5,0.054,0.172,0.109,12.5,12.6,0.542,0.544,0.205,0.211,98.39,100.13,83.44,100.13,0.075,865,1.6,3.7,416,420,420,469,462,462,464,455,455,370,419,427,160,105,143,314,319,78,171,148,146,102,68,68,287,325,332
201228,C.J. Watson,1610612754,IND,30.0,63,100.7,100.8,100.8,93.6,94.6,94.6,7.1,6.2,6.2,0.144,1.78,19.8,0.016,0.065,0.041,11.1,11.1,0.516,0.555,0.159,0.163,97.4,96.8,80.67,96.8,0.096,2400,2.3,5.3,324,321,321,17,27,27,55,71,71,154,140,126,367,441,435,251,252,148,135,312,314,151,210,210,170,262,262
203468,CJ McCollum,1610612757,POR,22.0,38,101.3,102.3,102.3,105.3,104.3,104.3,-4.0,-2.1,-2.1,0.089,0.77,10.5,0.013,0.081,0.047,13.7,13.7,0.5,0.521,0.201,0.205,98.26,98.27,81.89,98.27,0.054,974,1.9,4.7,303,276,276,283,240,240,299,263,263,266,374,321,395,378,389,360,361,201,258,151,156,104,117,117,392,295,282
101139,CJ Miles,1610612739,CLE,27.0,51,104.1,104.7,104.7,102.0,102.8,102.8,2.1,1.9,1.9,0.088,1.18,9.7,0.017,0.089,0.052,8.2,8.2,0.537,0.569,0.213,0.217,96.37,95.72,79.77,95.72,0.092,1966,3.5,8.0,199,179,179,154,177,177,154,165,165,274,257,342,353,345,355,75,74,95,103,132,132,223,272,272,200,173,168
201171,Carl Landry,1610612758,SAC,30.0,18,98.2,98.3,98.3,111.9,110.6,110.6,-13.7,-12.3,-12.3,0.036,0.56,6.3,0.064,0.177,0.121,11.3,11.0,0.517,0.563,0.139,0.144,97.46,97.97,81.64,97.97,0.079,472,1.7,3.3,388,386,386,456,446,446,450,440,440,437,412,433,135,93,107,258,245,147,119,374,367,149,133,133,275,312,348
2430,Carlos Boozer,1610612741,CHI,32.0,76,97.7,99.8,99.8,99.2,100.8,100.8,-1.5,-1.0,-1.0,0.105,0.77,8.8,0.063,0.239,0.149,11.5,11.5,0.456,0.489,0.257,0.259,94.5,92.74,77.29,92.74,0.12,4143,5.9,12.9,398,340,340,66,104,104,253,239,239,216,375,370,142,20,47,272,271,347,355,38,40,346,427,427,73,59,60
2546,Carmelo Anthony,1610612752,NYK,30.0,77,106.8,108.3,108.3,105.9,107.1,107.1,0.9,1.3,1.3,0.156,1.22,10.5,0.049,0.171,0.108,8.6,8.5,0.503,0.561,0.318,0.323,92.51,91.35,76.12,91.35,0.162,5689,9.6,21.3,109,69,69,303,343,343,194,184,184,140,245,327,172,109,147,89,88,194,123,4,4,439,462,462,11,3,1
2406,Caron Butler,1610612760,OKC,34.0,56,102.1,102.5,102.5,107.9,107.8,107.8,-5.8,-5.3,-5.3,0.099,1.37,11.5,0.015,0.149,0.082,8.4,8.4,0.485,0.512,0.2,0.204,95.72,95.59,79.66,95.59,0.086,2825,3.8,9.6,279,268,268,382,376,376,351,339,339,236,215,296,377,170,226,82,82,255,283,161,162,261,284,284,242,148,114
203467,Carrick Felix,1610612739,CLE,23.0,7,109.6,108.5,108.5,104.8,101.2,101.2,4.7,7.3,7.3,0.143,1.0,16.7,0.033,0.128,0.087,16.7,16.8,0.571,0.603,0.217,0.221,102.25,104.57,87.14,104.57,0.087,82,1.0,2.0,50,65,65,265,120,120,100,48,48,156,299,165,233,215,211,428,434,37,32,125,125,15,12,12,235,397,422
201858,Cartier Martin,1610612737,ATL,29.0,59,97.6,96.2,96.2,104.1,103.2,103.2,-6.5,-7.0,-7.0,0.064,0.97,9.2,0.015,0.115,0.064,9.5,9.5,0.532,0.562,0.166,0.173,96.45,97.62,81.35,97.62,0.075,1768,1.9,4.5,399,416,416,235,192,192,368,377,377,349,321,358,377,246,274,143,144,107,122,282,268,220,154,154,288,301,291
203810,Casper Ware,1610612755,PHI,24.0,9,102.2,99.6,99.6,101.1,100.8,100.8,1.0,-1.2,-1.2,0.135,2.0,16.7,0.0,0.077,0.04,8.3,8.4,0.512,0.538,0.188,0.196,99.75,101.17,84.31,101.17,0.091,243,2.0,4.7,276,345,345,124,105,105,189,246,246,165,95,165,449,400,439,78,81,161,195,197,192,64,42,42,207,289,283
202718,Chandler Parsons,1610612745,HOU,25.0,74,110.2,111.2,111.2,104.0,105.8,105.8,6.3,5.4,5.4,0.168,2.07,19.6,0.027,0.117,0.074,9.5,9.4,0.538,0.565,0.191,0.194,98.65,97.39,81.15,97.39,0.111,5653,6.3,13.3,40,32,32,231,303,303,68,85,85,125,86,130,273,240,244,142,139,93,112,191,198,91,164,164,101,44,54
101112,Channing Frye,1610612756,PHX,31.0,82,110.4,111.2,111.2,104.4,104.9,104.9,6.0,6.4,6.4,0.061,1.1,9.7,0.032,0.149,0.091,8.8,8.8,0.535,0.555,0.172,0.174,97.56,96.94,80.79,96.94,0.082,4670,4.1,9.5,38,30,30,242,271,271,76,67,67,358,275,340,238,168,190,104,105,99,137,252,260,141,201,201,260,133,117
101111,Charlie Villanueva,1610612765,DET,29.0,20,94.0,95.3,95.3,117.2,116.6,116.6,-23.3,-21.3,-21.3,0.063,0.86,5.4,0.026,0.163,0.085,6.3,6.3,0.457,0.469,0.246,0.25,96.04,95.64,79.7,95.64,0.081,360,1.8,4.6,445,428,428,470,474,474,472,464,464,357,350,442,274,132,218,29,29,346,395,51,52,248,280,280,268,309,288
201978,Chase Budinger,1610612750,MIN,26.0,41,105.4,106.4,106.4,106.3,106.2,106.2,-0.9,0.1,0.1,0.063,1.29,9.5,0.024,0.107,0.065,7.3,7.4,0.476,0.505,0.17,0.172,97.01,96.6,80.5,96.6,0.066,1510,2.4,6.2,150,113,113,315,320,320,233,210,210,355,230,349,293,273,271,44,43,286,308,261,272,185,226,226,351,253,225
1497,Chauncey Billups,1610612765,DET,37.0,19,99.5,100.3,100.3,106.7,107.3,107.3,-7.2,-7.0,-7.0,0.196,1.68,27.6,0.012,0.082,0.046,16.4,16.5,0.392,0.427,0.152,0.153,96.03,95.31,79.43,95.31,0.04,615,1.3,4.2,353,331,331,324,357,357,376,376,376,102,157,49,406,374,400,426,428,433,435,332,341,250,301,301,432,368,304
2365,Chris Andersen,1610612748,MIA,35.0,72,107.7,107.2,107.2,100.6,100.6,100.6,7.0,6.6,6.6,0.021,0.36,4.5,0.108,0.186,0.149,12.5,12.6,0.649,0.683,0.136,0.138,91.96,92.18,76.82,92.18,0.118,2674,2.5,3.8,83,95,95,100,100,100,56,62,62,456,444,452,29,75,46,314,320,10,5,389,395,458,443,443,76,250,322
203569,Chris Babb,1610612738,BOS,24.0,14,98.9,97.0,97.0,101.3,101.5,101.5,-2.4,-4.5,-4.5,0.034,1.0,8.3,0.027,0.102,0.062,8.3,8.3,0.367,0.367,0.109,0.113,95.47,96.3,80.25,96.3,0.021,263,0.6,2.1,375,406,406,130,127,127,267,315,315,441,299,383,266,291,287,78,78,447,459,452,452,276,245,245,456,442,418
2547,Chris Bosh,1610612748,MIA,30.0,79,110.6,110.9,110.9,100.8,102.0,102.0,9.8,8.9,8.9,0.056,0.7,6.8,0.047,0.175,0.115,9.7,9.7,0.555,0.597,0.224,0.226,93.51,92.83,77.36,92.83,0.126,4901,6.2,12.1,33,38,38,109,151,151,23,32,32,387,389,421,177,98,120,161,163,56,43,101,110,401,423,423,53,45,75
203142,Chris Copeland,1610612754,IND,30.0,41,105.8,103.6,103.6,109.7,107.3,107.3,-3.9,-3.7,-3.7,0.124,1.29,11.6,0.027,0.098,0.062,9.0,9.0,0.611,0.621,0.228,0.239,93.81,95.87,79.89,95.87,0.097,535,1.3,2.9,136,226,226,429,353,353,297,302,302,179,231,293,271,309,290,118,120,16,16,90,76,388,267,267,161,359,378
201604,Chris Douglas-Roberts,1610612766,CHA,27.0,49,102.8,102.2,102.2,102.3,102.6,102.6,0.6,-0.4,-0.4,0.081,1.42,13.7,0.016,0.1,0.058,9.7,9.6,0.542,0.588,0.143,0.148,94.85,94.96,79.13,94.96,0.082,2008,2.3,5.1,247,277,277,168,173,173,199,221,221,298,200,243,371,299,316,153,152,82,57,362,357,315,316,316,259,266,267
203187,Chris Johnson,1610612738,BOS,24.0,40,102.7,103.1,103.1,104.0,102.2,102.2,-1.3,0.9,0.9,0.059,1.41,10.8,0.037,0.089,0.062,7.7,7.7,0.498,0.537,0.137,0.14,95.41,96.01,80.01,96.01,0.066,1579,2.1,5.4,254,242,242,229,160,160,248,190,190,377,202,316,215,344,291,53,56,216,199,383,385,280,256,256,347,275,259
2549,Chris Kaman,1610612747,LAL,32.0,39,99.9,100.0,100.0,103.7,103.7,103.7,-3.8,-3.7,-3.7,0.14,0.78,11.4,0.071,0.214,0.145,14.5,14.6,0.509,0.537,0.26,0.263,101.74,101.68,84.73,101.68,0.121,1558,4.5,8.9,347,334,334,220,213,213,293,301,301,161,369,300,118,43,55,392,392,173,196,35,37,24,32,32,69,111,138
101108,Chris Paul,1610612746,LAC,29.0,62,111.6,113.2,113.2,100.1,101.9,101.9,11.6,11.3,11.3,0.459,4.57,36.4,0.018,0.101,0.061,8.0,7.9,0.511,0.58,0.23,0.234,99.79,98.17,81.81,98.17,0.179,4453,6.5,14.0,19,14,14,81,146,146,13,16,16,3,2,16,347,292,294,63,62,162,74,86,86,63,122,122,6,37,44
202698,Chris Singleton,1610612764,WAS,24.0,25,91.2,91.9,91.9,106.1,103.4,103.4,-14.9,-11.5,-11.5,0.043,0.35,5.9,0.064,0.167,0.11,16.7,16.8,0.425,0.481,0.167,0.168,94.93,95.82,79.85,95.82,0.062,495,1.0,2.7,460,449,449,310,204,204,458,433,433,423,445,436,136,118,142,428,433,414,373,274,285,312,269,269,369,397,387
203147,Chris Smith,1610612752,NYK,26.0,2,104.2,100.0,100.0,202.7,225.0,225.0,-98.5,-125.0,-125.0,0.0,0.0,0.0,0.0,0.0,0.0,0.0,0.0,0.0,0.0,0.0,0.0,125.11,122.66,102.21,122.66,0.0,6,0.0,0.0,196,334,334,482,482,482,482,482,482,466,462,466,449,467,459,1,1,473,475,482,482,1,1,1,465,473,481
202874,Chris Wright,1610612749,MIL,25.0,8,108.4,107.5,107.5,113.9,113.4,113.4,-5.4,-5.8,-5.8,0.058,1.0,9.8,0.09,0.078,0.084,9.8,9.7,0.6,0.577,0.161,0.167,97.85,98.48,82.07,98.48,0.072,253,2.6,4.4,69,91,91,463,465,465,338,356,356,380,299,338,77,393,223,166,160,21,83,305,292,126,109,109,318,239,295
101236,Chuck Hayes,1610612761,TOR,31.0,61,105.1,104.2,104.2,100.5,99.9,99.9,4.6,4.3,4.3,0.069,1.06,16.7,0.089,0.195,0.14,15.8,15.8,0.431,0.468,0.101,0.104,94.2,94.84,79.03,94.84,0.073,1487,0.9,2.1,158,196,196,93,85,85,102,107,107,336,283,162,84,59,65,417,416,403,396,456,457,363,326,326,304,412,420
203469,Cody Zeller,1610612766,CHA,21.0,82,98.6,98.5,98.5,100.8,101.6,101.6,-2.2,-3.0,-3.0,0.106,1.06,13.6,0.08,0.159,0.12,12.9,13.0,0.426,0.498,0.178,0.182,97.4,97.07,80.89,97.07,0.086,2866,2.1,4.9,380,378,378,107,133,133,264,286,286,211,285,245,98,144,109,332,333,412,333,238,240,152,190,190,239,278,274
202332,Cole Aldrich,1610612752,NYK,25.0,46,106.0,104.3,104.3,107.2,105.7,105.7,-1.2,-1.5,-1.5,0.063,0.78,13.1,0.113,0.279,0.197,16.8,16.9,0.541,0.62,0.124,0.128,94.28,95.7,79.75,95.7,0.137,655,0.7,1.3,126,193,193,349,301,301,244,252,252,353,371,257,22,4,3,434,437,83,17,418,418,357,274,274,28,432,452
201147,Corey Brewer,1610612750,MIN,28.0,81,108.7,110.4,110.4,104.0,104.5,104.5,4.7,5.9,5.9,0.075,1.29,11.8,0.023,0.056,0.039,9.2,9.2,0.517,0.55,0.159,0.162,101.88,100.86,84.05,100.86,0.066,5487,4.8,10.0,61,45,45,232,250,250,101,77,77,318,231,285,300,461,442,128,127,144,154,311,316,20,49,49,343,105,111
202709,Cory Joseph,1610612759,SAS,22.0,68,106.1,104.3,104.3,104.5,104.3,104.3,1.6,0.1,0.1,0.18,2.65,24.6,0.038,0.079,0.06,9.3,9.3,0.498,0.558,0.167,0.173,96.24,97.18,80.98,97.18,0.088,1893,1.9,3.9,121,189,189,249,238,238,170,211,211,113,38,78,212,388,304,131,133,215,129,271,266,229,178,178,227,303,319
201584,Courtney Lee,1610612763,MEM,28.0,79,101.2,102.3,102.3,100.5,101.0,101.0,0.7,1.3,1.3,0.093,1.58,13.7,0.015,0.083,0.049,8.7,8.6,0.539,0.574,0.168,0.173,92.32,91.59,76.32,91.59,0.094,3773,3.7,7.8,311,274,274,95,113,113,197,180,180,249,176,244,374,373,372,94,89,90,91,264,263,446,457,457,187,151,177
201571,D.J. Augustin,1610612741,CHI,26.0,71,101.2,102.5,102.5,100.1,101.1,101.1,1.1,1.4,1.4,0.297,2.5,25.1,0.008,0.059,0.034,10.0,10.0,0.508,0.569,0.221,0.227,92.16,91.16,75.97,91.16,0.117,3687,4.2,10.1,310,269,269,85,117,117,187,178,178,36,48,73,441,454,449,182,178,177,104,115,108,452,464,464,85,129,107
203474,DJ Stephens,1610612749,MIL,23.0,3,77.7,78.6,78.6,84.8,80.8,80.8,-7.1,-2.2,-2.2,0.0,0.0,0.0,0.0,0.308,0.0,0.0,0.0,0.429,0.47,0.2,0.217,87.07,88.58,73.81,88.58,0.224,28,1.0,2.3,477,474,474,3,5,5,375,268,268,466,462,466,449,2,459,1,1,405,389,158,134,477,478,478,1,397,406
201591,DJ White,1610612766,CHA,27.0,2,133.3,127.3,127.3,147.9,142.9,142.9,-14.6,-15.6,-15.6,0.0,0.0,0.0,0.0,0.0,0.0,0.0,0.0,0.0,0.0,0.037,0.04,97.29,101.34,84.45,101.34,0.018,22,0.0,0.5,3,3,3,480,479,479,455,451,451,466,462,466,449,467,459,1,1,473,475,479,479,162,37,37,458,473,475
203081,Damian Lillard,1610612757,POR,23.0,82,110.4,111.5,111.5,105.1,105.5,105.5,5.4,6.0,6.0,0.249,2.37,21.5,0.012,0.082,0.047,9.1,9.0,0.508,0.568,0.244,0.25,97.8,97.16,80.97,97.16,0.117,5946,6.7,15.9,37,27,27,274,289,289,84,74,74,65,57,106,411,375,384,120,119,176,105,54,53,130,179,179,82,32,22
202345,Damion James,1610612759,SAS,26.0,5,114.0,113.7,113.7,107.8,102.0,102.0,6.2,11.8,11.8,0.071,3.0,21.4,0.0,0.229,0.0,7.1,7.2,0.222,0.304,0.095,0.095,94.47,97.23,81.02,97.23,0.051,102,0.4,1.8,15,13,13,378,147,147,72,15,15,328,19,107,449,26,459,39,40,470,465,464,467,347,172,172,403,458,433
202350,Daniel Orton,1610612755,PHI,23.0,22,92.4,93.1,93.1,101.0,100.2,100.2,-8.6,-7.1,-7.1,0.097,0.83,16.3,0.059,0.184,0.118,19.6,19.3,0.447,0.54,0.126,0.131,101.69,101.72,84.77,101.72,0.074,533,1.0,2.1,454,442,442,120,89,89,399,379,379,241,357,179,153,83,111,456,454,377,190,414,412,26,30,30,294,410,419
101122,Danny Granger,1610612746,LAC,31.0,41,99.4,100.4,100.4,93.9,94.5,94.5,5.5,5.9,5.9,0.08,0.89,9.7,0.035,0.114,0.075,10.9,10.9,0.448,0.502,0.195,0.198,97.93,97.12,80.93,97.12,0.083,1712,2.8,7.5,357,329,329,18,26,26,83,76,76,304,343,341,225,249,242,230,231,371,318,173,181,122,182,182,256,222,186
201980,Danny Green,1610612759,SAS,27.0,68,106.2,106.4,106.4,96.4,96.5,96.5,9.8,9.9,9.9,0.092,1.37,14.7,0.016,0.117,0.069,10.7,10.7,0.562,0.58,0.162,0.165,97.39,97.23,81.02,97.23,0.091,3345,3.2,7.4,120,112,112,30,36,36,24,25,25,252,214,210,372,236,258,223,222,47,72,301,301,153,171,171,203,199,188
201967,Dante Cunningham,1610612750,MIN,27.0,81,104.0,103.7,103.7,104.8,104.8,104.8,-0.8,-1.1,-1.1,0.08,1.98,12.5,0.065,0.134,0.098,6.3,6.3,0.464,0.474,0.151,0.155,97.94,98.08,81.73,98.08,0.081,3339,2.9,6.3,204,216,216,266,269,269,230,242,242,300,103,268,133,202,170,30,30,325,385,333,336,121,127,127,266,216,219
203130,Darius Johnson-Odom,1610612755,PHI,24.0,3,77.2,73.5,73.5,87.1,77.8,77.8,-9.9,-4.2,-4.2,0.1,0.5,9.1,0.0,0.0,0.0,18.2,18.4,0.0,0.0,0.256,0.271,101.3,109.84,91.53,109.84,-0.328,34,0.0,2.3,479,478,478,5,3,3,421,305,305,232,421,360,449,467,459,447,447,473,475,39,27,40,6,6,481,473,406
203121,Darius Miller,1610612740,NOP,24.0,45,103.8,104.8,104.8,102.9,101.8,101.8,1.0,3.1,3.1,0.09,1.95,17.6,0.013,0.06,0.037,9.0,8.9,0.515,0.55,0.125,0.129,94.25,94.3,78.59,94.3,0.046,1423,1.6,3.7,210,172,172,194,138,138,191,136,136,261,107,149,401,452,445,116,114,151,155,417,416,359,353,353,416,325,331
202721,Darius Morris,1610612763,MEM,23.0,27,89.9,89.3,89.3,102.1,98.4,98.4,-12.2,-9.1,-9.1,0.259,1.63,25.0,0.021,0.066,0.042,15.3,15.1,0.469,0.498,0.181,0.193,94.93,96.98,80.81,96.98,0.065,628,1.4,3.6,462,460,460,159,57,57,443,413,413,57,169,74,318,439,432,405,403,315,334,226,201,311,195,195,353,346,337
201589,Darrell Arthur,1610612743,DEN,26.0,68,102.4,102.2,102.2,99.1,99.1,99.1,3.3,3.1,3.1,0.082,1.05,11.0,0.044,0.126,0.086,10.4,10.4,0.424,0.459,0.181,0.185,100.05,100.13,83.44,100.13,0.055,2421,2.4,6.0,266,280,280,62,68,68,137,138,138,295,288,312,187,220,213,201,202,417,410,223,228,58,69,69,389,260,233
201954,Darren Collison,1610612746,LAC,26.0,80,108.9,109.2,109.2,103.2,103.9,103.9,5.7,5.3,5.3,0.225,2.25,24.4,0.023,0.064,0.045,10.8,10.8,0.518,0.575,0.194,0.198,97.21,96.76,80.64,96.76,0.108,4169,4.1,8.7,57,58,58,205,216,216,80,90,90,81,69,80,296,444,410,229,230,143,87,181,180,172,213,213,109,138,146
101135,David Lee,1610612744,GSW,31.0,69,108.3,109.4,109.4,98.7,99.4,99.4,9.6,10.0,10.0,0.101,0.97,10.4,0.081,0.193,0.139,10.7,10.8,0.523,0.566,0.24,0.241,98.58,97.74,81.45,97.74,0.134,4661,7.4,14.2,73,54,54,51,75,75,25,23,23,230,322,330,94,63,69,226,228,128,111,63,70,95,146,146,36,19,38
2561,David West,1610612754,IND,33.0,80,104.0,105.7,105.7,95.6,97.6,97.6,8.4,8.1,8.1,0.158,1.68,15.8,0.051,0.159,0.108,9.4,9.5,0.49,0.533,0.217,0.219,95.09,93.36,77.8,93.36,0.139,4816,5.7,11.7,205,137,137,25,47,47,40,38,38,136,158,189,169,143,148,137,146,237,213,126,130,294,399,399,26,65,80
201599,DeAndre Jordan,1610612746,LAC,25.0,82,111.5,113.0,113.0,102.3,104.3,104.3,9.1,8.7,8.7,0.036,0.6,8.4,0.119,0.26,0.193,13.9,14.0,0.676,0.63,0.123,0.123,98.23,96.67,80.56,96.67,0.121,5776,4.2,6.3,21,16,16,173,234,234,32,33,33,438,400,380,13,12,4,371,374,7,13,420,427,106,219,219,68,125,220
202732,DeAndre Liggins,1610612748,MIA,26.0,1,233.3,175.0,175.0,200.0,200.0,200.0,33.3,-25.0,-25.0,0.0,0.0,0.0,0.0,0.0,0.0,0.0,0.0,1.0,1.0,0.167,0.2,102.86,120.0,100.0,120.0,0.161,4,1.0,1.0,1,1,1,481,481,481,1,469,469,466,462,466,449,467,459,1,1,1,1,275,175,13,2,2,13,397,457
201971,DeJuan Blair,1610612742,DAL,25.0,78,107.3,106.0,106.0,106.1,105.3,105.3,1.2,0.7,0.7,0.088,0.91,11.8,0.114,0.198,0.155,13.0,13.0,0.534,0.557,0.187,0.192,97.49,98.51,82.09,98.51,0.097,2481,2.7,5.0,92,128,128,309,285,285,184,196,196,269,337,287,20,56,35,335,336,101,130,203,204,147,108,108,160,232,269
201942,DeMar DeRozan,1610612761,TOR,24.0,79,105.9,107.7,107.7,102.5,104.6,104.6,3.4,3.1,3.1,0.189,1.78,14.5,0.017,0.099,0.058,8.1,8.1,0.452,0.532,0.278,0.282,93.8,92.05,76.71,92.05,0.128,5785,7.6,17.8,130,85,85,178,253,253,132,134,134,104,141,217,355,301,313,70,69,357,218,15,17,389,449,449,50,14,6
202326,DeMarcus Cousins,1610612758,SAC,23.0,71,103.2,105.4,105.4,105.1,106.0,106.0,-1.8,-0.7,-0.7,0.175,0.82,10.9,0.097,0.275,0.185,13.2,13.1,0.496,0.555,0.323,0.326,96.93,95.49,79.58,95.49,0.182,4578,8.3,16.8,236,154,154,271,312,312,259,229,229,118,361,314,63,5,8,341,340,222,133,2,3,188,290,290,5,9,13
201960,DeMarre Carroll,1610612737,ATL,27.0,73,105.2,105.4,105.4,101.8,103.2,103.2,3.4,2.2,2.2,0.088,1.7,14.7,0.048,0.127,0.088,8.6,8.6,0.546,0.575,0.149,0.153,96.65,95.94,79.95,95.94,0.091,4677,4.1,8.8,156,151,151,149,196,196,134,160,160,273,152,211,175,216,205,92,92,73,86,342,342,204,262,262,206,131,140
203471,Dennis Schröder,1610612737,ATL,20.0,49,96.1,95.2,95.2,112.3,111.8,111.8,-16.2,-16.6,-16.6,0.247,1.52,25.8,0.008,0.091,0.049,16.9,16.9,0.41,0.442,0.188,0.196,95.21,95.83,79.86,95.83,0.047,1284,1.5,3.8,427,429,429,459,460,460,460,456,456,67,182,66,440,334,373,437,436,428,424,199,190,287,268,268,412,341,321
965,Derek Fisher,1610612760,OKC,39.0,81,108.7,108.2,108.2,99.5,99.3,99.3,9.2,8.9,8.9,0.12,2.39,21.0,0.009,0.077,0.044,8.8,8.8,0.512,0.542,0.136,0.139,96.8,97.11,80.92,97.11,0.063,2879,1.7,4.5,62,74,74,72,72,72,31,31,31,188,55,113,435,398,421,102,101,159,179,392,393,196,185,185,360,310,292
101114,Deron Williams,1610612751,BKN,30.0,64,108.3,109.0,109.0,103.1,104.6,104.6,5.2,4.4,4.4,0.312,2.74,29.3,0.008,0.079,0.044,10.7,10.6,0.518,0.564,0.214,0.219,94.37,93.41,77.84,93.41,0.117,4013,5.0,11.2,74,61,61,202,259,259,88,104,104,27,34,39,439,392,416,221,219,142,114,129,129,350,396,396,83,97,90
202324,Derrick Favors,1610612762,UTA,22.0,73,101.3,102.6,102.6,110.1,110.8,110.8,-8.7,-8.2,-8.2,0.072,0.71,8.4,0.092,0.212,0.151,11.9,11.8,0.522,0.556,0.206,0.21,93.48,92.62,77.19,92.62,0.118,4252,5.3,10.2,302,264,264,437,449,449,400,398,398,326,388,381,74,46,41,288,287,132,131,146,150,402,431,431,81,81,106
201565,Derrick Rose,1610612741,CHI,25.0,10,97.3,98.2,98.2,100.5,103.9,103.9,-3.2,-5.7,-5.7,0.257,1.26,16.9,0.027,0.068,0.048,13.3,13.3,0.402,0.446,0.289,0.295,97.09,95.03,79.19,95.03,0.073,617,5.8,16.4,408,389,389,94,220,220,281,351,351,62,236,161,267,432,378,346,346,430,418,12,11,177,314,314,306,62,15
202682,Derrick Williams,1610612758,SAC,23.0,78,102.3,102.5,102.5,106.8,106.8,106.8,-4.5,-4.3,-4.3,0.049,0.74,7.7,0.037,0.134,0.085,10.5,10.4,0.454,0.524,0.158,0.162,97.58,97.47,81.22,97.47,0.08,3686,2.6,6.2,269,265,265,330,334,334,311,308,308,409,380,402,214,203,216,203,204,352,244,315,318,140,160,160,271,237,226
2734,Devin Harris,1610612742,DAL,31.0,40,115.8,112.6,112.6,104.7,104.2,104.2,11.1,8.4,8.4,0.312,3.02,33.0,0.01,0.096,0.054,10.9,10.9,0.439,0.517,0.195,0.203,94.92,96.46,80.39,96.46,0.098,1652,2.4,6.4,10,18,18,254,233,233,15,34,34,26,17,24,420,314,342,233,232,398,268,174,163,313,231,231,153,258,217
203473,Dewayne Dedmon,1610612753,ORL,24.0,31,94.7,95.4,95.4,104.7,102.0,102.0,-10.0,-6.7,-6.7,0.021,0.28,4.2,0.096,0.255,0.171,15.0,15.0,0.458,0.5,0.129,0.131,95.06,95.96,79.96,95.96,0.077,777,1.2,2.7,439,425,425,256,152,152,422,373,373,457,450,454,66,14,17,402,401,343,328,408,410,299,259,259,281,371,389
202354,Dexter Pittman,1610612737,ATL,26.0,2,69.4,50.0,50.0,66.7,66.7,66.7,2.8,-16.7,-16.7,0.0,0.0,0.0,0.0,0.0,0.0,0.0,0.0,0.0,0.0,0.25,0.273,72.49,81.63,68.03,81.63,-1.5,4,0.0,0.5,481,482,482,1,1,1,146,457,457,466,462,466,449,467,459,1,1,473,475,46,25,481,481,481,482,473,475
203197,Diante Garrett,1610612762,UTA,25.0,71,99.1,98.3,98.3,105.2,103.7,103.7,-6.1,-5.3,-5.3,0.183,1.6,25.8,0.01,0.084,0.047,16.1,16.1,0.449,0.459,0.148,0.152,92.62,93.68,78.07,93.68,0.056,2041,1.4,3.7,368,384,384,279,211,211,358,340,340,110,173,67,419,367,387,422,422,369,408,345,344,435,385,385,385,349,329
203079,Dion Waiters,1610612739,CLE,22.0,70,101.3,102.7,102.7,103.7,104.6,104.6,-2.4,-1.9,-1.9,0.183,1.36,14.3,0.015,0.079,0.046,10.6,10.6,0.479,0.508,0.264,0.269,95.41,94.31,78.59,94.31,0.091,4083,6.1,14.2,308,259,259,221,260,260,269,259,259,109,216,220,380,391,394,212,214,273,292,28,32,282,352,352,204,50,40
202091,Dionte Christmas,1610612756,PHX,27.0,31,102.7,98.3,98.3,107.7,105.9,105.9,-5.0,-7.6,-7.6,0.067,1.33,9.1,0.059,0.136,0.094,6.8,6.9,0.427,0.489,0.163,0.17,96.48,99.46,82.88,99.46,0.072,414,0.7,2.0,253,385,385,374,307,307,331,390,390,342,218,360,155,199,180,34,37,408,354,291,276,218,88,88,316,433,422
1717,Dirk Nowitzki,1610612742,DAL,36.0,80,110.5,109.4,109.4,105.5,103.9,103.9,4.9,5.5,5.5,0.14,1.85,12.3,0.016,0.184,0.1,6.7,6.6,0.549,0.603,0.26,0.268,95.17,96.37,80.31,96.37,0.161,5292,7.9,15.9,36,55,55,294,222,222,93,84,84,160,126,274,366,82,166,32,32,66,31,34,33,291,241,241,15,11,21
202388,Donald Sloan,1610612754,IND,26.0,48,93.3,91.8,91.8,104.8,102.2,102.2,-11.5,-10.4,-10.4,0.223,2.27,25.3,0.01,0.101,0.056,11.1,11.1,0.419,0.437,0.17,0.178,92.89,94.86,79.05,94.86,0.075,776,0.9,2.4,448,450,450,264,157,157,435,427,427,85,67,71,421,295,326,251,253,422,431,257,250,425,323,323,293,413,402
202700,Donatas Motiejunas,1610612745,HOU,23.0,62,104.4,103.8,103.8,100.4,100.6,100.6,4.0,3.2,3.2,0.058,0.69,8.1,0.062,0.163,0.113,11.6,11.6,0.478,0.504,0.172,0.177,100.34,100.54,83.79,100.54,0.068,1989,2.1,4.8,187,213,213,91,101,101,117,132,132,379,390,391,146,133,126,277,276,281,313,249,252,55,54,54,336,276,280
2748,Dorell Wright,1610612757,POR,28.0,68,105.9,106.6,106.6,104.6,103.0,103.0,1.3,3.6,3.6,0.096,1.64,15.0,0.029,0.157,0.093,9.1,9.1,0.49,0.524,0.159,0.163,97.5,97.95,81.63,97.95,0.09,1999,1.6,4.4,129,110,110,251,180,180,179,119,119,244,167,205,257,153,181,124,121,236,243,314,309,144,134,134,216,323,296
203117,Doron Lamb,1610612753,ORL,22.0,53,100.2,100.7,100.7,100.8,99.8,99.8,-0.6,0.9,0.9,0.093,1.59,17.6,0.012,0.061,0.036,11.1,11.0,0.506,0.543,0.131,0.134,94.12,94.37,78.64,94.37,0.047,1359,1.2,3.0,337,324,324,106,84,84,225,191,191,248,175,149,408,450,447,245,239,185,174,404,402,366,348,348,411,376,365
203110,Draymond Green,1610612744,GSW,24.0,82,104.3,102.9,102.9,98.4,98.1,98.1,5.9,4.8,4.8,0.127,1.67,20.0,0.046,0.173,0.11,12.0,12.0,0.467,0.498,0.146,0.149,98.67,99.46,82.88,99.46,0.09,3706,2.3,5.6,191,247,247,49,52,52,78,95,95,175,161,123,179,103,138,293,300,319,335,354,354,88,87,87,212,264,249
2400,Drew Gooden,1610612764,WAS,32.0,22,105.2,105.0,105.0,110.5,108.7,108.7,-5.3,-3.7,-3.7,0.066,0.88,8.0,0.099,0.214,0.156,9.1,9.1,0.556,0.591,0.2,0.204,91.6,92.45,77.04,92.45,0.127,761,3.5,6.5,157,166,166,447,406,406,337,299,299,344,346,393,54,42,34,121,123,55,50,160,160,465,437,437,52,179,212
202779,Dwight Buycks,1610612761,TOR,25.0,14,100.5,102.8,102.8,102.2,101.4,101.4,-1.7,1.4,1.4,0.115,1.0,14.1,0.025,0.139,0.078,14.1,13.9,0.365,0.414,0.181,0.187,94.74,94.01,78.34,94.01,0.061,284,1.1,3.4,330,252,252,163,125,125,256,176,176,199,299,228,280,189,233,379,371,449,442,227,217,324,374,374,374,390,341
2730,Dwight Howard,1610612745,HOU,28.0,71,110.1,111.3,111.3,102.2,104.3,104.3,7.9,7.0,7.0,0.091,0.57,9.0,0.102,0.25,0.18,15.7,15.9,0.593,0.6,0.241,0.241,97.77,96.26,80.22,96.26,0.146,4807,6.7,11.3,41,29,29,165,237,237,48,55,55,253,408,362,44,17,9,416,418,26,36,58,72,131,248,248,23,35,87
2548,Dwyane Wade,1610612748,MIA,32.0,54,107.2,107.3,107.3,102.6,103.0,103.0,4.6,4.3,4.3,0.249,1.57,19.6,0.041,0.106,0.076,12.5,12.5,0.551,0.588,0.272,0.276,94.7,94.45,78.71,94.45,0.144,3487,7.7,14.1,96,92,92,186,184,184,105,106,106,64,177,129,202,275,240,319,315,59,61,21,21,325,346,346,24,13,43
202734,E'Twaun Moore,1610612753,ORL,25.0,79,97.8,97.0,97.0,101.2,102.0,102.0,-3.4,-5.0,-5.0,0.122,2.04,17.2,0.019,0.07,0.045,8.5,8.4,0.49,0.513,0.159,0.164,96.69,96.67,80.56,96.67,0.074,3035,2.5,5.8,395,405,405,125,153,153,286,329,329,185,90,157,338,424,407,84,83,233,281,313,305,200,220,220,299,246,241
201947,Earl Clark,1610612752,NYK,26.0,54,96.0,95.5,95.5,104.4,104.8,104.8,-8.5,-9.3,-9.3,0.039,0.58,5.5,0.028,0.159,0.092,9.5,9.5,0.45,0.466,0.176,0.181,95.69,95.73,79.77,95.73,0.063,1536,1.8,4.8,428,422,422,243,268,268,395,415,415,431,407,441,262,141,186,144,149,364,399,243,241,262,271,271,364,307,277
2248,Earl Watson,1610612757,POR,35.0,24,99.2,96.3,96.3,100.0,97.9,97.9,-0.8,-1.6,-1.6,0.246,1.65,48.3,0.031,0.061,0.047,29.3,29.4,0.364,0.47,0.08,0.083,96.16,98.63,82.2,98.63,0.0,328,0.1,0.5,365,413,413,80,48,48,232,253,253,68,165,4,245,448,390,476,476,450,390,473,473,239,107,107,465,470,478
202334,Ed Davis,1610612763,MEM,25.0,63,102.4,102.5,102.5,98.4,99.1,99.1,4.0,3.4,3.4,0.045,0.68,6.8,0.097,0.177,0.137,10.1,10.1,0.534,0.542,0.171,0.175,93.13,92.73,77.27,92.73,0.104,1843,2.5,4.6,268,266,266,48,69,69,118,129,129,418,392,420,61,92,74,187,185,100,177,256,256,418,428,428,124,248,287
202327,Ekpe Udoh,1610612749,MIL,27.0,42,99.4,99.2,99.2,108.6,108.9,108.9,-9.2,-9.7,-9.7,0.059,0.82,13.2,0.077,0.105,0.091,16.2,16.3,0.399,0.44,0.116,0.117,92.61,92.53,77.11,92.53,0.035,1541,1.4,3.4,358,356,356,406,417,417,408,420,420,373,366,256,108,279,191,423,425,432,427,438,439,436,434,434,441,357,342
203548,Elias Harris,1610612747,LAL,24.0,2,117.7,116.0,116.0,132.0,134.6,134.6,-14.3,-18.6,-18.6,0.091,0.0,50.0,0.0,0.0,0.0,0.0,0.0,0.0,0.0,0.036,0.036,107.86,107.53,89.6,107.53,0.025,25,0.0,0.5,9,8,8,477,478,478,454,461,461,255,462,2,449,467,459,1,1,473,475,480,480,5,8,8,454,473,475
202343,Elliot Williams,1610612755,PHI,25.0,67,92.5,92.4,92.4,107.4,106.6,106.6,-14.9,-14.1,-14.1,0.104,1.06,13.6,0.023,0.087,0.053,12.9,12.8,0.47,0.519,0.163,0.168,101.45,101.87,84.89,101.87,0.055,2450,2.1,5.0,453,448,448,358,329,329,456,447,447,218,284,246,294,354,347,330,330,309,264,288,287,33,26,26,388,280,271
1882,Elton Brand,1610612737,ATL,35.0,73,103.8,103.3,103.3,105.1,105.1,105.1,-1.3,-1.8,-1.8,0.081,1.23,14.6,0.075,0.19,0.134,11.8,11.8,0.539,0.561,0.138,0.142,96.67,96.86,80.71,96.86,0.088,2848,2.5,4.5,214,236,236,273,275,275,249,255,255,297,242,215,113,66,78,286,288,89,124,377,378,203,209,209,231,251,289
202683,Enes Freedom,1610612762,UTA,22.0,80,99.2,99.8,99.8,112.0,112.0,112.0,-12.8,-12.2,-12.2,0.064,0.52,6.4,0.103,0.195,0.146,12.4,12.4,0.491,0.523,0.228,0.232,93.1,92.85,77.37,92.85,0.101,4147,5.2,10.7,363,341,341,457,461,461,446,439,439,348,418,428,41,60,53,311,311,228,245,92,93,419,422,422,136,84,97
202339,Eric Bledsoe,1610612756,PHX,24.0,43,105.4,105.7,105.7,100.5,101.5,101.5,4.9,4.3,4.3,0.272,1.64,22.7,0.019,0.12,0.071,13.8,13.8,0.522,0.578,0.244,0.249,98.23,97.63,81.36,97.63,0.141,2887,6.2,12.9,149,135,135,97,126,126,94,108,108,50,166,97,337,231,253,367,365,133,78,52,54,105,153,153,25,47,58
201569,Eric Gordon,1610612740,NOP,25.0,64,104.2,105.1,105.1,110.4,111.5,111.5,-6.2,-6.4,-6.4,0.164,1.55,16.5,0.015,0.071,0.042,10.6,10.7,0.498,0.54,0.227,0.229,95.66,94.76,78.97,94.76,0.089,4057,5.6,12.8,195,160,160,446,459,459,361,367,367,129,179,173,379,422,429,218,221,218,191,94,102,266,329,329,221,71,63
201953,Eric Maynor,1610612755,PHI,27.0,31,86.1,86.4,86.4,112.7,111.2,111.2,-26.5,-24.8,-24.8,0.291,1.79,27.8,0.025,0.1,0.059,15.5,15.5,0.376,0.387,0.178,0.184,95.96,96.46,80.39,96.46,0.058,653,1.0,3.3,473,468,468,461,456,456,474,468,468,40,136,47,282,298,306,411,410,444,455,237,233,252,232,232,381,394,350
203513,Erik Murphy,1610612741,CHI,23.0,24,71.1,63.4,63.4,111.1,104.7,104.7,-40.0,-41.4,-41.4,0.065,1.0,11.8,0.027,0.102,0.06,11.8,11.8,0.231,0.231,0.101,0.114,91.35,99.63,83.02,99.63,-0.011,131,0.1,0.5,480,480,480,453,264,264,480,479,479,347,299,288,270,289,303,283,283,468,470,457,450,466,83,83,474,470,474
101141,Ersan Ilyasova,1610612749,MIL,27.0,55,97.5,99.2,99.2,107.4,107.3,107.3,-9.9,-8.1,-8.1,0.086,1.18,9.3,0.068,0.168,0.115,7.9,7.9,0.441,0.486,0.21,0.211,94.77,94.0,78.34,94.0,0.097,2880,4.3,10.5,401,357,357,359,356,356,420,396,396,279,258,354,126,114,121,60,63,388,365,139,148,321,375,375,159,121,100
203095,Evan Fournier,1610612743,DEN,21.0,76,102.4,102.4,102.4,102.3,102.0,102.0,0.1,0.4,0.4,0.119,1.12,13.8,0.021,0.107,0.063,12.3,12.3,0.501,0.533,0.191,0.195,101.65,101.78,84.82,101.78,0.069,3187,3.0,7.2,265,273,273,167,150,150,210,205,205,193,271,238,319,271,280,309,308,199,210,192,193,27,29,29,333,212,196
202323,Evan Turner,1610612754,IND,25.0,81,98.5,99.5,99.5,105.5,106.9,106.9,-7.0,-7.4,-7.4,0.174,1.39,16.5,0.024,0.134,0.079,11.9,11.9,0.45,0.498,0.229,0.233,100.41,99.31,82.76,99.31,0.093,5083,5.4,12.6,384,346,346,295,336,336,374,385,385,119,206,172,288,201,232,292,291,368,338,87,89,53,90,90,191,79,64
101128,Francisco Garcia,1610612745,HOU,32.0,55,105.9,104.7,104.7,102.6,103.2,103.2,3.3,1.5,1.5,0.09,2.1,15.9,0.02,0.086,0.054,7.6,7.6,0.519,0.521,0.131,0.134,99.26,99.57,82.97,99.57,0.054,2247,2.1,5.3,127,181,181,189,195,195,139,174,174,258,78,187,335,355,338,49,50,139,257,405,401,70,84,84,391,274,260
203539,Gal Mekel,1610612742,DAL,26.0,31,105.3,102.9,102.9,107.3,103.8,103.8,-1.9,-0.8,-0.8,0.299,2.03,33.9,0.016,0.085,0.048,16.7,16.7,0.378,0.4,0.176,0.182,97.85,100.63,83.86,100.63,0.04,614,1.0,2.8,155,246,246,351,214,214,260,235,235,35,91,20,364,360,376,428,432,442,450,240,237,127,52,52,434,409,384
202066,Garrett Temple,1610612764,WAS,28.0,75,97.5,94.1,94.1,103.1,99.7,99.7,-5.6,-5.6,-5.6,0.18,1.71,26.4,0.033,0.08,0.055,15.4,15.3,0.383,0.431,0.138,0.146,93.15,96.4,80.34,96.4,0.048,1274,0.7,1.9,403,440,440,200,80,80,341,346,346,114,147,64,237,386,334,406,407,440,433,379,363,416,235,235,410,434,429
202390,Gary Neal,1610612766,CHA,29.0,52,99.4,99.2,99.2,108.2,107.3,107.3,-8.8,-8.0,-8.0,0.137,1.3,12.5,0.009,0.076,0.042,9.7,9.6,0.482,0.53,0.235,0.241,93.97,94.47,78.73,94.47,0.085,2194,3.7,9.1,356,355,355,397,352,352,402,395,395,164,228,267,434,406,434,155,153,265,226,76,71,379,345,345,246,153,134
201588,George Hill,1610612754,IND,28.0,76,102.7,104.6,104.6,96.5,98.0,98.0,6.2,6.6,6.6,0.17,2.88,25.3,0.023,0.089,0.058,8.8,8.8,0.519,0.563,0.146,0.148,94.31,92.76,77.3,92.76,0.101,4707,3.6,8.1,252,182,182,31,49,49,70,61,61,121,27,70,299,342,317,101,98,140,118,350,358,356,425,425,135,161,164
101123,Gerald Green,1610612756,PHX,28.0,82,107.4,107.9,107.9,106.2,106.8,106.8,1.3,1.1,1.1,0.085,0.84,8.9,0.021,0.098,0.06,10.6,10.6,0.547,0.585,0.233,0.237,98.59,98.11,81.76,98.11,0.097,4758,5.5,12.3,89,82,82,312,333,333,180,187,187,280,355,367,314,305,301,214,213,69,64,80,83,94,125,125,164,74,68
201945,Gerald Henderson,1610612766,CHA,26.0,77,101.0,102.2,102.2,101.9,103.4,103.4,-0.9,-1.3,-1.3,0.137,1.76,14.4,0.013,0.112,0.063,8.2,8.2,0.455,0.507,0.221,0.224,94.01,92.75,77.29,92.75,0.092,4750,5.2,12.1,318,283,283,152,206,206,236,248,248,163,142,218,402,255,283,74,75,350,294,113,117,377,426,426,196,85,73
2222,Gerald Wallace,1610612738,BOS,31.0,58,98.2,98.6,98.6,104.4,104.4,104.4,-6.3,-5.8,-5.8,0.152,1.47,27.7,0.025,0.131,0.076,18.8,18.9,0.546,0.543,0.115,0.117,95.51,95.34,79.45,95.34,0.081,2807,2.0,4.0,390,372,372,246,243,243,362,354,354,146,187,48,283,207,237,449,449,75,175,440,441,273,298,298,265,289,313
203507,Giannis Antetokounmpo,1610612749,MIL,19.0,77,103.6,103.8,103.8,107.9,108.3,108.3,-4.4,-4.5,-4.5,0.12,1.23,19.1,0.042,0.14,0.091,15.6,15.7,0.463,0.518,0.148,0.15,94.52,94.24,78.53,94.24,0.073,3719,2.2,5.4,225,211,211,384,399,399,307,314,314,190,243,133,198,186,192,413,414,327,266,346,349,342,358,358,303,267,255
203540,Gigi Datome,1610612765,DET,26.0,34,104.6,102.5,102.5,96.0,94.8,94.8,8.6,7.7,7.7,0.071,1.0,8.9,0.052,0.145,0.094,8.9,8.9,0.387,0.409,0.198,0.205,96.11,97.7,81.42,97.7,0.058,484,1.0,2.9,179,267,267,27,29,29,37,44,44,331,299,368,167,177,179,108,115,435,444,165,159,241,147,147,379,397,379
201175,Glen Davis,1610612746,LAC,28.0,68,99.0,100.0,100.0,104.8,105.0,105.0,-5.9,-5.0,-5.0,0.08,1.01,9.5,0.065,0.149,0.106,9.4,9.4,0.46,0.491,0.2,0.203,95.12,94.58,78.81,94.58,0.084,3273,4.0,8.7,374,334,334,267,273,273,352,327,327,303,298,346,132,169,152,136,138,333,353,156,167,293,338,338,249,140,142
203318,Glen Rice,1610612764,WAS,23.0,11,88.3,90.5,90.5,90.8,84.6,84.6,-2.6,5.9,5.9,0.101,0.78,12.5,0.031,0.16,0.088,16.1,16.0,0.365,0.399,0.186,0.19,95.55,97.65,81.38,97.65,0.063,221,1.0,3.4,466,455,455,9,6,6,273,80,80,225,371,269,244,137,207,421,421,448,451,207,214,270,148,148,359,397,345
201609,Goran Dragic,1610612756,PHX,28.0,76,110.3,111.1,111.1,103.9,105.5,105.5,6.5,5.6,5.6,0.274,2.1,23.2,0.027,0.066,0.046,11.0,11.0,0.561,0.604,0.241,0.246,98.06,96.95,80.79,96.95,0.134,5389,7.3,14.4,39,33,33,226,291,291,64,82,82,48,79,92,272,438,391,242,243,49,30,57,60,111,199,199,37,22,36
202330,Gordon Hayward,1610612762,UTA,24.0,77,101.6,102.8,102.8,110.0,110.2,110.2,-8.4,-7.4,-7.4,0.237,1.89,22.1,0.023,0.126,0.073,11.7,11.7,0.454,0.52,0.227,0.23,93.74,93.11,77.6,93.11,0.112,5434,5.5,13.4,294,254,254,435,441,441,394,384,384,72,118,103,302,219,247,281,282,354,262,95,97,391,414,414,97,72,52
203476,Gorgui Dieng,1610612750,MIN,24.0,60,99.8,100.4,100.4,103.6,103.9,103.9,-3.7,-3.5,-3.5,0.076,0.72,10.7,0.117,0.234,0.174,14.9,15.0,0.5,0.534,0.167,0.17,98.69,98.25,81.88,98.25,0.111,1683,1.9,3.8,348,328,328,218,219,219,292,292,292,313,383,318,18,23,11,400,400,201,207,273,281,87,118,118,99,300,325
202328,Greg Monroe,1610612765,DET,24.0,82,103.7,105.6,105.6,107.8,108.3,108.3,-4.1,-2.7,-2.7,0.101,1.03,11.3,0.088,0.196,0.138,11.0,11.0,0.497,0.531,0.211,0.212,97.42,96.33,80.28,96.33,0.118,5395,6.1,12.4,216,141,141,377,400,400,300,279,279,229,295,306,87,57,70,237,238,220,222,136,143,150,243,243,77,49,66
201141,Greg Oden,1610612748,MIA,26.0,23,100.2,101.0,101.0,107.7,108.2,108.2,-7.5,-7.2,-7.2,0.007,0.08,1.4,0.112,0.158,0.135,16.9,16.6,0.551,0.567,0.15,0.154,94.59,94.01,78.34,94.01,0.039,414,1.2,2.1,338,317,317,372,390,390,384,381,381,465,460,465,26,146,77,435,429,61,109,338,337,333,373,373,437,379,421
202962,Greg Smith,1610612745,HOU,23.0,11,104.4,102.9,102.9,109.1,110.0,110.0,-4.7,-7.2,-7.2,0.0,0.0,0.0,0.103,0.155,0.129,14.3,14.2,0.643,0.629,0.146,0.152,99.46,99.79,83.15,99.79,0.079,208,1.6,2.5,185,250,250,419,437,437,316,380,380,466,462,466,42,155,97,384,385,11,15,352,343,67,79,79,279,321,392
201880,Greg Stiemsma,1610612740,NOP,28.0,55,97.0,97.6,97.6,106.6,105.6,105.6,-9.5,-8.0,-8.0,0.055,0.82,16.7,0.072,0.165,0.117,20.5,20.4,0.574,0.584,0.081,0.083,92.79,92.95,77.46,92.95,0.053,1942,1.3,2.2,410,400,400,320,294,294,417,394,394,389,365,163,116,123,112,463,463,35,65,472,472,426,419,419,393,366,415
202349,Greivis Vasquez,1610612761,TOR,27.0,79,104.5,105.5,105.5,100.2,101.0,101.0,4.4,4.5,4.5,0.31,2.52,28.0,0.011,0.088,0.05,11.1,11.1,0.504,0.537,0.211,0.216,93.34,92.54,77.12,92.54,0.108,3434,3.5,8.3,181,144,144,86,111,111,109,100,100,30,47,45,413,347,367,248,247,193,197,135,139,410,433,433,112,167,157
202970,Gustavo Ayon,1610612737,ATL,29.0,26,100.0,98.5,98.5,101.6,102.0,102.0,-1.6,-3.5,-3.5,0.101,0.97,16.6,0.101,0.2,0.15,17.2,17.3,0.51,0.505,0.146,0.149,95.41,95.94,79.95,95.94,0.089,860,2.0,3.9,344,379,379,138,149,149,255,293,293,227,323,171,50,54,43,438,439,170,307,353,352,281,261,261,223,289,318
202380,Hamady Ndiaye,1610612758,SAC,27.0,14,91.8,89.8,89.8,106.7,101.9,101.9,-14.9,-12.1,-12.1,0.065,1.0,20.0,0.057,0.178,0.113,20.0,19.4,0.333,0.318,0.072,0.076,94.63,97.93,81.61,97.93,0.007,147,0.2,0.6,458,459,459,326,144,144,457,438,438,345,299,122,157,89,129,460,456,459,463,474,474,331,135,135,462,467,470
203084,Harrison Barnes,1610612744,GSW,22.0,78,101.2,101.1,101.1,102.1,101.9,101.9,-0.8,-0.8,-0.8,0.08,1.38,12.0,0.029,0.108,0.069,8.7,8.8,0.448,0.486,0.166,0.168,98.67,98.81,82.34,98.81,0.067,4530,3.5,8.7,309,313,313,158,143,143,229,234,234,302,210,279,255,268,259,98,99,372,363,283,289,89,102,102,338,176,143
201934,Hasheem Thabeet,1610612760,OKC,27.0,23,103.0,98.3,98.3,98.7,99.0,99.0,4.3,-0.7,-0.7,0.008,0.07,2.5,0.054,0.154,0.108,35.0,34.8,0.565,0.536,0.09,0.095,97.97,100.16,83.47,100.16,-0.005,402,0.6,1.0,241,387,387,52,65,65,110,232,232,464,461,464,161,160,146,481,480,43,201,468,466,117,66,66,471,443,457
2045,Hedo Turkoglu,1610612746,LAC,35.0,38,104.2,102.8,102.8,102.0,101.0,101.0,2.3,1.8,1.8,0.127,2.06,19.9,0.028,0.184,0.11,9.6,9.6,0.486,0.492,0.15,0.155,96.24,97.38,81.15,97.38,0.085,792,1.1,2.9,193,256,256,155,114,114,151,167,167,173,87,124,259,81,140,151,154,250,347,337,335,230,166,166,247,386,376
203156,Henry Sims,1610612755,PHI,24.0,46,97.1,98.3,98.3,106.0,105.9,105.9,-8.9,-7.6,-7.6,0.101,1.27,12.3,0.109,0.157,0.131,9.7,9.8,0.474,0.535,0.181,0.183,97.94,97.4,81.16,97.4,0.099,1774,2.8,6.0,409,388,388,304,305,305,403,389,389,228,234,273,28,151,91,159,164,295,204,229,236,119,162,162,148,223,235
200756,Hilton Armstrong,1610612744,GSW,29.0,15,103.1,99.0,99.0,92.6,92.4,92.4,10.5,6.6,6.6,0.074,0.83,13.5,0.162,0.272,0.214,16.2,16.2,0.474,0.48,0.133,0.14,97.06,99.13,82.6,99.13,0.123,201,0.6,1.3,239,363,363,13,19,19,19,63,63,322,357,251,1,6,1,424,423,300,377,400,388,181,94,94,63,440,453
203138,Hollis Thompson,1610612755,PHI,23.0,77,98.2,99.6,99.6,109.3,108.7,108.7,-11.1,-9.1,-9.1,0.061,1.22,13.7,0.039,0.103,0.069,11.3,11.2,0.55,0.57,0.111,0.113,100.74,100.26,83.55,100.26,0.059,3623,2.2,4.8,391,342,342,424,408,408,430,410,410,364,248,242,208,282,256,260,257,63,99,447,451,49,64,64,377,270,278
203546,Ian Clark,1610612762,UTA,23.0,23,97.6,98.8,98.8,96.2,90.6,90.6,1.4,8.2,8.2,0.147,1.07,15.2,0.017,0.09,0.054,14.1,14.1,0.47,0.485,0.212,0.217,94.26,96.51,80.42,96.51,0.057,339,1.1,2.9,400,366,366,28,14,14,177,37,37,149,280,200,361,340,345,382,382,310,368,134,133,358,229,229,382,383,373
101133,Ian Mahinmi,1610612754,IND,27.0,77,96.4,96.6,96.6,95.1,95.9,95.9,1.2,0.6,0.6,0.031,0.41,7.1,0.085,0.119,0.102,17.2,17.3,0.481,0.538,0.112,0.114,95.38,94.86,79.05,94.86,0.045,2463,1.2,2.5,425,407,407,24,32,32,181,197,197,449,436,417,90,235,162,439,442,266,194,445,449,283,322,322,419,378,401
202697,Iman Shumpert,1610612752,NYK,24.0,74,107.0,107.2,107.2,101.8,102.6,102.6,5.2,4.6,4.6,0.097,1.63,17.8,0.042,0.124,0.082,10.9,10.9,0.457,0.48,0.139,0.142,91.92,91.5,76.25,91.5,0.061,3732,2.5,6.5,102,96,96,145,172,172,87,98,98,240,168,144,197,225,225,234,234,345,374,376,377,459,459,459,373,244,211
203477,Isaiah Canaan,1610612745,HOU,23.0,22,105.0,103.0,103.0,109.7,109.6,109.6,-4.8,-6.6,-6.6,0.144,1.05,15.3,0.026,0.062,0.045,14.6,14.7,0.46,0.506,0.2,0.206,102.15,103.23,86.03,103.23,0.045,541,1.4,4.0,163,245,245,431,430,430,317,371,371,155,290,196,275,447,412,393,395,336,303,155,154,16,16,16,418,351,316
202738,Isaiah Thomas,1610612758,SAC,25.0,72,104.9,106.8,106.8,104.8,106.1,106.1,0.1,0.7,0.7,0.317,2.13,23.5,0.019,0.065,0.042,11.0,11.0,0.51,0.574,0.254,0.258,98.19,96.75,80.62,96.75,0.136,5031,6.9,15.2,166,105,105,262,313,313,209,195,195,24,75,88,343,442,430,241,237,168,88,42,41,107,215,215,30,31,27
202397,Ish Smith,1610612756,PHX,25.0,70,102.5,101.6,101.6,101.6,101.3,101.3,0.9,0.3,0.3,0.275,2.75,33.1,0.03,0.099,0.064,12.0,12.0,0.425,0.438,0.155,0.159,97.3,97.93,81.61,97.93,0.093,2045,1.7,4.0,261,305,305,141,121,121,193,207,207,45,33,23,249,300,279,299,297,415,430,323,324,161,136,136,192,313,310
200826,J.J. Barea,1610612750,MIN,30.0,79,99.1,99.5,99.5,103.4,103.2,103.2,-4.3,-3.7,-3.7,0.353,2.42,26.9,0.01,0.093,0.049,11.1,11.1,0.443,0.471,0.238,0.244,97.28,97.19,80.99,97.19,0.095,2986,3.2,8.3,370,347,347,212,191,191,305,300,300,15,53,58,427,326,370,250,250,384,387,70,66,163,176,176,178,197,158
201581,JJ Hickson,1610612743,DEN,25.0,69,101.4,102.7,102.7,106.9,107.1,107.1,-5.5,-4.4,-4.4,0.085,0.75,9.5,0.104,0.22,0.161,12.7,12.7,0.508,0.521,0.205,0.208,100.0,99.23,82.69,99.23,0.113,3834,4.8,9.5,301,257,257,335,346,346,340,310,310,283,376,347,37,34,27,326,326,178,259,149,152,59,92,92,94,103,118
200755,JJ Redick,1610612746,LAC,30.0,35,113.1,114.7,114.7,104.5,105.1,105.1,8.6,9.6,9.6,0.116,1.86,14.0,0.009,0.064,0.038,7.5,7.4,0.546,0.598,0.209,0.214,99.1,98.09,81.74,98.09,0.099,2026,5.2,11.4,16,10,10,247,278,278,36,28,28,196,122,234,432,445,443,48,47,70,41,141,141,75,126,126,147,88,86
2747,JR Smith,1610612752,NYK,28.0,74,106.9,107.6,107.6,107.9,108.1,108.1,-1.0,-0.6,-0.6,0.152,2.03,16.3,0.015,0.117,0.064,8.0,8.0,0.514,0.527,0.213,0.216,92.36,91.96,76.63,91.96,0.091,4651,5.4,12.9,106,90,90,380,389,389,239,227,227,143,92,178,385,239,276,66,66,154,232,131,135,444,450,450,201,80,59
201580,JaVale McGee,1610612743,DEN,26.0,5,107.0,107.2,107.2,106.9,109.5,109.5,0.1,-2.3,-2.3,0.035,0.25,4.2,0.12,0.106,0.114,16.7,16.5,0.447,0.455,0.241,0.247,102.52,101.14,84.29,101.14,0.026,167,3.4,7.6,104,94,94,333,428,428,211,271,271,439,452,454,12,276,123,428,427,376,414,60,56,14,43,43,453,181,181
203109,Jae Crowder,1610612742,DAL,23.0,78,111.2,107.6,107.6,99.0,96.7,96.7,12.1,10.9,10.9,0.067,1.46,14.2,0.039,0.119,0.081,9.7,9.7,0.524,0.551,0.128,0.134,95.43,98.13,81.77,98.13,0.077,2544,1.7,3.8,26,86,86,60,39,39,12,19,19,341,192,227,203,233,230,156,158,126,151,411,405,279,124,124,284,316,324
203479,Jamaal Franklin,1610612763,MEM,22.0,21,104.1,102.2,102.2,99.1,98.1,98.1,5.0,4.0,4.0,0.053,0.55,10.5,0.026,0.121,0.074,19.3,19.3,0.474,0.489,0.137,0.142,94.05,95.39,79.49,95.39,0.027,321,0.8,1.9,201,282,282,65,53,53,92,110,110,397,413,322,277,227,246,454,455,296,356,385,379,372,295,295,450,429,431
2224,Jamaal Tinsley,1610612762,UTA,36.0,8,87.7,88.1,88.1,107.9,110.5,110.5,-20.2,-22.4,-22.4,0.359,2.56,44.2,0.019,0.094,0.055,17.3,17.3,0.225,0.225,0.119,0.123,92.73,91.47,76.23,91.47,0.03,210,0.5,2.5,467,465,465,385,443,443,467,467,467,13,44,7,339,324,336,441,441,469,471,431,429,429,461,461,445,447,396
2037,Jamal Crawford,1610612746,LAC,34.0,69,109.4,110.0,110.0,103.3,104.1,104.1,6.1,5.9,5.9,0.181,1.65,14.9,0.016,0.056,0.037,9.0,8.9,0.496,0.556,0.264,0.27,98.56,97.91,81.59,97.91,0.111,4281,6.1,14.7,52,47,47,209,228,228,74,78,78,111,164,206,365,460,444,117,117,223,132,29,29,96,138,138,102,51,34
2749,Jameer Nelson,1610612753,ORL,32.0,68,102.0,102.8,102.8,108.6,109.6,109.6,-6.5,-6.8,-6.8,0.341,2.87,33.1,0.013,0.095,0.054,11.6,11.5,0.485,0.515,0.197,0.201,95.69,94.87,79.06,94.87,0.097,4317,4.3,11.0,280,253,253,404,431,431,369,374,374,19,28,22,396,320,344,275,273,256,278,167,174,265,321,321,158,119,94
202341,James Anderson,1610612755,PHI,25.0,80,96.5,97.4,97.4,107.7,108.1,108.1,-11.2,-10.7,-10.7,0.099,1.41,14.7,0.023,0.106,0.062,10.4,10.4,0.511,0.53,0.156,0.159,101.92,101.24,84.37,101.24,0.072,4859,3.9,9.0,423,402,402,373,385,385,432,429,429,235,203,212,298,277,286,202,201,164,224,319,325,18,41,41,311,144,135
201935,James Harden,1610612745,HOU,24.0,73,110.7,112.1,112.1,103.1,104.9,104.9,7.6,7.2,7.2,0.266,1.68,20.3,0.023,0.094,0.06,12.1,12.0,0.529,0.618,0.27,0.276,99.19,97.75,81.46,97.75,0.156,5658,7.5,16.5,31,24,24,201,272,272,49,51,51,52,155,119,301,322,298,302,298,116,19,24,22,72,145,145,17,17,14
201949,James Johnson,1610612763,MEM,27.0,52,106.0,106.0,106.0,99.6,100.2,100.2,6.5,5.8,5.8,0.175,1.68,21.1,0.067,0.11,0.089,12.5,12.6,0.5,0.552,0.192,0.197,93.62,93.31,77.76,93.31,0.115,1853,2.8,5.9,123,123,123,73,90,90,63,81,81,117,156,112,128,264,201,320,321,201,147,188,185,397,405,405,87,228,236
2592,James Jones,1610612748,MIA,33.0,20,114.0,113.2,113.2,94.5,96.3,96.3,19.5,16.9,16.9,0.06,2.25,10.5,0.011,0.093,0.056,4.7,4.7,0.662,0.666,0.16,0.164,89.33,88.78,73.98,88.78,0.104,438,1.6,3.4,14,15,15,20,34,34,7,8,8,369,69,328,416,327,324,16,16,8,8,309,304,474,476,476,125,331,343
203263,James Nunnally,1610612755,PHI,23.0,13,92.3,90.5,90.5,103.4,102.4,102.4,-11.1,-11.9,-11.9,0.082,1.14,12.3,0.005,0.102,0.053,10.8,10.8,0.413,0.44,0.15,0.156,96.06,97.48,81.23,97.48,0.05,338,1.2,3.5,455,454,454,213,166,166,429,436,436,296,267,272,445,285,348,227,226,427,426,335,331,244,158,158,405,380,339
203480,James Southerland,1610612740,NOP,24.0,4,101.5,105.0,105.0,93.1,91.8,91.8,8.4,13.2,13.2,0.0,0.0,0.0,0.0,0.222,0.11,5.9,5.9,0.433,0.441,0.239,0.238,97.95,97.02,80.85,97.02,0.096,60,1.3,3.8,296,165,165,14,18,18,39,11,11,466,462,466,449,32,141,24,25,401,425,66,79,118,193,193,168,369,328
202686,Jan Vesely,1610612743,DEN,24.0,54,94.6,95.4,95.4,103.3,101.7,101.7,-8.8,-6.2,-6.2,0.043,0.58,8.2,0.095,0.158,0.123,14.1,14.1,0.514,0.498,0.13,0.132,96.05,96.39,80.32,96.39,0.067,1551,1.6,3.2,441,424,424,208,137,137,401,364,364,422,404,387,68,148,105,377,383,153,332,406,407,247,237,237,342,320,355
2457,Jannero Pargo,1610612766,CHA,34.0,29,99.1,99.4,99.4,110.8,109.5,109.5,-11.7,-10.1,-10.1,0.433,2.0,26.0,0.004,0.085,0.042,13.0,12.9,0.542,0.554,0.273,0.283,95.28,95.7,79.75,95.7,0.125,481,1.8,4.1,369,350,350,452,428,428,439,425,425,4,95,65,447,358,431,334,332,79,142,20,16,286,275,275,57,308,309
203099,Jared Cunningham,1610612758,SAC,23.0,13,98.6,98.8,98.8,99.5,94.3,94.3,-0.9,4.5,4.5,0.154,4.0,20.5,0.012,0.055,0.034,5.1,5.3,0.31,0.464,0.164,0.167,99.18,101.82,84.85,101.82,0.028,165,0.5,1.6,383,367,367,69,24,24,235,102,102,142,4,118,408,463,450,19,19,463,401,287,294,73,28,28,448,456,442
201162,Jared Dudley,1610612746,LAC,28.0,74,108.4,109.2,109.2,102.2,102.4,102.4,6.2,6.8,6.8,0.087,1.86,16.4,0.021,0.07,0.046,8.8,8.9,0.529,0.541,0.134,0.136,97.84,97.38,81.15,97.38,0.053,3497,2.6,6.0,72,59,59,161,164,164,69,58,58,275,122,175,315,425,396,105,107,115,184,399,400,128,165,165,396,236,231
203096,Jared Sullinger,1610612738,BOS,22.0,74,101.1,102.7,102.7,104.0,103.5,103.5,-2.9,-0.8,-0.8,0.097,0.99,9.6,0.112,0.183,0.146,9.7,9.7,0.458,0.497,0.234,0.237,95.86,95.3,79.41,95.3,0.104,4062,5.2,12.1,315,258,258,230,207,207,278,233,233,239,317,344,27,84,54,162,162,341,341,77,81,257,303,303,128,87,72
101127,Jarrett Jack,1610612739,CLE,30.0,80,100.2,100.9,100.9,105.2,106.4,106.4,-5.0,-5.6,-5.6,0.232,2.44,26.6,0.009,0.089,0.049,10.9,10.9,0.455,0.498,0.176,0.18,95.02,94.16,78.47,94.16,0.086,4421,3.6,8.7,336,320,320,281,327,327,330,345,345,74,52,61,431,346,374,235,233,349,339,242,247,301,365,365,241,162,141
202363,Jarvis Varnado,1610612755,PHI,26.0,24,96.6,96.3,96.3,108.1,107.5,107.5,-11.6,-11.2,-11.2,0.059,1.3,12.1,0.053,0.126,0.089,9.3,9.4,0.6,0.597,0.119,0.121,100.44,100.85,84.05,100.85,0.062,706,1.5,2.5,421,414,414,394,364,364,436,432,432,378,226,277,163,221,199,134,142,21,42,429,433,52,50,50,370,337,396
2215,Jason Collins,1610612751,BKN,35.0,22,99.9,98.0,98.0,109.2,107.8,107.8,-9.2,-9.8,-9.8,0.034,0.57,10.8,0.042,0.077,0.059,18.9,19.0,0.458,0.485,0.086,0.089,95.65,97.19,81.0,97.19,0.003,350,0.5,1.1,346,391,391,421,375,375,409,422,422,443,409,317,194,396,305,452,452,338,366,471,471,268,175,175,464,447,455
101131,Jason Maxiell,1610612753,ORL,31.0,34,97.0,98.6,98.6,107.5,108.1,108.1,-10.5,-9.5,-9.5,0.027,0.64,6.3,0.055,0.119,0.086,9.9,9.9,0.448,0.459,0.12,0.122,96.23,95.17,79.31,95.17,0.042,970,1.4,3.1,412,375,375,360,382,382,424,418,418,452,395,432,159,234,212,170,173,374,407,425,432,231,308,308,427,354,361
201160,Jason Smith,1610612740,NOP,28.0,31,105.1,105.4,105.4,107.8,108.0,108.0,-2.7,-2.5,-2.5,0.054,1.04,8.0,0.06,0.169,0.112,7.7,7.8,0.465,0.495,0.178,0.18,94.77,94.51,78.76,94.51,0.071,1624,4.2,9.1,159,149,149,375,379,379,274,274,274,395,294,394,151,112,133,57,58,321,342,234,245,322,341,341,324,126,132
1891,Jason Terry,1610612751,BKN,36.0,35,102.2,102.1,102.1,108.3,107.5,107.5,-6.1,-5.4,-5.4,0.156,2.07,23.3,0.007,0.065,0.034,11.3,11.2,0.49,0.501,0.144,0.149,94.35,94.73,78.94,94.73,0.047,1123,1.6,4.3,274,284,284,400,366,366,360,341,341,139,85,91,444,443,448,258,258,233,323,358,353,352,332,332,413,330,298
201574,Jason Thompson,1610612758,SAC,27.0,82,104.2,106.0,106.0,104.6,105.6,105.6,-0.4,0.4,0.4,0.04,0.56,7.5,0.077,0.188,0.133,13.4,13.4,0.506,0.523,0.143,0.144,96.54,95.3,79.42,95.3,0.073,3972,3.1,6.0,194,127,127,250,292,292,219,204,204,428,411,406,107,69,88,349,349,186,246,361,366,213,302,302,308,211,230
202399,Jeff Adrien,1610612749,MIL,28.0,53,103.8,104.3,104.3,107.5,107.5,107.5,-3.7,-3.2,-3.2,0.064,0.97,9.4,0.104,0.223,0.162,9.7,9.6,0.52,0.553,0.164,0.168,95.47,95.26,79.38,95.26,0.115,1904,2.7,5.2,215,194,194,361,362,362,291,289,289,350,320,351,36,31,25,154,155,136,146,286,286,277,304,304,88,229,265
201965,Jeff Ayres,1610612759,SAS,27.0,73,108.7,107.6,107.6,101.8,101.4,101.4,6.9,6.2,6.2,0.085,0.95,18.6,0.102,0.172,0.139,19.6,19.6,0.58,0.605,0.12,0.123,97.36,98.04,81.7,98.04,0.068,1944,1.4,2.4,60,88,88,146,124,124,58,70,70,287,325,139,43,104,67,456,458,31,25,423,426,156,129,129,335,353,403
201145,Jeff Green,1610612738,BOS,27.0,82,98.6,100.3,100.3,105.9,106.4,106.4,-7.3,-6.1,-6.1,0.085,0.84,8.5,0.018,0.121,0.067,10.1,10.1,0.469,0.52,0.232,0.234,96.51,95.42,79.51,95.42,0.089,5568,5.9,14.3,382,330,330,301,326,326,378,359,359,286,356,378,344,229,265,188,186,312,260,81,85,215,294,294,225,60,37
201952,Jeff Teague,1610612737,ATL,26.0,79,103.9,104.7,104.7,102.3,103.4,103.4,1.6,1.3,1.3,0.347,2.28,26.9,0.014,0.069,0.042,11.8,11.8,0.474,0.541,0.25,0.253,97.68,96.79,80.66,96.79,0.118,5149,5.8,13.2,208,178,178,171,202,202,172,181,181,17,66,60,390,428,433,285,286,297,183,46,47,134,211,211,78,64,55
203481,Jeff Withey,1610612740,NOP,24.0,58,105.5,104.9,104.9,103.4,102.2,102.2,2.1,2.7,2.7,0.057,1.3,12.5,0.075,0.147,0.112,9.6,9.7,0.535,0.59,0.118,0.121,94.56,95.38,79.48,95.38,0.089,1356,1.2,2.2,147,171,171,211,158,158,155,145,145,385,226,269,112,173,132,150,156,98,54,432,435,338,296,296,222,375,414
203106,Jeffery Taylor,1610612766,CHA,25.0,26,93.9,95.1,95.1,100.8,100.2,100.2,-6.9,-5.1,-5.1,0.06,0.88,7.7,0.022,0.075,0.047,8.7,8.8,0.417,0.436,0.184,0.187,96.47,96.08,80.07,96.08,0.029,1254,3.2,8.4,446,431,431,105,92,92,372,334,334,365,347,404,306,415,385,97,96,424,432,215,219,219,253,253,447,201,154
202379,Jeremy Evans,1610612762,UTA,26.0,66,99.4,98.8,98.8,106.8,106.2,106.2,-7.4,-7.4,-7.4,0.061,1.1,9.8,0.101,0.167,0.133,8.9,8.9,0.527,0.549,0.149,0.154,93.02,93.55,77.96,93.55,0.102,2356,2.7,5.0,359,368,368,327,319,319,381,387,387,363,276,337,49,121,85,113,113,120,156,340,338,422,392,392,132,235,270
203087,Jeremy Lamb,1610612760,OKC,22.0,78,107.7,107.1,107.1,99.7,100.0,100.0,8.1,7.1,7.1,0.123,1.89,14.2,0.018,0.104,0.062,7.5,7.5,0.504,0.522,0.197,0.203,96.53,96.66,80.55,96.66,0.094,3095,3.4,7.8,80,98,98,76,88,88,42,53,53,182,119,223,348,280,288,47,48,190,254,169,169,214,222,222,186,183,175
202391,Jeremy Lin,1610612745,HOU,25.0,71,107.2,107.1,107.1,102.0,103.2,103.2,5.2,3.9,3.9,0.229,1.67,23.5,0.017,0.067,0.044,14.0,14.1,0.508,0.572,0.198,0.202,100.16,99.63,83.03,99.63,0.095,4268,4.2,9.3,95,99,99,157,193,193,89,112,112,77,160,89,360,436,419,375,380,179,96,163,171,57,82,82,179,130,122
202719,Jeremy Tyler,1610612752,NYK,23.0,41,106.3,103.4,103.4,110.8,108.5,108.5,-4.5,-5.1,-5.1,0.032,0.31,4.6,0.099,0.189,0.144,15.0,15.2,0.517,0.532,0.183,0.187,93.82,96.12,80.1,96.12,0.069,791,1.5,2.8,115,233,233,451,402,402,312,331,331,446,447,451,56,67,58,403,405,145,214,218,218,387,252,252,332,342,380
979,Jermaine O'Neal,1610612744,GSW,35.0,44,104.7,104.0,104.0,101.2,101.8,101.8,3.4,2.1,2.1,0.045,0.48,6.5,0.099,0.164,0.134,13.5,13.6,0.504,0.57,0.181,0.184,96.58,96.62,80.51,96.62,0.1,1770,2.8,5.6,173,206,206,126,140,140,130,161,161,417,428,426,53,125,80,352,356,191,100,222,231,211,225,225,141,220,248
201573,Jerryd Bayless,1610612738,BOS,25.0,72,103.3,104.4,104.4,107.8,107.9,107.9,-4.4,-3.5,-3.5,0.187,2.37,20.7,0.013,0.076,0.043,8.7,8.7,0.464,0.498,0.193,0.198,93.93,93.38,77.82,93.38,0.075,3282,3.4,8.6,230,187,187,376,378,378,309,296,296,106,58,117,400,407,423,99,95,326,337,186,182,381,398,398,292,180,151
202690,Jimmer Fredette,1610612741,CHI,25.0,49,104.7,104.1,104.1,106.6,107.0,107.0,-2.0,-2.9,-2.9,0.221,1.33,18.4,0.015,0.083,0.049,13.8,13.8,0.559,0.578,0.237,0.244,95.53,95.65,79.71,95.65,0.112,1037,2.2,4.6,175,203,203,323,342,342,262,285,285,87,218,141,376,372,371,364,366,52,77,73,62,271,279,279,98,273,284
202710,Jimmy Butler III,1610612741,CHI,24.0,67,101.5,102.9,102.9,97.3,98.9,98.9,4.2,4.0,4.0,0.11,1.72,15.5,0.034,0.095,0.065,9.1,9.1,0.446,0.522,0.167,0.169,92.48,91.09,75.91,91.09,0.095,4912,4.1,10.3,298,248,248,37,61,61,112,111,111,207,146,192,228,318,272,119,125,379,255,269,284,440,465,465,177,132,104
201149,Joakim Noah,1610612741,CHI,29.0,80,101.7,103.5,103.5,97.7,99.1,99.1,3.9,4.4,4.4,0.258,2.22,27.3,0.102,0.221,0.161,12.3,12.3,0.475,0.531,0.185,0.187,92.37,90.9,75.75,90.9,0.156,5338,4.8,10.0,290,230,230,42,66,66,120,103,103,58,71,54,46,33,26,307,307,292,220,212,220,443,468,468,18,107,109
201975,Jodie Meeks,1610612747,LAL,26.0,77,101.4,101.9,101.9,110.3,110.8,110.8,-8.9,-8.8,-8.8,0.085,1.24,11.1,0.011,0.061,0.036,8.9,8.8,0.554,0.601,0.185,0.19,101.42,100.99,84.15,100.99,0.087,5360,5.4,11.6,300,293,293,441,448,448,404,404,404,282,240,310,414,449,446,115,106,57,35,209,212,34,46,46,237,78,84
2207,Joe Johnson,1610612751,BKN,33.0,79,105.4,106.3,106.3,104.2,105.8,105.8,1.1,0.4,0.4,0.148,1.8,15.0,0.02,0.09,0.056,8.4,8.3,0.533,0.564,0.221,0.224,93.33,92.22,76.85,92.22,0.106,4963,5.8,12.9,153,118,118,238,304,304,185,203,203,148,135,203,326,339,327,81,79,102,115,116,118,411,442,442,118,61,61
201202,Joel Anthony,1610612738,BOS,31.0,33,101.5,97.9,97.9,105.0,104.4,104.4,-3.5,-6.5,-6.5,0.016,0.67,4.9,0.078,0.127,0.102,7.3,7.4,0.375,0.394,0.091,0.094,96.87,98.9,82.41,98.9,0.039,379,0.4,1.0,297,393,393,269,244,244,287,369,369,460,393,449,105,217,160,42,45,445,453,467,468,192,100,100,436,462,466
200777,Joel Freeland,1610612757,POR,27.0,52,105.9,105.8,105.8,105.4,103.9,103.9,0.5,1.9,1.9,0.072,1.13,14.8,0.113,0.155,0.134,13.2,13.2,0.475,0.498,0.12,0.123,96.62,97.39,81.16,97.39,0.071,1475,1.5,3.1,132,134,134,289,218,218,201,166,166,327,270,209,23,158,79,340,341,289,336,428,428,206,163,163,323,339,358
203089,John Henson,1610612749,MIL,23.0,70,98.8,99.4,99.4,110.2,110.9,110.9,-11.5,-11.5,-11.5,0.111,0.99,11.9,0.093,0.18,0.136,12.0,12.1,0.538,0.543,0.201,0.204,93.86,93.3,77.75,93.3,0.118,3602,4.9,9.1,377,349,349,440,451,451,434,434,434,206,318,281,73,86,75,300,301,92,173,154,161,384,406,406,75,99,131
203098,John Jenkins,1610612737,ATL,23.0,13,99.9,96.0,96.0,104.7,105.9,105.9,-4.8,-9.9,-9.9,0.113,1.0,16.9,0.019,0.112,0.068,16.9,16.7,0.429,0.457,0.152,0.163,97.31,98.71,82.26,98.71,0.044,327,1.2,3.2,345,417,417,260,308,308,321,424,424,204,299,160,336,254,262,436,431,405,411,331,307,160,105,105,422,370,353
101249,John Lucas III,1610612762,UTA,31.0,42,91.6,91.7,91.7,108.1,106.0,106.0,-16.5,-14.2,-14.2,0.12,1.91,16.3,0.019,0.048,0.033,8.6,8.4,0.392,0.403,0.157,0.163,94.39,95.24,79.36,95.24,0.029,1173,1.5,4.5,459,451,451,390,310,310,463,449,449,189,115,177,339,464,452,87,84,434,447,318,308,349,305,305,446,340,290
2422,John Salmons,1610612761,TOR,34.0,78,102.1,101.9,101.9,102.3,102.4,102.4,-0.1,-0.5,-0.5,0.135,2.72,23.0,0.011,0.085,0.047,8.5,8.5,0.439,0.462,0.126,0.129,94.7,94.76,78.97,94.76,0.056,3411,1.9,5.3,277,294,294,169,163,163,214,224,224,166,35,96,415,362,388,83,86,397,403,415,417,327,330,330,384,298,263
202322,John Wall,1610612764,WAS,23.0,82,104.6,106.0,106.0,101.7,102.5,102.5,2.9,3.5,3.5,0.392,2.44,28.6,0.013,0.102,0.057,11.7,11.7,0.473,0.524,0.267,0.271,96.86,95.88,79.9,95.88,0.135,5945,7.1,16.3,177,125,125,143,168,168,144,124,124,7,51,44,399,288,320,280,281,301,242,25,28,193,266,266,32,26,16
202720,Jon Leuer,1610612763,MEM,25.0,49,105.8,105.4,105.4,106.8,106.0,106.0,-1.0,-0.6,-0.6,0.052,0.74,6.3,0.061,0.208,0.133,8.6,8.6,0.539,0.566,0.208,0.212,92.71,93.25,77.71,93.25,0.119,1244,2.5,5.0,133,152,152,329,311,311,237,228,228,398,379,431,149,50,87,88,90,91,110,144,144,431,409,409,74,245,272
201973,Jonas Jerebko,1610612765,DET,27.0,64,100.1,101.0,101.0,106.9,106.2,106.2,-6.8,-5.2,-5.2,0.088,0.91,12.3,0.061,0.17,0.112,13.6,13.6,0.546,0.577,0.158,0.161,96.22,96.12,80.1,96.12,0.095,1479,1.5,3.3,341,314,314,339,318,318,371,336,336,272,338,271,150,110,134,357,357,74,82,317,322,233,251,251,174,335,352
202685,Jonas Valančiūnas,1610612761,TOR,22.0,81,106.2,107.6,107.6,103.7,105.1,105.1,2.5,2.5,2.5,0.041,0.42,5.8,0.104,0.22,0.163,13.8,13.8,0.531,0.579,0.183,0.186,94.32,93.08,77.57,93.08,0.113,4421,4.4,8.3,119,89,89,223,274,274,148,154,154,426,434,438,38,35,24,368,367,110,75,219,224,353,415,415,96,115,156
202348,Jordan Crawford,1610612744,GSW,25.0,81,99.7,100.4,100.4,104.7,105.1,105.1,-4.9,-4.7,-4.7,0.256,2.1,22.2,0.014,0.081,0.047,10.6,10.5,0.472,0.516,0.232,0.237,97.33,96.77,80.64,96.77,0.104,3747,4.0,9.7,350,327,327,253,280,280,328,320,320,63,81,100,386,379,382,213,209,305,274,83,80,158,212,212,126,139,113
200770,Jordan Farmar,1610612747,LAL,27.0,41,103.0,102.3,102.3,106.9,107.7,107.7,-3.9,-5.4,-5.4,0.343,2.09,29.2,0.02,0.088,0.054,14.0,13.9,0.511,0.533,0.223,0.23,101.35,101.33,84.44,101.33,0.103,1933,3.7,8.9,242,275,275,337,372,372,296,343,343,18,82,40,322,349,343,372,370,166,209,106,98,38,38,38,129,156,136
202706,Jordan Hamilton,1610612745,HOU,23.0,60,100.3,99.1,99.1,104.3,103.9,103.9,-3.9,-4.8,-4.8,0.084,1.13,10.5,0.029,0.148,0.088,9.3,9.3,0.484,0.507,0.183,0.188,99.11,99.92,83.26,99.92,0.095,2121,2.5,6.3,332,361,361,239,217,217,298,321,321,288,269,329,254,172,204,130,134,257,296,220,215,74,74,74,180,252,221
201941,Jordan Hill,1610612747,LAL,26.0,72,98.8,99.4,99.4,108.2,108.8,108.8,-9.5,-9.4,-9.4,0.063,0.72,7.4,0.124,0.217,0.17,10.3,10.3,0.549,0.579,0.194,0.197,98.96,98.35,81.96,98.35,0.129,3066,4.0,7.2,378,348,348,396,412,412,416,417,417,354,384,408,8,38,18,195,195,64,76,180,183,79,115,115,46,142,194
203268,Jorge Gutierrez,1610612751,BKN,25.0,15,100.6,98.6,98.6,108.4,107.5,107.5,-7.8,-8.9,-8.9,0.204,2.14,29.1,0.013,0.084,0.048,13.6,13.6,0.491,0.523,0.136,0.141,93.57,94.9,79.09,94.9,0.049,485,1.7,3.6,327,375,375,401,364,364,388,409,409,97,74,41,404,366,380,356,354,230,250,391,381,399,318,318,409,316,335
101181,Jose Calderon,1610612742,DAL,32.0,81,108.6,108.4,108.4,108.2,108.9,108.9,0.5,-0.5,-0.5,0.223,3.66,30.1,0.013,0.068,0.041,8.2,8.2,0.584,0.596,0.16,0.162,95.84,95.61,79.67,95.61,0.095,4926,4.2,9.2,63,67,67,395,415,415,200,223,223,84,6,34,405,433,436,76,76,29,45,310,315,258,283,283,173,128,128
2735,Josh Childress,1610612740,NOP,31.0,4,135.4,135.6,135.6,108.3,104.2,104.2,27.1,31.4,31.4,0.095,2.0,66.7,0.0,0.13,0.0,33.3,33.3,0.0,0.0,0.02,0.02,91.8,93.61,78.01,93.61,0.042,45,0.0,0.0,2,2,2,399,230,230,3,1,1,245,95,1,449,209,459,478,478,473,475,481,481,462,389,389,428,473,481
202725,Josh Harrellson,1610612765,DET,25.0,32,100.1,99.2,99.2,100.3,99.2,99.2,-0.1,0.0,0.0,0.074,1.5,13.6,0.084,0.143,0.112,9.1,9.1,0.537,0.547,0.125,0.129,97.35,98.31,81.92,98.31,0.083,654,1.2,2.6,339,354,354,88,70,70,215,214,214,322,183,246,91,179,131,121,122,96,163,416,415,157,116,116,254,377,391
201177,Josh McRoberts,1610612766,CHA,27.0,78,103.4,104.6,104.6,102.4,103.2,103.2,1.0,1.3,1.3,0.215,4.01,32.6,0.037,0.124,0.081,8.1,8.1,0.529,0.548,0.137,0.138,93.01,92.08,76.74,92.08,0.097,4517,3.2,7.3,229,183,183,174,198,198,190,182,182,92,3,25,216,226,229,71,71,114,160,386,396,423,447,447,157,200,193
2694,Josh Powell,1610612745,HOU,31.0,1,87.7,86.8,86.8,108.2,105.3,105.3,-20.6,-18.4,-18.4,0.0,0.0,0.0,0.0,0.0,0.0,14.3,14.3,0.333,0.333,0.167,0.172,92.45,94.18,78.49,94.18,0.049,38,2.0,6.0,468,466,466,398,283,283,470,460,460,466,462,466,449,467,459,384,387,459,461,275,270,441,364,364,407,289,234
2746,Josh Smith,1610612765,DET,28.0,77,103.1,104.8,104.8,107.2,108.4,108.4,-4.1,-3.6,-3.6,0.147,1.27,13.9,0.034,0.155,0.092,11.0,11.0,0.448,0.463,0.241,0.244,97.86,96.57,80.48,96.57,0.09,5494,6.7,16.0,237,175,175,350,401,401,301,298,298,150,235,236,227,159,187,239,236,373,402,59,63,125,227,227,217,33,20
201950,Jrue Holiday,1610612740,NOP,24.0,34,107.7,108.7,108.7,106.2,107.4,107.4,1.5,1.4,1.4,0.358,2.55,31.4,0.024,0.102,0.063,12.3,12.3,0.48,0.505,0.224,0.226,96.17,95.19,79.32,95.19,0.114,2264,6.0,13.4,81,64,64,313,359,359,174,177,177,14,45,29,287,284,284,308,306,269,306,103,112,238,307,307,92,56,53
202933,Julyan Stone,1610612761,TOR,25.0,21,88.4,86.6,86.6,109.8,105.9,105.9,-21.4,-19.4,-19.4,0.179,2.4,34.3,0.016,0.149,0.081,14.3,14.2,0.471,0.491,0.087,0.093,90.73,93.34,77.79,93.34,0.066,231,0.3,0.8,465,467,467,432,309,309,471,462,462,115,54,19,368,171,228,384,384,307,351,470,469,470,404,404,346,463,467
203120,Justin Hamilton,1610612748,MIA,24.0,8,100.6,98.6,98.6,114.4,114.8,114.8,-13.9,-16.2,-16.2,0.0,0.0,0.0,0.063,0.059,0.061,15.4,15.3,0.525,0.586,0.169,0.177,93.69,94.47,78.73,94.47,0.051,142,1.1,2.5,325,374,374,466,468,468,452,453,453,466,462,466,141,455,293,406,406,122,62,263,253,394,344,344,401,384,396
202695,Kawhi Leonard,1610612759,SAS,23.0,66,107.3,108.0,108.0,97.7,98.1,98.1,9.6,9.9,9.9,0.103,1.66,14.6,0.042,0.167,0.108,8.8,8.8,0.576,0.602,0.18,0.183,97.23,96.7,80.58,96.7,0.132,3868,5.1,9.8,93,80,80,41,51,51,26,24,24,224,163,213,196,116,149,103,97,33,34,231,235,168,218,218,39,90,112
2586,Keith Bogans,1610612738,BOS,34.0,6,89.4,90.9,90.9,99.1,93.8,93.8,-9.7,-2.9,-2.9,0.088,3.0,30.0,0.0,0.06,0.025,10.0,8.8,0.75,0.82,0.054,0.066,95.12,96.93,80.78,96.93,0.095,110,0.5,1.0,464,453,453,63,22,22,419,283,283,267,19,35,449,453,457,178,104,3,2,476,475,292,202,202,181,447,457
203482,Kelly Olynyk,1610612738,BOS,23.0,70,102.9,104.0,104.0,105.1,104.7,104.7,-2.3,-0.7,-0.7,0.123,1.03,14.2,0.097,0.164,0.129,13.8,13.8,0.506,0.546,0.201,0.205,97.23,96.91,80.76,96.91,0.09,2834,3.3,7.2,246,207,207,275,263,263,266,231,231,181,296,225,65,126,95,362,362,187,164,152,157,169,205,205,210,186,195
202689,Kemba Walker,1610612766,CHA,24.0,73,102.2,103.5,103.5,99.1,100.9,100.9,3.1,2.6,2.6,0.291,2.64,23.4,0.015,0.099,0.057,8.8,8.9,0.441,0.499,0.255,0.258,94.7,93.26,77.71,93.26,0.123,5077,6.2,15.7,275,229,229,64,107,107,140,151,151,39,39,90,383,303,319,106,108,393,331,40,42,326,408,408,62,48,24
203088,Kendall Marshall,1610612747,LAL,22.0,54,103.3,104.2,104.2,109.0,109.1,109.1,-5.7,-5.0,-5.0,0.426,3.18,45.0,0.01,0.083,0.048,14.2,14.1,0.49,0.494,0.161,0.163,101.4,100.87,84.06,100.87,0.095,3283,3.1,7.8,234,197,197,416,424,424,346,328,328,6,11,6,428,371,377,383,381,232,343,304,306,37,48,48,172,202,178
2570,Kendrick Perkins,1610612760,OKC,29.0,62,102.6,103.2,103.2,100.8,101.6,101.6,1.9,1.6,1.6,0.076,0.74,17.6,0.071,0.174,0.126,23.6,23.7,0.451,0.474,0.115,0.116,97.13,96.47,80.39,96.47,0.042,2428,1.4,3.1,256,240,240,104,135,135,163,171,171,315,378,152,119,99,103,472,472,361,384,439,445,174,230,230,431,352,359
202702,Kenneth Faried,1610612743,DEN,24.0,80,105.8,106.5,106.5,108.6,109.7,109.7,-2.8,-3.2,-3.2,0.071,0.71,8.1,0.103,0.204,0.152,11.4,11.4,0.545,0.573,0.208,0.212,100.75,99.92,83.27,99.92,0.126,4528,5.6,10.3,135,111,111,408,432,432,277,288,288,332,386,390,39,51,39,267,263,76,93,143,145,48,73,73,54,70,105
203145,Kent Bazemore,1610612747,LAL,24.0,67,95.3,94.5,94.5,107.1,107.0,107.0,-11.8,-12.4,-12.4,0.167,1.15,16.1,0.01,0.115,0.061,14.0,14.1,0.491,0.515,0.218,0.222,103.07,103.54,86.29,103.54,0.071,1962,2.2,5.1,437,438,438,345,340,340,441,443,443,127,265,182,423,244,296,374,379,227,277,124,123,11,15,15,325,272,268
203484,Kentavious Caldwell-Pope,1610612765,DET,21.0,80,103.0,103.3,103.3,104.4,104.5,104.5,-1.4,-1.2,-1.2,0.05,1.96,9.7,0.022,0.077,0.047,4.9,4.9,0.46,0.483,0.136,0.138,97.94,97.82,81.52,97.82,0.05,3215,2.3,5.8,240,237,237,245,248,248,251,245,245,405,105,343,312,397,381,18,18,335,371,390,394,120,141,141,404,265,242
2030,Kenyon Martin,1610612752,NYK,36.0,32,104.6,103.5,103.5,99.7,100.9,100.9,4.8,2.6,2.6,0.118,1.92,24.0,0.06,0.158,0.11,12.5,12.5,0.512,0.521,0.116,0.119,91.82,91.76,76.47,91.76,0.081,1210,2.0,3.8,180,231,231,77,108,108,96,152,152,194,114,84,152,147,139,314,316,160,256,437,438,461,453,453,267,294,320
201142,Kevin Durant,1610612760,OKC,25.0,81,109.7,111.4,111.4,101.7,103.3,103.3,8.0,8.1,8.1,0.259,1.56,16.2,0.02,0.164,0.096,10.3,10.3,0.56,0.635,0.322,0.327,99.05,97.54,81.28,97.54,0.206,6342,10.5,20.8,48,28,28,142,199,199,46,40,40,56,178,181,332,127,175,198,196,50,12,3,2,77,156,156,2,1,2
708,Kevin Garnett,1610612751,BKN,38.0,54,99.3,99.3,99.3,100.5,100.3,100.3,-1.2,-1.0,-1.0,0.13,1.19,15.5,0.059,0.28,0.172,13.1,13.1,0.441,0.467,0.19,0.194,92.38,92.44,77.04,92.44,0.122,2132,2.9,6.6,361,352,352,96,95,95,243,238,238,170,255,193,154,3,14,339,339,391,398,194,199,442,438,438,67,217,208
201567,Kevin Love,1610612750,MIN,25.0,77,108.5,110.5,110.5,104.1,104.6,104.6,4.4,5.9,5.9,0.205,1.74,15.3,0.076,0.267,0.168,8.8,8.8,0.524,0.591,0.281,0.284,101.63,100.46,83.72,100.46,0.191,5858,8.4,18.5,68,44,44,236,258,258,108,79,79,96,143,197,109,7,20,100,100,125,48,14,15,28,57,57,4,7,5
2755,Kevin Martin,1610612750,MIN,31.0,68,107.7,109.4,109.4,105.5,105.8,105.8,2.2,3.6,3.6,0.09,1.14,8.7,0.015,0.081,0.046,7.6,7.6,0.486,0.553,0.243,0.248,101.55,100.62,83.85,100.62,0.096,4569,6.5,15.0,82,56,56,293,302,302,152,120,120,263,268,372,381,381,393,52,49,249,144,55,55,29,53,53,165,39,31
202338,Kevin Seraphin,1610612764,WAS,24.0,53,97.4,97.9,97.9,101.8,99.5,99.5,-4.4,-1.6,-1.6,0.054,0.41,5.9,0.09,0.139,0.113,14.1,14.1,0.505,0.533,0.21,0.216,93.29,94.15,78.45,94.15,0.073,1128,2.1,4.2,405,394,394,148,77,77,310,254,254,394,435,437,81,188,125,381,376,188,212,138,138,413,367,367,301,279,305
203114,Khris Middleton,1610612749,MIL,22.0,82,101.5,102.2,102.2,109.7,109.7,109.7,-8.2,-7.5,-7.5,0.114,1.37,14.0,0.024,0.106,0.064,10.2,10.2,0.511,0.541,0.186,0.19,94.31,93.97,78.3,93.97,0.079,4807,4.6,10.4,299,281,281,428,433,433,392,388,388,201,213,232,291,274,278,190,188,167,180,206,213,355,376,376,277,110,102
2550,Kirk Hinrich,1610612741,CHI,33.0,73,100.0,101.3,101.3,96.6,97.6,97.6,3.4,3.8,3.8,0.224,2.38,26.4,0.015,0.077,0.046,11.1,11.1,0.461,0.494,0.171,0.173,92.68,91.65,76.37,91.65,0.076,4037,3.3,8.5,342,311,311,32,46,46,131,115,115,83,56,63,382,403,398,249,251,331,344,254,265,432,455,455,286,187,153
202691,Klay Thompson,1610612744,GSW,24.0,81,109.0,109.4,109.4,99.5,100.3,100.3,9.5,9.1,9.1,0.097,1.34,10.9,0.014,0.07,0.043,8.1,8.2,0.533,0.555,0.224,0.227,98.31,97.77,81.48,97.77,0.084,5842,6.9,15.5,56,57,57,71,93,93,28,29,29,242,217,313,392,426,426,72,72,105,136,102,109,103,143,143,248,30,26
977,Kobe Bryant,1610612747,LAL,35.0,6,97.4,98.6,98.6,107.9,106.9,106.9,-10.5,-8.3,-8.3,0.369,1.12,24.7,0.012,0.13,0.074,22.1,22.0,0.445,0.505,0.29,0.293,97.62,97.47,81.23,97.47,0.097,359,5.2,12.2,404,373,373,383,339,339,425,401,401,10,272,77,407,209,243,468,468,382,311,10,13,137,159,159,163,89,71
201585,Kosta Koufos,1610612763,MEM,25.0,80,101.8,101.4,101.4,99.6,99.7,99.7,2.1,1.7,1.7,0.047,0.58,6.4,0.118,0.195,0.156,11.1,11.1,0.495,0.514,0.187,0.192,92.01,92.11,76.76,92.11,0.104,2587,2.8,5.7,284,309,309,74,81,81,153,170,170,415,406,429,15,58,30,244,246,224,279,201,205,456,445,445,123,221,243
2743,Kris Humphries,1610612738,BOS,29.0,69,97.8,98.7,98.7,105.2,104.3,104.3,-7.3,-5.6,-5.6,0.087,1.05,10.2,0.089,0.213,0.149,9.7,9.8,0.501,0.552,0.189,0.192,94.6,94.62,78.85,94.62,0.132,2700,3.3,6.7,394,371,371,277,235,235,379,348,348,276,291,332,82,44,48,163,165,198,148,196,207,332,335,335,38,185,205
2594,Kyle Korver,1610612737,ATL,33.0,71,105.4,106.1,106.1,102.4,103.0,103.0,2.9,3.2,3.2,0.127,2.04,22.1,0.009,0.111,0.06,10.8,10.6,0.626,0.653,0.136,0.141,96.92,96.33,80.28,96.33,0.094,4862,4.1,8.6,152,122,122,177,181,181,143,133,133,174,89,104,430,258,299,228,218,14,9,393,382,189,244,244,185,136,150
200768,Kyle Lowry,1610612761,TOR,28.0,79,107.2,108.9,108.9,102.6,104.3,104.3,4.6,4.5,4.5,0.336,3.02,28.9,0.031,0.1,0.065,9.6,9.6,0.511,0.567,0.222,0.226,95.75,94.23,78.53,94.23,0.138,5625,5.8,13.7,97,63,63,185,241,241,104,99,99,20,16,43,246,296,270,149,151,165,107,109,113,260,359,359,27,63,48
203124,Kyle O'Quinn,1610612753,ORL,24.0,69,102.2,101.3,101.3,101.8,102.4,102.4,0.4,-1.2,-1.2,0.104,1.0,13.8,0.09,0.213,0.154,13.8,13.8,0.501,0.526,0.181,0.186,96.79,96.92,80.77,96.92,0.11,2398,2.7,5.4,273,312,312,144,167,167,203,244,244,220,299,237,80,45,36,366,369,197,235,228,225,197,203,203,106,230,257
202713,Kyle Singler,1610612765,DET,26.0,82,102.4,103.5,103.5,107.1,108.2,108.2,-4.8,-4.7,-4.7,0.047,0.95,9.0,0.046,0.08,0.062,9.4,9.4,0.525,0.574,0.137,0.14,97.93,96.92,80.76,96.92,0.065,4716,3.3,7.3,267,227,227,348,393,393,319,318,318,412,326,363,181,384,285,139,140,123,89,381,389,123,204,204,354,192,191
202681,Kyrie Irving,1610612739,CLE,22.0,71,101.7,103.7,103.7,106.8,108.6,108.6,-5.1,-4.9,-4.9,0.311,2.28,21.7,0.02,0.085,0.051,9.5,9.5,0.48,0.533,0.274,0.28,96.02,94.29,78.58,94.29,0.13,4914,7.5,17.4,289,219,219,331,403,403,333,326,326,29,65,105,328,359,358,145,145,270,211,19,20,251,354,354,43,18,9
200746,LaMarcus Aldridge,1610612757,POR,28.0,69,110.5,112.1,112.1,103.4,104.6,104.6,7.1,7.5,7.5,0.128,1.45,9.4,0.065,0.229,0.148,6.5,6.5,0.459,0.507,0.296,0.299,97.22,95.95,79.96,95.95,0.155,4992,9.4,20.6,35,23,23,210,256,256,54,46,46,172,193,350,130,27,49,31,31,337,299,7,9,171,260,260,19,5,3
202362,Lance Stephenson,1610612754,IND,23.0,78,102.9,104.1,104.1,96.8,99.0,99.0,6.1,5.2,5.2,0.217,1.71,23.6,0.037,0.16,0.102,13.8,13.8,0.54,0.564,0.191,0.195,94.96,93.36,77.8,93.36,0.127,5355,5.5,11.2,245,199,199,35,63,63,73,92,92,89,148,87,218,140,161,365,363,87,113,189,197,306,402,402,51,73,91
202498,Lance Thomas,1610612740,NOP,26.0,5,90.4,90.4,90.4,101.6,95.1,95.1,-11.2,-4.8,-4.8,0.12,1.5,18.8,0.047,0.102,0.076,12.5,12.7,0.222,0.279,0.14,0.145,90.75,93.77,78.14,93.77,0.0,83,0.4,1.8,461,457,457,140,30,30,431,322,322,191,183,138,178,286,238,314,324,470,466,370,365,469,382,382,465,458,433
202361,Landry Fields,1610612761,TOR,26.0,30,103.9,102.7,102.7,105.2,105.4,105.4,-1.2,-2.7,-2.7,0.096,1.82,18.5,0.049,0.138,0.094,10.2,10.2,0.403,0.443,0.12,0.125,95.09,95.57,79.64,95.57,0.066,632,0.9,2.2,207,260,260,280,287,287,245,278,278,243,132,140,173,192,178,189,189,429,423,424,423,295,285,285,343,415,413
202336,Larry Sanders,1610612749,MIL,25.0,23,95.4,96.4,96.4,104.7,105.4,105.4,-9.4,-9.1,-9.1,0.055,0.73,8.2,0.095,0.185,0.138,11.2,11.2,0.469,0.478,0.163,0.164,94.01,93.22,77.68,93.22,0.084,1131,3.3,7.0,434,411,411,259,288,288,415,411,411,392,382,388,69,80,73,256,259,313,379,292,303,376,411,411,252,188,198
202730,Lavoy Allen,1610612754,IND,25.0,65,95.4,94.7,94.7,104.7,103.5,103.5,-9.3,-8.8,-8.8,0.105,1.61,16.2,0.098,0.179,0.136,10.0,10.1,0.45,0.47,0.139,0.143,101.1,102.01,85.01,102.01,0.087,2272,2.1,4.6,435,434,434,255,208,208,414,406,406,215,171,180,58,87,76,184,183,366,388,372,373,42,24,24,234,285,285
2544,LeBron James,1610612748,MIA,29.0,77,111.4,112.0,112.0,103.5,105.1,105.1,7.9,6.9,6.9,0.311,1.81,20.7,0.034,0.165,0.104,11.5,11.4,0.61,0.649,0.303,0.309,94.04,93.04,77.53,93.04,0.2,5634,10.0,17.6,22,25,25,214,276,276,47,56,56,28,133,116,231,124,158,269,267,19,10,5,7,375,416,416,3,2,8
2571,Leandro Barbosa,1610612756,PHX,31.0,20,105.3,106.6,106.6,100.4,98.5,98.5,5.0,8.1,8.1,0.146,1.68,16.1,0.013,0.087,0.049,9.5,9.5,0.454,0.506,0.196,0.199,96.78,97.08,80.9,97.08,0.087,740,2.8,6.6,154,108,108,90,58,58,91,39,39,152,154,183,398,352,369,148,150,353,304,172,176,198,189,189,236,225,210
203485,Lorenzo Brown,1610612755,PHI,23.0,26,94.2,95.0,95.0,97.2,94.2,94.2,-3.0,0.8,0.8,0.281,2.56,27.5,0.03,0.089,0.057,10.7,10.8,0.32,0.349,0.195,0.199,102.89,104.04,86.7,104.04,0.063,484,1.0,3.3,443,433,433,36,23,23,279,194,194,42,43,51,248,343,321,224,225,462,460,176,177,12,13,13,365,397,349
200811,Lou Amundson,1610612741,CHI,31.0,19,96.9,94.5,94.5,101.3,102.2,102.2,-4.4,-7.7,-7.7,0.057,0.43,9.4,0.144,0.146,0.145,21.9,22.4,0.5,0.446,0.136,0.139,94.24,95.0,79.17,95.0,0.005,364,0.8,1.7,414,439,439,131,156,156,306,391,391,386,431,353,4,176,56,467,469,201,418,388,391,361,315,315,463,420,436
101150,Lou Williams,1610612737,ATL,27.0,60,104.4,103.8,103.8,109.5,109.9,109.9,-5.1,-6.1,-6.1,0.234,2.28,24.1,0.007,0.08,0.045,10.6,10.5,0.48,0.547,0.205,0.211,97.06,97.12,80.93,97.12,0.096,2928,3.3,8.2,190,209,209,426,436,436,336,360,360,73,64,83,443,385,405,210,211,271,162,150,149,180,183,183,169,191,162
201601,Luc Mbah a Moute,1610612750,MIN,27.0,64,99.0,99.0,99.0,106.5,106.4,106.4,-7.5,-7.4,-7.4,0.056,0.9,12.0,0.052,0.092,0.071,13.4,13.4,0.461,0.503,0.112,0.115,96.1,96.19,80.16,96.19,0.054,2008,1.4,3.0,373,364,364,319,324,324,382,386,386,388,339,278,166,328,252,348,348,332,314,446,446,242,250,250,390,356,366
2449,Luis Scola,1610612754,IND,34.0,82,98.0,98.5,98.5,97.8,98.3,98.3,0.2,0.2,0.2,0.106,0.75,10.0,0.063,0.215,0.141,13.3,13.4,0.471,0.505,0.234,0.237,95.06,94.57,78.81,94.57,0.115,2756,3.2,6.8,393,380,380,43,56,56,207,209,209,210,376,335,143,40,63,343,347,308,309,78,82,298,339,339,89,198,203
202337,Luke Babbitt,1610612740,NOP,25.0,27,114.8,114.8,114.8,107.6,106.9,106.9,7.2,7.9,7.9,0.089,1.93,14.0,0.042,0.16,0.101,7.2,7.3,0.506,0.525,0.173,0.176,92.07,92.37,76.98,92.37,0.072,910,2.2,5.7,11,9,9,368,338,338,53,41,41,264,112,233,199,136,163,41,42,184,240,248,254,454,440,440,310,269,245
2557,Luke Ridnour,1610612766,CHA,33.0,61,99.0,98.4,98.4,107.3,107.2,107.2,-8.2,-8.8,-8.8,0.248,2.67,30.3,0.02,0.069,0.044,11.4,11.4,0.442,0.452,0.161,0.165,93.29,93.6,78.0,93.6,0.063,2223,2.1,5.4,372,381,381,354,350,350,393,405,405,66,37,33,321,431,417,264,264,387,415,302,300,412,390,390,363,282,258
2736,Luol Deng,1610612739,CLE,29.0,63,101.9,103.8,103.8,102.3,103.8,103.8,-0.4,0.0,0.0,0.141,1.61,14.3,0.043,0.117,0.08,8.9,8.9,0.465,0.517,0.22,0.222,94.58,93.03,77.53,93.03,0.107,4292,5.9,13.7,282,212,212,172,215,215,222,215,215,159,172,219,189,238,231,112,118,322,270,117,122,334,417,417,113,58,49
203146,Maalik Wayns,1610612746,LAC,23.0,2,96.7,90.5,90.5,110.4,116.0,116.0,-13.6,-25.5,-25.5,0.333,0.0,50.0,0.0,0.167,0.0,0.0,0.0,0.5,0.5,0.095,0.102,117.58,117.78,98.15,117.78,0.086,21,0.5,1.0,419,456,456,442,472,472,449,472,472,22,462,2,449,118,459,1,1,201,324,463,459,2,3,3,244,447,457
202952,Malcolm Thomas,1610612762,UTA,25.0,8,111.3,110.0,110.0,108.0,103.0,103.0,3.3,7.0,7.0,0.043,0.22,7.1,0.1,0.211,0.167,32.1,32.3,0.469,0.444,0.181,0.184,98.01,101.01,84.18,101.01,0.049,130,0.9,2.0,23,48,48,389,182,182,138,54,54,421,453,415,52,48,22,477,477,315,422,230,232,112,45,45,408,417,422
202412,Manny Harris,1610612747,LAL,24.0,9,98.8,97.8,97.8,109.7,110.2,110.2,-10.9,-12.4,-12.4,0.104,1.22,11.8,0.036,0.142,0.088,9.7,9.4,0.45,0.485,0.2,0.211,98.71,98.96,82.47,98.96,0.084,368,3.1,7.8,376,396,396,430,440,440,427,442,442,221,245,286,223,182,208,157,143,366,369,162,147,85,97,97,251,204,176
1938,Manu Ginobili,1610612759,SAS,36.0,68,112.5,112.2,112.2,99.5,99.3,99.3,13.0,12.9,12.9,0.274,2.11,25.7,0.021,0.107,0.067,12.2,12.2,0.541,0.59,0.238,0.244,98.71,98.91,82.43,98.91,0.132,3199,4.3,9.2,18,21,21,70,73,73,10,13,13,47,77,68,317,272,267,303,303,84,51,68,65,86,99,99,40,119,130
202705,MarShon Brooks,1610612747,LAL,25.0,35,105.8,104.7,104.7,101.6,101.0,101.0,4.2,3.7,3.7,0.121,1.04,12.9,0.033,0.132,0.085,12.4,12.4,0.508,0.551,0.227,0.232,101.41,102.18,85.15,102.18,0.108,674,1.6,3.6,137,177,177,137,115,115,114,116,116,187,293,260,236,205,219,311,312,175,153,93,91,35,21,21,111,324,336
201188,Marc Gasol,1610612763,MEM,29.0,59,101.7,103.4,103.4,102.2,103.3,103.3,-0.4,0.0,0.0,0.18,1.94,18.8,0.046,0.185,0.116,9.7,9.7,0.474,0.526,0.22,0.223,91.67,90.45,75.37,90.45,0.131,3719,5.7,12.1,285,235,235,164,201,201,221,213,213,112,111,137,180,78,118,160,161,299,236,118,119,463,473,473,41,66,76
101162,Marcin Gortat,1610612764,WAS,30.0,81,104.6,105.9,105.9,99.8,100.4,100.4,4.8,5.5,5.5,0.08,1.1,11.5,0.077,0.218,0.147,10.5,10.5,0.542,0.568,0.179,0.18,96.19,95.31,79.43,95.31,0.125,5273,5.6,10.4,178,130,130,78,97,97,99,83,83,301,277,297,106,37,51,205,206,81,106,233,244,236,300,300,56,68,103
201158,Marco Belinelli,1610612759,SAS,28.0,80,109.9,109.9,109.9,102.6,102.9,102.9,7.3,7.1,7.1,0.13,1.88,17.6,0.01,0.101,0.058,9.3,9.3,0.576,0.605,0.186,0.191,97.24,97.13,80.94,97.13,0.1,4066,4.2,8.7,43,50,50,190,179,179,52,52,52,169,120,153,426,294,315,133,131,34,26,205,208,167,181,181,142,127,145
202694,Marcus Morris Sr.,1610612756,PHX,24.0,82,108.6,107.9,107.9,103.8,104.5,104.5,4.8,3.4,3.4,0.077,0.93,9.7,0.048,0.131,0.09,10.5,10.5,0.518,0.552,0.197,0.202,98.09,98.05,81.71,98.05,0.096,3675,3.5,7.9,66,81,81,224,249,249,98,127,127,310,334,339,174,208,193,208,210,141,149,168,172,109,128,128,171,165,172
201977,Marcus Thornton,1610612751,BKN,27.0,72,104.4,105.0,105.0,105.1,105.3,105.3,-0.6,-0.3,-0.3,0.072,1.15,9.3,0.033,0.084,0.058,8.1,8.1,0.48,0.511,0.193,0.196,94.87,94.53,78.77,94.53,0.074,3418,3.5,8.9,184,167,167,272,284,284,224,219,219,324,266,356,235,368,310,67,67,272,286,185,186,314,340,340,297,169,137
201596,Mario Chalmers,1610612748,MIA,28.0,73,110.7,110.9,110.9,102.6,104.2,104.2,8.1,6.7,6.7,0.232,2.2,31.1,0.022,0.085,0.055,14.1,14.1,0.531,0.567,0.17,0.173,94.55,93.72,78.1,93.72,0.085,4261,3.5,7.7,32,37,37,187,231,231,43,59,59,75,72,31,304,364,331,380,378,109,108,259,269,339,384,384,245,174,180
202693,Markieff Morris,1610612756,PHX,24.0,81,107.2,107.1,107.1,102.9,103.6,103.6,4.2,3.4,3.4,0.112,0.98,11.2,0.066,0.159,0.113,11.4,11.5,0.507,0.564,0.228,0.232,98.53,98.25,81.87,98.25,0.122,4399,5.1,10.4,98,100,100,197,209,209,111,126,126,205,319,308,129,145,127,268,270,183,117,91,92,97,119,119,65,93,101
203104,Marquis Teague,1610612751,BKN,21.0,40,93.2,94.1,94.1,102.5,102.2,102.2,-9.3,-8.1,-8.1,0.222,1.49,25.0,0.002,0.09,0.045,16.8,16.9,0.34,0.398,0.176,0.18,93.65,93.36,77.8,93.36,0.031,861,1.0,3.0,449,441,441,180,159,159,412,397,397,86,185,74,448,341,403,433,435,458,452,245,246,396,401,401,443,411,370
201578,Marreese Speights,1610612744,GSW,26.0,79,95.6,94.6,94.6,101.4,99.1,99.1,-5.8,-4.6,-4.6,0.061,0.48,5.4,0.097,0.185,0.141,11.1,11.0,0.45,0.507,0.243,0.251,98.99,100.67,83.89,100.67,0.103,2046,2.5,5.6,432,437,437,133,67,67,349,317,317,361,427,443,60,77,62,243,244,363,295,56,51,78,51,51,130,246,252
101110,Martell Webster,1610612764,WAS,27.0,78,104.4,104.3,104.3,104.9,104.8,104.8,-0.5,-0.4,-0.4,0.068,1.67,12.2,0.018,0.092,0.054,7.3,7.3,0.557,0.591,0.144,0.148,95.02,95.12,79.26,95.12,0.074,4277,3.3,7.5,186,190,190,268,265,265,223,222,222,338,159,275,345,330,337,43,41,54,49,357,356,302,309,309,295,194,183
101107,Marvin Williams,1610612762,UTA,28.0,66,104.7,104.9,104.9,110.4,110.6,110.6,-5.6,-5.7,-5.7,0.075,1.47,11.3,0.05,0.16,0.104,7.7,7.7,0.519,0.54,0.167,0.17,93.08,92.87,77.39,92.87,0.088,3243,3.5,8.0,171,168,168,443,445,445,342,352,352,317,188,304,170,139,156,55,54,138,186,272,277,420,421,421,232,169,170
203486,Mason Plumlee,1610612751,BKN,24.0,70,106.0,104.8,104.8,107.3,108.1,108.1,-1.3,-3.3,-3.3,0.082,0.78,11.4,0.084,0.175,0.13,14.6,14.7,0.659,0.67,0.168,0.172,93.9,94.06,78.38,94.06,0.114,2494,2.8,4.3,125,173,173,353,387,387,246,290,290,293,370,302,92,97,94,395,393,9,7,266,273,382,372,372,93,219,301
2440,Matt Barnes,1610612746,LAC,34.0,63,113.0,114.3,114.3,103.9,103.9,103.9,9.1,10.4,10.4,0.101,1.47,16.0,0.036,0.125,0.083,10.9,10.9,0.53,0.552,0.162,0.163,99.35,98.81,82.34,98.81,0.076,3564,3.7,8.4,17,12,12,228,221,221,33,21,21,226,189,185,222,224,224,232,235,112,150,300,311,69,103,103,285,157,155
2588,Matt Bonner,1610612759,SAS,34.0,61,108.9,107.0,107.0,101.9,100.9,100.9,7.0,6.1,6.1,0.063,1.94,14.3,0.024,0.163,0.095,7.4,7.4,0.573,0.582,0.119,0.122,95.08,96.38,80.31,96.38,0.084,1399,1.2,2.7,58,101,101,153,110,110,57,72,72,355,110,221,292,130,176,45,44,36,69,430,430,297,240,240,253,374,386
203521,Matthew Dellavedova,1610612739,CLE,23.0,72,104.7,104.1,104.1,100.9,100.4,100.4,3.8,3.7,3.7,0.217,3.12,33.2,0.022,0.072,0.047,10.6,10.6,0.508,0.534,0.128,0.132,95.52,95.99,80.0,95.99,0.073,2531,1.7,4.1,172,202,202,113,98,98,121,117,117,88,12,21,307,418,386,219,220,174,205,410,408,272,258,258,307,314,307
203090,Maurice Harkless,1610612753,ORL,21.0,80,99.2,99.8,99.8,106.4,107.2,107.2,-7.2,-7.4,-7.4,0.063,0.93,11.2,0.036,0.103,0.069,12.0,12.1,0.525,0.542,0.145,0.147,96.18,95.48,79.56,95.48,0.071,3868,2.8,6.0,367,338,338,317,349,349,377,383,383,351,332,309,224,283,257,301,302,124,178,355,361,237,292,292,322,225,232
2408,Melvin Ely,1610612740,NOP,36.0,2,129.6,125.0,125.0,143.2,150.0,150.0,-13.6,-25.0,-25.0,0.0,0.0,0.0,0.0,0.045,0.024,0.0,0.0,0.5,0.5,0.113,0.117,86.88,86.31,71.93,86.31,-0.004,48,1.5,3.0,4,5,5,479,480,480,448,469,469,466,462,466,449,466,458,1,1,201,324,443,440,478,479,479,470,337,367
1897,Metta World Peace,1610612752,NYK,34.0,29,102.2,99.6,99.6,100.1,99.0,99.0,2.1,0.6,0.6,0.07,0.89,9.2,0.045,0.112,0.077,10.3,10.3,0.457,0.469,0.187,0.195,96.04,97.8,81.5,97.8,0.067,787,1.9,4.9,272,343,343,83,64,64,156,198,198,333,341,357,182,256,234,196,198,344,392,200,195,249,142,142,341,297,276
203086,Meyers Leonard,1610612757,POR,22.0,40,96.9,96.2,96.2,109.3,108.1,108.1,-12.3,-12.0,-12.0,0.08,1.2,13.5,0.07,0.234,0.151,11.3,11.3,0.451,0.489,0.135,0.139,100.87,101.82,84.85,101.82,0.063,755,1.0,2.3,413,415,415,423,386,386,445,437,437,306,250,250,123,24,42,261,261,362,357,394,392,45,27,27,362,395,411
201563,Michael Beasley,1610612748,MIA,25.0,55,106.9,105.0,105.0,107.9,107.8,107.8,-1.0,-2.8,-2.8,0.088,0.74,8.6,0.043,0.186,0.117,11.7,11.7,0.528,0.559,0.247,0.255,93.39,94.28,78.56,94.28,0.108,1633,3.2,6.5,105,163,163,381,374,374,238,280,280,271,380,375,190,76,117,279,279,119,125,50,44,409,356,356,108,196,214
203487,Michael Carter-Williams,1610612755,PHI,22.0,70,99.1,100.9,100.9,108.1,109.1,109.1,-9.0,-8.2,-8.2,0.292,1.79,23.1,0.038,0.141,0.087,13.0,13.0,0.431,0.48,0.254,0.256,101.9,100.48,83.73,100.48,0.104,5036,6.1,15.1,371,318,318,392,423,423,405,399,399,38,138,93,210,184,209,333,335,402,375,41,43,19,56,56,127,52,30
203077,Michael Kidd-Gilchrist,1610612766,CHA,20.0,62,100.8,102.0,102.0,98.8,100.6,100.6,2.0,1.4,1.4,0.055,0.87,9.5,0.075,0.141,0.109,10.9,11.0,0.475,0.516,0.153,0.155,93.14,91.71,76.43,91.71,0.075,2855,2.7,5.7,322,290,290,57,102,102,161,179,179,393,349,348,110,183,145,236,242,293,273,329,333,417,454,454,290,231,246
201144,Mike Conley,1610612763,MEM,26.0,73,105.0,107.1,107.1,103.7,104.1,104.1,1.4,3.0,3.0,0.293,2.94,25.4,0.017,0.076,0.046,8.6,8.6,0.5,0.545,0.24,0.244,92.16,91.03,75.86,91.03,0.13,4644,6.3,14.1,160,97,97,219,229,229,178,140,140,37,25,69,358,409,399,90,91,200,166,62,64,451,467,467,44,43,42
2399,Mike Dunleavy,1610612741,CHI,33.0,82,100.3,101.7,101.7,97.5,98.6,98.6,2.7,3.0,3.0,0.119,1.72,16.4,0.018,0.116,0.068,9.5,9.5,0.51,0.549,0.166,0.17,93.01,91.85,76.54,91.85,0.096,4957,4.1,9.4,333,300,300,40,59,59,147,139,139,192,145,174,346,243,264,146,147,171,157,285,280,424,452,452,166,137,119
200839,Mike Harris,1610612762,UTA,31.0,20,99.2,99.1,99.1,97.5,96.5,96.5,1.7,2.6,2.6,0.037,0.45,5.6,0.061,0.078,0.069,12.2,12.4,0.475,0.576,0.158,0.161,96.59,97.16,80.97,97.16,0.082,456,1.5,3.1,364,360,360,39,35,35,169,146,146,434,429,440,147,395,255,304,309,288,84,316,319,210,180,180,261,345,364
2229,Mike James,1610612741,CHI,39.0,11,105.5,103.7,103.7,110.6,107.2,107.2,-5.1,-3.5,-3.5,0.347,3.4,38.6,0.0,0.109,0.052,11.4,11.4,0.262,0.251,0.171,0.175,83.54,85.6,71.33,85.6,0.013,136,0.5,1.9,145,217,217,449,348,348,332,295,295,16,7,13,449,265,351,265,266,464,469,255,258,480,480,480,460,457,428
2034,Mike Miller,1610612763,MEM,34.0,82,103.6,103.7,103.7,106.0,106.3,106.3,-2.5,-2.6,-2.6,0.116,1.69,19.4,0.018,0.111,0.063,11.5,11.4,0.602,0.619,0.14,0.144,93.54,93.34,77.79,93.34,0.092,3335,2.6,5.4,223,215,215,306,323,323,270,276,276,197,153,132,350,259,281,272,269,20,18,371,369,400,403,403,199,240,256
203488,Mike Muscala,1610612737,ATL,22.0,20,94.3,92.8,92.8,114.8,114.5,114.5,-20.4,-21.7,-21.7,0.058,0.58,7.1,0.078,0.181,0.127,12.2,12.2,0.425,0.48,0.185,0.192,97.99,98.92,82.43,98.92,0.065,445,1.6,3.7,442,444,444,468,466,466,468,465,465,381,404,415,103,85,102,305,304,416,376,210,202,114,98,98,355,331,333
203118,Mike Scott,1610612737,ATL,25.0,80,101.3,100.9,100.9,107.6,107.3,107.3,-6.3,-6.4,-6.4,0.091,0.95,8.9,0.043,0.154,0.098,9.4,9.4,0.529,0.559,0.232,0.239,96.57,96.95,80.79,96.95,0.104,2993,3.8,7.9,304,319,319,369,354,354,365,368,368,254,326,365,193,162,169,135,136,118,127,82,77,212,200,200,122,150,174
203101,Miles Plumlee,1610612756,PHX,25.0,80,105.0,105.6,105.6,103.3,104.3,104.3,1.7,1.3,1.3,0.033,0.39,5.6,0.101,0.216,0.159,14.5,14.5,0.517,0.529,0.16,0.163,97.6,96.88,80.73,96.88,0.101,3961,3.6,6.9,164,142,142,207,236,236,168,183,183,445,438,439,48,39,29,391,391,146,228,308,313,138,207,207,140,162,199
203545,Miroslav Raduljica,1610612749,MIL,26.0,48,101.7,100.3,100.3,107.7,105.5,105.5,-6.0,-5.2,-5.2,0.084,0.82,11.4,0.114,0.116,0.115,13.9,13.9,0.54,0.603,0.167,0.172,94.05,95.63,79.69,95.63,0.08,925,1.4,2.6,291,332,332,371,290,290,356,337,337,289,363,301,21,242,122,369,372,88,33,279,274,374,281,281,272,350,390
203141,Mirza Teletovic,1610612751,BKN,28.0,72,105.6,105.0,105.0,109.0,109.0,109.0,-3.4,-4.0,-4.0,0.069,1.06,8.6,0.045,0.157,0.1,8.1,8.1,0.546,0.559,0.197,0.202,94.36,94.58,78.82,94.58,0.09,2757,3.1,7.3,143,161,161,417,422,422,285,303,303,335,286,376,186,149,165,68,68,71,126,166,170,351,337,337,211,209,189
2590,Mo Williams,1610612757,POR,31.0,74,106.1,108.2,108.2,105.9,105.7,105.7,0.2,2.5,2.5,0.266,2.15,27.2,0.022,0.058,0.04,12.6,12.6,0.478,0.507,0.2,0.203,98.08,97.24,81.04,97.24,0.075,3705,3.8,9.1,122,77,77,302,299,299,208,153,153,53,73,55,311,458,441,324,323,277,297,157,166,110,170,170,291,149,133
101145,Monta Ellis,1610612742,DAL,28.0,82,108.8,108.9,108.9,107.3,108.2,108.2,1.4,0.6,0.6,0.245,1.78,21.3,0.013,0.088,0.051,12.0,12.0,0.478,0.532,0.257,0.26,95.96,95.51,79.59,95.51,0.106,6019,7.0,15.6,59,62,62,355,396,396,176,199,199,69,139,108,394,348,359,294,296,282,219,37,39,253,289,289,119,28,25
201203,Mustafa Shakur,1610612760,OKC,29.0,3,58.2,57.7,57.7,87.8,88.5,88.5,-29.6,-30.8,-30.8,0.667,2.0,40.0,0.0,0.0,0.0,20.0,20.2,0.0,0.129,0.222,0.228,108.6,108.68,90.57,108.68,-0.109,26,0.0,1.0,482,481,481,6,9,9,477,475,475,1,95,10,449,467,459,460,461,473,473,111,105,4,7,7,479,473,457
201986,Nando De Colo,1610612761,TOR,27.0,47,105.7,104.1,104.1,106.4,106.1,106.1,-0.7,-2.0,-2.0,0.203,1.86,24.2,0.029,0.125,0.077,13.0,13.0,0.477,0.526,0.18,0.186,94.94,95.78,79.82,95.78,0.092,995,1.4,3.3,139,201,201,318,316,316,228,262,262,98,122,82,252,223,235,336,337,283,238,232,223,308,270,270,198,355,351
101126,Nate Robinson,1610612743,DEN,30.0,44,105.4,104.4,104.4,98.8,99.9,99.9,6.7,4.5,4.5,0.226,1.93,19.0,0.025,0.063,0.045,9.9,9.8,0.504,0.544,0.236,0.246,97.1,96.99,80.82,96.99,0.107,1753,3.7,8.7,148,185,185,58,86,86,61,101,101,80,113,135,286,446,404,172,171,192,172,74,59,176,194,194,116,152,144
203489,Nate Wolters,1610612749,MIL,23.0,58,101.1,101.7,101.7,102.9,102.7,102.7,-1.8,-1.0,-1.0,0.227,3.28,27.8,0.025,0.09,0.057,8.5,8.5,0.46,0.486,0.163,0.167,94.57,94.38,78.65,94.38,0.093,2574,2.9,6.7,314,296,296,196,175,175,258,237,237,78,8,46,285,338,323,85,85,334,362,289,293,336,347,347,193,214,204
1737,Nazr Mohammed,1610612741,CHI,36.0,80,92.9,92.5,92.5,93.5,93.1,93.1,-0.6,-0.6,-0.6,0.066,0.54,10.2,0.121,0.188,0.156,18.9,18.9,0.429,0.445,0.144,0.148,90.17,90.55,75.46,90.55,0.081,1055,0.7,1.6,450,446,446,16,20,20,226,226,226,343,417,331,11,70,33,451,450,405,421,360,355,473,471,471,269,436,445
203517,Nemanja Nedovic,1610612744,GSW,23.0,24,86.7,83.3,83.3,106.3,105.6,105.6,-19.6,-22.3,-22.3,0.16,1.0,18.8,0.02,0.079,0.05,18.8,19.0,0.244,0.306,0.162,0.17,100.66,103.01,85.84,103.01,-0.013,305,0.3,1.6,471,472,472,314,292,292,466,466,466,132,299,136,327,389,364,450,451,466,464,294,279,50,18,18,475,463,441
2403,Nene,1610612764,WAS,31.0,53,102.6,103.1,103.1,99.3,99.7,99.7,3.3,3.4,3.4,0.166,1.31,15.5,0.043,0.155,0.098,11.9,11.9,0.504,0.53,0.237,0.24,96.19,95.71,79.76,95.71,0.108,3118,5.6,11.2,258,241,241,67,82,82,136,128,128,128,223,191,192,157,168,291,293,189,225,71,73,234,273,273,110,67,89
201979,Nick Calathes,1610612763,MEM,25.0,71,100.7,100.2,100.2,98.8,98.9,98.9,1.9,1.3,1.3,0.273,2.05,31.9,0.022,0.098,0.062,15.6,15.5,0.487,0.506,0.172,0.177,92.76,92.9,77.42,92.9,0.093,2265,2.0,4.4,323,333,333,55,62,62,162,185,185,49,88,27,309,307,292,414,411,244,302,251,251,427,420,420,190,289,294
2555,Nick Collison,1610612760,OKC,33.0,81,111.3,111.2,111.2,99.1,98.2,98.2,12.2,13.0,13.0,0.108,1.46,22.7,0.089,0.129,0.109,15.5,15.5,0.564,0.599,0.115,0.116,96.61,97.05,80.88,97.05,0.073,2726,1.7,3.0,24,31,31,61,55,55,11,12,12,209,191,98,83,213,144,410,412,44,39,441,443,207,192,192,300,319,369
201156,Nick Young,1610612747,LAL,29.0,64,104.9,105.5,105.5,107.1,107.6,107.6,-2.2,-2.1,-2.1,0.091,1.0,8.0,0.016,0.072,0.044,8.0,7.9,0.511,0.564,0.263,0.27,99.95,99.49,82.91,99.49,0.092,3747,6.0,13.9,165,146,146,347,368,368,265,266,266,257,299,397,370,419,415,64,59,163,116,32,30,61,86,86,197,53,45
201587,Nicolas Batum,1610612757,POR,25.0,82,109.9,111.1,111.1,104.8,105.7,105.7,5.1,5.4,5.4,0.208,2.02,27.3,0.038,0.161,0.1,13.5,13.5,0.554,0.589,0.162,0.164,97.7,96.75,80.62,96.75,0.118,5962,4.6,10.0,44,34,34,263,300,300,90,87,87,94,94,53,211,135,167,354,352,58,55,297,302,133,216,216,80,109,110
201593,Nikola Pekovic,1610612750,MIN,28.0,54,108.4,110.6,110.6,102.8,102.9,102.9,5.6,7.7,7.7,0.049,0.6,5.3,0.117,0.163,0.139,8.9,8.9,0.541,0.582,0.223,0.225,100.35,99.29,82.74,99.29,0.125,3446,7.0,13.0,71,41,41,193,178,178,82,43,43,410,403,444,17,128,68,110,112,85,68,104,114,54,91,91,55,29,57
202696,Nikola Vučević,1610612753,ORL,23.0,57,100.4,101.6,101.6,105.5,106.7,106.7,-5.1,-5.1,-5.1,0.098,0.93,10.7,0.101,0.248,0.174,11.5,11.5,0.507,0.536,0.214,0.216,96.19,95.11,79.26,95.11,0.134,3595,6.2,12.2,331,303,303,296,330,330,335,335,335,237,333,319,47,18,13,271,272,181,200,130,137,235,311,311,35,46,70
202708,Norris Cole,1610612748,MIA,25.0,82,107.0,106.3,106.3,102.9,103.4,103.4,4.2,2.9,2.9,0.187,1.95,27.4,0.01,0.077,0.045,14.0,14.0,0.474,0.497,0.153,0.157,92.27,92.39,76.99,92.39,0.062,3872,2.5,6.1,100,117,117,195,203,203,113,143,143,105,108,52,425,404,408,376,375,298,340,330,329,448,439,439,368,241,228
201564,O.J. Mayo,1610612749,MIL,26.0,52,94.6,95.3,95.3,108.4,108.2,108.2,-13.8,-12.9,-12.9,0.152,1.19,14.2,0.017,0.076,0.046,12.0,11.9,0.484,0.516,0.225,0.229,95.02,94.78,78.98,94.78,0.074,2651,4.3,10.6,440,427,427,402,394,394,451,445,445,145,254,222,354,411,397,295,292,259,272,97,101,303,328,328,296,122,99
203136,Ognjen Kuzmic,1610612744,GSW,24.0,21,86.8,85.0,85.0,114.1,114.6,114.6,-27.3,-29.7,-29.7,0.034,0.2,6.7,0.088,0.121,0.103,33.3,33.5,0.385,0.42,0.12,0.126,105.79,106.68,88.9,106.68,-0.01,206,0.2,0.6,469,469,469,465,467,467,475,474,474,443,455,423,85,228,159,478,479,436,440,426,421,7,9,9,472,465,472
201600,Omer Asik,1610612745,HOU,27.0,48,105.5,105.0,105.0,102.1,102.0,102.0,3.4,3.1,3.1,0.039,0.42,7.5,0.104,0.263,0.187,17.7,17.9,0.532,0.57,0.134,0.136,100.23,100.5,83.75,100.5,0.109,2025,2.1,4.0,146,162,162,160,148,148,133,137,137,429,432,405,35,9,7,444,445,108,98,398,398,56,55,55,107,277,314
201956,Omri Casspi,1610612745,HOU,26.0,71,107.1,106.3,106.3,101.0,100.9,100.9,6.2,5.3,5.3,0.105,1.22,14.0,0.043,0.144,0.096,11.5,11.5,0.496,0.528,0.177,0.181,100.0,100.43,83.69,100.43,0.095,2686,2.4,5.8,99,119,119,115,109,109,71,91,91,214,245,230,191,178,174,270,274,221,229,239,242,60,58,58,175,254,240
203111,Orlando Johnson,1610612758,SAC,25.0,45,92.0,91.7,91.7,96.7,96.2,96.2,-4.7,-4.5,-4.5,0.087,1.33,12.6,0.022,0.113,0.067,9.4,9.4,0.358,0.402,0.154,0.161,94.31,94.68,78.9,94.68,0.051,781,0.8,2.5,456,452,452,33,33,33,315,316,316,277,218,265,310,251,266,138,137,454,449,324,320,354,334,334,402,424,394
201785,Othyus Jeffers,1610612750,MIN,28.0,6,120.9,119.1,119.1,91.2,88.5,88.5,29.7,30.6,30.6,0.026,1.0,10.0,0.032,0.174,0.117,10.0,10.2,0.5,0.58,0.088,0.09,88.43,90.45,75.37,90.45,0.072,89,0.5,1.0,7,7,7,11,11,11,2,2,2,454,299,333,239,100,114,178,194,201,73,469,470,475,472,472,317,447,457
203490,Otto Porter Jr.,1610612764,WAS,21.0,37,95.2,94.7,94.7,100.1,96.7,96.7,-4.8,-2.0,-2.0,0.051,0.71,8.4,0.064,0.13,0.094,11.8,11.6,0.385,0.405,0.146,0.152,93.42,95.34,79.45,95.34,0.046,637,0.9,2.5,438,436,436,84,37,37,322,261,261,403,385,379,140,209,177,283,278,436,446,349,346,406,299,299,417,416,400
200782,P.J. Tucker,1610612756,PHX,29.0,81,107.6,108.3,108.3,104.7,105.9,105.9,2.9,2.4,2.4,0.08,1.38,14.9,0.064,0.146,0.105,10.7,10.8,0.491,0.54,0.139,0.14,98.87,98.04,81.7,98.04,0.088,5089,3.3,7.6,85,72,72,258,306,306,145,157,157,305,209,208,134,175,154,225,227,229,187,375,384,81,130,130,228,193,182
203143,Pablo Prigioni,1610612752,NYK,37.0,66,106.8,106.3,106.3,105.0,104.6,104.6,1.7,1.7,1.7,0.258,3.8,47.1,0.029,0.084,0.055,12.4,12.4,0.631,0.642,0.093,0.095,90.67,91.08,75.9,91.08,0.09,2429,1.3,2.9,108,114,114,270,255,255,166,169,169,59,5,5,253,369,333,313,310,12,11,466,465,471,466,466,219,362,374
201976,Patrick Beverley,1610612745,HOU,25.0,56,110.9,112.3,112.3,101.9,104.0,104.0,9.0,8.3,8.3,0.123,2.29,20.3,0.044,0.068,0.056,8.9,8.9,0.509,0.545,0.147,0.149,97.53,95.92,79.93,95.92,0.07,3500,3.6,8.6,27,20,20,150,224,224,35,36,36,180,63,120,188,435,325,109,110,172,168,348,351,142,265,265,328,164,148
202335,Patrick Patterson,1610612761,TOR,25.0,65,106.8,107.0,107.0,100.8,101.6,101.6,6.0,5.3,5.3,0.083,1.2,11.7,0.074,0.15,0.111,9.8,9.8,0.516,0.533,0.17,0.173,94.54,94.11,78.42,94.11,0.095,3008,3.5,7.5,107,102,102,111,136,136,75,88,88,291,250,289,114,167,136,165,169,149,208,258,264,341,369,369,182,178,184
201988,Patty Mills,1610612759,SAS,25.0,81,109.1,108.4,108.4,98.3,97.5,97.5,10.8,10.9,10.9,0.157,2.37,16.4,0.023,0.084,0.055,6.9,6.9,0.565,0.588,0.219,0.225,97.05,97.76,81.47,97.76,0.12,3110,3.8,8.2,55,68,68,47,45,45,17,18,18,137,59,176,295,365,332,36,36,42,59,121,116,183,144,144,72,147,161
2200,Pau Gasol,1610612747,LAL,33.0,60,101.3,102.2,102.2,110.4,110.8,110.8,-9.1,-8.6,-8.6,0.184,1.43,15.0,0.065,0.228,0.148,10.5,10.5,0.482,0.522,0.261,0.264,101.02,100.36,83.63,100.36,0.136,3933,7.1,14.8,305,279,279,445,450,450,406,403,403,108,198,204,131,29,50,209,212,263,252,33,36,43,61,61,31,25,33
202331,Paul George,1610612754,IND,24.0,80,102.7,104.5,104.5,96.3,98.0,98.0,6.4,6.5,6.5,0.177,1.26,13.7,0.023,0.157,0.093,10.9,10.8,0.49,0.555,0.278,0.282,94.94,93.3,77.75,93.3,0.157,5635,7.2,17.0,255,184,184,29,50,50,65,65,65,116,237,240,297,152,183,231,229,231,138,16,18,309,407,407,16,23,11
200794,Paul Millsap,1610612737,ATL,29.0,74,104.0,105.2,105.2,102.6,103.3,103.3,1.4,1.9,1.9,0.16,1.25,14.2,0.064,0.193,0.129,11.3,11.3,0.498,0.545,0.251,0.254,97.26,96.38,80.32,96.38,0.135,4996,6.5,14.1,203,156,156,183,200,200,175,164,164,133,238,226,138,62,96,262,262,217,169,44,45,164,239,239,34,38,41
1718,Paul Pierce,1610612751,BKN,36.0,75,103.7,104.0,104.0,101.6,102.5,102.5,2.1,1.5,1.5,0.146,1.16,15.1,0.014,0.163,0.09,13.0,13.0,0.529,0.595,0.221,0.226,93.76,93.17,77.64,93.17,0.12,4077,4.3,9.5,217,204,204,136,171,171,157,173,173,153,260,201,391,131,197,337,334,113,46,114,111,390,412,412,70,124,116
203544,Pero Antic,1610612737,ATL,31.0,50,104.8,104.9,104.9,101.0,99.9,99.9,3.8,5.0,5.0,0.1,1.05,13.2,0.061,0.168,0.114,12.6,12.6,0.514,0.545,0.178,0.182,96.68,97.08,80.9,97.08,0.077,1889,2.5,5.9,170,170,170,116,87,87,123,93,93,231,287,254,148,113,124,321,322,155,167,236,239,201,188,188,283,249,237
203103,Perry Jones III,1610612760,OKC,22.0,62,106.7,105.0,105.0,101.0,101.5,101.5,5.7,3.5,3.5,0.05,1.24,10.5,0.039,0.11,0.076,8.5,8.5,0.519,0.541,0.126,0.13,96.05,96.57,80.47,96.57,0.066,1538,1.3,2.9,111,164,164,118,128,128,81,125,125,406,241,322,207,262,239,86,87,137,181,413,413,245,228,228,345,361,372
203491,Peyton Siva,1610612765,DET,23.0,24,101.6,102.6,102.6,108.0,107.7,107.7,-6.3,-5.1,-5.1,0.258,1.89,29.3,0.008,0.058,0.031,15.5,15.6,0.377,0.425,0.162,0.165,90.63,90.29,75.24,90.29,0.033,417,0.8,2.4,292,263,263,386,373,373,366,332,332,60,117,38,438,456,454,412,413,443,438,293,298,472,474,474,442,430,404
203515,Phil Pressey,1610612738,BOS,23.0,75,101.7,102.0,102.0,102.6,102.4,102.4,-0.9,-0.4,-0.4,0.305,2.77,40.0,0.018,0.077,0.047,14.5,14.5,0.364,0.39,0.141,0.143,95.49,95.44,79.53,95.44,0.066,2241,1.0,3.4,288,289,289,184,165,165,234,220,220,33,32,9,349,399,383,390,389,450,454,367,372,274,293,293,352,393,344
203112,Quincy Acy,1610612758,SAC,23.0,63,102.3,102.1,102.1,110.0,108.2,108.2,-7.8,-6.1,-6.1,0.051,0.93,12.6,0.08,0.167,0.123,13.5,13.5,0.482,0.52,0.099,0.101,96.29,97.2,81.0,97.2,0.063,1702,1.0,2.2,270,288,288,436,395,395,387,362,362,401,330,266,99,116,106,350,351,264,261,460,461,227,174,174,366,392,412
203113,Quincy Miller,1610612743,DEN,21.0,52,103.3,103.5,103.5,107.6,107.0,107.0,-4.3,-3.5,-3.5,0.047,0.54,7.3,0.042,0.141,0.09,13.5,13.6,0.426,0.459,0.169,0.173,101.86,102.07,85.06,102.07,0.052,1677,1.8,4.9,233,228,228,367,341,341,304,291,291,414,415,410,195,185,196,353,353,411,409,262,261,22,22,22,400,306,275
202347,Quincy Pondexter,1610612763,MEM,26.0,15,95.9,95.2,95.2,113.9,115.0,115.0,-18.0,-19.8,-19.8,0.126,1.33,16.0,0.039,0.065,0.052,12.0,12.0,0.462,0.52,0.178,0.183,92.17,92.07,76.73,92.07,0.06,517,2.1,5.3,429,430,430,464,469,469,465,463,463,177,218,186,204,440,353,297,295,328,263,235,234,450,448,448,375,281,264
200765,Rajon Rondo,1610612738,BOS,28.0,30,99.4,101.4,101.4,110.2,110.6,110.6,-10.7,-9.2,-9.2,0.48,2.97,38.1,0.021,0.163,0.085,12.8,12.8,0.44,0.461,0.207,0.209,95.95,94.85,79.04,94.85,0.124,1977,4.7,11.7,355,310,310,438,444,444,426,414,414,2,24,14,320,129,220,329,328,396,404,145,151,254,325,325,61,108,83
201196,Ramon Sessions,1610612749,MIL,28.0,83,101.7,102.1,102.1,105.4,105.6,105.6,-3.7,-3.6,-3.6,0.258,2.3,23.6,0.017,0.074,0.046,10.3,10.3,0.452,0.539,0.219,0.223,95.33,95.06,79.21,95.06,0.114,4380,4.0,9.3,286,286,286,288,296,296,290,297,297,60,62,86,359,417,401,194,197,358,192,120,121,284,313,313,91,141,127
200751,Randy Foye,1610612743,DEN,30.0,81,104.0,105.4,105.4,107.3,108.0,108.0,-3.2,-2.6,-2.6,0.173,1.98,20.8,0.013,0.077,0.044,10.5,10.4,0.521,0.558,0.182,0.185,101.4,100.41,83.67,100.41,0.083,5203,4.5,10.8,202,153,153,352,380,380,282,277,277,120,102,115,393,402,413,207,205,134,128,221,227,36,59,59,257,114,96
1740,Rashard Lewis,1610612748,MIA,34.0,60,107.4,105.8,105.8,103.0,103.2,103.2,4.4,2.6,2.6,0.088,1.63,16.7,0.029,0.096,0.064,10.2,10.2,0.513,0.535,0.138,0.143,91.92,92.59,77.16,92.59,0.064,1874,1.6,3.9,90,133,133,199,190,190,107,149,149,270,170,165,251,315,275,191,190,156,203,378,374,460,432,432,358,322,317
2446,Rasual Butler,1610612754,IND,35.0,50,99.8,97.9,97.9,105.6,104.4,104.4,-5.8,-6.6,-6.6,0.075,1.55,11.7,0.016,0.09,0.053,7.6,7.6,0.582,0.585,0.151,0.157,93.2,94.61,78.84,94.61,0.079,748,1.0,2.2,349,395,395,297,246,246,348,370,370,319,180,290,369,335,346,50,52,30,63,334,330,415,336,336,278,396,416
951,Ray Allen,1610612748,MIA,38.0,73,108.6,108.4,108.4,104.1,104.8,104.8,4.5,3.7,3.7,0.117,1.7,17.7,0.014,0.102,0.059,10.4,10.2,0.549,0.59,0.162,0.168,92.32,92.12,76.77,92.12,0.091,3727,3.3,7.4,64,66,66,234,266,266,106,118,118,195,150,147,389,287,307,199,191,65,53,299,290,445,444,444,205,189,187
203492,Ray McCallum,1610612758,SAC,23.0,45,102.7,103.8,103.8,108.6,108.6,108.6,-5.9,-4.8,-4.8,0.216,3.08,25.2,0.02,0.071,0.045,8.2,8.2,0.413,0.439,0.176,0.179,94.67,94.16,78.47,94.16,0.063,1754,2.5,6.7,251,210,210,407,404,404,353,323,323,90,13,72,331,423,411,73,73,426,428,244,248,328,366,366,361,242,206
101109,Raymond Felton,1610612752,NYK,30.0,65,106.6,108.1,108.1,106.9,107.8,107.8,-0.3,0.3,0.3,0.275,2.83,31.5,0.027,0.076,0.051,11.1,11.2,0.446,0.476,0.181,0.182,92.64,91.61,76.34,91.61,0.082,3856,3.7,9.4,112,79,79,338,377,377,217,206,206,46,30,28,264,410,360,253,255,380,381,225,238,433,456,456,264,155,121
203493,Reggie Bullock Jr.,1610612746,LAC,23.0,43,97.0,96.0,96.0,97.8,97.5,97.5,-0.8,-1.5,-1.5,0.049,0.92,8.0,0.026,0.095,0.062,8.7,8.7,0.446,0.46,0.149,0.154,99.67,100.35,83.63,100.35,0.055,825,1.0,2.8,411,418,418,44,44,44,231,251,251,408,335,396,276,321,289,93,94,378,405,343,339,65,62,62,386,397,381
2501,Reggie Evans,1610612758,SAC,34.0,54,100.0,101.6,101.6,107.0,107.5,107.5,-7.0,-5.8,-5.8,0.037,0.36,7.2,0.125,0.26,0.19,19.9,20.3,0.473,0.516,0.132,0.131,94.84,93.89,78.24,93.89,0.082,1760,1.3,2.8,343,301,301,340,360,360,373,355,355,436,441,412,7,11,5,459,462,302,271,403,411,316,379,379,262,365,383
202704,Reggie Jackson,1610612760,OKC,24.0,80,108.6,109.0,109.0,100.5,101.6,101.6,8.0,7.4,7.4,0.231,1.97,22.2,0.02,0.113,0.068,11.2,11.3,0.485,0.527,0.223,0.227,97.37,96.67,80.55,96.67,0.115,4591,5.0,11.5,65,60,60,98,134,134,44,47,47,76,104,101,334,250,261,257,260,254,233,105,107,154,221,221,90,95,85
202130,Reggie Williams,1610612760,OKC,27.0,3,96.5,88.2,88.2,102.0,106.1,106.1,-5.5,-17.8,-17.8,0.143,0.5,8.3,0.0,0.0,0.0,16.7,16.7,0.611,0.611,0.289,0.314,94.08,96.38,80.32,96.38,0.105,34,1.7,3.0,422,464,464,156,314,314,339,459,459,156,421,383,449,467,459,428,430,16,21,11,6,369,238,238,120,316,367
2210,Richard Jefferson,1610612762,UTA,34.0,82,100.3,101.0,101.0,110.4,110.9,110.9,-10.1,-9.9,-9.9,0.098,1.38,13.7,0.008,0.097,0.052,9.9,9.9,0.544,0.573,0.17,0.173,93.22,92.68,77.23,92.68,0.073,4276,3.6,8.0,334,315,315,444,452,452,423,423,423,238,208,241,437,313,356,175,174,77,92,260,267,414,430,430,305,160,169
203495,Ricky Ledo,1610612742,DAL,21.0,11,114.1,107.2,107.2,101.0,91.5,91.5,13.1,15.7,15.7,0.1,1.0,8.7,0.0,0.056,0.031,8.7,8.8,0.441,0.506,0.276,0.293,93.45,101.27,84.39,101.27,0.074,69,0.5,1.5,13,93,93,119,16,16,9,9,9,232,299,373,449,462,453,95,102,389,301,17,12,403,40,40,298,444,446
201937,Ricky Rubio,1610612750,MIN,23.0,82,109.2,111.0,111.0,103.9,104.4,104.4,5.3,6.6,6.6,0.362,3.19,40.8,0.022,0.11,0.065,12.8,12.9,0.413,0.491,0.161,0.162,101.46,100.34,83.62,100.34,0.105,5522,3.1,8.2,54,36,36,227,247,247,86,64,64,12,10,8,305,261,273,328,331,425,350,306,317,32,63,63,121,205,163
203133,Robbie Hummel,1610612750,MIN,25.0,53,103.7,104.4,104.4,102.6,101.9,101.9,1.1,2.5,2.5,0.052,2.3,10.6,0.049,0.152,0.098,4.6,4.6,0.469,0.492,0.123,0.126,98.4,98.36,81.97,98.36,0.072,1344,1.3,3.3,219,186,186,182,145,145,186,155,155,399,61,320,171,166,171,15,15,314,348,419,420,101,114,114,320,367,347
203496,Robert Covington,1610612745,HOU,23.0,7,118.2,114.5,114.5,91.1,87.3,87.3,27.1,27.2,27.2,0.0,0.0,0.0,0.0,0.075,0.0,6.7,6.7,0.571,0.571,0.192,0.203,95.69,99.32,82.77,99.32,0.078,69,0.9,2.0,8,11,11,10,7,7,4,4,4,466,462,466,449,413,459,33,33,37,97,187,164,263,89,89,280,419,422
203135,Robert Sacre,1610612747,LAL,25.0,65,101.6,101.5,101.5,107.3,107.1,107.1,-5.7,-5.6,-5.6,0.072,1.16,11.6,0.073,0.153,0.113,10.0,10.1,0.477,0.513,0.154,0.155,101.5,101.68,84.74,101.68,0.07,2295,2.2,4.6,295,306,306,356,344,344,347,349,349,325,262,292,115,163,128,184,184,285,282,326,334,30,31,31,329,271,285
201577,Robin Lopez,1610612757,POR,26.0,82,109.5,110.6,110.6,103.8,104.6,104.6,5.8,6.0,6.0,0.041,0.87,8.0,0.122,0.138,0.13,9.2,9.3,0.551,0.605,0.139,0.141,96.95,96.08,80.07,96.08,0.102,5212,4.3,7.9,51,40,40,225,254,254,79,73,73,425,348,395,10,193,93,129,132,60,27,373,383,187,254,254,133,118,173
201155,Rodney Stuckey,1610612765,DET,28.0,73,103.8,105.1,105.1,108.7,109.5,109.5,-4.9,-4.4,-4.4,0.129,1.22,12.2,0.019,0.067,0.042,10.0,9.9,0.45,0.516,0.24,0.246,97.05,96.07,80.06,96.07,0.087,3907,5.1,11.7,213,159,159,411,427,427,323,311,311,171,249,276,342,437,428,186,176,365,276,64,58,182,255,255,238,91,82
2427,Roger Mason Jr.,1610612748,MIA,33.0,25,110.7,107.6,107.6,109.5,107.6,107.6,1.2,0.1,0.1,0.105,2.11,19.6,0.004,0.086,0.046,9.3,9.2,0.5,0.528,0.137,0.145,92.73,94.9,79.08,94.9,0.046,512,1.0,2.7,30,87,87,427,367,367,182,212,212,212,76,131,446,357,395,132,129,201,230,382,364,430,319,319,415,397,387
200758,Ronnie Brewer,1610612741,CHI,29.0,24,102.9,97.3,97.3,112.6,112.6,112.6,-9.7,-15.3,-15.3,0.085,5.0,35.7,0.013,0.07,0.043,7.1,7.2,0.233,0.22,0.05,0.053,97.13,99.87,83.23,99.87,0.027,334,0.1,0.6,243,403,403,460,464,464,418,450,450,284,1,17,396,427,422,39,39,467,472,478,478,175,76,76,452,470,471
101179,Ronnie Price,1610612753,ORL,31.0,31,96.9,96.5,96.5,99.6,99.3,99.3,-2.8,-2.8,-2.8,0.263,2.54,34.7,0.021,0.098,0.058,13.7,13.7,0.353,0.379,0.15,0.153,94.05,94.37,78.64,94.37,0.053,741,0.9,3.0,415,410,410,75,74,74,275,281,281,54,46,18,316,308,311,361,360,456,456,336,340,373,349,349,395,414,371
101142,Ronny Turiaf,1610612750,MIN,31.0,31,101.9,102.0,102.0,103.0,103.0,103.0,-1.2,-1.0,-1.0,0.06,1.0,13.6,0.087,0.193,0.139,13.6,13.6,0.598,0.578,0.11,0.112,97.37,97.32,81.1,97.32,0.089,1223,2.1,3.5,281,292,292,198,183,183,242,240,240,366,299,249,89,61,66,355,355,24,80,449,453,155,168,168,224,283,340
201579,Roy Hibbert,1610612754,IND,27.0,81,103.4,105.2,105.2,95.9,97.5,97.5,7.5,7.8,7.8,0.06,0.61,8.2,0.09,0.13,0.111,13.3,13.3,0.44,0.499,0.193,0.195,94.07,92.51,77.1,92.51,0.08,4642,4.1,9.3,228,158,158,26,43,43,50,42,42,368,397,386,79,212,135,347,345,395,329,182,194,370,435,435,270,134,124
2767,Royal Ivey,1610612760,OKC,32.0,2,106.4,75.0,75.0,126.9,125.0,125.0,-20.5,-50.0,-50.0,0.0,0.0,0.0,0.0,0.0,0.0,0.0,0.0,0.0,0.0,0.167,0.207,67.6,80.0,66.67,80.0,-0.308,8,0.0,1.0,114,476,476,476,477,477,469,481,481,466,462,466,449,467,459,1,1,473,475,275,153,482,482,482,480,473,457
203091,Royce White,1610612758,SAC,23.0,3,97.3,84.2,84.2,134.8,115.8,115.8,-37.5,-31.6,-31.6,0.0,0.0,0.0,0.0,0.0,0.0,0.0,0.0,0.0,0.0,0.053,0.061,88.28,102.4,85.33,102.4,-0.074,19,0.0,0.3,407,470,470,478,471,471,479,476,476,466,462,466,449,467,459,1,1,473,475,477,476,476,19,19,477,473,479
200752,Rudy Gay,1610612758,SAC,27.0,73,104.1,105.7,105.7,106.0,106.8,106.8,-2.0,-1.1,-1.1,0.146,0.93,11.7,0.045,0.133,0.089,12.6,12.6,0.483,0.54,0.271,0.274,96.36,95.23,79.36,95.23,0.124,5015,7.4,16.2,200,136,136,305,335,335,261,241,241,151,331,291,183,204,202,322,318,261,189,22,24,224,306,306,60,21,18
203497,Rudy Gobert,1610612762,UTA,22.0,45,95.3,94.7,94.7,98.8,96.7,96.7,-3.5,-2.0,-2.0,0.026,0.22,4.9,0.114,0.226,0.171,22.4,22.6,0.486,0.507,0.134,0.137,95.08,96.4,80.33,96.4,0.09,867,0.8,1.6,436,435,435,56,38,38,288,260,260,455,454,448,19,30,16,470,470,248,300,396,397,296,236,236,215,424,439
201566,Russell Westbrook,1610612760,OKC,25.0,46,110.8,112.1,112.1,102.5,104.6,104.6,8.3,7.5,7.5,0.38,1.8,22.5,0.041,0.136,0.092,12.5,12.5,0.48,0.545,0.33,0.333,101.31,99.71,83.09,99.71,0.161,2933,7.5,17.2,28,22,22,179,257,257,41,45,45,8,134,99,200,197,189,314,314,268,170,1,1,39,81,81,14,16,10
201583,Ryan Anderson,1610612740,NOP,26.0,22,110.8,112.3,112.3,109.1,110.3,110.3,1.7,2.0,2.0,0.032,0.85,4.1,0.081,0.098,0.089,4.8,4.8,0.532,0.572,0.216,0.22,96.05,94.85,79.04,94.85,0.101,1570,7.0,16.1,29,19,19,418,442,442,167,163,163,447,354,456,95,304,198,17,17,106,95,127,127,246,324,324,137,27,19
101155,Ryan Gomes,1610612760,OKC,31.0,5,86.4,83.6,83.6,76.6,77.1,77.1,9.8,6.4,6.4,0.048,1.0,10.0,0.0,0.114,0.058,10.0,10.0,0.375,0.375,0.11,0.115,98.89,100.2,83.5,100.2,0.0,73,0.6,1.6,472,471,471,2,2,2,22,66,66,411,299,333,449,247,314,178,180,445,457,450,447,80,65,65,465,440,443
200797,Ryan Hollins,1610612746,LAC,29.0,61,105.0,101.0,101.0,98.7,97.2,97.2,6.3,3.8,3.8,0.026,0.28,6.0,0.068,0.108,0.09,21.8,21.7,0.736,0.73,0.113,0.12,98.61,101.32,84.43,101.32,0.06,1002,0.9,1.2,162,316,316,53,40,40,67,114,114,453,451,434,124,270,195,466,466,4,3,444,436,93,39,39,376,418,454
203527,Ryan Kelly,1610612747,LAL,23.0,59,105.6,105.8,105.8,108.9,108.3,108.3,-3.3,-2.5,-2.5,0.104,2.02,16.7,0.032,0.129,0.081,8.3,8.2,0.488,0.548,0.155,0.159,101.86,102.07,85.05,102.07,0.072,2782,2.7,6.3,141,132,132,413,397,397,284,273,273,219,93,164,243,213,227,77,77,241,159,322,326,21,23,23,314,234,218
2223,Samuel Dalembert,1610612742,DAL,34.0,80,106.2,105.5,105.5,104.4,104.6,104.6,1.8,0.8,0.8,0.035,0.42,6.7,0.133,0.218,0.176,15.8,15.9,0.568,0.605,0.148,0.149,95.28,95.48,79.57,95.48,0.101,3207,2.7,4.7,117,147,147,241,261,261,165,193,193,440,433,422,5,36,10,418,419,40,28,347,350,285,291,291,139,233,281
2756,Sasha Vujacic,1610612746,LAC,30.0,2,77.3,73.9,73.9,119.8,116.0,116.0,-42.6,-42.1,-42.1,0.0,0.0,0.0,0.0,0.214,0.0,37.5,37.5,0.5,0.5,0.296,0.32,106.75,110.91,92.43,110.91,0.045,23,1.0,2.5,478,477,477,473,472,472,481,480,480,466,462,466,449,41,459,482,482,201,324,6,5,6,4,4,420,397,396
203816,Scotty Hopson,1610612739,CLE,24.0,2,79.3,73.3,73.3,92.4,106.3,106.3,-13.1,-32.9,-32.9,0.2,0.0,16.7,0.0,0.0,0.0,0.0,0.0,0.0,0.102,0.294,0.307,114.49,109.95,91.63,109.95,-0.095,15,0.0,2.0,476,479,479,12,321,321,447,477,477,100,462,165,449,467,459,1,1,473,474,8,8,3,5,5,478,473,422
201586,Serge Ibaka,1610612760,OKC,24.0,81,108.4,109.8,109.8,101.0,102.5,102.5,7.4,7.3,7.3,0.051,0.69,6.7,0.09,0.171,0.133,9.6,9.7,0.548,0.576,0.195,0.196,98.65,97.29,81.07,97.29,0.124,5407,6.5,12.1,70,52,52,121,170,170,51,49,49,402,391,423,78,108,82,152,157,68,85,175,187,90,169,169,59,40,74
203508,Sergey Karasev,1610612739,CLE,20.0,22,89.7,88.9,88.9,105.3,103.1,103.1,-15.6,-14.2,-14.2,0.059,0.55,10.5,0.0,0.106,0.051,19.3,19.5,0.4,0.47,0.142,0.144,98.44,99.96,83.3,99.96,0.01,323,0.5,1.6,463,463,463,282,185,185,459,448,448,371,413,322,449,278,361,454,457,431,391,363,368,99,72,72,461,444,444
203552,Seth Curry,1610612739,CLE,23.0,2,80.6,88.9,88.9,85.6,88.5,88.5,-4.9,0.4,0.4,0.0,0.0,0.0,0.0,0.0,0.0,0.0,0.0,0.5,0.5,0.103,0.101,105.24,98.48,82.06,98.48,0.086,27,0.5,1.5,475,462,462,4,9,9,326,202,202,466,462,466,449,467,459,1,1,201,324,455,462,8,110,110,240,447,448
203498,Shabazz Muhammad,1610612750,MIN,21.0,37,98.2,97.6,97.6,112.1,110.7,110.7,-13.9,-13.0,-13.0,0.038,0.38,3.7,0.075,0.094,0.084,9.9,9.8,0.472,0.505,0.222,0.232,96.92,97.84,81.53,97.84,0.08,592,1.5,3.4,389,397,397,458,447,447,453,446,446,433,439,460,111,325,221,173,166,306,310,112,90,191,140,140,273,333,346
2203,Shane Battier,1610612748,MIA,35.0,73,109.8,110.4,110.4,101.4,103.1,103.1,8.5,7.2,7.2,0.057,3.0,17.1,0.027,0.076,0.053,5.7,5.7,0.515,0.523,0.098,0.099,94.56,93.53,77.94,93.53,0.043,2854,1.4,3.8,46,46,46,132,189,189,38,50,50,384,19,159,265,412,349,22,22,152,251,461,463,337,393,393,424,347,326
202197,Shane Edwards,1610612739,CLE,27.0,2,82.4,78.3,78.3,110.0,104.0,104.0,-27.6,-25.7,-25.7,0.0,0.0,0.0,0.0,0.0,0.0,25.0,25.0,0.333,0.333,0.154,0.161,92.76,97.9,81.59,97.9,-0.02,23,0.5,1.5,474,475,475,434,223,223,476,473,473,466,462,466,449,467,459,473,474,459,461,325,321,428,139,139,476,447,448
203499,Shane Larkin,1610612742,DAL,21.0,48,106.2,103.6,103.6,100.8,97.4,97.4,5.4,6.2,6.2,0.208,1.82,27.6,0.023,0.069,0.045,15.2,15.1,0.423,0.446,0.166,0.173,94.78,97.63,81.36,97.63,0.053,996,1.1,2.9,118,221,221,112,41,41,85,69,69,95,131,50,303,429,406,404,402,418,420,284,262,320,151,151,397,389,377
200769,Shannon Brown,1610612752,NYK,28.0,29,99.2,95.3,95.3,107.1,105.6,105.6,-7.9,-10.3,-10.3,0.059,0.5,8.8,0.029,0.084,0.057,17.6,17.6,0.364,0.419,0.162,0.17,97.32,99.9,83.25,99.9,0.024,514,0.8,2.3,366,426,426,344,297,297,389,426,426,374,421,369,256,370,322,443,443,450,441,295,278,159,75,75,455,421,410
2733,Shaun Livingston,1610612751,BKN,28.0,76,105.5,105.7,105.7,103.2,104.1,104.1,2.3,1.6,1.6,0.201,2.33,26.5,0.038,0.097,0.068,11.4,11.4,0.484,0.551,0.161,0.163,92.31,91.86,76.55,91.86,0.099,3779,3.1,6.4,144,139,139,206,226,226,150,172,172,99,60,62,213,311,263,266,268,260,152,307,310,447,451,451,151,207,216
101183,Shavlik Randolph,1610612756,PHX,30.0,14,111.6,110.5,110.5,90.4,89.4,89.4,21.2,21.2,21.2,0.014,0.2,4.0,0.08,0.178,0.133,20.0,20.1,0.5,0.531,0.109,0.112,94.55,95.55,79.62,95.55,0.055,190,0.5,1.0,20,43,43,8,13,13,6,5,5,462,455,458,97,88,86,460,460,201,223,451,454,340,288,288,387,447,457
1890,Shawn Marion,1610612742,DAL,36.0,76,107.5,106.8,106.8,107.5,109.2,109.2,0.0,-2.4,-2.4,0.076,1.31,12.9,0.058,0.153,0.107,9.9,9.9,0.523,0.537,0.155,0.158,96.11,95.66,79.72,95.66,0.093,4792,4.5,9.3,88,104,104,363,425,425,213,272,272,312,225,259,156,164,151,174,177,129,198,321,327,240,276,276,189,112,123
200761,Shawne Williams,1610612747,LAL,28.0,36,102.5,102.7,102.7,100.9,100.3,100.3,1.6,2.4,2.4,0.058,1.43,11.9,0.032,0.172,0.104,8.3,8.3,0.49,0.503,0.13,0.132,98.63,98.84,82.37,98.84,0.066,1540,2.0,5.3,262,261,261,114,94,94,171,156,156,383,197,283,242,106,157,78,80,238,315,407,409,92,101,101,349,286,261
202714,Shelvin Mack,1610612737,ATL,24.0,73,104.0,103.7,103.7,105.4,105.2,105.2,-1.5,-1.5,-1.5,0.288,3.04,30.3,0.015,0.096,0.055,10.0,10.0,0.479,0.51,0.187,0.191,96.42,96.63,80.53,96.63,0.096,2998,2.9,6.9,206,214,214,291,281,281,252,250,250,41,14,32,384,316,329,176,179,274,288,204,209,221,224,224,167,218,201
203524,Solomon Hill,1610612754,IND,23.0,28,102.8,103.0,103.0,100.7,100.2,100.2,2.1,2.8,2.8,0.078,0.92,17.6,0.039,0.137,0.088,19.1,19.1,0.513,0.545,0.111,0.114,92.63,92.77,77.31,92.77,0.066,436,0.6,1.4,248,244,244,102,91,91,158,144,144,308,335,148,206,195,206,453,453,158,165,448,448,434,424,424,350,439,450
200780,Solomon Jones,1610612753,ORL,29.0,11,94.0,90.2,90.2,105.4,106.4,106.4,-11.4,-16.2,-16.2,0.039,1.0,8.7,0.092,0.101,0.096,8.7,8.8,0.353,0.373,0.106,0.112,95.69,97.18,80.99,97.18,0.016,174,0.5,1.5,444,458,458,290,328,328,433,454,454,430,299,373,75,293,173,95,102,457,458,453,455,264,177,177,459,444,446
201150,Spencer Hawes,1610612739,CLE,26.0,80,99.4,100.6,100.6,108.6,110.2,110.2,-9.2,-9.6,-9.6,0.152,1.39,17.6,0.051,0.203,0.128,12.7,12.7,0.529,0.554,0.194,0.196,100.47,99.2,82.67,99.2,0.111,5107,5.0,11.0,354,325,325,409,439,439,407,419,419,144,205,151,168,52,98,325,325,117,139,177,188,51,93,93,104,95,93
201939,Stephen Curry,1610612744,GSW,26.0,78,109.7,110.6,110.6,100.3,101.0,101.0,9.4,9.6,9.6,0.372,2.27,26.9,0.016,0.097,0.058,11.9,11.8,0.566,0.61,0.275,0.281,98.86,98.15,81.79,98.15,0.164,5826,8.4,17.7,47,42,42,89,112,112,29,27,27,9,68,59,363,310,312,287,284,41,23,18,19,82,123,123,9,8,7
1536,Stephen Jackson,1610612746,LAC,36.0,9,104.5,103.7,103.7,93.2,91.8,91.8,11.3,11.9,11.9,0.071,0.83,12.8,0.02,0.087,0.053,15.4,15.5,0.25,0.27,0.14,0.142,97.08,98.22,81.85,98.22,-0.011,218,0.7,2.9,182,218,218,15,17,17,14,14,14,328,357,261,323,352,350,406,409,465,467,368,376,178,120,120,473,437,375
2581,Steve Blake,1610612744,GSW,34.0,55,99.3,99.2,99.2,104.2,104.4,104.4,-4.9,-5.2,-5.2,0.303,3.01,39.3,0.008,0.092,0.051,13.1,13.1,0.489,0.508,0.138,0.14,99.08,99.06,82.55,99.06,0.088,3086,2.4,6.4,362,359,359,237,242,242,325,338,338,34,18,11,436,329,362,338,338,240,291,380,386,76,95,95,229,256,215
959,Steve Nash,1610612747,LAL,40.0,15,98.4,99.1,99.1,107.7,108.2,108.2,-9.3,-9.1,-9.1,0.428,2.77,38.7,0.012,0.076,0.043,14.0,14.0,0.426,0.488,0.184,0.186,103.64,103.03,85.86,103.03,0.09,669,2.4,6.3,385,362,362,370,392,392,411,412,412,5,31,12,410,405,424,373,373,413,361,213,226,10,17,17,218,258,221
200779,Steve Novak,1610612761,TOR,31.0,54,106.3,105.4,105.4,105.6,103.2,103.2,0.7,2.2,2.2,0.038,2.6,7.9,0.014,0.098,0.054,3.0,3.0,0.589,0.599,0.12,0.125,95.17,96.64,80.54,96.64,0.071,1112,1.1,2.7,116,150,150,298,194,194,198,158,158,432,41,399,387,306,340,14,14,27,40,427,422,290,223,223,326,385,385
203500,Steven Adams,1610612760,OKC,20.0,81,107.0,106.3,106.3,103.2,103.7,103.7,3.8,2.6,2.6,0.05,0.61,11.9,0.123,0.157,0.14,19.7,19.8,0.503,0.541,0.114,0.116,96.99,97.06,80.88,97.06,0.052,2418,1.1,2.3,103,115,115,203,212,212,122,148,148,404,399,282,9,150,64,458,459,195,182,442,444,186,191,191,398,381,409
201959,Taj Gibson,1610612741,CHI,29.0,82,101.0,101.7,101.7,97.4,98.1,98.1,3.6,3.6,3.6,0.075,0.61,7.2,0.088,0.147,0.118,11.9,11.9,0.479,0.524,0.227,0.232,92.01,91.32,76.1,91.32,0.117,4462,5.2,10.9,317,297,297,38,54,54,128,121,121,316,398,413,86,174,110,290,290,275,241,96,94,455,463,463,84,86,95
2419,Tayshaun Prince,1610612763,MEM,34.0,76,101.7,103.2,103.2,101.0,101.8,101.8,0.7,1.5,1.5,0.09,2.9,17.5,0.017,0.11,0.063,6.0,6.0,0.427,0.438,0.134,0.136,90.98,89.95,74.95,89.95,0.065,3647,2.6,6.5,287,238,238,117,139,139,196,175,175,260,26,154,357,263,282,27,27,410,429,395,399,467,475,475,356,238,213
203093,Terrence Jones,1610612745,HOU,22.0,76,109.9,109.9,109.9,105.8,107.3,107.3,4.1,2.6,2.6,0.067,1.23,9.1,0.082,0.167,0.127,7.5,7.4,0.564,0.577,0.181,0.185,97.77,97.09,80.91,97.09,0.122,4209,5.1,9.4,42,51,51,299,355,355,116,147,147,340,244,359,93,115,100,46,46,45,81,224,229,132,187,187,66,92,120
203082,Terrence Ross,1610612761,TOR,23.0,81,107.5,108.2,108.2,103.5,105.2,105.2,4.0,3.0,3.0,0.06,0.9,8.2,0.02,0.099,0.06,9.1,9.2,0.531,0.553,0.183,0.186,95.0,93.91,78.26,93.91,0.075,4225,3.9,9.3,86,76,76,216,282,282,119,142,142,367,340,385,324,302,302,127,128,111,145,217,222,304,378,378,289,143,126
200757,Thabo Sefolosha,1610612760,OKC,30.0,61,105.8,105.7,105.7,101.0,101.9,101.9,4.8,3.9,3.9,0.082,1.71,18.1,0.034,0.102,0.07,10.6,10.6,0.485,0.517,0.117,0.119,97.97,97.62,81.35,97.62,0.069,3219,2.3,5.6,134,138,138,122,141,141,97,113,113,294,149,143,230,290,254,215,216,253,269,435,437,116,155,155,331,263,253
201152,Thaddeus Young,1610612755,PHI,26.0,79,97.4,99.2,99.2,109.0,110.1,110.1,-11.6,-10.9,-10.9,0.114,1.1,10.5,0.056,0.115,0.084,9.5,9.5,0.489,0.512,0.239,0.241,101.84,100.39,83.65,100.39,0.101,5669,7.4,16.2,406,358,358,415,438,438,438,430,430,202,274,322,158,245,222,147,148,239,284,67,69,23,60,60,138,20,17
203080,Thomas Robinson,1610612757,POR,23.0,70,104.2,104.0,104.0,108.9,109.0,109.0,-4.8,-4.9,-4.9,0.061,0.6,7.9,0.113,0.229,0.17,13.3,13.3,0.481,0.502,0.191,0.197,96.92,96.96,80.8,96.96,0.092,1763,2.0,4.2,197,205,205,414,419,419,318,325,325,359,402,398,24,28,19,345,344,267,317,190,184,190,197,197,194,288,302
201168,Tiago Splitter,1610612759,SAS,29.0,59,105.0,104.8,104.8,94.5,94.8,94.8,10.5,10.0,10.0,0.103,1.2,15.3,0.097,0.176,0.138,12.8,12.8,0.523,0.572,0.171,0.174,97.66,97.63,81.36,97.63,0.111,2589,3.1,5.9,161,174,174,21,28,28,20,22,22,222,250,195,62,94,72,327,327,127,94,253,259,136,152,152,100,210,238
1495,Tim Duncan,1610612759,SAS,38.0,74,107.4,108.2,108.2,100.7,101.5,101.5,6.7,6.7,6.7,0.159,1.38,15.4,0.079,0.255,0.171,11.2,11.2,0.49,0.535,0.251,0.254,96.41,95.66,79.72,95.66,0.154,4306,6.0,12.2,91,73,73,103,129,129,62,60,60,135,207,194,101,13,15,254,256,235,202,43,46,222,277,277,20,55,69
203501,Tim Hardaway Jr.,1610612752,NYK,22.0,81,103.3,103.0,103.0,109.3,109.0,109.0,-5.9,-6.0,-6.0,0.059,1.4,7.8,0.01,0.058,0.033,5.5,5.5,0.523,0.554,0.187,0.192,94.25,94.48,78.73,94.48,0.073,3716,3.6,8.5,231,243,243,422,421,421,354,358,358,371,204,401,424,457,451,20,21,130,140,202,203,360,343,343,309,158,152
202389,Timofey Mozgov,1610612743,DEN,27.0,82,104.5,105.5,105.5,103.5,104.5,104.5,0.9,1.0,1.0,0.055,0.51,7.3,0.094,0.187,0.141,14.4,14.5,0.527,0.584,0.186,0.188,100.75,99.78,83.15,99.78,0.11,3673,3.5,6.6,183,145,145,215,252,252,192,188,188,391,420,411,72,72,61,388,388,121,66,208,216,47,80,80,105,175,207
202699,Tobias Harris,1610612753,ORL,21.0,61,100.2,101.4,101.4,106.8,107.7,107.7,-6.6,-6.3,-6.3,0.077,1.05,8.4,0.047,0.187,0.115,8.0,7.9,0.486,0.542,0.218,0.222,95.45,94.49,78.74,94.49,0.116,3640,5.4,11.7,335,308,308,328,370,370,370,365,365,311,289,382,176,73,119,62,64,251,176,123,124,278,342,342,86,75,79
201962,Toney Douglas,1610612748,MIA,28.0,51,103.2,102.0,102.0,102.4,102.3,102.3,0.8,-0.3,-0.3,0.157,2.0,22.1,0.028,0.109,0.068,11.1,11.1,0.466,0.493,0.161,0.166,93.59,94.23,78.52,94.23,0.057,1320,1.4,3.7,235,291,291,176,161,161,195,218,218,138,95,102,261,266,260,247,249,320,346,303,295,398,360,360,383,348,330
2754,Tony Allen,1610612763,MEM,32.0,55,104.8,105.9,105.9,101.1,101.2,101.2,3.7,4.7,4.7,0.115,1.04,14.5,0.064,0.108,0.086,13.9,13.8,0.507,0.531,0.194,0.199,93.03,92.47,77.06,92.47,0.092,2450,3.7,7.5,168,129,129,123,119,119,125,97,97,200,292,216,137,267,214,370,368,180,221,178,178,421,436,436,195,154,185
203502,Tony Mitchell,1610612765,DET,22.0,21,102.2,99.4,99.4,98.9,93.1,93.1,3.3,6.2,6.2,0.04,0.5,7.4,0.156,0.167,0.16,14.8,15.2,0.458,0.54,0.129,0.132,92.58,96.75,80.63,96.75,0.098,159,0.2,0.6,271,351,351,59,21,21,135,68,68,427,421,409,3,118,28,397,404,338,185,409,406,437,214,214,155,465,473
203183,Tony Mitchell,1610612749,MIL,24.0,3,124.7,122.2,122.2,121.7,111.1,111.1,3.1,11.1,11.1,0.2,0.0,16.7,0.0,0.0,0.0,0.0,0.0,0.6,0.6,0.238,0.242,83.89,88.62,73.85,88.62,0.163,18,1.0,1.7,6,6,6,474,453,453,141,17,17,100,462,165,449,467,459,1,1,21,37,69,68,479,477,477,10,397,437
2225,Tony Parker,1610612759,SAS,32.0,68,107.5,108.2,108.2,100.8,101.3,101.3,6.7,6.8,6.8,0.31,2.57,24.9,0.009,0.068,0.04,9.7,9.7,0.513,0.555,0.263,0.266,96.84,96.29,80.24,96.29,0.129,4006,6.7,13.4,87,78,78,108,123,123,60,57,57,31,42,76,433,434,440,158,159,157,134,31,35,195,246,246,47,34,51
203503,Tony Snell,1610612741,CHI,22.0,77,95.7,95.7,95.7,99.9,100.4,100.4,-4.2,-4.7,-4.7,0.095,1.55,14.6,0.015,0.085,0.05,9.5,9.4,0.469,0.489,0.146,0.151,92.56,92.3,76.92,92.3,0.058,2363,1.7,4.4,431,419,419,79,96,96,302,319,319,246,180,214,373,361,363,141,141,315,359,351,348,438,441,441,380,315,297
203100,Tony Wroten,1610612755,PHI,21.0,72,95.7,96.6,96.6,107.8,108.2,108.2,-12.1,-11.6,-11.6,0.21,1.06,15.8,0.036,0.087,0.061,14.9,14.9,0.452,0.493,0.271,0.275,102.1,101.5,84.58,101.5,0.083,3729,4.8,11.2,430,409,409,379,391,391,442,435,435,93,282,188,219,351,295,399,399,359,345,23,23,17,34,34,255,104,88
203129,Tornike Shengelia,1610612741,CHI,22.0,26,103.4,98.8,98.8,114.4,111.1,111.1,-11.0,-12.4,-12.4,0.141,1.17,24.6,0.026,0.088,0.055,21.1,20.9,0.464,0.46,0.117,0.127,94.79,98.45,82.04,98.45,0.019,320,0.5,1.1,227,369,369,467,453,453,428,441,441,158,259,79,277,349,335,464,464,323,406,434,419,318,112,112,457,447,456
203315,Toure' Murry,1610612752,NYK,24.0,51,103.1,99.6,99.6,104.4,103.1,103.1,-1.3,-3.5,-3.5,0.215,1.44,21.3,0.036,0.08,0.059,14.8,14.8,0.453,0.479,0.209,0.218,96.67,98.98,82.48,98.98,0.067,765,1.1,2.5,238,344,344,244,187,187,250,294,294,91,196,110,221,383,308,396,397,355,378,142,131,202,96,96,339,387,393
2566,Travis Outlaw,1610612758,SAC,29.0,63,100.5,100.6,100.6,105.1,104.8,104.8,-4.7,-4.3,-4.3,0.076,1.85,11.3,0.032,0.12,0.076,6.1,6.1,0.462,0.492,0.153,0.156,96.86,96.97,80.8,96.97,0.071,2146,2.1,5.2,329,326,326,276,267,267,314,306,306,314,126,305,240,230,241,28,28,330,349,328,332,194,196,196,321,284,266
2772,Trevor Ariza,1610612764,WAS,28.0,77,104.8,105.6,105.6,101.2,102.1,102.1,3.5,3.5,3.5,0.105,1.45,15.2,0.037,0.142,0.089,10.5,10.5,0.562,0.59,0.173,0.175,97.13,96.35,80.29,96.35,0.107,5466,5.1,11.1,169,140,140,127,154,154,129,123,123,213,194,199,217,181,200,206,208,48,52,247,255,173,242,242,115,94,92
202344,Trevor Booker,1610612764,WAS,26.0,72,105.6,106.3,106.3,106.9,107.2,107.2,-1.3,-1.0,-1.0,0.061,1.1,11.5,0.097,0.159,0.127,10.4,10.4,0.551,0.563,0.142,0.144,94.79,94.32,78.6,94.32,0.09,3040,3.1,5.6,142,116,116,334,351,351,247,236,236,362,273,298,64,142,101,200,199,62,120,365,371,317,351,351,208,208,250
203504,Trey Burke,1610612762,UTA,21.0,70,104.2,105.3,105.3,110.7,111.2,111.2,-6.4,-5.9,-5.9,0.28,3.02,27.0,0.017,0.081,0.048,8.9,8.9,0.442,0.473,0.216,0.219,93.7,93.02,77.52,93.02,0.083,4385,4.9,12.8,192,155,155,450,455,455,367,357,357,43,15,57,362,382,375,114,111,386,386,128,128,392,418,418,258,102,62
202684,Tristan Thompson,1610612739,CLE,23.0,82,102.1,103.7,103.7,107.1,108.7,108.7,-4.9,-5.0,-5.0,0.044,0.67,6.6,0.099,0.193,0.144,9.9,9.9,0.477,0.528,0.173,0.175,95.2,93.78,78.15,93.78,0.098,5080,4.4,9.3,278,220,220,342,407,407,327,330,330,420,393,425,55,64,57,171,175,284,231,246,257,288,381,381,154,116,125
203584,Troy Daniels,1610612745,HOU,22.0,5,126.7,126.7,126.7,104.8,106.1,106.1,22.0,20.6,20.6,0.114,1.67,12.8,0.0,0.057,0.028,7.7,7.7,0.677,0.677,0.2,0.206,94.93,94.33,78.61,94.33,0.088,146,3.0,6.2,5,4,4,261,315,315,5,6,6,203,162,261,449,459,456,53,55,5,6,158,155,310,350,350,230,212,224
201951,Ty Lawson,1610612743,DEN,26.0,62,105.9,107.8,107.8,107.5,108.9,108.9,-1.6,-1.2,-1.2,0.369,2.72,31.3,0.017,0.076,0.046,11.5,11.6,0.475,0.554,0.224,0.225,101.71,100.15,83.46,100.15,0.13,4637,5.6,13.0,131,83,83,364,418,418,254,243,243,11,36,30,356,408,392,274,275,290,143,100,115,25,67,67,45,69,56
201946,Tyler Hansbrough,1610612761,TOR,28.0,64,100.8,102.1,102.1,100.8,101.9,101.9,0.0,0.2,0.2,0.029,0.36,5.0,0.118,0.178,0.147,13.8,13.8,0.474,0.562,0.144,0.148,95.78,94.7,78.91,94.7,0.09,1925,1.5,3.1,320,285,285,110,142,142,212,208,208,450,442,446,16,90,52,363,364,294,121,359,359,259,333,333,214,344,363
203092,Tyler Zeller,1610612739,CLE,24.0,70,100.9,100.8,100.8,101.3,101.5,101.5,-0.4,-0.7,-0.7,0.055,0.6,8.2,0.098,0.167,0.132,13.6,13.7,0.538,0.581,0.168,0.172,95.65,95.55,79.63,95.55,0.099,2094,2.2,4.1,319,322,322,128,130,130,220,230,230,390,401,389,59,122,89,358,359,94,71,267,271,267,287,287,149,268,306
201936,Tyreke Evans,1610612740,NOP,24.0,72,104.4,104.2,104.2,108.7,109.8,109.8,-4.4,-5.6,-5.6,0.313,2.07,23.1,0.039,0.136,0.087,11.2,11.1,0.448,0.504,0.266,0.272,94.51,94.09,78.41,94.09,0.128,3983,5.4,12.5,189,195,195,412,435,435,308,347,347,25,84,94,209,198,210,255,254,375,312,26,26,343,370,370,48,76,65
203116,Tyshawn Taylor,1610612751,BKN,24.0,23,95.5,93.0,93.0,119.3,118.2,118.2,-23.8,-25.2,-25.2,0.242,1.16,20.8,0.011,0.048,0.028,17.9,18.1,0.357,0.427,0.222,0.231,94.21,95.93,79.94,95.93,0.027,542,1.3,4.0,433,443,443,472,475,475,473,471,471,70,261,114,417,465,455,446,446,455,436,110,96,362,264,264,451,358,315
2199,Tyson Chandler,1610612752,NYK,31.0,55,107.2,108.3,108.3,106.9,107.5,107.5,0.3,0.8,0.8,0.054,0.83,11.3,0.099,0.238,0.167,13.7,13.6,0.593,0.615,0.128,0.129,92.27,91.51,76.26,91.51,0.113,3163,3.5,5.9,94,70,70,336,363,363,205,192,192,396,360,303,57,21,21,359,358,25,20,412,414,449,458,458,95,177,239
2617,Udonis Haslem,1610612748,MIA,34.0,46,103.7,102.2,102.2,106.1,107.3,107.3,-2.4,-5.1,-5.1,0.032,0.54,6.4,0.071,0.231,0.15,11.9,11.9,0.507,0.523,0.137,0.142,92.0,92.09,76.74,92.09,0.073,1250,1.6,3.2,220,278,278,307,358,358,268,333,333,448,415,429,120,25,44,289,289,182,247,384,380,457,446,446,302,327,356
203505,Vander Blue,1610612738,BOS,21.0,3,108.6,110.0,110.0,98.1,79.4,79.4,10.4,30.6,30.6,0.091,0.5,11.1,0.0,0.0,0.0,22.2,21.7,0.5,0.403,0.25,0.253,94.78,104.73,87.27,104.73,0.0,30,0.7,1.3,67,48,48,45,4,4,21,3,3,255,421,311,449,467,459,469,467,201,448,46,48,319,11,11,465,437,451
203139,Viacheslav Kravtsov,1610612756,PHX,26.0,20,86.8,79.4,79.4,119.2,115.5,115.5,-32.4,-36.1,-36.1,0.034,0.17,3.8,0.132,0.154,0.142,23.1,23.5,0.533,0.54,0.168,0.181,98.83,104.93,87.44,104.93,0.052,131,0.4,0.8,470,473,473,471,470,470,478,478,478,441,458,459,6,161,60,471,471,103,188,265,243,83,10,10,399,458,469
201964,Victor Claver,1610612757,POR,25.0,21,109.8,105.4,105.4,100.5,99.5,99.5,9.4,6.0,6.0,0.094,1.09,17.1,0.052,0.14,0.101,15.7,15.8,0.44,0.502,0.141,0.147,93.84,96.27,80.22,96.27,0.072,369,0.8,2.0,45,148,148,92,76,76,30,75,75,247,279,158,165,187,164,415,415,394,322,366,360,385,247,247,319,423,422
203506,Victor Oladipo,1610612753,ORL,22.0,80,97.8,98.6,98.6,102.7,104.1,104.1,-4.9,-5.6,-5.6,0.225,1.28,19.7,0.017,0.114,0.066,15.4,15.4,0.458,0.514,0.24,0.243,97.07,96.0,80.0,96.0,0.097,4976,4.9,11.7,396,377,377,191,227,227,324,344,344,82,233,128,352,248,268,409,408,338,280,65,67,179,257,257,162,100,81
1713,Vince Carter,1610612742,DAL,37.0,81,107.6,106.0,106.0,104.6,102.5,102.5,3.0,3.6,3.6,0.17,1.96,17.4,0.034,0.113,0.073,8.9,8.9,0.497,0.539,0.223,0.229,95.88,97.63,81.36,97.63,0.098,4028,4.1,10.0,84,124,124,252,169,169,142,122,122,123,106,155,229,252,249,107,109,219,193,107,103,256,150,150,156,135,108
203543,Vitor Faverani,1610612738,BOS,26.0,37,92.6,92.7,92.7,101.9,101.5,101.5,-9.2,-8.9,-8.9,0.059,0.39,7.2,0.087,0.175,0.131,18.5,18.6,0.476,0.502,0.189,0.191,94.76,94.89,79.08,94.89,0.071,958,1.7,4.0,452,445,445,151,132,132,410,407,407,375,437,414,88,96,90,448,448,287,320,195,210,323,320,320,327,311,312
201961,Wayne Ellington,1610612742,DAL,26.0,45,108.0,104.7,104.7,111.3,109.0,109.0,-3.3,-4.3,-4.3,0.068,1.73,11.9,0.02,0.094,0.055,6.9,6.8,0.536,0.554,0.15,0.158,98.74,101.39,84.49,101.39,0.068,834,1.2,2.8,76,180,180,455,420,420,283,307,307,337,144,284,330,323,330,35,34,97,141,339,328,84,36,36,334,372,382
202325,Wesley Johnson,1610612747,LAL,26.0,79,101.0,101.7,101.7,108.6,108.8,108.8,-7.6,-7.1,-7.1,0.082,1.38,13.8,0.03,0.117,0.074,10.0,10.0,0.502,0.522,0.149,0.151,101.46,101.07,84.22,101.07,0.066,4699,3.5,8.2,316,299,299,410,410,410,385,378,378,292,212,239,247,237,245,183,182,196,253,341,347,31,44,44,348,167,160
202083,Wesley Matthews,1610612757,POR,27.0,82,109.6,111.1,111.1,104.7,105.7,105.7,4.9,5.4,5.4,0.109,1.79,13.6,0.018,0.082,0.05,7.6,7.6,0.541,0.588,0.193,0.196,97.51,96.45,80.37,96.45,0.094,5589,5.4,12.3,49,35,35,257,298,298,95,86,86,208,137,248,351,377,366,51,51,86,58,183,191,143,233,233,184,77,67
203115,Will Barton,1610612757,POR,23.0,41,99.6,98.0,98.0,100.2,99.7,99.7,-0.7,-1.8,-1.8,0.149,1.83,14.9,0.039,0.136,0.089,8.1,8.1,0.449,0.488,0.21,0.216,96.6,97.64,81.37,97.64,0.107,785,1.6,3.8,351,392,392,87,83,83,227,256,256,147,129,207,205,196,203,68,70,370,360,137,136,209,149,149,114,328,323
101198,Will Bynum,1610612765,DET,31.0,56,101.2,101.8,101.8,106.8,107.5,107.5,-5.7,-5.6,-5.6,0.327,2.1,27.0,0.021,0.071,0.045,12.9,12.8,0.451,0.502,0.233,0.238,97.81,97.22,81.01,97.22,0.095,2141,3.3,7.7,313,295,295,332,361,361,343,350,350,23,80,56,313,421,402,331,329,360,321,79,78,129,173,173,176,190,179
2584,Willie Green,1610612746,LAC,32.0,55,104.6,103.6,103.6,98.7,98.7,98.7,6.0,4.9,4.9,0.09,1.47,13.4,0.014,0.072,0.044,9.1,9.2,0.452,0.477,0.162,0.166,97.98,98.46,82.05,98.46,0.042,1781,1.9,4.9,176,225,225,50,60,60,77,94,94,262,189,252,388,420,418,125,130,356,380,298,297,115,111,111,430,302,273
201163,Wilson Chandler,1610612743,DEN,27.0,62,102.9,104.4,104.4,107.6,108.9,108.9,-4.7,-4.5,-4.5,0.093,1.44,11.4,0.028,0.119,0.073,7.9,7.9,0.499,0.526,0.193,0.195,100.81,99.49,82.91,99.49,0.077,3996,5.0,11.9,244,188,188,366,414,414,313,313,313,250,195,299,258,232,248,61,61,214,237,184,196,46,85,85,282,98,78
202333,Xavier Henry,1610612747,LAL,23.0,43,102.6,101.7,101.7,103.7,104.0,104.0,-1.1,-2.3,-2.3,0.09,0.89,9.6,0.026,0.091,0.058,10.7,10.7,0.458,0.511,0.223,0.227,101.19,101.48,84.57,101.48,0.072,1923,3.3,8.0,257,298,298,222,225,225,240,270,270,259,341,345,279,333,309,222,224,342,285,108,106,41,35,35,313,184,167
2216,Zach Randolph,1610612763,MEM,32.0,79,104.7,106.6,106.6,103.2,103.6,103.6,1.5,3.0,3.0,0.124,1.09,11.5,0.102,0.211,0.156,10.6,10.6,0.468,0.51,0.258,0.261,91.65,90.59,75.49,90.59,0.128,5113,7.1,15.2,174,107,107,204,210,210,173,141,141,178,278,295,45,47,32,211,215,318,290,36,38,464,470,470,49,24,29
2585,Zaza Pachulia,1610612749,MIL,30.0,53,101.6,102.5,102.5,110.2,108.9,108.9,-8.6,-6.4,-6.4,0.16,1.48,21.3,0.107,0.162,0.133,14.4,14.5,0.427,0.502,0.167,0.169,94.06,94.26,78.55,94.26,0.09,2594,2.8,6.6,293,270,270,439,413,413,398,366,366,134,186,109,30,134,83,389,390,409,319,270,282,371,357,357,209,224,209
