PLAYER_ID,PLAYER_NAME,TEAM_ID,TEAM_ABBREVIATION,AGE,GP,E_OFF_RATING,OFF_RATING,sp_work_OFF_RATING,E_DEF_RATING,DEF_RATING,sp_work_DEF_RATING,E_NET_RATING,NET_RATING,sp_work_NET_RATING,AST_PCT,AST_TO,AST_RATIO,OREB_PCT,DREB_PCT,REB_PCT,TM_TOV_PCT,E_TOV_PCT,EFG_PCT,TS_PCT,USG_PCT,E_USG_PCT,E_PACE,PACE,PACE_PER40,sp_work_PACE,PIE,POSS,FGM_PG,FGA_PG,E_OFF_RATING_RANK,OFF_RATING_RANK,sp_work_OFF_RATING_RANK,E_DEF_RATING_RANK,DEF_RATING_RANK,sp_work_DEF_RATING_RANK,E_NET_RATING_RANK,NET_RATING_RANK,sp_work_NET_RATING_RANK,AST_PCT_RANK,AST_TO_RANK,AST_RATIO_RANK,OREB_PCT_RANK,DREB_PCT_RANK,REB_PCT_RANK,TM_TOV_PCT_RANK,E_TOV_PCT_RANK,EFG_PCT_RANK,TS_PCT_RANK,USG_PCT_RANK,E_USG_PCT_RANK,E_PACE_RANK,PACE_RANK,sp_work_PACE_RANK,PIE_RANK,FGM_PG_RANK,FGA_PG_RANK
203932,Aaron Gordon,1610612743,DEN,26.0,75,115.4,117.3,117.3,110.5,111.1,111.1,4.9,6.2,6.2,0.109,1.41,15.0,0.057,0.129,0.095,10.6,10.6,0.573,0.602,0.194,0.197,100.1,99.0,82.5,99.0,0.096,4908,5.8,11.1,39,22,22,352,368,368,115,89,89,294,359,312,175,259,210,384,385,127,124,200,211,354,463,463,218,81,106
1630565,Aaron Henry,1610612755,PHI,22.0,6,71.5,71.1,71.1,123.6,127.0,127.0,-52.0,-56.0,-56.0,0.0,0.0,0.0,0.0,0.048,0.024,28.6,28.6,0.2,0.2,0.149,0.164,107.12,105.99,88.32,105.99,-0.079,38,0.2,0.8,587,586,586,576,587,587,594,591,591,569,549,569,557,576,582,596,596,571,576,402,355,26,47,47,596,573,581
1628988,Aaron Holiday,1610612756,PHX,25.0,63,106.6,106.8,106.8,108.8,108.2,108.2,-2.2,-1.4,-1.4,0.223,2.28,26.1,0.023,0.092,0.058,11.4,11.4,0.504,0.544,0.182,0.187,99.4,99.57,82.98,99.57,0.088,2113,2.4,5.4,364,360,360,250,215,215,326,305,305,105,142,90,383,473,454,437,436,342,328,248,246,428,400,400,272,320,310
1630174,Aaron Nesmith,1610612738,BOS,22.0,52,107.7,107.3,107.3,104.0,104.3,104.3,3.8,3.0,3.0,0.057,0.71,9.0,0.025,0.117,0.073,12.7,12.6,0.481,0.507,0.164,0.171,100.55,100.58,83.82,100.58,0.048,1196,1.4,3.5,316,341,341,85,92,92,148,173,173,510,514,517,353,317,329,497,495,425,435,324,316,318,312,312,510,440,434
1630598,Aaron Wiggins,1610612760,OKC,23.0,50,105.2,104.5,104.5,112.3,112.6,112.6,-7.1,-8.1,-8.1,0.083,1.26,13.8,0.04,0.098,0.069,10.9,10.9,0.525,0.556,0.149,0.155,101.35,101.6,84.67,101.6,0.062,2546,3.1,6.7,414,433,433,437,438,438,444,465,465,391,398,358,248,434,348,410,404,284,279,399,397,239,208,208,461,236,240
1627846,Abdel Nader,1610612756,PHX,28.0,14,97.5,95.1,95.1,97.5,96.0,96.0,0.0,-0.9,-0.9,0.065,0.64,12.1,0.026,0.145,0.087,19.0,19.2,0.4,0.431,0.139,0.145,105.78,107.91,89.92,107.91,0.036,327,0.9,2.5,544,548,548,28,31,31,264,292,292,475,520,421,346,206,247,586,586,529,530,453,451,35,34,34,542,521,493
1630278,Ade Murkey,1610612758,SAC,24.0,1,53.2,33.3,33.3,66.7,66.7,66.7,-13.5,-33.3,-33.3,0.0,0.0,0.0,0.0,0.0,0.0,0.0,0.0,0.0,0.0,0.0,0.0,79.85,98.18,81.82,98.18,0.0,3,0.0,0.0,597,602,602,4,5,5,528,578,578,569,549,569,557,583,586,1,1,578,582,598,598,601,517,517,577,578,597
1629678,Admiral Schofield,1610612753,ORL,25.0,38,100.2,100.3,100.3,114.0,113.8,113.8,-13.9,-13.5,-13.5,0.084,1.19,13.8,0.033,0.146,0.088,11.6,11.6,0.519,0.538,0.143,0.148,99.82,99.88,83.23,99.88,0.055,977,1.4,3.4,517,510,510,485,480,480,531,530,530,384,420,356,286,201,244,449,445,305,350,438,438,390,371,371,494,432,442
1629958,Ahmad Caver,1610612754,IND,25.0,1,212.8,200.0,200.0,100.0,66.7,66.7,112.8,133.3,133.3,0.0,0.0,0.0,0.0,0.0,0.0,0.0,0.0,1.0,1.0,0.5,0.532,110.42,142.29,118.58,142.29,0.4,2,1.0,1.0,2,1,1,34,5,5,1,1,1,569,549,569,557,583,586,1,1,1,1,1,1,18,1,1,2,493,570
201143,Al Horford,1610612738,BOS,36.0,69,112.6,112.8,112.8,102.8,103.4,103.4,9.8,9.3,9.3,0.159,3.57,25.6,0.054,0.201,0.13,7.2,7.2,0.546,0.574,0.147,0.15,98.45,98.03,81.69,98.03,0.123,4096,3.9,8.2,105,126,126,61,75,75,39,42,42,185,32,97,185,72,96,136,136,199,215,415,426,507,526,526,78,171,178
202692,Alec Burks,1610612752,NYK,30.0,81,109.7,110.3,110.3,106.4,108.1,108.1,3.3,2.3,2.3,0.158,2.63,20.5,0.019,0.148,0.082,7.8,7.8,0.499,0.559,0.171,0.177,98.0,96.97,80.81,96.97,0.099,4691,3.5,9.0,236,213,213,160,210,210,163,190,190,188,90,176,425,188,273,172,170,383,267,292,290,529,570,570,192,197,158
1630758,Aleem Ford,1610612753,ORL,24.0,5,99.5,98.6,98.6,121.4,120.7,120.7,-21.8,-22.1,-22.1,0.043,0.5,7.7,0.028,0.16,0.099,15.4,15.4,0.35,0.35,0.148,0.155,92.97,93.68,78.06,93.68,0.022,142,1.2,4.0,527,532,532,570,570,570,562,564,564,544,531,539,328,162,199,557,559,549,558,408,394,594,598,598,560,469,393
1630197,Aleksej Pokusevski,1610612760,OKC,20.0,61,103.5,103.6,103.6,106.7,106.1,106.1,-3.3,-2.5,-2.5,0.161,1.39,18.6,0.054,0.189,0.121,13.4,13.4,0.47,0.485,0.195,0.199,100.41,100.66,83.88,100.66,0.095,2595,3.0,7.5,460,455,455,169,139,139,356,340,340,182,366,220,186,91,122,516,516,451,480,195,202,327,303,303,231,248,202
1627936,Alex Caruso,1610612741,CHI,28.0,41,110.1,110.5,110.5,104.9,105.5,105.5,5.1,5.1,5.1,0.194,2.89,32.4,0.029,0.101,0.064,11.2,11.2,0.48,0.528,0.13,0.133,99.95,99.49,82.91,99.49,0.077,2372,2.5,6.2,214,206,206,107,120,120,110,117,117,137,62,36,325,411,391,424,422,426,382,490,500,373,410,410,347,309,264
203458,Alex Len,1610612758,SAC,29.0,39,105.7,106.0,106.0,110.8,111.4,111.4,-5.1,-5.5,-5.5,0.104,1.05,15.4,0.076,0.168,0.121,14.7,14.7,0.551,0.577,0.165,0.169,103.14,102.74,85.62,102.74,0.074,1326,2.4,4.5,395,383,383,364,383,383,397,405,405,316,449,298,115,140,121,550,550,181,202,318,330,91,123,123,370,317,370
1628035,Alfonzo McKinnie,1610612741,CHI,29.0,17,106.2,108.6,108.6,122.3,121.5,121.5,-16.1,-12.9,-12.9,0.034,0.71,6.5,0.059,0.115,0.084,9.1,9.1,0.467,0.457,0.148,0.152,98.17,97.37,81.14,97.37,0.02,418,1.4,3.6,379,291,291,573,573,573,546,525,525,554,513,549,165,332,260,266,273,455,511,406,421,523,554,554,565,435,427
1628993,Alize Johnson,1610612740,NOP,26.0,23,105.2,105.1,105.1,114.2,115.7,115.7,-9.0,-10.6,-10.6,0.08,0.75,13.8,0.156,0.202,0.178,18.5,18.4,0.436,0.463,0.14,0.147,98.18,97.6,81.33,97.6,0.069,336,0.7,1.7,418,420,420,493,524,524,483,507,507,401,505,355,7,71,26,584,582,498,506,445,442,521,545,545,403,530,541
1630578,Alperen Sengun,1610612745,HOU,19.0,72,104.9,106.4,106.4,115.5,116.6,116.6,-10.6,-10.2,-10.2,0.193,1.28,19.4,0.089,0.174,0.13,15.2,15.2,0.502,0.552,0.214,0.218,102.82,101.69,84.74,101.69,0.099,3161,3.5,7.3,424,373,373,526,539,539,508,499,499,139,396,199,88,129,92,554,554,355,293,126,129,110,199,199,193,205,210
1629599,Amir Coffey,1610612746,LAC,25.0,69,109.7,110.1,110.1,110.5,111.0,111.0,-0.8,-0.9,-0.9,0.112,2.76,18.1,0.017,0.102,0.06,6.6,6.6,0.556,0.598,0.154,0.159,100.49,100.02,83.35,100.02,0.086,3258,3.1,6.8,237,222,222,349,359,359,287,291,291,283,73,238,460,406,435,110,110,166,135,371,375,321,358,358,286,245,238
203083,Andre Drummond,1610612751,BKN,28.0,73,110.8,112.2,112.2,108.8,109.8,109.8,2.0,2.4,2.4,0.13,1.14,17.5,0.155,0.305,0.23,15.4,15.3,0.57,0.574,0.181,0.186,100.4,99.27,82.73,99.27,0.14,2957,3.4,5.9,187,147,147,247,301,301,201,186,186,242,432,253,8,4,3,556,556,129,214,250,254,329,436,436,42,210,281
2738,Andre Iguodala,1610612744,GSW,38.0,31,107.0,105.7,105.7,94.6,97.0,97.0,12.5,8.7,8.7,0.263,4.07,41.8,0.035,0.117,0.078,10.3,10.3,0.45,0.478,0.113,0.117,100.2,99.57,82.98,99.57,0.103,1253,1.5,3.9,346,396,396,21,34,34,23,46,46,66,18,9,274,318,290,364,368,485,490,544,544,346,401,401,170,425,403
203952,Andrew Wiggins,1610612744,GSW,27.0,73,110.0,111.2,111.2,103.6,105.4,105.4,6.4,5.8,5.8,0.109,1.45,11.6,0.036,0.095,0.066,8.0,8.0,0.543,0.56,0.224,0.228,101.23,99.79,83.16,99.79,0.097,4836,6.5,14.0,219,185,185,76,119,119,86,97,97,295,348,437,267,455,373,184,187,206,266,100,104,249,378,378,206,55,63
1629014,Anfernee Simons,1610612757,POR,23.0,57,109.7,110.5,110.5,111.9,112.9,112.9,-2.3,-2.5,-2.5,0.219,1.92,18.8,0.015,0.075,0.044,9.8,9.7,0.555,0.583,0.244,0.251,99.23,98.43,82.02,98.43,0.102,3447,6.2,14.0,238,208,208,421,452,452,329,339,339,113,224,214,486,531,546,323,319,167,180,71,69,447,505,505,181,71,62
203076,Anthony Davis,1610612747,LAL,29.0,40,104.6,105.9,105.9,107.2,108.9,108.9,-2.6,-3.0,-3.0,0.147,1.49,12.2,0.072,0.196,0.134,8.2,8.1,0.542,0.578,0.263,0.269,103.22,101.79,84.83,101.79,0.159,2977,9.3,17.4,431,384,384,189,244,244,336,352,352,213,338,414,125,88,87,202,202,212,199,50,52,86,189,189,24,13,27
1630162,Anthony Edwards,1610612750,MIN,20.0,72,112.6,114.6,114.6,109.6,110.6,110.6,3.1,4.0,4.0,0.173,1.45,15.0,0.023,0.113,0.067,10.4,10.4,0.527,0.56,0.262,0.265,102.54,101.18,84.31,101.18,0.111,5189,7.6,17.3,103,62,62,297,341,341,171,139,139,161,349,311,380,346,367,372,371,272,263,51,54,132,244,244,128,30,29
1630264,Anthony Gill,1610612764,WAS,29.0,44,117.0,114.7,114.7,108.6,108.9,108.9,8.4,5.8,5.8,0.08,1.5,15.2,0.075,0.112,0.094,10.1,10.2,0.633,0.682,0.138,0.144,99.65,100.53,83.77,100.53,0.081,972,1.4,2.5,20,58,58,239,241,241,47,95,95,406,329,302,117,350,215,348,356,47,24,454,455,401,316,316,326,437,494
1630237,Anthony Lamb,1610612745,HOU,24.0,2,106.1,105.9,105.9,84.9,76.5,76.5,21.3,29.4,29.4,0.4,0.0,50.0,0.0,0.125,0.056,0.0,0.0,0.0,0.0,0.105,0.111,100.83,106.2,88.5,106.2,0.036,17,0.0,1.0,381,385,385,7,7,7,11,9,9,10,549,1,557,273,481,1,1,578,582,565,560,290,45,45,541,578,570
1629717,Armoni Brooks,1610612761,TOR,24.0,54,106.4,108.3,108.3,112.0,112.1,112.1,-5.6,-3.8,-3.8,0.105,2.3,16.1,0.021,0.097,0.058,7.0,7.0,0.467,0.483,0.159,0.163,101.87,100.95,84.12,100.95,0.054,1769,1.8,5.4,370,309,309,425,416,416,411,376,376,310,137,282,401,440,458,129,129,456,483,350,359,194,268,268,496,389,312
1629083,Arnoldas Kulboka,1610612766,CHA,24.0,2,54.5,50.0,50.0,141.1,150.0,150.0,-86.5,-100.0,-100.0,0.0,0.0,0.0,0.0,0.0,0.0,0.0,0.0,0.0,0.0,0.071,0.083,107.59,108.68,90.57,108.68,-0.114,12,0.0,0.5,596,595,595,598,599,599,599,598,598,569,549,569,557,583,586,1,1,578,582,589,586,22,33,33,600,578,589
1630559,Austin Reaves,1610612747,LAL,24.0,61,110.2,110.8,110.8,108.8,109.0,109.0,1.4,1.8,1.8,0.101,2.75,21.2,0.031,0.099,0.066,7.7,7.7,0.542,0.6,0.121,0.124,102.17,101.81,84.84,101.81,0.076,3007,2.4,5.2,207,195,195,252,249,249,222,209,209,325,75,157,301,428,378,167,166,207,130,522,526,159,187,187,354,321,319
203085,Austin Rivers,1610612743,DEN,29.0,67,113.5,113.0,113.0,111.1,111.1,111.1,2.4,1.9,1.9,0.082,1.67,17.6,0.014,0.063,0.039,10.5,10.5,0.53,0.546,0.123,0.127,98.66,98.91,82.43,98.91,0.043,3047,2.2,5.2,73,120,120,384,362,362,194,204,204,394,286,250,501,562,563,379,381,262,321,516,514,492,469,469,524,352,318
202340,Avery Bradley,1610612747,LAL,31.0,62,105.2,105.4,105.4,110.1,111.2,111.2,-4.9,-5.8,-5.8,0.046,1.24,10.6,0.021,0.073,0.047,8.6,8.6,0.54,0.55,0.119,0.122,101.56,100.99,84.16,100.99,0.045,2953,2.4,5.6,415,406,406,328,372,372,391,413,413,540,405,475,402,537,533,230,230,223,297,526,532,220,264,264,519,324,292
1630245,Ayo Dosunmu,1610612741,CHI,22.0,77,108.9,109.1,109.1,112.7,114.1,114.1,-3.8,-5.0,-5.0,0.164,2.37,27.5,0.013,0.09,0.052,11.6,11.6,0.585,0.596,0.138,0.142,101.01,100.31,83.59,100.31,0.07,4418,3.6,6.9,267,272,272,456,493,493,368,397,397,177,127,74,505,482,510,448,447,100,139,455,462,274,337,337,398,190,229
1629168,BJ Johnson,1610612753,ORL,26.0,4,101.9,103.8,103.8,115.0,113.0,113.0,-13.2,-9.2,-9.2,0.0,0.0,0.0,0.091,0.122,0.107,0.0,0.0,0.52,0.52,0.169,0.173,97.39,97.34,81.12,97.34,0.083,131,2.8,6.3,488,449,449,514,454,454,526,484,484,569,549,569,82,290,173,1,1,304,398,301,302,561,555,555,308,281,263
1628389,Bam Adebayo,1610612748,MIA,24.0,56,111.8,113.1,113.1,104.6,104.9,104.9,7.2,8.1,8.1,0.172,1.28,15.7,0.08,0.234,0.159,12.2,12.2,0.557,0.608,0.248,0.252,97.9,97.21,81.01,97.21,0.161,3696,7.3,13.0,136,112,112,102,106,106,66,55,55,163,393,293,107,39,50,480,478,164,110,64,66,536,561,561,18,35,74
203463,Ben McLemore,1610612757,POR,29.0,64,101.8,101.9,101.9,114.2,115.0,115.0,-12.4,-13.1,-13.1,0.077,1.07,8.6,0.009,0.072,0.039,8.0,8.0,0.541,0.567,0.207,0.213,101.15,100.73,83.95,100.73,0.07,2697,3.4,8.4,491,484,484,495,515,515,520,529,529,422,443,530,548,541,564,188,185,219,242,147,147,260,291,291,395,212,173
202687,Bismack Biyombo,1610612756,PHX,29.0,36,110.8,111.8,111.8,107.7,106.2,106.2,3.0,5.6,5.6,0.064,0.92,10.3,0.117,0.207,0.161,11.2,11.1,0.593,0.596,0.167,0.172,99.17,99.44,82.86,99.44,0.102,1045,2.4,4.0,188,166,166,206,143,143,175,105,105,482,484,485,36,67,48,423,421,82,140,309,313,453,414,414,173,323,392
201933,Blake Griffin,1610612751,BKN,33.0,56,106.8,107.8,107.8,111.5,112.5,112.5,-4.6,-4.7,-4.7,0.157,3.39,21.8,0.061,0.169,0.116,6.4,6.4,0.486,0.518,0.167,0.171,102.57,101.65,84.71,101.65,0.091,2030,2.4,5.6,356,326,326,403,432,432,386,391,391,191,41,146,152,138,141,101,105,410,408,310,321,129,204,204,257,326,295
1626246,Boban Marjanovic,1610612742,DAL,33.0,23,108.0,108.3,108.3,96.3,95.5,95.5,11.7,12.8,12.8,0.044,0.2,3.1,0.066,0.228,0.152,15.5,15.4,0.607,0.615,0.311,0.325,98.92,99.23,82.69,99.23,0.131,265,1.8,3.0,304,307,307,24,29,29,24,22,22,543,547,566,139,44,63,558,558,59,93,16,14,474,441,441,60,387,464
1626171,Bobby Portis,1610612749,MIL,27.0,72,115.2,114.7,114.7,108.2,108.5,108.5,7.0,6.3,6.3,0.061,0.96,7.8,0.085,0.218,0.153,8.2,8.2,0.555,0.571,0.207,0.212,101.41,101.53,84.61,101.53,0.117,4311,5.8,12.1,44,59,59,222,223,223,72,86,86,496,479,538,95,53,62,201,203,168,226,151,150,233,214,214,104,79,90
203992,Bogdan Bogdanović,1610612737,ATL,29.0,63,116.5,116.6,116.6,111.2,112.1,112.1,5.3,4.5,4.5,0.152,2.77,17.5,0.016,0.116,0.067,6.3,6.3,0.537,0.562,0.212,0.218,99.31,98.89,82.41,98.89,0.098,3818,5.4,12.6,26,34,34,395,419,419,107,130,130,204,72,251,472,325,364,98,99,235,254,134,134,443,471,471,196,98,83
202711,Bojan Bogdanovic,1610612762,UTA,33.0,69,114.8,116.2,116.2,109.4,111.4,111.4,5.4,4.8,4.8,0.086,1.02,9.4,0.027,0.106,0.068,9.2,9.2,0.552,0.599,0.232,0.237,100.09,98.59,82.16,98.59,0.102,4382,6.1,13.4,49,38,38,291,380,380,104,123,123,373,453,509,332,383,359,281,280,179,134,87,91,356,494,494,180,74,69
1629626,Bol Bol,1610612753,ORL,22.0,14,105.7,102.3,102.3,106.4,101.7,101.7,-0.7,0.5,0.5,0.102,1.25,13.5,0.049,0.211,0.127,10.8,10.5,0.574,0.565,0.16,0.174,99.95,103.91,86.59,103.91,0.113,177,1.1,1.9,402,478,478,158,54,54,284,250,250,321,403,367,203,63,105,399,377,121,246,342,298,372,79,79,121,490,523
1630538,Bones Hyland,1610612743,DEN,21.0,69,113.1,113.4,113.4,112.5,111.7,111.7,0.7,1.7,1.7,0.22,2.22,21.2,0.011,0.133,0.072,9.6,9.5,0.518,0.558,0.231,0.238,99.64,99.84,83.2,99.84,0.096,2722,3.3,8.3,89,94,94,443,400,400,247,211,211,110,153,158,528,247,332,308,307,309,272,90,88,403,372,372,214,217,176
202954,Brad Wanamaker,1610612764,WAS,32.0,23,105.3,104.0,104.0,111.1,110.3,110.3,-5.7,-6.4,-6.4,0.243,2.39,33.3,0.018,0.107,0.061,13.9,13.9,0.39,0.472,0.146,0.154,97.84,98.82,82.35,98.82,0.053,657,1.2,3.3,413,447,447,378,324,324,413,433,433,87,125,28,433,376,421,530,528,535,498,420,401,541,477,477,499,465,445
203078,Bradley Beal,1610612764,WAS,29.0,40,106.3,107.1,107.1,109.6,110.5,110.5,-3.3,-3.5,-3.5,0.309,1.96,21.1,0.026,0.099,0.064,10.8,10.7,0.492,0.539,0.297,0.304,100.13,99.36,82.8,99.36,0.123,2979,8.7,19.3,372,346,346,301,337,337,355,363,363,33,213,160,341,426,394,395,395,395,345,22,21,352,420,420,80,18,13
1630527,Brandon Boston,1610612746,LAC,20.0,51,101.9,102.9,102.9,104.0,104.9,104.9,-2.1,-2.0,-2.0,0.103,1.65,11.6,0.02,0.111,0.066,7.1,7.1,0.437,0.481,0.212,0.218,102.6,101.71,84.76,101.71,0.083,1609,2.5,6.4,487,466,466,88,104,104,321,326,326,317,295,433,411,358,376,132,134,496,486,132,132,124,196,196,307,313,259
1629634,Brandon Clarke,1610612763,MEM,25.0,64,112.5,113.2,113.2,104.4,105.7,105.7,8.1,7.5,7.5,0.101,2.53,13.9,0.099,0.148,0.123,5.5,5.4,0.65,0.66,0.171,0.176,105.59,104.61,87.17,104.61,0.141,2703,4.5,7.0,109,109,109,94,126,126,51,64,64,326,100,354,65,190,113,73,73,34,40,293,293,37,63,63,40,132,227
1629164,Brandon Goodwin,1610612739,CLE,26.0,36,107.7,106.3,106.3,112.6,112.6,112.6,-5.0,-6.3,-6.3,0.278,2.53,30.7,0.028,0.11,0.068,12.2,12.1,0.477,0.501,0.177,0.186,95.52,96.14,80.11,96.14,0.088,1009,1.8,4.3,319,374,374,449,437,437,394,431,431,51,102,47,330,362,357,475,472,434,447,267,255,585,587,587,277,390,381
1627742,Brandon Ingram,1610612740,NOP,24.0,55,111.0,112.7,112.7,108.5,109.4,109.4,2.5,3.3,3.3,0.268,2.03,19.5,0.019,0.152,0.086,9.6,9.5,0.498,0.554,0.291,0.297,99.23,98.07,81.73,98.07,0.139,3817,8.2,17.9,179,127,127,236,267,267,191,159,159,60,184,196,426,178,249,311,309,384,283,24,26,449,524,524,44,26,23
202688,Brandon Knight,1610612742,DAL,30.0,5,100.8,103.6,103.6,107.1,107.2,107.2,-6.3,-3.6,-3.6,0.2,2.0,19.5,0.0,0.098,0.054,9.8,9.9,0.48,0.561,0.216,0.213,104.48,103.0,85.84,103.0,0.109,138,2.0,5.0,510,453,453,182,175,175,423,369,369,126,190,197,557,435,498,320,333,428,260,117,149,49,109,109,140,365,333
1630314,Brandon Williams,1610612757,POR,22.0,24,99.5,101.2,101.2,120.3,121.6,121.6,-20.8,-20.4,-20.4,0.235,1.62,19.7,0.026,0.089,0.055,12.2,12.2,0.427,0.476,0.246,0.25,102.28,100.92,84.1,100.92,0.069,1346,4.4,11.8,528,495,495,567,574,574,560,561,561,95,303,193,350,491,490,477,479,510,491,67,70,152,273,273,411,142,97
1630296,Braxton Key,1610612765,DET,25.0,11,111.9,113.2,113.2,105.5,105.2,105.2,6.4,8.0,8.0,0.077,1.0,11.1,0.058,0.187,0.118,11.1,11.0,0.5,0.508,0.184,0.187,102.96,102.5,85.42,102.5,0.084,418,3.0,6.5,135,111,111,118,115,115,85,57,57,422,454,450,171,101,133,419,417,363,434,235,247,104,139,139,301,256,253
1630271,Brodric Thomas,1610612738,BOS,25.0,12,105.4,106.7,106.7,107.2,103.7,103.7,-1.8,3.0,3.0,0.239,1.83,29.7,0.034,0.103,0.073,16.2,16.1,0.5,0.52,0.172,0.179,106.77,107.86,89.88,107.86,0.066,134,0.7,1.5,410,363,363,188,76,76,308,172,172,89,249,56,280,403,327,567,567,363,400,288,285,27,35,35,438,536,550
201572,Brook Lopez,1610612749,MIL,34.0,13,109.4,110.2,110.2,112.4,111.6,111.6,-3.0,-1.4,-1.4,0.03,0.5,3.8,0.058,0.108,0.083,7.5,7.5,0.538,0.57,0.211,0.215,102.62,102.63,85.52,102.63,0.081,639,4.7,10.1,245,220,220,439,394,394,345,309,309,559,531,562,168,369,268,157,156,232,230,135,141,122,132,132,323,120,132
1628971,Bruce Brown,1610612751,BKN,25.0,72,110.8,111.7,111.7,110.8,112.0,112.0,0.1,-0.3,-0.3,0.114,2.64,19.4,0.056,0.13,0.094,7.3,7.3,0.543,0.575,0.146,0.15,101.2,100.26,83.55,100.26,0.093,3690,3.6,7.0,186,167,167,362,411,411,262,274,274,278,87,198,177,257,214,145,143,205,209,418,425,256,340,340,244,193,222
1628981,Bruno Fernando,1610612745,HOU,23.0,30,101.6,100.0,100.0,113.4,110.1,110.1,-11.8,-10.1,-10.1,0.082,0.5,8.2,0.102,0.223,0.161,16.5,16.2,0.664,0.671,0.197,0.21,103.83,106.17,88.48,106.17,0.138,338,1.2,1.8,495,512,512,473,309,309,514,496,496,392,531,534,58,48,47,568,568,30,33,186,163,62,46,46,46,469,531
1627854,Bryn Forbes,1610612743,DEN,28.0,75,108.4,109.3,109.3,110.0,109.8,109.8,-1.6,-0.5,-0.5,0.086,1.34,10.7,0.007,0.063,0.035,8.0,7.9,0.542,0.574,0.201,0.209,101.58,101.29,84.41,101.29,0.074,2731,3.1,7.2,287,262,262,324,295,295,305,279,279,371,377,473,551,563,571,185,182,211,213,174,169,218,231,231,377,243,214
1627741,Buddy Hield,1610612754,IND,29.0,81,109.9,111.4,111.4,114.4,115.1,115.1,-4.5,-3.6,-3.6,0.135,1.5,15.1,0.025,0.114,0.068,10.1,10.0,0.526,0.548,0.214,0.221,101.47,100.47,83.73,100.47,0.084,5242,5.5,13.6,224,175,175,501,517,517,380,371,371,235,334,308,357,343,358,343,337,281,310,125,120,228,322,322,300,93,67
1629604,CJ Elleby,1610612757,POR,22.0,58,101.8,102.6,102.6,116.0,116.9,116.9,-14.2,-14.3,-14.3,0.109,1.55,17.8,0.052,0.141,0.094,11.5,11.5,0.453,0.491,0.143,0.146,101.18,100.44,83.7,100.44,0.06,2459,2.1,5.3,490,471,471,535,545,545,535,536,536,293,318,242,193,227,217,439,439,482,469,433,445,257,324,324,474,358,313
203468,CJ McCollum,1610612740,NOP,30.0,62,111.5,112.1,112.1,112.9,114.0,114.0,-1.4,-1.9,-1.9,0.238,2.48,18.8,0.024,0.101,0.062,7.6,7.6,0.539,0.553,0.269,0.275,99.91,99.14,82.62,99.14,0.119,4437,8.6,18.8,153,152,152,458,490,490,301,321,321,92,115,215,371,409,418,159,157,230,287,41,45,379,452,452,96,20,17
101139,CJ Miles,1610612738,BOS,35.0,1,103.1,80.0,80.0,232.0,180.0,180.0,-128.9,-100.0,-100.0,0.0,0.0,0.0,0.0,0.0,0.0,0.0,0.0,0.0,0.0,0.0,0.0,95.51,123.08,102.56,123.08,-0.091,5,0.0,0.0,465,582,582,603,603,603,603,598,598,569,549,569,557,583,586,1,1,578,582,598,598,586,6,6,598,578,597
1630595,Cade Cunningham,1610612765,DET,20.0,64,105.0,106.9,106.9,111.7,113.1,113.1,-6.7,-6.2,-6.2,0.283,1.52,21.0,0.026,0.143,0.083,13.8,13.8,0.471,0.504,0.273,0.276,100.18,98.71,82.26,98.71,0.1,4290,6.7,16.1,423,357,357,412,459,459,437,427,427,46,324,163,347,212,270,526,526,448,441,37,43,348,487,487,186,51,38
1628997,Caleb Martin,1610612748,MIA,26.0,60,112.8,111.8,111.8,105.7,106.2,106.2,7.1,5.7,5.7,0.068,1.23,11.3,0.054,0.114,0.085,9.2,9.2,0.585,0.611,0.158,0.164,98.56,98.8,82.34,98.8,0.094,2823,3.5,6.8,96,165,165,129,141,141,68,101,101,462,407,444,187,341,254,277,277,97,102,356,354,500,480,480,238,204,234
1629629,Cam Reddish,1610612752,NYK,22.0,49,104.1,103.2,103.2,112.7,113.0,113.0,-8.6,-9.8,-9.8,0.078,0.84,8.5,0.023,0.075,0.048,10.1,10.1,0.485,0.543,0.213,0.219,100.33,100.62,83.85,100.62,0.079,2118,3.4,8.3,448,461,461,455,455,455,476,493,493,416,498,532,388,532,528,346,351,413,329,130,126,338,307,307,338,215,174
1630560,Cam Thomas,1610612751,BKN,20.0,67,105.7,106.3,106.3,111.7,112.7,112.7,-6.1,-6.4,-6.4,0.102,1.42,11.5,0.013,0.118,0.065,8.1,8.1,0.48,0.519,0.212,0.217,101.39,100.69,83.91,100.69,0.089,2476,3.3,7.5,401,376,376,415,441,441,421,436,436,320,357,438,509,308,384,194,197,427,405,133,136,235,296,296,268,220,196
1629661,Cameron Johnson,1610612756,PHX,26.0,66,110.7,110.8,110.8,104.1,104.6,104.6,6.6,6.2,6.2,0.079,2.11,12.4,0.023,0.123,0.075,5.9,5.9,0.596,0.625,0.167,0.173,102.54,102.22,85.18,102.22,0.105,3680,4.2,9.2,189,197,197,89,96,96,81,87,87,411,173,408,379,283,320,87,87,77,75,308,303,133,157,157,158,145,148
1630787,Cameron McGriff,1610612757,POR,24.0,3,118.9,122.3,122.3,116.3,115.1,115.1,2.6,7.3,7.3,0.086,0.0,16.7,0.098,0.209,0.144,0.0,0.0,0.429,0.47,0.122,0.126,98.58,97.64,81.36,97.64,0.084,94,1.7,4.7,12,12,12,538,516,516,189,67,67,374,549,265,66,66,73,1,1,507,499,521,521,498,542,542,302,403,358
1628419,Cameron Oliver,1610612737,ATL,25.0,2,127.9,122.5,122.5,123.8,123.3,123.3,4.0,-0.9,-0.9,0.097,0.0,15.8,0.051,0.121,0.083,0.0,0.0,0.7,0.705,0.167,0.177,96.93,99.21,82.68,99.21,0.104,89,5.0,7.5,10,11,11,577,580,580,141,289,289,336,549,291,194,293,265,1,1,15,18,311,289,569,443,443,166,108,197
1626166,Cameron Payne,1610612756,PHX,27.0,58,108.6,109.1,109.1,103.0,102.7,102.7,5.6,6.3,6.3,0.318,2.74,27.9,0.018,0.109,0.065,10.2,10.2,0.469,0.5,0.235,0.242,102.92,102.83,85.69,102.83,0.107,2725,4.1,10.1,276,275,275,66,60,60,98,85,85,29,78,68,437,364,387,360,357,452,457,81,80,105,118,118,151,150,130
1627747,Caris LeVert,1610612739,CLE,27.0,58,111.4,112.7,112.7,113.3,114.5,114.5,-2.0,-1.8,-1.8,0.219,2.3,19.2,0.024,0.097,0.06,8.3,8.3,0.492,0.525,0.252,0.256,99.04,97.93,81.61,97.93,0.098,3634,6.5,14.7,161,128,128,472,503,503,316,316,316,114,137,204,372,445,438,212,209,396,388,57,63,465,530,530,198,54,51
1630637,Carlik Jones,1610612743,DEN,24.0,5,94.6,88.7,88.7,122.7,121.8,121.8,-28.1,-33.1,-33.1,0.417,1.67,27.8,0.042,0.069,0.057,16.7,16.8,0.111,0.202,0.22,0.24,107.61,111.44,92.87,111.44,0.016,53,0.2,1.8,560,565,565,574,575,575,572,577,577,8,286,70,229,549,467,570,571,577,575,108,84,21,21,21,569,571,533
2546,Carmelo Anthony,1610612747,LAL,38.0,69,108.6,108.7,108.7,111.2,111.7,111.7,-2.6,-2.9,-2.9,0.056,1.15,7.5,0.034,0.116,0.076,6.5,6.4,0.544,0.579,0.195,0.203,103.37,103.07,85.89,103.07,0.089,3862,4.6,10.5,279,287,287,388,396,396,337,347,347,511,426,541,283,323,304,105,104,201,189,198,188,82,104,104,266,127,124
1629035,Carsen Edwards,1610612765,DET,24.0,4,104.4,108.5,108.5,111.5,114.4,114.4,-7.2,-5.9,-5.9,0.25,2.8,28.6,0.022,0.044,0.033,10.2,10.1,0.367,0.378,0.179,0.181,103.92,100.65,83.87,100.65,0.042,165,2.3,7.5,438,299,299,404,499,499,447,418,418,76,66,62,391,578,574,359,349,544,552,258,271,59,304,304,528,344,197
1630199,Cassius Stanley,1610612765,DET,22.0,9,101.6,100.9,100.9,104.0,105.2,105.2,-2.4,-4.3,-4.3,0.043,0.67,6.7,0.028,0.084,0.055,10.0,9.9,0.457,0.516,0.148,0.154,101.65,101.42,84.52,101.42,0.056,327,2.1,5.1,493,499,499,87,114,114,333,385,385,544,516,547,327,506,486,336,336,474,414,408,404,213,226,226,489,357,324
1630216,Cassius Winston,1610612764,WAS,24.0,7,106.6,107.7,107.7,116.7,111.1,111.1,-10.1,-3.4,-3.4,0.28,2.33,30.4,0.0,0.027,0.013,13.0,13.2,0.455,0.549,0.184,0.184,95.96,97.86,81.55,97.86,0.02,78,0.6,1.6,363,328,328,540,366,366,500,361,361,49,133,50,557,582,585,505,511,478,308,233,262,579,533,533,564,542,546
1627760,Cat Barber,1610612737,ATL,27.0,3,135.9,131.0,131.0,101.4,96.4,96.4,34.6,34.6,34.6,0.2,3.0,30.0,0.091,0.286,0.167,10.0,10.2,0.0,0.0,0.219,0.218,101.98,106.46,88.72,106.46,-0.074,29,0.0,1.3,8,9,9,47,32,32,7,8,8,126,53,54,82,7,40,336,362,578,582,111,131,180,43,43,595,578,555
1626224,Cedi Osman,1610612739,CLE,27.0,66,108.0,107.5,107.5,109.1,109.2,109.2,-1.1,-1.8,-1.8,0.144,2.01,16.3,0.017,0.08,0.049,8.1,8.1,0.544,0.563,0.206,0.212,99.32,99.48,82.9,99.48,0.081,3028,3.7,8.7,307,336,336,268,262,262,295,315,315,219,188,275,447,518,523,193,196,204,252,152,154,441,411,411,321,177,167
1628990,Chandler Hutchison,1610612756,PHX,26.0,6,115.9,109.6,109.6,85.6,82.4,82.4,30.4,27.3,27.3,0.105,0.5,22.2,0.0,0.167,0.091,44.4,45.0,0.5,0.694,0.111,0.114,105.37,110.47,92.06,110.47,0.067,52,0.2,0.3,34,243,243,9,8,8,9,10,10,309,531,140,557,142,230,601,601,363,21,549,551,40,25,25,430,573,595
1629646,Charles Bassey,1610612755,PHI,21.0,23,99.2,98.6,98.6,109.3,107.4,107.4,-10.1,-8.8,-8.8,0.07,0.88,10.4,0.124,0.233,0.177,11.9,11.9,0.638,0.66,0.152,0.158,98.76,99.94,83.28,99.94,0.128,348,1.3,2.0,530,534,534,289,179,179,502,476,476,454,489,481,28,41,28,467,466,45,41,384,381,486,367,367,69,456,513
1629718,Charlie Brown Jr.,1610612755,PHI,25.0,22,101.2,99.7,99.7,104.2,103.4,103.4,-3.0,-3.6,-3.6,0.045,1.2,11.3,0.067,0.088,0.077,9.4,9.2,0.269,0.346,0.105,0.114,101.89,103.05,85.88,103.05,0.03,378,0.5,1.8,504,522,522,91,71,71,347,372,372,542,416,440,136,496,292,294,279,563,560,564,553,191,105,105,552,550,537
1630602,Chaundee Brown Jr.,1610612737,ATL,23.0,5,105.1,104.1,104.1,112.7,112.8,112.8,-7.6,-8.7,-8.7,0.056,4.0,10.0,0.009,0.139,0.071,2.5,2.5,0.406,0.447,0.146,0.15,100.77,101.18,84.32,101.18,0.049,218,2.0,6.4,421,442,442,451,445,445,453,473,473,512,19,493,549,233,336,41,41,522,519,419,423,296,243,243,508,365,258
1627767,Cheick Diallo,1610612765,DET,25.0,3,84.9,82.2,82.2,124.3,132.9,132.9,-39.4,-50.7,-50.7,0.0,0.0,0.0,0.098,0.296,0.176,8.3,8.6,0.375,0.517,0.145,0.152,113.98,112.03,93.36,112.03,0.075,73,1.0,2.7,577,579,579,579,593,593,583,589,589,569,549,569,68,5,30,208,232,539,411,426,420,9,17,17,364,493,485
1629002,Chimezie Metu,1610612758,SAC,25.0,60,105.7,106.1,106.1,111.1,111.8,111.8,-5.4,-5.7,-5.7,0.071,0.98,9.8,0.027,0.227,0.129,10.0,10.0,0.516,0.546,0.184,0.188,101.98,101.5,84.58,101.5,0.104,2704,3.4,7.5,396,380,380,382,406,406,406,411,411,452,474,502,340,46,101,334,338,319,318,231,244,179,220,220,165,211,201
1628449,Chris Boucher,1610612761,TOR,29.0,80,109.8,111.0,111.0,105.3,105.7,105.7,4.5,5.3,5.3,0.022,0.6,3.4,0.095,0.183,0.137,5.8,5.8,0.523,0.57,0.172,0.176,98.32,97.6,81.33,97.6,0.111,3440,3.4,7.2,230,188,188,114,127,127,122,111,111,563,525,563,75,107,85,79,81,293,234,290,292,511,544,544,129,216,212
1629185,Chris Chiozza,1610612744,GSW,26.0,34,102.3,100.4,100.4,108.3,108.3,108.3,-6.0,-7.9,-7.9,0.264,2.03,36.3,0.023,0.073,0.048,17.9,17.8,0.401,0.407,0.132,0.139,96.38,97.32,81.1,97.32,0.039,759,0.7,2.4,477,508,508,228,218,218,419,461,461,64,185,15,381,536,530,579,579,527,541,484,475,576,557,557,533,534,499
1630537,Chris Duarte,1610612754,IND,25.0,55,105.4,107.6,107.6,109.2,109.7,109.7,-3.7,-2.0,-2.0,0.11,1.27,13.1,0.026,0.117,0.071,10.3,10.3,0.507,0.537,0.207,0.211,100.57,99.3,82.75,99.3,0.089,3193,4.9,11.3,409,330,330,277,289,289,366,325,325,290,397,383,352,321,340,367,367,334,355,146,157,315,432,432,271,113,104
101108,Chris Paul,1610612756,PHX,37.0,65,114.7,115.6,115.6,103.9,105.5,105.5,10.8,10.0,10.0,0.434,4.59,41.8,0.011,0.113,0.064,9.1,9.1,0.536,0.581,0.197,0.2,101.23,100.1,83.41,100.1,0.15,4466,5.6,11.3,50,46,46,84,122,122,31,32,32,7,11,8,529,345,390,272,271,239,187,187,199,252,354,354,32,88,102
1629735,Chris Silva,1610612748,MIA,25.0,10,103.4,101.5,101.5,120.8,117.6,117.6,-17.4,-16.1,-16.1,0.13,0.88,20.0,0.127,0.274,0.194,22.9,22.7,0.533,0.641,0.123,0.132,99.91,102.15,85.12,102.15,0.074,195,0.8,1.5,462,494,494,569,557,557,552,544,544,243,489,179,24,16,16,593,593,248,53,515,502,380,162,162,376,525,550
1626174,Christian Wood,1610612745,HOU,26.0,68,104.6,106.6,106.6,114.4,115.7,115.7,-9.8,-9.1,-9.1,0.124,1.23,11.9,0.051,0.265,0.158,9.6,9.7,0.576,0.595,0.233,0.235,103.47,101.9,84.91,101.9,0.142,4443,6.5,12.9,433,366,366,500,525,525,493,481,481,261,408,425,195,22,53,313,316,115,146,86,93,77,178,178,39,56,76
1629643,Chuma Okeke,1610612753,ORL,23.0,70,99.3,100.3,100.3,109.1,109.1,109.1,-9.8,-8.8,-8.8,0.104,2.07,15.1,0.024,0.165,0.092,7.3,7.3,0.478,0.501,0.159,0.162,102.2,101.68,84.73,101.68,0.093,3709,3.1,8.2,529,509,509,272,254,254,496,475,475,313,180,306,368,147,225,143,144,431,446,348,360,157,200,200,248,241,180
203991,Clint Capela,1610612737,ATL,28.0,74,116.0,116.6,116.6,113.0,113.3,113.3,3.0,3.3,3.3,0.062,2.09,11.3,0.133,0.284,0.208,5.4,5.4,0.613,0.604,0.149,0.152,100.58,100.22,83.52,100.22,0.133,4257,5.0,8.2,32,33,33,462,466,466,176,163,163,492,175,443,19,9,8,69,71,58,116,401,418,314,344,344,55,108,182
1629632,Coby White,1610612741,CHI,22.0,61,111.4,112.3,112.3,113.0,113.6,113.6,-1.6,-1.2,-1.2,0.147,2.51,18.9,0.011,0.099,0.055,7.5,7.5,0.539,0.564,0.195,0.199,100.15,99.5,82.92,99.5,0.08,3476,4.6,10.6,159,141,141,464,475,475,306,301,301,214,103,209,530,427,484,154,155,229,249,199,203,349,408,408,331,130,121
1628998,Cody Martin,1610612766,CHA,26.0,71,112.8,113.1,113.1,112.2,113.0,113.0,0.6,0.1,0.1,0.124,2.93,25.2,0.043,0.108,0.075,8.6,8.6,0.554,0.579,0.12,0.123,101.02,100.54,83.78,100.54,0.08,3895,2.9,6.0,98,114,114,433,457,457,249,264,264,259,60,100,226,368,314,231,231,173,194,524,528,272,315,315,332,268,278
203469,Cody Zeller,1610612757,POR,29.0,27,108.1,108.8,108.8,110.9,110.9,110.9,-2.7,-2.1,-2.1,0.087,1.16,14.2,0.128,0.212,0.168,12.3,12.5,0.567,0.627,0.153,0.153,101.51,101.2,84.34,101.2,0.103,742,1.9,3.3,301,284,284,367,355,355,341,328,328,365,424,344,23,61,37,482,486,136,72,377,410,223,241,241,169,380,446
1630175,Cole Anthony,1610612753,ORL,22.0,65,104.1,105.7,105.7,110.2,111.1,111.1,-6.1,-5.4,-5.4,0.281,2.17,23.8,0.015,0.145,0.08,10.9,10.9,0.464,0.519,0.245,0.25,100.98,99.82,83.18,99.82,0.106,4283,5.5,14.0,447,395,395,333,363,363,420,404,404,47,164,122,488,205,284,412,405,461,406,70,71,279,374,374,154,94,60
1629012,Collin Sexton,1610612739,CLE,23.0,11,98.9,99.2,99.2,104.2,105.0,105.0,-5.3,-5.8,-5.8,0.125,0.74,10.4,0.041,0.066,0.054,14.0,14.0,0.487,0.523,0.264,0.272,100.49,99.96,83.3,99.96,0.074,663,6.2,13.7,532,526,526,92,109,109,402,414,414,252,509,483,239,553,497,531,533,407,392,48,49,322,364,364,373,72,66
1630557,Corey Kispert,1610612764,WAS,23.0,77,113.1,113.0,113.0,112.6,112.9,112.9,0.6,0.1,0.1,0.064,1.7,12.6,0.03,0.084,0.058,7.4,7.4,0.564,0.586,0.142,0.146,98.61,98.52,82.1,98.52,0.067,3712,3.0,6.7,85,117,117,447,451,451,251,265,265,483,279,394,312,504,455,150,148,146,174,442,448,495,501,501,422,251,242
202709,Cory Joseph,1610612765,DET,30.0,65,104.8,105.3,105.3,110.6,111.7,111.7,-5.8,-6.4,-6.4,0.22,2.79,31.1,0.017,0.092,0.053,11.1,11.0,0.526,0.579,0.141,0.146,99.38,98.63,82.2,98.63,0.081,3290,2.7,6.2,427,414,414,354,398,398,415,434,434,109,68,45,450,475,501,422,416,274,190,443,443,430,491,491,318,284,270
1628591,Craig Sword,1610612764,WAS,28.0,3,109.9,102.9,102.9,92.3,94.6,94.6,17.6,8.3,8.3,0.1,1.0,16.7,0.0,0.0,0.0,16.7,16.7,0.75,0.75,0.125,0.132,89.36,91.03,75.86,91.03,0.033,35,1.0,1.3,225,467,467,15,25,25,14,53,53,327,454,265,557,583,586,570,570,10,9,506,503,597,602,602,547,493,555
1626156,D'Angelo Russell,1610612750,MIN,26.0,65,112.4,114.5,114.5,109.2,109.8,109.8,3.2,4.7,4.7,0.32,2.79,27.0,0.011,0.089,0.05,9.7,9.7,0.502,0.544,0.246,0.25,103.59,102.39,85.32,102.39,0.114,4431,6.2,15.0,112,66,66,284,298,298,164,124,124,27,69,81,525,490,521,315,317,357,324,68,72,73,147,147,114,73,49
201571,D.J. Augustin,1610612747,LAL,34.0,55,106.5,106.9,106.9,118.0,117.5,117.5,-11.5,-10.6,-10.6,0.176,1.91,26.7,0.012,0.065,0.038,14.0,13.9,0.577,0.61,0.139,0.144,100.9,100.92,84.1,100.92,0.071,1866,1.7,4.0,367,353,353,550,555,555,513,506,506,157,229,83,516,554,566,532,529,112,103,448,454,286,274,274,391,400,391
1628391,D.J. Wilson,1610612761,TOR,26.0,4,102.5,100.0,100.0,110.9,116.5,116.5,-8.5,-16.5,-16.5,0.147,2.5,18.5,0.017,0.238,0.13,7.4,7.6,0.733,0.773,0.159,0.161,110.57,109.18,90.98,109.18,0.162,125,2.8,3.8,473,512,512,370,537,537,472,546,546,215,105,222,455,37,93,148,159,12,8,346,368,17,31,31,17,281,413
1629610,DaQuan Jeffries,1610612763,MEM,24.0,3,87.4,89.5,89.5,118.5,100.0,100.0,-31.0,-10.5,-10.5,0.167,0.0,33.3,0.0,0.25,0.105,0.0,0.0,0.5,0.5,0.091,0.089,99.15,106.46,88.72,106.46,0.078,19,0.3,0.7,575,564,564,555,41,41,578,504,504,169,549,28,557,30,183,1,1,363,450,578,584,457,42,42,344,561,583
1630227,Daishen Nix,1610612745,HOU,20.0,24,103.7,104.4,104.4,112.0,111.0,111.0,-8.4,-6.6,-6.6,0.208,1.54,27.2,0.026,0.103,0.064,17.7,17.8,0.455,0.48,0.167,0.169,104.18,104.29,86.91,104.29,0.059,564,1.1,2.8,455,434,434,428,358,358,470,439,439,118,322,80,345,399,396,577,577,476,487,311,331,52,69,69,476,482,477
1629751,Dakota Mathias,1610612763,MEM,26.0,6,68.2,66.7,66.7,105.8,92.1,92.1,-37.6,-25.4,-25.4,0.125,0.0,14.3,0.0,0.154,0.057,0.0,0.0,0.5,0.5,0.15,0.153,101.0,109.46,91.22,109.46,0.102,36,0.3,1.0,590,590,590,132,21,21,580,568,568,252,549,333,557,177,459,1,1,363,450,393,412,276,28,28,178,561,570
1630625,Dalano Banton,1610612761,TOR,22.0,64,106.7,106.6,106.6,105.8,105.1,105.1,0.9,1.5,1.5,0.197,1.87,26.5,0.048,0.124,0.083,14.2,14.2,0.443,0.463,0.159,0.165,99.4,99.8,83.17,99.8,0.07,1452,1.3,3.2,361,369,369,134,113,113,239,216,216,132,243,84,208,282,267,538,539,494,505,347,349,429,375,375,394,458,462
1627745,Damian Jones,1610612758,SAC,27.0,56,105.8,106.7,106.7,114.1,113.5,113.5,-8.3,-6.8,-6.8,0.106,1.17,15.4,0.074,0.164,0.12,13.1,13.1,0.677,0.701,0.163,0.166,100.64,100.52,83.77,100.52,0.11,2116,3.1,4.8,393,365,365,491,472,472,468,444,444,303,423,300,120,153,129,510,506,25,19,331,341,311,317,317,132,235,350
203081,Damian Lillard,1610612757,POR,31.0,29,111.5,113.0,113.0,113.5,114.8,114.8,-1.9,-1.8,-1.8,0.321,2.55,23.0,0.012,0.104,0.057,9.0,9.0,0.486,0.55,0.288,0.293,100.64,99.37,82.81,99.37,0.126,2191,7.7,19.0,152,118,118,477,508,508,313,319,319,26,96,130,514,398,461,261,260,412,299,25,28,310,418,418,75,29,15
1627814,Damion Lee,1610612744,GSW,29.0,63,109.6,109.3,109.3,105.9,106.5,106.5,3.7,2.8,2.8,0.072,1.66,12.2,0.022,0.136,0.081,7.3,7.4,0.523,0.561,0.156,0.16,99.96,99.8,83.17,99.8,0.081,2622,2.7,6.1,242,260,260,137,149,149,152,175,175,442,290,416,390,239,276,144,145,292,256,364,370,371,377,377,319,293,272
1628422,Damyean Dotson,1610612752,NYK,28.0,2,116.2,109.8,109.8,112.3,110.5,110.5,3.9,-0.8,-0.8,0.071,0.0,20.0,0.0,0.111,0.056,0.0,0.0,0.5,0.5,0.089,0.098,88.94,92.3,76.92,92.3,0.064,41,1.0,2.0,30,237,237,436,335,335,144,286,286,445,549,179,557,355,481,1,1,363,450,580,576,598,601,601,454,493,514
1629655,Daniel Gafford,1610612764,WAS,23.0,72,108.7,108.6,108.6,114.5,115.5,115.5,-5.9,-6.9,-6.9,0.071,1.05,11.3,0.107,0.169,0.139,10.8,10.6,0.693,0.708,0.16,0.166,99.68,99.27,82.73,99.27,0.122,2985,4.0,5.7,275,292,292,504,522,522,417,447,447,450,450,445,52,139,81,394,389,16,17,340,345,399,435,435,83,164,287
1630187,Daniel Oturu,1610612761,TOR,22.0,3,95.3,94.8,94.8,134.8,131.7,131.7,-39.5,-36.8,-36.8,0.0,0.0,0.0,0.036,0.148,0.091,0.0,0.0,0.5,0.549,0.125,0.135,102.33,103.81,86.5,103.81,0.067,58,1.0,2.0,555,550,550,592,590,590,584,582,582,569,549,569,265,189,230,1,1,363,306,506,490,150,81,81,430,493,514
1628464,Daniel Theis,1610612738,BOS,30.0,47,104.7,104.4,104.4,107.9,108.4,108.4,-3.1,-3.9,-3.9,0.068,0.89,10.0,0.061,0.159,0.113,11.2,11.2,0.576,0.595,0.162,0.166,100.42,100.35,83.63,100.35,0.09,2040,3.2,6.2,428,435,435,211,219,219,350,380,380,460,488,492,151,165,153,426,426,116,143,332,340,326,331,331,261,225,267
201568,Danilo Gallinari,1610612737,ATL,33.0,66,116.4,116.0,116.0,112.8,112.6,112.6,3.6,3.4,3.4,0.086,2.66,12.5,0.021,0.161,0.092,4.7,4.7,0.528,0.579,0.182,0.186,99.53,99.77,83.14,99.77,0.099,3471,3.9,9.0,28,40,40,457,439,439,157,157,157,376,85,398,404,161,229,55,56,271,192,247,251,419,381,381,190,166,157
201980,Danny Green,1610612755,PHI,35.0,62,111.3,111.5,111.5,108.4,108.5,108.5,2.9,3.0,3.0,0.065,1.42,14.7,0.025,0.091,0.059,10.3,10.3,0.555,0.561,0.121,0.124,98.94,98.81,82.34,98.81,0.054,2784,2.0,5.2,163,173,173,230,226,226,177,170,170,479,355,318,356,481,444,369,369,170,259,523,527,471,479,479,495,363,321
1627863,Danuel House Jr.,1610612762,UTA,29.0,42,108.2,109.4,109.4,105.9,105.5,105.5,2.3,3.8,3.8,0.087,1.33,14.6,0.023,0.118,0.07,10.9,11.0,0.515,0.555,0.146,0.15,101.68,101.25,84.38,101.25,0.073,1535,1.9,4.7,299,256,256,136,124,124,197,144,144,364,378,322,384,306,343,409,412,321,280,421,427,209,234,234,380,379,354
1629647,Darius Bazley,1610612760,OKC,22.0,69,101.3,101.8,101.8,112.4,113.1,113.1,-11.1,-11.3,-11.3,0.078,1.08,10.7,0.034,0.176,0.104,9.9,9.9,0.484,0.515,0.18,0.183,101.47,100.92,84.1,100.92,0.093,4038,4.0,9.4,500,488,488,440,460,460,510,513,513,418,441,474,281,125,186,330,334,420,418,256,264,229,275,275,241,163,143
1629636,Darius Garland,1610612739,CLE,22.0,68,113.0,113.6,113.6,105.9,106.9,106.9,7.1,6.6,6.6,0.378,2.35,27.8,0.017,0.074,0.046,11.8,11.8,0.536,0.576,0.272,0.278,98.15,97.42,81.19,97.42,0.134,4954,8.0,17.3,91,88,88,138,165,165,69,80,80,13,128,69,454,534,534,459,456,237,207,39,40,525,552,552,54,27,30
201954,Darren Collison,1610612747,LAL,34.0,3,94.7,98.9,98.9,118.4,117.2,117.2,-23.7,-18.4,-18.4,0.063,2.0,20.0,0.0,0.091,0.044,10.0,10.0,0.286,0.286,0.077,0.078,115.61,113.65,94.71,113.65,0.0,89,0.7,2.3,559,530,530,554,549,549,565,557,557,488,190,179,557,478,547,336,339,560,566,586,588,6,13,13,577,536,501
1630561,David Duke Jr.,1610612751,BKN,22.0,22,108.2,110.7,110.7,110.2,110.6,110.6,-2.0,0.1,0.1,0.066,1.89,11.8,0.077,0.105,0.09,6.3,6.3,0.403,0.444,0.15,0.152,101.8,100.48,83.74,100.48,0.053,709,1.8,4.9,298,200,200,337,340,340,320,262,262,473,234,428,114,388,233,94,96,526,521,392,419,197,320,320,498,392,341
1630525,David Johnson,1610612761,TOR,21.0,2,77.3,50.0,50.0,128.9,125.0,125.0,-51.5,-75.0,-75.0,0.0,0.0,0.0,0.0,0.0,0.0,0.0,0.0,0.0,0.0,0.143,0.205,93.82,120.91,100.76,120.91,-0.167,6,0.0,0.5,584,595,595,586,584,584,593,597,597,569,549,569,557,583,586,1,1,578,582,435,181,591,8,8,601,578,589
1628021,David Nwaba,1610612745,HOU,29.0,46,106.5,106.9,106.9,115.5,115.9,115.9,-9.0,-9.0,-9.0,0.085,1.67,13.3,0.061,0.179,0.117,8.0,8.0,0.526,0.567,0.15,0.154,103.53,103.15,85.96,103.15,0.099,1309,1.8,3.8,365,356,356,523,528,528,482,480,480,379,286,373,153,119,136,186,193,279,240,389,406,74,99,99,195,386,409
1630558,Davion Mitchell,1610612758,SAC,23.0,75,104.5,105.3,105.3,110.4,111.3,111.3,-5.9,-6.0,-6.0,0.235,2.75,24.0,0.015,0.062,0.038,8.7,8.7,0.477,0.489,0.202,0.207,101.62,100.85,84.04,100.85,0.074,4356,4.7,11.2,436,416,416,347,377,377,416,423,423,96,77,118,480,564,565,242,240,432,473,168,173,215,277,277,369,119,105
202722,Davis Bertans,1610612742,DAL,29.0,56,110.4,109.5,109.5,109.0,108.5,108.5,1.4,1.0,1.0,0.054,1.63,9.1,0.014,0.127,0.071,5.6,5.5,0.5,0.531,0.165,0.171,99.12,99.72,83.1,99.72,0.06,1681,1.8,4.9,198,249,249,264,227,227,221,232,232,517,300,513,489,265,339,77,77,363,373,321,315,461,385,385,470,393,340
1628432,Davon Reed,1610612743,DEN,27.0,48,110.1,109.8,109.8,110.0,109.5,109.5,0.1,0.3,0.3,0.115,3.31,22.6,0.021,0.14,0.081,6.8,6.8,0.618,0.624,0.117,0.122,99.9,100.3,83.58,100.3,0.083,1382,1.7,3.4,211,236,236,323,274,274,260,260,260,277,43,135,403,229,277,120,120,54,79,535,533,381,338,338,305,401,443
1630549,Day'Ron Sharpe,1610612751,BKN,20.0,32,115.4,115.6,115.6,108.8,108.8,108.8,6.6,6.9,6.9,0.062,0.57,8.0,0.197,0.198,0.198,14.1,14.0,0.584,0.593,0.205,0.21,99.8,99.71,83.09,99.71,0.111,812,2.7,4.7,42,45,45,249,235,235,82,75,75,493,529,537,4,77,12,536,536,101,156,157,161,392,386,386,126,292,361
1628368,De'Aaron Fox,1610612758,SAC,24.0,59,110.3,112.1,112.1,114.8,116.5,116.5,-4.5,-4.4,-4.4,0.254,1.96,19.0,0.012,0.096,0.054,9.7,9.6,0.506,0.549,0.284,0.288,103.46,101.88,84.9,101.88,0.11,4423,8.7,18.5,203,155,155,508,536,536,381,387,387,71,212,207,521,453,496,314,314,339,303,31,34,79,181,181,135,16,19
1629631,De'Andre Hunter,1610612737,ATL,24.0,53,114.5,114.6,114.6,113.2,113.9,113.9,1.2,0.7,0.7,0.06,0.99,8.7,0.016,0.093,0.055,8.8,8.8,0.506,0.547,0.194,0.198,100.53,100.17,83.48,100.17,0.058,3294,4.8,10.8,55,63,63,467,486,486,224,245,245,500,473,529,465,465,489,247,246,340,314,201,204,320,348,348,480,114,113
1629001,De'Anthony Melton,1610612763,MEM,24.0,73,111.3,112.0,112.0,104.9,106.4,106.4,6.4,5.6,5.6,0.157,1.73,18.4,0.034,0.15,0.09,10.6,10.6,0.504,0.529,0.205,0.209,104.69,103.64,86.37,103.64,0.103,3587,3.8,9.5,166,162,162,106,145,145,84,103,103,190,274,230,278,182,234,381,388,344,381,163,164,44,86,86,168,173,142
201599,DeAndre Jordan,1610612755,PHI,33.0,48,101.3,100.7,100.7,111.2,111.5,111.5,-9.9,-10.8,-10.8,0.051,0.57,9.5,0.127,0.262,0.196,16.8,16.9,0.643,0.641,0.132,0.135,101.87,102.03,85.02,102.03,0.12,1321,1.9,3.0,503,502,502,390,385,385,498,508,508,527,528,507,25,25,13,574,573,38,52,482,485,195,168,168,88,378,472
1627761,DeAndre' Bembry,1610612749,MIL,27.0,56,111.3,110.0,110.0,108.4,110.5,110.5,2.9,-0.6,-0.6,0.087,2.13,19.8,0.042,0.106,0.076,9.3,9.3,0.595,0.601,0.111,0.115,101.23,100.84,84.03,100.84,0.069,2149,2.2,3.9,165,230,230,232,338,338,180,282,282,367,169,191,228,387,309,285,288,80,127,548,550,250,279,279,404,350,400
1630610,DeJon Jarreau,1610612754,IND,24.0,1,212.8,200.0,200.0,200.0,100.0,100.0,12.8,100.0,100.0,0.0,0.0,0.0,0.0,0.0,0.0,0.0,0.0,0.0,0.0,0.0,0.0,80.22,111.41,92.84,111.41,0.0,2,0.0,0.0,2,1,1,602,41,41,20,2,2,569,549,569,557,583,586,1,1,578,582,598,598,600,23,23,577,578,597
201942,DeMar DeRozan,1610612741,CHI,32.0,76,113.4,113.1,113.1,111.7,112.0,112.0,1.7,1.1,1.1,0.228,2.07,16.0,0.021,0.122,0.072,7.8,7.7,0.521,0.59,0.308,0.319,100.01,100.04,83.37,100.04,0.148,5723,10.2,20.2,80,115,115,413,409,409,212,228,228,101,182,285,407,289,330,168,167,302,164,19,17,368,357,357,34,5,11
202326,DeMarcus Cousins,1610612743,DEN,31.0,48,113.6,113.8,113.8,112.7,111.7,111.7,0.9,2.2,2.2,0.153,0.84,13.3,0.103,0.281,0.19,16.0,15.9,0.517,0.567,0.267,0.276,100.32,100.69,83.91,100.69,0.117,1507,3.1,6.8,70,80,80,454,395,395,237,192,192,200,499,371,57,11,19,563,563,312,239,44,44,340,297,297,103,239,239
1629731,Dean Wade,1610612739,CLE,25.0,51,105.4,105.8,105.8,103.9,103.8,103.8,1.5,2.0,2.0,0.077,3.25,17.6,0.031,0.12,0.075,5.4,5.4,0.574,0.584,0.107,0.111,97.94,97.79,81.5,97.79,0.068,1996,1.9,4.3,411,391,391,82,80,80,214,200,200,421,45,248,308,298,316,70,68,122,176,561,562,532,534,534,413,373,382
1629028,Deandre Ayton,1610612756,PHX,23.0,58,116.8,117.2,117.2,105.7,107.7,107.7,11.1,9.6,9.6,0.071,0.92,9.0,0.093,0.241,0.172,9.7,9.7,0.639,0.656,0.217,0.22,101.73,100.62,83.85,100.62,0.148,3590,7.6,12.0,24,24,24,128,185,185,27,39,39,447,482,519,77,34,32,319,322,43,45,114,125,204,309,309,36,31,94
1629686,Deividas Sirvydis,1610612765,DET,22.0,3,68.2,67.2,67.2,107.6,109.5,109.5,-39.4,-42.3,-42.3,0.063,0.0,9.1,0.0,0.2,0.09,0.0,0.0,0.15,0.15,0.149,0.154,112.0,111.82,93.18,111.82,0.007,61,0.3,3.3,589,589,589,203,277,277,582,585,585,488,549,514,557,73,238,1,1,575,579,397,407,12,18,18,574,561,446
1627749,Dejounte Murray,1610612759,SAS,25.0,68,111.1,112.9,112.9,110.6,111.0,111.0,0.5,1.9,1.9,0.388,3.48,29.2,0.031,0.196,0.112,8.4,8.3,0.5,0.533,0.268,0.272,102.6,101.61,84.68,101.61,0.163,4988,8.4,18.3,173,123,123,357,357,357,256,205,205,12,35,59,298,84,156,214,211,362,370,42,50,125,207,207,15,24,21
1626153,Delon Wright,1610612737,ATL,30.0,77,112.9,111.6,111.6,109.5,108.8,108.8,3.4,2.8,2.8,0.178,4.18,35.4,0.035,0.116,0.075,8.5,8.5,0.535,0.576,0.101,0.105,98.28,99.19,82.66,99.19,0.097,2991,1.6,3.5,93,171,171,294,238,238,161,177,177,153,16,19,275,329,312,221,221,242,206,567,568,514,448,448,207,412,437
1630166,Deni Avdija,1610612764,WAS,21.0,82,109.7,109.2,109.2,110.0,110.1,110.1,-0.3,-1.0,-1.0,0.117,1.92,18.7,0.027,0.182,0.106,9.7,9.7,0.503,0.536,0.158,0.163,99.7,99.88,83.23,99.88,0.086,4118,3.0,7.1,232,265,265,322,314,314,272,295,295,269,226,217,336,116,178,318,323,353,358,354,358,397,370,370,289,249,219
203471,Dennis Schröder,1610612745,HOU,28.0,64,106.1,106.9,106.9,106.4,107.9,107.9,-0.3,-1.0,-1.0,0.256,2.07,23.9,0.018,0.097,0.057,11.5,11.5,0.49,0.539,0.223,0.228,99.2,98.12,81.76,98.12,0.098,3757,4.9,11.3,384,350,350,159,199,199,273,294,294,70,181,120,438,446,463,442,441,400,348,103,106,451,522,522,203,112,103
1628372,Dennis Smith Jr.,1610612757,POR,24.0,37,102.3,100.7,100.7,110.4,110.6,110.6,-8.1,-9.8,-9.8,0.311,2.59,33.3,0.029,0.107,0.066,12.9,12.7,0.434,0.474,0.173,0.181,100.94,101.67,84.73,101.67,0.095,1350,2.1,5.1,476,501,501,348,339,339,463,492,492,31,93,28,321,378,372,502,499,502,494,284,270,285,202,202,230,356,326
1627756,Denzel Valentine,1610612762,UTA,28.0,24,104.7,101.9,101.9,108.1,107.0,107.0,-3.4,-5.1,-5.1,0.074,0.92,12.4,0.04,0.15,0.094,13.5,13.5,0.523,0.523,0.15,0.156,99.28,101.08,84.24,101.08,0.061,466,1.0,2.8,430,483,483,214,170,170,360,401,401,438,485,409,244,182,213,517,518,294,393,391,389,444,251,251,463,491,479
202324,Derrick Favors,1610612760,OKC,30.0,39,97.0,95.5,95.5,106.4,106.5,106.5,-9.4,-11.0,-11.0,0.061,2.78,11.0,0.079,0.178,0.128,3.9,4.0,0.522,0.534,0.131,0.135,99.15,99.83,83.19,99.83,0.096,1360,2.4,4.7,546,546,546,156,150,150,488,509,509,497,70,459,108,121,104,47,47,297,368,486,487,458,373,373,222,317,358
1627884,Derrick Jones Jr.,1610612741,CHI,25.0,51,112.8,112.8,112.8,109.8,110.1,110.1,3.1,2.7,2.7,0.043,1.0,10.5,0.068,0.121,0.095,10.5,10.5,0.59,0.633,0.119,0.123,101.75,101.61,84.68,101.61,0.069,1899,2.1,3.8,99,125,125,308,306,306,172,178,178,544,454,476,135,292,211,378,379,91,62,528,530,202,206,206,402,362,410
201565,Derrick Rose,1610612752,NYK,33.0,26,108.4,109.1,109.1,100.9,103.3,103.3,7.5,5.8,5.8,0.266,2.64,24.0,0.032,0.08,0.057,9.1,9.1,0.513,0.541,0.217,0.223,98.99,97.53,81.28,97.53,0.129,1300,4.7,10.5,289,271,271,42,69,69,62,96,96,63,88,116,293,516,459,266,267,324,341,115,117,467,547,547,68,120,122
1628476,Derrick Walton Jr.,1610612765,DET,27.0,3,100.7,103.5,103.5,100.5,103.0,103.0,0.2,0.5,0.5,0.269,1.91,35.0,0.015,0.068,0.04,18.3,18.4,0.288,0.342,0.142,0.142,106.03,103.35,86.12,103.35,0.048,231,2.0,8.7,512,457,457,40,64,64,257,251,251,58,230,22,476,550,558,581,584,559,561,440,460,33,89,89,509,365,167
1628401,Derrick White,1610612738,BOS,27.0,75,110.6,111.3,111.3,105.7,106.4,106.4,4.9,4.9,4.9,0.231,3.08,26.5,0.017,0.094,0.056,8.6,8.6,0.493,0.549,0.196,0.201,101.08,100.43,83.69,100.43,0.101,4589,4.5,10.7,193,182,182,125,146,146,117,120,120,98,50,85,456,462,473,232,229,389,302,190,198,262,325,325,185,134,120
1630217,Desmond Bane,1610612763,MEM,24.0,76,113.5,114.7,114.7,106.2,107.8,107.8,7.3,6.9,6.9,0.136,1.87,14.1,0.018,0.118,0.068,7.5,7.5,0.565,0.592,0.226,0.234,102.06,100.73,83.95,100.73,0.116,4770,6.7,14.5,77,57,57,149,192,192,65,72,72,231,242,347,434,313,361,156,151,143,159,99,95,172,290,290,108,52,54
1626164,Devin Booker,1610612756,PHX,25.0,68,116.6,117.6,117.6,106.5,108.1,108.1,10.1,9.5,9.5,0.212,2.03,16.0,0.02,0.117,0.071,7.9,7.8,0.53,0.576,0.313,0.32,102.45,101.21,84.34,101.21,0.137,4943,9.7,20.9,25,20,20,162,214,214,38,41,41,116,186,286,420,320,338,176,176,260,205,14,16,142,239,239,48,10,4
1629962,Devin Cannady,1610612753,ORL,26.0,5,105.8,107.0,107.0,110.5,109.6,109.6,-4.7,-2.6,-2.6,0.102,2.0,16.1,0.006,0.032,0.019,8.1,8.1,0.511,0.531,0.156,0.159,99.62,99.46,82.89,99.46,0.044,298,3.0,8.8,392,348,348,353,285,285,388,342,342,321,190,280,555,581,584,192,195,325,375,365,377,404,412,412,522,256,164
1630170,Devin Vassell,1610612759,SAS,21.0,71,110.1,111.2,111.2,110.2,110.2,110.2,-0.1,1.0,1.0,0.096,2.34,13.6,0.021,0.128,0.074,5.8,5.8,0.516,0.54,0.184,0.188,103.06,102.5,85.42,102.5,0.087,4131,4.6,10.8,217,186,186,331,315,315,266,231,231,337,131,365,406,263,323,82,84,315,344,236,243,97,140,140,278,129,116
1629653,Devon Dotson,1610612741,CHI,22.0,11,110.3,109.6,109.6,114.9,112.0,112.0,-4.6,-2.4,-2.4,0.283,3.0,31.9,0.011,0.105,0.055,10.6,10.6,0.522,0.538,0.156,0.165,97.63,99.19,82.66,99.19,0.064,177,1.0,2.1,201,244,244,510,413,413,383,337,337,45,53,40,523,389,487,385,390,298,351,366,347,547,447,447,451,493,510
1629719,Devontae Cacok,1610612759,SAS,25.0,15,104.3,104.5,104.5,106.3,106.1,106.1,-2.0,-1.6,-1.6,0.073,2.0,14.0,0.058,0.279,0.162,7.0,7.0,0.677,0.675,0.122,0.127,104.5,104.51,87.1,104.51,0.153,265,1.4,2.1,443,431,431,155,140,140,318,311,311,441,190,353,170,13,44,128,128,24,29,520,520,48,66,66,28,438,511
1628984,Devonte' Graham,1610612740,NOP,27.0,76,110.1,111.4,111.4,110.8,111.1,111.1,-0.7,0.3,0.3,0.21,3.01,24.5,0.017,0.064,0.04,8.2,8.1,0.481,0.514,0.191,0.196,99.42,98.66,82.22,98.66,0.081,4455,3.9,10.7,216,178,178,359,365,365,281,256,256,117,52,110,459,557,561,198,199,424,421,208,212,426,490,490,322,167,118
203473,Dewayne Dedmon,1610612748,MIA,32.0,67,109.7,109.5,109.5,105.3,106.0,106.0,4.4,3.5,3.5,0.069,0.67,10.4,0.1,0.251,0.178,15.5,15.5,0.598,0.632,0.164,0.169,98.52,98.33,81.94,98.33,0.113,2169,2.4,4.3,235,252,252,115,135,135,128,152,152,458,515,482,62,29,27,559,560,72,65,329,329,502,507,507,122,314,380
1629712,Didi Louzada,1610612757,POR,22.0,9,84.6,83.0,83.0,113.5,112.1,112.1,-28.9,-29.1,-29.1,0.07,1.0,11.4,0.034,0.096,0.063,11.4,11.4,0.5,0.517,0.13,0.134,99.35,100.92,84.1,100.92,0.042,271,1.3,3.7,579,576,576,480,417,417,574,573,573,453,454,439,279,450,408,435,435,363,413,492,495,438,272,272,527,449,418
1628415,Dillon Brooks,1610612763,MEM,26.0,32,115.0,116.9,116.9,103.8,105.9,105.9,11.2,11.0,11.0,0.147,1.76,12.5,0.03,0.08,0.055,7.1,7.0,0.475,0.515,0.283,0.291,103.36,101.53,84.61,101.53,0.091,1872,7.1,16.4,48,29,29,80,131,131,26,27,27,217,267,401,311,515,491,133,131,444,417,33,30,83,215,215,259,41,35
1627734,Domantas Sabonis,1610612758,SAC,26.0,62,108.0,109.5,109.5,110.3,110.1,110.1,-2.4,-0.6,-0.6,0.239,1.66,22.5,0.092,0.264,0.176,13.6,13.6,0.598,0.637,0.221,0.225,99.76,99.2,82.67,99.2,0.161,4420,7.1,12.5,308,251,251,344,308,308,332,283,283,91,291,136,79,23,29,520,519,71,58,107,113,394,446,446,19,37,86
1628378,Donovan Mitchell,1610612762,UTA,25.0,67,116.3,117.6,117.6,109.7,111.7,111.7,6.6,5.9,5.9,0.267,1.79,17.4,0.024,0.096,0.061,9.7,9.7,0.533,0.572,0.322,0.33,100.19,98.77,82.31,98.77,0.135,4662,9.2,20.5,29,21,21,307,399,399,83,93,93,61,258,256,362,451,426,317,315,251,222,12,12,347,485,485,49,14,7
1628978,Donte DiVincenzo,1610612758,SAC,25.0,42,108.0,107.5,107.5,112.0,111.2,111.2,-4.0,-3.7,-3.7,0.167,1.64,21.0,0.039,0.125,0.082,12.8,12.8,0.461,0.51,0.187,0.191,102.13,102.79,85.66,102.79,0.08,2155,2.8,8.0,305,335,335,427,371,371,370,374,374,168,296,165,251,271,271,500,501,464,428,225,233,166,122,122,335,275,184
1627827,Dorian Finney-Smith,1610612742,DAL,29.0,80,113.3,114.8,114.8,108.1,110.4,110.4,5.2,4.4,4.4,0.08,1.88,15.6,0.047,0.095,0.072,8.3,8.3,0.595,0.604,0.138,0.139,96.46,94.83,79.03,94.83,0.076,5227,4.1,8.7,84,56,56,217,328,328,109,133,133,402,241,294,211,454,335,208,212,78,117,458,474,574,596,596,358,157,170
203926,Doug McDermott,1610612759,SAS,30.0,51,111.3,112.3,112.3,114.2,114.1,114.1,-2.9,-1.8,-1.8,0.068,1.49,10.8,0.014,0.076,0.045,7.3,7.2,0.578,0.593,0.178,0.181,102.89,102.53,85.45,102.53,0.068,2617,4.2,9.1,164,144,144,496,492,492,344,317,317,461,337,465,499,528,545,140,141,109,153,265,277,106,136,136,421,147,152
203110,Draymond Green,1610612744,GSW,32.0,46,108.9,110.0,110.0,101.7,102.8,102.8,7.2,7.2,7.2,0.325,2.3,42.2,0.034,0.204,0.122,18.3,18.4,0.556,0.582,0.14,0.141,102.28,101.2,84.34,101.2,0.119,2797,2.9,5.6,268,228,228,49,61,61,67,69,69,24,136,7,282,69,119,582,583,165,181,446,465,153,240,240,92,265,296
1629234,Drew Eubanks,1610612757,POR,25.0,71,102.2,103.1,103.1,114.7,115.9,115.9,-12.5,-12.8,-12.8,0.107,1.05,14.3,0.097,0.197,0.146,13.6,13.6,0.602,0.638,0.171,0.174,101.71,100.74,83.95,100.74,0.119,2616,3.1,5.2,480,464,464,506,527,527,521,524,524,301,448,333,71,80,71,521,521,65,55,294,299,205,289,289,93,237,317
1630613,Duane Washington Jr.,1610612754,IND,22.0,48,109.6,110.2,110.2,117.6,116.1,116.1,-8.0,-5.9,-5.9,0.128,1.49,14.3,0.004,0.082,0.042,9.6,9.6,0.5,0.521,0.214,0.221,102.96,103.32,86.1,103.32,0.064,2083,3.6,8.9,240,219,219,547,533,533,460,420,420,246,336,333,556,513,553,310,311,363,395,121,122,102,91,91,449,191,162
1629130,Duncan Robinson,1610612748,MIA,28.0,79,109.3,110.4,110.4,106.6,107.9,107.9,2.6,2.6,2.6,0.095,2.15,13.8,0.012,0.089,0.05,6.4,6.4,0.559,0.573,0.174,0.178,97.56,96.48,80.4,96.48,0.067,4106,3.7,9.2,253,209,209,164,196,196,187,182,182,341,165,357,520,493,518,100,101,159,219,280,287,554,580,580,426,182,149
2730,Dwight Howard,1610612747,LAL,36.0,60,107.6,109.3,109.3,114.6,115.0,115.0,-7.0,-5.7,-5.7,0.049,0.74,9.5,0.12,0.246,0.182,12.8,12.9,0.63,0.657,0.145,0.146,101.06,100.13,83.44,100.13,0.112,2019,2.2,3.7,324,259,259,505,512,512,442,409,409,533,508,508,33,33,23,499,502,49,44,424,446,266,350,350,123,348,420
203939,Dwight Powell,1610612742,DAL,30.0,82,112.3,113.2,113.2,109.6,110.6,110.6,2.6,2.5,2.5,0.081,1.52,15.1,0.099,0.134,0.116,10.0,9.8,0.687,0.725,0.136,0.141,95.94,95.12,79.27,95.12,0.102,3556,3.3,4.9,120,110,110,302,342,342,186,184,184,397,325,307,64,245,139,335,324,20,13,468,463,580,595,595,174,219,343
1629685,Dylan Windler,1610612739,CLE,25.0,50,103.2,101.6,101.6,103.3,101.6,101.6,-0.2,0.0,0.0,0.111,2.13,21.8,0.047,0.146,0.098,10.3,10.3,0.485,0.519,0.115,0.12,95.9,97.47,81.22,97.47,0.069,928,0.7,2.0,464,493,493,73,52,52,268,266,266,285,170,147,212,198,204,364,364,417,404,540,538,581,551,551,400,529,521
202334,Ed Davis,1610612739,CLE,33.0,31,100.0,99.5,99.5,97.4,94.9,94.9,2.6,4.6,4.6,0.053,1.4,20.0,0.072,0.23,0.155,14.3,14.6,0.688,0.632,0.062,0.061,95.61,97.14,80.95,97.14,0.075,406,0.4,0.5,520,525,525,27,27,27,188,125,125,522,361,179,127,42,58,539,548,18,64,593,594,584,562,562,363,560,588
203901,Elfrid Payton,1610612756,PHX,28.0,50,103.7,103.0,103.0,107.1,105.0,105.0,-3.4,-2.0,-2.0,0.252,2.11,29.6,0.035,0.115,0.075,14.0,14.0,0.394,0.397,0.175,0.181,100.95,102.32,85.27,102.32,0.067,1161,1.3,3.5,454,465,465,184,107,107,358,324,324,73,173,57,270,331,318,535,537,533,547,275,274,284,152,152,424,448,434
1630190,Elijah Hughes,1610612757,POR,24.0,36,98.1,98.2,98.2,121.6,121.8,121.8,-23.5,-23.7,-23.7,0.079,1.29,11.8,0.013,0.118,0.065,9.1,9.1,0.413,0.426,0.158,0.163,102.32,102.19,85.16,102.19,0.037,920,1.3,4.0,539,536,536,571,576,576,563,566,566,414,391,427,506,310,388,276,269,518,532,359,357,151,158,158,540,455,393
1629150,Emanuel Terry,1610612756,PHX,25.0,3,60.4,60.0,60.0,115.7,110.3,110.3,-55.4,-50.3,-50.3,0.222,0.4,16.7,0.286,0.389,0.326,41.7,41.7,0.0,0.0,0.189,0.197,101.38,104.12,86.77,104.12,0.0,40,0.0,1.7,595,593,593,528,321,321,596,588,588,107,540,265,2,1,2,600,600,578,582,216,208,236,75,75,577,578,542
1626144,Emmanuel Mudiay,1610612758,SAC,26.0,2,92.8,84.0,84.0,110.2,107.7,107.7,-17.5,-23.7,-23.7,0.571,4.0,44.4,0.0,0.0,0.0,11.1,11.4,0.0,0.399,0.192,0.201,104.97,111.44,92.87,111.44,0.067,25,0.0,1.0,565,574,574,336,188,188,553,567,567,2,19,4,557,583,586,419,438,578,544,204,193,43,22,22,430,578,570
202683,Enes Freedom,1610612738,BOS,30.0,35,111.6,111.6,111.6,103.8,103.8,103.8,7.7,7.8,7.8,0.027,0.4,5.9,0.143,0.219,0.182,14.7,14.6,0.536,0.585,0.129,0.135,98.58,98.6,82.16,98.6,0.105,847,1.5,2.8,147,170,170,81,79,79,57,61,61,560,540,553,13,52,24,548,547,238,175,495,489,497,493,493,157,428,478
202339,Eric Bledsoe,1610612757,POR,32.0,54,104.6,105.2,105.2,106.0,106.4,106.4,-1.4,-1.2,-1.2,0.251,1.94,26.3,0.02,0.105,0.063,13.6,13.5,0.475,0.514,0.198,0.204,100.33,99.8,83.17,99.8,0.095,2826,3.6,8.7,434,417,417,143,148,148,302,300,300,75,219,87,422,393,406,518,517,442,422,183,184,337,376,376,227,185,167
201569,Eric Gordon,1610612745,HOU,33.0,57,107.4,108.6,108.6,113.5,113.6,113.6,-6.1,-5.1,-5.1,0.137,1.44,17.5,0.009,0.056,0.033,12.2,12.1,0.585,0.614,0.182,0.187,103.39,102.74,85.62,102.74,0.081,3576,4.7,9.9,332,295,295,478,476,476,422,400,400,230,352,252,547,567,576,474,474,99,97,245,249,81,125,125,316,118,135
1629672,Eric Paschall,1610612762,UTA,25.0,58,109.2,108.9,108.9,111.2,111.3,111.3,-2.0,-2.3,-2.3,0.074,1.33,10.8,0.042,0.1,0.072,8.1,8.0,0.57,0.612,0.174,0.181,99.06,99.13,82.61,99.13,0.085,1524,2.0,4.1,256,277,277,387,375,375,317,335,335,432,378,467,227,421,334,195,194,131,100,281,269,464,453,453,290,372,390
1630647,Eugene Omoruyi,1610612742,DAL,25.0,4,105.5,100.0,100.0,99.8,88.1,88.1,5.7,11.9,11.9,0.167,0.0,22.2,0.111,0.278,0.194,0.0,0.0,0.5,0.518,0.156,0.158,101.03,110.46,92.05,110.46,0.138,40,0.5,1.3,408,512,512,33,13,13,95,25,25,169,549,140,45,14,14,1,1,363,409,368,384,270,26,26,47,544,563
203095,Evan Fournier,1610612752,NYK,29.0,80,108.3,109.7,109.7,111.1,112.5,112.5,-2.7,-2.7,-2.7,0.114,1.63,13.3,0.013,0.073,0.042,8.2,8.1,0.541,0.554,0.201,0.206,99.16,97.94,81.61,97.94,0.074,4828,5.0,12.1,290,240,240,380,429,429,343,345,345,279,301,372,504,535,552,200,201,215,281,177,178,454,529,529,375,107,92
1630596,Evan Mobley,1610612739,CLE,21.0,69,108.7,108.5,108.5,105.9,106.8,106.8,2.8,1.7,1.7,0.117,1.31,14.0,0.063,0.174,0.12,10.7,10.7,0.522,0.549,0.201,0.206,97.8,97.5,81.25,97.5,0.116,4741,6.1,12.0,271,296,296,140,162,162,181,213,213,268,386,352,146,131,124,389,392,295,301,176,176,543,548,548,106,74,93
1630267,Facundo Campazzo,1610612743,DEN,31.0,65,102.2,102.1,102.1,110.8,110.7,110.7,-8.7,-8.6,-8.6,0.276,3.28,35.7,0.019,0.08,0.048,10.9,10.9,0.459,0.503,0.143,0.148,99.32,99.38,82.82,99.38,0.073,2451,1.6,4.6,482,479,479,365,347,347,478,471,471,53,44,18,431,519,527,404,402,468,443,432,434,442,416,416,378,407,365
1630624,Feron Hunt,1610612752,NYK,22.0,2,75.1,72.2,72.2,74.2,82.4,82.4,0.9,-10.1,-10.1,0.2,1.0,25.0,0.091,0.0,0.042,25.0,25.0,0.0,0.0,0.136,0.148,103.84,100.4,83.67,100.4,-0.083,18,0.0,1.0,586,585,585,6,8,8,238,498,498,126,454,102,82,583,555,594,594,578,582,466,439,61,326,326,597,578,570
1628402,Frank Jackson,1610612765,DET,24.0,53,103.0,104.1,104.1,110.8,110.9,110.9,-7.8,-6.8,-6.8,0.077,1.45,8.9,0.015,0.058,0.036,6.2,6.1,0.491,0.53,0.203,0.209,101.76,101.18,84.32,101.18,0.064,2445,3.7,9.1,468,443,443,360,354,354,454,443,443,426,349,522,483,565,570,91,91,398,378,166,168,201,242,242,453,184,153
1626163,Frank Kaminsky,1610612756,PHX,29.0,9,105.7,105.5,105.5,96.4,96.0,96.0,9.2,9.6,9.6,0.105,2.6,14.1,0.06,0.144,0.105,5.4,5.4,0.583,0.635,0.185,0.193,105.14,105.45,87.88,105.45,0.141,398,4.0,7.3,404,401,401,25,30,30,42,40,40,311,92,346,158,209,184,71,70,102,60,228,226,41,53,53,41,159,208
1628373,Frank Ntilikina,1610612742,DAL,23.0,58,107.0,106.6,106.6,102.9,102.3,102.3,4.1,4.3,4.3,0.149,2.23,20.7,0.016,0.094,0.055,9.3,9.3,0.484,0.513,0.165,0.171,98.81,99.2,82.67,99.2,0.073,1416,1.5,3.8,351,367,367,62,58,58,137,135,135,210,151,170,466,458,493,287,285,418,424,319,318,483,445,445,383,417,407
1630532,Franz Wagner,1610612753,ORL,20.0,79,104.6,105.9,105.9,109.5,110.8,110.8,-5.0,-4.9,-4.9,0.151,1.94,16.2,0.033,0.106,0.069,8.4,8.4,0.517,0.559,0.208,0.211,101.34,100.13,83.44,100.13,0.102,5070,5.8,12.3,435,387,387,295,348,348,393,396,396,207,218,277,290,385,347,213,214,313,269,143,156,240,351,351,182,83,88
1627832,Fred VanVleet,1610612761,TOR,28.0,65,110.3,112.2,112.2,106.7,108.5,108.5,3.6,3.7,3.7,0.266,2.55,24.3,0.016,0.1,0.057,9.5,9.5,0.513,0.552,0.233,0.239,98.64,96.97,80.81,96.97,0.118,4986,6.8,16.9,202,150,150,165,225,225,155,147,147,62,97,113,461,413,469,304,299,323,291,85,86,493,569,569,100,48,33
1630273,Freddie Gillespie,1610612753,ORL,25.0,9,96.5,96.7,96.7,110.2,110.4,110.4,-13.6,-13.6,-13.6,0.061,1.0,14.3,0.099,0.183,0.14,14.3,14.3,0.409,0.419,0.109,0.113,98.45,98.28,81.9,98.28,0.057,245,1.0,2.4,547,540,540,334,329,329,529,533,533,497,454,333,63,108,78,539,541,519,534,556,554,506,511,511,487,493,495
1627788,Furkan Korkmaz,1610612755,PHI,24.0,67,108.8,108.8,108.8,107.6,108.0,108.0,1.2,0.8,0.8,0.129,2.65,18.6,0.015,0.104,0.061,7.0,7.0,0.469,0.502,0.17,0.174,99.55,99.33,82.77,99.33,0.076,2929,2.7,7.0,269,280,280,202,209,209,226,240,240,245,86,221,474,395,432,130,132,453,445,297,300,415,426,426,356,287,224
1629216,Gabe Vincent,1610612748,MIA,26.0,68,109.8,109.1,109.1,105.6,106.0,106.0,4.3,3.1,3.1,0.198,2.14,24.9,0.014,0.064,0.04,11.6,11.6,0.533,0.551,0.174,0.18,97.51,97.65,81.37,97.65,0.07,3232,3.1,7.5,229,274,274,120,136,136,133,166,166,131,167,105,495,558,562,447,449,250,296,276,281,556,541,541,397,231,194
1628221,Gabe York,1610612754,IND,28.0,2,109.9,105.8,105.8,120.0,120.4,120.4,-10.1,-14.6,-14.6,0.222,4.0,28.6,0.0,0.143,0.061,7.1,7.0,0.357,0.435,0.179,0.2,111.75,113.78,94.81,113.78,0.044,52,1.0,3.5,222,390,390,564,569,569,501,538,538,107,19,62,557,214,431,134,133,547,526,261,200,13,12,12,521,493,434
1630466,Gabriel Deck,1610612760,OKC,27.0,7,102.3,100.0,100.0,112.2,113.6,113.6,-9.9,-13.6,-13.6,0.147,2.5,23.8,0.017,0.077,0.048,9.5,9.5,0.643,0.643,0.119,0.126,102.21,102.72,85.6,102.72,0.082,120,1.1,2.0,479,512,512,432,474,474,497,531,531,215,105,121,450,525,526,306,307,39,51,527,523,156,126,126,314,478,514
1630994,Gabriel Lundberg,1610612756,PHX,27.0,4,116.8,121.4,121.4,104.3,103.1,103.1,12.5,18.3,18.3,0.268,3.67,33.3,0.04,0.119,0.076,9.1,9.1,0.342,0.342,0.191,0.195,107.34,105.88,88.24,105.88,0.047,98,1.3,4.8,23,13,13,93,66,66,22,18,18,59,29,28,244,303,305,266,268,551,562,209,220,24,50,50,515,464,350
202066,Garrett Temple,1610612740,NOP,36.0,59,101.3,101.0,101.0,115.2,114.7,114.7,-13.9,-13.7,-13.7,0.102,1.76,17.2,0.024,0.106,0.063,9.8,9.8,0.476,0.494,0.136,0.14,99.0,99.35,82.79,99.35,0.057,2267,1.9,5.0,501,498,498,518,507,507,530,534,534,324,266,257,366,384,403,324,326,440,466,469,470,466,423,423,483,381,333
1629726,Garrison Mathews,1610612745,HOU,25.0,65,108.7,110.7,110.7,115.8,116.5,116.5,-7.1,-5.9,-5.9,0.052,1.56,10.2,0.018,0.093,0.054,6.5,6.4,0.55,0.602,0.137,0.143,103.76,102.47,85.39,102.47,0.061,3653,2.8,7.1,274,203,203,529,538,538,445,417,417,526,317,489,440,468,494,109,100,185,125,464,457,65,142,142,466,274,218
1629109,Gary Clark,1610612740,NOP,27.0,38,108.3,105.6,105.6,107.8,107.8,107.8,0.5,-2.1,-2.1,0.067,1.8,14.9,0.057,0.174,0.115,8.3,8.3,0.534,0.547,0.11,0.116,99.94,101.21,84.34,101.21,0.087,797,0.9,2.3,293,398,398,209,190,190,254,327,327,466,255,315,172,128,147,204,208,245,317,555,547,375,238,238,281,518,502
203914,Gary Harris,1610612753,ORL,27.0,61,103.0,104.2,104.2,109.3,110.1,110.1,-6.3,-5.9,-5.9,0.094,1.77,14.2,0.02,0.048,0.034,8.0,8.0,0.539,0.571,0.16,0.164,101.65,100.66,83.89,100.66,0.066,3631,3.9,9.1,469,440,440,288,312,312,424,419,419,344,264,342,421,575,573,190,190,228,227,338,351,212,302,302,442,165,156
1627780,Gary Payton II,1610612744,GSW,29.0,71,111.4,110.6,110.6,100.9,102.3,102.3,10.4,8.3,8.3,0.076,1.6,13.5,0.058,0.132,0.097,8.4,8.4,0.679,0.679,0.14,0.145,100.68,100.35,83.63,100.35,0.114,2591,3.0,4.8,162,204,204,43,57,57,37,52,52,428,308,368,169,255,208,218,218,21,28,447,449,308,332,332,115,260,346
1629018,Gary Trent Jr.,1610612761,TOR,23.0,70,111.7,113.5,113.5,108.9,110.2,110.2,2.8,3.3,3.3,0.085,1.93,10.2,0.01,0.07,0.038,5.3,5.3,0.511,0.546,0.212,0.218,99.28,97.94,81.61,97.94,0.086,4997,6.4,15.5,138,93,93,258,316,316,182,162,162,377,221,488,544,546,567,67,65,326,320,131,133,445,528,528,283,59,43
201588,George Hill,1610612749,MIL,36.0,54,112.3,112.5,112.5,101.2,100.8,100.8,11.0,11.7,11.7,0.124,2.93,25.9,0.029,0.084,0.058,8.9,8.8,0.504,0.552,0.115,0.117,101.4,101.54,84.62,101.54,0.073,2652,2.2,5.1,121,133,133,46,50,50,28,26,26,260,61,91,319,505,456,250,250,347,290,542,542,234,213,213,384,351,328
1628994,George King,1610612742,DAL,28.0,4,90.4,87.8,87.8,138.9,150.0,150.0,-48.5,-62.2,-62.2,0.0,0.0,0.0,0.0,0.25,0.132,14.3,14.5,0.0,0.085,0.159,0.168,106.71,103.96,86.63,103.96,-0.065,41,0.0,1.3,569,567,567,595,599,599,588,594,594,569,549,569,557,30,91,539,545,578,581,349,333,28,78,78,593,578,563
1627777,Georges Niang,1610612755,PHI,29.0,76,109.9,110.9,110.9,109.2,109.0,109.0,0.8,1.9,1.9,0.09,1.73,13.7,0.014,0.097,0.057,7.9,7.9,0.575,0.594,0.16,0.165,99.18,98.83,82.36,98.83,0.066,3575,3.2,7.4,221,193,193,278,248,248,242,206,206,357,275,363,493,439,465,181,180,117,147,339,348,452,476,476,435,223,204
1630686,Georgios Kalaitzakis,1610612760,OKC,23.0,13,95.4,95.7,95.7,124.8,124.9,124.9,-29.4,-29.3,-29.3,0.09,0.6,10.7,0.026,0.074,0.048,17.9,17.8,0.537,0.536,0.2,0.205,99.83,99.61,83.01,99.61,0.043,441,2.4,5.2,551,545,545,581,583,583,576,574,574,358,524,469,351,533,529,578,578,233,357,178,182,388,395,395,525,325,322
203507,Giannis Antetokounmpo,1610612749,MIL,27.0,67,115.5,115.9,115.9,107.8,107.9,107.9,7.7,8.0,8.0,0.304,1.77,17.8,0.06,0.267,0.168,10.0,10.0,0.582,0.633,0.34,0.347,103.36,103.12,85.93,103.12,0.21,4743,10.3,18.6,38,41,41,210,200,200,59,56,56,34,263,245,160,20,39,341,340,106,63,8,8,84,101,101,6,4,18
1629048,Goga Bitadze,1610612754,IND,22.0,50,113.1,114.0,114.0,115.9,116.4,116.4,-2.7,-2.4,-2.4,0.11,1.2,14.0,0.106,0.139,0.122,11.7,11.7,0.565,0.595,0.191,0.197,101.33,100.69,83.91,100.69,0.088,1531,2.6,5.0,86,75,75,531,535,535,342,336,336,289,417,350,54,232,118,455,451,141,145,212,206,242,298,298,276,300,332
201609,Goran Dragic,1610612751,BKN,36.0,21,111.9,112.1,112.1,111.1,111.7,111.7,0.8,0.4,0.4,0.227,2.53,30.1,0.027,0.104,0.066,11.9,11.9,0.43,0.474,0.166,0.17,102.7,102.37,85.31,102.37,0.072,1062,2.7,7.2,131,159,159,383,401,401,240,254,254,103,100,53,334,397,374,462,467,505,495,317,324,118,149,149,389,288,213
202330,Gordon Hayward,1610612766,CHA,32.0,49,109.6,110.7,110.7,110.1,111.0,111.0,-0.5,-0.4,-0.4,0.16,2.19,18.8,0.022,0.114,0.067,8.6,8.6,0.528,0.57,0.202,0.205,103.94,102.99,85.83,102.99,0.102,3352,5.8,12.6,239,202,202,325,360,360,276,277,277,183,158,213,392,337,365,234,234,266,232,171,180,58,111,111,179,82,85
203476,Gorgui Dieng,1610612737,ATL,32.0,44,103.3,100.3,100.3,111.1,109.5,109.5,-7.8,-9.2,-9.2,0.155,1.7,19.2,0.083,0.238,0.16,11.3,11.3,0.603,0.624,0.164,0.173,97.98,100.22,83.52,100.22,0.118,779,1.2,2.5,463,511,511,381,273,273,456,486,486,193,279,203,100,38,49,429,429,64,78,328,305,530,343,343,99,467,490
1629684,Grant Williams,1610612738,BOS,23.0,77,111.9,112.5,112.5,106.7,108.0,108.0,5.2,4.5,4.5,0.058,1.26,12.8,0.035,0.107,0.072,10.2,10.1,0.597,0.635,0.123,0.127,99.24,98.4,82.0,98.4,0.067,3832,2.7,5.6,130,134,134,168,205,205,108,129,129,507,400,391,273,375,333,353,347,74,59,514,519,446,506,506,429,296,294
1628960,Grayson Allen,1610612749,MIL,26.0,66,112.2,112.5,112.5,107.1,107.5,107.5,5.1,5.0,5.0,0.075,2.33,13.6,0.017,0.097,0.058,5.8,5.8,0.588,0.609,0.148,0.153,102.06,101.69,84.74,101.69,0.081,3842,3.9,8.6,126,129,129,183,180,180,112,119,119,431,135,366,446,436,452,84,83,92,106,407,411,170,197,197,317,170,171
1630535,Greg Brown III,1610612757,POR,20.0,48,99.7,99.1,99.1,115.6,116.8,116.8,-15.9,-17.6,-17.6,0.087,0.97,12.0,0.057,0.15,0.103,12.4,12.4,0.476,0.515,0.168,0.172,102.19,101.99,84.99,101.99,0.064,1359,1.7,4.0,525,527,527,527,542,542,543,554,554,366,477,422,174,184,191,485,484,439,419,305,308,158,175,175,457,401,399
202328,Greg Monroe,1610612750,MIN,32.0,14,111.7,109.8,109.8,110.6,108.9,108.9,1.0,0.9,0.9,0.162,1.83,21.8,0.141,0.176,0.158,11.9,11.9,0.561,0.566,0.164,0.171,101.22,102.88,85.73,102.88,0.11,418,2.3,4.1,143,234,234,356,240,240,234,234,234,181,249,148,16,124,55,461,464,155,243,326,319,253,115,115,133,338,389
1628977,Hamidou Diallo,1610612765,DET,23.0,58,101.5,103.1,103.1,109.4,110.7,110.7,-7.9,-7.6,-7.6,0.098,1.26,10.2,0.049,0.162,0.103,8.1,8.1,0.518,0.541,0.213,0.216,102.1,100.69,83.9,100.69,0.107,2657,4.5,9.1,497,462,462,290,345,345,458,457,457,331,399,490,206,158,190,197,198,307,338,128,137,167,299,299,149,132,155
203084,Harrison Barnes,1610612758,SAC,30.0,77,108.3,110.0,110.0,115.4,116.7,116.7,-7.1,-6.7,-6.7,0.103,1.58,14.2,0.031,0.135,0.082,9.0,8.9,0.554,0.623,0.184,0.188,102.55,101.14,84.28,101.14,0.105,5446,5.1,10.8,295,225,225,519,541,541,443,440,440,318,313,343,303,243,272,263,258,175,81,230,242,130,248,248,155,105,114
202355,Hassan Whiteside,1610612762,UTA,33.0,65,117.9,119.2,119.2,109.1,109.0,109.0,8.8,10.1,10.1,0.031,0.49,5.4,0.142,0.275,0.209,11.0,11.0,0.652,0.662,0.164,0.167,100.21,99.72,83.1,99.72,0.132,2408,3.3,5.1,17,14,14,271,253,253,44,31,31,557,537,556,15,15,6,413,413,32,38,325,338,344,384,384,59,218,329
1629755,Hassani Gravett,1610612753,ORL,25.0,8,107.3,105.8,105.8,108.2,107.6,107.6,-0.9,-1.8,-1.8,0.177,2.22,29.0,0.006,0.114,0.063,13.0,13.1,0.618,0.629,0.13,0.133,95.05,95.95,79.96,95.95,0.084,344,2.3,4.8,335,388,388,221,184,184,290,318,318,154,152,60,554,338,408,505,507,53,70,494,497,588,588,588,298,344,350
1629312,Haywood Highsmith,1610612748,MIA,25.0,19,107.0,105.6,105.6,115.5,114.0,114.0,-8.5,-8.5,-8.5,0.052,2.0,10.5,0.056,0.097,0.076,5.3,5.2,0.446,0.446,0.131,0.136,100.24,101.54,84.62,101.54,0.036,342,0.8,2.4,349,399,399,525,491,491,473,469,469,524,190,476,179,443,310,64,64,490,520,487,483,343,212,212,543,524,496
1630529,Herbert Jones,1610612740,NOP,23.0,78,110.9,112.2,112.2,109.6,110.2,110.2,1.3,2.0,2.0,0.097,1.67,18.3,0.041,0.086,0.063,10.9,10.9,0.525,0.573,0.136,0.138,99.76,98.84,82.37,98.84,0.068,4796,3.5,7.4,184,148,148,299,320,320,223,199,199,333,285,232,238,501,402,411,408,285,220,465,478,395,474,474,416,198,205
1629649,Ignas Brazdeikis,1610612753,ORL,23.0,42,101.1,100.6,100.6,117.0,116.4,116.4,-16.0,-15.7,-15.7,0.11,2.18,14.4,0.038,0.09,0.062,6.6,6.6,0.503,0.52,0.172,0.178,101.08,101.58,84.65,101.58,0.061,1136,1.9,4.5,507,504,504,544,534,534,544,543,543,288,160,330,257,483,412,113,116,352,402,286,288,264,209,209,464,375,373
1630193,Immanuel Quickley,1610612752,NYK,23.0,78,111.4,111.4,111.4,103.3,104.8,104.8,8.1,6.6,6.6,0.244,2.78,23.3,0.017,0.114,0.066,8.4,8.3,0.487,0.543,0.217,0.225,96.93,96.27,80.22,96.27,0.11,3626,3.6,9.3,156,177,177,72,101,101,52,79,79,86,70,126,453,342,375,216,210,406,333,116,114,568,584,584,136,187,147
1629067,Isaac Bonga,1610612761,TOR,22.0,15,87.6,84.1,84.1,107.3,106.7,106.7,-19.7,-22.6,-22.6,0.089,2.0,17.4,0.043,0.038,0.041,8.7,8.9,0.269,0.363,0.108,0.112,102.48,104.87,87.39,104.87,0.021,151,0.2,0.9,574,573,573,191,157,157,559,565,565,360,190,255,222,580,556,237,254,563,555,559,557,138,59,59,561,571,579
1630171,Isaac Okoro,1610612739,CLE,21.0,67,112.3,112.4,112.4,108.5,109.3,109.3,3.8,3.1,3.1,0.083,2.09,17.8,0.037,0.065,0.052,8.5,8.6,0.544,0.589,0.123,0.125,97.96,97.54,81.29,97.54,0.057,4014,3.1,6.4,115,139,139,234,266,266,146,167,167,390,176,243,258,555,513,223,226,203,166,517,524,531,546,546,485,240,257
1628392,Isaiah Hartenstein,1610612746,LAC,24.0,68,111.5,112.1,112.1,105.4,105.0,105.0,6.1,7.0,7.0,0.193,1.9,24.0,0.097,0.158,0.13,12.6,12.6,0.645,0.664,0.177,0.183,100.81,100.73,83.94,100.73,0.132,2547,3.4,5.4,151,158,158,116,111,111,90,71,71,138,232,117,70,168,97,493,494,37,37,270,265,292,292,292,57,214,308
1630543,Isaiah Jackson,1610612754,IND,20.0,36,112.2,113.3,113.3,116.9,116.1,116.1,-4.7,-2.8,-2.8,0.027,0.25,3.4,0.109,0.157,0.133,13.6,13.6,0.575,0.607,0.214,0.219,103.13,103.0,85.83,103.0,0.093,1158,3.2,5.7,123,99,99,543,530,530,387,346,346,561,546,564,50,173,89,519,520,118,113,127,127,93,110,110,243,224,285
1630198,Isaiah Joe,1610612755,PHI,22.0,55,108.6,108.2,108.2,106.7,106.5,106.5,1.8,1.7,1.7,0.08,1.84,14.5,0.01,0.079,0.045,7.9,7.8,0.477,0.519,0.144,0.152,99.08,99.35,82.79,99.35,0.051,1262,1.1,3.2,278,311,311,170,151,151,207,212,212,405,246,323,540,522,540,177,173,433,403,429,416,462,421,421,505,481,457
1630587,Isaiah Livers,1610612765,DET,23.0,19,111.9,113.8,113.8,114.1,114.6,114.6,-2.2,-0.8,-0.8,0.077,1.4,15.9,0.037,0.109,0.072,11.4,11.3,0.606,0.629,0.125,0.127,99.32,98.25,81.88,98.25,0.066,783,2.2,4.7,134,81,81,489,505,505,328,287,287,427,361,290,260,366,331,435,434,60,68,509,517,440,513,513,440,354,353
1629676,Isaiah Roby,1610612760,OKC,24.0,45,104.4,104.6,104.6,112.7,113.4,113.4,-8.3,-8.8,-8.8,0.117,1.65,14.5,0.074,0.145,0.109,8.8,8.8,0.582,0.607,0.185,0.188,102.51,102.08,85.07,102.08,0.101,2014,3.7,7.2,437,430,430,453,470,470,466,477,477,267,293,326,123,202,171,246,248,105,111,227,241,136,165,165,183,181,215
1630191,Isaiah Stewart,1610612765,DET,21.0,71,101.3,102.6,102.6,110.8,112.1,112.1,-9.5,-9.5,-9.5,0.07,0.96,11.7,0.111,0.217,0.161,12.1,12.1,0.526,0.55,0.144,0.146,99.78,98.58,82.15,98.58,0.096,3723,3.5,6.9,502,470,470,366,418,418,491,488,488,455,478,431,44,54,46,473,476,280,300,431,444,393,495,495,220,196,230
202738,Isaiah Thomas,1610612766,CHA,33.0,22,107.0,107.8,107.8,110.4,109.0,109.0,-3.4,-1.3,-1.3,0.155,2.27,15.0,0.012,0.071,0.042,6.6,6.6,0.485,0.516,0.245,0.251,101.64,101.89,84.91,101.89,0.074,707,3.0,7.6,348,327,327,346,252,252,359,302,302,196,143,310,522,544,554,115,113,414,416,69,67,214,179,179,368,250,191
1630225,Isaiah Todd,1610612764,WAS,20.0,12,89.8,87.7,87.7,106.7,103.2,103.2,-16.9,-15.6,-15.6,0.095,1.0,10.8,0.034,0.123,0.075,10.8,10.9,0.346,0.349,0.188,0.194,96.93,99.69,83.08,99.69,0.033,154,0.6,2.2,570,568,568,166,68,68,549,541,541,338,454,466,277,284,321,399,407,550,559,220,222,567,388,388,547,541,506
202397,Ish Smith,1610612764,WAS,33.0,65,107.2,107.1,107.1,112.5,113.8,113.8,-5.2,-6.7,-6.7,0.318,3.13,32.1,0.021,0.1,0.061,10.2,10.2,0.459,0.465,0.195,0.201,101.21,100.71,83.92,100.71,0.092,2364,2.8,6.6,337,347,347,442,481,481,399,442,442,28,49,39,399,415,434,363,360,469,503,196,196,254,295,295,250,272,247
1630688,Ish Wainright,1610612756,PHX,27.0,45,106.5,106.2,106.2,102.1,100.6,100.6,4.4,5.6,5.6,0.057,1.15,11.0,0.066,0.072,0.069,9.6,9.5,0.486,0.494,0.134,0.14,102.45,103.3,86.08,103.3,0.043,770,0.9,2.3,366,377,377,53,49,49,124,104,104,508,425,457,138,540,349,309,301,411,465,478,471,141,92,92,523,514,503
1627826,Ivica Zubac,1610612746,LAC,25.0,76,107.5,108.7,108.7,111.2,112.2,112.2,-3.7,-3.5,-3.5,0.097,1.05,14.4,0.115,0.223,0.17,13.7,13.8,0.626,0.66,0.168,0.169,99.12,98.13,81.78,98.13,0.123,3786,4.1,6.5,326,286,286,394,422,422,364,364,364,334,446,331,38,49,34,523,525,50,42,307,326,460,520,520,79,156,255
1630550,JT Thor,1610612766,CHA,19.0,33,108.7,107.2,107.2,107.4,106.9,106.9,1.2,0.3,0.3,0.097,1.9,20.7,0.04,0.111,0.077,10.9,10.8,0.5,0.525,0.116,0.121,101.52,102.46,85.38,102.46,0.06,555,0.7,1.7,272,342,342,194,166,166,225,259,259,332,233,174,243,351,300,405,399,363,387,538,535,222,143,143,472,532,542
1629630,Ja Morant,1610612763,MEM,22.0,57,113.6,115.3,115.3,109.3,111.2,111.2,4.3,4.1,4.1,0.33,1.96,19.8,0.037,0.124,0.08,10.1,10.1,0.53,0.575,0.33,0.336,103.07,101.46,84.55,101.46,0.163,4003,10.2,20.6,69,50,50,287,370,370,130,138,138,22,215,188,259,279,281,349,348,261,211,10,11,96,224,224,16,6,5
203210,JaMychal Green,1610612743,DEN,32.0,67,106.9,106.8,106.8,110.6,110.3,110.3,-3.7,-3.5,-3.5,0.084,1.04,12.1,0.073,0.187,0.129,11.7,11.8,0.537,0.587,0.168,0.172,99.16,99.32,82.77,99.32,0.093,2241,2.4,4.9,354,358,358,355,322,322,367,366,366,386,451,420,124,102,99,453,457,236,171,306,306,455,428,428,242,328,344
1630605,JaQuori McLaughlin,1610612742,DAL,24.0,4,101.4,100.0,100.0,141.6,134.6,134.6,-40.2,-34.6,-34.6,0.2,0.0,50.0,0.0,0.0,0.0,0.0,0.0,0.0,0.0,0.065,0.07,110.88,114.5,95.41,114.5,-0.021,26,0.0,0.5,499,512,512,599,594,594,585,581,581,126,549,1,557,583,586,1,1,578,582,591,590,16,11,11,589,578,589
201580,JaVale McGee,1610612756,PHX,34.0,74,109.2,110.4,110.4,105.5,104.6,104.6,3.7,5.8,5.8,0.055,0.43,6.4,0.134,0.266,0.201,14.9,14.8,0.631,0.651,0.214,0.221,102.13,102.0,85.0,102.0,0.152,2479,3.9,6.2,257,212,212,119,95,95,151,100,100,515,538,551,18,21,10,552,552,48,47,120,121,165,172,172,30,169,268
203953,Jabari Parker,1610612738,BOS,27.0,12,105.2,103.9,103.9,106.2,104.7,104.7,-1.0,-0.8,-0.8,0.094,0.75,10.7,0.042,0.18,0.113,14.3,14.3,0.579,0.632,0.191,0.195,98.31,99.67,83.06,99.67,0.117,231,1.5,3.2,416,448,448,152,98,98,292,285,285,348,505,469,229,118,151,539,543,108,66,211,218,512,390,390,102,419,460
1630183,Jaden McDaniels,1610612750,MIN,21.0,70,108.0,109.9,109.9,108.4,109.3,109.3,-0.5,0.6,0.6,0.063,1.05,10.8,0.038,0.115,0.075,10.2,10.1,0.532,0.553,0.149,0.153,103.82,102.49,85.41,102.49,0.061,3840,3.6,7.9,309,233,233,231,265,265,275,248,248,487,445,468,255,333,313,361,353,252,288,398,415,63,141,141,467,186,185
1630531,Jaden Springer,1610612755,PHI,19.0,2,69.9,69.2,69.2,126.5,141.7,141.7,-56.6,-72.4,-72.4,0.0,0.0,0.0,0.143,0.125,0.133,50.0,50.0,1.0,1.0,0.118,0.134,112.13,106.51,88.76,106.51,0.184,13,0.5,0.5,588,588,588,585,597,597,597,596,596,569,549,569,13,273,88,602,602,1,1,533,492,11,40,40,8,544,589
203109,Jae Crowder,1610612756,PHX,31.0,67,116.0,116.1,116.1,104.4,105.9,105.9,11.6,10.2,10.2,0.08,2.25,16.4,0.017,0.16,0.092,7.3,7.2,0.516,0.541,0.146,0.149,101.89,101.06,84.22,101.06,0.077,3966,3.2,8.1,33,39,39,95,133,133,25,30,30,404,147,273,457,164,222,139,139,318,335,423,428,192,254,254,352,222,183
1630256,Jae'Sean Tate,1610612745,HOU,26.0,78,104.3,105.3,105.3,114.1,114.2,114.2,-9.8,-8.9,-8.9,0.171,1.6,19.0,0.063,0.135,0.098,11.9,11.9,0.541,0.567,0.194,0.198,102.54,101.95,84.96,101.95,0.09,4361,4.7,9.3,444,413,413,486,496,496,494,479,479,164,310,208,145,242,200,463,465,217,238,202,205,131,177,177,263,125,145
1630186,Jahmi'us Ramsey,1610612758,SAC,21.0,19,112.9,112.5,112.5,123.0,118.5,118.5,-10.1,-6.0,-6.0,0.075,1.4,9.1,0.027,0.068,0.046,6.5,6.6,0.457,0.468,0.208,0.214,102.01,104.12,86.77,104.12,0.038,289,1.3,3.1,94,137,137,575,561,561,499,424,424,430,361,514,337,551,535,106,112,473,501,142,145,176,73,73,538,461,463
1630693,Jaime Echenique,1610612764,WAS,25.0,1,25.8,20.0,20.0,41.0,50.0,50.0,-15.2,-30.0,-30.0,0.0,0.0,0.0,0.0,0.0,0.0,0.0,0.0,0.0,0.0,0.0,0.0,68.56,70.43,58.7,70.43,0.0,5,0.0,0.0,603,603,603,1,2,2,541,575,575,569,549,569,557,583,586,1,1,578,582,598,598,605,605,605,577,578,597
1627774,Jake Layman,1610612750,MIN,28.0,34,107.6,105.3,105.3,109.8,108.7,108.7,-2.2,-3.4,-3.4,0.055,0.9,9.0,0.025,0.123,0.074,10.0,10.0,0.466,0.5,0.16,0.166,103.73,105.34,87.78,105.34,0.064,509,0.9,2.1,325,415,415,309,234,234,323,362,362,514,487,518,358,286,322,336,341,458,449,343,343,67,56,56,456,517,507
1627751,Jakob Poeltl,1610612759,SAS,26.0,68,113.7,115.2,115.2,111.3,111.8,111.8,2.5,3.4,3.4,0.131,1.73,18.1,0.125,0.184,0.154,10.4,10.4,0.619,0.613,0.182,0.184,101.52,100.62,83.85,100.62,0.119,4119,6.0,9.8,65,51,51,396,407,407,192,156,156,240,272,237,27,105,60,376,375,52,98,249,261,221,308,308,91,77,138
1628973,Jalen Brunson,1610612742,DAL,25.0,79,112.3,113.8,113.8,108.1,109.4,109.4,4.2,4.4,4.4,0.237,3.04,23.7,0.017,0.105,0.062,7.8,7.7,0.549,0.583,0.215,0.22,96.9,95.68,79.73,95.68,0.122,5036,6.4,12.8,117,83,83,216,268,268,134,134,134,93,51,124,443,392,419,171,168,192,178,118,123,570,591,591,85,61,79
1630224,Jalen Green,1610612745,HOU,20.0,67,104.0,105.7,105.7,116.2,116.9,116.9,-12.2,-11.3,-11.3,0.132,1.3,12.9,0.015,0.088,0.051,9.9,9.9,0.508,0.547,0.234,0.237,103.67,102.5,85.42,102.5,0.085,4563,6.1,14.2,451,397,397,537,546,546,516,512,512,237,389,387,484,495,514,332,332,331,315,83,89,70,138,138,292,76,55
1630552,Jalen Johnson,1610612737,ATL,20.0,22,101.2,95.8,95.8,106.0,105.8,105.8,-4.9,-10.0,-10.0,0.045,0.33,5.4,0.016,0.175,0.099,16.1,16.0,0.573,0.59,0.183,0.196,101.37,104.26,86.88,104.26,0.096,265,1.0,1.9,505,543,543,144,128,128,390,495,495,541,542,557,470,126,198,565,566,125,163,241,214,238,71,71,219,493,528
1629667,Jalen McDaniels,1610612766,CHA,24.0,55,111.5,111.7,111.7,107.2,109.1,109.1,4.4,2.6,2.6,0.089,1.61,15.2,0.039,0.138,0.089,9.4,9.5,0.565,0.595,0.152,0.155,101.94,100.96,84.13,100.96,0.082,1882,2.2,4.6,149,168,168,187,258,258,129,183,183,359,307,301,249,236,240,297,303,142,142,381,398,183,267,267,312,347,362
1630188,Jalen Smith,1610612754,IND,22.0,51,110.5,112.0,112.0,109.8,109.3,109.3,0.7,2.7,2.7,0.038,0.57,5.2,0.101,0.216,0.157,9.1,9.1,0.56,0.595,0.193,0.197,101.16,100.73,83.94,100.73,0.119,1930,3.5,6.9,195,161,161,314,263,263,246,181,181,550,526,559,60,56,56,274,272,158,141,203,207,259,293,293,94,207,232
1630591,Jalen Suggs,1610612753,ORL,21.0,48,99.9,100.6,100.6,107.1,107.8,107.8,-7.3,-7.1,-7.1,0.249,1.46,21.5,0.019,0.102,0.061,14.7,14.7,0.4,0.455,0.244,0.25,103.15,102.44,85.36,102.44,0.064,2785,4.1,11.4,522,503,503,185,191,191,449,452,452,80,343,152,430,405,433,549,549,531,513,72,74,90,144,144,450,151,101
1630547,James Bouknight,1610612766,CHA,21.0,31,108.5,108.0,108.0,114.2,114.2,114.2,-5.7,-6.2,-6.2,0.132,1.73,13.3,0.064,0.09,0.077,7.7,7.7,0.408,0.459,0.226,0.232,103.47,103.73,86.44,103.73,0.06,654,1.6,4.5,283,318,318,494,495,495,412,430,430,238,273,374,142,484,302,161,162,520,509,98,98,78,84,84,468,413,366
203516,James Ennis III,1610612743,DEN,31.0,7,109.6,110.1,110.1,107.8,109.2,109.2,1.8,0.9,0.9,0.081,1.5,9.7,0.086,0.121,0.103,6.5,6.4,0.521,0.553,0.206,0.218,104.08,103.17,85.97,103.17,0.098,119,1.6,3.4,243,223,223,207,259,259,209,235,235,398,329,505,92,296,187,103,103,300,285,153,135,53,98,98,199,415,440
201935,James Harden,1610612755,PHI,32.0,65,113.7,114.9,114.9,109.7,111.4,111.4,4.1,3.5,3.5,0.401,2.35,30.9,0.024,0.176,0.103,13.1,13.0,0.485,0.583,0.266,0.273,100.79,99.49,82.91,99.49,0.153,5015,6.3,15.3,64,54,54,305,382,382,138,153,153,9,129,46,375,123,189,511,505,416,179,45,47,294,409,409,26,67,45
201949,James Johnson,1610612751,BKN,35.0,62,107.6,108.9,108.9,108.1,110.5,110.5,-0.5,-1.6,-1.6,0.153,2.71,25.6,0.041,0.127,0.085,9.4,9.4,0.507,0.513,0.136,0.139,100.33,98.66,82.22,98.66,0.068,2440,2.3,5.0,323,279,279,215,334,334,278,314,314,197,81,96,235,267,253,297,297,337,423,472,476,339,489,489,420,333,338
1630691,Jamorko Pickett,1610612765,DET,24.0,13,108.5,109.1,109.1,107.1,108.8,108.8,1.4,0.3,0.3,0.057,1.4,11.1,0.032,0.141,0.086,7.9,8.0,0.49,0.491,0.133,0.135,102.96,101.87,84.89,101.87,0.057,374,1.4,3.8,284,270,270,181,239,239,220,258,258,509,361,450,295,224,250,182,186,401,470,480,486,103,183,183,482,440,406
1630215,Jared Butler,1610612762,UTA,21.0,42,113.3,112.5,112.5,114.1,112.6,112.6,-0.8,-0.1,-0.1,0.258,1.91,24.8,0.014,0.102,0.061,13.0,13.0,0.497,0.509,0.221,0.23,100.7,101.73,84.78,101.73,0.073,758,1.5,3.6,82,131,131,492,440,440,288,268,268,68,230,106,494,404,430,503,504,386,432,106,102,305,193,193,382,429,426
1629607,Jared Harper,1610612740,NOP,24.0,5,129.2,133.3,133.3,124.8,123.5,123.5,4.4,9.8,9.8,0.538,7.0,32.6,0.047,0.0,0.025,4.7,4.6,0.635,0.666,0.287,0.298,95.63,94.58,78.82,94.58,0.179,84,2.8,5.2,9,7,7,580,581,581,127,35,35,3,5,35,215,583,580,53,53,46,36,26,25,583,597,597,12,278,320
1628991,Jaren Jackson Jr.,1610612763,MEM,22.0,78,112.6,113.9,113.9,105.7,106.0,106.0,6.9,7.9,7.9,0.058,0.66,6.1,0.05,0.145,0.097,9.3,9.3,0.477,0.535,0.248,0.254,102.74,101.97,84.98,101.97,0.096,4518,5.5,13.3,106,78,78,122,137,137,76,58,58,506,519,552,201,203,207,284,283,436,362,63,64,114,176,176,224,92,71
1629020,Jarred Vanderbilt,1610612750,MIN,23.0,74,113.4,115.5,115.5,109.3,110.5,110.5,4.2,5.0,5.0,0.066,1.29,16.0,0.107,0.212,0.158,12.5,12.5,0.59,0.612,0.108,0.109,102.49,101.0,84.17,101.0,0.103,3941,2.9,4.9,78,47,47,286,333,333,135,118,118,474,392,284,53,62,52,487,487,90,101,560,565,137,261,261,172,269,345
1628386,Jarrett Allen,1610612739,CLE,24.0,56,109.5,110.0,110.0,105.3,106.7,106.7,4.3,3.3,3.3,0.079,0.98,11.1,0.109,0.213,0.163,11.3,11.3,0.678,0.698,0.177,0.181,98.18,97.3,81.08,97.3,0.16,3674,6.6,9.7,244,226,226,112,158,158,131,160,160,410,475,454,49,59,43,431,431,23,20,268,275,520,559,559,21,53,140
1629633,Jarrett Culver,1610612763,MEM,23.0,37,104.4,104.3,104.3,106.8,106.6,106.6,-2.4,-2.3,-2.3,0.135,1.65,16.3,0.033,0.101,0.065,9.9,9.9,0.422,0.433,0.199,0.204,103.12,103.26,86.05,103.26,0.048,727,1.4,3.6,439,439,439,171,153,153,335,334,334,232,294,276,284,412,383,328,331,514,528,180,183,94,93,93,514,442,421
1629600,Jarron Cumberland,1610612757,POR,24.0,3,140.6,144.0,144.0,105.8,103.8,103.8,34.8,40.2,40.2,0.1,0.0,33.3,0.059,0.182,0.107,0.0,0.0,0.5,0.5,0.061,0.061,99.61,99.38,82.81,99.38,0.058,25,0.3,0.7,6,5,5,131,82,82,6,6,6,327,549,28,166,111,173,1,1,363,450,594,593,406,417,417,481,561,583
1629602,Javin DeLaurier,1610612749,MIL,24.0,1,200.0,171.4,171.4,118.3,114.3,114.3,81.7,57.1,57.1,0.0,0.0,0.0,0.0,0.25,0.2,0.0,0.0,0.0,0.0,0.0,0.0,109.37,120.0,100.0,120.0,0.051,7,0.0,0.0,4,4,4,553,498,498,2,5,5,569,549,569,557,30,11,1,1,578,582,598,598,19,9,9,503,578,597
1629750,Javonte Green,1610612741,CHI,28.0,65,113.4,113.6,113.6,111.0,112.0,112.0,2.4,1.6,1.6,0.051,2.0,13.1,0.062,0.12,0.092,6.5,6.6,0.597,0.637,0.113,0.115,101.03,100.5,83.75,100.5,0.077,3167,2.7,5.0,79,87,87,375,412,412,195,215,215,529,190,382,149,297,228,108,111,75,57,543,548,271,318,318,346,291,333
1630606,Javonte Smart,1610612748,MIA,23.0,17,101.9,99.8,99.8,109.8,110.3,110.3,-7.9,-10.6,-10.6,0.121,1.45,17.8,0.022,0.094,0.056,12.2,12.3,0.383,0.407,0.154,0.158,99.58,100.39,83.66,100.39,0.039,419,1.1,3.5,489,521,521,313,323,323,459,505,505,262,345,244,395,463,478,481,481,536,540,373,378,412,327,327,535,484,431
1629637,Jaxson Hayes,1610612740,NOP,22.0,70,110.1,109.7,109.7,108.7,109.2,109.2,1.4,0.5,0.5,0.047,0.8,7.5,0.08,0.146,0.113,9.4,9.3,0.641,0.68,0.159,0.164,100.03,99.98,83.32,99.98,0.11,2914,3.5,5.7,210,239,239,244,260,260,218,249,249,538,502,540,105,197,154,292,290,41,26,351,352,366,361,361,137,199,289
1630643,Jay Huff,1610612747,LAL,24.0,4,88.7,88.6,88.6,57.8,52.2,52.2,30.9,36.5,36.5,0.071,1.0,20.0,0.04,0.111,0.077,20.0,20.0,0.0,0.0,0.083,0.083,101.31,106.67,88.89,106.67,0.02,44,0.0,0.8,571,566,566,3,3,3,8,7,7,445,454,179,244,355,297,587,587,578,582,583,585,245,39,39,566,578,582
1630206,Jay Scrubb,1610612746,LAC,21.0,18,106.9,105.5,105.5,100.8,98.6,98.6,6.1,6.9,6.9,0.095,1.14,12.3,0.016,0.1,0.06,10.8,10.7,0.457,0.486,0.188,0.194,107.39,109.34,91.12,109.34,0.065,275,1.0,2.6,352,403,403,41,37,37,91,74,74,338,430,413,467,415,436,396,394,474,479,220,221,23,30,30,444,493,489
1627759,Jaylen Brown,1610612738,BOS,25.0,66,113.1,113.5,113.5,102.4,103.8,103.8,10.8,9.8,9.8,0.173,1.3,13.1,0.024,0.145,0.088,10.1,10.1,0.541,0.574,0.298,0.304,99.42,98.57,82.15,98.57,0.135,4563,8.7,18.4,87,91,91,58,78,78,32,36,36,160,390,379,367,204,246,347,345,214,212,21,20,425,497,497,51,17,20
1629658,Jaylen Hoard,1610612760,OKC,23.0,7,101.7,101.8,101.8,118.9,119.1,119.1,-17.2,-17.2,-17.2,0.113,2.13,14.0,0.112,0.228,0.167,6.6,6.6,0.539,0.536,0.184,0.188,98.68,98.58,82.15,98.58,0.121,491,6.3,12.9,492,487,487,558,564,564,551,550,550,281,170,349,42,45,40,112,114,227,361,232,239,490,496,496,86,64,77
1628537,Jaylen Morris,1610612759,SAS,26.0,3,112.0,114.3,114.3,98.4,91.4,91.4,13.6,22.9,22.9,0.143,2.0,18.2,0.0,0.118,0.059,9.1,9.3,0.0,0.129,0.231,0.226,102.15,104.78,87.32,104.78,-0.074,35,0.0,2.0,128,71,71,31,18,18,19,13,13,222,190,234,557,315,445,266,287,578,580,91,111,162,61,61,594,578,514
1629669,Jaylen Nowell,1610612750,MIN,22.0,62,114.5,114.5,114.5,111.4,111.7,111.7,3.1,2.8,2.8,0.197,3.61,21.1,0.022,0.1,0.061,5.8,5.8,0.551,0.581,0.205,0.211,103.63,103.5,86.25,103.5,0.108,2107,3.2,6.7,54,64,64,402,402,402,169,176,176,133,31,161,394,415,424,85,85,183,186,155,158,72,88,88,144,230,245
1629873,Jaysean Paige,1610612765,DET,27.0,1,41.5,43.8,43.8,91.8,113.3,113.3,-50.3,-69.6,-69.6,0.333,1.0,20.0,0.0,0.091,0.043,20.0,20.0,0.0,0.0,0.211,0.224,128.4,112.44,93.7,112.44,-0.286,16,0.0,3.0,602,598,598,14,468,468,592,595,595,21,454,179,557,478,550,587,587,578,582,137,116,1,16,16,604,578,466
1628369,Jayson Tatum,1610612738,BOS,24.0,76,115.2,115.5,115.5,102.5,103.4,103.4,12.7,12.1,12.1,0.204,1.54,14.5,0.032,0.18,0.109,9.4,9.3,0.526,0.578,0.313,0.322,98.68,98.12,81.77,98.12,0.159,5578,9.3,20.6,46,48,48,60,72,72,21,24,24,122,321,325,294,117,167,290,291,275,198,15,15,491,521,521,23,12,6
1630288,Jeff Dowtin Jr.,1610612753,ORL,25.0,9,98.5,97.4,97.4,111.1,109.6,109.6,-12.6,-12.3,-12.3,0.139,2.0,24.4,0.065,0.097,0.08,12.2,11.9,0.327,0.353,0.119,0.126,100.54,101.76,84.8,101.76,0.05,230,0.9,2.9,535,538,538,379,286,286,522,520,520,225,190,111,141,442,283,478,468,555,557,529,522,319,191,191,506,515,473
201145,Jeff Green,1610612743,DEN,35.0,75,112.3,113.3,113.3,111.6,111.5,111.5,0.7,1.8,1.8,0.071,1.35,12.3,0.024,0.1,0.063,9.1,9.1,0.574,0.627,0.16,0.164,99.97,99.56,82.97,99.56,0.075,3831,3.7,7.1,119,102,102,409,389,389,244,210,210,448,374,412,378,414,401,273,266,123,74,337,353,370,403,403,365,180,220
1629203,Jemerrio Jones,1610612747,LAL,27.0,2,84.9,83.9,83.9,134.1,121.9,121.9,-49.3,-38.0,-38.0,0.0,0.0,0.0,0.118,0.056,0.086,0.0,0.0,0.667,0.667,0.083,0.089,97.39,102.74,85.62,102.74,0.069,31,1.0,1.5,578,575,575,591,577,577,590,583,583,569,549,569,35,569,251,1,1,27,34,583,583,560,124,124,406,493,550
203924,Jerami Grant,1610612765,DET,28.0,47,102.0,102.9,102.9,109.2,110.7,110.7,-7.1,-7.8,-7.8,0.13,1.31,11.1,0.017,0.108,0.06,8.5,8.4,0.491,0.556,0.253,0.259,99.38,98.31,81.93,98.31,0.112,3082,6.3,14.9,486,468,468,279,343,343,446,459,459,241,388,455,452,367,437,221,216,397,278,56,61,432,508,508,125,63,50
1630526,Jeremiah Robinson-Earl,1610612760,OKC,21.0,49,100.1,101.1,101.1,110.8,110.9,110.9,-10.7,-9.8,-9.8,0.069,1.26,11.2,0.061,0.172,0.115,8.9,8.9,0.503,0.526,0.152,0.154,100.08,99.57,82.97,99.57,0.084,2247,2.7,6.6,518,497,497,361,352,352,509,491,491,456,401,446,154,133,146,258,259,350,384,383,399,358,402,402,299,285,248
203087,Jeremy Lamb,1610612758,SAC,30.0,56,109.7,110.3,110.3,109.7,109.7,109.7,0.0,0.6,0.6,0.124,2.19,15.9,0.026,0.134,0.079,7.3,7.2,0.463,0.521,0.189,0.196,100.86,100.62,83.85,100.62,0.092,1965,2.4,6.2,234,214,214,306,288,288,263,247,247,258,156,289,343,246,286,141,140,462,396,217,213,289,306,306,249,326,266
1630579,Jericho Sims,1610612752,NYK,23.0,41,110.9,109.3,109.3,103.1,102.9,102.9,7.9,6.5,6.5,0.054,1.05,19.3,0.108,0.187,0.148,18.3,18.6,0.722,0.674,0.068,0.07,98.22,99.02,82.52,99.02,0.074,1146,1.0,1.3,182,258,258,69,62,62,54,84,84,518,447,201,51,100,67,583,585,13,30,590,591,516,461,461,372,513,560
1628975,Jevon Carter,1610612749,MIL,26.0,66,109.0,107.3,107.3,110.3,110.3,110.3,-1.3,-3.0,-3.0,0.148,2.82,24.6,0.014,0.097,0.056,8.7,8.7,0.518,0.531,0.135,0.141,101.08,101.81,84.85,101.81,0.067,1922,1.5,3.8,263,339,339,338,325,325,297,350,350,212,64,109,491,441,474,237,238,308,376,475,467,263,186,186,425,424,408
202710,Jimmy Butler III,1610612748,MIA,32.0,57,112.5,114.4,114.4,107.1,108.4,108.4,5.4,6.1,6.1,0.264,2.58,21.4,0.055,0.125,0.09,8.3,8.3,0.496,0.592,0.26,0.265,97.89,96.49,80.41,96.49,0.164,3886,7.0,14.5,108,69,69,178,220,220,102,90,90,65,94,153,184,278,236,207,206,387,158,52,56,538,579,579,14,43,52
1629111,Jock Landale,1610612759,SAS,26.0,54,107.5,107.9,107.9,110.1,109.0,109.0,-2.6,-1.1,-1.1,0.115,1.45,15.2,0.094,0.118,0.106,10.4,10.4,0.566,0.597,0.172,0.178,102.98,103.34,86.12,103.34,0.097,1266,1.9,3.8,327,320,320,329,246,246,339,298,298,276,347,303,76,311,181,375,373,139,138,289,286,98,90,90,211,383,412
203925,Joe Harris,1610612751,BKN,30.0,14,106.3,106.6,106.6,104.5,105.6,105.6,1.8,1.1,1.1,0.047,0.88,8.9,0.012,0.109,0.064,10.2,10.2,0.617,0.624,0.146,0.148,102.96,102.31,85.26,102.31,0.068,904,4.0,8.9,371,368,368,98,125,125,208,229,229,537,489,524,513,363,392,356,359,55,77,417,435,101,153,153,415,159,163
204060,Joe Ingles,1610612757,POR,34.0,45,111.0,111.9,111.9,104.0,103.7,103.7,7.0,8.2,8.2,0.195,3.43,31.7,0.01,0.099,0.056,9.2,9.2,0.54,0.551,0.129,0.132,99.37,99.09,82.57,99.09,0.077,2315,2.6,6.3,180,163,163,86,77,77,71,54,54,136,37,42,532,425,477,279,281,221,294,497,504,435,455,455,349,305,260
2207,Joe Johnson,1610612738,BOS,41.0,1,103.1,80.0,80.0,232.0,180.0,180.0,-128.9,-100.0,-100.0,0.0,0.0,0.0,0.0,0.0,0.0,0.0,0.0,1.0,1.0,0.2,0.258,95.51,123.08,102.56,123.08,0.182,5,1.0,1.0,465,582,582,603,603,603,603,598,598,569,549,569,557,583,586,1,1,1,1,179,62,586,6,6,9,493,570
1630580,Joe Wieskamp,1610612759,SAS,22.0,29,105.8,106.5,106.5,108.0,105.1,105.1,-2.2,1.5,1.5,0.065,4.5,12.3,0.017,0.045,0.031,2.7,2.8,0.482,0.494,0.129,0.133,100.06,101.08,84.23,101.08,0.039,429,0.7,1.9,394,371,371,213,112,112,324,221,221,477,13,411,449,577,579,42,42,422,464,496,501,362,252,252,536,535,522
1630555,Joel Ayayi,1610612764,WAS,22.0,7,94.8,94.7,94.7,92.9,82.5,82.5,1.9,12.2,12.2,0.364,0.0,40.0,0.037,0.105,0.065,0.0,0.0,0.167,0.167,0.133,0.136,87.23,92.6,77.16,92.6,0.059,38,0.1,0.9,556,551,551,16,10,10,205,23,23,15,549,13,260,389,382,1,1,573,578,479,480,599,600,600,477,576,580
203954,Joel Embiid,1610612755,PHI,28.0,68,114.6,115.6,115.6,106.9,107.8,107.8,7.7,7.9,7.9,0.236,1.33,13.0,0.068,0.273,0.176,9.8,9.8,0.534,0.616,0.375,0.38,97.81,96.96,80.8,96.96,0.212,4640,9.8,19.6,51,44,44,175,193,193,58,60,60,94,382,384,132,18,31,325,327,244,90,4,6,542,572,572,5,9,12
1628381,John Collins,1610612737,ATL,24.0,54,112.7,113.5,113.5,111.5,112.7,112.7,1.2,0.8,0.8,0.088,1.63,11.2,0.056,0.19,0.124,6.8,6.8,0.576,0.61,0.202,0.205,99.59,98.71,82.26,98.71,0.119,3423,6.3,11.9,102,92,92,405,442,442,228,241,241,362,298,449,180,90,111,122,123,113,104,173,179,411,488,488,95,66,95
1629723,John Konchar,1610612763,MEM,26.0,72,109.3,109.7,109.7,105.7,107.0,107.0,3.6,2.7,2.7,0.109,3.76,25.8,0.059,0.182,0.117,6.9,6.9,0.615,0.615,0.097,0.099,102.51,101.72,84.77,101.72,0.102,2745,1.9,3.6,249,241,241,123,167,167,156,179,179,292,27,95,167,111,137,123,124,57,91,574,575,134,194,194,176,382,422
1630257,Jon Teske,1610612763,MEM,25.0,3,82.9,82.4,82.4,114.2,89.5,89.5,-31.3,-7.1,-7.1,0.167,0.0,33.3,0.0,0.286,0.111,0.0,0.0,0.0,0.0,0.1,0.095,98.46,111.6,93.0,111.6,0.0,17,0.0,0.3,582,578,578,497,14,14,579,451,451,169,549,28,557,7,157,1,1,578,582,568,578,505,19,19,577,578,595
202685,Jonas Valančiūnas,1610612740,NOP,30.0,74,109.9,111.4,111.4,110.3,110.2,110.2,-0.5,1.2,1.2,0.137,1.06,13.2,0.1,0.28,0.189,12.5,12.5,0.574,0.617,0.238,0.242,98.29,97.63,81.36,97.63,0.153,4562,6.9,12.7,227,176,176,339,319,319,277,227,227,229,444,376,61,12,20,488,488,120,89,78,81,513,543,543,27,46,80
1630228,Jonathan Kuminga,1610612744,GSW,19.0,70,109.6,109.5,109.5,106.1,107.5,107.5,3.4,1.9,1.9,0.087,0.86,9.3,0.047,0.139,0.096,10.8,10.9,0.567,0.6,0.227,0.232,100.4,99.79,83.16,99.79,0.098,2457,3.4,6.6,241,250,250,148,182,182,159,202,202,368,494,511,210,230,209,398,403,135,133,97,99,330,379,379,202,213,250
1628395,Jordan Bell,1610612741,CHI,27.0,1,232.6,200.0,200.0,162.0,175.0,175.0,70.5,25.0,25.0,0.0,0.0,0.0,0.5,0.0,0.5,0.0,0.0,0.0,0.0,0.0,0.0,92.35,95.21,79.34,95.21,-0.033,4,0.0,0.0,1,1,1,600,602,602,3,11,11,569,549,569,1,583,1,1,1,578,582,598,598,595,594,594,590,578,597
203903,Jordan Clarkson,1610612762,UTA,30.0,79,114.1,115.7,115.7,105.8,107.0,107.0,8.3,8.7,8.7,0.144,1.5,12.9,0.03,0.091,0.061,8.6,8.5,0.504,0.532,0.258,0.265,99.53,98.29,81.91,98.29,0.097,4384,5.9,14.1,61,43,43,133,168,168,49,45,45,220,328,386,310,480,423,229,225,345,371,53,55,417,509,509,205,78,59
1630692,Jordan Goodwin,1610612764,WAS,23.0,2,45.0,40.0,40.0,116.3,150.0,150.0,-71.2,-110.0,-110.0,0.0,0.0,0.0,0.0,0.2,0.077,0.0,0.0,0.0,0.0,0.25,0.304,77.66,72.81,60.67,72.81,-0.286,10,0.0,1.5,601,599,599,539,599,599,598,604,604,569,549,569,557,73,297,1,1,578,582,59,23,603,604,604,604,578,550
1629162,Jordan McLaughlin,1610612750,MIN,26.0,62,111.7,111.4,111.4,108.6,109.0,109.0,3.0,2.4,2.4,0.258,4.74,41.4,0.023,0.075,0.049,8.7,8.7,0.508,0.535,0.115,0.119,105.48,105.44,87.87,105.44,0.088,1976,1.4,3.2,140,179,179,241,251,251,174,187,187,69,10,10,386,530,524,243,242,333,363,539,540,39,54,54,275,434,455
1629670,Jordan Nwora,1610612749,MIL,23.0,62,110.2,109.5,109.5,113.4,112.5,112.5,-3.2,-3.0,-3.0,0.071,1.04,9.9,0.03,0.147,0.089,9.5,9.5,0.488,0.506,0.187,0.192,102.51,103.21,86.01,103.21,0.072,2548,3.0,7.5,209,246,246,475,431,431,354,349,349,451,451,500,314,193,243,307,310,404,436,224,227,135,96,96,388,256,203
1629673,Jordan Poole,1610612744,GSW,23.0,76,111.5,112.1,112.1,104.5,105.5,105.5,7.0,6.6,6.6,0.207,1.63,18.4,0.015,0.094,0.056,11.3,11.2,0.548,0.598,0.252,0.259,100.82,100.05,83.38,100.05,0.111,4765,6.2,13.9,154,153,153,97,123,123,73,82,82,120,302,229,482,459,480,432,425,194,136,58,59,291,356,356,131,68,64
1630648,Jordan Schakel,1610612764,WAS,24.0,4,97.9,101.6,101.6,94.9,93.8,93.8,2.9,7.9,7.9,0.0,0.0,0.0,0.063,0.188,0.125,7.7,7.8,0.136,0.21,0.191,0.188,100.36,99.12,82.6,99.12,0.021,61,0.3,2.8,542,491,491,22,22,22,178,59,59,569,549,569,147,96,107,163,171,576,573,210,238,335,454,454,563,566,479
1630631,Jose Alvarado,1610612740,NOP,24.0,54,112.3,112.1,112.1,104.8,104.8,104.8,7.6,7.3,7.3,0.261,3.8,29.9,0.029,0.094,0.06,7.9,7.9,0.5,0.52,0.174,0.181,100.57,100.67,83.89,100.67,0.107,1756,2.4,5.4,116,157,157,105,100,100,61,66,66,67,26,55,326,460,440,175,178,363,399,277,278,316,300,300,146,316,306
1630528,Josh Christopher,1610612745,HOU,20.0,74,105.7,106.9,106.9,116.1,116.1,116.1,-10.4,-9.2,-9.2,0.17,1.32,18.4,0.037,0.103,0.069,14.0,14.0,0.504,0.534,0.205,0.209,103.19,102.59,85.49,102.59,0.083,2846,3.0,6.8,398,352,352,536,532,532,503,485,485,166,383,227,262,400,353,534,535,346,367,160,170,87,133,133,306,254,237
1630581,Josh Giddey,1610612760,OKC,19.0,54,100.5,101.1,101.1,109.0,109.4,109.4,-8.5,-8.3,-8.3,0.325,2.02,28.2,0.052,0.175,0.113,14.0,14.0,0.461,0.478,0.218,0.223,100.45,99.95,83.29,99.95,0.114,3538,5.2,12.4,515,496,496,266,270,270,474,467,467,23,187,65,189,127,150,533,534,465,489,113,118,324,366,366,112,102,87
1630182,Josh Green,1610612742,DAL,21.0,67,108.7,107.5,107.5,104.9,103.8,103.8,3.7,3.7,3.7,0.11,1.8,19.8,0.049,0.105,0.077,11.1,11.0,0.563,0.578,0.13,0.135,99.41,100.49,83.74,100.49,0.072,2170,1.9,3.8,273,332,332,108,81,81,149,148,148,291,256,187,204,394,301,418,418,151,195,491,488,427,319,319,390,374,411
1628404,Josh Hart,1610612757,POR,27.0,54,107.1,108.4,108.4,112.4,113.2,113.2,-5.3,-4.9,-4.9,0.19,1.96,22.5,0.033,0.183,0.107,11.4,11.4,0.569,0.61,0.184,0.187,100.34,99.35,82.79,99.35,0.117,3699,5.3,10.5,345,304,304,438,463,463,404,393,393,141,211,137,285,106,177,438,437,134,105,238,250,336,424,424,105,101,123
1628367,Josh Jackson,1610612758,SAC,25.0,51,102.7,103.6,103.6,111.7,112.2,112.2,-9.0,-8.6,-8.6,0.105,1.15,12.5,0.025,0.149,0.085,10.9,10.8,0.455,0.491,0.196,0.201,100.98,100.34,83.62,100.34,0.066,1732,2.4,5.9,471,456,456,414,421,421,484,472,472,312,429,407,361,187,255,403,401,477,471,191,197,280,333,333,437,329,282
1629006,Josh Okogie,1610612750,MIN,23.0,49,105.8,104.1,104.1,101.8,101.6,101.6,4.0,2.5,2.5,0.066,1.09,14.5,0.049,0.077,0.062,13.3,13.2,0.471,0.526,0.115,0.12,103.94,104.93,87.44,104.93,0.048,1133,0.9,2.1,391,444,444,50,53,53,140,185,185,471,440,327,205,525,413,515,512,449,385,541,536,57,58,58,512,521,509
1626196,Josh Richardson,1610612759,SAS,28.0,65,111.6,112.3,112.3,107.5,107.8,107.8,4.1,4.5,4.5,0.105,1.74,15.2,0.026,0.087,0.057,8.7,8.7,0.534,0.573,0.171,0.176,99.35,98.91,82.43,98.91,0.083,3292,3.6,8.2,146,143,143,199,194,194,139,128,128,308,270,303,348,497,464,237,237,247,221,291,294,437,468,468,309,192,179
1630563,Joshua Primo,1610612759,SAS,19.0,50,106.5,107.9,107.9,111.0,111.2,111.2,-4.5,-3.3,-3.3,0.111,1.42,18.7,0.031,0.079,0.055,13.1,13.1,0.452,0.487,0.152,0.155,102.82,102.04,85.03,102.04,0.044,2045,2.0,5.4,368,319,319,374,373,373,382,357,357,286,356,218,306,521,492,509,509,483,478,385,396,111,167,167,520,364,307
201950,Jrue Holiday,1610612749,MIL,32.0,67,117.3,118.2,118.2,108.8,109.7,109.7,8.5,8.5,8.5,0.297,2.5,27.3,0.031,0.1,0.066,10.9,10.9,0.57,0.593,0.231,0.235,101.95,101.18,84.31,101.18,0.126,4666,7.1,14.2,19,17,17,248,287,287,46,48,48,37,112,76,304,423,377,407,410,130,154,89,92,181,245,245,76,38,55
1629308,Juan Toscano-Anderson,1610612744,GSW,29.0,73,111.1,109.8,109.8,106.1,106.9,106.9,5.0,2.9,2.9,0.18,1.87,27.6,0.03,0.143,0.089,14.8,14.8,0.549,0.561,0.144,0.151,98.81,99.03,82.52,99.03,0.08,2045,1.6,3.2,171,235,235,146,164,164,113,174,174,148,244,73,315,213,241,551,551,189,262,427,422,482,459,459,328,414,456
1627823,Juancho Hernangomez,1610612762,UTA,26.0,40,113.5,113.7,113.7,112.5,113.3,113.3,1.1,0.5,0.5,0.064,1.25,12.7,0.063,0.155,0.11,10.2,10.2,0.528,0.542,0.133,0.137,97.53,97.07,80.89,97.07,0.075,895,1.1,2.7,74,84,84,441,465,465,233,252,252,484,403,393,144,175,163,356,358,268,334,481,479,555,566,566,359,486,487
203944,Julius Randle,1610612752,NYK,27.0,72,106.7,108.0,108.0,110.0,111.6,111.6,-3.3,-3.6,-3.6,0.251,1.51,18.2,0.045,0.225,0.132,12.0,12.0,0.459,0.509,0.279,0.284,98.98,97.68,81.4,97.68,0.128,5187,7.1,17.3,362,317,317,321,391,391,357,370,370,74,327,235,218,47,90,469,470,470,433,34,37,469,540,540,70,39,28
1626147,Justin Anderson,1610612754,IND,28.0,16,115.4,116.7,116.7,117.2,116.9,116.9,-1.8,-0.1,-0.1,0.135,4.13,23.1,0.013,0.142,0.076,5.6,5.5,0.458,0.493,0.149,0.154,100.4,100.0,83.33,100.0,0.067,652,2.3,5.9,40,31,31,545,544,544,309,270,270,232,17,128,508,220,307,76,76,471,467,403,403,328,360,360,423,344,279
1630551,Justin Champagnie,1610612761,TOR,21.0,36,115.7,115.4,115.4,109.5,108.0,108.0,6.2,7.4,7.4,0.051,1.38,12.2,0.111,0.126,0.118,8.9,8.9,0.537,0.571,0.111,0.116,98.48,99.31,82.75,99.31,0.07,585,0.9,1.9,35,49,49,293,204,204,88,65,65,528,370,415,47,269,135,252,256,233,228,549,545,503,431,431,393,520,529
203200,Justin Holiday,1610612758,SAC,33.0,74,107.8,108.8,108.8,113.3,113.9,113.9,-5.5,-5.1,-5.1,0.086,1.83,14.4,0.014,0.08,0.046,7.9,7.9,0.528,0.543,0.156,0.159,101.02,100.27,83.56,100.27,0.057,4302,3.5,8.9,313,281,281,471,485,485,408,399,399,369,251,329,502,517,536,179,181,269,330,367,372,273,339,339,484,195,160
1628382,Justin Jackson,1610612756,PHX,27.0,7,81.6,84.4,84.4,108.3,100.0,100.0,-26.8,-15.6,-15.6,0.125,2.0,10.5,0.019,0.167,0.079,5.3,5.3,0.433,0.472,0.177,0.18,99.83,102.01,85.01,102.01,0.096,77,0.7,2.1,583,572,572,225,41,41,571,541,541,252,190,476,427,142,288,64,66,503,497,269,280,389,171,171,217,533,508
1629620,Justin Robinson,1610612765,DET,24.0,25,95.3,93.8,93.8,111.2,111.3,111.3,-15.8,-17.5,-17.5,0.175,1.88,21.9,0.011,0.051,0.031,11.6,11.7,0.398,0.404,0.153,0.159,103.74,104.54,87.12,104.54,0.023,658,1.1,3.7,552,553,553,389,376,376,542,551,551,158,238,144,524,573,578,451,453,532,543,376,376,66,65,65,559,483,416
1626159,Justise Winslow,1610612757,POR,26.0,48,108.9,108.1,108.1,105.8,105.9,105.9,3.1,2.1,2.1,0.155,1.71,20.0,0.06,0.177,0.12,11.7,11.7,0.457,0.479,0.178,0.183,102.84,103.14,85.95,103.14,0.093,1661,2.3,5.4,266,315,315,130,132,132,168,194,194,194,277,179,159,122,126,452,454,472,488,262,263,109,100,100,240,336,311
203994,Jusuf Nurkić,1610612757,POR,27.0,56,108.3,109.9,109.9,109.2,110.1,110.1,-0.9,-0.1,-0.1,0.16,1.1,15.5,0.101,0.283,0.191,14.1,14.0,0.548,0.586,0.233,0.237,99.93,98.8,82.33,98.8,0.142,3257,5.7,10.7,294,232,232,280,307,307,289,269,269,184,438,297,59,10,18,537,538,195,172,84,90,377,482,482,38,85,119
1629752,Juwan Morgan,1610612738,BOS,25.0,2,107.0,106.2,106.2,131.3,132.3,132.3,-24.2,-26.2,-26.2,0.043,0.0,25.0,0.061,0.065,0.063,0.0,0.0,0.833,0.833,0.04,0.041,100.76,100.76,83.97,100.76,0.033,65,1.0,1.5,347,378,378,588,592,592,566,570,570,544,549,102,156,556,408,1,1,6,6,597,597,299,286,286,550,493,550
1630231,KJ Martin,1610612745,HOU,21.0,79,107.4,108.5,108.5,114.9,115.4,115.4,-7.5,-6.9,-6.9,0.091,1.68,13.7,0.047,0.131,0.088,8.2,8.1,0.591,0.603,0.158,0.162,103.18,102.4,85.33,102.4,0.095,3536,3.5,6.6,331,297,297,511,519,519,452,445,445,349,283,360,213,256,245,198,200,87,121,353,361,88,146,146,232,194,246
1629644,KZ Okpala,1610612748,MIA,23.0,21,109.2,106.9,106.9,103.8,104.2,104.2,5.4,2.7,2.7,0.082,2.8,15.1,0.044,0.118,0.081,5.4,5.4,0.5,0.521,0.141,0.147,96.44,97.25,81.04,97.25,0.068,491,1.4,3.3,255,351,351,79,90,90,105,180,180,392,66,309,220,311,275,68,69,363,394,444,440,575,560,560,419,430,452
1630539,Kai Jones,1610612766,CHA,21.0,21,99.1,93.4,93.4,105.9,104.4,104.4,-6.8,-11.1,-11.1,0.103,0.67,14.3,0.045,0.114,0.081,21.4,21.8,0.679,0.628,0.15,0.16,100.07,103.76,86.46,103.76,0.065,136,0.4,0.7,531,557,557,135,93,93,440,510,510,319,516,333,217,338,278,591,591,22,71,393,371,360,83,83,443,554,583
1626157,Karl-Anthony Towns,1610612750,MIN,26.0,74,114.3,116.9,116.9,110.5,111.6,111.6,3.8,5.3,5.3,0.177,1.19,14.2,0.074,0.21,0.141,11.9,11.8,0.591,0.64,0.272,0.277,103.16,101.48,84.57,101.48,0.159,5232,8.7,16.4,60,28,28,350,392,392,147,109,109,156,421,345,119,64,75,464,461,88,54,38,41,89,223,223,22,19,36
1626208,Keifer Sykes,1610612754,IND,28.0,32,107.1,108.5,108.5,115.5,112.9,112.9,-8.4,-4.5,-4.5,0.162,1.88,21.3,0.014,0.069,0.04,11.3,11.3,0.434,0.456,0.174,0.18,98.41,98.86,82.38,98.86,0.039,1159,2.2,5.9,344,301,301,522,453,453,471,388,388,180,240,156,498,547,560,434,432,501,512,278,282,509,472,472,534,355,279
1628966,Keita Bates-Diop,1610612759,SAS,26.0,59,107.4,107.0,107.0,106.8,106.2,106.2,0.6,0.8,0.8,0.059,0.91,10.9,0.061,0.163,0.112,12.0,12.0,0.549,0.578,0.144,0.149,101.77,102.27,85.22,102.27,0.092,2032,2.3,4.5,330,349,349,173,142,142,250,239,239,505,486,462,155,156,155,468,469,187,197,430,432,199,155,155,251,335,375
1629103,Kelan Martin,1610612738,BOS,26.0,30,102.8,102.4,102.4,109.2,108.6,108.6,-6.4,-6.2,-6.2,0.072,1.5,9.9,0.035,0.086,0.059,6.6,6.6,0.474,0.484,0.18,0.187,97.6,98.09,81.74,98.09,0.06,921,2.3,5.7,470,474,474,283,231,231,426,428,428,443,329,499,271,500,443,111,115,446,482,251,248,550,523,523,469,331,288
1629640,Keldon Johnson,1610612759,SAS,22.0,75,111.4,113.2,113.2,110.3,111.1,111.1,1.1,2.1,2.1,0.091,1.72,11.6,0.031,0.148,0.089,6.8,6.7,0.545,0.574,0.21,0.213,102.65,101.51,84.59,101.51,0.102,5043,6.3,13.5,157,106,106,341,361,361,231,193,193,350,276,434,298,191,239,119,118,200,216,138,148,120,218,218,177,65,68
1629833,Keljin Blevins,1610612757,POR,26.0,31,97.0,97.1,97.1,125.4,124.9,124.9,-28.4,-27.7,-27.7,0.083,1.12,12.5,0.042,0.09,0.064,11.2,11.2,0.401,0.41,0.161,0.166,100.69,100.85,84.04,100.85,0.025,732,1.1,3.6,545,539,539,584,582,582,573,572,572,388,434,402,232,485,398,425,424,528,538,333,344,307,278,278,556,487,428
203482,Kelly Olynyk,1610612765,DET,31.0,40,107.8,108.4,108.4,113.2,113.3,113.3,-5.4,-4.9,-4.9,0.214,1.91,22.6,0.067,0.17,0.116,11.8,11.7,0.517,0.561,0.207,0.214,102.03,101.76,84.8,101.76,0.105,1623,3.2,7.2,312,305,305,466,464,464,405,394,394,115,228,133,137,137,140,458,455,310,257,149,146,174,192,192,160,226,216
1626162,Kelly Oubre Jr.,1610612766,CHA,26.0,76,111.1,112.3,112.3,111.6,112.4,112.4,-0.4,-0.2,-0.2,0.063,1.25,7.2,0.036,0.106,0.071,5.8,5.7,0.542,0.56,0.223,0.228,102.78,101.87,84.89,101.87,0.086,4235,5.4,12.3,169,146,146,406,428,428,274,271,271,485,402,543,264,380,341,80,79,208,264,104,108,112,182,182,288,99,89
202689,Kemba Walker,1610612752,NYK,32.0,37,104.1,105.4,105.4,113.0,114.5,114.5,-8.9,-9.1,-9.1,0.22,2.73,22.7,0.014,0.099,0.055,8.3,8.3,0.501,0.537,0.202,0.206,100.15,98.92,82.43,98.92,0.098,1951,4.0,10.0,446,411,411,461,502,502,480,483,483,111,79,132,500,429,488,206,205,358,356,169,174,350,467,467,197,158,133
1629026,Kenrich Williams,1610612760,OKC,27.0,49,102.2,102.0,102.0,100.4,100.3,100.3,1.8,1.7,1.7,0.159,2.35,21.7,0.062,0.123,0.092,9.3,9.3,0.525,0.532,0.153,0.157,99.13,99.24,82.7,99.24,0.101,2211,3.0,6.5,481,481,481,37,47,47,210,214,214,187,130,149,148,285,223,282,286,283,372,379,386,459,440,440,184,261,256
203145,Kent Bazemore,1610612747,LAL,32.0,39,99.8,99.8,99.8,108.7,108.7,108.7,-8.9,-8.9,-8.9,0.085,1.62,16.8,0.022,0.097,0.059,10.4,10.4,0.428,0.451,0.128,0.13,103.8,103.78,86.48,103.78,0.032,1171,1.2,3.6,523,520,520,242,232,232,479,478,478,380,304,262,398,438,447,373,374,509,517,502,506,64,82,82,551,476,430
203484,Kentavious Caldwell-Pope,1610612764,WAS,29.0,77,108.6,109.1,109.1,112.9,113.8,113.8,-4.3,-4.7,-4.7,0.09,1.49,12.8,0.018,0.093,0.056,8.6,8.5,0.531,0.568,0.185,0.189,99.92,99.28,82.73,99.28,0.08,4816,4.7,10.8,281,273,273,459,484,484,375,390,390,355,335,390,439,470,476,226,224,257,237,229,237,378,434,434,334,122,115
1630553,Keon Johnson,1610612757,POR,20.0,37,100.1,100.8,100.8,118.1,119.8,119.8,-18.0,-19.0,-19.0,0.174,1.65,18.2,0.031,0.083,0.056,11.0,11.0,0.415,0.453,0.207,0.211,100.97,99.9,83.25,99.9,0.052,1444,2.6,7.4,519,500,500,551,568,568,556,559,559,159,292,233,300,509,479,417,420,517,514,150,155,282,369,369,501,301,207
1630556,Kessler Edwards,1610612751,BKN,21.0,48,111.2,112.2,112.2,114.3,115.5,115.5,-3.2,-3.3,-3.3,0.04,0.74,8.9,0.043,0.124,0.084,12.1,12.1,0.502,0.516,0.132,0.136,101.69,100.72,83.93,100.72,0.051,2075,2.3,5.6,168,151,151,499,521,521,351,358,358,549,512,521,224,281,261,471,471,356,415,483,484,207,294,294,504,336,298
201142,Kevin Durant,1610612751,BKN,33.0,55,114.6,116.2,116.2,107.6,109.7,109.7,6.9,6.5,6.5,0.274,1.84,19.1,0.015,0.166,0.097,10.4,10.4,0.57,0.634,0.31,0.314,102.88,101.17,84.31,101.17,0.18,4311,10.5,20.3,52,37,37,204,292,292,74,83,83,55,248,205,479,146,205,374,372,132,61,17,19,107,246,246,11,2,10
1628989,Kevin Huerter,1610612737,ATL,23.0,74,115.5,116.4,116.4,111.9,112.5,112.5,3.7,3.8,3.8,0.125,2.23,18.9,0.014,0.098,0.056,8.5,8.5,0.559,0.57,0.169,0.172,100.98,100.31,83.59,100.31,0.072,4570,4.7,10.3,37,35,35,420,433,433,153,143,143,252,148,211,492,431,470,219,219,160,233,300,307,278,336,336,386,124,129
1628995,Kevin Knox II,1610612737,ATL,22.0,30,100.6,98.5,98.5,115.4,113.7,113.7,-14.7,-15.1,-15.1,0.077,1.43,8.8,0.055,0.127,0.09,6.2,6.3,0.453,0.491,0.187,0.195,101.07,102.91,85.76,102.91,0.067,478,1.0,2.8,513,535,535,520,478,478,537,539,539,422,353,528,183,266,237,92,95,481,472,223,217,265,112,112,430,492,475
201567,Kevin Love,1610612739,CLE,33.0,74,108.4,108.9,108.9,107.7,107.4,107.4,0.7,1.5,1.5,0.153,1.63,14.5,0.051,0.258,0.155,8.9,8.9,0.553,0.594,0.239,0.245,100.09,99.97,83.31,99.97,0.152,3487,4.4,10.3,288,278,278,205,178,178,243,220,220,202,299,324,198,27,59,254,251,178,151,76,77,357,362,362,29,138,128
1630698,Kevin Pangos,1610612739,CLE,29.0,24,107.0,104.9,104.9,118.9,117.1,117.1,-12.0,-12.1,-12.1,0.246,4.29,35.3,0.012,0.057,0.035,8.2,8.3,0.391,0.408,0.143,0.148,97.44,99.17,82.64,99.17,0.046,346,0.6,1.9,350,423,423,559,547,547,515,519,519,81,14,20,511,566,572,203,204,534,539,435,437,559,449,449,518,538,525
1629645,Kevin Porter Jr.,1610612745,HOU,22.0,61,106.1,108.3,108.3,113.4,114.9,114.9,-7.3,-6.7,-6.7,0.302,1.96,25.8,0.022,0.111,0.067,13.2,13.1,0.511,0.531,0.239,0.242,103.71,101.99,85.0,101.99,0.096,4048,5.5,13.2,380,310,310,474,511,511,448,441,441,35,216,93,393,352,362,512,510,327,374,77,79,69,173,173,223,95,73
1626172,Kevon Looney,1610612744,GSW,26.0,82,112.5,113.2,113.2,105.7,107.2,107.2,6.7,6.0,6.0,0.127,2.46,25.2,0.12,0.21,0.166,10.2,10.3,0.571,0.586,0.12,0.121,100.67,99.65,83.04,99.65,0.102,3574,2.5,4.4,111,105,105,126,173,173,79,91,91,249,118,101,31,65,42,362,365,128,173,525,534,309,392,392,175,306,376
203920,Khem Birch,1610612761,TOR,29.0,55,111.7,112.3,112.3,111.2,112.4,112.4,0.5,-0.1,-0.1,0.074,1.93,17.7,0.112,0.128,0.12,9.2,9.2,0.485,0.534,0.108,0.111,98.21,97.39,81.16,97.39,0.068,2021,1.8,3.6,142,142,142,391,427,427,255,267,267,434,222,247,43,262,130,278,276,415,366,558,561,518,553,553,412,395,423
203114,Khris Middleton,1610612749,MIL,30.0,66,114.4,115.0,115.0,108.9,109.6,109.6,5.6,5.4,5.4,0.246,1.88,21.3,0.019,0.136,0.079,11.3,11.2,0.522,0.577,0.255,0.262,103.49,102.88,85.73,102.88,0.122,4613,6.8,15.5,56,52,52,254,281,281,100,108,108,82,237,155,432,241,289,433,423,296,204,55,57,75,116,116,82,47,44
1630165,Killian Hayes,1610612765,DET,20.0,66,101.5,102.6,102.6,112.0,112.9,112.9,-10.5,-10.3,-10.3,0.243,2.5,31.5,0.02,0.108,0.061,12.6,12.6,0.431,0.461,0.154,0.157,101.24,100.32,83.6,100.32,0.066,3437,2.7,7.0,496,472,472,426,450,450,505,502,502,88,113,43,417,370,422,496,496,504,508,374,387,248,335,335,441,294,228
1629681,Killian Tillie,1610612763,MEM,24.0,36,107.5,109.2,109.2,105.6,105.8,105.8,1.9,3.4,3.4,0.061,1.69,13.3,0.04,0.085,0.061,7.8,7.9,0.445,0.452,0.128,0.129,100.59,99.68,83.07,99.68,0.034,955,1.2,3.5,328,263,263,121,130,130,206,158,158,495,282,375,242,503,425,174,179,491,515,501,509,312,389,389,545,473,432
1630184,Kira Lewis Jr.,1610612740,NOP,21.0,24,94.8,94.9,94.9,109.9,109.0,109.0,-15.1,-14.1,-14.1,0.239,1.88,21.7,0.023,0.083,0.052,11.5,11.5,0.449,0.466,0.209,0.215,102.36,102.71,85.6,102.71,0.079,728,2.5,6.1,558,549,549,319,250,250,540,535,535,90,236,150,384,510,512,441,440,487,502,139,138,148,127,127,341,312,271
202691,Klay Thompson,1610612744,GSW,32.0,32,111.4,111.4,111.4,107.2,108.0,108.0,4.3,3.3,3.3,0.153,2.05,12.1,0.015,0.106,0.062,5.9,5.9,0.529,0.547,0.284,0.292,101.92,101.53,84.6,101.53,0.114,1990,7.7,17.9,158,180,180,186,208,208,132,161,161,201,183,417,473,379,411,88,88,264,312,30,29,185,216,216,116,28,22
1627739,Kris Dunn,1610612757,POR,28.0,14,106.3,105.8,105.8,115.9,117.8,117.8,-9.6,-12.0,-12.0,0.339,2.47,35.9,0.027,0.12,0.073,14.5,14.5,0.436,0.482,0.176,0.181,101.9,101.32,84.44,101.32,0.088,707,3.1,7.3,373,389,389,533,558,558,492,518,518,19,117,16,339,302,326,546,544,497,484,272,273,188,229,229,273,233,211
204001,Kristaps Porziņģis,1610612764,WAS,26.0,51,110.3,109.9,109.9,108.8,109.5,109.5,1.5,0.4,0.4,0.133,1.47,10.9,0.068,0.204,0.137,7.4,7.4,0.51,0.577,0.286,0.295,98.06,97.92,81.6,97.92,0.15,3030,6.9,15.0,199,231,231,251,279,279,217,253,253,236,341,460,133,70,84,151,150,329,201,27,27,527,531,531,33,45,48
203937,Kyle Anderson,1610612763,MEM,28.0,69,109.8,110.3,110.3,106.8,108.3,108.3,3.0,2.0,2.0,0.162,2.58,23.9,0.041,0.196,0.115,9.3,9.2,0.484,0.506,0.156,0.161,104.63,103.71,86.42,103.71,0.105,3203,3.0,6.8,228,215,215,172,216,216,173,197,197,178,95,119,236,87,144,283,282,419,438,363,365,46,85,85,159,253,236
1629657,Kyle Guy,1610612748,MIA,24.0,19,98.1,96.5,96.5,110.9,110.1,110.1,-12.8,-13.6,-13.6,0.149,1.31,17.0,0.02,0.069,0.044,13.0,13.0,0.508,0.526,0.182,0.192,101.92,103.12,85.93,103.12,0.064,402,1.4,3.4,540,542,542,369,310,310,524,532,532,211,387,260,415,548,548,504,503,332,383,243,230,186,102,102,455,445,441
1628398,Kyle Kuzma,1610612764,WAS,26.0,66,108.1,108.2,108.2,113.0,114.3,114.3,-4.9,-6.1,-6.1,0.164,1.38,16.2,0.032,0.213,0.126,11.8,11.8,0.52,0.547,0.238,0.243,99.51,98.94,82.45,98.94,0.118,4541,6.4,14.2,300,312,312,463,497,497,392,425,425,176,368,278,291,60,106,456,458,303,313,79,78,423,465,465,97,60,58
200768,Kyle Lowry,1610612748,MIA,36.0,63,111.8,112.5,112.5,105.9,106.6,106.6,5.9,5.9,5.9,0.321,2.82,35.2,0.016,0.116,0.067,12.5,12.5,0.555,0.6,0.178,0.181,98.89,98.25,81.88,98.25,0.112,4364,4.4,10.0,137,136,136,139,155,155,93,94,94,25,65,21,469,322,366,489,489,169,132,263,276,476,512,512,124,141,134
202681,Kyrie Irving,1610612751,BKN,30.0,29,117.0,118.9,118.9,112.3,113.8,113.8,4.7,5.2,5.2,0.235,2.29,18.5,0.015,0.096,0.057,8.1,8.0,0.55,0.592,0.283,0.291,102.24,100.75,83.96,100.75,0.135,2292,10.0,21.2,21,15,15,435,479,479,120,115,115,97,140,223,487,449,468,196,191,184,160,32,31,155,288,288,50,7,3
200746,LaMarcus Aldridge,1610612751,BKN,36.0,47,110.4,111.3,111.3,109.9,111.1,111.1,0.6,0.1,0.1,0.062,0.95,7.2,0.071,0.16,0.118,7.5,7.5,0.566,0.604,0.219,0.225,101.77,100.81,84.01,100.81,0.128,2213,5.4,9.7,197,184,184,318,369,369,252,263,263,490,480,544,129,163,134,155,152,140,118,110,115,198,283,283,71,100,139
1630163,LaMelo Ball,1610612766,CHA,20.0,75,112.9,114.0,114.0,111.8,112.5,112.5,1.1,1.5,1.5,0.341,2.33,26.4,0.042,0.157,0.098,11.3,11.3,0.517,0.554,0.271,0.277,103.71,102.88,85.74,102.88,0.132,5200,7.2,16.7,95,77,77,418,430,430,232,219,219,18,134,86,233,172,202,430,427,314,282,40,42,68,114,114,56,36,34
1630205,Lamar Stevens,1610612739,CLE,24.0,63,109.4,108.4,108.4,109.6,109.7,109.7,-0.2,-1.3,-1.3,0.066,1.07,10.1,0.048,0.112,0.081,9.4,9.4,0.517,0.544,0.169,0.176,97.59,98.0,81.67,98.0,0.068,2066,2.5,5.1,246,302,302,304,291,291,270,304,304,468,442,491,207,349,279,296,295,311,325,303,295,551,527,527,414,310,330
202362,Lance Stephenson,1610612754,IND,31.0,46,110.2,110.4,110.4,118.8,117.4,117.4,-8.6,-7.0,-7.0,0.298,2.29,27.7,0.014,0.149,0.079,12.1,12.1,0.497,0.536,0.219,0.226,100.73,101.25,84.38,101.25,0.096,1720,3.2,7.0,205,210,210,557,551,551,475,449,449,36,139,72,490,186,287,470,473,385,359,112,112,301,235,235,226,227,223
1629013,Landry Shamet,1610612756,PHX,25.0,69,107.3,107.8,107.8,102.9,102.9,102.9,4.4,4.9,4.9,0.104,2.63,16.3,0.01,0.072,0.041,6.2,6.1,0.521,0.55,0.16,0.167,102.15,101.89,84.9,101.89,0.069,3045,2.8,7.0,334,323,323,63,63,63,125,121,121,314,89,274,532,542,557,93,92,301,298,341,339,161,180,180,401,279,221
204038,Langston Galloway,1610612749,MIL,30.0,7,93.6,93.4,93.4,95.6,100.0,100.0,-1.9,-6.6,-6.6,0.156,2.0,27.3,0.023,0.106,0.067,13.6,13.6,0.269,0.269,0.118,0.123,104.59,102.34,85.29,102.34,0.029,229,0.9,3.7,561,555,555,23,41,41,312,438,438,192,190,77,382,381,368,522,522,563,568,532,529,47,150,150,554,521,417
1626204,Larry Nance Jr.,1610612740,NOP,29.0,46,110.5,110.7,110.7,111.6,112.6,112.6,-1.1,-1.9,-1.9,0.115,2.19,20.7,0.069,0.173,0.12,9.5,9.5,0.569,0.59,0.128,0.131,98.71,98.16,81.8,98.16,0.098,2118,2.8,5.4,196,201,201,408,435,435,296,320,320,275,156,172,131,132,125,299,304,133,162,498,505,488,518,518,201,277,309
1628374,Lauri Markkanen,1610612739,CLE,25.0,61,113.6,113.9,113.9,109.1,109.9,109.9,4.5,3.9,3.9,0.062,1.5,8.9,0.033,0.147,0.092,5.9,5.9,0.542,0.582,0.192,0.195,98.22,97.7,81.41,97.7,0.097,3831,5.1,11.5,72,79,79,270,303,303,123,140,140,494,329,523,288,195,224,89,89,209,184,206,215,517,539,539,212,104,99
2544,LeBron James,1610612747,LAL,37.0,56,110.1,110.9,110.9,112.0,113.5,113.5,-1.9,-2.5,-2.5,0.297,1.78,18.4,0.031,0.185,0.109,10.4,10.2,0.59,0.619,0.317,0.327,102.02,100.92,84.1,100.92,0.18,4380,11.4,21.8,218,189,189,422,471,471,310,341,341,38,261,226,307,103,166,371,361,89,84,13,13,175,271,271,10,1,1
1630195,Leandro Bolmaro,1610612750,MIN,21.0,35,105.7,102.6,102.6,104.6,102.5,102.5,1.1,0.2,0.2,0.118,1.62,22.3,0.062,0.107,0.084,13.8,13.9,0.361,0.419,0.122,0.127,102.98,105.58,87.99,105.58,0.038,531,0.5,1.5,399,469,469,100,59,59,230,261,261,265,305,139,150,377,262,527,531,546,535,519,516,99,51,51,537,549,548
1629623,Lindell Wigginton,1610612749,MIL,24.0,19,110.3,107.3,107.3,119.4,119.2,119.2,-9.2,-11.8,-11.8,0.167,1.92,20.7,0.015,0.106,0.062,10.8,10.8,0.5,0.524,0.183,0.192,103.33,104.86,87.38,104.86,0.06,437,1.4,3.2,204,340,340,562,566,566,486,515,515,169,227,170,478,386,416,399,397,363,391,242,231,85,60,60,475,445,458
1630322,Lindy Waters III,1610612760,OKC,24.0,25,108.5,108.5,108.5,114.1,113.2,113.2,-5.6,-4.7,-4.7,0.078,2.18,11.3,0.012,0.14,0.075,5.2,5.2,0.557,0.562,0.166,0.171,102.41,102.81,85.67,102.81,0.082,1000,2.8,7.0,282,298,298,488,461,461,409,389,389,416,159,440,515,228,315,63,63,163,255,313,320,145,120,120,311,273,226
1629022,Lonnie Walker IV,1610612759,SAS,23.0,70,108.5,108.5,108.5,110.9,111.5,111.5,-2.4,-3.0,-3.0,0.137,2.14,14.4,0.01,0.095,0.053,6.7,6.7,0.48,0.512,0.232,0.239,102.58,102.29,85.24,102.29,0.083,3447,4.4,10.9,286,300,300,368,388,388,334,353,353,228,168,328,531,456,503,118,119,429,425,88,87,126,154,154,304,136,111
1628366,Lonzo Ball,1610612741,CHI,24.0,35,109.2,110.1,110.1,106.0,107.0,107.0,3.2,3.1,3.1,0.203,2.17,27.2,0.029,0.125,0.077,12.5,12.5,0.567,0.575,0.17,0.172,100.97,100.11,83.43,100.11,0.097,2530,4.6,10.9,254,224,224,145,169,169,167,169,169,124,163,79,324,273,294,492,490,137,208,295,309,281,353,353,213,126,110
101150,Lou Williams,1610612737,ATL,35.0,56,112.3,110.4,110.4,110.3,109.5,109.5,2.0,0.8,0.8,0.196,2.44,20.9,0.02,0.084,0.052,8.5,8.6,0.448,0.5,0.215,0.222,98.41,99.65,83.04,99.65,0.083,1659,2.2,5.7,114,211,211,343,278,278,204,237,237,135,120,166,419,507,505,224,227,488,458,119,119,508,393,393,303,349,286
1629663,Louis King,1610612758,SAC,23.0,10,102.1,103.1,103.1,113.5,115.0,115.0,-11.3,-11.9,-11.9,0.125,0.0,15.0,0.0,0.115,0.051,0.0,0.0,0.404,0.438,0.195,0.201,105.88,104.7,87.25,104.7,0.047,225,1.5,4.7,483,463,463,479,513,513,512,516,516,252,549,313,557,330,516,1,1,525,524,197,192,34,62,62,516,419,356
1629652,Luguentz Dort,1610612760,OKC,23.0,51,101.1,101.9,101.9,109.1,110.1,110.1,-8.0,-8.1,-8.1,0.087,1.0,8.9,0.02,0.097,0.058,8.9,8.9,0.493,0.541,0.228,0.232,101.59,100.75,83.96,100.75,0.077,3490,5.7,14.2,506,482,482,273,305,305,461,464,464,363,454,525,413,448,457,255,257,390,336,94,100,217,287,287,348,84,57
1629029,Luka Dončić,1610612742,DAL,23.0,65,112.8,113.8,113.8,108.6,110.3,110.3,4.1,3.5,3.5,0.458,1.95,22.9,0.025,0.23,0.129,11.8,11.8,0.529,0.571,0.368,0.375,97.37,96.18,80.15,96.18,0.191,4604,9.9,21.6,100,82,82,240,326,326,136,154,154,4,217,131,359,43,98,457,459,265,229,5,7,562,586,586,7,8,2
1630568,Luka Garza,1610612765,DET,23.0,32,102.7,104.6,104.6,110.9,110.9,110.9,-8.3,-6.3,-6.3,0.086,1.11,9.6,0.13,0.116,0.124,8.6,8.5,0.503,0.535,0.195,0.201,103.13,102.18,85.15,102.18,0.075,823,2.1,4.6,472,428,428,371,356,356,465,432,432,372,435,506,21,327,112,233,222,349,364,194,194,92,159,159,362,361,363
1628379,Luke Kennard,1610612746,LAC,26.0,70,108.8,110.0,110.0,105.4,106.6,106.6,3.4,3.4,3.4,0.111,2.43,16.9,0.01,0.1,0.057,6.9,6.8,0.598,0.619,0.16,0.167,99.66,98.54,82.12,98.54,0.095,3963,4.1,9.1,270,227,227,117,154,154,160,155,155,287,121,261,537,420,466,126,122,73,86,336,336,400,500,500,229,154,150
1628436,Luke Kornet,1610612738,BOS,26.0,15,118.5,117.2,117.2,110.1,106.8,106.8,8.3,10.4,10.4,0.108,0.0,23.7,0.118,0.142,0.13,0.0,0.0,0.481,0.506,0.112,0.119,100.77,102.89,85.74,102.89,0.084,221,0.9,1.8,14,25,25,327,160,160,48,29,29,296,549,123,34,222,94,1,1,423,437,545,539,295,113,113,297,519,533
1630640,MJ Walker,1610612756,PHX,24.0,2,67.0,70.0,70.0,85.2,89.5,89.5,-18.1,-19.5,-19.5,0.167,0.0,20.0,0.0,0.143,0.048,0.0,0.0,0.0,0.0,0.138,0.149,116.78,111.52,92.93,111.52,-0.05,20,0.0,2.0,592,587,587,8,14,14,557,560,560,169,549,179,557,214,531,1,1,578,582,456,430,3,20,20,592,578,514
1630644,Mac McClung,1610612747,LAL,23.0,2,122.7,124.5,124.5,106.9,105.4,105.4,15.8,19.2,19.2,0.059,0.33,10.0,0.0,0.107,0.067,30.0,28.7,0.583,0.621,0.164,0.172,107.29,107.29,89.41,107.29,0.024,53,1.5,3.0,11,10,10,174,118,118,15,17,17,504,542,493,557,372,368,599,599,102,82,327,310,25,37,37,557,419,466
1630201,Malachi Flynn,1610612761,TOR,24.0,44,107.8,109.2,109.2,111.0,111.8,111.8,-3.2,-2.6,-2.6,0.185,5.38,25.4,0.016,0.097,0.053,4.7,4.7,0.475,0.488,0.157,0.161,100.98,99.97,83.31,99.97,0.074,1120,1.6,4.2,314,264,264,376,408,408,353,343,343,145,6,99,471,447,499,54,55,443,474,362,366,277,363,363,367,408,385
1627763,Malcolm Brogdon,1610612754,IND,29.0,36,108.5,110.8,110.8,111.1,111.1,111.1,-2.6,-0.4,-0.4,0.271,2.75,23.6,0.026,0.121,0.074,8.6,8.5,0.501,0.557,0.241,0.247,99.53,98.49,82.07,98.49,0.129,2479,6.8,15.1,285,198,198,385,367,367,340,276,276,56,74,125,342,291,324,225,223,360,274,75,75,420,503,503,65,50,47
1630792,Malcolm Hill,1610612741,CHI,26.0,19,109.0,107.4,107.4,114.1,114.7,114.7,-5.1,-7.3,-7.3,0.05,2.67,11.8,0.051,0.118,0.084,4.4,4.3,0.587,0.619,0.118,0.124,102.73,103.2,86.0,103.2,0.063,457,1.3,2.7,262,337,337,490,506,506,398,455,455,531,84,429,196,309,264,50,50,93,85,533,525,115,97,97,459,461,481
1627736,Malik Beasley,1610612750,MIN,25.0,79,110.5,112.1,112.1,109.4,110.1,110.1,1.1,2.0,2.0,0.085,2.7,11.3,0.012,0.1,0.054,4.2,4.2,0.532,0.544,0.189,0.193,104.34,103.24,86.03,103.24,0.081,4250,4.2,10.8,194,156,156,292,313,313,229,201,201,378,83,442,518,422,495,48,48,256,327,218,225,50,94,94,320,148,117
1630238,Malik Fitts,1610612738,BOS,24.0,15,95.3,93.4,93.4,107.5,109.7,109.7,-12.2,-16.3,-16.3,0.125,2.5,19.2,0.033,0.185,0.12,7.7,7.7,0.553,0.553,0.139,0.149,103.64,103.64,86.36,103.64,0.103,137,0.5,1.3,554,556,556,196,290,290,517,545,545,252,105,202,289,104,127,163,165,177,289,449,431,71,87,87,171,543,562
1628370,Malik Monk,1610612747,LAL,24.0,76,112.2,113.2,113.2,112.1,112.9,112.9,0.1,0.3,0.3,0.144,1.79,17.9,0.017,0.099,0.058,10.0,10.0,0.578,0.597,0.195,0.2,102.47,101.65,84.71,101.65,0.093,4546,5.1,10.9,125,108,108,429,449,449,259,257,257,221,259,241,448,430,449,342,342,110,137,193,201,139,205,205,245,103,112
1629005,Malik Newman,1610612739,CLE,25.0,1,86.2,91.7,91.7,92.9,83.3,83.3,-6.7,8.3,8.3,1.0,1.0,12.5,0.0,0.1,0.053,12.5,12.7,0.6,0.68,0.438,0.437,73.47,74.97,62.47,74.97,0.519,12,3.0,5.0,576,561,561,17,11,11,438,50,50,1,454,402,557,415,504,490,498,69,25,2,3,604,603,603,1,256,333
1629603,Mamadi Diakite,1610612760,OKC,25.0,13,96.3,95.8,95.8,102.9,98.9,98.9,-6.7,-3.2,-3.2,0.018,0.29,3.3,0.084,0.216,0.149,11.5,11.5,0.532,0.54,0.136,0.139,94.81,96.93,80.77,96.93,0.08,378,1.9,3.6,548,544,544,65,38,38,436,355,355,565,545,565,98,55,66,439,442,253,343,471,473,589,574,574,327,376,425
1630585,Marcus Garrett,1610612748,MIA,23.0,12,118.7,114.1,114.1,109.1,108.3,108.3,9.6,5.8,5.8,0.069,3.5,21.9,0.072,0.108,0.09,6.3,6.2,0.262,0.28,0.086,0.092,93.19,95.45,79.55,95.45,0.016,256,0.4,1.8,13,74,74,274,217,217,41,99,99,457,33,145,126,371,232,94,94,566,567,581,580,593,593,593,568,556,538
202694,Marcus Morris Sr.,1610612746,LAC,32.0,54,108.1,109.2,109.2,112.7,114.0,114.0,-4.6,-4.8,-4.8,0.114,1.64,12.1,0.016,0.129,0.074,7.4,7.4,0.507,0.549,0.228,0.234,98.84,97.78,81.48,97.78,0.095,3191,5.6,12.8,303,268,268,452,488,488,385,392,392,280,297,418,463,261,325,147,146,335,304,93,96,480,536,536,228,90,78
203935,Marcus Smart,1610612738,BOS,28.0,71,114.0,114.5,114.5,103.4,105.2,105.2,10.5,9.3,9.3,0.245,2.62,30.4,0.018,0.093,0.057,11.6,11.6,0.501,0.54,0.179,0.182,100.09,99.02,82.51,99.02,0.095,4737,4.2,10.1,63,67,67,74,116,116,36,43,43,83,91,51,435,471,462,446,448,361,342,260,268,355,462,462,234,146,131
1628365,Markelle Fultz,1610612753,ORL,24.0,18,103.6,103.7,103.7,109.0,109.1,109.1,-5.3,-5.3,-5.3,0.448,2.48,30.5,0.01,0.116,0.063,12.3,12.2,0.486,0.517,0.265,0.274,103.11,103.01,85.84,103.01,0.134,774,4.6,9.7,456,450,450,263,255,255,403,403,403,5,116,49,535,328,404,484,480,409,412,46,46,95,108,108,52,128,141
202693,Markieff Morris,1610612748,MIA,32.0,17,112.6,112.4,112.4,108.5,107.9,107.9,4.0,4.5,4.5,0.116,1.15,14.3,0.059,0.089,0.075,12.4,12.4,0.531,0.547,0.197,0.203,98.91,99.27,82.72,99.27,0.066,613,3.2,6.7,107,140,140,237,197,197,142,126,126,272,427,333,164,494,317,486,483,258,316,188,186,475,437,437,439,228,241
1630250,Marko Simonovic,1610612741,CHI,22.0,9,108.3,105.4,105.4,101.5,104.2,104.2,6.9,1.2,1.2,0.0,0.0,0.0,0.122,0.119,0.12,9.1,9.2,0.3,0.428,0.247,0.266,99.53,99.59,82.99,99.59,0.033,74,0.4,1.7,292,408,408,48,88,88,77,226,226,569,549,569,30,303,123,266,275,557,531,65,53,418,398,398,549,553,542
1630210,Markus Howard,1610612743,DEN,23.0,31,108.6,107.9,107.9,115.1,112.8,112.8,-6.5,-4.9,-4.9,0.068,1.0,5.7,0.01,0.064,0.033,5.7,5.6,0.525,0.567,0.264,0.284,101.2,102.53,85.44,102.53,0.087,380,1.3,3.3,277,322,322,515,446,446,429,395,395,463,454,554,545,561,575,78,78,288,241,49,36,255,137,137,282,463,453
1627737,Marquese Chriss,1610612742,DAL,24.0,34,106.0,105.4,105.4,109.1,107.5,107.5,-3.1,-2.1,-2.1,0.079,1.0,9.3,0.096,0.197,0.147,9.3,9.3,0.493,0.518,0.205,0.212,98.87,99.91,83.26,99.91,0.082,722,1.8,3.9,386,410,410,275,181,181,349,329,329,413,454,512,72,81,69,286,289,393,407,159,151,478,368,368,313,388,401
1628963,Marvin Bagley III,1610612765,DET,23.0,48,107.7,109.3,109.3,114.1,114.9,114.9,-6.4,-5.6,-5.6,0.049,0.92,6.4,0.084,0.2,0.14,6.9,6.9,0.53,0.551,0.191,0.197,99.89,98.78,82.32,98.78,0.108,2359,4.7,9.3,318,261,261,487,510,510,425,408,408,534,482,550,97,73,79,127,126,259,295,207,210,383,483,483,145,123,146
1630222,Mason Jones,1610612747,LAL,23.0,4,113.7,114.7,114.7,94.4,91.9,91.9,19.3,22.8,22.8,0.129,4.0,15.4,0.02,0.148,0.09,3.8,3.8,0.5,0.625,0.18,0.19,103.43,104.38,86.99,104.38,0.126,109,1.8,3.8,67,60,60,19,20,20,12,14,14,244,19,299,415,192,235,46,46,363,76,252,235,80,68,68,73,397,413
203486,Mason Plumlee,1610612766,CHA,32.0,73,109.9,110.5,110.5,108.9,109.6,109.6,1.0,0.9,0.9,0.165,2.26,31.3,0.091,0.205,0.148,13.8,13.9,0.641,0.603,0.117,0.118,101.89,101.31,84.43,101.31,0.093,3771,2.8,4.4,223,207,207,260,283,283,236,236,236,175,145,44,81,68,68,528,530,42,119,536,541,189,230,230,246,276,379
1629680,Matisse Thybulle,1610612755,PHI,25.0,66,111.0,110.9,110.9,105.9,107.2,107.2,5.1,3.8,3.8,0.063,1.92,17.4,0.026,0.064,0.045,9.0,9.0,0.575,0.594,0.095,0.097,97.84,97.32,81.1,97.32,0.057,3398,2.3,4.5,177,190,190,141,174,174,111,145,145,486,223,254,349,559,539,265,263,119,148,577,577,540,556,556,486,340,367
1629760,Matt Mooney,1610612752,NYK,27.0,1,50.0,40.0,40.0,140.0,140.0,140.0,-90.0,-100.0,-100.0,0.0,0.0,0.0,0.0,0.0,0.0,50.0,50.0,0.0,0.0,0.4,0.5,111.72,124.14,103.45,124.14,-0.091,5,0.0,1.0,599,599,599,596,595,595,600,598,598,569,549,569,557,583,586,602,602,578,582,3,2,14,4,4,598,578,570
1630346,Matt Ryan,1610612738,BOS,25.0,1,107.7,116.7,116.7,89.3,91.7,91.7,18.4,25.0,25.0,0.0,0.0,0.0,0.0,0.0,0.0,0.0,0.0,0.3,0.3,0.357,0.385,115.75,109.71,91.43,109.71,0.0,12,1.0,5.0,317,32,32,10,19,19,13,11,11,569,549,569,557,583,586,1,1,557,565,7,5,5,27,27,577,493,333
1629744,Matt Thomas,1610612741,CHI,27.0,40,112.0,109.5,109.5,107.9,108.5,108.5,4.0,1.1,1.1,0.059,2.5,11.8,0.007,0.096,0.053,4.7,4.7,0.541,0.564,0.137,0.145,100.14,101.01,84.18,101.01,0.068,977,1.4,3.4,129,248,248,212,224,224,143,230,230,503,105,426,553,452,500,56,54,218,251,459,452,351,259,259,417,443,444
203090,Maurice Harkless,1610612758,SAC,29.0,47,106.3,106.7,106.7,111.0,110.8,110.8,-4.7,-4.2,-4.2,0.035,0.74,9.3,0.014,0.114,0.065,12.6,12.5,0.544,0.561,0.112,0.115,101.18,101.09,84.24,101.09,0.048,1812,1.8,3.9,375,364,364,377,351,351,389,384,384,553,509,510,496,338,386,495,491,202,258,546,549,258,250,250,513,394,405
1629622,Max Strus,1610612748,MIA,26.0,68,113.1,113.7,113.7,107.5,108.1,108.1,5.7,5.6,5.6,0.086,1.61,12.6,0.016,0.112,0.065,7.8,7.7,0.602,0.614,0.177,0.182,97.61,97.07,80.89,97.07,0.086,3205,3.7,8.3,88,85,85,195,212,212,96,102,102,370,306,397,468,348,381,170,169,67,96,266,266,549,565,565,285,183,175
1628467,Maxi Kleber,1610612742,DAL,30.0,59,109.0,109.2,109.2,104.6,105.3,105.3,4.4,3.9,3.9,0.067,1.45,13.6,0.047,0.182,0.116,9.4,9.4,0.516,0.537,0.131,0.135,96.85,96.44,80.37,96.44,0.081,2916,2.4,6.0,265,267,267,99,117,117,126,142,142,467,351,364,209,109,138,291,298,320,354,485,491,571,581,581,325,322,275
1630593,McKinley Wright IV,1610612750,MIN,23.0,5,111.1,102.4,102.4,132.6,128.2,128.2,-21.5,-25.8,-25.8,0.231,3.0,42.9,0.0,0.0,0.0,14.3,14.3,0.833,0.833,0.082,0.089,97.24,103.04,85.87,103.04,0.06,42,0.4,0.6,175,475,475,589,588,588,561,569,569,99,53,6,557,583,586,539,542,6,6,585,582,564,106,106,471,558,586
1628982,Melvin Frazier Jr.,1610612760,OKC,25.0,3,91.0,91.5,91.5,129.9,130.3,130.3,-38.9,-38.8,-38.8,0.013,0.33,1.8,0.033,0.072,0.049,5.5,5.4,0.281,0.313,0.191,0.195,98.98,98.56,82.13,98.56,-0.007,247,4.3,16.0,568,562,562,587,589,589,581,584,584,567,542,567,287,538,522,72,72,561,564,213,219,468,498,498,588,144,39
1630695,Micah Potter,1610612765,DET,24.0,3,61.2,60.3,60.3,110.5,116.7,116.7,-49.2,-56.4,-56.4,0.0,0.0,0.0,0.095,0.125,0.11,8.3,7.8,0.455,0.505,0.148,0.168,114.74,112.51,93.76,112.51,0.093,73,1.7,3.7,594,592,592,351,540,540,589,592,592,569,549,569,74,273,165,208,171,478,439,408,335,7,14,14,247,403,418
1629008,Michael Porter Jr.,1610612743,DEN,24.0,9,103.8,104.5,104.5,94.5,94.7,94.7,9.2,9.8,9.8,0.085,1.42,12.6,0.035,0.172,0.108,8.9,8.8,0.408,0.416,0.192,0.197,100.79,100.33,83.61,100.33,0.074,556,4.1,11.4,453,432,432,20,26,26,43,37,37,381,358,395,272,134,172,252,249,521,537,205,209,293,334,334,374,153,100
1628969,Mikal Bridges,1610612756,PHX,25.0,82,116.0,116.7,116.7,105.1,106.9,106.9,10.9,9.8,9.8,0.084,2.72,15.7,0.027,0.089,0.06,5.8,5.8,0.601,0.627,0.149,0.152,101.74,100.59,83.82,100.59,0.091,5976,5.6,10.5,31,30,30,110,163,163,29,34,34,385,80,292,335,487,441,81,82,68,73,400,417,203,311,311,254,87,125
201144,Mike Conley,1610612762,UTA,34.0,72,113.5,112.5,112.5,105.7,104.9,104.9,7.7,7.7,7.7,0.281,3.13,28.1,0.023,0.079,0.051,9.0,9.0,0.542,0.572,0.202,0.209,98.83,99.63,83.03,99.63,0.113,4281,4.8,11.0,76,130,130,127,102,102,56,62,62,48,48,66,387,523,515,259,261,213,224,172,166,481,394,394,119,115,108
203488,Mike Muscala,1610612760,OKC,30.0,43,105.8,106.7,106.7,105.3,104.9,104.9,0.5,1.8,1.8,0.06,1.57,7.2,0.032,0.166,0.099,4.6,4.5,0.597,0.63,0.198,0.206,102.4,102.15,85.13,102.15,0.131,1261,2.6,5.8,390,362,362,113,105,105,253,208,208,501,314,545,292,144,197,52,52,76,67,184,175,146,160,160,62,299,283
1628970,Miles Bridges,1610612766,CHA,24.0,80,113.3,114.5,114.5,111.1,112.4,112.4,2.2,2.1,2.1,0.153,2.0,16.6,0.03,0.158,0.094,8.3,8.3,0.554,0.593,0.224,0.228,102.06,100.98,84.15,100.98,0.12,5975,7.5,15.2,83,65,65,386,426,426,199,195,195,198,190,271,309,166,212,205,207,174,155,101,109,171,266,266,89,34,46
1630540,Miles McBride,1610612752,NYK,21.0,40,115.3,113.1,113.1,100.5,100.1,100.1,14.8,13.0,13.0,0.159,8.2,25.8,0.011,0.097,0.056,3.1,3.1,0.375,0.393,0.137,0.144,96.21,97.3,81.08,97.3,0.041,756,0.8,2.7,43,112,112,39,46,46,17,21,21,186,3,94,527,437,481,44,44,539,548,460,453,577,558,558,530,525,483
1629011,Mitchell Robinson,1610612752,NYK,24.0,72,107.9,109.1,109.1,109.8,111.2,111.2,-2.0,-2.1,-2.1,0.032,0.63,7.3,0.145,0.171,0.158,11.5,11.5,0.761,0.722,0.11,0.113,98.24,97.08,80.9,97.08,0.114,3739,3.6,4.8,311,269,269,315,374,374,315,330,330,556,521,542,11,136,54,443,443,8,14,553,556,515,564,564,118,189,349
1629671,Miye Oni,1610612762,UTA,24.0,16,93.6,85.4,85.4,119.2,118.8,118.8,-25.6,-33.3,-33.3,0.179,5.0,33.3,0.024,0.118,0.076,6.7,6.5,0.278,0.265,0.095,0.11,99.53,104.28,86.9,104.28,0.003,96,0.1,0.6,562,569,569,561,563,563,567,578,578,151,8,28,363,315,305,116,107,562,569,576,563,422,70,70,576,577,587
1628964,Mo Bamba,1610612753,ORL,24.0,71,100.9,101.8,101.8,109.6,111.3,111.3,-8.6,-9.6,-9.6,0.073,1.1,10.5,0.077,0.214,0.146,9.5,9.5,0.566,0.582,0.17,0.173,101.38,100.13,83.45,100.13,0.114,3800,4.2,8.7,508,489,489,298,379,379,477,490,490,440,437,479,113,57,70,303,305,138,182,296,304,237,349,349,111,149,166
1628420,Monte Morris,1610612743,DEN,27.0,75,114.6,116.3,116.3,109.9,110.4,110.4,4.7,6.0,6.0,0.201,4.27,27.3,0.013,0.087,0.052,6.4,6.4,0.564,0.583,0.173,0.175,99.54,98.55,82.13,98.55,0.098,4601,5.0,10.3,53,36,36,317,327,327,121,92,92,125,15,75,507,499,511,99,102,148,177,285,296,416,499,499,200,110,127
1626149,Montrezl Harrell,1610612766,CHA,28.0,71,111.1,111.6,111.6,108.3,108.5,108.5,2.8,3.0,3.0,0.139,2.01,16.2,0.092,0.163,0.129,8.0,8.0,0.649,0.68,0.198,0.203,99.53,99.24,82.7,99.24,0.15,3383,5.0,7.8,172,172,172,226,230,230,185,171,171,226,189,279,80,154,100,189,189,35,27,185,187,421,439,439,31,106,187
1629021,Moritz Wagner,1610612753,ORL,25.0,63,104.3,105.3,105.3,112.7,112.6,112.6,-8.3,-7.2,-7.2,0.151,1.55,14.6,0.041,0.19,0.115,9.4,9.4,0.581,0.623,0.224,0.231,102.58,102.12,85.1,102.12,0.124,2041,3.1,6.3,441,412,412,450,434,434,467,454,454,206,318,320,237,89,145,293,296,107,80,102,101,127,164,164,77,234,262
1629650,Moses Brown,1610612739,CLE,22.0,40,104.1,102.4,102.4,109.2,108.5,108.5,-5.0,-6.2,-6.2,0.005,0.05,0.6,0.11,0.257,0.186,12.3,12.4,0.593,0.612,0.199,0.203,99.89,101.07,84.22,101.07,0.117,723,1.6,2.7,445,476,476,281,229,229,395,426,426,568,548,568,48,28,21,483,485,83,99,181,191,382,253,253,101,411,483
1630541,Moses Moody,1610612744,GSW,20.0,52,106.0,104.8,104.8,108.3,108.9,108.9,-2.3,-4.0,-4.0,0.056,1.77,9.8,0.028,0.098,0.064,5.6,5.5,0.546,0.573,0.148,0.154,100.72,101.0,84.17,101.0,0.069,1282,1.5,3.5,387,425,425,224,242,242,330,382,382,512,265,501,331,433,395,75,75,198,217,412,405,302,262,262,407,416,433
1630589,Moses Wright,1610612742,DAL,23.0,4,106.0,100.0,100.0,132.7,121.9,121.9,-26.7,-21.9,-21.9,0.182,0.0,28.6,0.083,0.143,0.115,0.0,0.0,0.25,0.47,0.139,0.156,97.09,104.25,86.88,104.25,0.106,32,0.3,1.0,389,512,512,590,577,577,570,563,563,146,549,62,100,214,143,1,1,567,500,450,392,566,72,72,153,566,570
1628539,Mychal Mulder,1610612748,MIA,28.0,17,98.0,100.6,100.6,111.0,110.8,110.8,-13.0,-10.3,-10.3,0.031,0.63,5.4,0.007,0.089,0.045,8.7,8.7,0.422,0.438,0.153,0.156,102.6,101.29,84.41,101.29,0.03,504,1.4,4.5,541,505,505,372,350,350,525,500,500,558,522,555,552,486,541,237,239,515,523,375,391,123,232,232,553,435,369
1629619,Myles Powell,1610612755,PHI,24.0,11,110.9,106.3,106.3,118.2,121.4,121.4,-7.3,-15.1,-15.1,0.088,1.0,12.5,0.019,0.098,0.058,12.5,12.6,0.324,0.364,0.163,0.172,102.07,102.79,85.66,102.79,-0.003,111,0.5,1.5,183,375,375,552,572,572,450,540,540,361,454,402,424,432,450,490,493,556,554,330,311,169,121,121,587,550,547
1626167,Myles Turner,1610612754,IND,26.0,42,108.0,109.7,109.7,109.1,109.9,109.9,-1.1,-0.3,-0.3,0.053,0.81,8.2,0.052,0.188,0.12,10.1,10.1,0.587,0.615,0.173,0.177,98.87,97.75,81.46,97.75,0.111,2511,4.8,9.4,306,242,242,269,302,302,294,273,273,523,500,535,190,95,128,344,343,94,94,283,291,477,537,537,130,116,144
1630230,Naji Marshall,1610612740,NOP,24.0,55,106.8,105.7,105.7,109.0,108.0,108.0,-2.2,-2.2,-2.2,0.126,1.35,14.7,0.047,0.142,0.092,10.9,11.0,0.444,0.505,0.197,0.203,101.04,102.03,85.02,102.03,0.082,1557,2.0,4.9,357,393,393,262,203,203,325,332,332,250,376,317,214,221,227,408,415,493,440,189,189,268,169,169,315,371,342
1629642,Nassir Little,1610612757,POR,22.0,42,109.0,110.2,110.2,109.8,111.1,111.1,-0.7,-0.9,-0.9,0.074,1.35,12.0,0.052,0.158,0.105,8.9,8.9,0.541,0.575,0.155,0.158,99.59,98.46,82.05,98.46,0.091,2231,3.5,7.5,261,216,216,311,364,364,285,290,290,433,375,423,191,167,182,256,255,216,210,370,379,410,504,504,255,206,197
1630207,Nate Hinton,1610612754,IND,23.0,2,136.1,133.3,133.3,68.0,57.1,57.1,68.0,76.2,76.2,0.0,0.0,0.0,0.0,0.0,0.0,50.0,50.0,0.0,0.0,0.25,0.291,116.31,128.57,107.14,128.57,-0.222,6,0.0,0.5,7,7,7,5,4,4,4,3,3,569,549,569,557,583,586,602,602,578,582,59,32,4,3,3,603,578,589
1630233,Nathan Knight,1610612750,MIN,24.0,37,108.1,105.5,105.5,102.2,101.9,101.9,5.9,3.6,3.6,0.126,1.22,14.1,0.114,0.174,0.145,11.5,11.7,0.534,0.603,0.203,0.209,102.67,104.06,86.71,104.06,0.121,580,1.2,2.4,302,402,402,55,55,55,94,149,149,251,411,348,40,130,72,443,450,245,120,167,167,119,77,77,87,466,500
1629675,Naz Reid,1610612750,MIN,22.0,77,105.1,105.5,105.5,108.3,107.9,107.9,-3.2,-2.4,-2.4,0.091,0.87,10.3,0.074,0.161,0.115,11.8,11.8,0.549,0.588,0.209,0.215,103.86,103.86,86.55,103.86,0.103,2616,3.0,6.2,420,400,400,227,201,201,352,338,338,351,493,486,118,160,142,460,462,188,169,140,140,60,80,80,167,255,269
1629674,Neemias Queta,1610612758,SAC,22.0,15,105.6,104.3,104.3,109.9,108.4,108.4,-4.3,-4.1,-4.1,0.076,1.0,10.3,0.104,0.144,0.123,10.3,10.4,0.447,0.495,0.176,0.184,99.62,100.94,84.11,100.94,0.062,253,1.1,2.5,406,437,437,320,222,222,374,383,383,429,454,484,56,211,116,369,376,489,463,273,260,405,269,269,462,480,491
202357,Nemanja Bjelica,1610612744,GSW,34.0,71,109.4,109.2,109.2,103.0,104.0,104.0,6.4,5.2,5.2,0.204,1.83,25.4,0.055,0.187,0.124,13.9,14.0,0.547,0.573,0.175,0.18,99.68,99.35,82.79,99.35,0.11,2368,2.3,4.8,247,266,266,68,84,84,87,114,114,123,252,98,181,98,109,529,532,197,218,274,279,398,422,422,134,342,347
203457,Nerlens Noel,1610612752,NYK,28.0,25,105.7,104.1,104.1,109.2,109.8,109.8,-3.5,-5.7,-5.7,0.06,1.15,19.8,0.084,0.161,0.123,17.2,17.2,0.533,0.581,0.072,0.075,98.47,98.91,82.42,98.91,0.069,1157,1.3,2.4,400,441,441,282,299,299,363,410,410,502,427,189,96,159,115,575,575,248,188,588,589,504,470,470,408,459,497
1629651,Nic Claxton,1610612751,BKN,23.0,47,110.1,109.4,109.4,107.8,109.8,109.8,2.4,-0.4,-0.4,0.066,1.13,11.2,0.098,0.157,0.13,9.9,9.8,0.674,0.672,0.15,0.155,101.31,100.65,83.87,100.65,0.114,2033,3.8,5.6,212,253,253,208,300,300,196,278,278,469,433,448,69,171,95,331,329,26,32,390,393,244,305,305,113,175,293
1630208,Nick Richards,1610612766,CHA,24.0,50,103.5,102.4,102.4,115.9,115.4,115.4,-12.4,-13.0,-13.0,0.054,0.54,9.0,0.086,0.137,0.111,16.6,16.4,0.667,0.689,0.147,0.154,102.27,103.02,85.85,103.02,0.086,785,1.2,1.8,459,473,473,532,520,520,519,528,528,520,530,520,91,237,157,569,569,27,23,413,402,154,107,107,286,469,533
1629638,Nickeil Alexander-Walker,1610612762,UTA,23.0,65,106.3,107.6,107.6,110.8,110.7,110.7,-4.5,-3.1,-3.1,0.166,1.68,16.0,0.024,0.103,0.062,9.5,9.5,0.449,0.475,0.237,0.241,99.59,99.02,82.52,99.02,0.072,3015,3.9,10.5,376,331,331,363,344,344,378,354,354,174,284,287,373,401,415,305,306,486,493,80,82,409,460,460,387,168,126
201587,Nicolas Batum,1610612746,LAC,33.0,59,104.7,105.4,105.4,109.2,109.8,109.8,-4.4,-4.4,-4.4,0.099,2.5,18.5,0.019,0.146,0.082,7.4,7.4,0.602,0.608,0.13,0.133,100.36,99.74,83.11,99.74,0.096,3041,3.0,6.6,429,405,405,276,296,296,377,386,386,330,105,224,428,200,274,146,147,66,109,493,498,334,382,382,225,252,252
203917,Nik Stauskas,1610612738,BOS,28.0,8,113.4,109.5,109.5,90.9,90.2,90.2,22.4,19.3,19.3,0.065,2.0,10.0,0.024,0.049,0.037,5.0,5.1,0.5,0.541,0.184,0.194,100.58,102.71,85.59,102.71,0.067,84,0.6,1.8,81,247,247,13,16,16,10,16,16,479,190,493,363,574,569,61,61,363,339,237,223,313,129,129,428,538,538
203999,Nikola Jokić,1610612743,DEN,27.0,74,115.2,117.3,117.3,108.1,108.9,108.9,7.1,8.4,8.4,0.388,2.08,24.8,0.09,0.313,0.209,11.9,11.8,0.62,0.661,0.309,0.316,100.69,99.46,82.88,99.46,0.23,5136,10.3,17.7,45,23,23,218,243,243,70,49,49,11,177,107,87,2,7,466,460,51,39,18,18,306,413,413,4,3,25
202696,Nikola Vučević,1610612741,CHI,31.0,73,110.2,111.3,111.3,111.6,112.8,112.8,-1.4,-1.6,-1.6,0.153,1.74,15.0,0.06,0.274,0.168,8.6,8.6,0.518,0.533,0.244,0.247,100.03,99.04,82.53,99.04,0.132,5000,7.5,15.8,206,183,183,411,447,447,304,312,312,199,271,314,161,17,38,235,233,306,369,74,76,367,458,458,58,33,41
1626181,Norman Powell,1610612746,LAC,29.0,45,110.1,110.6,110.6,116.8,118.7,118.7,-6.7,-8.1,-8.1,0.106,1.39,11.0,0.013,0.089,0.05,7.9,7.9,0.549,0.603,0.231,0.235,100.31,99.29,82.74,99.29,0.094,3027,6.2,13.4,215,205,205,541,562,562,439,463,463,304,367,458,503,492,519,180,183,190,123,92,94,341,433,433,237,70,70
203658,Norvel Pelle,1610612762,UTA,29.0,3,61.3,53.7,53.7,115.0,107.9,107.9,-53.7,-54.2,-54.2,0.0,0.0,0.0,0.15,0.158,0.154,28.6,28.6,0.6,0.6,0.152,0.171,90.26,99.7,83.09,99.7,0.122,41,1.0,1.7,593,594,594,513,198,198,595,590,590,569,549,569,10,169,61,596,596,69,131,382,314,596,387,387,81,493,542
1628384,OG Anunoby,1610612761,TOR,24.0,48,110.6,112.0,112.0,107.1,108.1,108.1,3.5,3.9,3.9,0.108,1.56,13.1,0.04,0.116,0.076,8.4,8.4,0.526,0.549,0.204,0.208,98.19,97.07,80.89,97.07,0.092,3494,6.4,14.5,191,160,160,179,213,213,158,141,141,298,316,380,241,326,308,215,215,277,305,165,171,519,567,567,252,58,53
1630167,Obi Toppin,1610612752,NYK,24.0,72,111.0,110.9,110.9,103.6,104.0,104.0,7.4,6.9,6.9,0.105,1.38,11.6,0.056,0.155,0.107,8.5,8.5,0.586,0.614,0.205,0.211,97.59,97.48,81.24,97.48,0.129,2494,3.5,6.6,176,192,192,77,85,85,63,73,73,306,370,432,176,174,176,220,220,96,95,164,159,552,550,550,67,203,251
1630846,Olivier Sarr,1610612760,OKC,23.0,22,107.1,106.0,106.0,109.0,108.0,108.0,-1.9,-2.0,-2.0,0.066,0.86,12.3,0.078,0.133,0.106,14.3,14.2,0.639,0.672,0.136,0.141,99.61,100.59,83.83,100.59,0.079,877,2.6,4.6,343,381,381,267,207,207,314,323,323,470,495,410,110,253,179,539,540,44,31,473,466,407,310,310,342,297,364
1630209,Omer Yurtseven,1610612748,MIA,24.0,56,113.6,113.3,113.3,107.4,108.0,108.0,6.2,5.3,5.3,0.105,1.2,13.5,0.12,0.293,0.207,11.3,11.3,0.528,0.546,0.19,0.195,98.38,98.22,81.85,98.22,0.127,1439,2.3,4.4,71,103,103,193,206,206,89,112,112,307,418,369,32,6,9,428,428,267,319,214,216,510,516,516,72,334,378
1630168,Onyeka Okongwu,1610612737,ATL,21.0,48,114.3,114.6,114.6,108.7,109.1,109.1,5.6,5.5,5.5,0.078,1.2,14.4,0.117,0.163,0.141,11.9,11.8,0.69,0.714,0.137,0.141,99.23,98.92,82.43,98.92,0.109,2043,3.3,4.7,58,61,61,243,255,255,97,107,107,420,415,332,37,157,76,465,463,17,16,463,464,448,466,466,139,221,355
1629052,Oshae Brissett,1610612754,IND,24.0,67,110.2,110.8,110.8,116.8,116.8,116.8,-6.6,-6.0,-6.0,0.064,1.33,10.2,0.065,0.165,0.113,7.7,7.7,0.493,0.53,0.166,0.171,101.47,101.21,84.35,101.21,0.079,3288,3.1,7.6,208,196,196,542,543,543,435,422,422,481,378,487,140,148,149,162,163,391,377,316,322,230,237,237,337,238,193
203490,Otto Porter Jr.,1610612744,GSW,29.0,63,110.3,110.2,110.2,102.5,103.3,103.3,7.8,6.8,6.8,0.097,2.54,16.4,0.06,0.189,0.125,6.4,6.4,0.56,0.581,0.145,0.149,100.43,100.09,83.41,100.09,0.12,2925,3.1,6.6,200,221,221,59,70,70,55,76,76,335,98,272,163,92,108,102,106,157,185,425,429,325,355,355,90,244,249
200782,P.J. Tucker,1610612748,MIA,37.0,71,111.5,113.2,113.2,105.9,107.1,107.1,5.6,6.2,6.2,0.107,2.26,22.2,0.052,0.146,0.099,9.8,9.9,0.577,0.593,0.116,0.117,97.62,96.38,80.31,96.38,0.083,3970,2.9,6.0,150,104,104,142,171,171,99,88,88,300,146,142,192,199,195,326,330,111,157,537,543,548,582,582,310,266,274
1629023,P.J. Washington,1610612766,CHA,23.0,65,114.3,115.0,115.0,111.2,111.5,111.5,3.1,3.5,3.5,0.112,1.79,18.4,0.044,0.142,0.092,10.3,10.3,0.573,0.588,0.154,0.156,101.92,101.48,84.57,101.48,0.085,3742,3.8,8.2,59,53,53,393,384,384,170,151,151,284,257,228,219,223,226,366,366,124,168,372,388,187,222,222,296,174,181
1628408,PJ Dozier,1610612743,DEN,25.0,18,97.5,96.6,96.6,109.8,109.5,109.5,-12.3,-12.9,-12.9,0.135,2.23,19.7,0.038,0.144,0.089,8.8,8.9,0.439,0.463,0.147,0.153,98.74,99.32,82.76,99.32,0.068,705,2.0,5.5,543,541,541,310,276,276,518,527,527,234,148,194,256,210,242,249,252,495,504,416,413,487,430,430,418,365,303
1628238,Paris Bass,1610612756,PHX,26.0,2,101.4,94.4,94.4,90.8,93.8,93.8,10.6,0.7,0.7,0.0,0.0,0.0,0.2,0.222,0.211,22.2,22.5,0.333,0.436,0.36,0.39,108.18,110.52,92.1,110.52,0.089,18,1.0,3.0,498,552,552,12,22,22,34,244,244,569,549,569,3,50,5,592,592,552,525,6,4,20,24,24,270,493,466
1627783,Pascal Siakam,1610612761,TOR,28.0,68,112.1,114.3,114.3,108.2,109.6,109.6,3.9,4.8,4.8,0.224,1.99,18.8,0.046,0.182,0.111,9.5,9.5,0.525,0.565,0.257,0.261,97.91,96.31,80.26,96.31,0.139,5177,8.8,17.8,127,70,70,220,280,280,145,122,122,104,209,212,216,110,162,302,300,287,248,54,58,533,583,583,45,15,24
1626192,Pat Connaughton,1610612749,MIL,29.0,65,111.1,111.3,111.3,111.8,112.1,112.1,-0.7,-0.7,-0.7,0.067,2.34,12.9,0.025,0.13,0.077,5.5,5.5,0.605,0.62,0.137,0.14,101.95,101.72,84.76,101.72,0.089,3583,3.5,7.6,174,181,181,417,415,415,283,284,284,464,132,385,354,258,295,74,74,62,83,462,468,182,195,195,267,201,190
201976,Patrick Beverley,1610612750,MIN,33.0,58,111.4,113.6,113.6,108.9,109.8,109.8,2.4,3.7,3.7,0.249,3.67,32.1,0.038,0.119,0.077,8.7,8.7,0.501,0.539,0.158,0.16,102.46,101.06,84.22,101.06,0.094,3105,3.1,7.5,160,89,89,259,297,297,193,146,146,79,28,38,254,305,296,244,243,359,347,358,369,140,255,255,236,247,195
1630172,Patrick Williams,1610612741,CHI,20.0,17,106.7,107.8,107.8,113.2,113.3,113.3,-6.5,-5.5,-5.5,0.051,0.94,10.0,0.04,0.132,0.084,10.7,10.6,0.603,0.637,0.139,0.142,100.05,99.51,82.92,99.51,0.078,872,3.2,6.0,359,325,325,468,467,467,431,406,406,530,481,493,247,254,259,388,386,63,56,452,461,364,407,407,345,228,275
201988,Patty Mills,1610612751,BKN,33.0,81,111.1,112.3,112.3,109.6,110.7,110.7,1.5,1.5,1.5,0.106,2.51,17.1,0.008,0.055,0.032,6.8,6.8,0.551,0.563,0.16,0.163,101.57,100.56,83.8,100.56,0.066,4933,4.0,9.8,170,145,145,303,346,346,216,217,217,305,104,259,550,571,577,121,121,182,253,344,356,219,313,313,434,159,136
202331,Paul George,1610612746,LAC,32.0,31,106.9,108.2,108.2,102.1,103.9,103.9,4.8,4.2,4.2,0.286,1.4,17.6,0.011,0.171,0.094,12.6,12.6,0.493,0.538,0.329,0.336,101.44,99.95,83.29,99.95,0.148,2242,8.6,20.5,353,313,313,54,83,83,118,136,136,41,365,249,526,135,216,494,492,392,352,11,10,231,365,365,35,20,8
200794,Paul Millsap,1610612755,PHI,37.0,33,106.4,106.9,106.9,110.1,110.4,110.4,-3.7,-3.5,-3.5,0.121,1.53,16.7,0.096,0.182,0.137,10.9,10.9,0.426,0.458,0.158,0.162,100.04,99.65,83.04,99.65,0.064,782,1.4,3.5,369,355,355,326,331,331,365,367,367,263,323,265,73,115,83,406,411,511,510,355,362,365,391,391,448,447,438
1630194,Paul Reed,1610612755,PHI,23.0,38,109.3,107.7,107.7,114.7,113.9,113.9,-5.4,-6.2,-6.2,0.081,1.6,12.5,0.137,0.164,0.15,7.8,7.8,0.573,0.568,0.151,0.158,98.03,99.08,82.57,99.08,0.105,624,1.4,2.5,252,328,328,507,487,487,407,429,429,400,308,402,17,151,65,173,175,126,236,388,380,528,456,456,162,432,492
1628778,Paul Watson,1610612760,OKC,27.0,9,99.6,99.7,99.7,115.8,117.6,117.6,-16.2,-17.9,-17.9,0.074,2.0,16.7,0.016,0.145,0.077,8.3,8.4,0.429,0.432,0.106,0.108,102.72,101.86,84.89,101.86,0.048,333,1.3,3.9,526,523,523,530,556,556,547,555,555,434,190,265,464,207,293,208,213,507,529,562,567,116,184,184,511,449,404
1630202,Payton Pritchard,1610612738,BOS,24.0,71,109.3,109.4,109.4,106.6,107.2,107.2,2.8,2.2,2.2,0.222,3.39,24.7,0.031,0.093,0.063,7.3,7.3,0.564,0.578,0.18,0.185,98.57,98.23,81.86,98.23,0.107,2057,2.3,5.3,248,254,254,163,176,176,184,191,191,106,40,108,305,467,405,142,142,145,196,257,257,499,515,515,150,342,314
1627822,Petr Cornelie,1610612743,DEN,26.0,13,109.9,102.3,102.3,103.2,96.5,96.5,6.7,5.8,5.8,0.115,0.75,12.5,0.159,0.219,0.184,16.7,16.8,0.367,0.418,0.208,0.228,102.03,109.36,91.14,109.36,0.046,88,0.4,1.2,226,477,477,70,33,33,80,98,98,273,505,402,6,51,22,570,572,544,536,144,105,173,29,29,517,559,566
1630173,Precious Achiuwa,1610612761,TOR,22.0,73,106.8,108.7,108.7,106.7,106.7,106.7,0.1,1.9,1.9,0.072,0.98,9.9,0.075,0.188,0.128,10.2,10.2,0.486,0.503,0.18,0.185,97.77,96.88,80.74,96.88,0.089,3483,3.6,8.3,358,289,289,167,159,159,261,203,203,444,476,498,116,94,103,354,355,408,443,255,259,546,575,575,265,188,177
1629656,Quentin Grimes,1610612752,NYK,22.0,46,102.4,102.0,102.0,103.0,105.0,105.0,-0.6,-3.0,-3.0,0.095,1.57,14.0,0.028,0.085,0.056,8.9,8.9,0.557,0.565,0.149,0.155,97.51,96.7,80.59,96.7,0.07,1581,2.1,5.1,475,480,480,67,110,110,280,351,351,343,314,351,329,502,472,257,253,162,247,405,395,557,578,578,396,360,325
1629683,Quinndary Weatherspoon,1610612744,GSW,25.0,11,115.7,110.8,110.8,125.1,119.4,119.4,-9.5,-8.6,-8.6,0.102,1.67,16.7,0.029,0.182,0.104,10.0,9.6,0.595,0.647,0.15,0.168,97.79,102.33,85.28,102.33,0.065,158,1.1,1.9,36,199,199,583,567,567,489,470,470,321,286,265,318,111,185,336,313,79,49,396,334,544,151,151,447,488,526
1630181,R.J. Hampton,1610612753,ORL,21.0,64,98.7,99.1,99.1,113.6,113.5,113.5,-14.9,-14.5,-14.5,0.179,1.82,21.0,0.015,0.12,0.065,11.6,11.5,0.453,0.481,0.18,0.185,101.7,101.51,84.59,101.51,0.065,2972,2.7,7.1,534,528,528,481,473,473,539,537,537,150,254,164,481,300,379,445,444,480,485,254,258,206,217,217,446,286,217
1629628,RJ Barrett,1610612752,NYK,22.0,70,107.2,108.3,108.3,110.2,111.6,111.6,-3.0,-3.3,-3.3,0.146,1.38,12.0,0.025,0.136,0.079,8.7,8.7,0.466,0.511,0.268,0.273,98.94,97.79,81.49,97.79,0.099,4932,7.0,17.1,341,308,308,330,393,393,346,360,360,218,369,424,355,240,285,241,241,459,427,43,48,472,535,535,194,44,31
200765,Rajon Rondo,1610612739,CLE,36.0,39,99.7,98.9,98.9,106.2,106.8,106.8,-6.5,-7.8,-7.8,0.366,2.5,40.2,0.02,0.118,0.07,16.1,16.0,0.474,0.496,0.152,0.159,101.82,101.99,84.99,101.99,0.096,1486,1.7,4.5,524,529,529,153,160,160,430,460,460,14,105,12,418,306,345,566,564,445,460,380,374,196,174,174,221,398,370
203526,Raul Neto,1610612764,WAS,30.0,70,110.6,109.6,109.6,112.6,112.9,112.9,-2.0,-3.3,-3.3,0.228,2.75,27.7,0.01,0.089,0.05,10.1,10.1,0.502,0.538,0.18,0.186,98.98,99.32,82.77,99.32,0.085,2842,2.9,6.3,192,245,245,448,448,448,319,359,359,102,76,71,541,488,517,345,344,354,349,253,256,470,427,427,294,267,261
1629730,Rayjon Tucker,1610612749,MIL,24.0,5,118.1,114.8,114.8,121.9,117.5,117.5,-3.8,-2.7,-2.7,0.172,10.0,43.5,0.051,0.076,0.064,4.3,4.3,0.889,0.869,0.075,0.079,105.67,109.12,90.94,109.12,0.085,162,1.2,1.8,16,55,55,572,554,554,369,344,344,162,2,5,197,529,393,49,49,5,5,587,587,36,32,32,291,469,533
203493,Reggie Bullock Jr.,1610612742,DAL,31.0,68,112.6,113.3,113.3,105.3,106.7,106.7,7.3,6.6,6.6,0.06,2.08,13.1,0.017,0.106,0.063,6.3,6.2,0.542,0.558,0.128,0.134,97.17,96.22,80.19,96.22,0.065,3821,3.0,7.4,104,101,101,111,156,156,64,81,81,499,179,381,441,382,407,97,93,210,270,500,496,565,585,585,445,263,206
202704,Reggie Jackson,1610612746,LAC,32.0,75,107.4,108.2,108.2,108.4,109.4,109.4,-1.0,-1.3,-1.3,0.245,2.08,19.7,0.016,0.092,0.055,9.5,9.5,0.46,0.488,0.273,0.279,99.56,98.77,82.31,98.77,0.088,4804,6.4,16.3,329,314,314,233,271,271,291,303,303,85,178,195,462,474,485,301,302,467,475,36,39,413,484,484,274,62,37
1629617,Reggie Perry,1610612757,POR,22.0,10,100.5,100.5,100.5,119.2,117.1,117.1,-18.7,-16.6,-16.6,0.118,1.09,11.1,0.074,0.165,0.118,10.2,10.1,0.525,0.537,0.222,0.229,99.33,100.22,83.52,100.22,0.091,385,4.0,7.9,514,506,506,560,548,548,558,547,547,266,439,450,120,150,132,355,350,282,353,105,103,439,342,342,260,159,186
1626158,Richaun Holmes,1610612758,SAC,28.0,45,106.1,107.2,107.2,112.5,113.0,113.0,-6.4,-5.8,-5.8,0.068,0.86,10.9,0.082,0.198,0.14,12.8,12.6,0.663,0.689,0.153,0.158,102.42,101.69,84.74,101.69,0.116,2274,4.4,6.7,383,344,344,446,456,456,428,415,415,459,496,461,104,79,77,498,497,31,22,378,382,144,198,198,107,139,243
201937,Ricky Rubio,1610612754,IND,31.0,34,107.8,108.6,108.6,99.7,99.5,99.5,8.0,9.1,9.1,0.348,2.5,29.3,0.015,0.122,0.069,11.7,11.7,0.434,0.488,0.234,0.24,101.12,100.86,84.05,100.86,0.111,2038,4.4,12.1,315,293,293,32,40,40,53,44,44,16,105,58,485,288,352,454,452,500,476,82,83,261,276,276,127,140,91
1630306,Rob Edwards,1610612760,OKC,25.0,2,53.0,50.0,50.0,102.9,109.1,109.1,-49.9,-59.1,-59.1,0.0,0.0,0.0,0.0,0.214,0.103,20.0,20.0,0.375,0.375,0.227,0.239,93.35,92.9,77.42,92.9,0.08,20,0.5,2.0,598,595,595,64,255,255,591,593,593,569,549,569,557,58,187,587,587,539,553,95,85,592,599,599,329,544,514
203496,Robert Covington,1610612746,LAC,31.0,71,110.0,110.9,110.9,108.8,110.2,110.2,1.2,0.6,0.6,0.066,1.23,13.2,0.03,0.167,0.098,10.8,10.8,0.548,0.572,0.134,0.136,100.76,99.73,83.1,99.73,0.08,4035,2.9,7.0,220,194,194,253,318,318,227,246,246,472,410,377,316,141,201,393,400,193,225,477,482,297,383,383,333,264,225
1629057,Robert Williams III,1610612738,BOS,24.0,61,112.7,113.4,113.4,101.8,103.4,103.4,10.9,10.0,10.0,0.095,1.92,20.5,0.131,0.178,0.155,10.7,10.6,0.736,0.745,0.112,0.114,98.55,97.5,81.25,97.5,0.14,3666,4.4,6.0,101,96,96,51,74,74,30,33,33,342,225,175,20,120,57,390,391,11,10,547,552,501,549,549,43,137,273
1630218,Robert Woodard II,1610612759,SAS,22.0,12,112.9,111.1,111.1,97.3,94.4,94.4,15.6,16.7,16.7,0.086,3.0,14.3,0.086,0.146,0.111,4.8,4.8,0.156,0.207,0.158,0.162,100.07,102.39,85.32,102.39,0.014,90,0.2,1.3,92,187,187,26,24,24,16,19,19,374,53,333,92,196,157,57,57,574,574,357,364,361,148,148,571,573,555
201577,Robin Lopez,1610612753,ORL,34.0,36,102.3,103.3,103.3,110.6,109.7,109.7,-8.3,-6.4,-6.4,0.142,1.23,16.8,0.098,0.089,0.094,13.7,13.7,0.558,0.57,0.182,0.186,99.86,99.78,83.15,99.78,0.076,1280,3.1,5.5,478,460,460,358,293,293,469,437,437,223,409,263,67,489,218,525,524,161,231,246,253,386,380,380,353,246,301
203918,Rodney Hood,1610612746,LAC,29.0,52,109.0,108.8,108.8,108.4,107.9,107.9,0.7,0.8,0.8,0.074,3.45,17.8,0.021,0.081,0.052,5.1,5.1,0.465,0.493,0.106,0.109,100.06,100.37,83.64,100.37,0.051,1482,1.1,3.0,260,282,282,229,202,202,245,238,238,437,36,246,405,514,509,62,62,460,468,563,564,363,329,329,502,485,465
203585,Rodney McGruder,1610612765,DET,30.0,51,104.0,105.0,105.0,108.2,108.7,108.7,-4.2,-3.7,-3.7,0.094,2.0,15.5,0.037,0.104,0.069,7.8,7.8,0.564,0.577,0.142,0.146,102.34,101.56,84.64,101.56,0.077,1597,1.9,4.4,452,421,421,219,233,233,373,375,375,346,190,295,263,396,350,169,174,144,200,439,447,149,211,211,350,377,377
1629641,Romeo Langford,1610612759,SAS,22.0,48,104.6,104.0,104.0,102.3,103.1,103.1,2.3,1.0,1.0,0.04,1.31,8.5,0.035,0.092,0.063,6.5,6.5,0.51,0.52,0.123,0.127,99.15,99.06,82.55,99.06,0.061,1586,1.7,4.0,432,445,445,57,65,65,198,233,233,548,384,531,269,476,400,107,108,328,397,518,518,456,457,457,465,399,398
1626220,Royce O'Neale,1610612762,UTA,29.0,77,114.4,115.8,115.8,108.9,110.5,110.5,5.4,5.3,5.3,0.104,2.42,25.9,0.027,0.12,0.075,10.7,10.7,0.591,0.608,0.098,0.1,99.85,98.5,82.09,98.5,0.069,4924,2.6,5.8,57,42,42,256,336,336,103,113,113,315,124,92,338,301,319,391,393,85,108,573,574,387,502,502,405,297,284
1630612,Ruben Nembhard Jr.,1610612739,CLE,23.0,14,83.3,82.7,82.7,93.9,91.1,91.1,-10.5,-8.4,-8.4,0.343,4.0,34.3,0.042,0.056,0.049,8.6,8.6,0.333,0.38,0.16,0.166,93.85,95.64,79.7,95.64,0.097,127,0.4,1.3,581,577,577,18,17,17,507,468,468,17,19,26,229,569,525,227,235,552,551,345,342,590,592,592,209,554,561
200752,Rudy Gay,1610612762,UTA,35.0,55,113.7,113.6,113.6,105.0,104.9,104.9,8.7,8.7,8.7,0.078,1.19,10.9,0.05,0.166,0.109,9.1,9.1,0.507,0.539,0.185,0.191,99.87,100.0,83.33,100.0,0.09,2161,2.9,6.9,66,90,90,109,103,103,45,47,47,415,419,464,200,145,168,271,270,336,346,226,234,385,359,359,264,270,231
203497,Rudy Gobert,1610612762,UTA,30.0,66,114.1,114.1,114.1,104.5,104.5,104.5,9.6,9.6,9.6,0.052,0.61,8.0,0.114,0.312,0.217,13.2,13.3,0.713,0.732,0.166,0.169,99.21,99.23,82.69,99.23,0.177,4381,5.5,7.7,62,73,73,96,94,94,40,38,38,525,523,536,41,3,4,513,515,14,12,315,328,450,442,442,13,97,189
1629060,Rui Hachimura,1610612764,WAS,24.0,42,109.3,108.7,108.7,114.9,115.8,115.8,-5.6,-7.1,-7.1,0.08,1.45,9.8,0.027,0.143,0.086,6.7,6.7,0.563,0.579,0.205,0.212,98.78,98.62,82.18,98.62,0.099,1943,4.5,9.1,250,285,285,509,526,526,410,450,450,408,345,503,333,219,252,117,117,150,191,156,153,484,492,492,191,135,154
201566,Russell Westbrook,1610612747,LAL,33.0,78,107.2,107.5,107.5,111.3,111.5,111.5,-4.1,-4.0,-4.0,0.311,1.86,24.4,0.039,0.165,0.103,13.1,13.1,0.476,0.512,0.264,0.271,102.77,102.57,85.47,102.57,0.113,5730,7.0,15.8,338,334,334,398,386,386,372,381,381,32,245,112,250,149,192,507,508,438,426,47,51,113,135,135,120,42,42
1627853,Ryan Arcidiacono,1610612752,NYK,28.0,10,93.2,91.1,91.1,97.8,99.4,99.4,-4.6,-8.2,-8.2,0.091,1.33,21.1,0.0,0.105,0.052,15.8,15.8,0.667,0.667,0.085,0.09,98.84,99.14,82.62,99.14,0.063,158,0.6,1.2,564,563,563,30,39,39,384,466,466,352,378,162,557,389,507,562,562,27,34,582,581,479,451,451,460,540,565
1630240,Saben Lee,1610612765,DET,23.0,37,102.1,105.1,105.1,111.3,110.8,110.8,-9.2,-5.7,-5.7,0.274,2.97,30.3,0.026,0.113,0.067,10.2,10.2,0.429,0.499,0.169,0.171,101.48,100.22,83.51,100.22,0.1,1257,1.9,4.8,484,419,419,397,349,349,487,412,412,54,58,52,344,347,363,358,363,506,459,298,317,227,345,345,188,384,348
1630180,Saddiq Bey,1610612765,DET,23.0,82,103.0,104.7,104.7,112.5,114.0,114.0,-9.5,-9.3,-9.3,0.138,2.43,14.8,0.035,0.125,0.078,6.1,6.1,0.489,0.529,0.209,0.212,100.76,99.32,82.77,99.32,0.1,5605,5.5,13.9,467,427,427,445,489,489,490,487,487,227,123,316,268,272,291,90,90,402,379,141,152,298,429,429,187,96,65
1626155,Sam Dekker,1610612761,TOR,28.0,1,0.0,0.0,0.0,250.0,250.0,250.0,-250.0,-250.0,-250.0,0.0,0.0,0.0,0.0,0.0,0.0,0.0,0.0,0.0,0.0,0.0,0.0,79.41,105.88,88.24,105.88,0.0,2,0.0,0.0,605,605,605,605,605,605,605,605,605,569,549,569,557,583,586,1,1,578,582,598,598,602,49,49,577,578,597
1630573,Sam Hauser,1610612738,BOS,24.0,26,107.3,105.7,105.7,107.3,106.0,106.0,0.0,-0.3,-0.3,0.095,5.0,16.1,0.03,0.133,0.084,3.2,3.2,0.65,0.65,0.136,0.142,100.07,101.42,84.52,101.42,0.104,334,0.9,1.9,336,394,394,190,138,138,265,275,275,338,8,280,313,248,263,45,45,33,48,470,459,359,227,227,163,516,524
1630241,Sam Merrill,1610612763,MEM,26.0,6,98.3,101.6,101.6,112.3,112.7,112.7,-14.0,-11.1,-11.1,0.108,2.0,12.9,0.012,0.107,0.05,6.5,6.3,0.479,0.485,0.178,0.186,101.49,99.6,83.0,99.6,0.054,122,1.3,4.0,537,491,491,434,443,443,533,511,511,297,190,388,519,372,520,103,98,430,481,264,252,225,396,396,497,449,393
1630572,Sandro Mamukelashvili,1610612749,MIL,23.0,41,100.8,99.6,99.6,117.5,117.3,117.3,-16.7,-17.6,-17.6,0.084,1.47,13.7,0.079,0.116,0.097,9.3,9.3,0.591,0.618,0.142,0.148,99.88,100.54,83.78,100.54,0.09,855,1.4,2.8,511,524,524,546,550,550,548,553,553,387,342,362,109,324,206,288,284,84,88,441,436,384,314,314,262,439,476
1630583,Santi Aldama,1610612763,MEM,21.0,32,106.1,105.9,105.9,103.5,104.6,104.6,2.6,1.3,1.3,0.08,1.31,11.6,0.077,0.15,0.11,8.8,8.7,0.424,0.452,0.174,0.181,102.08,101.67,84.72,101.67,0.066,765,1.7,4.1,382,385,385,75,97,97,190,224,224,403,384,435,112,185,164,248,244,513,516,279,272,168,203,203,436,405,386
1630567,Scottie Barnes,1610612761,TOR,20.0,74,109.1,110.2,110.2,107.6,108.4,108.4,1.5,1.8,1.8,0.15,1.88,18.1,0.068,0.141,0.102,9.6,9.6,0.524,0.552,0.187,0.192,97.9,97.03,80.86,97.03,0.109,5277,6.2,12.6,258,217,217,201,221,221,215,207,207,209,238,236,134,225,193,312,312,290,292,222,229,534,568,568,141,69,84
1630575,Scottie Lewis,1610612766,CHA,22.0,2,95.9,100.0,100.0,125.0,111.8,111.8,-29.1,-11.8,-11.8,0.2,0.0,50.0,0.0,0.0,0.0,0.0,0.0,0.0,0.568,0.059,0.05,113.0,117.25,97.71,117.25,0.08,15,0.0,0.0,549,512,512,582,403,403,575,514,514,126,549,1,557,583,586,1,1,578,235,595,596,10,10,10,329,578,597
203816,Scotty Hopson,1610612760,OKC,32.0,1,84.1,81.6,81.6,100.1,100.0,100.0,-16.1,-18.4,-18.4,0.091,0.5,14.3,0.0,0.043,0.024,28.6,28.6,0.5,0.5,0.143,0.154,99.93,101.5,84.59,101.5,0.018,38,2.0,4.0,580,580,580,35,41,41,545,558,558,352,531,333,557,579,582,596,596,363,450,435,400,376,219,219,567,365,393
1629635,Sekou Doumbouya,1610612747,LAL,21.0,2,105.2,108.3,108.3,41.9,40.5,40.5,63.2,67.8,67.8,0.0,0.0,0.0,0.111,0.182,0.15,16.7,17.0,0.688,0.717,0.286,0.279,106.7,106.94,89.11,106.94,0.376,36,2.5,4.0,419,306,306,2,1,1,5,4,4,569,549,569,45,111,64,570,574,18,15,28,38,29,38,38,3,307,393
1628400,Semi Ojeleye,1610612746,LAC,27.0,30,98.2,97.8,97.8,113.0,114.4,114.4,-14.8,-16.6,-16.6,0.033,1.0,6.9,0.057,0.111,0.083,6.9,6.9,0.379,0.438,0.126,0.13,100.46,100.12,83.43,100.12,0.041,845,1.0,3.3,538,537,537,465,500,500,538,548,548,555,454,546,173,353,269,125,127,537,522,504,508,323,352,352,531,493,450
201586,Serge Ibaka,1610612749,MIL,32.0,54,107.1,106.0,106.0,108.9,108.9,108.9,-1.8,-3.0,-3.0,0.084,1.14,12.1,0.07,0.197,0.135,10.6,10.6,0.563,0.579,0.172,0.179,100.95,101.49,84.57,101.49,0.096,1856,2.7,5.5,342,382,382,257,245,245,307,348,348,382,431,419,130,82,86,382,384,151,193,287,283,283,221,221,216,283,304
203552,Seth Curry,1610612751,BKN,31.0,64,111.6,113.7,113.7,108.5,109.2,109.2,3.2,4.5,4.5,0.162,2.11,20.8,0.01,0.082,0.047,9.9,9.7,0.594,0.615,0.182,0.187,98.17,96.94,80.79,96.94,0.092,4311,5.6,11.5,144,86,86,235,261,261,165,131,131,179,172,169,534,511,532,329,321,81,92,244,245,524,573,573,253,86,98
1628983,Shai Gilgeous-Alexander,1610612760,OKC,23.0,56,105.2,106.6,106.6,111.6,113.0,113.0,-6.4,-6.4,-6.4,0.293,2.15,19.4,0.017,0.114,0.065,9.0,9.0,0.496,0.557,0.298,0.304,102.71,101.41,84.51,101.41,0.134,4102,8.5,18.8,417,370,370,410,458,458,427,435,435,39,166,200,444,336,380,262,262,388,273,20,22,117,228,228,53,22,16
1629003,Shake Milton,1610612755,PHI,25.0,55,107.7,108.6,108.6,109.0,109.6,109.6,-1.3,-1.0,-1.0,0.178,3.16,22.6,0.025,0.094,0.059,7.2,7.1,0.483,0.517,0.174,0.179,98.93,98.24,81.87,98.24,0.079,2412,3.1,7.3,320,294,294,265,282,282,299,297,297,152,46,134,360,464,446,135,135,421,410,282,284,473,514,514,340,232,209
1629783,Shaq Buchanan,1610612763,MEM,25.0,2,104.3,108.7,108.7,118.6,117.4,117.4,-14.3,-8.7,-8.7,0.25,1.0,25.0,0.091,0.143,0.111,25.0,25.0,0.25,0.25,0.214,0.215,114.22,112.46,93.72,112.46,0.012,23,0.5,2.0,442,288,288,556,552,552,536,474,474,76,454,102,82,214,157,594,594,567,570,123,143,8,15,15,572,544,514
1627885,Shaquille Harrison,1610612751,BKN,28.0,2,95.3,91.8,91.8,101.9,104.3,104.3,-6.6,-12.4,-12.4,0.188,1.5,27.3,0.053,0.125,0.093,18.2,18.2,0.333,0.333,0.148,0.153,101.26,102.02,85.02,102.02,0.038,49,1.0,3.0,553,560,560,52,91,91,434,522,522,144,329,77,188,273,219,580,580,552,563,408,409,247,170,170,539,493,466
1630536,Sharife Cooper,1610612737,ATL,21.0,13,67.3,62.1,62.1,112.0,106.0,106.0,-44.7,-43.9,-43.9,0.313,1.0,20.8,0.0,0.147,0.062,20.8,20.8,0.25,0.25,0.202,0.228,99.37,106.36,88.63,106.36,0.0,87,0.2,1.1,591,591,591,423,134,134,587,586,586,30,454,167,557,194,417,590,590,567,570,170,107,434,44,44,577,568,569
1630219,Skylar Mays,1610612737,ATL,24.0,28,106.0,104.6,104.6,120.1,117.5,117.5,-14.2,-12.9,-12.9,0.12,1.7,18.1,0.022,0.091,0.056,10.6,10.5,0.563,0.589,0.149,0.157,97.47,99.21,82.68,99.21,0.077,457,1.1,2.3,388,429,429,566,553,553,534,526,526,264,279,239,395,477,475,385,383,151,167,403,385,558,444,444,351,478,504
203524,Solomon Hill,1610612737,ATL,31.0,13,111.6,109.4,109.4,97.7,95.1,95.1,13.9,14.3,14.3,0.117,12.0,36.4,0.043,0.115,0.08,3.0,3.0,0.2,0.2,0.064,0.067,96.58,98.81,82.35,98.81,0.021,287,0.2,1.5,148,255,255,29,28,28,18,20,20,271,1,14,225,334,282,43,43,571,576,592,592,573,478,478,562,568,549
203915,Spencer Dinwiddie,1610612742,DAL,29.0,67,108.2,108.4,108.4,108.9,109.4,109.4,-0.7,-1.0,-1.0,0.27,3.33,26.8,0.022,0.111,0.068,8.0,8.0,0.493,0.543,0.208,0.214,98.6,98.28,81.9,98.28,0.107,4052,4.6,11.0,297,303,303,255,269,269,282,296,296,57,42,82,389,354,360,191,192,394,331,145,144,496,510,510,148,131,109
1626169,Stanley Johnson,1610612747,LAL,26.0,48,113.7,114.0,114.0,114.4,115.2,115.2,-0.8,-1.1,-1.1,0.094,2.29,20.1,0.032,0.109,0.071,8.8,8.8,0.532,0.564,0.125,0.127,101.31,100.83,84.03,100.83,0.06,2289,2.4,5.2,68,76,76,503,518,518,286,299,299,347,141,178,296,365,337,245,245,254,250,508,515,243,280,280,473,315,316
201939,Stephen Curry,1610612744,GSW,34.0,64,112.8,114.1,114.1,102.2,103.4,103.4,10.6,10.7,10.7,0.286,1.96,20.8,0.015,0.126,0.073,10.6,10.5,0.554,0.601,0.293,0.302,101.99,100.83,84.02,100.83,0.155,4649,8.4,19.1,97,72,72,56,73,73,35,28,28,41,214,168,475,270,328,383,378,176,126,23,24,178,281,281,25,25,14
1628425,Sterling Brown,1610612742,DAL,27.0,49,105.6,105.4,105.4,104.1,103.1,103.1,1.6,2.3,2.3,0.078,1.48,15.5,0.039,0.188,0.113,10.5,10.5,0.471,0.495,0.124,0.128,99.64,100.21,83.51,100.21,0.073,1313,1.2,3.2,405,407,407,90,67,67,213,189,189,419,339,296,252,96,152,377,382,450,461,511,511,402,346,346,379,468,461
203500,Steven Adams,1610612763,MEM,28.0,76,115.1,117.8,117.8,108.3,109.5,109.5,6.8,8.3,8.3,0.155,2.23,30.5,0.159,0.198,0.178,13.7,13.6,0.547,0.56,0.118,0.12,101.33,99.57,82.98,99.57,0.108,4150,2.8,5.1,47,19,19,223,275,275,78,51,51,195,150,48,5,78,25,524,523,196,265,531,537,241,399,399,143,280,331
1629004,Svi Mykhailiuk,1610612761,TOR,25.0,56,103.6,103.6,103.6,109.6,109.5,109.5,-6.0,-5.9,-5.9,0.094,1.41,13.8,0.024,0.101,0.06,9.8,9.8,0.476,0.509,0.161,0.167,100.21,100.24,83.53,100.24,0.064,1500,1.6,4.2,458,454,454,300,272,272,418,416,416,345,360,359,365,409,439,322,325,437,431,334,337,345,341,341,452,410,384
204456,T.J. McConnell,1610612754,IND,30.0,27,107.2,106.8,106.8,111.6,112.3,112.3,-4.4,-5.5,-5.5,0.287,4.52,34.8,0.029,0.11,0.069,7.7,7.7,0.505,0.525,0.157,0.165,101.61,101.43,84.53,101.43,0.104,1379,3.7,7.7,340,359,359,407,424,424,376,407,407,40,12,23,317,359,354,166,164,341,389,360,350,216,225,225,164,179,188
1629605,Tacko Fall,1610612739,CLE,26.0,11,103.6,100.0,100.0,103.9,100.8,100.8,-0.3,-0.8,-0.8,0.048,0.67,10.0,0.115,0.271,0.192,15.0,14.9,0.417,0.398,0.124,0.134,95.64,98.8,82.34,98.8,0.091,124,0.5,1.1,457,512,512,83,51,51,271,288,288,535,516,493,39,19,17,553,553,516,546,513,493,582,481,481,258,550,568
201959,Taj Gibson,1610612752,NYK,37.0,52,108.3,107.4,107.4,103.3,104.2,104.2,5.0,3.3,3.3,0.05,1.19,12.9,0.088,0.139,0.114,10.8,10.9,0.563,0.606,0.099,0.102,96.78,96.74,80.62,96.74,0.069,1897,1.7,3.2,296,338,338,71,89,89,114,164,164,532,422,389,89,231,148,402,406,149,114,570,569,572,577,577,409,406,459
1629659,Talen Horton-Tucker,1610612747,LAL,21.0,60,107.2,107.9,107.9,109.5,110.1,110.1,-2.4,-2.2,-2.2,0.153,1.94,19.1,0.024,0.1,0.061,9.8,9.8,0.462,0.503,0.189,0.193,101.88,101.27,84.39,101.27,0.07,3179,3.7,9.0,339,321,321,296,311,311,331,331,331,203,220,206,377,424,420,327,328,463,442,215,224,193,233,233,392,178,159
1627752,Taurean Prince,1610612750,MIN,28.0,69,111.0,111.6,111.6,110.4,110.9,110.9,0.6,0.7,0.7,0.08,1.28,12.5,0.021,0.12,0.07,9.8,9.7,0.564,0.589,0.166,0.171,105.09,104.57,87.15,104.57,0.076,2553,2.6,5.7,178,169,169,345,353,353,248,243,243,407,394,400,409,299,346,321,318,147,165,314,323,42,64,64,355,303,291
1629611,Terance Mann,1610612746,LAC,25.0,81,107.9,108.6,108.6,106.2,107.1,107.1,1.8,1.5,1.5,0.131,2.49,19.8,0.044,0.127,0.086,8.0,8.0,0.539,0.572,0.157,0.161,99.56,98.84,82.36,98.84,0.095,4768,4.1,8.5,310,290,290,151,172,172,211,218,218,239,114,190,221,268,248,183,188,225,223,361,367,414,475,475,235,152,172
1629056,Terence Davis,1610612758,SAC,25.0,30,112.5,113.4,113.4,107.6,109.0,109.0,4.9,4.4,4.4,0.107,1.21,11.2,0.019,0.138,0.08,9.2,9.2,0.515,0.543,0.244,0.251,103.97,102.84,85.7,102.84,0.091,1153,3.8,8.9,110,95,95,200,247,247,116,132,132,302,412,447,423,235,280,280,278,322,332,73,68,55,117,117,256,176,161
203082,Terrence Ross,1610612753,ORL,31.0,63,100.0,101.9,101.9,113.2,113.8,113.8,-13.3,-11.9,-11.9,0.127,1.55,14.6,0.013,0.094,0.052,9.5,9.3,0.467,0.515,0.196,0.203,102.36,101.14,84.29,101.14,0.075,3059,3.5,8.8,521,485,485,469,483,483,527,517,517,247,320,320,510,461,508,300,292,457,420,192,190,147,247,247,360,202,165
1626179,Terry Rozier,1610612766,CHA,28.0,73,112.2,113.3,113.3,111.2,112.0,112.0,1.0,1.4,1.4,0.197,3.4,19.8,0.021,0.101,0.061,5.8,5.8,0.539,0.566,0.227,0.233,101.89,101.03,84.2,101.03,0.114,5175,7.1,16.0,124,98,98,392,410,410,235,223,223,134,39,192,400,408,428,83,80,226,245,96,97,190,257,257,117,40,40
1630678,Terry Taylor,1610612754,IND,22.0,33,112.3,112.2,112.2,120.4,119.1,119.1,-8.2,-6.9,-6.9,0.081,1.78,13.4,0.129,0.117,0.123,7.5,7.5,0.641,0.656,0.151,0.156,101.49,102.08,85.07,102.08,0.097,1514,4.1,6.7,118,149,149,568,565,565,464,446,446,399,260,370,22,319,114,153,154,40,46,386,390,224,166,166,210,155,243
201152,Thaddeus Young,1610612761,TOR,34.0,52,106.3,106.1,106.1,106.4,106.3,106.3,-0.2,-0.2,-0.2,0.177,2.0,23.2,0.088,0.152,0.119,11.6,11.6,0.55,0.548,0.169,0.175,99.37,99.55,82.96,99.55,0.109,1764,2.7,5.2,377,379,379,161,144,144,269,272,272,155,190,127,90,179,131,450,446,186,309,302,297,433,404,404,138,290,315
203648,Thanasis Antetokounmpo,1610612749,MIL,29.0,48,106.1,104.3,104.3,115.1,114.4,114.4,-9.1,-10.1,-10.1,0.071,0.85,11.1,0.083,0.129,0.106,13.1,13.2,0.555,0.577,0.155,0.159,101.03,102.22,85.18,102.22,0.067,1002,1.5,2.7,385,438,438,516,501,501,485,497,497,449,497,450,103,260,180,508,514,170,203,369,373,269,156,156,427,427,485
1630177,Theo Maledon,1610612760,OKC,21.0,51,102.1,101.8,101.8,113.3,112.3,112.3,-11.2,-10.5,-10.5,0.188,1.71,20.7,0.02,0.118,0.068,12.1,12.1,0.445,0.5,0.201,0.206,99.94,100.47,83.72,100.47,0.075,1901,2.3,6.2,485,486,486,470,423,423,511,503,503,142,278,173,410,314,355,472,477,492,450,175,177,374,323,323,366,331,265
1629033,Theo Pinson,1610612742,DAL,26.0,19,95.8,95.2,95.2,106.2,107.6,107.6,-10.5,-12.4,-12.4,0.181,3.4,26.2,0.012,0.124,0.067,7.7,7.6,0.487,0.553,0.138,0.145,102.13,101.77,84.81,101.77,0.087,313,0.7,2.1,550,547,547,154,183,183,504,521,521,147,38,88,512,280,368,163,161,405,286,457,450,164,190,190,279,531,512
1628418,Thomas Bryant,1610612764,WAS,24.0,27,104.0,103.7,103.7,113.0,112.8,112.8,-8.9,-9.1,-9.1,0.083,1.21,11.1,0.06,0.187,0.124,9.1,9.2,0.561,0.607,0.188,0.192,97.78,98.05,81.71,98.05,0.106,900,2.9,5.5,450,451,451,460,444,444,481,482,482,389,413,456,157,99,110,275,274,156,112,219,232,545,525,525,152,271,304
204025,Tim Frazier,1610612739,CLE,31.0,12,91.7,92.7,92.7,109.3,110.2,110.2,-17.5,-17.5,-17.5,0.254,2.27,34.7,0.024,0.066,0.045,15.3,15.3,0.378,0.398,0.137,0.139,99.81,98.84,82.37,98.84,0.023,425,1.2,3.8,567,559,559,285,317,317,554,552,552,72,143,24,376,552,544,555,557,538,545,461,477,391,473,473,558,474,413
203501,Tim Hardaway Jr.,1610612742,DAL,30.0,42,108.3,108.9,108.9,106.9,107.7,107.7,1.4,1.3,1.3,0.115,2.71,13.2,0.01,0.114,0.061,4.9,4.8,0.491,0.52,0.214,0.22,97.59,96.96,80.8,96.96,0.089,2517,5.0,12.6,291,276,276,176,186,186,219,225,225,274,82,378,539,344,427,60,60,399,401,124,124,553,571,571,269,111,82
1627789,Timothe Luwawu-Cabarrot,1610612737,ATL,27.0,52,110.8,109.7,109.7,113.9,113.2,113.2,-3.1,-3.5,-3.5,0.08,2.0,15.2,0.024,0.094,0.058,7.6,7.6,0.516,0.556,0.135,0.14,102.0,102.83,85.69,102.83,0.049,1467,1.4,3.6,185,238,238,483,462,462,348,365,365,409,190,303,374,457,448,158,158,316,276,476,472,177,119,119,507,431,429
202699,Tobias Harris,1610612755,PHI,29.0,73,111.9,113.2,113.2,108.7,110.0,110.0,3.2,3.2,3.2,0.158,2.17,17.1,0.032,0.164,0.099,7.9,7.8,0.532,0.566,0.214,0.219,97.89,96.79,80.66,96.79,0.115,5131,6.8,14.0,132,107,107,245,304,304,166,165,165,189,162,258,297,152,196,178,177,255,244,122,128,537,576,576,109,49,61
203107,Tomas Satoransky,1610612764,WAS,30.0,55,104.9,104.4,104.4,111.8,112.4,112.4,-6.9,-8.0,-8.0,0.285,4.0,41.3,0.029,0.11,0.069,10.3,10.3,0.406,0.461,0.124,0.128,98.7,98.73,82.27,98.73,0.076,1857,1.3,3.5,425,436,436,416,425,425,441,462,462,44,19,11,323,361,351,368,370,524,507,512,513,489,486,486,357,453,439
1628396,Tony Bradley,1610612741,CHI,24.0,55,111.6,110.2,110.2,104.7,105.0,105.0,6.9,5.2,5.2,0.065,0.79,13.7,0.123,0.196,0.161,17.3,17.3,0.585,0.6,0.128,0.133,101.27,101.8,84.84,101.8,0.096,1169,1.3,2.2,145,218,218,103,107,107,75,116,116,477,503,361,29,85,45,576,576,97,129,499,499,246,188,188,215,453,505
203503,Tony Snell,1610612740,NOP,30.0,53,105.1,104.8,104.8,112.5,112.6,112.6,-7.4,-7.8,-7.8,0.047,1.47,12.8,0.018,0.107,0.061,8.7,8.6,0.535,0.541,0.099,0.102,99.5,99.59,82.99,99.59,0.043,1714,1.3,3.2,422,426,426,444,436,436,451,458,458,539,340,392,436,372,429,236,236,243,337,572,570,424,397,397,526,457,454
1628470,Torrey Craig,1610612756,PHX,31.0,78,106.3,106.8,106.8,111.4,111.8,111.8,-5.0,-5.0,-5.0,0.082,1.36,14.7,0.05,0.137,0.093,10.8,10.8,0.541,0.556,0.139,0.143,100.76,100.36,83.63,100.36,0.073,3329,2.6,5.7,374,361,361,399,405,405,396,398,398,396,372,319,199,238,221,397,398,219,277,451,456,300,330,330,381,304,290
1629027,Trae Young,1610612737,ATL,23.0,76,116.5,117.2,117.2,113.6,114.9,114.9,2.9,2.3,2.3,0.442,2.43,26.1,0.019,0.087,0.053,10.7,10.7,0.536,0.603,0.333,0.34,101.06,100.2,83.5,100.2,0.161,5550,9.4,20.3,27,26,26,482,509,509,179,188,188,6,122,89,429,498,502,392,396,240,122,9,9,267,347,347,20,11,9
1629309,Trayvon Palmer,1610612765,DET,27.0,1,76.8,78.8,78.8,107.3,111.8,111.8,-30.5,-33.0,-33.0,0.0,0.0,0.0,0.0,0.133,0.065,50.0,50.0,0.0,0.0,0.053,0.054,99.07,95.87,79.89,95.87,-0.037,33,0.0,1.0,585,584,584,192,403,403,577,576,576,569,549,569,557,248,388,602,602,578,582,596,595,463,589,589,591,578,570
1630200,Tre Jones,1610612759,SAS,22.0,69,109.1,108.8,108.8,111.0,109.3,109.3,-1.9,-0.5,-0.5,0.28,5.07,35.7,0.024,0.103,0.064,7.1,7.0,0.504,0.545,0.151,0.158,101.65,102.57,85.48,102.57,0.105,2452,2.4,4.9,259,283,283,373,264,264,311,280,280,50,7,17,370,402,399,131,130,343,323,387,383,211,134,134,156,319,339
1630544,Tre Mann,1610612760,OKC,21.0,60,101.6,101.7,101.7,112.1,112.0,112.0,-10.5,-10.3,-10.3,0.108,1.28,11.6,0.017,0.101,0.058,9.0,9.0,0.476,0.501,0.213,0.218,100.55,100.48,83.74,100.48,0.069,2869,3.9,9.8,494,490,490,430,414,414,506,501,501,299,395,436,458,407,453,264,264,441,448,129,130,317,321,321,410,172,137
1629682,Tremont Waters,1610612764,WAS,24.0,3,106.2,105.4,105.4,120.1,122.5,122.5,-13.9,-17.1,-17.1,0.179,1.75,28.0,0.0,0.077,0.04,16.0,16.0,0.357,0.357,0.15,0.154,106.66,105.97,88.31,105.97,0.034,111,1.3,4.7,378,408,408,565,579,579,532,549,549,149,268,67,557,525,559,564,565,547,556,393,408,30,48,48,546,449,358
1630570,Trendon Watford,1610612757,POR,21.0,48,100.9,100.5,100.5,118.0,118.4,118.4,-17.1,-17.9,-17.9,0.152,1.84,18.7,0.06,0.163,0.109,10.2,10.2,0.549,0.59,0.169,0.173,102.63,102.67,85.56,102.67,0.097,1852,3.0,5.6,509,507,507,549,560,560,550,556,556,205,247,216,162,155,170,352,354,191,161,299,301,121,131,131,208,262,298
1630235,Trent Forrest,1610612762,UTA,24.0,60,113.5,113.0,113.0,108.8,108.5,108.5,4.7,4.5,4.5,0.188,2.21,32.1,0.031,0.093,0.064,14.5,14.5,0.506,0.554,0.124,0.129,97.84,98.16,81.8,98.16,0.079,1569,1.3,2.6,75,119,119,246,228,228,119,127,127,143,154,37,302,466,396,546,546,338,284,510,510,539,519,519,339,460,488
1630243,Trevelin Queen,1610612745,HOU,25.0,10,112.4,112.9,112.9,110.3,107.3,107.3,2.0,5.6,5.6,0.074,0.57,8.9,0.091,0.134,0.111,15.6,15.3,0.591,0.619,0.219,0.227,104.23,105.43,87.86,105.43,0.108,163,1.5,3.3,113,124,124,340,177,177,202,106,106,434,526,526,82,244,157,560,555,86,87,109,110,51,55,55,142,419,450
1630286,Trevon Scott,1610612739,CLE,25.0,2,100.5,104.0,104.0,89.7,84.6,84.6,10.7,19.4,19.4,0.0,0.0,0.0,0.071,0.083,0.077,0.0,0.0,0.5,0.5,0.207,0.215,106.42,107.68,89.74,107.68,0.098,25,1.5,3.0,516,446,446,11,12,12,33,15,15,569,549,569,128,508,297,1,1,363,450,148,139,32,36,36,204,419,466
2772,Trevor Ariza,1610612747,LAL,37.0,24,106.7,106.9,106.9,112.0,112.2,112.2,-5.3,-5.3,-5.3,0.079,2.45,18.6,0.02,0.151,0.084,7.6,7.6,0.434,0.449,0.11,0.112,99.6,99.42,82.85,99.42,0.059,955,1.4,4.1,360,354,354,424,420,420,401,402,402,412,119,219,412,181,257,160,160,499,518,554,559,408,415,415,479,443,386
203504,Trey Burke,1610612742,DAL,29.0,42,104.3,103.6,103.6,105.7,104.2,104.2,-1.4,-0.5,-0.5,0.219,2.19,18.4,0.009,0.064,0.037,8.4,8.4,0.451,0.475,0.25,0.259,98.1,99.17,82.64,99.17,0.069,909,2.0,5.1,440,452,452,124,87,87,300,281,281,112,155,225,546,560,568,217,217,484,492,59,60,526,450,450,399,365,323
1626168,Trey Lyles,1610612758,SAC,26.0,75,105.4,106.4,106.4,113.4,113.6,113.6,-8.0,-7.2,-7.2,0.09,1.21,10.7,0.056,0.189,0.121,8.9,8.8,0.526,0.588,0.205,0.21,101.43,100.8,84.0,100.8,0.115,3228,3.5,7.5,412,372,372,476,477,477,462,453,453,356,414,472,178,93,120,251,247,278,170,158,160,232,284,284,110,200,200
1630530,Trey Murphy III,1610612740,NOP,22.0,62,107.6,108.1,108.1,109.9,107.8,107.8,-2.2,0.3,0.3,0.065,2.38,10.9,0.049,0.122,0.083,4.6,4.5,0.522,0.558,0.147,0.153,100.01,100.77,83.97,100.77,0.08,1810,1.8,4.5,321,316,316,316,189,189,327,255,255,476,126,463,202,287,266,51,51,299,271,414,414,369,285,285,336,396,374
202684,Tristan Thompson,1610612741,CHI,31.0,57,109.7,112.1,112.1,115.5,115.7,115.7,-5.8,-3.6,-3.6,0.054,0.76,8.5,0.125,0.196,0.159,11.3,11.3,0.53,0.541,0.168,0.172,100.71,99.54,82.95,99.54,0.086,1859,2.5,4.7,233,154,154,524,523,523,414,368,368,519,504,533,26,86,51,427,433,263,340,304,312,304,406,406,284,311,357
1628972,Troy Brown Jr.,1610612741,CHI,22.0,66,110.1,109.3,109.3,111.4,111.7,111.7,-1.3,-2.3,-2.3,0.082,2.54,18.3,0.038,0.154,0.098,7.2,7.2,0.51,0.525,0.118,0.122,100.86,101.1,84.25,101.1,0.073,2225,1.6,3.9,213,257,257,401,397,397,298,333,333,395,99,231,253,176,203,137,137,330,386,530,531,288,249,249,385,408,402
1629660,Ty Jerome,1610612760,OKC,24.0,48,98.9,98.9,98.9,101.1,100.4,100.4,-2.2,-1.5,-1.5,0.229,2.95,22.1,0.021,0.072,0.045,7.5,7.5,0.46,0.488,0.205,0.21,98.63,98.98,82.49,98.98,0.081,1661,2.6,6.8,533,531,531,44,48,48,322,310,310,100,59,143,408,543,543,152,153,466,477,162,162,494,464,464,324,302,234
1629076,Tyler Cook,1610612741,CHI,24.0,20,107.6,107.1,107.1,115.4,114.6,114.6,-7.8,-7.5,-7.5,0.021,0.43,4.8,0.08,0.2,0.138,11.1,11.3,0.605,0.643,0.127,0.13,100.4,100.99,84.16,100.99,0.074,422,1.2,1.9,322,345,345,521,504,504,455,456,456,564,538,560,106,73,82,419,430,61,50,503,507,332,263,263,371,477,527
1629788,Tyler Hall,1610612752,NYK,25.0,1,50.0,40.0,40.0,140.0,140.0,140.0,-90.0,-100.0,-100.0,0.0,0.0,0.0,0.0,0.0,0.0,0.0,0.0,0.0,0.0,0.0,0.0,111.72,124.14,103.45,124.14,0.0,5,0.0,0.0,599,599,599,596,595,595,600,598,598,569,549,569,557,583,586,1,1,578,582,598,598,14,4,4,577,578,597
1629639,Tyler Herro,1610612748,MIA,22.0,66,111.9,113.4,113.4,106.4,108.1,108.1,5.5,5.3,5.3,0.205,1.51,15.9,0.015,0.133,0.076,10.6,10.5,0.525,0.561,0.278,0.285,99.36,97.92,81.6,97.92,0.129,4391,7.6,17.0,133,97,97,157,211,211,101,110,110,121,326,288,477,251,303,380,380,289,261,35,35,436,532,532,66,32,32
204020,Tyler Johnson,1610612759,SAS,30.0,6,109.8,111.9,111.9,115.0,113.8,113.8,-5.2,-1.9,-1.9,0.1,3.5,24.1,0.029,0.1,0.062,6.9,6.9,0.425,0.425,0.1,0.102,102.84,102.44,85.36,102.44,0.04,194,1.0,3.3,231,164,164,512,482,482,400,322,322,327,33,115,322,415,414,124,125,512,533,568,571,108,145,145,532,493,446
1630179,Tyrell Terry,1610612763,MEM,21.0,2,144.0,137.5,137.5,167.5,144.4,144.4,-23.5,-6.9,-6.9,0.0,0.0,0.0,0.0,0.0,0.0,0.0,0.0,1.0,1.0,0.111,0.116,121.18,133.77,111.48,133.77,0.053,8,0.5,0.5,5,6,6,601,598,598,564,448,448,569,549,569,557,583,586,1,1,1,1,549,546,2,2,2,500,544,589
1630169,Tyrese Haliburton,1610612754,IND,22.0,77,108.6,110.0,110.0,115.2,115.9,115.9,-6.6,-6.0,-6.0,0.335,3.16,34.6,0.022,0.093,0.056,11.0,10.9,0.562,0.595,0.184,0.188,101.66,100.67,83.89,100.67,0.122,5655,5.6,11.8,280,229,229,517,529,529,433,421,421,20,47,25,397,472,471,414,409,154,144,234,240,210,301,301,84,89,96
1630178,Tyrese Maxey,1610612755,PHI,21.0,75,112.2,113.3,113.3,109.0,109.7,109.7,3.3,3.6,3.6,0.191,3.65,21.4,0.01,0.08,0.046,5.9,5.8,0.552,0.594,0.199,0.204,97.9,97.1,80.92,97.1,0.105,5362,6.4,13.3,122,100,100,261,294,294,162,150,150,140,30,154,538,520,537,86,86,180,149,182,185,535,563,563,161,57,72
1627820,Tyrone Wallace,1610612740,NOP,28.0,6,113.1,111.5,111.5,119.7,121.4,121.4,-6.6,-9.9,-9.9,0.017,0.5,4.0,0.0,0.133,0.06,8.0,7.9,0.4,0.383,0.13,0.136,101.23,101.23,84.35,101.23,0.011,157,1.2,3.3,90,174,174,563,571,571,432,494,494,566,531,561,557,248,442,187,184,529,550,489,481,251,236,236,573,474,446
1626145,Tyus Jones,1610612763,MEM,26.0,73,111.5,113.0,113.0,103.8,105.5,105.5,7.7,7.6,7.6,0.285,7.04,34.2,0.01,0.097,0.052,4.9,4.8,0.524,0.544,0.164,0.168,102.45,100.93,84.11,100.93,0.126,3262,3.4,7.6,155,116,116,78,121,121,60,63,63,43,4,27,542,444,506,59,59,291,326,323,332,143,270,270,74,208,192
1628962,Udoka Azubuike,1610612762,UTA,22.0,17,109.0,107.8,107.8,106.2,105.8,105.8,2.8,2.0,2.0,0.0,0.0,0.0,0.093,0.233,0.169,18.5,18.2,0.755,0.743,0.143,0.148,100.29,100.99,84.16,100.99,0.118,408,2.2,2.9,264,324,324,150,129,129,183,196,196,569,549,569,78,40,35,584,581,9,11,434,433,342,265,265,98,353,474
2617,Udonis Haslem,1610612748,MIA,42.0,13,94.8,92.7,92.7,104.6,102.3,102.3,-9.8,-9.5,-9.5,0.077,0.8,9.8,0.043,0.239,0.139,12.2,12.1,0.468,0.495,0.183,0.192,100.38,102.67,85.56,102.67,0.085,179,1.1,2.4,557,558,558,101,56,56,495,489,489,422,501,504,222,36,80,478,475,454,461,240,228,333,130,130,295,489,498
1630586,Usman Garuba,1610612745,HOU,20.0,24,118.1,118.6,118.6,112.1,111.5,111.5,6.0,7.0,7.0,0.084,2.83,24.3,0.083,0.263,0.17,8.6,8.6,0.489,0.51,0.091,0.093,103.98,104.06,86.72,104.06,0.087,517,0.8,1.8,15,16,16,431,390,390,92,70,70,383,63,114,100,24,33,227,228,403,429,579,579,54,76,76,280,528,531
1630176,Vernon Carey Jr.,1610612764,WAS,21.0,7,92.2,84.7,84.7,135.9,132.3,132.3,-43.6,-47.6,-47.6,0.0,0.0,0.0,0.145,0.093,0.122,14.3,13.8,0.538,0.534,0.179,0.201,99.74,105.46,87.89,105.46,0.055,98,1.0,1.9,566,571,571,593,591,591,586,587,587,569,549,569,12,469,117,539,527,231,365,258,195,396,52,52,492,493,530
203506,Victor Oladipo,1610612748,MIA,30.0,8,102.4,103.3,103.3,100.4,104.7,104.7,2.0,-1.4,-1.4,0.277,1.75,22.4,0.017,0.11,0.065,12.8,12.8,0.582,0.608,0.247,0.253,102.16,99.54,82.95,99.54,0.13,359,4.4,9.1,474,458,458,38,99,99,203,306,306,52,268,138,442,360,385,501,500,104,107,66,65,160,405,405,63,142,151
1628427,Vlatko Čančar,1610612743,DEN,25.0,15,105.6,104.9,104.9,107.0,104.1,104.1,-1.4,0.8,0.8,0.139,1.89,23.0,0.041,0.133,0.085,12.2,12.3,0.646,0.657,0.131,0.134,103.48,105.21,87.68,105.21,0.085,387,1.5,2.7,407,424,424,177,86,86,303,242,242,224,234,129,234,252,256,475,482,36,43,488,494,76,57,57,293,418,482
1630249,Vít Krejčí,1610612760,OKC,22.0,30,103.4,103.3,103.3,116.0,116.1,116.1,-12.7,-12.8,-12.8,0.117,1.97,21.7,0.024,0.121,0.07,11.0,11.0,0.503,0.529,0.125,0.128,101.01,101.02,84.19,101.02,0.056,1455,2.3,5.6,461,459,459,534,531,531,523,523,523,270,210,151,369,294,344,416,419,351,380,505,512,275,258,258,490,341,297
201961,Wayne Ellington,1610612747,LAL,34.0,43,106.9,107.5,107.5,110.3,111.3,111.3,-3.5,-3.8,-3.8,0.055,1.58,10.5,0.012,0.078,0.046,6.6,6.5,0.586,0.593,0.135,0.14,101.76,101.01,84.17,101.01,0.064,1708,2.3,5.5,355,333,333,342,378,378,362,378,378,516,312,480,517,524,538,114,109,95,152,474,469,200,260,260,458,339,302
1627782,Wayne Selden,1610612752,NYK,27.0,3,88.2,80.5,80.5,114.4,115.0,115.0,-26.2,-34.5,-34.5,0.091,0.0,14.3,0.0,0.053,0.024,0.0,0.0,0.375,0.434,0.136,0.143,97.3,101.57,84.64,101.57,0.015,41,0.3,1.3,572,581,581,502,514,514,569,580,580,352,549,333,557,572,581,1,1,539,527,466,458,563,210,210,570,561,555
1628976,Wendell Carter Jr.,1610612753,ORL,23.0,62,104.1,105.1,105.1,107.5,108.8,108.8,-3.5,-3.7,-3.7,0.15,1.46,16.1,0.074,0.26,0.168,11.0,11.0,0.576,0.601,0.206,0.209,101.49,100.39,83.66,100.39,0.144,3876,5.8,11.0,449,418,418,197,237,237,361,373,373,208,343,283,122,26,36,415,414,114,128,154,165,226,328,328,37,80,107
1629117,Wenyen Gabriel,1610612747,LAL,25.0,26,117.7,118.1,118.1,113.9,111.4,111.4,3.7,6.7,6.7,0.053,0.88,8.9,0.105,0.151,0.128,10.1,10.1,0.527,0.549,0.165,0.17,100.72,101.67,84.73,101.67,0.056,757,2.1,4.2,18,18,18,484,381,381,150,78,78,521,489,527,55,180,102,350,346,273,307,320,325,303,201,201,491,359,383
1628411,Wes Iwundu,1610612737,ATL,27.0,3,116.9,117.0,117.0,117.9,118.4,118.4,-1.0,-1.4,-1.4,0.0,0.0,0.0,0.036,0.143,0.084,4.8,4.8,0.528,0.557,0.111,0.113,95.99,95.75,79.79,95.75,0.041,165,2.7,6.0,22,27,27,548,559,559,293,308,308,569,549,569,265,214,258,57,58,270,275,549,555,578,590,590,529,294,275
202083,Wesley Matthews,1610612749,MIL,35.0,49,115.4,114.4,114.4,107.1,107.7,107.7,8.3,6.7,6.7,0.047,2.0,12.6,0.029,0.056,0.043,6.3,6.3,0.516,0.536,0.104,0.108,102.58,102.71,85.59,102.71,0.035,2142,1.8,4.5,41,68,68,180,187,187,50,77,77,536,190,396,320,568,551,96,97,317,360,566,566,128,128,128,544,391,372
203115,Will Barton,1610612743,DEN,31.0,71,111.0,112.5,112.5,110.2,110.4,110.4,0.8,2.0,2.0,0.171,2.17,20.4,0.02,0.128,0.075,9.4,9.4,0.525,0.548,0.205,0.208,100.1,99.34,82.79,99.34,0.095,4713,5.5,12.6,181,138,138,335,332,332,241,198,198,165,161,177,414,264,311,289,294,286,311,161,172,353,425,425,233,91,81
1626161,Willie Cauley-Stein,1610612755,PHI,28.0,20,105.7,105.4,105.4,100.4,98.2,98.2,5.3,7.2,7.2,0.074,1.43,18.9,0.064,0.144,0.102,13.2,13.2,0.471,0.474,0.099,0.101,100.9,102.14,85.11,102.14,0.056,387,0.8,1.8,397,404,404,36,36,36,106,68,68,439,353,210,143,208,194,514,513,447,496,571,572,287,163,163,488,525,538
1626195,Willy Hernangomez,1610612740,NOP,28.0,50,111.7,112.5,112.5,114.3,114.2,114.2,-2.6,-1.6,-1.6,0.113,1.24,12.5,0.153,0.24,0.194,10.1,10.1,0.526,0.582,0.211,0.215,102.14,101.84,84.87,101.84,0.131,1773,3.4,6.5,139,132,132,498,494,494,338,313,313,282,406,399,9,35,15,351,352,276,183,136,142,163,185,185,61,209,254
1629875,Xavier Moon,1610612746,LAC,27.0,10,110.7,112.9,112.9,108.6,111.5,111.5,2.1,1.4,1.4,0.245,4.0,28.9,0.014,0.072,0.045,7.2,7.2,0.539,0.545,0.177,0.182,105.53,103.08,85.9,103.08,0.1,294,2.5,5.1,190,122,122,238,387,387,200,222,222,84,19,61,497,539,542,138,138,224,322,271,267,38,103,103,189,307,327
1630270,Xavier Sneed,1610612762,UTA,24.0,9,93.4,93.8,93.8,101.2,97.6,97.6,-7.8,-3.8,-3.8,0.036,0.0,9.1,0.041,0.111,0.071,0.0,0.0,0.25,0.25,0.109,0.112,99.38,101.04,84.2,101.04,0.006,80,0.2,1.1,563,554,554,45,35,35,457,377,377,552,549,514,240,355,342,1,1,567,570,557,558,431,256,256,575,570,567
1630214,Xavier Tillman,1610612763,MEM,23.0,53,104.8,105.0,105.0,104.7,106.4,106.4,0.1,-1.4,-1.4,0.127,1.82,18.1,0.084,0.138,0.109,9.9,9.9,0.477,0.51,0.164,0.169,101.68,100.82,84.02,100.82,0.094,1469,1.8,4.1,426,422,422,104,147,147,258,307,307,248,253,240,99,234,169,333,335,435,430,322,327,208,282,282,239,385,388
1629139,Yuta Watanabe,1610612761,TOR,27.0,38,105.7,105.7,105.7,110.2,109.6,109.6,-4.5,-3.9,-3.9,0.067,1.11,10.7,0.035,0.158,0.093,9.7,9.7,0.504,0.524,0.161,0.165,101.94,102.15,85.13,102.15,0.075,940,1.5,3.6,403,392,392,332,284,284,379,379,379,465,436,469,276,170,220,316,320,348,390,335,346,184,161,161,361,426,424
1630582,Yves Pons,1610612763,MEM,23.0,12,88.1,85.3,85.3,106.1,106.5,106.5,-18.0,-21.3,-21.3,0.024,1.0,5.3,0.055,0.082,0.068,5.3,5.3,0.406,0.385,0.096,0.1,102.97,104.49,87.07,104.49,0.029,156,0.4,1.3,573,570,570,147,152,152,555,562,562,562,454,558,182,512,356,64,66,522,549,575,573,100,67,67,555,556,555
1628380,Zach Collins,1610612759,SAS,24.0,28,109.3,110.9,110.9,109.8,107.8,107.8,-0.5,3.1,3.1,0.17,1.36,21.2,0.085,0.197,0.141,15.6,15.5,0.535,0.594,0.184,0.19,103.96,104.12,86.77,104.12,0.107,1091,2.7,5.5,251,191,191,312,195,195,279,168,168,167,373,159,94,83,74,561,561,241,150,239,236,56,74,74,147,288,300
203897,Zach LaVine,1610612741,CHI,27.0,67,111.7,112.5,112.5,111.8,113.4,113.4,-0.2,-0.9,-0.9,0.207,1.77,16.7,0.01,0.121,0.067,9.4,9.4,0.554,0.605,0.284,0.291,100.4,99.36,82.8,99.36,0.129,4827,8.4,17.7,141,135,135,419,469,469,267,293,293,119,262,264,543,295,371,295,293,172,115,29,33,331,419,419,64,23,26
1630285,Zavier Simpson,1610612760,OKC,25.0,4,98.4,98.6,98.6,124.2,125.1,125.1,-25.7,-26.5,-26.5,0.25,3.0,31.9,0.01,0.114,0.058,10.6,10.6,0.375,0.406,0.158,0.162,98.18,97.75,81.46,97.75,0.059,354,4.8,13.0,536,533,533,578,586,586,568,571,571,76,53,40,535,335,451,385,387,539,542,352,363,522,538,538,478,117,75
1630192,Zeke Nnaji,1610612743,DEN,21.0,41,107.3,107.2,107.2,111.4,110.4,110.4,-4.0,-3.2,-3.2,0.037,0.74,6.6,0.077,0.141,0.107,9.0,9.0,0.616,0.629,0.146,0.15,98.76,99.25,82.71,99.25,0.078,1443,2.3,4.5,333,342,342,400,330,330,371,356,356,551,511,548,111,226,175,260,265,56,69,422,424,485,438,438,343,330,368
1630533,Ziaire Williams,1610612763,MEM,20.0,62,111.2,112.9,112.9,107.5,108.8,108.8,3.6,4.2,4.2,0.062,1.59,11.8,0.017,0.071,0.044,7.4,7.4,0.54,0.559,0.144,0.147,104.65,103.22,86.02,103.22,0.055,2896,3.1,6.8,167,121,121,198,236,236,154,137,137,491,311,430,445,545,549,149,149,222,268,428,441,45,95,95,493,242,233
1629597,Zylan Cheatham,1610612762,UTA,26.0,1,16.7,18.2,18.2,136.4,125.0,125.0,-119.7,-106.8,-106.8,0.0,0.0,0.0,0.0,0.0,0.0,0.0,0.0,0.0,0.0,0.25,0.25,106.5,106.5,88.75,106.5,-0.167,11,0.0,3.0,604,604,604,594,584,584,602,603,603,569,549,569,557,583,586,1,1,578,582,59,73,31,41,41,601,578,466
