PLAYER_ID,PLAYER_NAME,NICKNAME,TEAM_ID,TEAM_ABBREVIATION,AGE,GP,W,L,W_PCT,MIN,E_OFF_RATING,OFF_RATING,sp_work_OFF_RATING,E_DEF_RATING,DEF_RATING,sp_work_DEF_RATING,E_NET_RATING,NET_RATING,sp_work_NET_RATING,AST_PCT,AST_TO,AST_RATIO,OREB_PCT,DREB_PCT,REB_PCT,TM_TOV_PCT,E_TOV_PCT,EFG_PCT,TS_PCT,USG_PCT,E_USG_PCT,E_PACE,PACE,PACE_PER40,sp_work_PACE,PIE,POSS,FGM,FGA,FGM_PG,FGA_PG,FG_PCT,GP_RANK,W_RANK,L_RANK,W_PCT_RANK,MIN_RANK,E_OFF_RATING_RANK,OFF_RATING_RANK,sp_work_OFF_RATING_RANK,E_DEF_RATING_RANK,DEF_RATING_RANK,sp_work_DEF_RATING_RANK,E_NET_RATING_RANK,NET_RATING_RANK,sp_work_NET_RATING_RANK,AST_PCT_RANK,AST_TO_RANK,AST_RATIO_RANK,OREB_PCT_RANK,DREB_PCT_RANK,REB_PCT_RANK,TM_TOV_PCT_RANK,E_TOV_PCT_RANK,EFG_PCT_RANK,TS_PCT_RANK,USG_PCT_RANK,E_USG_PCT_RANK,E_PACE_RANK,PACE_RANK,sp_work_PACE_RANK,PIE_RANK,FGM_RANK,FGA_RANK,FGM_PG_RANK,FGA_PG_RANK,FG_PCT_RANK,TEAM_COUNT
1630639,A.J. Lawson,A.J.,1610612761,TOR,25.0,21,10,11,0.476,9.0,109.5,107.8,107.8,111.5,111.4,111.4,-2.0,-3.6,-3.6,0.047,1.0,7.2,0.036,0.158,0.095,7.2,7.2,0.569,0.604,0.169,0.177,99.33,100.18,83.48,100.18,0.092,398,29,65,1.4,3.1,0.446,437,407,149,336,477,355,419,419,237,222,222,297,332,332,550,488,556,295,144,209,96,98,174,166,292,289,458,413,413,251,451,448,442,443,326,1
1631260,AJ Green,AJ,1610612749,MIL,26.0,76,30,46,0.395,28.8,111.9,112.9,112.9,115.8,116.7,116.7,-3.9,-3.8,-3.8,0.09,2.04,17.9,0.012,0.079,0.046,8.8,8.7,0.603,0.618,0.132,0.136,100.14,99.29,82.74,99.29,0.056,4544,244,584,3.2,7.7,0.418,34,192,546,391,113,261,241,241,430,448,448,339,340,340,415,191,282,528,488,526,191,187,91,115,465,465,412,455,455,501,161,133,244,215,417,1
1642358,AJ Johnson,AJ,1610612742,DAL,21.0,46,8,38,0.174,8.9,102.7,103.8,103.8,110.3,108.9,108.9,-7.6,-5.1,-5.1,0.157,1.83,18.7,0.028,0.096,0.06,10.2,10.2,0.339,0.381,0.185,0.193,101.8,101.9,84.92,101.9,0.043,871,47,155,1.0,3.4,0.303,319,434,497,539,479,515,496,496,175,131,131,432,375,375,212,253,251,376,399,421,310,311,545,554,214,214,305,280,280,535,406,375,484,424,547,2
203932,Aaron Gordon,Aaron,1610612743,DEN,30.0,36,27,9,0.75,27.9,123.4,124.7,124.7,112.0,112.0,112.0,11.4,12.7,12.7,0.13,2.53,15.9,0.052,0.148,0.102,6.3,6.3,0.574,0.62,0.213,0.219,100.54,99.99,83.33,99.99,0.117,2096,198,398,5.5,11.1,0.497,375,219,121,49,128,12,4,4,263,248,248,30,25,25,267,116,343,202,172,169,67,69,150,113,131,134,386,425,425,105,211,223,100,117,162,1
1628988,Aaron Holiday,Aaron,1610612745,HOU,29.0,54,36,18,0.667,13.7,114.5,114.2,114.2,107.3,107.1,107.1,7.2,7.1,7.1,0.106,1.54,16.1,0.014,0.051,0.033,10.5,10.4,0.543,0.573,0.163,0.169,98.87,99.07,82.56,99.07,0.06,1527,100,243,1.9,4.5,0.412,260,136,228,96,405,147,170,170,87,87,87,71,72,72,355,351,336,507,553,561,328,329,266,281,325,324,477,466,466,476,330,317,393,366,435,1
1630174,Aaron Nesmith,Aaron,1610612754,IND,26.0,45,10,35,0.222,29.7,109.9,111.1,111.1,116.9,118.4,118.4,-7.0,-7.3,-7.3,0.091,1.37,12.2,0.034,0.102,0.067,9.0,8.9,0.517,0.554,0.19,0.196,104.33,103.09,85.91,103.09,0.067,2871,212,512,4.7,11.4,0.414,323,407,467,516,96,343,295,295,462,490,490,421,419,419,410,402,460,316,364,367,207,198,374,353,202,200,110,184,184,440,197,169,141,108,427,1
1630598,Aaron Wiggins,Aaron,1610612760,OKC,27.0,63,50,13,0.794,21.6,113.5,113.2,113.2,106.4,105.9,105.9,7.0,7.3,7.3,0.107,1.28,13.8,0.028,0.102,0.067,10.8,10.8,0.524,0.542,0.195,0.199,101.12,101.45,84.54,101.45,0.083,2875,225,518,3.6,8.2,0.434,176,29,168,32,249,188,224,224,69,70,70,74,68,68,352,429,409,374,361,363,361,366,350,387,183,191,349,318,318,316,183,164,217,192,365,1
1642846,Ace Bailey,Ace,1610612762,UTA,19.0,70,18,52,0.257,27.6,109.4,109.6,109.6,120.3,120.9,120.9,-10.9,-11.3,-11.3,0.099,1.27,11.4,0.048,0.096,0.071,9.0,9.0,0.522,0.537,0.207,0.212,104.65,104.26,86.88,104.26,0.069,4197,378,852,5.4,12.2,0.444,88,317,563,483,135,366,356,356,522,526,526,497,493,493,376,432,487,218,400,338,209,209,356,407,148,151,90,109,109,430,76,58,105,88,336,1
1642380,Adama Bal,Adama,1610612763,MEM,22.0,7,1,6,0.143,29.0,103.2,103.9,103.9,129.1,131.1,131.1,-25.9,-27.1,-27.1,0.111,3.0,19.0,0.028,0.087,0.056,6.3,6.3,0.527,0.55,0.134,0.137,104.23,103.06,85.88,103.06,0.046,433,22,56,3.1,8.0,0.393,511,545,84,548,109,510,495,495,563,566,566,557,559,559,326,59,244,386,448,453,68,70,335,363,459,464,119,188,188,530,461,462,251,198,479,1
1641737,Adem Bona,Adem,1610612755,PHI,23.0,68,39,29,0.574,17.4,113.2,113.9,113.9,111.8,113.0,113.0,1.4,0.9,0.9,0.035,0.58,9.0,0.101,0.139,0.12,15.4,15.4,0.606,0.642,0.109,0.112,103.17,102.32,85.27,102.32,0.07,2513,128,213,1.9,3.1,0.601,114,106,382,209,332,200,190,190,253,294,294,201,223,223,558,536,540,64,205,107,536,536,88,72,530,533,187,243,243,421,294,335,388,440,46,1
1642876,Adou Thiero,Adou,1610612747,LAL,21.0,22,12,10,0.545,5.8,111.6,107.7,107.7,122.2,120.4,120.4,-10.6,-12.7,-12.7,0.088,1.14,16.0,0.066,0.138,0.101,14.0,13.8,0.481,0.547,0.142,0.152,97.77,100.27,83.56,100.27,0.048,272,12,26,0.5,1.2,0.462,432,391,137,248,529,274,420,420,536,519,519,488,517,517,422,463,340,147,208,173,517,515,463,375,417,399,517,407,407,524,489,494,535,550,268,1
1642349,Ajay Mitchell,Ajay,1610612760,OKC,23.0,57,50,7,0.877,25.8,118.4,118.2,118.2,102.6,102.5,102.5,15.8,15.6,15.6,0.194,2.54,21.8,0.027,0.093,0.062,8.6,8.5,0.536,0.585,0.21,0.217,102.33,102.48,85.4,102.48,0.116,3149,286,590,5.0,10.4,0.485,228,29,102,9,172,42,66,66,30,35,35,16,17,17,148,113,171,387,421,410,179,181,294,233,140,140,261,225,225,114,129,131,124,132,187,1
201143,Al Horford,Al,1610612744,GSW,39.0,43,22,21,0.512,21.7,112.9,112.8,112.8,114.3,113.8,113.8,-1.4,-1.0,-1.0,0.17,2.73,23.6,0.045,0.188,0.114,8.6,8.6,0.539,0.554,0.162,0.168,100.92,101.15,84.29,101.15,0.104,1970,132,311,3.1,7.2,0.424,332,268,268,292,247,209,242,242,369,338,338,285,278,278,184,89,137,234,75,127,182,185,284,354,332,333,363,342,342,183,286,270,261,235,392,1
1630828,Alex Antetokounmpo,Alex,1610612749,MIL,24.0,5,2,3,0.4,3.3,95.4,91.7,91.7,102.0,91.9,91.9,-6.7,-0.2,-0.2,0.111,0.0,8.3,0.111,0.1,0.105,0.0,0.0,0.2,0.513,0.282,0.285,99.26,106.69,88.91,106.69,0.129,36,1,5,0.2,1.0,0.2,530,515,48,383,567,549,554,554,28,12,12,415,255,255,326,550,543,48,372,157,1,1,564,465,28,30,460,39,39,70,556,554,565,553,560,1
1627936,Alex Caruso,Alex,1610612760,OKC,32.0,56,47,9,0.839,18.2,117.8,116.9,116.9,99.4,99.3,99.3,18.4,17.6,17.6,0.145,2.29,22.8,0.028,0.113,0.073,10.0,10.0,0.512,0.54,0.152,0.157,102.28,102.74,85.62,102.74,0.093,2183,127,300,2.3,5.4,0.423,235,39,121,14,320,57,97,97,18,21,21,9,12,12,237,147,151,383,311,333,284,289,388,395,376,380,264,209,209,242,296,273,346,322,395,1
1631457,Alex Morales,Alex,1610612753,ORL,28.0,3,2,1,0.667,6.1,110.7,118.9,118.9,118.6,108.1,108.1,-8.0,10.8,10.8,0.286,1.33,28.6,0.056,0.133,0.091,21.4,21.6,0.5,0.581,0.217,0.221,96.02,96.7,80.58,96.7,0.041,37,3,6,1.0,2.0,0.5,555,515,9,96,525,311,49,49,499,106,106,435,42,42,53,410,60,182,228,229,566,566,415,248,122,129,555,559,559,538,542,545,485,512,148,1
1642259,Alex Sarr,Alex,1610612764,WAS,20.0,48,11,37,0.229,27.2,107.5,108.0,108.0,118.9,120.4,120.4,-11.4,-12.4,-12.4,0.161,1.59,14.0,0.073,0.179,0.126,8.8,8.8,0.52,0.544,0.252,0.258,104.26,103.35,86.12,103.35,0.121,2808,316,656,6.6,13.7,0.482,300,402,487,511,144,435,412,412,500,520,520,502,513,513,204,332,401,119,95,96,194,194,364,383,58,62,117,165,165,94,111,108,60,62,198,1
1642918,Alijah Martin,Alijah,1610612761,TOR,24.0,21,9,12,0.429,6.2,105.1,104.5,104.5,106.9,104.2,104.2,-1.8,0.3,0.3,0.118,2.0,14.7,0.057,0.094,0.074,7.4,7.5,0.386,0.462,0.176,0.185,96.26,97.81,81.51,97.81,0.079,268,15,44,0.7,2.1,0.341,437,422,156,367,521,491,491,491,77,50,50,291,235,235,303,201,389,172,408,323,104,113,539,518,268,256,552,526,526,344,480,473,523,508,525,1
1631214,Alondes Williams,Alondes,1610612764,WAS,26.0,4,2,2,0.5,25.2,125.0,122.5,122.5,107.1,106.9,106.9,17.8,15.6,15.6,0.14,2.4,26.1,0.054,0.192,0.128,10.9,10.7,0.712,0.745,0.141,0.149,102.45,103.59,86.32,103.59,0.133,218,16,26,4.0,6.5,0.615,543,515,32,300,185,8,14,14,82,84,84,10,19,19,245,128,92,190,69,91,370,358,15,13,426,410,251,153,153,61,476,494,185,269,41,1
1630578,Alperen Sengun,Alperen,1610612745,HOU,23.0,70,45,25,0.643,33.4,115.6,117.1,117.1,113.8,113.9,113.9,1.8,3.2,3.2,0.283,1.96,22.7,0.089,0.176,0.132,11.6,11.5,0.537,0.57,0.261,0.267,98.56,97.86,81.55,97.86,0.143,4780,569,1096,8.1,15.7,0.519,88,50,331,134,32,108,89,89,348,345,345,184,161,161,57,226,152,83,103,82,424,422,290,295,48,49,493,523,523,38,16,26,23,39,114,1
1642873,Amari Williams,Amari,1610612738,BOS,24.0,21,14,7,0.667,6.5,91.2,90.0,90.0,109.2,106.2,106.2,-18.0,-16.2,-16.2,0.108,0.9,20.5,0.057,0.199,0.126,22.7,22.6,0.474,0.556,0.104,0.109,100.27,102.36,85.3,102.36,0.081,289,9,19,0.4,0.9,0.474,437,369,102,96,519,558,557,557,126,74,74,544,539,539,339,512,194,177,60,95,569,569,475,349,541,539,408,240,240,330,505,510,547,563,221,1
1641708,Amen Thompson,Amen,1610612745,HOU,23.0,77,48,29,0.623,37.3,116.4,117.1,117.1,109.9,110.5,110.5,6.4,6.6,6.6,0.202,2.23,23.3,0.078,0.124,0.101,10.4,10.4,0.541,0.59,0.193,0.199,98.81,98.26,81.88,98.26,0.126,5861,533,1008,6.9,13.1,0.529,24,36,382,156,2,89,90,90,163,181,181,83,81,81,139,157,144,104,263,174,324,323,277,221,187,189,479,506,506,78,24,38,52,74,101,1
1629599,Amir Coffey,Amir,1610612756,PHX,28.0,44,19,25,0.432,10.1,107.9,107.0,107.0,109.6,110.0,110.0,-1.7,-3.1,-3.1,0.074,3.43,17.8,0.041,0.072,0.057,5.2,5.1,0.554,0.593,0.108,0.114,98.36,98.57,82.15,98.57,0.065,904,45,93,1.0,2.1,0.484,326,309,331,366,465,424,447,447,147,162,162,290,324,324,478,37,286,260,513,440,50,50,227,204,531,529,498,493,493,450,412,421,483,506,190,2
1643158,Andersson Garcia,Andersson,1610612762,UTA,25.0,5,1,4,0.2,33.8,105.7,105.8,105.8,116.2,115.6,115.6,-10.4,-9.8,-9.8,0.107,2.0,25.9,0.089,0.15,0.117,13.0,13.0,0.328,0.394,0.094,0.096,103.45,103.68,86.4,103.68,0.052,364,9,29,1.8,5.8,0.31,530,545,58,525,24,482,472,472,441,421,421,482,465,465,348,201,97,82,170,118,499,497,551,550,561,563,167,146,146,513,505,491,395,300,543,1
203083,Andre Drummond,Andre,1610612755,PHI,32.0,60,31,29,0.517,19.2,108.8,109.5,109.5,114.6,115.5,115.5,-5.7,-5.9,-5.9,0.087,1.22,14.8,0.143,0.262,0.199,12.1,12.1,0.517,0.538,0.144,0.148,101.09,100.37,83.64,100.37,0.111,2404,148,315,2.5,5.3,0.47,208,183,382,288,303,387,362,362,387,416,416,383,392,392,426,439,380,17,11,7,456,457,372,399,407,420,353,400,400,141,269,268,318,326,240,1
1641748,Andre Jackson Jr.,Andre,1610612749,MIL,24.0,46,11,35,0.239,7.9,102.5,102.4,102.4,110.8,108.8,108.8,-8.2,-6.4,-6.4,0.171,1.38,21.3,0.064,0.12,0.09,15.4,15.5,0.407,0.442,0.173,0.177,98.64,99.57,82.98,99.57,0.048,749,36,107,0.8,2.3,0.336,319,402,467,501,499,520,512,512,198,127,127,440,405,405,183,395,184,151,278,234,537,537,532,530,276,290,488,444,444,526,431,407,511,490,527,1
1629614,Andrew Nembhard,Andrew,1610612754,IND,26.0,57,13,44,0.228,31.3,108.9,109.3,109.3,118.2,119.3,119.3,-9.2,-10.0,-10.0,0.37,3.19,30.6,0.013,0.075,0.044,9.6,9.6,0.513,0.564,0.233,0.239,102.94,102.27,85.23,102.27,0.111,3799,333,753,5.8,13.2,0.442,228,381,537,512,59,385,373,373,490,502,502,465,471,471,15,49,41,514,502,534,253,255,383,320,86,88,209,247,247,139,96,82,84,71,338,1
203952,Andrew Wiggins,Andrew,1610612748,MIA,31.0,65,33,32,0.508,30.7,112.4,113.1,113.1,112.8,113.8,113.8,-0.4,-0.7,-0.7,0.122,1.77,15.2,0.051,0.099,0.075,8.6,8.6,0.564,0.59,0.194,0.199,106.05,105.23,87.69,105.23,0.095,4377,384,800,5.9,12.3,0.48,151,166,428,296,76,237,227,227,304,336,336,260,269,269,292,271,371,204,378,316,181,184,187,215,185,192,43,70,70,231,69,70,81,86,203,1
1629014,Anfernee Simons,Anfernee,1610612741,CHI,26.0,55,31,24,0.564,24.9,114.7,116.9,116.9,113.4,114.0,114.0,1.3,3.0,3.0,0.151,1.97,15.3,0.021,0.075,0.047,7.7,7.7,0.552,0.576,0.227,0.234,98.64,97.42,81.18,97.42,0.096,2791,285,648,5.2,11.8,0.44,246,183,316,224,189,140,93,93,328,351,351,206,168,168,227,224,368,444,504,523,130,126,236,271,96,99,489,544,544,229,130,110,116,98,343,2
1641710,Anthony Black,Anthony,1610612753,ORL,22.0,62,35,27,0.565,30.2,112.8,113.8,113.8,111.9,113.2,113.2,0.9,0.6,0.6,0.186,1.79,19.2,0.024,0.101,0.062,10.7,10.7,0.513,0.551,0.219,0.225,101.95,100.86,84.05,100.86,0.091,3924,337,751,5.4,12.1,0.449,184,152,357,222,85,215,194,194,257,305,305,217,230,230,159,265,232,413,370,405,353,350,382,358,119,119,290,360,360,266,90,83,104,92,318,1
203076,Anthony Davis,Anthony,1610612764,WAS,33.0,20,10,10,0.5,31.3,108.7,110.0,110.0,113.0,114.6,114.6,-4.3,-4.6,-4.6,0.14,1.37,12.1,0.099,0.24,0.172,8.9,8.8,0.521,0.551,0.272,0.28,102.59,101.27,84.39,101.27,0.151,1325,169,334,8.5,16.7,0.506,447,407,137,300,61,397,344,344,314,373,373,347,365,365,243,401,464,70,23,31,197,193,360,361,34,33,239,331,331,25,247,258,21,27,138,1
1630162,Anthony Edwards,Anthony,1610612750,MIN,24.0,60,36,24,0.6,35.2,116.4,117.7,117.7,112.6,114.1,114.1,3.8,3.6,3.6,0.174,1.31,12.4,0.016,0.12,0.069,9.5,9.4,0.572,0.617,0.308,0.316,102.74,101.5,84.58,101.5,0.146,4463,595,1217,9.9,20.3,0.489,208,136,316,176,8,88,73,73,296,358,358,146,148,148,175,421,452,491,275,350,243,242,164,119,14,13,222,314,314,33,11,11,7,4,178,1
1630264,Anthony Gill,Anthony,1610612764,WAS,33.0,52,6,46,0.115,16.3,107.4,107.2,107.2,120.4,120.8,120.8,-12.9,-13.6,-13.6,0.107,1.91,21.1,0.064,0.114,0.088,11.0,11.0,0.664,0.675,0.117,0.122,104.18,104.14,86.78,104.14,0.08,1840,122,195,2.3,3.8,0.626,273,457,546,556,360,436,436,436,523,525,525,521,527,527,351,235,187,153,307,243,388,389,35,37,511,511,124,117,117,336,301,350,335,402,35,1
1641810,Antonio Reeves,Antonio,1610612766,CHA,25.0,10,4,6,0.4,6.8,113.8,115.0,115.0,100.1,95.4,95.4,13.7,19.7,19.7,0.068,3.0,12.5,0.029,0.1,0.062,4.2,4.2,0.675,0.675,0.133,0.138,91.61,93.27,77.72,93.27,0.099,133,10,20,1.0,2.0,0.5,490,482,84,383,513,171,142,142,20,17,17,18,9,9,505,59,446,370,372,412,39,39,28,38,462,462,577,577,577,211,500,506,485,512,148,1
1630574,Ariel Hukporti,Ariel,1610612752,NYK,23.0,52,34,18,0.654,8.8,109.5,106.4,106.4,105.8,104.0,104.0,3.7,2.4,2.4,0.08,0.93,19.6,0.107,0.188,0.148,21.0,20.9,0.551,0.612,0.099,0.105,98.59,100.93,84.11,100.93,0.08,959,37,68,0.7,1.3,0.544,273,162,228,126,484,356,462,462,58,49,49,150,179,179,454,507,222,56,76,54,563,563,239,136,553,544,492,357,357,338,428,444,524,543,91,1
1642854,Asa Newell,Asa,1610612737,ATL,20.0,42,22,20,0.524,10.8,111.0,110.0,110.0,113.9,111.7,111.7,-2.8,-1.7,-1.7,0.07,1.1,11.1,0.076,0.098,0.087,10.1,10.0,0.63,0.63,0.161,0.168,104.11,105.57,87.97,105.57,0.074,996,83,154,2.0,3.7,0.539,337,268,257,282,451,295,335,335,352,237,237,317,295,295,495,471,498,107,382,251,304,294,61,90,339,328,125,59,59,400,352,376,376,408,94,1
1641709,Ausar Thompson,Ausar,1610612765,DET,23.0,71,51,20,0.718,26.0,117.6,118.4,118.4,106.4,107.3,107.3,11.2,11.1,11.1,0.153,2.06,22.4,0.081,0.134,0.108,10.9,10.9,0.527,0.543,0.168,0.171,101.6,100.8,84.0,100.8,0.1,3855,295,565,4.2,8.0,0.522,80,21,257,70,168,59,61,61,67,89,89,31,38,38,222,187,156,96,222,149,373,375,331,385,302,314,321,367,367,198,122,146,175,203,106,1
1630559,Austin Reaves,Austin,1610612747,LAL,27.0,51,36,15,0.706,34.5,116.5,117.3,117.3,111.5,112.3,112.3,5.0,5.0,5.0,0.237,1.85,20.9,0.02,0.117,0.071,11.3,11.1,0.567,0.641,0.258,0.267,101.11,100.41,83.67,100.41,0.137,3684,373,762,7.3,14.9,0.49,283,136,190,79,15,85,84,84,238,264,264,114,115,115,94,246,189,448,291,339,400,395,180,73,52,50,350,395,395,53,78,81,39,46,176,1
1630245,Ayo Dosunmu,Ayo,1610612750,MIN,26.0,68,35,33,0.515,27.3,110.6,111.2,111.2,112.1,112.7,112.7,-1.5,-1.5,-1.5,0.202,2.58,21.7,0.024,0.094,0.06,8.4,8.3,0.598,0.629,0.197,0.204,103.76,103.14,85.95,103.14,0.114,3983,380,737,5.6,10.8,0.516,114,152,439,290,140,313,289,289,268,277,277,287,289,289,138,109,176,412,412,424,170,169,102,92,176,176,145,180,180,123,74,85,97,122,120,2
1628389,Bam Adebayo,Bam,1610612748,MIA,28.0,70,35,35,0.5,32.3,115.4,116.3,116.3,109.8,110.5,110.5,5.6,5.8,5.8,0.137,1.82,13.2,0.058,0.236,0.145,7.3,7.3,0.491,0.547,0.249,0.255,104.81,104.09,86.74,104.09,0.137,4908,479,1099,6.8,15.7,0.436,88,152,467,300,44,115,105,105,160,184,184,105,101,101,249,255,429,168,25,57,97,100,440,374,66,69,80,119,119,54,38,25,55,38,355,1
1631248,Baylor Scheierman,Baylor,1610612738,BOS,25.0,74,52,22,0.703,18.0,115.0,115.9,115.9,109.5,108.7,108.7,5.5,7.2,7.2,0.107,2.55,23.4,0.04,0.14,0.09,9.2,9.2,0.584,0.596,0.112,0.115,96.56,96.56,80.47,96.56,0.081,2680,133,299,1.8,4.0,0.445,55,17,281,81,322,134,117,117,144,124,124,108,70,70,350,111,141,276,197,235,221,224,125,193,528,528,548,561,561,335,284,275,396,391,329,1
1642879,Ben Saraf,Ben,1610612751,BKN,19.0,41,10,31,0.244,20.0,102.9,104.0,104.0,114.7,115.3,115.3,-11.9,-11.2,-11.2,0.242,1.43,25.2,0.021,0.084,0.051,17.6,17.6,0.412,0.475,0.199,0.204,100.96,100.16,83.46,100.16,0.057,1715,100,262,2.4,6.4,0.382,348,407,417,498,284,512,494,494,399,403,403,506,491,491,89,385,108,446,466,488,552,549,528,508,164,172,359,414,414,492,330,299,322,276,495,1
1641767,Ben Sheppard,Ben,1610612754,IND,24.0,65,16,49,0.246,21.4,107.3,107.1,107.1,115.7,116.0,116.0,-8.3,-8.8,-8.8,0.112,2.78,20.2,0.028,0.106,0.065,7.3,7.3,0.543,0.561,0.131,0.136,104.26,104.23,86.86,104.23,0.066,3019,168,387,2.6,6.0,0.434,151,344,558,495,255,441,440,440,428,426,426,443,446,446,321,84,202,382,345,373,100,99,272,334,467,468,116,113,113,448,248,226,309,293,367,1
1631097,Bennedict Mathurin,Bennedict,1610612746,LAC,23.0,52,21,31,0.404,30.4,110.8,111.2,111.2,114.1,115.1,115.1,-3.3,-3.9,-3.9,0.117,1.03,11.6,0.032,0.143,0.088,11.2,11.2,0.487,0.578,0.245,0.252,101.99,101.32,84.44,101.32,0.104,3334,284,658,5.5,12.7,0.432,273,281,417,381,80,304,290,290,362,392,392,330,341,341,305,481,480,333,190,245,397,396,446,261,70,71,286,329,329,178,132,105,103,82,374,2
1643016,Bez Mbeng,Bez,1610612762,UTA,22.0,13,1,12,0.077,31.2,106.0,106.1,106.1,123.2,124.2,124.2,-17.2,-18.1,-18.1,0.132,2.47,30.4,0.031,0.071,0.049,12.3,12.4,0.493,0.516,0.094,0.096,106.77,106.28,88.57,106.28,0.043,898,33,71,2.5,5.5,0.465,471,545,156,563,63,477,466,466,548,557,557,541,546,546,262,121,42,345,525,500,462,466,434,462,562,565,30,43,43,534,436,442,316,318,255,1
1641731,Bilal Coulibaly,Bilal,1610612764,WAS,21.0,55,14,41,0.255,26.3,106.8,108.1,108.1,119.8,121.1,121.1,-13.0,-13.0,-13.0,0.134,1.75,17.0,0.028,0.128,0.077,9.7,9.7,0.481,0.526,0.191,0.194,105.67,104.46,87.05,104.46,0.079,3142,221,525,4.0,9.5,0.421,246,369,515,484,162,455,409,409,513,529,529,525,519,519,258,273,310,375,246,305,265,266,462,439,194,210,50,96,96,343,190,161,184,149,404,1
202687,Bismack Biyombo,Bismack,1610612759,SAS,33.0,24,20,4,0.833,5.7,97.2,95.0,95.0,122.0,124.6,124.6,-24.8,-29.6,-29.6,0.057,0.71,17.2,0.041,0.154,0.1,24.1,24.1,0.571,0.615,0.078,0.082,100.06,100.08,83.4,100.08,0.021,282,8,14,0.3,0.6,0.571,426,296,58,15,532,543,543,543,533,559,559,556,565,565,537,530,304,258,158,183,571,571,165,127,574,574,419,419,419,561,511,524,555,570,64,1
1642396,Blake Hinson,Blake,1610612762,UTA,26.0,12,3,9,0.25,18.7,113.7,115.4,115.4,108.7,108.4,108.4,5.0,6.9,6.9,0.076,4.0,11.5,0.033,0.071,0.052,2.9,2.9,0.696,0.704,0.166,0.171,101.88,101.26,84.39,101.26,0.1,475,43,84,3.6,7.0,0.512,475,494,121,486,310,177,132,132,118,117,117,115,74,74,471,20,481,318,519,480,31,31,19,21,316,315,294,333,333,204,416,429,215,242,129,1
1631104,Blake Wesley,Blake,1610612757,POR,23.0,29,18,11,0.621,12.3,104.4,104.8,104.8,114.8,113.2,113.2,-10.4,-8.4,-8.4,0.255,2.0,26.4,0.02,0.088,0.053,13.2,13.1,0.492,0.511,0.189,0.197,105.51,105.99,88.33,105.99,0.076,785,56,124,1.9,4.3,0.452,406,317,149,160,425,503,483,483,404,307,307,483,437,437,80,201,86,447,443,479,503,503,437,468,203,198,60,48,48,380,393,394,379,380,304,1
1626171,Bobby Portis,Bobby,1610612749,MIL,31.0,67,26,41,0.388,24.2,110.5,110.2,110.2,117.1,118.4,118.4,-6.6,-8.2,-8.2,0.103,1.59,11.1,0.055,0.198,0.129,6.9,6.9,0.578,0.587,0.225,0.233,99.18,98.78,82.32,98.78,0.122,3336,366,750,5.5,11.2,0.488,126,222,515,396,201,319,329,329,469,489,489,412,433,433,364,328,501,186,61,89,83,84,139,229,102,103,462,485,485,91,81,84,102,113,182,1
1641752,Bobi Klintman,Bobi,1610612765,DET,23.0,12,8,4,0.667,5.9,98.4,92.5,92.5,95.5,96.8,96.8,2.8,-4.3,-4.3,0.128,1.0,15.0,0.056,0.179,0.113,15.0,14.9,0.407,0.388,0.18,0.196,104.44,106.92,89.1,106.92,0.039,160,9,27,0.8,2.3,0.333,475,434,58,96,527,542,553,553,12,18,18,165,349,349,271,488,373,182,94,129,531,531,531,553,243,206,106,36,36,541,505,492,516,496,529,1
203992,Bogdan Bogdanović,Bogdan,1610612746,LAC,33.0,22,7,15,0.318,19.6,107.2,107.4,107.4,112.4,113.5,113.5,-5.2,-6.1,-6.1,0.193,1.96,22.0,0.015,0.112,0.065,11.2,11.3,0.469,0.5,0.184,0.189,97.36,96.75,80.62,96.75,0.064,874,53,143,2.4,6.5,0.371,432,444,190,436,295,447,427,427,282,325,325,374,398,398,149,225,166,504,317,374,398,403,483,479,219,229,529,557,557,461,397,382,326,269,505,1
1630538,Bones Hyland,Bones,1610612750,MIN,25.0,71,42,29,0.592,16.6,113.2,113.8,113.8,108.4,108.6,108.6,4.8,5.2,5.2,0.222,2.69,24.8,0.018,0.085,0.051,9.2,9.2,0.577,0.599,0.197,0.203,103.19,102.82,85.68,102.82,0.101,2518,212,468,3.0,6.6,0.453,80,75,382,188,350,201,195,195,110,122,122,119,110,110,112,97,119,470,458,485,225,225,143,184,175,179,184,202,202,195,197,194,270,263,298,1
203078,Bradley Beal,Bradley,1610612746,LAC,32.0,6,2,4,0.333,20.2,116.7,119.1,119.1,126.0,128.5,128.5,-9.3,-9.3,-9.3,0.106,1.11,14.1,0.019,0.025,0.022,12.7,12.8,0.448,0.476,0.224,0.222,99.64,97.65,81.38,97.65,0.018,246,18,48,3.0,8.0,0.375,519,515,58,421,281,80,46,46,558,564,564,466,453,453,354,466,400,464,568,569,484,490,500,507,105,123,441,532,532,563,471,469,264,198,500,1
1642382,Branden Carlson,Branden,1610612760,OKC,26.0,40,32,8,0.8,10.2,115.9,113.0,113.0,112.3,110.6,110.6,3.6,2.4,2.4,0.082,1.53,11.8,0.06,0.172,0.118,7.7,7.7,0.618,0.615,0.179,0.185,100.33,102.38,85.32,102.38,0.104,869,80,148,2.0,3.7,0.541,355,174,110,26,463,99,234,234,279,190,190,153,180,180,450,354,476,164,108,115,122,127,74,124,247,254,406,236,236,181,358,381,369,404,93,1
1641764,Brandin Podziemski,Brandin,1610612744,GSW,23.0,79,37,42,0.468,28.5,109.7,110.1,110.1,111.1,110.3,110.3,-1.4,-0.2,-0.2,0.201,2.34,22.2,0.03,0.15,0.088,9.5,9.5,0.543,0.581,0.193,0.199,101.26,101.43,84.52,101.43,0.113,4776,375,826,4.7,10.5,0.454,12,125,525,348,117,346,332,332,215,173,173,286,254,254,142,139,164,362,171,242,239,243,267,250,188,193,340,320,320,128,77,64,139,130,295,1
1629634,Brandon Clarke,Brandon,1610612763,MEM,29.0,2,1,1,0.5,10.2,91.6,87.8,87.8,115.4,110.0,110.0,-23.9,-22.2,-22.2,0.071,0.0,8.3,0.154,0.077,0.115,0.0,0.0,0.333,0.372,0.193,0.199,111.09,116.25,96.88,116.25,0.023,49,3,9,1.5,4.5,0.333,568,545,9,300,462,557,562,562,423,159,159,551,551,551,488,550,543,7,496,124,1,1,548,556,189,188,11,8,8,559,542,536,427,366,529,1
1627742,Brandon Ingram,Brandon,1610612761,TOR,28.0,74,41,33,0.554,33.8,112.4,114.2,114.2,112.1,113.7,113.7,0.2,0.5,0.5,0.167,1.46,14.7,0.024,0.142,0.082,10.1,10.0,0.525,0.568,0.264,0.27,100.5,99.01,82.51,99.01,0.119,5153,586,1240,7.9,16.8,0.473,55,85,439,237,23,239,173,173,271,331,331,235,232,232,191,378,385,416,191,272,293,290,343,299,41,42,389,471,471,100,13,9,26,26,231,1
1641706,Brandon Miller,Brandon,1610612766,CHA,23.0,63,40,23,0.635,30.3,117.0,120.1,120.1,110.4,111.4,111.4,6.6,8.8,8.8,0.175,1.35,14.6,0.034,0.124,0.079,10.8,10.7,0.533,0.574,0.272,0.278,100.34,98.57,82.14,98.57,0.113,3934,440,1012,7.0,16.1,0.435,176,95,296,141,81,73,28,28,180,220,220,77,55,55,173,405,392,312,261,289,360,356,306,276,35,35,405,494,494,129,45,36,49,32,361,1
1630314,Brandon Williams,Brandon,1610612742,DAL,26.0,66,23,43,0.348,22.2,110.5,111.2,111.2,116.2,115.5,115.5,-5.7,-4.4,-4.4,0.256,2.05,22.5,0.019,0.105,0.062,11.0,11.0,0.501,0.572,0.242,0.247,105.56,105.54,87.95,105.54,0.115,3215,291,617,4.4,9.3,0.472,141,260,529,413,238,317,292,292,444,418,418,381,350,350,79,189,153,457,348,408,383,390,414,283,76,77,58,61,61,119,125,125,156,156,235,1
1641729,Brice Sensabaugh,Brice,1610612762,UTA,22.0,74,18,56,0.243,23.6,111.5,111.7,111.7,120.9,120.9,120.9,-9.4,-9.3,-9.3,0.123,1.17,12.0,0.031,0.097,0.063,10.2,10.1,0.554,0.59,0.242,0.249,105.11,105.01,87.51,105.01,0.09,3819,390,847,5.3,11.4,0.46,55,317,574,499,211,282,278,278,525,528,528,467,452,452,287,458,468,348,387,389,308,305,221,216,74,73,68,73,73,270,65,59,114,106,275,1
1642355,Bronny James,Bronny,1610612747,LAL,21.0,39,21,18,0.538,8.3,109.6,105.4,105.4,116.9,116.6,116.6,-7.3,-11.2,-11.2,0.196,2.2,26.5,0.016,0.047,0.031,12.0,12.0,0.465,0.48,0.16,0.17,97.83,99.9,83.25,99.9,0.049,683,38,99,1.0,2.5,0.384,360,281,228,258,494,350,478,478,466,445,445,428,490,490,146,165,84,495,559,563,452,452,489,504,343,319,515,429,429,519,424,413,494,475,492,1
201572,Brook Lopez,Brook,1610612746,LAC,38.0,73,40,33,0.548,21.6,114.4,114.0,114.0,111.6,112.3,112.3,2.8,1.7,1.7,0.089,1.66,13.7,0.028,0.135,0.084,8.3,8.2,0.53,0.549,0.17,0.175,98.11,97.93,81.61,97.93,0.076,3216,221,519,3.0,7.1,0.426,63,95,439,245,250,153,179,179,243,265,265,167,199,199,419,308,416,377,220,264,162,161,323,367,289,296,508,520,520,381,190,163,262,240,385,1
1642964,Brooks Barnhizer,Brooks,1610612760,OKC,24.0,38,29,9,0.763,7.6,104.8,102.0,102.0,113.4,112.8,112.8,-8.6,-10.8,-10.8,0.098,2.38,23.2,0.052,0.161,0.108,9.8,9.7,0.425,0.44,0.093,0.098,99.49,101.15,84.3,101.15,0.06,609,20,53,0.5,1.4,0.377,364,197,121,42,503,496,514,514,329,281,281,451,485,485,379,134,146,201,135,151,266,264,521,531,564,557,450,341,341,477,468,466,536,540,497,1
1628971,Bruce Brown,Bruce,1610612743,DEN,29.0,80,52,28,0.65,24.3,114.1,113.7,113.7,114.7,115.2,115.2,-0.6,-1.4,-1.4,0.117,1.9,20.1,0.043,0.107,0.076,10.6,10.6,0.524,0.558,0.141,0.146,100.34,100.26,83.55,100.26,0.067,4044,237,505,3.0,6.3,0.469,1,17,369,129,198,163,198,198,394,396,396,264,288,288,306,240,207,243,337,308,336,338,351,345,427,427,404,409,409,441,168,176,276,279,242,1
1631121,Bryce McGowens,Bryce,1610612740,NOP,23.0,42,14,28,0.333,21.0,114.3,115.3,115.3,118.0,118.9,118.9,-3.7,-3.6,-3.6,0.091,3.65,17.3,0.013,0.082,0.047,4.7,4.8,0.561,0.61,0.136,0.139,104.31,103.45,86.21,103.45,0.067,1896,114,237,2.7,5.6,0.481,337,369,369,421,265,155,135,135,482,499,499,336,335,335,412,29,301,520,477,517,45,45,198,144,451,457,112,161,161,445,312,320,299,309,200,1
1642267,Bub Carrington,Bub,1610612764,WAS,20.0,79,17,62,0.215,27.5,106.3,106.7,106.7,121.6,122.4,122.4,-15.3,-15.7,-15.7,0.23,2.0,28.4,0.014,0.107,0.059,14.2,14.1,0.529,0.548,0.171,0.178,104.49,103.88,86.56,103.88,0.07,4710,292,698,3.7,8.8,0.418,12,326,579,520,138,471,451,451,530,544,544,534,536,536,99,201,63,510,342,429,522,520,326,371,282,288,103,129,129,420,124,95,202,171,415,1
1631205,Buddy Boeheim,Buddy,1610612760,OKC,26.0,4,2,2,0.5,3.8,88.5,84.4,84.4,75.3,72.4,72.4,13.1,12.0,12.0,0.0,0.0,0.0,0.0,0.0,0.0,0.0,0.0,0.5,0.5,0.158,0.174,93.42,97.58,81.32,97.58,0.028,32,2,6,0.5,1.5,0.333,543,515,32,300,557,562,565,565,3,3,3,19,28,28,568,550,568,555,570,574,1,1,415,479,353,304,574,539,539,553,550,545,538,536,529,1
1627741,Buddy Hield,Buddy,1610612737,ATL,33.0,50,25,25,0.5,16.0,109.1,109.1,109.1,114.7,114.1,114.1,-5.6,-5.0,-5.0,0.128,1.45,15.5,0.032,0.105,0.068,10.7,10.7,0.532,0.552,0.188,0.196,103.56,103.86,86.55,103.86,0.08,1726,131,309,2.6,6.2,0.424,291,237,331,300,366,375,382,382,397,357,357,380,371,371,272,382,352,329,347,356,351,346,310,357,206,202,155,131,131,337,291,271,305,285,394,2
1643047,CJ Huntley,CJ,1610612756,PHX,24.0,2,2,0,1.0,3.5,94.1,94.1,94.1,87.6,76.5,76.5,6.5,17.6,17.6,0.143,0.0,33.3,0.0,0.0,0.0,0.0,0.0,0.5,0.5,0.1,0.1,109.43,116.85,97.37,116.85,0.049,17,1,2,0.5,1.0,0.5,568,515,1,1,563,551,547,547,5,4,4,80,11,11,238,550,26,555,570,574,1,1,415,479,549,555,14,5,5,521,556,572,538,553,148,1
203468,CJ McCollum,CJ,1610612737,ATL,34.0,75,36,39,0.48,29.9,112.4,113.3,113.3,111.9,112.2,112.2,0.5,1.1,1.1,0.193,2.17,17.5,0.025,0.077,0.051,8.0,8.0,0.533,0.562,0.247,0.254,103.71,103.09,85.9,103.09,0.104,4817,514,1138,6.9,15.2,0.452,42,136,505,331,92,240,218,218,259,261,261,226,217,217,150,169,296,405,498,487,151,147,307,326,68,70,148,185,185,184,26,21,54,44,303,2
1630595,Cade Cunningham,Cade,1610612765,DET,24.0,62,45,17,0.726,34.2,117.5,120.1,120.1,107.7,109.1,109.1,9.8,11.0,11.0,0.43,2.68,28.4,0.024,0.132,0.079,10.6,10.5,0.515,0.567,0.297,0.303,102.62,100.88,84.06,100.88,0.161,4456,538,1164,8.7,18.8,0.462,184,50,219,62,20,60,31,31,98,134,134,42,39,39,7,99,64,411,233,291,333,331,376,310,18,20,235,359,359,16,23,18,17,11,266,1
1631216,Caleb Houstan,Caleb,1610612737,ATL,23.0,18,12,6,0.667,4.2,103.3,97.6,97.6,101.8,98.2,98.2,1.5,-0.6,-0.6,0.083,1.0,11.4,0.066,0.081,0.073,11.4,11.3,0.75,0.769,0.168,0.181,102.06,106.86,89.05,106.86,0.103,169,14,26,0.8,1.4,0.538,456,391,84,96,550,509,533,533,27,19,19,199,260,260,442,488,490,148,480,328,418,413,9,7,304,272,280,37,37,189,483,494,512,539,95,1
1631126,Caleb Love,Caleb,1610612757,POR,24.0,48,23,25,0.479,21.1,107.8,108.4,108.4,114.3,114.5,114.5,-6.5,-6.1,-6.1,0.187,1.98,17.6,0.023,0.084,0.053,8.9,8.9,0.484,0.498,0.228,0.234,103.28,102.94,85.78,102.94,0.08,2172,190,489,4.0,10.2,0.389,300,260,331,332,261,427,403,403,372,370,370,410,397,397,157,221,289,424,467,476,198,202,453,486,94,98,180,197,197,339,221,181,190,136,485,1
1628997,Caleb Martin,Caleb,1610612742,DAL,30.0,58,20,38,0.345,14.8,104.3,102.9,102.9,113.5,112.1,112.1,-9.1,-9.2,-9.2,0.131,2.03,23.9,0.03,0.125,0.077,11.8,11.9,0.503,0.526,0.122,0.126,103.86,105.2,87.67,105.2,0.063,1866,85,189,1.5,3.3,0.45,221,296,497,416,386,504,504,504,331,258,258,463,451,451,266,196,134,353,258,297,442,446,411,441,502,502,136,71,71,462,350,354,431,431,315,1
1642353,Cam Christie,Cam,1610612746,LAC,20.0,54,26,28,0.481,8.8,108.9,107.5,107.5,109.0,107.7,107.7,-0.1,-0.2,-0.2,0.097,1.41,14.5,0.044,0.118,0.084,10.3,10.3,0.428,0.488,0.168,0.175,96.5,97.72,81.43,97.72,0.072,969,53,138,1.0,2.6,0.384,260,222,369,330,481,386,425,425,122,95,95,245,252,252,384,391,394,237,286,263,314,321,519,497,300,298,550,530,530,404,397,389,493,474,490,1
1642285,Cam Spencer,Cam,1610612763,MEM,26.0,72,23,49,0.319,23.8,111.3,112.4,112.4,115.4,116.0,116.0,-4.1,-3.6,-3.6,0.332,4.3,36.6,0.022,0.082,0.051,8.5,8.4,0.604,0.649,0.166,0.174,102.3,101.59,84.66,101.59,0.12,3647,263,556,3.7,7.7,0.473,70,260,558,435,207,283,256,256,421,427,427,341,333,333,28,16,15,439,476,486,176,172,90,65,312,302,262,307,307,95,145,149,211,212,227,1
1630560,Cam Thomas,Cam,1610612749,MIL,24.0,42,12,30,0.286,21.0,110.2,111.7,111.7,123.2,123.8,123.8,-12.9,-12.1,-12.1,0.208,1.46,15.1,0.012,0.071,0.041,10.4,10.3,0.466,0.53,0.295,0.304,97.53,96.65,80.54,96.65,0.089,1774,189,461,4.5,11.0,0.41,337,391,403,453,263,325,276,276,546,553,553,522,510,510,128,379,372,526,519,542,321,319,486,428,20,18,522,560,560,275,223,198,150,119,439,2
1641715,Cam Whitmore,Cam,1610612764,WAS,21.0,21,3,18,0.143,16.9,105.8,104.4,104.4,123.4,124.0,124.0,-17.5,-19.6,-19.6,0.067,0.83,7.0,0.049,0.102,0.075,8.4,8.3,0.503,0.528,0.225,0.236,105.34,105.84,88.2,105.84,0.082,781,77,169,3.7,8.0,0.456,437,494,228,548,345,479,492,492,549,555,555,542,548,548,510,523,558,212,363,311,172,170,410,431,103,92,64,50,50,323,365,366,204,195,292,1
1629661,Cameron Johnson,Cameron,1610612743,DEN,30.0,54,37,17,0.685,30.5,123.5,124.2,124.2,114.3,114.7,114.7,9.2,9.5,9.5,0.098,2.81,18.8,0.027,0.095,0.063,6.7,6.7,0.596,0.629,0.144,0.148,101.85,101.38,84.48,101.38,0.075,3484,228,475,4.2,8.8,0.48,260,125,219,86,79,11,6,6,373,378,378,48,51,51,380,82,247,388,406,400,76,75,106,93,404,416,300,325,325,388,178,191,172,174,203,1
1626166,Cameron Payne,Cameron,1610612755,PHI,31.0,22,12,10,0.545,17.0,105.5,105.5,105.5,113.9,113.6,113.6,-8.3,-8.1,-8.1,0.22,5.27,25.4,0.007,0.103,0.055,4.8,4.8,0.483,0.514,0.183,0.189,104.5,104.63,87.19,104.63,0.096,817,56,149,2.5,6.8,0.376,432,391,137,248,342,484,477,477,353,329,329,445,430,430,113,8,106,547,360,463,47,47,455,464,225,226,102,87,87,223,393,379,315,251,498,1
1627747,Caris LeVert,Caris,1610612765,DET,31.0,58,42,16,0.724,19.4,106.9,108.4,108.4,106.3,107.2,107.2,0.6,1.2,1.2,0.204,1.95,24.0,0.017,0.076,0.047,12.3,12.3,0.497,0.519,0.177,0.183,102.18,101.05,84.21,101.05,0.082,2357,160,381,2.8,6.6,0.42,221,75,205,64,301,453,402,402,64,88,88,222,212,212,135,227,131,485,499,520,463,462,427,456,261,265,273,350,350,321,257,231,296,264,408,1
1642868,Carter Bryant,Carter,1610612759,SAS,20.0,69,55,14,0.797,11.0,109.1,107.9,107.9,107.8,108.0,108.0,1.3,-0.1,-0.1,0.074,1.33,11.9,0.044,0.159,0.103,9.0,9.0,0.494,0.516,0.159,0.165,101.75,102.18,85.15,102.18,0.069,1614,98,247,1.4,3.6,0.397,101,10,178,31,445,374,416,416,101,103,103,205,250,250,477,410,469,240,143,167,203,207,433,463,349,346,308,255,255,431,336,316,437,410,468,1
1641717,Cason Wallace,Cason,1610612760,OKC,22.0,77,61,16,0.792,26.6,116.0,116.2,116.2,103.1,103.8,103.8,12.9,12.4,12.4,0.127,2.74,22.5,0.031,0.079,0.056,8.2,8.2,0.518,0.538,0.141,0.145,102.21,101.76,84.8,101.76,0.076,4335,252,584,3.3,7.6,0.432,24,1,205,33,155,95,108,108,34,48,48,20,27,27,274,88,154,349,487,451,161,163,371,401,423,434,268,291,291,376,155,133,237,221,375,1
1642907,Cedric Coward,Cedric,1610612763,MEM,22.0,62,20,42,0.323,25.8,113.4,113.8,113.8,113.6,113.5,113.5,-0.2,0.3,0.3,0.154,1.63,17.2,0.05,0.16,0.106,10.6,10.5,0.542,0.585,0.207,0.214,104.43,104.31,86.92,104.31,0.11,3478,305,648,4.9,10.5,0.471,184,296,525,434,175,193,197,197,337,322,322,250,236,236,219,315,305,208,141,154,330,330,274,236,146,145,107,107,107,144,115,110,130,131,237,1
1643052,Chaney Johnson,Chaney,1610612751,BKN,23.0,16,4,12,0.25,19.5,107.2,107.2,107.2,113.7,113.6,113.6,-6.4,-6.3,-6.3,0.173,1.79,23.0,0.093,0.131,0.112,12.8,13.0,0.619,0.66,0.156,0.159,101.4,101.47,84.56,101.47,0.1,652,45,80,2.8,5.0,0.563,458,482,156,486,300,445,434,434,343,326,326,407,403,403,180,266,150,78,236,132,494,499,72,56,359,368,332,317,317,205,412,435,290,341,76,1
1629646,Charles Bassey,Charles,1610612744,GSW,25.0,10,4,6,0.4,8.9,105.8,101.6,101.6,110.8,107.7,107.7,-5.0,-6.2,-6.2,0.059,1.0,7.7,0.15,0.223,0.184,7.7,7.6,0.633,0.626,0.155,0.166,100.54,104.06,86.72,104.06,0.15,193,19,30,1.9,3.0,0.633,490,482,84,383,478,480,517,517,201,96,96,367,400,400,533,488,551,9,34,17,122,121,59,97,364,342,387,122,122,28,469,490,385,447,31,4
1642404,Chaz Lanier,Chaz,1610612765,DET,24.0,32,26,6,0.813,7.9,107.4,107.6,107.6,107.6,105.3,105.3,-0.2,2.2,2.2,0.087,8.5,15.6,0.03,0.056,0.043,1.8,1.8,0.415,0.43,0.148,0.152,101.55,102.57,85.48,102.57,0.046,542,27,88,0.8,2.8,0.307,397,222,84,24,498,437,424,424,92,61,61,246,185,185,427,1,348,355,549,538,29,29,526,535,395,397,324,219,219,531,454,424,502,462,546,1
1631096,Chet Holmgren,Chet,1610612760,OKC,23.0,69,56,13,0.812,28.9,118.0,118.4,118.4,101.6,102.3,102.3,16.4,16.1,16.1,0.082,1.07,10.2,0.067,0.221,0.149,9.5,9.5,0.614,0.653,0.214,0.219,101.63,101.09,84.25,101.09,0.154,4207,434,779,6.3,11.3,0.557,101,5,168,25,111,52,60,60,25,32,32,12,16,16,447,475,526,145,39,53,242,246,80,60,129,135,316,345,345,21,49,76,69,112,78,1
1628449,Chris Boucher,Chris,1610612738,BOS,33.0,9,4,5,0.444,10.5,114.2,114.3,114.3,106.9,109.9,109.9,7.3,4.4,4.4,0.042,3.0,9.7,0.019,0.151,0.086,3.2,3.3,0.36,0.392,0.128,0.13,98.52,97.12,80.93,97.12,0.04,189,8,25,0.9,2.8,0.32,500,482,75,359,457,156,166,166,76,155,155,62,132,132,554,59,534,455,167,253,32,32,542,551,481,489,494,548,548,540,511,499,499,460,541,1
1641753,Chris Livingston,Chris,1610612739,CLE,22.0,3,2,1,0.667,5.8,113.3,113.9,113.9,93.9,86.8,86.8,19.4,27.0,27.0,0.091,0.0,12.5,0.0,0.176,0.1,0.0,0.0,0.571,0.605,0.189,0.2,98.28,101.91,84.93,101.91,0.104,36,4,7,1.3,2.3,0.571,555,515,9,96,530,198,188,188,10,7,7,8,5,5,412,550,446,555,100,179,1,1,165,160,204,186,502,279,279,174,532,540,447,487,64,1
1643024,Chris Mañon,Chris,1610612747,LAL,24.0,7,2,5,0.286,5.3,100.0,96.2,96.2,99.8,106.7,106.7,0.2,-10.5,-10.5,0.08,2.0,25.0,0.024,0.156,0.093,12.5,12.7,0.25,0.41,0.067,0.07,100.41,99.02,82.51,99.02,0.087,78,1,4,0.1,0.6,0.25,511,515,75,453,536,536,539,539,19,82,82,236,476,476,456,201,112,410,150,218,473,481,558,545,575,575,397,470,470,289,556,562,568,571,553,1
101108,Chris Paul,Chris,1610612746,LAC,40.0,16,4,12,0.25,14.2,100.4,99.4,99.4,116.2,116.6,116.6,-15.8,-17.3,-17.3,0.351,3.31,42.4,0.026,0.101,0.062,12.8,12.7,0.411,0.413,0.135,0.141,98.28,98.62,82.19,98.62,0.064,466,18,56,1.1,3.5,0.321,458,482,156,486,397,535,526,526,448,446,446,538,543,543,18,45,6,402,366,406,492,484,529,542,454,448,503,491,491,456,471,462,475,413,540,1
1642959,Chris Youngblood,Chris,1610612757,POR,24.0,33,28,5,0.848,5.6,110.3,106.7,106.7,107.6,104.9,104.9,2.6,1.8,1.8,0.093,6.0,14.8,0.039,0.096,0.071,2.5,2.5,0.492,0.527,0.164,0.171,98.81,101.78,84.81,101.78,0.061,389,22,63,0.7,1.9,0.349,393,209,75,13,534,322,452,452,94,56,56,169,197,197,401,4,381,279,394,341,30,30,436,435,320,313,480,290,290,475,461,452,527,517,519,2
1631128,Christian Braun,Christian,1610612743,DEN,24.0,44,29,15,0.659,31.8,122.8,124.2,124.2,113.5,114.1,114.1,9.3,10.1,10.1,0.108,2.79,20.1,0.046,0.101,0.075,7.2,7.2,0.575,0.607,0.142,0.145,102.21,101.38,84.48,101.38,0.076,2952,202,389,4.6,8.8,0.519,326,197,190,120,51,14,7,7,334,360,360,46,45,45,340,83,206,228,368,314,94,96,146,155,414,433,269,324,324,382,210,224,144,170,113,1
1631132,Christian Koloko,Christian,1610612737,ATL,25.0,26,16,10,0.615,12.9,106.9,107.0,107.0,106.4,106.0,106.0,0.5,1.0,1.0,0.065,1.31,16.3,0.076,0.12,0.098,12.5,12.5,0.442,0.467,0.104,0.108,104.68,104.82,87.35,104.82,0.05,731,30,69,1.2,2.7,0.435,421,344,137,165,418,454,445,445,68,71,71,227,221,221,515,423,330,109,277,192,473,474,508,515,539,541,88,79,79,516,449,443,470,466,361,3
1642935,Chucky Hepburn,Chucky,1610612761,TOR,23.0,2,0,2,0.0,6.6,72.2,73.1,73.1,133.6,120.7,120.7,-61.4,-47.6,-47.6,0.286,2.0,22.2,0.0,0.067,0.029,11.1,11.1,0.0,0.0,0.219,0.223,95.25,99.75,83.12,99.75,-0.1,26,0,6,0.0,3.0,0.0,568,564,32,564,514,574,573,573,569,524,524,575,569,569,53,201,160,555,533,565,391,393,571,574,120,120,560,436,436,576,571,545,571,447,571,1
203991,Clint Capela,Clint,1610612745,HOU,31.0,72,45,27,0.625,12.2,110.8,111.1,111.1,103.7,104.4,104.4,7.1,6.6,6.6,0.071,1.15,14.2,0.157,0.181,0.169,12.3,12.4,0.505,0.526,0.13,0.133,99.06,98.63,82.19,98.63,0.107,1816,107,212,1.5,2.9,0.505,70,50,357,152,427,300,296,296,40,53,53,73,80,80,488,462,397,6,90,32,466,471,405,440,470,480,468,490,490,164,323,337,429,452,141,1
1629632,Coby White,Coby,1610612766,CHA,26.0,48,28,20,0.583,25.4,117.8,117.2,117.2,113.1,113.9,113.9,4.8,3.3,3.3,0.243,1.59,19.2,0.013,0.114,0.065,12.1,12.1,0.535,0.592,0.282,0.292,101.84,101.75,84.79,101.75,0.111,2585,269,606,5.6,12.6,0.444,300,209,257,194,183,56,87,87,317,341,341,122,159,159,86,330,233,513,302,381,455,454,299,209,29,27,304,292,292,137,142,129,95,84,335,2
1628998,Cody Martin,Cody,1610612754,IND,30.0,4,0,4,0.0,13.8,77.7,79.0,79.0,98.2,99.2,99.2,-20.5,-20.2,-20.2,0.065,0.5,10.5,0.013,0.183,0.094,21.1,21.5,0.2,0.277,0.119,0.121,106.68,105.26,87.71,105.26,0.045,119,2,10,0.5,2.5,0.2,543,564,58,564,403,571,570,570,16,20,20,549,549,549,516,539,516,522,85,211,564,565,564,568,508,514,32,69,69,533,550,532,538,476,560,1
1642262,Cody Williams,Cody,1610612762,UTA,21.0,65,15,50,0.231,24.0,110.5,110.7,110.7,122.5,122.6,122.6,-11.9,-11.9,-11.9,0.109,1.8,17.4,0.037,0.086,0.061,9.7,9.7,0.502,0.531,0.157,0.16,104.75,104.6,87.16,104.6,0.057,3388,227,478,3.5,7.4,0.475,151,359,562,508,204,316,311,311,538,549,549,507,507,507,338,259,300,290,453,418,258,263,413,426,356,364,86,89,89,491,182,187,221,229,218,1
1641732,Colby Jones,Colby,1610612765,DET,23.0,1,0,1,0.0,6.8,137.7,133.3,133.3,50.4,53.3,53.3,87.4,80.0,80.0,0.333,0.0,40.0,0.0,0.4,0.222,0.0,0.0,0.333,0.333,0.158,0.162,107.03,105.62,88.02,105.62,0.256,15,1,3,1.0,3.0,0.333,577,564,9,564,511,1,1,1,1,1,1,1,1,1,25,550,9,555,2,3,1,1,548,565,353,360,28,58,58,1,556,567,485,447,529,1
1630175,Cole Anthony,Cole,1610612749,MIL,25.0,35,12,23,0.343,15.0,105.2,103.4,103.4,113.5,113.1,113.1,-8.3,-9.7,-9.7,0.354,1.86,28.3,0.029,0.126,0.078,15.2,15.2,0.472,0.483,0.244,0.256,100.96,101.99,84.99,101.99,0.082,1118,98,231,2.8,6.6,0.424,384,391,296,418,381,490,499,499,333,301,301,444,463,463,17,245,65,366,253,292,534,535,479,500,71,65,358,274,274,320,336,325,292,262,393,1
1630658,Colin Castleton,Colin,1610612753,ORL,25.0,3,2,1,0.667,5.1,106.4,116.7,116.7,113.6,100.0,100.0,-7.2,16.7,16.7,0.077,0.5,16.7,0.077,0.385,0.231,33.3,33.3,0.333,0.333,0.139,0.143,92.58,93.71,78.09,93.71,0.077,30,1,3,0.3,1.0,0.333,555,515,9,96,538,463,98,98,340,22,22,426,14,14,466,539,320,105,3,2,574,574,548,565,438,437,576,576,576,373,556,567,555,553,529,1
1631221,Collin Gillespie,Collin,1610612756,PHX,26.0,79,43,36,0.544,28.7,113.3,113.4,113.4,110.1,109.9,109.9,3.2,3.6,3.6,0.228,2.94,27.0,0.035,0.108,0.07,9.2,9.1,0.557,0.576,0.181,0.188,99.64,99.65,83.04,99.65,0.108,4716,350,836,4.4,10.6,0.419,12,62,477,252,115,199,212,212,166,154,154,158,152,152,102,72,76,298,334,349,223,221,211,268,234,231,440,441,441,157,85,63,155,127,413,1
1642867,Collin Murray-Boyles,Collin,1610612761,TOR,20.0,55,29,26,0.527,22.0,110.1,110.6,110.6,108.8,109.3,109.3,1.3,1.3,1.3,0.123,1.78,19.0,0.102,0.119,0.11,10.7,10.7,0.596,0.611,0.151,0.156,100.02,99.51,82.93,99.51,0.096,2500,191,335,3.5,6.1,0.57,246,197,342,279,242,334,312,312,119,138,138,208,209,209,288,268,241,63,281,142,350,352,107,139,383,384,421,448,448,225,219,257,223,289,72,1
1629012,Collin Sexton,Collin,1610612741,CHI,27.0,65,24,41,0.369,23.4,108.7,110.9,110.9,113.8,113.3,113.3,-5.0,-2.3,-2.3,0.223,1.6,18.8,0.023,0.066,0.045,11.7,11.7,0.562,0.618,0.248,0.255,103.62,102.8,85.67,102.8,0.114,3256,335,694,5.2,10.7,0.483,151,246,515,400,212,394,304,304,346,308,308,369,306,306,110,324,249,420,536,527,434,433,195,117,67,68,153,203,203,121,93,98,119,126,195,2
1642843,Cooper Flagg,Cooper,1610612742,DAL,19.0,68,21,47,0.309,33.8,108.4,108.9,108.9,113.6,114.6,114.6,-5.2,-5.7,-5.7,0.213,1.95,17.5,0.034,0.15,0.093,9.0,8.9,0.497,0.546,0.262,0.27,103.47,102.8,85.67,102.8,0.128,4930,542,1161,8.0,17.1,0.467,114,281,549,442,22,404,386,386,342,372,372,375,387,387,119,229,298,302,169,220,205,204,429,376,44,45,165,205,205,76,20,19,25,24,247,1
1630557,Corey Kispert,Corey,1610612737,ATL,27.0,56,26,30,0.464,18.6,109.1,109.3,109.3,115.2,115.3,115.3,-6.1,-6.0,-6.0,0.12,2.07,16.3,0.022,0.092,0.057,7.9,7.8,0.57,0.604,0.177,0.182,104.37,104.23,86.85,104.23,0.087,2267,175,377,3.1,6.7,0.464,235,222,403,350,312,377,374,374,410,407,407,394,395,395,298,181,331,432,423,444,138,137,171,165,266,268,108,114,114,286,241,233,252,252,258,2
1642504,Cormac Ryan,Cormac,1610612749,MIL,27.0,9,1,8,0.111,22.1,114.2,117.1,117.1,122.6,122.5,122.5,-8.3,-5.4,-5.4,0.094,1.0,12.4,0.022,0.051,0.036,12.4,12.3,0.685,0.725,0.187,0.192,95.75,94.57,78.81,94.57,0.092,391,35,65,3.9,7.2,0.538,500,545,110,557,241,157,88,88,540,545,545,446,379,379,399,488,456,434,554,554,467,460,23,17,209,215,557,574,574,249,432,448,194,236,95,1
1641854,Craig Porter Jr.,Craig,1610612739,CLE,26.0,62,42,20,0.677,17.8,115.5,115.6,115.6,110.6,111.4,111.4,4.9,4.2,4.2,0.227,3.54,38.0,0.068,0.114,0.091,10.7,10.8,0.508,0.517,0.119,0.122,102.63,102.18,85.15,102.18,0.092,2346,111,250,1.8,4.0,0.444,184,75,257,89,324,114,124,124,191,223,223,117,136,136,105,32,12,143,304,232,355,359,399,460,507,512,233,256,256,254,315,312,397,392,333,1
1642938,Curtis Jones,Curtis,1610612743,DEN,24.0,8,6,2,0.75,4.5,112.8,109.6,109.6,103.7,102.8,102.8,9.1,6.8,6.8,0.174,4.0,20.0,0.029,0.077,0.057,5.0,5.0,0.3,0.3,0.195,0.205,94.9,96.71,80.59,96.71,0.026,73,4,15,0.5,1.9,0.267,506,457,32,49,547,212,359,359,38,38,38,50,77,77,177,20,209,370,496,439,48,48,552,567,182,167,564,558,558,556,532,521,538,518,552,1
1626156,D'Angelo Russell,D'Angelo,1610612764,WAS,30.0,26,9,17,0.346,19.0,107.4,107.9,107.9,110.3,111.2,111.2,-2.9,-3.3,-3.3,0.328,2.12,25.2,0.016,0.092,0.057,11.9,11.9,0.476,0.511,0.261,0.265,104.67,104.05,86.71,104.05,0.098,1070,94,232,3.6,8.9,0.405,421,422,219,415,305,439,417,417,176,212,212,322,327,327,31,172,109,496,424,442,447,448,468,471,46,53,89,123,123,217,342,323,213,168,450,1
1629610,DaQuan Jeffries,DaQuan,1610612758,SAC,28.0,3,0,3,0.0,20.0,121.4,121.5,121.5,121.7,120.7,120.7,-0.3,0.8,0.8,0.025,0.0,4.5,0.042,0.038,0.041,0.0,0.0,0.684,0.731,0.141,0.15,96.57,96.96,80.8,96.96,0.078,121,11,19,3.7,6.3,0.579,555,564,48,564,286,17,18,18,532,523,523,254,224,224,565,550,565,247,563,544,1,1,24,14,428,405,547,550,550,357,492,510,204,278,61,1
1641747,DaRon Holmes II,DaRon,1610612743,DEN,23.0,23,15,8,0.652,8.8,108.0,107.4,107.4,112.8,111.4,111.4,-4.7,-3.9,-3.9,0.13,1.45,17.4,0.041,0.113,0.08,12.0,12.0,0.683,0.702,0.171,0.176,94.57,95.42,79.52,95.42,0.096,403,31,60,1.3,2.6,0.517,429,359,110,127,482,418,426,426,301,221,221,359,342,342,267,380,299,256,312,282,449,451,25,22,286,293,566,568,568,227,444,455,445,469,118,1
1631342,Daeqwon Plowden,Daeqwon,1610612758,SAC,27.0,30,8,22,0.267,26.2,110.0,110.0,110.0,122.1,122.1,122.1,-12.2,-12.2,-12.2,0.062,1.71,10.9,0.034,0.078,0.055,6.4,6.3,0.543,0.571,0.154,0.16,100.94,100.94,84.12,100.94,0.056,1645,111,258,3.7,8.6,0.43,403,434,281,476,165,339,343,343,535,541,541,510,511,511,525,291,506,305,489,461,70,68,272,292,367,366,361,354,354,500,315,305,200,182,378,1
1630625,Dalano Banton,Dalano,1610612738,BOS,26.0,5,3,2,0.6,5.0,112.2,114.6,114.6,135.6,131.4,131.4,-23.5,-16.8,-16.8,0.267,2.0,25.0,0.042,0.0,0.021,12.5,12.6,0.444,0.506,0.207,0.208,93.94,94.47,78.73,94.47,0.076,48,4,9,0.8,1.8,0.444,530,494,32,176,539,248,155,155,570,568,568,550,541,541,68,201,112,253,570,570,473,478,504,475,147,157,572,575,575,377,532,536,508,522,330,2
1631207,Dalen Terry,Dalen,1610612755,PHI,23.0,47,21,26,0.447,11.6,106.8,107.0,107.0,109.5,109.4,109.4,-2.7,-2.4,-2.4,0.168,2.54,25.7,0.04,0.099,0.068,10.1,10.0,0.513,0.522,0.14,0.146,104.93,104.86,87.38,104.86,0.075,1190,67,154,1.4,3.3,0.435,312,281,342,358,437,456,446,446,141,143,143,313,312,312,190,114,102,273,379,355,301,295,386,448,433,429,75,78,78,385,377,376,436,429,360,2
1642261,Dalton Knecht,Dalton,1610612747,LAL,24.0,51,31,20,0.608,10.5,107.6,104.5,104.5,113.6,113.4,113.4,-6.0,-8.9,-8.9,0.049,0.74,7.4,0.027,0.107,0.068,10.0,10.0,0.53,0.543,0.168,0.178,99.1,100.58,83.82,100.58,0.061,1125,80,181,1.6,3.5,0.442,283,183,257,171,458,434,490,490,335,318,318,392,447,447,546,529,554,392,340,360,286,291,318,384,297,287,465,384,384,470,358,358,417,411,340,1
1629655,Daniel Gafford,Daniel,1610612742,DAL,27.0,55,12,43,0.218,21.7,106.9,105.9,105.9,113.7,113.0,113.0,-6.8,-7.1,-7.1,0.071,0.92,11.5,0.108,0.181,0.145,12.5,12.4,0.655,0.677,0.151,0.158,103.76,104.6,87.17,104.6,0.114,2601,207,316,3.8,5.7,0.655,246,391,529,517,246,452,470,470,345,292,292,417,417,417,491,509,486,54,89,58,472,470,39,35,382,372,146,88,88,120,206,267,198,303,21,1
1642450,Daniss Jenkins,Daniss,1610612765,DET,24.0,70,52,18,0.743,20.3,111.8,113.3,113.3,106.2,106.5,106.5,5.6,6.8,6.8,0.271,2.46,26.9,0.034,0.076,0.055,10.9,11.0,0.481,0.533,0.208,0.213,102.23,101.37,84.48,101.37,0.102,2999,229,552,3.3,7.9,0.415,88,17,228,57,276,265,217,217,62,80,80,104,76,76,65,123,77,314,501,460,376,382,461,419,145,148,267,326,326,191,174,152,238,206,424,1
1642874,Danny Wolf,Danny,1610612751,BKN,21.0,57,14,43,0.246,20.8,102.7,102.9,102.9,112.3,111.9,111.9,-9.6,-9.0,-9.0,0.178,1.74,18.4,0.046,0.195,0.117,10.6,10.6,0.482,0.521,0.201,0.207,98.0,98.09,81.74,98.09,0.096,2420,178,440,3.1,7.7,0.405,228,369,529,496,268,514,505,505,277,244,244,469,449,449,171,282,264,229,64,119,331,336,459,453,158,160,509,511,511,226,235,208,254,213,451,1
203967,Dario Saric,Dario,1610612758,SAC,32.0,5,1,4,0.2,8.2,106.6,104.7,104.7,105.6,104.7,104.7,1.0,0.0,0.0,0.061,1.0,18.2,0.03,0.114,0.078,18.2,18.4,0.25,0.363,0.1,0.103,97.61,98.91,82.43,98.91,0.015,85,1,6,0.2,1.2,0.167,530,545,58,525,495,459,487,487,54,54,54,216,243,243,529,488,270,352,306,295,554,555,558,557,549,550,520,477,477,564,556,545,565,548,567,1
1641727,Dariq Whitehead,Dariq,1610612763,MEM,21.0,4,0,4,0.0,30.0,102.7,101.9,101.9,130.5,131.3,131.3,-27.9,-29.4,-29.4,0.105,1.14,11.3,0.007,0.158,0.069,9.9,9.8,0.444,0.454,0.209,0.216,105.73,105.81,88.18,105.81,0.042,264,18,54,4.5,13.5,0.333,543,564,58,564,88,518,516,516,565,567,567,559,564,564,357,463,495,549,145,354,276,274,504,522,141,142,47,51,51,536,471,465,150,65,529,1
1642468,Darius Brown,Darius,1610612739,CLE,26.0,1,1,0,1.0,2.7,128.9,100.0,100.0,180.0,180.0,180.0,-51.1,-80.0,-80.0,0.0,0.0,0.0,0.0,1.0,0.25,0.0,0.0,0.0,0.0,0.167,0.205,79.92,90.0,75.0,90.0,0.0,5,0,1,0.0,1.0,0.0,577,545,1,1,575,5,522,522,578,579,579,573,577,577,568,550,568,555,1,1,1,1,571,574,307,170,579,579,579,567,571,575,571,553,571,1
1629636,Darius Garland,Darius,1610612746,LAC,26.0,43,25,18,0.581,29.7,118.1,118.3,118.3,113.8,115.2,115.2,4.3,3.1,3.1,0.323,2.29,26.1,0.013,0.062,0.038,11.4,11.4,0.559,0.59,0.266,0.271,102.79,102.1,85.08,102.1,0.113,2721,298,639,6.9,14.9,0.466,332,237,228,200,94,50,64,64,349,395,395,138,166,166,35,149,94,516,541,551,416,417,204,219,40,41,216,262,262,126,118,115,51,49,250,2
1642357,David Jones Garcia,David,1610612759,SAS,24.0,11,7,4,0.636,6.2,124.1,123.1,123.1,103.6,100.0,100.0,20.6,23.1,23.1,0.316,3.6,36.0,0.06,0.143,0.1,10.0,9.9,0.58,0.579,0.18,0.189,107.12,109.45,91.21,109.45,0.133,156,13,25,1.2,2.3,0.52,483,444,58,139,524,10,12,12,37,22,22,7,6,6,37,30,19,165,187,179,286,278,135,260,244,225,27,20,20,62,487,499,468,495,109,1
1631223,David Roddy,David,1610612743,DEN,25.0,3,2,1,0.667,4.6,70.8,66.7,66.7,107.3,115.2,115.2,-36.6,-48.5,-48.5,0.4,0.0,25.0,0.059,0.182,0.128,0.0,0.0,0.2,0.34,0.171,0.178,114.92,114.09,95.08,114.09,0.129,33,1,5,0.3,1.7,0.2,555,515,9,96,543,575,574,574,88,394,394,567,571,571,11,550,112,167,88,90,1,1,564,561,282,286,6,11,11,68,556,554,555,530,560,1
1630558,Davion Mitchell,Davion,1610612748,MIA,27.0,68,36,32,0.529,28.5,115.7,117.2,117.2,111.2,112.8,112.8,4.5,4.4,4.4,0.286,4.24,40.4,0.015,0.072,0.044,9.5,9.5,0.566,0.575,0.137,0.138,105.57,104.14,86.78,104.14,0.082,4212,249,518,3.7,7.6,0.481,114,136,428,274,118,106,86,86,217,278,278,130,128,128,56,17,7,502,515,531,248,250,185,272,447,461,57,118,118,324,158,164,209,220,201,1
1630549,Day'Ron Sharpe,Day'Ron,1610612751,BKN,24.0,62,17,45,0.274,18.7,106.6,107.3,107.3,112.6,111.7,111.7,-6.0,-4.3,-4.3,0.207,1.37,21.4,0.143,0.222,0.18,15.7,15.7,0.614,0.638,0.19,0.196,98.81,98.86,82.39,98.86,0.141,2384,214,356,3.5,5.7,0.601,184,326,540,464,311,460,429,429,294,232,232,391,348,348,130,400,180,19,37,22,539,539,78,78,201,208,481,480,480,44,195,248,225,304,45,1
1628368,De'Aaron Fox,De'Aaron,1610612759,SAS,28.0,70,54,16,0.771,31.0,118.6,118.5,118.5,109.3,108.5,108.5,9.3,10.0,10.0,0.286,2.65,25.1,0.019,0.091,0.056,9.5,9.5,0.55,0.579,0.242,0.248,103.25,103.69,86.4,103.69,0.116,4675,494,1012,7.1,14.5,0.488,88,11,205,41,70,39,59,59,129,119,119,45,46,46,53,103,111,465,427,446,240,244,247,259,75,74,181,145,145,110,31,36,45,51,181,1
1629631,De'Andre Hunter,De'Andre,1610612758,SAC,28.0,45,24,21,0.533,26.1,112.8,114.1,114.1,114.4,115.0,115.0,-1.6,-0.9,-0.9,0.11,1.2,12.4,0.023,0.127,0.074,10.3,10.3,0.49,0.545,0.218,0.223,104.24,103.39,86.16,103.39,0.077,2533,208,501,4.6,11.1,0.415,323,246,268,268,166,214,178,178,381,387,387,288,274,274,334,451,455,418,248,324,317,315,442,380,121,121,118,164,164,364,204,177,143,114,423,2
1629001,De'Anthony Melton,De'Anthony,1610612744,GSW,27.0,46,22,24,0.478,23.1,115.2,115.1,115.1,110.9,110.0,110.0,4.3,5.1,5.1,0.163,1.37,15.5,0.034,0.106,0.069,11.3,11.3,0.477,0.518,0.247,0.256,101.25,101.71,84.76,101.71,0.089,2254,208,508,4.5,11.0,0.409,319,268,316,333,216,124,140,140,207,161,161,135,112,112,202,398,354,304,344,352,406,407,464,457,69,66,342,298,298,274,204,174,147,118,442,1
201599,DeAndre Jordan,DeAndre,1610612740,NOP,37.0,12,6,6,0.5,16.6,109.6,110.0,110.0,109.8,112.3,112.3,-0.2,-2.4,-2.4,0.077,1.22,18.6,0.124,0.234,0.18,15.3,15.1,0.656,0.671,0.098,0.102,102.0,100.68,83.9,100.68,0.119,421,21,32,1.8,2.7,0.656,475,457,84,300,351,349,342,342,159,266,266,249,309,309,466,441,253,32,27,25,535,534,38,40,555,553,285,379,379,99,466,487,398,464,20,1
1630610,DeJon Jarreau,DeJon,1610612763,MEM,28.0,11,2,9,0.182,21.0,98.7,99.2,99.2,122.6,122.2,122.2,-24.0,-23.0,-23.0,0.265,1.38,23.2,0.046,0.174,0.105,16.8,16.8,0.422,0.473,0.211,0.219,103.3,103.18,85.99,103.18,0.073,497,33,83,3.0,7.5,0.398,483,515,121,537,262,541,528,528,541,542,542,553,555,555,70,394,145,227,105,158,545,544,523,510,137,136,177,177,177,402,436,432,264,223,465,1
201942,DeMar DeRozan,DeMar,1610612758,SAC,36.0,77,20,57,0.26,31.2,110.3,110.6,110.6,121.1,122.3,122.3,-10.8,-11.7,-11.7,0.196,3.29,19.8,0.015,0.081,0.047,6.0,6.0,0.52,0.594,0.222,0.23,101.91,101.26,84.38,101.26,0.111,5076,499,1005,6.5,13.1,0.497,24,296,576,480,62,321,315,315,527,543,543,491,503,503,145,46,219,505,478,515,61,60,363,201,111,108,292,334,334,138,30,40,63,76,163,1
1629731,Dean Wade,Dean,1610612739,CLE,29.0,58,36,22,0.621,22.4,117.2,117.6,117.6,109.3,110.6,110.6,7.9,7.0,7.0,0.083,5.5,22.2,0.039,0.139,0.09,4.0,4.0,0.563,0.577,0.098,0.101,102.48,101.74,84.78,101.74,0.074,2745,121,277,2.1,4.8,0.437,221,136,281,160,232,70,78,78,132,186,186,57,73,73,445,7,163,277,206,236,36,36,189,265,554,554,247,294,294,389,304,289,364,351,351,1
1629028,Deandre Ayton,Deandre,1610612747,LAL,27.0,69,43,26,0.623,27.1,114.5,115.2,115.2,114.7,116.5,116.5,-0.2,-1.3,-1.3,0.045,0.69,7.4,0.102,0.204,0.155,10.8,10.8,0.669,0.674,0.163,0.166,100.97,99.87,83.23,99.87,0.115,3891,380,568,5.5,8.2,0.669,101,62,342,157,145,145,137,137,398,443,443,247,283,283,551,532,553,62,53,45,365,364,30,39,327,341,355,430,430,117,74,143,99,190,13,1
1627749,Dejounte Murray,Dejounte,1610612740,NOP,29.0,14,5,9,0.357,27.8,115.4,116.2,116.2,113.9,114.9,114.9,1.5,1.3,1.3,0.336,1.89,26.6,0.011,0.188,0.101,14.1,13.9,0.536,0.58,0.267,0.274,101.61,100.83,84.02,100.83,0.138,822,88,182,6.3,13.0,0.484,468,469,121,408,132,116,110,110,354,382,382,196,208,208,23,241,81,532,77,178,519,518,297,253,38,39,318,363,363,50,347,357,71,79,192,1
1630166,Deni Avdija,Deni,1610612757,POR,25.0,64,33,31,0.516,33.3,113.6,115.1,115.1,114.5,115.3,115.3,-1.0,-0.2,-0.2,0.315,1.73,21.9,0.032,0.167,0.098,12.6,12.6,0.518,0.597,0.284,0.291,104.04,103.0,85.83,103.0,0.148,4574,472,1026,7.4,16.0,0.46,165,166,417,289,34,183,139,139,386,409,409,274,253,253,38,286,167,330,119,189,482,477,370,191,27,28,128,193,193,31,40,35,36,33,276,1
203471,Dennis Schröder,Dennis,1610612739,CLE,32.0,69,29,40,0.42,24.4,110.7,111.0,111.0,115.4,117.1,117.1,-4.7,-6.0,-6.0,0.293,2.72,28.8,0.019,0.089,0.054,10.6,10.6,0.467,0.527,0.21,0.216,101.14,100.26,83.55,100.26,0.094,3504,253,621,3.7,9.0,0.407,101,197,509,374,197,310,298,298,420,461,461,357,396,396,45,94,59,463,438,467,332,333,484,434,139,141,347,408,408,234,152,123,204,165,447,2
1641726,Dereck Lively II,Dereck,1610612742,DAL,22.0,7,3,4,0.429,16.5,107.0,108.6,108.6,101.5,102.3,102.3,5.5,6.3,6.3,0.153,1.3,28.3,0.117,0.183,0.15,21.7,22.0,0.611,0.67,0.113,0.113,108.26,107.02,89.18,107.02,0.094,256,11,18,1.6,2.6,0.611,511,494,58,367,355,451,396,396,23,33,33,106,88,88,223,424,66,40,87,49,567,568,84,42,525,530,20,34,34,240,492,513,416,472,42,1
1642852,Derik Queen,Derik,1610612740,NOP,21.0,79,26,53,0.329,24.6,111.9,112.6,112.6,118.2,118.9,118.9,-6.3,-6.3,-6.3,0.211,1.58,22.4,0.064,0.204,0.134,14.2,14.2,0.489,0.545,0.212,0.216,103.82,103.15,85.96,103.15,0.107,4170,334,706,4.2,8.9,0.473,12,222,569,430,196,263,248,248,491,497,497,406,401,401,122,339,157,154,52,78,523,523,444,379,136,143,140,179,179,163,95,92,171,167,226,1
1627884,Derrick Jones Jr.,Derrick,1610612746,LAC,29.0,48,25,23,0.521,27.2,117.4,118.0,118.0,111.5,113.5,113.5,5.8,4.5,4.5,0.07,1.84,13.4,0.047,0.082,0.065,7.3,7.2,0.574,0.602,0.145,0.15,100.38,99.24,82.7,99.24,0.074,2706,186,370,3.9,7.7,0.503,300,237,296,284,143,62,69,69,239,323,323,97,124,124,500,251,425,222,473,378,98,94,148,172,401,404,400,458,458,395,224,238,195,214,147,1
1628401,Derrick White,Derrick,1610612738,BOS,31.0,75,51,24,0.68,34.3,117.3,119.2,119.2,106.9,107.9,107.9,10.4,11.3,11.3,0.222,3.07,23.8,0.031,0.09,0.061,7.8,7.7,0.491,0.531,0.216,0.222,97.66,96.44,80.37,96.44,0.11,5166,432,1089,5.8,14.5,0.397,42,21,316,88,19,63,43,43,78,99,99,36,36,36,111,57,136,337,435,414,132,132,438,425,124,126,519,563,563,148,51,28,88,50,469,1
1630217,Desmond Bane,Desmond,1610612753,ORL,27.0,80,44,36,0.55,34.0,112.6,113.8,113.8,111.1,111.8,111.8,1.5,2.0,2.0,0.19,2.04,18.3,0.034,0.085,0.06,9.0,8.9,0.555,0.609,0.225,0.234,102.99,102.08,85.07,102.08,0.112,5791,579,1193,7.2,14.9,0.485,1,56,477,240,21,225,196,196,213,242,242,197,194,194,154,190,266,306,457,427,208,197,217,146,101,97,204,264,264,134,15,16,41,47,185,1
1626164,Devin Booker,Devin,1610612756,PHX,29.0,64,37,27,0.578,33.5,114.2,115.9,115.9,110.5,112.0,112.0,3.7,3.9,3.9,0.293,1.92,19.3,0.021,0.091,0.055,10.1,10.0,0.507,0.585,0.307,0.316,102.19,100.72,83.93,100.72,0.142,4516,546,1198,8.5,18.7,0.456,165,125,357,203,27,159,118,118,186,251,251,149,143,143,46,233,231,442,430,456,290,287,404,237,15,14,270,374,374,43,19,15,20,12,290,1
1642269,Devin Carter,Devin,1610612758,SAC,24.0,36,7,29,0.194,17.5,109.1,109.5,109.5,117.9,117.9,117.9,-8.8,-8.4,-8.4,0.204,1.85,20.5,0.041,0.133,0.085,11.0,11.0,0.458,0.508,0.224,0.228,101.16,101.0,84.16,101.0,0.093,1324,107,260,3.0,7.2,0.412,375,444,382,533,330,376,364,364,481,481,481,459,436,436,136,247,193,257,232,259,387,391,492,474,106,110,346,352,352,244,323,304,275,236,434,1
1630170,Devin Vassell,Devin,1610612759,SAS,25.0,65,51,14,0.785,30.5,119.6,121.1,121.1,107.7,109.3,109.3,12.0,11.8,11.8,0.108,2.91,16.3,0.018,0.104,0.063,5.6,5.5,0.547,0.574,0.176,0.181,102.78,101.42,84.52,101.42,0.088,4190,321,735,4.9,11.3,0.437,151,21,178,37,78,25,20,20,96,137,137,26,30,30,341,74,333,469,355,390,52,51,258,278,269,275,218,321,321,282,105,86,129,110,352,1
1628415,Dillon Brooks,Dillon,1610612756,PHX,30.0,55,32,23,0.582,30.6,112.7,114.0,114.0,112.4,114.7,114.7,0.3,-0.7,-0.7,0.095,1.03,8.0,0.023,0.095,0.058,7.8,7.8,0.503,0.542,0.278,0.283,102.19,100.64,83.87,100.64,0.089,3520,412,945,7.5,17.2,0.436,246,174,296,197,77,216,184,184,285,375,375,232,266,266,395,482,549,419,404,434,133,133,408,388,31,31,272,381,381,272,54,48,30,22,354,1
1641794,Dillon Jones,Dillon,1610612752,NYK,24.0,6,5,1,0.833,4.5,125.3,116.9,116.9,109.3,107.0,107.0,16.0,9.9,9.9,0.154,0.0,33.3,0.08,0.138,0.111,0.0,0.0,0.25,0.451,0.116,0.119,97.52,102.02,85.02,102.02,0.071,59,1,6,0.2,1.0,0.167,519,469,9,15,546,6,92,92,131,86,86,14,47,47,218,550,26,97,208,137,1,1,558,525,516,517,524,273,273,416,556,545,567,553,567,1
1627734,Domantas Sabonis,Domantas,1610612758,SAC,29.0,19,3,16,0.158,29.7,108.8,110.0,110.0,123.2,123.9,123.9,-14.4,-13.9,-13.9,0.209,1.53,20.4,0.108,0.283,0.191,13.3,13.3,0.554,0.59,0.223,0.227,103.33,102.46,85.38,102.46,0.131,1199,120,221,6.3,11.6,0.543,451,494,205,544,97,390,338,338,547,554,554,533,530,530,127,358,196,53,6,11,506,506,222,214,109,113,173,228,228,65,306,331,66,102,92,1
1631230,Dominick Barlow,Dominick,1610612755,PHI,22.0,68,38,30,0.559,23.9,112.5,113.0,113.0,111.3,112.9,112.9,1.2,0.1,0.1,0.071,1.55,14.7,0.076,0.116,0.096,9.5,9.4,0.572,0.603,0.126,0.13,102.0,101.07,84.22,101.07,0.078,3423,211,387,3.1,5.7,0.545,114,118,403,228,206,228,235,235,227,284,284,211,240,240,493,349,390,108,295,201,245,241,161,169,489,490,284,348,348,355,200,226,256,307,88,1
1642270,Donovan Clingan,Donovan,1610612757,POR,22.0,75,39,36,0.52,27.2,111.9,113.5,113.5,112.8,113.5,113.5,-0.9,0.1,0.1,0.112,1.69,15.9,0.149,0.252,0.199,9.4,9.4,0.58,0.602,0.162,0.166,103.0,101.97,84.98,101.97,0.139,4342,344,662,4.6,8.8,0.52,42,106,477,285,142,260,208,208,307,320,320,272,242,242,320,299,345,11,13,8,234,234,134,173,328,340,203,276,276,47,86,103,145,172,111,1
1628378,Donovan Mitchell,Donovan,1610612739,CLE,29.0,70,45,25,0.643,33.5,119.2,119.3,119.3,112.0,112.1,112.1,7.2,7.2,7.2,0.266,2.01,18.3,0.021,0.108,0.065,9.1,9.0,0.563,0.613,0.311,0.321,103.18,103.13,85.94,103.13,0.152,5035,678,1403,9.7,20.0,0.483,88,50,331,134,29,30,42,42,264,255,255,70,69,69,69,199,268,441,333,376,214,210,190,134,11,11,186,181,181,24,5,5,9,5,193,1
1628978,Donte DiVincenzo,Donte,1610612750,MIN,29.0,80,47,33,0.588,30.7,115.4,116.2,116.2,108.4,109.9,109.9,7.0,6.3,6.3,0.164,2.63,24.0,0.027,0.1,0.064,9.1,9.1,0.553,0.568,0.163,0.167,103.1,102.04,85.03,102.04,0.084,5227,332,818,4.2,10.2,0.406,1,39,439,191,75,117,109,109,111,157,157,75,87,87,199,105,132,391,377,383,218,215,234,302,321,334,191,270,270,306,98,66,177,135,449,1
1627827,Dorian Finney-Smith,Dorian,1610612745,HOU,32.0,36,22,14,0.611,16.6,109.0,108.8,108.8,109.6,108.9,108.9,-0.6,-0.1,-0.1,0.079,1.59,19.0,0.053,0.091,0.072,12.0,12.0,0.435,0.449,0.102,0.106,98.61,99.03,82.53,99.03,0.033,1234,41,124,1.1,3.4,0.331,375,268,178,169,347,382,391,391,145,129,129,263,251,251,459,328,242,194,431,334,449,449,513,528,542,543,490,469,469,548,421,394,474,420,537,1
203926,Doug McDermott,Doug,1610612758,SAC,34.0,27,7,20,0.259,14.8,106.3,105.0,105.0,116.5,116.0,116.0,-10.2,-11.1,-11.1,0.076,1.75,12.8,0.016,0.066,0.04,7.3,7.3,0.581,0.589,0.148,0.153,100.4,101.21,84.35,101.21,0.06,843,52,129,1.9,4.8,0.403,415,444,257,481,385,470,481,481,455,432,432,479,488,488,469,273,440,497,537,545,103,103,131,223,394,395,399,336,336,479,401,391,382,349,457,1
1642962,Drake Powell,Drake,1610612751,BKN,20.0,61,16,45,0.262,20.9,100.6,101.1,101.1,114.8,115.9,115.9,-14.2,-14.8,-14.8,0.116,1.6,17.5,0.016,0.07,0.043,10.9,10.9,0.485,0.533,0.147,0.152,99.03,98.32,81.93,98.32,0.056,2604,140,341,2.3,5.6,0.411,202,344,540,479,266,532,521,521,405,425,425,531,531,531,309,325,297,492,526,539,377,377,450,418,396,398,471,502,502,499,274,256,341,312,437,1
203110,Draymond Green,Draymond,1610612744,GSW,36.0,66,31,35,0.47,27.6,110.0,109.3,109.3,112.3,113.3,113.3,-2.3,-4.0,-4.0,0.277,2.09,34.3,0.028,0.168,0.097,16.4,16.4,0.52,0.537,0.159,0.164,102.03,101.88,84.9,101.88,0.084,3885,203,487,3.1,7.4,0.417,141,183,467,345,134,338,379,379,276,311,311,306,346,346,59,174,25,385,118,194,543,543,367,404,350,354,281,281,281,312,208,182,260,228,419,1
1629234,Drew Eubanks,Drew,1610612758,SAC,29.0,42,10,32,0.238,13.1,105.7,106.4,106.4,117.2,117.8,117.8,-11.4,-11.4,-11.4,0.052,0.63,8.3,0.069,0.154,0.112,13.0,13.0,0.599,0.605,0.161,0.165,102.78,102.17,85.14,102.17,0.082,1165,93,156,2.2,3.7,0.596,337,407,428,502,409,483,459,459,472,479,479,501,495,495,542,533,545,141,156,134,502,502,100,163,336,347,217,258,258,322,344,374,354,403,57,1
1641809,Drew Peterson,Drew,1610612766,CHA,26.0,6,1,5,0.167,10.7,101.4,103.1,103.1,110.1,110.7,110.7,-8.7,-7.6,-7.6,0.044,0.0,10.5,0.041,0.107,0.069,0.0,0.0,0.125,0.148,0.108,0.111,98.87,97.84,81.53,97.84,0.0,131,2,16,0.3,2.7,0.125,519,545,75,540,455,528,502,502,167,191,191,453,425,425,552,550,516,265,338,351,1,1,570,572,532,536,476,524,524,567,550,518,555,464,570,1
1631166,Drew Timme,Drew,1610612747,LAL,25.0,24,15,9,0.625,8.9,109.4,106.1,106.1,114.3,114.2,114.2,-4.9,-8.1,-8.1,0.132,1.9,20.4,0.05,0.096,0.074,10.8,10.8,0.65,0.649,0.15,0.158,96.77,98.35,81.96,98.35,0.084,443,34,60,1.4,2.5,0.567,426,359,121,152,480,360,467,467,374,362,362,366,429,429,263,239,195,209,400,327,356,360,44,64,388,379,544,501,501,307,433,455,438,476,74,1
1630696,Dru Smith,Dru,1610612748,MIA,28.0,70,38,32,0.543,16.3,108.7,107.1,107.1,109.6,110.3,110.3,-0.9,-3.2,-3.2,0.214,3.27,29.8,0.047,0.085,0.066,9.1,9.1,0.474,0.532,0.142,0.151,106.77,107.22,89.35,107.22,0.091,2549,135,325,1.9,4.6,0.415,88,118,428,255,357,395,442,442,148,174,174,273,325,325,118,47,48,221,456,371,215,214,474,422,413,403,31,31,31,265,278,262,380,357,422,1
1629130,Duncan Robinson,Duncan,1610612765,DET,31.0,75,56,19,0.747,27.5,118.3,120.6,120.6,109.1,109.7,109.7,9.3,10.9,10.9,0.095,3.0,16.8,0.014,0.079,0.047,5.6,5.6,0.61,0.626,0.152,0.155,102.41,101.16,84.3,101.16,0.077,4368,308,682,4.1,9.1,0.452,42,5,242,55,137,44,22,22,124,148,148,47,40,40,396,59,317,511,485,519,53,52,85,99,379,387,254,340,340,367,114,101,182,162,304,1
1641871,Duop Reath,Duop,1610612757,POR,29.0,32,16,16,0.5,8.1,102.7,103.0,103.0,110.9,109.4,109.4,-8.2,-6.4,-6.4,0.059,1.43,10.8,0.037,0.095,0.067,7.5,7.5,0.601,0.613,0.13,0.134,103.88,104.4,87.0,104.4,0.067,560,33,74,1.0,2.3,0.446,397,344,205,300,497,517,503,503,206,141,141,438,404,404,531,386,510,292,405,366,117,114,92,130,472,475,133,102,102,442,436,438,482,492,327,1
203939,Dwight Powell,Dwight,1610612742,DAL,34.0,61,18,43,0.295,14.0,109.4,109.3,109.3,112.1,110.3,110.3,-2.7,-1.0,-1.0,0.091,1.61,25.6,0.099,0.163,0.131,16.0,15.7,0.651,0.699,0.084,0.089,103.69,104.56,87.13,104.56,0.071,1865,60,93,1.0,1.5,0.645,202,317,529,447,401,364,372,372,273,175,175,314,279,279,411,322,103,71,130,87,540,540,43,24,570,570,149,92,92,411,386,421,492,535,25,1
1642928,Dylan Cardwell,Dylan,1610612758,SAC,24.0,42,12,30,0.286,20.5,108.1,108.8,108.8,112.3,111.0,111.0,-4.3,-2.2,-2.2,0.097,1.61,21.3,0.145,0.207,0.175,13.2,13.3,0.599,0.6,0.107,0.109,99.76,100.06,83.38,100.06,0.091,1789,99,166,2.4,4.0,0.596,337,391,403,453,272,417,390,390,278,202,202,346,303,303,382,322,185,14,47,28,505,505,99,181,536,538,433,421,421,262,334,367,333,397,56,1
1642844,Dylan Harper,Dylan,1610612759,SAS,20.0,67,52,15,0.776,22.6,116.0,116.5,116.5,106.3,106.9,106.9,9.7,9.7,9.7,0.247,2.67,24.9,0.032,0.106,0.07,9.3,9.3,0.554,0.575,0.211,0.218,102.06,101.53,84.61,101.53,0.114,3199,323,638,4.8,9.5,0.506,126,17,190,39,225,97,103,103,65,83,83,44,50,50,84,102,118,331,343,348,231,231,224,273,138,137,278,310,310,122,102,117,134,151,136,1
1630700,Dyson Daniels,Dyson,1610612737,ATL,23.0,75,43,32,0.573,33.2,115.5,116.6,116.6,109.8,111.0,111.0,5.7,5.6,5.6,0.227,3.26,31.5,0.069,0.128,0.099,9.7,9.6,0.531,0.542,0.157,0.16,104.29,103.23,86.02,103.23,0.104,5341,396,767,5.3,10.2,0.516,42,62,428,212,37,113,100,100,158,205,205,102,106,106,104,48,33,136,242,188,257,260,317,391,358,361,115,173,173,176,62,79,111,134,119,1
1630604,E.J. Liddell,E.J.,1610612751,BKN,25.0,23,5,18,0.217,11.0,110.8,110.6,110.6,112.9,112.2,112.2,-2.1,-1.5,-1.5,0.114,1.64,16.5,0.044,0.16,0.101,10.1,10.1,0.541,0.568,0.153,0.158,99.29,99.68,83.07,99.68,0.078,527,34,73,1.5,3.2,0.466,429,469,228,518,446,303,313,313,308,259,259,298,291,291,315,313,325,238,140,176,296,300,279,298,369,374,459,440,440,358,433,440,430,436,252,1
1642856,Egor Dëmin,Egor,1610612751,BKN,20.0,52,14,38,0.269,25.2,107.6,109.5,109.5,115.3,115.4,115.4,-7.7,-5.9,-5.9,0.199,2.01,23.5,0.015,0.116,0.063,11.7,11.7,0.537,0.561,0.182,0.185,100.08,99.16,82.63,99.16,0.081,2702,179,449,3.4,8.6,0.399,273,369,497,472,187,433,366,366,416,413,413,433,391,391,143,198,138,501,294,396,429,430,293,331,229,253,416,461,461,328,234,204,226,181,462,1
1641989,Elijah Harkless,Elijah,1610612762,UTA,26.0,26,5,21,0.192,21.0,113.4,113.5,113.5,115.3,116.0,116.0,-1.9,-2.5,-2.5,0.177,2.88,25.8,0.018,0.077,0.047,8.9,9.0,0.401,0.471,0.162,0.165,104.2,103.83,86.53,103.83,0.055,1177,54,161,2.1,6.2,0.335,421,469,268,535,264,191,210,210,415,430,430,294,314,314,172,75,99,477,494,518,201,206,533,512,331,350,122,134,134,502,395,370,365,284,528,1
1641801,Emanuel Miller,Emanuel,1610612759,SAS,25.0,5,0,5,0.0,6.6,90.2,88.9,88.9,122.6,116.9,116.9,-32.4,-28.0,-28.0,0.211,0.0,22.2,0.026,0.083,0.048,0.0,0.0,0.538,0.54,0.169,0.18,100.71,103.84,86.54,103.84,0.093,72,6,13,1.2,2.6,0.462,530,564,75,564,515,560,560,560,539,456,456,563,561,561,123,550,160,402,468,512,1,1,285,393,295,277,373,132,132,243,521,526,466,470,268,1
1642402,Enrique Freeman,Enrique,1610612750,MIN,25.0,3,2,1,0.667,3.7,92.6,92.9,92.9,92.9,88.5,88.5,-0.3,4.4,4.4,0.0,0.0,0.0,0.0,0.3,0.15,0.0,0.0,0.0,0.0,0.0,0.0,114.25,116.76,97.3,116.76,0.086,28,0,0,0.0,0.0,0.0,555,515,9,96,559,554,550,550,9,9,9,253,131,131,568,550,568,555,4,50,1,1,571,574,579,579,7,6,6,294,571,578,571,578,571,1
201569,Eric Gordon,Eric,1610612755,PHI,37.0,6,3,3,0.5,12.3,102.8,102.6,102.6,119.3,120.1,120.1,-16.5,-17.6,-17.6,0.063,1.0,10.7,0.013,0.014,0.013,10.7,10.8,0.762,0.754,0.137,0.143,102.73,102.51,85.42,102.51,0.083,156,12,21,2.0,3.5,0.571,519,494,48,300,426,513,508,508,506,513,513,540,544,544,522,488,511,517,569,572,349,361,7,12,446,439,223,224,224,318,489,505,369,413,64,1
1630679,Ethan Thompson,Ethan,1610612754,IND,26.0,29,7,22,0.241,18.9,111.2,110.3,110.3,113.6,112.5,112.5,-2.3,-2.2,-2.2,0.107,2.21,17.9,0.026,0.074,0.05,8.1,8.0,0.466,0.499,0.148,0.154,100.46,101.38,84.48,101.38,0.041,1155,59,160,2.0,5.5,0.369,406,444,281,500,308,285,326,326,336,270,270,308,302,302,344,163,281,395,508,495,155,153,487,485,393,390,392,323,323,539,389,371,368,316,507,1
1630596,Evan Mobley,Evan,1610612739,CLE,24.0,64,40,24,0.625,32.1,117.1,117.3,117.3,110.9,111.2,111.2,6.2,6.1,6.1,0.168,1.97,17.6,0.073,0.196,0.135,8.9,8.9,0.584,0.598,0.221,0.226,102.12,101.86,84.88,101.86,0.136,4344,464,847,7.3,13.2,0.548,165,95,316,152,48,72,85,85,204,216,216,89,92,92,189,223,294,122,62,75,199,200,123,187,116,115,277,284,284,56,41,59,40,70,85,1
1630532,Franz Wagner,Franz,1610612753,ORL,24.0,32,19,13,0.594,30.3,113.8,114.6,114.6,110.3,111.2,111.2,3.5,3.4,3.4,0.175,2.0,15.0,0.041,0.132,0.086,7.5,7.5,0.526,0.587,0.253,0.26,105.13,104.35,86.96,104.35,0.134,2109,229,476,7.2,14.9,0.481,397,309,168,187,82,172,157,157,173,215,215,154,158,158,174,201,375,259,235,255,114,119,336,228,55,57,67,106,106,59,174,189,42,48,199,1
1641713,GG Jackson,GG,1610612763,MEM,21.0,55,16,39,0.291,21.4,113.4,114.0,114.0,116.8,117.5,117.5,-3.4,-3.5,-3.5,0.103,0.95,10.9,0.04,0.154,0.097,11.4,11.4,0.558,0.591,0.23,0.236,103.43,102.85,85.7,102.85,0.108,2525,255,514,4.6,9.3,0.496,246,344,505,449,254,194,183,183,461,471,471,334,330,330,363,505,507,271,154,198,414,415,208,212,92,90,169,201,201,159,149,167,142,157,164,1
1629216,Gabe Vincent,Gabe,1610612737,ATL,29.0,52,35,17,0.673,16.6,117.9,117.5,117.5,116.4,116.5,116.5,1.5,0.9,0.9,0.111,2.92,23.5,0.019,0.042,0.03,8.0,8.0,0.488,0.511,0.119,0.123,101.84,101.96,84.97,101.96,0.034,1843,75,213,1.4,4.1,0.352,273,152,219,93,348,55,79,79,451,444,444,195,222,222,330,73,140,461,562,564,149,148,445,470,509,507,303,277,277,545,366,335,433,389,517,2
202066,Garrett Temple,Garrett,1610612761,TOR,39.0,21,9,12,0.429,3.3,95.5,89.1,89.1,95.5,93.8,93.8,0.0,-4.7,-4.7,0.205,1.14,24.2,0.017,0.1,0.062,21.2,21.2,0.286,0.39,0.156,0.17,98.11,102.48,85.4,102.48,0.03,147,3,14,0.1,0.7,0.214,437,422,156,367,569,548,559,559,13,13,13,243,368,368,133,463,127,489,372,412,565,564,555,552,361,323,507,226,226,550,542,524,568,567,559,1
1629726,Garrison Mathews,Garrison,1610612754,IND,29.0,15,4,11,0.267,13.1,108.6,107.3,107.3,109.8,108.0,108.0,-1.2,-0.7,-0.7,0.069,3.33,13.5,0.01,0.076,0.042,4.1,4.0,0.567,0.628,0.134,0.141,102.43,103.91,86.59,103.91,0.072,425,21,52,1.4,3.5,0.404,461,482,149,476,411,399,430,430,156,102,102,278,271,271,504,43,423,539,500,540,37,34,179,96,460,450,253,128,128,408,466,467,440,416,454,1
203914,Gary Harris,Gary,1610612749,MIL,31.0,48,15,33,0.313,13.8,106.1,105.9,105.9,116.6,115.5,115.5,-10.6,-9.6,-9.6,0.105,2.68,28.8,0.025,0.072,0.048,10.7,10.7,0.577,0.593,0.082,0.086,98.34,98.9,82.42,98.9,0.048,1361,46,104,1.0,2.2,0.442,300,359,439,441,404,475,471,471,458,417,417,486,461,461,359,98,58,409,516,506,352,347,143,205,571,571,500,478,478,523,408,408,495,502,337,1
1627780,Gary Payton II,Gary,1610612744,GSW,33.0,70,33,37,0.471,15.7,113.6,111.3,111.3,113.5,113.6,113.6,0.1,-2.4,-2.4,0.169,2.03,20.3,0.084,0.145,0.114,10.0,10.0,0.622,0.625,0.178,0.187,101.88,102.88,85.74,102.88,0.113,2335,232,403,3.3,5.8,0.576,88,166,487,344,371,179,287,287,332,330,330,238,308,308,187,194,198,91,185,126,285,285,69,101,256,239,293,199,199,127,172,222,233,302,63,1
1629018,Gary Trent Jr.,Gary,1610612749,MIL,27.0,65,24,41,0.369,21.2,107.1,107.9,107.9,119.3,120.4,120.4,-12.2,-12.4,-12.4,0.082,1.93,12.9,0.006,0.044,0.024,6.7,6.7,0.517,0.533,0.167,0.173,100.35,99.53,82.94,99.53,0.047,2859,183,473,2.8,7.3,0.387,151,246,515,400,258,450,414,414,504,517,517,511,514,514,449,232,439,554,561,568,75,74,373,417,311,308,401,447,447,527,229,192,288,233,487,1
203507,Giannis Antetokounmpo,Giannis,1610612749,MIL,31.0,36,17,19,0.472,28.9,118.8,119.4,119.4,114.1,114.9,114.9,4.6,4.4,4.4,0.344,1.7,18.4,0.098,0.233,0.168,10.8,10.8,0.636,0.658,0.358,0.367,100.51,99.9,83.25,99.9,0.213,2163,373,598,10.4,16.6,0.624,375,326,242,342,112,36,39,39,365,385,385,124,127,127,21,296,260,75,28,34,363,363,56,57,3,3,388,428,428,3,78,130,4,28,38,1
1629048,Goga Bitadze,Goga,1610612753,ORL,26.0,62,33,29,0.532,15.1,112.5,112.5,112.5,111.0,111.0,111.0,1.5,1.5,1.5,0.127,1.98,21.8,0.129,0.178,0.153,11.1,11.0,0.671,0.692,0.128,0.133,102.28,102.26,85.22,102.26,0.119,1993,144,216,2.3,3.5,0.667,184,166,382,270,380,231,250,250,211,207,207,200,203,203,276,222,168,30,98,46,390,387,29,27,483,484,263,249,249,101,272,333,338,415,14,1
1641711,Gradey Dick,Gradey,1610612761,TOR,22.0,73,41,32,0.562,14.3,111.1,110.9,110.9,106.0,106.3,106.3,5.1,4.6,4.6,0.065,1.19,9.9,0.039,0.096,0.067,8.3,8.3,0.491,0.537,0.177,0.183,103.34,103.32,86.1,103.32,0.07,2265,157,376,2.2,5.2,0.418,63,85,428,225,394,294,306,306,60,75,75,112,122,122,514,455,530,283,391,361,166,168,441,406,267,266,172,167,167,419,260,234,359,329,418,1
1641761,Grant Nelson,Grant,1610612751,BKN,24.0,4,0,4,0.0,8.8,111.2,112.7,112.7,123.7,122.5,122.5,-12.5,-9.9,-9.9,0.217,1.25,21.7,0.029,0.167,0.094,17.4,17.9,0.556,0.634,0.222,0.232,97.51,97.34,81.12,97.34,0.1,71,5,9,1.3,2.3,0.556,543,564,58,564,485,286,245,245,550,546,546,514,467,467,114,434,174,363,120,212,548,552,214,85,112,104,525,545,545,200,528,536,457,496,79,1
1629684,Grant Williams,Grant,1610612766,CHA,27.0,34,24,10,0.706,19.7,116.7,119.0,119.0,106.5,105.8,105.8,10.2,13.2,13.2,0.11,1.74,19.2,0.057,0.129,0.093,11.0,11.0,0.569,0.612,0.136,0.14,100.08,99.42,82.85,99.42,0.088,1389,74,174,2.2,5.1,0.425,389,246,137,79,292,79,48,48,71,69,69,39,22,22,336,279,234,174,241,221,386,381,175,137,452,453,418,451,451,278,368,362,357,336,389,1
1628960,Grayson Allen,Grayson,1610612756,PHX,30.0,50,26,24,0.52,29.1,113.4,113.7,113.7,113.3,113.8,113.8,0.1,-0.1,-0.1,0.207,2.4,19.3,0.023,0.079,0.05,8.1,8.0,0.524,0.569,0.23,0.239,99.59,99.28,82.74,99.28,0.104,3016,267,660,5.3,13.2,0.405,291,222,316,285,107,190,201,201,326,334,334,241,249,249,131,129,229,426,486,493,153,154,347,297,88,86,445,456,456,177,143,104,107,72,451,1
1627824,Guerschon Yabusele,Guerschon,1610612741,CHI,30.0,66,31,35,0.47,15.0,107.3,107.1,107.1,115.8,115.6,115.6,-8.5,-8.5,-8.5,0.084,1.5,13.7,0.052,0.168,0.109,9.1,9.1,0.51,0.542,0.155,0.16,103.66,103.83,86.53,103.83,0.076,2147,123,308,1.9,4.7,0.399,141,183,467,345,382,442,439,439,431,420,420,448,438,438,438,364,415,199,117,147,216,216,394,390,365,362,151,133,133,374,300,272,389,356,460,2
1630611,Gui Santos,Gui,1610612744,GSW,23.0,66,29,37,0.439,20.5,111.5,111.5,111.5,112.0,110.7,110.7,-0.5,0.7,0.7,0.164,1.5,20.3,0.051,0.139,0.094,13.6,13.5,0.591,0.616,0.181,0.188,100.26,100.85,84.04,100.85,0.097,2843,224,444,3.4,6.7,0.505,141,197,487,363,274,278,284,284,266,195,195,261,228,228,198,374,201,205,204,214,511,509,117,120,238,233,409,361,361,219,184,206,227,253,142,1
203084,Harrison Barnes,Harrison,1610612759,SAS,33.0,75,56,19,0.747,25.8,116.9,118.0,118.0,109.7,110.2,110.2,7.2,7.8,7.8,0.098,2.39,17.9,0.031,0.072,0.051,7.5,7.5,0.574,0.606,0.143,0.146,102.49,101.75,84.79,101.75,0.074,4098,251,555,3.3,7.4,0.452,42,5,242,55,174,77,68,68,150,170,170,67,60,60,378,130,283,344,518,483,112,115,153,158,408,426,246,293,293,392,156,150,230,225,302,1
1631127,Harrison Ingram,Harrison,1610612759,SAS,23.0,6,5,1,0.833,3.4,101.7,102.1,102.1,121.2,113.0,113.0,-19.5,-10.9,-10.9,0.063,1.0,12.5,0.167,0.0,0.097,12.5,12.5,0.917,0.917,0.127,0.129,105.59,108.97,90.81,108.97,0.118,47,5,6,0.8,1.0,0.833,519,469,9,15,565,526,513,513,528,297,297,546,486,486,522,488,446,4,570,197,473,473,2,2,485,493,55,22,22,104,528,545,503,553,2,1
1629312,Haywood Highsmith,Haywood,1610612756,PHX,29.0,6,3,3,0.5,13.4,116.3,116.6,116.6,110.6,115.1,115.1,5.7,1.4,1.4,0.146,0.0,23.3,0.069,0.096,0.081,0.0,0.0,0.7,0.729,0.123,0.126,94.29,92.33,76.94,92.33,0.116,157,10,20,1.7,3.3,0.5,519,494,48,300,407,90,102,102,192,391,391,100,204,204,233,550,142,137,400,276,1,1,17,15,496,501,568,578,578,112,500,506,409,425,148,1
1630529,Herbert Jones,Herbert,1610612740,NOP,27.0,56,22,34,0.393,28.4,112.4,113.5,113.5,113.6,114.4,114.4,-1.2,-0.9,-0.9,0.13,2.12,21.1,0.029,0.09,0.059,9.9,10.0,0.467,0.491,0.153,0.155,101.88,101.08,84.24,101.08,0.053,3337,183,478,3.3,8.5,0.383,235,268,456,392,121,233,211,211,340,368,368,279,275,275,269,171,186,367,433,428,282,283,485,493,375,388,295,347,347,510,229,187,240,183,494,1
1642864,Hugo González,Hugo,1610612738,BOS,20.0,73,50,23,0.685,14.5,117.2,117.5,117.5,106.2,105.7,105.7,11.0,11.7,11.7,0.047,1.03,11.9,0.056,0.159,0.108,11.6,11.6,0.556,0.557,0.114,0.119,97.41,97.52,81.26,97.52,0.067,2143,113,239,1.5,3.3,0.473,63,29,296,87,391,66,81,81,61,67,67,32,32,32,548,483,472,181,142,150,425,424,213,346,523,519,528,541,541,446,314,318,419,430,228,1
1630621,Hunter Dickinson,Hunter,1610612740,NOP,25.0,3,1,2,0.333,5.6,81.4,80.5,80.5,147.8,152.5,152.5,-66.3,-72.0,-72.0,0.0,0.0,0.0,0.0,0.053,0.026,33.3,33.8,0.2,0.34,0.209,0.214,116.36,115.22,96.02,115.22,-0.059,41,1,5,0.3,1.7,0.2,555,545,32,421,533,568,568,568,574,576,576,577,576,576,568,550,568,555,552,566,574,576,564,561,141,144,4,10,10,572,556,554,555,530,560,1
1642282,Hunter Sallis,Hunter,1610612755,PHI,23.0,7,3,4,0.429,3.7,89.0,89.5,89.5,115.4,112.3,112.3,-26.3,-22.8,-22.8,0.235,0.8,26.7,0.0,0.034,0.017,33.3,33.6,0.6,0.595,0.169,0.175,105.41,106.57,88.81,106.57,0.024,57,3,5,0.4,0.7,0.6,511,494,58,367,560,561,558,558,417,263,263,558,554,554,96,525,80,555,565,571,574,575,94,194,292,299,63,42,42,558,542,554,547,565,47,1
1641816,Hunter Tyson,Hunter,1610612743,DEN,25.0,21,15,6,0.714,7.7,101.0,100.0,100.0,107.3,107.5,107.5,-6.3,-7.5,-7.5,0.17,3.4,21.5,0.024,0.174,0.102,6.3,6.3,0.337,0.398,0.166,0.176,98.22,98.58,82.15,98.58,0.065,333,14,52,0.7,2.5,0.269,437,359,84,71,502,530,522,522,85,91,91,401,423,423,185,40,179,415,106,168,68,67,546,549,314,294,504,492,492,454,483,467,527,481,551,1
1630193,Immanuel Quickley,Immanuel,1610612761,TOR,26.0,68,39,29,0.574,32.2,113.6,114.6,114.6,111.3,112.0,112.0,2.3,2.5,2.5,0.26,4.02,27.4,0.017,0.108,0.062,6.8,6.8,0.543,0.579,0.207,0.212,100.92,100.14,83.45,100.14,0.118,4564,395,889,5.8,13.1,0.444,114,106,382,209,45,181,156,156,222,252,252,177,175,175,78,19,73,490,331,402,79,79,271,258,150,150,364,415,415,103,63,50,85,75,332,1
1642403,Isaac Jones,Isaac,1610612765,DET,25.0,6,4,2,0.667,4.4,79.5,79.6,79.6,114.5,117.0,117.0,-35.0,-37.4,-37.4,0.067,0.0,12.5,0.069,0.107,0.088,0.0,0.0,0.5,0.509,0.115,0.118,99.4,98.27,81.89,98.27,0.056,54,3,6,0.5,1.0,0.5,519,482,32,96,548,570,569,569,384,460,460,565,567,567,511,550,446,137,338,246,1,1,415,473,518,521,454,505,505,496,542,545,538,553,148,2
1630171,Isaac Okoro,Isaac,1610612741,CHI,25.0,63,26,37,0.413,26.9,111.2,112.1,112.1,118.3,120.6,120.6,-7.1,-8.5,-8.5,0.079,2.17,15.3,0.04,0.058,0.049,7.0,7.0,0.539,0.574,0.137,0.139,104.58,103.21,86.01,103.21,0.05,3634,211,459,3.3,7.3,0.46,176,222,487,379,152,284,265,265,495,522,522,424,440,440,460,168,367,270,547,502,88,90,282,275,449,458,96,176,176,517,200,201,229,232,277,1
1642268,Isaiah Collier,Isaiah,1610612762,UTA,21.0,59,16,43,0.271,25.7,109.2,109.4,109.4,122.7,122.6,122.6,-13.4,-13.2,-13.2,0.404,2.86,35.8,0.013,0.085,0.048,12.5,12.6,0.521,0.567,0.204,0.208,104.32,104.25,86.87,104.25,0.102,3291,255,515,4.3,8.7,0.495,214,344,529,469,176,372,370,370,542,548,548,527,524,524,10,79,20,519,460,510,481,476,359,312,154,159,111,111,111,193,149,166,162,176,167,1
1642384,Isaiah Crawford,Isaiah,1610612745,HOU,24.0,13,7,6,0.538,5.9,95.8,98.1,98.1,101.5,100.0,100.0,-5.7,-1.9,-1.9,0.073,1.33,14.8,0.022,0.1,0.058,11.1,11.2,0.389,0.43,0.124,0.128,96.77,96.31,80.26,96.31,0.057,154,6,18,0.5,1.4,0.333,471,444,84,258,528,547,531,531,24,22,22,384,299,299,484,410,381,435,372,433,391,399,538,536,493,495,545,564,564,494,521,513,546,541,529,1
1628392,Isaiah Hartenstein,Isaiah,1610612760,OKC,27.0,47,39,8,0.83,24.2,118.0,118.8,118.8,102.7,103.2,103.2,15.3,15.6,15.6,0.189,2.02,28.2,0.13,0.243,0.188,13.9,13.9,0.622,0.631,0.153,0.157,101.3,100.69,83.91,100.69,0.143,2383,184,296,3.9,6.3,0.622,312,106,110,20,200,53,50,50,31,46,46,17,18,18,156,197,68,28,20,14,515,517,68,88,368,381,334,377,377,39,227,280,191,281,39,1
1630543,Isaiah Jackson,Isaiah,1610612746,LAC,24.0,55,20,35,0.364,16.5,112.4,111.8,111.8,114.3,114.7,114.7,-1.9,-2.9,-2.9,0.083,0.9,13.2,0.12,0.19,0.155,14.8,14.8,0.637,0.653,0.152,0.159,101.95,102.07,85.06,102.07,0.104,1934,151,237,2.7,4.3,0.637,246,296,467,406,353,235,272,272,371,376,376,292,319,319,443,514,428,36,74,44,530,529,55,59,377,369,288,265,265,179,265,320,298,379,30,2
1630198,Isaiah Joe,Isaiah,1610612760,OKC,26.0,71,56,15,0.789,21.2,116.0,116.9,116.9,105.4,105.2,105.2,10.6,11.7,11.7,0.089,2.09,12.9,0.022,0.09,0.057,6.2,6.1,0.622,0.657,0.178,0.185,101.66,101.43,84.53,101.43,0.099,3178,247,543,3.5,7.6,0.455,80,5,190,35,257,94,96,96,52,57,57,35,33,33,421,176,438,438,436,441,65,64,70,58,258,257,314,319,319,207,159,156,222,216,293,1
1630587,Isaiah Livers,Isaiah,1610612756,PHX,27.0,36,21,15,0.583,9.6,110.9,109.4,109.4,108.1,108.3,108.3,2.8,1.1,1.1,0.078,1.75,20.6,0.05,0.116,0.083,11.8,11.7,0.438,0.469,0.094,0.098,101.03,101.64,84.7,101.64,0.05,737,22,64,0.6,1.8,0.344,375,281,190,194,471,298,371,371,106,112,112,166,219,219,462,273,190,207,296,271,436,437,511,513,558,558,354,302,302,518,461,450,532,524,522,1
1641815,Isaiah Stevens,Isaiah,1610612758,SAC,25.0,3,0,3,0.0,14.3,117.2,110.2,110.2,125.6,123.3,123.3,-8.4,-13.0,-13.0,0.357,5.0,47.6,0.043,0.032,0.038,9.5,9.6,0.429,0.571,0.107,0.112,93.77,97.61,81.34,97.61,0.093,88,3,7,1.0,2.3,0.429,555,564,48,564,396,68,327,327,556,550,550,447,520,520,16,9,1,246,566,549,248,259,518,291,535,531,573,535,535,245,542,540,485,487,379,1
1630191,Isaiah Stewart,Isaiah,1610612765,DET,24.0,56,40,16,0.714,22.9,111.6,112.5,112.5,109.6,110.6,110.6,2.0,1.9,1.9,0.075,1.02,11.5,0.068,0.136,0.103,11.3,11.3,0.595,0.629,0.163,0.168,101.87,101.01,84.17,101.01,0.095,2697,212,389,3.8,6.9,0.545,235,95,205,71,221,272,251,251,146,188,188,180,195,195,476,486,484,142,217,165,407,408,109,94,324,327,296,351,351,232,197,224,197,245,89,1
1627826,Ivica Zubac,Ivica,1610612754,IND,29.0,48,17,31,0.354,30.1,113.0,115.6,115.6,115.9,117.9,117.9,-2.9,-2.4,-2.4,0.11,1.22,14.3,0.117,0.234,0.178,11.7,11.7,0.598,0.622,0.186,0.189,99.48,97.51,81.26,97.51,0.13,2949,288,482,6.0,10.0,0.598,300,326,417,410,87,205,127,127,436,482,482,323,307,307,335,446,395,38,26,26,433,432,104,110,210,222,451,542,542,66,128,185,79,139,55,2
1631120,JD Davison,JD,1610612745,HOU,23.0,27,22,5,0.815,7.1,108.6,106.9,106.9,109.4,109.4,109.4,-0.8,-2.4,-2.4,0.204,4.0,29.2,0.01,0.107,0.06,7.3,7.3,0.473,0.494,0.149,0.157,96.01,96.77,80.64,96.77,0.077,389,22,55,0.8,2.0,0.4,415,268,75,23,510,401,448,448,138,139,139,269,310,310,134,20,55,535,341,419,102,101,477,491,390,382,556,556,556,369,461,464,507,511,459,1
1629630,Ja Morant,Ja,1610612763,MEM,26.0,20,7,13,0.35,28.4,108.1,109.5,109.5,113.2,113.9,113.9,-5.1,-4.4,-4.4,0.447,2.27,26.6,0.013,0.096,0.053,11.7,11.7,0.441,0.521,0.305,0.315,107.62,106.6,88.83,106.6,0.128,1265,132,322,6.6,16.1,0.41,447,444,168,412,120,416,367,367,322,343,343,371,354,354,4,152,82,524,396,475,430,435,509,451,17,16,24,41,41,73,286,265,59,30,440,1
1642266,Ja'Kobe Walter,Ja'Kobe,1610612761,TOR,21.0,69,39,30,0.565,20.2,110.2,110.9,110.9,109.4,110.4,110.4,0.8,0.5,0.5,0.08,2.34,15.2,0.038,0.089,0.063,6.5,6.5,0.573,0.602,0.136,0.141,101.84,101.09,84.24,101.09,0.068,2929,170,385,2.5,5.6,0.442,101,106,403,221,278,323,305,305,136,178,178,218,231,231,457,140,369,288,441,398,71,71,158,174,450,451,301,346,346,434,245,228,319,314,341,1
1631095,Jabari Smith Jr.,Jabari,1610612745,HOU,22.0,75,47,28,0.627,35.1,115.0,116.9,116.9,110.7,111.9,111.9,4.2,5.0,5.0,0.074,1.4,11.1,0.04,0.153,0.096,7.9,7.9,0.541,0.57,0.178,0.182,98.93,97.6,81.34,97.6,0.094,5348,426,948,5.7,12.6,0.449,42,39,369,150,10,135,94,94,197,246,246,140,114,114,479,393,502,274,162,202,141,141,278,294,252,269,472,536,536,239,52,46,91,83,317,1
1631133,Jabari Walker,Jabari,1610612755,PHI,23.0,62,35,27,0.565,12.1,112.1,113.0,113.0,111.5,111.9,111.9,0.6,1.2,1.2,0.06,1.22,11.0,0.087,0.157,0.121,9.0,9.1,0.521,0.561,0.141,0.146,103.0,102.43,85.36,102.43,0.072,1602,94,210,1.5,3.4,0.448,184,152,357,222,432,251,230,230,241,245,245,224,216,216,530,441,504,88,147,106,210,212,357,333,421,425,201,233,233,410,342,339,422,423,324,1
1631210,Jacob Toppin,Jacob,1610612737,ATL,25.0,5,3,2,0.6,3.4,115.3,102.7,102.7,72.9,71.4,71.4,42.4,31.3,31.3,0.091,0.0,14.3,0.0,0.067,0.033,0.0,0.0,0.667,0.667,0.14,0.158,95.68,102.45,85.38,102.45,0.181,37,4,6,0.8,1.2,0.667,530,494,32,176,566,120,506,506,2,2,2,2,3,3,412,550,396,555,533,559,1,1,32,46,435,373,558,230,230,9,532,545,508,548,14,1
1630702,Jaden Hardy,Jaden,1610612764,WAS,23.0,56,13,43,0.232,15.7,112.2,112.0,112.0,116.9,116.2,116.2,-4.6,-4.1,-4.1,0.092,0.89,9.6,0.017,0.078,0.048,10.8,10.8,0.546,0.568,0.24,0.248,103.05,103.45,86.21,103.45,0.068,1902,180,423,3.2,7.6,0.426,235,381,529,506,370,245,266,266,463,436,436,356,347,347,405,516,535,486,490,513,364,365,260,303,77,76,196,160,160,438,232,216,243,222,387,2
1631093,Jaden Ivey,Jaden,1610612741,CHI,24.0,37,23,14,0.622,18.1,108.7,110.3,110.3,107.5,108.2,108.2,1.3,2.1,2.1,0.145,1.66,17.6,0.034,0.096,0.065,10.6,10.6,0.543,0.571,0.192,0.197,103.09,101.98,84.98,101.98,0.091,1422,114,256,3.1,6.9,0.445,372,260,178,159,321,393,325,325,90,108,108,207,190,190,235,307,292,309,392,382,338,341,268,289,191,197,192,275,275,259,312,306,259,247,328,2
1630183,Jaden McDaniels,Jaden,1610612750,MIN,25.0,72,43,29,0.597,31.7,114.8,115.3,115.3,110.5,112.1,112.1,4.3,3.2,3.2,0.122,1.5,16.5,0.033,0.093,0.064,11.0,11.0,0.583,0.616,0.182,0.186,103.01,102.05,85.04,102.05,0.088,4836,409,790,5.7,11.0,0.518,70,62,382,185,53,137,136,136,187,257,257,134,163,163,293,363,326,322,420,386,382,380,128,121,232,249,200,266,266,280,58,72,90,120,115,1
1630256,Jae'Sean Tate,Jae'Sean,1610612745,HOU,30.0,44,32,12,0.727,8.4,108.3,105.7,105.7,109.3,110.2,110.2,-1.0,-4.5,-4.5,0.097,1.77,16.7,0.074,0.087,0.08,9.4,9.4,0.546,0.557,0.128,0.136,97.19,97.89,81.57,97.89,0.063,751,49,98,1.1,2.2,0.5,326,174,156,59,493,409,473,473,128,172,172,275,357,357,381,269,320,117,448,283,235,235,262,348,480,467,536,521,521,465,404,414,477,498,148,1
1642942,Jahmai Mashack,Jahmai,1610612763,MEM,23.0,29,10,19,0.345,20.2,109.4,109.6,109.6,118.3,120.3,120.3,-9.0,-10.6,-10.6,0.103,1.22,16.7,0.035,0.075,0.054,13.6,13.6,0.444,0.456,0.153,0.158,103.59,102.62,85.52,102.62,0.036,1255,67,170,2.3,5.9,0.394,406,407,242,416,277,367,355,355,496,515,515,461,477,477,365,441,320,297,505,466,512,513,506,520,372,377,154,214,214,543,377,365,339,297,475,1
1642443,Jahmir Young,Jahmir,1610612748,MIA,25.0,11,8,3,0.727,4.6,109.0,108.7,108.7,124.5,120.2,120.2,-15.5,-11.5,-11.5,0.146,2.0,19.4,0.031,0.037,0.034,9.7,9.4,0.409,0.437,0.182,0.196,108.27,110.34,91.95,110.34,0.029,115,8,22,0.7,2.0,0.364,483,434,48,59,545,383,394,394,552,514,514,536,497,497,231,201,227,338,564,556,260,237,530,532,227,199,19,19,19,552,511,503,522,512,511,1
1643141,Jahmyl Telfort,Jahmyl,1610612746,LAC,24.0,8,2,6,0.25,4.0,102.3,94.0,94.0,104.4,102.9,102.9,-2.1,-8.9,-8.9,0.05,1.0,12.5,0.0,0.088,0.047,12.5,12.9,0.0,0.087,0.093,0.097,96.35,101.14,84.29,101.14,-0.064,67,0,4,0.0,0.5,0.0,506,515,84,486,554,522,548,548,46,41,41,299,448,448,544,488,446,555,444,522,473,495,571,573,563,561,551,343,343,573,571,562,571,572,571,1
1631170,Jaime Jaquez Jr.,Jaime,1610612748,MIA,25.0,72,39,33,0.542,28.3,113.5,113.9,113.9,110.3,111.1,111.1,3.2,2.8,2.8,0.239,2.29,23.2,0.042,0.119,0.081,10.1,10.1,0.527,0.561,0.215,0.223,106.26,105.67,88.06,105.67,0.112,4485,436,875,6.1,12.2,0.498,70,106,439,257,124,185,187,187,177,211,211,159,169,169,91,145,147,249,284,279,298,296,332,328,126,122,37,56,56,135,47,52,75,91,161,1
1631222,Jake LaRavia,Jake,1610612747,LAL,24.0,79,50,29,0.633,25.0,115.6,115.6,115.6,115.9,116.9,116.9,-0.4,-1.3,-1.3,0.092,1.65,17.1,0.06,0.101,0.081,10.4,10.4,0.525,0.565,0.14,0.144,101.28,100.82,84.01,100.82,0.065,4148,232,512,2.9,6.5,0.453,12,29,382,143,188,111,123,123,437,459,459,258,284,284,403,309,307,163,367,277,322,325,341,317,431,436,337,365,365,451,172,169,281,271,297,1
1627751,Jakob Poeltl,Jakob,1610612761,TOR,30.0,43,24,19,0.558,25.4,113.8,114.3,114.3,111.9,112.6,112.6,1.9,1.7,1.7,0.111,1.75,18.6,0.104,0.19,0.147,10.6,10.6,0.695,0.696,0.149,0.153,101.26,100.75,83.95,100.75,0.117,2295,207,298,4.8,6.9,0.695,332,246,242,231,182,170,165,165,260,272,272,182,198,198,326,278,254,58,73,55,342,343,20,25,389,393,341,372,372,107,206,277,135,246,11,1
1628973,Jalen Brunson,Jalen,1610612752,NYK,29.0,72,48,24,0.667,35.0,118.4,120.1,120.1,112.7,114.0,114.0,5.7,6.1,6.1,0.307,2.87,21.7,0.012,0.084,0.048,7.6,7.5,0.53,0.578,0.296,0.303,99.7,98.42,82.02,98.42,0.135,5182,667,1438,9.3,20.0,0.464,70,36,316,96,11,41,29,29,298,354,354,101,94,94,43,77,175,527,465,511,120,118,320,263,19,19,438,498,498,57,6,4,10,6,259,1
1631105,Jalen Duren,Jalen,1610612765,DET,22.0,69,49,20,0.71,28.3,117.7,120.1,120.1,107.0,108.2,108.2,10.7,11.9,11.9,0.102,1.05,10.8,0.132,0.23,0.182,10.3,10.3,0.649,0.687,0.23,0.234,102.41,100.78,83.98,100.78,0.177,4098,514,792,7.4,11.5,0.649,101,34,257,77,123,58,30,30,79,110,110,34,29,29,368,479,508,27,29,20,318,317,46,33,89,100,255,370,370,10,26,71,32,105,24,1
1630224,Jalen Green,Jalen,1610612756,PHX,24.0,32,17,15,0.531,25.9,112.2,114.2,114.2,112.4,113.5,113.5,-0.2,0.7,0.7,0.181,1.26,12.7,0.017,0.122,0.067,10.1,10.1,0.491,0.516,0.309,0.315,100.93,99.56,82.96,99.56,0.106,1727,216,512,6.8,16.0,0.422,397,326,190,272,170,247,169,169,287,324,324,251,227,227,164,433,442,480,272,369,294,302,439,461,13,15,362,445,445,168,193,169,57,34,400,1
1630552,Jalen Johnson,Jalen,1610612737,ATL,24.0,71,41,30,0.577,35.3,114.0,115.4,115.4,111.0,112.6,112.6,3.0,2.8,2.8,0.328,2.36,25.9,0.038,0.241,0.14,11.0,10.9,0.537,0.58,0.264,0.269,104.93,103.57,86.31,103.57,0.161,5414,594,1216,8.4,17.1,0.488,80,85,403,205,7,165,133,133,212,275,275,163,170,170,33,136,98,286,22,67,380,378,291,252,42,47,73,155,155,15,12,12,22,23,180,1
1629618,Jalen Pickett,Jalen,1610612743,DEN,26.0,48,32,16,0.667,15.6,110.8,110.8,110.8,113.1,113.3,113.3,-2.3,-2.5,-2.5,0.209,3.5,30.1,0.024,0.109,0.068,8.6,8.6,0.536,0.55,0.144,0.148,97.52,97.44,81.2,97.44,0.085,1522,89,208,1.9,4.3,0.428,300,174,205,96,374,302,307,307,319,310,310,307,313,313,125,34,46,414,330,358,180,183,296,364,406,415,523,543,543,303,346,340,391,378,382,1
1641771,Jalen Slawson,Jalen,1610612754,IND,26.0,10,2,8,0.2,24.0,112.7,112.2,112.2,112.1,112.8,112.8,0.6,-0.6,-0.6,0.143,2.0,23.5,0.021,0.148,0.087,11.8,11.8,0.574,0.6,0.139,0.142,100.44,100.4,83.67,100.4,0.091,501,28,61,2.8,6.1,0.459,490,515,110,525,205,217,261,261,272,280,280,223,262,262,238,201,139,440,173,247,436,440,154,179,441,446,394,397,397,261,452,454,292,288,279,1
1630188,Jalen Smith,Jalen,1610612741,CHI,26.0,53,26,27,0.491,20.7,116.9,116.4,116.4,112.8,113.0,113.0,4.2,3.4,3.4,0.081,1.23,11.6,0.085,0.218,0.152,9.4,9.4,0.584,0.608,0.183,0.19,103.67,103.79,86.49,103.79,0.109,2371,195,404,3.7,7.6,0.483,268,222,357,325,270,75,104,104,302,295,295,142,156,156,451,437,479,89,40,48,238,238,124,152,221,219,150,138,138,154,215,221,203,219,196,1
1630591,Jalen Suggs,Jalen,1610612753,ORL,24.0,55,33,22,0.6,27.6,112.3,113.7,113.7,107.7,109.0,109.0,4.7,4.7,4.7,0.287,2.09,27.2,0.023,0.113,0.068,13.0,13.0,0.524,0.558,0.22,0.225,105.69,104.44,87.03,104.44,0.11,3300,270,621,4.9,11.3,0.435,246,166,281,176,136,242,200,200,95,132,132,123,119,119,51,175,75,421,313,357,501,498,349,343,117,117,49,97,97,145,141,123,131,111,361,1
1631114,Jalen Williams,Jalen,1610612760,OKC,24.0,33,25,8,0.758,28.4,118.3,118.1,118.1,105.8,106.4,106.4,12.6,11.7,11.7,0.274,2.87,24.3,0.029,0.124,0.079,8.5,8.4,0.51,0.56,0.252,0.259,102.8,102.62,85.52,102.62,0.135,1999,216,446,6.5,13.5,0.484,393,237,110,48,122,43,67,67,56,77,77,21,34,34,62,76,126,364,260,287,174,174,392,337,60,58,215,215,215,58,193,205,62,64,188,1
1630592,Jalen Wilson,Jalen,1610612751,BKN,25.0,51,10,41,0.196,14.9,105.5,104.7,104.7,114.4,113.8,113.8,-8.9,-9.1,-9.1,0.085,1.23,10.6,0.016,0.114,0.062,8.7,8.7,0.496,0.541,0.178,0.184,97.87,98.44,82.03,98.44,0.061,1560,98,249,1.9,4.9,0.394,283,407,515,531,383,486,485,485,377,339,339,460,450,450,437,438,513,494,303,401,185,189,431,392,259,259,514,497,497,473,336,314,383,345,476,1
1631288,Jamal Cain,Jamal,1610612753,ORL,27.0,38,21,17,0.553,11.7,116.9,118.4,118.4,115.2,113.9,113.9,1.7,4.5,4.5,0.086,1.59,13.2,0.049,0.108,0.077,8.3,8.4,0.557,0.607,0.161,0.166,100.45,100.37,83.64,100.37,0.075,930,65,140,1.7,3.7,0.464,364,281,219,238,436,76,62,62,411,346,346,191,126,126,431,331,426,210,332,298,169,171,210,154,334,345,393,399,399,384,381,385,403,407,257,1
1627750,Jamal Murray,Jamal,1610612743,DEN,29.0,75,48,27,0.64,35.4,123.0,124.4,124.4,117.4,117.7,117.7,5.6,6.8,6.8,0.298,3.13,24.2,0.013,0.109,0.063,7.7,7.6,0.573,0.622,0.269,0.278,100.56,99.84,83.2,99.84,0.142,5541,657,1360,8.8,18.1,0.483,42,36,357,138,6,13,5,5,474,476,476,103,79,79,44,52,130,523,328,394,129,122,156,108,36,34,384,431,431,40,8,6,16,16,194,1
1642347,Jamal Shead,Jamal,1610612761,TOR,23.0,79,44,35,0.557,22.6,113.4,113.8,113.8,107.9,108.1,108.1,5.4,5.7,5.7,0.311,4.03,40.3,0.014,0.065,0.039,10.0,10.0,0.448,0.491,0.149,0.154,100.8,100.53,83.77,100.53,0.079,3738,177,485,2.2,6.1,0.365,12,56,467,234,228,195,193,193,102,104,104,109,103,103,40,18,8,508,540,547,286,292,498,494,391,391,368,390,390,347,236,183,350,287,510,1
1631123,Jamaree Bouyea,Jamaree,1610612756,PHX,26.0,44,22,22,0.5,13.1,106.1,106.6,106.6,105.7,105.2,105.2,0.4,1.3,1.3,0.18,3.18,22.5,0.027,0.102,0.063,7.1,7.1,0.51,0.528,0.176,0.181,96.94,96.92,80.77,96.92,0.104,1169,95,206,2.2,4.7,0.461,326,268,281,300,410,473,454,454,55,59,59,230,206,206,168,50,155,389,362,392,89,91,396,432,271,271,540,553,553,182,339,341,358,354,272,1
201935,James Harden,James,1610612739,CLE,36.0,69,40,29,0.58,35.0,117.3,119.3,119.3,115.5,116.8,116.8,1.8,2.5,2.5,0.346,2.3,26.2,0.018,0.12,0.071,11.4,11.3,0.529,0.61,0.278,0.286,99.59,98.2,81.83,98.2,0.143,4942,481,1110,7.0,16.1,0.433,101,95,382,202,12,64,41,41,426,453,453,186,176,176,19,144,89,479,276,342,415,406,327,142,30,29,444,508,508,37,37,24,50,31,368,2
1630164,James Wiseman,James,1610612754,IND,25.0,4,0,4,0.0,14.6,92.9,92.9,92.9,101.6,102.4,102.4,-8.8,-9.5,-9.5,0.075,0.6,15.8,0.074,0.049,0.062,26.3,26.5,0.6,0.597,0.114,0.116,103.47,103.04,85.87,103.04,0.01,127,6,10,1.5,2.5,0.6,543,564,58,564,389,553,549,549,26,34,34,457,458,458,474,535,346,118,556,407,572,572,94,190,520,525,163,190,190,565,521,532,427,476,47,1
1642364,Jamir Watkins,Jamir,1610612764,WAS,24.0,47,10,37,0.213,20.0,109.4,109.6,109.6,115.2,115.0,115.0,-5.8,-5.4,-5.4,0.088,1.67,15.5,0.048,0.14,0.093,9.3,9.3,0.534,0.561,0.143,0.148,103.06,103.04,85.87,103.04,0.069,2007,120,262,2.6,5.6,0.458,312,407,487,521,285,362,357,357,413,389,389,386,381,381,423,304,355,220,198,217,230,230,300,332,409,413,195,191,191,427,306,299,314,315,281,1
1642419,Jamison Battle,Jamison,1610612761,TOR,24.0,58,33,25,0.569,8.7,115.6,114.0,114.0,106.6,105.5,105.5,9.0,8.5,8.5,0.061,1.21,12.3,0.039,0.128,0.085,10.2,10.1,0.635,0.639,0.134,0.141,100.76,102.05,85.04,102.05,0.079,1074,72,141,1.2,2.4,0.511,221,166,331,216,487,107,185,185,74,64,64,51,57,57,528,447,458,281,247,257,306,301,57,75,458,449,370,269,269,348,370,383,460,485,130,1
1641716,Jarace Walker,Jarace,1610612754,IND,22.0,74,15,59,0.203,25.6,106.6,106.5,106.5,117.5,118.2,118.2,-10.9,-11.7,-11.7,0.14,1.35,16.5,0.023,0.171,0.095,12.3,12.3,0.511,0.545,0.199,0.204,104.63,104.4,87.0,104.4,0.09,4127,296,705,4.0,9.5,0.42,55,359,577,524,178,458,457,457,477,486,486,498,505,505,242,408,324,427,109,205,460,461,390,381,168,174,92,101,101,271,120,94,185,150,409,1
1642272,Jared McCain,Jared,1610612760,OKC,22.0,65,46,19,0.708,17.1,114.0,114.2,114.2,108.0,108.0,108.0,6.0,6.2,6.2,0.111,1.59,13.8,0.019,0.093,0.056,8.7,8.7,0.531,0.555,0.197,0.204,102.77,102.73,85.61,102.73,0.079,2380,194,456,3.0,7.0,0.425,151,46,242,78,341,164,174,174,104,101,101,92,89,89,331,326,410,458,419,447,184,188,315,351,174,175,219,212,212,342,216,202,271,241,388,2
1628991,Jaren Jackson Jr.,Jaren,1610612762,UTA,26.0,48,19,29,0.396,30.3,107.6,108.7,108.7,109.7,110.8,110.8,-2.1,-2.0,-2.0,0.105,0.88,9.4,0.027,0.14,0.085,10.6,10.6,0.534,0.576,0.253,0.261,104.62,103.6,86.33,103.6,0.107,3140,342,719,7.1,15.0,0.476,300,309,382,389,83,432,392,392,151,198,198,302,300,300,358,518,537,393,196,261,341,335,302,270,57,56,93,152,152,161,88,89,44,45,214,2
1629020,Jarred Vanderbilt,Jarred,1610612747,LAL,27.0,62,36,26,0.581,17.2,115.2,114.1,114.1,114.8,115.2,115.2,0.4,-1.2,-1.2,0.094,1.49,20.1,0.075,0.192,0.133,13.5,13.5,0.538,0.551,0.118,0.122,100.04,100.33,83.61,100.33,0.079,2233,107,226,1.7,3.6,0.473,184,136,342,201,335,126,177,177,400,400,400,229,281,281,398,375,208,111,70,81,509,510,288,360,510,509,420,403,403,349,323,327,402,409,224,1
1628386,Jarrett Allen,Jarrett,1610612739,CLE,27.0,56,37,19,0.661,27.1,118.8,119.3,119.3,111.6,112.9,112.9,7.2,6.4,6.4,0.092,1.33,12.1,0.097,0.202,0.152,9.1,9.2,0.639,0.669,0.196,0.198,103.37,102.56,85.47,102.56,0.143,3248,337,528,6.0,9.4,0.638,235,125,242,119,146,35,40,40,247,287,287,72,85,85,404,410,462,76,54,47,213,222,53,44,180,196,170,222,222,36,90,160,77,153,29,1
1642859,Jase Richardson,Jase,1610612753,ORL,20.0,53,25,28,0.472,11.0,110.5,111.9,111.9,115.0,112.8,112.8,-4.5,-0.9,-0.9,0.146,2.32,20.4,0.034,0.075,0.053,8.8,8.7,0.541,0.568,0.16,0.165,100.59,100.92,84.1,100.92,0.071,1218,85,183,1.6,3.5,0.464,268,237,369,343,448,318,268,268,408,283,283,351,276,276,232,143,197,307,506,470,192,191,280,300,345,349,381,358,358,413,350,356,412,419,256,1
1642914,Javon Small,Javon,1610612763,MEM,23.0,40,13,27,0.325,20.1,112.0,112.4,112.4,115.9,116.9,116.9,-3.8,-4.5,-4.5,0.262,2.78,29.6,0.041,0.111,0.074,10.7,10.6,0.58,0.621,0.178,0.185,104.86,104.26,86.88,104.26,0.11,1744,127,269,3.2,6.7,0.472,355,381,357,432,282,255,255,255,434,455,455,337,356,356,74,85,49,266,322,318,346,339,136,111,257,255,78,110,110,147,296,294,248,254,233,1
1631451,Javonte Cooke,Javonte,1610612757,POR,26.0,19,6,13,0.316,4.9,76.1,74.3,74.3,104.2,102.9,102.9,-28.1,-28.6,-28.6,0.127,0.78,12.1,0.033,0.163,0.089,15.5,15.5,0.256,0.275,0.205,0.219,105.41,107.36,89.47,107.36,0.019,210,9,41,0.5,2.2,0.22,451,457,168,439,541,572,572,572,43,40,40,560,563,563,273,526,465,323,129,239,538,538,557,569,152,131,62,30,30,562,505,476,545,503,558,1
1629750,Javonte Green,Javonte,1610612765,DET,32.0,80,58,22,0.725,17.7,112.3,112.9,112.9,104.2,105.4,105.4,8.0,7.5,7.5,0.052,1.22,9.8,0.042,0.112,0.077,8.0,8.0,0.555,0.601,0.144,0.149,103.76,102.86,85.71,102.86,0.094,3032,182,410,2.3,5.1,0.444,1,4,281,63,325,244,238,238,44,63,63,55,66,66,541,441,533,255,316,299,146,146,218,175,403,411,144,200,200,237,231,219,345,334,334,1
1629637,Jaxson Hayes,Jaxson,1610612747,LAL,25.0,66,43,23,0.652,18.3,115.6,115.5,115.5,112.6,113.1,113.1,3.0,2.4,2.4,0.071,1.9,14.1,0.083,0.139,0.111,7.4,7.4,0.761,0.758,0.124,0.129,100.71,100.49,83.74,100.49,0.109,2530,198,262,3.0,4.0,0.756,141,62,296,128,318,110,128,128,292,299,299,161,178,178,492,238,399,93,202,135,109,110,8,9,492,494,374,391,391,153,211,299,264,396,5,1
1630643,Jay Huff,Jay,1610612754,IND,28.0,79,18,61,0.228,20.8,107.2,107.2,107.2,113.4,113.8,113.8,-6.2,-6.7,-6.7,0.102,1.59,13.9,0.04,0.133,0.087,8.8,8.7,0.571,0.594,0.179,0.184,103.12,102.97,85.81,102.97,0.091,3521,278,588,3.5,7.4,0.473,12,317,578,513,267,446,437,437,330,340,340,399,411,411,369,327,404,269,230,248,189,190,170,199,246,260,190,195,195,267,136,132,218,224,229,1
1627759,Jaylen Brown,Jaylen,1610612738,BOS,29.0,70,46,24,0.657,34.5,116.5,119.2,119.2,111.4,113.1,113.1,5.1,6.1,6.1,0.254,1.44,15.3,0.032,0.156,0.095,10.6,10.6,0.521,0.572,0.351,0.358,99.51,97.64,81.37,97.64,0.153,4910,728,1530,10.4,21.9,0.476,88,46,316,121,16,86,45,45,231,300,300,113,93,93,81,384,366,326,149,204,340,334,361,287,4,5,446,533,533,23,2,1,3,2,213,1
1641740,Jaylen Clark,Jaylen,1610612750,MIN,24.0,66,38,28,0.576,12.8,114.7,113.3,113.3,108.5,108.3,108.3,6.2,5.0,5.0,0.063,1.9,13.0,0.058,0.069,0.063,6.8,6.8,0.507,0.535,0.126,0.134,102.64,103.31,86.09,103.31,0.055,1816,95,218,1.4,3.3,0.436,141,118,369,207,419,139,219,219,113,113,113,87,116,116,521,237,433,171,529,388,80,80,403,408,490,479,231,168,168,503,339,332,434,428,356,1
1642377,Jaylen Wells,Jaylen,1610612763,MEM,22.0,69,24,45,0.348,26.4,111.6,113.4,113.4,117.1,117.8,117.8,-5.6,-4.4,-4.4,0.085,1.5,11.6,0.031,0.086,0.058,7.8,7.7,0.524,0.559,0.189,0.194,103.3,102.14,85.11,102.14,0.069,3870,301,698,4.4,10.1,0.431,101,246,540,414,159,277,213,213,471,480,480,379,351,351,434,364,478,336,452,437,131,130,352,339,205,213,176,260,260,426,117,95,160,137,376,1
1631119,Jaylin Williams,Jaylin,1610612760,OKC,23.0,65,54,11,0.831,19.7,114.5,114.6,114.6,103.0,103.1,103.1,11.5,11.5,11.5,0.169,2.36,25.6,0.025,0.225,0.131,10.9,10.9,0.563,0.597,0.153,0.158,102.26,102.17,85.14,102.17,0.115,2715,149,352,2.3,5.4,0.423,151,11,149,19,294,144,154,154,33,44,44,28,35,35,186,137,104,404,32,84,368,367,193,189,371,378,266,257,257,118,268,252,343,320,396,1
1642281,Jaylon Tyson,Jaylon,1610612739,CLE,23.0,64,40,24,0.625,27.0,116.3,117.5,117.5,112.0,113.5,113.5,4.3,4.0,4.0,0.113,1.5,15.4,0.065,0.117,0.091,10.3,10.2,0.598,0.614,0.185,0.189,102.52,101.35,84.46,101.35,0.092,3637,317,639,5.0,10.0,0.496,165,95,316,152,148,93,80,80,265,319,319,137,140,140,319,364,362,150,290,226,312,313,103,128,213,228,242,327,327,255,110,115,127,141,165,1
1643257,Jayson Kent,Jayson,1610612757,POR,24.0,3,2,1,0.667,6.5,100.7,95.0,95.0,89.1,87.8,87.8,11.6,7.2,7.2,0.0,0.0,0.0,0.0,0.25,0.121,0.0,0.0,0.75,0.776,0.13,0.151,96.56,100.12,83.43,100.12,0.253,40,4,6,1.3,2.0,0.667,555,515,9,96,520,531,544,544,6,8,8,27,71,71,568,550,568,555,14,104,1,1,9,6,469,402,549,417,417,2,532,545,447,512,14,1
1628369,Jayson Tatum,Jayson,1610612738,BOS,28.0,15,13,2,0.867,32.1,119.7,120.9,120.9,107.2,108.1,108.1,12.5,12.8,12.8,0.238,2.33,19.1,0.014,0.266,0.145,8.2,8.1,0.504,0.548,0.284,0.294,99.74,98.87,82.39,98.87,0.163,996,111,265,7.4,17.7,0.419,461,381,32,10,46,23,21,21,84,105,105,22,23,23,92,141,239,506,10,56,159,157,406,369,26,25,435,479,479,13,315,298,34,17,411,1
201145,Jeff Green,Jeff,1610612745,HOU,39.0,29,21,8,0.724,5.2,103.3,103.3,103.3,116.2,115.6,115.6,-12.9,-12.3,-12.3,0.071,7.0,10.1,0.031,0.097,0.063,1.4,1.4,0.483,0.497,0.17,0.179,96.6,96.87,80.73,96.87,0.068,306,23,60,0.8,2.1,0.383,406,281,110,64,537,508,500,500,440,419,419,520,512,512,488,2,527,347,385,391,28,28,454,488,291,281,546,554,554,436,458,455,510,509,493,1
203924,Jerami Grant,Jerami,1610612757,POR,32.0,57,27,30,0.474,29.7,114.1,114.9,114.9,114.4,115.2,115.2,-0.2,-0.3,-0.3,0.107,1.03,11.0,0.03,0.082,0.055,10.8,10.7,0.547,0.608,0.228,0.235,104.76,104.02,86.69,104.02,0.094,3676,331,730,5.8,12.8,0.453,228,219,403,338,93,162,145,145,375,399,399,252,256,256,343,484,503,354,475,457,357,349,259,151,93,94,84,124,124,235,99,87,86,80,296,1
1642847,Jeremiah Fears,Jeremiah,1610612740,NOP,19.0,80,26,54,0.325,25.3,110.8,111.7,111.7,117.0,117.6,117.6,-6.3,-5.9,-5.9,0.195,1.53,18.0,0.026,0.11,0.067,11.8,11.8,0.486,0.524,0.243,0.248,103.45,102.74,85.62,102.74,0.091,4338,412,949,5.2,11.9,0.434,1,222,571,432,184,308,273,273,468,475,475,403,390,390,147,356,280,401,325,365,435,438,449,445,73,75,166,210,210,257,54,44,120,96,366,1
1630526,Jeremiah Robinson-Earl,Jeremiah,1610612742,DAL,25.0,22,8,14,0.364,16.4,109.4,109.3,109.3,120.1,119.5,119.5,-10.7,-10.2,-10.2,0.057,1.25,11.2,0.088,0.183,0.133,9.0,8.9,0.42,0.468,0.129,0.135,104.5,104.82,87.35,104.82,0.069,785,37,100,1.7,4.5,0.37,432,434,178,406,356,363,376,376,518,503,503,490,475,475,536,434,496,85,86,80,203,201,524,514,474,469,100,80,80,429,428,409,405,362,506,2
1631110,Jeremy Sochan,Jeremy,1610612752,NYK,22.0,42,29,13,0.69,10.5,109.1,107.9,107.9,110.7,111.0,111.0,-1.7,-3.0,-3.0,0.113,1.67,18.8,0.071,0.152,0.111,11.3,11.3,0.538,0.559,0.139,0.145,101.47,101.86,84.89,101.86,0.077,932,60,120,1.4,2.9,0.5,337,197,168,83,456,380,413,413,195,204,204,289,323,323,318,304,248,124,163,140,404,405,289,341,436,432,328,283,283,363,386,397,435,457,148,2
1630579,Jericho Sims,Jericho,1610612749,MIL,27.0,65,24,41,0.369,19.3,110.4,110.6,110.6,119.5,120.1,120.1,-9.1,-9.5,-9.5,0.107,1.36,26.4,0.113,0.173,0.143,19.4,19.4,0.779,0.768,0.094,0.097,97.92,97.59,81.33,97.59,0.081,2552,134,172,2.1,2.6,0.779,151,246,515,400,302,320,314,314,507,512,512,462,456,456,353,403,85,47,107,61,558,559,5,8,560,562,513,537,537,329,280,363,367,467,3,1
1641724,Jett Howard,Jett,1610612753,ORL,22.0,55,28,27,0.509,12.6,112.1,112.6,112.6,119.0,118.1,118.1,-6.9,-5.5,-5.5,0.095,3.0,13.7,0.03,0.096,0.06,4.6,4.6,0.526,0.561,0.166,0.171,100.43,100.55,83.79,100.55,0.07,1461,105,251,1.9,4.6,0.418,246,209,357,295,420,254,249,249,501,485,485,419,384,384,394,59,413,356,403,420,43,43,337,329,315,312,396,386,386,423,326,310,384,360,416,1
1628975,Jevon Carter,Jevon,1610612753,ORL,30.0,51,25,26,0.49,16.3,109.4,109.8,109.8,115.7,115.5,115.5,-6.3,-5.6,-5.6,0.152,2.5,19.9,0.015,0.084,0.048,8.0,8.0,0.525,0.535,0.169,0.174,101.75,101.61,84.68,101.61,0.074,1768,119,299,2.3,5.9,0.398,283,237,342,326,358,365,347,347,429,415,415,405,385,385,225,119,214,500,463,505,143,144,342,411,296,303,307,303,303,391,309,275,336,295,464,2
202710,Jimmy Butler III,Jimmy,1610612744,GSW,36.0,38,23,15,0.605,31.1,116.0,116.6,116.6,109.3,109.2,109.2,6.7,7.3,7.3,0.24,3.08,22.3,0.073,0.101,0.087,7.2,7.2,0.554,0.646,0.226,0.234,101.93,101.73,84.78,101.73,0.155,2505,240,462,6.3,12.2,0.519,364,260,190,172,67,96,101,101,133,136,136,76,67,67,90,55,159,120,369,249,95,95,223,66,99,95,291,295,295,20,164,197,66,89,112,1
1642866,Joan Beringer,Joan,1610612750,MIN,19.0,38,20,18,0.526,6.8,118.5,116.2,116.2,112.6,112.6,112.6,5.9,3.6,3.6,0.048,0.82,8.1,0.145,0.134,0.139,9.9,9.9,0.63,0.644,0.156,0.164,104.61,105.64,88.03,105.64,0.091,569,51,81,1.3,2.1,0.63,364,296,228,280,512,40,111,111,295,276,276,96,151,151,547,524,547,15,225,70,281,276,62,69,362,353,94,57,57,256,402,434,446,505,33,1
1629111,Jock Landale,Jock,1610612737,ATL,30.0,68,36,32,0.529,22.1,112.8,114.6,114.6,116.2,116.8,116.8,-3.4,-2.2,-2.2,0.11,1.92,14.7,0.111,0.136,0.123,7.7,7.7,0.582,0.595,0.177,0.181,102.88,101.83,84.86,101.83,0.098,3202,282,548,4.1,8.1,0.515,114,136,428,274,239,213,158,158,445,452,452,333,304,304,332,234,386,48,216,100,121,128,130,196,265,273,211,286,286,214,133,154,178,194,124,2
204060,Joe Ingles,Joe,1610612750,MIN,38.0,26,12,14,0.462,4.6,113.0,110.1,110.1,115.3,115.3,115.3,-2.3,-5.2,-5.2,0.224,2.18,45.3,0.0,0.104,0.055,20.8,20.8,0.706,0.727,0.091,0.095,110.78,112.31,93.59,112.31,0.081,288,10,17,0.4,0.7,0.588,421,391,178,352,544,203,333,333,414,404,404,305,377,377,109,167,2,555,352,459,561,561,16,16,566,566,12,13,13,332,500,516,551,568,58,1
203954,Joel Embiid,Joel,1610612755,PHI,32.0,38,24,14,0.632,31.6,118.7,119.1,119.1,111.5,113.2,113.2,7.2,5.8,5.8,0.209,1.38,13.6,0.063,0.169,0.118,9.9,9.9,0.527,0.605,0.336,0.343,101.61,100.69,83.91,100.69,0.163,2522,341,697,9.0,18.3,0.489,364,246,178,145,55,37,47,47,236,306,306,69,99,99,126,397,421,157,115,114,275,279,333,164,6,6,319,378,378,12,89,97,14,15,177,1
1628381,John Collins,John,1610612746,LAC,28.0,67,31,36,0.463,27.4,113.0,114.5,114.5,113.3,115.2,115.2,-0.3,-0.7,-0.7,0.059,0.76,8.1,0.061,0.133,0.098,10.6,10.5,0.622,0.645,0.187,0.191,99.5,97.96,81.64,97.96,0.098,3753,356,644,5.3,9.6,0.553,126,183,477,351,139,206,159,159,324,401,401,255,267,267,534,527,548,159,231,191,339,332,67,67,208,217,447,518,518,215,84,113,108,146,82,1
1629723,John Konchar,John,1610612762,UTA,30.0,54,17,37,0.315,19.5,106.5,105.9,105.9,112.5,113.3,113.3,-6.0,-7.4,-7.4,0.131,3.42,31.0,0.059,0.138,0.097,9.1,9.1,0.543,0.567,0.089,0.092,104.84,104.75,87.29,104.75,0.088,2294,88,187,1.6,3.5,0.471,260,326,487,440,299,462,469,469,288,309,309,389,421,421,264,38,36,166,211,196,211,211,270,311,568,569,79,82,82,283,347,355,411,418,238,2
1642967,John Poulakidas,John,1610612742,DAL,23.0,11,2,9,0.182,17.1,109.0,108.9,108.9,110.3,108.6,108.6,-1.3,0.3,0.3,0.053,2.33,9.5,0.018,0.112,0.064,4.1,4.1,0.573,0.588,0.142,0.145,106.22,107.1,89.25,107.1,0.061,418,26,62,2.4,5.6,0.419,483,515,121,537,340,384,389,389,172,121,121,282,238,238,540,141,536,466,315,387,37,38,159,226,420,431,38,33,33,474,455,453,332,310,410,1
1642910,John Tonje,John,1610612738,BOS,24.0,5,4,1,0.8,2.5,93.8,95.8,95.8,130.0,111.1,111.1,-36.2,-15.3,-15.3,0.167,0.0,25.0,0.0,0.2,0.091,0.0,0.0,0.0,0.347,0.097,0.098,92.84,99.47,82.89,99.47,0.075,24,0,2,0.0,0.4,0.0,530,482,9,26,576,552,540,540,564,209,209,566,534,534,192,550,112,555,58,229,1,1,571,560,557,559,575,449,449,386,571,572,571,575,571,1
1641780,Johni Broome,Johni,1610612755,PHI,23.0,11,5,6,0.455,5.0,88.2,88.9,88.9,107.4,102.5,102.5,-19.2,-13.6,-13.6,0.118,1.33,11.8,0.109,0.17,0.137,8.8,8.9,0.167,0.188,0.226,0.232,101.45,103.43,86.19,103.43,-0.02,117,4,24,0.4,2.2,0.167,483,469,84,355,540,563,560,560,89,36,36,545,528,528,303,410,477,51,113,74,195,203,569,570,100,105,330,163,163,570,532,501,552,501,567,1
1642277,Johnny Furphy,Johnny,1610612754,IND,21.0,35,10,25,0.286,18.4,111.8,110.1,110.1,114.6,114.8,114.8,-2.8,-4.6,-4.6,0.085,1.41,17.5,0.049,0.191,0.119,12.4,12.4,0.547,0.547,0.125,0.13,101.51,102.22,85.19,102.22,0.066,1372,70,149,2.0,4.3,0.47,384,407,331,453,317,264,331,331,393,379,379,315,366,366,435,388,295,214,72,111,468,468,257,372,491,488,325,252,252,447,372,379,369,382,241,1
1630548,Johnny Juzang,Johnny,1610612750,MIN,25.0,21,13,8,0.619,4.2,110.1,105.3,105.3,111.0,109.9,109.9,-0.8,-4.6,-4.6,0.095,1.2,11.3,0.054,0.129,0.092,9.4,9.5,0.5,0.518,0.2,0.21,108.69,111.66,93.05,111.66,0.085,206,16,38,0.8,1.8,0.421,437,381,110,162,551,332,479,479,208,156,156,270,361,361,392,451,494,190,240,225,236,248,415,459,160,153,16,14,14,300,476,479,514,520,403,1
202685,Jonas Valančiūnas,Jonas,1610612743,DEN,33.0,63,40,23,0.635,13.0,113.4,114.0,114.0,118.0,117.7,117.7,-4.6,-3.7,-3.7,0.145,1.01,12.5,0.119,0.244,0.184,12.3,12.4,0.593,0.631,0.258,0.263,97.33,97.21,81.01,97.21,0.146,1656,210,360,3.3,5.7,0.583,176,95,296,141,413,189,182,182,484,477,477,354,338,338,236,487,445,37,18,18,465,469,113,87,51,55,531,547,547,34,202,244,231,305,59,1
1628371,Jonathan Isaac,Jonathan,1610612753,ORL,28.0,52,29,23,0.558,10.0,106.4,104.7,104.7,108.3,106.1,106.1,-1.9,-1.3,-1.3,0.062,1.22,12.4,0.071,0.165,0.115,10.2,10.3,0.454,0.498,0.119,0.123,100.7,102.61,85.51,102.61,0.078,1104,46,109,0.9,2.1,0.422,273,197,296,232,466,464,486,486,108,73,73,293,287,287,524,441,454,127,126,123,307,318,495,487,505,508,375,216,216,354,408,404,500,507,399,1
1630228,Jonathan Kuminga,Jonathan,1610612737,ATL,23.0,35,21,14,0.6,23.1,111.5,112.1,112.1,107.1,108.6,108.6,4.4,3.5,3.5,0.151,1.22,15.6,0.057,0.183,0.119,12.7,12.7,0.521,0.56,0.225,0.232,103.78,102.8,85.67,102.8,0.11,1728,153,327,4.4,9.3,0.468,384,281,178,176,219,280,263,263,81,120,120,132,153,153,226,440,349,176,83,110,487,485,358,336,104,106,142,204,204,149,263,260,159,158,245,2
1642367,Jonathan Mogbo,Jonathan,1610612761,TOR,24.0,37,18,19,0.486,6.0,99.7,96.3,96.3,106.4,105.8,105.8,-6.7,-9.4,-9.4,0.156,2.0,28.2,0.078,0.187,0.131,14.1,13.9,0.561,0.573,0.1,0.109,102.63,104.73,87.28,104.73,0.099,489,23,41,0.6,1.1,0.561,372,317,242,327,526,538,538,538,70,68,68,416,454,454,215,201,69,103,80,86,520,516,200,282,548,537,232,83,83,208,458,476,531,552,77,1
203903,Jordan Clarkson,Jordan,1610612752,NYK,33.0,69,43,26,0.623,17.8,114.6,115.4,115.4,110.2,111.7,111.7,4.4,3.7,3.7,0.108,1.45,12.9,0.047,0.048,0.048,8.9,8.9,0.52,0.551,0.202,0.208,100.15,99.11,82.59,99.11,0.068,2547,228,506,3.3,7.3,0.451,101,62,342,157,323,143,130,130,170,239,239,133,146,146,342,381,437,223,558,514,200,199,365,359,156,156,411,463,463,435,178,175,235,230,312,1
1630692,Jordan Goodwin,Jordan,1610612756,PHX,27.0,70,39,31,0.557,22.5,112.8,113.4,113.4,109.4,110.1,110.1,3.4,3.3,3.3,0.136,2.22,18.9,0.08,0.134,0.105,8.5,8.5,0.514,0.525,0.167,0.173,99.85,99.3,82.75,99.3,0.098,3245,229,555,3.3,7.9,0.413,88,106,417,233,231,210,215,215,134,165,165,155,160,160,256,160,246,98,224,159,178,177,380,442,306,309,429,454,454,218,174,150,238,205,431,1
1641722,Jordan Hawkins,Jordan,1610612740,NOP,23.0,49,13,36,0.265,13.0,107.6,106.5,106.5,116.2,116.4,116.4,-8.6,-9.9,-9.9,0.08,1.2,12.1,0.026,0.086,0.057,10.1,10.0,0.464,0.482,0.166,0.174,102.84,103.26,86.05,103.26,0.053,1375,82,224,1.7,4.6,0.366,296,381,477,478,414,431,456,456,446,440,440,450,469,469,454,451,462,396,451,443,299,293,490,501,313,301,212,169,169,508,354,329,408,359,509,1
1629162,Jordan McLaughlin,Jordan,1610612759,SAS,29.0,42,36,6,0.857,6.5,101.9,99.5,99.5,112.5,111.9,111.9,-10.6,-12.4,-12.4,0.201,2.47,28.2,0.018,0.091,0.053,11.5,11.4,0.513,0.531,0.142,0.149,100.43,101.88,84.9,101.88,0.087,586,31,76,0.7,1.8,0.408,337,136,84,11,516,525,525,525,289,247,247,487,515,515,141,122,67,473,432,473,419,419,385,424,416,409,395,282,282,284,444,436,520,520,446,1
1641757,Jordan Miller,Jordan,1610612746,LAC,26.0,58,35,23,0.603,21.8,115.7,114.5,114.5,113.3,114.5,114.5,2.4,-0.1,-0.1,0.156,2.17,19.9,0.043,0.094,0.07,9.2,9.3,0.574,0.622,0.178,0.184,98.82,98.81,82.34,98.81,0.105,2600,203,384,3.5,6.6,0.529,221,152,296,175,245,105,160,160,327,371,371,175,246,246,214,170,215,244,409,344,222,228,149,109,254,262,478,483,483,172,208,229,219,260,103,1
1629673,Jordan Poole,Jordan,1610612740,NOP,26.0,38,16,22,0.421,23.8,108.2,109.9,109.9,114.3,116.1,116.1,-6.1,-6.2,-6.2,0.186,1.81,17.7,0.008,0.067,0.037,9.8,9.7,0.482,0.532,0.235,0.244,105.76,104.09,86.74,104.09,0.075,1969,162,434,4.3,11.4,0.373,364,344,281,373,208,413,345,345,368,433,433,395,399,399,158,256,287,544,535,553,268,262,460,421,83,79,46,120,120,387,254,212,169,107,503,1
1641775,Jordan Walsh,Jordan,1610612738,BOS,22.0,65,44,21,0.677,17.5,118.7,118.6,118.6,112.4,112.9,112.9,6.3,5.7,5.7,0.056,1.41,13.6,0.072,0.147,0.11,9.6,9.6,0.608,0.629,0.114,0.119,95.5,95.33,79.45,95.33,0.082,2251,130,250,2.0,3.8,0.52,151,56,268,90,329,38,56,56,286,288,288,86,104,104,538,390,419,123,179,143,256,252,87,95,521,518,559,569,569,325,292,312,369,399,109,1
1630631,Jose Alvarado,Jose,1610612752,NYK,27.0,67,27,40,0.403,19.7,112.3,112.0,112.0,110.0,110.7,110.7,2.4,1.3,1.3,0.242,3.0,30.3,0.018,0.098,0.058,10.1,10.1,0.527,0.542,0.164,0.17,100.09,99.91,83.26,99.91,0.086,2741,177,427,2.6,6.4,0.415,126,219,509,382,291,241,267,267,164,194,194,174,210,210,88,59,44,478,383,435,297,298,334,389,318,321,415,427,427,298,236,214,302,277,426,2
1630581,Josh Giddey,Josh,1610612741,CHI,23.0,54,21,33,0.389,32.1,111.2,112.1,112.1,116.1,117.1,117.1,-4.9,-5.0,-5.0,0.41,2.52,32.8,0.037,0.201,0.121,13.0,13.0,0.52,0.562,0.238,0.243,105.31,104.46,87.05,104.46,0.142,3768,321,717,5.9,13.3,0.448,260,281,439,395,49,290,262,262,439,462,462,365,370,370,8,117,29,291,56,105,500,501,366,324,78,81,66,95,95,41,105,91,80,69,323,1
1630182,Josh Green,Josh,1610612766,CHA,25.0,56,36,20,0.643,15.8,116.6,118.5,118.5,106.8,106.0,106.0,9.8,12.5,12.5,0.07,1.34,17.3,0.049,0.06,0.055,12.9,12.8,0.617,0.643,0.105,0.109,98.67,98.25,81.87,98.25,0.059,1804,82,179,1.5,3.2,0.458,235,136,257,134,369,82,57,57,75,72,72,41,26,26,496,409,303,211,544,465,495,492,75,71,538,540,487,507,507,481,354,359,432,435,280,1
1628404,Josh Hart,Josh,1610612752,NYK,31.0,64,42,22,0.656,30.1,116.3,117.8,117.8,111.4,112.6,112.6,4.9,5.2,5.2,0.215,2.54,29.5,0.048,0.204,0.125,11.6,11.6,0.589,0.608,0.162,0.166,100.41,99.28,82.73,99.28,0.119,3984,291,575,4.5,9.0,0.506,165,75,281,122,86,91,72,72,233,273,273,118,109,109,117,115,52,219,51,97,426,423,118,150,329,337,398,457,457,102,125,141,146,166,137,1
1631169,Josh Minott,Josh,1610612751,BKN,23.0,49,23,26,0.469,17.0,111.6,111.7,111.7,111.3,111.7,111.7,0.3,-0.1,-0.1,0.083,1.07,12.6,0.055,0.128,0.091,11.8,11.7,0.627,0.653,0.162,0.169,99.18,98.94,82.45,98.94,0.104,1708,126,252,2.6,5.1,0.5,296,260,342,347,343,276,279,279,228,238,238,234,247,247,444,476,444,185,244,228,441,431,63,61,330,325,463,475,475,186,298,309,312,331,148,2
1642490,Josh Oduro,Josh,1610612740,NOP,25.0,1,1,0,1.0,26.5,122.1,123.9,123.9,125.5,121.7,121.7,-3.4,2.1,2.1,0.033,1.0,11.1,0.074,0.103,0.089,11.1,10.1,0.571,0.571,0.108,0.118,122.31,123.32,102.77,123.32,0.03,67,4,7,4.0,7.0,0.571,577,545,1,1,157,16,8,8,555,536,536,332,189,189,559,488,498,114,357,237,391,306,165,288,533,520,3,3,3,549,532,540,185,242,64,1
1629006,Josh Okogie,Josh,1610612745,HOU,27.0,75,47,28,0.627,17.1,115.3,114.8,114.8,109.5,110.0,110.0,5.8,4.8,4.8,0.064,1.62,15.4,0.056,0.084,0.07,9.5,9.5,0.542,0.553,0.112,0.116,97.97,97.96,81.63,97.96,0.056,2583,120,277,1.6,3.7,0.433,42,39,369,150,339,123,147,147,140,158,158,98,118,118,518,320,364,180,464,346,247,251,276,355,527,524,511,519,519,495,306,289,413,406,369,1
201950,Jrue Holiday,Jrue,1610612757,POR,35.0,51,26,25,0.51,29.3,113.7,114.7,114.7,109.2,108.8,108.8,4.5,5.9,5.9,0.308,2.27,26.8,0.04,0.11,0.074,11.8,11.8,0.551,0.573,0.228,0.234,103.87,103.64,86.37,103.64,0.126,3226,310,685,6.1,13.4,0.453,283,222,331,294,103,173,150,150,127,126,126,127,98,98,42,153,79,268,326,320,443,439,241,280,95,102,134,148,148,80,112,99,74,66,299,1
1630577,Julian Champagnie,Julian,1610612759,SAS,24.0,80,61,19,0.763,27.7,119.7,120.3,120.3,107.3,107.6,107.6,12.4,12.7,12.7,0.071,1.84,13.7,0.032,0.162,0.099,7.5,7.4,0.578,0.608,0.146,0.152,102.98,102.56,85.47,102.56,0.092,4727,293,674,3.7,8.4,0.435,1,1,242,43,133,24,24,24,86,93,93,23,24,24,487,250,412,335,134,186,111,105,140,153,399,396,206,223,223,253,123,102,208,188,364,1
1641763,Julian Phillips,Julian,1610612750,MIN,22.0,47,18,29,0.383,8.5,109.0,107.3,107.3,111.6,110.0,110.0,-2.6,-2.8,-2.8,0.031,0.9,6.7,0.054,0.058,0.056,7.4,7.4,0.5,0.532,0.128,0.133,103.87,105.51,87.92,105.51,0.047,882,45,109,1.0,2.3,0.413,312,317,382,398,491,381,432,432,246,160,160,312,317,317,561,512,559,189,548,448,106,107,415,420,482,481,135,62,62,528,412,404,496,491,430,2
1642882,Julian Reese,Julian,1610612764,WAS,22.0,10,1,9,0.1,30.7,109.5,110.6,110.6,122.9,122.1,122.1,-13.4,-11.5,-11.5,0.091,0.74,13.4,0.14,0.241,0.189,18.1,18.2,0.552,0.561,0.171,0.175,102.19,102.03,85.02,102.03,0.094,651,48,87,4.8,8.7,0.552,490,545,121,559,74,353,316,316,543,539,539,526,498,498,409,528,424,23,21,13,553,553,238,327,284,297,271,272,272,238,405,427,136,177,83,1
1631124,Julian Strawther,Julian,1610612743,DEN,23.0,55,36,19,0.655,14.4,114.2,114.1,114.1,115.2,113.4,113.4,-1.0,0.7,0.7,0.1,1.72,13.9,0.016,0.111,0.065,8.1,8.0,0.555,0.588,0.182,0.188,100.9,101.73,84.77,101.73,0.079,1678,132,283,2.4,5.1,0.466,246,136,242,125,392,158,175,175,409,315,315,276,225,225,373,289,406,498,321,377,152,152,219,227,230,232,365,296,296,346,286,287,328,330,249,1
203944,Julius Randle,Julius,1610612750,MIN,31.0,79,47,32,0.595,33.0,116.7,117.0,117.0,112.1,113.1,113.1,4.6,4.0,4.0,0.227,1.83,19.6,0.05,0.146,0.099,10.7,10.6,0.526,0.585,0.258,0.266,102.92,102.3,85.25,102.3,0.128,5568,580,1207,7.3,15.3,0.481,12,39,428,186,41,81,91,91,269,298,298,126,142,142,103,252,223,206,183,184,345,342,339,234,50,52,210,245,245,74,14,13,37,43,202,1
1630551,Justin Champagnie,Justin,1610612764,WAS,24.0,67,13,54,0.194,19.8,109.5,109.8,109.8,119.5,119.7,119.7,-10.1,-9.9,-9.9,0.084,1.88,13.1,0.098,0.171,0.133,7.0,7.0,0.564,0.595,0.158,0.163,103.73,103.51,86.26,103.51,0.107,2857,222,437,3.3,6.5,0.508,126,381,571,534,290,359,349,349,508,507,507,477,468,468,441,243,431,74,110,79,84,86,188,198,352,357,147,157,157,166,189,210,234,268,134,1
1642348,Justin Edwards,Justin,1610612755,PHI,22.0,61,35,26,0.574,15.2,112.4,111.6,111.6,117.4,116.9,116.9,-5.1,-5.3,-5.3,0.117,2.26,18.1,0.025,0.072,0.048,8.0,8.0,0.554,0.576,0.153,0.16,103.32,103.92,86.6,103.92,0.067,2002,134,298,2.2,4.9,0.45,202,152,342,208,379,238,281,281,475,457,457,370,378,378,307,154,275,408,514,508,144,145,228,269,373,365,174,126,126,444,280,277,355,344,316,1
203994,Jusuf Nurkić,Jusuf,1610612762,UTA,31.0,41,14,27,0.341,26.4,107.9,109.5,109.5,116.5,117.4,117.4,-8.6,-7.9,-7.9,0.261,1.94,27.8,0.089,0.279,0.182,14.3,14.3,0.538,0.548,0.186,0.189,106.46,105.32,87.77,105.32,0.121,2377,180,358,4.4,8.7,0.503,348,369,357,419,158,423,368,368,456,469,469,452,427,427,75,230,70,81,8,19,526,525,287,370,212,223,36,68,68,92,232,247,158,175,146,1
1642354,KJ Simpson,KJ,1610612743,DEN,23.0,19,9,10,0.474,13.2,108.4,110.4,110.4,113.7,111.5,111.5,-5.3,-1.1,-1.1,0.251,1.72,24.7,0.031,0.111,0.07,14.4,14.4,0.398,0.42,0.214,0.221,99.79,99.84,83.2,99.84,0.063,521,33,98,1.7,5.2,0.337,451,422,137,338,408,407,322,322,344,225,225,376,280,280,83,287,120,339,319,347,527,526,536,537,128,127,431,432,432,467,436,414,401,328,526,2
1642955,Kadary Richmond,Kadary,1610612764,WAS,24.0,3,2,1,0.667,22.3,112.5,110.6,110.6,106.0,106.6,106.6,6.5,4.0,4.0,0.138,4.0,29.6,0.016,0.136,0.077,7.4,7.3,0.688,0.722,0.114,0.121,108.24,108.86,90.72,108.86,0.129,151,10,16,3.3,5.3,0.625,555,515,9,96,234,227,317,317,59,81,81,81,139,139,248,20,51,499,215,301,106,102,21,19,519,515,21,24,24,69,500,518,231,324,36,1
1642880,Kam Jones,Kam,1610612754,IND,24.0,34,5,29,0.147,16.3,106.4,105.6,105.6,116.9,116.4,116.4,-10.5,-10.8,-10.8,0.26,3.42,36.4,0.02,0.073,0.046,10.7,10.7,0.487,0.489,0.139,0.143,103.98,104.64,87.2,104.64,0.064,1203,63,150,1.9,4.4,0.42,389,469,382,547,361,465,476,476,465,438,438,484,483,483,77,38,17,454,511,525,344,345,447,495,438,441,130,86,86,460,383,378,392,373,406,1
1626157,Karl-Anthony Towns,Karl-Anthony,1610612752,NYK,30.0,73,47,26,0.644,31.0,118.0,118.7,118.7,111.4,111.8,111.8,6.6,6.9,6.9,0.14,1.17,13.8,0.101,0.282,0.192,11.7,11.6,0.554,0.617,0.251,0.259,100.22,99.71,83.09,99.71,0.153,4715,503,1008,6.9,13.8,0.499,63,39,342,133,72,54,53,53,232,243,243,78,75,75,243,459,411,65,7,10,431,428,225,118,62,60,410,439,439,22,29,38,53,58,160,1
1631255,Karlo Matković,Karlo,1610612740,NOP,25.0,62,24,38,0.387,14.7,108.2,107.2,107.2,110.4,111.6,111.6,-2.1,-4.4,-4.4,0.079,1.47,14.8,0.074,0.155,0.115,10.1,10.1,0.685,0.696,0.128,0.133,102.51,102.42,85.35,102.42,0.108,1942,142,235,2.3,3.8,0.604,184,246,497,397,387,410,433,433,178,228,228,301,352,352,458,376,379,116,151,125,295,299,22,26,479,483,245,234,234,158,273,322,344,400,44,1
1642857,Kasparas Jakučionis,Kasparas,1610612748,MIA,19.0,50,26,24,0.52,17.7,114.1,114.3,114.3,111.8,112.0,112.0,2.4,2.3,2.3,0.181,2.72,30.0,0.039,0.096,0.066,11.0,11.0,0.553,0.6,0.13,0.135,107.42,107.19,89.32,107.19,0.072,1983,95,227,1.9,4.5,0.419,291,222,316,285,326,161,163,163,252,253,253,176,183,183,163,92,47,280,397,370,384,383,230,180,473,472,25,32,32,406,339,326,385,363,414,1
202695,Kawhi Leonard,Kawhi,1610612746,LAC,34.0,64,37,27,0.578,32.0,119.0,120.3,120.3,110.4,112.5,112.5,8.6,7.8,7.8,0.193,1.73,13.0,0.035,0.162,0.101,7.5,7.4,0.574,0.63,0.326,0.334,99.14,97.63,81.36,97.63,0.186,4173,625,1238,9.8,19.3,0.505,165,125,357,203,50,31,23,23,181,271,271,53,61,61,152,284,436,296,133,172,113,109,152,91,8,8,464,534,534,8,10,10,8,8,140,1
1630811,Keaton Wallace,Keaton,1610612737,ATL,27.0,51,30,21,0.588,9.7,104.6,102.5,102.5,109.4,108.4,108.4,-4.8,-6.0,-6.0,0.262,3.44,31.4,0.006,0.096,0.051,9.1,9.1,0.538,0.545,0.159,0.168,100.7,102.2,85.17,102.2,0.084,1055,66,157,1.3,3.1,0.42,283,192,268,189,470,500,511,511,137,116,116,361,394,394,73,36,34,553,395,491,217,219,286,378,347,331,376,254,254,310,379,373,454,444,405,1
1631099,Keegan Murray,Keegan,1610612758,SAC,25.0,23,5,18,0.217,34.5,106.2,107.6,107.6,115.0,118.4,118.4,-8.8,-10.7,-10.7,0.07,1.41,9.8,0.039,0.122,0.079,7.0,7.0,0.472,0.499,0.182,0.187,102.4,100.29,83.57,100.29,0.078,1663,126,300,5.5,13.0,0.42,429,469,228,518,17,472,423,423,407,488,488,458,480,480,497,392,532,284,271,288,86,88,480,484,228,237,257,406,406,360,298,273,101,77,406,1
1642276,Kel'el Ware,Kel'el,1610612748,MIA,21.0,74,37,37,0.5,22.2,112.2,113.1,113.1,112.6,113.8,113.8,-0.3,-0.7,-0.7,0.044,0.85,6.6,0.115,0.247,0.181,7.7,7.7,0.595,0.611,0.174,0.178,106.54,105.57,87.97,105.57,0.136,3599,330,626,4.5,8.5,0.527,55,125,487,300,236,246,229,229,293,335,335,256,270,270,553,522,560,44,17,21,128,129,110,138,274,284,33,60,60,55,100,120,154,185,104,1
1629640,Keldon Johnson,Keldon,1610612759,SAS,26.0,80,61,19,0.763,23.3,115.2,115.7,115.7,108.0,108.1,108.1,7.2,7.6,7.6,0.085,1.57,10.5,0.067,0.143,0.105,6.7,6.7,0.583,0.613,0.2,0.205,102.58,102.27,85.23,102.27,0.117,3975,402,772,5.0,9.7,0.521,1,1,242,43,214,128,122,122,103,107,107,68,64,64,436,343,521,146,186,156,74,77,129,131,162,168,240,248,248,106,59,78,122,144,108,1
203482,Kelly Olynyk,Kelly,1610612759,SAS,34.0,42,33,9,0.786,8.6,104.5,104.2,104.2,111.3,111.1,111.1,-6.8,-6.9,-6.9,0.203,2.04,26.2,0.063,0.138,0.101,12.8,12.9,0.552,0.59,0.16,0.163,100.58,100.81,84.01,100.81,0.096,763,47,96,1.1,2.3,0.49,337,166,121,36,490,502,493,493,225,208,208,418,414,414,137,191,90,155,208,177,493,496,237,217,344,356,382,366,366,224,406,417,476,493,175,1
1626162,Kelly Oubre Jr.,Kelly,1610612755,PHI,30.0,47,25,22,0.532,31.8,114.5,115.7,115.7,114.7,117.5,117.5,-0.2,-1.7,-1.7,0.074,1.18,10.8,0.032,0.119,0.076,9.1,9.1,0.544,0.579,0.178,0.182,102.0,100.23,83.53,100.23,0.081,3115,236,510,5.0,10.9,0.463,312,237,281,271,52,149,121,121,395,470,470,248,296,296,481,456,509,328,283,309,219,216,265,257,255,267,282,412,412,331,169,173,123,121,261,1
1631113,Kennedy Chandler,Kennedy,1610612762,UTA,23.0,10,0,10,0.0,31.4,112.9,112.4,112.4,126.7,128.3,128.3,-13.8,-15.9,-15.9,0.263,3.37,29.5,0.017,0.086,0.05,8.8,8.7,0.474,0.518,0.19,0.196,108.07,107.59,89.66,107.59,0.077,707,50,117,5.0,11.7,0.427,490,564,137,564,57,208,253,253,560,563,563,530,537,537,72,42,53,480,450,498,190,192,473,458,198,207,22,29,29,368,403,399,125,101,383,1
1629026,Kenrich Williams,Kenrich,1610612760,OKC,31.0,54,41,13,0.759,14.6,115.3,113.9,113.9,109.1,107.8,107.8,6.2,6.1,6.1,0.125,1.75,17.9,0.062,0.139,0.102,10.2,10.2,0.578,0.59,0.173,0.181,99.6,100.76,83.97,100.76,0.1,1656,128,262,2.4,4.9,0.489,260,85,168,47,388,122,186,186,125,97,97,90,91,91,279,273,284,158,199,170,309,309,138,220,279,276,443,371,371,203,294,299,330,348,179,1
203484,Kentavious Caldwell-Pope,Kentavious,1610612763,MEM,33.0,51,20,31,0.392,21.3,109.6,110.8,110.8,113.9,115.3,115.3,-4.2,-4.5,-4.5,0.181,2.28,23.1,0.017,0.094,0.054,10.1,10.1,0.485,0.533,0.173,0.177,103.48,102.31,85.26,102.31,0.083,2314,150,366,2.9,7.2,0.41,283,296,417,393,256,348,309,309,351,408,408,344,358,358,166,151,148,487,411,468,300,308,451,416,278,291,162,244,244,314,267,241,279,239,441,1
1631165,Keon Ellis,Keon,1610612739,CLE,26.0,71,31,40,0.437,20.6,110.6,111.0,111.0,114.4,115.0,115.0,-3.8,-4.0,-4.0,0.068,1.8,13.8,0.025,0.065,0.044,7.7,7.7,0.562,0.582,0.129,0.133,100.87,100.44,83.7,100.44,0.059,3056,168,380,2.4,5.4,0.442,80,183,509,364,271,312,301,301,382,390,390,338,345,345,505,259,407,407,538,529,122,123,196,246,476,482,366,393,393,485,248,232,331,323,339,2
1642352,Keshad Johnson,Keshad,1610612748,MIA,24.0,29,14,15,0.483,7.4,115.8,114.7,114.7,109.5,107.9,107.9,6.3,6.8,6.8,0.026,0.33,3.5,0.074,0.139,0.104,10.6,10.7,0.53,0.563,0.182,0.186,109.82,111.12,92.6,111.12,0.085,497,38,84,1.3,2.9,0.452,406,369,190,329,504,104,148,148,139,98,98,85,78,78,564,546,567,113,203,162,337,354,324,322,233,243,13,16,16,304,424,429,452,454,300,1
1642933,Keshon Gilbert,Keshon,1610612737,ATL,22.0,3,0,3,0.0,16.1,92.4,90.0,90.0,136.9,138.4,138.4,-44.5,-48.4,-48.4,0.097,0.5,20.0,0.041,0.073,0.056,40.0,40.7,0.25,0.521,0.109,0.112,98.19,98.98,82.49,98.98,0.022,100,1,4,0.3,1.3,0.25,555,564,48,564,363,555,556,556,571,571,571,570,570,570,385,539,209,262,512,453,579,579,558,449,529,534,505,473,473,560,556,562,555,542,553,1
201142,Kevin Durant,Kevin,1610612745,HOU,37.0,76,47,29,0.618,36.4,115.8,117.7,117.7,111.3,112.4,112.4,4.5,5.3,5.3,0.202,1.5,17.0,0.014,0.13,0.073,11.3,11.2,0.585,0.638,0.263,0.27,99.37,98.07,81.73,98.07,0.149,5657,693,1340,9.1,17.6,0.517,34,39,382,163,3,103,74,74,226,268,268,129,108,108,140,364,314,509,239,332,408,400,122,77,43,44,456,514,514,29,3,7,12,19,117,1
1628989,Kevin Huerter,Kevin,1610612765,DET,27.0,67,38,29,0.567,22.6,112.6,112.9,112.9,110.8,110.9,110.9,1.8,2.0,2.0,0.159,2.39,20.2,0.022,0.125,0.074,8.4,8.4,0.534,0.55,0.184,0.19,103.18,103.02,85.85,103.02,0.091,3252,262,581,3.9,8.7,0.451,126,118,382,218,227,223,239,239,202,200,200,187,192,192,208,131,204,437,259,321,173,173,305,362,217,220,185,192,192,262,146,136,192,180,308,2
201567,Kevin Love,Kevin,1610612762,UTA,37.0,37,10,27,0.27,16.6,115.6,115.8,115.8,121.6,122.5,122.5,-6.0,-6.7,-6.7,0.145,2.23,21.3,0.083,0.256,0.167,9.6,9.5,0.53,0.568,0.161,0.166,104.71,104.18,86.81,104.18,0.103,1334,79,199,2.1,5.4,0.397,372,407,357,471,352,112,119,119,531,547,547,390,412,412,234,158,182,92,12,37,251,247,321,304,333,344,87,115,115,188,362,348,361,321,467,1
1641755,Kevin McCullar Jr.,Kevin,1610612752,NYK,25.0,20,11,9,0.55,6.5,102.9,98.2,98.2,111.7,111.3,111.3,-8.8,-13.2,-13.2,0.235,1.58,27.5,0.071,0.109,0.091,17.4,17.3,0.472,0.471,0.159,0.171,99.93,102.43,85.36,102.43,0.055,274,14,36,0.7,1.8,0.389,447,402,121,240,517,511,530,530,250,219,219,456,522,522,97,334,71,124,329,231,548,547,478,511,346,317,426,232,232,504,483,482,525,522,483,1
1629645,Kevin Porter Jr.,Kevin,1610612749,MIL,25.0,38,18,20,0.474,33.2,110.8,111.4,111.4,115.5,116.1,116.1,-4.7,-4.7,-4.7,0.336,2.55,28.8,0.027,0.123,0.077,11.3,11.3,0.51,0.567,0.236,0.242,99.74,99.18,82.65,99.18,0.132,2612,239,514,6.3,13.5,0.465,364,317,257,338,38,305,285,285,425,434,434,358,367,367,24,112,57,390,264,304,410,411,395,307,81,83,434,459,459,63,165,167,70,63,254,1
1626172,Kevon Looney,Kevon,1610612740,NOP,30.0,20,3,17,0.15,14.1,106.4,106.4,106.4,111.3,113.2,113.2,-4.9,-6.7,-6.7,0.147,3.88,30.4,0.138,0.213,0.174,7.8,7.9,0.448,0.473,0.1,0.102,103.08,102.22,85.18,102.22,0.097,605,25,58,1.3,2.9,0.431,447,494,219,546,399,466,458,458,229,303,303,364,413,413,230,26,43,24,42,29,135,140,499,509,552,552,193,253,253,220,457,459,457,453,377,1
1641718,Keyonte George,Keyonte,1610612762,UTA,22.0,54,16,38,0.296,33.1,113.7,115.1,115.1,122.0,123.6,123.6,-8.3,-8.6,-8.6,0.286,2.0,21.6,0.012,0.096,0.054,10.8,10.7,0.532,0.609,0.275,0.281,104.57,103.25,86.04,103.25,0.122,3840,402,881,7.4,16.3,0.456,260,344,497,446,40,178,141,141,534,552,552,441,441,441,52,201,178,525,393,469,362,357,311,148,32,32,97,170,170,89,59,51,33,29,288,1
1642863,Khaman Maluach,Khaman,1610612756,PHX,19.0,44,21,23,0.477,8.5,105.2,105.3,105.3,102.4,103.1,103.1,2.7,2.2,2.2,0.024,0.25,4.5,0.099,0.194,0.145,18.2,18.4,0.546,0.581,0.135,0.14,98.45,98.11,81.76,98.11,0.092,776,46,87,1.0,2.0,0.529,326,281,296,335,492,489,480,480,29,43,43,168,186,186,566,549,565,72,66,59,554,554,261,249,457,452,497,509,509,250,408,427,480,516,102,1
203114,Khris Middleton,Khris,1610612742,DAL,34.0,61,17,44,0.279,23.1,109.3,109.5,109.5,120.2,121.1,121.1,-10.9,-11.7,-11.7,0.172,1.61,20.0,0.034,0.118,0.075,12.4,12.4,0.475,0.526,0.199,0.206,104.21,103.75,86.46,103.75,0.071,3047,220,529,3.6,8.7,0.416,202,326,537,460,218,369,369,369,520,530,530,496,504,504,182,321,209,315,288,312,471,464,470,438,166,165,121,140,140,415,192,158,214,179,421,2
1630165,Killian Hayes,Killian,1610612758,SAC,24.0,21,9,12,0.429,17.2,109.8,109.8,109.8,110.4,110.5,110.5,-0.7,-0.7,-0.7,0.271,2.81,31.8,0.01,0.123,0.065,11.3,11.3,0.37,0.412,0.184,0.189,100.58,100.54,83.79,100.54,0.07,758,39,127,1.9,6.0,0.307,437,422,156,367,338,345,351,351,183,182,182,265,272,272,64,81,32,537,266,375,405,410,541,544,218,224,383,387,387,418,423,392,390,290,545,1
202691,Klay Thompson,Klay,1610612742,DAL,36.0,68,20,48,0.294,21.9,105.9,106.1,106.1,111.7,110.8,110.8,-5.8,-4.6,-4.6,0.095,1.51,10.7,0.011,0.075,0.043,7.1,7.0,0.531,0.54,0.213,0.222,105.72,106.04,88.37,106.04,0.076,3295,282,718,4.1,10.6,0.393,114,296,552,448,244,478,465,465,249,196,196,385,364,364,390,362,512,531,507,537,90,89,316,394,133,125,48,47,47,378,133,90,178,128,480,1
1641738,Kobe Brown,Kobe,1610612754,IND,26.0,59,17,42,0.288,15.3,109.5,108.9,108.9,119.3,119.5,119.5,-9.8,-10.6,-10.6,0.123,1.53,18.7,0.075,0.119,0.097,12.2,12.3,0.56,0.591,0.153,0.158,100.13,100.29,83.57,100.29,0.077,1880,117,251,2.0,4.3,0.466,214,326,525,450,378,357,387,387,502,504,504,472,478,478,289,357,252,110,282,193,459,459,202,211,370,376,414,405,405,371,310,310,375,383,251,2
1641723,Kobe Bufkin,Kobe,1610612747,LAL,22.0,15,9,6,0.6,7.7,102.4,97.6,97.6,126.6,125.8,125.8,-24.2,-28.2,-28.2,0.118,1.8,13.2,0.009,0.103,0.056,7.4,7.4,0.344,0.413,0.217,0.231,100.01,102.8,85.66,102.8,0.039,252,14,48,0.9,3.2,0.292,461,422,84,176,501,521,535,535,559,560,560,554,562,562,302,259,426,542,357,450,104,111,544,543,123,107,422,206,206,542,483,469,497,434,550,1
1642920,Kobe Sanders,Kobe,1610612746,LAC,23.0,66,35,31,0.53,20.0,113.4,113.3,113.3,112.0,112.9,112.9,1.3,0.4,0.4,0.117,1.33,18.1,0.022,0.089,0.057,13.7,13.6,0.574,0.599,0.154,0.16,99.7,99.39,82.82,99.39,0.063,2738,174,372,2.6,5.6,0.468,141,152,417,273,287,192,221,221,267,285,285,204,233,233,308,419,274,436,439,445,514,514,151,185,366,363,437,452,452,466,242,237,303,310,246,1
1642886,Koby Brea,Koby,1610612756,PHX,23.0,10,4,6,0.4,4.1,91.6,92.7,92.7,103.1,102.5,102.5,-11.5,-9.8,-9.8,0.261,6.0,24.0,0.0,0.054,0.025,4.0,4.0,0.588,0.615,0.19,0.199,95.09,94.78,78.99,94.78,0.126,82,7,17,0.7,1.7,0.412,490,482,84,383,552,556,552,552,35,37,37,503,466,466,76,4,133,555,551,567,34,35,119,126,200,195,562,572,572,81,517,516,525,527,433,1
1642851,Kon Knueppel,Kon,1610612766,CHA,20.0,79,43,36,0.544,31.5,116.3,119.2,119.2,112.9,113.2,113.2,3.4,6.0,6.0,0.158,1.72,17.0,0.037,0.128,0.082,9.9,9.9,0.605,0.637,0.216,0.221,101.1,99.73,83.11,99.73,0.116,5173,506,1058,6.4,13.4,0.478,12,62,477,252,56,92,44,44,309,302,302,156,95,95,209,290,311,293,243,273,278,277,89,80,125,128,351,437,437,111,28,29,64,68,209,1
1627739,Kris Dunn,Kris,1610612746,LAC,32.0,80,41,39,0.513,27.3,114.5,114.6,114.6,112.7,113.9,113.9,1.7,0.7,0.7,0.181,2.72,32.3,0.028,0.097,0.063,11.9,11.9,0.56,0.582,0.122,0.125,98.91,98.3,81.92,98.3,0.074,4464,223,469,2.8,5.9,0.475,1,85,505,291,141,150,153,153,297,347,347,188,229,229,167,93,30,381,389,393,446,444,203,247,501,504,474,504,504,393,186,193,294,296,216,1
1631200,Kris Murray,Kris,1610612757,POR,25.0,55,26,29,0.473,23.3,109.1,110.0,110.0,110.3,110.1,110.1,-1.2,0.0,0.0,0.081,1.69,18.5,0.061,0.082,0.071,10.9,10.9,0.515,0.537,0.104,0.107,102.68,102.35,85.29,102.35,0.059,2735,122,267,2.2,4.9,0.457,246,222,382,341,215,379,336,336,174,163,163,280,245,245,453,300,257,160,472,336,378,379,378,402,540,542,230,241,241,482,301,295,353,347,285,1
204001,Kristaps Porziņģis,Kristaps,1610612744,GSW,30.0,30,13,17,0.433,24.0,114.7,114.2,114.2,113.0,112.0,112.0,1.7,2.2,2.2,0.166,2.11,14.2,0.049,0.156,0.102,6.7,6.7,0.523,0.588,0.266,0.275,103.08,103.74,86.45,103.74,0.126,1552,166,368,5.5,12.3,0.451,403,381,219,365,203,141,172,172,313,250,250,189,188,188,196,173,398,213,148,171,77,78,353,225,39,38,194,142,142,79,251,239,98,87,306,2
203937,Kyle Anderson,Kyle,1610612750,MIN,32.0,42,14,28,0.333,19.5,106.6,106.6,106.6,111.1,111.2,111.2,-4.5,-4.6,-4.6,0.197,3.0,31.3,0.046,0.121,0.083,10.4,10.4,0.537,0.572,0.129,0.133,104.04,103.98,86.65,103.98,0.092,1775,100,190,2.4,4.5,0.526,337,369,369,421,298,461,453,453,214,213,213,350,363,363,144,59,35,231,273,267,326,328,292,285,475,485,129,125,125,248,330,353,329,364,105,3
1642271,Kyle Filipowski,Kyle,1610612762,UTA,22.0,77,21,56,0.273,23.4,113.5,113.7,113.7,120.1,120.4,120.4,-6.6,-6.6,-6.6,0.156,1.58,18.4,0.076,0.225,0.149,11.6,11.6,0.548,0.586,0.197,0.201,104.31,104.07,86.72,104.07,0.106,3906,323,657,4.2,8.5,0.492,24,281,574,467,213,186,199,199,517,518,518,413,409,409,215,333,262,106,33,52,428,429,254,232,173,182,113,121,121,169,102,107,174,184,169,1
1628398,Kyle Kuzma,Kyle,1610612749,MIL,30.0,68,30,38,0.441,26.2,110.2,110.2,110.2,116.4,116.7,116.7,-6.3,-6.4,-6.4,0.151,1.57,17.0,0.032,0.135,0.085,10.8,10.8,0.55,0.579,0.212,0.219,100.73,100.6,83.83,100.6,0.096,3726,336,685,4.9,10.1,0.491,114,192,497,362,163,329,328,328,452,447,447,400,406,406,228,341,315,332,219,260,359,362,245,255,135,132,372,382,382,228,92,99,128,138,173,1
200768,Kyle Lowry,Kyle,1610612755,PHI,40.0,13,8,5,0.615,8.7,100.5,99.2,99.2,114.1,115.6,115.6,-13.6,-16.4,-16.4,0.136,2.75,28.9,0.0,0.068,0.034,10.5,10.6,0.3,0.375,0.094,0.097,104.59,104.59,87.16,104.59,0.026,250,4,20,0.3,1.5,0.2,471,434,75,165,486,533,527,527,363,423,423,529,540,540,255,86,56,555,531,557,329,340,552,555,559,560,95,90,90,557,532,506,562,534,560,1
1642273,Kyshawn George,Kyshawn,1610612764,WAS,22.0,48,10,38,0.208,29.0,108.0,108.3,108.3,119.3,119.7,119.7,-11.3,-11.5,-11.5,0.226,1.71,22.0,0.028,0.135,0.081,12.9,12.8,0.524,0.559,0.222,0.228,103.83,103.49,86.24,103.49,0.09,2994,253,577,5.3,12.0,0.438,300,407,497,522,108,420,405,405,503,508,508,499,496,496,106,294,165,378,218,278,496,493,345,338,113,112,137,158,158,269,152,140,113,94,347,1
1643018,LJ Cryer,LJ,1610612744,GSW,24.0,17,6,11,0.353,16.3,111.5,109.5,109.5,109.9,109.4,109.4,1.6,0.1,0.1,0.087,1.33,11.0,0.015,0.084,0.049,8.3,8.1,0.554,0.586,0.195,0.207,97.76,98.86,82.38,98.86,0.07,578,44,111,2.6,6.5,0.396,457,457,149,411,359,281,365,365,162,141,141,192,241,241,429,410,505,503,461,499,165,158,226,230,181,161,518,481,481,425,415,403,308,267,471,1
1630163,LaMelo Ball,LaMelo,1610612766,CHA,24.0,70,40,30,0.571,27.9,120.6,123.8,123.8,114.0,114.1,114.1,6.5,9.7,9.7,0.383,2.59,25.4,0.029,0.141,0.083,9.8,9.8,0.517,0.546,0.305,0.312,100.95,99.57,82.98,99.57,0.134,4071,492,1205,7.0,17.2,0.408,88,95,403,213,127,20,9,9,360,361,361,79,49,49,14,108,107,365,194,266,271,272,375,377,16,17,360,443,443,60,33,14,46,21,443,1
1642950,Lachlan Olbrich,Lachlan,1610612741,CHI,22.0,34,8,26,0.235,7.8,109.1,108.4,108.4,104.3,103.3,103.3,4.8,5.1,5.1,0.126,2.0,23.0,0.1,0.169,0.135,11.5,11.7,0.509,0.493,0.127,0.131,103.65,104.44,87.03,104.44,0.068,580,28,57,0.8,1.7,0.491,389,434,342,505,500,378,398,398,45,47,47,120,111,111,278,201,149,66,114,77,421,434,398,492,486,487,152,98,98,437,452,460,506,528,170,1
1629013,Landry Shamet,Landry,1610612752,NYK,29.0,49,33,16,0.673,22.9,115.6,115.4,115.4,107.5,107.0,107.0,8.1,8.4,8.4,0.085,2.41,14.5,0.018,0.06,0.038,6.0,6.0,0.581,0.6,0.152,0.158,99.37,99.72,83.1,99.72,0.071,2331,155,353,3.2,7.2,0.439,296,166,205,92,220,109,131,131,91,85,85,54,58,58,433,126,393,468,545,548,59,59,132,176,378,375,457,438,438,414,262,251,249,238,345,1
1626204,Larry Nance Jr.,Larry,1610612739,CLE,33.0,33,24,9,0.727,12.5,108.0,109.1,109.1,108.9,109.7,109.7,-0.9,-0.6,-0.6,0.103,1.82,18.3,0.061,0.142,0.099,10.1,10.1,0.483,0.484,0.137,0.14,102.48,101.61,84.68,101.61,0.059,877,46,116,1.4,3.5,0.397,393,246,121,59,422,419,381,381,120,147,147,271,259,259,360,254,265,161,192,187,291,297,456,498,448,455,248,304,304,484,408,401,441,412,470,1
1628374,Lauri Markkanen,Lauri,1610612762,UTA,28.0,42,17,25,0.405,34.3,112.1,113.6,113.6,115.4,115.2,115.2,-3.3,-1.5,-1.5,0.101,1.41,8.4,0.054,0.134,0.094,5.9,5.9,0.548,0.608,0.269,0.277,105.08,104.48,87.07,104.48,0.139,3137,384,805,9.1,19.2,0.477,337,326,331,380,18,249,202,202,419,397,397,329,290,290,372,389,542,193,226,213,58,58,252,149,37,37,69,94,94,48,69,69,11,9,212,1
1643133,Lawson Lovering,Lawson,1610612763,MEM,22.0,2,1,1,0.5,24.6,112.9,110.5,110.5,113.8,110.6,110.6,-0.8,-0.1,-0.1,0.07,1.5,17.6,0.105,0.188,0.143,11.8,11.6,0.6,0.574,0.106,0.112,107.88,110.59,92.15,110.59,0.07,114,6,10,3.0,5.0,0.6,568,545,9,300,194,207,318,318,347,189,189,268,248,248,501,364,289,57,79,62,436,426,94,277,537,532,23,18,18,422,521,532,264,341,47,1
2544,LeBron James,LeBron,1610612747,LAL,41.0,57,36,21,0.632,33.5,115.2,114.6,114.6,112.5,113.4,113.4,2.6,1.2,1.2,0.328,2.38,25.7,0.024,0.157,0.092,10.8,10.7,0.553,0.591,0.258,0.269,100.56,100.38,83.65,100.38,0.149,3996,446,871,7.8,15.3,0.512,228,136,268,145,28,132,151,151,290,317,317,170,213,213,32,133,101,417,146,222,358,355,229,213,53,48,385,398,398,30,43,54,27,42,128,1
1641778,Leaky Black,Leaky,1610612764,WAS,26.0,12,1,11,0.083,29.3,109.7,110.3,110.3,120.2,119.8,119.8,-10.5,-9.4,-9.4,0.064,2.0,17.0,0.035,0.14,0.086,8.5,8.5,0.513,0.535,0.101,0.103,103.49,103.34,86.12,103.34,0.057,754,31,75,2.6,6.3,0.413,475,545,149,561,104,347,324,324,519,510,510,485,455,455,519,201,313,301,195,254,175,178,381,412,546,549,161,166,166,493,444,437,310,282,429,1
1631159,Leonard Miller,Leonard,1610612741,CHI,22.0,43,17,26,0.395,14.1,113.9,113.3,113.3,112.7,113.3,113.3,1.2,0.0,0.0,0.07,1.11,10.2,0.074,0.165,0.122,9.2,9.2,0.595,0.615,0.178,0.186,106.08,106.09,88.41,106.09,0.102,1345,121,226,2.8,5.3,0.535,332,326,342,390,400,166,220,220,299,312,312,210,244,244,498,468,524,115,125,103,227,223,108,125,253,245,41,45,45,190,304,327,289,325,98,2
1642862,Liam McNeeley,Liam,1610612766,CHA,20.0,30,11,19,0.367,12.1,111.2,112.1,112.1,111.6,109.6,109.6,-0.4,2.5,2.5,0.093,1.77,15.4,0.034,0.166,0.097,8.7,8.8,0.532,0.594,0.144,0.148,98.29,98.78,82.32,98.78,0.08,746,38,94,1.3,3.1,0.404,403,402,242,405,431,289,264,264,242,145,145,257,177,177,400,269,359,308,123,195,188,196,313,203,402,412,501,484,484,341,424,420,456,439,453,1
1630322,Lindy Waters III,Lindy,1610612759,SAS,28.0,40,31,9,0.775,7.1,107.9,107.1,107.1,110.9,108.7,108.7,-3.0,-1.6,-1.6,0.09,2.71,16.5,0.01,0.087,0.05,6.1,6.1,0.528,0.532,0.141,0.148,99.85,101.17,84.31,101.17,0.052,602,33,88,0.8,2.2,0.375,355,183,121,40,509,425,438,438,203,125,125,324,292,292,417,95,323,534,446,496,63,62,330,423,422,417,430,338,338,511,436,424,505,499,500,1
1628366,Lonzo Ball,Lonzo,1610612739,CLE,28.0,35,19,16,0.543,20.8,110.5,111.0,111.0,109.8,109.7,109.7,0.7,1.3,1.3,0.236,2.62,36.6,0.032,0.148,0.089,14.0,13.9,0.415,0.432,0.13,0.134,105.04,104.87,87.39,104.87,0.077,1595,53,176,1.5,5.0,0.301,384,309,205,255,269,315,299,299,161,149,149,221,207,207,95,106,16,327,174,240,516,519,526,534,471,478,70,76,76,372,397,361,423,339,549,1
1631351,Lucas Williamson,Lucas,1610612763,MEM,27.0,5,0,5,0.0,28.2,118.8,117.8,117.8,131.2,133.2,133.2,-12.3,-15.4,-15.4,0.109,1.71,19.0,0.053,0.093,0.07,11.1,11.1,0.476,0.509,0.151,0.155,103.82,103.45,86.21,103.45,0.034,303,15,42,3.0,8.4,0.357,530,564,75,564,126,34,71,71,566,570,570,513,535,535,337,291,240,195,415,343,391,392,469,472,381,386,138,162,162,546,480,475,264,189,514,1
1629652,Luguentz Dort,Luguentz,1610612760,OKC,26.0,67,53,14,0.791,27.0,116.5,116.7,116.7,106.3,107.6,107.6,10.2,9.1,9.1,0.058,1.54,12.3,0.031,0.095,0.064,8.0,8.0,0.51,0.527,0.139,0.142,101.24,100.6,83.83,100.6,0.049,3783,198,511,3.0,7.6,0.387,126,14,178,34,149,84,99,99,66,92,92,38,54,54,535,353,457,342,407,385,147,150,393,437,440,443,343,383,383,520,211,172,278,218,486,1
1629029,Luka Dončić,Luka,1610612747,LAL,27.0,64,43,21,0.672,35.8,118.3,119.4,119.4,113.9,115.6,115.6,4.4,3.8,3.8,0.387,2.08,21.1,0.019,0.194,0.11,10.1,10.1,0.563,0.616,0.368,0.377,102.0,100.73,83.94,100.73,0.188,4804,693,1457,10.8,22.8,0.476,165,62,268,94,4,46,37,37,350,422,422,131,145,145,13,180,188,459,65,146,302,303,191,122,2,2,283,373,373,7,3,2,1,1,215,1
1630568,Luka Garza,Luka,1610612738,BOS,27.0,67,45,22,0.672,15.9,118.3,119.8,119.8,114.8,114.0,114.0,3.6,5.8,5.8,0.084,1.47,13.1,0.129,0.108,0.119,9.0,9.0,0.663,0.689,0.163,0.168,97.2,96.92,80.77,96.92,0.101,2143,190,326,2.8,4.9,0.583,126,50,281,95,367,45,33,33,401,353,353,152,102,102,440,377,430,29,336,109,206,205,36,32,322,332,535,552,552,197,221,261,286,346,60,1
1628379,Luke Kennard,Luke,1610612747,LAL,29.0,75,42,33,0.56,21.5,114.1,113.6,113.6,114.0,114.3,114.3,0.1,-0.7,-0.7,0.135,2.84,24.6,0.02,0.088,0.055,8.6,8.6,0.668,0.691,0.128,0.134,101.95,102.09,85.07,102.09,0.087,3432,223,419,3.0,5.6,0.532,42,75,439,226,252,160,206,206,359,364,364,240,268,268,257,80,122,452,445,464,183,182,31,30,478,473,289,263,263,288,186,217,274,313,100,2
1628436,Luke Kornet,Luke,1610612759,SAS,30.0,67,51,16,0.761,21.1,114.4,114.2,114.2,110.4,110.6,110.6,4.0,3.6,3.6,0.114,4.63,26.3,0.116,0.146,0.131,5.7,5.7,0.644,0.69,0.101,0.103,102.34,102.38,85.32,102.38,0.109,3011,174,270,2.6,4.0,0.644,126,21,205,45,260,152,171,171,184,187,187,144,149,149,312,12,87,43,180,85,54,54,49,31,547,551,260,237,237,151,242,293,307,393,26,1
1631247,Luke Travers,Luke,1610612739,CLE,24.0,12,6,6,0.5,8.6,98.8,97.3,97.3,108.5,110.5,110.5,-9.7,-13.2,-13.2,0.123,3.0,17.3,0.069,0.133,0.098,5.8,5.8,0.264,0.35,0.161,0.168,105.92,105.69,88.08,105.69,0.071,226,9,36,0.8,3.0,0.25,475,457,84,300,489,540,536,536,114,185,185,471,523,523,286,59,302,140,229,190,56,56,556,559,335,329,45,55,55,417,505,482,516,447,553,1
1630644,Mac McClung,Mac,1610612741,CHI,27.0,8,1,7,0.125,11.5,107.8,111.5,111.5,123.1,121.6,121.6,-15.3,-10.1,-10.1,0.103,1.75,12.7,0.017,0.062,0.036,7.3,6.9,0.427,0.482,0.199,0.212,105.6,104.42,87.01,104.42,0.05,200,16,41,2.0,5.1,0.39,506,545,102,554,441,428,283,283,544,535,535,535,472,472,361,273,443,483,542,555,99,83,520,502,165,149,54,100,100,515,476,476,369,334,482,2
1641869,Malachi Smith,Malachi,1610612751,BKN,26.0,12,3,9,0.25,20.0,108.7,107.3,107.3,112.8,113.9,113.9,-4.0,-6.7,-6.7,0.167,2.25,25.5,0.034,0.103,0.067,11.3,11.2,0.614,0.63,0.139,0.147,100.75,100.93,84.11,100.93,0.107,509,34,66,2.8,5.5,0.515,475,494,121,486,283,392,431,431,303,348,348,340,410,410,192,156,105,311,359,368,409,398,79,89,437,421,371,356,356,162,433,447,287,317,123,1
1631103,Malaki Branham,Malaki,1610612764,WAS,22.0,28,7,21,0.25,9.8,104.9,102.5,102.5,110.4,111.3,111.3,-5.4,-8.8,-8.8,0.131,1.53,15.8,0.039,0.113,0.074,10.3,10.4,0.549,0.604,0.177,0.184,101.63,102.37,85.31,102.37,0.099,592,43,91,1.5,3.3,0.473,412,444,268,486,469,494,509,509,179,218,218,378,444,444,265,354,347,282,308,319,313,327,248,167,264,264,317,238,238,210,416,423,421,432,232,1
1642502,Malevy Leons,Malevy,1610612744,GSW,26.0,22,7,15,0.318,10.2,110.2,109.8,109.8,118.5,118.4,118.4,-8.2,-8.7,-8.7,0.112,1.64,19.8,0.111,0.087,0.099,12.1,12.1,0.43,0.453,0.131,0.136,99.85,100.08,83.4,100.08,0.048,461,23,57,1.0,2.6,0.404,432,444,190,436,464,326,352,352,497,491,491,439,443,443,322,313,220,48,447,185,453,456,517,523,468,466,428,420,420,525,458,460,480,471,455,1
1628370,Malik Monk,Malik,1610612758,SAC,28.0,61,17,44,0.279,22.2,109.4,110.1,110.1,118.1,118.6,118.6,-8.7,-8.5,-8.5,0.208,2.06,19.5,0.011,0.071,0.041,9.5,9.5,0.533,0.565,0.234,0.24,102.62,102.04,85.03,102.04,0.092,2872,273,626,4.5,10.3,0.436,202,326,537,460,235,361,330,330,486,493,493,454,439,439,129,188,224,533,521,543,246,245,308,316,85,84,236,271,271,247,139,120,152,133,353,1
1630699,MarJon Beauchamp,MarJon,1610612755,PHI,25.0,13,6,7,0.462,14.9,107.1,108.2,108.2,112.1,111.5,111.5,-5.0,-3.3,-3.3,0.11,1.15,13.6,0.03,0.117,0.075,11.8,11.9,0.541,0.565,0.201,0.204,104.77,104.55,87.13,104.55,0.086,417,32,74,2.5,5.7,0.432,471,457,102,352,384,449,406,406,270,226,226,368,328,328,333,461,417,360,292,317,444,445,281,319,159,171,83,93,93,297,443,438,320,306,371,1
1631204,Marcus Sasser,Marcus,1610612765,DET,25.0,36,26,10,0.722,12.4,115.2,116.3,116.3,103.7,102.8,102.8,11.5,13.5,13.5,0.217,2.39,26.0,0.016,0.069,0.043,10.9,10.9,0.52,0.539,0.196,0.2,101.86,101.81,84.84,101.81,0.08,944,68,172,1.9,4.8,0.395,375,222,137,67,423,125,106,106,39,39,39,29,20,20,115,132,96,493,530,535,372,373,362,396,179,184,299,289,289,340,376,363,387,349,474,1
203935,Marcus Smart,Marcus,1610612747,LAL,32.0,60,39,21,0.65,28.7,117.1,117.4,117.4,109.7,110.9,110.9,7.3,6.4,6.4,0.124,1.93,21.8,0.022,0.075,0.05,11.3,11.2,0.502,0.547,0.15,0.154,100.68,100.0,83.33,100.0,0.058,3596,185,464,3.1,7.7,0.399,208,106,268,129,114,71,82,82,153,201,201,64,84,84,282,231,173,430,503,494,403,402,412,373,386,392,377,424,424,488,226,196,258,210,461,1
1641813,Mark Sears,Mark,1610612749,MIL,24.0,7,1,6,0.143,3.7,135.2,123.2,123.2,104.6,101.8,101.8,30.6,21.4,21.4,0.125,0.5,8.7,0.053,0.045,0.049,17.4,17.8,0.615,0.666,0.344,0.366,97.1,103.06,85.88,103.06,0.078,56,6,13,0.9,1.9,0.462,511,545,84,548,558,2,11,11,47,30,30,4,8,8,281,539,541,195,560,503,548,551,77,51,5,4,539,187,187,359,521,526,501,519,268,1
1631109,Mark Williams,Mark,1610612756,PHX,24.0,59,34,25,0.576,23.7,110.9,111.6,111.6,111.5,113.0,113.0,-0.5,-1.3,-1.3,0.064,0.92,9.3,0.124,0.2,0.162,10.0,10.0,0.643,0.678,0.168,0.173,102.18,101.17,84.31,101.17,0.142,2949,280,436,4.7,7.4,0.642,214,162,331,206,210,297,280,280,234,290,290,262,285,285,517,509,539,33,57,41,289,284,51,34,303,307,275,337,337,42,135,211,140,227,27,1
1628365,Markelle Fultz,Markelle,1610612761,TOR,27.0,5,3,2,0.6,7.2,90.8,90.4,90.4,132.8,130.6,130.6,-42.0,-40.2,-40.2,0.308,2.0,34.8,0.0,0.025,0.013,17.4,17.4,0.182,0.182,0.163,0.167,111.5,112.73,93.94,112.73,0.0,83,2,11,0.4,2.2,0.182,530,494,32,176,507,559,555,555,568,565,565,569,568,568,41,201,23,555,567,573,548,548,568,571,323,335,10,12,12,567,550,530,550,499,566,1
1628963,Marvin Bagley III,Marvin,1610612742,DAL,27.0,59,16,43,0.271,20.2,110.0,110.0,110.0,118.2,118.8,118.8,-8.2,-8.8,-8.8,0.107,1.38,13.6,0.117,0.171,0.144,9.9,9.9,0.651,0.664,0.179,0.184,103.54,103.24,86.04,103.24,0.124,2572,253,407,4.3,6.9,0.622,214,344,529,469,279,341,341,341,488,495,495,437,445,445,348,396,417,39,111,60,279,281,41,54,245,261,157,171,171,83,152,220,167,248,39,2
203486,Mason Plumlee,Mason,1610612759,SAS,36.0,19,10,9,0.526,8.2,115.9,115.6,115.6,120.7,116.5,116.5,-4.8,-0.9,-0.9,0.153,1.58,38.0,0.103,0.238,0.168,24.0,23.9,0.769,0.757,0.078,0.083,100.86,102.79,85.66,102.79,0.088,334,10,13,0.5,0.7,0.769,451,407,121,280,496,100,126,126,524,442,442,362,277,277,221,334,13,60,24,35,570,570,6,10,573,572,367,207,207,277,500,526,536,566,4,2
1641824,Matas Buzelis,Matas,1610612741,CHI,21.0,76,28,48,0.368,29.2,110.9,111.0,111.0,115.5,116.9,116.9,-4.6,-6.0,-6.0,0.102,0.99,11.4,0.033,0.151,0.093,11.5,11.5,0.557,0.59,0.222,0.228,104.87,104.16,86.8,104.16,0.097,4820,440,946,5.8,12.4,0.465,34,209,552,403,105,299,302,302,424,458,458,353,393,393,370,503,491,317,168,216,422,421,212,218,114,111,77,116,116,222,45,47,87,85,253,1
1629680,Matisse Thybulle,Matisse,1610612757,POR,29.0,28,15,13,0.536,16.2,108.4,108.4,108.4,101.1,100.7,100.7,7.3,7.7,7.7,0.082,0.93,13.7,0.033,0.089,0.06,14.7,14.8,0.572,0.603,0.143,0.148,103.52,103.75,86.46,103.75,0.091,980,54,125,1.9,4.5,0.432,412,359,168,267,362,405,404,404,21,28,28,66,63,63,448,508,414,319,440,425,529,530,163,168,411,414,159,141,141,264,395,393,380,370,373,1
1631108,Max Christie,Max,1610612742,DAL,23.0,75,23,52,0.307,29.3,107.4,107.7,107.7,114.4,115.1,115.1,-7.1,-7.4,-7.4,0.095,1.57,14.7,0.007,0.098,0.053,9.3,9.3,0.562,0.599,0.161,0.166,103.53,103.07,85.89,103.07,0.079,4724,310,706,4.1,9.4,0.439,42,260,563,443,102,440,421,421,383,393,393,423,422,422,391,340,388,550,384,477,233,233,194,186,337,339,158,186,186,352,112,92,181,154,345,1
1642917,Max Shulga,Max,1610612738,BOS,23.0,9,6,3,0.667,1.4,74.1,65.5,65.5,86.1,79.3,79.3,-12.0,-13.8,-13.8,0.4,2.0,25.0,0.071,0.0,0.038,12.5,12.7,0.25,0.41,0.167,0.186,97.54,108.05,90.04,108.05,-0.1,29,1,4,0.1,0.4,0.25,500,457,48,96,579,573,575,575,4,5,5,508,529,529,11,201,112,124,570,549,473,481,558,545,307,248,521,26,26,576,556,562,570,574,553,1
1629622,Max Strus,Max,1610612739,CLE,30.0,10,8,2,0.8,24.7,120.7,119.9,119.9,116.2,115.3,115.3,4.5,4.6,4.6,0.12,2.75,18.0,0.033,0.178,0.109,6.6,6.6,0.659,0.667,0.168,0.171,103.04,103.78,86.49,103.78,0.1,532,42,88,4.2,8.8,0.477,490,434,32,26,192,19,32,32,443,410,410,128,120,120,297,86,279,325,97,148,72,73,37,49,301,316,197,139,139,199,419,424,173,173,211,1
1628467,Maxi Kleber,Maxi,1610612747,LAL,34.0,40,17,23,0.425,10.7,118.0,114.7,114.7,111.7,111.7,111.7,6.4,3.0,3.0,0.081,1.8,22.3,0.079,0.111,0.095,12.4,12.5,0.507,0.529,0.091,0.094,99.47,100.94,84.11,100.94,0.042,913,31,67,0.8,1.7,0.463,355,326,296,372,454,51,149,149,248,235,235,84,167,167,452,259,158,101,319,206,469,475,402,430,567,567,452,355,355,537,444,446,513,529,262,1
1642875,Maxime Raynaud,Maxime,1610612758,SAC,23.0,72,20,52,0.278,26.2,108.8,109.6,109.6,119.7,121.2,121.2,-10.8,-11.6,-11.6,0.073,1.07,10.4,0.071,0.212,0.14,9.8,9.8,0.58,0.611,0.179,0.182,102.52,101.51,84.59,101.51,0.108,3987,367,649,5.1,9.0,0.565,70,296,563,462,164,389,358,358,510,531,531,494,501,501,483,477,522,128,44,66,266,270,133,141,250,270,243,313,313,160,80,109,121,164,75,1
1642877,Micah Peavy,Micah,1610612740,NOP,24.0,59,17,42,0.288,14.2,110.1,109.9,109.9,114.3,113.9,113.9,-4.2,-4.0,-4.0,0.092,3.0,16.7,0.046,0.078,0.062,5.6,5.6,0.438,0.451,0.137,0.142,102.47,102.73,85.61,102.73,0.046,1778,99,256,1.7,4.3,0.387,214,326,525,450,398,333,346,346,370,344,344,343,344,344,406,59,319,225,493,409,51,53,511,526,445,444,250,211,211,529,334,306,406,377,489,1
1630695,Micah Potter,Micah,1610612754,IND,28.0,44,10,34,0.227,18.8,110.1,108.5,108.5,116.2,116.2,116.2,-6.1,-7.7,-7.7,0.114,1.63,16.0,0.058,0.18,0.118,9.8,9.9,0.643,0.691,0.168,0.173,104.76,105.51,87.92,105.51,0.112,1823,132,255,3.0,5.8,0.518,326,407,456,514,309,335,397,397,442,435,435,396,426,426,316,316,342,170,91,116,273,282,52,29,298,305,85,63,63,136,286,308,264,301,116,1
1629008,Michael Porter Jr.,Michael,1610612751,BKN,27.0,52,14,38,0.269,32.5,110.2,113.0,113.0,117.8,119.6,119.6,-7.6,-6.6,-6.6,0.165,1.3,12.0,0.04,0.188,0.11,9.3,9.1,0.555,0.595,0.292,0.301,99.96,97.97,81.64,97.97,0.141,3456,444,958,8.5,18.4,0.463,273,369,497,472,42,330,237,237,480,505,505,430,408,408,197,426,467,272,78,141,229,220,216,195,22,21,425,517,517,46,44,43,19,14,260,1
1628969,Mikal Bridges,Mikal,1610612752,NYK,29.0,79,51,28,0.646,33.3,116.9,117.7,117.7,110.9,112.0,112.0,6.0,5.6,5.6,0.157,3.6,21.6,0.03,0.085,0.058,6.0,6.0,0.568,0.584,0.171,0.176,99.91,99.07,82.56,99.07,0.099,5407,463,949,5.9,12.0,0.488,12,21,369,131,35,74,75,75,205,254,254,91,105,105,211,31,177,357,455,438,60,61,178,240,285,295,427,465,465,209,42,44,83,95,183,1
201144,Mike Conley,Mike,1610612750,MIN,38.0,53,32,21,0.604,18.2,111.2,111.2,111.2,111.0,111.7,111.7,0.2,-0.5,-0.5,0.207,4.5,36.3,0.017,0.074,0.045,8.1,8.1,0.45,0.504,0.114,0.118,103.01,102.69,85.57,102.69,0.06,2073,69,212,1.3,4.0,0.325,268,174,268,174,319,291,291,291,209,236,236,237,258,258,132,13,18,482,509,528,154,155,497,476,522,522,199,213,213,478,374,337,453,394,539,1
1628970,Miles Bridges,Miles,1610612766,CHA,28.0,75,41,34,0.547,31.2,115.9,118.7,118.7,113.9,114.8,114.8,2.0,3.8,3.8,0.153,2.25,16.2,0.031,0.154,0.092,7.2,7.2,0.532,0.571,0.223,0.226,100.35,98.77,82.31,98.77,0.113,4802,473,1027,6.3,13.7,0.461,42,85,456,247,64,98,54,54,355,381,381,181,144,144,220,155,335,341,157,223,93,97,312,290,110,116,402,486,486,125,39,34,68,61,274,1
1642939,Miles Kelly,Miles,1610612742,DAL,23.0,14,7,7,0.5,9.6,101.7,101.3,101.3,107.0,106.5,106.5,-5.3,-5.1,-5.1,0.133,2.0,19.4,0.032,0.127,0.078,9.7,9.6,0.477,0.484,0.144,0.151,105.64,106.07,88.39,106.07,0.064,297,16,44,1.1,3.1,0.364,468,444,102,300,472,527,518,518,80,79,79,377,374,374,260,201,227,334,251,295,260,256,465,499,405,400,52,46,46,459,476,473,471,438,511,1
1630540,Miles McBride,Miles,1610612752,NYK,25.0,39,24,15,0.615,26.6,120.1,120.2,120.2,109.4,110.3,110.3,10.8,9.9,9.9,0.136,3.12,19.1,0.019,0.069,0.044,6.1,6.1,0.561,0.578,0.171,0.176,99.37,98.92,82.43,98.92,0.083,2143,162,384,4.2,9.8,0.422,360,246,190,165,154,21,27,27,135,177,177,33,48,48,254,53,236,456,528,533,64,65,197,262,281,292,455,476,476,315,254,229,176,142,400,1
1629011,Mitchell Robinson,Mitchell,1610612752,NYK,28.0,59,39,20,0.661,19.6,118.2,117.7,117.7,109.3,109.7,109.7,8.8,7.9,7.9,0.059,1.27,15.3,0.202,0.226,0.214,12.1,12.1,0.723,0.676,0.101,0.105,98.35,98.37,81.97,98.37,0.124,2356,146,202,2.5,3.4,0.723,214,106,257,118,297,49,77,77,130,150,150,52,59,59,532,430,365,2,31,5,454,455,14,36,545,547,499,500,500,84,270,343,317,421,8,1
1628964,Mo Bamba,Mo,1610612762,UTA,27.0,4,3,1,0.75,11.0,104.7,101.1,101.1,112.3,114.4,114.4,-7.6,-13.3,-13.3,0.037,0.5,7.1,0.208,0.226,0.218,14.3,14.3,0.455,0.455,0.123,0.128,97.32,98.08,81.74,98.08,0.091,89,5,11,1.3,2.8,0.455,543,494,9,49,449,498,520,520,280,369,369,431,525,525,557,539,557,1,30,4,524,524,494,521,498,498,533,512,512,258,528,530,457,462,294,2
1642885,Mohamed Diawara,Mohamed,1610612752,NYK,20.0,67,41,26,0.612,8.8,114.4,112.2,112.2,108.6,106.3,106.3,5.7,5.9,5.9,0.107,1.64,16.1,0.026,0.126,0.076,9.8,9.8,0.554,0.566,0.171,0.178,97.78,99.78,83.15,99.78,0.078,1221,88,202,1.3,3.0,0.436,126,85,342,168,483,154,258,258,116,76,76,99,97,97,347,312,337,400,254,307,272,275,220,314,287,282,516,435,435,361,347,343,451,446,358,1
1628420,Monte Morris,Monte,1610612754,IND,30.0,6,0,6,0.0,10.8,85.5,83.3,83.3,101.3,104.2,104.2,-15.8,-20.9,-20.9,0.29,4.5,27.3,0.012,0.08,0.044,6.1,6.1,0.4,0.414,0.141,0.149,106.79,106.6,88.83,106.6,0.076,144,7,20,1.2,3.3,0.35,519,564,84,564,452,566,566,566,22,52,52,537,550,550,48,13,74,529,483,532,62,63,534,540,424,408,29,40,40,379,517,506,469,425,518,1
1629021,Moritz Wagner,Moritz,1610612753,ORL,28.0,36,21,15,0.583,11.8,106.0,107.2,107.2,116.9,117.2,117.2,-10.9,-10.0,-10.0,0.107,1.42,9.9,0.056,0.207,0.127,7.0,7.0,0.482,0.545,0.237,0.244,102.27,101.6,84.67,101.6,0.106,904,83,195,2.3,5.4,0.426,375,281,190,194,433,476,435,435,467,464,464,495,470,470,346,387,529,179,46,92,85,87,458,382,79,78,265,305,305,170,352,350,340,319,386,1
1630541,Moses Moody,Moses,1610612744,GSW,23.0,60,30,30,0.5,25.7,110.8,111.1,111.1,109.0,108.9,108.9,1.8,2.2,2.2,0.093,1.72,13.0,0.031,0.092,0.061,7.5,7.5,0.575,0.6,0.174,0.181,102.69,102.6,85.5,102.6,0.083,3295,245,557,4.1,9.3,0.44,208,192,403,300,177,301,294,294,121,130,130,185,187,187,402,288,435,343,425,415,119,116,145,178,273,274,228,217,217,313,160,148,183,161,342,1
1631243,Mouhamed Gueye,Mouhamed,1610612737,ATL,23.0,76,43,33,0.566,15.4,113.3,112.4,112.4,111.1,110.5,110.5,2.2,2.0,2.0,0.076,2.06,16.5,0.071,0.151,0.111,8.0,8.0,0.519,0.538,0.12,0.126,101.86,102.58,85.49,102.58,0.074,2486,129,286,1.7,3.8,0.451,34,62,439,220,376,196,254,254,216,180,180,179,193,193,472,185,328,129,166,138,145,143,368,400,503,500,297,218,218,396,293,285,404,401,307,1
1630619,Moussa Cisse,Moussa,1610612742,DAL,23.0,36,10,26,0.278,13.0,109.5,109.8,109.8,108.2,108.6,108.6,1.3,1.2,1.2,0.023,0.3,4.9,0.142,0.218,0.18,16.7,16.8,0.6,0.58,0.131,0.134,104.05,103.71,86.43,103.71,0.087,1010,57,95,1.6,2.6,0.6,375,407,342,462,412,352,348,348,107,123,123,203,215,215,567,547,563,20,41,23,544,545,94,251,466,477,127,144,144,291,391,419,414,468,47,1
1631217,Moussa Diabaté,Moussa,1610612766,CHA,24.0,71,39,32,0.549,26.0,119.4,122.4,122.4,111.6,111.6,111.6,7.8,10.8,10.8,0.097,1.89,21.3,0.14,0.192,0.166,11.3,11.3,0.631,0.652,0.113,0.116,99.04,97.83,81.53,97.83,0.108,3743,224,356,3.2,5.0,0.629,80,106,428,243,169,28,16,16,245,229,229,59,41,41,383,242,183,22,68,38,402,404,60,62,526,527,469,525,525,156,184,248,250,340,34,1
1626167,Myles Turner,Myles,1610612749,MIL,30.0,70,29,41,0.414,26.9,108.5,109.1,109.1,114.6,116.0,116.0,-6.1,-6.9,-6.9,0.078,1.2,11.2,0.039,0.151,0.096,9.3,9.3,0.553,0.585,0.181,0.185,101.47,100.55,83.8,100.55,0.086,3958,278,635,4.0,9.1,0.438,88,197,515,378,151,403,383,383,390,429,429,397,415,415,463,449,497,278,165,200,228,229,232,235,235,252,327,385,385,296,136,118,189,163,350,1
1642066,Myron Gardner,Myron,1610612748,MIA,24.0,42,22,20,0.524,9.5,115.3,114.3,114.3,107.8,107.7,107.7,7.5,6.6,6.6,0.139,2.56,21.8,0.079,0.194,0.132,8.5,8.5,0.583,0.605,0.14,0.145,106.48,106.98,89.15,106.98,0.092,889,57,120,1.4,2.9,0.475,337,268,257,282,473,121,166,166,100,94,94,61,82,82,247,110,172,99,67,83,177,176,127,160,434,430,35,35,35,252,391,397,444,457,217,1
1642368,N'Faly Dante,N'Faly,1610612737,ATL,24.0,4,3,1,0.75,3.9,112.6,109.1,109.1,91.5,86.7,86.7,21.1,22.4,22.4,0.0,0.0,0.0,0.167,0.25,0.206,20.0,18.4,0.25,0.338,0.119,0.14,93.97,98.08,81.73,98.08,0.116,33,1,4,0.3,1.0,0.25,543,494,9,49,556,222,384,384,8,6,6,6,7,7,568,550,568,4,14,6,559,555,558,564,506,456,571,513,513,113,556,562,563,553,553,1
1641772,Nae'Qwan Tomlin,Nae'Qwan,1610612739,CLE,25.0,62,41,21,0.661,15.3,113.7,113.6,113.6,109.5,110.4,110.4,4.2,3.2,3.2,0.067,1.74,11.9,0.079,0.093,0.086,6.9,6.9,0.512,0.539,0.15,0.153,102.18,101.83,84.86,101.83,0.065,2004,139,294,2.2,4.7,0.473,184,85,268,117,377,176,207,207,143,179,179,141,164,164,509,280,471,100,416,256,81,81,387,397,387,394,274,287,287,452,275,281,349,353,229,1
1630230,Naji Marshall,Naji,1610612742,DAL,28.0,74,25,49,0.338,29.5,109.6,109.7,109.7,113.9,114.3,114.3,-4.3,-4.6,-4.6,0.162,2.03,18.4,0.028,0.12,0.075,9.1,9.1,0.548,0.592,0.2,0.206,104.56,104.36,86.97,104.36,0.106,4748,419,821,5.7,11.1,0.51,55,237,558,420,100,351,353,353,357,363,363,348,362,362,203,195,263,373,274,313,212,213,253,210,163,163,99,105,105,167,53,65,92,115,131,1
1631466,Nate Williams,Nate,1610612744,GSW,27.0,12,2,10,0.167,16.0,112.0,111.3,111.3,120.3,123.3,123.3,-8.3,-12.1,-12.1,0.074,0.91,10.5,0.071,0.048,0.06,11.6,11.6,0.551,0.583,0.183,0.188,101.28,100.31,83.59,100.31,0.054,400,33,68,2.8,5.7,0.485,475,515,137,540,364,258,288,288,521,551,551,442,509,509,482,511,516,130,557,422,423,425,239,241,223,230,338,404,404,507,436,444,297,308,186,1
1629675,Naz Reid,Naz,1610612750,MIN,26.0,77,46,31,0.597,26.1,112.7,113.0,113.0,108.7,109.9,109.9,4.0,3.2,3.2,0.124,1.35,13.9,0.042,0.187,0.113,10.3,10.3,0.549,0.565,0.212,0.22,103.47,102.77,85.65,102.77,0.112,4313,397,871,5.2,11.3,0.456,24,46,417,184,167,219,233,233,117,151,151,143,165,165,283,407,403,248,81,128,319,320,251,315,134,130,164,208,208,132,61,54,118,109,289,1
1629674,Neemias Queta,Neemias,1610612738,BOS,26.0,74,51,23,0.689,25.5,117.3,118.7,118.7,105.3,105.4,105.4,12.0,13.3,13.3,0.09,1.65,16.0,0.116,0.191,0.155,9.7,9.7,0.651,0.67,0.146,0.149,96.83,96.23,80.19,96.23,0.129,3774,319,490,4.3,6.6,0.651,55,21,296,84,181,65,55,55,51,62,62,25,21,21,418,310,341,42,71,43,264,265,42,41,400,407,542,565,565,71,108,180,164,259,23,1
1629651,Nic Claxton,Nic,1610612751,BKN,26.0,69,17,52,0.246,27.8,105.5,107.4,107.4,118.3,120.3,120.3,-12.7,-12.9,-12.9,0.216,2.64,24.6,0.084,0.167,0.124,9.3,9.3,0.574,0.592,0.175,0.178,100.08,98.37,81.97,98.37,0.117,3932,333,583,4.8,8.4,0.571,101,326,563,493,131,485,428,428,494,516,516,518,518,518,116,104,124,90,120,98,232,232,155,208,272,285,417,499,499,109,96,135,133,187,70,1
1630208,Nick Richards,Nick,1610612741,CHI,28.0,48,20,28,0.417,14.6,107.3,108.9,108.9,116.9,117.2,117.2,-9.6,-8.4,-8.4,0.033,0.27,5.0,0.103,0.221,0.163,18.4,18.4,0.525,0.562,0.176,0.179,103.17,102.27,85.23,102.27,0.079,1488,103,201,2.1,4.2,0.512,300,296,369,377,390,443,388,388,464,466,466,470,435,435,560,548,562,59,38,40,556,557,344,323,270,278,188,246,246,350,327,345,360,385,127,2
1641733,Nick Smith Jr.,Nick,1610612747,LAL,21.0,27,12,15,0.444,12.3,111.7,109.8,109.8,114.6,114.3,114.3,-2.9,-4.5,-4.5,0.14,1.58,15.5,0.006,0.059,0.033,9.8,9.8,0.529,0.539,0.207,0.217,100.35,101.33,84.44,101.33,0.065,706,60,140,2.2,5.2,0.429,415,391,190,359,424,267,350,350,389,366,366,321,359,359,245,338,355,552,546,560,270,268,329,398,149,139,403,328,328,453,386,385,351,327,379,1
1629638,Nickeil Alexander-Walker,Nickeil,1610612737,ATL,27.0,77,42,35,0.545,33.4,115.3,115.9,115.9,111.5,112.4,112.4,3.8,3.6,3.6,0.157,1.76,16.2,0.019,0.08,0.049,9.2,9.2,0.563,0.61,0.231,0.239,105.03,104.36,86.97,104.36,0.105,5597,541,1182,7.0,15.4,0.458,24,75,467,248,31,119,115,115,240,267,267,148,150,150,213,272,334,462,484,501,226,226,192,143,87,87,71,104,104,173,21,17,47,41,282,1
201587,Nicolas Batum,Nicolas,1610612746,LAC,37.0,72,38,34,0.528,17.6,113.5,113.1,113.1,113.2,113.7,113.7,0.3,-0.6,-0.6,0.068,1.68,18.5,0.019,0.12,0.071,11.0,11.0,0.593,0.6,0.092,0.096,99.07,98.98,82.49,98.98,0.058,2611,93,232,1.3,3.2,0.401,70,118,456,278,328,187,228,228,321,333,333,233,263,263,507,302,256,460,279,337,389,388,114,182,565,564,466,472,472,487,344,323,455,433,458,1
1628502,Nigel Hayes-Davis,Nigel,1610612756,PHX,31.0,27,15,12,0.556,7.2,96.2,95.1,95.1,114.0,112.8,112.8,-17.8,-17.7,-17.7,0.055,0.88,11.1,0.057,0.113,0.083,12.7,12.7,0.348,0.356,0.116,0.122,98.73,99.83,83.19,99.83,0.028,406,15,46,0.6,1.7,0.326,415,359,156,235,505,544,542,542,358,281,281,543,545,545,539,519,498,173,309,268,485,488,543,558,514,510,486,433,433,554,480,471,534,526,538,1
203999,Nikola Jokić,Nikola,1610612743,DEN,31.0,64,42,22,0.656,35.1,124.9,126.0,126.0,114.6,115.2,115.2,10.3,10.8,10.8,0.461,2.86,30.8,0.088,0.271,0.184,10.7,10.7,0.618,0.669,0.288,0.295,103.29,102.57,85.47,102.57,0.213,4814,637,1120,10.0,17.5,0.569,165,75,281,122,9,9,3,3,392,402,402,37,43,43,3,78,39,84,9,16,354,353,73,45,24,24,178,221,221,4,9,22,5,20,73,1
1631107,Nikola Jović,Nikola,1610612748,MIA,22.0,47,24,23,0.511,17.2,109.2,109.3,109.3,108.4,110.1,110.1,0.8,-0.8,-0.8,0.173,1.57,19.5,0.028,0.137,0.084,12.4,12.4,0.438,0.48,0.203,0.212,108.53,107.64,89.7,107.64,0.073,1816,115,314,2.4,6.7,0.366,312,246,296,293,336,373,375,375,112,164,164,220,273,273,178,342,226,380,214,265,470,467,510,505,155,152,17,28,28,401,311,269,321,257,508,1
1642260,Nikola Topić,Nikola,1610612760,OKC,20.0,8,6,2,0.75,10.3,106.1,104.7,104.7,110.3,110.1,110.1,-4.2,-5.4,-5.4,0.322,1.58,34.5,0.048,0.105,0.077,21.8,21.9,0.391,0.419,0.185,0.194,97.99,98.69,82.24,98.69,0.052,170,8,23,1.0,2.9,0.348,506,457,32,49,461,474,487,487,171,166,166,342,382,382,36,334,24,216,349,301,568,567,537,538,215,209,510,488,488,514,511,502,485,456,520,1
202696,Nikola Vučević,Nikola,1610612738,BOS,35.0,62,34,28,0.548,28.6,112.6,112.6,112.6,113.9,114.7,114.7,-1.3,-2.1,-2.1,0.173,2.48,18.4,0.068,0.212,0.142,7.4,7.5,0.551,0.57,0.214,0.219,102.44,102.05,85.04,102.05,0.126,3784,385,785,6.2,12.7,0.49,184,162,369,244,116,224,247,247,356,377,377,283,301,301,179,120,259,144,43,65,108,112,242,293,130,133,252,267,267,77,68,75,72,81,174,2
1642363,Nique Clifford,Nique,1610612758,SAC,24.0,73,20,53,0.274,24.7,110.2,111.0,111.0,114.8,115.4,115.4,-4.5,-4.4,-4.4,0.126,1.56,19.0,0.034,0.113,0.073,12.2,12.2,0.477,0.496,0.165,0.168,101.43,100.8,84.0,100.8,0.059,3773,234,569,3.2,7.8,0.411,63,296,569,466,190,324,300,300,402,414,414,352,355,355,277,345,243,303,310,331,458,458,466,490,317,330,331,368,368,480,171,142,245,209,436,1
1642855,Noa Essengue,Noa,1610612741,CHI,19.0,2,1,1,0.5,3.0,64.3,60.0,60.0,169.0,171.4,171.4,-104.7,-111.4,-111.4,0.0,0.0,0.0,0.0,0.0,0.0,0.0,0.0,0.0,0.0,0.188,0.2,112.18,115.36,96.13,115.36,-0.095,15,0,3,0.0,1.5,0.0,568,545,9,300,570,576,576,576,577,578,578,578,579,579,568,550,568,555,570,574,1,1,571,574,207,186,8,9,9,575,571,567,571,536,571,1
1641730,Noah Clowney,Noah,1610612751,BKN,21.0,66,17,49,0.258,27.0,108.0,109.7,109.7,117.1,118.3,118.3,-9.1,-8.7,-8.7,0.095,1.06,11.5,0.029,0.128,0.077,10.8,10.9,0.498,0.554,0.202,0.204,99.77,98.49,82.08,98.49,0.072,3647,250,631,3.8,9.6,0.396,141,326,558,482,150,421,354,354,470,487,487,464,442,442,397,478,485,369,245,300,366,368,425,352,157,173,432,495,495,407,157,119,196,148,472,1
1642869,Noah Penda,Noah,1610612753,ORL,21.0,58,29,29,0.5,12.9,110.2,110.4,110.4,115.4,113.4,113.4,-5.2,-3.0,-3.0,0.122,1.62,20.5,0.081,0.161,0.119,12.7,12.6,0.483,0.511,0.141,0.146,100.67,101.47,84.56,101.47,0.077,1582,82,201,1.4,3.5,0.408,221,197,382,300,417,328,321,321,418,313,313,373,321,321,294,319,192,94,138,108,483,480,457,469,430,428,378,316,316,370,354,345,439,417,445,1
1642849,Nolan Traore,Nolan,1610612751,BKN,19.0,55,14,41,0.255,22.3,107.4,108.1,108.1,118.2,118.9,118.9,-10.8,-10.8,-10.8,0.268,1.66,25.1,0.01,0.071,0.039,15.1,15.1,0.445,0.48,0.221,0.227,98.91,98.3,81.92,98.3,0.054,2508,177,465,3.2,8.5,0.381,246,369,515,484,233,438,408,408,492,498,498,492,484,484,67,306,110,536,523,546,533,533,503,503,115,114,473,503,503,505,236,195,242,186,496,1
1641807,Norchad Omier,Norchad,1610612746,LAC,24.0,5,5,0,1.0,4.3,101.1,97.8,97.8,149.0,148.8,148.8,-47.9,-51.1,-51.1,0.182,0.0,18.2,0.107,0.2,0.14,0.0,0.0,0.75,0.805,0.164,0.184,96.09,97.78,81.48,97.78,0.158,45,6,8,1.2,1.6,0.75,530,469,1,1,549,529,532,532,575,575,575,572,573,573,161,550,270,55,58,69,1,1,9,3,319,258,554,529,529,18,521,539,466,532,6,1
1626181,Norman Powell,Norman,1610612748,MIA,32.0,56,28,28,0.5,30.0,112.7,114.4,114.4,112.2,113.4,113.4,0.5,1.0,1.0,0.125,1.29,11.4,0.011,0.099,0.055,8.8,8.7,0.558,0.61,0.261,0.269,107.13,105.8,88.17,105.8,0.114,3704,411,873,7.3,15.6,0.471,235,209,369,300,91,218,161,161,275,314,314,225,220,220,280,427,492,530,380,462,193,186,207,145,47,46,26,52,52,124,57,53,38,40,236,1
1628384,OG Anunoby,OG,1610612752,NYK,28.0,65,43,22,0.662,33.4,119.5,119.5,119.5,110.4,110.3,110.3,9.1,9.2,9.2,0.09,1.16,12.3,0.04,0.115,0.078,10.6,10.6,0.584,0.622,0.195,0.199,99.99,100.04,83.37,100.04,0.1,4519,384,790,5.9,12.2,0.486,151,62,281,116,30,26,36,36,182,176,176,49,53,53,416,460,459,275,300,294,334,337,126,106,184,190,423,422,422,206,69,72,81,90,184,1
1630167,Obi Toppin,Obi,1610612754,IND,28.0,21,3,18,0.143,17.5,113.0,113.8,113.8,119.3,119.2,119.2,-6.3,-5.4,-5.4,0.189,2.0,19.0,0.03,0.202,0.117,9.5,9.4,0.567,0.613,0.235,0.243,103.52,103.21,86.01,103.21,0.132,789,79,165,3.8,7.9,0.479,437,494,228,548,331,204,192,192,505,501,501,402,380,380,155,201,245,359,55,120,244,236,182,132,82,80,160,175,175,64,362,368,199,208,208,1
1630534,Ochai Agbaji,Ochai,1610612751,BKN,25.0,62,28,34,0.452,15.7,107.2,106.4,106.4,109.5,109.0,109.0,-2.2,-2.7,-2.7,0.07,1.52,12.4,0.046,0.096,0.071,8.2,8.2,0.496,0.525,0.142,0.147,99.71,100.34,83.62,100.34,0.057,2031,122,280,2.0,4.5,0.436,184,209,456,356,372,444,463,463,142,133,133,304,316,316,499,361,453,226,398,340,160,162,430,443,419,423,436,401,401,490,301,288,377,365,357,2
1630846,Olivier Sarr,Olivier,1610612739,CLE,27.0,2,2,0,1.0,2.7,131.9,118.8,118.8,144.0,146.7,146.7,-12.0,-27.9,-27.9,0.0,0.0,0.0,0.0,0.0,0.0,0.0,0.0,0.0,0.568,0.059,0.061,130.7,136.51,113.76,136.51,-0.077,16,0,0,0.0,0.0,0.0,568,515,1,1,574,4,52,52,572,574,574,509,560,560,568,550,568,555,570,574,1,1,571,301,577,577,2,2,2,574,571,578,571,578,571,1
1641765,Olivier-Maxence Prosper,Olivier-Maxence,1610612763,MEM,23.0,53,16,37,0.302,18.6,111.2,110.7,110.7,119.7,120.4,120.4,-8.5,-9.7,-9.7,0.077,1.09,10.3,0.057,0.127,0.091,9.5,9.4,0.634,0.662,0.183,0.19,104.79,104.7,87.25,104.7,0.103,2145,192,350,3.6,6.6,0.549,268,344,487,444,314,292,310,310,511,521,521,449,462,462,465,473,523,178,249,227,241,240,58,55,226,221,81,84,84,187,218,253,212,261,84,1
1630209,Omer Yurtseven,Omer,1610612744,GSW,27.0,9,3,6,0.333,11.6,107.9,108.4,108.4,112.7,114.1,114.1,-4.8,-5.7,-5.7,0.103,0.89,15.4,0.133,0.167,0.15,17.3,17.7,0.423,0.501,0.167,0.17,105.44,104.58,87.15,104.58,0.054,226,11,26,1.2,2.9,0.423,500,494,84,421,439,422,401,401,300,359,359,360,388,388,365,515,363,26,120,50,547,550,522,477,305,318,61,91,91,506,492,494,461,455,397,1
1630168,Onyeka Okongwu,Onyeka,1610612737,ATL,25.0,73,40,33,0.548,31.1,112.5,113.2,113.2,111.3,111.6,111.6,1.2,1.6,1.6,0.141,1.81,17.7,0.058,0.179,0.118,9.8,9.8,0.566,0.594,0.191,0.196,104.93,104.42,87.02,104.42,0.104,4941,412,855,5.6,11.7,0.482,63,95,439,245,66,229,225,225,221,230,230,209,202,202,241,258,288,169,96,117,269,269,184,202,195,203,74,99,99,175,54,57,93,100,197,1
1631115,Orlando Robinson,Orlando,1610612753,ORL,25.0,4,2,2,0.5,6.2,118.9,122.4,122.4,152.0,144.9,144.9,-33.1,-22.4,-22.4,0.158,0.0,37.5,0.069,0.125,0.089,0.0,0.0,0.7,0.7,0.081,0.083,94.0,94.78,78.98,94.78,0.074,49,3,5,0.8,1.3,0.6,543,515,32,300,523,33,15,15,576,573,573,564,553,553,210,550,14,137,256,238,1,1,17,23,572,573,570,573,573,398,542,554,516,546,47,1
1631131,Oscar Tshiebwe,Oscar,1610612762,UTA,26.0,25,2,23,0.08,15.5,110.2,110.4,110.4,123.2,121.3,121.3,-13.0,-11.0,-11.0,0.096,1.53,14.8,0.144,0.196,0.168,9.7,9.6,0.624,0.623,0.152,0.156,103.13,103.82,86.52,103.82,0.11,840,73,117,2.9,4.7,0.624,425,515,296,562,375,327,323,323,545,534,534,524,487,487,387,358,383,16,63,33,259,261,66,104,380,385,189,136,136,146,369,399,282,355,37,1
1642345,Oso Ighodaro,Oso,1610612756,PHX,23.0,80,44,36,0.55,22.2,114.5,114.8,114.8,110.2,110.2,110.2,4.3,4.6,4.6,0.137,1.8,26.1,0.07,0.155,0.111,14.5,14.4,0.655,0.637,0.12,0.124,98.61,98.48,82.07,98.48,0.088,3628,235,359,2.9,4.5,0.655,1,56,477,240,237,148,146,146,168,169,169,136,121,121,251,264,95,132,152,139,528,527,40,79,504,505,491,496,496,279,170,246,280,369,22,1
1631172,Ousmane Dieng,Ousmane,1610612749,MIL,22.0,55,32,23,0.582,18.6,108.1,108.1,108.1,118.1,117.6,117.6,-10.0,-9.5,-9.5,0.172,1.78,20.3,0.028,0.133,0.08,11.4,11.4,0.509,0.522,0.191,0.196,99.61,99.8,83.17,99.8,0.076,2118,159,374,2.9,6.8,0.425,246,174,296,197,313,415,407,407,487,474,474,475,457,457,181,267,199,384,227,281,412,414,397,447,193,205,442,434,434,383,259,235,284,250,390,2
1629023,P.J. Washington,P.J.,1610612742,DAL,27.0,56,16,40,0.286,31.0,106.7,107.0,107.0,113.3,114.4,114.4,-6.6,-7.3,-7.3,0.082,1.04,10.6,0.045,0.162,0.105,10.1,10.1,0.508,0.537,0.194,0.2,104.5,103.86,86.55,103.86,0.093,3755,296,658,5.3,11.8,0.45,235,344,509,453,71,457,444,444,325,367,367,414,420,420,446,480,514,232,132,160,303,304,401,403,186,185,101,130,130,246,120,105,110,99,314,1
1641790,PJ Hall,PJ,1610612766,CHA,24.0,19,7,12,0.368,11.2,108.2,108.4,108.4,114.1,113.9,113.9,-5.9,-5.4,-5.4,0.077,0.63,10.2,0.146,0.18,0.163,16.3,16.4,0.534,0.599,0.17,0.174,101.68,101.68,84.73,101.68,0.098,450,30,59,1.6,3.1,0.508,451,444,156,403,443,412,399,399,364,342,342,388,383,383,466,534,525,13,92,39,541,542,303,183,288,300,312,301,301,213,449,458,415,441,133,2
1642359,Pacôme Dadiet,Pacôme,1610612752,NYK,20.0,27,17,10,0.63,3.9,102.2,99.1,99.1,98.8,95.1,95.1,3.4,4.0,4.0,0.137,5.0,20.0,0.026,0.161,0.094,4.0,4.0,0.4,0.452,0.151,0.16,98.87,102.39,85.32,102.39,0.094,224,11,35,0.4,1.3,0.314,415,326,137,148,555,523,529,529,17,16,16,157,138,138,250,9,209,397,136,210,34,37,534,524,385,367,475,235,235,233,492,484,549,544,542,1
1631094,Paolo Banchero,Paolo,1610612753,ORL,23.0,70,37,33,0.529,34.8,112.1,114.0,114.0,112.5,114.7,114.7,-0.4,-0.6,-0.6,0.23,1.67,18.3,0.033,0.204,0.119,10.9,10.9,0.499,0.569,0.274,0.277,102.63,100.84,84.03,100.84,0.139,5123,517,1120,7.4,16.0,0.462,88,125,439,276,14,250,181,181,291,374,374,259,264,264,100,303,269,321,50,112,375,376,424,296,33,36,234,362,362,49,25,22,35,34,267,1
1627783,Pascal Siakam,Pascal,1610612754,IND,32.0,62,17,45,0.274,33.2,111.6,111.5,111.5,116.3,117.2,117.2,-4.6,-5.6,-5.6,0.19,1.71,13.9,0.041,0.151,0.095,8.2,8.1,0.529,0.562,0.292,0.301,103.31,102.95,85.79,102.95,0.13,4419,559,1155,9.0,18.6,0.484,184,326,540,464,39,270,282,282,449,463,463,355,386,386,153,295,402,264,164,208,157,156,325,325,23,22,175,196,196,67,17,20,13,13,189,1
1626192,Pat Connaughton,Pat,1610612766,CHA,33.0,41,25,16,0.61,7.1,99.4,97.6,97.6,105.8,102.0,102.0,-6.5,-4.4,-4.4,0.112,1.8,14.9,0.048,0.154,0.1,8.3,8.3,0.577,0.593,0.149,0.155,94.4,96.98,80.81,96.98,0.119,590,38,84,0.9,2.0,0.452,348,237,205,170,508,539,534,534,57,31,31,408,353,353,322,259,378,217,158,182,163,166,142,206,392,389,567,549,549,96,424,429,498,510,300,1
1630311,Pat Spencer,Pat,1610612744,GSW,29.0,63,30,33,0.476,18.4,111.2,111.8,111.8,113.6,114.1,114.1,-2.5,-2.3,-2.3,0.271,2.7,29.6,0.04,0.091,0.065,11.0,11.0,0.498,0.519,0.186,0.191,100.61,100.12,83.43,100.12,0.089,2412,177,413,2.8,6.6,0.429,176,192,439,336,315,293,270,270,339,356,356,309,305,305,66,96,50,267,429,379,379,384,426,454,211,218,380,416,416,276,236,218,291,265,379,1
1631116,Patrick Baldwin Jr.,Patrick,1610612758,SAC,23.0,9,3,6,0.333,11.4,102.7,100.0,100.0,115.6,117.2,117.2,-12.9,-17.2,-17.2,0.072,1.0,12.5,0.103,0.11,0.106,12.5,12.5,0.519,0.549,0.142,0.148,99.65,100.24,83.54,100.24,0.052,213,11,27,1.2,3.0,0.407,500,494,84,421,442,519,522,522,427,465,465,523,542,542,485,488,446,61,323,155,473,472,369,368,415,418,439,411,411,512,492,492,461,447,447,3
1630172,Patrick Williams,Patrick,1610612741,CHI,24.0,69,23,46,0.333,19.9,103.7,103.6,103.6,114.4,114.8,114.8,-10.7,-11.1,-11.1,0.1,1.33,15.0,0.031,0.105,0.067,11.2,11.2,0.475,0.496,0.159,0.164,105.66,105.49,87.91,105.49,0.056,3021,166,442,2.4,6.4,0.376,101,260,546,421,288,507,497,497,378,380,380,489,489,489,374,410,374,346,346,364,399,401,472,489,348,351,51,64,64,498,251,207,327,274,499,1
202331,Paul George,Paul,1610612755,PHI,35.0,34,20,14,0.588,31.1,115.4,115.9,115.9,110.4,111.6,111.6,4.9,4.3,4.3,0.181,2.21,18.1,0.018,0.146,0.082,8.2,8.2,0.539,0.574,0.23,0.236,100.78,100.01,83.34,100.01,0.119,2201,210,479,6.2,14.1,0.438,389,296,178,189,68,118,116,116,185,231,231,116,134,134,165,164,278,473,182,274,158,160,283,279,90,91,369,423,423,98,202,186,73,55,348,1
1630194,Paul Reed,Paul,1610612765,DET,26.0,63,45,18,0.714,13.8,111.5,111.8,111.8,105.1,105.3,105.3,6.4,6.5,6.5,0.134,1.35,15.2,0.141,0.175,0.158,11.3,11.3,0.625,0.639,0.199,0.205,101.86,101.59,84.65,101.59,0.147,1832,196,324,3.1,5.1,0.605,176,50,228,71,402,279,269,269,50,60,60,82,83,83,259,406,370,21,104,42,401,409,64,74,167,169,298,308,308,32,214,263,255,331,43,1
1630202,Payton Pritchard,Payton,1610612738,BOS,28.0,77,53,24,0.688,32.3,117.2,119.7,119.7,111.3,112.2,112.2,5.9,7.5,7.5,0.231,3.7,24.3,0.026,0.091,0.059,6.6,6.6,0.559,0.583,0.209,0.214,97.16,95.73,79.78,95.73,0.119,4975,489,1057,6.4,13.7,0.463,24,14,316,85,43,69,34,34,223,260,260,95,65,65,98,28,125,399,428,431,73,72,205,243,143,146,537,567,567,97,34,30,65,59,263,1
1642362,Payton Sandfort,Payton,1610612760,OKC,23.0,2,2,0,1.0,3.5,81.3,75.0,75.0,145.2,143.8,143.8,-63.9,-68.8,-68.8,0.0,0.0,0.0,0.0,0.222,0.1,14.3,14.5,0.3,0.34,0.368,0.387,105.92,110.77,92.31,110.77,-0.172,16,1,5,0.5,2.5,0.2,568,515,1,1,564,569,571,571,573,572,572,576,575,575,568,550,568,555,35,179,524,528,552,561,1,1,44,17,17,579,556,554,538,476,560,1
1641796,Pelle Larsson,Pelle,1610612748,MIA,25.0,68,37,31,0.544,26.3,114.8,115.5,115.5,111.9,112.9,112.9,3.0,2.6,2.6,0.163,2.35,23.9,0.036,0.088,0.062,10.2,10.1,0.55,0.605,0.163,0.167,106.54,105.72,88.1,105.72,0.084,3935,265,535,3.9,7.9,0.495,114,125,417,254,161,136,129,129,258,289,289,162,174,174,201,138,135,294,442,404,305,307,244,159,326,336,34,53,53,311,144,157,193,207,166,1
1631250,Pete Nance,Pete,1610612749,MIL,26.0,47,14,33,0.298,15.7,112.5,112.2,112.2,118.2,117.4,117.4,-5.7,-5.2,-5.2,0.092,1.85,17.6,0.038,0.135,0.086,9.5,9.5,0.644,0.639,0.132,0.137,97.36,97.81,81.51,97.81,0.078,1502,100,194,2.1,4.1,0.515,312,369,439,445,373,230,260,260,489,468,468,382,376,376,408,248,293,289,221,252,248,249,50,76,464,463,530,528,528,362,330,352,362,387,121,1
1631212,Peyton Watson,Peyton,1610612743,DEN,23.0,54,36,18,0.667,29.6,122.7,123.7,123.7,116.5,117.6,117.6,6.2,6.2,6.2,0.096,1.19,12.8,0.033,0.127,0.083,10.7,10.7,0.56,0.594,0.204,0.208,100.32,99.45,82.88,99.45,0.087,3307,285,581,5.3,10.8,0.491,260,136,228,96,99,15,10,10,454,472,472,88,90,90,389,454,441,320,250,269,348,351,201,200,153,158,407,450,450,290,130,136,112,125,172,1
1630173,Precious Achiuwa,Precious,1610612758,SAC,26.0,71,19,52,0.268,23.7,110.9,111.0,111.0,116.8,118.0,118.0,-5.9,-7.1,-7.1,0.078,1.5,11.9,0.099,0.18,0.139,8.0,8.0,0.559,0.565,0.169,0.173,100.96,100.43,83.69,100.43,0.102,3522,304,568,4.3,8.0,0.535,80,309,563,475,209,296,303,303,460,484,484,387,418,418,464,364,470,73,93,70,142,142,206,318,294,306,357,394,394,192,116,143,168,198,99,1
1629656,Quentin Grimes,Quentin,1610612755,PHI,25.0,72,40,32,0.556,29.7,111.6,112.6,112.6,111.3,113.0,113.0,0.3,-0.4,-0.4,0.16,1.84,20.1,0.02,0.096,0.058,10.9,10.9,0.535,0.586,0.181,0.187,102.55,101.29,84.41,101.29,0.091,4512,325,721,4.5,10.0,0.451,70,95,428,235,98,271,246,246,224,296,296,231,257,257,205,249,205,453,390,436,374,369,298,231,241,236,241,330,330,260,101,88,149,140,311,1
1631245,Quenton Jackson,Quenton,1610612754,IND,27.0,46,9,37,0.196,17.7,110.2,109.5,109.5,114.4,114.3,114.3,-4.3,-4.8,-4.8,0.212,2.09,23.3,0.031,0.093,0.062,11.2,11.2,0.542,0.596,0.196,0.203,104.57,104.91,87.43,104.91,0.093,1785,136,287,3.0,6.2,0.474,319,422,487,532,327,331,363,363,380,365,365,345,369,369,120,177,143,340,414,403,396,397,275,192,178,180,98,75,75,241,277,284,277,283,220,1
1642366,Quinten Post,Quinten,1610612744,GSW,26.0,67,32,35,0.478,17.3,112.7,112.4,112.4,111.2,110.2,110.2,1.5,2.3,2.3,0.116,1.68,15.4,0.057,0.165,0.111,9.2,9.2,0.546,0.56,0.183,0.188,101.13,101.7,84.75,101.7,0.089,2458,193,439,2.9,6.6,0.44,126,174,467,334,333,220,252,252,218,168,168,198,184,184,310,301,360,175,127,136,224,227,263,335,222,234,348,300,300,273,217,209,285,266,344,1
1629628,RJ Barrett,RJ,1610612761,TOR,25.0,55,32,23,0.582,30.2,117.2,117.7,117.7,112.4,113.6,113.6,4.8,4.1,4.1,0.159,1.88,15.6,0.033,0.143,0.089,8.3,8.3,0.55,0.583,0.253,0.259,101.69,100.98,84.15,100.98,0.112,3492,386,786,7.0,14.3,0.491,246,174,296,197,84,67,76,76,284,327,327,121,137,137,207,244,350,324,189,241,167,167,246,242,56,59,311,353,353,133,66,74,48,53,171,1
1642853,Rasheer Fleming,Rasheer,1610612756,PHX,21.0,53,28,25,0.528,11.5,113.9,112.9,112.9,106.6,107.3,107.3,7.3,5.5,5.5,0.028,0.55,4.9,0.087,0.097,0.092,8.9,9.0,0.51,0.519,0.157,0.164,96.81,96.93,80.77,96.93,0.058,1242,80,196,1.5,3.7,0.408,268,209,331,277,440,167,240,240,73,90,90,63,107,107,563,537,564,86,386,224,202,208,391,455,355,355,543,551,551,489,358,349,426,405,444,1
1642484,RayJ Dennis,RayJ,1610612737,ATL,25.0,16,3,13,0.188,11.2,94.6,94.7,94.7,107.2,104.8,104.8,-12.6,-10.2,-10.2,0.275,2.0,24.6,0.034,0.078,0.053,12.3,12.3,0.384,0.416,0.198,0.203,103.94,105.02,87.52,105.02,0.056,394,22,73,1.4,4.6,0.301,458,494,168,536,444,550,545,545,83,55,55,517,474,474,61,201,121,313,492,471,461,463,540,539,169,177,132,72,72,497,461,440,443,361,548,3
1641712,Rayan Rupert,Rayan,1610612763,MEM,21.0,62,29,33,0.468,16.0,103.7,104.7,104.7,116.2,116.3,116.3,-12.5,-11.6,-11.6,0.087,1.28,14.7,0.038,0.124,0.079,11.5,11.5,0.471,0.5,0.14,0.143,102.7,102.13,85.11,102.13,0.053,2106,108,273,1.7,4.4,0.396,184,197,439,349,365,506,484,484,447,437,437,516,502,502,430,428,387,287,262,290,420,420,481,479,432,440,225,261,261,509,320,292,399,374,473,2
1642263,Reed Sheppard,Reed,1610612745,HOU,21.0,79,50,29,0.633,26.4,113.9,115.6,115.6,111.0,111.2,111.2,2.9,4.4,4.4,0.184,2.21,20.2,0.013,0.092,0.053,9.1,9.1,0.553,0.567,0.208,0.213,99.49,98.66,82.21,98.66,0.102,4324,393,909,5.0,11.5,0.432,12,29,382,143,160,169,125,125,210,217,217,164,133,133,160,162,203,521,426,478,220,218,231,308,144,147,449,489,489,194,64,49,126,104,372,1
1642434,Riley Minix,Riley,1610612739,CLE,25.0,7,6,1,0.857,3.6,125.2,123.0,123.0,112.9,111.7,111.7,12.2,11.3,11.3,0.211,2.0,22.2,0.087,0.125,0.106,11.1,11.1,0.792,0.792,0.197,0.206,114.93,116.63,97.19,116.63,0.17,61,8,12,1.1,1.7,0.667,511,457,9,11,562,7,13,13,312,233,233,24,37,37,123,201,160,87,256,153,391,393,3,4,171,162,5,7,7,11,511,529,471,525,14,2
1642265,Rob Dillingham,Rob,1610612741,CHI,21.0,62,28,34,0.452,14.3,106.4,106.4,106.4,112.4,112.9,112.9,-6.1,-6.5,-6.5,0.212,1.54,21.8,0.018,0.104,0.061,14.2,14.2,0.444,0.465,0.215,0.222,105.59,105.36,87.8,105.36,0.059,1948,146,373,2.4,6.0,0.391,184,209,456,356,395,468,461,461,283,286,286,393,407,407,121,352,170,473,354,416,521,521,507,517,127,124,56,66,66,483,270,236,334,292,481,2
1629057,Robert Williams III,Robert,1610612757,POR,28.0,57,28,29,0.491,17.0,110.0,110.5,110.5,108.3,108.4,108.4,1.6,2.1,2.1,0.092,1.23,15.9,0.133,0.247,0.19,12.9,13.0,0.726,0.72,0.129,0.132,103.23,102.99,85.82,102.99,0.161,2076,170,239,3.0,4.2,0.711,228,209,382,324,344,342,319,319,109,115,115,193,191,191,407,436,344,25,16,12,498,500,13,20,477,486,183,194,194,17,245,318,273,384,9,1
1642911,Rocco Zikarsky,Rocco,1610612750,MIN,19.0,4,0,4,0.0,4.1,114.4,118.2,118.2,122.3,121.9,121.9,-7.9,-3.7,-3.7,0.0,0.0,0.0,0.143,0.143,0.143,0.0,0.0,0.6,0.6,0.135,0.139,97.42,96.0,80.0,96.0,0.107,33,3,5,0.8,1.3,0.6,543,564,58,564,553,151,65,65,537,538,538,434,337,337,568,550,568,18,187,62,1,1,94,177,455,460,527,566,566,165,542,554,516,546,47,1
1631199,Ron Harper Jr.,Ron,1610612738,BOS,25.0,27,20,7,0.741,10.0,112.4,111.8,111.8,110.6,109.1,109.1,1.8,2.7,2.7,0.087,3.4,16.0,0.048,0.102,0.074,4.7,4.7,0.53,0.531,0.138,0.143,94.07,94.97,79.14,94.97,0.071,534,33,83,1.2,3.1,0.398,415,296,102,58,467,234,271,271,190,135,135,183,171,171,427,40,339,215,365,325,44,44,322,427,443,438,569,571,571,412,436,432,461,445,465,1
1641842,Ronald Holland II,Ronald,1610612765,DET,20.0,76,54,22,0.711,19.9,108.6,110.0,110.0,104.0,104.2,104.2,4.6,5.8,5.8,0.088,0.98,11.9,0.052,0.139,0.096,12.2,12.0,0.476,0.525,0.185,0.192,102.7,101.95,84.96,101.95,0.085,3181,229,529,3.0,7.0,0.433,34,11,281,76,289,400,339,339,41,51,51,125,100,100,424,504,473,198,201,199,457,453,467,444,216,216,226,278,278,301,174,158,263,244,370,1
1626220,Royce O'Neale,Royce,1610612756,PHX,32.0,77,43,34,0.558,28.5,111.2,111.7,111.7,114.6,115.4,115.4,-3.3,-3.6,-3.6,0.128,2.01,21.8,0.025,0.138,0.08,10.9,10.9,0.592,0.598,0.138,0.142,101.27,100.71,83.93,100.71,0.081,4621,259,615,3.4,8.0,0.421,24,62,456,229,119,287,274,274,388,412,412,331,336,336,270,200,169,406,207,280,369,372,116,188,442,445,339,375,375,333,148,126,228,202,402,1
203497,Rudy Gobert,Rudy,1610612750,MIN,33.0,76,46,30,0.605,31.3,112.1,113.0,113.0,106.6,108.0,108.0,5.5,5.0,5.0,0.074,1.21,14.9,0.121,0.222,0.173,12.3,12.4,0.682,0.664,0.127,0.129,102.6,101.49,84.58,101.49,0.121,5023,335,491,4.4,6.5,0.682,34,46,403,172,60,253,231,231,72,100,100,107,113,113,480,448,377,35,36,30,464,465,26,53,488,492,238,315,315,93,93,179,157,273,12,1
1629060,Rui Hachimura,Rui,1610612747,LAL,28.0,65,44,21,0.677,28.3,115.2,115.9,115.9,114.4,115.6,115.6,0.8,0.3,0.3,0.039,1.3,7.6,0.023,0.093,0.059,5.8,5.8,0.61,0.618,0.147,0.15,101.96,101.06,84.22,101.06,0.072,3869,290,565,4.5,8.7,0.513,151,56,268,90,125,127,114,114,376,424,424,219,237,237,556,424,552,429,422,430,57,57,86,116,398,406,287,349,349,405,127,146,153,178,125,1
201566,Russell Westbrook,Russell,1610612758,SAC,37.0,64,16,48,0.25,28.9,109.5,110.0,110.0,119.9,122.1,122.1,-10.4,-12.1,-12.1,0.33,2.04,27.4,0.042,0.147,0.093,13.4,13.4,0.503,0.528,0.252,0.257,103.34,102.15,85.12,102.15,0.105,3951,358,839,5.6,13.1,0.427,165,344,552,486,110,354,334,334,514,540,540,481,508,508,29,193,72,252,178,219,508,508,409,433,61,64,171,259,259,171,83,62,96,73,384,1
1642346,Ryan Dunn,Ryan,1610612756,PHX,23.0,68,39,29,0.574,19.1,110.8,110.8,110.8,107.7,108.5,108.5,3.1,2.4,2.4,0.103,1.81,18.6,0.07,0.139,0.104,10.3,10.3,0.526,0.527,0.135,0.139,98.49,98.1,81.75,98.1,0.079,2642,156,348,2.3,5.1,0.448,114,106,382,209,304,307,308,308,97,118,118,160,181,181,365,257,255,135,200,163,311,314,338,436,456,459,495,510,510,351,261,254,342,336,321,1
1641750,Ryan Kalkbrenner,Ryan,1610612766,CHA,24.0,67,38,29,0.567,21.4,110.5,112.2,112.2,111.2,111.0,111.0,-0.7,1.2,1.2,0.052,0.86,11.4,0.109,0.134,0.122,13.2,13.2,0.748,0.757,0.114,0.116,101.17,100.53,83.78,100.53,0.109,3011,214,286,3.2,4.3,0.748,126,118,382,218,253,314,259,259,219,205,205,266,214,214,543,521,488,52,223,102,504,504,12,11,524,526,345,389,389,155,195,285,246,381,7,1
1642948,Ryan Nembhard,Ryan,1610612742,DAL,23.0,58,19,39,0.328,19.0,109.3,109.6,109.6,112.2,112.4,112.4,-2.9,-2.8,-2.8,0.345,3.53,38.4,0.01,0.094,0.053,10.9,10.9,0.475,0.488,0.174,0.179,101.79,101.59,84.66,101.59,0.084,2343,151,366,2.6,6.3,0.413,221,309,505,431,306,368,361,361,274,269,269,320,318,318,20,33,11,538,410,472,371,371,471,496,275,279,306,306,306,309,265,241,306,280,432,1
1631157,Ryan Rollins,Ryan,1610612749,MIL,23.0,74,29,45,0.392,32.1,112.4,113.3,113.3,115.2,116.5,116.5,-2.8,-3.2,-3.2,0.264,2.06,24.2,0.023,0.115,0.07,11.7,11.7,0.561,0.583,0.236,0.242,100.49,99.55,82.96,99.55,0.111,4920,486,1030,6.6,13.9,0.472,55,197,540,394,47,236,223,223,412,441,441,316,326,326,71,186,129,422,301,345,432,436,199,245,80,82,390,446,446,140,35,33,61,57,234,1
1630180,Saddiq Bey,Saddiq,1610612740,NOP,27.0,72,24,48,0.333,31.2,112.7,113.3,113.3,115.9,116.8,116.8,-3.2,-3.6,-3.6,0.12,2.68,13.5,0.051,0.12,0.085,5.1,5.0,0.529,0.579,0.213,0.218,102.75,102.05,85.04,102.05,0.112,4767,436,967,6.1,13.4,0.451,70,246,552,421,65,221,222,222,433,454,454,328,331,331,299,100,422,203,280,258,49,49,328,254,132,138,221,268,268,130,47,42,75,67,309,1
1630573,Sam Hauser,Sam,1610612738,BOS,28.0,76,53,23,0.697,24.7,118.2,119.7,119.7,110.5,111.1,111.1,7.7,8.6,8.6,0.075,3.06,14.6,0.029,0.118,0.074,4.8,4.8,0.578,0.584,0.141,0.145,98.12,97.25,81.04,97.25,0.078,3808,242,581,3.2,7.6,0.417,34,14,296,82,193,47,35,35,188,209,209,60,56,56,475,58,391,372,286,326,46,46,137,239,425,435,506,546,546,356,162,136,247,217,420,1
1630241,Sam Merrill,Sam,1610612739,CLE,29.0,52,37,15,0.712,26.5,119.4,120.3,120.3,111.5,112.6,112.6,8.0,7.7,7.7,0.119,2.98,18.4,0.02,0.072,0.047,6.2,6.2,0.624,0.644,0.167,0.17,102.4,101.54,84.61,101.54,0.081,2921,223,484,4.3,9.3,0.461,273,125,190,75,156,29,25,25,235,274,274,56,62,62,301,70,261,450,516,521,66,66,65,68,310,320,256,309,309,327,186,184,166,160,273,1
1630572,Sandro Mamukelashvili,Sandro,1610612761,TOR,26.0,77,42,35,0.545,21.9,113.6,114.3,114.3,109.6,109.9,109.9,4.0,4.4,4.4,0.122,2.29,16.3,0.06,0.161,0.11,7.1,7.1,0.612,0.636,0.181,0.187,101.66,101.27,84.39,101.27,0.123,3561,319,611,4.1,7.9,0.522,24,75,467,248,243,180,168,168,149,152,152,145,130,130,290,149,332,162,139,145,91,92,83,82,240,240,315,332,332,86,108,127,180,204,107,1
1630583,Santi Aldama,Santi,1610612763,MEM,25.0,43,19,24,0.442,27.9,111.8,113.6,113.6,114.6,116.0,116.0,-2.8,-2.4,-2.4,0.153,2.29,18.1,0.052,0.171,0.112,7.9,7.8,0.553,0.572,0.191,0.199,104.96,103.47,86.22,103.47,0.115,2589,228,476,5.3,11.1,0.479,332,309,316,361,129,266,205,205,391,431,431,318,311,311,224,148,273,200,112,133,140,135,235,284,196,194,72,159,159,116,178,189,109,116,206,1
1630703,Scoot Henderson,Scoot,1610612757,POR,22.0,28,16,12,0.571,24.6,111.2,111.3,111.3,109.8,109.6,109.6,1.4,1.7,1.7,0.238,1.54,19.3,0.023,0.082,0.052,12.5,12.6,0.497,0.55,0.252,0.258,103.56,103.63,86.36,103.63,0.087,1491,134,324,4.8,11.6,0.414,412,344,156,213,195,288,286,286,157,146,146,202,200,200,93,350,230,425,474,481,480,479,428,366,59,61,156,150,150,285,280,263,138,103,428,1
1630567,Scottie Barnes,Scottie,1610612761,TOR,24.0,77,43,34,0.558,33.6,113.6,114.3,114.3,109.8,110.1,110.1,3.8,4.2,4.2,0.253,2.2,24.2,0.056,0.165,0.11,11.0,11.0,0.534,0.575,0.227,0.234,101.67,101.16,84.3,101.16,0.138,5461,551,1093,7.2,14.2,0.504,24,62,456,229,25,184,164,164,154,167,167,147,135,135,82,166,128,184,128,144,385,386,301,274,98,96,313,339,339,51,18,27,43,54,143,1
1630590,Scotty Pippen Jr.,Scotty,1610612763,MEM,25.0,10,2,8,0.2,21.2,108.2,107.1,107.1,115.8,118.7,118.7,-7.6,-11.5,-11.5,0.324,1.74,26.3,0.035,0.065,0.05,15.1,15.0,0.5,0.537,0.255,0.265,105.53,104.78,87.32,104.78,0.086,464,43,96,4.3,9.6,0.448,490,515,110,525,259,411,441,441,432,494,494,429,499,499,34,280,88,299,539,497,532,532,415,405,54,54,59,81,81,294,416,417,165,147,322,1
1642951,Sean Pedulla,Sean,1610612746,LAC,23.0,6,4,2,0.667,4.8,87.4,86.2,86.2,116.7,111.7,111.7,-29.3,-25.5,-25.5,0.313,0.0,25.0,0.0,0.13,0.051,0.0,0.0,0.433,0.433,0.224,0.234,95.06,97.88,81.57,97.88,0.059,58,5,15,0.8,2.5,0.333,519,482,32,96,542,564,564,564,459,233,233,561,557,557,39,550,112,555,238,489,1,1,516,533,107,101,563,522,522,486,528,521,503,476,529,1
203552,Seth Curry,Seth,1610612744,GSW,35.0,8,1,7,0.125,12.2,115.1,116.0,116.0,117.7,113.7,113.7,-2.5,2.3,2.3,0.114,4.0,17.0,0.03,0.071,0.048,4.3,4.2,0.682,0.722,0.16,0.169,101.09,102.36,85.3,102.36,0.104,212,18,33,2.3,4.1,0.545,506,545,102,554,429,133,113,113,478,332,332,311,182,182,313,20,309,360,524,504,40,40,27,18,340,326,352,239,239,180,471,486,347,388,87,1
1631101,Shaedon Sharpe,Shaedon,1610612757,POR,22.0,48,22,26,0.458,30.0,110.0,112.2,112.2,113.1,113.8,113.8,-3.2,-1.6,-1.6,0.148,0.88,10.5,0.03,0.104,0.067,12.0,12.0,0.515,0.55,0.293,0.3,105.31,103.92,86.6,103.92,0.11,3111,386,847,8.0,17.6,0.456,300,268,342,354,89,340,257,257,320,337,337,327,293,293,229,519,516,350,351,362,451,450,377,365,21,23,65,127,127,150,66,59,24,18,291,1
1628983,Shai Gilgeous-Alexander,Shai,1610612760,OKC,27.0,68,56,12,0.824,33.2,121.0,121.5,121.5,104.2,105.2,105.2,16.9,16.3,16.3,0.332,2.97,20.6,0.017,0.1,0.062,6.9,6.9,0.597,0.665,0.323,0.333,102.51,101.84,84.86,101.84,0.207,4796,731,1321,10.8,19.4,0.553,114,5,156,21,36,18,19,19,42,58,58,11,15,15,27,71,190,484,371,411,82,82,105,52,9,9,244,285,285,6,1,8,2,7,81,1
1630536,Sharife Cooper,Sharife,1610612764,WAS,24.0,38,6,32,0.158,16.8,109.3,108.1,108.1,120.1,119.6,119.6,-10.8,-11.5,-11.5,0.243,1.91,26.1,0.023,0.104,0.063,13.7,13.6,0.549,0.589,0.197,0.205,102.84,103.6,86.33,103.6,0.087,1374,110,223,2.9,5.9,0.493,364,457,428,544,346,370,410,410,516,506,506,493,500,500,87,236,91,423,353,395,513,512,249,222,172,166,213,151,151,293,318,330,283,294,168,1
1631321,Sidy Cissoko,Sidy,1610612757,POR,22.0,73,37,36,0.507,19.6,108.7,109.3,109.3,110.8,111.0,111.0,-2.1,-1.7,-1.7,0.106,1.56,19.9,0.041,0.071,0.056,12.8,12.7,0.487,0.512,0.123,0.128,102.96,102.57,85.48,102.57,0.036,3055,133,334,1.8,4.6,0.398,63,125,477,299,296,398,377,377,199,203,203,300,294,294,356,344,218,261,522,452,488,483,448,467,495,497,208,220,220,544,284,258,394,358,463,1
1631323,Simone Fontecchio,Simone,1610612748,MIA,30.0,69,35,34,0.507,16.6,113.3,113.4,113.4,109.7,110.2,110.2,3.6,3.2,3.2,0.12,2.06,15.4,0.042,0.118,0.08,7.5,7.4,0.53,0.567,0.183,0.194,105.63,105.34,87.78,105.34,0.088,2518,186,461,2.7,6.7,0.403,101,152,456,298,349,197,214,214,152,171,171,151,162,162,296,184,358,251,285,285,115,106,319,305,220,212,53,67,67,281,224,198,300,255,456,1
1642883,Sion James,Sion,1610612766,CHA,23.0,80,43,37,0.538,22.6,112.8,113.4,113.4,110.2,109.9,109.9,2.6,3.5,3.5,0.122,2.6,25.7,0.026,0.123,0.075,9.9,9.9,0.485,0.535,0.108,0.111,99.26,99.16,82.64,99.16,0.062,3702,134,360,1.7,4.5,0.372,1,62,487,262,229,211,216,216,169,153,153,171,154,154,295,107,100,394,269,315,280,280,452,414,534,535,461,460,460,469,280,244,407,366,504,1
1627746,Skal Labissiere,Skal,1610612764,WAS,30.0,3,2,1,0.667,12.5,111.6,110.4,110.4,110.0,106.4,106.4,1.6,4.0,4.0,0.115,3.0,21.4,0.07,0.146,0.107,7.1,7.1,0.65,0.65,0.117,0.123,96.89,99.07,82.56,99.07,0.124,77,6,10,2.0,3.3,0.6,555,515,9,96,421,273,320,320,165,78,78,194,141,141,311,59,181,134,181,152,91,93,44,63,512,506,541,467,467,85,521,532,369,425,47,1
1642461,Spencer Jones,Spencer,1610612743,DEN,24.0,64,41,23,0.641,22.1,116.4,116.9,116.9,114.2,115.3,115.3,2.2,1.6,1.6,0.047,1.65,13.8,0.055,0.09,0.073,8.4,8.5,0.613,0.619,0.097,0.099,99.98,99.33,82.78,99.33,0.045,2912,132,262,2.1,4.1,0.504,165,85,296,137,240,87,95,95,367,405,405,178,201,201,549,311,408,187,434,329,171,175,82,114,556,556,424,453,453,532,286,299,366,390,144,1
1630649,Stanley Umude,Stanley,1610612759,SAS,26.0,2,2,0,1.0,3.3,57.1,57.1,57.1,189.4,166.7,166.7,-132.3,-109.5,-109.5,0.333,0.0,33.3,0.0,0.0,0.0,0.0,0.0,0.5,0.5,0.143,0.143,99.41,105.99,88.32,105.99,0.029,14,1,2,0.5,1.0,0.5,568,515,1,1,568,578,577,577,579,577,577,579,578,578,25,550,26,555,570,574,1,1,415,479,412,442,453,49,49,551,556,572,538,553,148,1
201939,Stephen Curry,Stephen,1610612744,GSW,38.0,41,24,17,0.585,31.0,116.7,118.0,118.0,114.2,115.3,115.3,2.5,2.7,2.7,0.246,1.7,16.7,0.013,0.098,0.056,9.9,9.8,0.587,0.637,0.311,0.321,104.88,103.82,86.52,103.82,0.146,2756,364,777,8.9,19.0,0.468,348,246,219,192,69,78,70,70,366,411,411,173,172,172,85,297,318,515,381,449,277,267,120,81,12,12,76,137,137,35,82,77,15,10,243,1
1642264,Stephon Castle,Stephon,1610612759,SAS,21.0,67,51,16,0.761,30.0,117.4,118.5,118.5,107.6,108.2,108.2,9.8,10.3,10.3,0.343,2.29,29.3,0.046,0.117,0.083,12.8,12.8,0.522,0.576,0.244,0.249,102.99,102.24,85.2,102.24,0.117,4268,382,807,5.7,12.0,0.473,126,21,205,45,90,61,58,58,93,109,109,43,44,44,22,146,54,224,293,270,491,491,355,266,72,72,205,250,250,108,73,67,89,93,225,1
203500,Steven Adams,Steven,1610612745,HOU,32.0,32,21,11,0.656,22.8,114.8,117.3,117.3,104.9,105.5,105.5,9.9,11.8,11.8,0.084,1.37,18.5,0.189,0.165,0.177,13.5,13.6,0.504,0.535,0.116,0.117,99.06,97.69,81.41,97.69,0.1,1495,70,139,2.2,4.3,0.504,397,281,149,122,223,138,83,83,49,65,65,40,31,31,439,399,258,3,124,27,510,511,407,409,517,523,467,531,531,202,372,388,356,376,145,1
1629004,Svi Mykhailiuk,Svi,1610612762,UTA,28.0,50,14,36,0.28,23.1,113.2,114.9,114.9,118.0,117.9,117.9,-4.8,-3.0,-3.0,0.107,2.21,18.3,0.029,0.074,0.051,8.3,8.2,0.613,0.626,0.143,0.147,104.47,103.74,86.45,103.74,0.074,2497,173,362,3.5,7.2,0.478,291,369,477,459,217,202,144,144,483,483,483,363,322,322,345,161,267,368,510,490,164,164,81,98,410,424,104,143,143,399,244,243,224,234,210,1
204456,T.J. McConnell,T.J.,1610612754,IND,34.0,56,15,41,0.268,17.2,110.7,109.1,109.1,117.2,116.7,116.7,-6.5,-7.6,-7.6,0.469,4.48,35.3,0.022,0.104,0.063,7.9,7.9,0.556,0.567,0.227,0.237,102.69,103.65,86.38,103.65,0.15,2089,242,450,4.3,8.0,0.538,235,359,515,474,337,309,380,380,473,450,450,409,424,424,2,15,21,433,356,397,137,139,214,306,97,89,229,147,147,27,162,203,163,196,97,1
1643007,Taelon Peter,Taelon,1610612754,IND,24.0,35,5,30,0.143,12.2,102.7,102.5,102.5,113.0,112.0,112.0,-10.3,-9.5,-9.5,0.12,1.5,17.8,0.018,0.1,0.059,11.9,11.8,0.526,0.529,0.16,0.166,104.3,104.87,87.39,104.87,0.061,927,53,137,1.5,3.9,0.387,384,469,403,548,430,516,510,510,316,249,249,480,459,459,300,364,285,471,372,432,448,443,340,429,341,343,114,77,77,471,397,390,423,398,488,1
201959,Taj Gibson,Taj,1610612763,MEM,40.0,9,1,8,0.111,8.6,103.9,101.1,101.1,109.0,101.7,101.7,-5.1,-0.6,-0.6,0.102,5.0,16.1,0.092,0.169,0.127,3.2,3.3,0.568,0.609,0.127,0.134,102.71,107.74,89.79,107.74,0.1,175,11,22,1.2,2.4,0.5,500,545,110,557,488,505,519,519,123,29,29,372,261,261,371,9,338,79,116,93,32,33,177,147,487,476,224,27,27,200,492,503,461,482,148,1
1631106,Tari Eason,Tari,1610612745,HOU,24.0,57,36,21,0.632,25.9,115.2,115.8,115.8,109.8,109.4,109.4,5.4,6.3,6.3,0.078,1.1,11.5,0.078,0.154,0.117,10.4,10.4,0.495,0.513,0.181,0.187,98.8,98.69,82.24,98.69,0.083,3015,228,550,4.0,9.6,0.415,228,136,268,145,171,129,120,120,155,144,144,110,86,86,461,469,482,102,153,121,327,326,432,466,239,238,482,487,487,317,178,153,185,145,425,1
1627752,Taurean Prince,Taurean,1610612749,MIL,32.0,24,9,15,0.375,22.7,114.5,114.1,114.1,115.9,117.6,117.6,-1.4,-3.4,-3.4,0.096,1.44,16.8,0.008,0.112,0.061,11.6,11.6,0.616,0.623,0.151,0.156,100.48,99.93,83.27,99.93,0.068,1133,75,164,3.1,6.8,0.457,426,422,190,399,224,146,176,176,435,473,473,284,329,329,388,383,316,546,318,417,427,426,76,105,384,383,391,426,426,432,366,369,252,249,284,1
1641707,Taylor Hendricks,Taylor,1610612763,MEM,22.0,59,12,47,0.203,19.0,108.5,108.4,108.4,118.5,119.1,119.1,-10.0,-10.7,-10.7,0.07,1.1,11.3,0.054,0.141,0.096,10.3,10.2,0.548,0.566,0.157,0.164,103.43,103.17,85.97,103.17,0.077,2404,163,355,2.8,6.0,0.459,214,391,549,523,307,402,400,400,498,500,500,476,479,479,494,470,493,192,193,203,315,310,255,313,357,352,168,178,178,366,253,250,295,291,278,2
1629611,Terance Mann,Terance,1610612751,BKN,29.0,63,15,48,0.238,24.3,107.7,109.6,109.6,116.4,117.8,117.8,-8.7,-8.2,-8.2,0.182,2.68,28.6,0.044,0.089,0.066,10.7,10.7,0.533,0.564,0.133,0.135,99.5,98.07,81.73,98.07,0.066,3119,168,368,2.7,5.8,0.457,176,359,552,502,199,430,360,360,453,478,478,455,432,432,161,101,60,236,437,372,347,348,309,321,461,470,448,515,515,449,248,239,301,299,287,1
1630545,Terrence Shannon Jr.,Terrence,1610612750,MIN,25.0,41,22,19,0.537,11.6,110.0,109.0,109.0,118.1,119.7,119.7,-8.0,-10.7,-10.7,0.099,1.52,14.7,0.018,0.078,0.046,9.7,9.8,0.543,0.593,0.156,0.163,102.69,102.44,85.36,102.44,0.063,1020,63,140,1.5,3.4,0.45,348,268,242,264,438,336,385,385,485,509,509,436,481,481,377,360,384,476,491,524,260,271,269,207,363,359,227,231,231,464,383,385,420,422,313,1
203648,Thanasis Antetokounmpo,Thanasis,1610612749,MIL,33.0,33,9,24,0.273,3.7,95.8,94.5,94.5,95.3,89.9,89.9,0.5,4.5,4.5,0.136,1.0,16.4,0.073,0.161,0.112,16.4,16.2,0.462,0.521,0.158,0.166,97.95,101.53,84.61,101.53,0.109,253,12,26,0.4,0.8,0.462,393,422,316,467,561,546,546,546,11,11,11,228,123,123,252,488,329,121,137,131,542,541,491,449,351,338,512,312,312,152,489,494,552,564,268,1
1628418,Thomas Bryant,Thomas,1610612739,CLE,28.0,60,37,23,0.617,12.2,113.7,114.4,114.4,111.3,110.7,110.7,2.5,3.6,3.6,0.067,1.18,9.3,0.074,0.184,0.129,7.9,7.8,0.594,0.625,0.182,0.186,102.47,102.45,85.38,102.45,0.115,1554,135,267,2.3,4.5,0.506,208,125,296,164,428,175,162,162,220,193,193,172,147,147,512,457,538,112,82,88,136,136,112,102,231,244,249,229,229,115,278,295,347,372,139,1
1642275,Tidjane Salaün,Tidjane,1610612766,CHA,20.0,36,18,18,0.5,15.9,112.3,113.5,113.5,112.4,110.9,110.9,-0.1,2.6,2.6,0.072,1.08,11.8,0.045,0.206,0.126,11.0,11.0,0.62,0.632,0.147,0.151,99.04,99.14,82.62,99.14,0.104,1167,80,158,2.2,4.4,0.506,375,317,228,300,368,243,209,209,281,199,199,244,173,173,486,474,475,235,48,94,381,385,71,86,397,401,470,462,462,185,358,372,351,375,135,1
203501,Tim Hardaway Jr.,Tim,1610612743,DEN,34.0,79,51,28,0.646,26.6,118.9,119.4,119.4,114.7,115.0,115.0,4.2,4.4,4.4,0.07,2.44,10.6,0.008,0.083,0.047,4.3,4.3,0.593,0.626,0.177,0.184,101.56,101.25,84.38,101.25,0.085,4429,344,767,4.4,9.7,0.449,12,21,369,131,153,32,38,38,396,386,386,139,129,129,503,124,515,543,470,516,42,42,115,100,260,263,323,335,335,299,86,79,161,143,319,1
202699,Tobias Harris,Tobias,1610612765,DET,33.0,61,44,17,0.721,27.8,115.8,118.3,118.3,108.5,108.9,108.9,7.3,9.4,9.4,0.124,2.52,17.0,0.03,0.146,0.088,6.8,6.7,0.523,0.567,0.181,0.186,102.06,100.82,84.02,100.82,0.111,3568,297,642,4.9,10.5,0.463,202,56,219,68,130,102,63,63,115,128,128,65,52,52,285,118,312,358,184,244,78,76,354,309,236,241,279,364,364,142,119,114,132,129,264,1
1643253,Toby Okani,Toby,1610612763,MEM,24.0,4,0,4,0.0,33.6,108.7,107.9,107.9,128.5,132.2,132.2,-19.8,-24.2,-24.2,0.031,1.5,6.4,0.038,0.05,0.043,4.3,4.3,0.434,0.409,0.133,0.135,104.64,103.53,86.27,103.53,0.004,290,13,38,3.3,9.5,0.342,543,564,58,564,26,396,415,415,561,569,569,547,556,556,562,364,561,285,555,536,40,41,514,547,463,471,91,156,156,566,487,479,241,152,524,1
1642449,Tolu Smith,Tolu,1610612765,DET,25.0,14,10,4,0.714,9.4,104.8,106.4,106.4,105.6,103.0,103.0,-0.8,3.5,3.5,0.136,1.71,18.2,0.15,0.211,0.18,10.6,10.9,0.5,0.561,0.173,0.172,97.11,97.59,81.32,97.59,0.112,265,17,34,1.2,2.4,0.5,468,407,58,71,475,497,460,460,53,42,42,267,155,155,252,291,270,8,45,24,335,370,415,330,280,310,538,538,538,131,475,485,465,486,148,1
1628396,Tony Bradley,Tony,1610612737,ATL,28.0,39,9,30,0.231,10.8,105.2,104.9,104.9,117.5,116.7,116.7,-12.3,-11.8,-11.8,0.075,1.11,12.0,0.114,0.132,0.122,10.8,10.9,0.551,0.595,0.138,0.142,101.35,101.81,84.84,101.81,0.074,889,59,108,1.5,2.8,0.546,360,422,403,508,453,488,482,482,476,449,449,512,506,506,473,466,466,46,234,101,367,374,243,197,444,447,333,288,288,390,389,406,425,461,86,2
1641787,Tosan Evbuomwan,Tosan,1610612766,CHA,25.0,5,4,1,0.8,1.5,61.0,50.0,50.0,102.9,100.0,100.0,-41.9,-50.0,-50.0,0.0,0.0,0.0,0.091,0.083,0.087,0.0,0.0,0.0,0.0,0.048,0.056,97.33,108.9,90.75,108.9,-0.043,18,0,1,0.0,0.2,0.0,530,482,9,26,577,577,578,578,32,22,22,568,572,572,568,550,568,80,468,250,1,1,571,574,578,578,532,23,23,571,571,575,571,577,571,1
1641739,Toumani Camara,Toumani,1610612757,POR,25.0,80,40,40,0.5,33.3,112.0,114.0,114.0,111.9,112.8,112.8,0.1,1.2,1.2,0.103,1.36,15.5,0.043,0.105,0.073,11.4,11.4,0.569,0.584,0.16,0.163,103.82,102.46,85.39,102.46,0.074,5670,384,864,4.8,10.8,0.444,1,95,509,300,33,256,180,180,256,279,279,239,211,211,362,403,353,242,350,330,413,416,176,238,342,358,139,227,227,394,69,56,136,123,330,1
1629027,Trae Young,Trae,1610612764,WAS,27.0,15,2,13,0.133,25.6,115.2,116.1,116.1,124.7,124.1,124.1,-9.5,-8.1,-8.1,0.44,3.08,32.0,0.009,0.067,0.037,10.4,10.3,0.534,0.612,0.262,0.271,108.29,108.13,90.11,108.13,0.128,866,81,177,5.4,11.8,0.458,461,515,168,553,179,130,112,112,553,556,556,468,428,428,6,56,31,540,532,552,323,316,303,135,45,40,18,25,25,75,357,360,105,97,283,2
1631218,Trayce Jackson-Davis,Trayce,1610612761,TOR,26.0,52,28,24,0.538,9.4,104.7,102.6,102.6,111.7,110.8,110.8,-7.0,-8.1,-8.1,0.124,1.7,18.1,0.123,0.154,0.138,10.6,10.7,0.574,0.576,0.141,0.148,102.38,103.83,86.52,103.83,0.098,1064,69,121,1.3,2.3,0.57,273,209,316,258,474,499,507,507,251,197,197,422,431,431,284,297,277,34,155,72,343,344,147,267,429,419,258,135,135,212,374,396,449,489,71,2
1642848,Tre Johnson,Tre,1610612764,WAS,20.0,60,12,48,0.2,24.0,108.1,108.7,108.7,119.6,119.9,119.9,-11.5,-11.2,-11.2,0.122,1.31,13.6,0.018,0.093,0.055,10.3,10.3,0.508,0.535,0.22,0.225,104.77,104.38,86.98,104.38,0.068,3144,271,647,4.5,10.8,0.419,208,391,552,525,202,414,395,395,509,511,511,504,492,492,291,420,420,467,418,458,320,322,400,413,118,118,82,103,103,439,140,112,148,124,412,1
1630200,Tre Jones,Tre,1610612741,CHI,26.0,62,26,36,0.419,27.0,111.6,111.0,111.0,114.5,115.0,115.0,-2.9,-4.0,-4.0,0.289,3.79,30.8,0.02,0.086,0.053,8.1,8.2,0.586,0.635,0.183,0.189,106.07,106.12,88.43,106.12,0.124,3711,321,580,5.2,9.4,0.553,184,222,477,375,147,269,297,297,385,388,388,319,343,343,49,27,37,451,454,474,156,159,121,83,224,227,42,44,44,82,105,139,117,155,80,1
1630544,Tre Mann,Tre,1610612766,CHA,25.0,51,29,22,0.569,13.0,104.9,106.2,106.2,117.7,116.0,116.0,-12.8,-9.8,-9.8,0.225,1.62,19.1,0.028,0.115,0.069,11.8,11.8,0.446,0.466,0.23,0.236,97.49,97.58,81.31,97.58,0.063,1336,108,298,2.1,5.8,0.362,283,197,281,217,415,495,464,464,479,428,428,519,464,464,108,318,238,379,299,353,440,442,502,516,91,93,526,540,540,463,320,277,363,298,513,1
1630570,Trendon Watford,Trendon,1610612755,PHI,25.0,52,26,26,0.5,16.5,107.8,106.9,106.9,114.4,115.2,115.2,-6.6,-8.3,-8.3,0.228,2.08,26.5,0.042,0.148,0.095,12.8,12.7,0.532,0.572,0.17,0.178,103.04,103.12,85.94,103.12,0.094,1847,137,267,2.6,5.1,0.513,273,222,342,300,354,426,450,450,379,398,398,411,434,434,101,179,83,250,175,207,489,487,314,286,290,283,198,182,182,236,276,295,304,333,126,1
1642280,Trentyn Flowers,Trentyn,1610612741,CHI,21.0,2,0,2,0.0,2.8,81.8,81.8,81.8,111.3,100.0,100.0,-29.5,-18.2,-18.2,0.5,1.0,20.0,0.1,0.0,0.077,20.0,20.0,0.667,0.667,0.25,0.267,90.29,95.14,79.28,95.14,0.128,11,2,3,1.0,1.5,0.667,568,564,32,564,573,567,567,567,230,22,22,562,547,547,1,488,209,66,570,301,559,560,32,46,63,51,578,570,570,72,550,567,485,536,14,1
1630286,Trevon Scott,Trevon,1610612751,BKN,29.0,3,2,1,0.667,25.2,106.4,107.7,107.7,110.7,113.5,113.5,-4.4,-5.8,-5.8,0.111,3.0,26.1,0.055,0.153,0.103,8.7,8.5,0.567,0.583,0.1,0.105,100.97,99.11,82.59,99.11,0.084,156,7,15,2.3,5.0,0.467,555,515,9,96,186,467,422,422,194,321,321,349,389,389,326,59,92,188,161,164,186,179,182,244,549,545,356,464,464,308,517,521,336,341,248,1
1631211,Trevor Keels,Trevor,1610612748,MIA,22.0,5,4,1,0.8,1.5,45.3,40.9,40.9,104.7,100.0,100.0,-59.5,-59.1,-59.1,0.0,0.0,0.0,0.0,0.154,0.08,0.0,0.0,0.0,0.0,0.192,0.209,131.32,141.24,117.7,141.24,-0.13,22,0,5,0.0,1.0,0.0,530,482,9,26,578,579,579,579,48,22,22,574,574,574,568,550,568,555,158,284,1,1,571,574,192,155,1,1,1,578,571,554,571,553,571,1
1641725,Trey Alexander,Trey,1610612740,NOP,22.0,7,2,5,0.286,9.1,108.4,105.7,105.7,118.2,118.8,118.8,-9.8,-13.1,-13.1,0.143,3.5,26.9,0.0,0.11,0.06,7.7,7.7,0.594,0.622,0.123,0.128,103.24,104.26,86.88,104.26,0.082,140,8,16,1.1,2.3,0.5,511,515,75,453,476,406,474,474,493,496,496,473,521,521,238,34,78,555,327,426,122,131,111,107,499,496,182,108,108,326,511,518,471,493,148,1
1641998,Trey Jemison III,Trey,1610612752,NYK,26.0,11,9,2,0.818,5.5,100.5,97.0,97.0,113.0,108.3,108.3,-12.5,-11.3,-11.3,0.07,0.5,18.8,0.114,0.123,0.119,37.5,36.5,0.571,0.605,0.086,0.093,100.66,104.68,87.23,104.68,0.033,133,4,7,0.4,0.6,0.571,483,422,32,22,535,534,537,537,315,111,111,515,494,494,501,539,250,45,265,113,578,578,165,160,569,568,379,85,85,547,532,540,552,569,64,1
1630530,Trey Murphy III,Trey,1610612740,NOP,25.0,66,21,45,0.318,35.5,112.5,113.6,113.6,116.0,117.2,117.2,-3.5,-3.6,-3.6,0.16,2.08,16.5,0.026,0.131,0.078,7.9,7.9,0.572,0.613,0.223,0.229,102.75,101.71,84.75,101.71,0.122,4964,494,1050,7.5,15.9,0.47,141,281,540,436,5,226,204,204,438,467,467,335,334,334,206,178,327,398,237,293,139,138,160,133,108,109,220,299,299,90,31,32,31,37,239,1
1642400,Tristan Enaruna,Tristan,1610612739,CLE,24.0,7,7,0,1.0,6.5,115.2,116.3,116.3,90.5,89.0,89.0,24.6,27.3,27.3,0.086,1.5,13.0,0.116,0.116,0.116,8.7,8.5,0.417,0.407,0.177,0.186,96.18,96.49,80.41,96.49,0.072,92,7,18,1.0,2.6,0.389,511,444,1,1,518,131,107,107,7,10,10,5,4,4,432,364,432,41,297,122,186,179,525,548,263,247,553,562,562,409,517,513,485,472,483,1
1641774,Tristan Vukcevic,Tristan,1610612764,WAS,23.0,49,8,41,0.163,13.7,105.4,103.5,103.5,119.7,118.5,118.5,-14.3,-15.1,-15.1,0.133,0.89,11.4,0.046,0.162,0.104,12.9,12.8,0.558,0.603,0.259,0.27,104.19,105.7,88.08,105.7,0.11,1476,152,317,3.1,6.5,0.479,296,434,515,543,406,487,498,498,512,492,492,532,533,533,261,516,489,230,131,161,497,494,209,171,49,43,123,54,54,143,264,266,257,272,205,1
1641783,Tristan da Silva,Tristan,1610612753,ORL,24.0,75,42,33,0.56,24.7,111.7,113.1,113.1,110.5,112.1,112.1,1.1,1.1,1.1,0.089,1.73,13.9,0.03,0.114,0.072,8.0,8.0,0.549,0.578,0.161,0.165,102.17,100.79,83.99,100.79,0.085,3912,275,610,3.7,8.1,0.451,42,75,439,226,191,268,226,226,189,256,256,212,218,218,420,285,405,351,305,335,148,151,250,264,338,348,276,369,369,302,138,128,204,193,310,1
1629660,Ty Jerome,Ty,1610612763,MEM,28.0,15,3,12,0.2,22.6,119.5,122.2,122.2,125.8,127.2,127.2,-6.3,-5.0,-5.0,0.409,3.15,24.6,0.035,0.093,0.065,7.8,7.7,0.572,0.616,0.332,0.342,101.3,99.63,83.03,99.63,0.162,699,102,215,6.8,14.3,0.474,461,494,156,525,226,27,17,17,557,562,562,404,372,372,9,51,123,300,413,380,134,124,162,123,7,7,335,442,442,14,329,334,56,52,219,1
1631102,TyTy Washington Jr.,TyTy,1610612746,LAC,24.0,15,8,7,0.533,5.7,105.1,104.7,104.7,125.4,120.9,120.9,-20.3,-16.2,-16.2,0.288,5.67,43.6,0.014,0.069,0.041,7.7,7.7,0.553,0.553,0.116,0.12,94.83,96.77,80.64,96.77,0.082,170,9,19,0.6,1.3,0.474,461,434,102,268,531,492,487,487,554,527,527,548,538,538,50,6,5,512,527,541,122,125,233,356,515,516,565,555,555,319,505,510,533,545,221,1
1631174,Tyler Burton,Tyler,1610612763,MEM,26.0,12,2,10,0.167,25.6,100.0,102.0,102.0,123.9,124.3,124.3,-23.9,-22.3,-22.3,0.062,1.09,8.2,0.023,0.137,0.076,7.5,7.5,0.473,0.521,0.18,0.185,104.34,103.12,85.94,103.12,0.061,660,42,112,3.5,9.3,0.375,475,515,137,540,180,537,515,515,551,558,558,552,552,552,526,472,546,428,212,310,118,117,476,452,242,251,109,183,183,472,419,402,219,159,500,1
1629639,Tyler Herro,Tyler,1610612748,MIA,26.0,31,13,18,0.419,31.7,113.7,113.9,113.9,114.8,116.4,116.4,-1.1,-2.5,-2.5,0.193,2.07,17.2,0.013,0.123,0.068,8.3,8.3,0.565,0.607,0.249,0.257,104.45,103.64,86.37,103.64,0.123,2124,239,494,7.7,15.9,0.484,402,381,228,375,54,174,188,188,403,439,439,277,315,315,151,182,306,517,267,359,168,165,186,156,65,63,105,149,149,87,165,178,29,36,191,1
1642278,Tyler Kolek,Tyler,1610612752,NYK,25.0,62,39,23,0.629,11.7,112.1,111.7,111.7,106.2,105.7,105.7,5.9,6.0,6.0,0.328,3.09,35.3,0.021,0.108,0.064,11.4,11.4,0.524,0.533,0.173,0.179,100.13,100.53,83.78,100.53,0.101,1530,108,248,1.7,4.0,0.435,184,106,296,149,435,252,275,275,63,66,66,94,96,96,30,54,22,443,335,384,417,418,348,415,277,280,413,388,388,196,320,315,399,394,359,1
1641890,Tyler Smith,Tyler,1610612742,DAL,21.0,10,1,9,0.1,11.0,105.8,106.9,106.9,112.9,111.5,111.5,-7.2,-4.6,-4.6,0.049,1.33,10.0,0.065,0.126,0.093,7.5,7.5,0.452,0.458,0.123,0.127,108.95,109.1,90.92,109.1,0.049,246,11,31,1.1,3.1,0.355,490,545,121,559,447,481,449,449,311,224,224,425,360,360,545,410,528,149,255,215,116,120,496,519,497,499,15,21,21,522,492,489,478,442,515,1
1631213,Tyrese Martin,Tyrese,1610612755,PHI,27.0,45,11,34,0.244,17.2,105.0,106.0,106.0,116.3,116.7,116.7,-11.3,-10.8,-10.8,0.163,1.95,19.2,0.041,0.112,0.074,9.9,9.8,0.489,0.501,0.179,0.186,98.47,97.81,81.51,97.81,0.077,1576,109,277,2.4,6.2,0.394,323,402,456,497,334,493,468,468,450,451,451,500,482,482,200,227,235,263,314,322,274,273,443,478,248,246,496,527,527,365,319,289,324,286,477,2
1630178,Tyrese Maxey,Tyrese,1610612755,PHI,25.0,67,36,31,0.537,38.2,113.6,115.4,115.4,111.8,114.0,114.0,1.7,1.4,1.4,0.291,2.73,20.3,0.007,0.097,0.051,7.4,7.4,0.536,0.588,0.285,0.293,101.84,100.11,83.42,100.11,0.151,5355,666,1440,9.9,21.5,0.463,126,136,417,263,1,182,134,134,254,349,349,190,205,205,47,90,200,548,388,484,110,108,295,224,25,26,302,418,418,26,7,3,6,3,265,1
1642878,Tyrese Proctor,Tyrese,1610612739,CLE,22.0,48,32,16,0.667,10.4,109.8,111.1,111.1,112.9,113.0,113.0,-3.1,-1.8,-1.8,0.18,2.07,19.9,0.018,0.08,0.048,9.6,9.6,0.493,0.535,0.205,0.21,101.29,100.65,83.87,100.65,0.076,1042,79,201,1.6,4.2,0.393,300,174,205,96,459,344,293,293,310,293,293,326,297,297,169,182,216,472,482,507,255,258,435,410,151,154,336,380,380,375,362,345,410,385,478,1
1630623,Tyson Etienne,Tyson,1610612751,BKN,26.0,21,5,16,0.238,13.0,108.8,108.0,108.0,110.8,111.8,111.8,-1.9,-3.8,-3.8,0.179,2.73,19.9,0.008,0.054,0.031,7.3,7.3,0.57,0.607,0.191,0.194,101.5,101.4,84.5,101.4,0.079,573,41,100,2.0,4.8,0.41,437,469,205,502,416,388,411,411,200,240,240,295,339,339,170,90,217,545,550,562,101,104,172,157,197,211,326,322,322,345,421,409,378,352,438,1
1626145,Tyus Jones,Tyus,1610612743,DEN,29.0,65,35,30,0.538,14.4,106.3,106.6,106.6,113.6,113.6,113.6,-7.3,-7.0,-7.0,0.225,6.91,39.7,0.009,0.06,0.033,5.7,5.7,0.434,0.443,0.101,0.105,101.22,101.11,84.26,101.11,0.064,1976,71,205,1.1,3.2,0.346,151,152,403,258,393,469,455,455,338,328,328,427,416,416,107,3,10,541,543,558,55,55,515,529,544,546,344,344,344,457,371,342,479,437,521,3
1642845,VJ Edgecombe,VJ,1610612755,PHI,20.0,72,41,31,0.569,34.9,113.9,115.2,115.2,112.8,114.9,114.9,1.1,0.3,0.3,0.166,2.22,19.6,0.044,0.11,0.076,8.8,8.8,0.512,0.542,0.196,0.201,101.74,100.26,83.55,100.26,0.091,5251,433,988,6.0,13.7,0.438,70,85,417,215,13,168,138,138,306,384,384,214,239,239,195,159,221,239,324,306,196,195,389,386,177,183,309,410,410,268,50,41,78,60,349,1
1641705,Victor Wembanyama,Victor,1610612759,SAS,22.0,63,49,14,0.778,29.2,119.8,120.2,120.2,103.4,103.2,103.2,16.4,17.0,17.0,0.168,1.27,12.2,0.07,0.285,0.185,9.6,9.6,0.567,0.624,0.314,0.324,102.34,102.23,85.19,102.23,0.207,3920,539,1057,8.6,16.8,0.51,176,34,178,38,106,22,26,26,36,45,45,13,13,13,188,431,461,133,5,15,254,253,181,103,10,10,259,251,251,5,22,30,18,25,132,1
1631246,Vince Williams Jr.,Vince,1610612762,UTA,25.0,40,16,24,0.4,20.5,108.8,108.7,108.7,107.7,108.4,108.4,1.0,0.3,0.3,0.281,2.37,30.1,0.044,0.123,0.084,12.7,12.7,0.447,0.478,0.19,0.196,102.61,102.34,85.28,102.34,0.085,1747,103,292,2.6,7.3,0.353,355,344,316,383,273,391,393,393,99,114,114,215,234,234,58,135,45,241,268,262,486,486,501,506,199,204,237,242,242,305,327,283,311,231,516,2
1642884,Vladislav Goldin,Vladislav,1610612748,MIA,24.0,6,3,3,0.5,2.8,86.8,87.5,87.5,131.6,114.0,114.0,-44.8,-26.5,-26.5,0.167,1.0,28.6,0.1,0.176,0.135,28.6,28.6,0.667,0.667,0.102,0.103,111.72,119.56,99.63,119.56,0.074,40,2,3,0.3,0.5,0.667,519,494,48,300,572,565,563,563,567,350,350,571,558,558,192,488,60,66,100,76,573,573,32,46,543,548,9,4,4,397,550,567,555,572,14,1
1630249,Vít Krejčí,Vít,1610612757,POR,25.0,64,31,33,0.484,21.7,109.5,110.0,110.0,111.6,111.2,111.2,-2.1,-1.2,-1.2,0.099,2.44,17.1,0.021,0.081,0.05,7.0,7.0,0.599,0.611,0.142,0.147,103.28,103.22,86.02,103.22,0.068,2981,191,426,3.0,6.7,0.448,165,183,439,328,248,358,340,340,244,214,214,303,282,282,375,125,308,445,479,492,87,85,101,140,418,422,179,174,174,433,219,215,272,258,320,2
1631117,Walker Kessler,Walker,1610612762,UTA,24.0,5,2,3,0.4,30.8,118.2,118.8,118.8,112.8,114.0,114.0,5.4,4.8,4.8,0.155,0.94,19.5,0.149,0.183,0.167,20.8,20.8,0.784,0.786,0.167,0.17,98.79,98.04,81.7,98.04,0.138,314,26,37,5.2,7.4,0.703,530,515,48,383,73,48,51,51,305,352,352,111,117,117,217,506,225,10,84,36,562,562,4,5,307,322,483,516,516,52,455,481,115,225,10,1
1642383,Walter Clayton Jr.,Walter,1610612763,MEM,23.0,69,17,52,0.246,20.4,110.8,111.7,111.7,121.0,121.2,121.2,-10.2,-9.6,-9.6,0.274,2.41,30.7,0.017,0.081,0.048,12.8,12.8,0.465,0.523,0.181,0.186,103.77,103.23,86.02,103.23,0.073,3036,177,461,2.6,6.7,0.384,101,326,563,493,275,306,277,277,526,532,532,478,460,460,63,127,40,488,481,509,490,489,488,446,237,242,143,172,172,403,236,198,313,255,491,2
1628976,Wendell Carter Jr.,Wendell,1610612753,ORL,26.0,76,42,34,0.553,29.4,111.9,113.6,113.6,110.7,111.8,111.8,1.1,1.8,1.8,0.096,1.55,15.4,0.07,0.177,0.124,9.9,10.0,0.573,0.621,0.156,0.159,102.83,101.53,84.61,101.53,0.097,4716,322,625,4.2,8.2,0.515,34,75,456,238,101,262,203,203,196,241,241,213,196,196,386,347,361,131,99,99,283,288,157,112,360,370,214,311,311,221,104,122,170,191,122,1
1631111,Wendell Moore Jr.,Wendell,1610612765,DET,24.0,6,5,1,0.833,9.9,132.6,129.0,129.0,97.7,94.4,94.4,34.8,34.6,34.6,0.068,4.0,30.8,0.02,0.085,0.056,7.7,7.8,0.571,0.635,0.066,0.068,97.28,100.34,83.62,100.34,0.063,124,4,7,0.7,1.2,0.571,519,469,9,15,468,3,2,2,15,14,14,3,2,2,508,20,38,449,459,453,122,134,165,84,576,576,534,402,402,468,532,540,527,551,64,1
1642954,Will Richard,Will,1610612744,GSW,23.0,67,34,33,0.507,20.2,110.0,110.0,110.0,113.1,113.0,113.0,-3.1,-3.0,-3.0,0.095,1.74,18.1,0.045,0.077,0.06,10.4,10.4,0.577,0.603,0.124,0.13,103.0,103.05,85.88,103.05,0.065,2907,162,342,2.4,5.1,0.474,126,162,439,297,280,337,337,337,318,291,291,325,320,320,393,283,276,233,495,423,325,324,141,170,494,491,202,189,189,455,254,255,325,338,221,1
1642860,Will Riley,Will,1610612764,WAS,20.0,71,16,55,0.225,21.6,107.7,107.8,107.8,121.2,121.3,121.3,-13.5,-13.5,-13.5,0.127,1.55,15.6,0.034,0.093,0.063,10.1,10.0,0.513,0.559,0.193,0.202,102.98,102.9,85.75,102.9,0.081,3291,254,568,3.6,8.0,0.447,80,344,573,515,251,429,418,418,529,533,533,528,526,526,275,348,351,310,417,399,292,286,384,342,190,181,207,198,198,334,151,143,216,198,325,1
1630214,Xavier Tillman,Xavier,1610612766,CHA,27.0,29,21,8,0.724,6.2,109.2,105.7,105.7,115.4,110.7,110.7,-6.2,-5.0,-5.0,0.114,1.63,19.1,0.1,0.126,0.113,11.8,11.8,0.456,0.449,0.127,0.134,95.23,98.86,82.38,98.86,0.064,369,19,45,0.7,1.6,0.422,406,281,110,64,522,371,475,475,422,192,192,398,373,373,314,316,237,66,252,130,436,441,493,527,484,474,561,482,482,458,469,472,530,533,398,2
1642905,Yang Hansen,ang Hansen,1610612757,POR,20.0,41,22,19,0.537,7.2,95.9,95.5,95.5,111.9,110.5,110.5,-16.0,-15.0,-15.0,0.112,0.69,13.0,0.063,0.137,0.101,18.9,18.9,0.335,0.413,0.198,0.206,104.09,104.95,87.46,104.95,0.027,648,31,100,0.8,2.4,0.31,348,268,242,264,506,545,541,541,261,183,183,539,532,532,324,531,434,155,213,175,557,558,547,541,170,164,126,74,74,555,444,409,515,483,544,1
1642949,Yanic Konan Niederhäuser,Yanic Konan,1610612746,LAC,23.0,41,22,19,0.537,10.3,115.8,113.9,113.9,108.0,109.4,109.4,7.8,4.5,4.5,0.041,0.52,7.3,0.096,0.176,0.14,14.0,14.2,0.645,0.691,0.153,0.159,98.75,98.96,82.47,98.96,0.098,873,64,100,1.6,2.4,0.64,348,268,242,264,460,101,191,191,105,140,140,58,125,125,555,538,555,77,102,68,518,522,48,28,374,371,484,474,474,216,382,409,418,483,28,1
1642530,Yuki Kawamura,Yuki,1610612741,CHI,24.0,15,5,10,0.333,10.9,114.6,114.6,114.6,116.6,115.3,115.3,-2.0,-0.6,-0.6,0.276,3.33,44.4,0.042,0.122,0.081,13.3,13.4,0.469,0.557,0.117,0.122,106.16,106.72,88.94,106.72,0.087,369,11,32,0.7,2.1,0.344,461,469,137,421,450,142,152,152,457,405,405,296,265,265,60,43,3,253,270,275,507,507,482,347,513,513,39,38,38,287,492,487,521,504,522,1
1642274,Yves Missi,Yves,1610612740,NOP,21.0,66,19,47,0.288,19.7,111.9,112.7,112.7,113.2,114.1,114.1,-1.3,-1.3,-1.3,0.087,1.56,17.6,0.128,0.147,0.137,11.3,11.3,0.544,0.556,0.122,0.126,101.45,100.7,83.91,100.7,0.087,2719,160,294,2.4,4.5,0.544,141,309,549,452,293,259,244,244,323,355,355,281,286,286,425,345,289,31,177,73,411,412,264,350,500,503,329,376,376,292,257,281,323,371,90,1
1642258,Zaccharie Risacher,Zaccharie,1610612737,ATL,21.0,65,38,27,0.585,22.5,112.0,113.0,113.0,111.9,112.3,112.3,0.0,0.7,0.7,0.066,1.31,10.5,0.043,0.117,0.079,8.0,8.0,0.547,0.559,0.168,0.172,106.09,105.44,87.87,105.44,0.069,3198,238,521,3.7,8.0,0.457,151,118,357,193,230,257,232,232,262,262,262,242,226,226,513,422,520,245,289,286,150,149,256,340,299,311,40,65,65,428,167,162,210,197,286,1
1628380,Zach Collins,Zach,1610612741,CHI,28.0,10,6,4,0.6,18.4,116.6,115.0,115.0,110.7,111.6,111.6,5.9,3.4,3.4,0.114,1.5,15.5,0.081,0.205,0.143,10.3,10.2,0.648,0.666,0.177,0.188,103.94,104.24,86.86,104.24,0.123,401,37,64,3.7,6.4,0.578,490,457,58,176,316,83,143,143,193,227,227,93,157,157,317,364,355,95,49,62,315,312,47,50,262,235,131,112,112,88,428,450,200,275,62,1
1641744,Zach Edey,Zach,1610612763,MEM,23.0,11,7,4,0.636,25.8,111.6,112.8,112.8,95.8,94.5,94.5,15.8,18.3,18.3,0.061,0.46,7.9,0.148,0.243,0.198,17.2,17.3,0.638,0.669,0.2,0.203,101.57,101.72,84.76,101.72,0.157,603,62,98,5.6,8.9,0.633,483,444,58,139,173,275,243,243,14,15,15,15,10,10,527,545,550,12,19,9,546,546,54,43,160,178,322,297,297,19,385,414,94,169,32,1
203897,Zach LaVine,Zach,1610612758,SAC,31.0,39,9,30,0.231,31.4,108.3,109.3,109.3,119.9,121.9,121.9,-11.6,-12.6,-12.6,0.111,1.2,11.5,0.006,0.083,0.044,9.6,9.6,0.569,0.614,0.234,0.24,101.71,100.47,83.72,100.47,0.096,2568,262,547,6.7,14.0,0.479,360,422,403,508,58,408,378,378,515,537,537,505,516,516,325,450,483,551,471,530,252,254,173,129,84,85,310,392,392,230,146,155,58,56,207,1
1630192,Zeke Nnaji,Zeke,1610612743,DEN,25.0,50,36,14,0.72,11.8,107.1,107.1,107.1,114.0,113.4,113.4,-6.9,-6.3,-6.3,0.063,1.0,11.8,0.053,0.147,0.103,11.8,11.9,0.514,0.558,0.135,0.14,98.75,99.05,82.54,99.05,0.07,1212,66,141,1.3,2.8,0.468,291,136,178,69,434,448,443,443,361,316,316,420,402,402,520,488,474,195,176,166,445,447,379,344,453,454,485,468,468,424,379,383,450,459,244,1
1630533,Ziaire Williams,Ziaire,1610612751,BKN,24.0,56,13,43,0.232,22.9,101.9,103.1,103.1,111.9,113.2,113.2,-10.0,-10.1,-10.1,0.076,1.02,9.9,0.022,0.084,0.052,9.7,9.6,0.524,0.579,0.179,0.186,101.6,100.4,83.67,100.4,0.079,2675,184,433,3.3,7.7,0.425,235,381,529,506,222,524,501,501,255,304,304,474,473,473,470,485,531,431,462,482,263,257,346,256,249,250,320,396,396,353,227,213,236,211,391,1
1629627,Zion Williamson,Zion,1610612740,NOP,25.0,62,22,40,0.355,29.7,112.4,113.0,113.0,115.0,114.9,114.9,-2.5,-1.9,-1.9,0.174,1.58,14.9,0.064,0.116,0.09,9.4,9.4,0.6,0.644,0.25,0.256,103.8,103.58,86.32,103.58,0.141,3970,484,807,7.8,13.0,0.6,184,268,509,409,95,232,236,236,406,383,383,310,298,298,176,337,376,152,298,233,237,239,93,70,64,67,141,154,154,45,36,67,28,78,54,1
1642389,Zyon Pullin,Zyon,1610612750,MIN,25.0,4,3,1,0.75,2.9,104.5,92.9,92.9,128.7,126.9,126.9,-24.2,-34.1,-34.1,0.444,1.33,44.4,0.0,0.0,0.0,33.3,33.8,1.0,1.064,0.179,0.196,104.22,111.4,92.84,111.4,0.067,28,1,1,0.3,0.3,1.0,543,494,9,49,571,501,550,550,562,561,561,555,566,566,5,410,3,555,570,574,574,576,1,1,251,201,120,15,15,443,556,575,563,576,1,1
