PLAYER_ID,PLAYER_NAME,TEAM_ID,TEAM_ABBREVIATION,AGE,GP,E_OFF_RATING,OFF_RATING,sp_work_OFF_RATING,E_DEF_RATING,DEF_RATING,sp_work_DEF_RATING,E_NET_RATING,NET_RATING,sp_work_NET_RATING,AST_PCT,AST_TO,AST_RATIO,OREB_PCT,DREB_PCT,REB_PCT,TM_TOV_PCT,E_TOV_PCT,EFG_PCT,TS_PCT,USG_PCT,E_USG_PCT,E_PACE,PACE,PACE_PER40,sp_work_PACE,PIE,POSS,FGM_PG,FGA_PG,E_OFF_RATING_RANK,OFF_RATING_RANK,sp_work_OFF_RATING_RANK,E_DEF_RATING_RANK,DEF_RATING_RANK,sp_work_DEF_RATING_RANK,E_NET_RATING_RANK,NET_RATING_RANK,sp_work_NET_RATING_RANK,AST_PCT_RANK,AST_TO_RANK,AST_RATIO_RANK,OREB_PCT_RANK,DREB_PCT_RANK,REB_PCT_RANK,TM_TOV_PCT_RANK,E_TOV_PCT_RANK,EFG_PCT_RANK,TS_PCT_RANK,USG_PCT_RANK,E_USG_PCT_RANK,E_PACE_RANK,PACE_RANK,sp_work_PACE_RANK,PIE_RANK,FGM_PG_RANK,FGA_PG_RANK
1630639,A.J. Lawson,1610612742,DAL,22.0,15,99.3,96.3,96.3,116.9,116.4,116.4,-17.7,-20.1,-20.1,0.032,0.67,3.8,0.046,0.152,0.091,5.8,5.7,0.614,0.589,0.189,0.202,104.09,105.96,88.3,105.96,0.076,240,1.5,2.9,510,514,514,479,455,455,521,524,524,519,483,522,203,164,207,47,46,71,203,188,163,87,35,35,327,417,438
1631260,AJ Green,1610612749,MIL,23.0,35,110.1,107.9,107.9,113.9,112.8,112.8,-3.8,-4.9,-4.9,0.092,2.44,14.0,0.016,0.105,0.061,5.7,5.7,0.6,0.607,0.159,0.167,101.4,102.9,85.75,102.9,0.076,744,1.5,3.6,297,384,384,371,300,300,358,378,378,332,117,348,431,340,394,44,44,93,142,325,312,303,159,159,330,411,386
1631100,AJ Griffin,1610612737,ATL,19.0,72,113.9,113.6,113.6,111.6,112.0,112.0,2.3,1.5,1.5,0.07,1.74,10.9,0.026,0.08,0.053,6.3,6.3,0.56,0.577,0.174,0.18,102.72,102.67,85.56,102.67,0.077,3005,3.4,7.4,129,169,169,262,262,262,166,196,196,421,252,427,338,467,450,65,64,194,241,260,252,194,178,178,320,208,199
203932,Aaron Gordon,1610612743,DEN,27.0,68,121.7,123.0,123.0,110.0,110.9,110.9,11.6,12.1,12.1,0.129,2.07,16.9,0.086,0.136,0.112,8.2,8.2,0.603,0.617,0.206,0.208,101.11,100.16,83.47,100.16,0.112,4288,6.3,11.2,12,8,8,186,191,191,21,19,19,235,181,258,74,210,133,155,158,87,117,135,142,330,378,378,118,75,106
1628988,Aaron Holiday,1610612737,ATL,26.0,63,111.5,110.8,110.8,110.0,110.0,110.0,1.5,0.9,0.9,0.135,2.47,24.9,0.028,0.059,0.043,10.1,10.0,0.5,0.528,0.129,0.134,102.9,103.27,86.06,103.27,0.054,1819,1.5,3.5,235,284,284,188,156,156,195,220,220,215,109,97,319,515,501,286,285,382,395,446,442,177,132,132,465,418,401
1630174,Aaron Nesmith,1610612754,IND,23.0,73,112.2,113.8,113.8,118.0,118.5,118.5,-5.8,-4.7,-4.7,0.073,1.31,11.9,0.033,0.119,0.076,9.1,9.1,0.525,0.566,0.168,0.17,103.38,102.4,85.33,102.4,0.059,3863,3.5,8.1,209,159,159,492,501,501,394,375,375,409,365,403,276,276,285,220,220,313,281,287,295,141,204,204,441,207,172
1630598,Aaron Wiggins,1610612760,OKC,24.0,70,112.8,112.7,112.7,111.0,111.2,111.2,1.7,1.5,1.5,0.084,1.43,15.1,0.05,0.109,0.079,10.6,10.6,0.579,0.607,0.143,0.147,102.43,102.4,85.34,102.4,0.077,2754,2.7,5.2,177,203,203,241,207,207,187,199,199,367,332,309,181,314,268,328,328,131,139,385,389,223,203,203,318,270,299
1629678,Admiral Schofield,1610612753,ORL,26.0,37,104.2,104.7,104.7,112.8,113.0,113.0,-8.6,-8.3,-8.3,0.103,1.94,17.3,0.047,0.092,0.068,8.9,8.9,0.549,0.587,0.139,0.143,100.43,100.15,83.45,100.15,0.055,941,1.5,3.3,465,452,452,326,311,311,453,447,447,300,213,241,197,413,333,208,209,235,211,408,410,377,381,381,458,414,413
201143,Al Horford,1610612738,BOS,37.0,63,117.8,118.9,118.9,109.7,111.1,111.1,8.1,7.8,7.8,0.128,5.11,26.5,0.039,0.159,0.101,5.2,5.2,0.627,0.631,0.119,0.12,100.85,99.72,83.1,99.72,0.095,3991,3.6,7.6,36,28,28,173,204,204,43,44,44,238,8,81,229,143,166,36,37,53,79,481,488,350,408,408,216,188,189
202692,Alec Burks,1610612765,DET,31.0,51,113.5,112.9,112.9,114.0,113.9,113.9,-0.5,-1.0,-1.0,0.15,1.97,16.1,0.017,0.124,0.069,8.2,8.1,0.544,0.602,0.218,0.227,102.94,103.25,86.04,103.25,0.109,2422,3.9,9.0,145,187,187,376,366,366,269,283,283,185,207,279,429,253,328,159,156,253,164,112,110,174,134,134,138,163,148
1630197,Aleksej Pokusevski,1610612760,OKC,21.0,34,105.4,105.6,105.6,118.1,118.3,118.3,-12.7,-12.7,-12.7,0.13,1.49,17.2,0.058,0.16,0.106,11.5,11.6,0.51,0.522,0.179,0.181,104.02,103.79,86.49,103.79,0.085,1515,3.2,7.3,444,434,434,494,497,497,504,498,498,234,322,245,148,141,146,398,403,367,408,228,242,93,104,104,277,226,204
1627936,Alex Caruso,1610612741,CHI,29.0,67,112.4,112.6,112.6,105.8,106.5,106.5,6.6,6.1,6.1,0.155,2.51,32.8,0.028,0.099,0.065,13.1,13.1,0.551,0.588,0.109,0.111,100.2,99.79,83.15,99.79,0.071,3275,1.9,4.3,193,205,205,55,68,68,68,76,76,178,102,33,313,373,361,452,453,228,205,500,503,402,402,402,376,356,352
203458,Alex Len,1610612758,SAC,30.0,26,110.5,106.6,106.6,102.2,100.0,100.0,8.4,6.6,6.6,0.099,0.75,18.2,0.143,0.194,0.169,24.2,24.6,0.533,0.58,0.132,0.135,105.46,108.5,90.42,108.5,0.075,362,0.6,1.2,280,419,419,27,29,29,41,64,64,311,477,216,8,83,30,531,531,288,235,439,438,32,16,16,344,502,520
1628993,Alize Johnson,1610612759,SAS,27.0,4,111.6,111.1,111.1,91.3,92.1,92.1,20.3,19.0,19.0,0.042,0.25,8.3,0.063,0.211,0.143,33.3,33.7,0.5,0.509,0.145,0.148,102.65,102.45,85.38,102.45,0.07,63,0.8,1.5,231,271,271,9,15,15,10,12,12,509,513,489,133,55,63,534,534,382,437,381,387,207,197,197,381,491,508
1631214,Alondes Williams,1610612751,BKN,24.0,1,85.0,83.3,83.3,137.9,136.4,136.4,-52.8,-53.0,-53.0,0.0,0.0,0.0,0.0,0.25,0.111,100.0,100.0,0.0,0.0,0.143,0.145,103.17,104.81,87.34,104.81,-0.108,12,0.0,0.0,532,531,531,535,537,537,536,535,535,525,515,525,517,20,135,539,539,534,535,386,402,155,55,55,539,534,538
1630578,Alperen Sengun,1610612745,HOU,20.0,75,110.3,112.5,112.5,119.3,120.3,120.3,-9.0,-7.8,-7.8,0.199,1.51,20.7,0.107,0.204,0.154,13.7,13.7,0.565,0.599,0.211,0.214,101.35,99.97,83.31,99.97,0.125,4551,5.9,10.7,289,209,209,510,521,521,459,436,436,118,310,159,40,66,47,471,471,180,170,124,132,307,390,390,80,87,112
1629599,Amir Coffey,1610612746,LAC,26.0,50,104.4,104.2,104.2,113.4,113.1,113.1,-9.1,-8.9,-8.9,0.119,2.52,21.4,0.026,0.055,0.04,8.5,8.5,0.424,0.498,0.128,0.132,100.95,101.22,84.35,101.22,0.042,1320,1.1,2.9,462,463,463,358,315,315,462,463,463,254,100,142,339,521,512,175,178,496,453,453,445,343,298,298,503,462,440
203083,Andre Drummond,1610612741,CHI,29.0,67,109.5,108.7,108.7,106.4,106.0,106.0,3.1,2.6,2.6,0.057,0.44,7.6,0.16,0.353,0.256,17.2,17.2,0.606,0.606,0.196,0.203,101.16,101.72,84.77,101.72,0.156,1789,2.5,4.1,320,363,363,63,61,61,144,159,159,465,506,500,6,2,1,518,517,82,149,161,158,322,265,265,26,286,359
2738,Andre Iguodala,1610612744,GSW,39.0,8,119.1,116.7,116.7,105.5,104.7,104.7,13.5,12.0,12.0,0.183,2.11,43.2,0.027,0.113,0.072,20.5,20.3,0.5,0.521,0.089,0.094,107.25,108.74,90.62,108.74,0.052,257,0.9,1.9,21,57,57,50,50,50,17,20,20,137,170,3,329,297,309,528,528,382,410,533,529,14,14,14,475,484,491
1629614,Andrew Nembhard,1610612754,IND,23.0,75,110.6,112.3,112.3,117.7,118.2,118.2,-7.0,-5.9,-5.9,0.222,2.71,30.0,0.016,0.078,0.047,11.1,11.1,0.512,0.528,0.159,0.162,103.8,102.78,85.65,102.78,0.068,4439,3.8,8.6,277,220,220,487,493,493,418,401,401,92,79,53,435,472,483,365,367,360,393,323,329,105,169,169,400,177,154
203952,Andrew Wiggins,1610612744,GSW,28.0,37,115.5,116.2,116.2,110.0,110.9,110.9,5.4,5.2,5.2,0.1,1.77,12.3,0.05,0.101,0.076,6.9,6.9,0.557,0.564,0.212,0.216,104.48,103.74,86.45,103.74,0.088,2565,6.8,14.3,77,79,79,187,194,194,90,90,90,308,245,395,179,361,283,83,83,207,289,121,126,63,106,106,255,65,64
1629014,Anfernee Simons,1610612757,POR,24.0,62,113.4,114.1,114.1,114.9,115.7,115.7,-1.5,-1.6,-1.6,0.186,1.98,16.9,0.008,0.067,0.038,8.6,8.5,0.548,0.581,0.247,0.254,99.87,99.22,82.68,99.22,0.097,4485,7.5,16.9,151,144,144,408,426,426,304,307,307,134,205,255,506,508,518,180,177,239,234,73,74,417,435,435,205,45,39
203076,Anthony Davis,1610612747,LAL,30.0,56,112.9,114.3,114.3,108.3,109.5,109.5,4.6,4.8,4.8,0.128,1.21,10.4,0.102,0.248,0.177,8.6,8.5,0.573,0.627,0.277,0.282,103.57,102.39,85.32,102.39,0.186,4067,9.7,17.2,171,137,137,117,143,143,106,99,99,239,393,446,48,23,16,182,184,143,86,31,31,123,206,206,8,14,36
1630162,Anthony Edwards,1610612750,MIN,21.0,79,111.7,113.8,113.8,110.5,111.9,111.9,1.2,1.9,1.9,0.192,1.35,15.1,0.017,0.139,0.079,11.2,11.1,0.528,0.564,0.292,0.298,103.42,101.77,84.81,101.77,0.125,6016,8.9,19.5,229,158,158,208,257,257,209,182,182,126,354,310,424,207,269,373,369,303,295,20,20,137,261,261,81,20,15
1630264,Anthony Gill,1610612764,WAS,30.0,59,111.0,109.5,109.5,112.1,110.4,110.4,-1.0,-0.8,-0.8,0.074,2.27,16.2,0.058,0.1,0.079,7.1,7.1,0.553,0.604,0.116,0.122,100.09,101.56,84.63,101.56,0.063,1321,1.2,2.2,260,331,331,290,177,177,292,277,277,407,142,277,146,362,272,98,100,222,159,489,480,408,274,274,424,451,473
1630237,Anthony Lamb,1610612744,GSW,25.0,62,112.2,112.5,112.5,110.7,110.8,110.8,1.5,1.7,1.7,0.111,1.78,19.6,0.047,0.129,0.089,11.0,11.0,0.588,0.61,0.136,0.14,102.75,102.55,85.45,102.55,0.073,2548,2.4,5.1,207,206,206,217,189,189,194,190,190,274,241,192,198,237,220,360,358,113,134,421,420,188,190,190,356,297,306
1630559,Austin Reaves,1610612747,LAL,25.0,64,114.6,115.4,115.4,109.7,110.5,110.5,4.9,4.9,4.9,0.155,2.17,23.7,0.018,0.079,0.051,10.9,10.8,0.616,0.687,0.154,0.16,104.16,103.38,86.15,103.38,0.1,3978,4.0,7.7,105,96,96,170,181,181,99,95,95,175,163,102,409,470,464,350,340,66,27,346,336,80,125,125,179,155,186
203085,Austin Rivers,1610612750,MIN,30.0,52,109.7,109.8,109.8,114.7,114.8,114.8,-5.0,-4.9,-4.9,0.095,3.26,23.1,0.005,0.078,0.042,7.1,7.1,0.538,0.564,0.104,0.107,102.58,102.46,85.39,102.46,0.05,2154,1.8,4.0,309,319,319,400,393,393,378,379,379,322,42,109,512,473,505,94,98,268,294,513,515,214,196,196,487,380,362
1630245,Ayo Dosunmu,1610612741,CHI,23.0,80,109.2,108.8,108.8,109.5,110.1,110.1,-0.3,-1.3,-1.3,0.135,2.08,22.6,0.022,0.081,0.052,10.9,10.9,0.545,0.567,0.145,0.149,100.87,100.78,83.98,100.78,0.065,4395,3.5,7.1,334,358,358,164,163,163,259,297,297,212,179,119,374,465,457,348,348,250,272,380,384,347,329,329,417,201,209
1628389,Bam Adebayo,1610612748,MIA,25.0,75,111.8,113.0,113.0,110.0,111.2,111.2,1.8,1.8,1.8,0.154,1.28,13.9,0.073,0.206,0.139,10.9,10.9,0.541,0.592,0.251,0.254,98.08,97.04,80.87,97.04,0.142,5262,8.0,14.9,224,182,182,185,205,205,186,184,184,180,372,352,107,62,69,346,350,261,193,63,69,501,517,517,42,33,58
1627732,Ben Simmons,1610612751,BKN,26.0,42,114.9,114.7,114.7,110.6,112.5,112.5,4.3,2.1,2.1,0.295,2.64,41.9,0.04,0.186,0.12,15.9,15.8,0.566,0.559,0.142,0.145,100.83,100.08,83.4,100.08,0.101,2300,3.2,5.6,88,122,122,214,286,286,113,173,173,34,90,4,225,95,113,502,502,177,308,392,400,352,384,384,176,229,281
1631097,Bennedict Mathurin,1610612754,IND,21.0,78,109.4,111.5,111.5,115.5,115.8,115.8,-6.1,-4.3,-4.3,0.078,0.76,8.2,0.037,0.103,0.069,10.8,10.7,0.487,0.566,0.235,0.242,104.41,103.25,86.04,103.25,0.087,4792,5.3,12.2,326,249,249,435,431,431,403,364,364,389,474,492,246,351,329,340,338,418,278,91,94,65,135,135,265,107,84
202687,Bismack Biyombo,1610612756,PHX,30.0,61,111.3,112.7,112.7,107.9,109.7,109.7,3.4,3.1,3.1,0.089,1.1,16.4,0.093,0.184,0.138,14.9,14.8,0.578,0.555,0.136,0.139,100.75,99.31,82.76,99.31,0.086,1805,2.0,3.4,245,197,197,105,149,149,132,140,140,347,410,273,63,99,72,492,492,133,318,424,422,357,430,430,270,352,404
201933,Blake Griffin,1610612738,BOS,34.0,41,115.3,116.5,116.5,106.7,106.6,106.6,8.6,9.9,9.9,0.142,2.77,27.0,0.079,0.195,0.135,9.7,9.7,0.573,0.59,0.125,0.127,100.32,99.86,83.22,99.86,0.086,1178,1.5,3.2,80,63,63,68,69,69,39,28,28,199,70,75,94,79,79,264,262,144,199,461,468,389,397,397,268,408,418
1631104,Blake Wesley,1610612759,SAS,20.0,37,102.2,103.3,103.3,118.1,116.7,116.7,-16.0,-13.4,-13.4,0.201,1.51,24.6,0.016,0.101,0.057,16.3,16.4,0.367,0.393,0.18,0.184,104.7,104.74,87.29,104.74,0.031,1459,1.9,5.8,491,469,469,496,467,467,514,506,506,116,311,98,445,358,425,508,509,516,514,224,231,57,57,57,519,368,266
1626246,Boban Marjanovic,1610612745,HOU,34.0,31,115.8,114.6,114.6,98.6,96.1,96.1,17.3,18.5,18.5,0.079,0.64,9.7,0.121,0.226,0.175,15.1,14.8,0.683,0.71,0.206,0.218,98.37,100.17,83.48,100.17,0.17,357,1.3,1.9,68,126,126,19,21,21,13,13,13,385,489,463,23,37,19,495,490,21,19,136,121,488,377,377,16,434,489
1626171,Bobby Portis,1610612749,MIL,28.0,70,111.9,111.8,111.8,112.1,112.0,112.0,-0.2,-0.1,-0.1,0.087,1.3,10.0,0.08,0.263,0.172,7.8,7.8,0.555,0.575,0.211,0.217,102.27,102.34,85.28,102.34,0.138,3887,5.7,11.5,219,235,235,291,259,259,254,252,252,356,366,455,92,14,22,135,135,216,247,123,123,235,215,215,48,91,98
203992,Bogdan Bogdanović,1610612737,ATL,30.0,54,116.9,117.3,117.3,114.9,116.1,116.1,2.0,1.2,1.2,0.134,2.31,17.5,0.015,0.093,0.055,7.6,7.6,0.566,0.586,0.196,0.201,101.92,101.23,84.36,101.23,0.089,3193,5.1,11.3,51,50,50,409,442,442,180,208,208,218,133,234,452,407,435,121,120,173,215,162,165,256,296,296,245,113,103
202711,Bojan Bogdanovic,1610612765,DET,34.0,59,109.6,111.3,111.3,118.1,119.5,119.5,-8.6,-8.2,-8.2,0.133,1.13,11.8,0.018,0.099,0.058,10.5,10.4,0.57,0.627,0.251,0.257,102.59,101.18,84.32,101.18,0.116,3988,7.3,14.9,319,255,255,495,513,513,449,441,441,223,408,408,408,370,415,319,312,159,85,64,64,213,304,304,99,55,57
1629626,Bol Bol,1610612753,ORL,23.0,70,106.4,107.6,107.6,110.6,112.0,112.0,-4.2,-4.4,-4.4,0.069,0.62,9.8,0.046,0.22,0.134,15.9,15.9,0.577,0.603,0.177,0.181,102.21,100.95,84.12,100.95,0.114,3163,3.7,6.8,424,390,390,212,261,261,364,367,367,426,493,460,204,45,81,504,504,134,162,240,243,237,319,319,109,181,223
1630538,Bones Hyland,1610612746,LAC,22.0,56,111.8,112.7,112.7,117.7,118.0,118.0,-6.0,-5.3,-5.3,0.245,2.1,19.9,0.019,0.111,0.064,9.5,9.4,0.502,0.535,0.271,0.28,99.76,99.23,82.69,99.23,0.1,2240,4.1,10.2,227,202,202,489,492,492,397,388,388,71,175,180,406,307,368,244,240,378,371,39,35,423,434,434,181,152,116
203078,Bradley Beal,1610612764,WAS,30.0,50,114.8,116.6,116.6,114.9,115.9,115.9,-0.1,0.7,0.7,0.26,1.87,19.6,0.026,0.091,0.06,10.5,10.4,0.551,0.593,0.288,0.296,99.18,97.94,81.62,97.94,0.129,3421,8.9,17.6,99,58,58,407,437,437,247,225,225,61,225,193,335,420,401,323,317,226,188,24,22,452,490,490,72,21,34
1630527,Brandon Boston,1610612746,LAC,21.0,22,105.3,106.8,106.8,115.8,114.5,114.5,-10.5,-7.7,-7.7,0.129,1.67,11.8,0.024,0.098,0.056,7.1,7.0,0.467,0.515,0.237,0.245,102.52,102.34,85.28,102.34,0.081,528,2.3,5.5,448,415,415,443,384,384,481,433,433,236,264,406,362,380,426,95,93,455,424,89,84,217,214,214,294,303,283
1629634,Brandon Clarke,1610612763,MEM,26.0,56,108.5,109.0,109.0,107.1,108.3,108.3,1.4,0.7,0.7,0.1,1.31,13.5,0.079,0.177,0.129,10.3,10.2,0.658,0.681,0.174,0.179,104.86,104.0,86.67,104.0,0.134,2348,4.1,6.2,361,352,352,81,108,108,199,227,227,307,363,362,93,113,95,305,301,30,30,262,257,53,91,91,56,149,247
1627742,Brandon Ingram,1610612740,NOP,25.0,45,114.2,115.5,115.5,110.9,112.5,112.5,3.3,3.0,3.0,0.277,1.77,19.3,0.015,0.145,0.081,10.9,10.8,0.522,0.582,0.306,0.312,100.16,98.87,82.39,98.87,0.144,3169,9.0,18.6,121,92,92,236,288,288,136,144,144,46,246,200,451,191,257,349,347,320,226,15,16,404,455,455,39,19,20
1630296,Braxton Key,1610612765,DET,26.0,3,102.5,100.0,100.0,106.3,104.5,104.5,-3.8,-4.5,-4.5,0.0,0.0,0.0,0.0,0.067,0.042,0.0,0.0,1.0,1.064,0.091,0.087,108.55,110.77,92.31,110.77,0.189,20,0.3,0.3,487,498,498,59,49,49,359,370,370,525,515,525,517,504,506,1,1,1,1,530,533,8,11,11,7,525,537
201572,Brook Lopez,1610612749,MIL,35.0,78,113.6,113.7,113.7,106.3,106.6,106.6,7.3,7.1,7.1,0.06,0.93,8.4,0.064,0.135,0.101,9.1,9.0,0.606,0.63,0.187,0.192,102.98,102.83,85.69,102.83,0.111,5100,6.1,11.5,140,164,164,61,72,72,53,54,54,457,449,488,129,213,168,216,216,81,80,200,200,167,160,160,127,79,96
1628971,Bruce Brown,1610612743,DEN,26.0,80,112.9,113.8,113.8,111.8,113.0,113.0,1.1,0.8,0.8,0.164,2.18,22.4,0.029,0.116,0.074,10.3,10.3,0.545,0.571,0.174,0.179,100.11,99.19,82.66,99.19,0.09,4708,4.5,9.3,172,160,160,272,312,312,214,223,223,164,158,122,306,287,299,301,302,252,261,261,263,406,438,438,243,135,141
1628981,Bruno Fernando,1610612737,ATL,24.0,39,104.6,105.1,105.1,112.8,114.0,114.0,-8.2,-8.9,-8.9,0.117,1.24,16.2,0.123,0.19,0.157,13.1,13.2,0.527,0.571,0.159,0.163,100.74,100.0,83.33,100.0,0.096,844,1.5,2.9,457,443,443,325,370,370,436,462,462,259,383,275,20,86,43,453,458,306,262,322,327,358,388,388,208,412,441
1631121,Bryce McGowens,1610612766,CHA,20.0,46,103.3,102.6,102.6,112.1,112.3,112.3,-8.8,-9.7,-9.7,0.098,1.26,16.2,0.025,0.088,0.057,12.9,12.9,0.46,0.519,0.147,0.152,102.8,103.04,85.87,103.04,0.053,1696,1.7,4.4,479,481,481,288,273,273,456,470,470,318,378,278,350,433,424,445,447,463,415,372,371,184,152,152,469,382,348
1627854,Bryn Forbes,1610612750,MIN,29.0,25,108.8,107.8,107.8,115.9,116.2,116.2,-7.1,-8.5,-8.5,0.087,1.42,14.4,0.015,0.04,0.027,10.2,10.1,0.446,0.497,0.155,0.161,103.52,103.9,86.58,103.9,0.035,580,1.2,3.3,350,387,387,455,447,447,419,451,451,353,334,336,460,528,530,291,290,476,458,341,332,127,98,98,513,453,410
1631205,Buddy Boeheim,1610612765,DET,23.0,10,106.6,105.9,105.9,104.6,103.2,103.2,2.0,2.7,2.7,0.059,0.0,12.5,0.022,0.043,0.032,0.0,0.0,0.259,0.287,0.131,0.135,98.55,99.57,82.98,99.57,-0.003,186,0.5,2.7,415,429,429,40,36,36,178,154,154,460,515,391,381,525,524,1,1,528,531,441,439,480,417,417,532,508,451
1627741,Buddy Hield,1610612754,IND,30.0,80,112.3,114.4,114.4,115.5,116.3,116.3,-3.2,-1.9,-1.9,0.131,1.62,15.6,0.027,0.132,0.079,9.7,9.5,0.596,0.614,0.205,0.211,103.35,102.05,85.04,102.05,0.104,5284,5.9,13.0,203,133,133,437,453,453,345,316,316,231,286,289,331,229,267,260,252,102,122,138,136,145,243,243,158,83,81
203468,CJ McCollum,1610612740,NOP,31.0,75,113.0,114.5,114.5,112.4,113.5,113.5,0.6,1.1,1.1,0.242,2.34,20.9,0.021,0.104,0.062,8.9,8.9,0.515,0.541,0.26,0.265,100.73,99.6,83.0,99.6,0.11,5497,7.8,17.9,163,127,127,309,344,344,225,213,213,73,129,153,385,348,378,206,207,348,359,49,55,359,415,415,131,38,27
1630595,Cade Cunningham,1610612765,DET,21.0,12,108.6,111.2,111.2,116.1,117.3,117.3,-7.5,-6.1,-6.1,0.306,1.85,20.3,0.027,0.148,0.086,11.0,11.0,0.453,0.492,0.287,0.292,104.07,102.37,85.31,102.37,0.109,850,7.8,18.7,357,265,265,462,480,480,427,404,404,26,230,167,325,177,231,358,360,472,468,26,27,88,210,210,139,43,18
1631216,Caleb Houstan,1610612753,ORL,20.0,51,107.4,107.6,107.6,112.4,112.9,112.9,-4.9,-5.3,-5.3,0.051,1.67,12.6,0.041,0.083,0.062,7.6,7.6,0.489,0.508,0.107,0.11,100.99,100.65,83.87,100.65,0.038,1706,1.3,3.6,391,389,389,304,310,310,377,387,387,490,264,389,222,457,388,120,123,416,438,507,507,340,336,336,511,438,388
1628997,Caleb Martin,1610612748,MIA,27.0,71,110.4,110.7,110.7,109.6,110.7,110.7,0.9,0.0,0.0,0.082,1.48,14.7,0.044,0.13,0.086,9.9,10.0,0.54,0.571,0.143,0.146,98.48,97.87,81.56,97.87,0.078,4232,3.6,7.7,282,290,290,168,185,185,218,247,247,373,324,325,210,233,229,278,279,262,257,391,396,481,491,491,314,192,184
1629629,Cam Reddish,1610612757,POR,23.0,40,107.7,108.9,108.9,116.3,117.8,117.8,-8.6,-9.0,-9.0,0.085,1.21,12.7,0.017,0.07,0.043,10.5,10.5,0.518,0.561,0.166,0.17,102.54,101.35,84.46,101.35,0.064,2087,3.5,7.8,380,355,355,467,488,488,451,464,464,365,394,384,419,490,497,322,322,339,302,291,301,215,287,287,421,204,179
1630560,Cam Thomas,1610612751,BKN,21.0,57,112.6,112.1,112.1,112.4,113.7,113.7,0.2,-1.6,-1.6,0.133,1.24,11.6,0.009,0.089,0.05,9.4,9.4,0.497,0.567,0.268,0.275,101.05,100.71,83.92,100.71,0.102,2000,3.5,8.0,186,227,227,308,352,352,241,306,306,220,384,415,505,428,467,239,236,400,269,41,41,337,333,333,166,199,176
1629661,Cameron Johnson,1610612751,BKN,27.0,42,114.5,115.3,115.3,106.9,108.7,108.7,7.6,6.6,6.6,0.099,2.11,12.2,0.029,0.12,0.076,5.8,5.8,0.579,0.617,0.202,0.207,100.21,99.02,82.51,99.02,0.113,2471,5.3,11.3,107,100,100,74,121,121,47,65,65,315,171,397,309,270,284,49,48,130,114,145,143,400,449,449,113,106,105
1626166,Cameron Payne,1610612756,PHX,28.0,48,113.5,115.4,115.4,111.8,111.4,111.4,1.7,4.1,4.1,0.308,2.64,27.6,0.012,0.1,0.054,10.4,10.4,0.49,0.512,0.239,0.243,101.58,100.9,84.08,100.9,0.097,2033,3.9,9.4,146,94,94,271,222,222,190,113,113,24,89,71,490,366,443,314,320,414,433,83,91,289,321,321,201,164,136
1627747,Caris LeVert,1610612739,CLE,28.0,74,112.4,113.0,113.0,107.7,108.5,108.5,4.6,4.5,4.5,0.182,2.47,23.5,0.024,0.105,0.065,9.5,9.5,0.517,0.546,0.183,0.187,98.18,97.56,81.3,97.56,0.089,4543,4.3,10.0,198,183,183,98,118,118,105,104,104,138,108,104,354,342,360,246,246,341,344,213,221,494,501,501,248,138,119
1630637,Carlik Jones,1610612741,CHI,25.0,7,118.4,114.0,114.0,95.3,93.3,93.3,23.1,20.7,20.7,0.133,3.0,22.2,0.016,0.069,0.042,7.4,7.5,0.5,0.54,0.153,0.157,100.34,103.34,86.12,103.34,0.073,121,0.9,2.1,24,147,147,15,18,18,8,9,9,220,51,126,432,495,503,109,118,382,361,349,349,386,126,126,357,486,476
1626224,Cedi Osman,1610612739,CLE,28.0,77,115.0,115.4,115.4,107.5,108.0,108.0,7.5,7.5,7.5,0.107,2.21,15.5,0.017,0.1,0.059,7.0,7.0,0.56,0.579,0.178,0.182,97.92,97.56,81.3,97.56,0.082,3144,3.1,6.9,84,97,97,93,103,103,49,48,48,287,152,294,421,367,407,87,89,192,237,232,238,505,502,502,292,233,220
1628435,Chance Comanche,1610612757,POR,27.0,1,98.4,95.6,95.6,167.1,163.6,163.6,-68.8,-68.1,-68.1,0.0,0.0,0.0,0.08,0.067,0.075,0.0,0.0,0.6,0.518,0.14,0.145,100.23,102.77,85.65,102.77,0.039,45,3.0,5.0,515,517,517,538,539,539,537,537,537,525,515,525,91,504,288,1,1,93,416,403,405,394,171,171,509,240,311
1629646,Charles Bassey,1610612759,SAS,22.0,35,108.6,109.1,109.1,111.8,111.5,111.5,-3.2,-2.4,-2.4,0.131,1.17,20.0,0.14,0.232,0.185,17.1,17.1,0.656,0.658,0.152,0.156,103.37,103.25,86.05,103.25,0.121,1090,2.5,3.9,358,351,351,270,229,229,346,327,327,228,399,170,10,31,12,517,516,31,44,350,354,144,133,133,87,284,369
1631320,Chima Moneke,1610612758,SAC,27.0,2,82.5,72.2,72.2,128.8,129.4,129.4,-46.3,-57.2,-57.2,0.25,0.5,16.7,0.25,0.0,0.143,33.3,34.0,0.5,0.347,0.25,0.275,99.37,105.9,88.25,105.9,-0.105,18,0.5,1.0,533,537,537,532,536,536,535,536,536,66,500,261,1,531,63,534,535,382,526,67,42,439,36,36,538,508,524
1629002,Chimezie Metu,1610612758,SAC,26.0,66,115.6,113.9,113.9,108.0,107.3,107.3,7.6,6.7,6.7,0.08,1.25,12.4,0.068,0.206,0.139,9.9,9.9,0.61,0.639,0.168,0.175,104.92,106.03,88.36,106.03,0.117,1516,2.0,3.3,74,156,156,108,81,81,48,63,63,377,380,393,118,61,68,274,275,76,70,285,280,48,34,34,96,351,412
1628449,Chris Boucher,1610612761,TOR,30.0,76,109.3,110.4,110.4,110.8,111.6,111.6,-1.5,-1.3,-1.3,0.029,0.71,4.3,0.094,0.19,0.138,6.1,6.1,0.552,0.59,0.175,0.18,99.33,98.49,82.08,98.49,0.112,3136,3.4,7.0,330,305,305,228,238,238,305,296,296,521,482,521,58,89,73,58,58,225,198,252,249,443,468,468,119,210,213
1630537,Chris Duarte,1610612754,IND,26.0,46,107.5,109.4,109.4,114.4,115.6,115.6,-6.9,-6.2,-6.2,0.101,1.56,13.7,0.02,0.106,0.061,8.8,8.7,0.452,0.496,0.181,0.187,104.0,102.61,85.51,102.61,0.061,1920,2.7,7.2,389,337,337,387,419,419,416,406,406,305,302,356,398,339,393,194,193,473,460,221,222,95,184,184,426,266,205
101108,Chris Paul,1610612756,PHX,38.0,59,113.7,114.9,114.9,110.8,112.5,112.5,2.9,2.3,2.3,0.389,4.6,38.1,0.014,0.118,0.066,8.3,8.3,0.513,0.555,0.195,0.198,99.04,97.76,81.47,97.76,0.133,3844,5.0,11.3,137,117,117,229,289,289,152,166,166,9,15,9,461,279,347,165,167,356,320,169,175,457,494,494,64,117,101
1629735,Chris Silva,1610612737,ATL,26.0,1,101.5,100.0,100.0,84.1,87.5,87.5,17.4,12.5,12.5,0.0,0.0,0.0,0.0,0.0,0.0,50.0,50.0,1.0,1.0,0.25,0.254,128.88,127.29,106.08,127.29,-0.095,8,1.0,1.0,498,498,498,5,10,10,12,18,18,525,515,525,517,531,533,538,538,1,2,67,73,1,1,1,537,471,524
1631128,Christian Braun,1610612743,DEN,22.0,76,107.6,107.0,107.0,110.7,111.3,111.3,-3.2,-4.3,-4.3,0.07,1.69,14.4,0.042,0.112,0.078,8.5,8.5,0.554,0.568,0.127,0.132,99.87,99.87,83.22,99.87,0.067,2454,1.9,3.8,385,409,409,221,218,218,343,365,365,424,258,337,215,304,276,177,179,220,267,456,448,416,395,395,405,364,371
1631132,Christian Koloko,1610612761,TOR,23.0,58,112.0,112.7,112.7,104.0,103.7,103.7,8.0,9.0,9.0,0.05,1.55,13.5,0.094,0.11,0.101,8.7,8.8,0.483,0.517,0.1,0.101,100.7,100.54,83.79,100.54,0.046,1682,1.2,2.6,215,204,204,36,39,39,46,37,37,492,303,360,60,309,165,189,202,428,418,523,525,360,341,341,496,445,456
1626174,Christian Wood,1610612742,DAL,27.0,67,114.4,115.4,115.4,115.6,116.7,116.7,-1.2,-1.3,-1.3,0.119,1.0,10.7,0.053,0.238,0.147,10.7,10.7,0.583,0.624,0.259,0.267,98.0,97.15,80.96,97.15,0.144,3519,5.9,11.5,110,98,98,439,468,468,296,299,299,255,422,435,168,27,56,336,333,122,96,52,53,504,512,512,38,86,97
1629643,Chuma Okeke,1610612753,ORL,24.0,27,104.2,105.7,105.7,114.8,116.5,116.5,-10.6,-10.8,-10.8,0.101,2.18,19.9,0.049,0.132,0.09,9.1,9.2,0.459,0.488,0.121,0.123,101.78,100.31,83.59,100.31,0.063,1082,1.6,4.5,464,432,432,405,459,459,482,483,483,302,159,177,189,227,211,223,224,465,470,473,478,271,364,364,422,404,340
203991,Clint Capela,1610612737,ATL,29.0,65,114.9,115.3,115.3,115.8,116.4,116.4,-0.9,-1.1,-1.1,0.045,1.07,8.2,0.142,0.268,0.203,7.7,7.7,0.653,0.656,0.151,0.155,103.46,102.96,85.8,102.96,0.135,3716,5.4,8.2,95,99,99,442,458,458,285,290,290,501,416,493,9,13,4,125,128,34,48,353,360,133,158,158,52,103,167
1629632,Coby White,1610612741,CHI,23.0,74,114.0,114.0,114.0,109.8,110.1,110.1,4.2,4.0,4.0,0.159,2.76,22.7,0.009,0.11,0.061,8.2,8.2,0.551,0.572,0.17,0.175,101.17,100.99,84.16,100.99,0.088,3640,3.6,8.0,127,148,148,174,162,162,115,119,119,172,72,118,503,312,395,162,161,229,255,278,278,320,316,316,254,197,174
1628998,Cody Martin,1610612766,CHA,27.0,7,110.1,107.6,107.6,115.8,117.3,117.3,-5.7,-9.7,-9.7,0.111,5.5,21.6,0.056,0.109,0.083,3.9,3.8,0.431,0.448,0.121,0.131,103.58,104.1,86.75,104.1,0.052,291,2.0,5.1,298,392,392,444,481,481,392,472,472,272,6,136,156,321,249,27,27,490,494,472,455,121,83,83,477,344,301
203469,Cody Zeller,1610612748,MIA,30.0,15,109.4,108.8,108.8,120.0,119.0,119.0,-10.6,-10.3,-10.3,0.077,0.71,10.1,0.117,0.2,0.157,14.1,14.2,0.627,0.659,0.175,0.179,98.12,98.83,82.36,98.83,0.093,445,2.5,3.9,325,360,360,516,507,507,483,477,477,391,479,452,26,70,42,477,479,54,43,248,259,498,459,459,224,287,367
1630175,Cole Anthony,1610612753,ORL,23.0,60,111.4,112.4,112.4,111.5,112.5,112.5,-0.1,-0.1,-0.1,0.228,2.58,23.4,0.03,0.152,0.091,9.1,9.0,0.516,0.57,0.209,0.216,100.86,99.91,83.26,99.91,0.116,3220,4.6,10.2,243,212,212,258,287,287,248,250,250,86,93,106,299,161,204,215,217,346,263,129,127,348,391,391,100,125,117
1631306,Cole Swider,1610612747,LAL,24.0,7,118.4,116.5,116.5,116.1,113.2,113.2,2.3,3.3,3.3,0.105,0.0,30.8,0.024,0.158,0.088,0.0,0.0,0.5,0.5,0.089,0.091,104.01,106.18,88.48,106.18,0.055,91,0.4,1.3,26,61,61,461,323,323,168,135,135,293,515,47,357,146,223,1,1,382,451,532,532,94,32,32,461,520,513
1629012,Collin Sexton,1610612762,UTA,24.0,48,114.9,116.4,116.4,115.2,116.3,116.3,-0.3,0.1,0.1,0.178,1.62,17.8,0.032,0.056,0.044,10.9,10.9,0.558,0.616,0.23,0.234,103.46,102.3,85.25,102.3,0.097,2427,4.9,9.8,91,66,66,424,451,451,262,243,243,144,285,228,286,520,492,352,352,204,118,95,100,134,219,219,206,118,130
1630557,Corey Kispert,1610612764,WAS,24.0,74,111.6,112.4,112.4,115.2,115.6,115.6,-3.6,-3.2,-3.2,0.056,1.58,11.4,0.016,0.082,0.05,7.2,7.2,0.637,0.657,0.139,0.142,100.75,100.22,83.51,100.22,0.073,4377,3.9,7.9,232,211,211,425,423,423,352,340,340,472,297,420,434,464,469,104,103,44,45,412,412,356,372,372,358,162,177
202709,Cory Joseph,1610612765,DET,31.0,62,109.6,109.7,109.7,113.6,113.8,113.8,-4.0,-4.1,-4.1,0.256,3.88,33.2,0.016,0.07,0.042,8.6,8.5,0.527,0.558,0.149,0.154,99.6,99.47,82.89,99.47,0.087,2541,2.4,5.7,316,324,324,362,357,357,362,358,358,64,24,31,436,491,502,181,183,305,312,359,364,429,424,424,263,291,278
1626156,D'Angelo Russell,1610612747,LAL,27.0,71,112.3,113.6,113.6,110.3,112.1,112.1,2.1,1.5,1.5,0.274,2.35,26.3,0.016,0.075,0.047,11.2,11.2,0.572,0.605,0.225,0.229,102.66,101.24,84.36,101.24,0.115,4864,6.3,13.4,202,167,167,201,264,264,175,195,195,51,128,83,444,479,485,375,374,151,154,105,105,200,294,294,106,77,72
1630227,Daishen Nix,1610612745,HOU,21.0,57,105.2,106.2,106.2,114.9,114.4,114.4,-9.7,-8.2,-8.2,0.191,1.53,28.0,0.018,0.091,0.052,18.2,18.3,0.426,0.447,0.149,0.153,101.33,101.05,84.21,101.05,0.045,1928,1.4,4.2,449,424,424,412,383,383,473,443,443,127,307,64,412,421,456,522,522,493,495,360,369,310,312,312,501,423,355
1630625,Dalano Banton,1610612761,TOR,23.0,31,104.4,104.4,104.4,110.8,110.9,110.9,-6.3,-6.5,-6.5,0.202,2.0,18.5,0.036,0.13,0.079,9.2,9.3,0.481,0.505,0.229,0.237,101.21,101.15,84.3,101.15,0.095,589,1.8,4.2,459,457,457,227,195,195,405,412,412,113,194,211,254,235,270,227,228,437,442,98,95,318,305,305,215,379,354
1631207,Dalen Terry,1610612741,CHI,20.0,38,107.6,104.8,104.8,103.0,101.5,101.5,4.6,3.3,3.3,0.157,2.75,19.6,0.056,0.117,0.087,7.1,7.2,0.493,0.523,0.173,0.179,100.62,102.64,85.54,102.64,0.091,456,0.8,1.9,387,448,448,32,32,32,108,134,134,173,73,190,155,281,226,98,105,407,406,263,258,367,181,181,235,487,490
1627745,Damian Jones,1610612762,UTA,28.0,41,103.8,103.6,103.6,112.7,112.6,112.6,-8.9,-9.0,-9.0,0.044,0.65,10.9,0.078,0.152,0.115,16.8,16.8,0.698,0.719,0.102,0.105,104.71,104.87,87.39,104.87,0.081,1048,1.3,2.1,472,466,466,321,294,294,458,466,466,503,487,426,95,158,128,514,514,19,18,516,517,56,54,54,293,431,482
203081,Damian Lillard,1610612757,POR,32.0,58,117.8,119.5,119.5,115.9,117.4,117.4,2.0,2.1,2.1,0.338,2.23,20.8,0.022,0.112,0.068,9.3,9.3,0.564,0.645,0.331,0.338,101.12,99.78,83.15,99.78,0.173,4385,9.6,20.7,35,20,20,449,483,483,183,176,176,16,149,157,377,301,334,232,229,185,67,7,7,329,403,403,13,15,4
1627814,Damion Lee,1610612756,PHX,30.0,74,108.7,110.1,110.1,107.7,107.3,107.3,1.0,2.7,2.7,0.092,1.27,14.8,0.024,0.124,0.072,11.6,11.6,0.564,0.607,0.155,0.159,101.62,101.13,84.27,101.13,0.084,3170,2.7,6.1,356,313,313,96,83,83,216,152,152,332,375,322,353,254,307,403,401,184,147,342,338,286,309,309,284,265,252
1629655,Daniel Gafford,1610612764,WAS,24.0,78,110.7,111.7,111.7,114.3,114.3,114.3,-3.7,-2.5,-2.5,0.074,0.99,13.2,0.103,0.159,0.132,13.3,13.2,0.732,0.739,0.146,0.151,100.32,99.88,83.23,99.88,0.113,3336,3.7,5.1,275,240,240,382,378,378,354,329,329,402,439,373,47,144,90,460,457,14,14,377,373,390,394,394,115,184,307
1628464,Daniel Theis,1610612754,IND,31.0,7,105.3,107.3,107.3,114.6,115.5,115.5,-9.3,-8.2,-8.2,0.125,3.0,14.8,0.059,0.147,0.1,4.9,4.9,0.5,0.497,0.201,0.207,103.69,102.32,85.27,102.32,0.088,232,3.0,6.3,446,398,398,397,414,414,467,444,444,243,51,322,142,183,169,32,32,382,456,151,145,113,217,217,253,240,243
201980,Danny Green,1610612739,CLE,36.0,11,106.3,104.5,104.5,106.5,110.0,110.0,-0.2,-5.5,-5.5,0.065,0.6,9.2,0.023,0.08,0.053,15.4,15.3,0.612,0.617,0.187,0.193,101.0,100.17,83.48,100.17,0.061,289,2.0,4.5,426,456,456,64,159,159,253,391,391,441,495,474,365,468,454,498,497,73,116,194,197,338,375,375,428,344,341
1627863,Danuel House Jr.,1610612755,PHI,30.0,56,113.8,112.8,112.8,111.9,112.5,112.5,1.9,0.3,0.3,0.074,1.69,15.0,0.012,0.107,0.062,8.9,8.9,0.566,0.6,0.133,0.138,100.84,101.02,84.19,101.02,0.061,1689,1.7,3.5,132,193,193,275,281,281,184,238,238,403,257,315,481,329,387,204,206,176,169,433,433,351,313,313,429,394,396
203967,Dario Šarić,1610612760,OKC,29.0,57,111.2,112.8,112.8,110.4,111.2,111.2,0.8,1.6,1.6,0.131,1.35,17.0,0.064,0.195,0.128,12.6,12.5,0.54,0.583,0.186,0.191,101.88,100.8,84.0,100.8,0.099,1697,2.2,4.9,254,194,194,207,206,206,221,194,194,230,355,251,127,77,102,440,438,264,224,202,203,259,328,328,194,318,319
1629647,Darius Bazley,1610612756,PHX,23.0,43,106.7,105.5,105.5,108.3,109.2,109.2,-1.7,-3.6,-3.6,0.088,1.41,13.6,0.053,0.157,0.106,9.6,9.7,0.508,0.524,0.165,0.17,101.81,101.93,84.95,101.93,0.088,1298,1.9,4.3,414,436,436,118,136,136,306,350,350,350,336,357,169,147,149,259,261,369,402,298,302,267,250,250,257,359,353
1630620,Darius Days,1610612745,HOU,23.0,4,108.9,109.4,109.4,105.7,109.6,109.6,3.1,-0.2,-0.2,0.067,0.0,7.1,0.034,0.227,0.118,0.0,0.0,0.542,0.582,0.21,0.214,102.98,100.87,84.06,100.87,0.145,53,1.3,3.0,348,334,334,52,147,147,142,255,255,436,515,503,268,36,120,1,1,258,227,127,133,166,323,323,36,443,428
1629636,Darius Garland,1610612739,CLE,23.0,69,116.3,116.9,116.9,107.8,108.8,108.8,8.5,8.0,8.0,0.328,2.7,26.9,0.012,0.067,0.04,9.9,9.9,0.537,0.587,0.262,0.268,97.81,97.1,80.92,97.1,0.13,4968,7.6,16.4,58,55,55,101,127,127,40,42,42,17,80,77,484,503,515,279,276,273,212,47,52,509,516,516,69,44,42
1630561,David Duke Jr.,1610612751,BKN,23.0,23,105.6,105.2,105.2,112.9,111.5,111.5,-7.3,-6.3,-6.3,0.145,1.17,16.9,0.049,0.078,0.063,14.5,14.5,0.468,0.497,0.187,0.194,101.27,102.09,85.08,102.09,0.05,483,1.6,3.4,438,441,441,332,228,228,425,410,410,194,400,254,190,474,370,488,485,453,455,199,193,315,239,239,488,405,403
1631223,David Roddy,1610612763,MEM,22.0,70,110.3,110.6,110.6,111.6,112.5,112.5,-1.3,-1.9,-1.9,0.064,1.04,10.4,0.037,0.107,0.071,10.1,10.1,0.506,0.519,0.163,0.167,103.15,102.6,85.5,102.6,0.056,2686,2.6,6.0,292,297,297,263,285,285,298,317,317,446,419,443,247,330,311,288,289,370,413,309,314,157,185,185,451,275,257
1630558,Davion Mitchell,1610612758,SAC,24.0,80,115.3,114.4,114.4,112.4,111.8,111.8,2.9,2.7,2.7,0.173,2.98,28.2,0.012,0.062,0.037,9.4,9.4,0.533,0.545,0.14,0.145,101.34,102.04,85.03,102.04,0.061,3040,2.3,5.0,79,130,130,311,249,249,153,156,156,149,59,61,494,512,520,242,239,291,349,400,403,308,245,245,432,309,313
202722,Davis Bertans,1610612742,DAL,30.0,45,111.4,110.6,110.6,114.0,114.8,114.8,-2.6,-4.3,-4.3,0.065,2.1,10.7,0.02,0.086,0.053,5.1,5.1,0.603,0.618,0.155,0.161,100.33,100.33,83.61,100.33,0.069,1031,1.5,3.6,240,298,298,375,395,395,326,363,363,445,174,436,392,443,448,33,33,88,110,340,333,387,361,361,393,409,391
1628432,Davon Reed,1610612743,DEN,28.0,43,100.7,97.5,97.5,112.8,111.7,111.7,-12.0,-14.1,-14.1,0.099,1.15,16.5,0.031,0.146,0.09,14.4,14.5,0.435,0.471,0.142,0.148,100.17,102.29,85.24,102.29,0.046,732,0.7,2.0,503,511,511,323,240,240,494,509,509,312,404,265,290,186,217,486,488,488,483,394,385,403,221,221,497,499,488
1630549,Day'Ron Sharpe,1610612751,BKN,21.0,48,109.6,110.3,110.3,118.9,119.0,119.0,-9.3,-8.8,-8.8,0.099,0.88,13.5,0.168,0.19,0.179,15.3,15.3,0.561,0.581,0.173,0.177,102.65,102.26,85.21,102.26,0.093,1178,1.9,3.6,315,309,309,503,508,508,466,459,459,314,453,363,3,88,14,497,498,188,230,268,270,204,224,224,225,357,390
1628368,De'Aaron Fox,1610612758,SAC,25.0,73,119.5,119.9,119.9,116.5,116.8,116.8,3.1,3.1,3.1,0.281,2.47,20.8,0.017,0.111,0.064,8.4,8.4,0.557,0.599,0.288,0.296,103.41,103.08,85.9,103.08,0.137,5235,9.3,18.2,18,16,16,469,470,470,146,139,139,40,111,155,425,305,366,173,172,206,171,22,21,139,147,147,50,17,23
1629631,De'Andre Hunter,1610612737,ATL,25.0,67,114.1,114.9,114.9,114.6,115.5,115.5,-0.5,-0.6,-0.6,0.059,1.15,8.6,0.021,0.112,0.066,7.5,7.5,0.522,0.563,0.193,0.196,103.6,102.79,85.66,102.79,0.069,4556,5.7,12.3,123,111,111,396,418,418,267,269,269,458,406,484,387,303,353,117,117,323,296,175,185,120,166,166,387,94,83
1629001,De'Anthony Melton,1610612755,PHI,25.0,77,114.8,115.5,115.5,110.9,112.8,112.8,4.0,2.7,2.7,0.133,1.93,19.9,0.034,0.114,0.076,10.3,10.3,0.546,0.566,0.162,0.165,98.92,97.76,81.47,97.76,0.079,4372,3.6,8.5,97,91,91,232,304,304,119,157,157,225,216,175,270,293,286,304,306,245,277,310,318,464,493,493,302,191,159
201599,DeAndre Jordan,1610612743,DEN,34.0,39,107.5,107.0,107.0,115.4,115.4,115.4,-7.9,-8.4,-8.4,0.084,0.71,15.6,0.094,0.252,0.176,22.0,22.0,0.77,0.731,0.134,0.139,99.88,100.16,83.47,100.16,0.107,1215,2.3,2.9,388,411,411,433,410,410,432,449,449,368,481,291,59,19,18,530,530,9,16,429,425,415,379,379,144,312,437
201942,DeMar DeRozan,1610612741,CHI,33.0,74,112.3,112.2,112.2,110.1,110.7,110.7,2.2,1.5,1.5,0.222,2.46,18.5,0.013,0.116,0.066,7.5,7.4,0.522,0.592,0.272,0.281,100.1,99.82,83.18,99.82,0.138,5569,8.9,17.6,204,222,222,192,186,186,171,197,197,93,112,210,471,288,346,114,111,324,192,36,33,407,400,400,49,22,32
1629731,Dean Wade,1610612739,CLE,26.0,44,109.4,109.7,109.7,102.3,103.2,103.2,7.1,6.5,6.5,0.056,2.18,15.4,0.023,0.146,0.085,7.1,7.1,0.54,0.55,0.1,0.103,98.66,98.09,81.74,98.09,0.061,1817,1.7,4.0,329,323,323,30,35,35,56,66,66,471,159,299,370,187,238,92,94,265,335,524,522,472,481,481,430,395,361
1629028,Deandre Ayton,1610612756,PHX,24.0,67,111.5,113.2,113.2,112.2,113.2,113.2,-0.6,0.0,0.0,0.09,0.96,9.5,0.084,0.247,0.164,9.9,9.9,0.592,0.617,0.231,0.233,99.81,98.63,82.19,98.63,0.145,4178,7.8,13.2,234,177,177,295,323,323,273,246,246,344,443,470,81,24,36,277,277,108,115,93,101,420,463,463,37,41,75
1627749,Dejounte Murray,1610612737,ATL,26.0,74,112.7,114.3,114.3,114.5,115.4,115.4,-1.7,-1.1,-1.1,0.239,2.8,22.4,0.019,0.127,0.071,8.0,8.0,0.514,0.54,0.239,0.243,102.76,101.67,84.73,101.67,0.12,5705,8.3,17.8,182,138,138,388,409,409,311,288,288,74,64,123,404,243,314,147,144,351,360,84,89,187,270,270,91,29,30
1626153,Delon Wright,1610612764,WAS,31.0,50,112.2,114.1,114.1,110.5,110.9,110.9,1.7,3.2,3.2,0.209,4.41,35.1,0.05,0.097,0.074,8.0,7.9,0.545,0.581,0.125,0.129,100.48,99.45,82.87,99.45,0.107,2525,2.8,5.8,208,143,143,210,193,193,189,138,138,105,19,17,184,386,294,143,142,251,232,458,464,371,426,426,143,259,265
1630166,Deni Avdija,1610612764,WAS,22.0,76,112.4,113.3,113.3,113.0,114.1,114.1,-0.6,-0.8,-0.8,0.142,1.72,21.4,0.038,0.196,0.12,12.5,12.5,0.497,0.535,0.165,0.168,100.69,99.76,83.13,99.76,0.084,4192,3.3,7.6,197,174,174,338,374,374,270,278,278,198,255,140,240,76,115,435,435,401,372,302,309,361,406,406,281,218,188
203471,Dennis Schröder,1610612747,LAL,29.0,66,113.5,115.0,115.0,111.1,112.2,112.2,2.4,2.8,2.8,0.202,2.66,25.6,0.011,0.067,0.04,9.6,9.6,0.472,0.545,0.183,0.187,102.99,101.8,84.84,101.8,0.077,4215,4.1,9.8,144,110,110,242,268,268,165,150,150,114,87,85,499,501,514,258,254,448,348,211,215,163,257,257,321,148,127
1628372,Dennis Smith Jr.,1610612766,CHA,25.0,54,103.4,103.6,103.6,105.3,106.2,106.2,-1.9,-2.6,-2.6,0.275,3.18,30.9,0.018,0.093,0.056,9.7,9.7,0.438,0.475,0.175,0.178,102.66,102.11,85.09,102.11,0.09,2960,3.4,8.4,478,467,467,46,63,63,315,332,332,48,48,46,414,412,433,263,267,484,478,249,264,201,237,237,241,208,161
1629126,Deonte Burton,1610612758,SAC,29.0,2,150.1,164.3,164.3,122.0,112.5,112.5,28.2,51.8,51.8,0.0,0.0,0.0,0.0,0.0,0.0,0.0,0.0,0.0,0.0,0.133,0.131,111.09,110.8,92.33,110.8,-0.045,14,0.0,1.0,2,2,2,524,283,283,7,3,3,525,515,525,517,531,533,1,1,534,535,430,456,5,10,10,535,534,524
1631220,Dereon Seabron,1610612740,NOP,23.0,5,123.3,116.0,116.0,83.0,79.2,79.2,40.3,36.8,36.8,0.0,0.0,0.0,0.067,0.0,0.029,0.0,0.0,0.4,0.4,0.156,0.175,96.0,101.38,84.48,101.38,0.011,25,0.4,1.0,9,83,83,4,3,3,4,6,6,525,515,525,120,531,528,1,1,506,512,331,277,527,285,285,528,521,524
1627884,Derrick Jones Jr.,1610612741,CHI,26.0,64,112.8,112.8,112.8,105.4,106.0,106.0,7.3,6.7,6.7,0.052,1.36,10.5,0.069,0.098,0.084,7.7,7.7,0.559,0.597,0.138,0.142,101.75,101.46,84.55,101.46,0.077,1886,1.8,3.6,178,195,195,49,62,62,51,61,61,484,351,442,115,379,241,127,129,202,174,414,416,272,281,281,322,377,385
201565,Derrick Rose,1610612752,NYK,34.0,27,104.9,104.3,104.3,107.6,107.8,107.8,-2.8,-3.5,-3.5,0.208,2.09,19.8,0.022,0.082,0.053,9.5,9.5,0.443,0.463,0.22,0.227,103.57,103.78,86.48,103.78,0.076,729,2.3,5.9,454,461,461,95,96,96,328,349,349,107,177,182,379,460,453,245,245,479,488,110,111,124,105,105,331,310,262
1628401,Derrick White,1610612738,BOS,28.0,82,117.8,118.2,118.2,106.7,107.2,107.2,11.1,11.0,11.0,0.191,3.38,25.6,0.023,0.098,0.062,7.6,7.5,0.56,0.604,0.174,0.178,100.32,99.87,83.22,99.87,0.1,4807,4.3,9.2,37,33,33,69,80,80,23,24,24,128,36,86,368,377,383,121,119,195,160,255,267,388,396,396,187,141,143
1630217,Desmond Bane,1610612763,MEM,25.0,58,115.7,116.4,116.4,106.3,107.4,107.4,9.3,9.0,9.0,0.202,2.02,18.2,0.022,0.123,0.074,9.0,8.9,0.568,0.606,0.252,0.26,104.14,103.27,86.06,103.27,0.131,3962,7.8,16.2,71,69,69,60,88,88,31,36,36,115,193,214,373,255,298,214,210,168,152,59,61,83,131,131,68,42,43
1626164,Devin Booker,1610612756,PHX,26.0,53,117.6,119.6,119.6,111.9,113.4,113.4,5.7,6.2,6.2,0.251,2.02,17.8,0.025,0.105,0.065,8.8,8.7,0.546,0.601,0.311,0.319,100.68,99.18,82.65,99.18,0.147,3797,9.9,20.1,39,19,19,278,338,338,82,70,70,65,191,223,343,343,356,201,190,246,167,12,12,365,440,440,33,10,10
1630170,Devin Vassell,1610612759,SAS,22.0,38,105.9,107.1,107.1,118.4,118.8,118.8,-12.4,-11.7,-11.7,0.173,2.39,16.5,0.006,0.125,0.062,6.9,6.9,0.525,0.55,0.24,0.246,104.4,103.67,86.39,103.67,0.108,2546,6.9,15.7,431,407,407,498,506,506,500,491,491,151,123,269,511,252,384,81,80,310,337,81,82,66,109,109,141,63,49
1629653,Devon Dotson,1610612764,WAS,23.0,6,102.8,101.8,101.8,105.2,107.5,107.5,-2.4,-5.7,-5.7,0.211,2.67,38.1,0.107,0.085,0.097,14.3,14.3,0.15,0.15,0.102,0.107,98.66,98.08,81.73,98.08,0.012,110,0.2,1.7,483,486,486,43,89,89,322,395,395,104,84,10,41,449,177,479,481,532,533,517,511,473,483,483,527,533,500
1628984,Devonte' Graham,1610612759,SAS,28.0,73,106.7,107.5,107.5,114.1,113.7,113.7,-7.3,-6.2,-6.2,0.207,3.7,26.6,0.013,0.081,0.045,7.2,7.2,0.512,0.552,0.165,0.17,102.37,102.17,85.14,102.17,0.083,2857,2.2,5.9,413,396,396,378,353,353,426,407,407,108,29,79,474,466,490,103,104,363,332,296,298,228,232,232,287,321,261
203473,Dewayne Dedmon,1610612755,PHI,33.0,38,100.1,99.3,99.3,109.4,110.0,110.0,-9.4,-10.6,-10.6,0.108,1.04,11.7,0.075,0.231,0.151,11.2,11.2,0.55,0.577,0.195,0.203,102.36,102.48,85.4,102.48,0.104,897,2.0,4.0,506,504,504,162,157,157,470,481,481,283,418,414,104,34,52,376,376,233,243,165,159,229,193,193,157,343,366
1628415,Dillon Brooks,1610612763,MEM,27.0,73,111.3,113.4,113.4,107.3,108.5,108.5,4.0,4.9,4.9,0.117,1.82,14.1,0.019,0.084,0.051,7.7,7.7,0.468,0.494,0.214,0.219,103.41,101.92,84.93,101.92,0.06,4690,5.4,13.6,247,172,172,86,117,117,117,96,96,257,235,345,405,456,460,134,130,454,463,118,120,138,252,252,437,104,69
1627734,Domantas Sabonis,1610612758,SAC,27.0,79,118.8,120.7,120.7,115.5,116.8,116.8,3.3,3.9,3.9,0.297,2.49,29.6,0.096,0.275,0.185,11.9,11.9,0.632,0.668,0.213,0.215,101.8,100.46,83.72,100.46,0.161,5720,7.3,11.9,22,13,13,436,469,469,135,122,122,30,104,54,56,10,10,411,412,48,38,120,131,269,351,351,21,54,88
1631230,Dominick Barlow,1610612759,SAS,20.0,28,104.7,105.2,105.2,117.2,115.9,115.9,-12.4,-10.7,-10.7,0.079,1.6,17.8,0.1,0.131,0.115,11.1,11.0,0.535,0.567,0.107,0.111,104.77,105.11,87.59,105.11,0.064,887,1.6,3.1,455,440,440,482,438,438,501,482,482,383,292,225,52,230,127,367,362,280,270,503,502,55,45,45,419,396,425
1628378,Donovan Mitchell,1610612739,CLE,26.0,68,114.9,116.3,116.3,108.7,110.4,110.4,6.2,5.9,5.9,0.205,1.67,14.9,0.027,0.097,0.062,8.9,8.8,0.572,0.614,0.31,0.318,98.24,96.89,80.74,96.89,0.149,4932,10.0,20.6,94,75,75,135,179,179,73,79,79,111,262,320,326,381,379,207,201,152,121,13,13,493,523,523,29,8,6
1631495,Donovan Williams,1610612737,ATL,21.0,2,150.0,120.0,120.0,64.4,60.0,60.0,85.6,60.0,60.0,0.0,0.0,0.0,0.0,0.4,0.2,0.0,0.0,0.4,0.4,0.385,0.455,97.81,112.94,94.12,112.94,0.162,10,1.0,2.5,3,14,14,1,1,1,2,2,2,525,515,525,517,1,5,1,1,506,512,2,2,511,9,9,19,471,461
1628978,Donte DiVincenzo,1610612744,GSW,26.0,72,113.5,113.5,113.5,110.1,110.6,110.6,3.4,2.9,2.9,0.176,2.25,27.0,0.041,0.123,0.082,12.0,12.0,0.574,0.593,0.146,0.15,104.45,104.2,86.84,104.2,0.092,4115,3.3,7.5,142,170,170,194,184,184,131,146,146,148,146,76,223,258,252,415,415,141,186,375,381,64,78,78,228,221,193
1627827,Dorian Finney-Smith,1610612751,BKN,30.0,66,112.9,114.0,114.0,112.6,114.3,114.3,0.3,-0.3,-0.3,0.07,1.61,14.5,0.055,0.105,0.079,9.0,9.0,0.505,0.523,0.129,0.131,98.06,96.9,80.75,96.9,0.056,4057,3.0,7.6,170,151,151,316,379,379,238,259,259,422,289,329,158,344,265,211,215,373,407,449,451,502,521,521,452,243,190
203926,Doug McDermott,1610612759,SAS,31.0,64,107.7,108.7,108.7,118.0,118.4,118.4,-10.3,-9.7,-9.7,0.098,1.57,13.0,0.016,0.085,0.049,8.3,8.3,0.575,0.59,0.186,0.191,105.01,104.39,86.99,104.39,0.071,2876,3.7,8.2,382,364,364,493,498,498,480,471,471,317,300,377,440,450,470,166,165,140,197,204,204,46,71,71,377,180,169
203110,Draymond Green,1610612744,GSW,33.0,73,115.8,116.2,116.2,108.9,109.2,109.2,7.0,7.0,7.0,0.268,2.45,40.8,0.029,0.185,0.11,16.7,16.6,0.57,0.592,0.129,0.132,104.38,104.05,86.71,104.05,0.1,4979,3.4,6.5,69,76,76,144,137,137,58,56,56,54,116,5,308,97,138,511,511,160,194,445,447,69,87,87,180,211,233
1629234,Drew Eubanks,1610612757,POR,26.0,78,113.0,113.0,113.0,116.1,117.1,117.1,-3.1,-4.1,-4.1,0.092,1.54,18.4,0.084,0.183,0.133,12.0,12.0,0.651,0.666,0.122,0.125,100.79,100.32,83.6,100.32,0.098,3312,2.7,4.3,169,180,180,460,474,474,341,357,357,334,306,212,78,103,83,416,416,35,40,470,475,354,362,362,197,260,351
1630696,Dru Smith,1610612751,BKN,25.0,15,101.1,100.3,100.3,109.6,109.1,109.1,-8.4,-8.8,-8.8,0.206,7.33,31.0,0.012,0.132,0.072,4.2,4.2,0.456,0.475,0.133,0.137,99.8,100.44,83.7,100.44,0.076,332,1.2,3.0,501,496,496,167,133,133,443,458,458,110,2,45,486,228,306,28,28,470,480,435,434,421,354,354,341,453,428
1630613,Duane Washington Jr.,1610612752,NYK,23.0,31,105.4,107.4,107.4,108.8,107.9,107.9,-3.3,-0.5,-0.5,0.26,1.85,17.4,0.004,0.085,0.042,9.4,9.4,0.445,0.458,0.298,0.305,102.67,102.14,85.11,102.14,0.08,837,3.0,8.3,442,397,397,137,99,99,349,262,262,59,229,239,515,453,509,235,235,477,491,17,17,197,235,235,297,237,165
1629130,Duncan Robinson,1610612748,MIA,29.0,42,109.6,108.8,108.8,112.8,113.8,113.8,-3.2,-5.0,-5.0,0.101,1.64,14.3,0.012,0.094,0.052,8.7,8.6,0.504,0.534,0.172,0.18,98.88,98.82,82.35,98.82,0.049,1428,2.1,5.6,312,357,357,324,356,356,344,380,380,304,277,338,492,402,459,188,187,374,378,272,248,467,460,460,489,332,279
203939,Dwight Powell,1610612742,DAL,31.0,76,118.7,119.4,119.4,113.1,113.2,113.2,5.6,6.2,6.2,0.067,1.06,14.4,0.106,0.12,0.113,13.6,13.6,0.732,0.738,0.123,0.125,98.1,97.73,81.44,97.73,0.078,2961,2.6,3.5,23,21,21,344,329,329,83,72,72,435,417,335,42,269,131,468,469,13,15,465,473,500,495,495,312,273,392
1629685,Dylan Windler,1610612739,CLE,26.0,3,90.0,94.4,94.4,107.4,90.0,90.0,-17.4,4.4,4.4,0.2,1.0,20.0,0.0,0.0,0.0,20.0,20.0,0.833,0.833,0.182,0.183,82.38,87.83,73.19,87.83,0.161,18,0.7,1.0,525,519,519,89,12,12,519,107,107,117,422,170,517,531,533,526,526,5,4,218,232,537,538,538,20,495,524
1630700,Dyson Daniels,1610612740,NOP,20.0,59,108.2,107.1,107.1,106.8,106.7,106.7,1.3,0.4,0.4,0.172,2.35,32.2,0.035,0.14,0.089,13.7,13.7,0.483,0.503,0.113,0.117,102.59,103.17,85.98,103.17,0.068,2233,1.5,3.5,367,406,406,71,74,74,201,235,235,152,127,38,262,202,218,470,470,429,447,491,493,212,142,142,395,416,394
1628410,Edmond Sumner,1610612751,BKN,27.0,53,112.5,111.7,111.7,109.7,110.1,110.1,2.8,1.7,1.7,0.13,1.36,15.7,0.019,0.086,0.054,11.5,11.5,0.519,0.597,0.209,0.217,102.82,102.99,85.82,102.99,0.088,1579,2.3,5.1,191,241,241,171,160,160,157,193,193,233,351,287,402,445,440,400,399,333,176,128,124,181,155,155,256,302,305
201569,Eric Gordon,1610612746,LAC,34.0,69,109.6,110.6,110.6,115.9,116.4,116.4,-6.4,-5.8,-5.8,0.133,1.76,18.2,0.008,0.059,0.033,10.3,10.2,0.547,0.587,0.171,0.178,102.82,102.17,85.14,102.17,0.078,4198,4.2,9.5,317,299,299,453,454,454,406,399,399,224,249,215,508,517,523,307,299,244,208,273,269,183,233,233,313,142,135
1630647,Eugene Omoruyi,1610612765,DET,26.0,40,109.9,111.2,111.2,113.2,113.1,113.1,-3.4,-1.9,-1.9,0.065,0.82,8.7,0.065,0.11,0.086,10.6,10.5,0.498,0.533,0.192,0.197,99.85,99.3,82.75,99.3,0.06,1328,2.5,5.7,305,260,260,347,318,318,350,314,314,443,464,483,126,313,228,329,323,397,381,177,182,418,432,432,434,280,274
203095,Evan Fournier,1610612752,NYK,30.0,27,107.8,109.1,109.1,113.5,113.8,113.8,-5.6,-4.7,-4.7,0.111,1.64,15.4,0.008,0.096,0.051,9.4,9.4,0.443,0.471,0.179,0.182,101.2,100.46,83.72,100.46,0.046,956,2.1,6.1,375,350,350,359,360,360,389,374,374,272,278,300,507,391,461,238,242,482,482,229,240,319,352,352,494,338,249
1630596,Evan Mobley,1610612739,CLE,22.0,79,114.7,115.5,115.5,107.8,109.0,109.0,6.9,6.5,6.5,0.122,1.53,15.4,0.073,0.2,0.137,10.1,10.1,0.566,0.591,0.199,0.202,97.92,97.02,80.85,97.02,0.124,5481,6.6,12.0,103,90,90,103,129,129,64,67,67,250,308,297,109,71,74,287,288,175,196,155,164,506,518,518,83,68,86
1630267,Facundo Campazzo,1610612742,DAL,32.0,8,102.4,100.0,100.0,93.3,89.0,89.0,9.1,11.0,11.0,0.3,3.0,34.6,0.0,0.041,0.019,11.5,11.6,0.346,0.36,0.144,0.15,96.4,99.84,83.2,99.84,0.068,108,0.4,1.6,490,498,498,10,11,11,34,23,23,29,51,19,517,526,532,399,404,522,523,384,382,524,398,398,401,524,503
1628402,Frank Jackson,1610612756,PHX,25.0,1,96.6,100.0,100.0,139.6,122.2,122.2,-43.0,-22.2,-22.2,0.25,0.0,25.0,0.125,0.333,0.182,0.0,0.0,0.0,0.0,0.25,0.244,81.74,85.54,71.29,85.54,-0.026,9,0.0,3.0,519,498,498,536,529,529,533,526,526,66,515,92,18,3,13,1,1,534,535,67,88,538,539,539,533,534,428
1626163,Frank Kaminsky,1610612745,HOU,30.0,36,112.0,109.4,109.4,114.1,111.3,111.3,-2.1,-1.9,-1.9,0.194,3.56,28.6,0.029,0.207,0.113,8.0,8.1,0.595,0.635,0.146,0.151,99.63,102.08,85.07,102.08,0.107,502,0.9,1.8,216,338,338,379,210,210,317,315,315,125,30,58,310,60,132,152,154,105,73,376,375,427,241,241,145,485,497
1628373,Frank Ntilikina,1610612742,DAL,24.0,47,114.3,113.5,113.5,108.8,108.4,108.4,5.4,5.1,5.1,0.127,2.0,24.9,0.011,0.086,0.049,12.4,12.4,0.428,0.461,0.125,0.13,101.12,101.67,84.73,101.67,0.033,1273,1.0,2.8,117,171,171,143,112,112,91,92,92,240,194,96,495,442,471,434,434,492,489,460,460,327,269,269,514,470,443
1630532,Franz Wagner,1610612753,ORL,21.0,80,109.9,111.3,111.3,109.4,110.1,110.1,0.5,1.2,1.2,0.167,1.69,16.6,0.027,0.098,0.063,9.8,9.8,0.543,0.589,0.23,0.235,102.13,101.14,84.29,101.14,0.11,5491,6.8,14.0,303,256,256,159,165,165,228,211,211,158,256,264,327,378,375,268,268,255,202,96,98,245,307,307,134,64,67
1627832,Fred VanVleet,1610612761,TOR,29.0,69,114.0,116.1,116.1,111.7,112.8,112.8,2.3,3.3,3.3,0.276,3.54,26.7,0.011,0.11,0.056,7.5,7.5,0.486,0.54,0.225,0.231,99.58,98.23,81.86,98.23,0.113,5199,6.3,16.1,126,82,82,268,299,299,169,136,136,47,33,78,497,310,428,118,115,420,362,103,103,432,477,477,116,74,45
1627788,Furkan Korkmaz,1610612755,PHI,25.0,37,105.8,105.0,105.0,104.5,103.7,103.7,1.3,1.4,1.4,0.091,0.92,12.7,0.017,0.099,0.059,13.9,13.9,0.514,0.552,0.176,0.182,102.26,103.06,85.89,103.06,0.073,755,1.3,3.0,433,444,444,39,38,38,205,204,204,343,450,385,422,368,410,473,474,355,331,241,237,236,150,150,363,436,428
1629216,Gabe Vincent,1610612748,MIA,27.0,68,111.0,111.0,111.0,110.9,111.7,111.7,0.1,-0.7,-0.7,0.139,1.82,19.5,0.016,0.071,0.043,10.7,10.7,0.505,0.533,0.17,0.175,98.56,98.16,81.8,98.16,0.058,3595,3.4,8.3,261,276,276,234,247,247,244,274,274,202,236,197,447,487,500,335,336,372,380,276,276,479,480,480,448,217,162
1628221,Gabe York,1610612754,IND,29.0,3,128.2,127.7,127.7,108.6,110.3,110.3,19.7,17.4,17.4,0.109,0.0,18.5,0.0,0.094,0.054,0.0,0.0,0.524,0.548,0.173,0.176,101.62,101.02,84.18,101.02,0.073,119,2.7,7.0,6,4,4,129,176,176,11,14,14,280,515,206,517,403,442,1,1,315,339,265,274,285,314,314,352,267,211
202066,Garrett Temple,1610612740,NOP,37.0,25,102.1,100.3,100.3,105.2,105.5,105.5,-3.1,-5.3,-5.3,0.117,3.25,20.3,0.027,0.069,0.048,6.3,6.3,0.522,0.535,0.123,0.129,106.6,107.38,89.48,107.38,0.061,363,0.7,1.8,492,497,497,45,57,57,342,385,385,258,44,168,321,495,480,62,63,319,373,467,463,19,22,22,431,493,493
1629726,Garrison Mathews,1610612737,ATL,26.0,54,102.6,103.1,103.1,108.6,109.5,109.5,-6.0,-6.4,-6.4,0.057,1.37,9.8,0.014,0.082,0.048,7.2,7.1,0.52,0.573,0.139,0.146,102.67,101.98,84.98,101.98,0.064,1461,1.4,3.7,485,474,474,127,142,142,399,411,411,469,345,459,462,461,479,102,95,330,251,409,393,196,248,248,420,429,376
203914,Gary Harris,1610612753,ORL,28.0,48,111.9,113.0,113.0,115.1,115.8,115.8,-3.2,-2.8,-2.8,0.067,2.11,14.5,0.018,0.069,0.043,6.9,6.9,0.603,0.62,0.125,0.128,101.26,100.45,83.71,100.45,0.058,2472,2.9,6.4,217,179,179,420,432,432,347,333,333,434,172,330,413,497,499,80,81,90,107,457,466,317,353,353,444,249,239
1627780,Gary Payton II,1610612744,GSW,30.0,22,123.3,123.7,123.7,117.6,118.3,118.3,5.7,5.4,5.4,0.106,1.88,25.4,0.069,0.121,0.096,13.6,13.6,0.688,0.701,0.101,0.104,100.22,99.76,83.13,99.76,0.076,763,1.9,3.1,8,7,7,485,496,496,78,87,87,291,223,88,116,265,184,467,467,20,22,518,518,396,407,407,338,369,422
1629018,Gary Trent Jr.,1610612761,TOR,24.0,66,110.8,111.8,111.8,112.5,113.8,113.8,-1.7,-2.1,-2.1,0.075,1.93,9.0,0.013,0.073,0.04,4.7,4.6,0.522,0.56,0.209,0.215,100.93,99.89,83.24,99.89,0.091,4425,6.1,14.2,269,238,238,314,362,362,310,319,319,400,217,476,477,485,516,31,31,322,305,131,128,344,393,393,236,78,65
201588,George Hill,1610612754,IND,37.0,46,110.0,108.8,108.8,108.5,106.9,106.9,1.5,1.9,1.9,0.178,3.24,33.1,0.017,0.077,0.048,10.2,10.2,0.572,0.61,0.11,0.116,100.96,102.27,85.23,102.27,0.079,1779,1.7,3.6,301,359,359,122,76,76,193,183,183,143,45,32,420,475,477,296,294,148,132,499,495,342,223,223,308,389,383
1627777,Georges Niang,1610612755,PHI,30.0,78,112.7,112.5,112.5,110.2,111.1,111.1,2.6,1.3,1.3,0.074,1.43,11.9,0.013,0.109,0.062,8.3,8.3,0.596,0.61,0.162,0.167,100.8,100.5,83.75,100.5,0.072,3180,2.8,6.4,181,210,210,196,203,203,161,205,205,404,333,405,472,320,382,167,166,104,129,313,311,353,348,348,370,252,236
203507,Giannis Antetokounmpo,1610612749,MIL,28.0,63,115.9,116.4,116.4,109.0,109.2,109.2,6.9,7.2,7.2,0.314,1.46,16.2,0.065,0.268,0.171,11.1,11.1,0.572,0.605,0.373,0.383,103.94,103.63,86.36,103.63,0.204,4380,11.2,20.3,64,71,71,147,135,135,61,53,53,21,329,276,122,12,27,366,366,153,153,3,3,99,112,112,5,1,8
1629048,Goga Bitadze,1610612753,ORL,23.0,38,107.3,109.2,109.2,107.0,105.4,105.4,0.3,3.7,3.7,0.122,1.77,19.0,0.123,0.167,0.144,10.7,10.8,0.576,0.582,0.147,0.151,100.43,100.3,83.58,100.3,0.105,950,1.8,3.3,397,347,347,78,56,56,237,127,127,249,242,203,21,129,60,334,341,136,229,373,378,378,365,365,155,373,414
201609,Goran Dragic,1610612749,MIL,37.0,58,111.2,111.6,111.6,112.1,112.2,112.2,-1.0,-0.6,-0.6,0.237,2.4,26.5,0.018,0.075,0.047,11.1,11.1,0.499,0.514,0.198,0.203,103.4,103.2,86.0,103.2,0.073,1878,2.4,5.8,256,247,247,293,267,267,290,270,270,75,121,80,407,478,482,362,368,395,426,158,161,140,137,137,360,290,269
202330,Gordon Hayward,1610612766,CHA,33.0,50,107.6,108.4,108.4,110.6,111.7,111.7,-2.9,-3.3,-3.3,0.187,2.08,21.7,0.02,0.112,0.065,10.4,10.4,0.52,0.563,0.196,0.2,103.89,103.01,85.84,103.01,0.101,3386,5.5,11.6,383,372,372,213,245,245,335,342,342,131,179,135,396,300,359,311,309,331,298,164,169,101,154,154,177,99,92
203476,Gorgui Dieng,1610612759,SAS,33.0,31,99.0,99.6,99.6,120.1,118.2,118.2,-21.1,-18.6,-18.6,0.221,1.66,25.5,0.063,0.22,0.135,15.4,15.4,0.474,0.493,0.177,0.181,102.61,103.07,85.89,103.07,0.076,765,1.5,3.8,512,502,502,517,494,494,524,523,523,94,274,87,130,47,77,498,499,444,465,237,245,209,148,148,339,420,374
1629684,Grant Williams,1610612738,BOS,24.0,79,114.1,114.9,114.9,109.1,109.0,109.0,5.0,5.9,5.9,0.086,1.6,17.7,0.042,0.134,0.088,11.1,11.0,0.575,0.605,0.128,0.131,99.96,99.67,83.06,99.67,0.069,4227,2.7,6.0,122,116,116,150,130,130,97,81,81,358,295,230,216,221,222,361,363,139,156,452,454,412,411,411,392,261,255
1628960,Grayson Allen,1610612749,MIL,27.0,72,113.8,113.9,113.9,108.8,109.1,109.1,5.1,4.9,4.9,0.107,2.26,19.4,0.03,0.082,0.057,8.6,8.5,0.571,0.612,0.143,0.147,102.74,102.56,85.47,102.56,0.078,4224,3.4,7.7,131,155,155,140,132,132,96,98,98,286,143,198,296,463,420,179,176,156,127,390,390,191,188,188,309,214,182
1630535,Greg Brown III,1610612757,POR,21.0,16,89.8,89.2,89.2,94.7,92.6,92.6,-5.0,-3.4,-3.4,0.055,0.5,7.1,0.019,0.175,0.094,14.3,14.2,0.411,0.421,0.17,0.179,103.16,104.67,87.23,104.67,0.047,204,0.7,1.8,526,528,528,14,17,17,379,343,343,475,500,503,400,117,191,479,477,500,508,280,260,156,60,60,492,494,497
1628977,Hamidou Diallo,1610612765,DET,24.0,56,109.5,108.9,108.9,109.8,109.5,109.5,-0.3,-0.6,-0.6,0.088,0.77,9.7,0.056,0.136,0.096,12.6,12.5,0.58,0.593,0.21,0.217,102.65,103.05,85.88,103.05,0.1,2137,3.8,6.7,322,354,354,177,145,145,260,272,272,348,472,462,157,211,185,437,439,127,187,126,122,203,151,151,184,173,227
203084,Harrison Barnes,1610612758,SAC,31.0,82,119.3,120.0,120.0,114.5,115.2,115.2,4.7,4.8,4.8,0.063,1.49,10.8,0.034,0.107,0.07,7.2,7.2,0.556,0.632,0.168,0.171,102.3,101.7,84.75,101.7,0.088,5634,4.6,9.6,20,15,15,392,402,402,101,100,100,448,322,433,275,335,323,105,107,209,77,284,291,233,267,267,252,130,132
1629312,Haywood Highsmith,1610612748,MIA,26.0,54,105.2,104.8,104.8,108.0,110.0,110.0,-2.8,-5.2,-5.2,0.065,0.96,13.6,0.055,0.135,0.094,14.2,14.2,0.516,0.517,0.121,0.124,99.04,98.29,81.91,98.29,0.058,1985,1.7,4.0,450,451,451,107,158,158,331,383,383,439,445,359,159,216,190,478,478,343,420,475,476,458,476,476,443,383,363
1630529,Herbert Jones,1610612740,NOP,24.0,66,114.4,115.8,115.8,110.7,111.8,111.8,3.7,3.9,3.9,0.108,1.84,19.7,0.051,0.089,0.07,10.7,10.7,0.525,0.567,0.144,0.146,100.39,99.3,82.75,99.3,0.068,4031,3.6,7.6,112,86,86,218,254,254,124,120,120,285,231,187,174,431,322,333,337,312,268,383,395,382,433,433,398,195,190
1630193,Immanuel Quickley,1610612752,NYK,24.0,81,113.1,114.3,114.3,106.5,108.1,108.1,6.6,6.2,6.2,0.178,2.79,19.8,0.024,0.11,0.068,7.1,7.0,0.537,0.578,0.203,0.21,99.35,98.08,81.74,98.08,0.118,4799,5.2,11.6,160,136,136,65,106,106,66,71,71,145,68,183,363,308,336,91,92,271,239,144,140,441,482,482,94,110,94
1630171,Isaac Okoro,1610612739,CLE,22.0,76,114.8,114.5,114.5,108.4,109.0,109.0,6.3,5.4,5.4,0.07,2.07,16.5,0.033,0.085,0.06,8.0,7.9,0.582,0.614,0.117,0.12,98.46,98.32,81.93,98.32,0.06,3359,2.3,4.7,100,129,129,121,131,131,69,86,86,423,181,267,278,446,405,145,143,125,123,485,490,482,475,475,436,306,332
1628392,Isaiah Hartenstein,1610612752,NYK,25.0,82,114.4,114.6,114.6,110.0,110.2,110.2,4.4,4.4,4.4,0.083,1.55,19.5,0.122,0.192,0.157,12.6,12.5,0.547,0.567,0.107,0.11,100.45,100.25,83.54,100.25,0.087,3401,2.1,4.0,113,123,123,184,169,169,111,109,109,371,304,196,22,84,39,439,440,242,273,506,504,375,370,370,267,328,365
1630543,Isaiah Jackson,1610612754,IND,21.0,63,108.5,109.5,109.5,114.0,115.2,115.2,-5.5,-5.6,-5.6,0.071,1.0,10.5,0.1,0.159,0.128,10.5,10.5,0.566,0.595,0.165,0.169,105.38,104.33,86.94,104.33,0.093,2267,2.8,5.0,362,332,332,374,401,401,386,394,394,416,422,439,50,145,100,327,325,174,181,303,307,34,74,74,221,253,308
1630198,Isaiah Joe,1610612760,OKC,23.0,73,117.0,117.3,117.3,113.0,112.2,112.2,3.9,5.1,5.1,0.087,2.26,13.1,0.018,0.108,0.062,5.8,5.7,0.599,0.626,0.17,0.177,103.22,103.42,86.19,103.42,0.093,3033,3.1,7.0,49,48,48,342,271,271,120,94,94,354,145,375,410,327,389,48,47,97,89,277,271,151,122,122,226,235,214
1630587,Isaiah Livers,1610612765,DET,24.0,52,107.1,107.9,107.9,114.8,115.6,115.6,-7.8,-7.8,-7.8,0.048,1.37,11.0,0.023,0.096,0.059,8.0,8.0,0.545,0.567,0.117,0.121,100.21,99.5,82.92,99.5,0.053,2481,2.3,5.5,406,386,386,406,424,424,429,435,435,497,346,425,369,389,409,150,147,249,271,483,483,399,422,422,468,305,284
1630600,Isaiah Mobley,1610612739,CLE,23.0,12,108.1,105.9,105.9,87.3,86.1,86.1,20.8,19.8,19.8,0.054,3.0,8.8,0.053,0.174,0.119,2.9,3.0,0.482,0.521,0.166,0.17,96.09,97.72,81.43,97.72,0.111,170,1.0,2.3,371,430,430,8,9,9,9,10,10,479,51,481,171,121,117,24,24,434,410,294,296,526,496,496,128,471,467
1629676,Isaiah Roby,1610612752,NYK,25.0,42,101.9,102.5,102.5,114.4,112.9,112.9,-12.5,-10.4,-10.4,0.114,1.23,15.8,0.04,0.188,0.11,12.9,12.8,0.49,0.497,0.173,0.178,103.72,104.03,86.69,104.03,0.07,1025,1.6,3.7,496,482,482,384,309,309,503,478,478,269,387,286,226,93,139,444,445,412,457,266,266,111,89,89,379,403,378
1630191,Isaiah Stewart,1610612765,DET,22.0,50,107.8,108.9,108.9,116.3,116.9,116.9,-8.5,-8.0,-8.0,0.073,1.03,10.8,0.078,0.202,0.138,10.5,10.5,0.518,0.56,0.17,0.172,102.02,101.24,84.37,101.24,0.091,2988,3.9,8.8,378,353,353,468,471,471,447,439,439,411,421,430,97,67,70,324,327,337,306,279,286,252,293,293,232,165,150
1630225,Isaiah Todd,1610612764,WAS,21.0,6,99.3,97.1,97.1,107.1,103.7,103.7,-7.7,-6.7,-6.7,0.087,2.0,15.4,0.027,0.152,0.086,7.7,7.7,0.184,0.226,0.143,0.146,102.69,105.54,87.95,105.54,0.012,136,0.5,3.2,509,513,513,79,40,40,428,415,415,355,194,300,328,164,232,127,134,531,532,386,397,195,38,38,526,508,419
202397,Ish Smith,1610612743,DEN,34.0,43,104.0,102.3,102.3,108.5,107.5,107.5,-4.5,-5.3,-5.3,0.352,2.27,36.1,0.014,0.116,0.068,15.9,15.9,0.405,0.407,0.187,0.196,99.91,101.21,84.34,101.21,0.072,843,1.2,3.0,468,484,484,124,90,90,368,386,386,14,141,14,469,286,331,503,505,503,511,194,186,413,300,300,371,450,426
1630688,Ish Wainright,1610612756,PHX,28.0,60,112.8,112.7,112.7,106.8,106.6,106.6,5.9,6.1,6.1,0.075,2.41,16.8,0.045,0.097,0.071,7.0,7.0,0.496,0.522,0.117,0.12,101.28,101.42,84.51,101.42,0.051,1922,1.4,3.8,179,199,199,73,73,73,75,77,77,401,119,259,205,385,318,84,87,404,409,486,489,313,284,284,479,425,372
1627826,Ivica Zubac,1610612746,LAC,26.0,76,112.3,112.8,112.8,112.5,113.4,113.4,-0.2,-0.6,-0.6,0.05,0.66,9.4,0.114,0.238,0.178,14.3,14.4,0.634,0.661,0.149,0.15,98.97,98.37,81.98,98.37,0.109,4443,4.3,6.8,206,196,196,313,337,337,256,268,268,493,486,471,30,28,15,484,482,46,41,367,379,463,473,473,136,140,226
1631120,JD Davison,1610612738,BOS,20.0,12,107.0,102.9,102.9,110.8,108.7,108.7,-3.8,-5.8,-5.8,0.234,2.75,31.4,0.033,0.093,0.067,11.4,11.5,0.474,0.478,0.157,0.165,98.62,101.54,84.62,101.54,0.069,140,0.7,1.6,410,476,476,225,122,122,357,400,400,78,73,42,279,405,345,392,395,446,476,330,319,478,275,275,390,495,505
1630550,JT Thor,1610612766,CHA,20.0,69,103.6,102.7,102.7,110.4,110.2,110.2,-6.8,-7.5,-7.5,0.054,0.82,10.6,0.035,0.115,0.075,13.0,13.0,0.481,0.506,0.13,0.134,101.91,102.44,85.37,102.44,0.051,2064,1.4,3.4,474,479,479,205,171,171,414,429,429,478,465,437,259,292,291,449,451,435,441,443,443,257,198,198,481,428,402
1629630,Ja Morant,1610612763,MEM,23.0,61,113.2,115.8,115.8,107.0,108.5,108.5,6.2,7.3,7.3,0.412,2.39,23.2,0.029,0.139,0.084,9.7,9.7,0.504,0.557,0.338,0.343,104.39,102.51,85.43,102.51,0.175,4160,9.3,19.9,157,85,85,77,116,116,71,50,50,6,122,108,304,206,239,262,260,375,315,6,6,67,191,191,12,18,14
203210,JaMychal Green,1610612744,GSW,33.0,57,108.7,108.3,108.3,115.9,116.4,116.4,-7.2,-8.2,-8.2,0.094,0.98,13.3,0.087,0.164,0.125,13.5,13.5,0.623,0.65,0.169,0.174,105.28,105.25,87.71,105.25,0.097,1741,2.4,4.4,355,374,374,451,457,457,423,442,442,327,440,371,72,135,105,466,466,60,60,281,282,36,43,43,200,298,346
201580,JaVale McGee,1610612742,DAL,35.0,42,106.3,106.1,106.1,112.3,113.4,113.4,-6.0,-7.3,-7.3,0.051,0.31,5.8,0.086,0.199,0.145,18.9,18.9,0.648,0.65,0.214,0.22,102.61,102.22,85.18,102.22,0.105,754,1.9,3.0,427,427,427,302,340,340,402,425,425,491,511,515,76,73,59,524,524,39,59,119,119,208,228,228,153,362,436
1631095,Jabari Smith Jr.,1610612745,HOU,20.0,79,107.2,109.1,109.1,119.5,120.4,120.4,-12.3,-11.3,-11.3,0.059,0.97,8.5,0.047,0.18,0.112,8.7,8.8,0.475,0.514,0.183,0.185,101.61,100.35,83.62,100.35,0.077,5133,4.6,11.3,399,349,349,512,522,522,499,488,488,462,441,487,196,105,134,190,194,443,427,212,226,287,360,360,325,126,104
1631133,Jabari Walker,1610612757,POR,20.0,56,104.9,104.8,104.8,114.8,113.8,113.8,-9.9,-9.0,-9.0,0.08,1.17,12.1,0.074,0.135,0.104,10.3,10.3,0.46,0.496,0.164,0.17,102.53,103.03,85.86,103.03,0.06,1331,1.5,3.5,452,449,449,404,359,359,475,465,465,380,398,401,105,215,161,306,308,464,461,304,299,216,153,153,435,415,393
1631298,Jack White,1610612743,DEN,25.0,17,96.3,90.4,90.4,107.8,104.5,104.5,-11.5,-14.1,-14.1,0.093,2.0,15.4,0.086,0.177,0.129,7.7,7.6,0.5,0.517,0.133,0.15,92.88,97.41,81.17,97.41,0.087,135,0.5,1.1,520,525,525,102,48,48,488,510,510,330,194,300,76,112,99,127,124,382,421,430,380,534,507,507,261,516,521
1631367,Jacob Gilyard,1610612763,MEM,24.0,1,102.4,101.1,101.1,110.9,116.1,116.1,-8.5,-14.9,-14.9,0.212,3.5,58.3,0.0,0.095,0.044,16.7,16.7,0.5,0.5,0.052,0.053,104.14,102.39,85.33,102.39,0.056,87,1.0,3.0,488,491,491,237,443,443,446,514,514,102,34,1,517,396,493,511,512,382,451,538,538,85,205,205,456,471,428
1630702,Jaden Hardy,1610612742,DAL,20.0,48,112.9,112.5,112.5,115.9,115.6,115.6,-3.1,-3.1,-3.1,0.147,1.41,13.6,0.015,0.106,0.061,9.6,9.6,0.533,0.571,0.248,0.256,101.06,101.37,84.47,101.37,0.09,1502,3.0,6.9,174,208,208,452,421,421,339,335,335,189,335,358,456,336,396,256,259,289,260,71,65,335,286,286,238,236,218
1631093,Jaden Ivey,1610612765,DET,21.0,74,105.6,107.1,107.1,119.0,120.1,120.1,-13.5,-13.0,-13.0,0.269,1.63,21.9,0.03,0.094,0.062,13.4,13.4,0.477,0.528,0.251,0.254,101.72,100.5,83.75,100.5,0.081,4818,5.5,13.3,440,403,403,505,519,519,506,501,501,53,283,131,292,401,390,462,463,441,392,60,71,275,350,350,296,98,74
1630183,Jaden McDaniels,1610612750,MIN,22.0,79,112.3,113.6,113.6,110.2,111.6,111.6,2.0,2.0,2.0,0.082,1.32,14.3,0.039,0.086,0.063,10.8,10.8,0.591,0.611,0.156,0.159,102.45,101.2,84.34,101.2,0.069,5080,4.7,9.1,205,166,166,200,233,233,176,178,178,372,361,339,230,444,372,341,343,109,128,332,341,221,302,302,389,123,147
1630531,Jaden Springer,1610612755,PHI,20.0,16,111.8,108.8,108.8,108.7,110.9,110.9,3.1,-2.1,-2.1,0.129,2.67,16.0,0.063,0.091,0.077,6.0,6.1,0.514,0.545,0.188,0.195,103.64,104.05,86.71,104.05,0.085,194,1.1,2.2,222,361,361,136,190,190,145,320,320,236,84,283,131,422,279,56,57,352,350,190,189,117,88,88,276,468,474
203109,Jae Crowder,1610612749,MIL,32.0,18,112.2,111.0,111.0,109.7,111.8,111.8,2.5,-0.8,-0.8,0.102,3.86,20.3,0.046,0.134,0.092,5.3,5.3,0.606,0.624,0.125,0.13,105.1,104.63,87.19,104.63,0.096,743,2.5,5.2,210,277,277,172,252,252,164,275,275,301,25,169,200,220,202,38,38,80,94,459,458,45,62,62,207,281,297
1630256,Jae'Sean Tate,1610612745,HOU,27.0,31,105.8,107.5,107.5,114.9,114.8,114.8,-9.1,-7.3,-7.3,0.184,1.79,21.5,0.054,0.114,0.082,12.1,12.0,0.509,0.546,0.178,0.184,101.97,101.14,84.28,101.14,0.076,1432,3.5,7.4,434,393,393,410,394,394,463,427,427,135,238,137,165,294,253,417,420,368,347,230,229,254,308,308,340,198,200
1631222,Jake LaRavia,1610612763,MEM,21.0,35,107.4,106.4,106.4,114.1,113.9,113.9,-6.7,-7.6,-7.6,0.068,1.17,15.2,0.044,0.1,0.072,13.0,13.0,0.516,0.531,0.117,0.12,101.86,102.42,85.35,102.42,0.04,879,1.1,2.7,392,422,422,380,368,368,412,430,430,431,400,305,208,363,304,451,452,345,388,484,487,262,199,199,508,469,449
1627751,Jakob Poeltl,1610612761,TOR,27.0,72,110.4,112.4,112.4,114.9,115.5,115.5,-4.5,-3.1,-3.1,0.146,1.58,19.2,0.117,0.24,0.174,12.2,12.2,0.629,0.635,0.18,0.182,101.7,100.54,83.78,100.54,0.13,3983,5.4,8.6,283,214,214,413,414,414,370,338,338,191,298,201,27,26,21,424,425,52,75,226,236,280,342,342,70,102,155
1628973,Jalen Brunson,1610612752,NYK,26.0,68,117.5,119.2,119.2,115.1,117.1,117.1,2.3,2.1,2.1,0.28,2.96,22.0,0.016,0.085,0.05,7.4,7.4,0.547,0.597,0.266,0.273,99.21,97.64,81.36,97.64,0.138,4860,8.6,17.6,40,25,25,421,475,475,167,174,174,41,60,129,430,448,465,111,108,243,177,44,45,451,498,498,46,26,33
1631105,Jalen Duren,1610612765,DET,19.0,67,107.1,108.0,108.0,115.4,116.2,116.2,-8.3,-8.3,-8.3,0.069,0.82,11.8,0.13,0.221,0.174,14.5,14.5,0.648,0.655,0.139,0.142,101.08,100.27,83.56,100.27,0.116,3493,3.9,5.9,407,383,383,429,448,448,441,446,446,430,467,407,16,44,20,487,486,37,51,410,413,332,368,368,103,171,260
1630224,Jalen Green,1610612745,HOU,21.0,76,109.2,111.2,111.2,119.1,120.0,120.0,-9.9,-8.7,-8.7,0.169,1.41,13.9,0.016,0.093,0.053,9.9,9.8,0.485,0.538,0.274,0.281,101.96,100.64,83.87,100.64,0.096,5469,7.4,17.9,337,257,257,507,517,517,476,456,456,154,337,354,449,410,451,270,269,422,365,32,32,255,337,337,209,48,28
1630552,Jalen Johnson,1610612737,ATL,21.0,70,111.5,111.1,111.1,111.0,110.8,110.8,0.5,0.3,0.3,0.106,2.02,17.3,0.047,0.214,0.131,8.6,8.5,0.537,0.554,0.156,0.161,103.06,103.32,86.1,103.32,0.099,2234,2.3,4.6,237,273,273,238,187,187,229,236,236,292,189,240,191,50,93,178,182,272,322,335,335,162,128,128,190,311,336
1629667,Jalen McDaniels,1610612755,PHI,25.0,80,110.3,110.5,110.5,113.0,113.9,113.9,-2.7,-3.4,-3.4,0.094,1.4,14.5,0.031,0.145,0.087,10.4,10.3,0.518,0.557,0.165,0.17,102.99,102.48,85.4,102.48,0.08,4079,3.5,7.7,290,301,301,341,365,365,327,344,344,329,338,331,289,192,224,308,307,338,314,300,300,164,194,194,300,201,185
1630188,Jalen Smith,1610612754,IND,23.0,68,109.6,111.4,111.4,115.8,115.3,115.3,-6.2,-3.8,-3.8,0.076,0.92,9.4,0.093,0.201,0.146,10.2,10.2,0.53,0.565,0.201,0.206,104.15,103.54,86.28,103.54,0.099,2763,3.6,7.5,313,254,254,445,404,404,404,354,354,395,450,473,62,69,58,294,295,299,286,148,148,81,116,116,193,196,196
1630591,Jalen Suggs,1610612753,ORL,22.0,53,108.0,109.7,109.7,109.8,111.0,111.0,-1.8,-1.3,-1.3,0.179,1.65,20.9,0.044,0.083,0.063,12.7,12.6,0.493,0.528,0.196,0.201,103.08,101.73,84.78,101.73,0.077,2638,3.5,8.4,372,326,326,175,198,198,313,298,298,141,275,154,209,459,371,441,441,405,394,163,167,160,263,263,319,203,160
1631114,Jalen Williams,1610612760,OKC,22.0,75,111.2,111.6,111.6,111.9,112.6,112.6,-0.7,-1.0,-1.0,0.152,2.02,19.9,0.035,0.109,0.071,9.9,9.8,0.567,0.601,0.18,0.184,104.02,103.46,86.22,103.46,0.102,4903,5.5,10.6,253,245,245,276,295,295,278,282,282,183,192,178,267,317,315,271,272,170,166,227,227,92,120,120,167,99,113
1631288,Jamal Cain,1610612748,MIA,24.0,18,109.1,108.0,108.0,102.2,102.5,102.5,6.9,5.5,5.5,0.076,2.0,12.9,0.064,0.142,0.105,6.5,6.4,0.614,0.647,0.139,0.145,102.43,102.78,85.65,102.78,0.114,511,2.1,3.7,342,382,382,28,34,34,62,84,84,395,194,379,128,197,155,71,70,71,63,411,406,224,170,170,110,339,379
1627750,Jamal Murray,1610612743,DEN,26.0,65,118.3,118.9,118.9,111.6,112.5,112.5,6.7,6.4,6.4,0.265,2.76,23.9,0.024,0.099,0.062,8.7,8.6,0.537,0.571,0.256,0.262,99.82,99.13,82.61,99.13,0.121,4413,7.3,16.0,28,27,27,261,284,284,65,68,68,55,71,100,355,374,380,187,188,275,258,58,58,419,444,444,88,57,47
1631123,Jamaree Bouyea,1610612748,MIA,24.0,5,106.2,106.5,106.5,120.2,119.7,119.7,-14.0,-13.2,-13.2,0.091,1.0,17.4,0.016,0.086,0.049,17.4,17.5,0.5,0.504,0.12,0.126,93.5,93.57,77.97,93.57,0.039,138,1.2,2.8,428,420,420,519,515,515,509,504,504,338,422,238,450,440,473,519,520,382,445,477,471,533,535,535,510,453,444
1630547,James Bouknight,1610612766,CHA,22.0,34,101.4,102.6,102.6,109.9,110.9,110.9,-8.4,-8.3,-8.3,0.117,1.28,14.6,0.015,0.116,0.066,11.4,11.5,0.443,0.463,0.192,0.195,103.34,102.25,85.2,102.25,0.05,1095,2.0,5.7,499,480,480,179,192,192,445,445,445,260,373,328,459,290,351,392,393,481,487,178,188,146,225,225,486,342,277
201935,James Harden,1610612755,PHI,33.0,58,118.0,119.4,119.4,111.2,113.3,113.3,6.9,6.1,6.1,0.439,3.17,34.4,0.021,0.151,0.088,10.9,10.8,0.536,0.607,0.247,0.255,97.55,96.11,80.09,96.11,0.159,4282,6.4,14.5,34,23,23,247,332,332,63,74,74,3,49,21,390,169,221,345,339,276,140,74,68,516,530,530,24,73,62
201949,James Johnson,1610612754,IND,36.0,18,103.0,102.8,102.8,106.6,103.9,103.9,-3.7,-1.1,-1.1,0.135,1.88,19.7,0.022,0.173,0.091,10.5,10.6,0.48,0.486,0.152,0.156,103.13,104.51,87.09,104.51,0.055,352,1.2,2.7,482,477,477,67,42,42,353,289,289,213,223,185,371,123,203,325,331,438,471,351,356,158,65,65,462,447,448
1630164,James Wiseman,1610612765,DET,22.0,45,104.7,104.7,104.7,120.9,121.9,121.9,-16.3,-17.2,-17.2,0.057,0.59,6.5,0.084,0.231,0.156,11.0,11.0,0.563,0.589,0.212,0.216,101.68,101.29,84.41,101.29,0.104,1825,4.2,7.5,456,453,453,522,528,528,515,519,519,466,497,510,80,33,44,354,361,186,201,122,125,281,290,290,156,145,192
1630215,Jared Butler,1610612760,OKC,22.0,6,104.9,106.2,106.2,106.4,103.6,103.6,-1.4,2.6,2.6,0.16,1.6,17.8,0.013,0.034,0.024,11.1,11.1,0.578,0.578,0.208,0.211,101.84,102.55,85.46,102.55,0.085,161,2.5,5.3,453,425,425,62,37,37,301,160,160,171,292,225,475,530,531,367,371,132,240,133,137,264,189,189,279,281,292
1631197,Jared Rhoden,1610612765,DET,23.0,14,113.8,114.9,114.9,113.0,110.6,110.6,0.8,4.3,4.3,0.028,1.33,7.4,0.055,0.135,0.094,5.6,5.6,0.443,0.482,0.106,0.107,98.31,98.85,82.38,98.85,0.041,409,1.2,3.1,134,113,113,335,183,183,219,112,112,522,358,502,161,219,188,41,42,480,473,508,512,489,456,456,506,448,421
1628991,Jaren Jackson Jr.,1610612763,MEM,23.0,63,115.8,116.4,116.4,105.3,106.6,106.6,10.4,9.8,9.8,0.048,0.56,5.3,0.058,0.159,0.11,9.5,9.5,0.567,0.613,0.243,0.247,104.2,103.3,86.09,103.3,0.125,3842,6.6,13.0,70,70,70,48,71,71,25,32,32,498,499,517,149,142,137,247,248,171,125,78,80,79,130,130,79,70,79
1629020,Jarred Vanderbilt,1610612747,LAL,24.0,78,114.1,114.7,114.7,115.9,116.2,116.2,-1.8,-1.5,-1.5,0.134,1.9,23.1,0.09,0.216,0.154,12.2,12.2,0.58,0.604,0.136,0.139,101.64,101.21,84.34,101.21,0.105,3946,3.2,5.8,124,120,120,450,446,446,312,305,305,217,221,110,67,49,50,426,429,128,158,416,426,282,299,299,154,229,267
1629714,Jarrell Brantley,1610612762,UTA,27.0,4,107.8,111.1,111.1,96.1,94.9,94.9,11.8,16.2,16.2,0.125,1.5,15.0,0.02,0.093,0.058,10.0,10.1,0.714,0.739,0.172,0.175,99.55,98.59,82.16,98.59,0.134,81,2.0,3.5,377,271,271,17,19,19,20,15,15,243,313,317,394,411,418,282,287,17,13,270,279,433,465,465,59,344,398
1628386,Jarrett Allen,1610612739,CLE,25.0,68,115.9,116.5,116.5,107.8,108.8,108.8,8.1,7.7,7.7,0.073,1.22,12.1,0.107,0.21,0.159,10.0,10.0,0.645,0.67,0.162,0.164,97.36,96.62,80.52,96.62,0.134,4469,5.9,9.2,65,60,60,99,125,125,42,46,46,410,392,400,39,57,38,281,281,41,37,312,322,518,526,526,57,84,144
1629633,Jarrett Culver,1610612737,ATL,24.0,10,109.1,108.5,108.5,115.7,114.1,114.1,-6.6,-5.7,-5.7,0.055,0.86,9.7,0.065,0.219,0.135,11.3,11.3,0.407,0.452,0.164,0.167,102.85,103.8,86.5,103.8,0.068,295,1.7,4.3,344,369,369,440,373,373,409,396,396,475,458,463,124,48,78,381,386,502,493,305,313,179,103,103,402,387,350
1630554,Jason Preston,1610612746,LAC,23.0,14,107.6,110.0,110.0,113.4,111.6,111.6,-5.8,-1.6,-1.6,0.307,2.7,34.2,0.014,0.175,0.084,12.7,12.7,0.5,0.489,0.166,0.168,102.67,102.38,85.32,102.38,0.094,261,1.3,2.9,384,315,315,356,234,234,393,309,309,25,82,23,467,116,240,442,442,382,469,295,310,198,208,208,217,439,439
1629750,Javonte Green,1610612741,CHI,29.0,32,112.4,112.4,112.4,105.1,106.5,106.5,7.3,5.9,5.9,0.062,1.15,13.5,0.057,0.119,0.09,11.8,11.7,0.625,0.646,0.128,0.132,102.98,102.3,85.25,102.3,0.082,1018,1.9,3.4,194,217,217,42,67,67,54,80,80,452,404,361,150,273,215,406,409,56,65,451,450,168,220,220,290,361,405
1629637,Jaxson Hayes,1610612740,NOP,23.0,47,104.4,103.4,103.4,108.9,108.8,108.8,-4.6,-5.4,-5.4,0.088,1.1,13.2,0.058,0.153,0.104,12.1,12.0,0.561,0.605,0.149,0.156,101.72,102.29,85.24,102.29,0.09,1300,1.8,3.3,461,468,468,145,124,124,372,390,390,351,411,372,144,150,160,420,419,190,155,361,353,276,222,222,240,372,411
1630643,Jay Huff,1610612764,WAS,25.0,7,117.2,117.5,117.5,118.4,118.5,118.5,-1.2,-1.1,-1.1,0.135,2.0,21.3,0.06,0.153,0.106,10.6,10.6,0.72,0.796,0.155,0.158,108.35,108.2,90.17,108.2,0.116,212,2.1,3.6,43,42,42,499,500,500,294,286,286,213,194,144,140,151,148,332,332,16,7,337,348,9,18,18,104,327,386
1630206,Jay Scrubb,1610612753,ORL,22.0,2,96.7,98.5,98.5,130.0,127.0,127.0,-33.3,-28.5,-28.5,0.056,0.33,8.3,0.0,0.3,0.128,25.0,25.3,0.857,0.825,0.151,0.155,101.75,102.0,85.0,102.0,0.104,65,2.5,3.5,518,507,507,534,534,534,530,530,530,473,510,489,517,4,103,532,532,4,5,356,359,273,247,247,159,281,398
1627759,Jaylen Brown,1610612738,BOS,26.0,67,115.2,116.6,116.6,109.9,111.2,111.2,5.3,5.4,5.4,0.163,1.18,11.9,0.032,0.152,0.093,10.1,10.0,0.55,0.581,0.307,0.312,101.72,100.51,83.76,100.51,0.132,5030,10.1,20.6,81,59,59,181,208,208,93,89,89,165,397,404,285,163,195,289,286,232,231,14,15,277,347,347,66,7,5
1629669,Jaylen Nowell,1610612750,MIN,23.0,65,110.8,111.2,111.2,111.3,111.3,111.3,-0.5,0.0,0.0,0.156,2.03,15.3,0.028,0.107,0.067,7.6,7.5,0.502,0.527,0.238,0.246,105.23,105.04,87.53,105.04,0.095,2736,4.3,9.6,267,258,258,249,211,211,268,248,248,174,186,304,315,332,338,119,116,380,396,86,81,41,49,49,213,139,133
1631119,Jaylin Williams,1610612760,OKC,21.0,49,110.3,111.1,111.1,115.3,115.7,115.7,-5.0,-4.6,-4.6,0.109,2.05,20.5,0.045,0.23,0.131,10.0,10.0,0.534,0.559,0.133,0.135,102.77,102.18,85.15,102.18,0.08,1946,2.1,4.8,294,274,274,427,428,428,380,371,371,277,183,165,206,35,92,280,280,284,309,436,440,185,230,230,298,333,324
1628369,Jayson Tatum,1610612738,BOS,25.0,74,118.2,119.2,119.2,109.5,110.8,110.8,8.7,8.5,8.5,0.205,1.61,14.5,0.029,0.2,0.117,9.0,8.9,0.543,0.607,0.319,0.327,100.77,99.76,83.13,99.76,0.167,5674,9.8,21.1,31,24,24,166,188,188,37,40,40,112,290,333,305,72,121,212,208,254,144,9,9,355,404,404,17,13,3
1630288,Jeff Dowtin Jr.,1610612761,TOR,26.0,25,111.3,112.7,112.7,112.7,113.3,113.3,-1.4,-0.6,-0.6,0.154,6.2,32.3,0.022,0.069,0.044,5.2,5.2,0.482,0.5,0.106,0.11,97.81,96.95,80.79,96.95,0.067,520,1.0,2.3,246,200,200,318,334,334,300,271,271,179,3,37,378,498,495,37,36,432,450,509,505,510,520,520,409,471,470
201145,Jeff Green,1610612743,DEN,36.0,56,106.6,107.1,107.1,114.5,115.0,115.0,-7.9,-8.0,-8.0,0.095,1.5,13.9,0.035,0.096,0.066,9.3,9.3,0.534,0.576,0.167,0.171,99.78,99.38,82.81,99.38,0.071,2253,2.9,5.9,417,408,408,393,399,399,430,438,438,323,313,350,263,394,350,228,231,287,246,288,289,422,428,428,374,251,263
203924,Jerami Grant,1610612757,POR,29.0,63,114.9,116.1,116.1,115.6,117.3,117.3,-0.7,-1.2,-1.2,0.103,1.29,11.3,0.025,0.104,0.065,8.8,8.7,0.554,0.606,0.227,0.231,100.3,99.08,82.56,99.08,0.099,4643,6.9,14.5,90,80,80,438,479,479,281,292,292,298,368,422,347,347,358,193,192,217,148,101,104,391,446,446,189,62,63
1630526,Jeremiah Robinson-Earl,1610612760,OKC,22.0,43,113.4,112.9,112.9,112.9,113.8,113.8,0.5,-0.9,-0.9,0.069,2.26,13.0,0.082,0.129,0.105,5.8,5.8,0.518,0.548,0.143,0.146,103.84,103.67,86.39,103.67,0.076,1760,2.6,5.8,149,188,188,333,358,358,230,280,280,427,144,378,86,238,151,45,50,336,341,386,394,103,110,110,337,277,271
1631110,Jeremy Sochan,1610612759,SAS,20.0,56,108.5,110.6,110.6,116.7,117.6,117.6,-8.2,-7.0,-7.0,0.132,1.46,16.9,0.06,0.14,0.098,11.5,11.5,0.483,0.509,0.195,0.198,103.78,102.37,85.31,102.37,0.074,3101,4.5,9.9,360,296,296,473,485,485,435,419,419,227,327,257,139,201,173,401,400,430,436,167,176,106,209,209,349,136,126
1630579,Jericho Sims,1610612752,NYK,24.0,52,107.9,108.1,108.1,114.4,114.9,114.9,-6.6,-6.7,-6.7,0.044,0.93,15.2,0.117,0.175,0.146,16.4,16.3,0.776,0.78,0.074,0.077,97.61,97.31,81.09,97.31,0.086,1646,1.6,2.1,373,380,380,386,396,396,407,417,417,505,448,308,25,118,57,509,508,8,8,535,535,513,510,510,269,402,484
1628975,Jevon Carter,1610612749,MIL,27.0,81,110.4,109.2,109.2,107.2,107.2,107.2,3.1,1.9,1.9,0.15,2.53,23.1,0.018,0.084,0.052,9.1,9.1,0.549,0.56,0.149,0.156,102.18,102.73,85.61,102.73,0.073,3872,3.0,7.0,286,346,346,84,79,79,143,181,181,186,99,111,411,454,458,224,221,238,307,363,357,242,173,173,364,245,212
202710,Jimmy Butler III,1610612748,MIA,33.0,64,113.7,114.9,114.9,112.4,113.7,113.7,1.4,1.2,1.2,0.264,3.37,21.9,0.068,0.121,0.093,6.5,6.4,0.56,0.647,0.248,0.256,98.1,97.02,80.85,97.02,0.177,4320,7.5,13.9,136,115,115,307,355,355,200,209,209,56,37,132,119,266,196,72,72,198,64,72,66,499,519,519,10,47,68
1629111,Jock Landale,1610612756,PHX,27.0,69,111.8,113.0,113.0,106.1,105.1,105.1,5.7,7.9,7.9,0.101,1.15,13.4,0.114,0.164,0.138,11.6,11.6,0.559,0.595,0.182,0.187,102.11,102.03,85.03,102.03,0.106,2069,2.6,4.9,226,181,181,57,54,54,81,43,43,303,403,367,31,134,71,402,402,199,182,216,218,247,246,246,149,274,318
203925,Joe Harris,1610612751,BKN,31.0,74,111.7,112.1,112.1,112.2,113.2,113.2,-0.4,-1.0,-1.0,0.091,2.46,17.1,0.016,0.089,0.054,6.9,6.9,0.618,0.621,0.141,0.143,100.91,100.26,83.55,100.26,0.067,3194,2.7,5.9,228,225,225,294,322,322,264,285,285,341,113,249,443,430,444,82,82,63,101,398,408,345,369,369,413,263,259
204060,Joe Ingles,1610612749,MIL,35.0,46,115.0,114.9,114.9,112.0,112.4,112.4,3.0,2.5,2.5,0.181,2.73,32.5,0.012,0.102,0.058,11.9,11.9,0.603,0.616,0.122,0.125,104.26,104.12,86.77,104.12,0.076,2274,2.3,5.4,85,114,114,284,278,278,147,162,162,139,77,35,488,354,417,413,413,89,119,471,474,73,82,82,336,300,288
1630580,Joe Wieskamp,1610612761,TOR,23.0,9,94.5,93.5,93.5,93.3,92.5,92.5,1.1,1.0,1.0,0.083,3.0,16.7,0.0,0.068,0.032,5.6,5.6,0.321,0.321,0.115,0.122,102.95,103.92,86.6,103.92,0.006,108,0.3,1.6,523,522,522,11,16,16,211,217,217,369,51,261,517,499,525,41,41,525,530,490,479,172,97,97,530,525,507
203954,Joel Embiid,1610612755,PHI,29.0,66,118.3,119.0,119.0,108.6,110.2,110.2,9.7,8.8,8.8,0.233,1.21,12.7,0.057,0.243,0.157,10.5,10.4,0.573,0.655,0.37,0.377,98.41,97.34,81.12,97.34,0.213,4639,11.0,20.1,30,26,26,128,170,170,28,39,39,83,395,386,152,25,41,318,319,145,52,4,4,484,509,509,3,3,11
1631219,John Butler Jr.,1610612757,POR,20.0,19,101.9,100.6,100.6,116.8,116.7,116.7,-14.9,-16.1,-16.1,0.066,11.0,16.7,0.012,0.065,0.036,1.5,1.5,0.396,0.411,0.102,0.108,104.21,104.97,87.47,104.97,0.024,487,0.9,2.8,494,495,495,475,465,465,513,515,515,438,1,261,489,509,522,22,22,509,510,514,510,78,50,50,523,482,446
1628381,John Collins,1610612737,ATL,25.0,71,114.0,115.0,115.0,114.5,115.2,115.2,-0.4,-0.2,-0.2,0.052,1.08,9.0,0.035,0.18,0.107,8.3,8.3,0.557,0.593,0.168,0.171,103.37,102.6,85.5,102.6,0.086,4547,5.1,10.0,125,109,109,389,403,403,266,256,256,483,415,477,261,106,143,170,168,205,190,286,292,143,186,186,272,112,122
1629723,John Konchar,1610612763,MEM,27.0,72,113.0,114.6,114.6,106.1,107.5,107.5,6.9,7.0,7.0,0.082,2.7,21.3,0.04,0.152,0.096,7.9,7.8,0.525,0.542,0.1,0.103,104.21,102.79,85.66,102.79,0.079,3192,1.9,4.4,165,125,125,58,91,91,60,55,55,374,81,144,227,155,181,141,140,311,356,521,523,76,165,165,303,360,344
202322,John Wall,1610612746,LAC,32.0,34,105.7,105.0,105.0,110.8,111.6,111.6,-5.1,-6.6,-6.6,0.38,2.23,27.5,0.018,0.096,0.058,12.4,12.4,0.456,0.497,0.259,0.268,102.65,102.65,85.54,102.65,0.102,1614,4.1,10.0,435,445,445,231,232,232,382,414,414,10,150,72,415,393,419,432,433,469,459,53,50,205,180,180,168,153,121
1631098,Johnny Davis,1610612764,WAS,21.0,28,100.6,101.7,101.7,109.0,107.9,107.9,-8.4,-6.2,-6.2,0.1,1.65,12.3,0.02,0.125,0.07,7.5,7.5,0.436,0.446,0.192,0.197,102.65,102.68,85.57,102.68,0.051,905,2.4,6.1,504,487,487,149,98,98,442,408,408,310,276,394,391,248,326,113,112,486,496,181,180,206,176,176,483,299,253
1630548,Johnny Juzang,1610612762,UTA,22.0,18,99.2,97.8,97.8,115.8,115.6,115.6,-16.7,-17.7,-17.7,0.051,2.67,6.8,0.029,0.122,0.073,2.6,2.6,0.409,0.411,0.187,0.193,104.28,105.09,87.58,105.09,0.049,510,1.9,5.8,511,510,510,446,422,422,516,522,522,487,84,507,311,261,301,23,23,501,509,196,196,72,46,46,491,355,268
202685,Jonas Valančiūnas,1610612740,NOP,31.0,79,111.2,112.8,112.8,112.4,113.5,113.5,-1.2,-0.7,-0.7,0.108,0.88,11.5,0.115,0.293,0.204,13.1,13.1,0.57,0.61,0.229,0.232,101.06,99.83,83.19,99.83,0.14,4101,5.6,10.3,255,190,190,305,347,347,295,273,273,282,454,418,29,6,3,454,454,158,133,97,102,334,399,399,44,96,115
1628371,Jonathan Isaac,1610612753,ORL,25.0,11,102.7,102.0,102.0,105.0,107.7,107.7,-2.3,-5.8,-5.8,0.085,1.5,9.0,0.099,0.25,0.165,6.0,6.0,0.472,0.483,0.198,0.205,100.39,99.46,82.88,99.46,0.153,255,2.0,4.8,484,485,485,41,95,95,320,397,397,366,313,478,54,20,35,54,55,449,472,157,153,381,425,425,28,344,322
1630228,Jonathan Kuminga,1610612744,GSW,20.0,67,111.6,111.7,111.7,112.2,113.0,113.0,-0.6,-1.4,-1.4,0.132,1.32,16.1,0.052,0.113,0.083,12.2,12.2,0.579,0.597,0.195,0.2,103.57,103.18,85.99,103.18,0.085,2992,3.9,7.4,233,243,243,297,314,314,274,300,300,226,362,280,172,296,244,427,427,129,178,168,168,122,140,140,278,167,197
203903,Jordan Clarkson,1610612762,UTA,31.0,61,115.0,117.4,117.4,115.4,116.6,116.6,-0.4,0.8,0.8,0.209,1.45,17.1,0.036,0.083,0.06,11.8,11.7,0.519,0.558,0.273,0.28,102.11,100.54,83.78,100.54,0.102,4165,7.5,16.9,86,44,44,432,464,464,265,221,221,106,330,246,253,458,399,409,408,332,311,33,34,249,343,343,172,46,38
1630692,Jordan Goodwin,1610612764,WAS,24.0,62,107.1,107.1,107.1,112.3,111.7,111.7,-5.2,-4.5,-4.5,0.22,2.95,27.6,0.05,0.131,0.09,9.4,9.4,0.501,0.531,0.165,0.17,101.51,101.78,84.82,101.78,0.102,2339,2.5,5.7,402,404,404,301,239,239,384,368,368,96,61,70,185,232,213,236,238,381,383,299,297,293,259,259,169,278,275
1631160,Jordan Hall,1610612759,SAS,21.0,9,94.8,94.9,94.9,108.6,108.0,108.0,-13.8,-13.1,-13.1,0.22,1.57,22.0,0.033,0.129,0.075,14.0,14.0,0.375,0.438,0.197,0.201,101.62,101.91,84.93,101.91,0.054,175,1.0,3.1,522,518,518,130,102,102,508,502,502,95,299,128,279,239,288,475,475,511,502,159,166,284,253,253,466,471,423
1629162,Jordan McLaughlin,1610612750,MIN,27.0,43,111.2,111.7,111.7,105.9,105.9,105.9,5.4,5.8,5.8,0.264,4.48,44.3,0.022,0.065,0.044,9.9,9.9,0.503,0.526,0.112,0.114,106.75,106.51,88.76,106.51,0.086,1504,1.4,3.4,250,242,242,56,58,58,92,82,82,57,18,2,374,510,494,272,274,376,397,496,498,18,28,28,271,424,407
1629670,Jordan Nwora,1610612754,IND,24.0,62,107.1,107.0,107.0,116.6,117.2,117.2,-9.5,-10.2,-10.2,0.107,1.33,13.9,0.041,0.147,0.093,10.4,10.4,0.533,0.561,0.187,0.194,103.85,103.63,86.36,103.63,0.089,2569,3.1,7.2,404,410,410,471,477,477,471,476,476,290,358,353,224,182,198,313,311,290,300,198,195,102,113,113,250,232,207
1629673,Jordan Poole,1610612744,GSW,24.0,82,110.7,111.0,111.0,111.0,111.8,111.8,-0.3,-0.8,-0.8,0.234,1.46,17.8,0.013,0.073,0.043,12.2,12.1,0.514,0.573,0.282,0.291,104.64,104.15,86.79,104.15,0.104,5348,6.7,15.6,273,279,279,240,251,251,261,276,276,79,326,224,479,483,496,425,422,353,249,29,28,60,81,81,160,66,50
1630648,Jordan Schakel,1610612764,WAS,25.0,2,133.3,133.3,133.3,101.2,83.3,83.3,32.1,50.0,50.0,0.167,0.0,33.3,0.0,0.0,0.0,0.0,0.0,0.75,0.75,0.154,0.154,84.24,92.41,77.01,92.41,0.118,12,0.5,1.0,4,3,3,25,8,8,6,4,4,159,515,27,517,531,533,1,1,11,10,347,365,536,537,537,95,508,524
1630631,Jose Alvarado,1610612740,NOP,25.0,61,111.8,112.1,112.1,107.8,108.4,108.4,4.0,3.7,3.7,0.199,2.3,23.6,0.022,0.087,0.054,10.3,10.2,0.496,0.525,0.191,0.197,102.2,101.79,84.83,101.79,0.079,2778,3.3,8.0,223,226,226,104,114,114,118,129,129,119,136,103,380,437,439,299,300,402,399,183,181,240,258,258,304,219,175
1630528,Josh Christopher,1610612745,HOU,21.0,64,105.1,105.4,105.4,119.5,119.3,119.3,-14.4,-13.9,-13.9,0.149,1.22,15.0,0.024,0.068,0.045,12.3,12.3,0.497,0.523,0.215,0.221,100.35,100.28,83.56,100.28,0.073,1644,2.4,5.1,451,437,437,511,509,509,511,508,508,187,391,319,359,500,491,429,431,398,405,115,117,385,367,367,358,295,302
1630581,Josh Giddey,1610612760,OKC,20.0,76,110.4,111.8,111.8,113.2,114.0,114.0,-2.8,-2.2,-2.2,0.293,2.22,25.3,0.058,0.189,0.121,11.4,11.3,0.516,0.533,0.239,0.243,104.22,103.17,85.97,103.17,0.131,5090,7.1,14.7,284,236,236,345,369,369,329,321,321,35,151,91,145,92,111,389,384,344,379,85,90,74,143,143,67,60,61
1630182,Josh Green,1610612742,DAL,22.0,60,114.7,115.3,115.3,112.7,112.8,112.8,2.0,2.5,2.5,0.096,1.43,17.3,0.037,0.087,0.062,12.1,12.0,0.626,0.645,0.14,0.144,99.22,98.96,82.47,98.96,0.067,3173,3.4,6.4,101,102,102,320,301,301,182,163,163,321,331,244,249,434,391,418,418,55,66,401,407,449,451,451,412,212,240
1628404,Josh Hart,1610612752,NYK,28.0,76,118.3,119.4,119.4,112.0,113.5,113.5,6.3,5.9,5.9,0.154,2.48,29.0,0.06,0.185,0.124,11.7,11.6,0.588,0.622,0.124,0.126,100.22,99.12,82.6,99.12,0.101,5074,3.6,6.8,27,22,22,285,345,345,70,78,78,181,106,57,136,96,108,405,407,114,99,464,472,397,445,445,178,189,221
1631169,Josh Minott,1610612750,MIN,20.0,15,119.8,116.3,116.3,108.7,105.9,105.9,11.2,10.4,10.4,0.065,1.67,10.4,0.054,0.194,0.128,6.3,6.3,0.528,0.582,0.176,0.184,106.95,109.99,91.66,109.99,0.106,221,1.2,2.4,16,74,74,133,59,59,22,27,27,444,264,445,166,80,104,62,66,304,228,244,228,17,12,12,150,453,465
1629006,Josh Okogie,1610612756,PHX,24.0,72,111.9,112.9,112.9,107.4,108.0,108.0,4.4,4.9,4.9,0.104,1.67,15.6,0.078,0.102,0.09,9.3,9.5,0.471,0.531,0.174,0.176,101.47,100.74,83.95,100.74,0.078,2820,2.3,5.8,221,189,189,91,104,104,110,97,97,297,264,292,96,355,214,233,243,450,386,256,272,297,331,331,315,314,272
1626196,Josh Richardson,1610612740,NOP,29.0,65,108.3,108.4,108.4,113.0,113.6,113.6,-4.6,-5.2,-5.2,0.16,2.02,20.6,0.026,0.087,0.057,10.2,10.1,0.528,0.555,0.18,0.187,103.11,102.79,85.66,102.79,0.083,3279,3.7,8.5,364,371,371,336,349,349,373,382,382,169,190,161,332,435,422,292,291,302,321,223,220,159,167,167,286,185,156
1630563,Joshua Primo,1610612759,SAS,20.0,4,110.3,112.7,112.7,114.7,111.0,111.0,-4.5,1.7,1.7,0.237,1.64,30.5,0.019,0.113,0.064,18.6,18.7,0.404,0.467,0.173,0.175,106.05,106.68,88.9,106.68,0.053,205,2.3,6.5,291,201,201,403,196,196,369,187,187,76,278,49,400,295,364,523,523,504,484,267,275,25,26,26,470,314,231
201950,Jrue Holiday,1610612749,MIL,33.0,67,116.5,117.0,117.0,107.3,107.9,107.9,9.2,9.2,9.2,0.321,2.51,27.6,0.035,0.107,0.073,11.0,11.0,0.556,0.586,0.244,0.248,103.33,102.82,85.68,102.82,0.135,4698,7.3,15.3,56,54,54,87,100,100,32,35,35,19,101,69,265,328,303,357,357,210,216,77,78,149,161,161,55,52,52
1629308,Juan Toscano-Anderson,1610612762,UTA,30.0,52,104.4,103.8,103.8,113.0,113.7,113.7,-8.5,-9.9,-9.9,0.122,1.91,25.7,0.037,0.128,0.083,13.4,13.5,0.476,0.505,0.109,0.113,103.72,103.71,86.42,103.71,0.053,1514,1.2,2.8,460,465,465,337,354,354,448,473,473,248,219,84,242,241,248,463,464,442,444,501,501,112,107,107,467,446,447
1627823,Juancho Hernangomez,1610612761,TOR,27.0,42,113.2,114.3,114.3,113.4,113.8,113.8,-0.1,0.5,0.5,0.051,1.67,15.5,0.042,0.169,0.101,9.3,9.3,0.496,0.504,0.092,0.094,99.9,99.21,82.67,99.21,0.056,1271,1.1,2.7,156,135,135,355,361,361,252,230,230,489,264,293,219,128,167,230,232,403,446,529,530,414,436,436,453,461,449
1630577,Julian Champagnie,1610612759,SAS,22.0,17,106.8,108.2,108.2,118.7,118.8,118.8,-12.0,-10.6,-10.6,0.043,0.91,6.4,0.027,0.147,0.085,7.1,6.9,0.581,0.6,0.181,0.187,105.24,104.51,87.09,104.51,0.086,697,3.5,7.6,412,377,377,501,505,505,492,480,480,507,452,511,323,184,235,90,84,126,168,220,217,39,67,67,273,206,187
203944,Julius Randle,1610612752,NYK,28.0,77,116.3,118.1,118.1,113.6,115.4,115.4,2.7,2.7,2.7,0.184,1.46,14.5,0.05,0.226,0.137,9.9,9.8,0.536,0.581,0.288,0.295,99.37,97.83,81.53,97.83,0.148,5587,8.5,18.6,59,35,35,363,411,411,158,155,155,136,328,332,183,38,75,275,270,278,233,25,23,440,492,492,30,28,19
1630551,Justin Champagnie,1610612738,BOS,22.0,5,121.0,117.4,117.4,125.7,126.9,126.9,-4.8,-9.5,-9.5,0.148,0.0,21.1,0.088,0.179,0.129,0.0,0.0,0.367,0.367,0.188,0.197,94.2,95.21,79.34,95.21,0.061,69,1.0,3.0,14,45,45,530,533,533,376,469,469,188,515,149,70,108,97,1,1,517,520,193,177,531,533,533,427,471,428
203200,Justin Holiday,1610612742,DAL,34.0,46,105.3,104.8,104.8,112.5,113.9,113.9,-7.1,-9.1,-9.1,0.08,1.86,15.2,0.007,0.067,0.037,8.1,8.1,0.49,0.494,0.132,0.138,104.9,104.48,87.07,104.48,0.037,1542,1.7,4.4,447,450,450,312,364,364,420,467,467,376,227,306,510,502,521,154,157,413,464,437,427,49,68,68,512,392,345
1628382,Justin Jackson,1610612738,BOS,28.0,23,87.1,83.0,83.0,112.3,111.3,111.3,-25.2,-28.3,-28.3,0.145,4.5,23.1,0.017,0.119,0.071,5.1,5.1,0.352,0.359,0.122,0.13,98.4,101.21,84.34,101.21,0.052,223,0.3,1.2,530,532,532,300,216,216,528,529,529,193,16,112,418,274,320,34,35,519,524,468,461,485,301,301,472,528,518
1631303,Justin Minaya,1610612757,POR,24.0,4,107.3,108.2,108.2,120.2,120.2,120.2,-12.9,-12.0,-12.0,0.056,1.0,12.9,0.03,0.135,0.08,12.9,12.7,0.37,0.363,0.123,0.128,105.5,105.08,87.56,105.08,0.022,196,1.8,5.8,395,378,378,518,520,520,505,494,494,470,422,379,293,218,263,447,443,515,522,466,465,31,48,48,525,380,272
1626159,Justise Winslow,1610612757,POR,27.0,29,110.6,109.8,109.8,110.8,112.3,112.3,-0.1,-2.6,-2.6,0.177,2.28,27.8,0.062,0.123,0.093,12.2,12.2,0.444,0.466,0.139,0.142,99.22,98.9,82.42,98.9,0.063,1600,2.8,6.8,278,322,322,223,274,274,251,330,330,146,139,67,135,256,200,423,430,478,485,407,414,450,453,453,423,257,224
203994,Jusuf Nurkić,1610612757,POR,28.0,52,113.0,114.6,114.6,113.9,114.3,114.3,-0.9,0.3,0.3,0.16,1.25,17.5,0.084,0.258,0.172,14.0,13.9,0.561,0.589,0.218,0.221,100.42,99.59,82.99,99.59,0.119,2887,5.0,9.7,164,124,124,373,380,380,286,239,239,170,379,236,79,18,24,474,473,189,204,114,116,379,416,416,93,114,131
1630231,KJ Martin,1610612745,HOU,22.0,82,109.2,110.6,110.6,118.7,118.7,118.7,-9.5,-8.0,-8.0,0.079,1.35,11.9,0.052,0.143,0.096,8.8,8.8,0.617,0.635,0.16,0.164,102.18,101.53,84.61,101.53,0.102,4858,5.0,8.8,336,294,294,502,503,503,472,440,440,385,353,402,173,195,182,203,204,65,74,318,326,243,276,276,170,116,152
1629644,KZ Okpala,1610612758,SAC,24.0,35,107.0,106.4,106.4,105.8,105.0,105.0,1.2,1.5,1.5,0.065,1.86,21.0,0.028,0.102,0.066,11.3,11.4,0.513,0.554,0.081,0.083,106.11,106.83,89.02,106.83,0.031,543,0.5,1.1,408,421,421,54,53,53,208,200,200,440,228,151,318,357,354,381,390,358,324,534,534,22,24,24,518,517,522
1630539,Kai Jones,1610612766,CHA,22.0,46,105.8,105.3,105.3,108.7,108.4,108.4,-2.8,-3.1,-3.1,0.041,0.48,8.6,0.065,0.146,0.106,17.7,17.5,0.575,0.597,0.121,0.127,101.71,102.09,85.08,102.09,0.073,1171,1.5,2.6,432,438,438,132,113,113,333,336,336,511,503,485,123,188,147,520,519,138,175,474,470,279,240,240,367,419,454
1626157,Karl-Anthony Towns,1610612750,MIN,27.0,29,110.0,111.2,111.2,108.8,109.4,109.4,1.2,1.8,1.8,0.225,1.63,19.6,0.05,0.181,0.118,12.1,12.1,0.565,0.618,0.25,0.253,103.53,102.72,85.6,102.72,0.138,2049,7.3,14.8,300,266,266,141,141,141,210,186,186,89,284,191,180,104,118,419,421,178,111,70,75,126,175,175,47,53,60
202695,Kawhi Leonard,1610612746,LAC,32.0,52,117.4,118.2,118.2,111.8,112.1,112.1,5.5,6.1,6.1,0.19,2.32,15.9,0.034,0.16,0.098,6.9,6.8,0.572,0.623,0.267,0.273,99.15,98.65,82.21,98.65,0.159,3592,8.6,16.8,41,32,32,274,265,265,84,75,75,130,132,284,274,140,172,79,79,150,98,43,46,453,462,462,23,27,40
1631099,Keegan Murray,1610612758,SAC,22.0,80,118.1,118.8,118.8,116.0,117.1,117.1,2.1,1.7,1.7,0.053,1.63,10.1,0.038,0.123,0.08,6.2,6.1,0.584,0.597,0.156,0.159,102.0,101.2,84.34,101.2,0.073,5028,4.4,9.8,33,29,29,456,476,476,173,192,192,480,282,454,233,260,261,60,60,119,180,334,342,253,303,303,355,137,129
1628966,Keita Bates-Diop,1610612759,SAS,27.0,67,107.5,108.1,108.1,116.2,116.6,116.6,-8.7,-8.5,-8.5,0.099,1.84,15.0,0.042,0.13,0.084,8.2,8.1,0.568,0.609,0.165,0.169,103.68,103.18,85.98,103.18,0.099,3122,3.5,6.9,390,381,381,463,462,462,455,452,452,313,232,316,218,234,243,157,155,167,136,301,303,115,141,141,191,200,217
1629640,Keldon Johnson,1610612759,SAS,23.0,63,107.8,110.2,110.2,119.9,121.4,121.4,-12.2,-11.3,-11.3,0.137,1.37,11.8,0.025,0.133,0.076,8.6,8.5,0.512,0.551,0.273,0.278,103.49,101.73,84.78,101.73,0.103,4374,8.0,17.7,379,311,311,515,525,525,497,487,487,208,347,411,345,222,282,185,180,362,334,34,38,128,264,264,162,36,31
203482,Kelly Olynyk,1610612762,UTA,32.0,68,114.3,116.4,116.4,114.5,116.0,116.0,-0.2,0.4,0.4,0.173,1.5,23.4,0.042,0.164,0.105,15.6,15.6,0.583,0.643,0.176,0.178,102.52,100.9,84.09,100.9,0.1,4080,4.1,8.2,118,67,67,390,439,439,258,234,234,150,313,105,217,132,154,501,501,124,68,245,265,218,320,320,182,150,168
1626162,Kelly Oubre Jr.,1610612766,CHA,27.0,48,106.0,107.6,107.6,113.9,115.3,115.3,-7.9,-7.7,-7.7,0.057,0.84,5.3,0.038,0.121,0.077,6.3,6.2,0.497,0.534,0.257,0.264,103.33,101.92,84.94,101.92,0.094,3275,7.4,17.1,430,391,391,372,408,408,433,434,434,468,462,519,238,267,278,66,62,399,377,55,57,148,251,251,219,50,37
202689,Kemba Walker,1610612742,DAL,33.0,9,109.2,110.5,110.5,109.9,112.4,112.4,-0.7,-1.9,-1.9,0.216,4.75,21.3,0.02,0.09,0.054,4.5,4.5,0.482,0.543,0.215,0.222,99.12,97.4,81.17,97.4,0.103,294,2.7,6.3,335,300,300,180,277,277,277,313,313,98,13,143,397,426,446,30,30,432,354,116,114,454,508,508,164,267,241
1631112,Kendall Brown,1610612754,IND,20.0,6,108.1,107.2,107.2,98.7,99.0,99.0,9.4,8.2,8.2,0.091,1.5,23.1,0.051,0.089,0.071,15.4,15.5,0.571,0.571,0.093,0.095,117.62,117.93,98.28,117.93,0.04,97,0.7,1.2,368,402,402,20,28,28,30,41,41,338,313,112,175,429,312,498,500,154,259,528,528,3,4,4,507,495,519
1629134,Kendrick Nunn,1610612764,WAS,27.0,70,110.3,110.3,110.3,113.2,112.6,112.6,-2.9,-2.3,-2.3,0.137,1.36,14.5,0.015,0.09,0.054,10.6,10.6,0.512,0.53,0.227,0.235,103.75,104.1,86.75,104.1,0.076,2087,2.7,6.4,287,310,310,349,290,290,334,325,325,207,348,334,453,425,441,331,329,361,390,102,99,108,84,84,329,262,237
1631113,Kennedy Chandler,1610612763,MEM,20.0,36,102.0,103.0,103.0,110.2,108.4,108.4,-8.3,-5.4,-5.4,0.278,3.22,35.4,0.029,0.103,0.064,11.0,10.9,0.434,0.44,0.15,0.154,102.97,103.33,86.11,103.33,0.085,602,1.0,2.3,493,475,475,198,110,110,439,389,389,45,47,16,306,352,365,356,353,489,500,358,362,170,127,127,280,480,468
1631254,Kenneth Lofton Jr.,1610612763,MEM,20.0,24,103.5,103.3,103.3,117.6,116.7,116.7,-14.2,-13.4,-13.4,0.198,1.67,14.7,0.097,0.198,0.143,8.8,8.8,0.559,0.572,0.267,0.279,99.49,99.98,83.32,99.98,0.129,367,2.0,3.9,476,471,471,486,465,465,510,505,505,120,264,327,55,75,63,198,195,201,256,42,37,437,389,389,73,341,368
1629026,Kenrich Williams,1610612760,OKC,28.0,53,113.1,113.3,113.3,108.6,109.2,109.2,4.5,4.1,4.1,0.117,3.28,21.0,0.075,0.137,0.105,6.4,6.4,0.59,0.585,0.134,0.138,102.2,101.85,84.88,101.85,0.096,2546,3.4,6.5,159,175,175,131,138,138,109,114,114,256,41,150,100,209,152,69,69,111,218,427,428,239,256,256,210,215,230
203484,Kentavious Caldwell-Pope,1610612743,DEN,30.0,76,120.1,121.4,121.4,110.8,111.5,111.5,9.4,9.8,9.8,0.092,2.13,19.3,0.016,0.074,0.046,9.1,9.0,0.569,0.598,0.136,0.139,101.48,100.61,83.84,100.61,0.066,4992,3.8,8.3,15,10,10,224,230,230,29,30,30,335,168,199,442,482,487,217,213,162,173,419,421,295,339,339,414,172,163
1631165,Keon Ellis,1610612758,SAC,23.0,16,100.6,98.0,98.0,112.3,112.2,112.2,-11.7,-14.3,-14.3,0.136,6.0,23.1,0.056,0.063,0.06,3.8,3.8,0.625,0.629,0.124,0.131,98.27,99.57,82.98,99.57,0.067,147,0.4,1.0,505,509,509,299,270,270,490,511,511,209,4,112,154,511,404,26,26,56,82,463,453,492,418,418,406,519,524
1630553,Keon Johnson,1610612757,POR,21.0,40,103.6,103.2,103.2,120.4,119.3,119.3,-16.8,-16.2,-16.2,0.226,1.37,19.7,0.025,0.086,0.054,14.4,14.4,0.455,0.482,0.237,0.244,102.06,102.72,85.6,102.72,0.059,887,1.7,4.5,475,473,473,520,510,510,518,516,516,88,344,186,341,441,447,485,484,471,474,88,87,250,174,174,442,391,342
1630556,Kessler Edwards,1610612758,SAC,22.0,36,119.7,118.0,118.0,115.0,115.8,115.8,4.7,2.2,2.2,0.073,1.77,16.9,0.059,0.102,0.08,9.6,9.6,0.478,0.502,0.119,0.123,101.86,102.22,85.18,102.22,0.044,816,1.0,2.6,17,38,38,416,435,435,103,172,172,408,247,256,143,353,262,254,257,440,449,479,477,261,227,227,502,471,458
201142,Kevin Durant,1610612756,PHX,34.0,47,116.6,117.1,117.1,107.8,110.3,110.3,8.9,6.8,6.8,0.228,1.51,17.0,0.012,0.166,0.096,11.3,11.1,0.614,0.677,0.305,0.313,100.39,99.0,82.5,99.0,0.185,3458,10.3,18.3,54,53,53,100,173,173,35,59,59,85,312,252,493,131,180,378,373,69,32,16,14,383,450,450,9,6,22
1628989,Kevin Huerter,1610612758,SAC,24.0,75,119.4,121.0,121.0,115.9,116.6,116.6,3.5,4.5,4.5,0.137,2.28,17.9,0.02,0.1,0.06,7.9,7.8,0.603,0.617,0.197,0.2,101.39,100.39,83.66,100.39,0.091,4614,5.6,11.5,19,12,12,448,463,463,128,105,105,203,140,219,393,365,400,140,137,86,112,159,170,305,358,358,237,97,95
1628995,Kevin Knox II,1610612757,POR,23.0,63,104.6,104.3,104.3,115.7,115.8,115.8,-11.1,-11.4,-11.4,0.053,0.66,7.5,0.033,0.152,0.09,11.3,11.3,0.556,0.579,0.175,0.181,103.82,103.97,86.64,103.97,0.077,2066,2.4,5.3,458,459,459,441,429,429,485,489,489,481,485,501,283,156,216,384,383,214,238,247,244,104,92,92,323,292,295
201567,Kevin Love,1610612748,MIA,34.0,62,113.1,113.7,113.7,110.3,109.8,109.8,2.8,3.9,3.9,0.131,1.66,17.9,0.05,0.287,0.168,10.8,10.8,0.506,0.548,0.185,0.189,99.23,99.14,82.62,99.14,0.115,2564,2.7,6.8,162,162,162,202,153,153,156,124,124,229,273,220,187,7,33,339,342,371,340,206,211,448,443,443,105,269,222
1629645,Kevin Porter Jr.,1610612745,HOU,23.0,59,109.2,111.2,111.2,118.6,119.5,119.5,-9.4,-8.3,-8.3,0.26,1.8,22.3,0.036,0.117,0.075,12.4,12.3,0.522,0.565,0.239,0.246,101.13,99.8,83.17,99.8,0.112,4211,6.6,15.0,333,262,262,500,514,514,469,448,448,60,237,125,258,282,287,433,432,321,285,82,83,326,401,401,121,69,56
1630284,Kevon Harris,1610612753,ORL,26.0,34,108.5,110.0,110.0,108.3,109.7,109.7,0.2,0.3,0.3,0.049,0.76,10.0,0.057,0.092,0.074,13.1,13.0,0.514,0.564,0.129,0.134,102.2,100.87,84.06,100.87,0.051,959,1.4,3.1,359,314,314,115,150,150,240,237,237,494,475,456,153,414,297,455,448,354,293,448,444,241,322,322,482,427,420
1626172,Kevon Looney,1610612744,GSW,27.0,82,116.9,116.4,116.4,111.5,112.0,112.0,5.4,4.4,4.4,0.136,4.6,29.4,0.135,0.234,0.185,6.4,6.4,0.63,0.639,0.104,0.107,102.65,102.64,85.53,102.64,0.116,4174,3.0,4.7,50,68,68,259,260,260,88,110,110,211,14,55,12,30,11,68,68,51,71,511,514,202,182,182,101,244,329
203920,Khem Birch,1610612759,SAS,30.0,20,110.9,110.6,110.6,107.4,107.8,107.8,3.5,2.8,2.8,0.063,0.88,14.3,0.051,0.118,0.083,16.3,16.3,0.609,0.629,0.113,0.118,98.12,98.02,81.68,98.02,0.05,329,1.0,1.6,265,293,293,88,97,97,130,149,149,451,455,339,175,277,245,507,507,77,83,493,492,497,487,487,485,481,504
203114,Khris Middleton,1610612749,MIL,31.0,33,114.9,114.9,114.9,108.8,108.8,108.8,6.1,6.1,6.1,0.288,2.3,24.1,0.034,0.122,0.08,10.5,10.4,0.499,0.551,0.259,0.27,105.37,105.32,87.77,105.32,0.123,1768,5.4,12.3,93,112,112,139,126,126,74,73,73,38,137,99,273,262,260,321,313,394,333,54,48,35,42,42,84,105,82
1630165,Killian Hayes,1610612765,DET,21.0,76,105.4,106.7,106.7,116.9,117.6,117.6,-11.6,-10.9,-10.9,0.325,2.72,31.3,0.012,0.092,0.051,11.5,11.5,0.426,0.455,0.201,0.206,101.17,100.24,83.53,100.24,0.075,4494,4.0,10.7,443,417,417,480,487,487,489,484,484,18,78,43,481,418,463,397,398,494,492,150,150,321,371,371,345,156,111
1630184,Kira Lewis Jr.,1610612740,NOP,22.0,25,113.7,115.2,115.2,103.4,104.0,104.0,10.4,11.2,11.2,0.137,2.3,17.6,0.021,0.109,0.067,7.6,7.7,0.54,0.584,0.192,0.196,102.6,101.62,84.68,101.62,0.096,500,1.6,3.5,135,105,105,35,44,44,26,22,22,206,134,232,382,318,337,124,127,263,221,179,184,211,273,273,211,401,395
202691,Klay Thompson,1610612744,GSW,33.0,69,114.7,115.4,115.4,111.4,112.6,112.6,3.2,2.9,2.9,0.105,1.33,10.2,0.017,0.101,0.06,7.7,7.7,0.556,0.576,0.256,0.261,104.86,103.95,86.63,103.95,0.1,4945,7.9,18.1,104,93,93,253,291,291,137,148,148,296,360,450,426,360,403,132,132,208,244,57,60,52,93,93,185,37,24
1628424,Kobi Simmons,1610612766,CHA,25.0,5,78.7,80.3,80.3,122.5,115.3,115.3,-43.8,-34.9,-34.9,0.313,5.0,38.5,0.036,0.088,0.065,7.7,7.8,0.25,0.363,0.119,0.121,101.8,103.7,86.42,103.7,0.078,61,0.2,1.2,536,533,533,526,405,405,534,532,532,22,9,7,254,432,361,127,136,529,521,478,486,268,108,108,311,531,517
1627739,Kris Dunn,1610612762,UTA,29.0,22,109.7,111.6,111.6,114.9,115.9,115.9,-5.2,-4.3,-4.3,0.315,3.54,31.2,0.015,0.148,0.082,8.8,8.8,0.576,0.606,0.195,0.198,106.56,105.21,87.68,105.21,0.133,1240,5.3,9.8,310,246,246,414,436,436,385,362,362,20,32,44,458,176,254,197,198,135,151,166,174,20,44,44,63,109,128
204001,Kristaps Porziņģis,1610612764,WAS,27.0,65,114.4,116.2,116.2,113.3,114.8,114.8,1.1,1.4,1.4,0.125,1.27,11.6,0.057,0.194,0.13,9.1,9.1,0.565,0.627,0.272,0.277,100.61,99.2,82.67,99.2,0.145,4388,7.8,15.7,109,77,77,351,392,392,212,201,201,242,374,417,151,81,94,221,218,179,87,37,39,368,437,437,35,40,48
203937,Kyle Anderson,1610612750,MIN,29.0,69,113.0,113.9,113.9,111.0,111.7,111.7,2.0,2.3,2.3,0.225,3.25,33.8,0.035,0.152,0.095,10.4,10.4,0.553,0.583,0.143,0.145,102.41,101.66,84.72,101.66,0.108,4143,3.7,7.2,168,153,153,239,241,241,177,168,168,90,43,25,264,160,186,309,314,223,223,386,399,226,271,271,140,186,208
1628398,Kyle Kuzma,1610612764,WAS,27.0,64,111.9,112.9,112.9,112.0,112.6,112.6,-0.1,0.3,0.3,0.164,1.26,14.3,0.025,0.172,0.102,11.4,11.3,0.518,0.544,0.273,0.279,101.16,100.4,83.67,100.4,0.109,4681,8.0,17.8,220,186,186,282,293,293,249,240,240,163,377,339,344,124,163,386,385,335,351,35,36,323,357,357,135,34,29
200768,Kyle Lowry,1610612748,MIA,37.0,55,110.1,112.4,112.4,109.3,111.3,111.3,0.7,1.1,1.1,0.233,2.73,30.4,0.025,0.112,0.067,11.1,11.1,0.514,0.565,0.162,0.166,99.03,97.13,80.94,97.13,0.089,3483,3.6,8.8,299,213,213,158,212,212,223,212,212,81,76,51,352,298,344,371,370,350,287,311,316,460,514,514,246,193,151
202681,Kyrie Irving,1610612742,DAL,31.0,60,117.2,117.9,117.9,111.5,113.2,113.2,5.7,4.7,4.7,0.233,2.59,18.8,0.029,0.107,0.07,7.3,7.2,0.572,0.613,0.286,0.293,99.5,98.47,82.06,98.47,0.146,4599,9.9,20.1,45,41,41,256,321,321,77,101,101,82,91,204,303,333,324,107,102,149,124,27,26,436,469,469,34,11,12
1630163,LaMelo Ball,1610612766,CHA,21.0,36,111.4,112.5,112.5,116.1,117.3,117.3,-4.7,-4.7,-4.7,0.352,2.36,25.3,0.031,0.147,0.087,10.8,10.7,0.51,0.541,0.289,0.294,105.43,104.37,86.97,104.37,0.122,2748,8.2,20.0,241,207,207,458,478,478,374,376,376,13,126,90,291,179,225,337,334,366,358,21,24,33,72,72,85,30,13
1630205,Lamar Stevens,1610612739,CLE,25.0,62,112.8,112.2,112.2,109.5,111.1,111.1,3.4,1.2,1.2,0.04,1.22,8.9,0.046,0.145,0.097,7.3,7.2,0.5,0.524,0.136,0.139,97.11,96.64,80.54,96.64,0.067,2247,2.1,4.6,175,223,223,163,202,202,133,210,210,512,389,480,201,190,176,106,106,382,403,423,423,519,525,525,411,335,333
1629013,Landry Shamet,1610612756,PHX,26.0,40,109.1,109.9,109.9,107.7,107.7,107.7,1.4,2.2,2.2,0.167,2.58,20.6,0.013,0.07,0.04,8.0,8.0,0.502,0.537,0.186,0.191,101.14,100.77,83.97,100.77,0.075,1694,2.8,7.5,343,316,316,97,94,94,198,171,171,157,92,160,476,493,513,146,146,379,368,203,205,325,330,330,343,254,193
1626204,Larry Nance Jr.,1610612740,NOP,30.0,65,114.3,114.1,114.1,106.8,107.4,107.4,7.5,6.7,6.7,0.117,2.83,23.8,0.081,0.184,0.133,8.4,8.4,0.633,0.649,0.118,0.121,100.9,100.69,83.91,100.69,0.11,2893,2.9,4.7,116,146,146,70,86,86,50,62,62,261,63,101,89,101,84,172,171,47,62,482,482,346,334,334,130,250,328
1628374,Lauri Markkanen,1610612762,UTA,26.0,66,115.0,117.4,117.4,112.0,113.6,113.6,2.9,3.8,3.8,0.086,0.97,7.9,0.055,0.183,0.12,8.2,8.1,0.586,0.64,0.259,0.265,102.82,101.06,84.22,101.06,0.154,4777,8.7,17.3,87,46,46,287,350,350,151,125,125,357,442,496,160,102,114,156,153,116,69,51,54,182,311,311,27,25,35
2544,LeBron James,1610612747,LAL,38.0,55,114.6,115.6,115.6,110.9,111.0,111.0,3.7,4.6,4.6,0.308,2.11,19.8,0.033,0.191,0.114,9.4,9.3,0.549,0.583,0.322,0.332,103.66,103.11,85.93,103.11,0.172,4207,11.1,22.2,106,88,88,233,200,200,125,102,102,23,173,184,277,85,129,237,230,234,222,8,8,116,145,145,14,2,1
1630195,Leandro Bolmaro,1610612762,UTA,22.0,14,101.2,98.7,98.7,100.4,98.0,98.0,0.8,0.7,0.7,0.121,1.0,20.6,0.051,0.04,0.045,20.6,20.6,0.15,0.15,0.155,0.162,101.53,104.1,86.75,104.1,-0.055,149,0.2,1.4,500,506,506,23,25,25,220,228,228,252,422,162,178,527,488,529,529,532,533,338,328,291,85,85,536,530,511
1631311,Lester Quinones,1610612744,GSW,22.0,4,116.0,112.2,112.2,99.6,97.6,97.6,16.4,14.6,14.6,0.125,0.4,13.3,0.071,0.087,0.081,33.3,34.2,0.6,0.654,0.283,0.29,105.71,108.63,90.52,108.63,0.073,41,0.5,1.3,61,224,224,22,23,23,14,16,16,243,507,368,113,436,258,534,536,93,53,28,29,30,15,15,353,508,515
1629623,Lindell Wigginton,1610612749,MIL,25.0,7,103.9,101.6,101.6,123.8,121.8,121.8,-19.9,-20.2,-20.2,0.264,1.17,20.9,0.0,0.077,0.04,17.9,17.9,0.568,0.61,0.251,0.264,101.87,103.87,86.56,103.87,0.083,187,2.6,5.3,469,488,488,529,527,527,523,525,525,58,400,152,517,476,517,521,521,169,130,62,56,260,100,100,288,275,294
1630322,Lindy Waters III,1610612760,OKC,25.0,41,114.4,115.2,115.2,105.8,104.8,104.8,8.6,10.5,10.5,0.071,2.8,12.6,0.028,0.103,0.065,4.5,4.4,0.556,0.573,0.148,0.155,103.18,103.31,86.09,103.31,0.073,1150,1.7,4.3,111,103,103,53,51,51,38,25,25,420,64,390,316,349,357,29,29,211,252,369,361,154,129,129,351,385,349
1629022,Lonnie Walker IV,1610612747,LAL,24.0,56,108.7,108.8,108.8,115.5,116.1,116.1,-6.7,-7.3,-7.3,0.071,1.39,9.4,0.011,0.069,0.041,6.7,6.7,0.534,0.57,0.198,0.203,104.38,104.03,86.69,104.03,0.074,2810,4.2,9.4,354,356,356,434,444,444,413,426,426,417,340,472,498,494,511,76,76,285,264,156,160,68,90,90,346,144,139
1629663,Louis King,1610612755,PHI,24.0,1,123.9,125.8,125.8,123.5,120.6,120.6,0.4,5.2,5.2,0.091,1.0,11.8,0.067,0.074,0.07,11.8,11.5,0.769,0.744,0.205,0.215,103.77,104.17,86.81,104.17,0.107,62,8.0,13.0,7,5,5,528,523,523,231,91,91,338,422,409,120,481,325,406,395,10,11,137,130,107,80,80,146,34,80
1629652,Luguentz Dort,1610612760,OKC,24.0,74,113.5,115.0,115.0,112.9,114.1,114.1,0.6,0.9,0.9,0.09,1.67,12.5,0.053,0.092,0.072,7.5,7.5,0.466,0.513,0.194,0.197,104.21,102.98,85.81,102.98,0.062,4870,4.6,11.8,143,108,108,331,372,372,224,219,219,345,261,391,170,415,308,112,113,457,430,173,179,77,156,156,425,128,91
1629029,Luka Dončić,1610612742,DAL,24.0,66,116.7,118.1,118.1,114.5,116.0,116.0,2.2,2.1,2.1,0.408,2.24,21.1,0.024,0.224,0.124,9.4,9.4,0.56,0.609,0.368,0.376,98.8,97.63,81.36,97.63,0.202,4874,10.9,22.0,53,37,37,391,440,440,170,177,177,7,148,148,364,40,107,240,237,193,135,5,5,469,499,499,6,4,2
1630568,Luka Garza,1610612750,MIN,24.0,28,121.8,121.4,121.4,120.6,119.4,119.4,1.2,2.0,2.0,0.103,1.29,10.5,0.13,0.128,0.129,8.2,8.2,0.603,0.652,0.245,0.254,105.74,106.48,88.74,106.48,0.111,543,2.3,4.1,11,11,11,521,511,511,206,179,179,299,370,440,17,240,96,158,160,84,57,76,72,29,29,29,126,314,356
1629677,Luka Samanic,1610612762,UTA,23.0,7,109.1,109.6,109.6,108.8,111.3,111.3,0.4,-1.7,-1.7,0.115,1.5,17.0,0.0,0.161,0.09,11.4,11.4,0.526,0.55,0.193,0.194,107.13,105.66,88.05,105.66,0.079,354,3.7,8.1,341,327,327,138,215,215,234,310,310,262,313,250,517,138,212,387,392,309,338,176,194,15,37,37,305,183,170
1628379,Luke Kennard,1610612763,MEM,27.0,59,116.5,116.5,116.5,109.2,109.1,109.1,7.3,7.3,7.3,0.091,1.98,17.1,0.012,0.104,0.059,8.6,8.6,0.666,0.684,0.144,0.149,100.24,100.32,83.6,100.32,0.089,2753,3.2,6.5,55,64,64,154,134,134,52,51,51,342,204,248,491,346,406,186,186,26,28,382,383,393,363,363,249,224,234
1628436,Luke Kornet,1610612738,BOS,27.0,69,113.2,111.8,111.8,108.2,107.9,107.9,5.0,3.9,3.9,0.093,2.12,20.0,0.106,0.125,0.116,9.4,9.4,0.674,0.697,0.111,0.115,100.38,101.15,84.29,101.15,0.099,1692,1.6,2.5,155,237,237,111,101,101,98,123,123,331,169,170,44,247,123,241,241,23,23,497,497,384,306,306,195,399,463
1630644,Mac McClung,1610612755,PHI,24.0,2,110.6,115.2,115.2,95.7,95.7,95.7,15.0,19.6,19.6,0.29,3.0,26.5,0.073,0.152,0.115,8.8,8.8,0.55,0.563,0.243,0.245,109.75,107.53,89.61,107.53,0.139,92,4.5,10.0,276,103,103,16,20,20,15,11,11,36,51,82,108,157,126,198,197,230,297,79,85,6,20,20,45,134,120
1630201,Malachi Flynn,1610612761,TOR,25.0,53,110.3,109.9,109.9,113.3,113.4,113.4,-3.1,-3.5,-3.5,0.145,2.8,19.9,0.019,0.097,0.054,7.1,7.1,0.457,0.479,0.168,0.174,98.89,99.05,82.54,99.05,0.056,1430,1.6,4.6,293,318,318,353,341,341,340,347,347,195,64,179,399,388,445,96,99,468,475,282,284,465,447,447,454,397,339
1631103,Malaki Branham,1610612759,SAS,20.0,66,107.8,108.3,108.3,119.2,119.4,119.4,-11.4,-11.1,-11.1,0.112,1.67,15.0,0.017,0.098,0.057,9.0,9.0,0.503,0.524,0.188,0.193,104.65,104.36,86.96,104.36,0.065,3374,4.1,9.3,376,375,375,508,512,512,487,486,486,271,263,313,423,376,423,210,214,377,401,191,199,59,73,73,416,151,142
1627763,Malcolm Brogdon,1610612738,BOS,30.0,67,114.0,114.4,114.4,108.5,109.3,109.3,5.5,5.1,5.1,0.223,2.53,21.4,0.024,0.132,0.079,8.4,8.5,0.574,0.615,0.223,0.228,100.45,99.91,83.25,99.91,0.133,3628,5.3,10.9,128,132,132,125,140,140,86,93,93,91,98,141,356,226,275,174,174,142,120,107,108,373,392,392,62,108,108
1630792,Malcolm Hill,1610612741,CHI,27.0,5,130.2,104.3,104.3,67.0,65.2,65.2,63.2,39.1,39.1,0.0,0.0,0.0,0.0,0.214,0.136,0.0,0.0,0.625,0.625,0.167,0.206,107.12,120.66,100.55,120.66,0.147,23,0.4,0.8,5,458,458,2,2,2,3,5,5,525,515,525,517,50,76,1,1,56,93,289,151,16,2,2,31,521,535
1627736,Malik Beasley,1610612747,LAL,26.0,81,111.2,112.4,112.4,114.0,114.6,114.6,-2.8,-2.2,-2.2,0.086,1.38,10.6,0.016,0.116,0.066,7.7,7.6,0.52,0.531,0.207,0.212,102.97,102.18,85.15,102.18,0.079,4461,4.6,11.6,249,215,215,377,389,389,330,323,323,362,342,438,437,291,352,126,125,328,384,134,135,169,231,231,306,129,93
1628370,Malik Monk,1610612758,SAC,25.0,77,113.4,113.8,113.8,112.1,112.7,112.7,1.3,1.0,1.0,0.258,2.04,22.5,0.019,0.097,0.059,11.0,11.0,0.538,0.587,0.247,0.254,104.06,103.61,86.34,103.61,0.116,3724,4.6,10.3,150,161,161,292,298,298,204,215,215,62,184,121,403,382,411,359,356,267,209,75,70,89,114,114,102,124,114
1629603,Mamadi Diakite,1610612739,CLE,26.0,22,105.6,104.6,104.6,104.5,103.9,103.9,1.1,0.7,0.7,0.07,0.67,11.3,0.051,0.133,0.093,16.9,16.9,0.55,0.56,0.164,0.17,95.24,95.93,79.94,95.93,0.057,346,1.1,2.3,439,454,454,38,41,41,213,226,226,425,483,423,175,223,193,515,515,230,304,307,294,529,532,532,450,464,471
1630699,MarJon Beauchamp,1610612749,MIL,22.0,52,107.4,105.8,105.8,113.3,112.9,112.9,-6.0,-7.2,-7.2,0.072,0.78,10.3,0.05,0.103,0.076,13.2,13.3,0.492,0.513,0.175,0.181,102.11,103.07,85.89,103.07,0.051,1510,1.8,4.7,394,431,431,352,306,306,398,423,423,414,471,449,186,350,281,459,460,409,431,251,241,248,149,149,480,371,330
202694,Marcus Morris Sr.,1610612746,LAC,33.0,65,112.6,113.7,113.7,113.4,113.9,113.9,-0.7,-0.3,-0.3,0.09,2.04,13.5,0.017,0.127,0.073,6.6,6.6,0.513,0.534,0.176,0.18,98.71,98.01,81.67,98.01,0.072,3724,4.2,9.9,184,165,165,354,367,367,280,258,258,346,185,364,428,244,302,74,74,357,375,242,251,471,488,488,372,143,123
203935,Marcus Smart,1610612738,BOS,29.0,61,117.3,118.1,118.1,110.7,111.7,111.7,6.6,6.3,6.3,0.256,2.67,32.4,0.024,0.073,0.049,12.1,12.1,0.511,0.538,0.176,0.178,101.49,100.71,83.92,100.71,0.076,4097,4.1,9.9,42,36,36,219,248,248,67,69,69,63,83,36,358,484,475,421,423,365,367,246,268,294,332,332,328,147,125
1631109,Mark Williams,1610612766,CHA,21.0,43,105.5,105.6,105.6,108.6,110.3,110.3,-3.0,-4.7,-4.7,0.033,0.45,5.1,0.106,0.232,0.17,11.4,11.4,0.637,0.659,0.168,0.172,103.18,102.35,85.29,102.35,0.133,1767,3.7,5.8,441,435,435,126,172,172,338,372,372,518,504,520,43,32,28,387,388,43,42,283,287,153,212,212,65,182,264
1628365,Markelle Fultz,1610612753,ORL,25.0,60,109.2,110.3,110.3,112.9,114.0,114.0,-3.7,-3.7,-3.7,0.29,2.45,27.9,0.038,0.095,0.066,11.4,11.4,0.534,0.564,0.208,0.211,102.27,101.23,84.36,101.23,0.111,3753,5.8,11.3,338,307,307,330,371,371,356,352,352,37,115,65,234,397,348,390,389,286,292,132,138,234,295,295,123,89,102
202693,Markieff Morris,1610612742,DAL,33.0,35,112.5,111.2,111.2,108.3,109.5,109.5,4.3,1.7,1.7,0.114,1.72,18.6,0.037,0.15,0.097,10.8,10.7,0.53,0.553,0.159,0.165,106.56,106.59,88.83,106.59,0.066,787,1.3,3.3,187,264,264,114,144,144,114,191,191,270,254,205,243,172,179,338,335,296,328,320,321,21,27,27,415,430,415
1630250,Marko Simonovic,1610612741,CHI,23.0,7,118.2,108.2,108.2,85.4,80.9,80.9,32.8,27.3,27.3,0.0,0.0,0.0,0.043,0.059,0.05,0.0,0.0,0.357,0.381,0.145,0.158,109.44,117.57,97.98,117.57,-0.045,49,0.3,1.0,32,378,378,6,5,5,5,7,7,525,515,525,211,515,468,1,1,518,516,379,347,7,5,5,534,529,524
1628963,Marvin Bagley III,1610612765,DET,24.0,42,107.0,107.3,107.3,116.9,117.9,117.9,-9.9,-10.6,-10.6,0.058,0.78,7.0,0.091,0.179,0.133,9.0,9.0,0.554,0.587,0.202,0.206,100.68,100.15,83.46,100.15,0.112,2062,4.8,9.1,409,399,399,478,489,489,477,479,479,463,469,506,65,107,82,209,212,219,210,146,152,364,380,380,120,120,146
203486,Mason Plumlee,1610612746,LAC,33.0,79,110.2,111.5,111.5,116.9,117.4,117.4,-6.7,-5.9,-5.9,0.166,2.09,24.9,0.105,0.238,0.168,11.9,11.9,0.68,0.689,0.149,0.151,103.07,102.23,85.19,102.23,0.127,4368,4.2,6.1,295,250,250,477,484,484,411,402,402,162,176,95,45,29,32,410,411,22,26,366,376,161,226,226,76,146,250
1629680,Matisse Thybulle,1610612757,POR,26.0,71,110.5,109.9,109.9,109.4,110.3,110.3,1.1,-0.5,-0.5,0.059,2.21,15.5,0.032,0.085,0.058,7.0,7.0,0.542,0.552,0.102,0.105,101.84,101.68,84.74,101.68,0.055,2542,1.5,3.6,281,317,317,161,175,175,215,263,263,459,154,295,287,447,414,89,91,259,330,515,516,263,268,268,460,407,389
1630346,Matt Ryan,1610612750,MIN,26.0,34,114.2,112.3,112.3,110.6,110.1,110.1,3.6,2.2,2.2,0.068,2.29,11.8,0.013,0.067,0.041,5.1,5.1,0.519,0.538,0.157,0.164,105.24,106.39,88.66,106.39,0.047,690,1.2,3.2,119,221,221,215,161,161,127,170,170,432,138,409,473,504,510,35,34,334,364,328,325,38,30,30,493,459,417
203521,Matthew Dellavedova,1610612758,SAC,32.0,32,102.4,98.3,98.3,108.2,107.1,107.1,-5.8,-8.8,-8.8,0.279,4.1,39.4,0.005,0.054,0.03,9.6,9.6,0.43,0.443,0.122,0.129,104.15,106.81,89.0,106.81,0.051,469,0.5,1.6,489,508,508,110,78,78,395,460,460,43,22,6,513,522,527,257,258,491,497,469,462,82,25,25,478,506,506
1631108,Max Christie,1610612747,LAL,20.0,41,106.4,106.1,106.1,114.6,113.2,113.2,-8.2,-7.1,-7.1,0.054,1.62,14.2,0.012,0.126,0.068,8.8,8.8,0.538,0.566,0.1,0.103,102.76,103.55,86.3,103.55,0.058,1106,1.1,2.6,423,426,426,399,328,328,437,421,421,477,288,342,483,246,335,195,205,270,275,520,521,186,115,115,446,467,457
1629622,Max Strus,1610612748,MIA,27.0,80,107.8,109.3,109.3,111.9,113.1,113.1,-4.1,-3.8,-3.8,0.115,2.48,16.1,0.021,0.097,0.058,6.5,6.5,0.535,0.557,0.17,0.175,98.73,97.54,81.29,97.54,0.073,4631,4.1,9.9,374,340,340,277,317,317,363,355,355,264,107,281,383,383,413,73,73,281,316,275,281,470,503,503,361,154,124
1628467,Maxi Kleber,1610612742,DAL,31.0,37,110.9,110.7,110.7,113.9,113.6,113.6,-3.0,-2.9,-2.9,0.079,1.93,19.7,0.033,0.116,0.074,10.2,10.2,0.571,0.592,0.1,0.104,98.65,98.84,82.36,98.84,0.056,1920,2.1,4.6,264,289,289,370,351,351,337,334,334,387,218,188,284,289,296,295,296,155,191,522,519,475,458,458,455,334,338
1630593,McKinley Wright IV,1610612742,DAL,24.0,27,103.7,102.7,102.7,117.2,117.6,117.6,-13.5,-14.9,-14.9,0.275,3.05,31.9,0.026,0.109,0.067,10.4,10.4,0.515,0.536,0.16,0.168,100.07,100.36,83.63,100.36,0.091,698,1.7,3.6,473,478,478,483,486,486,507,513,513,49,50,41,340,319,339,315,310,347,369,317,308,409,359,359,234,386,382
203086,Meyers Leonard,1610612749,MIL,31.0,9,113.4,109.8,109.8,122.4,122.2,122.2,-9.1,-12.5,-12.5,0.012,0.17,2.5,0.103,0.195,0.148,15.0,15.0,0.603,0.652,0.14,0.147,101.45,103.18,85.99,103.18,0.068,246,1.6,3.2,153,321,321,525,529,529,461,497,497,524,514,524,46,78,55,493,494,84,54,402,388,300,139,139,397,406,416
1629662,Mfiondu Kabengele,1610612738,BOS,25.0,4,107.4,108.3,108.3,119.3,115.3,115.3,-11.9,-6.9,-6.9,0.0,0.0,0.0,0.132,0.152,0.141,11.1,11.3,0.286,0.381,0.107,0.109,93.7,94.86,79.05,94.86,0.046,72,0.5,1.8,393,373,373,509,407,407,491,418,418,525,515,525,15,164,66,367,381,526,516,505,509,532,534,534,500,508,497
1630695,Micah Potter,1610612762,UTA,25.0,7,97.4,95.8,95.8,99.3,100.0,100.0,-1.9,-4.2,-4.2,0.133,2.0,19.0,0.046,0.22,0.129,9.5,9.5,0.8,0.8,0.121,0.127,107.48,108.01,90.01,108.01,0.159,119,1.4,2.1,517,515,515,21,29,29,314,361,361,220,194,202,202,46,97,249,249,7,6,476,469,11,19,19,22,421,476
203487,Michael Carter-Williams,1610612753,ORL,31.0,4,98.7,95.7,95.7,129.0,128.1,128.1,-30.3,-32.4,-32.4,0.28,1.75,25.0,0.021,0.125,0.063,14.3,14.2,0.464,0.498,0.191,0.202,95.76,97.65,81.38,97.65,0.055,92,1.5,3.5,514,516,516,533,535,535,529,531,531,42,250,92,389,249,377,479,480,459,454,184,162,528,497,497,459,413,398
1630701,Michael Foster Jr.,1610612755,PHI,20.0,1,0.0,0.0,0.0,200.0,100.0,100.0,-200.0,-100.0,-100.0,0.0,0.0,0.0,0.0,0.0,0.0,0.0,0.0,0.0,0.0,0.0,0.0,69.68,92.9,77.42,92.9,0.0,2,0.0,0.0,539,539,539,539,29,29,539,539,539,525,515,525,517,531,533,1,1,534,535,539,539,539,536,536,531,534,538
1629008,Michael Porter Jr.,1610612743,DEN,25.0,62,121.1,122.6,122.6,111.4,112.2,112.2,9.8,10.4,10.4,0.048,0.96,6.5,0.038,0.151,0.097,6.8,6.8,0.602,0.621,0.22,0.224,101.44,100.42,83.69,100.42,0.103,3773,6.4,13.2,13,9,9,252,269,269,27,26,26,496,444,509,235,168,175,78,77,92,104,109,112,301,355,355,161,72,78
1628969,Mikal Bridges,1610612751,BKN,26.0,83,112.4,114.0,114.0,111.1,113.2,113.2,1.3,0.8,0.8,0.141,2.15,15.1,0.026,0.094,0.06,7.0,7.0,0.535,0.587,0.223,0.228,100.21,98.56,82.13,98.56,0.112,6079,7.1,15.3,196,149,149,243,327,327,202,222,222,200,167,311,333,400,398,88,86,283,207,106,109,401,466,466,117,59,53
201144,Mike Conley,1610612750,MIN,35.0,67,115.6,117.3,117.3,115.0,116.1,116.1,0.6,1.3,1.3,0.295,4.37,36.6,0.016,0.075,0.045,8.4,8.3,0.539,0.583,0.161,0.165,101.26,100.09,83.41,100.09,0.099,4232,3.9,9.1,72,47,47,417,441,441,226,207,207,32,20,12,441,480,489,171,169,266,225,316,320,316,383,383,196,167,145
203488,Mike Muscala,1610612738,BOS,31.0,63,117.0,116.4,116.4,108.3,107.6,107.6,8.7,8.8,8.8,0.069,2.17,12.9,0.038,0.161,0.102,5.9,5.9,0.587,0.608,0.146,0.151,103.61,104.22,86.85,104.22,0.087,2062,2.1,4.6,47,65,65,119,93,93,36,38,38,428,161,381,231,139,162,52,52,115,138,378,377,119,77,77,266,336,335
1630540,Miles McBride,1610612752,NYK,22.0,64,112.6,110.9,110.9,107.1,107.3,107.3,5.5,3.6,3.6,0.13,2.88,21.7,0.016,0.047,0.031,7.5,7.6,0.451,0.475,0.141,0.147,98.84,99.5,82.92,99.5,0.049,1574,1.2,3.4,185,280,280,80,82,82,85,130,130,232,62,134,448,523,526,116,122,474,477,397,391,468,423,423,490,452,408
1629011,Mitchell Robinson,1610612752,NYK,25.0,59,118.3,119.9,119.9,111.3,112.6,112.6,7.0,7.3,7.3,0.044,1.29,12.3,0.164,0.178,0.171,9.5,9.6,0.671,0.652,0.101,0.102,98.38,97.13,80.94,97.13,0.101,3194,3.2,4.7,29,17,17,250,296,296,59,52,52,504,369,396,5,110,26,248,256,24,56,519,524,487,515,515,175,224,327
1628964,Mo Bamba,1610612747,LAL,25.0,49,112.8,113.0,113.0,110.8,111.5,111.5,2.0,1.5,1.5,0.086,1.53,13.4,0.076,0.198,0.14,8.7,8.7,0.585,0.602,0.166,0.171,99.72,99.32,82.77,99.32,0.101,1583,2.4,4.9,180,185,185,222,226,226,181,198,198,361,309,365,99,74,67,192,189,118,163,290,293,424,429,429,173,296,315
1628420,Monte Morris,1610612764,WAS,28.0,62,116.0,117.4,117.4,116.7,117.3,117.3,-0.7,0.1,0.1,0.249,5.43,35.0,0.016,0.106,0.063,6.4,6.4,0.555,0.579,0.155,0.158,100.48,99.63,83.03,99.63,0.102,3521,4.0,8.3,60,43,43,474,482,482,276,244,244,68,7,18,433,338,373,70,71,215,236,339,345,369,412,412,171,158,164
1626149,Montrezl Harrell,1610612755,PHI,29.0,57,112.5,111.9,111.9,109.5,109.6,109.6,3.0,2.2,2.2,0.073,0.94,10.3,0.1,0.133,0.117,11.0,10.9,0.598,0.631,0.178,0.185,101.08,101.28,84.4,101.28,0.103,1431,2.2,3.7,192,233,233,165,148,148,148,169,169,413,447,447,53,224,122,355,351,100,78,231,225,331,292,292,165,322,379
1629021,Moritz Wagner,1610612753,ORL,26.0,57,108.3,109.4,109.4,109.8,110.6,110.6,-1.5,-1.1,-1.1,0.115,1.24,13.4,0.06,0.172,0.115,10.8,10.8,0.564,0.63,0.201,0.206,103.2,102.32,85.27,102.32,0.115,2365,3.5,6.9,363,336,336,176,182,182,303,291,291,263,385,366,137,126,125,344,346,183,81,147,149,152,216,216,108,205,215
1629650,Moses Brown,1610612746,LAC,23.0,36,111.3,111.5,111.5,109.2,108.1,108.1,2.2,3.5,3.5,0.021,0.27,2.7,0.165,0.262,0.211,10.2,10.2,0.635,0.607,0.188,0.195,101.3,101.75,84.79,101.75,0.133,626,1.7,2.7,244,251,251,153,105,105,172,131,131,523,512,523,4,16,2,293,298,45,145,189,187,311,262,262,61,390,452
1630541,Moses Moody,1610612744,GSW,21.0,63,111.2,110.7,110.7,110.8,111.3,111.3,0.4,-0.6,-0.6,0.085,1.5,15.4,0.034,0.091,0.063,10.2,10.1,0.584,0.603,0.141,0.147,103.89,103.94,86.62,103.94,0.07,1771,1.7,3.6,252,292,292,230,209,209,233,266,266,364,313,303,272,423,376,296,293,120,161,399,392,100,96,96,382,384,384
1631217,Moussa Diabaté,1610612746,LAC,21.0,22,106.9,109.2,109.2,116.1,112.4,112.4,-9.2,-3.2,-3.2,0.029,0.44,6.1,0.137,0.106,0.123,13.6,13.4,0.521,0.546,0.125,0.13,101.82,102.39,85.32,102.39,0.068,413,1.1,2.1,411,344,344,459,275,275,464,339,339,520,505,514,11,337,109,469,462,326,345,462,457,266,207,207,396,464,478
1626167,Myles Turner,1610612754,IND,27.0,62,113.3,115.1,115.1,115.4,116.3,116.3,-2.1,-1.2,-1.2,0.074,0.86,8.5,0.049,0.205,0.128,9.8,9.8,0.612,0.651,0.225,0.228,102.42,101.22,84.35,101.22,0.125,3849,6.5,11.8,154,106,106,430,450,450,318,294,294,405,457,486,188,64,101,269,271,74,58,104,107,225,297,297,82,71,90
1630230,Naji Marshall,1610612740,NOP,25.0,77,110.7,111.2,111.2,110.3,111.4,111.4,0.3,-0.1,-0.1,0.147,1.95,20.4,0.027,0.132,0.079,10.5,10.4,0.49,0.539,0.172,0.179,101.79,101.09,84.24,101.09,0.086,3779,3.2,7.4,272,259,259,204,220,220,236,251,251,190,210,166,330,225,274,317,315,411,363,269,262,270,310,310,275,222,198
1629642,Nassir Little,1610612757,POR,23.0,54,111.1,111.1,111.1,119.6,119.9,119.9,-8.6,-8.8,-8.8,0.075,1.39,12.2,0.028,0.122,0.075,8.8,8.8,0.538,0.555,0.158,0.162,99.71,99.56,82.97,99.56,0.068,2019,2.5,5.6,259,268,268,513,516,516,450,457,457,399,341,398,312,263,292,196,200,269,319,327,330,425,420,420,403,285,280
1631466,Nate Williams,1610612757,POR,24.0,5,109.7,109.7,109.7,119.9,120.7,120.7,-10.3,-11.0,-11.0,0.1,2.5,18.5,0.07,0.039,0.056,7.4,7.4,0.654,0.657,0.139,0.143,107.3,106.95,89.12,106.95,0.067,279,4.8,7.8,311,325,325,514,524,524,479,485,485,308,103,206,114,529,432,109,109,32,46,406,409,13,23,23,407,121,179
1630233,Nathan Knight,1610612750,MIN,25.0,38,110.9,109.6,109.6,112.6,111.9,111.9,-1.7,-2.3,-2.3,0.065,0.62,9.2,0.072,0.118,0.094,14.9,15.0,0.617,0.655,0.177,0.183,105.28,106.24,88.53,106.24,0.076,646,1.2,2.1,263,328,328,315,256,256,307,324,324,442,492,475,112,279,187,490,493,64,50,235,233,37,31,31,333,449,479
1629675,Naz Reid,1610612750,MIN,23.0,68,108.7,109.2,109.2,112.8,113.3,113.3,-4.0,-4.2,-4.2,0.098,0.84,9.6,0.058,0.205,0.132,11.5,11.5,0.602,0.617,0.242,0.248,104.87,104.39,86.99,104.39,0.122,2714,4.6,8.5,353,345,345,322,336,336,361,359,359,316,463,467,147,63,91,396,397,91,113,80,79,51,69,69,86,131,157
1629674,Neemias Queta,1610612758,SAC,23.0,5,80.9,78.3,78.3,119.0,121.7,121.7,-38.1,-43.5,-43.5,0.067,1.0,8.3,0.135,0.214,0.169,8.3,8.4,0.667,0.607,0.141,0.152,114.84,115.44,96.2,115.44,0.089,69,1.2,1.8,534,534,534,506,526,526,531,534,534,436,422,489,13,50,31,168,173,25,143,396,372,4,7,7,247,453,493
203457,Nerlens Noel,1610612751,BKN,29.0,17,98.2,97.4,97.4,114.9,114.2,114.2,-16.7,-16.8,-16.8,0.074,0.77,15.6,0.047,0.189,0.114,20.3,20.2,0.375,0.424,0.113,0.118,104.66,105.4,87.84,105.4,0.046,426,0.8,2.1,516,512,512,411,377,377,517,518,518,406,473,289,195,91,130,527,527,511,507,493,491,58,40,40,499,490,481
1629651,Nic Claxton,1610612751,BKN,24.0,76,115.1,115.1,115.1,109.0,111.3,111.3,6.2,3.7,3.7,0.091,1.5,15.5,0.088,0.213,0.155,10.3,10.3,0.705,0.691,0.155,0.158,99.65,98.59,82.16,98.59,0.134,4640,5.4,7.7,83,107,107,146,219,219,72,128,128,337,313,296,69,54,45,302,303,18,24,344,344,426,464,464,58,101,183
1630208,Nick Richards,1610612766,CHA,25.0,65,106.6,107.5,107.5,111.4,112.0,112.0,-4.7,-4.5,-4.5,0.046,0.64,7.8,0.113,0.21,0.161,12.2,12.0,0.631,0.676,0.151,0.156,102.6,101.86,84.88,101.86,0.12,2586,3.0,4.8,418,395,395,251,263,263,375,369,369,500,488,497,33,56,37,422,417,50,33,355,351,210,255,255,90,238,323
1629638,Nickeil Alexander-Walker,1610612750,MIN,24.0,59,109.9,109.8,109.8,111.8,111.8,111.8,-2.0,-2.0,-2.0,0.168,1.96,22.4,0.017,0.095,0.056,11.4,11.4,0.547,0.565,0.177,0.182,102.75,102.8,85.67,102.8,0.077,1887,2.2,5.0,304,320,320,273,253,253,316,318,318,155,208,124,427,399,431,391,387,241,288,238,235,190,163,163,324,319,311
201587,Nicolas Batum,1610612746,LAC,34.0,78,114.8,114.5,114.5,110.1,110.0,110.0,4.7,4.5,4.5,0.095,2.42,21.2,0.036,0.135,0.086,8.7,8.7,0.583,0.594,0.111,0.114,101.12,101.32,84.43,101.32,0.072,3609,2.1,4.9,98,128,128,191,155,155,102,103,103,324,118,146,250,217,227,191,191,123,183,498,500,328,289,289,368,340,317
203999,Nikola Jokić,1610612743,DEN,28.0,69,122.7,124.2,124.2,110.8,111.6,111.6,11.9,12.5,12.5,0.412,2.74,32.1,0.08,0.283,0.186,11.7,11.6,0.66,0.701,0.263,0.268,101.4,100.42,83.68,100.42,0.211,4873,9.4,14.8,10,6,6,226,235,235,19,17,17,5,75,39,90,8,9,404,405,27,21,46,51,302,356,356,4,16,59
1631107,Nikola Jović,1610612748,MIA,20.0,15,106.5,105.7,105.7,108.7,109.2,109.2,-2.2,-3.5,-3.5,0.076,1.0,10.3,0.043,0.119,0.079,10.3,10.3,0.464,0.53,0.185,0.191,99.03,99.19,82.66,99.19,0.07,422,1.9,4.6,420,433,433,133,139,139,319,348,348,397,422,448,212,275,273,303,304,461,389,208,202,459,439,439,385,367,336
202696,Nikola Vučević,1610612741,CHI,32.0,82,111.8,112.3,112.3,111.9,112.8,112.8,-0.1,-0.5,-0.5,0.146,1.91,16.4,0.062,0.274,0.172,8.6,8.6,0.573,0.594,0.218,0.222,99.98,99.31,82.76,99.31,0.143,5686,7.3,14.0,225,219,219,279,303,303,250,265,265,192,220,272,134,11,25,183,185,146,184,113,115,411,431,431,40,56,66
203943,Noah Vonleh,1610612738,BOS,27.0,23,113.7,111.8,111.8,114.6,113.2,113.2,-1.0,-1.4,-1.4,0.051,0.64,16.3,0.11,0.174,0.143,25.6,25.7,0.479,0.502,0.09,0.092,99.34,100.82,84.02,100.82,0.024,357,0.5,1.0,138,239,239,398,323,323,289,301,301,486,491,274,36,119,62,533,533,439,448,531,531,442,327,327,521,515,523
1626181,Norman Powell,1610612746,LAC,30.0,60,108.9,109.2,109.2,113.2,113.0,113.0,-4.3,-3.8,-3.8,0.115,1.08,10.4,0.015,0.093,0.055,9.7,9.7,0.559,0.612,0.251,0.258,101.74,101.66,84.72,101.66,0.11,3320,5.7,11.8,346,342,342,346,313,313,366,353,353,265,413,444,454,409,436,261,263,200,126,61,62,274,272,272,129,92,89
1628384,OG Anunoby,1610612761,TOR,25.0,67,112.4,114.4,114.4,110.7,111.4,111.4,1.6,3.0,3.0,0.08,0.99,10.7,0.037,0.11,0.07,10.8,10.8,0.556,0.586,0.192,0.195,99.51,98.34,81.95,98.34,0.087,4881,6.3,13.2,201,134,134,220,221,221,191,141,141,381,437,434,244,311,321,343,345,213,214,182,191,435,474,474,258,76,76
1630167,Obi Toppin,1610612752,NYK,25.0,67,112.4,112.8,112.8,109.2,110.4,110.4,3.2,2.4,2.4,0.091,1.74,12.1,0.026,0.139,0.083,7.0,7.0,0.548,0.565,0.187,0.191,102.13,101.35,84.45,101.35,0.095,2220,2.8,6.3,200,191,191,152,180,180,140,164,164,336,253,399,336,205,247,86,90,240,283,197,201,246,288,288,212,258,246
1630534,Ochai Agbaji,1610612762,UTA,23.0,59,113.4,114.4,114.4,113.8,114.6,114.6,-0.4,-0.2,-0.2,0.072,1.63,12.8,0.034,0.058,0.047,7.8,7.8,0.532,0.561,0.154,0.156,104.21,103.39,86.16,103.39,0.052,2598,2.8,6.5,152,131,131,366,386,386,263,254,254,415,281,383,269,518,484,137,139,292,303,348,355,75,124,124,473,256,229
1630846,Olivier Sarr,1610612760,OKC,24.0,9,108.9,110.9,110.9,105.2,104.2,104.2,3.7,6.8,6.8,0.048,1.0,9.8,0.09,0.147,0.118,9.8,9.7,0.517,0.544,0.13,0.135,101.4,100.95,84.12,100.95,0.069,238,1.7,3.3,347,281,281,44,45,45,126,60,60,499,422,461,66,180,119,265,266,342,352,442,441,304,318,318,394,393,409
1630209,Omer Yurtseven,1610612748,MIA,25.0,9,118.4,117.2,117.2,113.8,115.5,115.5,4.6,1.7,1.7,0.035,0.5,5.7,0.089,0.179,0.132,11.4,11.2,0.648,0.675,0.159,0.169,102.34,102.08,85.06,102.08,0.088,180,1.8,3.0,25,52,52,367,414,414,107,188,188,517,500,516,68,108,88,392,377,38,36,319,306,231,242,242,251,378,428
1630168,Onyeka Okongwu,1610612737,ATL,22.0,80,113.9,114.2,114.2,111.4,112.4,112.4,2.5,1.8,1.8,0.06,1.0,10.9,0.117,0.19,0.154,10.9,10.9,0.642,0.678,0.15,0.153,102.39,101.77,84.81,101.77,0.111,3916,4.0,6.2,130,139,139,255,279,279,163,185,185,456,422,428,28,87,49,347,349,42,31,357,368,227,260,260,124,160,248
1631115,Orlando Robinson,1610612748,MIA,22.0,31,109.7,110.3,110.3,106.9,106.6,106.6,2.8,3.8,3.8,0.086,1.56,17.5,0.108,0.201,0.151,11.2,11.1,0.528,0.565,0.116,0.121,97.72,97.6,81.34,97.6,0.086,862,1.5,2.9,308,308,308,75,70,70,154,126,126,359,301,234,38,68,51,374,372,301,284,487,485,512,500,500,274,410,442
1629052,Oshae Brissett,1610612754,IND,25.0,65,110.8,112.4,112.4,111.8,111.8,111.8,-1.0,0.6,0.6,0.055,1.29,9.5,0.054,0.144,0.098,7.4,7.4,0.461,0.52,0.155,0.159,102.93,102.21,85.18,102.21,0.073,2310,1.9,4.9,266,216,216,269,250,250,287,229,229,474,367,469,164,193,174,108,110,462,412,343,340,175,229,229,362,363,316
203490,Otto Porter Jr.,1610612761,TOR,30.0,8,108.1,109.5,109.5,116.2,114.6,114.6,-8.1,-5.0,-5.0,0.078,2.0,17.8,0.038,0.096,0.064,8.9,8.8,0.6,0.656,0.104,0.107,100.48,100.53,83.78,100.53,0.09,304,1.9,3.8,370,330,330,465,387,387,434,381,381,390,194,225,241,390,363,205,199,93,47,512,513,370,344,344,244,365,375
1631172,Ousmane Dieng,1610612760,OKC,20.0,39,110.2,110.3,110.3,107.0,107.4,107.4,3.2,2.9,2.9,0.108,1.77,17.5,0.03,0.141,0.085,9.9,9.9,0.492,0.505,0.154,0.159,102.95,102.67,85.56,102.67,0.074,1218,1.9,4.6,296,306,306,76,85,85,139,145,145,281,247,233,298,198,237,273,273,410,443,345,343,173,177,177,348,353,334
200782,P.J. Tucker,1610612755,PHI,38.0,75,116.4,117.3,117.3,111.7,113.3,113.3,4.7,4.0,4.0,0.04,1.36,17.7,0.055,0.108,0.082,13.0,13.0,0.549,0.566,0.066,0.067,97.54,96.47,80.39,96.47,0.032,3851,1.3,3.0,57,49,49,267,333,333,104,118,118,514,348,229,162,326,251,449,450,236,279,536,536,517,528,528,515,440,428
1629023,P.J. Washington,1610612766,CHA,24.0,73,106.5,107.5,107.5,113.8,114.8,114.8,-7.3,-7.2,-7.2,0.107,1.59,13.1,0.028,0.118,0.071,8.2,8.2,0.52,0.542,0.2,0.204,104.14,103.2,86.0,103.2,0.083,5114,5.9,13.4,421,394,394,365,391,391,424,424,424,289,296,374,317,278,316,161,162,329,355,153,157,84,136,136,289,82,71
1628408,PJ Dozier,1610612758,SAC,26.0,16,98.9,94.1,94.1,107.9,107.0,107.0,-9.0,-12.9,-12.9,0.196,2.0,20.8,0.012,0.171,0.089,10.4,10.4,0.333,0.333,0.203,0.215,100.21,103.14,85.95,103.14,0.058,170,0.6,2.1,513,520,520,106,77,77,460,500,500,121,194,156,485,127,219,312,318,523,529,143,129,398,144,144,445,500,483
1631094,Paolo Banchero,1610612753,ORL,20.0,72,109.5,111.1,111.1,113.8,115.3,115.3,-4.4,-4.2,-4.2,0.171,1.35,14.7,0.035,0.174,0.104,10.9,11.0,0.465,0.529,0.272,0.275,102.04,100.66,83.89,100.66,0.108,5095,6.7,15.6,324,275,275,368,406,406,367,360,360,153,356,326,266,120,159,353,355,458,391,38,40,251,335,335,142,67,51
1627783,Pascal Siakam,1610612761,TOR,29.0,71,113.6,115.6,115.6,111.9,113.3,113.3,1.7,2.4,2.4,0.244,2.46,19.7,0.047,0.177,0.107,8.0,8.0,0.515,0.565,0.27,0.274,99.6,98.17,81.81,98.17,0.135,5422,8.9,18.5,141,89,89,280,331,331,188,165,165,72,114,189,199,114,145,149,151,349,282,40,44,430,479,479,53,23,21
1626192,Pat Connaughton,1610612749,MIL,30.0,61,114.9,113.3,113.3,109.6,109.9,109.9,5.3,3.4,3.4,0.069,2.33,14.1,0.033,0.144,0.09,6.0,6.0,0.521,0.531,0.133,0.138,102.85,103.42,86.18,103.42,0.075,3121,2.7,6.9,92,173,173,169,154,154,94,132,132,429,130,347,281,194,210,57,56,325,385,432,432,178,123,123,342,264,219
1631116,Patrick Baldwin Jr.,1610612744,GSW,20.0,31,102.6,100.8,100.8,114.6,113.2,113.2,-12.0,-12.3,-12.3,0.083,1.0,8.2,0.004,0.188,0.091,8.2,8.2,0.541,0.546,0.227,0.237,101.15,102.65,85.55,102.65,0.092,487,1.4,3.5,486,493,493,395,320,320,493,496,496,369,422,494,514,94,206,160,163,260,342,99,96,324,179,179,229,426,397
201976,Patrick Beverley,1610612741,CHI,34.0,67,110.7,111.6,111.6,112.4,113.1,113.1,-1.7,-1.5,-1.5,0.137,3.23,30.1,0.025,0.111,0.068,9.3,9.3,0.511,0.534,0.107,0.109,100.85,100.08,83.4,100.08,0.056,3777,2.1,5.4,274,244,244,306,319,319,308,303,303,205,46,52,351,306,332,230,233,364,376,504,508,349,385,385,457,326,290
1630172,Patrick Williams,1610612741,CHI,21.0,82,111.4,110.7,110.7,112.0,113.2,113.2,-0.6,-2.4,-2.4,0.059,0.99,10.8,0.036,0.107,0.072,10.9,10.9,0.549,0.576,0.156,0.159,100.3,100.05,83.37,100.05,0.069,4831,3.8,8.3,242,288,288,283,326,326,272,328,328,461,438,429,256,331,305,351,354,237,245,336,339,392,387,387,388,174,166
201988,Patty Mills,1610612751,BKN,34.0,40,110.7,111.2,111.2,116.2,117.0,117.0,-5.5,-5.8,-5.8,0.136,1.87,18.2,0.014,0.062,0.037,9.8,9.7,0.529,0.554,0.182,0.186,104.06,103.51,86.26,103.51,0.069,1224,2.2,5.2,270,263,263,466,472,472,387,398,398,210,226,213,469,514,519,267,265,300,326,214,223,90,117,117,391,325,296
202331,Paul George,1610612746,LAC,33.0,56,115.2,116.5,116.5,111.5,112.5,112.5,3.7,4.0,4.0,0.237,1.64,18.1,0.025,0.153,0.091,11.1,11.0,0.536,0.588,0.294,0.301,99.44,98.46,82.05,98.46,0.135,3976,8.2,17.9,82,62,62,257,280,280,121,116,116,76,278,217,346,152,205,363,359,277,206,19,19,438,471,471,54,31,26
1630194,Paul Reed,1610612755,PHI,24.0,69,112.4,111.0,111.0,111.1,111.5,111.5,1.3,-0.4,-0.4,0.051,0.6,8.9,0.147,0.207,0.176,14.9,14.8,0.596,0.62,0.152,0.158,99.62,100.08,83.4,100.08,0.106,1570,1.8,3.0,195,278,278,246,227,227,203,261,261,488,495,479,7,59,17,491,491,103,106,352,346,428,386,386,148,376,427
1630202,Payton Pritchard,1610612738,BOS,25.0,48,109.3,107.9,107.9,107.4,106.5,106.5,1.8,1.4,1.4,0.153,1.6,18.0,0.038,0.094,0.066,11.2,11.2,0.527,0.536,0.193,0.2,98.62,99.69,83.08,99.69,0.076,1332,2.1,5.1,331,385,385,92,66,66,185,203,203,182,292,218,239,403,349,377,378,308,370,174,171,477,410,410,335,331,304
1631212,Peyton Watson,1610612743,DEN,20.0,23,103.0,101.6,101.6,115.1,113.5,113.5,-12.0,-12.0,-12.0,0.087,1.38,12.6,0.043,0.139,0.093,9.2,9.2,0.542,0.553,0.174,0.179,97.55,98.91,82.42,98.91,0.087,383,1.3,2.6,481,489,489,418,348,348,495,493,493,352,343,387,214,203,194,225,226,257,327,258,255,515,452,452,259,441,459
1630173,Precious Achiuwa,1610612761,TOR,23.0,55,113.0,114.0,114.0,114.4,115.6,115.6,-1.4,-1.6,-1.6,0.063,0.85,8.8,0.083,0.213,0.144,10.4,10.4,0.521,0.554,0.19,0.195,99.01,98.04,81.7,98.04,0.1,2330,3.6,7.3,167,150,150,385,425,425,299,308,308,449,460,482,83,53,61,310,316,327,325,186,190,461,485,485,186,193,203
1629656,Quentin Grimes,1610612752,NYK,23.0,71,117.2,118.6,118.6,112.9,114.2,114.2,4.4,4.4,4.4,0.096,2.17,17.4,0.022,0.085,0.053,8.0,8.0,0.599,0.619,0.142,0.145,99.11,97.97,81.64,97.97,0.07,4328,4.0,8.5,44,31,31,329,376,376,112,111,111,319,161,237,372,452,452,148,148,99,108,393,401,455,489,489,383,159,158
1631245,Quenton Jackson,1610612764,WAS,24.0,9,106.6,104.6,104.6,112.7,111.3,111.3,-6.0,-6.7,-6.7,0.155,3.75,21.1,0.014,0.044,0.029,5.6,5.7,0.464,0.542,0.164,0.169,105.87,107.53,89.61,107.53,0.071,303,2.1,4.7,416,455,455,317,217,217,401,416,416,177,27,147,463,524,529,43,43,459,357,305,305,26,21,21,378,330,331
1630181,R.J. Hampton,1610612765,DET,22.0,47,107.6,107.1,107.1,114.5,115.8,115.8,-7.0,-8.7,-8.7,0.11,1.29,14.8,0.024,0.093,0.058,11.5,11.5,0.517,0.558,0.175,0.18,100.12,99.76,83.13,99.76,0.074,1556,2.2,5.0,386,405,405,394,434,434,417,455,455,275,370,322,360,406,416,395,394,340,310,250,250,405,405,405,347,323,309
1629628,RJ Barrett,1610612752,NYK,23.0,73,114.3,115.3,115.3,114.9,116.5,116.5,-0.6,-1.2,-1.2,0.124,1.23,11.7,0.023,0.121,0.071,9.6,9.6,0.485,0.531,0.256,0.262,99.98,98.88,82.4,98.88,0.087,5100,7.0,16.1,114,101,101,415,460,460,271,295,295,247,388,413,367,268,310,255,255,423,387,56,59,410,454,454,260,61,46
1630564,RaiQuan Gray,1610612751,BKN,23.0,1,107.2,108.2,108.2,121.6,125.7,125.7,-14.4,-17.5,-17.5,0.35,1.75,29.2,0.075,0.176,0.122,16.7,16.8,0.583,0.621,0.205,0.204,102.72,100.56,83.8,100.56,0.107,73,6.0,12.0,401,376,376,523,532,532,512,521,521,15,250,56,102,115,110,511,513,121,102,139,155,193,340,340,147,81,85
203526,Raul Neto,1610612739,CLE,31.0,48,112.5,111.2,111.2,109.0,109.8,109.8,3.5,1.4,1.4,0.226,3.29,34.5,0.022,0.071,0.048,10.5,10.5,0.573,0.628,0.133,0.136,96.57,96.76,80.64,96.76,0.087,1017,1.2,2.3,188,261,261,148,152,152,129,202,202,87,39,20,376,486,478,320,324,147,84,434,436,521,524,524,261,458,469
203493,Reggie Bullock Jr.,1610612742,DAL,32.0,78,114.2,114.7,114.7,115.2,116.5,116.5,-1.0,-1.8,-1.8,0.063,3.0,17.3,0.014,0.112,0.062,5.8,5.7,0.569,0.577,0.098,0.101,98.01,97.23,81.02,97.23,0.052,4790,2.5,6.0,120,121,121,423,461,461,288,312,312,450,51,243,466,302,381,46,45,161,242,526,526,503,511,511,474,289,254
202704,Reggie Jackson,1610612743,DEN,33.0,68,108.8,109.5,109.5,111.1,111.7,111.7,-2.3,-2.2,-2.2,0.211,2.03,22.9,0.015,0.071,0.043,11.3,11.2,0.486,0.514,0.205,0.21,99.05,98.47,82.06,98.47,0.073,3397,3.9,9.4,351,333,333,244,243,243,321,322,322,103,188,117,456,488,498,380,380,421,428,140,139,456,470,470,354,170,138
1626158,Richaun Holmes,1610612758,SAC,29.0,42,105.3,104.2,104.2,115.4,113.5,113.5,-10.1,-9.3,-9.3,0.04,0.64,7.6,0.082,0.149,0.115,11.8,11.6,0.646,0.668,0.132,0.138,101.06,102.47,85.39,102.47,0.078,742,1.3,2.1,445,462,462,431,346,346,478,468,468,513,489,499,84,174,124,406,406,40,39,438,430,336,195,195,317,435,480
201937,Ricky Rubio,1610612739,CLE,32.0,33,107.2,107.2,107.2,104.0,104.2,104.2,3.2,3.0,3.0,0.295,3.71,33.8,0.015,0.112,0.062,9.1,9.1,0.402,0.442,0.172,0.176,98.3,98.21,81.84,98.21,0.084,1163,1.8,5.4,400,401,401,37,46,46,141,143,143,33,28,24,455,299,386,222,223,505,498,271,273,490,478,478,285,370,287
203496,Robert Covington,1610612746,LAC,32.0,48,109.0,109.2,109.2,109.9,110.2,110.2,-1.0,-1.0,-1.0,0.105,1.78,17.0,0.038,0.164,0.102,9.5,9.5,0.563,0.584,0.149,0.154,101.07,100.85,84.04,100.85,0.097,1640,2.1,4.8,345,343,343,183,167,167,291,281,281,294,240,253,237,133,164,249,253,187,219,365,363,333,324,324,204,329,325
1629057,Robert Williams III,1610612738,BOS,25.0,35,115.9,116.3,116.3,105.3,105.0,105.0,10.6,11.4,11.4,0.086,1.47,18.5,0.124,0.209,0.168,12.6,12.5,0.747,0.742,0.113,0.116,100.23,100.19,83.49,100.19,0.13,1709,3.6,4.9,66,72,72,47,52,52,24,21,21,363,325,206,19,58,34,438,436,12,12,492,494,395,374,374,71,187,320
201577,Robin Lopez,1610612739,CLE,35.0,37,103.2,102.3,102.3,111.6,111.0,111.0,-8.4,-8.7,-8.7,0.105,0.76,15.1,0.075,0.097,0.086,19.8,19.7,0.653,0.675,0.156,0.161,98.64,99.38,82.81,99.38,0.07,616,1.3,2.0,480,483,483,264,197,197,444,454,454,295,476,312,101,387,233,525,525,33,34,333,334,476,427,427,380,436,485
203585,Rodney McGruder,1610612765,DET,31.0,32,109.9,111.5,111.5,115.9,114.9,114.9,-6.0,-3.5,-3.5,0.071,2.55,13.9,0.035,0.109,0.07,5.5,5.5,0.543,0.566,0.135,0.137,101.28,101.01,84.18,101.01,0.067,1100,1.9,4.8,302,252,252,454,398,398,400,345,345,419,96,351,260,316,327,40,40,256,276,426,435,314,315,315,410,357,326
1629641,Romeo Langford,1610612759,SAS,23.0,43,106.5,107.0,107.0,115.1,115.5,115.5,-8.6,-8.5,-8.5,0.08,1.67,13.7,0.06,0.067,0.063,8.2,8.2,0.498,0.524,0.148,0.151,104.04,103.64,86.37,103.64,0.059,1812,2.8,6.0,422,412,412,419,412,412,454,453,453,379,264,355,140,507,374,163,164,396,404,370,374,91,111,111,439,255,256
1631199,Ron Harper Jr.,1610612761,TOR,23.0,9,117.7,119.8,119.8,103.3,98.0,98.0,14.4,21.8,21.8,0.108,0.0,20.0,0.054,0.093,0.071,0.0,0.0,0.594,0.608,0.136,0.142,96.3,98.02,81.68,98.02,0.098,96,0.9,1.8,38,18,18,34,24,24,16,8,8,284,515,170,167,408,317,1,1,106,137,422,411,525,486,486,199,483,496
1626220,Royce O'Neale,1610612751,BKN,30.0,76,113.4,113.9,113.9,110.1,111.8,111.8,3.4,2.1,2.1,0.155,2.48,27.7,0.025,0.129,0.08,11.2,11.2,0.524,0.538,0.136,0.138,99.52,98.52,82.1,98.52,0.067,4934,3.0,7.8,147,154,154,190,255,255,134,175,175,176,105,68,349,236,259,372,375,316,366,417,429,434,467,467,408,239,178
200752,Rudy Gay,1610612762,UTA,36.0,56,111.5,111.5,111.5,108.3,108.6,108.6,3.2,2.9,2.9,0.095,1.54,14.2,0.038,0.148,0.094,9.2,9.2,0.437,0.475,0.173,0.179,103.25,103.11,85.93,103.11,0.07,1755,1.9,5.1,236,253,253,112,120,120,138,147,147,325,305,343,231,178,192,226,225,485,481,264,261,150,146,146,384,354,303
203497,Rudy Gobert,1610612750,MIN,31.0,70,109.4,110.8,110.8,109.4,110.3,110.3,0.0,0.4,0.4,0.058,0.71,9.6,0.111,0.26,0.188,13.5,13.5,0.659,0.675,0.161,0.164,101.34,100.29,83.58,100.29,0.137,4477,5.1,7.8,327,286,286,160,174,174,246,232,232,464,480,466,35,17,7,465,465,28,35,315,323,309,366,366,51,111,179
1629060,Rui Hachimura,1610612747,LAL,25.0,63,108.2,108.5,108.5,108.5,109.7,109.7,-0.2,-1.2,-1.2,0.06,1.09,7.8,0.036,0.141,0.091,7.1,7.1,0.53,0.556,0.194,0.2,103.47,102.74,85.62,102.74,0.098,3142,4.5,9.3,366,368,368,123,151,151,257,293,293,455,412,498,257,199,209,97,97,297,317,172,172,132,172,172,198,132,140
201566,Russell Westbrook,1610612746,LAC,34.0,73,113.2,114.1,114.1,113.9,114.3,114.3,-0.7,-0.2,-0.2,0.364,2.16,28.5,0.042,0.147,0.096,13.2,13.2,0.481,0.513,0.266,0.271,105.23,104.59,87.16,104.59,0.115,4626,5.9,13.6,158,140,140,369,381,381,279,253,253,12,165,59,219,181,183,458,459,436,429,45,47,40,63,63,107,85,69
1627853,Ryan Arcidiacono,1610612752,NYK,29.0,20,95.7,93.2,93.2,106.6,105.9,105.9,-10.9,-12.8,-12.8,0.195,3.29,34.3,0.0,0.09,0.042,10.4,10.4,0.351,0.351,0.106,0.11,102.99,104.72,87.26,104.72,0.026,380,0.5,1.9,521,523,523,66,60,60,484,499,499,123,40,22,517,427,506,316,321,520,525,510,506,165,58,58,520,518,492
1631157,Ryan Rollins,1610612744,GSW,20.0,12,75.6,73.2,73.2,114.7,111.3,111.3,-39.1,-38.1,-38.1,0.214,0.38,13.3,0.043,0.153,0.093,35.6,35.8,0.425,0.508,0.26,0.275,101.58,104.78,87.32,104.78,0.009,138,0.6,1.7,537,536,536,402,213,213,532,533,533,99,508,368,213,154,197,537,537,495,440,50,43,288,56,56,529,503,500
1630240,Saben Lee,1610612756,PHX,24.0,25,101.6,100.7,100.7,103.3,105.1,105.1,-1.7,-4.4,-4.4,0.278,2.79,28.0,0.03,0.082,0.055,10.0,10.1,0.45,0.517,0.184,0.187,104.0,103.51,86.26,103.51,0.097,808,2.0,4.8,497,494,494,33,55,55,309,366,366,44,67,63,293,462,434,285,292,475,419,210,216,96,118,118,203,350,321
1630180,Saddiq Bey,1610612737,ATL,24.0,77,112.5,113.9,113.9,116.2,117.0,117.0,-3.7,-3.1,-3.1,0.08,1.66,10.5,0.044,0.127,0.084,6.3,6.3,0.513,0.564,0.194,0.199,103.38,102.41,85.34,102.41,0.094,4539,4.6,10.9,190,157,157,464,473,473,355,337,337,382,272,441,207,245,242,67,65,359,291,170,173,142,202,202,220,127,109
1630573,Sam Hauser,1610612738,BOS,25.0,80,114.9,114.1,114.1,106.8,106.4,106.4,8.0,7.7,7.7,0.076,2.37,14.1,0.027,0.121,0.076,6.0,5.9,0.631,0.634,0.141,0.145,100.99,101.51,84.6,101.51,0.084,2732,2.3,5.0,96,141,141,72,65,65,45,47,47,393,125,344,324,264,280,53,53,49,76,395,404,339,277,277,283,314,314
1630241,Sam Merrill,1610612739,CLE,27.0,5,100.9,99.2,99.2,101.7,102.5,102.5,-0.8,-3.3,-3.3,0.143,0.0,17.9,0.0,0.167,0.083,0.0,0.0,0.523,0.546,0.177,0.18,98.38,98.84,82.37,98.84,0.12,120,1.8,4.4,502,505,505,26,33,33,283,341,341,197,515,221,517,130,245,1,1,318,343,239,247,486,457,457,89,374,347
1630572,Sandro Mamukelashvili,1610612759,SAS,24.0,43,106.3,106.3,106.3,117.6,116.4,116.4,-11.3,-10.1,-10.1,0.134,1.77,17.6,0.093,0.178,0.132,9.9,9.9,0.487,0.516,0.177,0.182,101.88,102.34,85.29,102.34,0.091,1419,2.3,5.3,425,423,423,484,456,456,486,474,474,216,244,231,61,111,87,276,278,417,423,236,239,258,213,213,233,313,291
1630583,Santi Aldama,1610612763,MEM,22.0,77,111.5,112.7,112.7,109.9,110.2,110.2,1.6,2.6,2.6,0.076,1.62,13.0,0.047,0.162,0.104,8.1,8.0,0.56,0.591,0.157,0.16,103.68,102.96,85.8,102.96,0.093,3607,3.2,6.8,238,198,198,182,168,168,192,161,161,394,287,376,192,137,158,153,152,196,195,329,337,114,157,157,223,222,225
1630567,Scottie Barnes,1610612761,TOR,21.0,77,113.8,114.8,114.8,111.3,111.6,111.6,2.5,3.2,3.2,0.195,2.41,22.5,0.063,0.135,0.097,9.4,9.3,0.487,0.524,0.2,0.205,99.32,98.71,82.25,98.71,0.103,5506,6.0,13.2,133,118,118,248,237,237,162,137,137,124,119,120,132,214,178,234,234,419,400,154,154,444,461,461,163,80,77
1630590,Scotty Pippen Jr.,1610612747,LAL,22.0,6,89.1,89.4,89.4,93.6,90.9,90.9,-4.6,-1.5,-1.5,0.125,1.0,10.0,0.05,0.057,0.053,10.0,10.0,0.375,0.439,0.231,0.242,99.24,100.52,83.77,100.52,0.051,66,0.7,2.0,527,526,526,12,13,13,371,304,304,243,422,456,182,519,449,282,283,511,501,93,93,447,346,346,484,495,486
201586,Serge Ibaka,1610612749,MIL,33.0,16,100.1,101.0,101.0,109.3,107.6,107.6,-9.3,-6.5,-6.5,0.036,0.36,5.3,0.073,0.153,0.111,14.7,14.7,0.537,0.553,0.159,0.164,98.89,99.18,82.65,99.18,0.068,383,1.6,3.4,507,492,492,157,92,92,465,413,413,516,509,517,110,153,135,489,489,274,329,324,324,466,441,441,399,400,405
203552,Seth Curry,1610612751,BKN,32.0,61,110.4,110.4,110.4,112.8,113.9,113.9,-2.5,-3.5,-3.5,0.121,1.94,16.1,0.011,0.071,0.042,8.3,8.2,0.568,0.593,0.188,0.193,100.66,100.21,83.5,100.21,0.079,2536,3.4,7.4,285,304,304,328,363,363,325,346,346,251,211,282,496,489,504,164,159,166,189,192,198,366,373,373,307,213,202
1631101,Shaedon Sharpe,1610612757,POR,20.0,80,109.6,110.8,110.8,118.2,118.4,118.4,-8.6,-7.6,-7.6,0.079,1.13,10.8,0.037,0.102,0.069,9.5,9.5,0.551,0.568,0.186,0.189,101.63,100.99,84.16,100.99,0.071,3737,3.8,8.1,318,287,287,497,499,499,452,431,431,384,407,432,248,356,330,251,251,227,266,201,209,283,317,317,375,175,171
1628983,Shai Gilgeous-Alexander,1610612760,OKC,24.0,68,114.9,116.1,116.1,111.9,113.3,113.3,3.0,2.7,2.7,0.249,1.93,16.4,0.023,0.109,0.065,8.5,8.5,0.531,0.626,0.318,0.325,104.62,103.47,86.23,103.47,0.175,5211,10.4,20.3,89,81,81,281,334,334,149,153,153,69,215,271,366,322,355,176,175,294,90,10,10,61,119,119,11,5,7
1629003,Shake Milton,1610612755,PHI,26.0,76,114.5,114.1,114.1,109.3,110.2,110.2,5.2,3.9,3.9,0.213,2.55,27.1,0.026,0.096,0.062,10.6,10.6,0.535,0.575,0.175,0.18,101.71,101.46,84.55,101.46,0.09,3319,3.2,6.6,108,142,142,155,166,166,95,121,121,101,95,74,337,392,385,330,330,282,248,254,253,278,282,282,242,228,228
1627885,Shaquille Harrison,1610612747,LAL,29.0,5,112.5,113.0,113.0,113.2,113.4,113.4,-0.7,-0.4,-0.4,0.306,5.0,38.5,0.008,0.184,0.091,7.7,7.6,0.458,0.516,0.162,0.166,105.15,104.87,87.39,104.87,0.117,262,3.0,7.2,189,184,184,348,339,339,282,260,260,27,9,7,509,100,208,127,126,466,422,314,315,44,53,53,97,240,206
1631323,Simone Fontecchio,1610612762,UTA,27.0,52,105.7,105.2,105.2,117.8,118.3,118.3,-12.1,-13.1,-13.1,0.079,1.08,10.2,0.036,0.07,0.052,9.5,9.5,0.47,0.495,0.192,0.197,104.89,104.96,87.46,104.96,0.046,1681,2.2,6.0,436,442,442,491,495,495,496,503,503,388,414,451,251,492,455,243,244,452,462,180,178,50,52,52,498,320,257
1630219,Skylar Mays,1610612757,POR,25.0,6,107.7,108.4,108.4,125.9,124.8,124.8,-18.2,-16.3,-16.3,0.368,5.0,37.6,0.01,0.097,0.05,7.5,7.5,0.588,0.624,0.182,0.187,106.06,106.16,88.47,106.16,0.113,415,5.7,11.3,381,370,370,531,531,531,522,517,517,11,9,11,502,384,466,115,114,112,97,217,214,24,33,33,112,92,100
203915,Spencer Dinwiddie,1610612751,BKN,30.0,79,112.7,114.1,114.1,112.4,114.2,114.2,0.3,-0.1,-0.1,0.297,3.55,27.8,0.01,0.092,0.051,7.8,7.8,0.524,0.573,0.22,0.223,97.61,96.28,80.23,96.28,0.113,5465,5.8,13.3,183,145,145,310,375,375,239,249,249,31,31,66,500,416,462,139,138,314,253,111,113,514,529,529,114,88,73
1626169,Stanley Johnson,1610612762,UTA,27.0,30,112.1,111.5,111.5,118.9,118.5,118.5,-6.8,-7.0,-7.0,0.179,2.03,28.2,0.047,0.15,0.099,13.9,13.8,0.607,0.625,0.148,0.153,103.44,103.87,86.56,103.87,0.093,1007,2.2,4.1,211,248,248,504,502,502,415,420,420,142,187,62,194,171,171,472,472,79,92,368,367,135,99,99,222,324,360
1630649,Stanley Umude,1610612765,DET,24.0,1,180.4,175.0,175.0,80.0,80.0,80.0,100.4,95.0,95.0,0.0,0.0,0.0,0.0,0.0,0.0,0.0,0.0,0.0,0.532,0.5,0.485,100.69,102.05,85.04,102.05,0.25,4,0.0,1.0,1,1,1,3,4,4,1,1,1,525,515,525,517,531,533,1,1,534,382,1,1,363,244,244,2,534,524
201939,Stephen Curry,1610612744,GSW,35.0,56,116.8,118.1,118.1,111.1,112.4,112.4,5.7,5.8,5.8,0.274,1.97,19.9,0.02,0.147,0.085,10.1,10.0,0.614,0.656,0.297,0.305,105.86,104.68,87.24,104.68,0.166,4244,10.0,20.2,52,34,34,245,276,276,79,83,83,52,206,176,395,185,236,290,282,70,49,18,18,27,59,59,18,9,9
1628425,Sterling Brown,1610612747,LAL,28.0,4,107.1,106.8,106.8,108.4,106.3,106.3,-1.3,0.4,0.4,0.077,0.0,33.3,0.091,0.152,0.121,0.0,0.0,0.0,0.0,0.061,0.061,118.84,120.18,100.15,120.18,0.031,59,0.0,1.0,405,416,416,120,64,64,297,233,233,391,515,27,64,164,112,1,1,534,535,537,537,2,3,3,517,534,524
203500,Steven Adams,1610612763,MEM,29.0,42,115.5,118.7,118.7,107.4,109.0,109.0,8.1,9.7,9.7,0.107,1.23,19.6,0.171,0.222,0.196,16.0,15.9,0.597,0.564,0.139,0.141,103.44,101.29,84.41,101.29,0.112,2396,3.7,6.3,76,30,30,90,128,128,44,33,33,288,386,194,2,42,6,505,506,101,290,405,418,136,291,291,122,179,244
1629004,Svi Mykhailiuk,1610612766,CHA,26.0,32,109.6,109.6,109.6,108.8,108.5,108.5,0.8,1.0,1.0,0.167,2.21,19.9,0.032,0.079,0.056,9.0,9.0,0.566,0.584,0.191,0.197,101.35,101.51,84.59,101.51,0.092,994,2.4,5.4,314,329,329,142,119,119,222,216,216,156,154,174,288,471,430,213,211,172,220,185,183,306,278,278,227,293,286
204456,T.J. McConnell,1610612754,IND,31.0,75,109.5,110.5,110.5,112.7,112.9,112.9,-3.3,-2.4,-2.4,0.39,2.78,36.5,0.028,0.123,0.075,13.2,13.1,0.568,0.59,0.182,0.188,104.52,103.95,86.62,103.95,0.134,3313,3.8,6.9,323,303,303,319,305,305,348,326,326,8,69,13,314,257,290,456,455,165,200,215,213,62,95,95,60,178,216
203933,T.J. Warren,1610612756,PHX,29.0,42,112.1,112.8,112.8,109.1,108.4,108.4,3.0,4.4,4.4,0.081,2.0,11.6,0.038,0.131,0.086,5.8,5.8,0.53,0.55,0.185,0.19,102.46,102.51,85.42,102.51,0.09,1462,3.1,6.4,212,192,192,151,111,111,150,108,108,375,194,416,236,231,230,50,51,298,336,205,206,219,192,192,239,231,237
201959,Taj Gibson,1610612764,WAS,38.0,49,110.7,110.6,110.6,113.5,111.7,111.7,-2.8,-1.1,-1.1,0.094,1.31,16.7,0.068,0.143,0.104,12.8,12.8,0.552,0.585,0.151,0.157,98.65,99.51,82.92,99.51,0.059,999,1.3,2.6,271,295,295,360,242,242,332,287,287,327,364,260,117,196,157,443,444,224,217,354,350,474,421,421,438,433,460
1629659,Talen Horton-Tucker,1610612762,UTA,22.0,65,110.8,112.0,112.0,111.4,112.0,112.0,-0.6,0.1,0.1,0.274,1.95,23.3,0.03,0.117,0.074,11.9,11.9,0.467,0.508,0.25,0.256,104.28,103.46,86.22,103.46,0.1,2826,4.0,9.4,268,229,229,254,258,258,275,245,245,50,209,107,300,285,295,414,414,456,439,65,67,71,121,121,188,161,137
1631106,Tari Eason,1610612745,HOU,22.0,82,108.3,108.6,108.6,113.3,113.4,113.4,-5.0,-4.8,-4.8,0.075,0.87,9.7,0.101,0.172,0.134,11.1,11.1,0.493,0.525,0.184,0.19,102.13,101.96,84.97,101.96,0.095,3765,3.6,8.0,365,366,366,350,342,342,381,377,377,398,456,465,49,125,80,364,365,406,398,209,208,244,249,249,214,190,173
1627752,Taurean Prince,1610612750,MIN,29.0,54,112.0,111.9,111.9,110.6,111.0,111.0,1.4,0.9,0.9,0.094,1.22,15.0,0.013,0.096,0.055,12.3,12.2,0.565,0.597,0.165,0.171,105.21,105.09,87.58,105.09,0.065,2600,3.3,7.0,214,232,232,216,199,199,197,218,218,326,390,318,478,395,438,431,426,182,179,297,288,42,47,47,418,220,210
1629611,Terance Mann,1610612746,LAC,26.0,81,113.4,113.7,113.7,113.1,113.5,113.5,0.4,0.3,0.3,0.139,2.3,21.9,0.042,0.107,0.074,9.5,9.5,0.593,0.619,0.149,0.153,99.31,99.03,82.52,99.03,0.087,3859,3.4,6.5,148,163,163,343,343,343,235,242,242,201,134,130,221,334,293,252,250,107,109,364,366,445,448,448,264,216,235
1629056,Terence Davis,1610612758,SAC,26.0,64,115.9,115.4,115.4,112.2,111.4,111.4,3.7,4.0,4.0,0.11,1.26,13.3,0.024,0.14,0.082,10.5,10.5,0.545,0.563,0.215,0.22,103.61,104.19,86.83,104.19,0.08,1814,2.4,5.7,63,95,95,296,225,225,123,117,117,276,376,370,361,200,255,326,326,247,299,117,118,118,79,79,299,293,276
203082,Terrence Ross,1610612756,PHX,32.0,63,111.1,112.1,112.1,113.5,114.7,114.7,-2.4,-2.6,-2.6,0.101,2.21,15.4,0.016,0.099,0.057,7.0,7.0,0.532,0.544,0.166,0.169,101.46,100.53,83.77,100.53,0.069,2785,3.2,7.4,258,228,228,361,390,390,323,331,331,306,153,298,439,375,421,85,85,293,353,292,304,299,345,345,386,227,201
1626179,Terry Rozier,1610612766,CHA,29.0,63,108.1,109.3,109.3,114.7,115.6,115.6,-6.6,-6.2,-6.2,0.22,2.38,18.5,0.021,0.095,0.056,7.8,7.7,0.484,0.517,0.262,0.268,102.85,101.87,84.89,101.87,0.101,4716,7.8,18.9,369,339,339,401,420,420,408,409,409,97,124,209,386,398,429,136,133,425,417,48,49,180,254,254,174,39,17
1630678,Terry Taylor,1610612741,CHI,23.0,31,110.3,113.2,113.2,110.2,108.8,108.8,0.2,4.5,4.5,0.052,1.11,10.1,0.088,0.076,0.082,9.1,9.1,0.553,0.557,0.129,0.132,106.1,105.41,87.84,105.41,0.059,575,1.3,2.4,288,178,178,197,123,123,243,106,106,485,409,452,70,477,250,218,222,221,313,447,449,23,39,39,440,442,464
201152,Thaddeus Young,1610612761,TOR,35.0,54,109.5,109.4,109.4,115.3,115.0,115.0,-5.8,-5.6,-5.6,0.133,1.79,23.0,0.083,0.136,0.107,12.9,12.9,0.561,0.573,0.131,0.136,99.0,99.14,82.62,99.14,0.084,1643,2.0,3.7,321,334,334,428,400,400,396,392,392,219,239,115,82,212,144,446,446,191,250,440,437,462,442,442,282,344,379
203648,Thanasis Antetokounmpo,1610612749,MIL,30.0,37,99.4,93.6,93.6,122.7,120.1,120.1,-23.2,-26.6,-26.6,0.115,1.25,17.9,0.075,0.139,0.108,14.3,14.5,0.435,0.458,0.138,0.146,100.47,104.63,87.19,104.63,0.041,452,0.5,1.2,508,521,521,527,518,518,526,528,528,266,380,221,102,203,141,479,487,487,490,413,398,372,61,61,505,505,516
1630177,Theo Maledon,1610612766,CHA,22.0,44,107.3,106.9,106.9,115.2,115.8,115.8,-7.9,-8.9,-8.9,0.247,2.58,30.6,0.016,0.128,0.071,11.9,11.9,0.457,0.515,0.166,0.171,102.45,102.36,85.3,102.36,0.091,1827,2.3,5.8,398,414,414,422,430,430,431,461,461,70,94,48,446,242,319,412,410,467,425,293,290,220,211,211,231,303,270
1629033,Theo Pinson,1610612742,DAL,27.0,40,111.1,108.6,108.6,116.9,116.2,116.2,-5.7,-7.6,-7.6,0.196,3.83,30.5,0.029,0.163,0.094,7.9,8.0,0.483,0.512,0.136,0.142,102.33,103.82,86.51,103.82,0.073,700,0.8,2.2,257,365,365,476,445,445,391,432,432,122,26,50,302,136,189,142,145,431,434,418,415,232,102,102,365,489,475
1628418,Thomas Bryant,1610612743,DEN,25.0,59,111.0,111.1,111.1,115.2,115.8,115.8,-4.3,-4.7,-4.7,0.042,0.82,6.3,0.081,0.223,0.154,7.7,7.7,0.659,0.682,0.181,0.185,102.44,102.1,85.09,102.1,0.129,2307,3.9,6.3,262,269,269,426,433,433,365,373,373,508,466,512,88,41,48,133,131,29,29,222,224,222,238,238,74,166,245
203501,Tim Hardaway Jr.,1610612742,DAL,31.0,71,117.0,117.9,117.9,112.9,114.5,114.5,4.1,3.4,3.4,0.088,2.15,11.7,0.01,0.108,0.06,5.5,5.4,0.527,0.554,0.201,0.207,98.46,97.41,81.17,97.41,0.081,4373,4.8,11.9,48,40,40,334,385,385,116,133,133,349,166,412,501,325,402,39,39,307,323,149,146,483,506,506,295,122,87
202699,Tobias Harris,1610612755,PHI,30.0,74,115.9,117.2,117.2,110.1,111.7,111.7,5.8,5.5,5.5,0.114,2.09,15.9,0.03,0.15,0.092,7.6,7.6,0.575,0.602,0.18,0.184,97.82,96.53,80.44,96.53,0.105,4910,5.7,11.4,67,51,51,193,246,246,76,85,85,268,178,285,297,173,201,123,121,137,165,225,230,508,527,527,152,90,99
1628396,Tony Bradley,1610612741,CHI,25.0,12,115.6,106.1,106.1,102.6,96.2,96.2,13.0,9.9,9.9,0.042,1.0,6.3,0.029,0.278,0.157,6.3,6.3,0.625,0.69,0.174,0.189,107.38,115.81,96.51,115.81,0.147,82,0.5,1.0,73,428,428,31,22,22,18,29,29,509,422,513,301,9,40,62,67,56,25,257,212,12,6,6,32,508,524
1628470,Torrey Craig,1610612756,PHX,32.0,79,111.3,111.9,111.9,114.2,115.5,115.5,-2.9,-3.7,-3.7,0.08,1.6,16.5,0.073,0.146,0.108,10.3,10.3,0.556,0.566,0.128,0.131,100.45,99.62,83.01,99.62,0.073,4030,2.9,6.3,248,234,234,381,417,417,336,351,351,378,291,268,111,189,140,300,305,212,280,450,452,376,413,413,365,248,242
1629027,Trae Young,1610612737,ATL,24.0,73,115.3,115.9,115.9,114.4,114.6,114.6,1.0,1.3,1.3,0.414,2.47,27.4,0.021,0.062,0.042,11.1,11.1,0.485,0.573,0.313,0.321,104.78,104.39,86.99,104.39,0.143,5537,8.2,19.0,78,84,84,383,388,388,217,206,206,4,110,73,384,513,508,367,364,424,254,11,11,54,70,70,41,32,16
1630200,Tre Jones,1610612759,SAS,23.0,68,109.4,110.9,110.9,117.7,118.8,118.8,-8.3,-7.8,-7.8,0.306,4.07,32.7,0.026,0.099,0.061,8.0,8.0,0.489,0.534,0.189,0.194,103.98,102.8,85.67,102.8,0.111,4252,5.0,10.9,328,282,282,488,504,504,440,437,437,28,23,34,334,369,397,151,149,415,374,187,192,97,164,164,125,115,107
1630544,Tre Mann,1610612760,OKC,22.0,67,108.8,109.3,109.3,108.3,108.2,108.2,0.6,1.0,1.0,0.144,1.94,17.1,0.021,0.104,0.061,8.8,8.8,0.474,0.492,0.2,0.207,102.95,102.78,85.65,102.78,0.072,2548,2.9,7.5,349,341,341,113,107,107,227,214,214,196,214,247,388,345,392,202,196,445,467,152,144,171,168,168,369,246,195
1630570,Trendon Watford,1610612757,POR,22.0,62,110.6,110.8,110.8,117.7,117.9,117.9,-7.1,-7.1,-7.1,0.162,1.83,22.9,0.037,0.173,0.105,12.5,12.5,0.599,0.625,0.158,0.162,100.69,100.5,83.75,100.5,0.097,2472,2.9,5.2,279,285,285,490,491,491,421,422,422,167,234,116,245,122,153,436,437,98,91,326,331,362,349,349,202,247,298
1630235,Trent Forrest,1610612737,ATL,25.0,23,105.7,104.3,104.3,112.8,114.4,114.4,-7.2,-10.1,-10.1,0.186,2.53,33.3,0.018,0.117,0.067,13.2,13.1,0.417,0.424,0.116,0.121,101.47,101.47,84.56,101.47,0.055,586,1.1,2.6,437,460,460,327,382,382,422,475,475,133,97,27,416,283,343,457,456,498,506,488,484,296,280,280,463,466,454
1630243,Trevelin Queen,1610612755,PHI,26.0,7,106.2,107.2,107.2,100.5,98.0,98.0,5.7,9.2,9.2,0.109,0.86,14.0,0.086,0.138,0.108,16.3,15.8,0.276,0.337,0.194,0.204,103.47,104.23,86.86,104.23,0.046,152,1.0,4.1,429,400,400,24,26,26,80,34,34,278,458,349,75,208,142,506,503,527,528,171,156,131,76,76,495,471,356
1631309,Trevor Hudgins,1610612745,HOU,24.0,5,107.3,105.3,105.3,98.2,98.3,98.3,9.1,7.0,7.0,0.176,3.0,21.4,0.0,0.0,0.0,7.1,7.0,0.333,0.436,0.177,0.189,96.53,97.41,81.18,97.41,0.032,57,0.4,1.8,396,439,439,18,27,27,33,57,57,147,51,138,517,531,533,98,88,523,503,234,210,522,505,505,516,521,493
1631211,Trevor Keels,1610612752,NYK,19.0,3,50.4,42.1,42.1,146.4,136.8,136.8,-96.0,-94.7,-94.7,0.0,0.0,0.0,0.0,0.25,0.105,0.0,0.0,0.375,0.375,0.211,0.252,100.42,113.43,94.53,113.43,0.058,19,0.3,1.3,538,538,538,537,538,538,538,538,538,525,515,525,517,20,150,1,1,511,518,125,76,380,8,8,447,525,512
1626168,Trey Lyles,1610612758,SAC,27.0,74,116.0,116.3,116.3,112.3,112.3,112.3,3.7,4.0,4.0,0.073,1.03,11.1,0.054,0.184,0.12,10.8,10.8,0.565,0.607,0.174,0.179,102.75,102.64,85.53,102.64,0.099,2666,2.5,5.5,62,73,73,303,272,272,122,115,115,412,420,424,163,98,116,341,344,181,141,259,256,189,183,183,192,279,285
1630530,Trey Murphy III,1610612740,NOP,23.0,79,112.0,113.3,113.3,112.0,112.8,112.8,0.0,0.5,0.5,0.063,1.84,10.8,0.025,0.092,0.058,5.9,5.8,0.61,0.65,0.159,0.165,101.53,100.62,83.85,100.62,0.094,5138,4.9,10.1,213,176,176,286,302,302,245,231,231,447,233,431,348,419,412,51,49,75,61,321,317,292,338,338,218,119,118
1628972,Troy Brown Jr.,1610612747,LAL,23.0,76,111.2,112.0,112.0,112.1,112.5,112.5,-0.8,-0.5,-0.5,0.067,1.94,15.2,0.033,0.123,0.079,7.8,7.8,0.545,0.561,0.119,0.121,102.67,102.11,85.1,102.11,0.067,3958,2.6,6.1,251,230,230,289,282,282,284,264,264,433,212,307,282,259,266,138,141,248,301,480,481,199,236,236,404,271,251
1629660,Ty Jerome,1610612744,GSW,25.0,45,111.5,110.7,110.7,116.6,116.3,116.3,-5.2,-5.6,-5.6,0.233,4.5,31.9,0.009,0.091,0.049,7.1,7.1,0.56,0.594,0.147,0.153,101.82,102.32,85.26,102.32,0.092,1741,2.6,5.4,239,291,291,472,452,452,383,393,393,80,16,40,504,424,474,93,96,197,185,371,370,265,218,218,230,272,289
1631102,TyTy Washington Jr.,1610612745,HOU,21.0,31,103.9,104.9,104.9,110.5,111.0,111.0,-6.7,-6.1,-6.1,0.152,3.36,20.5,0.004,0.099,0.049,6.1,6.1,0.422,0.432,0.17,0.174,101.58,100.83,84.03,100.83,0.057,913,1.9,5.2,470,446,446,211,201,201,410,405,405,184,38,164,516,371,472,59,59,497,505,274,283,290,325,325,449,366,300
1628416,Tyler Dorsey,1610612742,DAL,27.0,3,88.9,88.2,88.2,94.5,81.3,81.3,-5.6,7.0,7.0,0.0,0.0,0.0,0.1,0.1,0.1,0.0,0.0,0.9,0.9,0.227,0.252,89.13,96.0,80.0,96.0,0.365,17,1.3,1.7,528,529,529,13,6,6,388,58,58,525,515,525,51,364,169,1,1,3,3,100,77,535,531,531,1,432,500
1629639,Tyler Herro,1610612748,MIA,23.0,67,113.1,113.9,113.9,110.5,111.3,111.3,2.6,2.7,2.7,0.19,1.77,17.3,0.012,0.154,0.081,9.8,9.7,0.531,0.566,0.25,0.257,97.87,97.15,80.95,97.15,0.119,4746,7.3,16.6,161,152,152,209,214,214,160,158,158,129,243,242,487,149,256,266,264,295,274,66,63,507,513,513,92,58,41
1630169,Tyrese Haliburton,1610612754,IND,23.0,56,114.7,116.9,116.9,117.2,117.9,117.9,-2.5,-1.0,-1.0,0.457,4.15,35.6,0.018,0.092,0.055,8.6,8.5,0.586,0.624,0.238,0.244,102.74,101.45,84.54,101.45,0.159,3982,7.4,15.0,102,56,56,481,490,490,324,284,284,1,21,15,417,417,437,184,181,117,95,87,86,192,283,283,25,49,55
1631213,Tyrese Martin,1610612737,ATL,24.0,16,109.7,106.7,106.7,107.1,104.4,104.4,2.6,2.3,2.3,0.044,1.0,7.1,0.065,0.109,0.085,7.1,7.2,0.413,0.44,0.164,0.172,96.94,99.6,83.0,99.6,0.054,135,0.6,1.4,306,418,418,82,47,47,159,167,167,502,422,503,125,315,234,98,101,499,499,308,285,520,414,414,464,504,510
1630178,Tyrese Maxey,1610612755,PHI,22.0,60,117.1,118.0,118.0,111.7,112.6,112.6,5.5,5.4,5.4,0.167,2.65,16.4,0.012,0.079,0.047,6.2,6.2,0.568,0.605,0.236,0.242,98.29,97.53,81.28,97.53,0.109,4105,7.3,15.2,46,39,39,265,292,292,87,88,88,159,88,270,480,469,486,61,61,163,157,90,92,491,504,504,137,51,54
1626145,Tyus Jones,1610612763,MEM,27.0,80,112.9,113.6,113.6,110.1,111.6,111.6,2.8,2.0,2.0,0.286,5.64,33.7,0.014,0.084,0.049,6.0,5.9,0.523,0.546,0.175,0.179,103.49,102.41,85.34,102.41,0.116,4144,3.9,8.9,173,168,168,189,236,236,155,180,180,39,5,26,468,455,476,55,54,317,346,253,254,129,201,201,98,169,149
1628962,Udoka Azubuike,1610612762,UTA,23.0,36,104.1,103.2,103.2,113.4,114.9,114.9,-9.3,-11.7,-11.7,0.043,0.61,10.0,0.082,0.224,0.155,16.4,16.4,0.819,0.774,0.113,0.115,105.16,104.96,87.47,104.96,0.114,788,1.6,2.0,466,472,472,357,397,397,468,490,490,506,494,456,85,39,46,509,510,6,9,495,496,43,51,51,111,398,486
2617,Udonis Haslem,1610612748,MIA,43.0,7,104.2,103.9,103.9,116.5,115.7,115.7,-12.2,-11.8,-11.8,0.0,0.0,0.0,0.047,0.101,0.071,3.1,3.1,0.397,0.433,0.185,0.19,103.34,103.83,86.52,103.83,0.022,153,1.4,4.1,463,464,464,470,427,427,498,492,492,525,515,525,193,358,312,25,25,508,504,207,207,147,101,101,524,421,356
1630586,Usman Garuba,1610612745,HOU,21.0,75,103.4,103.3,103.3,115.9,115.5,115.5,-12.5,-12.2,-12.2,0.096,1.36,20.7,0.11,0.194,0.149,15.2,15.2,0.554,0.569,0.099,0.103,102.21,102.41,85.34,102.41,0.079,2070,1.1,2.4,477,470,470,447,413,413,502,495,495,320,350,158,37,82,53,496,496,218,265,525,520,238,200,200,301,460,466
1630176,Vernon Carey Jr.,1610612762,UTA,22.0,11,80.0,74.6,74.6,102.2,91.9,91.9,-22.2,-17.3,-17.3,0.214,1.5,21.4,0.081,0.296,0.172,14.3,14.4,0.25,0.338,0.147,0.156,96.46,105.32,87.77,105.32,0.11,63,0.2,0.7,535,535,535,29,14,14,525,520,520,99,313,138,87,5,23,479,483,529,527,374,352,523,41,41,133,532,536
203506,Victor Oladipo,1610612748,MIA,31.0,42,108.8,110.1,110.1,110.2,111.5,111.5,-1.5,-1.5,-1.5,0.206,1.68,21.8,0.014,0.109,0.059,13.0,13.0,0.484,0.513,0.204,0.209,99.26,98.07,81.73,98.07,0.076,2258,3.8,9.6,352,312,312,199,231,231,302,302,302,109,260,133,464,323,408,448,449,427,432,141,141,446,484,484,334,176,134
1631246,Vince Williams Jr.,1610612763,MEM,22.0,15,88.3,89.2,89.2,105.6,104.0,104.0,-17.4,-14.8,-14.8,0.062,0.8,8.0,0.03,0.12,0.067,10.0,10.0,0.35,0.367,0.176,0.18,102.35,102.57,85.48,102.57,0.024,223,0.8,2.7,529,527,527,51,43,43,520,512,512,453,468,495,293,271,340,282,284,521,519,243,246,230,187,187,522,488,452
1628427,Vlatko Čančar,1610612743,DEN,26.0,60,109.1,109.1,109.1,113.0,113.1,113.1,-3.9,-3.9,-3.9,0.125,2.16,22.2,0.027,0.119,0.073,10.2,10.2,0.57,0.606,0.134,0.139,99.6,99.56,82.97,99.56,0.076,1847,1.8,3.8,340,348,348,339,316,316,360,356,356,241,164,127,322,272,300,298,297,157,150,428,424,431,419,419,332,374,372
1630249,Vít Krejčí,1610612737,ATL,23.0,29,112.4,107.7,107.7,110.9,109.5,109.5,1.5,-1.8,-1.8,0.137,3.4,28.3,0.036,0.125,0.08,8.3,8.4,0.473,0.475,0.108,0.114,98.13,100.83,84.03,100.83,0.053,349,0.5,1.3,199,388,388,235,146,146,196,311,311,204,35,60,252,249,264,168,170,447,479,502,499,496,326,326,471,507,514
1631117,Walker Kessler,1610612762,UTA,21.0,74,113.7,115.7,115.7,111.5,112.7,112.7,2.1,3.0,3.0,0.057,1.19,11.4,0.133,0.205,0.17,9.6,9.5,0.721,0.702,0.13,0.132,102.91,101.47,84.56,101.47,0.128,3585,4.0,5.6,139,87,87,260,297,297,174,142,142,467,396,421,14,65,29,253,247,15,20,444,446,176,279,279,75,157,282
1628976,Wendell Carter Jr.,1610612753,ORL,24.0,57,109.2,110.5,110.5,110.3,111.4,111.4,-1.1,-0.8,-0.8,0.119,1.25,14.1,0.074,0.221,0.149,11.3,11.3,0.591,0.621,0.204,0.206,101.28,100.17,83.48,100.17,0.126,3521,5.6,10.8,339,302,302,203,223,223,293,279,279,253,382,346,106,43,54,383,382,110,103,142,147,312,376,376,78,95,110
1631111,Wendell Moore Jr.,1610612750,MIN,21.0,29,103.9,99.4,99.4,113.8,112.9,112.9,-9.9,-13.5,-13.5,0.162,2.25,25.4,0.025,0.086,0.056,11.3,11.2,0.442,0.465,0.139,0.148,105.77,108.48,90.4,108.48,0.06,342,0.6,1.5,471,503,503,364,307,307,474,507,507,168,146,89,342,439,427,379,379,483,486,404,386,28,17,17,433,501,509
1629117,Wenyen Gabriel,1610612747,LAL,26.0,68,111.9,111.2,111.2,111.7,111.4,111.4,0.2,-0.2,-0.2,0.049,0.78,9.6,0.111,0.152,0.132,12.3,12.1,0.615,0.626,0.135,0.141,103.47,103.95,86.62,103.95,0.082,2205,2.3,3.8,218,267,267,266,224,224,242,257,257,495,469,468,34,159,89,428,424,67,88,425,417,130,94,94,291,307,370
202083,Wesley Matthews,1610612749,MIL,36.0,52,113.0,111.1,111.1,108.2,108.3,108.3,4.8,2.8,2.8,0.053,1.89,15.0,0.04,0.087,0.064,8.0,8.0,0.484,0.519,0.095,0.098,103.73,104.52,87.1,104.52,0.041,1788,1.1,3.1,166,270,270,109,109,109,100,151,151,482,222,314,228,438,367,144,150,426,414,527,527,110,64,64,504,463,424
203115,Will Barton,1610612761,TOR,32.0,56,104.0,104.9,104.9,112.3,113.2,113.2,-8.2,-8.4,-8.4,0.162,2.33,20.6,0.014,0.125,0.067,8.8,8.8,0.47,0.493,0.182,0.187,100.98,100.14,83.45,100.14,0.078,2074,2.5,6.5,467,447,447,298,330,330,438,450,450,166,130,162,465,251,342,198,203,451,466,219,219,341,382,382,310,288,231
1626195,Willy Hernangomez,1610612740,NOP,29.0,38,109.2,108.5,108.5,107.2,106.8,106.8,2.0,1.7,1.7,0.114,0.85,11.4,0.118,0.262,0.188,13.5,13.6,0.536,0.61,0.222,0.228,103.74,104.25,86.88,104.25,0.141,995,2.3,4.4,332,367,367,83,75,75,179,189,189,267,461,419,24,15,8,464,468,279,131,108,106,109,75,75,43,301,343
1641645,Xavier Cooks,1610612764,WAS,27.0,10,115.5,114.8,114.8,108.3,107.3,107.3,7.2,7.4,7.4,0.061,0.75,12.8,0.113,0.152,0.133,17.0,17.2,0.607,0.586,0.127,0.128,107.96,108.76,90.63,108.76,0.078,284,1.7,2.8,75,119,119,116,84,84,55,49,49,454,477,382,32,162,85,516,518,78,213,454,467,10,13,13,315,387,444
1629875,Xavier Moon,1610612746,LAC,28.0,4,91.6,92.3,92.3,86.1,82.5,82.5,5.4,9.8,9.8,0.455,5.0,33.3,0.0,0.15,0.079,6.7,6.7,0.389,0.389,0.233,0.236,95.23,96.9,80.75,96.9,0.1,39,0.8,2.3,524,524,524,7,7,7,89,31,31,2,9,27,517,170,270,75,75,510,515,92,97,530,522,522,183,491,472
1630270,Xavier Sneed,1610612766,CHA,25.0,4,86.3,85.6,85.6,109.8,110.4,110.4,-23.6,-24.8,-24.8,0.167,1.67,25.0,0.0,0.085,0.048,15.0,15.2,0.65,0.723,0.136,0.14,104.35,104.51,87.09,104.51,0.074,104,1.3,2.5,531,530,530,178,178,178,527,527,527,159,264,92,517,451,481,493,495,36,17,415,419,70,66,66,350,443,461
1630214,Xavier Tillman,1610612763,MEM,24.0,61,109.7,110.9,110.9,109.3,110.1,110.1,0.4,0.7,0.7,0.109,2.18,19.8,0.095,0.155,0.124,9.1,9.1,0.621,0.621,0.136,0.138,104.13,103.19,85.99,103.19,0.105,2528,3.1,5.0,307,283,283,156,164,164,232,224,224,279,156,181,57,148,106,218,219,61,100,420,431,86,138,138,151,234,310
1629139,Yuta Watanabe,1610612751,BKN,28.0,58,112.8,112.3,112.3,113.0,112.9,112.9,-0.2,-0.6,-0.6,0.071,2.18,14.8,0.034,0.117,0.077,6.8,6.8,0.621,0.637,0.127,0.13,101.47,101.71,84.76,101.71,0.076,1968,2.0,4.0,176,218,218,340,308,308,255,267,267,418,156,321,271,284,277,77,78,62,72,455,459,298,266,266,326,349,363
1628380,Zach Collins,1610612759,SAS,25.0,63,107.1,108.7,108.7,116.0,116.3,116.3,-8.9,-7.5,-7.5,0.18,1.4,19.6,0.076,0.19,0.133,14.0,14.0,0.568,0.599,0.209,0.213,104.98,104.06,86.71,104.06,0.11,3121,4.5,8.7,403,362,362,457,449,449,457,428,428,140,339,195,98,90,86,476,476,164,172,130,134,47,86,86,132,132,153
203897,Zach LaVine,1610612741,CHI,28.0,77,111.6,112.0,112.0,110.4,111.7,111.7,1.2,0.3,0.3,0.187,1.69,15.7,0.016,0.108,0.064,9.3,9.2,0.558,0.607,0.278,0.285,100.45,99.7,83.08,99.7,0.126,5750,8.7,18.0,230,231,231,206,244,244,207,241,241,132,259,288,438,324,369,229,227,203,146,30,30,374,409,409,77,24,25
1630192,Zeke Nnaji,1610612743,DEN,22.0,53,101.9,101.5,101.5,107.6,107.4,107.4,-5.7,-5.9,-5.9,0.04,0.58,6.6,0.087,0.099,0.093,11.4,11.4,0.605,0.62,0.149,0.155,98.14,98.4,82.0,98.4,0.072,1488,2.1,3.7,495,490,490,94,87,87,390,403,403,515,498,508,73,372,199,385,391,83,105,362,358,495,472,472,373,337,377
1630533,Ziaire Williams,1610612763,MEM,21.0,37,106.6,106.9,106.9,110.1,112.2,112.2,-3.6,-5.2,-5.2,0.086,0.95,12.6,0.028,0.105,0.067,13.4,13.3,0.492,0.511,0.178,0.182,103.94,102.8,85.67,102.8,0.052,1195,2.3,5.3,419,413,413,195,266,266,351,384,384,359,446,388,320,341,341,461,461,408,435,233,234,98,162,162,476,308,293
1629627,Zion Williamson,1610612740,NOP,22.0,29,114.3,116.2,116.2,107.3,108.4,108.4,7.0,7.8,7.8,0.231,1.34,16.5,0.06,0.148,0.104,12.3,12.2,0.615,0.652,0.288,0.294,103.55,102.17,85.14,102.17,0.171,2031,9.8,16.2,115,78,78,85,115,115,57,45,45,84,357,266,138,175,156,430,428,68,55,23,25,125,234,234,15,12,44
