PLAYER_ID,PLAYER_NAME,TEAM_ID,TEAM_ABBREVIATION,AGE,GP,E_OFF_RATING,OFF_RATING,sp_work_OFF_RATING,E_DEF_RATING,DEF_RATING,sp_work_DEF_RATING,E_NET_RATING,NET_RATING,sp_work_NET_RATING,AST_PCT,AST_TO,AST_RATIO,OREB_PCT,DREB_PCT,REB_PCT,TM_TOV_PCT,E_TOV_PCT,EFG_PCT,TS_PCT,USG_PCT,E_USG_PCT,E_PACE,PACE,PACE_PER40,sp_work_PACE,PIE,POSS,FGM_PG,FGA_PG,E_OFF_RATING_RANK,OFF_RATING_RANK,sp_work_OFF_RATING_RANK,E_DEF_RATING_RANK,DEF_RATING_RANK,sp_work_DEF_RATING_RANK,E_NET_RATING_RANK,NET_RATING_RANK,sp_work_NET_RATING_RANK,AST_PCT_RANK,AST_TO_RANK,AST_RATIO_RANK,OREB_PCT_RANK,DREB_PCT_RANK,REB_PCT_RANK,TM_TOV_PCT_RANK,E_TOV_PCT_RANK,EFG_PCT_RANK,TS_PCT_RANK,USG_PCT_RANK,E_USG_PCT_RANK,E_PACE_RANK,PACE_RANK,sp_work_PACE_RANK,PIE_RANK,FGM_PG_RANK,FGA_PG_RANK
201166,Aaron Brooks,1610612750,MIN,33.0,32,102.2,98.5,98.5,119.1,115.7,115.7,-16.9,-17.2,-17.2,0.161,1.82,19.0,0.036,0.057,0.046,10.5,10.5,0.486,0.508,0.192,0.201,97.6,100.86,84.05,100.86,0.044,395,0.9,2.2,372,455,455,521,515,515,500,502,502,153,181,158,213,511,466,289,290,351,380,193,181,420,171,171,470,461,454
203932,Aaron Gordon,1610612753,ORL,22.0,58,104.8,106.3,106.3,107.1,108.3,108.3,-2.3,-2.0,-2.0,0.111,1.27,11.3,0.044,0.191,0.116,8.9,8.9,0.5,0.53,0.238,0.243,101.73,100.43,83.69,100.43,0.113,3989,6.5,14.9,279,206,206,324,371,371,301,298,298,238,320,379,185,96,132,180,178,299,308,80,84,104,197,197,121,41,37
1626151,Aaron Harrison,1610612742,DAL,23.0,9,98.6,98.1,98.1,112.0,112.2,112.2,-13.4,-14.1,-14.1,0.072,3.67,12.1,0.015,0.091,0.049,3.3,3.3,0.341,0.392,0.147,0.151,98.88,98.98,82.49,98.98,0.022,479,2.1,7.7,465,461,461,476,487,487,490,490,490,395,16,356,410,400,449,26,26,502,500,387,386,312,302,302,506,320,187
1628935,Aaron Jackson,1610612745,HOU,32.0,1,88.9,88.1,88.1,104.1,107.8,107.8,-15.2,-19.8,-19.8,0.053,1.0,8.3,0.056,0.031,0.044,8.3,8.4,0.389,0.405,0.149,0.152,92.3,91.13,75.94,91.13,-0.01,67,3.0,9.0,516,513,513,162,343,343,496,510,510,462,398,464,144,522,474,137,147,487,493,381,381,532,537,537,525,227,149
1627846,Abdel Nader,1610612738,BOS,24.0,48,98.1,97.1,97.1,108.2,107.3,107.3,-10.1,-10.3,-10.3,0.078,0.76,11.5,0.024,0.111,0.067,15.0,15.0,0.413,0.439,0.162,0.169,99.53,100.46,83.72,100.46,0.033,1093,1.0,3.1,473,474,474,366,318,318,459,461,461,365,461,376,296,310,319,492,493,475,477,310,307,254,194,194,491,439,412
203940,Adreian Payne,1610612753,ORL,27.0,5,98.7,103.5,103.5,120.9,115.9,115.9,-22.2,-12.4,-12.4,0.0,0.0,0.0,0.044,0.226,0.118,13.3,13.7,0.8,0.831,0.155,0.151,98.49,98.15,81.79,98.15,0.12,86,1.4,2.0,463,318,318,524,520,520,516,479,479,510,504,510,179,45,125,438,452,6,6,351,390,346,367,367,83,403,459
201143,Al Horford,1610612738,BOS,32.0,72,108.2,108.9,108.9,101.1,101.6,101.6,7.1,7.3,7.3,0.225,2.57,26.6,0.047,0.178,0.115,10.3,10.3,0.553,0.575,0.183,0.186,97.75,97.23,81.03,97.23,0.134,4617,5.1,10.5,123,115,115,72,92,92,58,55,55,88,66,70,168,115,137,276,278,133,156,226,235,411,462,462,53,97,112
2744,Al Jefferson,1610612754,IND,33.0,36,105.0,105.4,105.4,107.8,107.2,107.2,-2.8,-1.8,-1.8,0.098,1.43,11.1,0.061,0.227,0.144,7.7,7.6,0.534,0.563,0.218,0.227,98.03,98.07,81.73,98.07,0.135,991,3.1,5.8,273,245,245,353,312,312,314,286,286,283,272,392,125,40,66,106,105,180,189,128,120,392,374,374,52,216,263
202329,Al-Farouq Aminu,1610612757,POR,27.0,69,107.9,109.6,109.6,103.5,104.4,104.4,4.4,5.2,5.2,0.056,1.06,10.8,0.045,0.198,0.121,10.1,10.1,0.503,0.522,0.145,0.146,99.69,98.47,82.06,98.47,0.09,4250,3.3,8.4,140,89,89,135,172,172,106,95,95,448,383,403,178,88,119,264,264,292,340,396,409,246,344,344,244,191,165
1626210,Alan Williams,1610612756,PHX,25.0,5,90.7,90.9,90.9,92.3,90.8,90.8,-1.6,0.1,0.1,0.195,1.14,21.6,0.039,0.26,0.148,18.9,18.9,0.389,0.455,0.184,0.186,96.59,97.25,81.04,97.25,0.089,143,1.4,3.6,511,504,504,19,22,22,285,234,234,112,360,125,200,20,57,517,516,487,466,221,236,484,460,460,251,403,387
202692,Alec Burks,1610612762,UTA,26.0,64,106.1,104.3,104.3,105.8,105.3,105.3,0.3,-1.0,-1.0,0.104,1.12,11.3,0.019,0.168,0.094,10.1,10.1,0.467,0.527,0.221,0.229,97.02,98.03,81.69,98.03,0.101,2167,2.7,6.5,216,291,291,258,219,219,222,263,263,258,368,382,358,136,197,260,260,395,321,117,111,463,380,380,179,258,238
1628409,Alec Peters,1610612756,PHX,23.0,20,107.6,108.9,108.9,106.6,101.7,101.7,1.0,7.3,7.3,0.073,3.0,12.9,0.032,0.12,0.076,4.3,4.2,0.5,0.523,0.151,0.156,100.94,102.68,85.57,102.68,0.071,481,1.4,3.7,152,112,112,299,94,94,204,54,54,394,32,323,241,288,270,30,30,299,337,369,363,151,80,80,363,403,375
203518,Alex Abrines,1610612760,OKC,24.0,75,106.5,107.7,107.7,106.3,106.5,106.5,0.3,1.2,1.2,0.036,1.12,7.7,0.021,0.079,0.049,6.9,6.9,0.54,0.567,0.126,0.129,98.51,97.91,81.59,97.91,0.048,2320,1.5,3.9,192,151,151,278,279,279,224,191,191,494,366,470,335,461,456,77,78,165,175,459,468,342,400,400,455,387,367
1627936,Alex Caruso,1610612747,LAL,24.0,37,102.3,100.5,100.5,101.5,100.8,100.8,0.8,-0.3,-0.3,0.185,1.79,30.4,0.026,0.086,0.056,17.0,17.1,0.487,0.519,0.128,0.132,101.41,102.64,85.53,102.64,0.062,1202,1.4,3.1,370,425,425,85,81,81,208,243,243,124,188,39,287,429,389,507,507,347,351,453,455,119,83,83,398,414,411
203458,Alex Len,1610612756,PHX,25.0,69,101.4,101.8,101.8,110.3,110.4,110.4,-8.8,-8.6,-8.6,0.093,1.05,12.8,0.116,0.228,0.172,12.2,12.2,0.567,0.612,0.164,0.169,103.37,103.1,85.91,103.1,0.129,2997,3.1,5.5,399,382,382,436,444,444,443,441,441,309,389,326,22,39,21,394,393,106,67,302,306,43,64,64,61,212,277
1627816,Alex Poythress,1610612754,IND,24.0,25,105.0,102.8,102.8,116.5,115.8,115.8,-11.5,-13.0,-13.0,0.026,1.0,6.7,0.061,0.102,0.08,6.7,6.7,0.5,0.5,0.112,0.119,96.4,97.73,81.44,97.73,0.032,215,0.4,1.0,276,347,347,513,518,518,474,482,482,506,398,487,124,341,249,67,68,299,398,497,489,493,425,425,495,507,510
1628035,Alfonzo McKinnie,1610612761,TOR,25.0,14,111.0,101.8,101.8,112.0,114.0,114.0,-1.0,-12.3,-12.3,0.027,0.33,5.0,0.022,0.098,0.066,15.0,14.8,0.633,0.643,0.158,0.175,99.04,102.4,85.33,102.4,0.052,114,0.6,1.1,57,385,385,478,504,504,265,477,477,505,498,505,320,364,325,490,483,26,32,337,278,299,94,94,444,493,507
203459,Allen Crabbe,1610612751,BKN,26.0,75,105.6,106.9,106.9,108.8,108.8,108.8,-3.2,-1.9,-1.9,0.082,1.5,11.0,0.012,0.13,0.07,7.3,7.2,0.529,0.558,0.183,0.188,101.61,100.98,84.15,100.98,0.084,4627,4.5,11.0,244,178,178,394,391,391,332,291,291,349,255,397,456,252,306,95,93,190,202,227,225,110,167,167,294,127,90
101161,Amir Johnson,1610612755,PHI,31.0,74,103.6,102.5,102.5,101.3,101.0,101.0,2.3,1.5,1.5,0.137,2.15,25.0,0.102,0.169,0.136,11.7,11.7,0.558,0.575,0.125,0.128,102.93,103.67,86.39,103.67,0.088,2513,1.9,3.5,326,362,362,79,83,83,161,179,179,186,126,86,37,133,83,359,364,124,157,467,471,57,51,51,257,354,391
203083,Andre Drummond,1610612765,DET,24.0,78,105.7,107.0,107.0,106.9,108.0,108.0,-1.2,-1.0,-1.0,0.14,1.19,15.8,0.145,0.329,0.234,13.4,13.4,0.529,0.555,0.207,0.209,98.88,97.79,81.49,97.79,0.156,5348,6.0,11.3,241,176,176,312,355,355,273,264,264,181,345,229,5,5,3,441,443,191,218,150,162,311,412,412,27,55,85
2738,Andre Iguodala,1610612744,GSW,34.0,64,110.4,109.1,109.1,100.5,101.3,101.3,9.8,7.9,7.9,0.169,3.13,33.1,0.033,0.109,0.074,10.6,10.5,0.514,0.536,0.112,0.116,100.97,101.15,84.29,101.15,0.081,3422,2.3,5.0,67,106,106,65,87,87,36,48,48,143,27,25,238,311,279,294,295,252,293,496,497,149,158,158,306,299,307
201281,Andre Ingram,1610612747,LAL,32.0,2,109.2,109.2,109.2,93.8,95.1,95.1,15.3,14.1,14.1,0.149,2.33,25.0,0.016,0.072,0.046,10.7,10.6,0.618,0.655,0.136,0.141,106.98,106.28,88.57,106.28,0.099,142,4.0,8.5,99,104,104,23,29,29,12,18,18,168,92,86,389,473,468,304,298,38,24,425,425,15,29,29,184,156,164
203460,Andre Roberson,1610612760,OKC,26.0,39,106.4,106.7,106.7,96.4,97.3,97.3,10.0,9.4,9.4,0.059,1.53,18.0,0.068,0.109,0.088,11.7,11.8,0.562,0.543,0.085,0.087,97.4,96.82,80.68,96.82,0.065,2087,2.2,4.2,198,184,184,31,40,40,34,35,35,440,249,174,107,312,214,362,367,119,263,527,528,438,490,490,386,308,349
101106,Andrew Bogut,1610612747,LAL,33.0,24,94.2,95.2,95.2,99.7,100.2,100.2,-5.5,-5.1,-5.1,0.099,0.79,25.0,0.104,0.223,0.162,31.7,31.7,0.68,0.696,0.085,0.086,102.33,101.59,84.66,101.59,0.081,455,0.7,1.0,497,486,486,57,73,73,383,376,376,275,452,86,34,49,39,534,534,13,13,528,529,86,131,131,307,478,509
1626150,Andrew Harrison,1610612763,MEM,23.0,56,100.6,101.3,101.3,108.2,108.5,108.5,-7.7,-7.3,-7.3,0.222,2.19,23.4,0.017,0.085,0.051,10.7,10.7,0.477,0.534,0.195,0.201,95.24,94.79,78.99,94.79,0.083,2614,3.2,7.7,425,399,399,367,379,379,428,418,418,90,112,106,369,433,440,306,307,371,298,180,180,516,528,528,295,201,188
1628510,Andrew White III,1610612737,ATL,25.0,15,93.2,91.6,91.6,110.8,110.3,110.3,-17.6,-18.6,-18.6,0.05,0.75,6.8,0.016,0.133,0.072,9.1,9.0,0.466,0.461,0.16,0.169,102.43,103.53,86.27,103.53,0.049,455,1.7,4.9,504,498,498,450,437,437,505,507,507,471,462,483,396,239,294,192,190,399,463,325,302,82,54,54,452,377,319
203952,Andrew Wiggins,1610612750,MIN,23.0,82,111.0,112.5,112.5,107.7,108.9,108.9,3.3,3.5,3.5,0.08,1.16,9.2,0.028,0.094,0.061,7.9,7.9,0.481,0.505,0.228,0.232,98.79,97.56,81.3,97.56,0.076,6052,6.9,15.9,58,39,39,348,396,396,131,128,128,360,354,447,276,385,352,117,119,361,386,97,101,320,441,441,330,36,28
1627790,Ante Zizic,1610612739,CLE,21.0,32,107.1,105.7,105.7,114.1,114.9,114.9,-7.0,-9.1,-9.1,0.039,0.45,5.3,0.112,0.179,0.145,11.7,11.5,0.731,0.746,0.171,0.183,100.93,101.27,84.39,101.27,0.132,453,1.5,2.1,162,235,235,500,510,510,417,451,451,490,495,503,27,113,65,361,352,10,9,261,247,152,152,152,57,388,456
1626148,Anthony Brown,1610612750,MIN,25.0,1,135.1,120.0,120.0,93.4,90.0,90.0,41.8,30.0,30.0,0.333,0.0,50.0,0.0,0.0,0.0,0.0,0.0,1.5,1.5,0.1,0.113,119.06,128.57,107.14,128.57,0.229,10,1.0,1.0,3,9,9,21,18,18,4,5,5,17,504,3,500,525,528,1,1,1,1,515,504,3,3,3,4,440,511
203076,Anthony Davis,1610612740,NOP,25.0,75,108.8,109.2,109.2,103.4,104.3,104.3,5.4,5.0,5.0,0.104,1.07,8.5,0.07,0.213,0.146,7.9,7.9,0.552,0.612,0.291,0.297,103.33,102.71,85.6,102.71,0.188,5838,10.4,19.5,106,101,101,131,166,166,84,98,98,257,380,460,104,62,61,114,115,135,70,20,22,44,79,79,7,2,4
201229,Anthony Tolliver,1610612765,DET,33.0,79,105.8,105.9,105.9,104.7,105.0,105.0,1.0,0.9,0.9,0.076,1.55,13.4,0.027,0.109,0.067,8.6,8.5,0.632,0.663,0.144,0.15,98.16,97.94,81.61,97.94,0.086,3581,2.8,6.0,234,222,222,186,201,201,201,201,201,378,244,311,278,313,321,154,154,27,18,397,398,376,397,397,275,249,254
1628469,Antonio Blakeney,1610612741,CHI,21.0,19,106.6,108.2,108.2,109.4,109.4,109.4,-2.8,-1.3,-1.3,0.096,1.82,10.6,0.011,0.089,0.049,5.8,5.8,0.423,0.471,0.227,0.236,99.96,99.24,82.7,99.24,0.064,650,2.8,7.5,191,132,132,414,409,409,318,273,273,295,181,406,461,418,454,45,45,466,456,101,95,224,283,283,390,248,196
1628499,Antonius Cleveland,1610612737,ATL,24.0,17,89.6,87.2,87.2,102.0,101.1,101.1,-12.4,-13.9,-13.9,0.025,0.29,6.1,0.022,0.085,0.052,21.2,21.4,0.452,0.486,0.107,0.111,101.08,102.83,85.69,102.83,0.005,258,0.5,1.2,515,514,514,90,84,84,485,489,489,508,502,499,324,435,427,525,525,424,429,504,505,138,77,77,514,504,498
203382,Aron Baynes,1610612738,BOS,31.0,81,103.9,104.1,104.1,97.0,97.7,97.7,6.9,6.5,6.5,0.095,1.16,14.2,0.086,0.196,0.141,12.3,12.2,0.474,0.502,0.166,0.17,97.23,96.78,80.65,96.78,0.087,2989,2.6,5.5,313,297,297,37,46,46,59,68,68,299,352,277,72,91,71,397,396,381,395,294,301,448,493,493,271,269,275
201167,Arron Afflalo,1610612753,ORL,32.0,53,100.9,100.9,100.9,106.4,107.6,107.6,-5.4,-6.8,-6.8,0.066,1.43,13.3,0.006,0.082,0.046,9.3,9.4,0.485,0.516,0.127,0.13,98.34,97.79,81.49,97.79,0.042,1388,1.2,3.1,413,414,414,281,335,335,381,405,405,422,272,312,493,445,467,210,212,353,356,456,459,365,413,413,471,421,414
203085,Austin Rivers,1610612746,LAC,25.0,61,108.4,110.0,110.0,110.5,111.6,111.6,-2.2,-1.7,-1.7,0.179,2.22,19.8,0.013,0.058,0.035,8.9,8.9,0.508,0.526,0.206,0.21,98.99,97.78,81.48,97.78,0.073,4192,5.6,13.2,119,78,78,444,478,478,299,283,283,131,108,150,439,509,515,177,180,271,325,152,158,304,416,416,345,71,56
202340,Avery Bradley,1610612746,LAC,27.0,46,103.2,104.0,104.0,107.0,108.3,108.3,-3.8,-4.2,-4.2,0.105,0.93,11.0,0.014,0.068,0.04,11.8,11.8,0.474,0.496,0.229,0.233,98.7,97.72,81.43,97.72,0.06,2918,5.6,13.6,343,301,301,315,369,369,351,360,360,256,426,396,418,486,494,371,371,379,413,95,97,331,428,428,409,70,51
1628389,Bam Adebayo,1610612748,MIA,20.0,69,102.1,101.9,101.9,102.1,102.6,102.6,0.0,-0.6,-0.6,0.115,1.53,17.2,0.086,0.194,0.14,11.3,11.3,0.512,0.57,0.157,0.162,96.41,96.29,80.24,96.29,0.111,2738,2.5,4.9,376,378,378,97,114,114,240,251,251,228,250,191,70,93,75,341,342,261,171,343,341,492,505,505,125,278,314
203463,Ben McLemore,1610612763,MEM,25.0,56,97.5,97.9,97.9,110.6,111.4,111.4,-13.2,-13.5,-13.5,0.078,0.84,10.0,0.03,0.101,0.064,11.9,11.9,0.495,0.526,0.182,0.187,98.54,97.99,81.66,97.99,0.056,2219,2.8,6.7,480,466,466,445,472,472,486,487,487,367,445,427,255,349,338,375,373,329,324,231,231,340,386,386,430,245,232
1628500,Ben Moore,1610612754,IND,23.0,2,87.4,95.2,95.2,163.6,175.0,175.0,-76.1,-79.8,-79.8,0.111,0.0,100.0,0.0,0.167,0.059,0.0,0.0,0.0,0.0,0.0,0.0,114.48,106.0,88.33,106.0,-0.041,21,0.0,0.0,518,485,485,539,539,539,537,537,537,235,504,1,500,140,367,1,1,529,530,538,538,5,31,31,535,529,538
1627732,Ben Simmons,1610612755,PHI,21.0,81,109.4,109.5,109.5,101.4,102.9,102.9,8.0,6.6,6.6,0.362,2.38,31.6,0.053,0.171,0.115,13.3,13.3,0.545,0.557,0.219,0.222,102.62,101.77,84.81,101.77,0.154,5793,6.7,12.3,92,92,92,81,125,125,48,65,65,12,86,31,151,129,136,437,440,148,210,125,133,71,119,119,29,39,70
202687,Bismack Biyombo,1610612753,ORL,25.0,82,97.2,97.9,97.9,110.4,111.4,111.4,-13.2,-13.6,-13.6,0.07,0.79,11.5,0.091,0.209,0.149,14.7,14.7,0.52,0.556,0.146,0.15,98.73,97.92,81.6,97.92,0.098,3042,2.2,4.3,483,465,465,439,474,474,488,488,488,405,453,375,63,65,55,482,481,224,216,390,397,326,398,398,195,307,341
201933,Blake Griffin,1610612765,DET,29.0,58,107.5,108.9,108.9,105.7,107.0,107.0,1.8,1.9,1.9,0.286,2.02,20.4,0.036,0.175,0.106,10.1,10.1,0.493,0.544,0.285,0.289,99.77,98.54,82.12,98.54,0.144,4036,7.5,17.2,155,114,114,252,304,304,173,165,165,37,142,141,214,123,156,259,259,331,261,26,27,239,339,339,41,24,18
1626246,Boban Marjanovic,1610612746,LAC,29.0,39,111.8,109.8,109.8,105.4,103.5,103.5,6.5,6.3,6.3,0.1,0.61,8.8,0.151,0.274,0.215,14.4,14.5,0.534,0.616,0.276,0.286,100.52,102.36,85.3,102.36,0.166,725,2.0,3.8,44,85,85,229,145,145,65,70,70,269,479,456,3,14,6,477,476,179,58,34,30,182,96,96,18,333,372
201628,Bobby Brown,1610612745,HOU,33.0,20,93.6,91.1,91.1,115.5,115.5,115.5,-21.9,-24.5,-24.5,0.19,1.22,13.9,0.0,0.061,0.029,11.4,11.4,0.422,0.425,0.252,0.26,101.14,102.53,85.44,102.53,0.039,246,1.0,2.9,503,503,503,510,513,513,514,521,521,116,336,291,500,503,521,348,348,467,484,55,53,132,87,87,479,455,424
1626171,Bobby Portis,1610612741,CHI,23.0,73,106.2,107.4,107.4,109.2,109.5,109.5,-3.0,-2.1,-2.1,0.126,1.19,11.2,0.089,0.207,0.145,9.4,9.3,0.52,0.548,0.25,0.257,101.05,100.32,83.6,100.32,0.133,3428,5.2,11.1,213,161,161,407,410,410,325,302,302,207,344,387,65,70,64,212,211,221,241,61,56,140,205,205,56,86,87
203992,Bogdan Bogdanović,1610612758,SAC,25.0,78,101.8,102.6,102.6,110.8,111.2,111.2,-9.0,-8.6,-8.6,0.183,2.06,21.5,0.014,0.094,0.053,10.4,10.4,0.529,0.556,0.192,0.196,97.35,96.77,80.64,96.77,0.087,4393,4.4,9.9,386,352,352,451,467,467,444,444,444,127,137,128,431,380,425,284,280,188,214,194,199,441,494,494,268,133,129
202711,Bojan Bogdanovic,1610612754,IND,29.0,80,106.7,106.4,106.4,104.3,104.9,104.9,2.4,1.5,1.5,0.071,1.12,10.3,0.012,0.097,0.055,9.1,9.1,0.565,0.605,0.185,0.191,98.48,98.36,81.97,98.36,0.091,5056,5.1,10.7,185,204,204,170,191,191,160,180,180,400,364,417,452,371,398,196,193,109,77,216,217,347,355,355,237,103,106
203078,Bradley Beal,1610612764,WAS,25.0,82,107.6,108.7,108.7,105.3,106.3,106.3,2.3,2.4,2.4,0.206,1.74,16.9,0.021,0.101,0.062,9.7,9.6,0.527,0.564,0.268,0.277,98.74,97.82,81.52,97.82,0.125,6081,8.3,18.1,151,118,118,226,266,266,162,152,152,102,194,200,338,348,348,230,225,197,185,39,38,324,407,407,71,14,11
201148,Brandan Wright,1610612745,HOU,30.0,28,104.4,103.0,103.0,98.5,97.7,97.7,5.9,5.3,5.3,0.056,1.63,9.5,0.086,0.161,0.124,5.8,5.8,0.578,0.596,0.14,0.146,96.91,97.98,81.65,97.98,0.14,778,2.1,3.6,295,345,345,46,45,45,74,92,92,450,226,439,69,156,113,46,46,78,102,415,410,467,387,387,45,321,384
1627742,Brandon Ingram,1610612747,LAL,20.0,59,103.0,104.7,104.7,106.0,107.5,107.5,-2.9,-2.7,-2.7,0.177,1.54,18.2,0.027,0.121,0.074,11.8,11.8,0.497,0.536,0.218,0.22,103.01,101.47,84.56,101.47,0.096,4168,6.1,12.9,349,276,276,268,327,327,322,326,326,135,246,167,279,284,278,370,369,323,290,129,140,53,139,139,206,52,60
201943,Brandon Jennings,1610612749,MIL,28.0,14,96.3,97.7,97.7,112.0,110.8,110.8,-15.7,-13.1,-13.1,0.331,2.44,32.1,0.022,0.131,0.073,13.1,13.0,0.438,0.478,0.191,0.197,101.73,101.55,84.62,101.55,0.097,431,1.9,5.1,486,469,469,477,456,456,497,483,483,19,79,28,320,244,285,432,425,451,443,196,197,105,134,134,196,347,300
203464,Brandon Paul,1610612759,SAS,27.0,64,100.2,98.8,98.8,100.0,98.5,98.5,0.2,0.3,0.3,0.096,1.28,17.5,0.011,0.109,0.06,13.7,13.7,0.492,0.504,0.131,0.135,99.12,100.57,83.81,100.57,0.051,1200,0.9,2.0,436,451,451,62,52,52,227,224,224,297,319,183,468,314,358,452,453,334,389,450,452,292,191,191,446,465,471
1627362,Briante Weber,1610612763,MEM,25.0,18,100.0,99.4,99.4,122.1,121.0,121.0,-22.2,-21.6,-21.6,0.139,1.47,25.9,0.03,0.13,0.074,17.6,17.8,0.488,0.527,0.111,0.113,100.92,101.68,84.73,101.68,0.058,502,1.1,2.4,443,444,444,527,529,529,515,514,514,182,264,78,257,248,282,512,512,342,320,503,503,154,127,127,420,436,446
1627744,Brice Johnson,1610612763,MEM,24.0,18,98.1,98.6,98.6,105.9,100.9,100.9,-7.8,-2.3,-2.3,0.03,0.4,3.9,0.08,0.227,0.148,9.8,9.8,0.476,0.486,0.193,0.2,104.29,106.57,88.81,106.57,0.106,216,1.1,2.3,471,453,453,265,82,82,431,309,309,500,496,509,84,42,58,237,236,375,430,189,187,32,27,27,157,434,448
201572,Brook Lopez,1610612747,LAL,30.0,74,105.0,106.2,106.2,107.8,108.6,108.6,-2.8,-2.3,-2.3,0.113,1.29,11.7,0.041,0.12,0.081,9.1,9.0,0.536,0.557,0.23,0.234,103.03,102.03,85.03,102.03,0.092,3692,5.0,10.7,275,208,208,352,382,382,313,316,316,234,314,372,195,290,245,191,191,174,209,93,96,52,111,111,224,107,101
203998,Bruno Caboclo,1610612758,SAC,22.0,12,101.1,99.5,99.5,94.8,97.1,97.1,6.2,2.4,2.4,0.056,1.0,9.8,0.062,0.146,0.102,9.8,9.6,0.339,0.386,0.152,0.16,95.67,95.28,79.4,95.28,0.052,214,0.8,2.6,408,443,443,25,39,39,69,153,153,450,398,433,121,195,167,233,227,504,502,364,349,510,523,523,441,473,433
1627854,Bryn Forbes,1610612759,SAS,24.0,80,106.8,106.3,106.3,103.2,102.8,102.8,3.5,3.5,3.5,0.077,2.16,12.5,0.008,0.065,0.036,5.8,5.7,0.51,0.525,0.159,0.166,97.54,97.94,81.61,97.94,0.055,3102,2.6,6.2,182,205,205,129,123,123,126,130,130,371,118,336,484,496,512,44,44,266,330,330,318,427,396,396,433,265,248
1627741,Buddy Hield,1610612758,SAC,25.0,80,102.6,103.1,103.1,106.5,107.2,107.2,-3.9,-4.1,-4.1,0.127,1.25,12.5,0.027,0.129,0.076,10.0,9.9,0.54,0.557,0.236,0.243,96.83,96.26,80.22,96.26,0.109,4066,5.2,11.7,362,337,337,289,311,311,356,357,357,206,323,335,281,254,269,255,249,160,211,85,83,469,507,507,134,88,78
203710,C.J. Williams,1610612746,LAC,28.0,38,105.5,105.4,105.4,106.6,106.7,106.7,-1.1,-1.2,-1.2,0.086,2.15,16.0,0.017,0.058,0.038,7.5,7.5,0.497,0.512,0.134,0.138,100.36,100.35,83.62,100.35,0.053,1470,2.3,5.2,248,246,246,298,288,288,272,270,270,334,123,226,385,510,502,100,101,322,368,436,437,191,203,203,439,301,298
203468,CJ McCollum,1610612757,POR,26.0,81,106.3,107.3,107.3,104.7,105.8,105.8,1.6,1.6,1.6,0.156,1.8,13.4,0.017,0.089,0.053,7.4,7.4,0.506,0.536,0.259,0.265,99.19,98.2,81.84,98.2,0.109,5993,8.2,18.6,204,162,162,182,244,244,186,177,177,161,184,308,370,415,421,99,99,276,289,46,48,283,363,363,131,15,8
101139,CJ Miles,1610612761,TOR,31.0,70,109.4,109.8,109.8,102.2,101.8,101.8,7.2,8.0,8.0,0.061,1.41,7.6,0.013,0.097,0.055,5.4,5.3,0.516,0.545,0.214,0.221,99.99,99.99,83.32,99.99,0.077,2807,3.2,8.6,94,86,86,100,100,100,56,47,47,436,279,474,445,366,405,41,41,242,256,139,137,222,232,232,326,198,162
1628403,Caleb Swanigan,1610612757,POR,21.0,27,97.8,95.9,95.9,101.6,99.0,99.0,-3.8,-3.1,-3.1,0.124,0.78,14.1,0.075,0.207,0.139,18.2,18.0,0.408,0.449,0.189,0.2,96.78,98.99,82.49,98.99,0.054,391,0.9,2.2,477,481,481,87,58,58,348,333,333,210,456,281,92,68,76,513,513,478,469,202,183,477,301,301,434,460,452
1626166,Cameron Payne,1610612741,CHI,23.0,25,101.5,103.2,103.2,110.2,110.7,110.7,-8.7,-7.5,-7.5,0.294,3.14,30.5,0.027,0.089,0.056,9.7,9.7,0.486,0.498,0.183,0.187,101.46,100.37,83.64,100.37,0.088,1217,3.5,8.6,395,330,330,432,454,454,442,423,423,35,26,37,280,417,395,231,233,349,410,224,234,116,200,200,261,185,161
1627747,Caris LeVert,1610612751,BKN,23.0,71,102.3,101.8,101.8,108.4,108.2,108.2,-6.2,-6.4,-6.4,0.265,1.95,23.7,0.026,0.104,0.065,12.1,12.1,0.493,0.525,0.216,0.224,101.92,102.25,85.21,102.25,0.099,3965,4.5,10.4,371,381,381,375,366,366,399,398,398,51,163,103,283,331,332,386,383,332,329,133,129,96,100,100,186,124,117
2546,Carmelo Anthony,1610612760,OKC,34.0,78,109.7,111.6,111.6,105.6,106.4,106.4,4.1,5.2,5.2,0.061,1.04,7.1,0.025,0.158,0.088,6.8,6.8,0.476,0.503,0.223,0.226,100.31,99.12,82.6,99.12,0.086,5165,6.1,15.0,83,53,53,249,271,271,115,94,94,435,393,480,292,164,212,76,76,372,392,112,122,196,290,290,276,53,36
1626224,Cedi Osman,1610612739,CLE,23.0,61,110.8,111.8,111.8,109.1,107.9,107.9,1.7,3.9,3.9,0.084,1.28,14.7,0.028,0.149,0.089,11.5,11.5,0.57,0.577,0.151,0.156,99.96,100.14,83.45,100.14,0.067,1394,1.5,3.0,61,51,51,404,347,347,181,116,116,340,317,259,270,189,209,349,351,98,148,366,368,223,220,220,377,395,415
202718,Chandler Parsons,1610612763,MEM,29.0,36,105.9,105.7,105.7,112.4,111.7,111.7,-6.5,-6.0,-6.0,0.158,1.97,19.8,0.021,0.117,0.068,10.0,10.0,0.571,0.578,0.18,0.186,97.2,97.61,81.34,97.61,0.092,1406,3.0,6.5,225,236,236,481,479,479,406,393,393,159,161,149,340,296,316,256,255,93,143,237,241,450,438,438,229,227,237
101112,Channing Frye,1610612747,LAL,35.0,53,112.4,111.9,111.9,104.5,103.7,103.7,7.9,8.2,8.2,0.077,1.81,13.7,0.019,0.164,0.097,7.6,7.5,0.583,0.599,0.151,0.155,99.81,100.41,83.67,100.41,0.092,1451,2.0,4.0,36,45,45,177,152,152,49,45,45,372,183,298,359,149,184,102,102,70,91,373,370,234,199,199,232,344,357
1628429,Charles Cooke,1610612740,NOP,23.0,13,86.1,84.3,84.3,105.2,100.0,100.0,-19.0,-15.7,-15.7,0.038,1.0,5.9,0.0,0.049,0.022,5.9,5.9,0.179,0.202,0.163,0.174,98.51,102.03,85.03,102.03,-0.034,83,0.2,1.1,523,518,518,214,61,61,511,497,497,491,398,500,500,518,525,47,48,525,528,306,284,343,112,112,534,526,506
1627767,Cheick Diallo,1610612740,NOP,21.0,52,103.8,102.7,102.7,110.9,110.0,110.0,-7.1,-7.4,-7.4,0.048,0.68,7.6,0.079,0.262,0.173,11.2,11.1,0.58,0.619,0.168,0.174,102.12,103.07,85.89,103.07,0.118,1241,2.0,3.4,320,349,349,453,431,431,420,421,421,475,470,473,85,19,20,335,333,76,54,282,282,89,65,65,95,345,401
1627778,Chinanu Onuaku,1610612745,HOU,21.0,1,80.5,80.0,80.0,96.9,97.6,97.6,-16.4,-17.6,-17.6,0.1,0.33,11.1,0.045,0.136,0.091,33.3,33.3,0.4,0.4,0.182,0.187,90.18,90.14,75.12,90.14,-0.033,40,2.0,5.0,529,526,526,34,42,42,499,503,503,271,498,389,172,232,202,535,535,483,496,232,232,536,539,539,533,336,307
1628449,Chris Boucher,1610612744,GSW,25.0,1,0.0,0.0,0.0,106.4,100.0,100.0,-106.4,-100.0,-100.0,0.0,0.0,0.0,0.0,1.0,0.5,0.0,0.0,0.0,0.0,0.333,0.5,70.72,91.14,75.95,91.14,0.0,3,0.0,1.0,539,539,539,282,61,61,539,538,538,510,504,510,500,1,1,1,1,529,530,5,2,540,536,536,515,529,511
1626191,Chris McCullough,1610612764,WAS,23.0,19,104.0,99.0,99.0,111.2,111.2,111.2,-7.1,-12.2,-12.2,0.082,2.0,7.3,0.07,0.188,0.128,3.6,3.7,0.44,0.478,0.219,0.23,104.35,106.94,89.12,106.94,0.103,204,0.9,2.2,305,449,449,462,466,466,422,474,474,352,146,478,105,101,103,27,27,444,444,122,108,30,25,25,172,456,453
101108,Chris Paul,1610612745,HOU,33.0,58,116.6,116.6,116.6,103.8,103.3,103.3,12.8,13.2,13.2,0.389,3.57,31.0,0.02,0.151,0.086,8.7,8.6,0.55,0.604,0.241,0.248,98.39,98.6,82.16,98.6,0.166,3792,6.3,13.8,12,11,11,146,138,138,17,20,20,8,17,33,345,185,220,158,157,140,80,74,74,355,335,335,19,44,49
203991,Clint Capela,1610612745,HOU,24.0,74,113.2,114.2,114.2,104.1,104.9,104.9,9.2,9.3,9.3,0.055,0.66,7.1,0.119,0.278,0.198,10.8,10.7,0.652,0.65,0.19,0.194,98.84,98.05,81.71,98.05,0.155,4151,6.0,9.1,28,21,21,158,190,190,39,36,36,455,475,479,19,11,10,310,309,18,26,198,205,315,378,378,28,56,145
203469,Cody Zeller,1610612766,CHA,25.0,33,105.3,106.8,106.8,105.0,104.7,104.7,0.3,2.1,2.1,0.075,0.94,12.1,0.097,0.184,0.138,12.9,12.8,0.551,0.602,0.152,0.156,100.4,99.8,83.17,99.8,0.096,1302,2.6,4.7,257,180,180,206,187,187,223,160,160,387,422,354,47,104,78,421,418,139,83,363,366,189,245,245,204,271,324
202332,Cole Aldrich,1610612750,MIN,29.0,21,111.4,100.9,100.9,113.0,102.7,102.7,-1.6,-1.8,-1.8,0.081,3.0,13.6,0.057,0.286,0.158,4.5,4.6,0.333,0.34,0.151,0.161,98.43,108.42,90.35,108.42,0.028,110,0.2,0.7,53,410,410,491,121,121,286,288,288,356,32,299,141,9,45,34,34,505,512,371,347,352,20,20,499,520,528
201147,Corey Brewer,1610612760,OKC,32.0,72,105.9,105.8,105.8,108.4,108.1,108.1,-2.5,-2.3,-2.3,0.073,1.33,13.8,0.033,0.089,0.06,10.4,10.4,0.498,0.534,0.136,0.139,103.56,103.74,86.45,103.74,0.059,2614,2.0,4.4,229,232,232,371,358,358,307,310,310,392,302,293,235,414,354,285,285,321,295,429,432,39,47,47,412,342,334
202709,Cory Joseph,1610612754,IND,26.0,82,105.7,105.4,105.4,105.7,106.5,106.5,0.0,-1.1,-1.1,0.164,2.99,26.2,0.017,0.101,0.059,8.8,8.8,0.479,0.503,0.143,0.147,98.07,97.89,81.58,97.89,0.078,4506,3.1,7.4,240,248,248,256,277,277,239,265,265,151,38,76,368,346,366,165,166,365,393,405,405,385,402,402,321,209,201
201584,Courtney Lee,1610612752,NYK,32.0,76,103.7,105.3,105.3,109.8,110.8,110.8,-6.1,-5.5,-5.5,0.113,2.14,16.9,0.013,0.082,0.048,7.9,7.8,0.529,0.564,0.165,0.169,99.2,98.02,81.68,98.02,0.085,4718,4.5,9.9,322,251,251,421,455,455,398,381,381,231,127,202,446,446,459,113,114,189,186,299,303,281,381,381,284,123,128
1626245,Cristiano Felicio,1610612741,CHI,25.0,55,93.6,94.8,94.8,111.6,111.2,111.2,-18.0,-16.4,-16.4,0.093,1.02,15.3,0.076,0.158,0.114,15.0,15.0,0.591,0.614,0.133,0.136,99.31,98.9,82.42,98.9,0.082,2012,2.3,3.9,502,487,487,472,465,465,508,500,500,303,395,243,91,166,141,491,492,57,64,442,450,270,306,306,301,300,364
1626156,D'Angelo Russell,1610612751,BKN,22.0,48,104.6,105.2,105.2,111.7,112.4,112.4,-7.1,-7.2,-7.2,0.348,1.69,22.2,0.023,0.122,0.072,13.1,13.1,0.481,0.509,0.295,0.301,103.64,103.04,85.87,103.04,0.109,2652,5.8,14.0,286,256,256,473,490,490,424,414,414,16,211,118,313,283,292,428,427,362,375,16,18,37,68,68,135,62,47
201571,D.J. Augustin,1610612753,ORL,30.0,75,101.5,102.5,102.5,105.5,106.3,106.3,-4.0,-3.8,-3.8,0.251,2.33,27.9,0.016,0.072,0.044,11.9,11.9,0.557,0.615,0.182,0.186,100.51,99.57,82.97,99.57,0.107,3656,3.3,7.2,397,357,357,239,268,268,358,350,350,61,92,57,393,477,476,377,375,126,63,230,239,184,260,260,152,196,210
1628391,D.J. Wilson,1610612749,MIL,22.0,22,89.7,82.2,82.2,118.6,112.9,112.9,-28.9,-30.7,-30.7,0.075,0.75,12.5,0.029,0.157,0.083,16.7,16.8,0.625,0.622,0.127,0.141,94.26,100.93,84.11,100.93,0.065,152,0.4,0.7,514,521,521,518,493,493,529,527,527,382,462,337,264,169,227,502,503,32,50,455,427,527,169,169,385,508,527
1626177,Dakari Johnson,1610612760,OKC,22.0,31,101.3,98.2,98.2,90.3,87.3,87.3,10.9,10.9,10.9,0.083,2.67,13.3,0.099,0.111,0.105,5.0,5.1,0.564,0.575,0.139,0.142,94.86,98.01,81.68,98.01,0.089,328,0.7,1.3,403,459,459,16,14,14,26,26,26,345,57,312,45,309,159,37,39,112,155,421,421,519,383,383,253,477,496
1627745,Damian Jones,1610612744,GSW,23.0,15,102.0,98.4,98.4,99.8,97.8,97.8,2.2,0.5,0.5,0.037,0.5,6.7,0.06,0.093,0.078,13.3,13.2,0.5,0.517,0.143,0.151,96.55,99.29,82.74,99.29,0.033,183,0.7,1.5,380,456,456,58,47,47,165,220,220,493,491,487,126,391,263,438,435,299,354,406,387,487,279,279,489,475,488
203081,Damian Lillard,1610612757,POR,27.0,73,108.3,110.7,110.7,103.5,104.5,104.5,4.8,6.1,6.1,0.301,2.33,20.8,0.022,0.094,0.058,8.9,8.8,0.519,0.594,0.295,0.301,100.19,98.61,82.18,98.61,0.165,5489,8.5,19.4,120,64,64,134,177,177,95,73,73,29,91,135,318,383,374,175,172,228,108,18,17,208,333,333,21,10,5
2863,Damien Wilkins,1610612754,IND,38.0,19,110.1,110.5,110.5,106.4,103.6,103.6,3.7,7.0,7.0,0.075,1.8,16.4,0.031,0.072,0.051,9.1,9.1,0.385,0.405,0.125,0.129,96.68,97.79,81.49,97.79,0.034,313,0.7,2.1,71,69,69,286,147,147,120,59,59,382,185,213,248,476,438,192,198,490,494,465,467,481,411,411,487,484,457
1627814,Damion Lee,1610612737,ATL,25.0,15,99.3,100.7,100.7,105.1,104.3,104.3,-5.8,-3.6,-3.6,0.109,2.07,14.1,0.024,0.138,0.08,6.8,6.7,0.457,0.489,0.182,0.188,102.57,102.25,85.21,102.25,0.086,865,4.1,10.1,453,420,420,212,169,169,392,346,346,241,135,284,295,221,247,74,71,417,425,233,227,74,98,98,272,147,122
1628422,Damyean Dotson,1610612752,NYK,24.0,44,98.5,98.6,98.6,102.8,101.4,101.4,-4.3,-2.8,-2.8,0.098,1.82,14.3,0.018,0.142,0.082,7.8,7.8,0.516,0.532,0.169,0.175,99.13,99.73,83.11,99.73,0.092,980,1.6,3.7,468,454,454,114,89,89,363,329,329,288,179,272,361,208,233,112,109,246,305,273,275,290,251,251,225,378,381
1627772,Daniel Hamilton,1610612760,OKC,22.0,6,85.9,78.9,78.9,103.7,101.8,101.8,-17.8,-22.8,-22.8,0.615,4.0,38.1,0.0,0.167,0.083,9.5,9.5,0.545,0.545,0.2,0.219,92.92,97.81,81.51,97.81,0.186,57,0.8,1.8,524,527,527,142,97,97,507,516,516,1,11,10,500,140,227,218,219,147,249,170,144,531,409,409,9,467,476
1628464,Daniel Theis,1610612738,BOS,26.0,63,103.7,103.1,103.1,102.0,101.9,101.9,1.6,1.2,1.2,0.099,1.0,14.7,0.092,0.189,0.141,14.7,14.7,0.579,0.616,0.15,0.155,97.75,98.06,81.72,98.06,0.105,1901,2.0,3.7,325,336,336,92,104,104,185,193,193,280,398,260,60,100,74,480,482,77,59,375,372,412,375,375,161,336,376
201568,Danilo Gallinari,1610612746,LAC,29.0,21,104.5,104.5,104.5,104.3,104.2,104.2,0.2,0.3,0.3,0.097,1.58,11.3,0.013,0.133,0.073,7.2,7.2,0.469,0.545,0.205,0.21,97.92,97.96,81.63,97.96,0.103,1373,4.9,12.2,287,285,285,172,164,164,229,225,225,290,236,380,442,240,286,88,91,393,250,153,157,400,393,393,171,112,71
201980,Danny Green,1610612759,SAS,31.0,70,104.9,105.1,105.1,102.3,102.7,102.7,2.6,2.4,2.4,0.089,1.49,14.2,0.022,0.115,0.068,9.6,9.6,0.49,0.509,0.163,0.166,96.06,95.83,79.86,95.83,0.073,3577,3.1,8.0,278,261,261,105,116,116,155,151,151,322,262,278,319,301,314,223,222,338,377,307,315,501,519,519,346,213,177
201967,Dante Cunningham,1610612751,BKN,31.0,73,106.5,106.2,106.2,106.4,107.3,107.3,0.1,-1.1,-1.1,0.042,1.45,10.3,0.049,0.133,0.092,7.1,7.1,0.53,0.539,0.114,0.118,102.38,102.12,85.1,102.12,0.065,3303,2.2,5.0,194,212,212,287,316,316,235,266,266,486,265,413,161,238,199,84,84,184,280,492,493,83,107,107,384,306,310
203957,Danté Exum,1610612762,UTA,22.0,14,109.3,106.5,106.5,98.9,98.4,98.4,10.4,8.1,8.1,0.27,2.15,26.1,0.018,0.083,0.053,12.1,12.2,0.511,0.566,0.223,0.229,100.17,101.72,84.77,101.72,0.117,493,3.0,6.2,95,198,198,49,51,51,31,46,46,49,123,77,364,444,418,387,395,263,178,111,113,210,123,123,100,227,247
1627863,Danuel House Jr.,1610612756,PHX,25.0,23,104.4,106.7,106.7,104.8,103.4,103.4,-0.4,3.2,3.2,0.092,2.27,14.1,0.032,0.14,0.088,6.2,6.2,0.492,0.533,0.16,0.166,101.18,100.74,83.95,100.74,0.091,841,2.4,5.6,296,185,185,187,141,141,251,134,134,311,102,283,245,214,211,55,52,333,300,322,323,126,178,178,235,287,271
203967,Dario Šarić,1610612755,PHI,24.0,78,108.9,108.9,108.9,102.2,103.0,103.0,6.7,5.9,5.9,0.129,1.36,15.2,0.067,0.147,0.108,11.1,11.1,0.541,0.582,0.204,0.209,101.55,101.15,84.29,101.15,0.115,4868,5.2,11.4,103,113,113,101,128,128,63,82,82,198,288,245,108,193,151,334,334,155,135,158,161,113,157,157,110,91,82
203121,Darius Miller,1610612740,NOP,28.0,82,108.7,108.1,108.1,107.6,108.7,108.7,1.2,-0.6,-0.6,0.076,1.91,16.4,0.009,0.07,0.041,8.6,8.5,0.594,0.617,0.124,0.129,102.35,102.1,85.08,102.1,0.056,4137,2.6,5.9,109,133,133,345,388,388,197,248,248,379,168,212,475,483,487,152,151,52,57,471,464,85,108,108,431,261,256
201589,Darrell Arthur,1610612743,DEN,30.0,19,100.6,99.7,99.7,112.8,110.1,110.1,-12.2,-10.5,-10.5,0.101,0.6,12.5,0.021,0.087,0.054,20.8,20.7,0.553,0.559,0.188,0.199,102.46,104.17,86.81,104.17,0.039,305,1.2,2.5,424,441,441,488,433,433,482,463,463,265,481,337,328,423,411,524,524,132,201,208,192,78,44,44,477,428,440
201954,Darren Collison,1610612754,IND,30.0,69,109.8,110.0,110.0,106.6,107.5,107.5,3.2,2.6,2.6,0.257,4.28,32.0,0.019,0.072,0.046,7.5,7.4,0.571,0.61,0.17,0.175,98.49,97.97,81.64,97.97,0.114,4130,4.6,9.2,78,75,75,296,328,328,135,149,149,54,8,29,351,478,470,101,100,92,73,263,273,345,389,389,116,120,144
1626199,Darrun Hilliard,1610612759,SAS,25.0,14,114.5,112.2,112.2,111.5,106.6,106.6,3.0,5.6,5.6,0.147,2.75,29.7,0.0,0.08,0.04,10.8,10.8,0.263,0.362,0.119,0.125,95.92,99.08,82.57,99.08,0.026,197,0.4,1.4,18,43,43,467,285,285,146,87,87,170,50,45,500,456,492,314,311,519,507,480,477,504,294,294,503,511,491
1628021,David Nwaba,1610612741,CHI,25.0,70,102.5,103.9,103.9,108.9,109.7,109.7,-6.5,-5.8,-5.8,0.094,1.35,14.9,0.05,0.142,0.095,11.1,11.1,0.499,0.542,0.153,0.155,100.69,99.65,83.04,99.65,0.075,3398,2.9,6.0,366,307,307,398,418,418,404,388,388,301,293,251,157,206,191,328,332,319,267,361,373,169,255,255,337,238,252
204065,David Stockton,1610612762,UTA,27.0,3,86.6,81.0,81.0,142.6,127.3,127.3,-56.0,-46.3,-46.3,0.0,0.0,0.0,0.0,0.0,0.0,16.7,17.4,1.0,1.05,0.25,0.254,101.01,110.57,92.14,110.57,0.12,21,0.7,1.0,522,524,524,536,534,534,536,536,536,510,504,510,500,525,528,502,511,3,3,59,60,142,14,14,82,485,511
2561,David West,1610612744,GSW,37.0,73,104.5,103.6,103.6,99.5,101.7,101.7,5.0,1.9,1.9,0.22,1.73,21.9,0.072,0.163,0.122,12.7,12.7,0.575,0.6,0.223,0.227,97.31,96.63,80.52,96.63,0.145,2009,3.0,5.2,290,313,313,53,96,96,91,166,166,92,202,121,101,150,117,415,415,82,88,110,117,445,497,497,40,233,299
202722,Davis Bertans,1610612759,SAS,25.0,77,105.3,104.1,104.1,101.6,100.6,100.6,3.7,3.5,3.5,0.102,2.06,14.9,0.017,0.122,0.07,7.3,7.2,0.568,0.588,0.168,0.175,97.62,98.63,82.19,98.63,0.092,2237,2.1,4.8,259,299,299,86,76,76,121,127,127,263,138,250,382,281,304,93,94,103,119,276,271,418,332,332,222,325,322
1628432,Davon Reed,1610612756,PHX,23.0,21,90.8,91.1,91.1,106.7,105.4,105.4,-15.9,-14.2,-14.2,0.087,1.3,12.4,0.007,0.149,0.072,9.5,9.6,0.362,0.388,0.158,0.162,102.5,102.97,85.81,102.97,0.047,519,1.0,3.6,510,501,501,304,222,222,498,491,491,329,309,346,488,188,293,218,226,498,501,338,342,77,72,72,457,438,386
1628368,De'Aaron Fox,1610612758,SAC,20.0,73,100.2,101.6,101.6,110.9,111.8,111.8,-10.7,-10.2,-10.2,0.24,1.85,23.3,0.016,0.087,0.05,12.6,12.6,0.441,0.478,0.227,0.231,99.13,98.06,81.72,98.06,0.074,4142,4.5,10.9,434,390,390,456,481,481,466,459,459,77,175,107,404,424,447,412,410,443,442,99,104,289,376,376,341,128,93
201599,DeAndre Jordan,1610612746,LAC,29.0,77,106.2,107.9,107.9,109.0,110.3,110.3,-2.8,-2.4,-2.4,0.074,0.85,12.0,0.132,0.339,0.236,14.1,14.1,0.645,0.648,0.151,0.153,99.96,98.61,82.17,98.61,0.152,4975,4.8,7.5,208,141,141,403,441,441,315,319,319,390,441,359,13,3,2,461,463,20,27,372,380,225,334,334,31,114,198
202732,DeAndre Liggins,1610612740,NOP,30.0,58,99.3,98.0,98.0,110.2,111.2,111.2,-10.9,-13.2,-13.2,0.091,2.4,27.3,0.01,0.1,0.054,11.4,11.4,0.467,0.467,0.079,0.082,98.29,98.48,82.07,98.48,0.035,1477,0.7,1.8,454,462,462,434,464,464,467,484,484,316,84,64,472,351,413,346,346,397,459,533,533,372,343,343,485,482,477
1627761,DeAndre' Bembry,1610612737,ATL,23.0,26,101.5,99.2,99.2,105.3,106.7,106.7,-3.8,-7.5,-7.5,0.166,1.04,20.5,0.017,0.142,0.079,19.7,19.7,0.457,0.477,0.179,0.186,100.37,100.86,84.05,100.86,0.063,955,2.0,4.9,396,446,446,221,290,290,352,424,424,147,391,140,371,207,254,520,519,419,446,240,237,190,172,172,394,329,315
201942,DeMar DeRozan,1610612761,TOR,28.0,80,112.2,114.2,114.2,105.4,106.5,106.5,6.9,7.7,7.7,0.245,2.38,18.7,0.021,0.091,0.057,7.8,7.8,0.488,0.555,0.286,0.292,100.84,99.47,82.89,99.47,0.135,5624,8.1,17.7,38,22,22,233,280,280,60,51,51,68,85,163,329,402,385,111,111,343,220,24,26,160,268,268,51,19,16
202326,DeMarcus Cousins,1610612740,NOP,27.0,48,107.9,108.5,108.5,106.2,106.6,106.6,1.7,1.9,1.9,0.241,1.06,16.8,0.065,0.292,0.183,15.8,15.8,0.53,0.583,0.318,0.324,100.76,100.29,83.58,100.29,0.167,3634,8.5,18.0,138,122,122,276,286,286,182,167,167,73,385,205,113,8,13,497,497,186,128,8,8,164,208,208,17,11,12
201960,DeMarre Carroll,1610612751,BKN,31.0,73,105.1,106.5,106.5,107.7,107.8,107.8,-2.6,-1.2,-1.2,0.106,1.43,12.9,0.045,0.165,0.104,9.0,9.0,0.506,0.55,0.194,0.197,100.61,99.88,83.23,99.88,0.101,4532,4.5,10.8,271,196,196,350,341,341,308,272,272,249,276,324,176,147,162,188,187,275,230,184,198,177,241,241,174,131,99
1627749,Dejounte Murray,1610612759,SAS,21.0,81,103.8,103.0,103.0,98.1,98.7,98.7,5.7,4.3,4.3,0.202,1.72,22.2,0.061,0.196,0.128,12.9,12.9,0.451,0.485,0.201,0.207,97.19,97.27,81.06,97.27,0.117,3532,3.3,7.5,319,342,342,42,55,55,80,107,107,106,203,119,123,92,102,420,422,432,431,166,167,451,456,456,98,191,197
1626153,Delon Wright,1610612761,TOR,26.0,69,109.9,110.0,110.0,102.1,102.7,102.7,7.8,7.3,7.3,0.202,2.56,26.4,0.031,0.107,0.069,10.3,10.2,0.53,0.574,0.169,0.173,98.33,97.96,81.63,97.96,0.116,2934,2.9,6.3,74,76,76,93,117,117,50,53,53,105,68,73,246,320,311,271,271,186,160,274,287,366,392,392,102,236,244
1627743,Demetrius Jackson,1610612755,PHI,23.0,15,90.6,86.2,86.2,109.0,110.3,110.3,-18.3,-24.1,-24.1,0.188,0.9,23.7,0.06,0.086,0.073,26.3,26.4,0.417,0.424,0.156,0.162,97.83,99.66,83.05,99.66,0.037,167,0.5,1.2,512,516,516,401,440,440,509,519,519,119,432,102,132,426,287,532,532,470,485,347,340,406,254,254,482,505,503
203471,Dennis Schröder,1610612737,ATL,24.0,67,103.6,105.2,105.2,110.2,111.8,111.8,-6.6,-6.7,-6.7,0.352,2.28,22.5,0.021,0.081,0.05,9.9,9.8,0.469,0.515,0.299,0.305,100.46,98.94,82.45,98.94,0.116,4287,7.5,17.1,328,257,257,431,482,482,410,404,404,13,101,115,341,449,442,241,239,392,362,14,15,186,305,305,103,25,19
1628372,Dennis Smith Jr.,1610612742,DAL,20.0,69,102.0,102.4,102.4,110.1,110.1,110.1,-8.1,-7.6,-7.6,0.301,1.85,21.6,0.023,0.106,0.063,11.7,11.7,0.446,0.473,0.28,0.287,98.38,98.16,81.8,98.16,0.087,4188,5.9,14.8,382,366,366,428,432,432,434,428,428,30,176,126,312,322,343,360,362,435,454,29,29,357,366,366,266,61,38
1627756,Denzel Valentine,1610612741,CHI,24.0,77,100.6,101.7,101.7,108.3,108.6,108.6,-7.7,-6.8,-6.8,0.178,2.46,22.6,0.021,0.168,0.09,9.1,9.1,0.517,0.527,0.17,0.174,100.2,99.56,82.96,99.56,0.091,4359,3.9,9.4,422,388,388,370,380,380,429,408,408,133,76,113,342,138,207,199,197,238,323,264,285,207,261,261,239,161,142
202324,Derrick Favors,1610612762,UTA,26.0,77,106.5,106.2,106.2,103.0,102.6,102.6,3.4,3.6,3.6,0.075,1.16,10.4,0.097,0.167,0.133,8.9,8.9,0.573,0.593,0.181,0.186,96.79,97.13,80.94,97.13,0.119,4351,5.1,9.1,196,211,211,122,115,115,130,125,125,385,355,411,48,139,91,182,182,88,111,235,242,474,469,469,87,96,146
1627884,Derrick Jones Jr.,1610612748,MIA,21.0,20,96.6,96.8,96.8,102.5,103.2,103.2,-6.0,-6.5,-6.5,0.056,1.29,11.3,0.077,0.066,0.072,8.8,8.8,0.425,0.48,0.124,0.126,97.51,97.11,80.92,97.11,0.046,494,1.1,2.7,485,476,476,109,136,136,395,400,400,450,314,383,90,492,295,164,171,464,436,472,475,429,473,473,463,437,431
201565,Derrick Rose,1610612750,MIN,29.0,25,108.1,107.7,107.7,112.5,113.9,113.9,-4.4,-6.2,-6.2,0.136,1.06,13.2,0.033,0.053,0.043,12.5,12.6,0.454,0.507,0.245,0.25,102.9,102.47,85.39,102.47,0.068,896,3.2,7.4,130,149,149,484,503,503,365,396,396,187,387,318,240,516,481,406,411,423,383,69,71,58,91,91,375,199,199
1628476,Derrick Walton Jr.,1610612748,MIA,23.0,16,98.6,97.0,97.0,109.2,107.5,107.5,-10.6,-10.5,-10.5,0.17,8.0,34.8,0.014,0.095,0.056,4.3,4.4,0.46,0.525,0.092,0.096,94.81,96.35,80.29,96.35,0.082,296,0.5,1.6,464,475,475,406,326,326,464,464,464,141,1,18,425,376,395,31,31,412,332,520,521,520,504,504,300,496,486
1628401,Derrick White,1610612759,SAS,23.0,17,102.7,101.0,101.0,88.6,87.5,87.5,14.1,13.5,13.5,0.098,1.5,15.5,0.034,0.128,0.084,10.3,10.6,0.606,0.646,0.146,0.149,101.97,103.45,86.21,103.45,0.124,294,0.9,1.9,357,407,407,12,15,15,14,19,19,286,255,239,227,257,226,276,296,43,30,391,400,94,56,56,74,457,472
202682,Derrick Williams,1610612747,LAL,27.0,2,33.9,33.3,33.3,61.5,52.2,52.2,-27.6,-18.8,-18.8,0.0,0.0,0.0,0.0,0.143,0.05,0.0,0.0,0.25,0.25,0.167,0.185,113.06,123.87,103.23,123.87,0.0,21,0.5,2.0,538,538,538,5,4,4,526,508,508,510,504,510,500,203,443,1,1,520,524,288,246,8,6,6,515,496,459
1626164,Devin Booker,1610612756,PHX,21.0,54,101.5,102.9,102.9,111.6,112.2,112.2,-10.1,-9.3,-9.3,0.233,1.3,15.5,0.013,0.112,0.062,11.9,11.8,0.501,0.561,0.301,0.309,104.68,103.68,86.4,103.68,0.123,4036,8.4,19.5,393,346,346,470,486,486,457,452,452,84,308,240,443,306,347,373,370,295,195,13,13,27,50,50,77,12,3
2734,Devin Harris,1610612743,DEN,35.0,71,110.0,109.4,109.4,106.8,105.3,105.3,3.2,4.1,4.1,0.165,2.0,20.2,0.009,0.085,0.047,10.1,10.0,0.499,0.563,0.194,0.201,99.17,100.08,83.4,100.08,0.076,2788,2.6,6.4,73,94,94,307,217,217,137,112,112,149,146,143,477,436,460,261,257,318,190,183,179,285,223,223,332,262,240
1628421,Devin Robinson,1610612764,WAS,23.0,1,108.1,113.8,113.8,83.9,85.2,85.2,24.2,28.6,28.6,0.0,0.0,0.0,0.095,0.25,0.152,0.0,0.0,0.333,0.333,0.083,0.082,105.2,101.72,84.76,101.72,0.085,29,1.0,3.0,129,27,27,9,11,11,8,7,7,510,504,510,53,26,52,1,1,505,515,530,532,24,124,124,287,440,417
203473,Dewayne Dedmon,1610612737,ATL,28.0,62,102.0,103.2,103.2,107.6,108.3,108.3,-5.6,-5.1,-5.1,0.09,1.06,13.2,0.065,0.249,0.158,12.4,12.3,0.577,0.599,0.166,0.172,100.59,99.61,83.01,99.61,0.119,3203,4.0,7.7,381,329,329,343,373,373,389,377,377,319,386,319,111,28,44,405,402,81,89,292,295,179,258,258,91,152,185
1627738,Deyonta Davis,1610612763,MEM,21.0,62,102.1,101.0,101.0,109.5,109.3,109.3,-7.4,-8.3,-8.3,0.068,1.25,11.0,0.078,0.182,0.13,8.8,8.8,0.608,0.621,0.144,0.15,99.36,99.98,83.32,99.98,0.108,1965,2.6,4.3,375,408,408,416,406,406,426,435,435,417,323,394,87,109,96,172,174,41,52,398,392,264,233,233,142,268,343
1628415,Dillon Brooks,1610612763,MEM,22.0,82,101.5,102.4,102.4,106.8,107.4,107.4,-5.3,-5.0,-5.0,0.092,1.09,12.3,0.021,0.092,0.056,11.3,11.2,0.501,0.531,0.184,0.188,96.57,95.9,79.92,95.9,0.063,4690,4.1,9.4,391,367,367,310,320,320,380,373,373,312,378,349,336,397,392,342,339,297,306,220,228,486,517,517,395,146,139
203079,Dion Waiters,1610612748,MIA,26.0,30,99.8,100.9,100.9,104.6,106.2,106.2,-4.8,-5.3,-5.3,0.21,1.61,18.1,0.009,0.078,0.043,11.2,11.2,0.461,0.487,0.25,0.253,97.73,96.49,80.41,96.49,0.076,1851,5.4,13.7,447,415,415,179,263,263,374,380,380,97,229,172,480,465,480,336,338,410,428,58,66,414,500,500,331,77,50
1717,Dirk Nowitzki,1610612742,DAL,40.0,77,106.3,105.5,105.5,109.7,107.5,107.5,-3.4,-2.0,-2.0,0.098,2.35,12.4,0.012,0.227,0.118,5.3,5.2,0.547,0.575,0.199,0.206,97.47,98.8,82.33,98.8,0.119,3922,4.5,9.8,206,241,241,419,329,329,338,296,296,282,89,347,457,43,127,40,40,143,154,175,169,433,318,318,93,125,131
1627734,Domantas Sabonis,1610612754,IND,22.0,74,106.7,107.2,107.2,104.9,105.8,105.8,1.8,1.4,1.4,0.127,1.1,14.4,0.093,0.227,0.16,13.1,13.1,0.524,0.567,0.214,0.22,98.44,97.76,81.46,97.76,0.121,3678,4.6,8.9,186,165,165,194,245,245,176,183,183,205,373,269,58,41,42,429,430,206,176,138,142,351,419,419,81,118,151
1628378,Donovan Mitchell,1610612762,UTA,21.0,79,107.3,108.3,108.3,100.9,101.5,101.5,6.4,6.8,6.8,0.189,1.35,14.6,0.02,0.093,0.057,10.8,10.8,0.506,0.541,0.283,0.289,98.34,97.65,81.38,97.65,0.109,5364,7.5,17.2,158,128,128,68,90,90,68,62,62,118,292,261,348,393,384,313,310,280,269,27,28,364,432,432,133,23,17
1627827,Dorian Finney-Smith,1610612742,DAL,25.0,21,101.1,100.0,100.0,103.0,102.7,102.7,-1.9,-2.7,-2.7,0.086,1.24,14.9,0.043,0.121,0.079,12.0,12.0,0.463,0.482,0.144,0.148,97.03,97.69,81.41,97.69,0.051,913,2.2,5.8,407,431,431,121,122,122,297,327,327,331,333,253,188,287,252,380,381,406,433,401,404,462,430,430,447,311,264
203926,Doug McDermott,1610612742,DAL,26.0,81,104.0,103.9,103.9,105.7,105.1,105.1,-1.7,-1.2,-1.2,0.065,1.41,11.7,0.022,0.087,0.055,8.3,8.3,0.557,0.579,0.144,0.149,98.97,99.28,82.74,99.28,0.069,3661,2.9,6.3,308,303,303,257,206,206,291,269,269,424,278,368,322,422,404,134,135,127,139,400,401,306,280,280,373,235,243
1627733,Dragan Bender,1610612756,PHX,20.0,82,99.5,100.6,100.6,110.7,110.9,110.9,-11.2,-10.3,-10.3,0.089,1.16,17.4,0.018,0.149,0.082,15.0,15.0,0.508,0.524,0.125,0.128,102.84,102.2,85.17,102.2,0.058,4397,2.3,5.9,451,422,422,449,460,460,468,460,460,321,353,187,365,187,234,489,491,270,333,463,469,61,105,105,418,303,259
203110,Draymond Green,1610612744,GSW,28.0,70,112.7,111.9,111.9,103.7,105.2,105.2,9.0,6.7,6.7,0.286,2.51,36.1,0.036,0.183,0.117,14.4,14.4,0.516,0.556,0.168,0.172,102.99,102.64,85.53,102.64,0.117,4882,4.0,8.8,31,48,48,145,208,208,41,64,64,39,69,13,217,106,130,475,472,239,215,279,290,54,82,82,99,155,157
1628407,Dwayne Bacon,1610612766,CHA,22.0,53,105.2,104.6,104.6,103.9,104.7,104.7,1.3,-0.2,-0.2,0.077,1.65,14.6,0.005,0.158,0.081,8.8,8.7,0.404,0.431,0.13,0.137,101.55,101.49,84.57,101.49,0.058,1514,1.4,3.6,261,282,282,156,185,185,193,241,241,376,219,263,495,167,244,169,162,482,481,451,447,112,135,135,421,413,385
202779,Dwight Buycks,1610612765,DET,29.0,29,102.5,101.0,101.0,100.7,100.5,100.5,1.9,0.6,0.6,0.24,1.51,18.7,0.028,0.067,0.047,12.3,12.4,0.452,0.498,0.266,0.274,96.43,97.24,81.03,97.24,0.084,865,2.8,6.8,363,404,404,67,75,75,172,218,218,76,254,162,275,488,462,402,405,429,411,41,40,491,461,461,291,240,220
2730,Dwight Howard,1610612766,CHA,32.0,81,108.1,109.6,109.6,106.4,108.2,108.2,1.7,1.4,1.4,0.069,0.5,7.1,0.101,0.295,0.199,14.0,14.1,0.556,0.577,0.238,0.241,100.96,99.41,82.84,99.41,0.136,5110,6.2,11.2,127,90,90,283,368,368,178,185,185,410,490,481,41,7,9,459,460,129,146,79,89,150,273,273,48,47,86
203939,Dwight Powell,1610612742,DAL,26.0,79,106.0,105.3,105.3,106.0,104.5,104.5,0.0,0.9,0.9,0.085,1.54,13.8,0.08,0.19,0.134,9.0,8.9,0.626,0.656,0.151,0.156,96.93,97.97,81.64,97.97,0.119,3401,3.2,5.4,221,250,250,270,174,174,243,203,203,335,248,295,83,99,86,185,183,31,23,374,364,465,390,390,86,202,279
2548,Dwyane Wade,1610612748,MIA,36.0,67,105.8,106.4,106.4,105.6,105.1,105.1,0.2,1.3,1.3,0.245,1.63,20.1,0.032,0.124,0.079,12.4,12.4,0.462,0.5,0.251,0.256,100.72,100.71,83.93,100.71,0.104,3215,4.5,10.2,233,203,203,248,203,203,231,189,189,67,225,144,244,270,257,403,404,407,405,56,57,166,181,181,163,130,119
202734,E'Twaun Moore,1610612740,NOP,29.0,82,108.7,108.7,108.7,105.3,106.1,106.1,3.3,2.6,2.6,0.099,1.83,16.3,0.023,0.065,0.045,8.9,8.9,0.585,0.593,0.158,0.161,102.94,102.57,85.47,102.57,0.073,5528,5.2,10.1,111,120,120,225,257,257,133,146,146,277,177,217,316,495,472,176,176,64,110,341,344,56,86,86,348,94,121
202334,Ed Davis,1610612757,POR,29.0,78,107.0,107.9,107.9,103.9,103.9,103.9,3.1,4.1,4.1,0.039,0.61,9.0,0.121,0.254,0.188,14.8,14.8,0.582,0.607,0.12,0.123,96.8,96.37,80.31,96.37,0.115,2939,2.2,3.7,171,138,138,152,154,154,142,113,113,489,480,453,16,24,11,485,485,71,74,479,482,472,503,503,105,313,374
1628410,Edmond Sumner,1610612754,IND,22.0,1,50.0,40.0,40.0,147.1,160.0,160.0,-97.1,-120.0,-120.0,0.0,0.0,0.0,0.0,0.5,0.2,0.0,0.0,1.0,1.0,0.2,0.25,104.57,110.77,92.31,110.77,0.235,5,1.0,1.0,537,537,537,538,538,538,538,539,539,510,504,510,500,2,8,1,1,3,4,170,70,28,13,13,3,440,511
202327,Ekpe Udoh,1610612762,UTA,31.0,63,106.3,103.6,103.6,101.3,100.3,100.3,5.0,3.3,3.3,0.093,2.65,24.4,0.086,0.105,0.095,9.2,9.2,0.5,0.56,0.089,0.093,97.49,99.21,82.68,99.21,0.072,1677,1.0,1.9,202,312,312,78,74,74,90,131,131,307,60,95,71,327,188,202,202,299,197,525,523,431,285,285,352,454,473
203901,Elfrid Payton,1610612756,PHX,24.0,63,102.9,103.9,103.9,114.3,115.6,115.6,-11.5,-11.7,-11.7,0.328,2.34,30.3,0.033,0.117,0.074,13.0,12.9,0.516,0.538,0.211,0.215,102.55,101.47,84.56,101.47,0.108,3818,5.2,10.6,353,306,306,504,514,514,473,470,470,21,90,40,231,295,281,422,423,245,284,145,148,75,138,138,145,87,109
2731,Emeka Okafor,1610612740,NOP,35.0,26,103.3,103.0,103.0,100.5,102.7,102.7,2.7,0.3,0.3,0.028,0.62,6.4,0.12,0.175,0.148,10.4,10.3,0.505,0.545,0.133,0.137,106.16,105.18,87.65,105.18,0.096,773,1.8,3.7,340,343,343,66,119,119,153,226,226,501,477,493,18,122,56,281,279,282,257,441,444,18,36,36,203,360,383
1626144,Emmanuel Mudiay,1610612752,NYK,22.0,64,101.4,102.0,102.0,113.0,111.5,111.5,-11.5,-9.5,-9.5,0.254,1.82,22.9,0.019,0.099,0.058,12.6,12.5,0.433,0.474,0.231,0.237,101.1,101.46,84.55,101.46,0.08,2622,3.2,8.2,398,376,376,493,476,476,475,454,454,58,180,109,353,359,375,408,408,456,451,90,92,134,140,140,309,204,173
202683,Enes Freedom,1610612752,NYK,26.0,71,104.4,106.6,106.6,110.7,111.5,111.5,-6.3,-4.9,-4.9,0.091,0.86,10.3,0.146,0.279,0.212,12.0,11.9,0.592,0.63,0.212,0.215,99.35,97.96,81.63,97.96,0.161,3733,5.9,10.0,294,188,188,448,475,475,400,372,372,315,438,412,4,10,7,379,379,55,43,143,149,266,394,394,24,58,125
202339,Eric Bledsoe,1610612749,MIL,28.0,74,109.8,110.7,110.7,106.7,107.9,107.9,3.2,2.7,2.7,0.246,1.71,21.6,0.023,0.1,0.063,12.6,12.6,0.536,0.582,0.254,0.258,99.53,98.57,82.14,98.57,0.125,4763,6.3,13.4,76,63,63,303,351,351,139,141,141,66,206,124,304,355,341,413,412,173,133,50,55,255,338,338,72,45,55
201569,Eric Gordon,1610612745,HOU,29.0,69,115.7,116.4,116.4,102.6,103.5,103.5,13.1,13.0,13.0,0.113,1.18,11.4,0.011,0.065,0.039,9.6,9.6,0.54,0.578,0.238,0.244,100.64,99.89,83.24,99.89,0.09,4485,6.0,14.1,14,13,13,110,144,144,16,21,21,233,346,378,458,494,500,225,221,159,142,81,80,173,239,239,245,54,46
203961,Eric Moreland,1610612765,DET,26.0,67,100.3,100.3,100.3,99.6,99.3,99.3,0.7,1.1,1.1,0.141,1.9,30.8,0.096,0.243,0.168,16.2,16.2,0.541,0.531,0.097,0.1,96.09,96.25,80.21,96.25,0.103,1608,1.0,1.8,433,427,427,54,59,59,214,195,195,179,170,34,50,33,25,500,499,156,307,517,519,499,508,508,170,453,478
1628571,Erik McCree,1610612762,UTA,24.0,4,94.1,82.4,82.4,123.4,127.8,127.8,-29.3,-45.4,-45.4,0.0,0.0,0.0,0.0,0.2,0.091,33.3,33.3,0.0,0.0,0.158,0.189,106.96,111.68,93.06,111.68,-0.031,17,0.0,0.5,500,520,520,529,535,535,530,535,535,510,504,510,500,79,202,535,535,529,530,339,220,16,12,12,531,529,533
101141,Ersan Ilyasova,1610612755,PHI,31.0,69,106.6,107.0,107.0,105.1,106.1,106.1,1.6,0.9,0.9,0.078,1.25,10.8,0.067,0.161,0.114,8.6,8.6,0.526,0.558,0.183,0.187,100.88,100.17,83.47,100.17,0.099,3605,4.0,8.9,189,174,174,209,260,260,188,202,202,366,323,402,109,157,140,155,155,199,206,222,229,156,216,216,188,154,155
203095,Evan Fournier,1610612753,ORL,25.0,57,106.2,107.1,107.1,109.3,110.3,110.3,-3.1,-3.2,-3.2,0.138,1.74,14.6,0.012,0.084,0.048,8.4,8.3,0.538,0.577,0.226,0.23,102.21,101.32,84.43,101.32,0.093,3881,6.5,14.1,207,168,168,410,438,438,326,334,334,184,197,264,453,437,457,145,141,168,150,103,107,88,148,148,220,42,45
202323,Evan Turner,1610612757,POR,29.0,79,103.5,104.5,104.5,105.0,105.6,105.6,-1.5,-1.1,-1.1,0.128,1.75,19.3,0.014,0.1,0.057,11.0,11.0,0.484,0.52,0.153,0.156,99.2,98.4,82.0,98.4,0.071,4168,3.3,7.3,332,286,286,201,237,237,281,267,267,200,193,154,429,352,381,325,329,354,346,360,367,282,349,349,365,195,205
1626163,Frank Kaminsky,1610612766,CHA,25.0,79,106.9,107.7,107.7,110.0,110.0,110.0,-3.1,-2.3,-2.3,0.113,1.95,13.0,0.023,0.139,0.078,6.7,6.6,0.501,0.545,0.202,0.208,99.15,98.79,82.32,98.79,0.098,3791,3.9,9.1,173,148,148,427,429,429,327,313,313,232,162,322,306,217,264,66,67,296,255,163,165,288,319,319,194,163,148
1628412,Frank Mason III,1610612758,SAC,24.0,52,103.4,103.7,103.7,105.3,105.4,105.4,-1.9,-1.7,-1.7,0.233,2.26,22.9,0.03,0.107,0.067,10.1,10.1,0.42,0.48,0.226,0.231,94.53,94.37,78.64,94.37,0.091,1934,2.8,7.3,335,311,311,228,226,226,295,284,284,83,104,110,252,319,318,262,263,469,439,102,102,525,531,531,238,250,204
1628373,Frank Ntilikina,1610612752,NYK,19.0,78,102.2,102.4,102.4,105.0,104.6,104.6,-2.8,-2.2,-2.2,0.21,1.91,27.4,0.021,0.079,0.05,14.4,14.4,0.414,0.437,0.166,0.171,98.75,98.82,82.35,98.82,0.048,3501,2.3,6.4,374,368,368,204,180,180,316,307,307,98,169,62,332,459,441,474,474,473,479,291,298,323,315,315,454,297,239
1627832,Fred VanVleet,1610612761,TOR,24.0,76,112.0,112.2,112.2,99.9,101.1,101.1,12.1,11.1,11.1,0.231,3.28,26.9,0.016,0.102,0.06,8.2,8.2,0.525,0.556,0.188,0.194,98.48,97.76,81.47,97.76,0.111,3100,3.1,7.2,42,42,42,60,85,85,20,25,25,85,24,68,394,340,360,133,132,203,213,205,204,348,418,418,127,218,213
1627788,Furkan Korkmaz,1610612755,PHI,20.0,14,94.9,90.5,90.5,120.9,119.8,119.8,-26.1,-29.3,-29.3,0.077,2.0,11.1,0.02,0.123,0.064,5.6,5.6,0.375,0.386,0.159,0.167,102.65,105.65,88.04,105.65,0.01,179,0.6,2.0,493,505,505,525,528,528,522,525,525,373,146,389,347,276,336,43,43,494,503,328,314,68,33,33,511,493,459
202066,Garrett Temple,1610612758,SAC,32.0,65,99.8,100.7,100.7,108.4,108.1,108.1,-8.6,-7.4,-7.4,0.115,1.57,17.4,0.013,0.084,0.047,11.1,11.1,0.512,0.536,0.16,0.163,96.88,96.56,80.47,96.56,0.065,3238,3.1,7.3,448,418,418,373,359,359,440,420,420,222,239,185,441,438,464,330,331,262,292,323,336,468,498,498,387,217,203
203914,Gary Harris,1610612743,DEN,23.0,67,110.7,111.7,111.7,107.5,108.2,108.2,3.3,3.5,3.5,0.128,1.63,15.0,0.016,0.061,0.039,9.2,9.2,0.57,0.597,0.204,0.208,99.16,98.41,82.01,98.41,0.098,4729,6.6,13.6,63,52,52,336,365,365,134,129,129,203,224,249,392,502,497,203,204,94,99,159,164,287,347,347,192,40,52
1627780,Gary Payton II,1610612747,LAL,25.0,23,109.1,109.9,109.9,106.6,104.9,104.9,2.6,4.9,4.9,0.13,3.0,19.8,0.056,0.144,0.098,6.6,6.6,0.446,0.443,0.162,0.166,99.76,100.19,83.49,100.19,0.058,456,1.3,3.2,101,82,82,293,195,195,156,99,99,195,32,148,143,200,178,63,65,436,475,313,322,241,215,215,415,418,408
201588,George Hill,1610612739,CLE,32.0,67,107.2,108.5,108.5,111.4,111.8,111.8,-4.3,-3.3,-3.3,0.145,2.11,22.0,0.023,0.081,0.051,10.4,10.4,0.543,0.58,0.161,0.164,97.04,96.27,80.23,96.27,0.079,3633,3.5,7.7,161,123,123,466,480,480,364,339,339,174,130,120,303,450,436,280,281,150,138,316,333,461,506,506,317,182,189
1627777,Georges Niang,1610612762,UTA,25.0,9,90.1,80.6,80.6,99.7,98.6,98.6,-9.6,-18.1,-18.1,0.167,1.0,16.7,0.103,0.182,0.145,16.7,16.8,0.364,0.379,0.19,0.208,102.76,109.09,90.91,109.09,0.086,72,0.4,1.2,513,525,525,55,54,54,451,505,505,144,398,207,36,110,62,502,505,496,504,199,163,65,16,16,279,506,499
1627834,Georgios Papagiannis,1610612757,POR,20.0,17,109.5,110.5,110.5,119.2,114.2,114.2,-9.7,-3.7,-3.7,0.097,1.13,15.3,0.1,0.216,0.154,13.6,13.6,0.429,0.429,0.17,0.175,99.01,100.65,83.87,100.65,0.071,257,1.1,2.5,89,70,70,522,505,505,452,347,347,294,361,244,43,57,49,449,448,459,483,265,272,300,182,182,359,435,441
101123,Gerald Green,1610612745,HOU,32.0,41,106.8,107.3,107.3,102.7,102.7,102.7,4.1,4.6,4.6,0.045,0.81,5.1,0.016,0.124,0.069,6.3,6.3,0.54,0.566,0.219,0.226,99.75,99.52,82.94,99.52,0.088,1929,4.1,10.1,183,164,164,113,118,118,116,105,105,479,450,504,405,274,309,58,58,162,182,123,124,244,262,262,260,148,124
1628492,Gian Clavell,1610612742,DAL,24.0,7,105.1,104.5,104.5,91.7,89.6,89.6,13.4,14.8,14.8,0.071,1.5,12.5,0.016,0.102,0.057,8.3,8.4,0.5,0.53,0.147,0.15,100.02,101.46,84.55,101.46,0.045,134,0.9,2.6,269,289,289,17,17,17,15,16,16,396,255,337,401,344,383,137,144,299,312,389,394,219,141,141,469,466,435
203507,Giannis Antetokounmpo,1610612749,MIL,23.0,75,108.8,109.4,109.4,105.4,106.5,106.5,3.5,2.8,2.8,0.237,1.62,15.9,0.06,0.218,0.141,9.8,9.8,0.545,0.598,0.307,0.312,98.38,97.61,81.34,97.61,0.186,5600,9.9,18.7,107,97,97,232,283,283,127,139,139,78,228,228,128,54,73,240,240,149,96,10,11,356,439,439,8,3,7
203922,Glenn Robinson III,1610612754,IND,24.0,23,103.9,103.3,103.3,104.9,103.9,103.9,-1.0,-0.6,-0.6,0.068,3.4,15.2,0.03,0.078,0.052,4.5,4.5,0.506,0.529,0.119,0.123,98.09,98.83,82.36,98.83,0.071,697,1.6,3.7,317,327,327,196,155,155,267,249,249,414,21,246,259,466,426,32,33,277,315,482,481,383,311,311,366,385,377
201609,Goran Dragic,1610612748,MIA,32.0,75,105.0,106.2,106.2,104.9,106.0,106.0,0.1,0.2,0.2,0.245,2.16,20.9,0.023,0.105,0.064,9.7,9.7,0.502,0.543,0.25,0.254,98.56,97.49,81.24,97.49,0.115,4834,6.5,14.3,274,209,209,198,252,252,232,228,228,69,117,133,315,324,335,228,230,293,265,62,63,339,446,446,104,43,42
202330,Gordon Hayward,1610612738,BOS,28.0,1,100.0,109.1,109.1,87.2,81.8,81.8,12.8,27.3,27.3,0.0,0.0,0.0,0.0,0.2,0.091,0.0,0.0,0.5,0.5,0.154,0.154,102.03,100.57,83.81,100.57,0.048,11,1.0,2.0,441,107,107,10,10,10,19,8,8,510,504,510,500,79,202,1,1,299,398,355,377,91,190,190,456,440,459
203476,Gorgui Dieng,1610612750,MIN,28.0,79,105.4,103.9,103.9,111.0,110.5,110.5,-5.6,-6.6,-6.6,0.08,1.2,12.5,0.078,0.201,0.137,10.4,10.5,0.504,0.543,0.159,0.164,98.93,99.83,83.19,99.83,0.093,2763,2.4,4.9,251,305,305,459,448,448,390,403,403,361,343,334,88,75,79,283,289,288,262,332,330,309,243,243,218,296,316
202328,Greg Monroe,1610612738,BOS,28.0,51,100.5,100.9,100.9,110.9,110.5,110.5,-10.3,-9.6,-9.6,0.189,1.21,17.6,0.104,0.244,0.172,14.5,14.5,0.565,0.598,0.218,0.223,99.84,99.86,83.22,99.86,0.153,2163,4.3,7.6,427,412,412,454,445,445,460,456,456,117,341,179,35,32,22,479,478,110,98,127,131,229,242,242,30,140,193
1627824,Guerschon Yabusele,1610612738,BOS,22.0,33,102.9,101.0,101.0,104.6,101.8,101.8,-1.7,-0.8,-0.8,0.107,1.33,16.2,0.065,0.152,0.105,12.1,12.2,0.525,0.559,0.146,0.151,97.75,99.96,83.3,99.96,0.08,488,0.8,1.8,351,405,405,178,101,101,288,257,257,247,297,222,114,184,157,387,390,204,200,393,389,410,235,235,312,472,475
203084,Harrison Barnes,1610612742,DAL,26.0,77,102.7,103.4,103.4,108.7,109.5,109.5,-6.0,-6.1,-6.1,0.101,1.29,9.4,0.028,0.154,0.089,7.3,7.3,0.494,0.539,0.247,0.253,97.63,96.98,80.81,96.98,0.114,5322,7.0,15.7,356,325,325,386,411,411,397,395,395,267,313,441,271,177,210,97,97,330,277,66,64,416,481,481,115,35,29
202355,Hassan Whiteside,1610612748,MIA,29.0,54,101.4,102.1,102.1,103.8,105.0,105.0,-2.4,-2.8,-2.8,0.068,0.59,6.8,0.121,0.317,0.218,11.5,11.4,0.542,0.573,0.235,0.24,99.18,98.25,81.87,98.25,0.176,2792,5.8,10.7,401,374,374,148,198,198,305,328,328,413,484,485,17,6,5,354,350,154,163,86,90,284,358,358,13,64,103
1627740,Henry Ellenson,1610612765,DET,21.0,38,98.9,97.5,97.5,98.3,97.0,97.0,0.7,0.5,0.5,0.098,1.11,10.2,0.029,0.208,0.118,9.1,9.1,0.432,0.476,0.233,0.241,99.24,100.62,83.85,100.62,0.096,685,1.4,3.8,460,470,470,43,38,38,213,219,219,283,370,420,264,66,126,195,199,458,448,88,88,277,186,186,209,409,369
203546,Ian Clark,1610612740,NOP,27.0,74,107.7,107.1,107.1,106.0,106.0,106.0,1.7,1.0,1.0,0.107,1.93,16.1,0.007,0.074,0.043,8.4,8.3,0.511,0.529,0.168,0.174,101.81,102.08,85.07,102.08,0.062,3090,3.0,6.7,146,170,170,269,254,254,179,196,196,245,165,223,486,472,483,143,136,264,314,285,283,101,109,109,397,227,230
101133,Ian Mahinmi,1610612764,WAS,31.0,77,106.7,106.6,106.6,105.0,105.2,105.2,1.6,1.4,1.4,0.068,0.53,11.6,0.118,0.156,0.137,21.8,21.9,0.556,0.601,0.15,0.154,98.56,98.51,82.09,98.51,0.061,2342,1.8,3.2,187,192,192,208,210,210,184,187,187,415,488,374,21,173,80,526,526,128,85,376,375,338,341,341,400,365,407
1628387,Ike Anigbogu,1610612754,IND,19.0,11,110.8,104.6,104.6,134.1,130.2,130.2,-23.3,-25.5,-25.5,0.0,0.0,0.0,0.152,0.138,0.145,14.3,14.7,0.444,0.558,0.179,0.189,98.71,103.12,85.93,103.12,0.109,65,0.4,0.8,62,279,279,534,536,536,518,523,523,510,504,510,2,221,62,467,479,438,203,239,223,330,63,63,136,510,525
202697,Iman Shumpert,1610612758,SAC,28.0,14,108.5,108.4,108.4,103.2,103.1,103.1,5.4,5.4,5.4,0.084,1.06,17.3,0.026,0.113,0.072,16.3,16.4,0.44,0.48,0.125,0.128,100.99,101.06,84.22,101.06,0.049,580,1.6,4.1,115,124,124,126,130,130,85,89,89,344,384,188,282,305,289,501,501,447,435,461,472,147,162,162,453,384,351
203477,Isaiah Canaan,1610612756,PHX,27.0,20,108.4,109.2,109.2,108.7,108.0,108.0,-0.3,1.2,1.2,0.276,2.62,28.8,0.014,0.094,0.054,11.0,11.0,0.46,0.539,0.193,0.199,97.75,97.72,81.43,97.72,0.096,863,2.6,6.9,118,105,105,384,353,353,246,192,192,45,61,51,420,381,407,323,322,413,278,188,193,413,427,427,208,267,218
1628439,Isaiah Hicks,1610612752,NYK,23.0,18,102.0,102.0,102.0,107.8,109.7,109.7,-5.8,-7.7,-7.7,0.098,1.0,14.2,0.041,0.118,0.081,14.2,14.3,0.472,0.501,0.175,0.179,101.15,100.22,83.52,100.22,0.033,497,1.8,4.0,379,377,377,354,419,419,391,429,429,289,398,280,194,294,242,466,469,386,396,251,260,131,213,213,492,361,357
1627819,Isaiah Taylor,1610612737,ATL,23.0,67,103.2,103.2,103.2,105.6,103.9,103.9,-2.4,-0.8,-0.8,0.272,2.45,27.7,0.018,0.058,0.039,11.3,11.3,0.444,0.492,0.195,0.2,101.0,101.8,84.83,101.8,0.069,2467,2.4,5.8,342,332,332,244,158,158,304,256,256,48,77,59,360,508,499,343,344,439,418,181,188,144,117,117,374,288,262
202738,Isaiah Thomas,1610612747,LAL,29.0,32,106.9,107.9,107.9,113.9,114.8,114.8,-7.0,-6.9,-6.9,0.268,1.61,21.0,0.019,0.056,0.037,13.1,13.1,0.438,0.508,0.276,0.281,103.98,103.05,85.88,103.05,0.077,1854,4.9,13.2,174,137,137,498,509,509,418,410,410,50,230,130,356,513,505,427,429,450,381,35,36,35,67,67,325,111,57
1627785,Isaiah Whitehead,1610612751,BKN,23.0,16,97.1,96.6,96.6,102.9,99.0,99.0,-5.8,-2.3,-2.3,0.213,0.83,14.5,0.022,0.113,0.069,17.4,17.3,0.506,0.53,0.274,0.282,100.22,102.46,85.38,102.46,0.087,384,2.5,5.4,484,480,480,117,57,57,393,314,314,96,446,267,327,304,312,510,509,278,310,36,35,202,92,92,264,280,284
202397,Ish Smith,1610612765,DET,29.0,82,106.3,106.8,106.8,104.9,105.9,105.9,1.4,0.8,0.8,0.273,3.33,27.3,0.013,0.095,0.054,8.2,8.2,0.507,0.525,0.203,0.207,99.25,98.58,82.15,98.58,0.106,4199,4.7,9.8,201,183,183,197,249,249,192,205,205,46,22,63,448,375,416,132,133,272,331,162,166,274,337,337,158,116,133
1628397,Ivan Rabb,1610612763,MEM,21.0,36,101.0,102.5,102.5,111.6,110.9,110.9,-10.5,-8.4,-8.4,0.095,0.91,13.6,0.102,0.216,0.157,14.9,14.9,0.566,0.599,0.167,0.171,99.24,98.87,82.39,98.87,0.111,1059,2.4,4.2,409,364,364,471,459,459,462,439,439,300,430,300,38,56,46,487,489,108,92,287,297,275,308,308,124,294,347
1627826,Ivica Zubac,1610612747,LAL,21.0,43,100.2,99.8,99.8,96.2,94.7,94.7,4.0,5.0,5.0,0.095,0.96,12.8,0.101,0.168,0.135,13.3,13.3,0.5,0.557,0.172,0.178,101.01,102.02,85.01,102.02,0.108,870,1.4,2.8,437,439,439,29,27,27,117,97,97,298,418,329,40,134,85,436,437,299,208,259,263,141,113,113,149,402,427
200826,J.J. Barea,1610612742,DAL,34.0,69,107.0,107.5,107.5,108.3,106.8,106.8,-1.3,0.7,0.7,0.426,3.03,33.1,0.009,0.12,0.064,10.9,10.9,0.522,0.545,0.243,0.249,97.46,97.92,81.6,97.92,0.133,3268,4.4,10.0,167,156,156,368,299,299,275,211,211,5,30,24,476,291,337,319,318,216,253,72,72,434,399,399,55,134,126
200755,JJ Redick,1610612755,PHI,34.0,70,110.2,109.4,109.4,102.1,102.4,102.4,8.1,7.0,7.0,0.149,2.04,16.6,0.004,0.071,0.04,8.1,8.0,0.569,0.614,0.206,0.216,103.33,103.62,86.35,103.62,0.108,4563,5.8,12.6,69,96,96,98,110,110,47,58,58,166,139,210,497,480,496,130,124,99,65,151,146,45,52,52,147,66,65
2747,JR Smith,1610612739,CLE,32.0,80,110.5,110.9,110.9,112.8,113.2,113.2,-2.3,-2.3,-2.3,0.087,1.74,16.7,0.013,0.092,0.053,9.6,9.6,0.524,0.534,0.136,0.139,99.36,99.03,82.53,99.03,0.052,4626,3.0,7.4,65,61,61,489,496,496,302,311,311,327,195,206,438,395,420,227,229,210,296,428,435,265,297,297,445,227,200
203960,JaKarr Sampson,1610612758,SAC,25.0,22,99.5,99.9,99.9,99.9,100.0,100.0,-0.4,-0.1,-0.1,0.041,1.13,8.7,0.058,0.161,0.11,7.7,7.6,0.574,0.585,0.124,0.127,95.46,95.24,79.37,95.24,0.087,684,2.0,3.7,452,438,438,59,61,61,250,239,239,487,361,457,135,155,148,104,104,85,126,468,473,513,525,525,269,336,379
203210,JaMychal Green,1610612763,MEM,28.0,55,101.4,102.5,102.5,110.4,110.5,110.5,-9.0,-8.0,-8.0,0.082,1.04,11.4,0.096,0.218,0.155,11.0,11.0,0.501,0.53,0.178,0.181,95.8,95.25,79.37,95.25,0.101,3057,4.1,8.9,400,359,359,441,447,447,445,433,433,351,394,377,52,53,47,322,324,298,309,245,253,505,524,524,176,150,156
201580,JaVale McGee,1610612744,GSW,30.0,65,110.9,110.5,110.5,106.7,107.9,107.9,4.3,2.6,2.6,0.08,1.22,11.0,0.101,0.166,0.136,9.0,8.9,0.621,0.641,0.183,0.189,102.85,102.49,85.41,102.49,0.118,1316,2.1,3.4,60,71,71,302,346,346,109,144,144,362,336,398,39,145,82,187,186,36,35,225,219,60,89,89,94,324,402
1628444,Jabari Bird,1610612738,BOS,23.0,13,113.3,108.7,108.7,102.3,102.1,102.1,11.0,6.6,6.6,0.099,1.0,17.0,0.055,0.105,0.081,17.0,16.8,0.635,0.615,0.141,0.15,98.41,100.58,83.82,100.58,0.076,241,1.2,2.0,27,116,116,106,106,106,25,67,67,278,398,197,148,328,238,508,504,25,61,412,393,354,188,188,333,430,459
203953,Jabari Parker,1610612749,MIL,23.0,31,106.0,105.9,105.9,109.5,109.7,109.7,-3.5,-3.9,-3.9,0.129,1.31,12.8,0.055,0.145,0.1,9.8,9.8,0.529,0.55,0.228,0.233,100.67,100.62,83.85,100.62,0.111,1555,5.2,10.7,219,230,230,415,421,421,339,351,351,197,306,328,145,199,175,236,237,193,234,96,98,172,185,185,126,93,102
204022,Jack Cooley,1610612758,SAC,27.0,7,95.0,95.4,95.4,98.7,100.0,100.0,-3.7,-4.6,-4.6,0.128,2.0,13.3,0.131,0.184,0.155,6.7,6.8,0.481,0.566,0.185,0.192,94.87,94.05,78.37,94.05,0.143,173,1.9,3.9,492,483,483,48,61,61,342,371,371,201,146,312,14,105,48,67,73,357,181,217,212,518,533,533,43,357,368
1626643,Jacob Pullen,1610612755,PHI,28.0,3,71.4,66.7,66.7,66.7,62.5,62.5,4.8,4.2,4.2,0.0,0.0,0.0,0.0,0.0,0.0,33.3,33.3,0.5,0.5,0.188,0.2,114.41,122.3,101.92,122.3,0.0,15,0.3,0.7,535,533,533,6,6,6,97,110,110,510,504,510,500,525,528,535,535,299,398,209,184,6,7,7,515,512,529
1628451,Jacob Wiley,1610612751,BKN,23.0,5,94.3,94.4,94.4,81.5,76.4,76.4,12.8,18.1,18.1,0.091,0.0,28.6,0.053,0.225,0.141,0.0,0.0,0.375,0.41,0.063,0.062,100.77,103.92,86.6,103.92,0.084,72,0.2,0.8,496,489,489,7,8,8,18,12,12,317,504,52,152,47,72,1,1,494,492,536,536,163,46,46,293,522,526
203109,Jae Crowder,1610612762,UTA,27.0,80,107.9,107.9,107.9,106.9,107.2,107.2,1.0,0.6,0.6,0.071,1.34,10.9,0.029,0.103,0.066,8.1,8.1,0.486,0.525,0.169,0.172,99.83,99.67,83.06,99.67,0.061,4339,3.4,8.4,141,142,142,311,314,314,200,215,215,402,296,399,267,336,323,129,130,350,327,269,289,231,253,253,402,189,168
1626143,Jahlil Okafor,1610612751,BKN,22.0,28,92.3,92.6,92.6,116.6,115.2,115.2,-24.3,-22.6,-22.6,0.07,0.57,6.6,0.058,0.19,0.122,11.5,11.4,0.562,0.584,0.216,0.224,97.05,97.47,81.23,97.47,0.105,716,2.8,4.9,506,497,497,515,511,511,519,515,515,406,485,490,137,98,118,351,349,121,127,132,130,460,449,449,159,253,313
1627774,Jake Layman,1610612757,POR,24.0,35,97.6,94.7,94.7,109.7,106.2,106.2,-12.1,-11.5,-11.5,0.099,2.2,17.2,0.024,0.078,0.05,7.8,7.8,0.34,0.352,0.139,0.149,96.19,99.25,82.71,99.25,0.027,340,0.4,1.3,478,488,488,420,262,262,480,467,467,276,111,192,299,464,446,110,110,503,510,418,399,496,282,282,502,509,493
1627751,Jakob Poeltl,1610612761,TOR,22.0,82,111.0,111.9,111.9,103.3,103.7,103.7,7.6,8.3,8.3,0.054,0.67,10.1,0.107,0.15,0.129,15.1,14.9,0.66,0.662,0.143,0.148,99.32,98.72,82.27,98.72,0.097,3129,3.1,4.7,59,46,46,130,150,150,52,42,42,460,471,421,30,186,99,493,488,17,19,403,403,269,324,324,199,215,326
1627883,Jalen Jones,1610612742,DAL,25.0,16,108.2,109.3,109.3,118.8,115.9,115.9,-10.6,-6.6,-6.6,0.032,0.57,4.6,0.063,0.154,0.104,8.0,8.0,0.456,0.485,0.193,0.2,96.59,97.26,81.05,97.26,0.051,364,1.6,4.3,124,99,99,519,519,519,463,402,402,499,485,507,118,174,164,125,125,420,432,186,186,485,457,457,448,380,345
2037,Jamal Crawford,1610612750,MIN,38.0,80,108.2,108.4,108.4,112.9,112.8,112.8,-4.7,-4.5,-4.5,0.177,1.95,17.4,0.013,0.05,0.031,8.9,8.9,0.485,0.519,0.231,0.239,98.32,98.26,81.89,98.26,0.079,3384,3.9,9.3,126,126,126,490,492,492,372,365,365,137,164,184,440,517,518,183,177,352,349,91,91,368,357,357,318,164,143
1627750,Jamal Murray,1610612743,DEN,21.0,81,113.0,113.9,113.9,109.7,110.2,110.2,3.3,3.7,3.7,0.159,1.59,17.1,0.033,0.087,0.06,10.8,10.6,0.529,0.576,0.223,0.231,98.37,97.75,81.46,97.75,0.096,5237,5.9,13.1,29,25,25,418,434,434,132,121,121,156,233,194,233,425,357,308,302,192,153,109,105,359,421,421,205,59,58
1627866,Jameel Warney,1610612742,DAL,24.0,3,108.2,105.8,105.8,114.5,113.2,113.2,-6.3,-7.4,-7.4,0.0,0.0,0.0,0.138,0.2,0.167,6.7,6.6,0.583,0.599,0.234,0.254,92.28,93.85,78.21,93.85,0.151,52,2.3,4.0,125,233,233,506,497,497,403,422,422,510,504,510,8,79,28,67,63,67,94,87,62,533,534,534,34,297,357
2749,Jameer Nelson,1610612765,DET,36.0,50,104.3,103.1,103.1,108.5,108.7,108.7,-4.1,-5.7,-5.7,0.255,2.67,35.9,0.013,0.088,0.052,13.4,13.4,0.473,0.489,0.137,0.142,99.83,100.34,83.62,100.34,0.065,2124,1.9,4.9,300,339,339,377,389,389,359,386,386,56,55,15,437,419,435,446,445,384,426,424,424,230,204,204,388,352,317
1628503,Jamel Artis,1610612753,ORL,25.0,15,101.3,103.5,103.5,105.1,104.4,104.4,-3.9,-0.9,-0.9,0.098,2.25,16.4,0.013,0.119,0.064,7.3,7.3,0.443,0.457,0.142,0.145,97.88,97.12,80.93,97.12,0.062,564,2.1,5.3,404,315,315,213,173,173,353,258,258,286,105,213,447,293,340,93,95,440,465,410,413,403,472,472,396,326,293
203516,James Ennis III,1610612765,DET,27.0,72,102.5,102.3,102.3,107.0,107.9,107.9,-4.5,-5.6,-5.6,0.069,1.27,12.6,0.045,0.096,0.07,10.0,10.0,0.54,0.588,0.134,0.138,97.28,96.97,80.81,96.97,0.073,3240,2.5,5.3,365,370,370,319,348,348,367,385,385,408,321,332,174,373,303,249,251,158,116,437,440,447,482,482,344,277,287
201935,James Harden,1610612745,HOU,28.0,72,114.6,116.2,116.2,104.7,106.2,106.2,9.9,10.0,10.0,0.449,2.0,23.4,0.017,0.137,0.078,11.7,11.6,0.541,0.619,0.353,0.361,99.69,98.29,81.91,98.29,0.194,5223,9.0,20.1,17,14,14,185,264,264,35,29,29,3,146,105,384,228,262,364,360,157,55,4,5,245,356,356,5,7,2
201949,James Johnson,1610612748,MIA,31.0,73,105.4,105.9,105.9,104.9,105.8,105.8,0.5,0.1,0.1,0.22,1.99,25.4,0.032,0.148,0.091,12.8,12.7,0.55,0.575,0.185,0.191,98.38,97.74,81.45,97.74,0.112,3956,4.2,8.4,249,224,224,195,246,246,217,235,235,91,158,82,242,190,200,418,416,141,158,215,218,358,424,424,123,142,166
203949,James Michael McAdoo,1610612755,PHI,25.0,3,104.7,102.6,102.6,101.2,100.0,100.0,3.5,2.6,2.6,0.0,0.0,0.0,0.0,0.125,0.059,11.1,11.3,0.429,0.508,0.22,0.221,102.58,104.29,86.91,104.29,0.046,39,0.7,2.3,282,353,353,75,61,61,128,148,148,510,504,510,500,264,367,331,341,459,382,119,135,73,43,43,466,485,448
1627821,James Webb III,1610612751,BKN,24.0,10,99.0,98.0,98.0,116.0,111.3,111.3,-17.0,-13.3,-13.3,0.044,1.0,12.5,0.059,0.138,0.096,12.5,12.5,0.333,0.333,0.099,0.102,97.78,100.26,83.55,100.26,0.019,254,0.6,2.4,459,463,463,512,470,470,503,486,486,481,398,337,133,221,187,406,406,505,515,516,517,409,209,209,508,489,444
203923,James Young,1610612755,PHI,22.0,6,95.7,90.2,90.2,110.2,110.6,110.6,-14.6,-20.4,-20.4,0.053,2.0,10.0,0.0,0.029,0.016,5.0,5.1,0.464,0.511,0.131,0.137,93.63,96.22,80.19,96.22,0.024,122,0.8,2.3,487,508,508,433,451,451,494,512,512,462,146,425,500,523,526,37,38,403,371,446,446,528,509,509,505,467,448
203966,Jamil Wilson,1610612746,LAC,27.0,15,105.2,106.2,106.2,104.1,105.4,105.4,1.0,0.8,0.8,0.056,1.25,9.9,0.01,0.1,0.055,7.9,7.9,0.636,0.634,0.145,0.148,98.11,97.05,80.87,97.05,0.067,551,2.5,5.4,267,214,214,163,224,224,202,208,208,449,323,429,470,354,401,115,118,24,40,394,402,381,477,477,378,276,280
201162,Jared Dudley,1610612756,PHX,32.0,48,105.9,106.6,106.6,106.7,106.4,106.4,-0.8,0.1,0.1,0.153,2.79,32.0,0.011,0.126,0.067,11.5,11.5,0.512,0.553,0.102,0.104,101.16,100.97,84.14,100.97,0.062,1444,1.0,2.5,228,191,191,305,276,276,259,230,230,164,45,30,466,261,320,351,353,260,222,511,515,130,168,168,399,440,438
204067,Jarell Eddie,1610612741,CHI,26.0,3,104.7,90.0,90.0,101.4,100.0,100.0,3.2,-10.0,-10.0,0.0,0.0,0.0,0.0,0.167,0.059,0.0,0.0,0.0,0.0,0.091,0.104,94.59,103.06,85.88,103.06,0.0,20,0.0,0.7,285,509,509,83,61,61,136,457,457,510,504,510,500,140,367,1,1,529,530,521,514,524,66,66,515,529,529
1626185,Jarell Martin,1610612763,MEM,24.0,73,100.8,100.6,100.6,107.5,108.1,108.1,-6.8,-7.6,-7.6,0.073,0.85,10.3,0.057,0.139,0.096,12.1,12.2,0.48,0.516,0.168,0.172,97.33,97.16,80.97,97.16,0.066,3357,3.0,6.8,420,423,423,341,360,360,412,426,426,393,443,415,140,220,185,385,392,364,355,283,292,444,467,467,383,223,224
1628386,Jarrett Allen,1610612751,BKN,20.0,72,104.0,104.1,104.1,107.7,108.2,108.2,-3.6,-4.1,-4.1,0.055,0.6,8.2,0.096,0.157,0.127,13.8,13.8,0.596,0.636,0.162,0.165,100.28,100.01,83.34,100.01,0.108,2993,3.3,5.5,307,300,300,347,364,364,341,355,355,458,483,466,51,168,104,455,457,50,38,311,327,200,230,230,146,197,274
101127,Jarrett Jack,1610612752,NYK,34.0,62,106.7,108.2,108.2,108.2,109.0,109.0,-1.5,-0.7,-0.7,0.302,3.03,37.1,0.014,0.106,0.061,12.2,12.2,0.455,0.489,0.164,0.167,99.17,98.12,81.77,98.12,0.089,3167,3.0,7.1,184,131,131,365,397,397,283,255,255,28,31,12,421,321,350,396,397,421,424,303,312,286,369,369,252,219,214
201160,Jason Smith,1610612764,WAS,32.0,33,98.0,95.5,95.5,111.6,111.3,111.3,-13.5,-15.8,-15.8,0.084,0.88,9.2,0.06,0.122,0.09,10.5,10.4,0.409,0.455,0.204,0.215,101.26,102.74,85.62,102.74,0.046,616,1.4,3.5,474,482,482,468,468,468,491,498,498,341,437,448,131,280,206,288,282,477,468,157,151,122,78,78,464,412,396
1891,Jason Terry,1610612749,MIL,40.0,51,107.6,107.0,107.0,105.8,105.5,105.5,1.8,1.5,1.5,0.098,2.36,24.6,0.006,0.056,0.031,10.4,10.3,0.513,0.525,0.097,0.1,98.96,99.4,82.84,99.4,0.047,1682,1.2,3.0,153,177,177,259,228,228,174,182,182,285,88,93,491,512,519,282,276,258,326,518,518,307,274,274,460,429,416
1628393,Jawun Evans,1610612746,LAC,21.0,48,106.5,106.2,106.2,105.0,104.1,104.1,1.5,2.1,2.1,0.177,2.27,24.0,0.011,0.092,0.053,10.6,10.5,0.381,0.421,0.17,0.176,102.69,103.27,86.06,103.27,0.046,1661,1.9,5.3,193,210,210,202,161,161,190,159,159,136,102,98,459,394,423,295,292,491,487,266,267,67,58,58,465,359,292
1627759,Jaylen Brown,1610612738,BOS,21.0,70,107.4,109.0,109.0,100.3,101.3,101.3,7.1,7.7,7.7,0.081,0.92,10.0,0.03,0.124,0.078,10.9,10.8,0.54,0.562,0.208,0.212,98.79,97.62,81.35,97.62,0.089,4378,5.3,11.5,156,110,110,63,88,88,57,50,50,357,428,424,250,271,260,318,315,163,193,148,154,319,437,437,256,82,80
1628537,Jaylen Morris,1610612737,ATL,22.0,6,87.7,87.1,87.1,105.4,105.0,105.0,-17.7,-17.9,-17.9,0.13,1.17,15.6,0.018,0.125,0.072,13.3,13.3,0.438,0.438,0.154,0.16,105.93,106.49,88.74,106.49,0.077,217,2.2,5.3,517,515,515,231,199,199,506,504,504,195,350,238,362,264,291,438,441,451,478,353,351,21,28,28,324,315,287
1628369,Jayson Tatum,1610612738,BOS,20.0,80,107.0,107.7,107.7,100.3,100.8,100.8,6.7,6.9,6.9,0.081,1.12,10.7,0.021,0.138,0.081,9.6,9.6,0.538,0.586,0.192,0.196,97.94,97.42,81.18,97.42,0.108,4959,5.0,10.4,166,150,150,64,80,80,62,61,61,353,363,404,343,226,240,222,224,167,123,191,200,397,450,450,139,108,114
201145,Jeff Green,1610612739,CLE,31.0,78,109.5,109.9,109.9,105.4,106.2,106.2,4.1,3.7,3.7,0.081,1.32,11.0,0.034,0.095,0.066,8.4,8.4,0.52,0.587,0.19,0.194,100.62,100.04,83.37,100.04,0.09,3793,3.8,7.9,90,80,80,236,265,265,114,124,124,354,304,395,228,377,324,144,145,222,120,197,203,174,227,227,247,168,183
201952,Jeff Teague,1610612750,MIN,30.0,70,111.2,112.7,112.7,108.7,110.0,110.0,2.5,2.7,2.7,0.298,2.78,31.4,0.011,0.081,0.046,11.3,11.3,0.499,0.553,0.201,0.204,99.39,98.11,81.76,98.11,0.105,4729,5.1,11.3,54,36,36,388,430,430,158,143,143,31,47,32,469,448,469,344,343,320,223,169,177,261,371,371,160,101,83
203481,Jeff Withey,1610612742,DAL,28.0,10,108.5,106.0,106.0,82.4,81.0,81.0,26.1,25.0,25.0,0.0,0.0,0.0,0.023,0.22,0.119,10.5,10.6,0.438,0.444,0.2,0.205,100.45,102.6,85.5,102.6,0.084,84,0.6,1.6,114,221,221,8,9,9,6,10,10,510,504,510,310,52,124,291,298,451,473,170,173,187,84,84,289,489,485
203924,Jerami Grant,1610612760,OKC,24.0,81,105.8,106.5,106.5,105.0,104.7,104.7,0.8,1.7,1.7,0.055,1.06,8.5,0.05,0.14,0.094,8.1,8.0,0.57,0.607,0.161,0.165,98.56,98.37,81.97,98.37,0.101,3356,3.0,5.6,236,199,199,207,186,186,209,170,170,454,388,459,155,215,195,126,127,95,75,318,324,337,353,353,177,226,270
202379,Jeremy Evans,1610612737,ATL,30.0,1,97.4,100.0,100.0,142.9,123.1,123.1,-45.5,-23.1,-23.1,0.0,0.0,0.0,0.143,0.0,0.077,50.0,50.0,1.0,1.0,0.143,0.14,105.51,112.15,93.46,112.15,0.025,12,1.0,1.0,482,431,431,537,531,531,535,517,517,510,504,510,6,525,268,539,539,3,4,406,429,22,11,11,504,440,511
203087,Jeremy Lamb,1610612766,CHA,26.0,80,108.1,109.3,109.3,107.2,107.9,107.9,0.9,1.3,1.3,0.154,2.0,15.6,0.024,0.14,0.08,7.8,7.7,0.513,0.559,0.22,0.225,99.75,98.9,82.42,98.9,0.116,4064,4.8,10.4,131,100,100,329,350,350,207,188,188,162,146,237,301,212,246,108,108,256,199,118,127,242,307,307,101,115,115
202391,Jeremy Lin,1610612751,BKN,29.0,1,108.9,109.5,109.5,120.7,119.0,119.0,-11.8,-9.5,-9.5,0.235,1.33,18.2,0.0,0.0,0.0,13.6,13.6,0.458,0.597,0.254,0.261,119.62,120.08,100.07,120.08,0.071,63,5.0,12.0,104,93,93,523,527,527,478,455,455,79,297,168,500,525,528,451,449,415,101,51,52,2,8,8,358,105,75
1626170,Jerian Grant,1610612741,CHI,25.0,74,100.7,102.0,102.0,109.3,109.1,109.1,-8.6,-7.1,-7.1,0.314,3.84,33.9,0.017,0.084,0.049,8.8,8.8,0.476,0.528,0.172,0.177,98.78,98.24,81.87,98.24,0.095,3448,2.8,6.8,421,375,375,413,400,400,441,412,412,24,14,21,374,438,450,170,165,376,318,260,266,321,359,359,210,241,223
201573,Jerryd Bayless,1610612755,PHI,29.0,39,102.3,102.2,102.2,105.7,105.5,105.5,-3.4,-3.4,-3.4,0.085,1.17,14.1,0.016,0.066,0.041,12.0,12.1,0.519,0.546,0.146,0.15,102.85,102.99,85.82,102.99,0.047,1983,2.8,6.7,369,373,373,251,231,231,335,340,340,339,348,282,402,491,488,384,385,227,247,392,396,59,71,71,461,246,227
202710,Jimmy Butler III,1610612750,MIN,28.0,59,113.3,114.7,114.7,105.1,106.4,106.4,8.3,8.3,8.3,0.204,2.67,19.3,0.038,0.112,0.075,7.2,7.2,0.512,0.59,0.245,0.251,96.92,95.76,79.8,95.76,0.151,4325,7.4,15.6,26,20,20,211,273,273,46,43,43,104,57,155,207,307,274,92,89,259,115,68,69,466,521,521,33,26,30
201149,Joakim Noah,1610612752,NYK,33.0,7,85.1,84.3,84.3,88.9,86.2,86.2,-3.8,-1.9,-1.9,0.2,1.0,20.0,0.128,0.2,0.161,20.0,20.2,0.5,0.51,0.162,0.164,103.14,105.22,87.68,105.22,0.114,89,0.7,1.4,525,519,519,13,13,13,345,295,295,107,398,146,15,79,40,522,522,299,373,314,332,49,35,35,117,476,489
201975,Jodie Meeks,1610612764,WAS,30.0,77,103.6,102.3,102.3,108.7,109.2,109.2,-5.1,-6.8,-6.8,0.1,1.89,12.9,0.013,0.102,0.056,6.8,6.7,0.491,0.548,0.179,0.189,99.54,99.93,83.27,99.93,0.092,2332,2.0,5.1,329,369,369,385,401,401,379,407,407,271,172,325,444,342,391,75,69,336,242,241,222,253,238,238,231,328,302
203925,Joe Harris,1610612751,BKN,26.0,78,104.5,105.1,105.1,108.4,108.4,108.4,-3.9,-3.3,-3.3,0.101,1.41,14.5,0.024,0.101,0.063,10.3,10.3,0.612,0.634,0.161,0.166,100.87,100.59,83.82,100.59,0.089,4145,3.9,8.0,291,260,260,372,374,374,357,337,337,266,281,265,293,350,344,275,272,39,39,319,317,157,187,187,254,160,179
204060,Joe Ingles,1610612762,UTA,30.0,82,106.8,107.7,107.7,102.3,102.4,102.4,4.5,5.3,5.3,0.222,2.47,30.0,0.01,0.125,0.068,12.2,12.2,0.609,0.623,0.156,0.159,97.98,97.56,81.3,97.56,0.107,5236,4.1,8.8,177,152,152,104,111,111,102,93,93,89,75,43,474,263,315,392,391,40,48,346,356,395,442,442,150,149,159
2207,Joe Johnson,1610612745,HOU,37.0,55,101.5,101.3,101.3,105.4,104.9,104.9,-3.9,-3.6,-3.6,0.109,1.69,16.2,0.011,0.13,0.07,9.6,9.6,0.461,0.49,0.157,0.161,97.89,98.17,81.81,98.17,0.07,2468,2.7,6.5,394,398,398,230,194,194,355,345,345,242,211,218,464,253,305,224,223,409,423,344,345,402,365,365,368,259,236
1626202,Joe Young,1610612754,IND,26.0,53,101.9,99.9,99.9,107.4,106.7,106.7,-5.5,-6.8,-6.8,0.103,1.5,14.9,0.02,0.091,0.055,9.9,9.9,0.497,0.521,0.169,0.178,97.45,98.73,82.28,98.73,0.07,1160,1.5,3.5,385,436,436,334,293,293,384,406,406,262,255,252,346,399,403,246,243,324,344,272,261,436,322,322,370,391,393
1627762,Joel Bolomboy,1610612749,MIL,24.0,6,79.9,75.6,75.6,98.5,93.8,93.8,-18.6,-18.1,-18.1,0.0,0.0,0.0,0.133,0.121,0.128,18.2,18.8,0.5,0.521,0.115,0.12,97.99,103.24,86.03,103.24,0.071,82,0.5,1.0,532,529,529,45,25,25,510,506,506,510,504,510,12,286,100,513,515,299,342,488,488,394,60,60,361,496,511
203954,Joel Embiid,1610612755,PHI,24.0,63,111.4,110.6,110.6,99.7,98.9,98.9,11.7,11.7,11.7,0.182,0.85,11.7,0.078,0.255,0.173,13.8,13.8,0.514,0.573,0.33,0.339,100.35,101.09,84.24,101.09,0.177,4034,8.1,16.8,52,68,68,56,56,56,23,23,23,128,442,367,89,22,19,454,456,251,164,6,6,192,161,161,12,18,24
203530,Joffrey Lauvergne,1610612759,SAS,26.0,55,101.4,100.5,100.5,107.2,106.3,106.3,-5.9,-5.8,-5.8,0.121,1.24,14.3,0.118,0.207,0.162,11.5,11.6,0.516,0.536,0.192,0.199,99.75,100.56,83.8,100.56,0.119,1118,1.8,3.5,402,424,424,328,269,269,394,387,387,219,331,270,20,69,37,355,359,243,288,190,191,243,192,192,89,366,398
1628381,John Collins,1610612737,ATL,20.0,74,100.5,101.0,101.0,107.1,107.3,107.3,-6.7,-6.2,-6.2,0.09,0.93,11.9,0.094,0.201,0.147,12.7,12.7,0.591,0.62,0.174,0.179,100.22,99.88,83.23,99.88,0.119,3719,4.2,7.4,429,406,406,326,315,315,411,397,397,320,424,365,55,76,59,414,414,56,53,252,256,203,240,240,88,141,202
203089,John Henson,1610612749,MIL,27.0,76,110.3,111.2,111.2,105.4,106.3,106.3,5.0,4.9,4.9,0.083,1.36,14.8,0.083,0.185,0.136,10.9,10.9,0.573,0.582,0.149,0.151,98.01,97.18,80.98,97.18,0.097,3974,3.8,6.6,68,56,56,234,270,270,92,100,100,347,289,254,74,103,81,321,320,87,132,379,391,393,464,464,197,169,235
204066,John Holland,1610612739,CLE,29.0,24,104.9,103.5,103.5,112.5,112.3,112.3,-7.5,-8.8,-8.8,0.04,0.63,6.4,0.036,0.104,0.07,10.3,10.3,0.381,0.417,0.178,0.186,100.35,101.12,84.27,101.12,0.034,369,0.7,2.5,277,316,316,483,489,489,427,445,445,488,476,492,220,329,302,270,274,492,488,244,240,193,160,160,488,478,442
202322,John Wall,1610612764,WAS,27.0,41,109.1,109.8,109.8,105.4,106.1,106.1,3.7,3.8,3.8,0.425,2.49,29.7,0.016,0.088,0.053,11.9,11.9,0.466,0.515,0.281,0.286,101.09,100.44,83.7,100.44,0.13,2958,6.8,16.3,102,84,84,237,258,258,123,120,120,6,72,46,400,420,424,376,377,398,359,28,32,136,196,196,60,37,26
1628405,Johnathan Motley,1610612742,DAL,23.0,11,99.9,100.9,100.9,105.5,104.3,104.3,-5.5,-3.4,-3.4,0.078,0.78,6.7,0.071,0.2,0.131,8.7,8.7,0.54,0.55,0.24,0.244,94.8,94.9,79.08,94.9,0.126,345,3.6,6.8,445,413,413,240,167,167,385,341,341,368,456,486,103,79,93,157,161,161,233,77,81,522,527,527,69,177,222
203948,Johnny O'Bryant III,1610612766,CHA,25.0,36,94.6,94.1,94.1,104.9,104.8,104.8,-10.4,-10.7,-10.7,0.067,0.93,6.6,0.063,0.173,0.112,7.1,7.1,0.439,0.47,0.219,0.227,100.46,100.8,84.0,100.8,0.08,795,1.9,4.8,495,490,490,200,189,189,461,465,465,419,424,489,119,126,144,85,85,449,457,121,121,185,175,175,310,355,323
202720,Jon Leuer,1610612765,DET,29.0,8,99.7,96.7,96.7,96.9,94.9,94.9,2.8,1.8,1.8,0.051,0.71,9.3,0.049,0.179,0.113,13.0,12.8,0.417,0.505,0.151,0.159,101.93,104.64,87.2,104.64,0.07,301,1.9,4.5,449,478,478,36,28,28,151,169,169,467,465,446,160,114,142,422,418,470,387,367,357,95,40,40,371,356,331
201973,Jonas Jerebko,1610612762,UTA,31.0,74,107.8,105.9,105.9,104.2,104.2,104.2,3.6,1.7,1.7,0.057,1.56,9.7,0.048,0.175,0.112,6.2,6.2,0.562,0.586,0.151,0.157,96.79,97.65,81.38,97.65,0.091,2314,2.1,4.6,143,227,227,165,162,162,124,171,171,446,242,435,164,124,146,56,56,122,124,368,362,476,433,433,236,317,329
202685,Jonas Valančiūnas,1610612761,TOR,26.0,77,111.7,112.9,112.9,106.0,107.2,107.2,5.8,5.6,5.6,0.075,0.7,8.3,0.106,0.263,0.187,11.8,11.8,0.59,0.628,0.222,0.225,100.13,99.04,82.54,99.04,0.151,3576,5.1,8.9,49,34,34,267,313,313,77,85,85,386,467,465,32,18,12,366,368,60,45,114,126,213,296,296,32,99,152
1626780,Jonathan Gibson,1610612738,BOS,30.0,4,114.0,114.0,114.0,113.0,113.8,113.8,1.0,0.2,0.2,0.148,1.33,13.3,0.0,0.071,0.038,10.0,10.0,0.739,0.739,0.28,0.286,104.31,103.97,86.64,103.97,0.115,86,3.5,5.8,21,24,24,494,502,502,203,229,229,169,297,312,500,479,501,251,254,9,10,32,31,31,45,45,107,183,265
1628371,Jonathan Isaac,1610612753,ORL,20.0,27,94.1,93.2,93.2,101.1,101.8,101.8,-7.0,-8.6,-8.6,0.053,0.67,9.0,0.029,0.141,0.087,13.5,13.4,0.434,0.465,0.149,0.155,100.1,100.23,83.52,100.23,0.071,1116,2.0,5.4,499,496,496,71,97,97,416,443,443,461,472,452,263,210,215,447,446,455,461,380,371,216,211,211,364,330,285
203613,Jonathon Simmons,1610612753,ORL,28.0,69,103.8,104.6,104.6,110.9,111.4,111.4,-7.2,-6.9,-6.9,0.131,1.17,14.5,0.03,0.087,0.059,12.4,12.3,0.511,0.555,0.215,0.22,100.34,99.75,83.12,99.75,0.077,4214,5.1,11.0,321,283,283,457,473,473,425,409,409,193,349,266,256,421,371,404,403,265,219,137,141,194,248,248,327,95,89
1628395,Jordan Bell,1610612744,GSW,23.0,57,115.0,113.2,113.2,103.0,104.3,104.3,11.9,8.9,8.9,0.166,2.0,28.6,0.082,0.162,0.126,14.3,14.3,0.627,0.641,0.134,0.139,101.57,101.77,84.81,101.77,0.111,1718,2.0,3.2,16,30,30,123,165,165,21,40,40,148,146,52,78,153,108,467,466,30,34,434,433,111,120,120,129,331,404
203903,Jordan Clarkson,1610612739,CLE,26.0,81,104.4,104.6,104.6,105.3,106.5,106.5,-0.8,-1.9,-1.9,0.193,1.74,16.1,0.029,0.08,0.055,9.3,9.2,0.509,0.542,0.253,0.264,101.81,101.14,84.29,101.14,0.115,3994,5.3,11.8,293,278,278,219,281,281,260,289,289,114,196,225,266,453,406,206,200,268,268,52,49,102,159,159,112,85,77
202348,Jordan Crawford,1610612740,NOP,29.0,5,114.0,110.7,110.7,128.6,125.2,125.2,-14.7,-14.5,-14.5,0.351,2.6,28.9,0.036,0.036,0.036,11.1,11.0,0.593,0.601,0.23,0.241,107.27,110.35,91.96,110.35,0.09,122,2.4,5.4,22,67,67,533,533,533,495,494,494,14,63,50,220,521,514,331,325,54,86,92,87,13,15,15,249,292,280
1626175,Jordan Mickey,1610612748,MIA,23.0,23,102.6,101.4,101.4,109.2,107.4,107.4,-6.5,-6.0,-6.0,0.051,0.5,7.7,0.065,0.226,0.146,15.4,15.3,0.488,0.515,0.168,0.176,94.64,95.98,79.98,95.98,0.08,570,1.7,3.6,359,396,396,408,325,325,408,392,392,468,491,470,110,45,60,494,495,345,363,284,269,523,514,514,311,374,388
101181,Jose Calderon,1610612739,CLE,36.0,57,111.8,110.9,110.9,108.7,107.7,107.7,3.1,3.2,3.2,0.175,2.85,32.9,0.017,0.079,0.049,11.5,11.5,0.624,0.643,0.118,0.121,96.71,97.51,81.26,97.51,0.067,1860,1.6,3.2,46,59,59,382,340,340,143,136,136,138,44,26,383,460,455,353,354,33,33,483,487,479,444,444,380,379,404
1627982,Josh Gray,1610612756,PHX,24.0,5,81.6,81.6,81.6,118.2,116.7,116.7,-36.7,-35.1,-35.1,0.24,1.71,18.5,0.017,0.104,0.051,10.8,10.8,0.305,0.349,0.243,0.252,105.37,106.07,88.39,106.07,0.041,190,2.2,8.2,528,522,522,517,523,523,533,531,531,75,205,165,376,332,437,309,313,514,511,71,68,23,30,30,474,310,174
1628404,Josh Hart,1610612747,LAL,23.0,63,105.8,106.4,106.4,107.6,108.3,108.3,-1.9,-1.9,-1.9,0.076,1.7,14.7,0.028,0.143,0.086,8.6,8.6,0.573,0.596,0.133,0.137,101.0,100.37,83.64,100.37,0.088,3047,2.8,6.0,235,200,200,346,370,370,293,290,290,381,207,257,273,205,219,156,158,86,104,440,448,143,201,201,262,247,255
203962,Josh Huestis,1610612760,OKC,26.0,69,109.2,109.2,109.2,102.6,103.2,103.2,6.5,6.0,6.0,0.027,0.77,8.5,0.042,0.117,0.08,11.0,11.0,0.42,0.417,0.095,0.098,97.1,96.83,80.69,96.83,0.032,1976,0.9,2.6,98,102,102,111,133,133,64,77,77,504,459,461,190,297,251,324,323,468,489,519,520,458,489,489,493,462,432
1628367,Josh Jackson,1610612756,PHX,21.0,77,98.3,98.6,98.6,110.3,110.3,110.3,-12.0,-11.7,-11.7,0.105,0.82,9.0,0.044,0.123,0.083,11.0,11.1,0.448,0.48,0.253,0.259,103.38,103.23,86.02,103.23,0.072,4195,5.1,12.1,469,452,452,437,439,439,479,468,468,254,448,451,183,277,230,326,330,433,437,53,54,42,61,61,353,102,72
203705,Josh Magette,1610612737,ATL,28.0,18,103.1,103.1,103.1,106.0,103.6,103.6,-3.0,-0.5,-0.5,0.37,6.33,49.1,0.009,0.079,0.043,7.8,7.8,0.413,0.464,0.119,0.122,98.67,99.81,83.18,99.81,0.085,450,0.8,2.6,348,335,335,271,146,146,324,246,246,9,3,4,478,458,478,107,113,474,462,481,485,332,244,244,283,467,437
201177,Josh McRoberts,1610612742,DAL,31.0,2,100.0,85.7,85.7,101.0,100.0,100.0,-1.0,-14.3,-14.3,0.0,0.0,0.0,0.0,0.0,0.0,0.0,0.0,0.0,0.0,0.071,0.083,99.67,108.52,90.43,108.52,-0.128,14,0.0,0.5,441,517,517,70,61,61,266,492,492,510,504,510,500,525,528,1,1,529,530,534,531,247,19,19,539,529,533
1626196,Josh Richardson,1610612748,MIA,24.0,81,104.3,105.0,105.0,103.6,104.2,104.2,0.7,0.8,0.8,0.131,1.65,17.6,0.025,0.08,0.053,10.7,10.6,0.523,0.551,0.176,0.181,97.98,97.38,81.15,97.38,0.086,5456,4.9,10.9,301,266,266,136,163,163,210,209,209,194,220,178,291,452,422,301,301,214,228,248,252,396,453,453,274,110,92
2746,Josh Smith,1610612740,NOP,32.0,3,77.5,73.1,73.1,103.7,107.4,107.4,-26.2,-34.3,-34.3,0.0,0.0,0.0,0.136,0.1,0.125,0.0,0.0,0.25,0.25,0.118,0.131,106.54,107.6,89.67,107.6,-0.045,26,0.3,1.3,533,531,531,143,322,322,524,530,530,510,504,510,9,356,110,1,1,520,524,484,457,17,22,22,536,512,494
201950,Jrue Holiday,1610612740,NOP,28.0,81,108.9,109.4,109.4,103.2,104.5,104.5,5.7,4.9,4.9,0.243,2.28,23.8,0.022,0.095,0.06,10.4,10.4,0.543,0.57,0.225,0.229,103.14,102.25,85.21,102.25,0.118,6242,7.6,15.4,105,98,98,127,175,175,81,101,101,72,100,100,326,378,356,287,284,151,169,106,110,50,99,99,96,22,33
1627823,Juancho Hernangomez,1610612743,DEN,22.0,25,106.8,105.1,105.1,111.2,109.2,109.2,-4.4,-4.2,-4.2,0.06,1.33,11.9,0.062,0.139,0.098,8.9,8.9,0.48,0.511,0.134,0.138,97.72,99.44,82.86,99.44,0.061,574,1.2,3.0,181,263,263,463,405,405,366,359,359,439,297,364,122,218,180,179,179,363,372,438,439,415,270,270,406,427,417
203944,Julius Randle,1610612747,LAL,23.0,82,106.2,107.0,107.0,107.5,108.4,108.4,-1.3,-1.4,-1.4,0.158,0.99,13.9,0.082,0.202,0.144,14.1,14.1,0.563,0.606,0.251,0.256,102.1,101.3,84.41,101.3,0.135,4615,6.1,11.0,214,175,175,337,375,375,278,280,280,158,417,292,77,74,69,462,461,114,76,57,59,90,149,149,50,48,91
202933,Julyan Stone,1610612766,CHA,29.0,23,107.0,106.6,106.6,101.2,97.3,97.3,5.9,9.3,9.3,0.187,3.71,55.3,0.005,0.153,0.079,14.9,14.9,0.692,0.684,0.051,0.052,101.52,103.69,86.41,103.69,0.06,379,0.3,0.6,168,190,190,73,41,41,75,38,38,120,15,2,494,179,256,487,490,11,14,537,537,114,49,49,408,519,532
1626147,Justin Anderson,1610612755,PHI,24.0,38,100.2,98.3,98.3,105.7,105.4,105.4,-5.5,-7.2,-7.2,0.078,1.56,9.6,0.046,0.12,0.084,6.2,6.2,0.515,0.54,0.188,0.198,100.68,101.75,84.79,101.75,0.087,1099,2.3,5.3,439,458,458,253,227,227,387,415,415,369,240,436,169,289,225,51,53,249,276,204,195,171,122,122,270,301,290
203200,Justin Holiday,1610612741,CHI,29.0,72,102.9,104.2,104.2,107.5,108.2,108.2,-4.7,-4.0,-4.0,0.097,1.65,14.0,0.013,0.114,0.062,8.5,8.5,0.474,0.513,0.177,0.181,101.36,100.42,83.68,100.42,0.069,4742,4.0,10.9,352,295,295,339,362,362,369,353,353,291,221,286,451,303,349,151,150,382,367,246,251,120,198,198,372,153,95
1628382,Justin Jackson,1610612758,SAC,23.0,68,100.5,101.2,101.2,108.7,108.8,108.8,-8.2,-7.6,-7.6,0.071,1.85,13.6,0.018,0.109,0.062,7.3,7.3,0.51,0.521,0.139,0.142,97.79,97.42,81.18,97.42,0.064,3054,2.7,6.2,431,402,402,390,390,390,436,427,427,401,174,303,366,315,345,96,96,267,341,419,422,407,451,451,389,256,249
1628383,Justin Patton,1610612750,MIN,21.0,1,135.1,120.0,120.0,93.4,90.0,90.0,41.8,30.0,30.0,0.0,0.0,0.0,0.0,0.0,0.0,0.0,0.0,0.5,0.5,0.2,0.225,119.06,128.57,107.14,128.57,0.057,10,1.0,2.0,3,9,9,21,18,18,4,5,5,510,504,510,500,525,528,1,1,299,398,170,125,3,3,3,426,440,459
1626159,Justise Winslow,1610612748,MIA,22.0,68,103.6,103.8,103.8,102.1,102.9,102.9,1.6,1.0,1.0,0.134,1.92,19.6,0.037,0.178,0.107,10.2,10.1,0.474,0.496,0.158,0.163,98.19,97.72,81.43,97.72,0.092,3417,3.0,7.2,327,308,308,96,124,124,189,200,200,191,166,152,211,117,152,266,267,380,414,336,337,374,429,429,227,220,211
203994,Jusuf Nurkić,1610612757,POR,23.0,79,105.3,106.7,106.7,102.2,103.1,103.1,3.1,3.6,3.6,0.115,0.78,10.3,0.087,0.237,0.162,13.2,13.1,0.505,0.528,0.257,0.262,99.81,98.73,82.28,98.73,0.127,4297,6.1,12.0,258,186,186,99,131,131,141,126,126,223,455,414,67,36,36,435,432,284,317,47,50,232,323,323,67,51,74
1628443,Kadeem Allen,1610612738,BOS,25.0,18,95.4,91.6,91.6,102.5,100.0,100.0,-7.1,-8.4,-8.4,0.167,1.33,25.5,0.034,0.067,0.049,19.1,19.2,0.273,0.366,0.132,0.141,98.16,101.43,84.52,101.43,0.006,226,0.3,1.2,490,499,499,108,61,61,423,437,437,144,297,80,229,487,448,518,517,517,506,445,426,375,142,142,513,512,499
1626157,Karl-Anthony Towns,1610612750,MIN,22.0,82,113.5,115.3,115.3,107.7,109.2,109.2,5.9,6.1,6.1,0.105,1.25,11.7,0.085,0.272,0.179,9.3,9.3,0.596,0.646,0.225,0.229,97.6,96.15,80.13,96.15,0.165,5852,7.8,14.3,24,16,16,349,404,404,76,74,74,253,322,369,73,16,14,211,210,48,29,104,112,422,511,511,23,21,43
202695,Kawhi Leonard,1610612759,SAS,27.0,9,100.9,99.3,99.3,95.2,95.4,95.4,5.7,3.9,3.9,0.191,1.31,12.8,0.029,0.159,0.098,9.8,9.7,0.518,0.572,0.304,0.313,98.11,98.81,82.34,98.81,0.182,432,5.8,12.3,417,445,445,28,31,31,82,115,115,115,305,327,260,162,181,233,234,233,167,12,10,380,317,317,11,64,69
1627770,Kay Felder,1610612765,DET,23.0,16,91.3,90.2,90.2,108.7,105.4,105.4,-17.3,-15.1,-15.1,0.247,1.25,17.9,0.019,0.108,0.06,14.3,14.4,0.329,0.379,0.28,0.284,100.14,102.34,85.28,102.34,0.038,296,1.3,4.4,508,507,507,383,221,221,504,496,496,63,323,175,355,317,353,467,473,510,505,31,34,212,97,97,481,417,336
203482,Kelly Olynyk,1610612748,MIA,27.0,76,109.4,110.0,110.0,104.5,104.6,104.6,4.9,5.3,5.3,0.18,1.41,19.4,0.052,0.2,0.126,13.8,13.8,0.58,0.612,0.213,0.219,96.8,96.5,80.42,96.5,0.122,3596,4.2,8.4,91,79,79,175,183,183,94,91,91,130,280,153,154,86,109,456,455,75,68,141,143,473,499,499,78,145,169
1626162,Kelly Oubre Jr.,1610612764,WAS,22.0,81,105.9,105.9,105.9,107.5,108.2,108.2,-1.6,-2.4,-2.4,0.067,1.09,9.1,0.026,0.136,0.081,8.3,8.3,0.482,0.534,0.188,0.193,99.8,99.49,82.91,99.49,0.079,4622,3.9,9.8,227,229,229,340,367,367,287,317,317,418,377,449,286,233,241,136,138,355,299,206,207,236,267,267,320,159,134
202689,Kemba Walker,1610612766,CHA,28.0,80,109.7,111.3,111.3,106.3,108.0,108.0,3.5,3.3,3.3,0.264,2.48,20.6,0.011,0.077,0.044,8.3,8.2,0.516,0.572,0.267,0.273,100.85,99.31,82.76,99.31,0.131,5669,7.4,17.0,82,55,55,277,357,357,129,133,133,52,73,138,460,469,475,135,134,240,166,40,41,158,278,278,58,28,20
2570,Kendrick Perkins,1610612739,CLE,33.0,1,123.4,134.5,134.5,116.6,116.1,116.1,6.8,18.4,18.4,0.182,2.0,33.3,0.0,0.091,0.042,16.7,17.0,0.5,0.521,0.118,0.115,103.18,99.08,82.57,99.08,0.042,29,1.0,2.0,7,2,2,514,522,522,61,11,11,129,146,22,500,403,485,502,506,299,342,484,499,48,293,293,472,440,459
202702,Kenneth Faried,1610612743,DEN,28.0,32,103.9,103.2,103.2,108.6,108.1,108.1,-4.6,-5.0,-5.0,0.064,0.78,8.5,0.135,0.193,0.162,10.8,10.9,0.514,0.552,0.173,0.178,98.15,98.71,82.26,98.71,0.108,950,2.4,4.6,312,333,333,380,361,361,368,374,374,426,454,462,11,94,38,312,316,253,227,257,262,377,326,326,141,295,328
203145,Kent Bazemore,1610612737,ATL,28.0,65,103.7,104.5,104.5,107.4,108.9,108.9,-3.7,-4.5,-4.5,0.199,1.45,19.9,0.014,0.124,0.069,13.7,13.7,0.5,0.547,0.221,0.227,100.2,99.1,82.58,99.1,0.099,3696,4.4,10.4,324,290,290,333,395,395,343,366,366,110,268,147,430,273,308,453,451,299,243,116,118,206,292,292,187,135,115
203484,Kentavious Caldwell-Pope,1610612747,LAL,25.0,74,105.0,106.5,106.5,106.1,107.4,107.4,-1.1,-0.9,-0.9,0.093,1.67,14.3,0.023,0.127,0.075,8.6,8.5,0.526,0.561,0.165,0.169,102.78,101.4,84.5,101.4,0.092,5190,4.6,10.8,272,194,194,272,324,324,270,259,259,304,216,271,309,260,276,153,153,201,194,300,304,64,146,146,233,118,98
201142,Kevin Durant,1610612744,GSW,29.0,68,115.7,115.9,115.9,106.8,108.9,108.9,8.9,7.0,7.0,0.243,1.77,18.7,0.015,0.169,0.099,10.6,10.5,0.586,0.64,0.293,0.299,103.3,102.24,85.2,102.24,0.168,4954,9.3,18.0,13,15,15,308,393,393,42,57,57,71,191,164,414,132,177,293,291,62,36,19,20,46,101,101,15,5,13
201567,Kevin Love,1610612739,CLE,29.0,59,112.2,112.7,112.7,111.3,111.3,111.3,0.9,1.4,1.4,0.099,1.14,9.9,0.065,0.274,0.172,8.7,8.7,0.552,0.614,0.248,0.252,98.98,98.75,82.29,98.75,0.15,3410,5.7,12.4,39,37,37,465,469,469,206,186,186,273,359,428,112,13,23,159,159,136,66,65,67,305,321,321,35,69,68
1626172,Kevon Looney,1610612744,GSW,22.0,66,112.4,110.7,110.7,103.8,104.6,104.6,8.6,6.1,6.1,0.062,1.35,14.0,0.094,0.135,0.116,10.3,10.3,0.583,0.588,0.121,0.125,100.3,100.71,83.93,100.71,0.079,1912,1.7,2.9,34,65,65,150,179,179,43,76,76,433,291,290,54,236,134,273,277,69,117,478,478,198,180,180,313,373,422
203920,Khem Birch,1610612753,ORL,25.0,42,104.7,104.9,104.9,104.5,104.0,104.0,0.2,0.8,0.8,0.088,1.62,16.2,0.114,0.191,0.152,10.0,10.1,0.54,0.582,0.131,0.132,97.12,97.3,81.08,97.3,0.109,1173,1.6,3.0,281,272,272,176,160,160,230,204,204,326,227,220,24,95,52,251,261,164,131,449,454,457,454,454,138,381,417
203114,Khris Middleton,1610612749,MIL,26.0,82,109.6,110.3,110.3,107.5,108.7,108.7,2.1,1.6,1.6,0.172,1.72,17.0,0.016,0.133,0.076,9.9,9.8,0.524,0.577,0.239,0.245,98.59,97.78,81.48,97.78,0.114,6074,7.2,15.5,86,73,73,342,386,386,168,172,172,140,204,197,395,241,272,244,238,209,145,78,79,335,417,417,118,31,32
202691,Klay Thompson,1610612744,GSW,28.0,73,113.5,112.6,112.6,103.7,105.6,105.6,9.8,7.1,7.1,0.108,1.45,12.1,0.014,0.089,0.055,8.3,8.3,0.586,0.599,0.232,0.237,101.91,101.38,84.48,101.38,0.103,5300,7.9,16.1,25,38,38,141,232,232,38,56,56,244,270,358,434,413,397,142,142,63,93,89,94,97,147,147,168,20,27
1628424,Kobi Simmons,1610612763,MEM,20.0,32,100.5,100.7,100.7,117.5,117.7,117.7,-17.0,-17.0,-17.0,0.157,1.55,21.8,0.021,0.062,0.04,14.1,14.1,0.452,0.49,0.163,0.168,98.06,97.89,81.57,97.89,0.046,1316,2.5,5.9,428,421,421,516,524,524,501,501,501,160,245,122,330,501,491,464,462,424,422,305,310,388,403,403,467,280,258
201585,Kosta Koufos,1610612758,SAC,29.0,71,98.8,98.8,98.8,107.1,106.8,106.8,-8.4,-8.0,-8.0,0.1,1.78,15.6,0.1,0.236,0.165,8.8,8.8,0.571,0.566,0.15,0.153,95.76,95.86,79.88,95.86,0.124,2777,3.1,5.5,461,450,450,325,298,298,437,432,432,270,190,235,44,37,33,167,169,91,179,377,379,508,518,518,75,207,276
1627739,Kris Dunn,1610612741,CHI,24.0,52,101.0,102.5,102.5,110.1,110.6,110.6,-9.1,-8.0,-8.0,0.319,2.07,26.3,0.015,0.131,0.071,12.7,12.8,0.462,0.488,0.245,0.247,101.42,100.45,83.71,100.45,0.095,3182,5.5,12.8,411,360,360,429,449,449,447,434,434,23,136,74,407,245,299,416,417,408,427,67,76,118,195,195,211,74,62
204001,Kristaps Porziņģis,1610612752,NYK,22.0,48,105.5,107.1,107.1,105.4,106.7,106.7,0.1,0.4,0.4,0.063,0.61,4.9,0.039,0.154,0.098,8.0,8.0,0.489,0.539,0.305,0.311,99.1,97.78,81.49,97.78,0.125,3165,8.1,18.5,246,172,172,235,287,287,233,223,223,431,478,506,201,175,179,124,126,339,282,11,12,293,415,415,70,17,9
203937,Kyle Anderson,1610612759,SAS,24.0,74,106.0,105.3,105.3,101.4,102.0,102.0,4.6,3.3,3.3,0.146,2.15,25.3,0.043,0.158,0.1,11.8,11.8,0.549,0.582,0.133,0.136,96.74,96.75,80.62,96.75,0.111,3991,3.1,5.9,223,253,253,82,105,105,100,132,132,172,125,84,189,165,173,369,366,142,130,443,449,478,495,495,128,210,257
1627858,Kyle Collinsworth,1610612742,DAL,26.0,32,105.4,105.3,105.3,107.8,107.4,107.4,-2.4,-2.1,-2.1,0.163,2.33,28.6,0.06,0.162,0.107,12.2,12.2,0.404,0.433,0.124,0.129,97.16,97.39,81.16,97.39,0.066,969,1.2,3.1,253,254,254,355,319,319,306,303,303,152,92,52,129,154,154,395,394,481,480,469,461,453,452,452,382,424,413
2594,Kyle Korver,1610612739,CLE,37.0,73,111.7,112.3,112.3,104.2,104.5,104.5,7.5,7.8,7.8,0.079,1.6,13.6,0.006,0.093,0.052,8.5,8.4,0.628,0.652,0.154,0.16,101.22,100.8,84.0,100.8,0.083,3313,3.0,6.6,50,40,40,168,178,178,54,49,49,363,232,302,492,392,432,148,143,29,25,354,354,123,176,176,298,222,233
1628398,Kyle Kuzma,1610612747,LAL,22.0,77,104.4,105.3,105.3,106.4,107.5,107.5,-2.0,-2.2,-2.2,0.091,1.01,10.0,0.035,0.154,0.095,10.0,9.9,0.527,0.549,0.219,0.224,102.8,101.81,84.84,101.81,0.104,5088,6.1,13.5,298,252,252,285,331,331,298,306,306,314,397,423,224,176,192,247,247,198,235,124,128,63,116,116,164,50,53
200768,Kyle Lowry,1610612761,TOR,32.0,78,111.6,113.1,113.1,104.1,105.5,105.5,7.5,7.6,7.6,0.307,2.93,30.3,0.026,0.142,0.085,10.3,10.3,0.553,0.598,0.211,0.215,100.74,99.37,82.81,99.37,0.136,5197,5.2,12.1,51,32,32,161,230,230,53,52,52,26,41,41,284,209,223,274,273,134,95,144,150,165,275,275,49,91,73
203124,Kyle O'Quinn,1610612752,NYK,28.0,77,105.8,105.6,105.6,107.3,106.8,106.8,-1.5,-1.1,-1.1,0.166,1.58,22.7,0.09,0.242,0.168,14.4,14.3,0.589,0.625,0.168,0.173,98.42,98.76,82.3,98.76,0.137,2851,2.9,5.0,232,239,239,331,297,297,282,268,268,146,234,111,64,34,24,476,471,61,47,281,288,353,320,320,47,237,309
202713,Kyle Singler,1610612760,OKC,30.0,12,94.8,93.4,93.4,98.0,92.7,92.7,-3.2,0.7,0.7,0.057,0.67,6.3,0.016,0.143,0.08,9.4,9.5,0.381,0.43,0.219,0.228,96.06,99.52,82.93,99.52,0.049,121,0.6,1.8,494,495,495,41,24,24,331,213,213,445,472,496,396,203,248,214,215,493,482,120,116,502,263,263,451,492,480
202681,Kyrie Irving,1610612738,BOS,26.0,60,108.7,110.0,110.0,103.5,104.3,104.3,5.3,5.6,5.6,0.282,2.2,18.7,0.017,0.096,0.057,8.5,8.4,0.568,0.61,0.298,0.307,99.21,98.22,81.85,98.22,0.165,3968,8.9,18.1,110,77,77,133,170,170,86,84,84,43,110,161,375,374,379,150,149,105,72,15,14,279,360,360,22,8,10
200746,LaMarcus Aldridge,1610612759,SAS,32.0,75,107.8,108.7,108.7,102.1,103.3,103.3,5.7,5.4,5.4,0.111,1.37,8.6,0.098,0.156,0.127,6.3,6.2,0.52,0.57,0.288,0.294,95.64,94.67,78.89,94.67,0.159,4955,9.2,18.0,144,121,121,94,137,137,78,90,90,239,287,458,46,171,106,57,57,223,170,23,24,511,530,530,26,6,14
202362,Lance Stephenson,1610612754,IND,27.0,82,106.2,106.1,106.1,109.0,109.4,109.4,-2.8,-3.2,-3.2,0.186,1.79,20.8,0.033,0.203,0.115,11.6,11.6,0.475,0.495,0.208,0.215,97.94,97.8,81.5,97.8,0.097,3776,3.7,8.6,212,215,215,402,407,407,317,336,336,122,187,134,237,73,135,356,358,378,415,147,152,399,410,410,198,174,160
202498,Lance Thomas,1610612752,NYK,30.0,73,101.6,101.4,101.4,107.9,107.3,107.3,-6.3,-5.9,-5.9,0.044,1.07,11.7,0.033,0.098,0.065,10.9,10.9,0.476,0.513,0.106,0.109,98.06,98.37,81.98,98.37,0.037,2765,1.4,3.7,390,395,395,356,317,317,401,390,390,482,381,371,234,365,328,317,321,377,365,505,506,387,352,352,483,408,382
204038,Langston Galloway,1610612765,DET,26.0,58,102.2,101.8,101.8,98.5,97.6,97.6,3.7,4.2,4.2,0.105,3.22,13.4,0.014,0.089,0.051,4.2,4.1,0.481,0.503,0.188,0.195,97.52,98.17,81.81,98.17,0.086,1767,2.2,5.9,373,385,385,47,43,43,122,108,108,251,25,307,427,416,439,29,29,360,394,207,202,428,364,364,273,314,261
203580,Larry Drew II,1610612740,NOP,28.0,10,105.2,100.7,100.7,113.1,109.8,109.8,-7.9,-9.1,-9.1,0.196,3.33,27.0,0.045,0.0,0.022,8.1,8.1,0.354,0.354,0.17,0.179,94.48,98.0,81.67,98.0,0.009,143,0.7,2.4,266,419,419,495,422,422,433,449,449,111,22,66,177,525,523,128,128,501,509,267,259,526,385,385,512,481,444
1626204,Larry Nance Jr.,1610612739,CLE,25.0,66,104.7,104.9,104.9,103.2,103.9,103.9,1.5,1.0,1.0,0.085,1.61,13.5,0.107,0.199,0.152,8.4,8.4,0.584,0.605,0.155,0.158,101.48,101.03,84.19,101.03,0.128,2984,3.6,6.3,284,273,273,125,153,153,191,199,199,337,231,305,31,87,51,146,146,66,78,350,360,115,166,166,66,177,245
1628374,Lauri Markkanen,1610612741,CHI,21.0,68,100.3,101.5,101.5,110.2,110.5,110.5,-9.8,-9.0,-9.0,0.064,0.95,7.3,0.037,0.217,0.123,7.6,7.6,0.518,0.552,0.215,0.221,100.21,99.49,82.91,99.49,0.114,4183,5.5,12.7,432,393,393,430,446,446,454,448,448,427,419,477,212,55,115,103,103,234,225,135,138,204,266,266,120,74,64
2544,LeBron James,1610612739,CLE,33.0,82,112.7,113.7,113.7,110.9,112.1,112.1,1.7,1.6,1.6,0.432,2.15,25.8,0.033,0.201,0.119,12.0,11.9,0.59,0.621,0.31,0.316,100.1,99.12,82.6,99.12,0.191,6250,10.5,19.3,30,29,29,458,484,484,177,173,173,4,121,79,230,77,123,383,378,59,51,9,9,214,291,291,6,1,6
1628506,London Perrantes,1610612739,CLE,23.0,14,107.0,106.0,106.0,124.1,122.0,122.0,-17.0,-16.0,-16.0,0.102,5.0,23.8,0.015,0.064,0.035,4.8,4.7,0.154,0.23,0.101,0.108,95.78,97.06,80.89,97.06,-0.008,133,0.1,0.9,165,218,218,531,530,530,502,499,499,264,4,101,408,500,516,35,35,528,526,513,507,507,475,475,524,527,524
1628366,Lonzo Ball,1610612747,LAL,20.0,52,103.5,104.7,104.7,104.1,105.3,105.3,-0.6,-0.6,-0.6,0.288,2.76,34.0,0.036,0.153,0.095,12.3,12.3,0.44,0.444,0.169,0.172,104.22,102.97,85.81,102.97,0.098,3821,3.9,10.8,334,277,277,160,220,220,256,250,250,36,48,20,216,178,193,399,399,446,474,270,294,33,73,73,193,162,96
203485,Lorenzo Brown,1610612761,TOR,27.0,14,106.0,105.1,105.1,88.9,90.7,90.7,17.1,14.3,14.3,0.125,4.33,25.5,0.008,0.097,0.056,5.9,5.9,0.441,0.459,0.123,0.128,95.28,94.75,78.96,94.75,0.076,277,1.0,2.4,220,262,262,14,21,21,9,17,17,208,6,81,483,372,394,47,47,442,464,474,470,515,529,529,334,440,443
101150,Lou Williams,1610612746,LAC,31.0,79,110.6,111.8,111.8,110.0,110.2,110.2,0.6,1.6,1.6,0.254,1.78,19.0,0.015,0.059,0.038,10.7,10.6,0.505,0.574,0.285,0.292,102.43,101.77,84.81,101.77,0.127,5504,7.4,16.9,64,49,49,426,435,435,216,174,174,59,189,159,406,507,504,299,300,283,161,25,25,81,118,118,68,27,23
201601,Luc Mbah a Moute,1610612745,HOU,31.0,61,111.8,111.4,111.4,101.2,101.7,101.7,10.6,9.7,9.7,0.052,0.81,10.8,0.015,0.102,0.06,13.4,13.3,0.572,0.595,0.128,0.131,98.95,98.83,82.36,98.83,0.067,3216,2.7,5.7,47,54,54,74,95,95,30,31,31,464,449,401,415,343,359,443,442,89,105,454,456,308,312,312,379,255,268
203512,Lucas Nogueira,1610612761,TOR,25.0,49,108.0,105.5,105.5,96.4,96.2,96.2,11.7,9.3,9.3,0.074,1.38,16.9,0.044,0.16,0.103,12.3,12.3,0.644,0.661,0.114,0.119,98.51,99.77,83.14,99.77,0.106,872,1.0,1.6,135,243,243,30,36,36,22,37,37,391,286,199,181,161,165,400,398,21,20,493,490,341,247,247,156,440,484
1626242,Luis Montero,1610612765,DET,25.0,2,73.9,64.7,64.7,100.0,94.1,94.1,-26.1,-29.4,-29.4,0.0,0.0,0.0,0.0,0.222,0.111,66.7,66.7,0.0,0.0,0.167,0.189,93.22,102.64,85.53,102.64,-0.031,17,0.0,0.5,534,535,535,61,26,26,523,526,526,510,504,510,500,51,147,540,540,529,530,288,220,530,81,81,531,529,533
202337,Luke Babbitt,1610612748,MIA,29.0,50,106.0,105.6,105.6,108.7,108.3,108.3,-2.7,-2.7,-2.7,0.064,1.63,11.3,0.01,0.123,0.067,6.9,6.9,0.563,0.576,0.147,0.151,99.78,100.16,83.47,100.16,0.068,1495,1.8,4.3,218,238,238,391,372,372,311,325,325,429,223,381,473,278,322,79,80,115,151,386,388,237,217,217,376,364,340
1628379,Luke Kennard,1610612765,DET,22.0,73,106.8,107.1,107.1,102.9,103.2,103.2,3.9,3.9,3.9,0.127,1.8,18.0,0.014,0.104,0.059,10.0,10.0,0.53,0.56,0.169,0.175,97.43,97.18,80.98,97.18,0.086,2964,2.8,6.4,180,171,171,118,135,135,118,117,117,204,186,173,424,333,363,257,252,185,198,268,276,437,465,465,278,242,241
1628436,Luke Kornet,1610612752,NYK,22.0,20,101.2,102.2,102.2,112.8,111.5,111.5,-11.6,-9.3,-9.3,0.114,2.17,15.6,0.032,0.158,0.094,7.2,7.1,0.504,0.516,0.189,0.192,100.16,100.19,83.49,100.19,0.083,678,2.5,6.3,406,372,372,487,477,477,477,453,453,229,115,236,243,163,196,89,88,286,357,203,211,211,214,214,297,286,246
2736,Luol Deng,1610612747,LAL,33.0,1,83.7,89.7,89.7,110.4,110.0,110.0,-26.8,-20.3,-20.3,0.111,1.0,25.0,0.0,0.0,0.0,25.0,25.0,0.5,0.5,0.091,0.088,111.4,107.82,89.85,107.82,0.039,29,1.0,2.0,527,510,510,442,428,428,525,511,511,235,398,86,500,525,528,529,529,299,398,521,526,11,21,21,478,440,459
1627781,Malachi Richardson,1610612761,TOR,22.0,26,99.9,100.2,100.2,110.5,108.0,108.0,-10.6,-7.8,-7.8,0.058,1.3,10.6,0.015,0.097,0.053,8.1,8.2,0.4,0.446,0.149,0.152,97.55,98.58,82.15,98.58,0.035,662,1.2,3.5,446,430,430,443,352,352,465,431,431,443,309,407,412,370,417,131,131,483,470,381,383,425,336,336,486,430,397
1627763,Malcolm Brogdon,1610612749,MIL,25.0,48,107.1,107.1,107.1,107.5,109.2,109.2,-0.4,-2.1,-2.1,0.165,2.3,20.1,0.017,0.097,0.058,8.7,8.7,0.547,0.578,0.189,0.193,97.85,97.05,80.88,97.05,0.094,2903,5.1,10.5,164,166,166,338,402,402,253,301,301,150,98,145,372,369,378,162,160,144,141,201,206,405,476,476,212,98,110
1627098,Malcolm Delaney,1610612737,ATL,29.0,54,102.0,101.9,101.9,106.8,106.4,106.4,-4.7,-4.5,-4.5,0.244,2.47,29.4,0.009,0.09,0.049,11.9,11.9,0.463,0.519,0.166,0.17,99.55,99.77,83.14,99.77,0.081,2104,2.0,5.3,378,380,380,306,275,275,370,367,367,70,74,48,481,408,453,374,374,405,348,296,299,250,246,246,305,334,291
1626259,Malcolm Miller,1610612761,TOR,25.0,15,105.9,105.0,105.0,101.4,102.3,102.3,4.5,2.7,2.7,0.034,0.6,7.9,0.031,0.09,0.06,13.2,13.2,0.607,0.638,0.114,0.118,98.87,98.86,82.39,98.86,0.054,259,0.9,1.9,226,265,265,84,108,108,103,142,142,498,481,468,249,407,361,434,434,42,37,489,494,313,309,309,435,463,474
1627736,Malik Beasley,1610612743,DEN,21.0,62,106.3,104.3,104.3,107.3,105.3,105.3,-1.1,-1.0,-1.0,0.077,1.29,12.6,0.023,0.095,0.058,9.8,9.7,0.489,0.509,0.151,0.159,100.98,102.96,85.8,102.96,0.06,1243,1.2,2.9,205,293,293,332,212,212,269,262,262,377,311,333,317,379,376,233,232,341,376,365,355,148,74,74,411,425,426
1628370,Malik Monk,1610612766,CHA,20.0,63,100.6,100.8,100.8,112.7,112.6,112.6,-12.2,-11.8,-11.8,0.178,1.86,15.6,0.008,0.069,0.037,8.4,8.4,0.458,0.477,0.241,0.247,101.64,101.57,84.64,101.57,0.063,1816,2.4,6.7,426,417,417,486,491,491,481,471,471,134,173,233,482,485,507,147,148,416,447,75,77,106,133,133,393,289,225
1628493,Mangok Mathiang,1610612766,CHA,25.0,4,93.0,95.3,95.3,96.7,95.2,95.2,-3.7,0.1,0.1,0.0,0.0,0.0,0.136,0.333,0.233,0.0,0.0,0.571,0.538,0.137,0.152,103.56,103.03,85.86,103.03,0.129,43,1.0,1.8,505,484,484,32,30,30,344,232,232,510,504,510,9,4,4,1,1,90,285,423,384,38,70,70,64,440,480
1938,Manu Ginobili,1610612759,SAS,40.0,65,107.8,107.7,107.7,105.9,105.6,105.6,2.0,2.1,2.1,0.193,1.55,20.7,0.015,0.093,0.054,13.4,13.3,0.503,0.553,0.205,0.212,98.45,98.67,82.22,98.67,0.085,2678,3.1,7.1,142,153,153,262,234,234,169,163,163,113,243,136,417,390,409,442,439,291,221,154,155,349,329,329,285,214,215
202705,MarShon Brooks,1610612763,MEM,29.0,7,112.4,115.3,115.3,115.7,115.7,115.7,-3.4,-0.4,-0.4,0.205,1.56,16.4,0.039,0.077,0.056,10.5,10.4,0.593,0.629,0.271,0.281,99.26,97.95,81.63,97.95,0.147,398,7.3,14.6,37,17,17,511,516,516,336,245,245,103,240,211,202,468,386,291,287,53,44,37,37,273,395,395,38,30,41
201188,Marc Gasol,1610612763,MEM,33.0,73,101.7,102.7,102.7,108.2,109.7,109.7,-6.5,-6.9,-6.9,0.225,1.57,18.3,0.033,0.225,0.127,11.6,11.5,0.473,0.532,0.255,0.261,96.18,95.03,79.19,95.03,0.14,4776,5.9,14.2,387,348,348,364,417,417,407,411,411,87,238,166,236,48,107,358,355,385,304,49,51,498,526,526,44,57,44
101162,Marcin Gortat,1610612764,WAS,34.0,82,106.9,107.4,107.4,105.0,105.3,105.3,1.9,2.1,2.1,0.103,1.53,17.1,0.089,0.213,0.151,11.2,11.2,0.518,0.546,0.153,0.156,98.37,98.0,81.67,98.0,0.104,4243,3.5,6.8,175,160,160,205,213,213,171,157,157,260,251,193,66,63,54,338,337,236,244,357,365,360,384,384,166,181,219
201158,Marco Belinelli,1610612755,PHI,32.0,80,105.3,105.4,105.4,107.2,106.8,106.8,-1.9,-1.4,-1.4,0.115,1.57,13.8,0.01,0.066,0.038,8.8,8.7,0.539,0.581,0.197,0.204,100.88,101.06,84.21,101.06,0.093,4112,4.2,9.6,255,249,249,327,295,295,294,279,279,224,237,294,471,490,503,166,163,166,136,178,175,155,163,163,221,144,136
1627875,Marcus Georges-Hunt,1610612750,MIN,24.0,42,108.6,105.5,105.5,112.5,109.9,109.9,-3.9,-4.4,-4.4,0.045,2.33,10.4,0.03,0.043,0.036,4.5,4.5,0.479,0.515,0.111,0.118,99.84,102.48,85.4,102.48,0.017,473,0.5,1.1,113,244,244,482,425,425,354,362,362,480,92,410,258,519,513,33,32,366,361,502,491,228,90,90,510,496,505
202694,Marcus Morris Sr.,1610612738,BOS,28.0,54,104.7,106.0,106.0,104.8,105.3,105.3,-0.1,0.7,0.7,0.082,1.11,8.9,0.029,0.166,0.097,8.0,8.0,0.499,0.541,0.222,0.227,99.31,98.49,82.08,98.49,0.106,2959,4.9,11.3,283,220,220,190,215,215,244,212,212,348,372,454,268,146,183,120,121,317,272,115,119,271,342,342,153,113,84
1627779,Marcus Paige,1610612766,CHA,24.0,5,120.7,121.1,121.1,110.9,105.2,105.2,9.8,15.9,15.9,0.143,0.0,16.7,0.0,0.167,0.073,0.0,0.0,0.357,0.403,0.224,0.228,96.08,98.51,82.09,98.51,0.077,57,0.8,2.8,9,6,6,455,207,207,37,15,15,177,504,207,500,140,287,1,1,499,495,107,115,500,340,340,323,471,428
203935,Marcus Smart,1610612738,BOS,24.0,54,105.9,105.8,105.8,99.4,99.6,99.6,6.5,6.2,6.2,0.234,2.01,26.9,0.026,0.085,0.056,13.4,13.4,0.44,0.479,0.187,0.192,99.13,99.07,82.56,99.07,0.075,3334,3.5,9.5,230,234,234,52,60,60,66,71,71,81,145,67,288,432,393,445,444,445,440,210,209,291,295,295,338,183,137
201596,Mario Chalmers,1610612763,MEM,32.0,66,101.9,102.3,102.3,105.3,104.8,104.8,-3.4,-2.5,-2.5,0.214,1.68,24.1,0.009,0.104,0.055,14.3,14.3,0.439,0.503,0.186,0.191,99.59,99.62,83.02,99.62,0.072,2956,2.5,6.7,384,371,371,218,188,188,334,320,320,94,214,96,479,329,399,473,470,448,391,213,215,248,256,256,354,275,228
1626209,Mario Hezonja,1610612753,ORL,23.0,75,102.4,103.6,103.6,109.5,109.6,109.6,-7.1,-6.0,-6.0,0.101,1.23,12.4,0.024,0.144,0.084,10.1,10.1,0.515,0.544,0.197,0.2,99.32,98.69,82.24,98.69,0.094,3407,3.6,8.2,367,314,314,417,413,413,421,391,391,268,335,345,294,202,224,258,258,247,258,179,185,268,327,327,213,176,172
203900,Markel Brown,1610612745,HOU,26.0,4,94.1,93.7,93.7,121.9,118.8,118.8,-27.8,-25.1,-25.1,0.105,1.0,18.2,0.029,0.108,0.07,18.2,18.2,0.357,0.357,0.132,0.137,95.35,96.81,80.68,96.81,-0.013,63,0.5,1.8,501,493,493,526,526,526,527,522,522,251,398,168,260,316,301,513,514,499,508,444,445,514,491,491,527,496,480
1628365,Markelle Fultz,1610612755,PHI,20.0,14,102.6,100.9,100.9,96.9,96.1,96.1,5.7,4.8,4.8,0.294,3.12,27.7,0.039,0.105,0.074,8.9,8.9,0.405,0.416,0.218,0.226,105.97,107.3,89.41,107.3,0.094,562,3.2,7.9,360,411,411,35,35,35,79,102,102,34,28,58,203,326,284,178,184,479,491,126,123,20,24,24,215,203,181
202693,Markieff Morris,1610612764,WAS,28.0,73,107.0,108.4,108.4,106.9,107.7,107.7,0.1,0.7,0.7,0.107,1.12,14.0,0.04,0.173,0.107,12.6,12.5,0.536,0.566,0.194,0.197,98.06,97.12,80.93,97.12,0.092,3981,4.5,9.4,170,125,125,313,337,337,236,214,214,246,367,285,199,127,153,409,409,176,180,182,196,386,470,470,230,122,140
1627737,Marquese Chriss,1610612756,PHX,20.0,72,100.5,100.8,100.8,109.9,109.2,109.2,-9.4,-8.4,-8.4,0.081,0.78,11.2,0.046,0.2,0.121,14.5,14.5,0.482,0.509,0.176,0.18,102.74,102.86,85.72,102.86,0.075,3261,2.8,6.6,430,416,416,425,403,403,448,436,436,358,458,385,171,78,120,478,477,356,378,249,254,66,76,76,340,244,234
203104,Marquis Teague,1610612763,MEM,25.0,3,95.5,98.0,98.0,114.7,117.7,117.7,-19.2,-19.7,-19.7,0.241,4.33,38.2,0.012,0.072,0.04,8.8,8.8,0.281,0.302,0.121,0.125,99.81,97.26,81.05,97.26,0.039,152,1.3,5.3,489,464,464,507,525,525,512,509,509,74,6,9,454,473,495,171,168,516,519,475,476,233,458,458,480,415,287
201578,Marreese Speights,1610612753,ORL,30.0,52,104.5,104.9,104.9,104.1,103.4,103.4,0.5,1.6,1.6,0.104,1.0,8.8,0.03,0.152,0.093,8.8,8.8,0.519,0.539,0.265,0.271,99.37,99.52,82.93,99.52,0.089,1401,2.7,6.7,288,270,270,159,139,139,219,176,176,259,398,455,253,182,198,168,173,229,283,43,43,262,264,264,255,260,229
1627850,Marshall Plumlee,1610612749,MIL,25.0,8,91.1,91.1,91.1,90.2,89.6,89.6,0.9,1.5,1.5,0.063,0.67,12.5,0.074,0.245,0.159,18.8,19.9,0.333,0.697,0.111,0.108,104.9,105.27,87.72,105.27,0.083,112,0.1,0.4,509,502,502,15,16,16,205,181,181,432,472,337,93,31,43,516,520,505,12,500,508,26,34,34,296,528,537
101107,Marvin Williams,1610612766,CHA,32.0,78,108.0,108.7,108.7,105.5,107.1,107.1,2.4,1.6,1.6,0.069,1.45,12.4,0.036,0.14,0.089,8.5,8.5,0.57,0.603,0.145,0.147,101.14,100.05,83.38,100.05,0.093,4182,3.3,7.2,137,117,117,243,305,305,159,175,175,411,265,348,218,213,208,149,152,96,82,395,406,133,225,225,219,194,208
203486,Mason Plumlee,1610612743,DEN,28.0,74,107.1,107.5,107.5,108.8,108.2,108.2,-1.7,-0.7,-0.7,0.145,1.39,20.6,0.092,0.182,0.138,14.8,14.8,0.601,0.586,0.161,0.166,99.89,99.99,83.32,99.99,0.098,2984,3.0,5.0,163,158,158,393,363,363,289,253,253,173,282,139,59,111,77,484,484,46,122,317,319,226,231,231,190,232,311
1627856,Matt Costello,1610612759,SAS,24.0,4,127.8,126.6,126.6,103.4,100.0,100.0,24.3,26.6,26.6,0.071,2.0,28.6,0.04,0.276,0.167,14.3,14.3,0.5,0.5,0.071,0.073,94.81,96.89,80.75,96.89,0.057,64,0.5,1.0,6,3,3,132,61,61,7,9,9,396,146,52,197,12,28,467,467,299,398,534,535,521,485,485,424,496,511
1628475,Matt Williams Jr.,1610612748,MIA,24.0,3,131.3,120.8,120.8,56.3,54.2,54.2,75.0,66.7,66.7,0.0,0.0,0.0,0.0,0.083,0.05,14.3,14.3,0.417,0.417,0.28,0.303,95.07,101.05,84.21,101.05,0.0,24,0.7,2.0,5,7,7,4,5,5,2,3,3,510,504,510,500,441,443,467,467,470,489,30,16,517,164,164,515,485,459
203521,Matthew Dellavedova,1610612749,MIL,27.0,38,105.7,104.2,104.2,109.2,109.7,109.7,-3.5,-5.5,-5.5,0.296,2.96,40.8,0.021,0.075,0.047,13.8,13.7,0.457,0.5,0.134,0.139,96.48,97.01,80.84,97.01,0.061,1440,1.4,4.0,238,296,296,409,416,416,340,382,382,33,40,8,344,470,461,456,454,417,397,439,430,489,479,479,401,400,357
203090,Maurice Harkless,1610612757,POR,25.0,59,104.8,105.3,105.3,104.9,105.5,105.5,-0.1,-0.2,-0.2,0.061,1.33,12.7,0.036,0.09,0.063,9.6,9.6,0.577,0.596,0.123,0.126,99.2,98.71,82.26,98.71,0.072,2605,2.5,5.0,280,255,255,199,229,229,245,242,242,437,303,331,219,411,342,225,228,79,103,473,474,280,325,325,355,283,305
1628467,Maxi Kleber,1610612742,DAL,26.0,72,101.5,101.8,101.8,105.3,105.3,105.3,-3.8,-3.6,-3.6,0.066,1.7,12.3,0.055,0.137,0.095,7.2,7.2,0.553,0.576,0.135,0.138,97.9,97.78,81.49,97.78,0.08,2436,2.1,4.3,392,384,384,223,218,218,347,344,344,423,208,352,146,230,194,90,92,131,152,432,438,401,414,414,308,323,342
203086,Meyers Leonard,1610612757,POR,26.0,33,104.5,103.3,103.3,114.4,112.1,112.1,-9.8,-8.8,-8.8,0.11,1.7,15.6,0.047,0.251,0.144,9.2,9.1,0.66,0.676,0.155,0.163,99.24,100.77,83.98,100.77,0.12,538,1.4,2.4,289,326,326,505,485,485,453,446,446,240,208,234,167,25,68,200,195,16,15,349,335,276,177,177,84,410,447
201563,Michael Beasley,1610612752,NYK,29.0,74,105.3,106.6,106.6,110.8,110.6,110.6,-5.5,-4.0,-4.0,0.122,0.86,10.8,0.057,0.191,0.123,12.6,12.5,0.528,0.556,0.261,0.266,99.47,98.96,82.47,98.96,0.122,3409,5.5,10.9,254,189,189,452,452,452,386,354,354,216,439,400,139,97,114,410,407,195,212,44,47,259,304,304,79,73,94
203487,Michael Carter-Williams,1610612766,CHA,26.0,52,103.9,103.5,103.5,107.1,106.9,106.9,-3.2,-3.5,-3.5,0.214,2.23,26.4,0.04,0.131,0.081,11.8,11.9,0.362,0.446,0.166,0.169,97.49,97.75,81.46,97.75,0.07,1699,1.5,4.4,314,319,319,323,302,302,329,342,342,95,106,72,198,246,239,372,376,497,471,295,305,430,420,420,367,399,333
203077,Michael Kidd-Gilchrist,1610612766,CHA,24.0,74,108.1,109.0,109.0,105.8,107.2,107.2,2.3,1.8,1.8,0.057,1.34,9.3,0.044,0.115,0.079,7.0,7.0,0.504,0.536,0.159,0.161,101.05,99.95,83.3,99.95,0.074,3844,3.8,7.6,133,109,109,260,310,310,164,168,168,444,295,443,186,302,255,81,81,289,291,334,348,139,236,236,342,165,194
201144,Mike Conley,1610612763,MEM,30.0,12,103.2,102.6,102.6,103.1,105.1,105.1,0.1,-2.6,-2.6,0.234,2.72,18.8,0.0,0.07,0.036,6.9,6.8,0.452,0.52,0.26,0.271,96.32,95.68,79.73,95.68,0.109,745,5.3,14.0,345,356,356,124,204,204,234,322,322,80,51,160,500,482,509,78,77,424,345,45,44,494,522,522,130,81,47
1628455,Mike James,1610612740,NOP,27.0,36,104.4,103.5,103.5,107.1,106.1,106.1,-2.7,-2.6,-2.6,0.279,2.57,23.6,0.017,0.104,0.06,9.2,9.2,0.424,0.469,0.237,0.244,104.94,105.83,88.19,105.83,0.1,1513,3.4,8.9,299,317,317,320,259,259,312,323,323,44,65,104,377,334,361,201,203,465,458,83,82,25,32,32,183,186,153
203488,Mike Muscala,1610612737,ATL,26.0,53,103.2,103.5,103.5,108.1,107.9,107.9,-4.9,-4.4,-4.4,0.074,1.21,11.8,0.049,0.152,0.1,9.7,9.7,0.558,0.597,0.149,0.154,102.53,102.51,85.43,102.51,0.096,2275,2.7,5.9,341,320,320,362,349,349,376,363,363,389,340,366,162,183,172,232,235,124,100,378,376,76,88,88,207,257,260
203118,Mike Scott,1610612764,WAS,29.0,76,106.4,105.6,105.6,107.2,107.6,107.6,-0.8,-2.0,-2.0,0.093,1.01,11.2,0.036,0.141,0.088,11.1,11.0,0.59,0.599,0.194,0.201,98.92,99.15,82.63,99.15,0.096,2894,3.6,6.9,197,240,240,330,332,332,258,299,299,308,396,386,222,211,213,329,327,58,90,185,182,310,288,288,202,179,217
203101,Miles Plumlee,1610612737,ATL,29.0,55,99.7,99.1,99.1,106.6,106.4,106.4,-6.9,-7.3,-7.3,0.074,0.71,14.2,0.082,0.16,0.121,19.9,20.0,0.583,0.574,0.127,0.129,100.29,100.64,83.87,100.64,0.071,1916,1.9,3.3,450,447,447,294,274,274,415,419,419,388,465,279,76,160,121,521,521,67,159,457,466,199,183,183,360,351,403
1628462,Milos Teodosic,1610612746,LAC,31.0,45,109.2,109.8,109.8,107.0,107.4,107.4,2.2,2.4,2.4,0.252,2.15,30.4,0.014,0.09,0.054,14.1,14.1,0.542,0.564,0.178,0.181,102.21,101.75,84.79,101.75,0.079,2418,3.4,8.0,97,87,87,316,321,321,166,155,155,60,120,38,426,406,415,463,464,153,184,243,250,87,121,121,315,190,178
1628495,Milton Doyle,1610612751,BKN,24.0,10,99.1,96.6,96.6,102.5,101.9,101.9,-3.4,-5.3,-5.3,0.122,5.0,16.1,0.021,0.125,0.069,3.2,3.2,0.319,0.337,0.173,0.185,100.59,102.15,85.13,102.15,0.03,266,1.3,4.7,456,479,479,107,103,103,337,379,379,215,4,223,331,264,310,25,25,511,514,254,243,178,106,106,497,419,325
1627851,Mindaugas Kuzminskas,1610612752,NYK,28.0,1,0.0,0.0,0.0,0.0,0.0,0.0,0.0,0.0,0.0,0.0,0.0,0.0,0.0,0.0,0.0,0.0,0.0,0.0,0.0,0.5,0.5,90.81,116.76,97.3,116.76,-4.0,4,0.0,2.0,539,539,539,1,1,1,237,236,236,510,504,510,500,525,528,1,1,529,530,1,2,535,9,9,540,529,459
203141,Mirza Teletovic,1610612749,MIL,32.0,10,97.6,98.2,98.2,108.9,108.6,108.6,-11.3,-10.4,-10.4,0.103,1.43,13.5,0.021,0.128,0.077,9.5,9.5,0.623,0.623,0.183,0.187,98.59,98.46,82.05,98.46,0.097,327,2.5,5.7,479,460,460,399,384,384,472,462,462,261,272,304,334,256,265,217,216,34,49,223,230,336,346,346,200,280,266
1628420,Monte Morris,1610612743,DEN,23.0,3,102.8,100.0,100.0,112.6,114.8,114.8,-9.9,-14.8,-14.8,0.368,7.0,46.7,0.0,0.08,0.041,6.7,6.7,0.667,0.727,0.136,0.139,103.04,103.46,86.22,103.46,0.167,55,1.3,2.0,355,431,431,485,508,508,455,495,495,10,2,5,500,455,489,67,70,15,11,430,431,51,55,55,16,415,459
1626149,Montrezl Harrell,1610612746,LAC,24.0,76,109.7,109.1,109.1,107.4,107.0,107.0,2.3,2.1,2.1,0.093,1.09,9.5,0.081,0.146,0.115,8.7,8.6,0.636,0.647,0.227,0.237,101.86,102.39,85.32,102.39,0.144,2756,4.6,7.2,81,108,108,335,303,303,163,158,158,306,379,440,80,194,138,161,156,23,28,100,93,100,95,95,42,121,209
1627988,Myke Henry,1610612763,MEM,25.0,20,105.1,105.6,105.6,110.7,109.7,109.7,-5.6,-4.1,-4.1,0.083,1.16,14.3,0.026,0.081,0.052,12.3,12.3,0.463,0.472,0.148,0.152,98.99,99.15,82.63,99.15,0.053,782,2.1,5.5,270,237,237,447,420,420,388,356,356,346,357,272,290,447,433,401,401,404,455,384,382,301,287,287,438,327,278
1626167,Myles Turner,1610612754,IND,22.0,65,108.0,108.3,108.3,104.8,105.3,105.3,3.2,3.0,3.0,0.071,0.91,9.5,0.052,0.174,0.114,10.5,10.5,0.523,0.567,0.199,0.202,98.11,97.74,81.45,97.74,0.1,3739,4.7,9.8,136,127,127,193,216,216,138,138,138,403,431,438,153,125,139,290,294,213,174,176,178,379,423,423,181,117,132
203489,Nate Wolters,1610612762,UTA,27.0,5,110.2,105.4,105.4,106.6,105.9,105.9,3.5,-0.5,-0.5,0.077,0.0,14.3,0.045,0.056,0.05,0.0,0.0,0.167,0.167,0.125,0.138,88.37,90.72,75.6,90.72,-0.026,37,0.2,1.2,70,247,247,301,247,247,125,247,247,373,504,272,172,514,443,1,1,526,529,465,436,537,538,538,529,522,503
1628513,Naz Mitrou-Long,1610612762,UTA,24.0,1,266.0,250.0,250.0,0.0,0.0,0.0,266.0,250.0,250.0,0.0,0.0,0.0,0.0,0.0,0.0,0.0,0.0,1.5,1.5,0.5,0.532,133.78,139.35,116.13,139.35,0.6,2,1.0,1.0,1,1,1,1,1,1,1,1,1,510,504,510,500,525,528,1,1,1,1,1,1,1,1,1,1,440,511
202357,Nemanja Bjelica,1610612750,MIN,30.0,67,108.4,107.8,107.8,108.0,107.8,107.8,0.4,0.0,0.0,0.088,1.65,16.2,0.039,0.164,0.101,9.8,9.8,0.563,0.581,0.139,0.143,99.07,99.42,82.85,99.42,0.082,2843,2.6,5.5,117,145,145,359,344,344,220,237,237,324,218,219,205,148,168,238,241,113,137,417,419,296,271,271,299,274,273
2403,Nene,1610612745,HOU,35.0,52,115.5,115.2,115.2,98.4,98.1,98.1,17.1,17.1,17.1,0.093,1.18,12.3,0.074,0.156,0.116,10.4,10.3,0.569,0.594,0.183,0.188,101.77,102.06,85.05,102.06,0.092,1607,2.6,4.6,15,18,18,44,48,48,10,14,14,305,347,351,97,172,133,278,275,101,107,228,226,103,110,110,226,264,330
203457,Nerlens Noel,1610612742,DAL,24.0,30,95.1,93.8,93.8,106.6,106.1,106.1,-11.6,-12.3,-12.3,0.07,0.77,12.3,0.092,0.273,0.174,16.0,15.9,0.524,0.558,0.131,0.136,98.31,99.28,82.73,99.28,0.115,976,1.8,3.5,491,492,492,300,255,255,476,478,478,407,459,350,61,15,17,498,498,207,204,448,451,370,281,281,108,361,395
2555,Nick Collison,1610612760,OKC,37.0,15,98.5,97.4,97.4,101.7,100.6,100.6,-3.2,-3.2,-3.2,0.087,0.57,11.1,0.086,0.176,0.129,19.4,19.6,0.684,0.627,0.181,0.188,99.05,100.1,83.42,100.1,0.09,156,0.9,1.3,467,471,471,88,78,78,330,335,335,328,485,389,68,118,98,519,518,12,46,236,224,298,222,222,242,463,495
201156,Nick Young,1610612744,GSW,33.0,80,108.5,106.8,106.8,105.3,106.0,106.0,3.1,0.8,0.8,0.038,0.92,6.1,0.015,0.071,0.044,6.6,6.6,0.538,0.562,0.169,0.176,100.99,101.41,84.51,101.41,0.061,2952,2.5,6.1,116,179,179,224,253,253,140,206,206,492,427,497,416,481,477,65,64,169,192,275,268,146,144,144,407,279,251
201587,Nicolas Batum,1610612766,CHA,29.0,64,107.7,109.2,109.2,107.7,109.6,109.6,0.0,-0.4,-0.4,0.255,2.66,29.6,0.028,0.124,0.075,11.1,11.0,0.486,0.523,0.178,0.182,101.62,100.07,83.39,100.07,0.104,4140,4.2,10.2,148,103,103,351,412,412,241,244,244,57,59,47,274,275,275,333,328,348,336,242,248,108,224,224,165,143,120
1627852,Nicolas Brussino,1610612737,ATL,25.0,4,114.3,125.0,125.0,40.5,36.4,36.4,73.8,88.6,88.6,0.0,0.0,0.0,0.0,0.2,0.12,0.0,0.0,0.0,0.0,0.083,0.087,100.84,101.72,84.76,101.72,0.041,20,0.0,0.5,20,5,5,3,3,3,3,2,2,510,504,510,500,79,122,1,1,529,530,530,527,159,124,124,475,529,533
1628502,Nigel Hayes-Davis,1610612758,SAC,23.0,9,98.0,99.6,99.6,94.9,95.7,95.7,3.1,3.8,3.8,0.077,3.0,14.3,0.03,0.145,0.086,4.8,4.7,0.394,0.393,0.131,0.138,93.47,92.33,76.94,92.33,0.061,235,1.2,3.7,475,442,442,26,34,34,144,118,118,373,32,272,254,198,221,35,36,485,499,446,442,529,535,535,403,422,380
203917,Nik Stauskas,1610612751,BKN,24.0,41,100.0,99.7,99.7,105.9,104.3,104.3,-6.0,-4.6,-4.6,0.115,1.5,16.9,0.007,0.107,0.057,11.3,11.2,0.519,0.543,0.159,0.164,99.05,99.94,83.28,99.94,0.072,1086,1.5,3.8,444,440,440,266,168,168,396,370,370,226,255,201,487,318,380,339,336,226,264,335,331,297,237,237,351,398,373
203999,Nikola Jokić,1610612743,DEN,23.0,75,112.6,114.0,114.0,108.0,107.8,107.8,4.6,6.2,6.2,0.286,2.18,25.3,0.081,0.254,0.168,11.6,11.6,0.554,0.603,0.238,0.242,98.04,97.52,81.27,97.52,0.169,4983,6.7,13.5,32,23,23,360,342,342,99,72,72,38,114,85,79,23,26,357,357,130,81,82,85,389,443,443,14,38,54
202703,Nikola Mirotic,1610612740,NOP,27.0,55,109.6,109.6,109.6,105.1,105.4,105.4,4.5,4.2,4.2,0.079,1.29,9.0,0.038,0.213,0.127,7.0,7.0,0.546,0.577,0.223,0.23,103.2,103.04,85.86,103.04,0.13,3214,5.6,12.4,87,91,91,210,225,225,101,109,109,364,312,450,209,61,105,82,82,145,147,108,109,47,69,69,59,72,67
202696,Nikola Vučević,1610612753,ORL,27.0,57,105.2,106.1,106.1,106.5,107.5,107.5,-1.3,-1.3,-1.3,0.184,1.75,16.2,0.059,0.249,0.153,9.2,9.2,0.513,0.533,0.252,0.256,102.38,101.48,84.57,101.48,0.139,3565,7.0,14.7,263,216,216,292,330,330,276,276,276,125,192,221,134,29,50,205,206,257,302,54,58,84,137,137,46,34,40
203943,Noah Vonleh,1610612741,CHI,22.0,54,100.9,102.5,102.5,104.7,104.6,104.6,-3.8,-2.1,-2.1,0.059,1.1,10.5,0.074,0.265,0.167,9.5,9.6,0.487,0.509,0.142,0.145,99.08,98.37,81.97,98.37,0.108,1794,1.9,4.3,415,361,361,184,182,182,349,304,304,441,375,409,96,17,27,221,220,346,379,408,414,295,354,354,140,349,338
1626181,Norman Powell,1610612761,TOR,25.0,70,105.5,104.8,104.8,105.9,106.7,106.7,-0.4,-1.9,-1.9,0.122,1.35,16.4,0.013,0.1,0.056,12.1,12.1,0.472,0.492,0.185,0.192,99.41,99.41,82.84,99.41,0.056,2210,2.1,5.3,245,275,275,263,289,289,248,294,294,214,294,215,436,358,387,389,386,387,419,214,213,260,272,272,432,318,286
1628384,OG Anunoby,1610612761,TOR,20.0,74,112.4,113.0,113.0,102.2,103.0,103.0,10.2,10.0,10.0,0.049,1.22,11.7,0.03,0.09,0.061,9.5,9.5,0.577,0.587,0.121,0.124,100.23,99.62,83.01,99.62,0.056,3068,2.2,4.7,35,33,33,102,126,126,33,28,28,473,336,373,251,409,351,220,218,80,121,476,480,201,257,257,428,309,327
1627855,Okaro White,1610612739,CLE,25.0,6,102.5,101.2,101.2,103.0,100.6,100.6,-0.5,0.6,0.6,0.034,2.0,10.0,0.041,0.099,0.071,5.0,4.9,0.563,0.577,0.101,0.105,98.32,100.15,83.46,100.15,0.057,165,1.2,2.7,364,401,401,120,77,77,254,216,216,497,146,425,193,361,296,37,37,117,144,514,511,367,218,218,425,426,430
204179,Omari Johnson,1610612763,MEM,29.0,4,123.2,126.5,126.5,119.0,116.0,116.0,4.2,10.5,10.5,0.106,2.33,22.6,0.06,0.103,0.081,9.7,9.7,0.524,0.524,0.139,0.14,98.12,98.11,81.76,98.11,0.053,151,2.3,5.3,8,4,4,520,521,521,111,27,27,248,92,112,129,337,236,229,231,207,334,420,428,378,370,370,436,305,295
201600,Omer Asik,1610612741,CHI,31.0,18,105.5,104.5,104.5,112.1,110.9,110.9,-6.6,-6.4,-6.4,0.02,0.33,7.5,0.054,0.208,0.134,22.5,22.7,0.409,0.397,0.09,0.091,99.8,100.81,84.01,100.81,0.027,379,0.5,1.2,247,288,288,479,458,458,409,399,399,509,498,475,150,67,87,528,528,476,498,523,524,235,174,174,501,496,499
201956,Omri Casspi,1610612744,GSW,30.0,53,107.9,106.5,106.5,102.8,103.4,103.4,5.1,3.2,3.2,0.099,1.38,15.7,0.044,0.205,0.132,11.4,11.4,0.604,0.632,0.157,0.163,101.62,102.01,85.01,102.01,0.119,1577,2.3,3.9,139,195,195,115,140,140,88,137,137,274,285,231,182,72,92,347,347,44,41,345,339,109,114,114,92,304,365
203490,Otto Porter Jr.,1610612764,WAS,25.0,77,109.6,110.3,110.3,104.5,105.1,105.1,5.0,5.1,5.1,0.096,2.09,13.4,0.044,0.161,0.104,6.4,6.4,0.581,0.602,0.182,0.185,98.35,97.75,81.45,97.75,0.124,4966,5.8,11.5,88,74,74,174,205,205,89,96,96,296,131,309,180,158,163,60,60,73,84,229,244,362,422,422,76,63,79
200782,P.J. Tucker,1610612745,HOU,33.0,82,113.7,114.8,114.8,102.9,103.4,103.4,10.8,11.4,11.4,0.047,1.04,12.4,0.041,0.16,0.101,12.0,12.0,0.52,0.537,0.103,0.105,99.54,98.82,82.35,98.82,0.059,4692,2.1,5.4,23,19,19,119,142,142,29,24,24,477,392,344,192,159,170,378,380,220,286,510,513,252,314,314,414,322,283
1628408,PJ Dozier,1610612760,OKC,21.0,2,80.0,66.7,66.7,108.7,100.0,100.0,-28.7,-33.3,-33.3,0.0,0.0,0.0,0.0,0.2,0.125,33.3,33.3,0.5,0.5,0.429,0.5,86.11,97.86,81.55,97.86,0.0,6,0.5,1.0,531,533,533,387,61,61,528,528,528,510,504,510,500,79,110,535,535,299,398,3,2,538,405,405,515,496,511
1627783,Pascal Siakam,1610612761,TOR,24.0,81,111.1,111.2,111.2,102.0,102.3,102.3,9.0,8.9,8.9,0.133,2.37,21.0,0.048,0.168,0.109,8.9,8.8,0.537,0.549,0.154,0.16,98.6,98.4,82.0,98.4,0.102,3441,3.1,6.1,56,57,57,91,109,109,40,39,39,192,87,132,165,135,150,173,170,170,237,352,352,334,350,350,173,208,250
1626192,Pat Connaughton,1610612757,POR,25.0,82,107.6,107.8,107.8,104.7,103.5,103.5,2.8,4.3,4.3,0.085,2.12,16.8,0.023,0.08,0.052,7.9,7.9,0.518,0.539,0.128,0.133,98.51,99.01,82.51,99.01,0.058,3073,2.0,4.8,154,146,146,183,143,143,150,106,106,336,129,204,305,454,430,116,116,235,281,452,453,344,298,298,419,335,321
201976,Patrick Beverley,1610612746,LAC,29.0,11,109.9,110.9,110.9,105.5,104.9,104.9,4.4,6.0,6.0,0.15,1.28,17.4,0.047,0.092,0.069,13.6,13.6,0.504,0.53,0.198,0.2,96.18,95.99,79.99,95.99,0.076,660,4.4,10.8,75,60,60,238,192,192,105,78,78,165,318,186,166,398,313,450,450,285,311,177,189,497,513,513,329,136,97
1627775,Patrick McCaw,1610612744,GSW,22.0,57,107.2,106.4,106.4,107.9,109.8,109.8,-0.7,-3.5,-3.5,0.113,1.98,22.4,0.017,0.065,0.042,11.4,11.3,0.451,0.477,0.125,0.129,101.08,100.58,83.82,100.58,0.046,2007,1.6,3.9,159,202,202,358,424,424,257,343,343,230,160,116,373,493,484,345,345,430,445,464,463,137,189,189,462,382,363
202335,Patrick Patterson,1610612760,OKC,29.0,82,102.7,102.6,102.6,105.0,105.7,105.7,-2.3,-3.1,-3.1,0.068,1.73,15.1,0.024,0.128,0.074,8.7,8.8,0.523,0.555,0.112,0.114,96.69,96.4,80.34,96.4,0.074,2552,1.3,3.2,358,350,350,203,238,238,300,332,332,416,199,247,300,255,277,162,167,215,217,498,502,480,502,502,343,420,406
201988,Patty Mills,1610612759,SAS,29.0,82,107.7,107.8,107.8,104.8,105.3,105.3,2.9,2.6,2.6,0.158,2.16,21.5,0.012,0.061,0.036,10.0,9.9,0.523,0.558,0.172,0.177,97.29,97.02,80.85,97.02,0.075,4260,3.4,8.3,145,143,143,189,214,214,148,147,147,157,119,127,455,505,510,250,246,211,205,258,264,446,478,478,336,188,170
2200,Pau Gasol,1610612759,SAS,37.0,77,102.6,102.6,102.6,101.3,101.6,101.6,1.3,1.0,1.0,0.208,2.2,22.3,0.069,0.256,0.164,10.1,10.1,0.492,0.539,0.201,0.205,97.14,97.0,80.83,97.0,0.15,3674,3.7,8.1,361,354,354,76,91,91,194,198,198,101,109,117,106,21,35,263,266,335,279,168,174,455,480,480,36,170,175
202331,Paul George,1610612760,OKC,28.0,79,108.1,109.7,109.7,105.2,106.0,106.0,3.0,3.7,3.7,0.143,1.24,13.3,0.023,0.132,0.076,10.7,10.6,0.521,0.57,0.248,0.254,100.31,99.23,82.69,99.23,0.12,5978,7.3,17.0,128,88,88,216,250,250,147,123,123,176,332,317,307,242,271,303,303,218,168,64,61,197,284,284,85,29,21
200794,Paul Millsap,1610612743,DEN,33.0,38,111.1,111.8,111.8,107.0,107.8,107.8,4.1,3.9,3.9,0.139,1.44,15.4,0.058,0.153,0.107,10.7,10.7,0.509,0.549,0.217,0.222,98.74,98.06,81.72,98.06,0.105,2340,5.3,11.4,55,50,50,318,345,345,113,114,114,183,271,242,136,180,155,302,305,269,239,130,134,325,377,377,162,83,81
1627835,Paul Zipser,1610612741,CHI,24.0,54,97.4,97.7,97.7,109.8,109.9,109.9,-12.4,-12.2,-12.2,0.086,1.07,13.7,0.015,0.147,0.078,12.8,12.9,0.425,0.445,0.156,0.16,97.17,96.96,80.8,96.96,0.042,1658,1.5,4.3,481,468,468,422,426,426,483,476,476,332,382,297,408,191,258,417,420,462,472,348,353,452,483,483,473,392,338
203112,Quincy Acy,1610612751,BKN,27.0,70,105.2,104.8,104.8,108.1,106.7,106.7,-2.9,-1.9,-1.9,0.061,0.95,11.2,0.028,0.153,0.091,11.7,11.8,0.496,0.525,0.143,0.146,100.02,100.89,84.08,100.89,0.058,2856,1.9,5.2,265,274,274,361,292,292,320,293,293,434,420,388,269,181,205,365,372,328,328,404,411,220,170,170,423,357,296
202347,Quincy Pondexter,1610612741,CHI,30.0,23,87.2,88.3,88.3,111.9,109.1,109.1,-24.7,-20.8,-20.8,0.078,0.82,11.7,0.035,0.103,0.066,14.3,14.4,0.316,0.398,0.151,0.152,98.73,99.34,82.78,99.34,0.019,402,0.6,2.1,519,512,512,474,399,399,520,513,513,370,447,370,223,335,327,467,475,513,497,370,385,327,277,277,509,488,455
1626188,Quinn Cook,1610612744,GSW,25.0,33,106.4,106.2,106.2,107.6,108.4,108.4,-1.2,-2.2,-2.2,0.179,2.78,23.2,0.014,0.094,0.055,8.3,8.3,0.575,0.593,0.176,0.18,99.1,98.82,82.35,98.82,0.087,1522,3.7,7.6,200,213,213,344,376,376,274,305,305,132,46,108,433,386,400,137,140,82,109,247,255,294,316,316,263,173,190
1626154,RJ Hunter,1610612745,HOU,24.0,5,98.7,96.7,96.7,95.0,95.7,95.7,3.8,1.1,1.1,0.111,1.5,12.0,0.0,0.094,0.049,8.0,7.7,0.425,0.455,0.214,0.231,97.35,97.96,81.64,97.96,0.052,92,1.4,4.0,462,477,477,27,33,33,119,194,194,235,255,360,500,382,451,121,106,463,467,140,103,443,391,391,440,403,357
200765,Rajon Rondo,1610612740,NOP,32.0,65,106.8,107.5,107.5,106.3,106.8,106.8,0.5,0.8,0.8,0.406,3.53,44.5,0.018,0.124,0.074,12.6,12.6,0.518,0.522,0.164,0.166,104.13,103.59,86.32,103.59,0.115,3675,3.6,7.6,178,157,157,280,296,296,218,210,210,7,18,6,363,269,283,411,413,232,339,304,316,34,53,53,114,180,192
201196,Ramon Sessions,1610612764,WAS,32.0,28,100.8,99.9,99.9,109.9,110.7,110.7,-9.1,-10.8,-10.8,0.297,2.57,30.8,0.015,0.086,0.049,12.0,12.0,0.393,0.479,0.187,0.192,98.71,98.82,82.35,98.82,0.079,810,1.5,4.2,419,437,437,424,453,453,446,466,466,32,67,35,413,427,452,380,382,486,441,212,210,329,313,313,319,392,348
1626173,Rashad Vaughn,1610612753,ORL,21.0,28,106.6,104.9,104.9,108.6,106.7,106.7,-1.9,-1.8,-1.8,0.09,2.17,16.7,0.016,0.085,0.052,7.7,7.7,0.536,0.546,0.137,0.142,95.55,97.15,80.96,97.15,0.063,427,0.8,2.0,190,271,271,379,294,294,296,287,287,318,115,207,403,434,431,104,106,175,246,422,423,512,468,468,391,470,459
203526,Raul Neto,1610612762,UTA,26.0,41,107.7,104.9,104.9,96.8,95.4,95.4,10.9,9.5,9.5,0.23,2.08,27.1,0.014,0.079,0.048,13.0,13.0,0.52,0.55,0.173,0.182,98.29,100.31,83.59,100.31,0.088,1051,1.7,3.7,147,268,268,33,32,32,27,32,32,86,132,65,422,462,458,424,424,225,232,256,249,371,207,207,259,375,378
101109,Raymond Felton,1610612760,OKC,34.0,82,103.5,103.5,103.5,105.2,104.7,104.7,-1.7,-1.3,-1.3,0.255,2.67,23.9,0.018,0.097,0.056,9.0,8.9,0.479,0.494,0.21,0.216,95.71,95.93,79.94,95.93,0.101,2722,2.7,6.7,331,321,321,215,184,184,290,274,274,55,56,99,367,368,388,184,185,366,416,146,147,509,515,515,175,254,226
203493,Reggie Bullock Jr.,1610612765,DET,27.0,62,106.3,107.5,107.5,105.6,106.9,106.9,0.7,0.6,0.6,0.081,2.02,13.4,0.015,0.072,0.043,6.6,6.6,0.603,0.615,0.153,0.155,99.55,98.41,82.01,98.41,0.084,3551,4.3,8.8,203,159,159,246,300,300,212,217,217,359,143,310,411,475,479,64,66,45,60,359,369,251,348,348,292,138,158
203687,Reggie Hearn,1610612765,DET,26.0,3,80.4,71.4,71.4,105.6,107.1,107.1,-25.2,-35.7,-35.7,0.0,0.0,0.0,0.0,0.0,0.0,0.0,0.0,0.75,0.75,0.105,0.115,96.48,101.41,84.51,101.41,0.129,14,0.3,0.7,530,532,532,247,309,309,521,532,532,510,504,510,500,525,528,1,1,8,7,507,500,488,145,145,62,512,529
202704,Reggie Jackson,1610612765,DET,28.0,45,106.1,107.1,107.1,105.9,106.6,106.6,0.2,0.4,0.4,0.331,2.4,24.5,0.023,0.084,0.052,10.2,10.2,0.471,0.516,0.265,0.27,97.6,96.84,80.7,96.84,0.108,2425,5.5,12.8,215,173,173,264,284,284,228,222,222,18,83,94,308,440,428,267,269,389,358,42,45,421,488,488,144,76,61
2210,Richard Jefferson,1610612743,DEN,38.0,20,98.1,97.1,97.1,111.9,110.3,110.3,-13.8,-13.2,-13.2,0.135,3.0,30.0,0.011,0.099,0.052,10.0,10.0,0.481,0.499,0.089,0.094,98.83,100.04,83.37,100.04,0.047,342,0.6,1.4,472,473,473,475,443,443,492,485,485,188,32,44,463,362,434,251,253,357,407,524,522,317,226,226,459,489,492
1626158,Richaun Holmes,1610612755,PHI,24.0,48,105.3,104.1,104.1,106.2,105.7,105.7,-0.9,-1.6,-1.6,0.122,2.44,17.5,0.074,0.182,0.131,7.2,7.1,0.568,0.585,0.159,0.166,102.63,103.41,86.18,103.41,0.115,1601,2.8,5.0,260,298,298,275,239,239,264,282,282,213,81,182,95,108,95,87,86,102,125,329,321,70,57,57,113,243,306
201937,Ricky Rubio,1610612762,UTA,27.0,77,105.6,105.9,105.9,101.3,101.2,101.2,4.3,4.7,4.7,0.283,1.98,26.5,0.02,0.139,0.08,13.4,13.3,0.476,0.537,0.222,0.229,97.62,97.48,81.24,97.48,0.115,4575,4.5,10.7,243,223,223,77,86,86,107,103,103,40,159,71,350,219,250,444,438,374,287,113,114,417,448,448,106,125,100
203496,Robert Covington,1610612755,PHI,27.0,80,109.8,109.9,109.9,99.0,100.0,100.0,10.9,9.9,9.9,0.084,1.24,13.3,0.022,0.137,0.082,10.7,10.7,0.534,0.563,0.168,0.172,101.97,101.42,84.52,101.42,0.09,5347,4.3,10.5,77,81,81,51,61,61,28,30,30,342,333,316,325,229,235,307,306,178,188,280,291,93,143,143,250,137,113
201577,Robin Lopez,1610612741,CHI,30.0,64,100.2,101.6,101.6,107.0,107.7,107.7,-6.8,-6.1,-6.1,0.119,1.16,13.6,0.074,0.093,0.083,11.7,11.7,0.533,0.552,0.203,0.206,99.99,99.0,82.5,99.0,0.087,3491,5.3,10.1,435,391,391,317,339,339,413,394,394,220,356,301,94,388,229,363,363,181,226,160,170,221,299,299,265,80,123
203918,Rodney Hood,1610612739,CLE,25.0,60,107.2,106.6,106.6,108.6,108.9,108.9,-1.4,-2.3,-2.3,0.097,1.36,9.8,0.014,0.091,0.052,7.2,7.2,0.513,0.546,0.24,0.247,98.04,98.22,81.85,98.22,0.09,3309,5.4,12.5,160,193,193,381,394,394,280,312,312,292,289,431,432,405,429,91,90,255,245,76,78,390,361,361,248,78,66
203585,Rodney McGruder,1610612748,MIA,26.0,18,112.0,111.9,111.9,105.9,106.5,106.5,6.1,5.5,5.5,0.075,4.25,17.5,0.035,0.078,0.055,4.1,4.1,0.596,0.595,0.114,0.118,97.13,96.89,80.74,96.89,0.066,604,2.0,4.1,41,47,47,261,278,278,71,88,88,384,9,181,226,463,402,28,28,49,106,491,492,456,486,486,381,336,355
1628681,Rodney Purvis,1610612753,ORL,24.0,16,97.8,98.3,98.3,106.4,107.4,107.4,-8.6,-9.1,-9.1,0.092,1.7,12.1,0.003,0.085,0.043,7.1,7.1,0.388,0.423,0.187,0.191,98.86,98.13,81.77,98.13,0.032,590,2.2,6.7,476,457,457,284,322,322,439,450,450,313,208,353,498,430,482,86,87,489,486,211,216,314,368,368,496,312,231
1627758,Ron Baker,1610612752,NYK,25.0,29,108.2,107.1,107.1,104.0,103.9,103.9,4.2,3.2,3.2,0.161,2.61,34.3,0.014,0.064,0.04,13.1,13.3,0.432,0.504,0.102,0.103,98.08,98.64,82.2,98.64,0.058,786,0.7,2.0,122,167,167,157,156,156,110,135,135,154,62,19,427,499,493,432,436,457,388,512,516,384,330,330,417,482,458
1626178,Rondae Hollis-Jefferson,1610612751,BKN,23.0,68,105.3,105.9,105.9,108.4,109.6,109.6,-3.1,-3.7,-3.7,0.143,1.38,14.6,0.05,0.175,0.113,10.6,10.5,0.481,0.548,0.217,0.222,102.01,101.18,84.32,101.18,0.119,4033,5.0,10.6,256,228,228,374,415,415,328,348,348,175,284,262,156,120,143,296,292,359,240,131,132,92,156,156,90,104,107
1626220,Royce O'Neale,1610612762,UTA,25.0,69,107.6,106.3,106.3,97.4,97.6,97.6,10.3,8.7,8.7,0.122,1.73,20.3,0.022,0.175,0.101,11.8,11.8,0.496,0.54,0.14,0.145,97.61,98.08,81.74,98.08,0.092,2344,1.7,4.1,150,207,207,38,44,44,32,41,41,217,199,142,323,119,171,368,365,327,274,414,412,419,373,373,223,371,353
200752,Rudy Gay,1610612759,SAS,31.0,57,105.6,106.4,106.4,103.9,103.9,103.9,1.7,2.5,2.5,0.097,0.94,9.7,0.06,0.175,0.117,10.4,10.4,0.506,0.545,0.237,0.242,97.45,97.08,80.9,97.08,0.125,2499,4.4,9.4,242,201,201,154,157,157,180,150,150,293,423,434,127,121,131,279,283,279,252,84,86,435,474,474,73,132,138
203497,Rudy Gobert,1610612762,UTA,26.0,56,106.0,107.7,107.7,97.7,98.3,98.3,8.3,9.4,9.4,0.068,0.75,10.5,0.093,0.234,0.165,14.1,14.0,0.622,0.657,0.163,0.166,98.99,97.87,81.56,97.87,0.147,3700,4.9,7.9,222,147,147,40,50,50,45,33,33,412,464,408,57,38,32,460,459,35,22,308,320,303,404,404,39,109,181
201566,Russell Westbrook,1610612760,OKC,29.0,80,110.0,112.3,112.3,104.4,105.6,105.6,5.7,6.6,6.6,0.464,2.15,26.3,0.048,0.226,0.133,12.2,12.1,0.477,0.524,0.326,0.332,101.19,99.59,82.99,99.59,0.186,6037,9.5,21.1,72,41,41,173,235,235,83,66,66,2,122,75,163,44,89,393,388,370,335,7,7,125,259,259,10,4,1
201583,Ryan Anderson,1610612745,HOU,30.0,66,112.6,113.8,113.8,106.5,106.9,106.9,6.1,6.9,6.9,0.05,1.43,9.6,0.054,0.139,0.096,6.7,6.7,0.568,0.592,0.141,0.143,100.21,99.5,82.92,99.5,0.077,3579,3.1,7.3,33,28,28,291,301,301,72,60,60,472,272,436,149,216,186,71,72,104,112,411,420,205,265,265,328,206,207
1627853,Ryan Arcidiacono,1610612741,CHI,24.0,24,99.0,100.2,100.2,103.8,102.5,102.5,-4.8,-2.3,-2.3,0.161,2.69,38.0,0.003,0.077,0.039,14.1,14.2,0.524,0.55,0.081,0.081,100.1,100.14,83.45,100.14,0.057,630,0.7,1.7,458,429,429,149,113,113,375,315,315,155,54,11,499,467,498,465,465,205,231,532,534,215,219,219,427,478,483
1626257,Salah Mejri,1610612742,DAL,32.0,61,106.5,105.1,105.1,103.7,103.1,103.1,2.8,2.0,2.0,0.071,0.9,14.5,0.113,0.216,0.165,16.1,16.2,0.642,0.644,0.126,0.129,95.97,96.86,80.71,96.86,0.103,1466,1.4,2.2,195,259,259,140,132,132,152,164,164,396,435,268,25,58,34,499,500,22,31,460,462,503,487,487,169,401,451
1626155,Sam Dekker,1610612746,LAC,24.0,73,108.0,106.6,106.6,103.7,102.5,102.5,4.3,4.2,4.2,0.059,1.15,10.7,0.05,0.136,0.095,9.3,9.3,0.514,0.534,0.148,0.154,101.87,103.18,85.98,103.18,0.079,1889,1.8,3.5,134,187,187,144,112,112,108,111,111,442,358,405,158,234,190,208,209,253,297,383,374,99,62,62,316,368,389
203816,Scotty Hopson,1610612742,DAL,28.0,1,87.1,77.3,77.3,123.0,113.6,113.6,-35.9,-36.4,-36.4,0.2,1.0,25.0,0.0,0.0,0.0,25.0,25.8,0.0,0.266,0.111,0.117,114.12,126.04,105.03,126.04,-0.031,22,0.0,1.0,520,528,528,528,499,499,531,533,533,107,398,86,500,525,528,529,531,529,521,500,495,7,5,5,530,529,511
203930,Sean Kilpatrick,1610612741,CHI,28.0,52,101.2,101.7,101.7,110.7,110.3,110.3,-9.4,-8.6,-8.6,0.121,1.21,11.2,0.007,0.131,0.066,9.3,9.3,0.452,0.507,0.242,0.247,100.05,99.97,83.31,99.97,0.086,1334,2.1,5.7,405,387,387,446,436,436,449,440,440,218,342,384,485,247,326,207,208,424,384,73,75,217,234,234,277,319,269
1628400,Semi Ojeleye,1610612738,BOS,23.0,73,99.0,97.1,97.1,103.8,103.6,103.6,-4.7,-6.5,-6.5,0.026,0.8,8.0,0.031,0.106,0.068,10.0,10.0,0.452,0.473,0.088,0.091,97.35,98.38,81.99,98.38,0.032,2343,0.9,2.6,457,472,472,147,148,148,373,401,401,507,451,467,247,323,317,248,250,428,452,526,525,442,351,351,494,459,434
201586,Serge Ibaka,1610612761,TOR,28.0,76,111.8,112.8,112.8,104.6,106.1,106.1,7.2,6.8,6.8,0.044,0.69,6.3,0.037,0.183,0.112,9.1,9.1,0.552,0.574,0.189,0.192,100.82,99.68,83.07,99.68,0.098,4353,5.0,10.3,45,35,35,181,256,256,55,63,63,483,468,495,210,107,145,194,196,138,162,200,208,161,252,252,191,106,118
203498,Shabazz Muhammad,1610612749,MIL,25.0,43,104.0,103.0,103.0,115.2,115.7,115.7,-11.2,-12.7,-12.7,0.055,2.33,6.1,0.057,0.136,0.095,2.6,2.6,0.465,0.51,0.225,0.23,99.51,99.74,83.12,99.74,0.09,866,2.0,4.4,310,341,341,509,517,517,470,480,480,457,92,498,142,235,189,24,24,401,374,105,106,257,249,249,243,346,337
203894,Shabazz Napier,1610612757,POR,26.0,74,105.7,106.0,106.0,103.6,103.6,103.6,2.1,2.4,2.4,0.149,1.67,18.1,0.017,0.09,0.054,10.8,10.8,0.497,0.544,0.192,0.198,97.4,97.3,81.08,97.3,0.099,3117,3.0,7.2,237,219,219,137,149,149,167,154,154,167,217,171,379,410,412,315,314,325,260,192,194,439,455,455,189,225,212
203499,Shane Larkin,1610612738,BOS,25.0,54,100.8,99.0,99.0,98.9,98.6,98.6,1.9,0.5,0.5,0.21,2.97,26.6,0.019,0.101,0.059,9.0,9.0,0.454,0.491,0.153,0.158,95.78,96.81,80.68,96.81,0.084,1565,1.6,4.1,418,448,448,50,53,53,170,221,221,99,39,69,357,347,367,186,188,422,420,358,361,506,492,492,290,386,355
1627885,Shaquille Harrison,1610612756,PHX,24.0,23,107.0,107.9,107.9,104.2,101.8,101.8,2.9,6.1,6.1,0.199,2.5,25.3,0.023,0.13,0.077,10.1,10.1,0.5,0.54,0.173,0.179,103.84,104.62,87.18,104.62,0.101,836,2.6,5.4,169,140,140,164,97,97,149,75,75,109,70,83,311,251,267,265,262,299,275,253,257,36,41,41,178,273,282
2733,Shaun Livingston,1610612744,GSW,32.0,71,109.8,108.1,108.1,101.3,102.2,102.2,8.5,5.8,5.8,0.169,2.41,24.8,0.033,0.08,0.059,10.3,10.2,0.501,0.533,0.165,0.172,99.89,100.22,83.52,100.22,0.075,2346,2.4,4.8,79,134,134,80,107,107,44,83,83,142,82,92,239,451,365,272,270,294,303,298,293,227,212,212,335,291,320
202714,Shelvin Mack,1610612753,ORL,28.0,69,102.3,103.1,103.1,105.2,105.7,105.7,-2.9,-2.7,-2.7,0.308,3.06,33.2,0.016,0.102,0.059,10.9,10.9,0.488,0.518,0.175,0.179,98.32,97.72,81.44,97.72,0.103,2776,2.6,6.0,368,338,338,217,241,241,319,324,324,25,29,23,391,338,364,316,317,344,352,250,258,369,426,426,167,270,253
1628414,Sindarius Thornwell,1610612746,LAC,23.0,73,104.0,103.0,103.0,105.3,105.4,105.4,-1.3,-2.4,-2.4,0.081,1.28,17.3,0.028,0.086,0.058,13.5,13.5,0.479,0.519,0.118,0.123,101.17,101.64,84.7,101.64,0.045,2427,1.4,3.2,309,344,344,222,223,223,277,318,318,355,316,188,271,428,377,448,447,368,350,484,483,127,128,128,468,411,410
1627746,Skal Labissiere,1610612758,SAC,22.0,60,104.1,104.5,104.5,108.8,108.8,108.8,-4.7,-4.3,-4.3,0.088,0.99,11.1,0.078,0.157,0.117,11.2,11.1,0.467,0.513,0.204,0.209,97.87,97.64,81.37,97.64,0.084,2519,3.4,7.6,304,287,287,392,392,392,371,361,361,325,416,393,86,170,129,337,335,396,366,156,159,404,435,435,288,186,191
203524,Solomon Hill,1610612740,NOP,27.0,12,103.4,101.9,101.9,106.3,107.1,107.1,-2.9,-5.2,-5.2,0.14,2.44,29.3,0.046,0.124,0.087,12.0,12.1,0.317,0.332,0.113,0.116,107.16,107.48,89.57,107.48,0.033,417,0.9,3.4,339,379,379,279,307,307,323,378,378,180,79,49,170,268,216,380,384,512,517,494,498,14,23,23,490,458,399
203915,Spencer Dinwiddie,1610612751,BKN,25.0,80,106.2,107.3,107.3,108.9,108.6,108.6,-2.7,-1.3,-1.3,0.349,4.09,32.8,0.016,0.094,0.054,8.0,8.0,0.471,0.527,0.201,0.206,99.57,99.2,82.67,99.2,0.108,4751,4.1,10.5,209,163,163,397,381,381,310,275,275,15,10,27,388,387,408,121,120,391,322,167,168,249,286,286,148,151,111
1626169,Stanley Johnson,1610612765,DET,22.0,69,103.8,104.6,104.6,104.3,105.2,105.2,-0.4,-0.6,-0.6,0.086,1.45,13.7,0.017,0.115,0.065,9.4,9.5,0.435,0.48,0.161,0.164,98.63,97.81,81.51,97.81,0.059,3848,3.0,8.1,318,281,281,169,211,211,252,252,252,330,265,296,378,300,331,216,217,454,434,315,329,333,408,408,413,221,176
201939,Stephen Curry,1610612744,GSW,30.0,51,120.4,120.6,120.6,105.7,107.7,107.7,14.8,13.0,13.0,0.272,2.03,21.4,0.024,0.124,0.079,10.6,10.5,0.618,0.675,0.29,0.298,105.99,104.92,87.43,104.92,0.165,3575,8.4,16.9,10,8,8,250,336,336,13,22,22,47,141,129,297,272,253,297,288,37,16,22,21,19,37,37,20,13,22
1628425,Sterling Brown,1610612749,MIL,23.0,54,102.8,102.5,102.5,103.7,105.0,105.0,-0.9,-2.5,-2.5,0.049,1.0,9.4,0.035,0.147,0.091,9.4,9.4,0.478,0.503,0.135,0.139,98.36,97.83,81.53,97.83,0.063,1578,1.5,3.8,354,358,358,139,200,200,263,321,321,474,398,442,225,192,201,215,214,369,390,431,434,361,406,406,392,390,371
203500,Steven Adams,1610612760,OKC,24.0,76,109.8,112.1,112.1,104.8,105.7,105.7,4.9,6.4,6.4,0.051,0.69,8.3,0.142,0.123,0.133,12.1,12.1,0.629,0.63,0.16,0.162,100.32,98.84,82.37,98.84,0.109,5119,5.9,9.4,80,44,44,191,242,242,93,69,69,465,469,463,7,279,90,390,389,28,42,324,343,195,310,310,132,60,141
1628388,T.J. Leaf,1610612754,IND,21.0,53,103.5,101.4,101.4,113.5,113.1,113.1,-10.0,-11.7,-11.7,0.028,0.9,5.6,0.058,0.119,0.087,6.2,6.2,0.537,0.545,0.136,0.144,98.99,100.13,83.44,100.13,0.061,972,1.2,2.6,333,394,394,497,494,494,456,469,469,503,432,502,138,292,218,54,54,172,251,427,417,302,221,221,404,423,436
204456,T.J. McConnell,1610612755,PHI,26.0,76,103.2,103.0,103.0,104.2,104.4,104.4,-1.0,-1.4,-1.4,0.258,2.71,35.5,0.021,0.1,0.062,13.1,13.1,0.531,0.545,0.134,0.138,102.44,102.41,85.34,102.41,0.099,3631,2.8,5.5,346,340,340,167,171,171,268,278,278,53,53,17,337,353,346,430,433,183,248,433,441,80,93,93,185,251,272
203933,T.J. Warren,1610612756,PHX,24.0,65,102.1,103.3,103.3,111.6,112.2,112.2,-9.5,-9.0,-9.0,0.069,1.0,6.3,0.055,0.093,0.074,6.3,6.3,0.507,0.541,0.243,0.249,102.61,101.69,84.74,101.69,0.107,4526,8.1,16.4,377,328,328,469,488,488,450,447,447,409,398,494,147,389,280,59,59,273,271,70,73,72,126,126,151,16,25
201959,Taj Gibson,1610612750,MIN,33.0,82,111.8,113.2,113.2,107.1,108.5,108.5,4.7,4.6,4.6,0.051,1.11,9.9,0.072,0.146,0.109,8.9,8.8,0.581,0.61,0.144,0.147,98.45,97.18,80.99,97.18,0.094,5513,5.2,9.0,48,31,31,322,378,378,98,104,104,466,369,430,100,195,149,174,175,72,71,399,407,350,463,463,217,90,150
204028,Tarik Black,1610612745,HOU,26.0,51,98.5,97.7,97.7,104.8,105.0,105.0,-6.3,-7.3,-7.3,0.042,0.37,6.5,0.108,0.181,0.144,17.4,17.3,0.594,0.582,0.147,0.154,100.93,101.28,84.4,101.28,0.073,1136,1.5,2.5,466,467,467,192,196,196,402,417,417,485,497,491,29,112,67,511,508,51,134,385,378,153,151,151,349,396,439
1627752,Taurean Prince,1610612737,ATL,24.0,82,102.9,103.8,103.8,109.8,111.4,111.4,-6.9,-7.5,-7.5,0.135,1.12,14.7,0.02,0.138,0.078,13.1,13.1,0.516,0.549,0.216,0.221,101.17,100.03,83.36,100.03,0.09,5145,5.1,11.9,350,309,309,423,471,471,414,425,425,190,365,256,349,225,259,431,431,241,236,134,136,128,228,228,241,100,76
1628390,Terrance Ferguson,1610612760,OKC,20.0,61,103.9,104.9,104.9,110.4,109.4,109.4,-6.5,-4.5,-4.5,0.035,1.73,9.3,0.023,0.038,0.03,5.4,5.4,0.533,0.545,0.104,0.105,97.55,97.5,81.25,97.5,0.028,1543,1.1,2.8,316,269,269,438,408,408,405,364,364,496,199,444,302,520,520,42,42,182,254,509,512,426,445,445,500,433,429
203082,Terrence Ross,1610612753,ORL,27.0,24,103.4,103.9,103.9,105.7,107.7,107.7,-2.3,-3.8,-3.8,0.088,1.31,14.0,0.016,0.102,0.059,10.7,10.6,0.476,0.505,0.166,0.17,103.4,102.21,85.18,102.21,0.061,1279,3.2,8.0,338,304,304,255,338,338,303,349,349,323,307,289,399,339,372,300,297,373,385,293,300,41,103,103,405,205,180
1626179,Terry Rozier,1610612738,BOS,24.0,80,104.0,104.3,104.3,101.0,101.6,101.6,3.0,2.6,2.6,0.184,2.9,19.7,0.029,0.144,0.087,6.8,6.8,0.491,0.52,0.199,0.204,98.03,97.59,81.33,97.59,0.118,4209,4.0,10.0,306,292,292,69,93,93,145,145,145,126,42,151,262,201,217,73,75,337,347,174,176,391,440,440,97,158,126
200757,Thabo Sefolosha,1610612762,UTA,34.0,38,106.8,104.6,104.6,102.1,100.8,100.8,4.8,3.8,3.8,0.066,1.1,10.1,0.038,0.17,0.104,9.1,9.2,0.558,0.591,0.162,0.168,96.83,98.47,82.05,98.47,0.114,1649,3.1,6.3,179,280,280,95,79,79,96,119,119,421,374,422,208,131,161,197,201,123,113,312,308,471,345,345,119,211,242
201152,Thaddeus Young,1610612754,IND,30.0,81,108.6,108.7,108.7,104.2,105.0,105.0,4.5,3.7,3.7,0.085,1.45,13.1,0.074,0.128,0.101,9.0,9.0,0.521,0.528,0.171,0.175,97.56,97.17,80.97,97.17,0.09,5285,5.2,10.7,112,119,119,166,197,197,104,122,122,338,269,321,98,258,169,189,192,219,319,262,280,424,466,466,240,89,104
1628418,Thomas Bryant,1610612747,LAL,20.0,15,103.2,100.0,100.0,106.4,105.9,105.9,-3.3,-5.9,-5.9,0.128,3.0,18.2,0.041,0.197,0.117,6.1,6.1,0.405,0.441,0.161,0.167,99.77,101.6,84.66,101.6,0.075,153,0.5,1.4,344,431,431,288,247,247,333,389,389,201,32,168,196,89,128,49,50,480,476,320,311,240,130,130,339,495,490
1627748,Thon Maker,1610612749,MIL,21.0,74,106.2,105.8,105.8,110.4,110.8,110.8,-4.2,-5.0,-5.0,0.055,1.05,10.3,0.064,0.13,0.097,9.8,9.8,0.46,0.499,0.147,0.15,97.21,97.25,81.04,97.25,0.05,2491,1.8,4.3,210,231,231,440,457,457,361,375,375,456,390,416,115,248,182,239,242,411,406,388,395,449,459,459,450,367,344
204025,Tim Frazier,1610612764,WAS,27.0,59,103.7,102.4,102.4,107.9,108.0,108.0,-4.2,-5.5,-5.5,0.327,3.4,44.4,0.021,0.121,0.07,13.0,13.1,0.445,0.475,0.125,0.13,97.47,98.02,81.68,98.02,0.085,1715,1.2,2.9,323,365,365,357,354,354,362,384,384,22,20,7,333,285,307,425,428,437,449,462,460,432,382,382,281,432,423
203501,Tim Hardaway Jr.,1610612752,NYK,26.0,57,105.4,107.9,107.9,109.2,109.8,109.8,-3.8,-1.9,-1.9,0.123,1.68,13.1,0.016,0.099,0.057,7.8,7.8,0.496,0.533,0.229,0.232,100.62,99.13,82.61,99.13,0.091,3893,6.3,15.0,252,139,139,405,423,423,346,292,292,211,213,320,398,360,382,109,112,326,301,94,100,175,289,289,234,46,35
1627817,Tim Quarterman,1610612745,HOU,23.0,3,55.7,53.1,53.1,92.2,90.0,90.0,-36.5,-36.9,-36.9,0.25,0.5,14.3,0.0,0.188,0.1,28.6,29.1,0.333,0.515,0.167,0.175,112.56,116.71,97.25,116.71,0.1,32,0.3,1.0,536,536,536,18,18,18,532,534,534,62,491,272,500,101,174,533,533,505,360,288,270,9,10,10,180,512,511
202389,Timofey Mozgov,1610612751,BKN,31.0,31,94.2,93.4,93.4,105.5,106.2,106.2,-11.2,-12.8,-12.8,0.05,0.33,7.3,0.083,0.178,0.129,22.0,22.0,0.581,0.617,0.161,0.165,104.51,104.62,87.18,104.62,0.085,789,1.7,3.0,498,494,494,241,261,261,471,481,481,470,498,476,75,116,97,527,527,74,56,321,328,29,42,42,286,376,417
1627789,Timothe Luwawu-Cabarrot,1610612755,PHI,23.0,52,103.4,102.6,102.6,102.7,102.7,102.7,0.7,-0.1,-0.1,0.098,1.42,14.0,0.017,0.064,0.041,9.9,9.9,0.474,0.511,0.168,0.174,102.46,102.87,85.72,102.87,0.041,1727,1.9,5.1,337,351,351,112,120,120,211,238,238,281,277,287,381,498,486,242,245,383,370,278,286,79,75,75,476,350,301
202699,Tobias Harris,1610612746,LAC,25.0,80,106.7,108.3,108.3,109.3,110.6,110.6,-2.6,-2.3,-2.3,0.115,1.83,12.0,0.021,0.145,0.081,6.5,6.5,0.535,0.565,0.227,0.232,99.52,98.2,81.84,98.2,0.113,5464,7.0,15.3,188,129,129,411,450,450,309,308,308,225,178,361,339,197,237,62,62,177,183,98,99,256,362,362,122,33,34
203107,Tomas Satoransky,1610612764,WAS,26.0,73,107.4,107.1,107.1,104.8,105.6,105.6,2.6,1.5,1.5,0.246,3.45,35.9,0.045,0.099,0.072,10.4,10.4,0.585,0.615,0.134,0.137,98.2,97.98,81.65,97.98,0.106,3367,2.8,5.3,157,169,169,188,233,233,154,178,178,65,19,14,175,363,290,286,286,65,62,435,443,373,388,388,154,252,294
2754,Tony Allen,1610612740,NOP,36.0,22,105.2,101.7,101.7,103.7,103.7,103.7,1.6,-2.0,-2.0,0.051,0.47,7.0,0.074,0.091,0.083,14.7,14.8,0.505,0.514,0.181,0.191,102.96,104.7,87.25,104.7,0.036,591,2.0,4.1,262,389,389,138,151,151,187,297,297,468,494,482,99,403,231,483,486,281,364,234,214,55,39,39,484,336,352
1628396,Tony Bradley,1610612762,UTA,20.0,9,103.5,93.8,93.8,97.5,96.8,96.8,6.0,-2.9,-2.9,0.056,0.0,7.7,0.105,0.25,0.167,0.0,0.0,0.273,0.337,0.158,0.175,99.33,104.74,87.29,104.74,0.088,65,0.3,1.2,330,491,491,39,37,37,73,331,331,450,504,470,33,26,28,1,1,517,513,339,277,267,38,38,258,512,499
2225,Tony Parker,1610612759,SAS,36.0,55,104.5,104.5,104.5,105.3,105.8,105.8,-0.9,-1.2,-1.2,0.282,2.87,28.4,0.007,0.083,0.045,9.9,9.9,0.472,0.498,0.201,0.206,97.14,96.93,80.78,96.93,0.094,2170,3.2,7.1,292,284,284,227,243,243,261,271,271,42,43,56,490,443,473,245,248,388,409,164,171,454,484,484,214,200,216
203503,Tony Snell,1610612749,MIL,26.0,75,108.8,109.4,109.4,108.8,110.3,110.3,0.0,-0.9,-0.9,0.064,2.72,16.9,0.005,0.066,0.036,6.2,6.2,0.562,0.578,0.105,0.106,98.83,97.9,81.59,97.9,0.051,4180,2.5,5.7,108,95,95,396,442,442,242,261,261,428,51,203,496,489,511,53,55,118,140,508,509,316,401,401,449,285,267
1628470,Torrey Craig,1610612743,DEN,27.0,39,109.4,108.0,108.0,111.1,110.9,110.9,-1.8,-2.9,-2.9,0.054,1.25,12.8,0.064,0.134,0.1,10.2,10.1,0.515,0.535,0.116,0.122,99.3,100.03,83.35,100.03,0.056,1300,1.6,3.5,93,136,136,461,461,461,292,330,330,459,323,329,117,237,176,268,265,250,294,487,484,272,229,229,429,383,392
204037,Travis Wear,1610612747,LAL,27.0,17,104.4,104.0,104.0,103.2,101.9,101.9,1.2,2.1,2.1,0.045,1.17,7.9,0.0,0.163,0.081,6.7,6.8,0.465,0.497,0.152,0.158,100.19,101.04,84.2,101.04,0.052,480,1.5,4.2,297,302,302,128,102,102,198,161,161,478,350,469,500,152,243,72,74,402,412,362,358,209,165,165,443,396,346
1626203,Treveon Graham,1610612766,CHA,24.0,63,103.4,103.4,103.4,108.3,108.0,108.0,-4.9,-4.6,-4.6,0.082,2.19,17.7,0.036,0.079,0.056,8.1,8.1,0.525,0.553,0.112,0.115,99.23,99.36,82.8,99.36,0.047,2174,1.5,3.5,336,322,322,369,356,356,377,368,368,350,112,177,215,457,390,127,129,202,224,499,501,278,276,276,458,389,394
2772,Trevor Ariza,1610612745,HOU,33.0,67,112.1,113.9,113.9,104.3,105.6,105.6,7.8,8.3,8.3,0.066,2.02,12.5,0.014,0.116,0.065,6.2,6.1,0.542,0.567,0.141,0.143,100.42,99.0,82.5,99.0,0.077,4674,4.0,9.7,40,26,26,171,236,236,51,44,44,420,144,342,419,298,333,52,51,152,177,413,418,188,300,300,322,156,135
202344,Trevor Booker,1610612754,IND,30.0,68,106.2,105.0,105.0,106.6,105.7,105.7,-0.4,-0.7,-0.7,0.106,1.39,15.6,0.097,0.172,0.134,11.3,11.2,0.528,0.557,0.159,0.165,100.58,101.57,84.64,101.57,0.1,2448,2.6,5.0,211,267,267,295,240,240,249,254,254,250,283,232,49,128,88,340,340,196,207,331,326,180,132,132,182,266,304
203504,Trey Burke,1610612752,NYK,25.0,36,110.4,111.1,111.1,114.2,115.3,115.3,-3.8,-4.2,-4.2,0.329,3.95,27.4,0.017,0.074,0.045,6.9,6.9,0.552,0.563,0.249,0.253,99.5,98.67,82.23,98.67,0.129,1607,5.4,10.7,66,58,58,501,512,512,350,358,358,20,12,61,386,471,471,80,79,137,187,63,65,258,328,328,63,79,104
1626168,Trey Lyles,1610612743,DEN,22.0,73,108.1,108.2,108.2,109.0,108.4,108.4,-0.9,-0.2,-0.2,0.105,1.49,11.9,0.039,0.215,0.125,8.0,8.0,0.566,0.591,0.205,0.211,98.77,98.97,82.48,98.97,0.128,2873,3.7,7.5,132,130,130,400,377,377,262,240,240,255,261,363,206,60,112,119,122,107,114,155,156,322,303,303,65,172,195
203590,Trey McKinney-Jones,1610612754,IND,27.0,1,138.9,100.0,100.0,138.9,133.3,133.3,0.0,-33.3,-33.3,0.0,0.0,0.0,0.0,0.0,0.0,0.0,0.0,0.0,0.0,0.0,0.0,112.09,136.22,113.51,136.22,0.0,4,0.0,0.0,2,431,431,535,537,537,237,528,528,510,504,510,500,525,528,1,1,529,530,538,538,10,2,2,515,529,538
202684,Tristan Thompson,1610612739,CLE,27.0,53,107.0,107.7,107.7,112.1,113.2,113.2,-5.1,-5.5,-5.5,0.043,0.92,9.8,0.113,0.21,0.161,10.7,10.6,0.562,0.569,0.121,0.124,100.54,99.74,83.12,99.74,0.085,2221,2.5,4.4,172,154,154,480,495,495,378,383,383,484,429,432,26,64,41,298,304,120,172,477,479,181,250,250,282,284,332
203584,Troy Daniels,1610612756,PHX,26.0,79,101.0,101.1,101.1,113.3,113.3,113.3,-12.4,-12.2,-12.2,0.047,0.86,6.8,0.007,0.069,0.037,8.0,7.9,0.563,0.583,0.168,0.174,101.63,101.6,84.67,101.6,0.058,3439,2.9,7.3,412,403,403,496,498,498,484,473,473,476,440,483,489,484,508,118,117,116,129,277,281,107,129,129,422,234,206
1627786,Troy Williams,1610612752,NYK,23.0,21,106.9,108.0,108.0,113.9,112.0,112.0,-7.1,-3.9,-3.9,0.071,0.84,10.3,0.071,0.137,0.103,12.2,12.1,0.518,0.544,0.192,0.196,101.16,101.48,84.57,101.48,0.079,647,2.4,5.2,176,135,135,499,483,483,419,352,352,396,444,418,102,231,166,391,387,230,259,195,201,129,136,136,314,289,297
1628463,Tyler Cavanaugh,1610612737,ATL,24.0,39,105.2,105.0,105.0,108.2,107.1,107.1,-2.9,-2.1,-2.1,0.076,2.08,13.4,0.081,0.171,0.122,6.5,6.5,0.546,0.567,0.139,0.144,100.62,101.19,84.32,101.19,0.082,1092,1.7,3.9,264,264,264,363,308,308,321,300,300,380,133,306,81,130,116,61,61,145,173,416,416,176,155,155,302,372,366
1628416,Tyler Dorsey,1610612737,ATL,22.0,56,100.9,101.5,101.5,109.3,108.7,108.7,-8.4,-7.1,-7.1,0.128,2.14,15.1,0.016,0.112,0.064,7.1,7.0,0.471,0.494,0.193,0.2,100.72,100.73,83.94,100.73,0.07,2043,2.6,6.8,416,392,392,412,385,385,438,413,413,199,128,248,387,308,339,83,83,390,417,187,190,167,179,179,369,272,221
203898,Tyler Ennis,1610612747,LAL,23.0,54,101.6,101.2,101.2,102.2,103.0,103.0,-0.6,-1.7,-1.7,0.234,2.76,27.6,0.026,0.101,0.065,10.0,10.0,0.451,0.473,0.169,0.175,101.46,101.29,84.4,101.29,0.081,1444,1.7,4.1,388,400,400,103,127,127,255,285,285,82,49,60,285,345,334,251,256,431,453,271,279,117,150,150,304,370,350
204020,Tyler Johnson,1610612748,MIA,26.0,72,105.1,105.5,105.5,103.9,104.5,104.5,1.2,1.0,1.0,0.123,2.04,16.3,0.016,0.105,0.06,8.0,8.0,0.518,0.549,0.18,0.185,98.1,97.65,81.37,97.65,0.087,4177,4.3,9.9,268,242,242,155,176,176,196,197,197,212,140,216,390,325,355,123,123,231,238,238,245,382,434,434,267,139,130
1628399,Tyler Lydon,1610612743,DEN,22.0,1,104.2,75.0,75.0,225.0,225.0,225.0,-120.8,-150.0,-150.0,0.0,0.0,0.0,0.0,0.0,0.0,0.0,0.0,0.0,0.0,0.0,0.0,76.21,88.62,73.85,88.62,0.0,4,0.0,0.0,303,530,530,540,540,540,540,540,540,510,504,510,500,525,528,1,1,529,530,538,538,539,540,540,515,529,538
1627755,Tyler Ulis,1610612756,PHX,22.0,71,100.2,101.4,101.4,110.2,110.0,110.0,-10.1,-8.6,-8.6,0.282,2.45,30.0,0.014,0.061,0.037,12.3,12.3,0.426,0.465,0.184,0.187,101.34,100.85,84.04,100.85,0.073,3477,3.0,7.8,438,397,397,435,427,427,458,442,442,41,78,42,435,504,506,398,400,461,460,219,233,121,173,173,347,224,184
203092,Tyler Zeller,1610612749,MIL,28.0,66,105.7,106.8,106.8,106.1,106.0,106.0,-0.3,0.8,0.8,0.063,1.0,10.2,0.094,0.168,0.131,10.2,10.2,0.575,0.598,0.157,0.161,100.69,100.25,83.54,100.25,0.096,2318,2.8,5.1,239,182,182,273,251,251,247,207,207,430,398,419,56,137,94,269,268,84,97,342,346,170,210,210,201,239,303
201936,Tyreke Evans,1610612763,MEM,28.0,52,105.8,106.5,106.5,105.6,106.4,106.4,0.2,0.1,0.1,0.304,2.3,21.0,0.027,0.137,0.083,9.1,9.1,0.523,0.561,0.277,0.286,96.44,95.78,79.82,95.78,0.16,3218,7.0,15.6,231,197,197,245,272,272,226,231,231,27,99,131,277,227,232,198,194,212,196,33,33,490,520,520,25,32,31
1627820,Tyrone Wallace,1610612746,LAC,24.0,30,106.0,106.1,106.1,107.1,107.6,107.6,-1.1,-1.5,-1.5,0.115,1.54,17.7,0.024,0.091,0.058,11.5,11.5,0.466,0.517,0.159,0.163,103.56,103.25,86.04,103.25,0.06,1833,3.7,8.2,224,217,217,321,333,333,271,281,281,227,247,176,298,401,373,350,356,400,353,332,338,40,59,59,410,175,171
2199,Tyson Chandler,1610612756,PHX,35.0,46,100.0,100.9,100.9,111.3,111.1,111.1,-11.2,-10.2,-10.2,0.065,0.9,15.4,0.109,0.241,0.174,17.2,17.4,0.647,0.658,0.105,0.106,101.0,100.63,83.86,100.63,0.108,2413,2.6,4.1,440,409,409,464,463,463,469,458,458,425,434,241,28,35,18,509,510,19,21,506,510,145,184,184,143,263,354
1626145,Tyus Jones,1610612750,MIN,22.0,82,111.8,110.8,110.8,105.7,105.2,105.2,6.1,5.6,5.6,0.215,3.93,35.6,0.011,0.083,0.047,9.0,9.0,0.526,0.572,0.124,0.129,96.79,97.49,81.24,97.49,0.09,2985,1.8,4.0,43,62,62,254,209,209,70,86,86,93,13,16,465,442,465,190,189,200,165,470,465,475,447,447,246,363,357
2617,Udonis Haslem,1610612748,MIA,38.0,14,95.5,91.4,91.4,93.9,92.3,92.3,1.7,-0.9,-0.9,0.119,2.5,21.7,0.039,0.092,0.065,8.7,8.7,0.233,0.252,0.113,0.121,91.27,94.11,78.42,94.11,0.021,139,0.2,1.1,488,500,500,24,23,23,183,260,260,221,70,123,204,396,329,160,164,522,523,495,486,534,532,532,507,521,507
203505,Vander Blue,1610612747,LAL,25.0,5,103.9,103.2,103.2,88.0,85.6,85.6,15.9,17.6,17.6,0.086,1.0,25.0,0.0,0.022,0.013,25.0,25.3,0.2,0.255,0.085,0.085,100.77,102.59,85.49,102.59,-0.014,95,0.2,1.0,315,333,333,11,12,12,11,13,13,333,398,86,500,524,527,529,530,524,522,528,530,162,85,85,528,522,511
203506,Victor Oladipo,1610612754,IND,26.0,75,109.3,109.9,109.9,102.9,104.0,104.0,6.4,5.9,5.9,0.209,1.47,15.8,0.019,0.132,0.077,10.7,10.7,0.537,0.577,0.295,0.3,98.83,98.04,81.7,98.04,0.148,5225,8.5,17.9,96,83,83,116,159,159,67,80,80,100,263,230,354,243,266,305,308,171,149,17,19,318,379,379,37,9,15
1713,Vince Carter,1610612758,SAC,41.0,58,102.0,103.4,103.4,106.2,106.7,106.7,-4.2,-3.3,-3.3,0.099,1.92,17.1,0.017,0.13,0.071,8.9,8.9,0.504,0.523,0.144,0.147,96.83,95.91,79.92,95.91,0.073,2050,2.0,4.9,383,324,324,274,291,291,360,338,338,279,167,195,380,250,297,181,181,290,338,402,408,470,516,516,350,343,318
1626205,Vincent Hunter,1610612763,MEM,23.0,4,98.3,105.9,105.9,93.2,75.0,75.0,5.1,30.9,30.9,0.0,0.0,0.0,0.182,0.167,0.176,16.7,16.7,0.6,0.6,0.25,0.269,101.1,106.93,89.11,106.93,0.25,17,0.8,1.3,470,225,225,20,7,7,87,4,4,510,504,510,1,140,16,502,502,47,87,59,46,135,26,26,2,473,497
1627735,Wade Baldwin IV,1610612757,POR,22.0,7,106.1,104.2,104.2,101.9,98.2,98.2,4.2,6.0,6.0,0.093,1.25,14.7,0.014,0.09,0.054,11.8,11.6,0.762,0.748,0.159,0.167,97.79,100.49,83.75,100.49,0.094,166,2.0,3.0,217,294,294,89,49,49,112,79,79,310,323,257,422,412,410,367,361,7,8,326,313,408,193,193,216,336,417
1627215,Walt Lemon Jr.,1610612740,NOP,25.0,5,109.6,109.0,109.0,123.6,123.5,123.5,-13.9,-14.5,-14.5,0.172,1.25,19.2,0.0,0.065,0.033,15.4,15.2,0.469,0.491,0.256,0.272,108.33,108.71,90.59,108.71,0.03,78,1.4,3.2,85,111,111,530,532,532,493,493,493,139,323,156,500,497,517,494,494,393,421,48,42,12,18,18,498,403,409
201961,Wayne Ellington,1610612748,MIA,30.0,77,106.4,106.8,106.8,103.9,104.6,104.6,2.5,2.2,2.2,0.06,1.52,9.3,0.011,0.094,0.053,6.1,6.0,0.569,0.588,0.167,0.175,96.65,96.12,80.1,96.12,0.085,4105,3.7,9.1,199,181,181,153,181,181,157,156,156,438,252,445,462,384,419,50,49,100,118,286,274,482,512,512,280,171,147
1627782,Wayne Selden,1610612763,MEM,23.0,35,100.9,100.3,100.3,108.7,108.7,108.7,-7.8,-8.4,-8.4,0.154,1.22,15.9,0.023,0.06,0.041,13.0,13.0,0.522,0.551,0.212,0.22,100.03,100.36,83.64,100.36,0.072,1455,3.3,7.7,414,428,428,389,387,387,430,438,438,163,336,227,314,506,490,425,426,217,229,142,139,218,202,202,356,193,186
1628411,Wes Iwundu,1610612753,ORL,23.0,62,99.1,100.3,100.3,104.6,104.9,104.9,-5.5,-4.6,-4.6,0.084,1.9,17.5,0.033,0.1,0.065,9.2,9.2,0.447,0.48,0.114,0.117,98.35,97.62,81.35,97.62,0.053,2070,1.5,3.5,455,426,426,180,193,193,382,369,369,343,171,180,232,357,330,204,205,434,438,490,496,363,436,436,437,392,390
202325,Wesley Johnson,1610612746,LAC,30.0,74,105.4,105.2,105.2,107.0,106.5,106.5,-1.6,-1.4,-1.4,0.056,1.11,12.0,0.019,0.122,0.071,10.8,10.8,0.489,0.512,0.126,0.13,101.89,102.21,85.17,102.21,0.058,3156,2.0,5.0,250,258,258,314,282,282,284,277,277,447,371,362,352,282,298,311,312,340,369,458,458,98,104,104,416,332,311
202083,Wesley Matthews,1610612742,DAL,31.0,63,103.1,103.8,103.8,111.1,111.0,111.0,-7.9,-7.2,-7.2,0.125,2.07,17.3,0.013,0.085,0.047,8.3,8.3,0.516,0.541,0.173,0.177,97.38,97.12,80.93,97.12,0.071,4307,4.5,11.1,347,310,310,460,462,462,432,416,416,209,134,190,450,431,463,137,139,244,270,255,265,440,471,471,362,129,88
203115,Will Barton,1610612743,DEN,27.0,81,109.1,110.7,110.7,108.5,108.6,108.6,0.7,2.1,2.1,0.185,2.22,20.7,0.026,0.126,0.075,9.3,9.3,0.528,0.562,0.201,0.206,99.36,98.63,82.19,98.63,0.109,5517,5.7,12.7,100,66,66,378,383,383,215,162,162,123,107,137,289,262,273,209,207,194,191,165,172,263,331,331,137,67,63
1626161,Willie Cauley-Stein,1610612758,SAC,24.0,73,100.6,101.8,101.8,108.8,109.6,109.6,-8.2,-7.8,-7.8,0.135,1.58,14.8,0.064,0.197,0.128,9.4,9.4,0.504,0.529,0.215,0.218,97.58,96.65,80.55,96.65,0.115,4114,5.3,10.6,423,383,383,395,414,414,435,430,430,189,235,255,116,90,101,213,213,287,316,136,145,423,496,496,109,84,108
203186,Willie Reed,1610612765,DET,28.0,42,108.3,107.8,107.8,106.5,105.1,105.1,1.8,2.8,2.8,0.035,0.53,5.7,0.08,0.205,0.142,10.9,10.9,0.674,0.671,0.159,0.164,102.82,103.72,86.43,103.72,0.115,920,1.9,2.9,121,144,144,290,202,202,175,140,140,495,489,501,82,71,70,320,319,14,17,327,334,62,48,48,111,347,425
1626195,Willy Hernangomez,1610612766,CHA,24.0,48,103.9,103.2,103.2,105.3,103.1,103.1,-1.4,0.1,0.1,0.109,0.94,12.1,0.115,0.248,0.179,12.8,12.9,0.57,0.604,0.203,0.209,99.78,101.23,84.36,101.23,0.134,1042,1.9,3.4,311,331,331,220,129,129,279,233,233,243,421,356,23,30,15,419,421,97,79,161,160,238,154,154,54,353,399
201163,Wilson Chandler,1610612743,DEN,31.0,74,109.7,110.5,110.5,108.4,109.1,109.1,1.2,1.4,1.4,0.094,1.73,17.1,0.044,0.127,0.085,9.9,9.9,0.515,0.542,0.142,0.144,98.72,98.1,81.75,98.1,0.072,4790,3.8,8.5,84,72,72,376,398,398,195,184,184,302,198,196,187,259,222,243,244,248,266,409,415,328,372,372,357,166,163
204098,Xavier Munford,1610612749,MIL,26.0,6,86.9,90.5,90.5,125.5,113.6,113.6,-38.6,-23.2,-23.2,0.364,2.0,30.8,0.05,0.0,0.028,15.4,15.5,0.167,0.218,0.184,0.186,96.63,99.45,82.88,99.45,-0.047,42,0.2,1.0,521,506,506,532,499,499,534,518,518,11,146,36,159,525,522,494,496,526,527,218,238,483,269,269,537,525,511
1628504,Xavier Rathan-Mayes,1610612763,MEM,24.0,5,91.5,89.6,89.6,113.0,113.7,113.7,-21.4,-24.2,-24.2,0.247,1.64,24.0,0.0,0.053,0.022,14.7,14.7,0.298,0.315,0.207,0.213,100.52,101.26,84.39,101.26,-0.011,249,2.4,8.4,507,511,511,492,501,501,513,520,520,64,222,97,500,515,524,481,480,515,518,149,153,183,153,153,526,292,167
202918,Xavier Silas,1610612738,BOS,30.0,2,114.5,105.9,105.9,114.2,100.0,100.0,0.3,5.9,5.9,0.0,0.0,0.0,0.091,0.125,0.105,0.0,0.0,0.0,0.0,0.136,0.16,97.94,108.82,90.69,108.82,-0.07,17,0.0,1.5,19,225,225,502,61,61,225,81,81,510,504,510,62,264,157,1,1,529,530,425,350,398,17,17,538,529,487
1627812,Yogi Ferrell,1610612742,DAL,25.0,82,104.2,103.4,103.4,103.8,103.2,103.2,0.4,0.2,0.2,0.137,2.58,19.1,0.011,0.097,0.054,7.4,7.4,0.518,0.54,0.166,0.171,96.99,97.66,81.39,97.66,0.082,4638,3.8,8.9,302,323,323,151,134,134,221,227,227,185,64,157,467,367,414,98,98,237,273,297,296,464,431,431,303,167,154
1628380,Zach Collins,1610612757,POR,20.0,66,107.7,107.6,107.6,106.6,106.3,106.3,1.1,1.3,1.3,0.07,0.9,12.5,0.044,0.163,0.105,13.9,13.9,0.458,0.475,0.153,0.158,96.3,96.46,80.39,96.46,0.052,2096,1.7,4.4,149,155,155,297,267,267,199,190,190,404,436,343,184,151,160,458,458,414,450,356,359,495,501,501,442,369,335
203897,Zach LaVine,1610612741,CHI,23.0,24,101.6,102.6,102.6,114.8,114.7,114.7,-13.2,-12.1,-12.1,0.187,1.67,14.0,0.013,0.138,0.071,8.3,8.3,0.442,0.499,0.29,0.296,100.71,100.31,83.59,100.31,0.092,1369,5.7,14.8,389,355,355,508,506,506,487,472,472,121,215,288,449,224,300,141,137,441,408,21,23,168,206,206,228,68,39
2216,Zach Randolph,1610612758,SAC,36.0,59,101.0,102.5,102.5,114.3,114.7,114.7,-13.3,-12.2,-12.2,0.146,1.09,12.1,0.063,0.215,0.135,11.1,11.0,0.507,0.529,0.27,0.275,97.05,96.17,80.14,96.17,0.122,3028,6.1,12.9,410,363,363,503,507,507,489,475,475,171,376,355,120,59,84,327,326,274,313,38,39,459,510,510,80,49,59
2585,Zaza Pachulia,1610612744,GSW,34.0,69,116.7,116.5,116.5,105.5,107.1,107.1,11.2,9.4,9.4,0.141,1.51,22.5,0.1,0.223,0.167,14.8,14.8,0.564,0.612,0.165,0.168,102.63,101.95,84.96,101.95,0.106,2065,2.2,3.8,11,12,12,242,306,306,24,34,34,178,253,114,42,50,31,486,487,111,69,301,309,69,115,115,155,316,370
1627753,Zhou Qi,1610612745,HOU,22.0,18,83.8,81.5,81.5,106.8,107.6,107.6,-23.0,-26.1,-26.1,0.028,0.2,4.0,0.042,0.116,0.078,20.0,20.3,0.219,0.295,0.163,0.165,101.2,102.22,85.18,102.22,-0.005,265,0.3,1.8,526,523,523,309,334,334,517,524,524,502,503,508,191,299,261,522,523,523,520,309,325,124,102,102,523,512,479
