PLAYER_ID,PLAYER_NAME,TEAM_ID,TEAM_ABBREVIATION,AGE,GP,E_OFF_RATING,OFF_RATING,sp_work_OFF_RATING,E_DEF_RATING,DEF_RATING,sp_work_DEF_RATING,E_NET_RATING,NET_RATING,sp_work_NET_RATING,AST_PCT,AST_TO,AST_RATIO,OREB_PCT,DREB_PCT,REB_PCT,TM_TOV_PCT,E_TOV_PCT,EFG_PCT,TS_PCT,USG_PCT,E_USG_PCT,E_PACE,PACE,PACE_PER40,sp_work_PACE,PIE,POSS,FGM_PG,FGA_PG,E_OFF_RATING_RANK,OFF_RATING_RANK,sp_work_OFF_RATING_RANK,E_DEF_RATING_RANK,DEF_RATING_RANK,sp_work_DEF_RATING_RANK,E_NET_RATING_RANK,NET_RATING_RANK,sp_work_NET_RATING_RANK,AST_PCT_RANK,AST_TO_RANK,AST_RATIO_RANK,OREB_PCT_RANK,DREB_PCT_RANK,REB_PCT_RANK,TM_TOV_PCT_RANK,E_TOV_PCT_RANK,EFG_PCT_RANK,TS_PCT_RANK,USG_PCT_RANK,E_USG_PCT_RANK,E_PACE_RANK,PACE_RANK,sp_work_PACE_RANK,PIE_RANK,FGM_PG_RANK,FGA_PG_RANK
1630639,A.J. Lawson,1610612742,DAL,23.0,42,109.9,106.6,106.6,106.2,105.3,105.3,3.7,1.2,1.2,0.089,1.43,12.1,0.039,0.105,0.072,8.5,8.5,0.5,0.519,0.18,0.188,105.42,107.53,89.61,107.53,0.076,701,1.3,2.9,314,407,407,67,75,75,157,214,214,372,393,445,255,361,334,215,215,383,425,220,217,28,33,33,358,429,441
1631260,AJ Green,1610612749,MIL,24.0,56,115.2,114.0,114.0,111.2,110.5,110.5,4.0,3.5,3.5,0.068,2.5,12.3,0.015,0.089,0.053,4.9,4.9,0.599,0.617,0.15,0.158,98.18,98.96,82.47,98.96,0.068,1269,1.5,3.5,132,183,183,234,189,189,150,152,152,473,143,438,482,438,466,47,47,85,106,365,360,499,424,424,400,403,388
1631100,AJ Griffin,1610612737,ATL,20.0,20,106.9,106.0,106.0,121.7,120.1,120.1,-14.8,-14.0,-14.0,0.041,0.63,6.6,0.011,0.108,0.055,10.5,10.5,0.371,0.382,0.167,0.175,105.7,106.84,89.03,106.84,0.017,381,0.9,3.1,411,424,424,549,536,536,528,520,520,544,527,542,519,337,453,381,385,530,534,282,272,23,35,35,544,478,424
203932,Aaron Gordon,1610612743,DEN,28.0,73,118.5,119.8,119.8,110.4,111.1,111.1,8.1,8.7,8.7,0.147,2.47,21.7,0.078,0.129,0.104,8.8,8.8,0.584,0.607,0.174,0.178,98.84,98.01,81.68,98.01,0.103,4697,5.5,9.8,50,45,45,197,218,218,71,62,62,211,158,169,108,240,171,244,244,120,135,241,255,458,501,501,179,97,130
1628988,Aaron Holiday,1610612745,HOU,27.0,78,111.0,110.5,110.5,108.0,107.6,107.6,3.0,2.9,2.9,0.157,2.64,22.1,0.017,0.075,0.045,8.4,8.3,0.547,0.578,0.158,0.165,101.82,102.24,85.2,102.24,0.078,2706,2.4,5.3,275,300,300,94,100,100,179,168,168,190,122,165,466,501,519,201,196,242,233,326,311,206,169,169,334,290,279
1630174,Aaron Nesmith,1610612754,IND,24.0,72,117.7,119.3,119.3,113.9,115.0,115.0,3.8,4.3,4.3,0.067,1.69,12.5,0.032,0.103,0.069,7.4,7.4,0.606,0.631,0.158,0.162,103.62,102.47,85.39,102.47,0.071,4249,4.4,8.8,63,55,55,363,403,403,154,134,134,479,328,431,310,368,354,139,135,77,74,324,337,83,157,157,381,148,149
1630598,Aaron Wiggins,1610612760,OKC,25.0,78,116.5,115.6,115.6,108.9,110.0,110.0,7.6,5.7,5.7,0.096,1.54,15.6,0.052,0.095,0.075,10.2,10.2,0.645,0.664,0.163,0.168,100.98,100.83,84.03,100.83,0.096,2556,2.7,4.8,89,131,131,126,167,167,80,104,104,351,367,345,192,409,311,358,359,37,41,295,296,281,275,275,217,246,305
1641745,Adam Flagler,1610612760,OKC,24.0,2,116.0,109.7,109.7,110.5,109.7,109.7,5.4,0.0,0.0,0.364,0.0,36.4,0.0,0.0,0.0,0.0,0.0,0.214,0.214,0.212,0.223,102.87,106.16,88.47,106.16,0.013,31,0.5,3.5,107,329,329,205,154,154,114,251,251,9,541,22,545,557,561,1,1,554,561,135,128,127,40,40,548,528,388
1641766,Adama Sanogo,1610612741,CHI,22.0,9,118.7,115.3,115.3,95.6,93.6,93.6,23.1,21.7,21.7,0.0,0.0,0.0,0.253,0.266,0.259,13.5,13.4,0.519,0.558,0.21,0.222,101.43,104.01,86.68,104.01,0.149,144,1.6,3.0,43,143,143,18,17,17,13,11,11,553,541,553,2,14,2,516,515,340,314,140,132,234,84,84,32,384,430
1629678,Admiral Schofield,1610612753,ORL,27.0,23,94.8,90.4,90.4,97.7,95.6,95.6,-2.9,-5.2,-5.2,0.163,1.4,17.9,0.035,0.149,0.094,12.8,12.9,0.5,0.484,0.167,0.175,98.38,101.85,84.88,101.85,0.063,177,0.4,1.1,535,541,541,23,20,20,334,372,372,179,398,271,288,172,198,501,501,383,479,282,267,487,202,202,435,543,534
201143,Al Horford,1610612738,BOS,38.0,65,120.5,120.9,120.9,108.7,109.5,109.5,11.8,11.4,11.4,0.124,3.5,25.9,0.048,0.178,0.116,7.4,7.4,0.64,0.65,0.119,0.122,99.27,98.77,82.31,98.77,0.105,3585,3.3,6.4,23,24,24,123,148,148,31,33,33,278,46,104,213,104,126,134,137,42,53,501,504,422,438,438,169,210,230
202692,Alec Burks,1610612752,NYK,32.0,66,107.9,107.8,107.8,118.3,118.5,118.5,-10.4,-10.7,-10.7,0.115,1.83,11.4,0.019,0.103,0.06,6.2,6.2,0.478,0.536,0.234,0.244,100.67,100.63,83.86,100.63,0.087,2547,3.2,8.6,385,385,385,510,512,512,476,480,480,299,284,473,443,367,415,72,73,449,390,92,85,305,295,295,263,214,156
1630197,Aleksej Pokusevski,1610612766,CHA,22.0,28,103.9,103.5,103.5,111.7,113.2,113.2,-7.8,-9.7,-9.7,0.132,1.84,18.0,0.042,0.173,0.108,9.8,9.8,0.479,0.525,0.172,0.177,98.27,97.8,81.5,97.8,0.095,829,1.8,4.3,475,477,477,260,314,314,429,464,464,255,283,267,244,116,152,324,331,445,411,255,258,495,514,514,220,354,331
1627936,Alex Caruso,1610612741,CHI,30.0,71,111.6,110.9,110.9,109.9,110.6,110.6,1.7,0.3,0.3,0.167,2.42,26.4,0.031,0.103,0.067,10.9,10.9,0.593,0.613,0.146,0.149,99.19,99.21,82.67,99.21,0.089,4213,3.6,7.6,255,286,286,170,192,192,207,241,241,169,170,96,319,370,366,409,410,98,112,391,394,428,418,418,256,195,192
1641788,Alex Fudge,1610612742,DAL,21.0,6,85.9,81.8,81.8,128.5,129.1,129.1,-42.6,-47.3,-47.3,0.0,0.0,0.0,0.087,0.029,0.062,11.1,11.2,0.433,0.472,0.176,0.189,101.55,103.84,86.53,103.84,0.052,88,1.0,2.5,557,556,556,562,563,563,563,567,567,553,541,553,83,553,399,419,425,498,489,233,216,225,87,87,494,460,458
203458,Alex Len,1610612758,SAC,31.0,48,117.2,116.3,116.3,102.5,100.8,100.8,14.7,15.4,15.4,0.142,1.85,28.9,0.098,0.179,0.138,15.6,15.6,0.617,0.625,0.114,0.118,100.48,101.73,84.77,101.73,0.092,940,1.0,1.7,70,112,112,36,41,41,23,21,21,225,281,64,58,101,84,546,546,61,92,513,514,316,210,210,237,459,509
1631214,Alondes Williams,1610612748,MIA,25.0,7,62.5,57.9,57.9,116.5,110.5,110.5,-54.0,-52.6,-52.6,0.0,0.0,0.0,0.0,0.067,0.032,20.0,19.2,0.25,0.296,0.25,0.281,109.64,116.96,97.47,116.96,-0.067,38,0.3,1.1,569,569,569,473,191,191,568,568,568,553,541,553,545,521,551,559,559,551,551,60,38,8,4,4,568,553,533
1630578,Alperen Sengun,1610612745,HOU,21.0,63,112.0,113.9,113.9,111.8,113.2,113.2,0.2,0.8,0.8,0.248,1.93,19.4,0.086,0.193,0.139,10.1,10.1,0.553,0.585,0.27,0.273,100.66,99.22,82.68,99.22,0.149,4236,8.4,15.6,246,187,187,267,310,310,244,231,231,85,268,229,88,82,83,349,350,221,204,40,44,306,417,417,33,28,50
1641735,Amari Bailey,1610612766,CHA,20.0,10,110.6,111.4,111.4,105.5,106.0,106.0,5.1,5.4,5.4,0.152,1.75,18.4,0.098,0.041,0.067,10.5,10.5,0.354,0.425,0.207,0.213,99.32,98.77,82.31,98.77,0.058,132,0.8,2.4,289,271,271,61,82,82,122,113,113,199,310,254,57,549,365,381,381,533,521,149,147,413,437,437,467,494,469
1641708,Amen Thompson,1610612745,HOU,21.0,62,110.9,111.4,111.4,109.3,109.3,109.3,1.5,2.1,2.1,0.165,1.81,21.4,0.095,0.184,0.137,11.8,11.7,0.545,0.576,0.173,0.179,102.96,102.77,85.64,102.77,0.121,2965,3.9,7.2,278,270,270,140,140,140,210,197,197,175,291,177,66,96,87,460,457,248,242,247,249,119,141,141,101,173,203
1629599,Amir Coffey,1610612746,LAC,27.0,70,114.8,114.6,114.6,117.4,118.0,118.0,-2.6,-3.4,-3.4,0.068,2.3,15.5,0.02,0.08,0.051,6.7,6.7,0.571,0.604,0.119,0.123,100.91,100.74,83.95,100.74,0.059,3071,2.4,5.0,150,164,164,495,502,502,324,345,345,474,191,349,424,485,481,96,94,160,138,504,500,288,285,285,461,291,290
203083,Andre Drummond,1610612741,CHI,30.0,79,113.9,114.1,114.1,113.4,113.3,113.3,0.5,0.8,0.8,0.041,0.46,5.3,0.187,0.331,0.257,11.6,11.7,0.556,0.576,0.201,0.207,97.97,97.97,81.64,97.97,0.155,2760,3.4,6.1,188,182,182,337,315,315,240,230,230,543,537,547,4,2,3,449,451,217,243,161,160,514,505,505,24,205,245
1641748,Andre Jackson Jr.,1610612749,MIL,22.0,57,114.6,112.3,112.3,119.8,119.6,119.6,-5.2,-7.3,-7.3,0.113,1.79,27.3,0.077,0.127,0.102,15.3,15.3,0.585,0.596,0.097,0.101,101.2,102.32,85.27,102.32,0.044,1220,0.9,1.8,163,244,244,536,533,533,377,415,415,305,298,81,115,246,179,543,543,114,170,548,545,260,165,165,510,484,505
1641847,Andrew Funk,1610612741,CHI,24.0,5,123.6,110.3,110.3,100.1,93.3,93.3,23.5,17.0,17.0,0.0,0.0,0.0,0.0,0.0,0.0,0.0,0.0,0.0,0.0,0.108,0.118,96.43,105.67,88.06,105.67,-0.045,29,0.0,0.8,13,302,302,27,16,16,12,17,17,553,541,553,545,557,561,1,1,561,563,527,511,548,47,47,565,561,556
1629614,Andrew Nembhard,1610612754,IND,24.0,68,115.1,116.1,116.1,113.0,114.0,114.0,2.1,2.2,2.2,0.208,2.77,30.2,0.021,0.06,0.041,10.9,10.9,0.557,0.573,0.161,0.163,102.72,101.82,84.85,101.82,0.075,3593,3.8,7.7,139,117,117,319,348,348,199,194,194,129,107,52,414,531,534,406,409,216,259,310,326,141,205,205,362,175,190
203952,Andrew Wiggins,1610612744,GSW,29.0,71,114.2,114.9,114.9,114.9,116.3,116.3,-0.7,-1.3,-1.3,0.087,1.37,11.1,0.055,0.105,0.08,8.1,8.1,0.511,0.544,0.206,0.21,101.97,101.06,84.22,101.06,0.078,4042,5.0,11.0,174,153,153,413,461,461,278,298,298,381,402,480,182,355,265,181,182,361,360,150,149,193,260,260,336,117,108
1629014,Anfernee Simons,1610612757,POR,25.0,46,108.4,109.9,109.9,118.3,120.5,120.5,-9.9,-10.6,-10.6,0.268,2.02,19.8,0.013,0.097,0.053,9.8,9.7,0.523,0.568,0.276,0.283,99.45,97.9,81.58,97.9,0.111,3231,7.8,18.2,371,322,322,512,540,540,465,478,478,61,230,216,503,399,467,322,319,326,280,33,33,401,509,509,140,37,22
1641710,Anthony Black,1610612753,ORL,20.0,69,106.7,108.0,108.0,108.5,108.9,108.9,-1.8,-1.0,-1.0,0.108,1.63,21.2,0.029,0.093,0.061,13.0,13.0,0.54,0.56,0.123,0.125,100.89,100.09,83.4,100.09,0.054,2423,1.7,3.6,418,375,375,110,124,124,300,284,284,322,345,184,335,425,412,506,507,258,308,488,495,289,337,337,487,366,382
203076,Anthony Davis,1610612747,LAL,31.0,76,115.0,116.5,116.5,112.1,114.0,114.0,2.8,2.6,2.6,0.151,1.67,13.8,0.093,0.252,0.176,8.3,8.2,0.567,0.621,0.261,0.266,103.6,102.06,85.05,102.06,0.168,5743,9.4,16.9,143,105,105,282,350,350,184,185,185,203,333,402,69,19,26,190,188,178,98,47,49,84,183,183,13,12,35
1630162,Anthony Edwards,1610612750,MIN,22.0,79,114.3,115.8,115.8,106.6,108.5,108.5,7.7,7.3,7.3,0.241,1.68,16.8,0.02,0.131,0.078,10.0,9.9,0.522,0.575,0.314,0.322,99.69,98.18,81.82,98.18,0.145,5675,9.1,19.7,171,128,128,74,117,117,73,77,77,92,330,301,429,230,291,341,339,333,247,9,10,374,494,494,35,15,8
1630264,Anthony Gill,1610612764,WAS,31.0,50,113.4,113.3,113.3,113.1,112.1,112.1,0.2,1.2,1.2,0.098,1.48,14.5,0.078,0.117,0.098,9.8,9.9,0.5,0.537,0.177,0.18,103.53,104.03,86.69,104.03,0.074,1008,1.5,3.2,203,213,213,325,264,264,246,216,216,344,383,381,106,292,187,331,332,383,384,230,242,87,83,83,368,396,419
1629717,Armoni Brooks,1610612751,BKN,26.0,10,125.8,127.7,127.7,115.2,114.0,114.0,10.6,13.7,13.7,0.06,1.67,9.3,0.061,0.098,0.079,5.6,5.5,0.446,0.448,0.188,0.195,98.77,98.52,82.1,98.52,0.054,213,1.5,4.6,11,9,9,428,355,355,43,25,25,503,334,513,159,395,278,61,60,491,514,189,195,466,461,461,485,396,318
1630204,Ashton Hagans,1610612757,POR,24.0,19,102.7,105.3,105.3,108.5,106.5,106.5,-5.8,-1.1,-1.1,0.244,1.8,33.1,0.041,0.101,0.069,18.4,18.5,0.465,0.51,0.144,0.146,96.89,96.51,80.43,96.51,0.068,636,1.5,3.7,491,443,443,112,85,85,388,292,292,91,294,37,248,381,346,556,556,467,442,399,406,542,559,559,396,391,370
1641709,Ausar Thompson,1610612765,DET,21.0,63,107.1,107.7,107.7,112.5,113.1,113.1,-5.4,-5.3,-5.3,0.108,1.43,16.3,0.077,0.173,0.124,11.4,11.4,0.505,0.522,0.161,0.164,102.23,101.67,84.72,101.67,0.084,3329,3.7,7.6,406,387,387,297,305,305,381,375,375,317,393,315,109,117,109,435,439,377,416,306,318,173,214,214,283,180,193
1630559,Austin Reaves,1610612747,LAL,26.0,82,113.9,114.6,114.6,114.3,115.6,115.6,-0.4,-1.0,-1.0,0.237,2.59,26.9,0.023,0.107,0.067,10.4,10.3,0.568,0.613,0.198,0.204,102.86,101.93,84.94,101.93,0.105,5590,5.6,11.5,190,167,167,382,435,435,267,291,291,95,129,87,399,342,368,374,372,171,111,169,169,128,195,195,170,92,101
1630245,Ayo Dosunmu,1610612741,CHI,24.0,76,111.3,111.6,111.6,113.6,114.9,114.9,-2.2,-3.3,-3.3,0.157,2.35,21.8,0.024,0.072,0.048,9.3,9.3,0.583,0.604,0.168,0.172,98.82,98.13,81.77,98.13,0.083,4520,4.7,9.5,265,264,264,340,401,401,314,339,339,189,185,168,390,512,503,282,284,122,140,271,282,461,495,495,286,134,136
1628389,Bam Adebayo,1610612748,MIA,26.0,71,109.9,110.1,110.1,108.4,109.3,109.3,1.4,0.8,0.8,0.193,1.72,17.0,0.067,0.242,0.154,9.9,10.0,0.529,0.576,0.247,0.252,97.93,97.43,81.19,97.43,0.152,4909,7.5,14.3,319,308,308,107,142,142,211,228,228,145,319,295,138,23,51,338,342,301,241,66,68,517,537,537,28,49,63
1641767,Ben Sheppard,1610612754,IND,22.0,57,119.3,118.8,118.8,115.6,114.2,114.2,3.7,4.7,4.7,0.072,3.53,17.2,0.018,0.092,0.054,4.9,4.9,0.5,0.524,0.125,0.13,103.74,104.58,87.15,104.58,0.046,1768,1.6,4.0,38,58,58,440,359,359,159,129,129,453,45,291,454,429,459,45,46,383,413,476,471,79,67,67,503,381,351
1627732,Ben Simmons,1610612751,BKN,27.0,15,109.9,109.6,109.6,112.5,113.0,113.0,-2.6,-3.4,-3.4,0.306,3.19,44.3,0.08,0.241,0.158,13.9,13.9,0.581,0.571,0.126,0.128,102.32,102.24,85.2,102.24,0.119,759,2.9,4.9,317,333,333,298,301,301,326,340,340,28,64,5,101,24,46,520,523,129,265,473,482,165,168,168,107,236,296
1631097,Bennedict Mathurin,1610612754,IND,22.0,59,114.0,115.0,115.0,116.5,117.9,117.9,-2.5,-2.9,-2.9,0.105,1.23,12.2,0.038,0.113,0.075,10.0,9.9,0.507,0.562,0.226,0.232,104.9,103.79,86.49,103.79,0.087,3329,5.0,11.2,183,151,151,470,499,499,319,327,327,327,439,441,265,312,312,340,338,373,300,108,107,39,90,90,268,113,103
1641731,Bilal Coulibaly,1610612764,WAS,19.0,63,106.5,107.4,107.4,116.9,118.4,118.4,-10.3,-11.0,-11.0,0.086,1.26,16.1,0.031,0.116,0.072,12.7,12.7,0.509,0.543,0.139,0.143,104.45,103.33,86.11,103.33,0.057,3687,3.0,6.9,423,395,395,483,509,509,474,483,483,390,431,325,315,299,327,498,496,366,362,417,424,47,117,117,469,227,211
202687,Bismack Biyombo,1610612760,OKC,31.0,40,108.2,110.2,110.2,112.4,114.1,114.1,-4.3,-3.8,-3.8,0.087,1.26,21.1,0.076,0.179,0.128,16.7,16.8,0.565,0.562,0.106,0.107,101.31,99.64,83.04,99.64,0.065,1642,1.9,3.3,380,304,304,293,356,356,353,351,351,382,432,185,116,99,99,552,554,186,299,535,541,247,384,384,422,349,415
1631104,Blake Wesley,1610612759,SAS,21.0,61,106.2,104.6,104.6,112.6,112.4,112.4,-6.4,-7.8,-7.8,0.257,3.02,35.2,0.019,0.084,0.051,11.7,11.7,0.502,0.537,0.144,0.149,102.82,103.71,86.42,103.71,0.069,1894,1.7,3.5,432,461,461,302,280,280,397,433,433,72,74,26,437,461,477,450,453,381,383,397,398,131,96,96,389,365,384
1626246,Boban Marjanovic,1610612745,HOU,35.0,14,105.6,101.9,101.9,116.9,115.3,115.3,-11.2,-13.4,-13.4,0.12,1.2,12.0,0.1,0.309,0.212,10.0,9.8,0.529,0.56,0.247,0.265,104.01,106.61,88.85,106.61,0.157,158,1.3,2.4,445,491,491,484,423,423,490,515,515,287,443,451,53,3,4,342,323,297,305,65,50,63,36,36,22,429,467
1626171,Bobby Portis,1610612749,MIL,29.0,82,115.8,115.9,115.9,114.6,116.0,116.0,1.2,-0.1,-0.1,0.078,1.14,8.9,0.071,0.228,0.15,7.8,7.8,0.562,0.581,0.224,0.23,101.14,100.49,83.74,100.49,0.122,4204,5.7,11.2,110,123,123,402,452,452,218,261,261,430,462,522,129,39,58,163,163,191,219,111,111,264,307,307,94,88,104
203992,Bogdan Bogdanović,1610612737,ATL,31.0,79,115.3,116.3,116.3,114.3,114.4,114.4,1.0,1.9,1.9,0.147,2.21,16.2,0.021,0.092,0.055,7.3,7.3,0.537,0.569,0.218,0.224,101.8,101.32,84.43,101.32,0.092,5082,6.0,13.9,129,111,111,386,373,373,224,201,201,212,203,321,419,428,449,130,132,266,273,129,126,208,242,242,236,80,67
202711,Bojan Bogdanovic,1610612752,NYK,35.0,57,109.3,109.9,109.9,120.4,121.3,121.3,-11.1,-11.4,-11.4,0.102,0.96,10.3,0.015,0.092,0.052,10.7,10.7,0.551,0.581,0.242,0.248,100.23,99.57,82.98,99.57,0.083,3068,5.4,11.9,345,321,321,540,548,548,486,494,494,337,493,492,488,430,469,398,396,231,218,72,74,331,390,390,291,98,89
1629626,Bol Bol,1610612756,PHX,24.0,43,111.1,108.9,108.9,108.5,108.8,108.8,2.6,0.1,0.1,0.054,0.89,8.8,0.069,0.202,0.139,9.8,9.7,0.689,0.7,0.156,0.164,99.59,100.45,83.7,100.45,0.133,987,2.2,3.5,270,355,355,115,122,122,187,249,249,521,501,523,133,68,82,324,320,16,14,339,321,383,311,311,59,313,387
1630538,Bones Hyland,1610612746,LAC,23.0,37,105.9,105.5,105.5,111.5,111.5,111.5,-5.6,-6.0,-6.0,0.269,2.11,23.3,0.009,0.088,0.049,11.0,11.1,0.474,0.49,0.241,0.247,99.62,99.78,83.15,99.78,0.081,1124,2.6,6.8,437,437,437,253,237,237,384,389,389,56,221,143,533,445,492,413,420,457,471,76,78,379,368,368,300,258,215
203078,Bradley Beal,1610612756,PHX,31.0,53,115.8,116.2,116.2,112.6,113.2,113.2,3.2,3.0,3.0,0.215,2.02,22.3,0.033,0.099,0.068,11.0,11.0,0.582,0.607,0.224,0.229,100.5,100.08,83.4,100.08,0.106,3682,7.1,13.9,113,116,116,301,308,308,171,167,167,115,231,159,302,389,358,412,414,127,134,115,115,313,338,338,164,57,68
1641764,Brandin Podziemski,1610612744,GSW,21.0,74,117.2,117.5,117.5,111.1,111.6,111.6,6.1,5.9,5.9,0.176,3.1,27.7,0.058,0.149,0.104,8.9,8.9,0.529,0.54,0.149,0.155,100.68,100.27,83.56,100.27,0.094,4120,3.7,8.1,71,80,80,228,242,242,106,98,98,160,69,76,165,171,169,252,252,298,374,369,371,303,324,324,224,182,176
1630527,Brandon Boston,1610612746,LAC,22.0,32,104.0,102.4,102.4,116.4,118.0,118.0,-12.5,-15.7,-15.7,0.06,0.54,6.1,0.05,0.093,0.071,11.2,11.3,0.447,0.476,0.24,0.246,100.32,100.4,83.67,100.4,0.046,723,2.0,5.0,474,489,489,468,501,501,508,532,532,502,531,544,204,426,337,426,427,488,486,78,79,324,317,317,502,323,289
1629634,Brandon Clarke,1610612763,MEM,27.0,6,100.1,100.7,100.7,105.2,104.6,104.6,-5.1,-3.9,-3.9,0.111,3.0,12.3,0.077,0.145,0.107,4.1,4.0,0.568,0.548,0.188,0.195,101.35,101.31,84.43,101.31,0.126,285,5.5,9.8,513,499,499,57,64,64,373,352,352,310,75,439,111,183,155,36,35,173,339,193,191,245,243,243,82,93,129
1627742,Brandon Ingram,1610612740,NOP,26.0,64,115.4,116.6,116.6,111.5,112.6,112.6,4.0,4.0,4.0,0.259,2.23,21.7,0.021,0.133,0.078,9.7,9.7,0.534,0.578,0.269,0.273,99.78,98.78,82.31,98.78,0.126,4327,7.8,15.9,124,102,102,254,289,289,151,139,139,68,202,170,411,220,285,318,318,278,229,41,45,362,436,436,79,39,44
1641706,Brandon Miller,1610612766,CHA,21.0,74,107.7,108.9,108.9,117.8,119.1,119.1,-10.2,-10.2,-10.2,0.114,1.33,12.0,0.025,0.112,0.067,9.1,9.0,0.524,0.552,0.235,0.239,99.44,98.38,81.98,98.38,0.083,4879,6.4,14.6,393,357,357,499,521,521,472,471,471,301,413,450,378,315,362,260,258,320,332,89,96,402,479,479,284,71,62
1630314,Brandon Williams,1610612742,DAL,24.0,17,93.9,91.9,91.9,114.3,113.6,113.6,-20.4,-21.7,-21.7,0.258,2.43,20.0,0.028,0.076,0.05,8.2,8.2,0.398,0.439,0.239,0.25,104.26,105.68,88.07,105.68,0.069,247,1.2,3.2,540,538,538,384,329,329,544,546,546,70,167,211,338,500,487,189,185,520,518,80,70,50,46,46,394,447,420
1630296,Braxton Key,1610612743,DEN,27.0,20,99.4,95.5,95.5,109.5,103.8,103.8,-10.1,-8.3,-8.3,0.231,9.0,30.0,0.049,0.242,0.146,3.3,3.3,0.471,0.536,0.148,0.161,101.55,106.43,88.69,106.43,0.143,133,0.4,0.9,518,526,526,149,53,53,469,439,439,99,3,53,210,22,66,28,28,460,391,378,344,223,39,39,41,547,555
1641729,Brice Sensabaugh,1610612762,UTA,20.0,32,109.1,109.3,109.3,123.4,123.5,123.5,-14.3,-14.2,-14.2,0.134,1.17,16.3,0.027,0.151,0.088,13.9,13.9,0.468,0.511,0.201,0.207,101.6,101.44,84.54,101.44,0.065,1236,2.7,6.8,350,342,342,555,558,558,525,523,523,246,452,314,355,166,222,522,519,464,439,162,159,220,230,230,425,253,213
201572,Brook Lopez,1610612749,MIL,36.0,79,116.2,117.1,117.1,110.7,111.9,111.9,5.5,5.2,5.2,0.071,1.61,12.5,0.049,0.11,0.081,7.8,7.7,0.583,0.608,0.156,0.158,103.09,102.16,85.13,102.16,0.083,5137,4.6,9.6,98,91,91,213,252,252,112,114,114,464,346,435,212,325,257,161,159,125,131,341,357,111,173,173,285,137,133
1628971,Bruce Brown,1610612761,TOR,27.0,67,114.2,115.6,115.6,119.4,121.4,121.4,-5.2,-5.8,-5.8,0.132,2.23,20.9,0.028,0.126,0.077,9.3,9.3,0.523,0.563,0.161,0.165,104.17,102.72,85.6,102.72,0.076,3993,4.1,8.7,176,136,136,529,549,549,375,384,384,257,201,191,337,254,300,290,289,327,297,309,316,54,142,142,356,156,154
1628981,Bruno Fernando,1610612737,ATL,25.0,45,107.2,107.5,107.5,113.9,113.9,113.9,-6.6,-6.4,-6.4,0.1,1.05,14.4,0.088,0.201,0.144,13.8,13.8,0.583,0.615,0.172,0.177,99.53,99.37,82.81,99.37,0.096,1410,2.4,4.2,405,389,389,357,346,346,400,396,396,341,475,385,78,71,71,517,517,124,110,258,257,390,406,406,212,286,340
1631121,Bryce McGowens,1610612766,CHA,21.0,59,104.0,103.3,103.3,115.8,116.3,116.3,-11.8,-13.0,-13.0,0.086,1.7,14.6,0.019,0.098,0.058,8.6,8.6,0.513,0.565,0.147,0.151,99.23,99.37,82.8,99.37,0.06,1829,1.7,3.9,472,479,479,453,462,462,500,508,508,389,326,378,441,394,429,223,228,357,290,382,384,427,407,407,450,359,359
1631205,Buddy Boeheim,1610612765,DET,24.0,10,117.0,114.2,114.2,103.6,104.0,104.0,13.5,10.2,10.2,0.054,0.0,8.3,0.034,0.073,0.054,0.0,0.0,0.448,0.509,0.161,0.171,98.73,99.71,83.09,99.71,0.057,176,0.9,2.9,72,177,177,44,57,57,24,46,46,522,541,529,296,510,456,1,1,485,443,308,289,467,375,375,472,478,439
1627741,Buddy Hield,1610612755,PHI,31.0,84,115.5,116.9,116.9,115.0,115.7,115.7,0.5,1.1,1.1,0.143,2.29,19.5,0.027,0.098,0.062,8.5,8.5,0.565,0.578,0.186,0.191,102.59,101.65,84.71,101.65,0.083,4579,4.4,10.1,121,95,95,414,439,439,236,217,217,221,195,222,353,393,398,217,214,185,227,202,205,147,216,216,288,147,121
203468,CJ McCollum,1610612740,NOP,32.0,66,115.4,115.9,115.9,111.8,112.2,112.2,3.6,3.7,3.7,0.209,2.77,19.9,0.018,0.116,0.067,7.2,7.2,0.572,0.592,0.244,0.249,99.59,99.19,82.66,99.19,0.118,4474,7.3,16.0,126,125,125,264,272,272,160,147,147,124,106,215,446,296,360,117,117,156,183,68,73,384,419,419,108,52,42
1630595,Cade Cunningham,1610612765,DET,22.0,62,108.3,109.9,109.9,116.7,117.8,117.8,-8.4,-7.9,-7.9,0.359,2.19,23.8,0.016,0.115,0.064,10.9,10.8,0.5,0.546,0.298,0.305,101.99,100.77,83.97,100.77,0.126,4351,8.5,18.8,376,318,318,477,495,495,439,435,435,11,207,132,476,303,381,408,403,383,352,16,17,191,283,283,83,27,16
1631216,Caleb Houstan,1610612753,ORL,21.0,59,109.7,109.4,109.4,110.0,111.2,111.2,-0.3,-1.8,-1.8,0.051,1.81,11.2,0.034,0.067,0.05,6.2,6.1,0.563,0.582,0.122,0.127,97.0,96.61,80.51,96.61,0.051,1641,1.4,3.5,327,340,340,182,228,228,266,306,306,531,289,474,297,520,485,71,70,188,214,491,488,539,558,558,495,420,392
1628997,Caleb Martin,1610612748,MIA,28.0,64,112.1,113.0,113.0,109.9,111.1,111.1,2.2,1.9,1.9,0.118,1.86,17.4,0.042,0.119,0.08,9.4,9.4,0.504,0.531,0.168,0.173,97.32,96.41,80.34,96.41,0.075,3527,3.8,8.7,243,221,221,171,217,217,197,200,200,291,279,284,241,284,268,295,293,379,402,272,276,530,562,562,363,177,152
1629629,Cam Reddish,1610612747,LAL,24.0,48,109.3,109.7,109.7,111.8,112.5,112.5,-2.5,-2.8,-2.8,0.062,1.55,14.2,0.028,0.071,0.05,9.2,9.2,0.468,0.504,0.123,0.125,103.84,103.36,86.13,103.36,0.044,2123,1.9,4.9,342,328,328,268,286,286,321,322,322,495,363,391,348,517,489,273,277,463,450,489,496,74,115,115,509,341,301
1630560,Cam Thomas,1610612751,BKN,22.0,66,110.7,111.5,111.5,116.0,116.7,116.7,-5.3,-5.2,-5.2,0.151,1.55,11.7,0.013,0.089,0.05,7.6,7.5,0.503,0.554,0.296,0.303,100.42,99.74,83.12,99.74,0.105,4321,8.0,18.0,285,266,266,458,470,470,379,371,371,200,363,461,506,439,486,146,144,380,324,17,20,319,371,371,171,35,24
1641715,Cam Whitmore,1610612745,HOU,19.0,47,109.6,110.6,110.6,112.2,111.6,111.6,-2.6,-1.0,-1.0,0.058,0.72,5.5,0.044,0.148,0.094,7.7,7.7,0.539,0.561,0.255,0.26,103.86,103.65,86.38,103.65,0.11,1897,4.5,9.9,331,298,298,283,241,241,325,287,287,510,518,545,232,174,201,158,156,264,303,55,59,70,99,99,147,143,126
1629661,Cameron Johnson,1610612751,BKN,28.0,58,110.8,111.5,111.5,115.1,114.9,114.9,-4.3,-3.4,-3.4,0.129,2.42,16.1,0.032,0.124,0.076,6.7,6.6,0.557,0.582,0.19,0.195,98.79,98.52,82.1,98.52,0.097,3297,4.8,10.7,281,265,265,420,400,400,354,341,341,266,171,324,312,262,306,90,89,210,215,185,193,464,459,459,210,133,114
1626166,Cameron Payne,1610612755,PHI,29.0,78,113.1,112.4,112.4,113.0,113.2,113.2,0.1,-0.8,-0.8,0.222,3.11,26.3,0.016,0.073,0.044,8.5,8.4,0.541,0.566,0.185,0.191,100.34,100.61,83.84,100.61,0.083,2738,2.7,6.2,208,243,243,320,307,307,248,277,277,107,68,99,478,509,526,212,210,257,284,205,206,323,296,296,290,252,241
1627747,Caris LeVert,1610612739,CLE,29.0,68,113.5,113.9,113.9,110.0,111.2,111.2,3.5,2.8,2.8,0.258,2.96,25.1,0.02,0.121,0.071,8.5,8.5,0.487,0.524,0.224,0.229,100.45,99.71,83.09,99.71,0.107,4071,5.1,12.1,199,188,188,177,225,225,162,172,172,69,85,113,426,276,339,216,218,432,414,110,114,317,377,377,163,109,88
1641717,Cason Wallace,1610612760,OKC,20.0,82,114.9,113.9,113.9,108.9,110.0,110.0,6.0,3.9,3.9,0.092,2.67,19.2,0.032,0.077,0.056,7.2,7.2,0.602,0.612,0.127,0.131,101.64,101.56,84.64,101.56,0.071,3574,2.6,5.4,147,189,189,128,169,169,107,140,140,364,116,231,307,497,441,120,123,81,117,468,469,216,222,222,382,256,276
1626224,Cedi Osman,1610612759,SAS,29.0,72,106.5,106.0,106.0,119.1,119.2,119.2,-12.6,-13.2,-13.2,0.131,2.53,20.8,0.018,0.122,0.068,8.2,8.2,0.591,0.601,0.146,0.15,104.11,104.29,86.9,104.29,0.077,2761,2.6,5.3,425,425,425,527,526,526,509,511,511,261,136,192,449,271,357,187,187,101,147,392,385,57,75,75,347,270,280
1629646,Charles Bassey,1610612759,SAS,23.0,19,105.9,105.1,105.1,117.1,116.7,116.7,-11.2,-11.6,-11.6,0.136,1.4,26.9,0.102,0.265,0.178,19.2,19.1,0.725,0.739,0.11,0.115,105.11,105.69,88.08,105.69,0.116,455,1.5,2.1,439,451,451,487,471,471,489,495,495,242,398,88,51,15,22,558,558,4,4,524,520,33,45,45,120,391,487
1629718,Charlie Brown Jr.,1610612752,NYK,27.0,8,102.9,104.1,104.1,112.5,105.1,105.1,-9.5,-1.0,-1.0,0.0,0.0,0.0,0.025,0.027,0.026,16.7,16.7,0.3,0.3,0.145,0.143,94.47,97.2,81.0,97.2,-0.047,73,0.3,1.3,489,470,470,295,71,71,456,289,289,553,541,553,379,554,556,549,549,545,550,395,420,560,546,546,567,555,528
1631096,Chet Holmgren,1610612760,OKC,22.0,82,118.0,118.2,118.2,109.4,109.2,109.2,8.6,9.0,9.0,0.112,1.53,14.3,0.056,0.198,0.132,9.3,9.3,0.598,0.632,0.21,0.216,102.74,102.8,85.67,102.8,0.133,5150,6.2,11.6,56,66,66,145,137,137,63,58,58,308,371,389,177,77,91,287,290,89,72,138,141,138,140,140,61,78,97
1629002,Chimezie Metu,1610612765,DET,27.0,51,106.4,105.5,105.5,111.5,112.0,112.0,-5.1,-6.6,-6.6,0.08,0.88,12.4,0.05,0.177,0.115,14.0,14.0,0.561,0.61,0.162,0.168,100.07,100.26,83.55,100.26,0.1,1798,2.4,4.8,428,439,439,252,257,257,372,399,399,418,503,436,206,107,132,524,526,194,126,298,295,340,326,326,191,287,307
1628449,Chris Boucher,1610612761,TOR,31.0,50,115.3,116.0,116.0,112.4,113.6,113.6,2.9,2.4,2.4,0.044,0.82,7.5,0.084,0.202,0.142,9.1,9.1,0.578,0.625,0.167,0.172,100.17,99.35,82.79,99.35,0.106,1456,2.2,4.3,128,121,121,294,331,331,181,191,191,540,507,540,89,67,79,268,264,134,91,277,280,334,408,408,165,310,329
1630537,Chris Duarte,1610612758,SAC,27.0,59,110.4,110.4,110.4,113.7,113.5,113.5,-3.3,-3.1,-3.1,0.082,1.69,14.9,0.034,0.113,0.072,8.8,8.8,0.486,0.512,0.146,0.15,99.74,99.83,83.19,99.83,0.052,1487,1.4,3.6,298,301,301,342,322,322,339,331,331,413,327,368,295,311,333,247,250,433,434,393,386,365,363,363,493,420,383
1641753,Chris Livingston,1610612749,MIL,20.0,21,110.2,102.5,102.5,119.8,116.8,116.8,-9.6,-14.3,-14.3,0.075,1.0,14.7,0.037,0.222,0.13,14.7,14.8,0.523,0.547,0.136,0.146,99.28,104.18,86.82,104.18,0.053,197,0.5,1.0,305,486,486,535,474,474,459,525,525,445,480,374,276,43,96,537,539,329,344,431,408,419,80,80,490,527,541
101108,Chris Paul,1610612744,GSW,39.0,58,114.1,113.7,113.7,109.6,111.0,111.0,4.5,2.8,2.8,0.342,5.17,41.1,0.011,0.126,0.07,7.9,7.9,0.525,0.544,0.154,0.16,100.14,99.68,83.06,99.68,0.116,3189,3.6,8.1,179,195,195,153,213,213,139,174,174,13,12,10,518,249,343,170,170,319,359,351,349,336,380,380,116,197,177
1631128,Christian Braun,1610612743,DEN,23.0,82,109.8,110.0,110.0,109.0,109.3,109.3,0.8,0.7,0.7,0.109,2.4,18.1,0.046,0.126,0.087,7.5,7.5,0.525,0.554,0.152,0.157,99.13,98.91,82.43,98.91,0.084,3394,2.7,5.9,322,313,313,132,141,141,230,232,232,316,173,265,222,256,229,145,147,316,325,360,363,434,428,428,281,249,253
1626174,Christian Wood,1610612747,LAL,28.0,50,110.5,109.9,109.9,108.6,109.9,109.9,1.8,0.0,0.0,0.079,0.98,12.1,0.048,0.226,0.144,12.3,12.4,0.532,0.568,0.173,0.179,102.03,101.73,84.78,101.73,0.101,1849,2.5,5.3,297,319,319,118,162,162,202,250,250,424,491,446,215,41,72,486,486,289,274,246,247,189,209,209,188,282,281
1629643,Chuma Okeke,1610612753,ORL,25.0,47,101.4,99.5,99.5,107.3,106.8,106.8,-6.0,-7.3,-7.3,0.076,1.25,13.2,0.039,0.145,0.089,10.6,10.6,0.46,0.465,0.131,0.136,96.4,97.51,81.25,97.51,0.066,874,0.9,2.4,508,509,509,85,90,90,390,412,412,439,433,417,262,184,215,389,389,477,499,455,449,549,532,532,419,488,472
203991,Clint Capela,1610612737,ATL,30.0,73,114.2,115.5,115.5,115.4,115.6,115.6,-1.2,-0.1,-0.1,0.067,1.23,10.4,0.157,0.232,0.192,8.5,8.5,0.571,0.59,0.167,0.169,102.44,101.78,84.82,101.78,0.121,3987,4.8,8.5,177,137,137,431,433,433,286,259,259,480,438,489,10,35,12,211,213,159,189,280,293,159,206,206,97,127,160
1629632,Coby White,1610612741,CHI,24.0,79,114.2,115.0,115.0,114.5,115.8,115.8,-0.2,-0.7,-0.7,0.204,2.44,21.4,0.015,0.11,0.062,8.8,8.8,0.534,0.57,0.224,0.228,98.43,97.52,81.27,97.52,0.099,5857,6.8,15.3,175,150,150,393,441,441,262,276,276,132,164,176,481,330,395,241,245,279,267,114,117,484,531,531,200,61,53
1628998,Cody Martin,1610612766,CHA,28.0,28,105.6,106.5,106.5,115.5,117.0,117.0,-9.9,-10.5,-10.5,0.192,2.36,27.6,0.024,0.124,0.072,11.7,11.7,0.444,0.46,0.157,0.161,99.09,98.04,81.7,98.04,0.066,1540,2.9,7.7,444,411,411,435,478,478,464,477,477,147,181,78,386,263,331,452,450,492,506,330,345,439,499,499,415,231,189
203469,Cody Zeller,1610612740,NOP,31.0,43,115.6,114.3,114.3,108.6,108.0,108.0,7.0,6.3,6.3,0.149,2.44,29.1,0.133,0.185,0.158,11.9,12.0,0.427,0.483,0.116,0.12,104.06,104.95,87.46,104.95,0.075,700,0.6,1.4,119,173,173,117,109,109,86,94,94,205,165,62,14,95,45,466,468,505,480,509,509,62,59,59,364,516,523
1641732,Colby Jones,1610612758,SAC,22.0,30,107.8,104.8,104.8,104.7,103.3,103.3,3.1,1.5,1.5,0.159,2.0,19.0,0.076,0.12,0.097,9.5,9.4,0.408,0.422,0.178,0.189,97.42,99.51,82.93,99.51,0.053,399,0.9,2.4,388,459,459,51,49,49,175,206,206,186,238,237,117,278,189,305,302,514,523,227,215,527,393,393,488,475,474
1630175,Cole Anthony,1610612753,ORL,24.0,81,111.5,112.6,112.6,109.0,110.0,110.0,2.5,2.6,2.6,0.2,1.87,19.4,0.036,0.14,0.088,10.3,10.3,0.496,0.545,0.232,0.238,98.38,97.46,81.22,97.46,0.109,3696,4.1,9.4,260,232,232,129,168,168,188,184,184,137,278,228,281,195,223,370,371,410,354,99,98,486,536,536,156,157,137
1631306,Cole Swider,1610612748,MIA,25.0,18,99.4,98.9,98.9,115.0,110.0,110.0,-15.6,-11.1,-11.1,0.102,0.63,9.6,0.011,0.075,0.04,15.4,15.4,0.526,0.54,0.226,0.234,97.12,99.54,82.95,99.54,0.057,180,0.8,2.1,519,513,513,416,170,170,535,490,490,338,527,505,524,502,538,544,544,312,371,107,105,535,391,391,470,491,486
1630658,Colin Castleton,1610612747,LAL,24.0,16,85.7,82.4,82.4,125.3,117.6,117.6,-39.6,-35.2,-35.2,0.107,1.0,12.0,0.094,0.118,0.104,12.0,12.2,0.563,0.644,0.157,0.162,96.49,101.56,84.63,101.56,0.078,125,0.6,1.0,558,553,553,558,491,491,561,558,558,323,480,451,67,287,166,469,479,189,61,332,335,547,224,224,338,519,542
1631221,Collin Gillespie,1610612743,DEN,25.0,24,114.1,111.7,111.7,108.7,109.2,109.2,5.4,2.5,2.5,0.164,1.93,23.5,0.004,0.085,0.045,12.2,12.1,0.572,0.586,0.166,0.173,98.97,99.78,83.15,99.78,0.071,470,1.3,2.9,180,261,261,121,138,138,115,187,187,177,267,140,544,458,522,478,475,155,203,288,277,447,367,367,385,422,442
1629012,Collin Sexton,1610612762,UTA,25.0,78,115.2,117.0,117.0,119.7,120.4,120.4,-4.5,-3.4,-3.4,0.283,2.32,22.0,0.033,0.064,0.049,9.5,9.4,0.549,0.607,0.267,0.273,102.85,101.71,84.76,101.71,0.12,4399,6.5,13.3,131,93,93,533,539,539,361,342,342,45,189,167,299,526,499,300,300,237,133,44,46,130,211,211,103,68,73
1630557,Corey Kispert,1610612764,WAS,25.0,80,107.8,108.7,108.7,118.1,119.4,119.4,-10.3,-10.7,-10.7,0.111,1.6,14.1,0.014,0.091,0.052,8.8,8.8,0.602,0.62,0.191,0.196,104.6,103.61,86.34,103.61,0.084,4477,4.8,9.9,387,359,359,506,529,529,473,481,481,312,347,392,495,434,471,246,246,80,101,183,188,44,103,103,282,128,128
202709,Cory Joseph,1610612744,GSW,32.0,26,115.4,114.2,114.2,117.2,117.2,117.2,-1.8,-3.0,-3.0,0.174,3.5,34.7,0.019,0.083,0.05,9.9,9.9,0.461,0.47,0.108,0.112,101.66,102.2,85.17,102.2,0.042,633,0.9,2.5,123,175,175,492,485,485,298,330,330,161,46,30,440,468,490,336,335,474,494,530,529,215,171,171,514,481,464
1641854,Craig Porter Jr.,1610612739,CLE,24.0,51,112.1,111.7,111.7,114.0,113.4,113.4,-1.8,-1.6,-1.6,0.265,2.62,28.4,0.035,0.138,0.088,10.8,10.8,0.535,0.564,0.201,0.207,96.76,97.17,80.97,97.17,0.113,1313,2.3,4.5,241,259,259,366,317,317,301,303,303,62,125,67,292,204,225,404,404,276,294,164,156,544,547,547,126,301,324
1626156,D'Angelo Russell,1610612747,LAL,28.0,76,115.6,116.5,116.5,112.7,113.9,113.9,2.9,2.6,2.6,0.261,3.09,26.8,0.012,0.079,0.047,8.7,8.7,0.56,0.588,0.222,0.227,103.92,102.97,85.81,102.97,0.103,5348,6.5,14.2,118,107,107,306,344,344,180,183,183,67,70,89,516,490,507,232,233,203,195,118,119,67,134,134,182,69,64
1641793,D'Moi Hodge,1610612747,LAL,25.0,7,91.0,86.4,86.4,133.5,130.6,130.6,-42.5,-44.2,-44.2,0.227,5.0,22.7,0.0,0.0,0.0,4.5,4.6,0.433,0.441,0.172,0.184,97.02,100.67,83.89,100.67,0.027,88,0.7,2.1,545,551,551,565,564,564,562,565,565,102,13,156,545,557,561,40,41,498,517,257,227,538,292,292,536,502,484
1630618,D.J. Carton,1610612761,TOR,23.0,4,86.8,81.5,81.5,122.9,122.8,122.8,-36.1,-41.3,-41.3,0.15,3.0,21.4,0.051,0.043,0.047,7.1,7.0,0.438,0.539,0.125,0.137,104.66,108.07,90.06,108.07,0.06,81,0.8,2.0,556,558,558,554,556,556,559,561,561,204,75,173,198,546,509,110,107,496,378,477,444,42,29,29,451,498,490
1628391,D.J. Wilson,1610612753,ORL,28.0,2,130.8,120.0,120.0,115.2,117.2,117.2,15.6,2.8,2.8,0.222,0.0,25.0,0.083,0.071,0.077,0.0,0.0,0.833,0.833,0.182,0.197,88.51,91.55,76.29,91.55,0.172,30,2.0,3.0,6,40,40,425,486,486,20,171,171,106,541,115,91,516,297,1,1,2,2,213,187,568,571,571,10,326,430
1629610,DaQuan Jeffries,1610612752,NYK,26.0,17,90.8,87.6,87.6,101.5,95.0,95.0,-10.7,-7.4,-7.4,0.185,1.67,19.2,0.0,0.096,0.046,11.5,11.6,0.412,0.391,0.193,0.208,97.72,102.84,85.7,102.84,0.038,97,0.4,1.0,546,550,550,31,18,18,480,420,420,154,334,231,545,401,510,443,446,513,531,178,155,523,139,139,517,546,542
1630227,Daishen Nix,1610612750,MIN,22.0,15,125.0,119.3,119.3,101.2,99.1,99.1,23.7,20.2,20.2,0.14,1.2,15.8,0.018,0.043,0.029,13.2,13.3,0.5,0.507,0.241,0.256,109.07,112.81,94.01,112.81,0.068,119,0.6,1.6,12,53,53,30,31,31,10,13,13,231,443,336,447,546,554,510,512,383,446,75,62,9,8,8,399,517,516
1630625,Dalano Banton,1610612757,POR,24.0,54,103.3,104.5,104.5,114.7,114.7,114.7,-11.4,-10.2,-10.2,0.2,1.65,16.8,0.036,0.13,0.081,10.2,10.2,0.463,0.504,0.25,0.255,99.06,98.51,82.09,98.51,0.1,2147,3.7,9.3,485,464,464,405,389,389,491,470,470,138,340,303,285,232,258,357,357,470,451,62,65,442,462,462,194,178,140
1631207,Dalen Terry,1610612741,CHI,21.0,59,113.9,112.9,112.9,110.6,110.7,110.7,3.3,2.2,2.2,0.151,2.53,27.9,0.042,0.124,0.083,11.0,11.1,0.494,0.512,0.127,0.131,98.95,99.32,82.77,99.32,0.063,1411,1.2,2.7,189,224,224,209,202,202,170,195,195,202,138,73,238,264,248,414,421,413,435,469,468,448,411,411,433,449,452
1627745,Damian Jones,1610612739,CLE,29.0,39,96.2,94.0,94.0,114.4,112.6,112.6,-18.2,-18.7,-18.7,0.097,1.15,14.0,0.075,0.167,0.12,12.1,11.9,0.618,0.659,0.149,0.161,94.76,96.63,80.52,96.63,0.115,548,1.1,1.8,529,531,531,391,292,292,538,537,537,348,459,393,119,131,116,476,464,58,45,370,346,558,557,557,123,454,499
203081,Damian Lillard,1610612749,MIL,33.0,73,118.1,119.4,119.4,110.5,112.4,112.4,7.5,6.9,6.9,0.284,2.63,23.2,0.014,0.102,0.06,8.8,8.8,0.51,0.59,0.274,0.281,103.48,102.06,85.05,102.06,0.132,5486,7.4,17.5,54,51,51,206,282,282,81,82,82,44,123,147,494,377,416,249,243,364,187,34,37,89,182,182,62,51,32
1629655,Daniel Gafford,1610612742,DAL,25.0,74,112.9,113.9,113.9,114.2,116.0,116.0,-1.3,-2.2,-2.2,0.083,1.55,15.4,0.105,0.186,0.147,9.9,9.9,0.725,0.731,0.145,0.147,104.58,103.3,86.08,103.3,0.121,3897,4.7,6.5,219,193,193,377,451,451,287,313,313,406,360,352,45,93,64,337,337,4,6,394,403,45,118,118,99,135,228
1628464,Daniel Theis,1610612746,LAC,32.0,60,115.2,115.6,115.6,111.8,113.2,113.2,3.3,2.4,2.4,0.081,1.45,14.6,0.084,0.15,0.117,10.0,10.0,0.577,0.597,0.15,0.153,100.63,99.85,83.21,99.85,0.084,2116,2.6,4.9,134,134,134,269,312,312,166,190,190,414,389,379,90,169,123,348,349,142,164,367,373,308,361,361,280,261,298
201568,Danilo Gallinari,1610612749,MIL,35.0,49,109.0,109.1,109.1,117.7,117.5,117.5,-8.7,-8.4,-8.4,0.127,2.39,18.0,0.032,0.146,0.088,7.5,7.4,0.516,0.601,0.171,0.179,101.4,101.41,84.51,101.41,0.093,1335,1.7,3.9,353,350,350,496,489,489,445,441,441,272,177,268,309,181,221,144,136,347,148,265,246,238,236,236,233,362,363
201980,Danny Green,1610612755,PHI,37.0,2,110.8,114.6,114.6,118.0,120.5,120.5,-7.1,-5.9,-5.9,0.056,0.0,33.3,0.0,0.111,0.056,0.0,0.0,0.0,0.0,0.043,0.044,106.98,104.07,86.72,104.07,0.012,41,0.0,1.0,279,162,162,503,541,541,415,386,386,519,541,33,545,317,443,1,1,561,563,568,568,16,81,81,549,561,542
203957,Danté Exum,1610612742,DAL,28.0,55,120.6,120.7,120.7,109.9,110.5,110.5,10.7,10.3,10.3,0.181,3.2,29.1,0.023,0.108,0.067,9.1,9.1,0.621,0.645,0.148,0.152,102.22,101.9,84.92,101.9,0.093,2310,2.9,5.5,21,27,27,173,187,187,42,45,45,157,59,60,394,341,364,264,268,56,58,377,379,176,199,199,230,232,268
1627863,Danuel House Jr.,1610612755,PHI,31.0,34,109.8,109.9,109.9,108.5,107.7,107.7,1.3,2.3,2.3,0.075,1.47,16.4,0.03,0.081,0.055,11.1,11.0,0.519,0.575,0.116,0.12,101.43,101.74,84.78,101.74,0.053,1077,1.4,3.1,321,316,316,109,102,102,215,192,192,442,384,312,329,478,452,419,417,336,249,508,508,235,207,207,489,415,425
203967,Dario Šarić,1610612744,GSW,30.0,64,112.4,113.7,113.7,114.7,115.3,115.3,-2.3,-1.6,-1.6,0.187,1.85,22.1,0.063,0.192,0.126,12.0,12.0,0.562,0.6,0.19,0.195,100.83,100.0,83.33,100.0,0.111,2294,2.8,6.1,233,196,196,406,424,424,317,301,301,151,282,162,150,84,106,468,470,193,149,184,194,294,345,345,137,240,246
1641727,Dariq Whitehead,1610612751,BKN,19.0,2,108.6,110.9,110.9,161.5,153.7,153.7,-52.9,-42.8,-42.8,0.143,0.0,33.3,0.0,0.19,0.078,0.0,0.0,0.2,0.255,0.094,0.093,107.63,109.08,90.9,109.08,0.035,55,0.5,2.5,365,285,285,571,571,571,567,563,563,221,541,33,545,86,284,1,1,556,556,551,556,12,19,19,521,528,458
1629647,Darius Bazley,1610612762,UTA,24.0,9,114.7,114.0,114.0,122.8,125.2,125.2,-8.1,-11.3,-11.3,0.062,0.88,14.0,0.051,0.132,0.091,16.0,15.9,0.633,0.68,0.118,0.123,99.92,99.27,82.73,99.27,0.089,315,2.0,3.3,154,184,184,553,560,560,433,491,491,494,504,396,201,223,210,547,547,47,24,505,502,350,415,415,255,326,409
1629636,Darius Garland,1610612739,CLE,24.0,57,112.7,113.5,113.5,111.1,111.4,111.4,1.6,2.1,2.1,0.295,2.12,25.5,0.017,0.064,0.041,12.0,12.0,0.524,0.56,0.249,0.255,98.51,98.02,81.69,98.02,0.104,3894,6.6,14.8,224,206,206,230,231,231,208,196,196,36,218,110,469,527,536,472,471,321,307,63,63,474,500,500,173,67,60
1630561,David Duke Jr.,1610612759,SAS,24.0,4,116.7,115.3,115.3,112.0,110.9,110.9,4.7,4.4,4.4,0.132,1.67,18.5,0.042,0.14,0.095,11.1,11.0,0.639,0.673,0.179,0.188,102.15,103.29,86.08,103.29,0.114,111,2.5,4.5,84,141,141,279,207,207,137,131,131,255,334,248,243,194,194,419,411,43,32,222,218,181,119,119,124,276,322
1631223,David Roddy,1610612756,PHX,23.0,65,103.5,104.3,104.3,113.1,113.6,113.6,-9.6,-9.3,-9.3,0.102,1.4,13.9,0.042,0.134,0.087,9.9,9.9,0.462,0.484,0.177,0.182,101.7,101.1,84.25,101.1,0.068,2482,2.5,6.3,482,467,467,322,330,330,458,455,455,335,397,398,240,218,230,332,333,471,478,229,235,213,256,256,405,272,237
1630558,Davion Mitchell,1610612758,SAC,25.0,72,110.8,109.5,109.5,113.1,112.1,112.1,-2.3,-2.6,-2.6,0.168,3.12,25.9,0.017,0.071,0.043,8.3,8.3,0.54,0.555,0.147,0.153,99.01,100.05,83.37,100.05,0.064,2302,2.0,4.5,280,338,338,323,262,262,316,319,319,168,67,105,461,515,528,193,195,259,320,380,374,445,340,340,430,324,323
202722,Davis Bertans,1610612766,CHA,31.0,43,106.8,107.0,107.0,114.3,114.2,114.2,-7.5,-7.2,-7.2,0.076,1.94,11.7,0.013,0.081,0.046,6.0,6.0,0.556,0.583,0.169,0.176,98.57,98.52,82.1,98.52,0.069,1395,2.1,5.4,416,400,400,389,364,364,422,410,410,440,263,459,505,480,516,67,66,218,210,268,265,473,460,460,395,315,271
1630549,Day'Ron Sharpe,1610612751,BKN,22.0,61,112.1,112.8,112.8,107.9,108.0,108.0,4.1,4.8,4.8,0.137,1.21,17.0,0.163,0.235,0.199,14.0,13.9,0.578,0.596,0.185,0.191,99.97,99.62,83.01,99.62,0.131,1898,2.8,4.8,244,227,227,93,108,108,145,125,125,239,441,296,8,33,8,523,522,136,171,204,208,349,385,385,67,245,306
1628368,De'Aaron Fox,1610612758,SAC,26.0,74,115.1,116.6,116.6,112.6,112.3,112.3,2.5,4.3,4.3,0.244,2.15,17.8,0.024,0.104,0.062,8.3,8.3,0.534,0.567,0.3,0.306,102.26,101.7,84.75,101.7,0.128,5629,9.7,20.9,138,101,101,303,278,278,189,132,132,90,211,276,391,364,393,192,194,280,283,15,16,168,212,212,75,8,4
1629631,De'Andre Hunter,1610612737,ATL,26.0,57,115.7,116.7,116.7,117.2,117.9,117.9,-1.6,-1.3,-1.3,0.073,1.05,9.5,0.018,0.116,0.066,9.1,9.0,0.547,0.595,0.204,0.209,101.84,101.11,84.25,101.11,0.079,3539,5.3,11.6,116,100,100,493,498,498,293,296,296,451,474,506,452,293,373,267,260,243,177,153,150,203,255,255,324,103,96
1629001,De'Anthony Melton,1610612755,PHI,26.0,38,120.0,122.0,122.0,111.2,112.0,112.0,8.8,10.0,10.0,0.144,2.92,20.8,0.027,0.111,0.069,7.1,7.1,0.493,0.533,0.177,0.179,102.32,101.13,84.27,101.13,0.079,2157,3.7,9.5,28,15,15,237,258,258,56,47,47,217,87,195,357,323,353,108,110,419,399,231,245,166,253,253,326,183,135
201599,DeAndre Jordan,1610612743,DEN,35.0,36,105.0,105.2,105.2,114.2,115.9,115.9,-9.2,-10.7,-10.7,0.098,1.13,15.8,0.126,0.237,0.182,13.9,13.9,0.624,0.61,0.147,0.152,98.34,97.52,81.27,97.52,0.11,803,1.6,2.6,459,446,446,380,447,447,450,479,479,347,466,340,19,30,19,521,521,54,124,386,377,489,530,530,146,376,456
1630610,DeJon Jarreau,1610612763,MEM,26.0,9,99.1,102.9,102.9,109.7,107.5,107.5,-10.5,-4.6,-4.6,0.257,2.89,28.9,0.043,0.238,0.13,10.0,10.0,0.38,0.392,0.171,0.172,101.86,100.95,84.12,100.95,0.09,310,1.9,5.6,520,482,482,157,98,98,478,367,367,71,93,65,236,28,95,342,347,525,530,264,283,201,269,269,248,344,263
201942,DeMar DeRozan,1610612741,CHI,34.0,79,113.3,113.5,113.5,113.9,114.6,114.6,-0.6,-1.0,-1.0,0.22,3.12,19.4,0.014,0.101,0.057,6.2,6.2,0.507,0.584,0.252,0.26,98.32,97.94,81.62,97.94,0.129,6098,8.2,17.2,204,205,205,361,384,384,274,288,288,108,66,226,492,383,435,74,74,372,209,57,58,492,506,506,71,30,33
1629731,Dean Wade,1610612739,CLE,27.0,54,113.0,111.9,111.9,102.2,103.5,103.5,10.8,8.3,8.3,0.052,2.15,14.0,0.033,0.154,0.094,6.5,6.5,0.584,0.598,0.101,0.104,100.07,99.94,83.28,99.94,0.073,2300,1.8,4.3,216,254,254,34,51,51,41,66,66,526,212,395,306,157,197,86,87,117,157,542,542,341,356,356,372,352,332
1629028,Deandre Ayton,1610612757,POR,25.0,55,105.4,106.6,106.6,113.8,115.3,115.3,-8.4,-8.7,-8.7,0.086,0.91,9.3,0.096,0.25,0.171,10.2,10.2,0.571,0.587,0.211,0.215,98.97,97.76,81.47,97.76,0.141,3631,7.8,13.6,449,406,406,349,422,422,440,448,448,388,498,513,64,20,32,359,358,161,200,137,145,446,519,519,44,40,69
1627749,Dejounte Murray,1610612737,ATL,27.0,78,114.9,116.8,116.8,118.3,119.5,119.5,-3.4,-2.7,-2.7,0.274,2.5,22.1,0.021,0.13,0.072,8.8,8.8,0.528,0.555,0.259,0.263,102.73,101.33,84.45,101.33,0.122,5879,8.6,18.8,146,97,97,511,531,531,344,321,321,52,154,166,422,236,326,250,248,305,318,50,52,140,241,241,93,23,18
1626153,Delon Wright,1610612748,MIA,32.0,47,110.7,110.7,110.7,109.8,109.7,109.7,0.9,1.0,1.0,0.213,8.5,34.8,0.025,0.089,0.057,4.1,4.1,0.46,0.505,0.127,0.13,100.98,101.07,84.23,101.07,0.093,1560,1.6,4.0,282,292,292,166,152,152,226,223,223,116,4,29,375,437,433,35,36,476,449,470,474,280,259,259,231,382,352
1630166,Deni Avdija,1610612764,WAS,23.0,75,109.3,109.7,109.7,115.6,116.2,116.2,-6.3,-6.5,-6.5,0.174,1.79,21.0,0.036,0.192,0.115,11.8,11.7,0.56,0.597,0.196,0.203,105.47,105.06,87.55,105.06,0.109,4936,5.4,10.7,341,330,330,444,457,457,396,398,398,162,297,186,283,83,135,458,452,201,163,171,172,27,54,54,153,100,113
203471,Dennis Schröder,1610612751,BKN,30.0,80,111.7,112.6,112.6,114.5,115.4,115.4,-2.8,-2.8,-2.8,0.281,3.19,29.5,0.015,0.082,0.048,9.2,9.2,0.509,0.55,0.202,0.206,99.23,98.44,82.04,98.44,0.095,5106,5.0,11.6,253,234,234,394,426,426,333,323,323,46,63,55,479,477,501,278,279,367,333,159,162,426,469,469,223,110,98
1628372,Dennis Smith Jr.,1610612751,BKN,26.0,56,109.7,109.9,109.9,109.6,109.9,109.9,0.0,-0.1,-0.1,0.276,2.99,32.0,0.046,0.108,0.076,10.7,10.7,0.482,0.508,0.174,0.179,98.87,98.64,82.2,98.64,0.092,2160,2.6,6.0,330,323,323,155,166,166,254,260,260,49,83,42,226,335,301,397,397,441,445,242,248,454,452,452,234,257,247
1641726,Dereck Lively II,1610612742,DAL,20.0,55,120.4,120.6,120.6,113.7,115.6,115.6,6.6,5.0,5.0,0.06,1.2,13.6,0.106,0.179,0.144,11.4,11.3,0.747,0.728,0.124,0.128,101.87,100.89,84.08,100.89,0.102,2724,4.0,5.4,26,29,29,345,436,436,93,121,121,500,443,407,42,100,73,428,428,3,7,481,486,200,271,271,185,165,278
1631220,Dereon Seabron,1610612740,NOP,24.0,6,116.3,118.8,118.8,92.8,92.5,92.5,23.5,26.3,26.3,0.116,0.0,23.8,0.021,0.082,0.058,0.0,0.0,0.346,0.448,0.122,0.121,104.2,103.26,86.05,103.26,0.069,117,0.7,2.2,97,60,60,14,15,15,11,10,10,295,541,133,417,473,430,1,1,536,515,493,507,52,121,121,392,503,483
1627884,Derrick Jones Jr.,1610612742,DAL,27.0,76,114.0,114.0,114.0,111.3,112.3,112.3,2.7,1.7,1.7,0.055,1.15,10.8,0.045,0.089,0.067,9.4,9.4,0.566,0.592,0.146,0.15,102.36,101.9,84.92,101.9,0.068,3781,3.1,6.5,186,185,185,240,274,274,185,204,204,520,459,481,229,442,363,293,292,183,184,389,392,163,198,198,398,221,227
201565,Derrick Rose,1610612763,MEM,35.0,24,103.6,103.9,103.9,106.3,107.7,107.7,-2.7,-3.8,-3.8,0.31,2.52,27.3,0.017,0.089,0.053,10.8,10.8,0.506,0.54,0.222,0.227,102.3,101.51,84.59,101.51,0.108,844,3.2,6.9,478,472,472,69,103,103,331,350,350,26,142,82,464,436,462,403,405,375,373,121,122,167,227,227,160,216,210
1628401,Derrick White,1610612738,BOS,29.0,73,121.2,122.4,122.4,108.5,109.9,109.9,12.7,12.5,12.5,0.209,3.37,27.1,0.022,0.1,0.063,8.1,8.0,0.578,0.611,0.183,0.187,100.59,99.48,82.9,99.48,0.106,4935,5.3,11.5,19,13,13,113,163,163,26,27,27,125,49,85,406,388,391,178,178,138,121,209,222,310,397,397,166,104,100
1630217,Desmond Bane,1610612763,MEM,26.0,42,106.2,108.2,108.2,113.7,115.4,115.4,-7.6,-7.2,-7.2,0.272,2.05,19.5,0.023,0.104,0.062,9.5,9.4,0.552,0.589,0.273,0.28,102.51,100.82,84.01,100.82,0.128,3038,8.6,18.5,433,369,369,347,427,427,424,409,409,55,227,221,397,365,400,303,298,227,193,37,40,152,277,277,76,25,21
1626164,Devin Booker,1610612756,PHX,27.0,68,117.8,119.3,119.3,112.4,113.5,113.5,5.4,5.8,5.8,0.299,2.65,22.1,0.024,0.098,0.063,8.3,8.3,0.55,0.611,0.289,0.297,101.12,99.96,83.3,99.96,0.142,5103,9.4,19.2,62,52,52,292,323,323,117,99,99,33,119,163,387,397,389,200,193,233,119,23,24,268,351,351,42,11,13
1630170,Devin Vassell,1610612759,SAS,23.0,68,106.8,108.5,108.5,113.9,114.6,114.6,-7.1,-6.0,-6.0,0.192,2.56,18.3,0.012,0.102,0.056,7.1,7.1,0.55,0.578,0.229,0.235,103.5,102.42,85.35,102.42,0.112,4795,7.3,15.5,413,360,360,365,382,382,414,391,391,146,132,258,517,378,438,109,109,234,230,102,103,88,160,160,133,54,51
1628984,Devonte' Graham,1610612759,SAS,29.0,23,109.2,108.9,108.9,104.0,105.6,105.6,5.2,3.3,3.3,0.219,2.88,27.2,0.016,0.095,0.055,9.4,9.4,0.468,0.495,0.175,0.181,102.26,101.62,84.69,101.62,0.077,663,1.7,4.7,347,356,356,46,78,78,121,159,159,110,94,83,477,410,446,297,295,465,467,240,238,169,218,218,342,371,314
1641926,Dexter Dennis,1610612742,DAL,25.0,4,89.9,89.0,89.0,102.5,100.0,100.0,-12.7,-11.0,-11.0,0.364,1.33,15.4,0.025,0.211,0.115,11.5,11.0,0.553,0.541,0.278,0.298,116.1,118.13,98.44,118.13,0.164,73,2.5,4.8,549,546,546,37,34,34,510,482,482,9,409,353,379,57,130,443,411,225,367,31,23,3,3,3,15,276,308
1628415,Dillon Brooks,1610612745,HOU,28.0,72,112.2,113.6,113.6,111.9,113.6,113.6,0.3,0.0,0.0,0.074,1.35,11.4,0.023,0.084,0.053,8.4,8.5,0.515,0.549,0.176,0.178,101.41,100.0,83.33,100.0,0.056,4630,4.6,10.7,237,201,201,274,332,332,243,254,254,448,406,471,398,463,463,209,212,351,334,235,251,236,346,346,479,140,115
1631376,Dmytro Skapintsev,1610612752,NYK,26.0,2,75.0,75.0,75.0,87.2,60.0,60.0,-12.2,15.0,15.0,0.0,0.0,0.0,0.0,0.0,0.0,0.0,0.0,0.0,0.0,0.25,0.25,83.7,101.25,84.38,101.25,-0.167,4,0.0,0.5,566,564,564,9,3,3,503,23,23,553,541,553,545,557,561,1,1,561,563,60,71,570,247,247,572,561,565
1627734,Domantas Sabonis,1610612758,SAC,28.0,82,114.2,116.0,116.0,114.0,115.2,115.2,0.1,0.8,0.8,0.334,2.47,30.8,0.097,0.295,0.192,12.4,12.4,0.609,0.637,0.22,0.223,100.93,99.61,83.01,99.61,0.169,6085,7.7,13.0,178,120,120,372,417,417,249,229,229,15,157,48,60,7,11,487,487,73,68,127,129,287,386,386,11,43,77
1631230,Dominick Barlow,1610612759,SAS,21.0,33,114.1,113.3,113.3,116.8,117.8,117.8,-2.7,-4.5,-4.5,0.114,4.0,20.2,0.098,0.167,0.13,5.1,5.1,0.509,0.548,0.139,0.142,101.29,101.2,84.33,101.2,0.084,888,1.7,3.4,181,214,214,478,496,496,329,362,362,303,29,208,59,130,94,50,50,369,341,419,428,253,248,248,278,361,397
1628378,Donovan Mitchell,1610612739,CLE,27.0,55,115.1,115.9,115.9,107.4,108.6,108.6,7.7,7.3,7.3,0.268,2.16,19.5,0.024,0.116,0.071,9.0,9.0,0.545,0.595,0.301,0.307,100.79,99.82,83.19,99.82,0.15,4054,9.1,19.8,140,124,124,86,120,120,75,78,78,58,210,223,392,295,341,258,256,246,173,14,14,296,364,364,29,13,7
1628978,Donte DiVincenzo,1610612752,NYK,27.0,81,115.8,117.9,117.9,114.2,114.2,114.2,1.6,3.7,3.7,0.133,1.91,15.7,0.026,0.102,0.063,8.2,8.2,0.584,0.597,0.209,0.213,98.01,97.11,80.93,97.11,0.098,4770,5.5,12.4,112,72,72,378,366,366,209,149,149,252,269,344,368,373,387,185,183,116,160,142,148,511,549,549,202,96,86
1627827,Dorian Finney-Smith,1610612751,BKN,31.0,68,110.7,111.0,111.0,112.2,113.2,113.2,-1.6,-2.2,-2.2,0.077,1.81,15.3,0.053,0.107,0.079,8.4,8.5,0.535,0.546,0.132,0.134,98.85,98.25,81.88,98.25,0.062,3951,3.2,7.5,287,281,281,286,313,313,294,314,314,437,288,358,188,346,275,207,211,273,348,452,455,456,489,489,441,217,196
203926,Doug McDermott,1610612754,IND,32.0,64,111.1,111.6,111.6,120.5,120.9,120.9,-9.4,-9.3,-9.3,0.097,2.5,18.0,0.011,0.054,0.032,7.2,7.2,0.599,0.6,0.144,0.148,104.12,103.67,86.39,103.67,0.054,1970,1.9,4.4,271,263,263,542,544,544,454,454,454,349,143,270,524,540,553,118,114,86,150,398,401,55,98,98,486,338,327
203110,Draymond Green,1610612744,GSW,34.0,55,115.1,115.6,115.6,110.1,110.7,110.7,5.0,4.9,4.9,0.276,2.46,38.1,0.05,0.2,0.127,15.5,15.5,0.566,0.587,0.148,0.152,103.69,103.22,86.02,103.22,0.108,3211,3.4,6.8,137,135,135,188,201,201,125,123,123,50,161,18,207,73,104,545,545,182,199,375,383,82,122,122,162,207,216
1629234,Drew Eubanks,1610612756,PHX,27.0,75,108.4,108.3,108.3,112.5,112.3,112.3,-4.1,-4.1,-4.1,0.079,1.03,15.0,0.09,0.176,0.135,14.6,14.6,0.607,0.645,0.129,0.133,99.55,99.66,83.05,99.66,0.099,2423,2.0,3.4,372,368,368,299,277,277,351,357,357,423,479,364,73,109,88,535,535,75,59,460,460,389,382,382,199,325,402
1641809,Drew Peterson,1610612738,BOS,24.0,3,136.9,132.0,132.0,110.9,116.0,116.0,26.0,16.0,16.0,0.045,1.0,12.5,0.0,0.042,0.022,12.5,12.5,0.917,0.917,0.123,0.129,106.31,105.8,88.17,105.8,0.088,50,1.3,2.0,4,4,4,221,450,450,8,18,18,538,480,433,545,548,558,490,488,1,1,487,480,18,43,43,262,422,490
1630696,Dru Smith,1610612748,MIA,26.0,9,98.0,97.4,97.4,110.4,112.5,112.5,-12.4,-15.0,-15.0,0.187,2.8,26.4,0.041,0.058,0.049,9.4,9.5,0.561,0.576,0.128,0.13,100.35,99.74,83.12,99.74,0.083,271,1.7,3.7,524,520,520,200,285,285,507,529,529,150,102,97,246,533,494,296,303,197,245,465,473,322,370,370,293,366,378
1629130,Duncan Robinson,1610612748,MIA,30.0,68,110.6,111.5,111.5,110.6,111.0,111.0,0.0,0.5,0.5,0.151,2.02,19.3,0.008,0.084,0.046,9.5,9.5,0.589,0.612,0.184,0.189,98.63,98.06,81.71,98.06,0.082,3901,4.5,9.9,294,267,267,208,214,214,258,237,237,201,234,230,540,462,512,307,305,107,116,206,212,471,497,497,299,145,127
1641871,Duop Reath,1610612757,POR,28.0,68,107.4,109.6,109.6,116.1,116.8,116.8,-8.6,-7.1,-7.1,0.088,1.29,10.2,0.069,0.138,0.101,7.9,7.9,0.549,0.571,0.202,0.206,99.71,98.42,82.02,98.42,0.088,2485,3.4,7.3,399,334,334,463,472,472,444,408,408,377,427,494,132,205,181,167,168,238,261,158,163,371,472,472,260,204,199
203939,Dwight Powell,1610612742,DAL,32.0,63,114.3,114.7,114.7,114.6,114.4,114.4,-0.3,0.3,0.3,0.128,2.63,32.2,0.109,0.139,0.124,12.3,12.3,0.684,0.716,0.087,0.09,102.63,102.57,85.47,102.57,0.079,1786,1.1,1.7,170,161,161,399,372,372,263,242,242,269,124,40,40,201,108,481,484,17,12,557,557,145,147,147,321,451,510
1629685,Dylan Windler,1610612737,ATL,27.0,17,108.9,107.5,107.5,113.8,112.1,112.1,-4.9,-4.6,-4.6,0.133,5.0,23.8,0.03,0.109,0.073,4.8,4.8,0.717,0.717,0.129,0.132,100.17,101.61,84.68,101.61,0.101,227,0.9,1.8,358,393,393,354,260,260,367,365,365,250,13,133,324,333,324,43,43,7,11,462,464,333,219,219,190,483,504
1630700,Dyson Daniels,1610612740,NOP,21.0,61,116.4,115.0,115.0,111.0,111.7,111.7,5.4,3.3,3.3,0.157,2.78,29.4,0.046,0.126,0.086,10.6,10.6,0.514,0.529,0.123,0.127,99.71,100.03,83.36,100.03,0.08,2821,2.3,5.1,92,152,152,225,245,245,116,160,160,192,104,57,223,253,232,387,388,353,404,486,490,372,343,343,315,300,286
1630604,E.J. Liddell,1610612740,NOP,23.0,8,105.6,98.1,98.1,112.8,109.8,109.8,-7.2,-11.7,-11.7,0.067,0.5,10.0,0.0,0.217,0.106,20.0,20.2,0.167,0.291,0.148,0.164,102.81,108.13,90.11,108.13,0.045,53,0.1,0.8,446,518,518,314,160,160,416,496,496,481,532,497,545,53,156,559,562,558,553,379,322,133,28,28,506,558,557
1641734,Emoni Bates,1610612739,CLE,20.0,15,94.5,93.3,93.3,125.6,124.0,124.0,-31.1,-30.7,-30.7,0.12,1.25,14.5,0.007,0.11,0.054,11.6,11.6,0.408,0.404,0.196,0.201,96.55,97.76,81.47,97.76,0.03,270,1.0,3.3,536,535,535,559,559,559,556,555,555,284,433,382,543,328,454,448,449,515,526,170,176,546,520,520,528,460,417
201569,Eric Gordon,1610612756,PHX,35.0,68,115.2,115.6,115.6,110.7,112.2,112.2,4.5,3.5,3.5,0.1,1.9,16.2,0.009,0.052,0.032,8.5,8.5,0.565,0.58,0.162,0.166,101.29,100.41,83.67,100.41,0.07,3956,4.0,9.1,133,132,132,211,268,268,140,153,153,339,270,319,532,542,552,218,217,187,224,302,307,252,316,316,387,164,146
1630647,Eugene Omoruyi,1610612764,WAS,27.0,43,100.8,100.1,100.1,115.7,114.2,114.2,-14.9,-14.1,-14.1,0.141,1.67,14.3,0.078,0.13,0.102,8.6,8.6,0.524,0.549,0.208,0.217,107.55,108.62,90.51,108.62,0.09,884,1.9,3.9,511,502,502,446,360,360,531,521,521,228,334,387,107,238,177,225,222,323,335,145,139,13,20,20,251,345,360
203095,Evan Fournier,1610612765,DET,31.0,32,97.1,97.8,97.8,109.5,109.9,109.9,-12.4,-12.1,-12.1,0.131,2.29,15.9,0.008,0.088,0.048,7.0,6.9,0.432,0.464,0.187,0.195,101.35,100.82,84.01,100.82,0.06,1221,2.5,6.9,526,519,519,150,165,165,506,502,502,260,196,331,539,443,504,104,103,502,500,197,192,244,278,278,453,280,208
1630596,Evan Mobley,1610612739,CLE,23.0,50,111.7,111.2,111.2,109.5,110.1,110.1,2.2,1.2,1.2,0.155,1.78,18.2,0.074,0.221,0.15,10.3,10.3,0.6,0.626,0.2,0.205,100.65,100.58,83.82,100.58,0.139,3209,6.4,11.0,252,274,274,148,172,172,196,215,215,194,300,260,122,46,59,365,367,84,90,165,167,307,298,298,48,73,107
1630196,Filip Petrusev,1610612755,PHI,24.0,3,114.6,110.0,110.0,89.5,80.0,80.0,25.1,30.0,30.0,0.0,0.0,0.0,0.0,0.083,0.056,0.0,0.0,0.5,0.521,0.15,0.15,95.59,103.11,85.93,103.11,0.026,20,0.3,0.7,164,314,314,12,6,6,9,6,6,553,541,553,545,466,443,1,1,383,420,366,388,554,128,128,539,548,561
1628373,Frank Ntilikina,1610612766,CHA,25.0,5,116.5,121.3,121.3,121.7,121.1,121.1,-5.2,0.2,0.2,0.108,4.0,26.7,0.021,0.111,0.065,6.7,6.7,0.167,0.253,0.111,0.109,101.95,100.14,83.45,100.14,0.007,89,0.2,1.8,87,19,19,551,547,547,374,244,244,320,29,91,411,317,376,91,95,558,557,519,533,194,335,335,553,556,502
1630532,Franz Wagner,1610612753,ORL,22.0,72,111.1,112.5,112.5,106.9,108.2,108.2,4.3,4.3,4.3,0.183,1.96,16.5,0.031,0.137,0.084,8.4,8.3,0.525,0.575,0.25,0.256,99.72,98.46,82.05,98.46,0.131,4794,7.3,15.2,269,237,237,78,113,113,142,133,133,156,259,311,313,211,240,203,199,318,250,59,61,368,468,468,68,52,54
1627832,Fred VanVleet,1610612745,HOU,30.0,73,113.1,114.6,114.6,110.1,111.6,111.6,3.0,3.0,3.0,0.312,4.67,32.4,0.012,0.089,0.05,6.9,6.9,0.527,0.568,0.194,0.2,100.8,99.44,82.86,99.44,0.118,5568,5.8,13.9,212,165,165,186,240,240,178,166,166,23,19,38,515,440,488,103,104,310,279,174,180,295,401,401,109,82,66
1627788,Furkan Korkmaz,1610612755,PHI,26.0,35,116.3,116.5,116.5,111.4,110.2,110.2,4.9,6.4,6.4,0.108,2.5,21.2,0.013,0.087,0.049,8.5,8.3,0.487,0.519,0.126,0.131,103.77,104.27,86.89,104.27,0.061,653,0.9,2.2,96,106,106,249,173,173,130,92,92,319,143,183,504,451,491,213,201,431,423,475,470,75,76,76,446,486,482
1641713,GG Jackson,1610612763,MEM,19.0,48,103.2,104.3,104.3,111.7,111.4,111.4,-8.4,-7.1,-7.1,0.082,0.91,7.8,0.04,0.114,0.076,8.6,8.6,0.519,0.554,0.238,0.241,100.36,100.0,83.33,100.0,0.095,2564,5.0,11.7,488,469,469,257,230,230,442,407,407,411,500,537,251,308,303,222,229,338,321,84,91,320,347,347,218,112,93
1629216,Gabe Vincent,1610612747,LAL,28.0,11,109.4,109.8,109.8,103.0,103.0,103.0,6.4,6.8,6.8,0.126,4.2,27.6,0.019,0.022,0.02,6.6,6.6,0.337,0.341,0.105,0.108,103.77,103.55,86.29,103.55,0.014,469,1.4,4.5,340,324,324,39,47,47,97,86,86,275,25,77,445,555,559,88,88,538,543,537,538,77,105,105,546,417,325
202066,Garrett Temple,1610612761,TOR,38.0,27,100.0,100.3,100.3,114.8,113.4,113.4,-14.8,-13.1,-13.1,0.14,2.0,21.4,0.058,0.093,0.075,10.7,10.8,0.449,0.502,0.147,0.15,101.21,101.65,84.71,101.65,0.059,612,1.1,2.9,514,501,501,407,318,318,529,510,510,230,238,178,167,421,314,396,402,482,455,384,390,258,215,215,458,456,440
1629726,Garrison Mathews,1610612737,ATL,27.0,66,111.3,111.8,111.8,116.2,115.8,115.8,-4.9,-4.0,-4.0,0.049,1.95,12.5,0.017,0.079,0.047,6.4,6.3,0.644,0.665,0.11,0.115,101.73,101.65,84.71,101.65,0.047,2095,1.6,3.4,266,255,255,465,443,443,365,355,355,533,261,432,460,489,506,82,78,39,38,522,521,212,217,217,501,383,397
203914,Gary Harris,1610612753,ORL,29.0,54,112.3,113.6,113.6,110.1,110.3,110.3,2.3,3.3,3.3,0.09,2.81,20.2,0.019,0.055,0.037,7.2,7.1,0.569,0.587,0.114,0.118,99.17,98.53,82.11,98.53,0.057,2664,2.4,5.5,234,203,203,184,177,177,194,157,157,371,100,209,438,539,547,116,112,169,198,512,512,430,456,456,476,285,266
1627780,Gary Payton II,1610612744,GSW,31.0,44,116.0,114.7,114.7,108.8,108.9,108.9,7.2,5.8,5.8,0.094,1.78,17.9,0.066,0.097,0.081,10.1,10.1,0.617,0.621,0.13,0.135,103.02,103.5,86.25,103.5,0.078,1465,2.3,4.2,105,159,159,124,126,126,83,101,101,358,300,272,142,400,256,350,351,59,97,457,451,113,109,109,339,294,339
1629018,Gary Trent Jr.,1610612761,TOR,25.0,71,112.1,113.7,113.7,117.2,118.2,118.2,-5.1,-4.6,-4.6,0.084,2.53,11.4,0.012,0.083,0.047,4.5,4.5,0.531,0.548,0.195,0.201,101.35,100.18,83.49,100.18,0.077,4159,5.1,11.9,245,197,197,490,505,505,371,364,364,405,136,472,513,470,508,39,38,290,340,172,175,246,332,332,346,108,90
1627777,Georges Niang,1610612739,CLE,31.0,82,113.6,114.4,114.4,112.8,113.9,113.9,0.8,0.6,0.6,0.075,1.36,11.9,0.012,0.138,0.076,8.7,8.7,0.567,0.583,0.173,0.177,99.45,98.61,82.18,98.61,0.069,3766,3.5,7.7,194,170,170,311,343,343,228,235,235,443,403,457,512,208,302,237,236,177,212,250,260,399,453,453,390,200,187
203507,Giannis Antetokounmpo,1610612749,MIL,29.0,73,118.7,119.8,119.8,112.5,113.2,113.2,6.2,6.6,6.6,0.314,1.9,19.6,0.077,0.237,0.159,10.3,10.2,0.624,0.649,0.32,0.327,102.89,102.1,85.09,102.1,0.197,5451,11.5,18.8,42,43,43,296,311,311,100,88,88,22,271,218,114,29,44,368,365,53,55,6,6,124,180,180,7,3,19
1629048,Goga Bitadze,1610612753,ORL,24.0,62,108.8,112.1,112.1,109.7,110.3,110.3,-0.9,1.8,1.8,0.117,1.8,21.4,0.11,0.187,0.148,11.9,11.9,0.608,0.629,0.129,0.13,99.6,97.85,81.54,97.85,0.113,1947,2.0,3.4,361,249,249,160,179,179,283,203,203,293,296,179,37,90,62,464,462,74,78,461,477,382,511,511,127,322,403
202330,Gordon Hayward,1610612760,OKC,34.0,51,111.4,112.0,112.0,116.3,118.0,118.0,-5.0,-6.0,-6.0,0.17,2.39,23.3,0.03,0.116,0.072,9.7,9.7,0.51,0.548,0.175,0.18,101.54,100.51,83.76,100.51,0.087,2617,3.7,7.9,263,251,251,467,500,500,369,388,388,166,176,145,325,298,329,319,317,363,337,238,244,226,305,305,266,181,180
1641711,Gradey Dick,1610612761,TOR,20.0,60,104.5,105.1,105.1,118.6,119.1,119.1,-14.1,-13.9,-13.9,0.078,1.36,11.6,0.02,0.085,0.051,8.6,8.5,0.524,0.546,0.167,0.172,102.48,102.01,85.01,102.01,0.059,2693,3.2,7.4,465,448,448,521,522,522,523,518,518,431,404,462,430,457,482,221,219,325,353,276,286,153,188,188,457,220,197
1629684,Grant Williams,1610612766,CHA,25.0,76,110.7,110.8,110.8,115.1,116.6,116.6,-4.3,-5.7,-5.7,0.114,1.6,18.4,0.04,0.11,0.075,11.5,11.5,0.56,0.588,0.157,0.161,100.44,99.74,83.12,99.74,0.065,4429,3.6,8.0,284,289,289,419,468,468,357,381,381,300,350,255,253,326,315,442,443,202,194,335,341,318,372,372,423,186,178
1628960,Grayson Allen,1610612756,PHX,28.0,75,117.7,119.0,119.0,112.7,113.9,113.9,5.0,5.1,5.1,0.117,2.39,21.3,0.021,0.094,0.059,8.9,8.9,0.649,0.679,0.143,0.145,101.07,99.96,83.3,99.96,0.087,5232,4.5,9.1,65,56,56,307,347,347,126,117,117,292,179,181,420,419,418,251,254,35,25,406,412,272,350,350,267,142,145
1630535,Greg Brown III,1610612742,DAL,22.0,6,105.2,101.1,101.1,109.9,110.6,110.6,-4.8,-9.6,-9.6,0.138,1.0,17.4,0.064,0.122,0.094,17.4,17.4,0.5,0.501,0.178,0.184,111.67,113.53,94.61,113.53,0.044,94,0.8,1.8,455,496,496,174,197,197,363,461,461,236,480,285,148,267,202,555,555,383,456,228,231,5,7,7,508,491,500
1630611,Gui Santos,1610612744,GSW,22.0,23,112.8,113.4,113.4,111.7,110.1,110.1,1.1,3.4,3.4,0.097,2.0,16.7,0.079,0.153,0.115,8.3,8.4,0.6,0.656,0.142,0.146,101.51,101.95,84.96,101.95,0.101,409,1.2,2.4,221,209,209,258,171,171,222,154,154,350,238,305,105,161,131,195,203,82,48,407,405,229,194,194,186,440,471
1628977,Hamidou Diallo,1610612764,WAS,25.0,2,78.7,81.8,81.8,57.1,50.0,50.0,21.6,31.8,31.8,0.333,1.0,25.0,0.182,0.0,0.125,25.0,25.0,0.5,0.5,0.188,0.194,102.06,106.11,88.42,106.11,0.261,11,0.5,1.0,564,556,556,2,2,2,14,5,5,16,480,115,5,557,107,569,569,383,457,194,199,184,41,41,2,528,542
203084,Harrison Barnes,1610612758,SAC,32.0,82,112.9,114.1,114.1,115.0,115.7,115.7,-2.1,-1.7,-1.7,0.056,1.71,10.3,0.027,0.079,0.052,6.0,5.9,0.576,0.611,0.154,0.158,101.55,100.69,83.91,100.69,0.073,4996,4.2,8.9,218,181,181,417,440,440,311,304,304,518,324,493,359,488,472,65,65,145,120,353,361,224,290,290,375,153,148
1628385,Harry Giles III,1610612747,LAL,26.0,23,107.0,107.5,107.5,127.9,123.3,123.3,-20.8,-15.8,-15.8,0.088,1.0,9.0,0.103,0.178,0.138,9.0,8.9,0.49,0.503,0.233,0.241,102.1,103.76,86.47,103.76,0.081,213,1.0,2.2,408,390,390,560,557,557,545,533,533,379,480,519,48,103,85,254,251,424,453,98,92,182,94,94,301,460,481
1629312,Haywood Highsmith,1610612748,MIA,27.0,66,109.5,110.1,110.1,108.7,109.0,109.0,0.7,1.1,1.1,0.074,2.06,15.6,0.048,0.107,0.078,7.6,7.6,0.581,0.587,0.121,0.124,98.14,97.7,81.42,97.7,0.067,2769,2.3,5.0,338,307,307,122,130,130,231,221,221,449,226,346,214,343,289,149,150,131,197,498,498,503,525,525,408,296,294
1630929,Henri Drell,1610612741,CHI,24.0,4,128.3,120.6,120.6,115.5,113.4,113.4,12.8,7.2,7.2,0.154,2.0,23.5,0.029,0.111,0.065,11.8,11.8,0.5,0.506,0.155,0.163,104.07,108.3,90.25,108.3,0.043,68,1.0,2.5,9,32,32,437,321,321,25,80,80,197,238,138,336,317,379,457,461,383,448,350,327,61,25,25,511,460,458
1630529,Herbert Jones,1610612740,NOP,25.0,76,115.9,116.4,116.4,109.5,111.0,111.0,6.5,5.5,5.5,0.112,2.14,20.9,0.033,0.084,0.059,9.8,9.8,0.595,0.636,0.141,0.143,99.72,98.85,82.37,98.85,0.076,4767,3.9,7.7,108,110,110,147,210,210,96,112,112,309,214,190,301,460,420,321,326,96,69,412,421,367,432,432,359,172,183
1641816,Hunter Tyson,1610612743,DEN,24.0,18,108.9,100.9,100.9,104.1,98.1,98.1,4.8,2.7,2.7,0.059,1.0,8.3,0.022,0.148,0.09,8.3,8.3,0.5,0.5,0.186,0.204,103.33,110.55,92.13,110.55,0.038,113,0.4,1.1,359,497,497,47,27,27,133,176,176,508,480,529,407,177,214,195,197,383,457,200,168,99,16,16,518,540,538
1630641,Ibou Badji,1610612757,POR,21.0,22,94.0,95.5,95.5,112.8,112.3,112.3,-18.8,-16.8,-16.8,0.088,0.87,23.2,0.081,0.14,0.109,26.8,27.1,0.636,0.623,0.079,0.08,101.54,100.97,84.14,100.97,0.033,470,0.6,1.0,539,525,525,313,276,276,541,534,534,376,505,148,97,197,147,571,571,44,94,562,564,227,267,267,525,511,542
1630193,Immanuel Quickley,1610612761,TOR,25.0,68,112.1,113.2,113.2,113.2,114.2,114.2,-1.1,-1.0,-1.0,0.245,3.28,23.1,0.008,0.12,0.064,7.1,7.0,0.53,0.577,0.233,0.238,101.37,100.43,83.69,100.43,0.119,4157,5.7,13.1,239,216,216,329,365,365,284,285,285,88,54,149,537,281,384,106,108,295,237,97,97,240,312,312,106,86,76
1630171,Isaac Okoro,1610612739,CLE,23.0,69,112.6,113.1,113.1,109.3,110.7,110.7,3.3,2.4,2.4,0.095,2.44,18.3,0.036,0.072,0.054,7.5,7.4,0.577,0.599,0.136,0.14,99.07,98.24,81.86,98.24,0.067,3838,3.4,7.0,226,219,219,138,199,199,167,189,189,352,162,259,286,513,457,140,141,141,153,429,433,440,490,490,409,202,207
1628392,Isaiah Hartenstein,1610612752,NYK,26.0,75,118.0,120.3,120.3,109.7,110.3,110.3,8.3,10.0,10.0,0.127,2.02,26.6,0.129,0.201,0.165,13.2,13.0,0.645,0.67,0.116,0.119,99.09,97.89,81.58,97.89,0.113,3876,3.1,4.9,57,35,35,161,178,178,67,48,48,273,232,94,17,69,37,509,505,36,35,510,510,438,510,510,129,223,302
1630543,Isaiah Jackson,1610612754,IND,22.0,60,114.0,114.5,114.5,112.2,111.7,111.7,1.7,2.7,2.7,0.085,1.28,13.7,0.121,0.187,0.154,10.7,10.6,0.665,0.689,0.165,0.17,104.64,104.64,87.2,104.64,0.122,1673,2.6,3.9,187,169,169,285,247,247,203,179,179,395,430,405,21,92,53,393,393,26,19,291,292,43,66,66,95,265,361
1630198,Isaiah Joe,1610612760,OKC,24.0,78,116.8,116.6,116.6,108.2,107.5,107.5,8.6,9.1,9.1,0.093,2.11,15.2,0.022,0.098,0.061,7.2,7.2,0.609,0.626,0.157,0.162,102.98,103.43,86.19,103.43,0.09,3144,2.8,6.2,75,103,103,100,97,97,64,56,56,363,222,360,405,392,409,122,118,71,88,336,336,117,111,111,249,237,240
1630587,Isaiah Livers,1610612765,DET,25.0,23,106.1,106.1,106.1,124.1,125.4,125.4,-17.9,-19.3,-19.3,0.071,1.56,15.2,0.03,0.073,0.05,9.7,9.7,0.44,0.46,0.122,0.126,104.09,103.54,86.28,103.54,0.026,1011,1.7,5.0,434,422,422,556,561,561,537,538,538,462,355,361,322,511,484,315,316,495,505,494,492,59,106,106,540,356,288
1630600,Isaiah Mobley,1610612739,CLE,24.0,10,96.6,93.8,93.8,118.5,113.8,113.8,-21.9,-20.0,-20.0,0.14,3.0,18.8,0.041,0.115,0.074,6.3,6.2,0.479,0.471,0.16,0.171,93.09,96.44,80.37,96.44,0.058,144,1.0,2.4,528,533,533,516,340,340,547,543,543,231,75,242,250,305,318,75,72,446,492,312,288,564,561,561,466,460,469
1630191,Isaiah Stewart,1610612765,DET,23.0,46,109.4,110.3,110.3,113.9,114.5,114.5,-4.5,-4.2,-4.2,0.069,1.11,13.1,0.053,0.161,0.107,11.8,11.8,0.575,0.6,0.143,0.146,101.31,100.63,83.86,100.63,0.081,2979,4.0,8.3,339,303,303,359,377,377,362,359,359,467,468,420,189,146,153,461,460,149,151,402,409,249,294,294,311,163,168
202738,Isaiah Thomas,1610612756,PHX,35.0,6,106.3,90.5,90.5,125.2,133.3,133.3,-19.0,-42.9,-42.9,0.25,0.0,23.1,0.0,0.0,0.0,0.0,0.0,0.4,0.4,0.227,0.265,95.69,100.29,83.58,100.29,0.047,42,0.5,1.7,431,540,540,557,566,566,542,564,564,79,541,150,545,557,561,1,1,517,527,105,51,553,323,323,500,528,511
1631209,Isaiah Wong,1610612754,IND,23.0,1,75.0,75.0,75.0,139.6,122.2,122.2,-64.6,-47.2,-47.2,0.0,0.0,0.0,0.0,0.0,0.0,0.0,0.0,0.333,0.333,0.375,0.375,88.98,95.25,79.38,95.25,0.0,8,1.0,3.0,566,564,564,567,553,553,570,566,566,553,541,553,545,557,561,1,1,539,545,4,3,567,567,567,556,460,430
202397,Ish Smith,1610612766,CHA,35.0,43,101.8,101.7,101.7,118.6,119.2,119.2,-16.8,-17.5,-17.5,0.268,3.09,41.2,0.014,0.094,0.051,13.4,13.4,0.43,0.435,0.119,0.122,100.76,100.59,83.82,100.59,0.057,1549,1.5,3.7,503,493,493,520,527,527,536,535,535,57,71,9,496,418,479,514,514,503,519,502,503,298,297,297,471,390,376
1630688,Ish Wainright,1610612756,PHX,29.0,11,85.1,78.5,78.5,88.5,84.8,84.8,-3.4,-6.3,-6.3,0.029,0.5,3.6,0.038,0.169,0.097,7.1,7.2,0.438,0.462,0.166,0.181,101.94,108.48,90.4,108.48,0.089,144,0.6,2.2,559,563,563,10,11,11,343,395,395,547,532,552,273,124,190,110,115,496,502,289,241,196,23,23,253,511,479
1627826,Ivica Zubac,1610612746,LAC,27.0,68,115.7,117.1,117.1,110.8,112.4,112.4,4.9,4.7,4.7,0.075,1.18,12.1,0.117,0.235,0.179,10.3,10.3,0.649,0.671,0.165,0.166,98.14,96.89,80.74,96.89,0.125,3628,5.0,7.6,115,92,92,215,279,279,128,128,128,444,451,447,25,32,21,367,373,32,34,292,308,502,552,552,85,120,191
1631167,Izaiah Brockington,1610612740,NOP,24.0,1,127.1,150.0,150.0,121.0,100.0,100.0,6.2,50.0,50.0,0.0,0.0,0.0,0.125,0.167,0.143,0.0,0.0,0.4,0.4,0.385,0.372,119.74,120.59,100.49,120.59,0.128,8,2.0,5.0,10,2,2,547,34,34,104,3,3,553,541,553,20,133,77,1,1,517,527,3,4,2,2,2,74,326,292
1631120,JD Davison,1610612738,BOS,21.0,8,118.6,112.8,112.8,83.3,83.1,83.1,35.2,29.6,29.6,0.303,5.0,38.5,0.048,0.16,0.109,7.7,7.8,0.542,0.581,0.16,0.166,104.96,107.66,89.72,107.66,0.145,86,0.6,1.5,47,228,228,6,9,9,4,8,8,29,13,15,216,147,149,152,160,254,217,317,305,37,32,32,36,514,519
1630550,JT Thor,1610612766,CHA,21.0,63,108.2,107.5,107.5,111.0,110.7,110.7,-2.7,-3.2,-3.2,0.052,1.93,12.3,0.053,0.132,0.091,6.4,6.4,0.514,0.519,0.113,0.116,99.38,99.86,83.22,99.86,0.059,1625,1.3,2.9,378,391,391,223,198,198,332,334,334,524,266,440,190,229,208,79,80,355,424,515,516,407,359,359,454,433,438
1629630,Ja Morant,1610612763,MEM,24.0,9,109.9,111.0,111.0,109.7,111.1,111.1,0.2,-0.2,-0.2,0.384,2.7,24.5,0.019,0.134,0.077,9.1,9.1,0.512,0.57,0.296,0.305,102.22,101.08,84.23,101.08,0.157,675,8.9,18.9,316,283,283,162,224,224,245,263,263,8,112,124,444,219,297,261,262,360,266,18,18,174,258,258,20,20,15
201580,JaVale McGee,1610612758,SAC,36.0,46,109.6,108.5,108.5,111.6,110.4,110.4,-2.0,-1.9,-1.9,0.076,0.5,8.4,0.115,0.235,0.175,16.8,16.8,0.602,0.609,0.214,0.224,103.93,105.02,87.52,105.02,0.127,752,1.7,2.9,333,361,361,255,181,181,308,308,308,441,532,528,30,31,28,553,553,78,127,131,127,65,55,55,78,357,444
1631095,Jabari Smith Jr.,1610612745,HOU,21.0,76,110.6,111.9,111.9,113.2,113.8,113.8,-2.5,-1.9,-1.9,0.071,1.36,10.8,0.053,0.191,0.121,7.9,7.9,0.537,0.571,0.174,0.177,100.68,99.8,83.17,99.8,0.099,5045,5.0,11.0,291,252,252,327,342,342,323,311,311,455,405,483,187,85,115,169,169,268,264,244,256,301,365,365,198,116,110
1631133,Jabari Walker,1610612757,POR,21.0,72,104.7,107.1,107.1,116.2,116.5,116.5,-11.5,-9.5,-9.5,0.062,1.08,9.9,0.082,0.222,0.147,9.2,9.2,0.5,0.546,0.159,0.162,99.71,98.44,82.03,98.44,0.093,3484,3.3,7.1,462,398,398,464,466,466,494,457,457,493,470,501,96,42,63,271,271,383,347,320,339,369,471,471,229,211,204
1631298,Jack White,1610612760,OKC,26.0,4,89.1,89.1,89.1,112.8,111.1,111.1,-23.7,-22.1,-22.1,0.024,0.5,5.3,0.047,0.136,0.083,10.5,10.5,0.188,0.188,0.11,0.115,101.75,102.56,85.47,102.56,0.011,137,0.5,4.0,551,545,545,315,220,220,550,548,548,552,532,548,218,213,244,381,383,557,562,523,522,209,148,148,550,528,352
1631367,Jacob Gilyard,1610612751,BKN,25.0,41,104.1,105.8,105.8,117.3,117.7,117.7,-13.2,-12.0,-12.0,0.29,4.57,43.2,0.012,0.056,0.033,9.5,9.4,0.57,0.573,0.112,0.114,98.46,97.53,81.27,97.53,0.077,1418,1.5,3.7,469,429,429,494,494,494,513,501,501,40,22,8,514,538,550,298,301,164,254,517,523,480,529,529,343,405,379
1631210,Jacob Toppin,1610612752,NYK,24.0,9,95.9,98.7,98.7,128.3,118.4,118.4,-32.4,-19.8,-19.8,0.143,3.0,21.4,0.077,0.148,0.106,7.1,7.2,0.611,0.658,0.133,0.132,92.67,94.99,79.16,94.99,0.09,75,0.6,1.0,530,515,515,561,510,510,557,542,542,221,75,173,111,177,158,110,119,68,46,444,462,565,568,568,244,520,542
1630702,Jaden Hardy,1610612742,DAL,21.0,73,109.2,108.1,108.1,114.6,114.5,114.5,-5.4,-6.5,-6.5,0.17,1.76,15.9,0.019,0.11,0.064,9.1,9.1,0.492,0.517,0.238,0.246,102.82,103.38,86.15,103.38,0.081,2136,2.7,6.6,346,373,373,400,381,381,380,397,397,167,309,330,442,327,385,262,263,421,427,85,81,132,114,114,306,251,223
1631093,Jaden Ivey,1610612765,DET,22.0,77,109.0,109.9,109.9,116.6,117.7,117.7,-7.6,-7.7,-7.7,0.196,1.56,18.6,0.038,0.081,0.059,11.9,11.9,0.492,0.536,0.244,0.248,102.62,101.74,84.78,101.74,0.076,4706,5.4,12.6,355,317,317,476,492,492,425,431,431,140,358,246,266,482,421,465,465,420,392,69,76,146,208,208,351,99,82
1630183,Jaden McDaniels,1610612750,MIN,23.0,72,113.5,114.2,114.2,108.8,110.4,110.4,4.7,3.8,3.8,0.067,1.16,11.9,0.028,0.078,0.054,10.2,10.2,0.557,0.571,0.156,0.159,98.37,97.36,81.13,97.36,0.056,4268,4.3,8.7,201,178,178,125,183,183,135,144,144,478,456,456,340,493,455,363,363,211,263,338,353,488,541,541,478,151,153
1630531,Jaden Springer,1610612738,BOS,21.0,49,113.5,112.4,112.4,113.5,112.9,112.9,0.0,-0.5,-0.5,0.121,1.29,17.9,0.064,0.093,0.078,13.8,13.9,0.432,0.49,0.167,0.172,99.27,99.98,83.31,99.98,0.055,1046,1.2,3.0,198,241,241,338,299,299,252,270,270,283,423,274,148,423,288,518,520,500,473,279,285,421,348,348,481,443,428
203109,Jae Crowder,1610612749,MIL,33.0,50,112.3,112.3,112.3,114.2,114.9,114.9,-1.9,-2.6,-2.6,0.076,2.87,17.7,0.026,0.113,0.069,6.2,6.1,0.53,0.546,0.113,0.116,101.81,101.49,84.57,101.49,0.059,2441,2.3,5.4,236,245,245,376,399,399,302,318,318,438,97,280,371,313,352,70,71,296,349,514,515,207,229,229,463,299,275
1630256,Jae'Sean Tate,1610612745,HOU,28.0,65,110.0,110.1,110.1,104.7,105.0,105.0,5.3,5.1,5.1,0.085,1.73,18.4,0.055,0.127,0.09,10.7,10.7,0.522,0.538,0.115,0.118,101.73,101.59,84.66,101.59,0.059,2168,1.7,3.5,309,312,312,52,68,68,119,120,120,393,317,253,184,244,213,394,394,332,382,511,513,211,221,221,462,369,385
1630186,Jahmi'us Ramsey,1610612761,TOR,23.0,7,102.2,100.4,100.4,111.4,110.8,110.8,-9.3,-10.4,-10.4,0.103,1.14,13.6,0.033,0.13,0.085,11.9,11.9,0.512,0.538,0.18,0.184,101.69,102.87,85.72,102.87,0.085,259,2.6,5.9,500,500,500,245,206,206,451,474,474,334,462,411,303,233,236,463,466,359,381,221,229,214,138,138,274,267,254
1631170,Jaime Jaquez Jr.,1610612748,MIA,23.0,75,112.5,113.1,113.1,109.0,110.4,110.4,3.5,2.8,2.8,0.137,1.77,18.1,0.039,0.094,0.067,10.2,10.2,0.536,0.574,0.181,0.185,99.13,98.22,81.85,98.22,0.084,4319,4.5,9.3,230,217,217,130,182,182,163,173,173,240,304,266,258,414,367,360,361,270,253,217,225,433,491,491,277,141,139
1631222,Jake LaRavia,1610612763,MEM,22.0,35,103.5,105.2,105.2,110.3,111.9,111.9,-6.8,-6.7,-6.7,0.116,1.29,12.8,0.056,0.093,0.074,9.9,9.9,0.477,0.54,0.201,0.205,100.97,99.45,82.88,99.45,0.083,1668,3.4,8.7,483,447,447,194,251,251,405,400,400,296,426,426,178,422,319,334,336,450,372,163,166,283,399,399,289,206,155
1627751,Jakob Poeltl,1610612761,TOR,28.0,50,112.6,113.6,113.6,113.0,114.2,114.2,-0.3,-0.6,-0.6,0.131,1.65,20.3,0.11,0.214,0.162,12.3,12.2,0.656,0.653,0.16,0.162,101.51,100.54,83.78,100.54,0.117,2763,5.0,7.6,225,204,204,318,363,363,265,273,273,259,340,207,38,55,41,483,482,30,52,318,334,230,303,303,114,119,195
1628973,Jalen Brunson,1610612752,NYK,27.0,77,117.9,121.2,121.2,111.9,112.6,112.6,6.0,8.6,8.6,0.315,2.79,20.5,0.015,0.088,0.051,7.4,7.2,0.543,0.592,0.311,0.321,98.3,96.68,80.56,96.68,0.156,5508,10.3,21.4,59,22,22,277,287,287,108,64,64,20,103,200,480,446,480,131,125,250,182,11,11,493,555,555,23,6,3
1630622,Jalen Crutcher,1610612740,NOP,24.0,1,120.0,120.0,120.0,91.9,100.0,100.0,28.1,20.0,20.0,0.0,0.0,0.0,0.0,0.0,0.0,0.0,0.0,0.0,0.0,0.167,0.2,94.55,90.57,75.47,90.57,-0.08,5,0.0,1.0,29,40,40,13,34,34,7,14,14,553,541,553,545,557,561,1,1,561,563,282,178,559,572,572,570,561,542
1631105,Jalen Duren,1610612765,DET,20.0,61,107.5,109.3,109.3,115.7,117.0,117.0,-8.2,-7.6,-7.6,0.123,1.14,16.0,0.105,0.285,0.194,14.1,14.0,0.619,0.653,0.181,0.184,102.43,101.02,84.19,101.02,0.137,3730,5.7,9.2,398,343,343,445,477,477,436,427,427,280,464,329,46,9,9,525,524,57,50,218,228,160,263,263,51,85,141
1630224,Jalen Green,1610612745,HOU,22.0,82,112.1,113.8,113.8,112.8,113.8,113.8,-0.7,0.0,0.0,0.17,1.52,14.8,0.015,0.143,0.078,9.7,9.7,0.498,0.541,0.27,0.276,101.47,100.26,83.55,100.26,0.111,5448,6.9,16.2,242,194,194,312,341,341,277,256,256,165,373,371,485,186,286,320,315,405,366,39,41,232,327,327,139,60,40
1641720,Jalen Hood-Schifino,1610612747,LAL,21.0,21,91.4,88.9,88.9,114.9,111.9,111.9,-23.5,-23.0,-23.0,0.129,0.89,11.1,0.017,0.096,0.057,12.5,12.7,0.244,0.316,0.242,0.251,100.76,103.5,86.25,103.5,-0.018,235,0.5,2.1,543,548,548,412,254,254,549,550,550,265,502,476,458,406,437,490,498,553,547,70,69,297,108,108,562,537,484
1630552,Jalen Johnson,1610612737,ATL,22.0,56,113.5,113.3,113.3,114.8,115.2,115.2,-1.3,-1.9,-1.9,0.154,2.01,19.0,0.036,0.211,0.122,9.5,9.4,0.562,0.584,0.184,0.19,103.84,103.77,86.48,103.77,0.117,4084,6.4,12.5,200,212,212,410,415,415,288,310,310,196,237,239,282,56,112,299,299,192,207,207,209,73,93,93,111,72,83
1629667,Jalen McDaniels,1610612761,TOR,26.0,50,101.6,100.9,100.9,115.6,115.0,115.0,-14.0,-14.1,-14.1,0.105,1.23,13.7,0.031,0.11,0.069,11.1,11.0,0.376,0.412,0.179,0.186,101.19,101.84,84.87,101.84,0.036,1141,1.3,3.8,506,498,498,442,402,402,520,522,522,329,437,406,317,329,348,417,415,527,524,223,224,261,203,203,519,427,369
1629618,Jalen Pickett,1610612743,DEN,24.0,27,107.3,102.3,102.3,109.2,104.8,104.8,-1.9,-2.4,-2.4,0.25,2.33,31.3,0.009,0.1,0.057,13.4,13.5,0.557,0.571,0.164,0.175,95.91,100.31,83.59,100.31,0.076,257,0.6,1.3,403,490,490,134,65,65,304,315,315,79,186,44,535,386,432,515,516,212,262,294,271,550,322,322,354,520,525
1641771,Jalen Slawson,1610612758,SAC,24.0,12,110.3,105.3,105.3,118.1,114.9,114.9,-7.7,-9.5,-9.5,0.071,1.0,20.0,0.027,0.162,0.095,20.0,20.0,0.667,0.667,0.088,0.093,93.21,96.71,80.59,96.71,0.046,75,0.3,0.5,302,445,445,504,397,397,428,459,459,455,480,211,356,143,196,559,560,22,36,556,555,563,554,554,504,548,565
1630188,Jalen Smith,1610612754,IND,24.0,61,118.1,119.5,119.5,118.9,118.6,118.6,-0.7,1.0,1.0,0.078,1.43,11.6,0.104,0.219,0.16,8.1,8.0,0.67,0.682,0.187,0.193,103.47,102.98,85.82,102.98,0.124,2231,3.8,6.5,53,50,50,524,513,513,279,227,227,428,392,466,47,48,43,180,179,21,22,196,201,90,132,132,86,174,229
1630591,Jalen Suggs,1610612753,ORL,23.0,75,110.6,111.8,111.8,109.3,110.8,110.8,1.3,1.0,1.0,0.147,1.55,18.3,0.024,0.095,0.058,11.8,11.8,0.578,0.602,0.191,0.194,101.05,99.85,83.21,99.85,0.088,4212,4.5,9.5,288,257,257,137,204,204,216,224,224,213,361,257,389,412,426,459,459,139,143,181,196,274,360,360,259,144,134
1631114,Jalen Williams,1610612760,OKC,23.0,71,117.5,117.7,117.7,108.6,108.9,108.9,9.0,8.8,8.8,0.202,2.62,21.0,0.017,0.102,0.062,8.0,8.0,0.592,0.621,0.232,0.236,103.18,102.94,85.78,102.94,0.123,4752,7.5,14.0,67,74,74,116,125,125,55,59,59,133,127,189,456,376,396,176,177,99,96,100,102,107,135,135,90,47,65
1630592,Jalen Wilson,1610612751,BKN,23.0,43,111.4,111.4,111.4,111.9,113.0,113.0,-0.5,-1.6,-1.6,0.095,2.37,17.2,0.068,0.128,0.097,7.3,7.2,0.492,0.537,0.138,0.143,97.48,97.01,80.84,97.01,0.075,1351,1.8,4.2,261,269,269,273,303,303,269,302,302,356,180,293,134,243,188,124,122,422,385,424,425,526,550,550,361,353,338
1631288,Jamal Cain,1610612748,MIA,25.0,26,106.8,105.4,105.4,109.7,108.8,108.8,-2.9,-3.4,-3.4,0.056,1.25,9.3,0.058,0.087,0.072,7.4,7.5,0.5,0.544,0.158,0.163,99.64,100.78,83.99,100.78,0.068,540,1.3,3.0,412,442,442,163,121,121,335,343,343,517,433,513,170,453,332,135,143,383,358,328,330,378,280,280,404,426,427
1627750,Jamal Murray,1610612743,DEN,27.0,59,119.5,120.7,120.7,111.8,112.4,112.4,7.7,8.2,8.2,0.296,3.07,24.6,0.024,0.105,0.066,8.0,7.9,0.554,0.586,0.273,0.282,98.5,97.75,81.46,97.75,0.137,3790,8.0,16.7,36,28,28,265,283,283,77,67,67,35,72,122,384,363,371,174,172,220,202,36,35,476,521,521,52,32,36
1631123,Jamaree Bouyea,1610612759,SAS,25.0,9,94.1,94.0,94.0,103.4,101.5,101.5,-9.3,-7.5,-7.5,0.183,1.22,22.9,0.028,0.17,0.094,18.8,18.8,0.375,0.375,0.162,0.165,99.62,100.65,83.88,100.65,0.041,199,1.1,3.1,538,532,532,41,43,43,453,424,424,155,440,154,345,120,199,557,557,528,536,303,310,380,293,293,515,453,423
1630547,James Bouknight,1610612766,CHA,23.0,14,107.3,107.8,107.8,119.5,115.2,115.2,-12.2,-7.3,-7.3,0.125,3.0,12.0,0.012,0.118,0.06,4.0,4.0,0.598,0.597,0.24,0.245,96.69,98.2,81.83,98.2,0.111,166,1.3,2.9,404,379,379,530,413,413,502,417,417,276,75,451,511,287,414,33,33,90,162,77,82,545,493,493,141,429,437
201935,James Harden,1610612746,LAC,34.0,72,118.9,120.9,120.9,113.4,115.2,115.2,5.5,5.6,5.6,0.338,3.32,35.1,0.015,0.134,0.077,10.6,10.4,0.541,0.612,0.202,0.208,98.46,96.87,80.72,96.87,0.131,4988,4.9,11.4,41,25,25,335,418,418,113,107,107,14,52,27,486,216,295,385,378,255,115,156,153,481,553,553,69,125,102
201949,James Johnson,1610612754,IND,37.0,9,117.8,112.6,112.6,109.6,108.8,108.8,8.1,3.8,3.8,0.186,1.6,33.3,0.021,0.075,0.045,20.8,20.9,0.3,0.368,0.137,0.142,101.56,104.25,86.87,104.25,0.019,103,0.3,1.1,61,231,231,156,123,123,70,142,142,152,348,33,417,502,517,565,565,545,538,426,426,222,78,78,543,548,538
1630164,James Wiseman,1610612765,DET,23.0,63,104.2,104.8,104.8,118.1,118.2,118.2,-13.8,-13.4,-13.4,0.077,0.82,11.6,0.096,0.207,0.15,14.1,14.0,0.613,0.637,0.158,0.163,102.46,102.13,85.11,102.13,0.097,2315,3.0,4.8,468,458,458,505,504,504,517,514,514,436,508,469,63,62,57,526,525,65,67,327,325,157,174,174,207,228,304
1641716,Jarace Walker,1610612754,IND,20.0,33,119.1,117.3,117.3,116.0,114.6,114.6,3.1,2.7,2.7,0.138,2.35,23.4,0.036,0.159,0.096,9.9,9.9,0.509,0.527,0.155,0.162,102.98,104.41,87.01,104.41,0.08,740,1.4,3.3,39,87,87,461,385,385,176,180,180,236,184,142,284,152,192,339,341,368,408,345,340,118,70,70,318,417,409
1630215,Jared Butler,1610612764,WAS,23.0,40,107.4,107.6,107.6,112.6,111.4,111.4,-5.3,-3.8,-3.8,0.321,2.52,32.1,0.015,0.083,0.049,12.8,12.7,0.547,0.579,0.194,0.2,102.91,103.36,86.13,103.36,0.103,1217,2.5,5.0,400,388,388,305,232,232,378,347,347,19,140,41,483,465,495,499,499,241,226,175,177,123,116,116,181,283,291
1631197,Jared Rhoden,1610612765,DET,24.0,17,107.5,105.7,105.7,115.2,115.0,115.0,-7.7,-9.4,-9.4,0.085,2.0,15.4,0.012,0.123,0.068,7.7,7.7,0.591,0.597,0.135,0.141,98.79,99.72,83.1,99.72,0.068,513,1.9,3.9,397,433,433,426,407,407,427,456,456,391,238,353,510,265,356,152,158,102,161,434,430,463,373,373,402,335,362
1628991,Jaren Jackson Jr.,1610612763,MEM,24.0,66,104.9,106.6,106.6,112.7,113.9,113.9,-7.8,-7.3,-7.3,0.133,0.96,9.3,0.037,0.132,0.083,9.7,9.6,0.495,0.553,0.302,0.306,101.39,100.01,83.35,100.01,0.111,4418,7.8,17.6,461,404,404,308,345,345,430,413,413,253,492,511,275,224,246,310,310,412,329,13,15,239,344,344,143,38,28
1629020,Jarred Vanderbilt,1610612747,LAL,25.0,29,113.6,113.6,113.6,109.0,109.4,109.4,4.7,4.2,4.2,0.077,1.29,18.7,0.073,0.164,0.12,14.5,14.4,0.553,0.578,0.111,0.115,104.08,103.85,86.54,103.85,0.077,1253,2.0,3.9,193,199,199,131,145,145,136,136,136,434,428,243,125,139,117,534,532,225,235,518,519,60,86,86,345,321,357
1628386,Jarrett Allen,1610612739,CLE,26.0,77,114.9,115.5,115.5,109.9,110.7,110.7,5.0,4.8,4.8,0.128,1.74,16.3,0.103,0.231,0.168,9.4,9.4,0.634,0.664,0.191,0.195,99.26,98.66,82.22,98.66,0.149,5002,6.7,10.6,145,138,138,169,200,200,123,126,126,268,316,318,50,36,35,294,296,46,40,182,190,423,450,450,30,64,116
1630554,Jason Preston,1610612762,UTA,24.0,7,121.8,120.4,120.4,106.5,105.3,105.3,15.3,15.1,15.1,0.25,8.0,43.2,0.082,0.133,0.109,5.4,5.4,0.316,0.316,0.121,0.123,101.37,102.57,85.47,102.57,0.079,152,0.9,2.7,17,34,34,72,73,73,21,22,22,79,5,7,95,221,145,58,58,544,548,499,501,241,146,146,322,486,449
1631241,Javon Freeman-Liberty,1610612761,TOR,24.0,22,102.0,102.6,102.6,120.3,120.7,120.7,-18.3,-18.2,-18.2,0.143,1.6,19.4,0.038,0.141,0.087,12.1,12.2,0.484,0.547,0.17,0.172,102.59,102.12,85.1,102.12,0.08,856,2.5,5.6,501,485,485,539,542,542,540,536,536,220,348,227,272,192,231,475,481,436,345,267,281,148,176,176,312,276,259
1629750,Javonte Green,1610612741,CHI,30.0,9,117.6,117.8,117.8,111.5,112.8,112.8,6.2,5.0,5.0,0.027,0.71,5.5,0.09,0.219,0.154,7.7,7.5,0.667,0.681,0.159,0.164,98.77,98.13,81.77,98.13,0.121,473,5.0,8.3,66,73,73,251,298,298,103,122,122,551,519,546,71,49,55,152,149,22,23,321,317,465,496,496,100,115,166
1630606,Javonte Smart,1610612755,PHI,25.0,1,0.0,0.0,0.0,300.0,150.0,150.0,-300.0,-150.0,-150.0,0.0,0.0,0.0,0.0,0.0,0.0,0.0,0.0,0.0,0.0,0.0,0.0,72.0,108.0,90.0,108.0,0.0,1,0.0,0.0,571,571,571,572,570,570,572,572,572,553,541,553,545,557,561,1,1,561,563,569,569,571,30,30,556,561,569
1629637,Jaxson Hayes,1610612747,LAL,24.0,70,110.7,109.6,109.6,114.8,114.4,114.4,-4.1,-4.7,-4.7,0.051,0.77,11.6,0.083,0.149,0.118,15.1,15.0,0.72,0.718,0.121,0.126,102.47,103.15,85.96,103.15,0.079,1877,1.8,2.5,286,331,331,408,371,371,350,368,368,527,514,467,94,170,120,540,540,6,9,496,491,156,125,125,323,351,458
1630643,Jay Huff,1610612743,DEN,26.0,20,98.3,90.4,90.4,106.7,98.2,98.2,-8.4,-7.9,-7.9,0.071,2.0,10.5,0.041,0.167,0.107,5.3,5.3,0.7,0.724,0.14,0.155,102.06,110.94,92.45,110.94,0.117,114,0.5,0.8,523,542,542,77,28,28,441,436,436,455,238,488,249,133,154,54,55,11,8,414,370,185,14,14,110,539,557
1627759,Jaylen Brown,1610612738,BOS,27.0,70,118.9,120.2,120.2,110.3,111.6,111.6,8.6,8.7,8.7,0.165,1.5,13.9,0.037,0.119,0.08,9.3,9.2,0.557,0.58,0.283,0.289,101.08,99.94,83.29,99.94,0.116,4873,9.0,17.9,40,37,37,193,239,239,59,61,61,174,377,400,279,285,273,279,278,215,222,29,31,271,354,354,118,18,25
1629669,Jaylen Nowell,1610612758,SAC,24.0,13,103.6,103.6,103.6,109.3,111.0,111.0,-5.8,-7.4,-7.4,0.137,2.71,17.6,0.026,0.082,0.053,6.5,6.5,0.474,0.494,0.176,0.181,101.13,100.37,83.64,100.37,0.066,447,2.6,6.0,481,476,476,141,211,211,387,421,421,241,111,281,372,476,464,85,85,455,468,237,237,267,319,319,414,259,248
1631119,Jaylin Williams,1610612760,OKC,22.0,69,115.3,114.7,114.7,108.2,107.9,107.9,7.0,6.8,6.8,0.162,3.24,28.2,0.041,0.216,0.131,8.7,8.7,0.533,0.561,0.133,0.137,100.87,101.25,84.38,101.25,0.096,1890,1.4,3.3,130,160,160,99,105,105,85,87,87,181,56,70,247,54,93,238,240,286,302,443,442,291,246,246,216,416,412
1628369,Jayson Tatum,1610612738,BOS,26.0,74,120.4,121.7,121.7,109.4,110.5,110.5,11.0,11.2,11.2,0.211,1.94,16.7,0.026,0.187,0.11,8.6,8.6,0.552,0.604,0.296,0.304,99.67,98.64,82.2,98.64,0.155,5436,9.1,19.3,25,18,18,143,190,190,40,37,37,123,264,304,374,91,140,227,221,229,137,19,19,375,451,451,25,16,11
1630288,Jeff Dowtin Jr.,1610612755,PHI,27.0,12,111.8,111.0,111.0,106.0,104.1,104.1,5.7,6.8,6.8,0.262,5.4,39.1,0.02,0.114,0.067,7.2,7.2,0.681,0.689,0.124,0.13,97.28,98.52,82.1,98.52,0.139,292,1.7,3.0,251,284,284,65,58,58,110,85,85,66,11,13,427,309,369,123,113,18,20,484,475,533,457,457,47,366,430
201145,Jeff Green,1610612745,HOU,37.0,78,109.8,109.7,109.7,111.9,112.7,112.7,-2.1,-2.9,-2.9,0.079,1.52,12.8,0.033,0.099,0.065,8.4,8.4,0.529,0.59,0.152,0.157,101.09,100.77,83.97,100.77,0.076,2746,2.1,4.7,323,327,327,272,293,293,310,326,326,426,374,427,300,391,377,205,204,300,191,361,364,270,284,284,353,314,315
203924,Jerami Grant,1610612757,POR,30.0,54,105.9,107.8,107.8,115.1,117.5,117.5,-9.2,-9.6,-9.6,0.138,1.31,12.2,0.019,0.087,0.052,9.3,9.2,0.516,0.573,0.255,0.261,100.15,98.26,81.88,98.26,0.1,3751,7.1,15.7,436,381,381,423,487,487,449,462,462,238,416,442,435,451,470,284,283,346,255,54,56,335,488,488,192,58,47
1630526,Jeremiah Robinson-Earl,1610612740,NOP,23.0,39,108.3,106.2,106.2,110.4,108.1,108.1,-2.1,-1.9,-1.9,0.091,1.31,15.1,0.067,0.151,0.109,11.5,11.5,0.542,0.564,0.144,0.15,100.31,102.37,85.31,102.37,0.09,709,1.2,2.4,374,421,421,198,110,110,309,309,309,365,415,363,136,168,144,441,444,252,296,400,391,325,161,161,252,450,466
1631110,Jeremy Sochan,1610612759,SAS,21.0,74,106.6,108.1,108.1,114.1,115.0,115.0,-7.5,-7.0,-7.0,0.161,1.78,20.3,0.06,0.153,0.106,11.4,11.4,0.483,0.513,0.187,0.189,103.06,101.92,84.93,101.92,0.082,4648,4.6,10.5,420,372,372,374,406,406,419,403,403,183,299,206,160,159,157,431,436,438,433,199,211,112,197,197,296,139,119
1630579,Jericho Sims,1610612752,NYK,25.0,45,108.1,109.0,109.0,110.0,109.7,109.7,-1.9,-0.7,-0.7,0.059,1.56,23.8,0.092,0.153,0.122,15.2,15.0,0.691,0.702,0.06,0.063,93.96,93.66,78.05,93.66,0.074,1140,0.8,1.2,382,353,353,179,159,159,306,275,275,508,355,133,70,160,111,542,541,15,13,566,566,561,569,569,365,489,529
1631257,Jermaine Samuels Jr.,1610612745,HOU,25.0,14,110.0,104.4,104.4,120.8,114.0,114.0,-10.8,-9.6,-9.6,0.06,0.0,16.7,0.05,0.167,0.108,0.0,0.0,0.643,0.672,0.098,0.103,102.77,108.56,90.47,108.56,0.096,136,0.6,1.0,312,465,465,543,349,349,482,460,460,501,541,305,205,133,150,1,1,40,33,547,543,136,22,22,214,510,542
1629010,Jerome Robinson,1610612744,GSW,27.0,22,113.6,107.8,107.8,97.7,95.4,95.4,15.8,12.4,12.4,0.083,2.5,11.1,0.011,0.057,0.034,4.4,4.5,0.364,0.41,0.188,0.201,101.03,104.96,87.47,104.96,0.034,179,0.5,1.5,196,380,380,25,19,19,19,28,28,406,143,476,520,536,549,38,39,531,525,192,174,275,57,57,524,528,519
1641724,Jett Howard,1610612753,ORL,20.0,18,99.8,95.2,95.2,97.7,91.9,91.9,2.1,3.3,3.3,0.162,2.0,14.6,0.016,0.082,0.051,7.3,7.4,0.45,0.457,0.22,0.23,100.84,106.44,88.7,106.44,0.067,147,0.6,1.7,516,527,527,24,14,14,198,156,156,180,238,377,475,473,476,126,133,481,507,124,112,292,38,38,407,520,511
1628975,Jevon Carter,1610612741,CHI,28.0,72,109.6,110.0,110.0,108.5,108.6,108.6,1.1,1.4,1.4,0.129,2.61,18.9,0.01,0.049,0.029,7.2,7.2,0.484,0.485,0.168,0.173,99.65,99.43,82.86,99.43,0.053,2078,1.9,5.1,334,315,315,111,119,119,223,210,210,264,128,240,527,544,555,121,124,437,476,275,278,376,402,402,492,339,287
202710,Jimmy Butler III,1610612748,MIA,34.0,60,115.4,116.0,116.0,109.3,110.5,110.5,6.2,5.5,5.5,0.228,2.92,21.5,0.054,0.106,0.08,7.4,7.3,0.537,0.626,0.235,0.242,97.99,97.23,81.03,97.23,0.145,4131,6.6,13.2,125,122,122,136,185,185,102,110,110,101,88,171,185,352,269,133,130,267,86,90,90,513,543,543,37,66,74
1629111,Jock Landale,1610612745,HOU,28.0,56,114.5,114.9,114.9,105.9,105.3,105.3,8.6,9.6,9.6,0.113,2.1,19.6,0.106,0.102,0.104,9.4,9.4,0.539,0.584,0.139,0.142,102.16,102.23,85.19,102.23,0.092,1628,1.9,3.7,168,154,154,64,74,74,61,50,50,304,223,217,41,374,170,292,294,263,208,422,427,180,170,170,235,342,374
203925,Joe Harris,1610612765,DET,32.0,16,107.4,104.9,104.9,120.8,119.4,119.4,-13.4,-14.5,-14.5,0.079,2.5,18.5,0.017,0.057,0.037,7.4,7.4,0.487,0.489,0.104,0.109,102.24,104.06,86.72,104.06,0.022,371,0.9,2.4,401,455,455,544,528,528,516,527,527,425,143,248,459,534,545,135,139,430,475,538,534,172,82,82,541,485,465
204060,Joe Ingles,1610612753,ORL,36.0,68,114.5,116.1,116.1,109.7,110.3,110.3,4.9,5.8,5.8,0.217,3.03,40.1,0.017,0.111,0.064,13.2,13.1,0.59,0.612,0.111,0.116,99.53,98.58,82.15,98.58,0.081,2412,1.5,3.3,165,118,118,159,176,176,131,100,100,112,73,11,465,324,382,512,510,104,118,519,517,391,454,454,304,406,408
203954,Joel Embiid,1610612755,PHI,30.0,39,118.4,119.8,119.8,108.4,109.5,109.5,10.0,10.3,10.3,0.315,1.46,15.4,0.074,0.239,0.16,10.6,10.6,0.561,0.644,0.387,0.393,102.2,101.09,84.24,101.09,0.225,2750,11.5,21.8,52,44,44,104,147,147,46,44,44,21,387,351,123,26,42,386,386,198,60,2,2,179,257,257,3,1,2
1628381,John Collins,1610612762,UTA,26.0,68,112.8,114.2,114.2,121.0,121.7,121.7,-8.1,-7.5,-7.5,0.06,0.79,7.7,0.079,0.222,0.149,9.8,9.8,0.59,0.621,0.199,0.203,102.26,101.3,84.42,101.3,0.111,4010,5.8,11.0,222,176,176,546,552,552,435,423,423,499,511,538,102,45,60,322,324,105,100,168,170,170,244,244,135,81,109
1629723,John Konchar,1610612763,MEM,28.0,55,105.0,106.3,106.3,111.2,112.2,112.2,-6.1,-5.9,-5.9,0.13,2.39,29.3,0.058,0.164,0.108,12.3,12.3,0.514,0.537,0.096,0.098,99.76,98.73,82.28,98.73,0.082,2410,1.6,3.8,458,419,419,233,267,267,393,387,387,263,177,58,170,140,151,482,485,354,389,549,550,364,441,441,295,377,368
1631098,Johnny Davis,1610612764,WAS,22.0,50,104.5,104.9,104.9,115.6,115.2,115.2,-11.1,-10.3,-10.3,0.068,2.46,15.3,0.027,0.088,0.056,6.2,6.2,0.448,0.462,0.117,0.121,105.36,105.31,87.76,105.31,0.036,1341,1.2,3.1,466,453,453,443,420,420,487,473,473,477,160,357,361,447,442,73,75,486,504,507,506,29,51,51,520,437,426
1630548,Johnny Juzang,1610612762,UTA,23.0,20,111.5,114.3,114.3,115.3,116.1,116.1,-3.7,-1.8,-1.8,0.086,1.77,15.1,0.018,0.073,0.046,8.6,8.5,0.609,0.62,0.147,0.15,98.03,96.5,80.42,96.5,0.064,750,2.6,5.5,257,174,174,430,455,455,347,307,307,386,305,362,448,507,511,220,220,72,102,381,389,510,560,560,429,271,266
202685,Jonas Valančiūnas,1610612740,NOP,32.0,82,116.4,117.3,117.3,112.3,113.4,113.4,4.1,3.9,3.9,0.128,1.56,15.8,0.1,0.272,0.189,10.1,10.2,0.585,0.619,0.207,0.209,99.59,98.68,82.23,98.68,0.135,3959,4.9,8.8,94,86,86,288,319,319,146,141,141,270,357,339,52,12,15,356,356,115,104,148,151,385,448,448,56,124,150
1628371,Jonathan Isaac,1610612753,ORL,26.0,58,113.6,113.0,113.0,102.3,102.1,102.1,11.4,10.9,10.9,0.047,1.11,8.0,0.083,0.201,0.144,7.2,7.1,0.584,0.61,0.16,0.168,98.34,98.72,82.26,98.72,0.136,1870,2.5,4.9,192,222,222,35,46,46,33,40,40,534,467,535,92,72,75,115,111,119,125,314,297,490,445,445,54,275,297
1630228,Jonathan Kuminga,1610612744,GSW,21.0,74,115.0,115.1,115.1,110.9,112.2,112.2,4.0,2.9,2.9,0.123,1.34,12.8,0.047,0.126,0.087,9.6,9.5,0.56,0.598,0.237,0.243,102.63,101.96,84.96,101.96,0.109,4143,6.2,11.6,142,148,148,220,273,273,148,169,169,282,408,428,220,250,228,308,307,205,155,87,88,144,193,193,154,77,95
1629007,Jontay Porter,1610612765,DET,24.0,26,107.6,105.8,105.8,114.6,115.0,115.0,-7.0,-9.2,-9.2,0.226,2.86,30.9,0.071,0.153,0.112,10.8,10.9,0.481,0.514,0.155,0.158,103.28,103.94,86.62,103.94,0.093,779,1.5,4.0,395,430,430,397,404,404,412,452,452,103,98,46,128,163,137,401,408,443,431,349,359,102,85,85,232,388,352
203903,Jordan Clarkson,1610612762,UTA,32.0,55,112.2,113.9,113.9,119.0,119.7,119.7,-6.8,-5.7,-5.7,0.247,1.9,21.0,0.028,0.083,0.055,11.1,11.0,0.469,0.521,0.255,0.261,101.85,100.77,83.98,100.77,0.09,3537,6.1,14.8,238,186,186,526,535,535,409,382,382,87,274,187,343,471,450,415,413,462,421,53,57,202,281,281,247,79,59
1630259,Jordan Ford,1610612758,SAC,26.0,6,139.7,128.9,128.9,108.3,100.0,100.0,31.4,28.9,28.9,0.118,2.0,18.2,0.0,0.1,0.051,9.1,9.2,0.714,0.761,0.184,0.195,90.38,97.91,81.59,97.91,0.119,45,0.7,1.2,3,6,6,102,34,34,5,9,9,290,238,262,545,386,475,264,274,8,3,208,189,566,508,508,105,503,532
1630692,Jordan Goodwin,1610612763,MEM,25.0,57,105.0,105.6,105.6,109.5,109.7,109.7,-4.5,-4.1,-4.1,0.219,2.77,25.0,0.077,0.151,0.113,9.0,9.0,0.424,0.451,0.182,0.187,99.15,98.75,82.29,98.75,0.097,2170,2.5,6.7,460,434,434,146,156,156,359,358,358,109,108,114,110,167,136,259,261,507,511,215,221,431,440,440,206,279,218
1641722,Jordan Hawkins,1610612740,NOP,22.0,67,113.1,113.4,113.4,113.9,114.3,114.3,-0.8,-0.9,-0.9,0.084,1.75,11.7,0.024,0.1,0.061,6.7,6.7,0.501,0.533,0.188,0.194,101.0,100.73,83.94,100.73,0.067,2450,2.6,6.8,209,210,210,362,367,367,281,280,280,403,310,459,393,385,403,94,91,382,395,190,198,279,286,286,410,263,214
1629162,Jordan McLaughlin,1610612750,MIN,28.0,56,112.8,111.1,111.1,100.3,100.1,100.1,12.5,11.0,11.0,0.229,5.79,38.9,0.029,0.087,0.058,6.7,6.7,0.628,0.638,0.119,0.123,99.28,100.16,83.47,100.16,0.108,1312,1.3,2.6,223,280,280,28,40,40,29,38,38,100,9,14,331,450,427,95,96,51,66,503,499,420,333,333,159,435,455
1641757,Jordan Miller,1610612746,LAC,24.0,8,102.0,95.2,95.2,116.8,119.7,119.7,-14.9,-24.4,-24.4,0.0,0.0,0.0,0.103,0.057,0.078,9.1,9.2,0.611,0.658,0.153,0.163,103.28,105.56,87.97,105.56,0.084,63,0.6,1.1,502,527,527,482,534,534,530,551,551,553,541,553,48,534,287,264,274,68,46,357,331,101,50,50,276,514,535
1629670,Jordan Nwora,1610612761,TOR,25.0,52,104.0,103.1,103.1,117.2,116.8,116.8,-13.2,-13.7,-13.7,0.134,1.17,14.3,0.038,0.166,0.102,12.2,12.1,0.535,0.565,0.213,0.222,103.9,104.52,87.1,104.52,0.103,1555,2.7,5.8,473,481,481,491,473,473,514,516,516,245,453,390,264,137,178,479,474,275,291,132,131,69,68,68,177,254,256
1629673,Jordan Poole,1610612764,WAS,25.0,78,107.8,108.4,108.4,117.9,119.5,119.5,-10.1,-11.1,-11.1,0.212,1.82,19.1,0.013,0.074,0.043,10.4,10.4,0.491,0.529,0.256,0.263,105.73,104.7,87.25,104.7,0.076,5123,6.3,15.2,390,367,367,502,530,530,471,489,489,121,285,236,507,506,529,375,374,423,405,52,53,21,64,64,355,75,55
1641775,Jordan Walsh,1610612738,BOS,20.0,9,123.2,120.1,120.1,93.3,90.2,90.2,29.9,29.9,29.9,0.068,1.67,20.8,0.053,0.153,0.104,12.5,12.6,0.467,0.472,0.092,0.095,95.43,98.33,81.94,98.33,0.058,169,0.7,1.7,14,39,39,15,13,13,6,7,7,470,334,193,186,162,168,490,493,466,489,554,554,555,485,485,468,503,511
1630631,Jose Alvarado,1610612740,NOP,26.0,56,117.4,117.3,117.3,104.9,105.2,105.2,12.6,12.0,12.0,0.154,2.93,22.2,0.024,0.096,0.061,7.6,7.6,0.525,0.54,0.168,0.172,100.24,100.12,83.43,100.12,0.081,2137,2.5,6.2,68,88,88,55,72,72,27,31,31,195,86,161,382,404,408,150,153,317,375,274,279,330,336,336,305,273,243
1630581,Josh Giddey,1610612760,OKC,21.0,80,118.7,119.6,119.6,110.9,111.5,111.5,7.8,8.2,8.2,0.252,2.3,26.6,0.058,0.19,0.127,11.6,11.5,0.523,0.547,0.223,0.227,102.99,102.32,85.27,102.32,0.122,4299,5.0,10.6,44,47,47,219,235,235,72,69,69,77,193,93,169,87,105,447,445,328,346,116,121,115,164,164,92,111,117
1630182,Josh Green,1610612742,DAL,23.0,57,115.8,116.7,116.7,117.8,118.8,118.8,-2.0,-2.1,-2.1,0.111,2.17,22.1,0.026,0.096,0.061,10.2,10.2,0.575,0.588,0.129,0.132,102.25,101.44,84.53,101.44,0.063,3166,3.1,6.6,111,99,99,498,515,515,307,312,312,311,209,164,364,405,410,361,360,147,196,458,465,171,231,231,436,222,224
1628404,Josh Hart,1610612752,NYK,29.0,81,114.7,117.2,117.2,110.0,110.6,110.6,4.7,6.6,6.6,0.164,2.81,28.1,0.046,0.205,0.123,10.0,10.0,0.493,0.522,0.133,0.135,97.08,95.77,79.81,95.77,0.1,5397,3.6,8.4,159,90,90,180,196,196,138,90,90,176,101,71,225,64,110,346,345,418,417,442,452,536,565,565,196,185,162
1631169,Josh Minott,1610612750,MIN,21.0,32,110.2,105.5,105.5,103.4,99.5,99.5,6.7,6.0,6.0,0.119,4.0,15.7,0.039,0.141,0.088,3.9,3.8,0.528,0.593,0.173,0.191,108.09,112.61,93.84,112.61,0.124,218,0.5,1.1,306,438,438,42,33,33,91,96,96,288,29,341,257,189,226,32,32,307,180,253,204,11,9,9,87,526,535
1629006,Josh Okogie,1610612756,PHX,25.0,60,112.3,112.8,112.8,111.2,111.5,111.5,1.2,1.3,1.3,0.091,1.78,18.2,0.079,0.081,0.08,10.3,10.3,0.488,0.552,0.125,0.128,101.29,100.88,84.07,100.88,0.068,2008,1.4,3.4,235,225,225,235,238,238,220,213,213,368,300,261,104,479,271,364,368,428,331,480,485,251,273,273,406,409,396
1626196,Josh Richardson,1610612748,MIA,30.0,43,108.4,108.7,108.7,112.4,113.7,113.7,-4.0,-5.0,-5.0,0.144,2.92,20.7,0.017,0.094,0.056,7.1,7.0,0.539,0.573,0.159,0.165,99.3,98.56,82.13,98.56,0.08,2267,3.6,8.1,370,358,358,291,334,334,349,370,370,218,89,199,468,415,445,107,106,262,256,323,315,416,455,455,314,192,175
1630563,Joshua Primo,1610612746,LAC,21.0,2,96.7,91.7,91.7,89.3,104.5,104.5,7.4,-12.9,-12.9,0.0,0.0,0.0,0.111,0.0,0.042,57.1,57.1,0.333,0.333,0.259,0.283,113.42,107.53,89.61,107.53,-0.076,24,0.5,1.5,527,539,539,11,62,62,82,507,507,553,541,553,33,557,530,572,572,539,545,49,34,4,34,34,569,528,519
201950,Jrue Holiday,1610612738,BOS,34.0,69,119.8,120.6,120.6,109.8,110.9,110.9,9.9,9.7,9.7,0.196,2.69,28.3,0.038,0.117,0.079,10.5,10.5,0.581,0.597,0.161,0.164,99.76,98.91,82.43,98.91,0.099,4653,4.8,10.0,32,31,31,167,207,207,49,49,49,141,114,69,270,291,276,381,384,130,165,307,320,363,427,427,201,130,124
1629308,Juan Toscano-Anderson,1610612758,SAC,31.0,11,102.2,99.1,99.1,104.5,99.2,99.2,-2.4,-0.1,-0.1,0.108,2.0,22.2,0.068,0.167,0.118,11.1,11.1,0.292,0.292,0.106,0.112,100.06,104.36,86.97,104.36,0.013,110,0.3,1.1,499,512,512,50,32,32,318,258,258,320,238,160,135,133,122,419,423,547,552,533,528,345,73,73,547,554,540
1631262,Jules Bernard,1610612764,WAS,24.0,19,109.6,111.2,111.2,106.3,104.9,104.9,3.3,6.3,6.3,0.142,2.0,17.6,0.056,0.106,0.079,8.8,8.7,0.539,0.544,0.189,0.197,105.72,105.63,88.03,105.63,0.086,331,1.5,3.4,332,277,277,68,67,67,169,93,93,226,238,282,175,351,280,245,237,261,357,186,185,22,48,48,270,391,405
1630577,Julian Champagnie,1610612759,SAS,23.0,74,109.5,109.1,109.1,112.8,113.5,113.5,-3.3,-4.5,-4.5,0.093,1.81,17.2,0.028,0.111,0.069,9.5,9.5,0.534,0.57,0.14,0.144,103.22,103.07,85.89,103.07,0.068,3152,2.2,5.4,336,351,351,310,326,326,338,360,360,362,292,292,347,322,351,304,304,281,269,415,416,105,130,130,397,308,273
1641763,Julian Phillips,1610612741,CHI,20.0,40,113.2,112.1,112.1,113.8,111.7,111.7,-0.6,0.4,0.4,0.052,1.3,12.1,0.035,0.077,0.055,9.3,9.2,0.494,0.521,0.121,0.126,99.51,100.9,84.08,100.9,0.03,675,0.8,1.9,206,247,247,353,248,248,273,239,239,525,418,444,288,499,451,288,281,415,418,500,494,396,270,270,529,494,495
1631124,Julian Strawther,1610612743,DEN,22.0,50,106.5,105.6,105.6,115.6,115.4,115.4,-9.1,-9.8,-9.8,0.123,2.04,15.4,0.008,0.096,0.052,7.5,7.5,0.462,0.482,0.193,0.201,101.48,102.0,85.0,102.0,0.055,1164,1.6,4.4,422,436,436,439,428,428,447,467,467,281,229,356,536,403,473,143,146,472,481,177,173,231,190,190,482,373,326
203944,Julius Randle,1610612752,NYK,29.0,46,116.8,119.7,119.7,113.2,113.8,113.8,3.6,6.0,6.0,0.217,1.44,16.9,0.059,0.198,0.128,11.7,11.7,0.518,0.569,0.287,0.291,100.35,98.84,82.36,98.84,0.134,3364,8.6,18.2,78,46,46,328,337,337,161,97,97,113,391,299,163,76,102,455,455,341,272,25,30,321,433,433,58,24,23
1630551,Justin Champagnie,1610612764,WAS,23.0,15,105.9,106.4,106.4,119.7,117.5,117.5,-13.9,-11.1,-11.1,0.112,1.9,16.7,0.07,0.141,0.103,8.8,8.8,0.494,0.526,0.162,0.165,104.18,104.86,87.38,104.86,0.088,512,2.1,5.2,440,414,414,534,488,488,518,486,486,307,273,305,131,191,173,242,247,414,410,299,314,53,60,60,258,316,283
203200,Justin Holiday,1610612743,DEN,35.0,58,113.3,112.8,112.8,109.2,109.1,109.1,4.0,3.7,3.7,0.098,4.79,24.2,0.01,0.069,0.04,5.1,5.1,0.595,0.598,0.104,0.107,99.47,99.78,83.15,99.78,0.059,1787,1.5,3.3,205,230,230,135,133,133,147,146,146,346,17,129,526,519,537,49,48,95,158,539,540,398,366,366,456,394,406
1628382,Justin Jackson,1610612750,MIN,29.0,2,0.0,0.0,0.0,0.0,0.0,0.0,0.0,0.0,0.0,0.0,0.0,0.0,0.0,0.0,0.0,0.0,0.0,0.0,0.0,0.0,0.0,68.57,137.14,114.29,137.14,0.0,2,0.0,0.0,571,571,571,1,1,1,257,251,251,553,541,553,545,557,561,1,1,561,563,569,569,572,1,1,556,561,569
1631303,Justin Minaya,1610612757,POR,25.0,34,98.7,99.9,99.9,110.5,108.4,108.4,-11.7,-8.6,-8.6,0.08,2.33,19.4,0.066,0.072,0.068,8.3,8.3,0.378,0.391,0.093,0.096,97.28,97.64,81.37,97.64,0.027,768,0.6,2.2,522,505,505,203,116,116,498,446,446,419,186,225,141,514,355,195,198,526,532,552,551,532,526,526,535,508,480
203994,Jusuf Nurkić,1610612756,PHX,29.0,76,118.6,120.5,120.5,110.0,111.3,111.3,8.6,9.2,9.2,0.186,1.72,24.7,0.115,0.284,0.204,14.4,14.4,0.528,0.559,0.187,0.189,101.27,99.9,83.25,99.9,0.12,4327,4.2,8.3,46,33,33,181,229,229,62,55,55,153,318,121,31,10,5,533,531,306,310,195,210,255,357,357,102,154,170
1630231,KJ Martin,1610612755,PHI,23.0,60,110.6,110.7,110.7,111.1,110.5,110.5,-0.6,0.2,0.2,0.094,1.59,18.1,0.052,0.12,0.085,11.4,11.3,0.558,0.563,0.127,0.132,101.14,101.37,84.47,101.37,0.058,1572,1.6,3.0,295,293,293,232,188,188,272,246,246,360,351,264,193,280,234,430,430,207,298,467,466,265,238,238,464,375,429
1629232,Kaiser Gates,1610612740,NOP,27.0,1,80.2,81.3,81.3,94.5,88.2,88.2,-14.2,-7.0,-7.0,0.0,0.0,0.0,0.0,0.091,0.045,0.0,0.0,0.0,0.0,0.222,0.22,103.58,106.55,88.79,106.55,-0.15,16,0.0,4.0,562,560,560,16,12,12,524,404,404,553,541,553,545,433,517,1,1,561,563,119,134,85,37,37,571,561,352
1626157,Karl-Anthony Towns,1610612750,MIN,28.0,62,114.9,116.3,116.3,108.1,109.1,109.1,6.8,7.2,7.2,0.147,1.07,13.2,0.05,0.204,0.131,12.3,12.2,0.575,0.625,0.268,0.274,99.41,98.37,81.97,98.37,0.14,4161,7.7,15.3,148,113,113,95,134,134,89,79,79,214,471,418,203,65,92,485,483,146,93,42,43,403,480,480,46,44,52
202695,Kawhi Leonard,1610612746,LAC,33.0,68,117.9,119.3,119.3,109.4,111.1,111.1,8.4,8.2,8.2,0.165,2.05,14.9,0.039,0.138,0.091,7.3,7.2,0.585,0.626,0.261,0.267,99.12,97.77,81.47,97.77,0.154,4747,9.0,17.1,60,54,54,144,219,219,66,68,68,172,228,369,263,203,212,125,121,113,84,46,48,436,517,517,26,17,34
1631099,Keegan Murray,1610612758,SAC,23.0,77,114.2,116.2,116.2,112.5,113.4,113.4,1.7,2.7,2.7,0.068,2.02,10.6,0.039,0.126,0.081,5.2,5.2,0.548,0.569,0.178,0.181,101.01,99.78,83.15,99.78,0.082,5377,5.8,12.7,173,115,115,300,320,320,205,178,178,476,235,487,254,251,255,53,52,239,271,226,239,278,369,369,297,84,81
1628966,Keita Bates-Diop,1610612751,BKN,28.0,53,110.7,109.3,109.3,114.0,113.1,113.1,-3.3,-3.8,-3.8,0.084,2.53,16.1,0.049,0.118,0.085,6.4,6.3,0.497,0.534,0.128,0.134,97.72,98.77,82.31,98.77,0.078,1366,1.4,3.1,283,345,345,371,306,306,340,349,349,402,135,326,209,286,235,79,77,409,394,464,457,524,439,439,337,419,422
1629640,Keldon Johnson,1610612759,SAS,24.0,69,107.7,108.5,108.5,115.8,116.1,116.1,-8.2,-7.7,-7.7,0.142,1.95,15.6,0.043,0.135,0.088,8.0,8.0,0.527,0.565,0.212,0.217,104.21,103.68,86.4,103.68,0.098,4399,5.7,12.5,394,362,362,452,456,456,437,428,428,227,260,348,234,214,224,173,174,309,288,134,136,51,97,97,205,89,84
203482,Kelly Olynyk,1610612761,TOR,33.0,78,110.2,111.7,111.7,118.5,119.1,119.1,-8.4,-7.3,-7.3,0.275,2.28,32.3,0.061,0.169,0.116,14.1,14.1,0.616,0.661,0.171,0.174,102.93,102.01,85.0,102.01,0.116,3743,3.5,6.4,307,262,262,519,519,519,438,418,418,51,197,39,158,125,129,527,528,62,44,259,274,121,189,189,119,198,233
1626162,Kelly Oubre Jr.,1610612755,PHI,28.0,68,112.4,114.1,114.1,112.9,114.0,114.0,-0.5,0.1,0.1,0.072,1.16,8.7,0.043,0.121,0.081,7.5,7.4,0.498,0.535,0.22,0.224,100.5,99.3,82.75,99.3,0.081,4239,5.7,12.9,232,180,180,317,351,351,271,247,247,452,456,524,235,277,260,141,142,404,393,128,124,314,413,413,309,87,78
1631112,Kendall Brown,1610612754,IND,21.0,15,90.3,84.3,84.3,105.5,103.8,103.8,-15.2,-19.5,-19.5,0.135,2.5,19.2,0.045,0.033,0.04,7.7,7.8,0.533,0.567,0.135,0.141,97.91,102.13,85.11,102.13,0.04,134,0.5,1.0,547,552,552,60,55,55,533,539,539,244,143,231,228,551,540,152,165,282,282,432,429,519,175,175,516,525,542
1631254,Kenneth Lofton Jr.,1610612762,UTA,21.0,21,109.0,109.4,109.4,111.9,111.2,111.2,-2.9,-1.8,-1.8,0.25,2.36,24.4,0.056,0.122,0.089,10.4,10.3,0.506,0.537,0.207,0.217,103.33,103.48,86.23,103.48,0.096,426,1.7,3.7,356,339,339,276,227,227,336,305,305,79,182,125,176,270,218,371,369,374,388,147,137,98,110,110,215,358,372
1629026,Kenrich Williams,1610612760,OKC,29.0,69,116.7,115.2,115.2,106.4,106.7,106.7,10.4,8.4,8.4,0.12,2.91,22.6,0.062,0.14,0.102,7.8,7.8,0.568,0.568,0.132,0.136,100.68,101.18,84.31,101.18,0.079,2155,1.9,4.1,79,145,145,70,88,88,44,65,65,285,91,157,153,196,175,162,161,172,277,450,447,302,249,249,328,340,348
203484,Kentavious Caldwell-Pope,1610612743,DEN,31.0,76,120.7,122.4,122.4,109.6,111.0,111.0,11.1,11.3,11.3,0.09,2.44,20.7,0.014,0.062,0.039,8.5,8.4,0.566,0.602,0.126,0.129,99.31,97.99,81.66,97.99,0.061,4910,3.6,7.7,20,14,14,154,215,215,38,34,34,370,163,197,497,530,542,213,202,180,144,474,479,415,503,503,445,196,185
1631165,Keon Ellis,1610612758,SAC,24.0,57,114.8,114.4,114.4,109.6,109.0,109.0,5.2,5.5,5.5,0.115,2.3,23.0,0.031,0.094,0.062,10.0,10.0,0.612,0.627,0.123,0.127,98.83,99.24,82.7,99.24,0.068,2015,1.9,4.1,153,171,171,152,127,127,120,111,111,298,194,152,314,417,397,342,346,66,82,485,489,460,416,416,401,348,346
1630553,Keon Johnson,1610612751,BKN,22.0,5,116.1,114.8,114.8,134.4,134.4,134.4,-18.3,-19.5,-19.5,0.071,0.6,8.6,0.044,0.078,0.059,14.3,14.6,0.476,0.59,0.212,0.215,99.52,100.06,83.39,100.06,0.061,128,1.6,4.2,103,156,156,566,568,568,539,540,540,455,529,525,231,492,422,529,534,451,190,136,144,394,339,339,448,377,335
1630556,Kessler Edwards,1610612758,SAC,23.0,54,103.2,98.3,98.3,107.5,104.6,104.6,-4.3,-6.3,-6.3,0.084,3.75,14.3,0.029,0.126,0.074,3.8,3.8,0.537,0.541,0.134,0.143,98.68,102.55,85.46,102.55,0.073,583,0.6,1.5,487,516,516,89,63,63,355,394,394,404,38,388,331,252,320,31,31,269,368,441,423,469,149,149,373,513,518
201142,Kevin Durant,1610612756,PHX,35.0,75,116.7,118.1,118.1,111.8,113.3,113.3,5.0,4.8,4.8,0.213,1.55,16.9,0.016,0.155,0.089,10.9,10.9,0.581,0.626,0.283,0.288,101.52,100.24,83.53,100.24,0.148,5832,10.0,19.1,83,68,68,262,316,316,127,124,124,117,362,298,473,156,216,410,407,128,83,30,32,228,329,329,34,7,14
1628989,Kevin Huerter,1610612758,SAC,25.0,64,116.2,117.5,117.5,114.5,115.0,115.0,1.7,2.5,2.5,0.138,3.13,20.8,0.024,0.124,0.073,6.6,6.6,0.553,0.564,0.173,0.175,101.9,101.06,84.21,101.06,0.077,3286,3.9,8.8,99,81,81,395,405,405,206,188,188,235,65,194,385,261,323,89,90,224,295,251,268,199,262,262,340,170,151
1628995,Kevin Knox II,1610612757,POR,24.0,31,109.1,109.4,109.4,115.8,117.2,117.2,-6.7,-7.8,-7.8,0.057,1.05,9.6,0.03,0.108,0.066,9.2,9.1,0.546,0.57,0.157,0.162,103.92,103.16,85.96,103.16,0.062,1208,2.8,6.0,352,341,341,449,481,481,402,434,434,514,475,504,326,335,370,275,270,245,268,337,338,68,124,124,443,243,248
201567,Kevin Love,1610612748,MIA,35.0,55,114.7,114.7,114.7,108.2,108.2,108.2,6.5,6.5,6.5,0.189,2.4,20.1,0.062,0.295,0.178,8.4,8.4,0.557,0.597,0.21,0.215,99.7,99.69,83.07,99.69,0.144,1912,2.9,6.5,155,157,157,97,112,112,95,91,91,149,175,210,151,6,23,204,209,213,167,141,143,373,378,378,40,235,226
1630284,Kevon Harris,1610612753,ORL,27.0,2,156.7,142.9,142.9,142.0,133.3,133.3,14.7,9.5,9.5,0.2,1.0,20.0,0.0,0.286,0.2,20.0,20.0,0.667,0.667,0.286,0.313,106.47,115.04,95.87,115.04,0.053,14,1.0,1.5,2,3,3,568,566,566,22,51,51,135,480,211,545,8,6,559,560,22,36,26,12,17,5,5,491,460,519
1626172,Kevon Looney,1610612744,GSW,28.0,74,114.9,115.4,115.4,113.7,114.0,114.0,1.2,1.4,1.4,0.148,2.66,29.4,0.116,0.222,0.169,11.1,11.0,0.597,0.62,0.11,0.114,99.81,99.5,82.92,99.5,0.102,2477,1.9,3.1,144,139,139,348,352,352,219,208,208,209,118,56,28,43,34,416,419,92,103,521,526,358,395,395,184,347,421
1641749,Keyontae Johnson,1610612760,OKC,24.0,9,100.2,100.0,100.0,108.2,105.8,105.8,-8.0,-5.8,-5.8,0.085,1.0,16.7,0.065,0.095,0.08,16.7,16.7,0.344,0.344,0.128,0.131,99.19,100.42,83.69,100.42,0.015,139,0.6,1.8,512,503,503,98,81,81,432,383,383,394,480,305,144,408,270,549,549,537,542,463,467,429,314,314,545,520,503
1641718,Keyonte George,1610612762,UTA,20.0,75,108.3,109.6,109.6,118.4,118.9,118.9,-10.1,-9.3,-9.3,0.244,1.77,23.3,0.007,0.095,0.051,13.2,13.1,0.482,0.533,0.224,0.23,101.82,100.98,84.15,100.98,0.081,4264,4.3,10.9,375,335,335,514,516,516,467,453,453,89,306,146,542,411,478,511,511,442,397,112,113,205,266,266,302,152,112
203114,Khris Middleton,1610612749,MIL,32.0,55,117.4,118.0,118.0,113.6,114.6,114.6,3.7,3.4,3.4,0.272,2.3,26.3,0.027,0.134,0.083,11.4,11.4,0.566,0.595,0.23,0.235,102.79,102.11,85.1,102.11,0.117,3172,5.8,11.7,69,70,70,341,386,386,156,155,155,54,192,98,354,215,242,436,435,181,174,101,104,134,178,178,113,83,94
1630165,Killian Hayes,1610612765,DET,22.0,42,106.4,106.5,106.5,116.8,117.6,117.6,-10.4,-11.1,-11.1,0.268,4.02,36.8,0.011,0.107,0.059,9.2,9.1,0.452,0.474,0.147,0.152,102.88,102.49,85.41,102.49,0.077,2149,2.8,6.7,426,410,410,479,490,490,477,487,487,60,28,21,523,344,423,270,265,479,487,387,381,125,155,155,349,242,217
1630184,Kira Lewis Jr.,1610612762,UTA,23.0,28,101.7,99.6,99.6,110.9,111.1,111.1,-9.3,-11.4,-11.4,0.223,2.64,24.5,0.031,0.056,0.044,9.3,9.2,0.391,0.441,0.178,0.185,102.22,103.18,85.98,103.18,0.068,567,1.2,3.3,505,507,507,222,216,216,452,493,493,105,121,123,316,537,525,283,280,521,516,225,226,177,123,123,403,441,413
202691,Klay Thompson,1610612744,GSW,34.0,77,114.8,115.8,115.8,115.5,116.1,116.1,-0.7,-0.3,-0.3,0.11,1.5,11.9,0.015,0.093,0.054,7.9,7.9,0.551,0.576,0.234,0.241,102.58,101.9,84.91,101.9,0.09,4858,6.4,14.7,152,127,127,438,454,454,280,265,265,313,376,455,487,427,458,168,166,232,240,93,94,149,200,200,243,74,61
1641738,Kobe Brown,1610612746,LAC,24.0,44,107.8,105.7,105.7,114.6,116.2,116.2,-6.8,-10.5,-10.5,0.085,2.78,20.0,0.046,0.105,0.075,7.2,7.2,0.489,0.49,0.104,0.108,100.22,100.45,83.71,100.45,0.043,822,0.8,2.0,391,432,432,398,458,458,407,475,475,392,105,211,221,362,316,119,120,427,472,541,536,332,310,310,513,490,489
1641723,Kobe Bufkin,1610612737,ATL,20.0,17,95.3,97.1,97.1,106.5,105.0,105.0,-11.2,-7.9,-7.9,0.233,2.7,20.5,0.028,0.13,0.078,7.6,7.5,0.418,0.424,0.221,0.23,102.41,102.12,85.1,102.12,0.077,416,2.0,5.4,533,521,521,71,69,69,488,437,437,96,113,203,349,233,293,147,148,511,522,122,109,161,177,177,344,326,274
1628424,Kobi Simmons,1610612761,TOR,26.0,4,91.7,94.2,94.2,117.1,116.5,116.5,-25.4,-22.3,-22.3,0.3,12.0,35.3,0.014,0.09,0.051,2.9,2.9,0.476,0.476,0.141,0.147,100.1,98.94,82.45,98.94,0.102,139,2.3,5.3,542,530,530,486,467,467,552,549,549,31,1,25,489,435,474,24,24,451,485,411,404,339,425,425,183,305,282
1627739,Kris Dunn,1610612762,UTA,30.0,66,116.5,117.6,117.6,116.5,117.2,117.2,0.0,0.4,0.4,0.25,3.22,38.4,0.039,0.109,0.074,12.0,12.0,0.535,0.546,0.132,0.134,103.23,102.44,85.37,102.44,0.078,2667,2.2,4.7,88,76,76,471,483,483,255,238,238,78,58,16,259,334,320,467,469,274,350,448,454,104,159,159,332,307,310
1631200,Kris Murray,1610612757,POR,23.0,62,104.4,106.1,106.1,111.3,112.1,112.1,-6.8,-6.0,-6.0,0.083,1.45,15.3,0.057,0.107,0.08,10.5,10.5,0.463,0.481,0.136,0.138,100.02,98.81,82.34,98.81,0.059,2777,2.3,5.9,467,423,423,238,266,266,410,392,392,408,388,359,172,348,266,380,380,469,482,430,436,348,434,434,460,295,252
204001,Kristaps Porziņģis,1610612738,BOS,28.0,57,119.7,120.8,120.8,108.3,109.6,109.6,11.3,11.2,11.2,0.098,1.29,10.6,0.059,0.163,0.115,8.2,8.2,0.589,0.647,0.247,0.25,101.57,100.55,83.79,100.55,0.138,3549,6.8,13.2,33,26,26,103,150,150,34,36,36,345,425,486,164,142,133,184,184,106,57,67,72,221,302,302,50,62,75
203937,Kyle Anderson,1610612750,MIN,30.0,79,110.6,110.1,110.1,105.3,105.1,105.1,5.3,5.1,5.1,0.264,3.64,36.1,0.034,0.116,0.076,9.9,9.9,0.472,0.513,0.14,0.145,99.62,99.95,83.29,99.95,0.097,3701,2.5,5.5,293,310,310,58,70,70,118,119,119,64,42,24,294,302,307,335,340,459,432,416,414,381,353,353,211,274,269
1628398,Kyle Kuzma,1610612764,WAS,28.0,70,108.8,109.7,109.7,118.5,120.8,120.8,-9.7,-11.0,-11.0,0.201,1.54,15.6,0.026,0.17,0.098,10.1,10.1,0.521,0.547,0.295,0.3,105.03,103.56,86.3,103.56,0.114,4913,8.7,18.8,360,326,326,515,543,543,461,484,484,134,365,347,367,122,186,353,352,335,342,20,21,35,104,104,125,22,17
200768,Kyle Lowry,1610612755,PHI,38.0,60,110.6,111.4,111.4,110.0,111.6,111.6,0.7,-0.3,-0.3,0.212,2.98,33.9,0.02,0.098,0.058,11.4,11.4,0.562,0.594,0.128,0.13,98.27,97.21,81.01,97.21,0.077,3427,2.7,6.3,290,272,272,176,243,243,232,264,264,119,84,32,423,398,425,433,431,190,178,466,472,496,545,545,348,247,238
202681,Kyrie Irving,1610612742,DAL,32.0,58,118.0,119.6,119.6,111.7,112.6,112.6,6.3,6.9,6.9,0.225,2.82,18.5,0.021,0.116,0.069,6.6,6.5,0.573,0.608,0.274,0.281,102.0,100.89,84.08,100.89,0.144,4258,9.7,19.5,58,48,48,259,291,291,99,83,83,104,99,247,413,300,350,87,86,151,132,35,36,190,272,272,39,9,10
1630163,LaMelo Ball,1610612766,CHA,22.0,22,111.3,111.8,111.8,119.5,120.2,120.2,-8.1,-8.4,-8.4,0.395,2.12,24.3,0.038,0.122,0.078,11.5,11.4,0.515,0.561,0.315,0.324,103.56,103.0,85.84,103.0,0.133,1522,8.3,19.2,264,256,256,531,538,538,434,443,443,6,217,128,267,268,290,439,438,350,301,8,8,86,131,131,60,29,12
1630205,Lamar Stevens,1610612763,MEM,26.0,38,104.6,105.3,105.3,104.3,104.0,104.0,0.4,1.3,1.3,0.085,1.17,8.9,0.058,0.148,0.103,7.6,7.6,0.479,0.516,0.213,0.22,98.62,98.4,82.0,98.4,0.11,1143,2.8,6.3,463,444,444,48,56,56,242,211,211,397,455,521,166,175,174,151,151,446,429,133,133,472,477,477,144,238,236
1629013,Landry Shamet,1610612764,WAS,27.0,46,109.7,109.3,109.3,119.4,119.2,119.2,-9.7,-9.9,-9.9,0.104,1.8,14.4,0.021,0.065,0.042,8.0,7.9,0.527,0.556,0.181,0.189,103.37,103.63,86.36,103.63,0.058,1571,2.6,6.0,329,346,346,528,524,524,460,468,468,331,294,384,421,524,531,177,171,308,317,216,214,97,101,101,465,269,251
1626204,Larry Nance Jr.,1610612740,NOP,31.0,61,112.8,111.7,111.7,108.5,108.4,108.4,4.3,3.3,3.3,0.129,2.31,26.3,0.079,0.176,0.128,11.4,11.4,0.629,0.653,0.112,0.115,99.35,99.9,83.25,99.9,0.103,2525,2.3,4.0,220,260,260,114,115,115,141,158,158,267,190,100,103,111,103,434,437,50,49,516,518,411,358,358,176,303,356
1628374,Lauri Markkanen,1610612762,UTA,27.0,55,116.5,117.6,117.6,116.9,116.9,116.9,-0.5,0.6,0.6,0.09,1.43,9.2,0.065,0.176,0.121,6.4,6.4,0.578,0.631,0.241,0.246,102.96,102.49,85.41,102.49,0.136,3884,7.8,16.2,90,79,79,485,475,475,270,233,233,369,393,516,143,110,114,83,83,137,73,74,80,120,153,153,55,40,41
2544,LeBron James,1610612747,LAL,39.0,71,116.1,117.4,117.4,112.3,113.6,113.6,3.8,3.8,3.8,0.358,2.4,26.0,0.026,0.172,0.104,10.8,10.7,0.599,0.63,0.285,0.292,102.64,101.54,84.62,101.54,0.169,5304,9.6,17.9,102,83,83,290,327,327,155,143,143,12,172,103,366,118,172,402,398,87,75,27,29,143,226,226,12,10,26
1641778,Leaky Black,1610612766,CHA,25.0,26,105.2,105.1,105.1,111.3,109.2,109.2,-6.1,-4.0,-4.0,0.117,4.0,27.0,0.031,0.132,0.081,6.7,6.8,0.567,0.589,0.099,0.101,98.46,99.44,82.86,99.44,0.079,587,1.0,2.0,454,449,449,239,135,135,392,356,356,294,29,86,318,228,253,97,98,175,192,543,547,482,400,400,331,473,490
1631159,Leonard Miller,1610612750,MIN,20.0,17,108.3,104.9,104.9,105.2,101.7,101.7,3.1,3.2,3.2,0.2,8.0,26.7,0.089,0.3,0.189,3.3,3.3,0.7,0.694,0.157,0.167,107.27,110.84,92.37,110.84,0.178,123,0.8,1.2,377,454,454,56,45,45,174,162,162,135,5,91,75,5,14,28,29,11,15,332,301,14,15,15,9,497,531
1631311,Lester Quinones,1610612744,GSW,23.0,37,110.4,109.6,109.6,109.8,109.0,109.0,0.6,0.6,0.6,0.126,2.12,17.3,0.047,0.126,0.085,8.2,8.2,0.511,0.533,0.171,0.177,100.89,101.55,84.62,101.55,0.069,840,1.5,3.8,300,332,332,164,131,131,234,234,234,274,219,288,217,255,237,183,189,362,398,261,262,290,225,225,391,395,367
1629623,Lindell Wigginton,1610612749,MIL,26.0,3,79.3,64.7,64.7,128.7,131.3,131.3,-49.4,-66.5,-66.5,0.0,0.0,0.0,0.0,0.0,0.0,14.3,14.5,0.4,0.51,0.412,0.496,94.99,103.8,86.5,103.8,0.029,17,0.7,1.7,563,567,567,563,565,565,566,569,569,553,541,553,545,557,561,529,533,517,440,1,1,556,89,89,533,503,511
1630322,Lindy Waters III,1610612760,OKC,26.0,38,105.7,103.7,103.7,112.7,111.4,111.4,-7.1,-7.7,-7.7,0.132,3.43,17.8,0.024,0.113,0.069,5.2,5.2,0.649,0.653,0.167,0.176,99.87,101.41,84.51,101.41,0.1,597,1.3,2.7,443,474,474,309,233,233,413,430,430,254,48,278,383,310,349,51,51,33,51,278,266,354,235,235,193,428,448
1629022,Lonnie Walker IV,1610612751,BKN,25.0,58,111.1,111.3,111.3,111.1,111.8,111.8,0.0,-0.6,-0.6,0.113,1.45,11.5,0.013,0.11,0.061,7.9,7.9,0.528,0.545,0.235,0.242,100.68,100.24,83.53,100.24,0.09,2119,3.6,8.5,272,273,273,227,250,250,256,271,271,306,390,470,509,332,407,171,173,302,355,88,89,304,328,328,246,191,158
1629652,Luguentz Dort,1610612760,OKC,25.0,79,119.5,119.9,119.9,110.8,112.1,112.1,8.7,7.8,7.8,0.061,1.53,12.4,0.035,0.089,0.063,8.1,8.1,0.557,0.593,0.152,0.154,102.77,101.99,84.99,101.99,0.06,4762,3.6,8.3,35,42,42,214,263,263,57,73,73,497,370,437,290,441,388,182,181,214,181,362,372,135,191,191,452,184,167
1629029,Luka Dončić,1610612742,DAL,25.0,70,118.1,119.6,119.6,112.3,113.8,113.8,5.8,5.8,5.8,0.428,2.43,23.9,0.022,0.218,0.121,9.8,9.8,0.573,0.617,0.355,0.361,102.36,101.06,84.21,101.06,0.2,5524,11.5,23.6,55,49,49,287,336,336,109,102,102,4,166,131,402,51,113,329,322,154,105,5,5,164,261,261,5,2,1
1630568,Luka Garza,1610612750,MIN,25.0,25,111.1,107.9,107.9,111.8,108.5,108.5,-0.6,-0.6,-0.6,0.05,0.67,4.2,0.129,0.105,0.119,6.3,6.3,0.54,0.576,0.278,0.296,105.18,108.34,90.28,108.34,0.098,279,1.4,3.0,268,378,378,261,118,118,275,272,272,532,522,551,16,356,118,75,76,260,244,32,25,31,24,24,203,407,430
1629677,Luka Samanic,1610612762,UTA,24.0,43,105.4,106.5,106.5,112.2,112.0,112.0,-6.8,-5.5,-5.5,0.071,0.68,8.3,0.051,0.177,0.116,12.3,12.2,0.421,0.485,0.21,0.217,103.37,102.97,85.81,102.97,0.073,866,1.4,3.7,448,412,412,284,256,256,406,378,378,463,521,529,197,106,127,483,480,510,477,139,138,96,133,133,370,411,376
1628379,Luke Kennard,1610612763,MEM,28.0,39,105.5,106.4,106.4,115.5,115.2,115.2,-10.0,-8.8,-8.8,0.212,2.52,26.2,0.011,0.105,0.057,10.4,10.3,0.617,0.641,0.166,0.172,99.86,99.53,82.94,99.53,0.099,2069,3.6,8.1,447,416,416,434,416,416,466,450,450,120,141,101,522,358,434,373,370,60,62,286,287,355,392,392,197,188,174
1628436,Luke Kornet,1610612738,BOS,28.0,63,120.5,121.8,121.8,111.0,109.7,109.7,9.5,12.1,12.1,0.089,3.19,21.3,0.117,0.141,0.129,6.7,6.7,0.702,0.736,0.107,0.11,96.81,96.92,80.77,96.92,0.113,1976,2.3,3.2,22,17,17,226,153,153,51,29,29,374,62,182,24,189,98,91,93,9,5,531,531,543,551,551,132,304,418
1630201,Malachi Flynn,1610612765,DET,26.0,69,105.2,104.8,104.8,114.0,114.6,114.6,-8.8,-9.8,-9.8,0.231,2.06,23.7,0.022,0.106,0.062,11.5,11.5,0.505,0.533,0.199,0.207,99.71,99.65,83.04,99.65,0.088,1820,2.0,4.7,452,456,456,370,387,387,446,466,466,98,225,136,404,350,394,440,441,378,396,167,158,370,383,383,261,333,313
1631103,Malaki Branham,1610612759,SAS,21.0,75,105.8,105.9,105.9,115.8,117.0,117.0,-10.1,-11.1,-11.1,0.142,1.71,17.3,0.016,0.074,0.044,10.1,10.1,0.506,0.526,0.192,0.197,104.34,103.72,86.43,103.72,0.062,3449,3.6,8.4,442,426,426,454,479,479,468,488,488,224,320,286,471,505,524,354,355,376,409,180,186,49,95,95,440,189,163
1627763,Malcolm Brogdon,1610612757,POR,31.0,39,109.7,110.7,110.7,113.1,114.5,114.5,-3.4,-3.7,-3.7,0.301,3.57,26.1,0.024,0.108,0.065,7.3,7.3,0.522,0.56,0.226,0.232,100.57,99.51,82.92,99.51,0.122,2326,5.6,12.7,324,291,291,324,378,378,342,346,346,30,44,102,388,340,378,126,128,330,304,106,106,311,394,394,91,91,80
1630608,Malcolm Cazalon,1610612765,DET,22.0,1,174.1,183.3,183.3,120.0,100.0,100.0,54.1,83.3,83.3,0.0,0.0,0.0,0.0,0.0,0.0,0.0,0.0,0.0,0.0,0.0,0.0,105.17,111.48,92.9,111.48,0.0,6,0.0,0.0,1,1,1,538,34,34,2,1,1,553,541,553,545,557,561,1,1,561,563,569,569,32,13,13,556,561,569
1627736,Malik Beasley,1610612749,MIL,27.0,79,117.7,118.3,118.3,111.2,112.6,112.6,6.5,5.8,5.8,0.059,2.0,12.0,0.017,0.098,0.059,6.0,6.0,0.598,0.603,0.142,0.145,103.17,102.26,85.22,102.26,0.065,4981,4.1,9.1,64,64,64,236,288,288,94,103,103,506,238,449,457,396,419,66,68,88,142,408,415,108,166,166,424,160,143
1628370,Malik Monk,1610612758,SAC,26.0,72,113.5,115.2,115.2,115.5,115.1,115.1,-1.9,0.1,0.1,0.29,2.47,24.8,0.014,0.101,0.056,10.0,10.0,0.526,0.564,0.247,0.254,102.46,101.92,84.93,101.92,0.11,3978,5.5,12.4,197,146,146,433,408,408,305,248,248,38,158,120,491,384,440,347,343,312,293,64,66,158,196,196,149,93,85
1642013,Malik Williams,1610612761,TOR,25.0,7,93.0,93.2,93.2,117.1,118.1,118.1,-24.2,-24.9,-24.9,0.029,0.67,5.0,0.127,0.197,0.162,7.5,7.5,0.279,0.272,0.148,0.152,99.9,99.37,82.81,99.37,0.027,220,1.3,4.9,541,536,536,489,503,503,551,552,552,549,522,549,18,79,40,142,145,549,554,374,380,352,405,405,537,429,303
1629603,Mamadi Diakite,1610612752,NYK,27.0,6,95.5,90.2,90.2,87.0,82.7,82.7,8.5,7.5,7.5,0.167,2.0,16.7,0.04,0.111,0.077,8.3,8.6,0.667,0.694,0.175,0.178,95.82,101.17,84.31,101.17,0.163,51,0.7,1.0,532,543,543,8,8,8,65,76,76,170,238,305,251,317,297,195,224,22,15,238,252,552,251,251,16,503,542
1641970,Maozinha Pereira,1610612763,MEM,23.0,7,99.8,99.2,99.2,97.3,96.5,96.5,2.4,2.7,2.7,0.027,0.4,4.3,0.077,0.206,0.138,10.9,10.8,0.586,0.609,0.143,0.149,100.7,101.42,84.52,101.42,0.126,258,2.6,5.0,517,511,511,22,22,22,192,175,175,550,539,550,111,63,86,405,400,112,129,404,397,299,234,234,84,267,292
1630699,MarJon Beauchamp,1610612749,MIL,23.0,48,114.0,113.5,113.5,113.5,114.5,114.5,0.5,-1.0,-1.0,0.067,1.15,13.1,0.037,0.123,0.081,11.4,11.4,0.578,0.592,0.141,0.145,103.77,103.51,86.26,103.51,0.064,1311,1.7,3.5,185,208,208,339,379,379,237,286,286,481,461,421,274,266,254,432,440,135,185,410,413,76,107,107,432,363,394
202694,Marcus Morris Sr.,1610612739,CLE,34.0,49,109.3,110.7,110.7,113.8,114.6,114.6,-4.5,-3.9,-3.9,0.066,1.2,10.3,0.026,0.139,0.08,8.6,8.6,0.53,0.558,0.162,0.166,99.24,98.26,81.89,98.26,0.072,1675,2.4,5.4,343,294,294,350,388,388,360,354,354,483,443,490,362,199,264,223,223,294,315,301,303,424,487,487,378,292,277
1631204,Marcus Sasser,1610612765,DET,23.0,71,106.4,107.0,107.0,116.0,115.7,115.7,-9.5,-8.7,-8.7,0.263,2.62,27.2,0.008,0.085,0.045,10.4,10.4,0.516,0.542,0.195,0.199,102.2,102.01,85.01,102.01,0.086,2871,3.1,7.2,427,399,399,457,438,438,457,449,449,65,125,84,541,455,520,372,375,349,365,173,181,178,186,186,272,224,202
203935,Marcus Smart,1610612763,MEM,30.0,20,106.8,108.5,108.5,106.6,109.2,109.2,0.2,-0.8,-0.8,0.211,1.39,21.0,0.009,0.073,0.041,15.1,15.1,0.519,0.552,0.225,0.228,104.71,102.65,85.54,102.65,0.083,1289,5.1,11.9,415,363,363,76,139,139,247,279,279,122,401,188,531,508,533,541,542,337,330,109,116,41,144,144,292,107,91
1631109,Mark Williams,1610612766,CHA,22.0,19,114.7,115.2,115.2,114.0,116.4,116.4,0.7,-1.2,-1.2,0.059,1.29,10.0,0.143,0.209,0.176,7.7,7.8,0.649,0.675,0.162,0.163,101.25,100.03,83.36,100.03,0.129,1056,5.2,7.9,156,147,147,373,464,464,233,295,295,507,423,497,12,59,27,159,162,34,29,300,324,256,342,342,70,105,179
1628365,Markelle Fultz,1610612753,ORL,26.0,43,109.2,109.6,109.6,107.9,109.0,109.0,1.2,0.6,0.6,0.194,2.4,23.6,0.062,0.094,0.078,9.8,9.8,0.479,0.492,0.182,0.187,99.37,98.7,82.25,98.7,0.086,1872,3.6,7.6,348,336,336,92,128,128,217,236,236,143,173,137,154,413,292,330,325,448,470,212,220,409,447,447,271,192,194
202693,Markieff Morris,1610612742,DAL,34.0,26,101.5,99.8,99.8,113.8,115.1,115.1,-12.3,-15.3,-15.3,0.106,1.33,16.2,0.017,0.152,0.083,12.1,12.2,0.449,0.467,0.153,0.159,104.4,104.7,87.25,104.7,0.063,479,0.9,2.6,507,506,506,351,409,409,505,530,530,326,409,322,463,165,245,474,476,484,497,355,355,48,63,63,434,481,453
1641806,Markquis Nowell,1610612761,TOR,24.0,1,133.1,128.6,128.6,71.4,62.5,62.5,61.7,66.1,66.1,1.0,0.0,50.0,0.5,0.0,0.286,0.0,0.0,0.0,0.532,0.222,0.215,93.91,102.37,85.31,102.37,0.357,7,0.0,1.0,5,8,8,3,4,4,1,2,2,1,541,2,1,557,1,1,1,561,400,119,146,562,162,162,1,561,542
1629716,Marques Bolden,1610612766,CHA,26.0,11,107.9,105.1,105.1,110.6,113.5,113.5,-2.7,-8.5,-8.5,0.051,1.33,11.8,0.09,0.183,0.14,8.8,8.9,0.68,0.691,0.108,0.112,100.3,100.33,83.61,100.33,0.103,256,1.5,2.3,384,450,450,210,325,325,327,445,445,528,409,458,74,97,80,248,253,19,18,526,530,326,321,321,180,386,476
1628963,Marvin Bagley III,1610612764,WAS,25.0,50,108.7,109.5,109.5,116.2,115.5,115.5,-7.6,-6.0,-6.0,0.079,0.93,9.5,0.119,0.175,0.146,10.2,10.2,0.597,0.629,0.204,0.208,102.99,102.87,85.73,102.87,0.122,2257,4.8,8.2,364,337,337,466,432,432,423,390,390,427,496,507,22,113,67,362,362,91,77,152,154,116,137,137,96,131,172
1630222,Mason Jones,1610612758,SAC,25.0,5,89.3,87.7,87.7,96.9,96.6,96.6,-7.5,-8.9,-8.9,0.278,2.5,31.3,0.026,0.143,0.076,12.5,12.6,0.375,0.394,0.155,0.16,99.53,100.57,83.8,100.57,0.065,57,0.4,1.6,550,549,549,20,23,23,421,451,451,47,143,45,365,187,305,490,494,528,529,348,347,392,300,300,420,544,516
203486,Mason Plumlee,1610612746,LAC,34.0,46,115.6,115.8,115.8,115.1,115.5,115.5,0.5,0.3,0.3,0.107,1.53,19.0,0.09,0.244,0.17,12.5,12.5,0.569,0.621,0.147,0.149,101.01,100.71,83.93,100.71,0.108,1417,1.9,3.3,120,126,126,422,431,431,238,243,243,324,369,238,71,21,33,489,490,170,99,385,393,277,288,288,161,343,411
1629680,Matisse Thybulle,1610612757,POR,27.0,65,106.6,107.7,107.7,113.4,115.1,115.1,-6.8,-7.4,-7.4,0.083,2.25,19.6,0.019,0.074,0.046,8.7,8.7,0.524,0.537,0.105,0.108,100.68,99.41,82.84,99.41,0.061,3078,1.9,4.9,419,386,386,334,411,411,404,419,419,409,199,219,436,504,515,235,238,324,386,536,537,300,404,404,449,336,300
1630562,Matt Hurt,1610612763,MEM,24.0,8,97.7,98.7,98.7,105.6,104.8,104.8,-7.9,-6.0,-6.0,0.062,2.0,9.8,0.07,0.06,0.065,4.9,4.8,0.426,0.453,0.134,0.138,98.45,98.34,81.95,98.34,0.054,233,1.5,4.3,525,514,514,62,65,65,431,393,393,496,238,502,130,532,374,46,45,506,508,438,437,483,484,484,484,396,334
1630346,Matt Ryan,1610612740,NOP,27.0,28,108.1,107.9,107.9,107.1,106.5,106.5,1.0,1.4,1.4,0.064,0.95,11.6,0.014,0.079,0.047,12.3,12.2,0.615,0.638,0.144,0.148,103.45,103.84,86.53,103.84,0.062,845,1.8,4.0,381,377,377,82,86,86,225,209,209,489,495,464,490,491,505,480,477,63,65,401,400,92,88,88,439,354,350
1631108,Max Christie,1610612747,LAL,21.0,67,111.0,109.2,109.2,110.1,110.3,110.3,0.9,-1.1,-1.1,0.084,1.71,16.8,0.017,0.122,0.073,9.8,9.8,0.515,0.544,0.132,0.137,103.45,104.25,86.88,104.25,0.063,2054,1.5,3.6,274,349,349,190,180,180,227,293,293,398,320,300,467,272,325,326,329,352,361,449,443,91,77,77,438,389,381
1629622,Max Strus,1610612739,CLE,28.0,70,114.6,115.3,115.3,108.4,109.7,109.7,6.2,5.6,5.6,0.166,2.53,24.4,0.03,0.117,0.074,9.6,9.6,0.533,0.553,0.167,0.171,100.61,99.71,83.09,99.71,0.081,4649,4.3,10.4,161,142,142,105,157,157,101,109,109,171,139,127,328,290,317,309,309,285,326,281,290,309,376,376,308,149,120
1628467,Maxi Kleber,1610612742,DAL,32.0,43,116.9,116.5,116.5,110.0,109.9,109.9,6.9,6.6,6.6,0.099,2.43,25.9,0.035,0.125,0.082,10.6,10.7,0.541,0.573,0.096,0.098,101.83,102.07,85.06,102.07,0.057,1854,1.5,3.4,73,109,109,178,164,164,87,89,89,343,167,106,287,259,252,391,395,256,257,550,549,204,181,181,475,404,400
1641721,Maxwell Lewis,1610612747,LAL,21.0,34,76.8,73.1,73.1,114.0,105.8,105.8,-37.2,-32.6,-32.6,0.109,0.6,15.8,0.018,0.019,0.019,26.3,26.1,0.214,0.246,0.127,0.137,99.38,105.73,88.11,105.73,-0.031,227,0.1,0.6,565,566,566,369,79,79,560,557,557,315,529,336,453,556,560,570,570,554,558,471,441,408,44,44,563,560,564
1630695,Micah Potter,1610612762,UTA,26.0,16,107.1,105.9,105.9,112.1,114.4,114.4,-5.1,-8.4,-8.4,0.046,1.2,11.1,0.051,0.168,0.11,9.3,9.2,0.588,0.609,0.109,0.114,99.79,99.32,82.77,99.32,0.08,387,1.2,2.5,407,427,427,281,370,370,370,442,442,537,443,476,198,129,141,280,273,108,130,525,524,360,410,410,313,446,458
1629008,Michael Porter Jr.,1610612743,DEN,26.0,81,118.5,120.2,120.2,111.4,112.1,112.1,7.1,8.1,8.1,0.064,1.33,9.1,0.042,0.177,0.111,6.9,6.9,0.586,0.601,0.202,0.205,98.88,97.81,81.51,97.81,0.106,5247,6.4,13.3,51,36,36,244,265,265,84,70,70,488,412,517,239,108,139,101,100,111,145,160,165,453,513,513,168,70,72
1628969,Mikal Bridges,1610612751,BKN,27.0,82,109.8,111.0,111.0,113.1,114.3,114.3,-3.3,-3.3,-3.3,0.163,1.82,15.9,0.022,0.105,0.063,8.7,8.6,0.521,0.56,0.238,0.244,99.38,98.35,81.96,98.35,0.105,5852,6.9,15.8,320,282,282,326,368,368,341,338,338,178,287,334,401,354,390,236,232,334,306,83,86,406,482,482,172,59,46
201144,Mike Conley,1610612750,MIN,36.0,76,112.6,113.7,113.7,107.0,108.0,108.0,5.6,5.7,5.7,0.29,4.4,36.2,0.018,0.081,0.051,8.2,8.2,0.595,0.627,0.157,0.161,98.29,97.38,81.15,97.38,0.115,4460,3.9,8.5,227,198,198,80,107,107,111,106,106,39,23,23,451,483,483,186,186,94,81,331,343,494,539,539,121,171,159
203488,Mike Muscala,1610612760,OKC,33.0,53,108.0,106.4,106.4,114.6,114.0,114.0,-6.6,-7.6,-7.6,0.082,1.68,16.3,0.062,0.139,0.1,9.7,9.7,0.449,0.47,0.132,0.136,102.06,103.13,85.94,103.13,0.049,1293,1.1,2.9,383,417,417,404,353,353,399,426,426,412,329,316,156,200,183,314,321,482,493,451,450,183,126,126,498,458,436
1628970,Miles Bridges,1610612766,CHA,26.0,69,107.3,108.0,108.0,118.8,120.1,120.1,-11.4,-12.1,-12.1,0.146,1.67,13.9,0.027,0.176,0.099,8.3,8.3,0.527,0.556,0.242,0.248,99.32,98.46,82.05,98.46,0.111,5298,8.1,17.5,402,374,374,523,537,537,492,503,503,215,331,397,358,112,184,194,192,311,316,73,75,414,467,467,134,31,30
1630540,Miles McBride,1610612752,NYK,23.0,68,109.3,110.6,110.6,110.9,110.6,110.6,-1.6,0.0,0.0,0.131,3.8,18.4,0.022,0.053,0.037,4.9,4.8,0.572,0.59,0.164,0.168,95.83,95.4,79.5,95.4,0.08,2632,3.0,6.7,344,299,299,218,194,194,292,255,255,262,36,252,403,541,544,44,44,158,188,293,294,551,566,566,320,225,220
1629011,Mitchell Robinson,1610612752,NYK,26.0,31,115.1,117.3,117.3,116.8,116.2,116.2,-1.7,1.1,1.1,0.031,0.72,9.0,0.17,0.173,0.171,12.4,12.6,0.575,0.554,0.099,0.1,97.35,96.67,80.56,96.67,0.082,1545,2.4,4.1,136,84,84,480,459,459,296,218,218,546,517,519,6,114,30,488,492,148,322,544,548,529,556,556,294,293,343
1628964,Mo Bamba,1610612755,PHI,26.0,57,106.5,107.5,107.5,110.9,110.5,110.5,-4.3,-3.0,-3.0,0.083,1.05,13.7,0.095,0.218,0.153,13.0,13.0,0.553,0.575,0.149,0.152,98.06,97.77,81.47,97.77,0.098,1507,1.7,3.5,424,392,392,217,186,186,358,328,328,410,473,404,65,52,56,504,504,223,248,371,378,508,518,518,204,360,393
1628420,Monte Morris,1610612750,MIN,29.0,33,113.6,113.5,113.5,103.6,104.1,104.1,10.0,9.4,9.4,0.199,9.86,29.1,0.014,0.105,0.059,3.0,2.9,0.493,0.508,0.151,0.156,99.65,99.42,82.85,99.42,0.094,983,1.9,4.6,195,207,207,45,59,59,47,53,53,139,2,61,493,360,424,25,25,416,444,363,366,377,403,403,225,346,316
1629021,Moritz Wagner,1610612753,ORL,27.0,80,113.1,113.9,113.9,110.2,110.8,110.8,2.8,3.1,3.1,0.109,0.99,11.6,0.087,0.168,0.128,11.7,11.6,0.636,0.676,0.22,0.228,99.33,98.73,82.28,98.73,0.139,2911,4.2,6.9,214,191,191,191,205,205,183,164,164,314,490,465,82,128,101,454,448,45,28,123,118,412,442,442,49,155,209
1629650,Moses Brown,1610612757,POR,24.0,22,102.6,104.5,104.5,122.5,118.9,118.9,-19.9,-14.4,-14.4,0.057,0.64,7.2,0.155,0.254,0.199,11.3,11.4,0.508,0.477,0.176,0.182,99.88,100.45,83.71,100.45,0.08,419,1.5,3.0,492,463,463,552,517,517,543,526,526,515,526,541,11,18,7,427,434,370,484,234,233,353,309,309,316,396,435
1630541,Moses Moody,1610612744,GSW,22.0,66,112.6,113.3,113.3,110.2,110.2,110.2,2.3,3.1,3.1,0.07,1.3,10.2,0.052,0.108,0.079,7.9,7.8,0.548,0.578,0.176,0.182,100.84,100.54,83.78,100.54,0.087,2432,2.9,6.4,228,215,215,192,174,174,193,165,165,466,422,495,195,339,277,165,164,240,228,236,234,293,304,304,264,230,234
1631338,Mouhamadou Gueye,1610612761,TOR,25.0,11,81.4,80.0,80.0,109.8,110.9,110.9,-28.5,-30.9,-30.9,0.081,0.42,8.5,0.087,0.08,0.084,20.3,20.4,0.289,0.31,0.189,0.197,101.92,102.25,85.21,102.25,0.002,255,1.0,3.5,561,561,561,168,209,209,554,556,556,416,538,527,83,484,241,564,564,548,549,188,184,197,167,167,555,460,395
1631243,Mouhamed Gueye,1610612737,ATL,21.0,6,87.0,89.9,89.9,119.9,115.1,115.1,-32.9,-25.2,-25.2,0.091,4.0,12.9,0.111,0.188,0.143,3.2,3.3,0.413,0.468,0.144,0.145,104.11,104.51,87.09,104.51,0.079,158,1.3,3.8,554,544,544,537,412,412,558,553,553,366,29,424,33,89,77,27,27,512,495,396,410,56,69,69,327,422,364
1631217,Moussa Diabaté,1610612746,LAC,22.0,11,122.7,117.7,117.7,115.1,121.1,121.1,7.6,-3.4,-3.4,0.089,2.0,12.5,0.227,0.129,0.176,6.3,6.4,0.526,0.576,0.171,0.178,96.93,96.39,80.33,96.39,0.141,130,0.9,1.7,15,75,75,418,546,546,78,344,344,375,238,433,3,241,25,75,82,312,238,262,254,541,564,564,43,477,508
1626167,Myles Turner,1610612754,IND,28.0,77,118.6,120.6,120.6,114.4,115.5,115.5,4.2,5.1,5.1,0.065,0.92,8.0,0.056,0.198,0.128,8.7,8.7,0.587,0.626,0.234,0.237,103.86,102.52,85.43,102.52,0.116,4432,6.2,11.8,45,30,30,392,430,430,144,116,116,484,497,536,180,78,100,234,235,109,87,91,99,71,150,150,117,76,92
1630230,Naji Marshall,1610612740,NOP,26.0,66,116.5,115.4,115.4,107.1,106.8,106.8,9.5,8.7,8.7,0.139,1.97,21.4,0.042,0.142,0.093,10.9,10.9,0.542,0.576,0.158,0.163,100.06,100.71,83.92,100.71,0.092,2627,2.6,5.6,86,140,140,81,89,89,53,63,63,233,258,172,237,188,204,407,406,251,246,329,328,343,289,289,238,266,262
1629642,Nassir Little,1610612756,PHX,24.0,45,105.9,103.2,103.2,111.1,112.7,112.7,-5.2,-9.5,-9.5,0.068,1.5,12.6,0.03,0.12,0.077,8.4,8.3,0.544,0.572,0.132,0.139,100.94,101.49,84.58,101.49,0.073,971,1.3,2.8,438,480,480,231,294,294,376,458,458,472,377,430,323,279,296,202,200,249,260,447,434,286,228,228,376,434,446
1630207,Nate Hinton,1610612745,HOU,25.0,15,116.2,109.3,109.3,107.5,100.0,100.0,8.6,9.3,9.3,0.159,3.33,24.4,0.086,0.169,0.129,7.3,7.3,0.558,0.585,0.156,0.167,104.48,111.71,93.09,111.71,0.111,172,0.7,1.7,100,344,344,90,34,34,60,54,54,186,50,126,86,127,97,126,127,208,205,343,300,46,12,12,142,500,507
1631466,Nate Williams,1610612745,HOU,25.0,22,112.6,111.1,111.1,104.8,104.2,104.2,7.7,6.9,6.9,0.07,1.75,10.6,0.081,0.071,0.075,6.1,6.0,0.56,0.565,0.173,0.182,104.94,105.92,88.26,105.92,0.09,287,1.2,2.3,229,278,278,54,60,60,74,84,84,465,310,485,98,518,310,68,67,204,287,254,232,38,42,42,250,439,476
1641877,Nathan Mensah,1610612766,CHA,26.0,25,94.2,94.9,94.9,115.9,114.5,114.5,-21.8,-19.6,-19.6,0.043,0.64,15.8,0.087,0.127,0.105,24.6,24.9,0.429,0.496,0.068,0.068,99.52,99.71,83.09,99.71,0.007,633,0.5,1.1,537,529,529,455,380,380,546,541,541,541,525,336,85,245,163,568,568,504,465,565,565,393,374,374,552,536,537
1629675,Naz Reid,1610612750,MIN,24.0,81,111.2,111.1,111.1,104.5,105.5,105.5,6.7,5.7,5.7,0.085,0.95,9.4,0.038,0.17,0.106,9.8,9.8,0.576,0.595,0.223,0.23,100.27,99.83,83.19,99.83,0.115,4092,5.0,10.5,267,279,279,49,76,76,92,105,105,396,494,510,271,121,160,327,327,143,175,117,110,328,362,362,122,114,118
1629674,Neemias Queta,1610612738,BOS,24.0,28,128.7,128.7,128.7,109.9,108.3,108.3,18.7,20.4,20.4,0.078,1.54,13.4,0.157,0.195,0.177,8.7,8.7,0.644,0.662,0.16,0.164,97.93,98.67,82.23,98.67,0.123,683,2.4,3.7,8,7,7,175,114,114,15,12,12,429,366,414,9,80,24,239,239,38,43,313,319,515,449,449,89,288,372
1629651,Nic Claxton,1610612751,BKN,25.0,71,108.4,108.4,108.4,113.3,114.1,114.1,-4.9,-5.6,-5.6,0.107,1.58,16.2,0.088,0.239,0.162,10.3,10.2,0.63,0.629,0.156,0.16,98.8,98.42,82.02,98.42,0.128,4323,5.2,8.2,373,366,366,330,357,357,366,380,380,325,354,320,80,27,39,366,364,49,76,344,348,462,473,473,73,106,171
1630208,Nick Richards,1610612766,CHA,26.0,67,105.2,106.3,106.3,117.1,118.2,118.2,-11.9,-11.9,-11.9,0.046,0.74,9.3,0.097,0.218,0.156,12.5,12.5,0.691,0.717,0.131,0.133,98.5,97.53,81.27,97.53,0.108,3572,3.9,5.6,456,418,418,488,506,506,501,500,500,536,516,512,61,50,47,496,491,14,10,453,459,475,528,528,158,169,260
1641733,Nick Smith Jr.,1610612766,CHA,20.0,51,101.2,102.4,102.4,115.8,114.9,114.9,-14.6,-12.4,-12.4,0.134,1.51,15.0,0.023,0.078,0.049,9.9,9.9,0.5,0.511,0.202,0.206,97.9,97.72,81.43,97.72,0.056,1479,2.2,5.7,509,488,488,450,395,395,527,504,504,247,375,366,396,495,496,333,334,383,438,157,164,520,522,522,477,309,257
1629638,Nickeil Alexander-Walker,1610612750,MIN,25.0,82,114.3,113.1,113.1,104.8,105.5,105.5,9.5,7.6,7.6,0.145,2.68,24.1,0.019,0.066,0.043,9.0,9.0,0.56,0.578,0.143,0.149,99.8,99.98,83.31,99.98,0.071,4005,2.9,6.6,172,220,220,53,77,77,52,75,75,216,115,130,439,523,527,255,257,200,231,403,396,359,349,349,384,234,225
201587,Nicolas Batum,1610612755,PHI,35.0,60,116.7,117.6,117.6,110.3,111.9,111.9,6.4,5.6,5.6,0.105,3.2,29.6,0.046,0.115,0.08,9.2,9.2,0.596,0.603,0.085,0.087,99.58,98.51,82.09,98.51,0.065,3139,1.9,4.3,82,77,77,195,255,255,98,108,108,328,60,54,224,307,263,277,282,93,141,558,558,386,463,463,421,337,333
203999,Nikola Jokić,1610612743,DEN,29.0,79,120.5,122.4,122.4,109.3,110.6,110.6,11.1,11.8,11.8,0.391,2.99,27.9,0.086,0.27,0.182,9.3,9.3,0.612,0.65,0.288,0.293,99.39,98.05,81.71,98.05,0.211,5599,10.4,17.9,24,12,12,139,193,193,37,32,32,7,82,74,87,13,18,286,286,67,54,24,28,405,498,498,4,5,27
1631107,Nikola Jović,1610612748,MIA,21.0,46,115.2,115.8,115.8,107.0,107.9,107.9,8.2,7.8,7.8,0.14,2.14,20.7,0.029,0.186,0.109,9.7,9.7,0.568,0.583,0.171,0.174,98.1,97.42,81.18,97.42,0.092,1822,2.8,6.1,135,129,129,79,106,106,69,72,72,229,213,196,334,94,143,311,314,174,211,263,275,507,538,538,239,244,244
202696,Nikola Vučević,1610612741,CHI,33.0,76,111.6,112.5,112.5,114.1,115.7,115.7,-2.5,-3.1,-3.1,0.153,2.12,15.5,0.08,0.229,0.154,7.3,7.3,0.522,0.54,0.233,0.237,98.47,97.36,81.13,97.36,0.126,5287,7.7,15.9,256,236,236,375,437,437,320,333,333,198,220,350,99,37,52,129,129,331,370,95,100,479,540,540,81,46,43
1641730,Noah Clowney,1610612751,BKN,19.0,23,105.8,104.8,104.8,111.8,111.7,111.7,-6.0,-6.9,-6.9,0.074,1.2,12.9,0.066,0.146,0.105,10.8,10.8,0.602,0.626,0.137,0.141,99.12,99.61,83.0,99.61,0.097,767,2.2,4.0,441,457,457,263,246,246,389,401,401,447,443,423,140,182,164,400,400,79,85,425,431,435,387,387,208,311,349
1626181,Norman Powell,1610612746,LAC,31.0,76,116.8,118.0,118.0,111.8,113.0,113.0,5.0,5.1,5.1,0.059,1.24,8.3,0.008,0.085,0.048,6.7,6.7,0.594,0.626,0.193,0.198,101.4,100.37,83.64,100.37,0.087,4162,4.9,10.1,74,69,69,266,300,300,124,118,118,505,436,534,538,454,500,93,92,97,89,176,182,237,320,320,265,123,122
1628384,OG Anunoby,1610612752,NYK,26.0,50,116.5,118.2,118.2,106.5,107.2,107.2,9.9,10.9,10.9,0.084,1.32,13.4,0.028,0.091,0.061,10.1,10.1,0.577,0.595,0.173,0.176,99.73,98.71,82.25,98.71,0.081,3503,5.6,11.5,91,65,65,73,94,94,50,39,39,399,414,415,342,432,413,355,353,140,176,249,263,366,446,446,307,90,99
1630167,Obi Toppin,1610612754,IND,26.0,82,119.4,120.2,120.2,116.0,116.6,116.6,3.4,3.6,3.6,0.091,1.86,15.7,0.049,0.137,0.093,8.4,8.4,0.661,0.677,0.16,0.165,105.59,104.97,87.47,104.97,0.101,3786,4.0,7.1,37,38,38,460,469,469,164,150,150,366,280,343,211,210,206,210,208,27,26,316,313,24,56,56,187,162,206
1630534,Ochai Agbaji,1610612761,TOR,24.0,78,109.0,110.1,110.1,116.5,117.2,117.2,-7.5,-7.1,-7.1,0.068,1.3,13.8,0.044,0.083,0.063,10.6,10.6,0.483,0.497,0.131,0.134,102.37,101.56,84.64,101.56,0.046,3472,2.3,5.6,357,311,311,472,482,482,420,406,406,475,421,403,233,469,386,392,387,440,464,456,453,162,223,223,505,298,264
1630846,Olivier Sarr,1610612760,OKC,25.0,15,110.1,106.8,106.8,109.5,105.8,105.8,0.6,1.0,1.0,0.029,0.67,6.5,0.111,0.241,0.182,9.7,9.8,0.632,0.664,0.124,0.128,98.14,101.42,84.52,101.42,0.093,207,0.7,1.3,308,402,402,151,80,80,235,226,226,547,522,543,33,25,16,311,328,48,39,483,484,504,233,233,228,500,526
1641765,Olivier-Maxence Prosper,1610612742,DAL,21.0,40,102.5,99.6,99.6,114.3,112.8,112.8,-11.8,-13.2,-13.2,0.095,2.75,14.4,0.062,0.153,0.104,5.2,5.3,0.447,0.496,0.153,0.159,102.47,104.65,87.21,104.65,0.082,738,1.0,2.6,494,508,508,383,295,295,499,512,512,353,109,386,152,164,167,52,54,489,466,354,354,155,65,65,298,460,454
1630209,Omer Yurtseven,1610612762,UTA,26.0,48,102.7,104.4,104.4,117.7,117.2,117.2,-15.0,-12.8,-12.8,0.084,0.78,11.1,0.117,0.255,0.181,14.2,14.1,0.552,0.565,0.173,0.177,101.13,100.56,83.8,100.56,0.11,1148,2.1,3.8,490,466,466,497,480,480,532,506,506,400,513,476,26,17,20,528,527,228,286,252,259,266,301,301,150,318,364
1641931,Onuralp Bitim,1610612741,CHI,25.0,23,108.5,106.6,106.6,115.1,115.1,115.1,-6.6,-8.5,-8.5,0.069,1.3,11.9,0.022,0.096,0.058,9.2,9.2,0.452,0.464,0.149,0.156,99.07,99.94,83.29,99.94,0.035,559,1.4,3.7,366,405,405,424,410,410,398,444,444,469,418,454,410,402,428,274,272,478,501,372,368,441,355,355,522,412,380
1630168,Onyeka Okongwu,1610612737,ATL,23.0,55,116.8,118.1,118.1,118.5,119.0,119.0,-1.8,-0.9,-0.9,0.071,1.64,13.9,0.099,0.169,0.132,8.4,8.4,0.642,0.674,0.134,0.136,104.1,103.28,86.07,103.28,0.094,3020,4.1,6.6,77,67,67,518,518,518,299,281,281,455,342,399,54,126,90,208,205,41,31,440,445,58,120,120,227,158,221
1631115,Orlando Robinson,1610612748,MIA,23.0,36,112.5,113.1,113.1,111.1,109.6,109.6,1.4,3.5,3.5,0.161,1.89,25.2,0.099,0.189,0.145,13.3,13.3,0.556,0.596,0.143,0.147,97.99,98.39,81.99,98.39,0.097,618,1.0,2.0,231,218,218,229,149,149,214,151,151,184,276,112,56,88,70,513,513,218,169,405,402,512,478,478,209,460,490
1631131,Oscar Tshiebwe,1610612754,IND,24.0,8,115.0,114.9,114.9,102.9,98.9,98.9,12.1,15.9,15.9,0.065,0.0,7.7,0.167,0.229,0.193,0.0,0.0,0.5,0.553,0.205,0.207,106.04,108.21,90.18,108.21,0.165,94,1.3,2.5,141,155,155,38,30,30,30,19,19,486,541,538,7,38,10,1,1,383,328,151,161,19,27,27,14,435,458
1629052,Oshae Brissett,1610612738,BOS,26.0,55,116.7,117.2,117.2,108.4,106.4,106.4,8.3,10.8,10.8,0.089,2.2,17.3,0.089,0.148,0.118,7.9,7.9,0.493,0.53,0.136,0.14,100.05,100.85,84.04,100.85,0.076,1311,1.2,2.8,81,89,89,106,84,84,68,41,41,373,204,287,77,176,121,166,167,416,403,428,432,346,274,274,357,438,445
203490,Otto Porter Jr.,1610612761,TOR,31.0,15,110.3,112.2,112.2,109.2,107.5,107.5,1.2,4.7,4.7,0.058,4.0,18.2,0.032,0.13,0.08,4.5,4.5,0.545,0.568,0.083,0.086,103.25,103.13,85.94,103.13,0.054,376,0.9,2.2,303,246,246,133,99,99,221,127,127,513,29,262,308,237,272,40,40,246,274,560,559,103,127,127,483,475,478
1631172,Ousmane Dieng,1610612760,OKC,21.0,33,109.7,110.1,110.1,108.3,109.0,109.0,1.4,1.1,1.1,0.144,1.95,20.7,0.027,0.105,0.067,10.6,10.6,0.513,0.54,0.167,0.17,100.97,100.42,83.68,100.42,0.074,760,1.5,3.5,328,309,309,101,129,129,212,219,219,219,261,198,352,359,359,390,391,358,369,282,291,282,315,315,367,401,386
200782,P.J. Tucker,1610612746,LAC,39.0,31,113.2,112.4,112.4,113.3,113.7,113.7,-0.1,-1.3,-1.3,0.041,2.0,21.3,0.059,0.116,0.088,10.7,10.6,0.49,0.507,0.052,0.054,98.23,98.41,82.0,98.41,0.031,992,0.6,1.6,207,242,242,332,333,333,260,297,297,542,238,180,162,294,220,395,392,424,447,567,567,497,475,475,527,518,515
1629023,P.J. Washington,1610612742,DAL,25.0,73,112.1,112.8,112.8,114.4,115.6,115.6,-2.3,-2.8,-2.8,0.087,1.47,12.7,0.037,0.147,0.091,8.7,8.6,0.518,0.537,0.185,0.189,101.31,100.49,83.74,100.49,0.079,4648,4.8,11.1,240,229,229,390,434,434,315,324,324,384,386,429,277,180,210,230,231,342,387,203,213,250,306,306,330,126,105
1631094,Paolo Banchero,1610612753,ORL,21.0,80,109.9,111.9,111.9,110.1,111.9,111.9,-0.2,0.0,0.0,0.254,1.74,18.5,0.029,0.178,0.101,10.6,10.6,0.497,0.546,0.292,0.295,99.91,98.2,81.83,98.2,0.135,5727,8.0,17.6,318,253,253,185,253,253,261,257,257,75,315,251,333,105,180,388,390,407,351,21,26,351,492,492,57,34,29
1627783,Pascal Siakam,1610612754,IND,30.0,80,116.0,117.6,117.6,114.6,115.3,115.3,1.4,2.2,2.2,0.189,2.43,17.8,0.052,0.159,0.105,7.4,7.3,0.569,0.601,0.25,0.255,102.04,100.99,84.16,100.99,0.132,5587,8.5,15.9,106,78,78,396,425,425,213,193,193,148,169,276,194,151,162,132,131,166,146,58,64,188,264,264,63,26,45
1626192,Pat Connaughton,1610612749,MIL,31.0,76,114.6,115.1,115.1,115.5,115.9,115.9,-0.9,-0.8,-0.8,0.123,3.29,27.7,0.03,0.112,0.071,8.4,8.4,0.553,0.574,0.106,0.109,101.74,101.34,84.45,101.34,0.066,3545,2.0,4.6,162,149,149,432,446,446,282,278,278,279,53,75,321,316,338,206,207,222,252,534,535,210,240,240,418,332,320
1630311,Pat Spencer,1610612744,GSW,27.0,6,102.4,96.4,96.4,115.7,111.1,111.1,-13.3,-14.7,-14.7,0.278,5.0,50.0,0.065,0.077,0.07,10.0,10.0,0.5,0.5,0.077,0.082,97.83,102.92,85.77,102.92,0.08,56,0.3,0.7,495,522,522,447,220,220,515,528,528,47,13,2,144,498,344,342,344,383,457,563,563,521,136,136,319,548,561
1631116,Patrick Baldwin Jr.,1610612764,WAS,21.0,38,108.5,108.4,108.4,110.4,111.0,111.0,-1.9,-2.5,-2.5,0.078,1.53,13.6,0.032,0.201,0.116,8.9,8.8,0.481,0.502,0.153,0.159,104.99,104.75,87.29,104.75,0.072,1079,1.6,4.1,367,365,365,199,212,212,303,317,317,433,372,409,311,70,128,253,249,444,454,356,356,36,61,61,379,385,345
201976,Patrick Beverley,1610612749,MIL,35.0,73,110.9,110.7,110.7,110.5,112.2,112.2,0.4,-1.6,-1.6,0.205,3.26,30.5,0.033,0.125,0.079,9.4,9.3,0.497,0.539,0.141,0.146,99.1,98.44,82.04,98.44,0.086,2993,2.2,5.2,277,295,295,204,271,271,241,300,300,131,55,50,304,260,281,291,291,406,380,409,407,437,470,470,273,312,284
1630172,Patrick Williams,1610612741,CHI,22.0,43,114.1,114.3,114.3,113.9,115.5,115.5,0.1,-1.2,-1.2,0.077,1.16,12.9,0.039,0.105,0.071,11.1,11.2,0.525,0.553,0.163,0.166,98.33,97.59,81.32,97.59,0.066,2393,3.7,8.3,182,172,172,364,429,429,250,294,294,435,458,425,260,356,336,419,424,315,327,296,304,491,527,527,417,179,165
201988,Patty Mills,1610612748,MIA,35.0,32,109.7,109.8,109.8,109.8,109.5,109.5,0.0,0.3,0.3,0.108,2.13,18.4,0.02,0.066,0.041,8.6,8.6,0.443,0.467,0.152,0.157,100.13,100.26,83.55,100.26,0.045,869,1.4,4.1,325,325,325,165,146,146,259,240,240,318,215,256,432,522,535,229,226,493,496,359,362,338,325,325,507,408,344
202331,Paul George,1610612746,LAC,34.0,74,119.5,121.2,121.2,110.4,112.1,112.1,9.1,9.1,9.1,0.157,1.71,14.8,0.016,0.138,0.08,8.7,8.6,0.569,0.613,0.264,0.27,98.9,97.47,81.22,97.47,0.126,5080,7.9,16.7,34,21,21,196,261,261,54,57,57,191,323,370,472,209,267,231,225,167,113,45,47,450,533,533,80,36,38
1630194,Paul Reed,1610612755,PHI,25.0,82,114.5,116.3,116.3,111.3,112.0,112.0,3.2,4.2,4.2,0.095,1.63,15.8,0.117,0.194,0.154,9.7,9.7,0.561,0.58,0.156,0.159,98.89,97.81,81.51,97.81,0.104,3221,3.2,5.9,166,114,114,241,259,259,172,135,135,355,344,335,27,81,53,317,313,195,223,340,351,451,512,512,175,218,255
1630202,Payton Pritchard,1610612738,BOS,26.0,82,121.4,122.8,122.8,110.1,109.2,109.2,11.3,13.6,13.6,0.208,4.61,28.0,0.038,0.103,0.071,6.1,6.1,0.583,0.597,0.168,0.172,97.31,97.16,80.96,97.16,0.103,3673,3.6,7.7,18,10,10,187,136,136,35,26,26,128,20,72,269,369,340,69,69,121,166,270,284,531,548,548,178,187,182
1631250,Pete Nance,1610612739,CLE,24.0,8,63.7,61.5,61.5,112.3,103.8,103.8,-48.6,-42.2,-42.2,0.0,0.0,0.0,0.0,0.136,0.061,12.5,12.7,0.25,0.218,0.138,0.145,87.01,92.14,76.78,92.14,-0.042,52,0.1,0.8,568,568,568,289,54,54,565,562,562,553,541,553,545,212,404,490,497,551,559,423,411,569,570,570,564,558,557
1631212,Peyton Watson,1610612743,DEN,21.0,80,109.5,109.0,109.0,109.4,109.7,109.7,0.1,-0.7,-0.7,0.081,1.48,13.5,0.038,0.121,0.082,9.1,9.1,0.516,0.539,0.16,0.166,98.85,98.88,82.4,98.88,0.076,3043,2.6,5.6,337,352,352,142,158,158,251,274,274,415,382,413,268,274,250,263,266,348,379,315,309,457,429,429,352,261,261
1630173,Precious Achiuwa,1610612752,NYK,24.0,74,110.4,111.2,111.2,111.9,112.3,112.3,-1.5,-1.0,-1.0,0.088,1.17,13.9,0.111,0.182,0.145,11.9,11.9,0.529,0.545,0.158,0.161,96.94,96.4,80.33,96.4,0.095,3255,3.2,6.3,299,275,275,271,275,275,289,290,290,378,454,401,36,98,69,462,463,299,356,325,342,540,563,563,221,215,235
1629656,Quentin Grimes,1610612765,DET,24.0,51,106.9,108.1,108.1,108.7,109.1,109.1,-1.8,-0.9,-0.9,0.094,2.36,15.0,0.013,0.08,0.046,6.3,6.3,0.495,0.516,0.155,0.159,98.5,97.78,81.49,97.78,0.059,2079,2.4,6.4,410,370,370,120,132,132,297,282,282,357,182,367,502,486,513,78,79,411,428,346,350,478,515,515,455,289,232
1631245,Quenton Jackson,1610612754,IND,25.0,3,86.8,79.2,79.2,80.0,79.2,79.2,6.9,0.0,0.0,0.286,0.0,50.0,0.0,0.308,0.182,0.0,0.0,0.0,0.532,0.083,0.086,103.99,109.37,91.14,109.37,0.2,24,0.0,0.3,555,562,562,4,5,5,88,251,251,42,541,2,545,4,16,1,1,561,400,560,560,64,17,17,6,561,567
1630181,R.J. Hampton,1610612748,MIA,23.0,8,114.9,118.4,118.4,107.2,107.8,107.8,7.7,10.6,10.6,0.127,2.67,30.8,0.026,0.045,0.036,11.5,11.6,0.321,0.336,0.098,0.101,100.29,98.5,82.08,98.5,0.003,158,0.5,1.8,149,62,62,83,104,104,76,42,42,271,116,47,370,545,548,443,446,542,544,545,544,327,464,464,554,528,506
1629628,RJ Barrett,1610612761,TOR,24.0,58,113.1,113.6,113.6,116.0,116.9,116.9,-3.0,-3.3,-3.3,0.159,1.53,14.5,0.028,0.14,0.083,9.5,9.5,0.547,0.58,0.257,0.263,102.48,101.83,84.86,101.83,0.109,3889,7.5,15.2,210,202,202,462,476,476,337,337,337,185,368,380,344,198,243,301,306,244,220,51,55,154,204,204,157,48,57
1630564,RaiQuan Gray,1610612759,SAS,24.0,3,129.9,129.3,129.3,113.9,113.6,113.6,16.0,15.7,15.7,0.207,6.0,25.0,0.057,0.111,0.088,4.2,4.2,0.676,0.676,0.2,0.203,99.85,100.22,83.52,100.22,0.149,82,3.3,5.7,7,5,5,356,328,328,18,20,20,130,8,115,173,317,227,37,37,20,27,166,171,356,331,331,31,208,257
1641712,Rayan Rupert,1610612757,POR,20.0,39,103.3,104.3,104.3,114.8,114.0,114.0,-11.5,-9.8,-9.8,0.131,2.0,23.3,0.034,0.115,0.07,11.7,11.7,0.422,0.451,0.131,0.133,99.78,99.68,83.07,99.68,0.043,1317,1.4,4.1,484,468,468,411,354,354,495,465,465,258,238,143,298,304,342,451,454,508,512,454,458,361,379,379,512,414,341
203493,Reggie Bullock Jr.,1610612745,HOU,33.0,44,108.2,107.8,107.8,114.3,113.0,113.0,-6.0,-5.2,-5.2,0.047,1.5,14.0,0.014,0.157,0.084,9.3,9.3,0.579,0.582,0.091,0.095,101.25,101.98,84.99,101.98,0.061,884,0.8,1.9,379,383,383,381,303,303,391,373,373,535,377,393,498,153,238,288,287,132,213,555,553,257,192,192,447,496,497
202704,Reggie Jackson,1610612743,DEN,34.0,82,111.8,112.0,112.0,111.0,110.6,110.6,0.8,1.4,1.4,0.24,2.91,25.4,0.018,0.063,0.041,8.7,8.7,0.499,0.521,0.209,0.216,99.51,99.58,82.98,99.58,0.081,3780,4.0,9.2,250,250,250,224,195,195,229,207,207,94,92,111,450,528,532,240,242,403,419,143,140,395,389,389,303,167,142
1626158,Richaun Holmes,1610612764,WAS,30.0,40,107.8,108.1,108.1,115.1,115.8,115.8,-7.3,-7.7,-7.7,0.062,1.04,11.6,0.115,0.198,0.155,11.1,11.1,0.561,0.593,0.141,0.144,102.86,102.35,85.29,102.35,0.091,1182,2.1,3.7,389,371,371,421,444,444,418,429,429,492,477,468,29,75,49,419,422,196,179,413,417,129,163,163,241,319,375
1641741,Ricky Council IV,1610612755,PHI,22.0,32,111.9,112.5,112.5,111.4,109.8,109.8,0.5,2.7,2.7,0.08,3.2,9.8,0.046,0.115,0.078,3.0,3.0,0.536,0.604,0.208,0.215,102.66,103.1,85.92,103.1,0.111,618,1.7,3.5,248,240,240,243,161,161,239,182,182,417,60,502,227,306,283,26,26,271,139,146,142,142,129,129,138,363,388
203496,Robert Covington,1610612755,PHI,33.0,29,114.7,115.6,115.6,103.5,103.6,103.6,11.1,12.1,12.1,0.064,2.18,16.8,0.064,0.127,0.097,7.7,7.6,0.536,0.58,0.104,0.107,99.29,98.87,82.39,98.87,0.079,998,1.5,3.4,158,133,133,43,52,52,36,30,30,487,208,302,147,247,191,152,152,271,221,540,539,417,430,430,325,402,401
1629057,Robert Williams III,1610612757,POR,26.0,6,102.2,101.6,101.6,113.3,114.9,114.9,-11.1,-13.3,-13.3,0.065,0.71,12.2,0.08,0.227,0.148,17.1,16.7,0.654,0.684,0.122,0.13,101.62,101.25,84.38,101.25,0.113,252,2.8,4.3,497,495,495,333,396,396,485,513,513,485,519,443,100,40,61,554,552,31,21,490,476,218,245,245,130,239,330
201577,Robin Lopez,1610612749,MIL,36.0,16,101.8,95.8,95.8,114.0,115.9,115.9,-12.2,-20.1,-20.1,0.087,2.0,15.4,0.045,0.03,0.038,7.7,7.7,0.421,0.453,0.139,0.148,101.95,104.19,86.82,104.19,0.026,143,0.4,1.2,504,523,523,368,448,448,504,544,544,383,238,353,230,552,543,152,157,509,509,418,399,195,79,79,538,542,530
1631199,Ron Harper Jr.,1610612761,TOR,24.0,1,100.0,100.0,100.0,155.1,188.9,188.9,-55.1,-88.9,-88.9,0.333,0.0,100.0,0.0,0.0,0.0,0.0,0.0,0.0,0.0,0.0,0.0,124.67,111.78,93.15,111.78,-0.045,8,0.0,0.0,515,503,503,570,572,572,569,571,571,16,541,1,545,557,561,1,1,561,563,569,569,1,11,11,565,561,569
1626220,Royce O'Neale,1610612756,PHX,31.0,79,113.1,113.6,113.6,109.9,110.4,110.4,3.2,3.2,3.2,0.149,3.0,25.8,0.029,0.155,0.092,8.6,8.6,0.542,0.548,0.134,0.137,101.17,100.69,83.91,100.69,0.081,4093,2.7,6.8,211,200,200,172,184,184,173,161,161,206,75,108,330,155,207,226,230,253,338,436,440,263,291,291,310,248,212
203497,Rudy Gobert,1610612750,MIN,32.0,76,114.0,114.6,114.6,105.3,106.6,106.6,8.7,8.0,8.0,0.057,0.86,10.1,0.118,0.256,0.191,11.7,11.7,0.661,0.675,0.152,0.156,98.1,97.22,81.01,97.22,0.136,5248,5.3,8.1,184,162,162,59,87,87,58,71,71,516,506,496,23,16,13,453,458,28,30,358,367,506,544,544,53,101,173
1629060,Rui Hachimura,1610612747,LAL,26.0,68,115.8,116.1,116.1,112.1,113.5,113.5,3.7,2.5,2.5,0.061,1.76,9.4,0.034,0.121,0.081,5.3,5.3,0.609,0.628,0.182,0.187,102.77,102.01,85.01,102.01,0.095,3890,5.3,9.9,114,119,119,280,324,324,158,186,186,498,307,509,293,275,261,56,56,70,80,211,223,137,187,187,219,102,125
201566,Russell Westbrook,1610612746,LAC,35.0,68,116.4,116.5,116.5,111.6,112.8,112.8,4.7,3.7,3.7,0.285,2.13,25.8,0.062,0.154,0.109,12.2,12.2,0.486,0.514,0.239,0.245,102.73,102.17,85.14,102.17,0.113,3247,4.4,9.8,93,108,108,256,296,296,134,145,145,43,215,107,157,158,142,477,478,434,430,81,83,139,172,172,131,146,131
1627853,Ryan Arcidiacono,1610612752,NYK,30.0,20,88.2,82.1,82.1,84.3,80.0,80.0,3.9,2.1,2.1,0.133,2.0,33.3,0.0,0.138,0.075,16.7,16.7,0.0,0.0,0.074,0.083,94.91,100.99,84.15,100.99,0.008,95,0.0,0.3,552,555,555,7,6,6,152,198,198,250,238,33,545,206,308,549,549,561,563,564,562,557,265,265,551,561,568
1631157,Ryan Rollins,1610612749,MIL,21.0,13,118.5,118.9,118.9,83.0,83.4,83.4,35.6,35.4,35.4,0.209,1.75,25.0,0.028,0.133,0.084,14.3,14.2,0.574,0.638,0.214,0.223,108.34,107.9,89.92,107.9,0.16,175,1.1,2.1,49,57,57,5,10,10,3,4,4,126,310,115,345,221,239,529,529,150,64,130,130,10,31,31,18,455,488
1630240,Saben Lee,1610612756,PHX,25.0,24,110.0,105.6,105.6,103.2,101.5,101.5,6.7,4.1,4.1,0.248,3.75,26.8,0.051,0.103,0.079,7.1,7.3,0.382,0.492,0.186,0.193,99.24,102.11,85.09,102.11,0.101,393,0.8,2.3,313,435,435,40,44,44,90,137,137,86,38,90,202,372,279,110,126,524,469,201,202,425,179,179,189,491,475
1630180,Saddiq Bey,1610612737,ATL,25.0,63,116.8,118.6,118.6,118.3,119.1,119.1,-1.6,-0.5,-0.5,0.058,1.7,9.9,0.075,0.119,0.096,5.8,5.8,0.497,0.549,0.163,0.166,103.18,102.06,85.05,102.06,0.079,4384,4.6,11.1,76,61,61,513,523,523,291,269,269,512,325,500,120,283,193,64,64,408,336,297,306,106,184,184,329,138,106
1630573,Sam Hauser,1610612738,BOS,26.0,79,120.0,121.3,121.3,107.5,107.1,107.1,12.5,14.2,14.2,0.062,2.56,12.1,0.025,0.122,0.075,4.7,4.7,0.623,0.629,0.146,0.149,98.84,98.48,82.06,98.48,0.086,3564,3.2,7.1,30,20,20,88,92,92,28,24,24,491,133,448,376,269,313,42,42,55,79,388,395,459,466,466,269,219,205
1630241,Sam Merrill,1610612739,CLE,28.0,61,110.0,110.8,110.8,110.4,111.1,111.1,-0.5,-0.3,-0.3,0.149,5.68,20.4,0.02,0.091,0.055,3.6,3.6,0.584,0.598,0.17,0.176,98.16,97.47,81.22,97.47,0.09,2186,2.6,6.4,311,288,288,201,223,223,268,266,266,207,10,204,425,431,448,30,30,118,154,266,264,500,534,534,245,264,231
1630572,Sandro Mamukelashvili,1610612759,SAS,25.0,46,106.0,105.4,105.4,102.1,101.3,101.3,3.9,4.1,4.1,0.158,2.58,20.5,0.088,0.209,0.147,7.9,8.0,0.532,0.559,0.169,0.174,103.71,104.36,86.97,104.36,0.121,983,1.6,3.4,435,441,441,33,42,42,153,138,138,188,130,202,81,60,65,172,176,288,309,269,273,80,72,72,98,380,404
1630583,Santi Aldama,1610612763,MEM,23.0,61,104.6,106.2,106.2,113.7,114.6,114.6,-9.1,-8.3,-8.3,0.134,2.0,17.1,0.041,0.173,0.105,8.6,8.5,0.528,0.539,0.177,0.181,99.55,98.41,82.01,98.41,0.1,3318,4.0,9.3,464,420,420,346,383,383,448,440,440,249,238,294,245,115,165,219,216,303,377,232,236,388,474,474,195,161,138
1628426,Sasha Vezenkov,1610612758,SAC,28.0,42,113.4,113.9,113.9,113.7,112.6,112.6,-0.3,1.3,1.3,0.051,1.58,8.3,0.058,0.129,0.093,5.3,5.2,0.558,0.569,0.171,0.175,102.22,102.51,85.43,102.51,0.084,1086,2.0,4.5,202,190,190,344,290,290,264,212,212,530,353,529,168,239,205,54,53,209,270,260,270,175,151,151,279,326,321
1630703,Scoot Henderson,1610612757,POR,20.0,62,104.1,106.5,106.5,118.1,119.6,119.6,-14.0,-13.0,-13.0,0.3,1.58,23.4,0.027,0.083,0.054,14.8,14.8,0.44,0.489,0.26,0.263,100.95,99.15,82.62,99.15,0.067,3638,5.0,12.9,470,409,409,507,532,532,522,509,509,31,352,141,350,467,461,539,538,494,474,48,54,285,420,420,413,121,79
1630567,Scottie Barnes,1610612761,TOR,22.0,60,111.9,112.6,112.6,114.6,115.8,115.8,-2.7,-3.2,-3.2,0.253,2.2,23.1,0.064,0.167,0.115,10.5,10.4,0.528,0.566,0.24,0.247,101.98,101.17,84.31,101.17,0.132,4413,7.5,15.7,247,233,233,403,442,442,330,335,335,76,204,150,146,132,134,378,379,304,285,79,77,192,250,250,64,50,48
1630590,Scotty Pippen Jr.,1610612763,MEM,23.0,21,105.3,104.6,104.6,111.9,112.2,112.2,-6.7,-7.5,-7.5,0.31,1.75,25.7,0.039,0.088,0.063,14.7,14.7,0.567,0.596,0.227,0.232,99.85,100.04,83.37,100.04,0.106,1103,4.8,9.7,451,460,460,275,269,269,401,425,425,25,310,109,256,444,392,536,537,179,168,104,108,357,341,341,167,132,132
203552,Seth Curry,1610612766,CHA,33.0,44,110.3,110.6,110.6,107.4,107.5,107.5,2.9,3.1,3.1,0.1,2.1,15.9,0.028,0.078,0.053,7.6,7.4,0.485,0.519,0.159,0.167,100.96,100.77,83.98,100.77,0.067,1301,1.8,4.6,304,297,297,87,96,96,182,163,163,340,224,333,341,494,465,148,140,435,422,322,299,284,282,282,412,350,316
1641754,Seth Lundy,1610612737,ATL,24.0,9,110.0,102.7,102.7,116.8,114.4,114.4,-6.8,-11.7,-11.7,0.0,0.0,0.0,0.022,0.118,0.072,5.0,5.1,0.324,0.373,0.168,0.179,98.04,102.49,85.41,102.49,-0.002,111,0.4,1.9,310,484,484,481,375,375,408,497,497,553,541,553,407,287,330,48,49,541,537,273,250,509,152,152,560,540,496
1631101,Shaedon Sharpe,1610612757,POR,21.0,32,103.6,105.8,105.8,114.0,116.0,116.0,-10.3,-10.3,-10.3,0.138,1.31,14.5,0.036,0.116,0.073,11.1,11.0,0.475,0.524,0.22,0.224,101.61,99.67,83.06,99.67,0.08,2190,5.5,13.6,479,431,431,367,453,453,475,472,472,234,417,383,280,297,322,418,418,454,412,126,125,219,381,381,317,93,71
1628983,Shai Gilgeous-Alexander,1610612760,OKC,25.0,75,120.0,121.0,121.0,108.5,109.7,109.7,11.6,11.3,11.3,0.287,2.87,19.5,0.026,0.128,0.08,6.8,6.8,0.567,0.636,0.317,0.325,103.44,102.45,85.38,102.45,0.187,5447,10.6,19.8,27,23,23,108,155,155,32,35,35,41,96,224,369,242,274,98,97,176,70,7,7,93,158,158,8,4,6
1629003,Shake Milton,1610612752,NYK,27.0,48,106.3,104.6,104.6,110.1,109.4,109.4,-3.8,-4.8,-4.8,0.149,1.94,19.5,0.023,0.102,0.062,10.1,10.1,0.451,0.499,0.173,0.181,102.56,103.78,86.48,103.78,0.065,1263,1.6,4.1,429,462,462,189,143,143,348,369,369,208,265,220,400,380,402,351,354,480,463,248,240,150,91,91,427,372,347
1627885,Shaquille Harrison,1610612763,MEM,30.0,3,50.0,46.2,46.2,128.8,121.4,121.4,-78.8,-75.3,-75.3,0.0,0.0,0.0,0.0,0.4,0.167,0.0,0.0,0.5,0.5,0.154,0.167,101.36,108.6,90.5,108.6,0.159,13,0.3,0.7,570,570,570,564,550,550,571,570,570,553,541,553,545,1,36,1,1,383,457,352,302,242,21,21,19,548,561
1631321,Sidy Cissoko,1610612759,SAS,20.0,12,106.8,105.8,105.8,95.8,97.1,97.1,11.0,8.7,8.7,0.095,3.33,18.9,0.055,0.082,0.069,5.7,5.7,0.5,0.568,0.124,0.128,105.5,105.25,87.71,105.25,0.071,308,1.3,2.8,414,428,428,19,25,25,39,60,60,353,50,241,183,475,347,62,62,383,274,482,483,26,52,52,386,422,447
1631323,Simone Fontecchio,1610612765,DET,28.0,66,111.4,113.0,113.0,112.9,114.5,114.5,-1.5,-1.5,-1.5,0.084,1.49,13.6,0.037,0.107,0.071,9.1,9.1,0.582,0.6,0.159,0.163,103.93,102.49,85.41,102.49,0.077,3521,3.8,8.3,262,223,223,316,376,376,290,299,299,401,381,410,278,347,335,269,269,126,152,319,333,66,154,154,350,176,169
1630219,Skylar Mays,1610612747,LAL,26.0,38,102.2,103.7,103.7,116.6,114.2,114.2,-14.4,-10.5,-10.5,0.293,4.25,31.5,0.021,0.082,0.049,7.4,7.4,0.447,0.466,0.179,0.184,99.29,99.6,83.0,99.6,0.088,895,1.7,4.2,498,473,473,474,361,361,526,476,476,37,24,43,416,472,497,135,134,490,498,224,230,418,388,388,257,370,336
203915,Spencer Dinwiddie,1610612747,LAL,31.0,76,116.1,116.8,116.8,114.3,115.2,115.2,1.7,1.6,1.6,0.217,3.91,30.3,0.014,0.077,0.046,7.7,7.7,0.489,0.543,0.161,0.165,101.2,100.46,83.72,100.46,0.076,4503,3.3,8.4,104,96,96,388,419,419,204,205,205,114,35,51,500,496,514,160,154,426,363,305,312,259,308,308,360,209,161
1630649,Stanley Umude,1610612765,DET,25.0,24,104.0,104.1,104.1,113.9,113.8,113.8,-9.8,-9.7,-9.7,0.053,0.79,9.1,0.027,0.13,0.081,11.6,11.4,0.583,0.647,0.15,0.157,103.75,103.78,86.48,103.78,0.072,659,1.5,3.5,471,471,471,358,335,335,462,463,463,523,511,518,360,235,259,446,433,123,56,368,365,78,92,92,380,387,388
201939,Stephen Curry,1610612744,GSW,36.0,74,115.9,117.3,117.3,113.9,114.7,114.7,2.1,2.7,2.7,0.241,1.8,17.5,0.015,0.116,0.066,9.7,9.6,0.573,0.616,0.302,0.31,102.87,101.9,84.91,101.9,0.14,5163,8.8,19.5,109,85,85,355,390,390,200,181,181,93,293,283,484,301,372,316,311,152,107,12,13,126,201,201,45,21,9
1629004,Svi Mykhailiuk,1610612738,BOS,27.0,41,121.9,121.9,121.9,105.7,103.4,103.4,16.2,18.5,18.5,0.104,2.92,18.6,0.027,0.093,0.061,6.4,6.4,0.569,0.575,0.156,0.159,97.93,98.98,82.49,98.98,0.077,848,1.4,3.3,16,16,16,63,50,50,17,15,15,330,89,245,351,424,404,81,81,165,251,342,352,518,423,423,341,413,407
204456,T.J. McConnell,1610612754,IND,32.0,71,118.6,118.8,118.8,115.2,115.2,115.2,3.3,3.7,3.7,0.406,3.61,34.9,0.028,0.125,0.076,9.7,9.7,0.572,0.586,0.229,0.237,103.71,103.62,86.35,103.62,0.152,2784,4.6,8.4,48,59,59,429,414,414,168,148,148,5,43,28,339,258,304,311,312,157,201,103,101,81,102,102,27,136,164
203933,T.J. Warren,1610612750,MIN,30.0,11,114.7,114.6,114.6,97.2,97.4,97.4,17.4,17.2,17.2,0.088,2.25,16.1,0.035,0.132,0.081,7.1,7.2,0.463,0.479,0.148,0.153,104.78,104.72,87.27,104.72,0.067,274,1.6,3.7,157,166,166,21,26,26,16,16,16,379,199,328,291,227,262,110,115,468,483,376,375,40,62,62,411,374,371
201959,Taj Gibson,1610612765,DET,39.0,20,102.4,101.9,101.9,110.0,107.1,107.1,-7.7,-5.3,-5.3,0.071,2.2,20.4,0.056,0.125,0.089,9.3,9.3,0.432,0.449,0.092,0.095,99.57,101.16,84.3,101.16,0.03,428,0.8,1.9,496,492,492,183,93,93,426,374,374,455,204,205,179,257,217,280,285,500,513,553,552,387,252,252,530,498,498
1629659,Talen Horton-Tucker,1610612762,UTA,23.0,51,111.5,112.5,112.5,116.4,117.9,117.9,-4.9,-5.4,-5.4,0.265,2.72,23.5,0.02,0.094,0.057,8.6,8.6,0.46,0.503,0.234,0.241,101.63,100.57,83.81,100.57,0.089,2117,3.6,9.1,258,239,239,469,497,497,368,377,377,63,110,139,428,416,436,228,227,475,452,94,93,217,299,299,254,190,144
1631106,Tari Eason,1610612745,HOU,23.0,22,111.8,112.6,112.6,101.6,103.1,103.1,10.2,9.4,9.4,0.087,1.35,10.8,0.088,0.203,0.145,8.0,8.0,0.513,0.528,0.188,0.194,102.54,101.43,84.52,101.43,0.131,1011,4.0,8.6,249,235,235,32,48,48,45,52,52,385,407,482,79,66,68,175,175,356,406,191,197,151,232,232,65,166,157
1627752,Taurean Prince,1610612747,LAL,30.0,78,113.1,113.9,113.9,115.6,116.5,116.5,-2.5,-2.6,-2.6,0.073,1.63,15.0,0.01,0.095,0.054,9.2,9.2,0.566,0.579,0.134,0.137,103.39,102.61,85.51,102.61,0.056,4506,3.2,7.3,213,192,192,441,465,465,322,320,320,450,343,365,529,407,460,276,276,184,225,437,439,94,145,145,480,213,200
1641707,Taylor Hendricks,1610612762,UTA,20.0,40,108.5,110.2,110.2,117.9,118.2,118.2,-9.4,-8.1,-8.1,0.051,1.19,10.3,0.053,0.159,0.106,8.7,8.7,0.56,0.578,0.135,0.138,102.04,101.11,84.26,101.11,0.074,1802,2.7,6.0,368,306,306,501,507,507,455,438,438,529,449,491,191,150,159,233,234,199,236,435,438,186,254,254,369,250,248
1631386,Taze Moore,1610612757,POR,26.0,4,99.0,95.7,95.7,120.9,122.2,122.2,-22.0,-26.6,-26.6,0.208,1.67,17.9,0.075,0.108,0.089,10.7,10.8,0.447,0.453,0.209,0.218,107.04,108.3,90.25,108.3,0.073,92,2.0,4.8,521,524,524,545,553,553,548,554,554,127,334,275,118,337,219,399,399,487,509,144,135,15,26,26,371,326,308
1629611,Terance Mann,1610612746,LAC,27.0,75,116.7,116.7,116.7,114.3,114.8,114.8,2.4,1.9,1.9,0.086,2.48,17.0,0.05,0.088,0.07,6.8,6.8,0.587,0.615,0.135,0.139,97.93,97.71,81.42,97.71,0.071,3804,3.4,6.6,80,98,98,387,394,394,191,202,202,387,156,297,208,448,345,99,99,110,109,433,435,516,524,524,383,203,222
1631173,Terquavion Smith,1610612755,PHI,21.0,16,113.8,112.5,112.5,119.5,118.4,118.4,-5.7,-5.9,-5.9,0.194,1.71,17.9,0.0,0.049,0.023,10.4,10.4,0.533,0.539,0.242,0.253,111.32,112.48,93.73,112.48,0.072,200,1.1,2.9,191,238,238,532,508,508,386,385,385,143,320,272,545,543,557,376,377,287,376,71,67,6,10,10,377,452,442
1626179,Terry Rozier,1610612748,MIA,30.0,61,109.7,110.2,110.2,116.6,117.2,117.2,-6.9,-7.0,-7.0,0.268,3.23,22.5,0.017,0.11,0.062,7.0,6.9,0.518,0.555,0.253,0.26,98.87,98.41,82.0,98.41,0.117,4184,7.2,16.4,326,305,305,475,484,484,411,405,405,59,57,158,462,331,401,105,105,343,319,56,60,455,476,476,112,56,39
1630678,Terry Taylor,1610612741,CHI,24.0,31,109.9,107.1,107.1,106.6,104.4,104.4,3.4,2.7,2.7,0.068,1.43,17.2,0.089,0.099,0.094,12.1,12.0,0.538,0.558,0.108,0.113,97.83,100.15,83.46,100.15,0.061,394,0.6,1.3,315,397,397,75,61,61,165,177,177,470,393,290,76,390,200,473,472,265,312,528,527,522,334,334,444,509,527
201152,Thaddeus Young,1610612756,PHX,36.0,33,114.5,114.7,114.7,118.2,118.7,118.7,-3.7,-3.9,-3.9,0.178,3.8,30.6,0.105,0.132,0.118,8.1,8.0,0.606,0.598,0.125,0.129,99.04,98.73,82.28,98.73,0.091,902,2.0,3.3,167,158,158,508,514,514,346,353,353,158,36,49,44,225,119,179,180,76,156,479,481,443,443,443,240,334,416
203648,Thanasis Antetokounmpo,1610612749,MIL,31.0,34,103.8,99.4,99.4,113.9,112.2,112.2,-10.1,-12.8,-12.8,0.156,1.21,27.4,0.051,0.04,0.045,22.6,22.6,0.533,0.518,0.125,0.132,98.69,101.6,84.67,101.6,0.021,330,0.5,0.9,477,510,510,360,270,270,470,505,505,193,441,80,200,550,521,566,566,282,426,477,463,468,220,220,542,538,554
1630177,Theo Maledon,1610612756,PHX,23.0,17,108.7,107.8,107.8,121.7,121.6,121.6,-13.0,-13.8,-13.8,0.174,1.56,23.0,0.016,0.093,0.053,14.8,14.7,0.321,0.385,0.173,0.18,103.86,104.35,86.96,104.35,0.029,463,1.2,4.1,363,384,384,550,551,551,511,517,517,163,359,153,470,420,468,538,536,542,533,245,243,72,74,74,534,447,342
1628418,Thomas Bryant,1610612748,MIA,26.0,38,113.0,112.8,112.8,110.8,110.7,110.7,2.3,2.1,2.1,0.079,1.1,10.7,0.093,0.233,0.163,9.8,9.8,0.591,0.639,0.187,0.192,98.68,98.8,82.34,98.8,0.124,905,2.3,3.9,215,226,226,216,203,203,195,199,199,422,469,484,68,34,38,328,330,103,63,198,203,470,435,435,88,302,358
203501,Tim Hardaway Jr.,1610612742,DAL,32.0,79,114.8,115.7,115.7,114.8,115.8,115.8,0.0,-0.1,-0.1,0.094,2.01,11.1,0.01,0.106,0.058,5.5,5.5,0.51,0.542,0.22,0.226,102.91,102.05,85.04,102.05,0.083,4516,5.0,12.4,151,130,130,409,445,445,253,262,262,359,236,475,528,353,431,60,61,365,364,125,123,122,185,185,287,118,87
1641851,Timmy Allen,1610612763,MEM,24.0,5,89.9,92.6,92.6,115.9,114.4,114.4,-26.0,-21.8,-21.8,0.06,2.5,16.1,0.025,0.113,0.061,6.5,6.5,0.261,0.272,0.084,0.084,100.24,99.48,82.9,99.48,-0.002,256,1.2,4.6,548,537,537,456,374,374,553,547,547,503,143,323,381,314,406,84,84,550,555,559,561,329,396,396,561,444,318
202699,Tobias Harris,1610612755,PHI,31.0,70,115.3,117.0,117.0,111.3,112.4,112.4,4.0,4.6,4.6,0.136,2.33,16.1,0.033,0.156,0.094,6.9,6.9,0.535,0.576,0.203,0.207,100.14,98.94,82.45,98.94,0.116,4880,6.6,13.6,127,94,94,242,281,281,149,130,130,243,186,327,305,154,202,102,102,277,239,155,157,337,426,426,115,65,70
1628470,Torrey Craig,1610612741,CHI,33.0,53,110.9,111.2,111.2,118.2,118.4,118.4,-7.3,-7.3,-7.3,0.074,1.81,16.3,0.062,0.148,0.102,9.0,9.0,0.55,0.568,0.121,0.124,98.5,98.28,81.9,98.28,0.064,2136,2.0,4.7,276,276,276,509,511,511,417,411,411,446,289,317,155,179,176,256,255,236,278,497,497,477,486,486,428,320,311
1641787,Tosan Evbuomwan,1610612765,DET,23.0,17,103.3,103.6,103.6,118.7,119.2,119.2,-15.5,-15.6,-15.6,0.063,1.78,14.8,0.047,0.122,0.082,8.3,8.4,0.592,0.616,0.108,0.109,99.4,99.06,82.55,99.06,0.064,752,2.1,4.2,486,475,475,522,525,525,534,531,531,490,300,372,219,273,249,195,206,100,108,529,532,404,422,422,431,317,337
1641739,Toumani Camara,1610612757,POR,24.0,70,105.1,106.9,106.9,110.7,111.5,111.5,-5.6,-4.6,-4.6,0.072,1.04,13.3,0.073,0.119,0.095,12.9,12.9,0.516,0.547,0.134,0.136,100.53,99.35,82.79,99.35,0.065,3589,2.8,6.3,457,401,401,212,236,236,383,366,366,454,478,416,126,282,195,502,502,345,343,439,446,312,409,409,426,241,239
1629027,Trae Young,1610612737,ATL,25.0,54,116.3,116.6,116.6,118.5,119.1,119.1,-2.2,-2.5,-2.5,0.435,2.48,29.2,0.011,0.065,0.037,11.8,11.7,0.516,0.585,0.289,0.298,105.3,104.95,87.46,104.95,0.131,4241,8.0,18.7,95,104,104,517,520,520,312,316,316,3,155,59,521,525,546,456,456,344,206,22,22,30,58,58,66,33,20
1631218,Trayce Jackson-Davis,1610612744,GSW,24.0,68,114.6,114.1,114.1,112.0,113.0,113.0,2.6,1.1,1.1,0.103,1.67,15.9,0.114,0.172,0.143,9.5,9.4,0.702,0.692,0.157,0.163,101.05,100.82,84.02,100.82,0.127,2377,3.4,4.9,160,179,179,278,302,302,186,222,222,333,332,332,32,119,76,302,297,10,17,334,323,273,276,276,77,201,299
1630200,Tre Jones,1610612759,SAS,24.0,77,110.3,110.9,110.9,111.4,111.8,111.8,-1.1,-0.9,-0.9,0.298,4.12,38.4,0.026,0.104,0.065,9.3,9.3,0.558,0.591,0.149,0.152,103.13,102.72,85.6,102.72,0.109,4585,3.9,7.8,301,287,287,248,249,249,285,283,283,34,27,17,363,366,375,284,288,206,186,373,382,109,143,143,152,168,181
1630544,Tre Mann,1610612766,CHA,23.0,41,107.7,107.2,107.2,113.4,114.1,114.1,-5.7,-7.0,-7.0,0.249,2.54,29.1,0.022,0.132,0.079,11.5,11.4,0.533,0.559,0.183,0.191,97.38,97.33,81.11,97.33,0.104,2007,3.5,7.7,392,396,396,336,358,358,385,402,402,84,134,63,409,226,282,438,432,284,311,210,207,528,542,542,174,199,187
1630570,Trendon Watford,1610612751,BKN,23.0,63,108.7,109.0,109.0,113.0,112.8,112.8,-4.3,-3.8,-3.8,0.148,1.29,16.3,0.059,0.162,0.111,12.7,12.7,0.571,0.611,0.203,0.209,98.89,98.86,82.38,98.86,0.11,1761,2.6,4.9,362,354,354,321,297,297,356,348,348,210,428,313,161,144,138,497,495,162,122,154,152,452,431,431,151,260,295
1630235,Trent Forrest,1610612737,ATL,26.0,38,105.2,103.3,103.3,115.8,114.3,114.3,-10.6,-11.0,-11.0,0.311,4.6,43.8,0.026,0.107,0.064,9.5,9.5,0.389,0.426,0.122,0.127,97.18,98.72,82.27,98.72,0.073,851,0.9,2.4,453,478,478,451,369,369,479,485,485,24,21,6,373,345,383,305,308,522,520,492,487,534,444,444,374,480,473
1630243,Trevelin Queen,1610612753,ORL,27.0,14,111.0,107.8,107.8,106.2,107.6,107.6,4.8,0.2,0.2,0.165,2.57,26.5,0.021,0.101,0.065,10.3,10.3,0.408,0.462,0.137,0.143,97.61,98.34,81.95,98.34,0.059,333,1.0,2.7,273,382,382,66,101,101,132,245,245,173,131,95,415,382,379,369,366,516,503,427,418,525,483,483,459,460,449
1641998,Trey Jemison III,1610612763,MEM,24.0,25,103.6,106.5,106.5,114.3,113.8,113.8,-10.7,-7.3,-7.3,0.069,0.79,13.0,0.105,0.131,0.117,16.3,16.3,0.551,0.582,0.132,0.134,99.13,98.01,81.67,98.01,0.066,1161,3.0,5.4,480,413,413,385,338,338,481,416,416,468,509,422,43,231,124,548,548,230,216,445,456,432,502,502,416,226,272
1626168,Trey Lyles,1610612758,SAC,28.0,58,116.7,117.9,117.9,110.6,110.2,110.2,6.1,7.7,7.7,0.079,1.89,15.7,0.052,0.166,0.109,8.3,8.2,0.576,0.596,0.139,0.143,101.11,100.73,83.94,100.73,0.085,2427,2.5,5.5,85,71,71,207,175,175,105,74,74,421,275,341,196,138,148,191,190,144,172,420,419,269,287,287,275,281,265
1630530,Trey Murphy III,1610612740,NOP,24.0,57,115.4,115.2,115.2,107.8,108.2,108.2,7.6,7.0,7.0,0.104,3.65,14.8,0.025,0.139,0.083,4.1,4.0,0.579,0.612,0.182,0.188,99.5,99.46,82.89,99.46,0.11,3511,4.8,10.9,122,144,144,91,111,111,79,81,81,332,41,373,377,202,247,34,34,133,114,214,219,397,398,398,145,129,111
202684,Tristan Thompson,1610612739,CLE,33.0,49,113.0,113.3,113.3,113.7,113.8,113.8,-0.6,-0.5,-0.5,0.134,1.76,22.9,0.13,0.179,0.155,13.0,13.1,0.613,0.567,0.132,0.136,98.16,97.98,81.65,97.98,0.091,1117,1.5,2.4,217,211,211,343,339,339,276,268,268,248,308,155,15,102,50,505,508,64,281,446,448,501,504,504,242,400,467
1641774,Tristan Vukcevic,1610612764,WAS,21.0,10,109.1,109.2,109.2,99.1,98.8,98.8,9.9,10.4,10.4,0.12,1.3,13.1,0.042,0.16,0.109,10.1,10.0,0.507,0.554,0.233,0.24,105.51,105.6,88.0,105.6,0.094,336,2.9,6.7,351,348,348,26,29,29,48,43,43,286,418,419,242,149,146,352,348,371,323,96,95,25,49,49,226,233,219
1628972,Troy Brown Jr.,1610612765,DET,24.0,59,106.6,106.4,106.4,113.3,114.2,114.2,-6.7,-7.7,-7.7,0.102,2.0,18.0,0.03,0.143,0.086,9.0,9.0,0.476,0.51,0.139,0.143,101.31,100.96,84.14,100.96,0.07,1742,1.4,3.8,421,415,415,331,362,362,403,432,432,336,238,269,327,185,233,257,259,453,441,421,422,248,268,268,388,410,366
1629660,Ty Jerome,1610612739,CLE,26.0,2,107.5,106.7,106.7,152.5,143.8,143.8,-45.0,-37.1,-37.1,0.273,3.0,37.5,0.067,0.0,0.04,12.5,12.5,0.5,0.5,0.147,0.153,97.06,100.43,83.69,100.43,0.034,30,1.0,2.0,396,403,403,569,569,569,564,559,559,53,75,19,136,557,538,490,488,383,457,383,376,537,313,313,523,460,490
1631102,TyTy Washington Jr.,1610612749,MIL,22.0,11,87.0,82.4,82.4,101.0,96.7,96.7,-14.0,-14.3,-14.3,0.161,2.5,18.5,0.018,0.085,0.048,7.4,7.4,0.35,0.35,0.165,0.177,100.07,105.15,87.62,105.15,0.05,125,0.5,1.8,553,553,553,29,24,24,521,524,524,182,143,248,455,456,502,135,138,534,541,290,261,342,53,53,497,524,501
1629639,Tyler Herro,1610612748,MIA,24.0,42,111.6,112.1,112.1,109.7,111.1,111.1,2.0,1.0,1.0,0.218,2.02,17.8,0.013,0.14,0.078,8.8,8.7,0.531,0.558,0.268,0.276,99.36,98.48,82.07,98.48,0.119,2888,7.7,17.5,254,248,248,158,222,222,201,225,225,111,232,279,501,193,294,243,241,292,313,43,42,410,465,465,104,45,31
1630169,Tyrese Haliburton,1610612754,IND,24.0,69,119.9,122.4,122.4,115.0,116.2,116.2,4.9,6.2,6.2,0.444,4.73,37.0,0.016,0.102,0.06,7.8,7.7,0.57,0.605,0.239,0.245,105.07,103.42,86.19,103.42,0.157,4789,7.2,15.2,31,11,11,415,460,460,129,95,95,2,18,20,474,375,417,164,155,163,136,82,84,34,112,112,21,55,56
1630178,Tyrese Maxey,1610612755,PHI,23.0,70,116.1,118.3,118.3,111.9,113.2,113.2,4.3,5.2,5.2,0.257,3.73,20.5,0.014,0.085,0.049,5.5,5.4,0.524,0.573,0.273,0.28,100.02,98.52,82.1,98.52,0.129,5400,9.1,20.3,101,63,63,270,309,309,143,115,115,73,40,201,499,459,498,59,59,322,258,38,39,347,458,458,72,14,5
1626145,Tyus Jones,1610612764,WAS,28.0,66,109.5,110.6,110.6,120.4,122.5,122.5,-10.9,-11.9,-11.9,0.331,7.35,39.3,0.01,0.081,0.045,5.4,5.3,0.569,0.578,0.161,0.163,105.8,104.37,86.98,104.37,0.111,4204,4.9,10.1,335,296,296,541,555,555,484,499,499,18,7,12,530,481,523,57,57,168,234,311,332,20,71,71,136,122,123
1628962,Udoka Azubuike,1610612756,PHX,24.0,16,109.1,105.4,105.4,119.0,126.5,126.5,-9.8,-21.1,-21.1,0.038,0.75,8.3,0.096,0.169,0.134,11.1,11.2,0.696,0.609,0.121,0.126,103.11,101.68,84.73,101.68,0.062,240,1.0,1.4,349,440,440,525,562,562,463,545,545,545,515,529,62,123,89,419,426,13,128,495,493,110,213,213,442,460,524
1630586,Usman Garuba,1610612744,GSW,22.0,6,91.0,81.4,81.4,121.6,121.1,121.1,-30.6,-39.7,-39.7,0.125,0.5,10.0,0.136,0.211,0.171,20.0,20.2,0.167,0.218,0.18,0.2,103.0,109.32,91.1,109.32,0.032,43,0.2,1.0,544,559,559,548,545,545,555,560,560,276,532,497,13,57,31,559,562,558,559,219,179,114,18,18,526,557,542
203995,Vasilije Micic,1610612766,CHA,30.0,60,111.5,111.7,111.7,114.2,114.8,114.8,-2.7,-3.1,-3.1,0.307,2.65,34.3,0.013,0.063,0.039,13.0,13.0,0.488,0.524,0.189,0.193,98.14,97.78,81.48,97.78,0.078,2395,2.7,6.2,259,258,258,379,393,393,328,332,332,27,120,31,507,529,541,503,503,429,415,187,200,505,516,516,333,255,241
1641705,Victor Wembanyama,1610612759,SAS,20.0,71,107.9,107.9,107.9,111.4,111.2,111.2,-3.5,-3.2,-3.2,0.213,1.05,14.6,0.074,0.273,0.174,13.9,13.8,0.519,0.565,0.312,0.322,103.31,103.4,86.16,103.4,0.162,4539,7.8,16.7,386,376,376,246,226,226,345,336,336,118,472,376,121,11,29,519,518,339,289,10,9,100,113,113,17,42,37
1631246,Vince Williams Jr.,1610612763,MEM,23.0,52,106.3,108.4,108.4,110.5,111.4,111.4,-4.2,-3.0,-3.0,0.177,1.9,25.0,0.039,0.163,0.099,13.1,13.1,0.55,0.597,0.155,0.158,100.49,99.07,82.56,99.07,0.096,2964,3.3,7.3,430,364,364,202,234,234,352,329,329,159,272,115,261,141,185,508,509,235,159,347,358,315,421,421,213,211,201
1630249,Vít Krejčí,1610612737,ATL,24.0,22,115.7,117.4,117.4,117.9,117.7,117.7,-2.2,-0.3,-0.3,0.114,2.5,28.4,0.02,0.084,0.049,11.4,11.3,0.625,0.633,0.098,0.101,98.39,97.72,81.43,97.72,0.05,1104,2.3,4.7,117,82,82,500,493,493,313,267,267,302,143,68,434,464,493,428,429,52,71,546,546,485,523,523,496,296,312
1631117,Walker Kessler,1610612762,UTA,22.0,64,110.5,111.4,111.4,116.0,116.0,116.0,-5.4,-4.5,-4.5,0.058,0.91,11.6,0.109,0.199,0.155,12.8,12.8,0.66,0.663,0.127,0.13,101.18,100.78,83.99,100.78,0.109,3132,3.6,5.5,296,268,268,459,449,449,382,363,363,511,498,463,39,74,48,500,500,29,42,472,478,262,279,279,155,194,270
1628976,Wendell Carter Jr.,1610612753,ORL,25.0,55,110.6,110.8,110.8,108.1,109.6,109.6,2.5,1.1,1.1,0.1,1.4,14.7,0.083,0.207,0.144,10.5,10.5,0.6,0.623,0.172,0.175,98.2,97.46,81.22,97.46,0.113,2864,4.1,7.7,292,290,290,96,151,151,190,220,220,341,400,375,93,61,74,379,382,82,95,256,269,498,535,535,128,158,184
1631111,Wendell Moore Jr.,1610612750,MIN,22.0,25,105.3,101.7,101.7,111.4,106.2,106.2,-6.1,-4.5,-4.5,0.094,1.5,21.4,0.0,0.16,0.075,14.3,14.3,0.5,0.5,0.106,0.114,109.68,114.36,95.3,114.36,0.069,180,0.4,0.7,450,494,494,250,83,83,394,361,361,360,377,173,545,147,308,529,530,383,457,532,525,7,6,6,393,545,560
1629117,Wenyen Gabriel,1610612738,BOS,27.0,5,84.6,89.0,89.0,95.5,96.4,96.4,-10.8,-7.4,-7.4,0.071,0.38,8.6,0.072,0.22,0.14,22.9,22.7,0.386,0.351,0.166,0.167,101.36,98.35,81.96,98.35,0.03,164,1.6,4.4,560,547,547,17,21,21,483,422,422,455,540,525,127,47,81,567,567,523,540,287,298,243,481,481,531,377,328
202083,Wesley Matthews,1610612737,ATL,37.0,36,108.4,109.3,109.3,114.6,114.9,114.9,-6.2,-5.6,-5.6,0.078,2.88,16.5,0.02,0.106,0.061,5.8,5.8,0.474,0.511,0.118,0.121,101.9,101.38,84.48,101.38,0.048,863,0.9,2.7,369,347,347,401,398,398,395,379,379,432,95,310,431,349,411,63,63,456,436,506,505,198,237,237,499,474,451
1629875,Xavier Moon,1610612746,LAC,29.0,14,95.0,93.4,93.4,108.9,107.4,107.4,-13.9,-14.0,-14.0,0.25,4.2,28.8,0.057,0.079,0.067,6.8,6.9,0.348,0.352,0.174,0.178,102.04,103.65,86.37,103.65,0.057,257,1.1,3.3,534,534,534,127,95,95,519,519,519,79,25,66,174,487,361,100,101,535,539,243,253,187,100,100,473,457,413
1630214,Xavier Tillman,1610612738,BOS,25.0,54,107.0,106.6,106.6,108.7,109.4,109.4,-1.7,-2.9,-2.9,0.116,2.26,18.6,0.066,0.149,0.105,8.2,8.3,0.47,0.472,0.146,0.15,99.45,99.29,82.75,99.29,0.078,2015,2.2,5.2,409,408,408,119,144,144,295,325,325,297,198,244,139,173,161,188,191,461,491,390,387,400,414,414,335,306,285
1629139,Yuta Watanabe,1610612763,MEM,29.0,34,106.8,107.4,107.4,115.2,114.7,114.7,-8.5,-7.3,-7.3,0.045,0.79,9.5,0.023,0.088,0.056,12.0,12.1,0.461,0.474,0.129,0.133,100.06,99.95,83.3,99.95,0.03,969,1.2,3.4,417,394,394,427,391,391,443,414,414,539,510,508,395,449,439,471,473,473,488,459,461,344,352,352,532,442,399
1628380,Zach Collins,1610612759,SAS,26.0,69,103.9,105.0,105.0,115.5,116.3,116.3,-11.6,-11.4,-11.4,0.196,1.47,19.2,0.073,0.162,0.117,13.0,13.0,0.531,0.565,0.224,0.227,103.38,102.48,85.4,102.48,0.095,3247,4.3,8.9,476,452,452,436,463,463,497,492,492,142,385,234,124,145,125,507,506,291,292,113,120,95,156,156,222,150,147
203897,Zach LaVine,1610612741,CHI,29.0,25,109.0,109.9,109.9,113.8,115.3,115.3,-4.8,-5.4,-5.4,0.172,1.88,17.3,0.009,0.134,0.072,9.2,9.1,0.531,0.578,0.238,0.244,98.94,97.91,81.6,97.91,0.11,1780,6.8,15.0,354,320,320,352,421,421,364,376,376,164,277,289,534,217,328,272,267,293,232,86,87,449,507,507,148,63,58
1630285,Zavier Simpson,1610612765,DET,27.0,7,95.8,98.2,98.2,107.3,106.8,106.8,-11.5,-8.6,-8.6,0.231,2.5,27.5,0.02,0.102,0.055,11.0,11.0,0.361,0.377,0.161,0.163,101.27,100.23,83.53,100.23,0.057,337,2.4,7.7,531,517,517,84,91,91,493,447,447,97,143,79,432,379,447,411,415,532,535,304,329,254,330,330,474,284,186
1630192,Zeke Nnaji,1610612743,DEN,23.0,58,102.6,102.9,102.9,115.7,114.8,114.8,-13.1,-11.9,-11.9,0.08,1.19,13.6,0.099,0.103,0.101,11.4,11.5,0.483,0.528,0.15,0.155,99.02,99.31,82.76,99.31,0.063,1180,1.2,2.6,493,483,483,448,392,392,512,498,498,420,449,411,55,371,182,437,442,439,407,364,369,444,412,412,437,445,457
1630533,Ziaire Williams,1610612763,MEM,22.0,51,101.1,102.5,102.5,112.6,112.4,112.4,-11.6,-9.9,-9.9,0.118,1.14,13.6,0.031,0.138,0.082,12.0,12.0,0.474,0.511,0.192,0.197,101.02,100.4,83.67,100.4,0.074,2156,2.9,7.4,510,487,487,304,284,284,496,469,469,289,465,407,320,207,251,469,467,458,437,179,183,276,318,318,366,229,198
1629627,Zion Williamson,1610612740,NOP,23.0,70,114.4,114.5,114.5,111.4,111.6,111.6,3.0,2.9,2.9,0.256,1.82,19.1,0.055,0.127,0.091,10.5,10.4,0.573,0.61,0.285,0.293,101.47,101.34,84.45,101.34,0.145,4663,8.9,15.6,169,168,168,247,244,244,177,170,170,74,286,235,181,248,209,377,376,153,123,28,27,233,239,239,38,19,49
