PLAYER_ID,PLAYER_NAME,TEAM_ID,TEAM_ABBREVIATION,AGE,GP,E_OFF_RATING,OFF_RATING,sp_work_OFF_RATING,E_DEF_RATING,DEF_RATING,sp_work_DEF_RATING,E_NET_RATING,NET_RATING,sp_work_NET_RATING,AST_PCT,AST_TO,AST_RATIO,OREB_PCT,DREB_PCT,REB_PCT,TM_TOV_PCT,E_TOV_PCT,EFG_PCT,TS_PCT,USG_PCT,E_USG_PCT,E_PACE,PACE,PACE_PER40,sp_work_PACE,PIE,POSS,FGM_PG,FGA_PG,E_OFF_RATING_RANK,OFF_RATING_RANK,sp_work_OFF_RATING_RANK,E_DEF_RATING_RANK,DEF_RATING_RANK,sp_work_DEF_RATING_RANK,E_NET_RATING_RANK,NET_RATING_RANK,sp_work_NET_RATING_RANK,AST_PCT_RANK,AST_TO_RANK,AST_RATIO_RANK,OREB_PCT_RANK,DREB_PCT_RANK,REB_PCT_RANK,TM_TOV_PCT_RANK,E_TOV_PCT_RANK,EFG_PCT_RANK,TS_PCT_RANK,USG_PCT_RANK,E_USG_PCT_RANK,E_PACE_RANK,PACE_RANK,sp_work_PACE_RANK,PIE_RANK,FGM_PG_RANK,FGA_PG_RANK
201985,AJ Price,1610612754,IND,23.0,56,102.0,103.2,103.2,100.6,99.3,99.3,1.4,3.9,3.9,0.198,1.8,19.4,0.013,0.085,0.049,10.8,10.7,0.494,0.53,0.219,0.225,100.51,100.54,83.78,100.54,0.103,1802,2.6,6.3,280,250,250,67,34,34,150,100,100,89,129,125,383,347,363,203,199,224,220,93,91,29,41,41,124,239,222
201166,Aaron Brooks,1610612745,HOU,25.0,82,104.8,106.6,106.6,105.6,106.4,106.4,-0.7,0.2,0.2,0.253,1.87,20.5,0.018,0.057,0.037,11.0,10.9,0.511,0.549,0.254,0.258,96.77,95.6,79.67,95.6,0.103,5796,7.0,16.2,178,140,140,238,278,278,201,182,182,47,113,110,338,422,412,219,210,157,148,33,32,116,174,174,122,27,15
201189,Aaron Gray,1610612740,NOH,25.0,32,102.8,100.8,100.8,104.4,104.0,104.0,-1.6,-3.1,-3.1,0.109,1.22,16.3,0.149,0.205,0.176,13.3,13.4,0.512,0.551,0.16,0.164,92.89,94.02,78.35,94.02,0.101,612,1.3,2.6,251,306,306,196,178,178,234,277,277,190,230,158,4,42,12,338,340,148,140,301,296,356,289,289,132,347,366
201151,Acie Law,1610612741,CHI,25.0,26,115.3,112.8,112.8,108.6,107.5,107.5,6.7,5.3,5.3,0.17,1.53,18.6,0.014,0.061,0.038,12.1,12.2,0.5,0.585,0.214,0.221,96.72,98.28,81.9,98.28,0.097,476,1.3,2.9,6,18,18,347,312,312,53,72,72,104,174,135,379,416,410,300,301,191,59,105,98,120,85,85,153,343,353
200747,Adam Morrison,1610612747,LAL,25.0,31,98.6,98.1,98.1,107.4,106.5,106.5,-8.8,-8.3,-8.3,0.121,1.8,15.4,0.039,0.094,0.065,8.5,8.6,0.406,0.418,0.178,0.183,94.99,95.63,79.69,95.63,0.047,481,1.0,2.7,371,362,362,309,282,282,378,378,378,165,127,175,220,300,275,83,86,392,411,229,227,224,170,170,383,373,361
1733,Al Harrington,1610612752,NYK,30.0,72,104.7,104.9,104.9,109.6,109.9,109.9,-4.8,-5.0,-5.0,0.088,0.83,7.8,0.04,0.153,0.095,9.4,9.4,0.503,0.546,0.262,0.267,96.43,96.18,80.15,96.18,0.104,4397,6.2,14.3,181,184,184,378,386,386,316,325,325,245,322,360,214,137,174,128,128,178,160,25,22,133,155,155,117,45,32
201143,Al Horford,1610612737,ATL,24.0,81,111.3,113.1,113.1,103.1,104.5,104.5,8.2,8.6,8.6,0.102,1.55,14.8,0.088,0.207,0.148,9.6,9.6,0.552,0.594,0.177,0.179,91.46,90.18,75.15,90.18,0.132,5344,5.8,10.5,23,15,15,154,199,199,27,21,21,205,170,187,76,39,45,141,142,58,49,233,244,404,425,425,38,64,102
2744,Al Jefferson,1610612750,MIN,25.0,76,99.0,99.6,99.6,110.0,110.0,110.0,-11.0,-10.4,-10.4,0.099,1.01,9.1,0.072,0.224,0.145,9.0,9.0,0.498,0.524,0.242,0.247,97.34,97.07,80.89,97.07,0.131,4981,7.4,14.8,360,343,343,392,387,387,403,398,398,209,270,329,126,23,48,105,108,211,252,49,51,94,126,126,40,24,29
201154,Al Thornton,1610612764,WAS,26.0,75,99.1,100.3,100.3,106.7,107.8,107.8,-7.5,-7.5,-7.5,0.072,0.88,9.4,0.057,0.092,0.074,10.6,10.6,0.482,0.523,0.189,0.192,93.08,92.04,76.7,92.04,0.069,3984,4.3,9.0,356,320,320,283,321,321,355,363,363,296,310,318,166,312,240,194,192,267,253,186,194,346,384,384,306,122,126
201169,Alando Tucker,1610612750,MIN,26.0,15,106.6,100.5,100.5,125.5,127.2,127.2,-18.9,-26.7,-26.7,0.077,0.8,6.9,0.058,0.039,0.049,8.6,8.7,0.449,0.529,0.229,0.243,97.8,100.04,83.37,100.04,0.068,203,1.1,2.6,124,315,315,438,441,441,429,437,437,274,324,380,162,431,365,87,95,342,227,75,59,83,48,48,314,360,363
201582,Alexis Ajinca,1610612766,CHA,22.0,6,97.1,94.6,94.6,85.5,81.7,81.7,11.5,13.0,13.0,0.0,0.0,0.0,0.033,0.103,0.068,16.7,16.1,0.5,0.479,0.179,0.193,90.97,94.32,78.6,94.32,0.033,56,0.8,1.7,386,397,397,6,5,5,11,6,6,430,427,430,242,266,267,391,387,191,362,225,192,414,262,262,409,395,405
947,Allen Iverson,1610612755,PHI,35.0,28,101.3,101.9,101.9,104.3,105.2,105.2,-3.0,-3.3,-3.3,0.209,1.77,20.5,0.019,0.075,0.047,11.6,11.6,0.445,0.515,0.225,0.227,94.64,93.96,78.3,93.96,0.092,1699,4.9,11.3,300,281,281,191,228,228,274,284,284,84,138,111,330,384,373,258,261,350,280,81,84,252,292,292,186,99,81
202087,Alonzo Gee,1610612764,WAS,23.0,11,100.4,100.6,100.6,101.8,101.7,101.7,-1.4,-1.2,-1.2,0.071,0.7,7.8,0.079,0.115,0.095,11.1,11.3,0.534,0.564,0.204,0.205,91.32,91.28,76.07,91.28,0.106,345,2.5,5.4,326,313,313,106,98,98,224,220,220,298,349,361,107,225,169,227,235,95,105,136,145,408,400,400,106,244,256
2405,Amar'e Stoudemire,1610612756,PHX,27.0,82,113.5,114.8,114.8,108.1,109.4,109.4,5.4,5.4,5.4,0.047,0.38,4.5,0.088,0.166,0.13,11.6,11.6,0.557,0.615,0.27,0.273,97.83,96.67,80.56,96.67,0.137,5722,8.6,15.4,10,9,9,332,379,379,76,70,70,380,399,413,78,108,89,260,259,50,25,16,18,82,138,138,33,9,23
101161,Amir Johnson,1610612761,TOR,23.0,82,107.8,107.1,107.1,104.8,104.3,104.3,3.0,2.8,2.8,0.05,0.76,9.4,0.111,0.16,0.136,12.4,12.3,0.623,0.639,0.141,0.145,94.87,95.43,79.52,95.43,0.095,2874,2.5,4.1,95,127,127,211,194,194,114,118,118,367,337,316,30,123,72,306,305,8,11,352,352,232,188,188,165,247,297
2760,Anderson Varejao,1610612739,CLE,27.0,76,111.6,113.0,113.0,99.0,99.9,99.9,12.6,13.1,13.1,0.062,1.3,12.5,0.097,0.182,0.142,9.6,9.6,0.573,0.598,0.13,0.132,92.17,91.2,76.0,91.2,0.11,4102,3.5,6.1,17,16,16,36,46,46,7,5,5,329,216,235,56,75,54,146,144,34,46,379,380,383,402,402,93,166,229
101154,Andray Blatche,1610612764,WAS,23.0,81,100.0,101.0,101.0,106.7,107.4,107.4,-6.7,-6.4,-6.4,0.138,0.93,11.7,0.071,0.167,0.118,12.6,12.5,0.485,0.519,0.254,0.258,94.26,93.45,77.87,93.45,0.12,4391,5.9,12.3,339,304,304,286,310,310,342,346,346,135,296,255,127,105,116,312,309,256,263,32,31,282,317,317,65,59,63
2738,Andre Iguodala,1610612755,PHI,26.0,82,103.1,104.1,104.1,107.4,108.2,108.2,-4.3,-4.1,-4.1,0.238,2.17,23.7,0.027,0.151,0.088,11.0,10.9,0.485,0.535,0.215,0.218,93.74,92.95,77.46,92.95,0.128,6181,6.0,13.7,239,220,220,308,335,335,304,303,303,61,80,73,280,139,188,215,211,259,195,101,105,308,340,340,45,51,46
1889,Andre Miller,1610612757,POR,34.0,82,109.9,110.5,110.5,102.9,104.0,104.0,7.0,6.5,6.5,0.296,2.57,26.3,0.036,0.081,0.059,10.2,10.2,0.454,0.53,0.235,0.24,89.54,88.81,74.01,88.81,0.124,4624,4.9,11.1,49,45,45,143,180,180,49,49,49,26,36,52,230,363,302,175,175,338,217,62,64,432,436,436,59,93,88
200745,Andrea Bargnani,1610612761,TOR,24.0,80,109.0,110.3,110.3,112.9,114.0,114.0,-3.9,-3.7,-3.7,0.053,0.78,6.4,0.04,0.145,0.093,8.2,8.2,0.523,0.552,0.221,0.223,95.18,94.16,78.47,94.16,0.094,5515,6.7,14.3,64,48,48,420,430,430,298,294,294,358,331,387,215,153,178,67,67,120,136,89,95,208,276,276,171,34,33
1905,Andrei Kirilenko,1610612762,UTA,29.0,58,106.5,107.3,107.3,99.8,100.5,100.5,6.7,6.8,6.8,0.143,2.0,19.1,0.049,0.112,0.082,9.6,9.6,0.533,0.588,0.175,0.177,96.3,95.58,79.65,95.58,0.124,3352,4.2,8.3,129,123,123,46,62,62,52,43,43,124,93,128,187,239,211,138,145,98,55,240,255,141,175,175,58,124,150
2804,Andres Nocioni,1610612758,SAC,30.0,75,103.8,104.4,104.4,109.9,110.1,110.1,-6.1,-5.7,-5.7,0.077,1.12,9.7,0.021,0.131,0.074,8.7,8.7,0.48,0.504,0.203,0.206,97.44,97.07,80.89,97.07,0.067,2995,3.1,7.8,216,211,211,388,391,391,338,331,331,272,250,309,315,188,237,88,88,268,309,139,142,92,125,125,315,197,164
101106,Andrew Bogut,1610612749,MIL,25.0,69,103.1,104.8,104.8,98.2,99.0,99.0,4.9,5.8,5.8,0.101,0.97,10.0,0.092,0.235,0.161,10.3,10.3,0.52,0.54,0.232,0.234,93.68,92.54,77.12,92.54,0.149,4287,6.9,13.2,244,193,193,22,32,32,88,64,64,207,287,294,67,16,25,181,181,129,177,73,75,312,360,360,19,31,53
101115,Andrew Bynum,1610612747,LAL,22.0,65,107.1,108.9,108.9,101.2,101.6,101.6,6.0,7.4,7.4,0.055,0.59,6.9,0.092,0.184,0.139,11.7,11.7,0.57,0.608,0.206,0.208,95.21,94.24,78.54,94.24,0.13,3877,6.0,10.6,114,78,78,86,90,90,68,36,36,351,369,379,68,72,63,264,264,37,32,131,137,207,268,268,44,52,99
2740,Andris Biedrins,1610612744,GSW,24.0,33,100.5,100.2,100.2,108.5,108.1,108.1,-8.0,-8.0,-8.0,0.105,1.78,24.1,0.081,0.255,0.167,13.5,13.5,0.591,0.561,0.1,0.102,100.94,101.23,84.36,101.23,0.095,1610,2.5,4.2,325,327,327,345,333,333,363,369,369,196,134,70,100,8,17,345,343,21,117,421,426,26,34,34,166,255,293
1712,Antawn Jamison,1610612739,CLE,34.0,66,106.5,107.7,107.7,105.8,106.9,106.9,0.7,0.7,0.7,0.058,0.92,6.3,0.058,0.18,0.119,6.8,6.8,0.502,0.529,0.234,0.237,94.9,93.9,78.25,93.9,0.112,4718,7.2,15.7,125,112,112,252,299,299,169,162,162,338,301,388,165,79,111,26,26,181,226,65,72,230,298,298,87,25,20
1853,Anthony Carter,1610612743,DEN,35.0,54,103.6,104.0,104.0,105.3,105.5,105.5,-1.7,-1.5,-1.5,0.264,2.76,39.5,0.021,0.086,0.054,14.3,14.3,0.467,0.482,0.125,0.127,97.25,96.92,80.76,96.92,0.079,1731,1.4,3.4,223,222,222,225,241,241,239,232,232,41,24,5,316,338,331,368,368,307,356,389,390,99,131,131,262,337,328
1533,Anthony Johnson,1610612753,ORL,35.0,31,110.0,107.6,107.6,102.4,104.9,104.9,7.6,2.7,2.7,0.249,2.42,30.1,0.021,0.098,0.061,12.4,12.5,0.5,0.543,0.16,0.166,94.89,94.81,79.01,94.81,0.093,805,1.6,3.6,47,115,115,125,218,218,35,121,121,51,55,28,312,281,287,308,307,191,166,303,290,231,225,225,179,320,314
201627,Anthony Morrow,1610612744,GSW,24.0,69,106.4,107.6,107.6,109.3,109.0,109.0,-2.8,-1.4,-1.4,0.075,1.24,11.2,0.03,0.1,0.064,9.0,8.9,0.568,0.597,0.173,0.177,102.19,101.75,84.79,101.75,0.087,4277,4.8,10.2,132,114,114,368,363,363,267,230,230,285,226,261,259,272,280,107,103,39,48,250,253,20,29,29,210,104,107
1515,Anthony Parker,1610612739,CLE,35.0,81,110.3,111.0,111.0,101.4,102.6,102.6,8.9,8.4,8.4,0.095,2.21,21.2,0.015,0.088,0.053,9.6,9.5,0.547,0.576,0.117,0.119,94.25,93.38,77.81,93.38,0.065,4468,2.5,5.9,37,35,35,93,125,125,20,22,22,222,76,100,369,329,338,140,140,65,76,401,401,283,320,320,330,246,243
201576,Anthony Randolph,1610612744,GSW,20.0,33,103.9,105.1,105.1,109.8,109.4,109.4,-6.0,-4.3,-4.3,0.089,0.86,9.1,0.096,0.193,0.144,10.6,10.7,0.445,0.521,0.233,0.235,103.4,103.01,85.84,103.01,0.113,1605,4.2,9.4,209,178,178,386,375,375,336,309,309,242,313,325,60,56,51,195,195,349,258,69,74,11,17,17,81,129,122
201229,Anthony Tolliver,1610612744,GSW,25.0,46,108.8,109.5,109.5,109.2,109.3,109.3,-0.3,0.2,0.2,0.084,1.89,13.5,0.057,0.165,0.111,7.2,7.2,0.486,0.531,0.166,0.167,101.98,101.59,84.66,101.59,0.087,3015,4.2,9.8,71,60,60,363,373,373,190,184,184,256,109,213,167,109,135,38,39,253,211,277,284,22,30,30,213,125,112
101120,Antoine Wright,1610612761,TOR,26.0,67,109.3,108.8,108.8,107.8,108.1,108.1,1.6,0.7,0.7,0.075,1.22,12.6,0.029,0.112,0.072,10.3,10.3,0.479,0.502,0.157,0.161,95.61,95.69,79.74,95.69,0.053,2766,2.4,6.0,58,80,80,319,332,332,144,161,161,288,229,232,260,237,250,180,183,275,312,309,315,179,168,168,367,262,238
202079,Antonio Anderson,1610612760,OKC,25.0,1,90.7,93.9,93.9,98.1,100.0,100.0,-7.3,-6.1,-6.1,0.0,0.0,0.0,0.0,0.0,0.0,25.0,25.0,0.333,0.333,0.1,0.1,111.32,108.37,90.31,108.37,-0.03,33,1.0,3.0,431,407,407,21,48,48,351,340,340,430,427,430,430,434,429,437,436,429,434,422,429,2,6,6,439,374,342
686,Antonio McDyess,1610612759,SAS,35.0,77,106.5,106.9,106.9,99.9,100.4,100.4,6.6,6.5,6.5,0.076,1.05,13.5,0.097,0.191,0.145,12.9,12.8,0.479,0.492,0.148,0.151,92.82,92.45,77.04,92.45,0.092,3121,2.7,5.6,126,134,134,51,57,57,55,48,48,280,263,214,59,58,49,321,320,274,337,337,337,363,369,369,185,233,250
201167,Arron Afflalo,1610612743,DEN,24.0,82,108.0,109.0,109.0,104.1,104.8,104.8,3.9,4.2,4.2,0.093,1.86,16.5,0.027,0.087,0.057,8.9,8.8,0.557,0.576,0.139,0.141,97.29,96.5,80.41,96.5,0.065,4462,3.3,7.1,90,72,72,183,215,215,102,98,98,227,115,154,274,336,312,99,99,51,73,363,365,96,147,147,331,182,189
201948,Austin Daye,1610612765,DET,22.0,69,100.9,101.9,101.9,109.4,108.5,108.5,-8.5,-6.7,-6.7,0.063,0.71,8.5,0.036,0.178,0.1,12.0,12.0,0.514,0.546,0.176,0.181,93.05,92.99,77.49,92.99,0.086,1774,2.0,4.3,312,282,282,375,347,347,373,355,355,326,346,348,228,82,156,287,289,147,157,235,236,350,338,338,221,285,288
1884,Baron Davis,1610612746,LAC,31.0,75,102.6,103.7,103.7,106.4,107.6,107.6,-3.7,-3.9,-3.9,0.385,2.83,30.7,0.021,0.086,0.054,10.8,10.8,0.446,0.501,0.237,0.24,96.03,95.0,79.17,95.0,0.116,4995,5.5,13.5,261,236,236,273,315,315,292,301,301,7,22,24,314,340,335,205,204,347,318,59,65,155,213,213,76,75,47
2732,Ben Gordon,1610612765,DET,27.0,62,103.4,104.7,104.7,111.0,110.9,110.9,-7.6,-6.2,-6.2,0.167,1.41,15.4,0.015,0.062,0.037,11.0,10.9,0.47,0.534,0.241,0.246,91.54,90.97,75.81,90.97,0.086,3283,4.7,11.3,229,198,198,402,404,404,356,345,345,105,195,174,358,414,413,218,209,300,200,51,54,402,408,408,225,107,82
1112,Ben Wallace,1610612765,DET,35.0,69,102.9,104.5,104.5,105.0,105.7,105.7,-2.1,-1.3,-1.3,0.081,1.64,19.7,0.124,0.203,0.161,12.0,12.0,0.541,0.526,0.099,0.1,89.8,88.83,74.02,88.83,0.107,3656,2.3,4.2,250,207,207,215,253,253,248,224,224,264,155,119,12,44,24,288,293,77,244,425,428,430,435,435,103,272,290
2757,Beno Udrih,1610612758,SAC,27.0,79,102.8,103.9,103.9,107.8,108.3,108.3,-5.1,-4.4,-4.4,0.239,2.74,26.5,0.015,0.076,0.045,9.7,9.6,0.538,0.566,0.181,0.185,96.07,95.35,79.46,95.35,0.112,4937,5.3,10.6,254,229,229,327,337,337,321,312,312,60,26,51,361,378,386,150,148,84,102,210,216,151,192,192,86,86,94
201628,Bobby Brown,1610612746,LAC,25.0,45,99.4,98.8,98.8,108.1,107.8,107.8,-8.7,-8.9,-8.9,0.289,1.91,23.3,0.017,0.058,0.037,12.2,12.2,0.426,0.441,0.248,0.256,93.83,94.23,78.52,94.23,0.067,1020,2.0,5.3,353,353,353,333,318,318,376,385,385,28,107,78,352,420,414,302,302,378,399,39,35,301,269,269,319,290,261
2250,Bobby Simmons,1610612751,NJN,30.0,23,91.9,92.1,92.1,99.6,98.4,98.4,-7.8,-6.4,-6.4,0.065,0.79,9.4,0.026,0.14,0.079,11.9,11.9,0.444,0.485,0.162,0.165,94.1,94.56,78.8,94.56,0.056,781,1.8,5.1,425,422,422,43,30,30,359,347,347,320,328,318,286,163,219,281,283,351,354,290,292,293,245,245,361,299,267
2564,Boris Diaw,1610612766,CHA,28.0,82,103.1,104.7,104.7,100.8,101.7,101.7,2.4,3.0,3.0,0.185,1.83,24.3,0.049,0.105,0.078,13.3,13.3,0.525,0.552,0.161,0.163,92.8,91.69,76.41,91.69,0.093,5548,4.5,9.4,240,199,199,76,97,97,128,114,114,95,124,69,186,260,226,337,336,110,137,294,300,365,392,392,177,111,121
1802,Brad Miller,1610612741,CHI,34.0,82,100.7,101.4,101.4,102.4,102.7,102.7,-1.7,-1.3,-1.3,0.122,1.44,16.6,0.043,0.162,0.103,11.5,11.4,0.462,0.53,0.175,0.18,96.09,95.61,79.67,95.61,0.096,3898,3.0,7.1,316,294,294,124,127,127,238,223,223,164,189,153,207,118,151,251,245,320,215,238,237,149,173,173,160,205,191
101138,Brandon Bass,1610612753,ORL,25.0,50,108.9,107.7,107.7,103.0,104.2,104.2,5.9,3.5,3.5,0.048,0.61,6.1,0.086,0.113,0.1,10.0,10.0,0.511,0.556,0.199,0.206,94.43,94.4,78.67,94.4,0.097,1274,2.4,4.7,68,110,110,151,190,190,70,106,106,376,362,390,85,232,158,168,167,156,123,152,143,271,257,257,155,265,277
201943,Brandon Jennings,1610612749,MIL,20.0,82,102.6,103.9,103.9,100.8,101.5,101.5,1.8,2.5,2.5,0.298,2.35,23.5,0.018,0.095,0.054,10.0,10.0,0.431,0.475,0.256,0.26,93.7,92.8,77.33,92.8,0.105,5159,5.5,14.8,263,228,228,78,85,85,139,128,128,24,60,75,348,291,334,167,165,372,368,30,30,309,346,346,116,74,28
200750,Brandon Roy,1610612757,POR,25.0,65,110.5,111.7,111.7,104.5,106.5,106.5,6.0,5.2,5.2,0.228,2.36,18.3,0.033,0.094,0.064,7.8,7.7,0.508,0.568,0.263,0.266,90.07,88.71,73.93,88.71,0.143,4476,7.6,16.0,32,27,27,197,283,283,67,74,74,71,59,138,251,295,282,53,53,165,99,23,25,427,437,437,28,19,18
201575,Brandon Rush,1610612754,IND,24.0,82,100.6,101.2,101.2,104.3,104.3,104.3,-3.7,-3.1,-3.1,0.07,1.2,11.8,0.016,0.119,0.067,9.8,9.8,0.511,0.522,0.147,0.149,98.5,98.18,81.82,98.18,0.07,5075,3.6,8.6,317,300,300,190,195,195,289,276,276,305,234,251,357,217,269,160,162,150,255,340,344,66,90,90,300,158,142
2217,Brendan Haywood,1610612742,DAL,30.0,77,104.3,105.2,105.2,103.1,104.2,104.2,1.2,1.0,1.0,0.028,0.43,5.8,0.121,0.186,0.154,13.4,13.4,0.562,0.588,0.132,0.135,94.27,93.31,77.76,93.31,0.102,4578,3.6,6.4,196,170,170,153,191,191,154,153,153,410,396,398,15,67,31,340,339,43,56,375,377,280,324,324,128,161,220
2073,Brian Cardinal,1610612750,MIN,33.0,29,97.0,96.6,96.6,107.2,106.1,106.1,-10.2,-9.5,-9.5,0.131,3.43,31.6,0.026,0.086,0.055,9.2,9.3,0.431,0.546,0.082,0.084,99.3,100.0,83.34,100.0,0.026,554,0.5,1.2,390,381,381,302,265,265,395,392,392,147,7,22,284,341,327,119,127,371,155,435,435,47,49,49,417,425,426
2567,Brian Cook,1610612745,HOU,29.0,15,87.6,85.6,85.6,121.2,112.3,112.3,-33.6,-26.7,-26.7,0.05,0.17,3.0,0.017,0.174,0.085,18.2,18.1,0.348,0.403,0.267,0.28,107.86,113.36,94.47,113.36,0.015,104,0.5,1.5,436,435,435,436,417,417,442,438,438,368,418,420,354,89,203,412,412,425,419,20,15,3,4,4,426,426,416
2243,Brian Scalabrine,1610612738,BOS,32.0,52,99.1,98.6,98.6,105.8,105.2,105.2,-6.7,-6.6,-6.6,0.092,1.59,20.5,0.02,0.094,0.056,12.9,12.9,0.435,0.445,0.103,0.106,91.9,92.41,77.01,92.41,0.017,908,0.6,1.6,358,358,358,249,225,225,343,353,353,229,162,112,321,298,324,322,322,365,396,418,418,394,371,371,425,419,410
1730,Brian Skinner,1610612746,LAC,34.0,16,94.1,94.4,94.4,107.8,108.7,108.7,-13.8,-14.2,-14.2,0.0,0.0,0.0,0.072,0.168,0.116,19.4,19.7,0.4,0.456,0.13,0.135,93.19,92.64,77.2,92.64,0.026,234,0.6,1.6,413,399,399,326,351,351,415,416,416,430,427,430,125,98,121,423,425,395,383,378,378,339,353,353,419,412,414
201572,Brook Lopez,1610612751,NJN,22.0,82,98.9,99.8,99.8,109.3,109.9,109.9,-10.4,-10.1,-10.1,0.116,0.92,10.7,0.09,0.157,0.122,11.7,11.7,0.499,0.57,0.233,0.236,93.61,92.92,77.44,92.92,0.126,5858,6.9,13.8,363,335,335,371,385,385,397,395,395,173,302,267,70,131,104,266,267,207,92,68,73,314,343,343,51,30,45
201957,Byron Mullens,1610612760,OKC,21.0,13,95.5,90.3,90.3,112.9,120.7,120.7,-17.4,-30.5,-30.5,0.03,0.25,4.2,0.056,0.121,0.089,16.7,16.7,0.368,0.368,0.185,0.199,99.67,99.01,82.51,99.01,-0.02,113,0.5,1.5,402,429,429,421,438,438,425,440,440,407,413,416,170,214,185,391,393,418,428,202,165,42,72,72,436,421,418
201228,C.J. Watson,1610612744,GSW,26.0,65,105.9,106.7,106.7,106.6,106.3,106.3,-0.7,0.4,0.4,0.143,2.61,21.4,0.015,0.08,0.047,8.2,8.1,0.51,0.555,0.157,0.161,102.33,102.1,85.08,102.1,0.09,3797,3.8,8.1,146,139,139,279,272,272,198,175,175,127,31,97,360,367,375,66,64,158,127,312,316,17,25,25,199,148,158
101139,CJ Miles,1610612762,UTA,23.0,63,107.9,109.6,109.6,104.4,103.7,103.7,3.5,5.9,5.9,0.104,1.3,13.3,0.029,0.088,0.058,10.3,10.3,0.495,0.515,0.198,0.201,96.91,96.51,80.43,96.51,0.06,3003,3.8,8.9,92,59,59,195,171,171,107,61,61,203,217,217,262,333,303,177,178,221,282,156,161,110,146,146,350,146,129
201171,Carl Landry,1610612758,SAC,26.0,80,103.2,104.9,104.9,106.0,106.8,106.8,-2.9,-1.9,-1.9,0.048,0.49,5.0,0.076,0.119,0.097,10.3,10.3,0.537,0.6,0.224,0.227,95.4,94.3,78.59,94.3,0.121,4847,6.2,11.6,238,187,187,262,293,293,270,242,242,378,391,409,115,219,167,183,180,86,40,83,85,194,263,263,63,43,76
2306,Carlos Arroyo,1610612748,MIA,30.0,72,103.0,102.5,102.5,99.6,100.7,100.7,3.4,1.9,1.9,0.23,4.17,32.5,0.018,0.069,0.044,7.8,7.8,0.484,0.529,0.14,0.143,89.82,89.51,74.6,89.51,0.093,2956,2.5,5.2,247,263,263,41,65,65,109,142,142,68,2,19,342,402,391,57,55,261,223,357,357,429,432,432,173,254,262
2430,Carlos Boozer,1610612762,UTA,28.0,78,108.9,110.7,110.7,104.8,105.3,105.3,4.1,5.4,5.4,0.155,1.17,14.4,0.074,0.271,0.174,12.3,12.3,0.562,0.599,0.245,0.249,96.43,95.38,79.48,95.38,0.163,5297,7.9,14.1,69,43,43,208,230,230,98,69,69,114,241,195,119,5,13,305,304,44,43,46,49,134,191,191,11,14,38
2568,Carlos Delfino,1610612749,MIL,27.0,75,103.1,104.1,104.1,101.1,101.7,101.7,2.0,2.5,2.5,0.14,1.7,18.3,0.022,0.165,0.09,10.8,10.8,0.5,0.526,0.18,0.182,93.28,92.55,77.13,92.55,0.103,4395,4.0,9.8,241,217,217,84,95,95,132,126,126,131,152,139,309,111,183,201,202,191,243,219,230,334,358,358,126,139,113
2546,Carmelo Anthony,1610612743,DEN,26.0,69,110.4,111.7,111.7,105.1,106.2,106.2,5.3,5.5,5.5,0.159,1.06,10.1,0.058,0.115,0.087,9.5,9.5,0.478,0.548,0.327,0.332,97.13,96.05,80.04,96.05,0.14,5267,10.0,21.8,34,28,28,216,267,267,77,67,67,113,260,290,163,224,193,136,138,281,149,3,4,101,158,158,30,2,2
2406,Caron Butler,1610612742,DAL,30.0,74,104.0,104.8,104.8,104.7,105.7,105.7,-0.7,-0.9,-0.9,0.092,0.98,10.4,0.038,0.132,0.085,10.6,10.6,0.448,0.507,0.216,0.219,95.08,94.26,78.55,94.26,0.095,5480,6.1,14.2,203,191,191,204,251,251,199,218,218,228,286,279,224,183,204,196,194,344,302,98,101,216,266,266,167,50,35
201858,Cartier Martin,1610612764,WAS,25.0,18,104.0,103.2,103.2,103.4,103.6,103.6,0.6,-0.4,-0.4,0.065,0.84,8.7,0.061,0.111,0.086,10.3,10.3,0.43,0.473,0.181,0.187,99.54,99.82,83.18,99.82,0.051,812,2.8,7.6,205,251,251,166,163,163,171,200,200,319,320,338,157,241,197,182,182,373,369,212,210,44,52,52,374,220,171
202132,Cedric Jackson,1610612764,WAS,24.0,12,95.9,94.2,94.2,97.2,97.5,97.5,-1.3,-3.3,-3.3,0.333,1.27,27.5,0.026,0.074,0.051,21.6,21.9,0.325,0.396,0.21,0.216,99.69,100.46,83.72,100.46,0.036,154,0.5,1.7,399,403,403,15,21,21,221,282,282,15,223,47,287,391,351,431,431,434,422,116,113,41,42,42,402,422,405
101112,Channing Frye,1610612756,PHX,27.0,81,115.8,115.9,115.9,107.2,108.0,108.0,8.5,7.9,7.9,0.072,1.55,12.0,0.033,0.158,0.099,7.7,7.7,0.573,0.598,0.167,0.17,97.43,97.03,80.86,97.03,0.091,4431,3.9,8.7,5,6,6,303,328,328,24,30,30,297,171,249,248,128,162,52,54,33,47,270,278,93,129,129,193,143,137
2294,Charlie Bell,1610612749,MIL,31.0,71,100.6,101.8,101.8,100.3,99.6,99.6,0.2,2.2,2.2,0.097,1.93,16.5,0.018,0.066,0.041,8.6,8.6,0.464,0.486,0.145,0.147,94.79,94.56,78.8,94.56,0.048,3153,2.4,6.2,319,285,285,60,40,40,180,133,133,215,105,156,336,407,401,85,82,315,350,344,348,241,244,244,380,264,225
101111,Charlie Villanueva,1610612765,DET,25.0,78,103.0,103.6,103.6,112.2,112.6,112.6,-9.3,-9.0,-9.0,0.053,0.72,5.2,0.046,0.174,0.106,7.3,7.3,0.499,0.526,0.234,0.238,91.5,91.05,75.87,91.05,0.1,3519,4.7,10.6,248,238,238,415,423,423,384,387,387,359,344,405,194,89,148,46,47,206,236,66,69,403,404,404,139,109,98
201978,Chase Budinger,1610612745,HOU,22.0,74,107.6,107.9,107.9,107.4,107.4,107.4,0.1,0.5,0.5,0.096,1.83,11.9,0.024,0.129,0.074,6.5,6.5,0.522,0.545,0.186,0.189,97.49,97.37,81.14,97.37,0.101,3013,3.4,7.6,100,106,106,310,311,311,183,170,170,219,120,250,298,192,239,23,23,122,162,199,205,89,120,120,131,175,169
1497,Chauncey Billups,1610612743,DEN,33.0,73,110.0,111.6,111.6,105.5,107.1,107.1,4.5,4.5,4.5,0.27,2.31,23.2,0.01,0.082,0.047,10.1,10.0,0.499,0.601,0.239,0.244,96.92,95.51,79.6,95.51,0.138,4950,5.5,13.2,45,29,29,236,306,306,93,92,92,36,64,80,404,358,378,170,168,204,39,56,56,109,181,181,31,73,54
2365,Chris Andersen,1610612743,DEN,31.0,76,111.3,112.2,112.2,101.1,101.6,101.6,10.2,10.6,10.6,0.028,0.56,7.3,0.091,0.191,0.143,13.0,13.2,0.566,0.631,0.107,0.107,97.74,97.09,80.91,97.09,0.105,3416,1.9,3.3,24,23,23,83,91,91,16,13,13,411,373,369,69,59,53,325,333,42,14,412,415,85,124,124,113,296,331
2547,Chris Bosh,1610612761,TOR,26.0,70,110.1,110.9,110.9,109.8,110.6,110.6,0.3,0.3,0.3,0.116,0.98,9.5,0.089,0.223,0.159,9.6,9.6,0.522,0.592,0.285,0.288,95.21,94.48,78.73,94.48,0.167,4967,8.6,16.5,42,37,37,384,400,400,178,181,181,174,284,313,71,24,28,145,149,123,51,10,11,205,253,253,10,10,13
201604,Chris Douglas-Roberts,1610612751,NJN,23.0,67,95.4,96.0,96.0,106.7,106.8,106.8,-11.2,-10.9,-10.9,0.099,0.96,11.2,0.026,0.096,0.06,11.7,11.7,0.457,0.512,0.193,0.196,93.79,93.47,77.89,93.47,0.081,3369,3.8,8.6,403,384,384,284,296,296,405,401,401,210,289,260,283,287,293,263,262,330,290,173,177,303,316,316,254,147,143
2768,Chris Duhon,1610612752,NYK,27.0,67,105.6,106.5,106.5,109.3,110.0,110.0,-3.7,-3.5,-3.5,0.258,3.44,38.7,0.014,0.078,0.045,11.2,11.2,0.472,0.501,0.13,0.132,96.03,95.34,79.45,95.34,0.077,4115,2.5,6.7,156,143,143,372,388,388,290,286,286,44,6,6,380,368,387,235,234,297,316,381,381,154,193,193,271,251,204
201805,Chris Hunter,1610612744,GSW,25.0,60,108.7,109.7,109.7,110.2,109.1,109.1,-1.5,0.6,0.6,0.065,1.23,11.8,0.069,0.146,0.106,9.6,9.5,0.502,0.546,0.147,0.151,102.26,102.32,85.27,102.32,0.061,1665,1.8,3.6,73,57,57,396,366,366,230,165,165,318,227,252,139,149,145,142,141,184,158,339,338,18,22,22,344,300,313
2549,Chris Kaman,1610612746,LAC,28.0,76,100.2,100.9,100.9,105.6,106.6,106.6,-5.5,-5.7,-5.7,0.086,0.54,7.1,0.073,0.199,0.137,13.3,13.3,0.49,0.527,0.267,0.27,95.37,94.57,78.81,94.57,0.118,5139,7.8,15.8,330,305,305,241,288,288,328,332,332,251,376,375,121,50,68,336,335,238,235,19,20,195,243,243,70,17,19
101108,Chris Paul,1610612740,NOH,25.0,45,107.3,107.9,107.9,106.2,107.3,107.3,1.0,0.6,0.6,0.456,4.29,36.6,0.012,0.105,0.058,8.5,8.5,0.534,0.584,0.223,0.226,93.5,92.73,77.27,92.73,0.167,3303,7.0,14.2,109,104,104,268,308,308,159,163,163,3,1,9,395,259,305,82,80,96,63,86,87,320,350,350,9,28,36
200809,Chris Quinn,1610612751,NJN,26.0,25,96.4,93.7,93.7,107.0,102.4,102.4,-10.6,-8.8,-8.8,0.232,2.9,29.9,0.005,0.069,0.038,10.3,10.2,0.446,0.477,0.142,0.149,92.33,95.73,79.78,95.73,0.072,442,0.8,2.2,394,412,412,296,117,117,399,381,381,67,20,29,426,401,409,178,176,346,365,351,341,380,167,167,295,399,383
201181,Chris Richard,1610612741,CHI,25.0,18,93.3,92.3,92.3,101.2,96.1,96.1,-8.0,-3.9,-3.9,0.051,0.5,12.7,0.08,0.186,0.131,25.5,25.5,0.517,0.547,0.094,0.097,95.14,98.18,81.81,98.18,0.033,452,0.8,1.6,418,421,421,89,18,18,361,297,297,364,385,228,103,69,86,439,439,135,152,430,431,211,91,91,411,395,412
2404,Chris Wilcox,1610612765,DET,27.0,34,93.2,94.4,94.4,111.3,110.8,110.8,-18.1,-16.4,-16.4,0.051,0.34,6.7,0.098,0.194,0.141,19.5,19.6,0.525,0.532,0.186,0.189,91.9,91.51,76.25,91.51,0.072,837,1.9,3.5,419,402,402,406,402,402,427,424,424,363,403,381,55,55,56,424,424,111,207,197,204,393,396,396,297,298,317
101236,Chuck Hayes,1610612745,HOU,27.0,82,104.6,105.7,105.7,103.5,104.6,104.6,1.1,1.1,1.1,0.11,1.88,24.3,0.087,0.189,0.137,13.0,13.0,0.489,0.5,0.11,0.111,95.34,94.29,78.58,94.29,0.077,3465,2.0,4.0,187,160,160,169,209,209,156,152,152,186,112,67,82,61,67,324,324,242,322,407,409,197,265,265,276,289,300
1088,Chucky Atkins,1610612765,DET,35.0,40,102.2,101.5,101.5,108.1,106.3,106.3,-5.9,-4.8,-4.8,0.22,2.84,31.2,0.008,0.045,0.024,11.0,11.0,0.433,0.477,0.137,0.141,91.19,92.27,76.89,92.27,0.054,1240,1.4,3.9,276,289,289,334,276,276,335,324,324,76,21,23,421,430,427,216,218,367,366,366,367,411,375,375,363,335,304
201207,Coby Karl,1610612744,GSW,27.0,7,97.5,95.4,95.4,107.3,108.4,108.4,-9.8,-13.0,-13.0,0.197,1.5,25.0,0.032,0.131,0.078,16.7,16.8,0.375,0.404,0.167,0.171,100.34,100.88,84.06,100.88,0.037,239,1.6,4.6,383,391,391,306,342,342,390,413,413,90,179,60,254,187,225,391,395,416,418,271,272,34,38,38,401,321,279
201147,Corey Brewer,1610612750,MIN,24.0,82,99.8,100.4,100.4,109.9,110.6,110.6,-10.1,-10.2,-10.2,0.122,1.18,13.6,0.028,0.088,0.057,11.6,11.6,0.474,0.502,0.212,0.215,98.49,97.85,81.54,97.85,0.067,5064,5.0,11.6,347,317,317,389,401,401,394,397,397,163,239,210,270,327,316,255,256,290,313,111,115,67,97,97,322,88,77
1894,Corey Maggette,1610612744,GSW,30.0,70,105.2,106.4,106.4,111.7,112.4,112.4,-6.4,-6.0,-6.0,0.133,1.02,11.6,0.045,0.139,0.092,11.4,11.4,0.523,0.615,0.265,0.266,103.4,102.47,85.4,102.47,0.127,4433,6.5,12.7,170,147,147,407,419,419,340,339,339,140,268,257,198,165,180,243,247,119,26,21,26,10,21,21,49,37,58
201584,Courtney Lee,1610612751,NJN,24.0,71,101.1,101.6,101.6,110.4,110.3,110.3,-9.4,-8.7,-8.7,0.086,1.59,11.7,0.026,0.089,0.056,7.4,7.3,0.485,0.525,0.174,0.178,93.43,93.24,77.7,93.24,0.08,4608,4.8,10.9,311,287,287,398,396,396,386,380,380,249,161,256,289,324,321,47,46,255,246,242,251,325,329,329,258,105,89
200783,Craig Smith,1610612746,LAC,26.0,75,99.9,100.6,100.6,103.6,103.5,103.5,-3.8,-2.9,-2.9,0.124,0.95,12.6,0.081,0.16,0.12,13.2,13.3,0.571,0.599,0.214,0.216,92.16,91.87,76.56,91.87,0.113,2347,3.0,5.3,343,312,312,174,162,162,293,271,271,161,291,233,98,122,107,335,337,36,45,108,112,384,388,388,84,209,259
201571,D.J. Augustin,1610612766,CHA,22.0,80,100.1,100.4,100.4,100.0,100.0,100.0,0.1,0.4,0.4,0.232,2.61,25.6,0.008,0.06,0.034,9.8,9.7,0.467,0.516,0.172,0.179,91.94,91.76,76.47,91.76,0.083,2816,2.1,5.4,334,318,318,53,52,52,184,174,174,66,32,54,418,418,421,154,157,308,277,252,245,392,390,390,240,279,252
2788,DJ Mbenga,1610612747,LAL,29.0,49,98.8,96.9,96.9,101.2,99.9,99.9,-2.4,-2.9,-2.9,0.037,0.53,6.0,0.086,0.147,0.117,11.2,11.2,0.466,0.471,0.16,0.166,92.11,93.61,78.01,93.61,0.065,685,1.0,2.1,364,377,377,87,45,45,257,273,273,397,378,394,87,147,120,234,231,311,372,299,287,386,312,312,332,383,387
201591,DJ White,1610612760,OKC,23.0,12,104.2,104.3,104.3,100.7,100.5,100.5,3.5,3.8,3.8,0.069,1.33,7.5,0.103,0.13,0.117,5.7,5.7,0.61,0.65,0.198,0.203,98.43,98.48,82.07,98.48,0.157,209,2.1,3.4,198,214,214,72,61,61,108,102,102,307,206,363,50,190,119,12,15,11,6,155,151,70,78,78,15,281,323
201969,DaJuan Summers,1610612765,DET,22.0,44,94.3,93.8,93.8,108.1,104.9,104.9,-13.8,-11.1,-11.1,0.07,1.0,8.9,0.033,0.084,0.057,8.9,9.0,0.412,0.457,0.178,0.183,93.34,95.02,79.19,95.02,0.03,793,1.0,3.0,411,409,409,335,221,221,416,404,404,303,271,331,243,352,318,102,106,388,381,227,223,329,211,211,413,371,351
201161,Daequan Cook,1610612748,MIA,23.0,45,96.6,95.5,95.5,97.8,98.1,98.1,-1.2,-2.6,-2.6,0.109,1.79,13.1,0.013,0.104,0.058,7.3,7.3,0.399,0.422,0.189,0.197,90.02,90.35,75.29,90.35,0.058,1310,1.8,5.6,393,389,389,20,26,26,217,263,263,189,132,223,392,264,307,44,44,399,408,187,171,428,421,421,354,302,248
2563,Dahntay Jones,1610612754,IND,29.0,76,98.6,98.9,98.9,104.0,104.4,104.4,-5.3,-5.5,-5.5,0.133,1.16,14.8,0.025,0.093,0.059,12.7,12.7,0.464,0.527,0.198,0.201,99.84,99.46,82.89,99.46,0.069,3912,3.8,8.2,370,351,351,178,197,197,325,329,329,141,242,190,295,303,299,318,317,314,231,158,160,39,58,58,308,150,155
2863,Damien Wilkins,1610612750,MIN,30.0,80,100.0,100.5,100.5,108.7,108.7,108.7,-8.7,-8.1,-8.1,0.126,1.78,21.0,0.044,0.113,0.078,11.8,11.7,0.457,0.515,0.137,0.141,97.52,97.29,81.08,97.29,0.075,3206,2.1,4.8,337,314,314,353,350,350,375,374,374,156,137,103,202,234,224,279,269,333,281,368,366,88,122,122,282,282,274
2429,Dan Gadzuric,1610612749,MIL,32.0,32,97.0,97.3,97.3,92.9,91.3,91.3,4.1,6.0,6.0,0.061,0.8,9.6,0.108,0.177,0.14,12.0,11.8,0.438,0.44,0.155,0.161,95.84,96.56,80.46,96.56,0.054,630,1.2,2.8,388,373,373,9,9,9,97,58,58,332,324,310,37,84,59,289,279,360,401,321,311,166,144,144,364,352,359
200789,Daniel Gibson,1610612739,CLE,24.0,56,109.0,107.7,107.7,100.1,101.1,101.1,8.8,6.6,6.6,0.104,1.94,17.8,0.013,0.054,0.035,9.1,9.1,0.599,0.613,0.139,0.144,92.55,92.62,77.18,92.62,0.073,2069,2.2,4.8,66,109,109,59,78,78,21,47,47,202,102,143,381,426,420,115,115,17,27,362,356,373,355,355,289,274,273
201568,Danilo Gallinari,1610612752,NYK,21.0,81,105.9,106.6,106.6,108.5,109.0,109.0,-2.6,-2.4,-2.4,0.077,1.23,10.4,0.024,0.127,0.075,8.4,8.4,0.523,0.575,0.191,0.194,95.74,95.2,79.33,95.2,0.094,5448,4.8,11.4,148,142,142,344,361,361,260,255,255,274,228,280,299,198,233,78,75,118,77,178,181,171,203,203,172,102,78
101122,Danny Granger,1610612754,IND,27.0,62,103.7,104.9,104.9,104.6,105.4,105.4,-0.8,-0.5,-0.5,0.134,1.09,10.4,0.029,0.119,0.075,9.6,9.5,0.498,0.564,0.282,0.288,99.19,98.28,81.9,98.28,0.13,4657,7.9,18.4,217,186,186,199,233,233,204,202,202,139,255,277,261,216,236,143,137,210,107,12,12,48,86,86,43,16,9
201980,Danny Green,1610612739,CLE,23.0,20,100.7,96.6,96.6,106.7,104.3,104.3,-6.0,-7.7,-7.7,0.074,1.0,9.8,0.071,0.075,0.073,9.8,9.7,0.462,0.48,0.174,0.186,94.49,97.62,81.35,97.62,0.067,232,0.8,2.0,315,382,382,287,192,192,337,366,366,289,271,304,130,385,246,155,151,324,359,244,214,266,107,107,323,404,397
201967,Dante Cunningham,1610612757,POR,23.0,63,110.1,108.5,108.5,104.6,103.5,103.5,5.5,5.0,5.0,0.032,0.93,5.3,0.08,0.163,0.121,5.7,5.7,0.495,0.517,0.16,0.166,92.14,93.3,77.75,93.3,0.08,1364,1.7,3.4,41,88,88,200,161,161,75,80,80,404,297,403,101,117,106,13,12,218,276,298,288,385,325,325,257,312,326
2443,Darius Songaila,1610612740,NOH,32.0,75,104.2,104.3,104.3,106.9,106.7,106.7,-2.6,-2.4,-2.4,0.081,0.86,10.4,0.044,0.137,0.09,12.1,12.1,0.495,0.522,0.194,0.197,94.3,94.35,78.63,94.35,0.069,2760,3.2,6.5,197,215,215,292,292,292,261,256,256,265,312,278,200,167,182,293,297,220,256,168,172,278,261,261,309,189,217
2545,Darko Milicic,1610612750,MIN,25.0,32,99.8,99.3,99.3,108.9,107.0,107.0,-9.2,-7.7,-7.7,0.105,1.34,15.8,0.066,0.163,0.112,11.7,11.7,0.49,0.497,0.157,0.161,97.48,98.6,82.17,98.6,0.077,1408,3.1,6.4,349,348,348,358,300,300,382,365,365,195,205,166,144,115,132,270,271,237,327,311,312,90,76,76,277,196,221
201616,Darnell Jackson,1610612749,MIL,24.0,28,90.6,84.8,84.8,103.0,104.0,104.0,-12.4,-19.2,-19.2,0.056,0.31,8.0,0.08,0.096,0.089,26.0,26.2,0.317,0.352,0.166,0.177,96.83,99.63,83.02,99.63,-0.023,256,0.3,1.1,433,438,438,148,179,179,411,432,432,349,407,357,101,289,186,440,440,435,429,276,254,114,54,54,437,435,430
201589,Darrell Arthur,1610612763,MEM,22.0,32,98.9,97.4,97.4,110.9,109.6,109.6,-12.0,-12.2,-12.2,0.052,0.68,7.6,0.075,0.164,0.118,11.1,11.2,0.432,0.449,0.168,0.172,96.0,97.3,81.08,97.3,0.06,929,2.0,4.6,361,372,372,401,383,383,410,410,410,361,352,362,117,114,118,227,233,370,393,267,269,158,121,121,347,288,280
201954,Darren Collison,1610612740,NOH,22.0,76,104.3,105.2,105.2,108.7,108.8,108.8,-4.4,-3.6,-3.6,0.323,2.14,28.9,0.02,0.077,0.048,13.5,13.5,0.506,0.546,0.227,0.23,95.65,95.19,79.32,95.19,0.115,4171,4.9,10.4,194,172,172,352,357,357,306,292,292,18,83,35,319,371,366,344,342,170,154,79,79,176,204,204,78,90,104
2431,David Andersen,1610612745,HOU,30.0,63,104.9,105.8,105.8,103.1,103.6,103.6,1.8,2.2,2.2,0.084,1.19,9.7,0.059,0.177,0.116,8.2,8.2,0.472,0.497,0.199,0.202,95.71,95.08,79.23,95.08,0.084,1761,2.3,5.4,175,155,155,155,166,166,140,134,134,257,237,307,161,85,122,65,66,298,328,150,156,173,208,208,232,268,253
101135,David Lee,1610612752,NYK,27.0,81,105.4,106.5,106.5,110.0,110.1,110.1,-4.6,-3.6,-3.6,0.172,1.56,15.7,0.077,0.249,0.162,10.1,10.0,0.545,0.584,0.235,0.239,96.29,95.75,79.79,95.75,0.159,6003,8.5,15.5,167,145,145,391,393,393,308,291,291,102,166,168,111,12,23,169,170,68,61,61,68,143,166,166,14,11,22
2561,David West,1610612740,NOH,29.0,81,106.2,107.1,107.1,108.7,109.8,109.8,-2.5,-2.7,-2.7,0.135,1.38,13.4,0.058,0.159,0.108,9.7,9.7,0.508,0.56,0.238,0.241,94.79,93.92,78.27,93.92,0.123,5760,7.6,15.1,138,125,125,349,384,384,258,268,268,137,198,216,164,125,140,148,150,167,120,57,62,240,296,296,60,18,25
201599,DeAndre Jordan,1610612746,LAC,21.0,70,100.0,99.9,99.9,109.9,110.1,110.1,-9.9,-10.2,-10.2,0.029,0.28,5.3,0.111,0.218,0.163,19.1,19.2,0.605,0.571,0.145,0.147,95.24,95.21,79.34,95.21,0.073,2248,2.1,3.4,338,333,333,390,392,392,391,396,396,408,409,402,31,29,21,421,422,13,90,345,346,202,200,200,292,283,325
201971,DeJuan Blair,1610612759,SAS,21.0,82,106.7,106.2,106.2,102.8,103.0,103.0,3.9,3.2,3.2,0.07,0.58,8.8,0.139,0.221,0.18,15.2,15.1,0.556,0.564,0.197,0.204,95.08,95.21,79.34,95.21,0.114,2966,3.4,6.0,123,150,150,139,141,141,101,108,108,302,370,334,8,26,10,378,375,52,108,159,147,215,202,202,79,176,233
201942,DeMar DeRozan,1610612761,TOR,20.0,77,106.5,106.8,106.8,112.0,113.3,113.3,-5.5,-6.5,-6.5,0.048,0.85,7.4,0.042,0.097,0.07,8.7,8.7,0.502,0.554,0.18,0.182,95.58,94.87,79.06,94.87,0.066,3279,3.3,6.6,128,136,136,411,428,428,329,351,351,377,317,365,208,283,257,93,89,187,130,223,228,181,221,221,324,183,209
201960,DeMarre Carroll,1610612763,MEM,23.0,71,104.1,102.8,102.8,105.7,104.4,104.4,-1.7,-1.6,-1.6,0.059,1.38,10.9,0.068,0.118,0.093,7.9,7.9,0.396,0.426,0.141,0.145,99.63,100.89,84.07,100.89,0.043,1659,1.2,3.1,201,258,258,246,196,196,236,234,234,334,200,265,141,220,177,61,61,403,406,354,353,43,37,37,393,351,337
2205,DeSagana Diop,1610612766,CHA,28.0,27,107.4,110.6,110.6,104.1,104.8,104.8,3.3,5.8,5.8,0.028,0.42,10.2,0.105,0.159,0.133,24.5,24.0,0.517,0.485,0.079,0.082,91.37,89.75,74.79,89.75,0.045,480,0.6,1.1,105,44,44,186,216,216,111,63,63,409,397,287,46,124,81,434,434,135,352,438,438,406,429,429,388,420,429
2052,DeShawn Stevenson,1610612742,DAL,29.0,64,102.3,101.2,101.2,105.7,105.5,105.5,-3.4,-4.3,-4.3,0.09,1.87,21.1,0.013,0.092,0.052,11.3,11.3,0.34,0.381,0.106,0.108,95.27,95.92,79.93,95.92,0.022,1752,0.7,2.5,272,301,301,245,238,238,282,308,308,237,114,102,391,311,342,237,241,428,426,414,413,200,160,160,423,408,368
2753,Delonte West,1610612739,CLE,26.0,60,107.3,108.0,108.0,99.7,101.0,101.0,7.5,7.0,7.0,0.21,2.18,25.0,0.021,0.093,0.059,11.5,11.5,0.474,0.53,0.18,0.184,92.9,92.0,76.66,92.0,0.104,2877,3.2,7.3,108,101,101,45,74,74,37,41,41,83,78,60,313,302,301,249,250,291,221,218,222,355,385,385,121,187,181
965,Derek Fisher,1610612747,LAL,35.0,82,109.0,110.0,110.0,101.5,102.6,102.6,7.5,7.4,7.4,0.125,2.58,22.5,0.012,0.065,0.039,8.7,8.7,0.45,0.499,0.137,0.139,95.46,94.51,78.76,94.51,0.054,4400,2.6,6.8,65,52,52,96,123,123,39,35,35,159,35,84,399,410,408,96,94,341,324,365,371,188,250,250,364,240,199
101114,Deron Williams,1610612762,UTA,26.0,76,110.8,112.5,112.5,103.4,104.3,104.3,7.3,8.2,8.2,0.429,3.17,34.9,0.02,0.093,0.058,11.0,11.0,0.515,0.574,0.237,0.239,96.45,95.29,79.41,95.29,0.146,5550,6.5,13.9,28,19,19,167,193,193,43,26,26,4,12,14,325,308,309,223,223,142,82,58,67,131,197,197,25,38,42
201974,Derrick Brown,1610612766,CHA,22.0,57,100.3,98.8,98.8,98.9,98.3,98.3,1.4,0.4,0.4,0.061,1.0,8.7,0.062,0.087,0.075,8.7,8.8,0.469,0.52,0.165,0.17,94.2,95.21,79.34,95.21,0.076,1053,1.2,2.6,329,355,355,30,28,28,151,171,171,331,271,339,154,335,235,90,97,302,260,283,274,285,201,201,281,356,365
201565,Derrick Rose,1610612741,CHI,21.0,78,101.9,103.2,103.2,102.5,103.6,103.6,-0.5,-0.4,-0.4,0.297,2.16,21.2,0.023,0.076,0.05,9.8,9.8,0.495,0.532,0.268,0.271,95.58,94.48,78.73,94.48,0.137,5644,8.6,17.6,284,252,252,127,164,164,195,201,201,25,81,99,306,379,357,158,161,219,206,18,19,180,252,252,34,8,11
2046,Desmond Mason,1610612758,SAC,32.0,5,98.1,93.5,93.5,126.7,126.8,126.8,-28.6,-33.3,-33.3,0.051,0.5,10.0,0.054,0.184,0.106,20.0,20.2,0.417,0.472,0.123,0.127,88.41,90.5,75.42,90.5,0.045,124,1.0,2.4,378,413,413,439,439,439,441,442,442,362,385,295,176,73,147,426,428,382,370,392,391,437,418,418,387,374,374
1904,Devean George,1610612744,GSW,32.0,45,110.5,110.9,110.9,110.1,109.4,109.4,0.4,1.6,1.6,0.057,2.13,12.1,0.027,0.123,0.074,5.7,5.7,0.549,0.56,0.13,0.131,101.85,101.97,84.98,101.97,0.064,1609,2.0,4.6,30,36,36,393,374,374,176,147,147,342,85,246,277,206,242,13,13,62,119,380,384,23,28,28,333,286,278
2484,Devin Brown,1610612741,CHI,31.0,50,103.1,103.2,103.2,104.2,104.1,104.1,-1.1,-0.8,-0.8,0.095,1.05,12.3,0.026,0.089,0.057,11.8,11.8,0.457,0.5,0.192,0.196,95.5,95.46,79.55,95.46,0.062,2104,2.7,7.2,245,249,249,187,184,184,215,213,213,224,264,239,282,325,315,272,276,331,320,176,178,186,187,187,342,227,185
2734,Devin Harris,1610612751,NJN,27.0,64,99.8,100.7,100.7,111.2,111.5,111.5,-11.4,-10.8,-10.8,0.332,2.34,25.6,0.011,0.088,0.047,10.9,10.9,0.437,0.512,0.247,0.25,94.73,94.18,78.48,94.18,0.104,4352,5.6,13.8,345,311,311,405,411,411,407,400,400,16,61,55,402,326,371,212,215,363,288,43,45,246,274,274,120,72,43
1717,Dirk Nowitzki,1610612742,DAL,32.0,81,108.4,108.7,108.7,102.0,103.3,103.3,6.3,5.4,5.4,0.128,1.46,10.3,0.028,0.178,0.106,7.1,7.0,0.498,0.578,0.284,0.289,94.61,93.9,78.25,93.9,0.161,5954,8.9,18.5,82,84,84,111,154,154,60,68,68,152,187,283,266,83,146,33,34,209,71,11,10,255,299,299,12,7,8
201187,Dominic McGuire,1610612758,SAC,24.0,51,90.9,88.7,88.7,107.0,106.0,106.0,-16.1,-17.3,-17.3,0.059,0.65,13.3,0.069,0.168,0.118,20.5,20.5,0.365,0.345,0.103,0.107,94.79,96.38,80.32,96.38,0.036,604,0.4,1.0,430,432,432,297,262,262,420,426,426,336,357,220,138,101,113,429,429,420,431,417,416,239,151,151,403,431,431
201590,Donte Greene,1610612758,SAC,22.0,76,101.6,102.0,102.0,105.8,106.4,106.4,-4.2,-4.4,-4.4,0.067,0.76,9.2,0.033,0.112,0.072,12.0,11.9,0.504,0.526,0.189,0.193,98.05,97.58,81.32,97.58,0.07,3307,3.2,7.3,295,278,278,251,281,281,301,313,313,314,335,323,246,238,247,289,287,176,237,189,188,79,108,108,303,190,180
2748,Dorell Wright,1610612748,MIA,24.0,72,102.8,101.9,101.9,99.9,101.1,101.1,2.9,0.8,0.8,0.102,1.72,15.6,0.035,0.129,0.082,9.1,8.9,0.536,0.567,0.152,0.16,90.63,90.45,75.38,90.45,0.113,2821,2.7,5.8,253,280,280,52,79,79,116,160,160,206,148,171,233,193,210,111,104,88,100,328,319,420,420,420,82,231,244
2400,Drew Gooden,1610612746,LAC,28.0,70,103.0,102.8,102.8,109.9,111.0,111.0,-6.9,-8.2,-8.2,0.045,0.44,5.5,0.122,0.199,0.16,12.7,12.7,0.479,0.547,0.205,0.21,94.6,94.2,78.5,94.2,0.105,3446,4.1,8.6,246,257,257,387,406,406,347,376,376,386,394,399,14,51,26,317,315,273,150,132,133,257,272,272,109,131,139
101204,Dwayne Jones,1610612756,PHX,27.0,2,145.8,123.5,123.5,129.6,141.2,141.2,16.2,-17.6,-17.6,0.0,0.0,0.0,0.0,0.333,0.0,0.0,0.0,0.0,0.0,0.0,0.0,113.95,117.69,98.08,117.69,0.027,17,0.0,0.0,1,2,2,440,442,442,3,429,429,430,427,430,430,1,429,1,1,441,441,441,441,1,3,3,416,441,441
2730,Dwight Howard,1610612753,ORL,24.0,82,111.2,112.2,112.2,99.4,100.9,100.9,11.8,11.3,11.3,0.087,0.53,8.9,0.11,0.28,0.199,16.9,17.0,0.612,0.63,0.241,0.241,93.49,92.34,76.95,92.34,0.167,5469,6.2,10.2,25,21,21,37,69,69,10,8,8,247,380,332,33,2,2,398,399,10,16,50,60,321,372,372,8,47,109
2548,Dwyane Wade,1610612748,MIA,28.0,77,109.1,110.1,110.1,101.6,103.8,103.8,7.5,6.3,6.3,0.334,1.99,19.5,0.041,0.098,0.07,9.8,9.8,0.5,0.562,0.337,0.342,93.91,92.51,77.09,92.51,0.178,5390,9.3,19.6,62,51,51,99,174,174,40,51,51,14,100,122,210,282,260,159,159,191,113,1,2,297,364,364,7,6,6
2853,Earl Barron,1610612752,NYK,28.0,7,116.9,119.1,119.1,115.8,116.4,116.4,1.1,2.7,2.7,0.05,0.73,7.9,0.142,0.232,0.185,10.9,11.0,0.441,0.508,0.18,0.179,92.76,91.68,76.4,91.68,0.088,440,4.3,9.7,4,3,3,430,433,433,155,120,120,366,341,358,6,17,8,208,224,358,298,216,241,367,393,393,208,121,114
1863,Earl Boykins,1610612764,WAS,34.0,67,98.1,97.8,97.8,109.2,109.2,109.2,-11.2,-11.5,-11.5,0.269,2.48,25.2,0.015,0.055,0.034,10.2,10.1,0.45,0.498,0.2,0.207,93.39,93.55,77.96,93.55,0.1,2185,2.6,6.0,379,369,369,367,372,372,404,405,405,37,47,57,366,425,422,174,172,339,326,146,139,327,314,314,141,242,234
201947,Earl Clark,1610612756,PHX,22.0,51,103.7,101.5,101.5,105.1,105.3,105.3,-1.5,-3.7,-3.7,0.093,0.91,9.9,0.047,0.109,0.079,10.8,10.9,0.377,0.42,0.208,0.216,98.91,99.91,83.26,99.91,0.06,796,1.1,3.0,218,290,290,221,229,229,227,295,295,226,303,303,191,247,221,202,213,415,410,122,114,55,50,50,345,364,349
2248,Earl Watson,1610612754,IND,31.0,79,102.5,103.6,103.6,104.6,105.5,105.5,-2.1,-2.0,-2.0,0.257,2.28,33.9,0.023,0.077,0.05,14.9,14.9,0.476,0.517,0.146,0.147,99.02,98.11,81.76,98.11,0.079,4738,2.8,6.6,264,239,239,201,242,242,245,246,246,45,67,15,304,373,355,373,373,288,272,343,347,53,92,92,263,216,211
2067,Eddie House,1610612752,NYK,32.0,68,102.4,101.5,101.5,102.3,101.0,101.0,0.1,0.4,0.4,0.115,1.81,14.0,0.011,0.081,0.046,7.8,7.7,0.467,0.495,0.192,0.199,93.74,94.7,78.91,94.7,0.075,2412,2.5,6.7,271,291,291,117,75,75,186,172,172,175,126,200,401,364,381,54,52,306,333,177,164,307,231,231,283,245,206
2201,Eddy Curry,1610612752,NYK,27.0,7,84.5,81.3,81.3,99.0,100.0,100.0,-14.5,-18.7,-18.7,0.0,0.0,0.0,0.06,0.141,0.099,31.0,31.3,0.381,0.456,0.276,0.285,104.15,105.65,88.04,105.65,-0.051,139,1.1,3.0,439,440,440,34,48,48,417,431,431,430,427,430,160,160,160,442,442,413,382,13,13,7,9,9,442,359,342
2059,Eduardo Najera,1610612742,DAL,33.0,46,102.9,100.8,100.8,105.8,103.5,103.5,-2.9,-2.7,-2.7,0.061,1.16,13.7,0.049,0.129,0.087,11.8,11.9,0.49,0.501,0.117,0.121,95.42,97.52,81.27,97.52,0.043,1394,1.3,3.2,249,308,308,253,160,160,271,265,265,333,244,206,188,191,192,280,281,239,315,400,400,193,112,112,392,341,335
1882,Elton Brand,1610612755,PHI,31.0,76,103.9,105.2,105.2,106.7,107.0,107.0,-2.8,-1.8,-1.8,0.078,0.83,9.1,0.082,0.131,0.107,10.9,10.9,0.48,0.518,0.214,0.217,93.0,92.28,76.9,92.28,0.091,4422,5.4,11.3,208,173,173,285,302,302,266,240,240,270,323,326,92,184,144,214,214,269,265,106,111,353,374,374,188,80,80
2731,Emeka Okafor,1610612740,NOH,27.0,82,104.7,105.7,105.7,107.6,108.4,108.4,-2.9,-2.6,-2.6,0.035,0.5,5.8,0.108,0.221,0.163,11.8,11.8,0.53,0.547,0.169,0.171,94.67,93.86,78.22,93.86,0.1,4629,4.2,8.0,183,159,159,316,340,340,272,262,262,400,389,397,36,25,22,275,274,101,151,261,273,251,302,302,140,123,162
201569,Eric Gordon,1610612746,LAC,21.0,62,103.2,104.1,104.1,107.8,109.5,109.5,-4.6,-5.4,-5.4,0.135,1.29,15.0,0.012,0.062,0.037,11.6,11.6,0.525,0.571,0.21,0.214,96.05,94.92,79.1,94.92,0.086,4412,5.7,12.6,233,221,221,324,382,382,310,328,328,138,219,186,398,415,418,259,257,112,91,115,117,152,217,217,216,69,59
201953,Eric Maynor,1610612760,OKC,23.0,81,101.5,99.9,99.9,98.6,97.9,97.9,2.8,2.0,2.0,0.339,3.13,35.5,0.018,0.084,0.052,11.3,11.3,0.448,0.478,0.168,0.174,94.38,95.47,79.56,95.47,0.1,2521,1.9,4.5,297,334,334,27,23,23,118,138,138,12,13,13,345,350,348,241,239,343,364,266,259,274,185,185,136,294,281
956,Erick Dampier,1610612742,DAL,34.0,55,108.6,108.4,108.4,100.7,101.8,101.8,7.9,6.6,6.6,0.035,0.51,8.8,0.107,0.206,0.159,17.3,17.5,0.627,0.637,0.114,0.115,94.15,93.68,78.07,93.68,0.09,2495,2.4,3.9,76,89,89,70,101,101,33,46,46,401,384,335,39,41,27,402,402,5,12,402,404,290,308,308,200,261,306
101141,Ersan Ilyasova,1610612749,MIL,23.0,81,103.3,104.4,104.4,99.8,99.5,99.5,3.6,4.9,4.9,0.072,1.18,8.8,0.079,0.198,0.136,7.5,7.4,0.499,0.526,0.201,0.205,95.03,94.69,78.91,94.69,0.107,3734,4.0,9.0,230,209,209,47,37,37,105,84,84,295,238,333,106,52,74,49,49,208,241,142,146,222,232,232,102,138,128
2041,Etan Thomas,1610612760,OKC,32.0,23,98.6,99.5,99.5,102.5,102.8,102.8,-3.9,-3.2,-3.2,0.005,0.06,1.0,0.063,0.156,0.11,18.8,18.6,0.456,0.483,0.135,0.139,92.29,91.74,76.45,91.74,0.046,609,1.3,3.0,369,345,345,126,129,129,297,280,280,427,425,428,151,132,136,417,418,334,355,374,373,381,391,391,386,341,350
101177,Fabricio Oberto,1610612764,WAS,35.0,57,99.9,100.3,100.3,104.9,103.7,103.7,-5.0,-3.4,-3.4,0.112,1.42,33.8,0.055,0.114,0.085,23.8,23.9,0.625,0.654,0.071,0.072,92.4,92.69,77.24,92.69,0.028,1253,0.6,1.0,344,321,321,213,172,172,320,285,285,179,194,16,172,226,200,433,433,6,5,439,439,377,351,351,415,413,433
2436,Flip Murray,1610612741,CHI,30.0,75,103.1,103.8,103.8,102.9,103.2,103.2,0.2,0.6,0.6,0.141,1.48,13.6,0.018,0.093,0.056,9.2,9.2,0.443,0.485,0.233,0.237,93.76,93.34,77.78,93.34,0.081,3247,3.6,9.1,243,234,234,144,150,150,182,166,166,129,184,211,350,305,322,116,117,355,351,71,70,305,323,323,252,162,125
1922,Francisco Elson,1610612755,PHI,34.0,12,104.0,103.8,103.8,106.4,101.5,101.5,-2.4,2.4,2.4,0.049,2.0,10.0,0.088,0.157,0.118,5.0,5.0,0.333,0.349,0.124,0.127,94.11,96.42,80.35,96.42,0.024,130,0.4,1.3,206,233,233,274,87,87,256,129,129,373,93,295,74,130,117,10,10,429,430,391,389,292,148,148,422,429,424
101128,Francisco Garcia,1610612758,SAC,28.0,25,102.7,104.6,104.6,106.4,106.3,106.3,-3.7,-1.7,-1.7,0.119,2.14,18.1,0.018,0.098,0.057,8.4,8.4,0.531,0.55,0.156,0.158,95.21,94.39,78.66,94.39,0.083,1134,3.3,7.0,256,203,203,275,273,273,291,237,237,170,82,141,337,278,317,77,76,100,143,316,322,206,260,260,238,184,192
202066,Garrett Temple,1610612759,SAS,24.0,27,102.1,100.4,100.4,101.7,100.7,100.7,0.5,-0.3,-0.3,0.104,0.78,12.2,0.018,0.072,0.045,15.7,15.8,0.5,0.553,0.193,0.197,97.3,98.56,82.13,98.56,0.056,685,1.6,3.7,279,316,316,100,67,67,174,198,198,200,330,242,343,395,385,383,384,191,134,169,174,95,77,77,359,318,310
201588,George Hill,1610612759,SAS,24.0,78,106.9,108.0,108.0,102.3,102.9,102.9,4.6,5.0,5.0,0.154,2.24,19.4,0.019,0.075,0.047,8.7,8.6,0.529,0.572,0.187,0.19,93.57,92.81,77.34,92.81,0.091,4392,4.5,9.5,120,102,102,121,138,138,91,79,79,116,73,126,329,387,374,89,87,103,88,194,199,317,345,345,189,112,119
201945,Gerald Henderson,1610612766,CHA,22.0,43,95.9,93.5,93.5,95.8,95.0,95.0,0.1,-1.5,-1.5,0.071,0.93,8.6,0.042,0.11,0.076,9.2,9.2,0.375,0.453,0.172,0.18,93.04,94.57,78.81,94.57,0.078,696,0.9,2.4,400,414,414,13,16,16,185,233,233,299,299,344,209,245,229,119,121,416,388,254,239,351,241,241,269,389,373
2222,Gerald Wallace,1610612766,CHA,27.0,76,101.7,103.9,103.9,100.1,101.4,101.4,1.6,2.5,2.5,0.09,0.9,10.6,0.052,0.206,0.13,11.7,11.7,0.511,0.586,0.202,0.203,92.65,91.02,75.85,91.02,0.144,5910,6.0,12.4,294,230,230,56,83,83,142,127,127,235,305,272,182,40,87,262,268,152,58,141,152,368,405,405,26,53,61
2240,Gilbert Arenas,1610612764,WAS,28.0,32,101.9,104.0,104.0,106.5,107.3,107.3,-4.6,-3.3,-3.3,0.351,1.97,21.8,0.014,0.1,0.056,11.1,11.1,0.462,0.511,0.305,0.307,97.59,96.29,80.24,96.29,0.126,2342,7.9,19.3,283,226,226,276,307,307,309,283,283,11,101,91,374,270,320,226,227,322,294,7,7,87,153,153,52,15,7
201175,Glen Davis,1610612738,BOS,24.0,54,100.6,99.9,99.9,104.7,105.1,105.1,-4.1,-5.2,-5.2,0.064,0.66,8.2,0.115,0.124,0.12,12.4,12.4,0.437,0.5,0.193,0.199,92.57,92.66,77.22,92.66,0.062,1805,2.3,5.2,318,332,332,203,223,223,300,326,326,324,355,351,23,202,108,307,306,361,319,172,166,372,352,352,339,273,264
201609,Goran Dragic,1610612756,PHX,24.0,80,110.5,109.2,109.2,105.9,106.2,106.2,4.6,3.0,3.0,0.264,1.91,26.0,0.028,0.091,0.06,13.6,13.6,0.527,0.566,0.206,0.213,95.77,96.18,80.15,96.18,0.105,2883,2.8,6.1,33,67,67,256,269,269,92,113,113,42,108,53,271,316,291,348,348,106,103,130,120,169,154,154,111,221,230
255,Grant Hill,1610612756,PHX,37.0,81,111.5,112.0,112.0,107.4,108.7,108.7,4.1,3.3,3.3,0.111,1.79,17.3,0.033,0.143,0.092,9.7,9.7,0.503,0.561,0.165,0.168,98.2,97.39,81.16,97.39,0.098,4934,4.1,8.7,18,25,25,311,356,356,99,107,107,184,133,147,244,156,179,151,154,179,118,279,281,74,119,119,146,130,137
201141,Greg Oden,1610612757,POR,22.0,21,111.5,113.1,113.1,102.7,102.8,102.8,8.8,10.3,10.3,0.066,0.49,8.0,0.144,0.24,0.194,16.5,16.4,0.605,0.647,0.206,0.209,88.18,87.48,72.9,87.48,0.148,907,4.4,7.2,21,13,13,137,133,133,22,14,14,317,390,356,5,14,5,390,391,12,8,128,134,439,441,441,21,116,183
101124,Hakim Warrick,1610612741,CHI,27.0,76,99.8,100.3,100.3,106.1,104.9,104.9,-6.4,-4.6,-4.6,0.058,0.65,6.5,0.08,0.126,0.102,9.9,10.0,0.483,0.547,0.215,0.217,95.24,95.57,79.64,95.57,0.102,3094,3.5,7.2,348,324,324,266,217,217,339,320,320,339,356,384,104,200,152,163,164,264,153,102,109,203,177,177,127,167,184
201632,Hamed Haddadi,1610612763,MEM,25.0,36,94.8,94.0,94.0,107.8,105.6,105.6,-13.0,-11.6,-11.6,0.064,0.5,10.0,0.1,0.2,0.149,20.0,19.9,0.387,0.441,0.155,0.16,98.68,100.14,83.45,100.14,0.029,499,0.7,1.7,409,405,405,322,245,245,413,406,406,321,385,295,54,48,44,426,426,409,400,322,318,62,47,47,414,409,403
201934,Hasheem Thabeet,1610612763,MEM,23.0,68,100.5,102.2,102.2,106.3,104.8,104.8,-5.8,-2.6,-2.6,0.018,0.26,4.8,0.092,0.179,0.135,18.9,19.0,0.588,0.605,0.104,0.105,96.94,96.84,80.7,96.84,0.064,1767,1.1,1.9,321,272,272,271,214,214,333,260,260,421,412,410,65,80,76,419,420,23,36,415,421,108,134,134,335,361,399
2045,Hedo Turkoglu,1610612761,TOR,31.0,74,108.6,109.8,109.8,112.0,112.9,112.9,-3.4,-3.1,-3.1,0.199,2.43,25.2,0.02,0.135,0.078,10.4,10.4,0.49,0.54,0.18,0.181,94.78,93.9,78.25,93.9,0.088,4451,3.7,9.1,75,56,56,412,427,427,285,278,278,88,53,56,327,174,222,185,185,240,176,220,231,242,300,300,204,153,124
201611,Henry Walker,1610612752,NYK,22.0,35,111.5,110.7,110.7,111.1,110.4,110.4,0.4,0.3,0.3,0.079,1.43,12.4,0.02,0.1,0.06,8.7,8.7,0.625,0.649,0.162,0.165,96.91,97.56,81.3,97.56,0.081,1553,3.4,6.6,20,42,42,403,397,397,177,178,178,269,191,237,320,276,292,91,90,6,7,289,294,111,110,110,249,169,212
200756,Hilton Armstrong,1610612745,HOU,25.0,33,97.1,95.1,95.1,101.8,101.0,101.0,-4.7,-5.9,-5.9,0.095,0.95,15.2,0.078,0.168,0.121,15.9,16.2,0.354,0.381,0.153,0.156,95.3,96.62,80.52,96.62,0.031,678,0.8,2.4,385,394,394,105,73,73,312,336,336,223,291,177,110,98,105,387,388,423,425,326,329,199,141,141,412,392,376
101133,Ian Mahinmi,1610612759,SAS,23.0,26,98.3,94.4,94.4,99.9,98.0,98.0,-1.6,-3.6,-3.6,0.024,0.13,2.2,0.079,0.207,0.148,16.1,16.2,0.636,0.667,0.241,0.252,96.66,99.56,82.97,99.56,0.149,339,1.3,2.1,376,401,401,50,24,24,233,290,290,416,422,423,105,38,46,388,389,4,4,52,42,122,57,57,20,343,386
2137,Ime Udoka,1610612758,SAC,32.0,69,103.2,102.3,102.3,104.0,103.7,103.7,-0.8,-1.3,-1.3,0.091,1.38,15.8,0.053,0.146,0.099,11.4,11.5,0.432,0.47,0.139,0.143,97.03,97.58,81.31,97.58,0.073,1897,1.3,3.5,236,268,268,179,169,169,202,229,229,232,199,164,179,150,163,247,251,369,373,361,360,106,109,109,291,346,319
200826,J.J. Barea,1610612742,DAL,26.0,78,105.6,104.5,104.5,106.5,106.3,106.3,-1.0,-1.8,-1.8,0.269,2.53,27.9,0.012,0.086,0.05,11.0,11.0,0.493,0.526,0.196,0.202,93.56,94.12,78.43,94.12,0.095,3034,3.0,6.8,158,205,205,277,275,275,210,239,239,38,41,43,397,339,359,222,222,230,242,160,158,318,283,283,164,212,202
201592,J.R. Giddens,1610612752,NYK,25.0,32,100.9,95.7,95.7,109.6,110.0,110.0,-8.8,-14.3,-14.3,0.096,0.76,12.9,0.067,0.154,0.109,16.8,17.0,0.467,0.492,0.154,0.162,95.94,98.27,81.89,98.27,0.062,490,0.9,1.9,313,385,385,381,389,389,377,417,417,217,334,226,142,134,138,397,397,308,338,323,310,160,88,88,337,388,401
201581,JJ Hickson,1610612739,CLE,21.0,81,108.1,108.3,108.3,105.5,106.8,106.8,2.6,1.5,1.5,0.037,0.43,5.5,0.073,0.173,0.126,12.7,12.7,0.554,0.58,0.186,0.189,94.61,93.94,78.28,93.94,0.099,3312,3.6,6.4,88,96,96,234,294,294,120,149,149,399,395,400,120,92,98,316,316,54,67,198,202,256,294,294,145,163,218
200755,JJ Redick,1610612753,ORL,26.0,82,108.9,108.7,108.7,102.8,103.8,103.8,6.1,4.9,4.9,0.143,2.51,18.4,0.01,0.076,0.044,7.3,7.2,0.54,0.606,0.175,0.182,94.5,94.13,78.44,94.13,0.102,3549,3.0,6.7,67,83,83,140,176,176,63,86,86,123,44,136,407,380,394,45,42,79,35,239,229,265,282,282,129,213,203
2747,JR Smith,1610612743,DEN,24.0,75,109.9,111.0,111.0,104.1,104.9,104.9,5.7,6.1,6.1,0.149,1.32,12.7,0.014,0.1,0.057,9.7,9.6,0.491,0.515,0.261,0.267,97.7,96.8,80.67,96.8,0.098,4198,5.7,13.8,50,34,34,185,220,220,73,56,56,119,212,227,377,273,313,147,147,235,279,26,23,86,135,135,149,67,44
201580,JaVale McGee,1610612764,WAS,22.0,60,99.8,99.7,99.7,108.0,108.0,108.0,-8.2,-8.3,-8.3,0.024,0.27,3.3,0.095,0.162,0.129,12.1,12.1,0.508,0.539,0.19,0.195,93.32,93.36,77.8,93.36,0.096,1874,2.6,5.1,346,339,339,330,327,327,366,377,377,415,410,418,62,121,91,298,296,166,181,182,179,331,322,322,161,238,266
2048,Jamaal Magloire,1610612748,MIA,32.0,36,101.8,99.7,99.7,102.3,101.6,101.6,-0.6,-1.9,-1.9,0.005,0.06,1.0,0.116,0.231,0.173,16.7,17.0,0.5,0.47,0.128,0.131,88.67,89.88,74.9,89.88,0.053,674,0.8,1.6,288,340,340,122,94,94,196,243,243,428,424,429,19,19,14,391,398,191,374,382,383,435,427,427,370,401,415
2224,Jamaal Tinsley,1610612763,MEM,32.0,38,103.3,104.1,104.1,105.4,104.7,104.7,-2.1,-0.5,-0.5,0.251,1.71,33.5,0.019,0.093,0.056,19.6,19.5,0.396,0.438,0.153,0.158,96.46,96.4,80.34,96.4,0.062,1184,1.4,3.7,231,219,219,231,213,213,246,203,203,48,149,17,333,307,323,425,423,402,402,325,325,130,149,149,341,340,312
2037,Jamal Crawford,1610612737,ATL,30.0,79,110.3,111.3,111.3,105.9,106.7,106.7,4.4,4.6,4.6,0.163,1.74,14.8,0.014,0.07,0.042,8.5,8.5,0.523,0.573,0.249,0.254,93.22,92.46,77.05,92.46,0.12,4755,6.3,14.0,36,32,32,258,291,291,94,90,90,110,146,188,375,398,398,80,78,121,85,38,36,337,368,368,67,42,39
200081,Jamario Moon,1610612739,CLE,30.0,61,106.0,104.4,104.4,98.5,99.8,99.8,7.5,4.5,4.5,0.073,2.13,14.5,0.026,0.149,0.091,6.8,6.8,0.526,0.555,0.124,0.129,94.57,94.66,78.88,94.66,0.101,2066,1.9,4.0,141,213,213,26,42,42,38,91,91,293,86,193,285,146,181,27,27,109,128,390,386,260,235,235,133,295,298
2749,Jameer Nelson,1610612753,ORL,28.0,65,109.1,109.6,109.6,98.7,100.9,100.9,10.3,8.7,8.7,0.323,2.54,28.4,0.015,0.092,0.055,11.2,11.1,0.51,0.54,0.222,0.226,93.31,92.05,76.71,92.05,0.118,3571,4.9,10.9,63,58,58,28,71,71,15,20,20,17,39,37,362,310,329,232,229,160,174,87,88,332,383,383,71,96,90
201935,James Harden,1610612760,OKC,20.0,76,105.7,104.8,104.8,99.8,99.9,99.9,5.9,4.9,4.9,0.13,1.29,14.7,0.028,0.111,0.071,11.4,11.4,0.484,0.551,0.199,0.203,94.96,95.3,79.42,95.3,0.097,3459,3.1,7.6,152,189,189,48,47,47,69,85,85,150,218,192,269,242,255,244,246,262,142,153,149,226,196,196,157,204,170
201949,James Johnson,1610612741,CHI,23.0,65,94.8,94.9,94.9,104.1,103.0,103.0,-9.3,-8.1,-8.1,0.104,0.77,13.8,0.044,0.123,0.083,17.8,17.7,0.488,0.532,0.174,0.179,97.24,97.69,81.41,97.69,0.058,1535,1.5,3.2,408,396,396,184,143,143,385,373,373,201,332,205,201,208,207,408,405,245,208,246,242,100,105,105,355,332,332
2592,James Jones,1610612748,MIA,29.0,36,100.2,99.7,99.7,100.6,101.9,101.9,-0.4,-2.2,-2.2,0.056,1.55,11.0,0.008,0.082,0.045,7.1,6.9,0.517,0.556,0.127,0.135,91.57,91.19,75.99,91.19,0.057,960,1.2,3.3,332,341,341,66,103,103,193,251,251,347,172,263,417,361,384,34,29,139,124,384,376,401,403,403,356,355,330
1899,James Posey,1610612740,NOH,33.0,77,105.9,106.5,106.5,108.1,108.7,108.7,-2.2,-2.2,-2.2,0.096,2.29,21.3,0.02,0.186,0.102,9.3,9.3,0.483,0.525,0.114,0.116,93.09,92.55,77.13,92.55,0.067,3337,1.6,4.5,145,144,144,331,354,354,250,250,250,221,65,98,326,68,153,124,124,265,248,403,402,345,359,359,318,316,283
101189,James Singleton,1610612764,WAS,28.0,57,97.7,97.6,97.6,106.2,105.4,105.4,-8.5,-7.8,-7.8,0.051,0.63,8.5,0.107,0.187,0.144,13.5,13.6,0.396,0.452,0.15,0.152,92.61,93.02,77.51,93.02,0.077,1895,1.7,4.5,381,370,370,267,237,237,370,368,368,365,359,347,40,65,50,342,346,405,390,332,335,370,336,336,270,310,285
201191,JamesOn Curry,1610612746,LAC,24.0,1,0.0,0.0,0.0,0.0,0.0,0.0,0.0,0.0,0.0,0.0,0.0,0.0,0.0,0.0,0.0,0.0,0.0,0.0,0.0,0.0,0.0,0.0,369.23,307.69,369.23,0.0,0,0.0,0.0,442,442,442,1,1,1,189,190,190,430,427,430,430,434,429,1,1,441,441,441,441,442,1,1,432,441,441
2457,Jannero Pargo,1610612741,CHI,30.0,63,100.2,98.9,98.9,105.1,102.8,102.8,-5.0,-3.9,-3.9,0.182,1.78,16.6,0.011,0.085,0.047,9.3,9.3,0.396,0.429,0.236,0.247,94.67,96.32,80.26,96.32,0.062,1664,2.1,6.0,331,352,352,219,134,134,318,300,300,97,135,151,403,345,376,127,122,404,405,60,53,250,152,152,338,280,232
201162,Jared Dudley,1610612756,PHX,24.0,82,112.6,112.2,112.2,106.1,106.8,106.8,6.5,5.3,5.3,0.082,1.69,15.6,0.053,0.088,0.071,9.3,9.3,0.582,0.612,0.135,0.138,97.08,96.92,80.77,96.92,0.083,4020,2.7,6.0,12,22,22,263,297,297,57,71,71,261,153,169,180,331,253,123,123,30,31,373,375,102,130,130,239,224,237
2407,Jared Jeffries,1610612745,HOU,28.0,70,104.2,104.7,104.7,105.2,105.3,105.3,-1.0,-0.6,-0.6,0.08,1.33,18.6,0.072,0.09,0.081,14.0,14.0,0.473,0.507,0.11,0.112,95.04,94.7,78.92,94.7,0.048,3524,2.0,4.5,199,194,194,223,231,231,212,205,205,266,211,134,124,319,213,358,358,294,300,408,408,221,230,230,381,287,282
101127,Jarrett Jack,1610612761,TOR,26.0,82,109.2,109.1,109.1,110.8,111.9,111.9,-1.7,-2.8,-2.8,0.277,2.53,30.7,0.014,0.088,0.052,12.1,12.0,0.542,0.599,0.185,0.19,96.24,95.8,79.83,95.8,0.11,4491,3.9,8.2,61,70,70,400,413,413,235,270,270,32,40,25,372,330,346,297,294,74,44,204,200,146,161,161,92,142,156
2260,Jarron Collins,1610612756,PHX,31.0,34,101.2,99.6,99.6,101.7,101.7,101.7,-0.5,-2.0,-2.0,0.031,0.6,10.5,0.078,0.145,0.111,17.5,17.2,0.387,0.405,0.082,0.087,98.37,99.15,82.62,99.15,0.01,539,0.4,0.9,308,342,342,102,96,96,194,248,248,405,368,273,109,154,133,404,401,409,416,436,433,71,66,66,430,432,435
2553,Jarvis Hayes,1610612751,NJN,28.0,45,102.2,102.0,102.0,109.8,108.9,108.9,-7.6,-6.9,-6.9,0.064,1.43,9.9,0.009,0.101,0.054,6.9,6.9,0.512,0.521,0.161,0.163,93.48,93.91,78.26,93.91,0.058,2013,3.1,7.3,277,276,276,385,360,360,357,358,358,323,191,301,414,269,333,29,30,148,257,296,297,322,297,297,352,203,179
2215,Jason Collins,1610612737,ATL,31.0,24,91.5,91.9,91.9,102.6,96.2,96.2,-11.0,-4.3,-4.3,0.053,0.8,12.1,0.041,0.075,0.058,15.2,15.2,0.348,0.335,0.107,0.111,95.45,98.32,81.93,98.32,-0.024,235,0.3,1.0,429,424,424,134,19,19,402,307,307,357,324,246,211,385,310,377,379,425,433,413,410,189,83,83,438,433,434
2078,Jason Hart,1610612740,NOH,32.0,5,96.1,93.5,93.5,80.2,76.0,76.0,15.8,17.5,17.5,0.353,2.0,54.5,0.0,0.0,0.0,27.3,27.3,0.5,0.5,0.1,0.107,99.84,104.04,86.7,104.04,0.063,46,0.2,0.4,397,415,415,4,4,4,4,3,3,10,93,1,430,434,429,441,441,191,321,422,417,40,12,12,336,439,440
2574,Jason Kapono,1610612755,PHI,29.0,57,101.7,102.5,102.5,110.1,108.4,108.4,-8.4,-5.9,-5.9,0.063,1.15,10.3,0.014,0.058,0.035,8.9,8.9,0.523,0.527,0.156,0.158,94.22,94.55,78.79,94.55,0.045,1926,2.2,5.3,291,264,264,394,343,343,368,338,338,325,247,284,370,421,419,103,105,116,234,317,326,284,248,248,390,276,260
467,Jason Kidd,1610612742,DAL,37.0,80,107.8,107.9,107.9,101.8,103.6,103.6,6.1,4.3,4.3,0.361,3.71,44.2,0.018,0.138,0.079,11.9,11.9,0.554,0.577,0.143,0.145,95.12,94.21,78.51,94.21,0.133,5668,3.6,8.4,94,103,103,104,165,165,65,94,94,9,4,2,349,166,220,284,286,53,72,348,354,213,270,270,37,164,145
101131,Jason Maxiell,1610612765,DET,27.0,76,103.4,104.0,104.0,110.3,110.4,110.4,-6.8,-6.4,-6.4,0.04,0.57,6.6,0.105,0.18,0.14,11.5,11.5,0.511,0.531,0.161,0.163,90.79,90.49,75.41,90.49,0.081,2918,2.8,5.5,226,224,224,397,398,398,346,349,349,392,371,383,45,77,58,248,254,154,209,295,298,418,419,419,250,219,251
2202,Jason Richardson,1610612756,PHX,29.0,79,114.3,114.9,114.9,107.8,109.0,109.0,6.5,5.9,5.9,0.085,1.55,10.9,0.035,0.122,0.082,7.0,7.0,0.553,0.574,0.205,0.207,98.2,97.39,81.16,97.39,0.103,5045,6.0,12.6,9,8,8,323,362,362,58,62,62,254,168,266,232,209,212,31,33,57,79,135,138,73,118,118,125,55,60
201160,Jason Smith,1610612755,PHI,24.0,56,104.7,102.7,102.7,108.7,105.8,105.8,-4.1,-3.1,-3.1,0.076,0.94,12.6,0.086,0.135,0.11,13.4,13.4,0.46,0.491,0.153,0.157,94.36,96.57,80.47,96.57,0.048,1319,1.3,3.1,182,259,259,354,256,256,299,274,274,282,294,231,85,176,137,341,341,326,342,327,328,276,143,143,378,345,338
1891,Jason Terry,1610612742,DAL,32.0,77,107.2,107.3,107.3,103.2,104.2,104.2,4.0,3.1,3.1,0.194,2.68,18.8,0.008,0.048,0.028,7.0,7.0,0.503,0.552,0.224,0.229,94.64,94.14,78.45,94.14,0.106,4992,5.9,13.5,110,120,120,158,189,189,100,112,112,92,28,131,420,429,425,30,31,177,135,82,81,253,279,279,107,56,49
201574,Jason Thompson,1610612758,SAC,23.0,75,101.5,103.3,103.3,106.9,107.5,107.5,-5.4,-4.3,-4.3,0.084,0.89,10.6,0.094,0.182,0.137,11.9,11.9,0.473,0.518,0.195,0.197,96.15,95.05,79.21,95.05,0.095,4655,4.9,10.5,296,247,247,293,314,314,327,306,306,258,308,270,64,76,69,283,284,295,268,163,175,147,210,210,168,92,103
1715,Jason Williams,1610612753,ORL,34.0,82,110.1,110.0,110.0,101.9,102.8,102.8,8.1,7.2,7.2,0.265,3.43,36.0,0.004,0.067,0.037,10.5,10.5,0.542,0.555,0.14,0.143,94.94,94.6,78.83,94.6,0.1,3366,2.3,5.2,44,53,53,110,130,130,28,39,39,40,8,12,427,405,415,190,190,75,125,356,361,227,239,239,138,271,263
101214,Jawad Williams,1610612739,CLE,27.0,54,104.4,103.9,103.9,105.3,104.6,104.6,-0.9,-0.7,-0.7,0.073,1.89,12.2,0.023,0.09,0.057,6.5,6.5,0.466,0.496,0.149,0.153,93.89,94.43,78.69,94.43,0.048,1449,1.5,3.8,191,227,227,228,211,211,207,207,207,292,110,241,305,322,314,22,21,311,330,336,331,298,255,255,379,325,308
201965,Jeff Ayres,1610612757,POR,23.0,39,107.5,105.8,105.8,114.3,112.2,112.2,-6.8,-6.4,-6.4,0.004,0.08,1.1,0.07,0.202,0.136,13.8,13.8,0.662,0.705,0.098,0.102,91.19,92.79,77.33,92.79,0.066,779,1.1,1.7,102,157,157,428,416,416,345,350,350,429,423,427,134,47,71,354,353,3,3,428,427,412,347,347,327,363,405
1902,Jeff Foster,1610612754,IND,33.0,16,105.3,105.1,105.1,106.6,106.4,106.4,-1.3,-1.3,-1.3,0.118,1.5,25.0,0.131,0.186,0.158,16.7,16.5,0.478,0.49,0.104,0.107,99.38,99.56,82.97,99.56,0.06,528,1.4,2.9,169,176,176,281,280,280,222,226,226,172,179,60,9,70,29,391,392,277,343,416,414,45,56,56,346,339,354
201145,Jeff Green,1610612760,OKC,23.0,82,106.0,107.3,107.3,104.1,105.4,105.4,2.0,2.0,2.0,0.071,0.99,9.4,0.039,0.127,0.084,9.4,9.4,0.502,0.53,0.19,0.193,95.21,94.07,78.39,94.07,0.091,5967,5.9,13.0,140,121,121,182,234,234,134,139,139,300,282,320,219,197,206,131,132,189,216,181,187,204,287,287,191,57,55
201952,Jeff Teague,1610612737,ATL,22.0,71,102.5,100.8,100.8,104.4,103.3,103.3,-1.9,-2.6,-2.6,0.258,2.44,29.1,0.007,0.091,0.047,11.9,11.9,0.412,0.459,0.174,0.183,96.49,97.8,81.5,97.8,0.077,1462,1.3,3.2,266,309,309,194,157,157,243,261,261,43,51,31,425,314,372,285,282,387,380,243,226,127,100,100,272,349,334
979,Jermaine O'Neal,1610612748,MIA,31.0,70,106.4,107.8,107.8,101.3,102.6,102.6,5.1,5.2,5.2,0.078,0.74,8.7,0.068,0.19,0.13,11.8,11.8,0.529,0.563,0.228,0.229,92.46,91.28,76.07,91.28,0.119,3783,5.6,10.6,134,108,108,91,124,124,85,75,75,271,340,340,140,60,88,274,275,104,110,77,80,375,399,399,69,71,95
201966,Jermaine Taylor,1610612745,HOU,23.0,31,92.9,93.2,93.2,113.6,111.5,111.5,-20.7,-18.3,-18.3,0.096,0.84,9.2,0.06,0.095,0.075,10.9,10.9,0.399,0.46,0.218,0.223,98.0,98.71,82.26,98.71,0.067,620,1.5,3.8,420,417,417,425,410,410,432,430,430,220,320,322,159,292,232,210,212,400,378,94,94,81,74,74,316,333,307
711,Jerry Stackhouse,1610612749,MIL,35.0,42,103.6,105.1,105.1,102.3,101.6,101.6,1.3,3.5,3.5,0.133,1.06,14.5,0.023,0.096,0.059,13.6,13.7,0.479,0.517,0.218,0.22,93.01,92.63,77.19,92.63,0.084,1646,3.1,7.5,221,179,179,120,93,93,153,105,105,142,261,194,307,286,296,349,350,271,275,95,99,352,354,354,233,202,174
201573,Jerryd Bayless,1610612757,POR,21.0,74,106.5,105.4,105.4,105.5,105.6,105.6,1.0,-0.2,-0.2,0.226,1.83,20.1,0.015,0.084,0.049,11.0,11.0,0.444,0.534,0.24,0.247,90.85,91.25,76.04,91.25,0.093,2479,2.7,6.5,127,165,165,235,247,247,160,194,194,72,122,116,365,351,362,221,219,352,199,53,50,417,401,401,180,230,215
201149,Joakim Noah,1610612741,CHI,25.0,64,101.3,102.0,102.0,102.7,103.7,103.7,-1.3,-1.6,-1.6,0.107,1.13,15.2,0.117,0.241,0.181,13.5,13.5,0.504,0.557,0.17,0.172,94.59,93.81,78.17,93.81,0.133,3745,4.1,8.1,302,277,277,136,168,168,223,235,235,193,249,179,17,13,9,343,344,175,122,257,264,258,305,305,35,132,157
201975,Jodie Meeks,1610612755,PHI,22.0,60,105.5,105.3,105.3,108.7,105.5,105.5,-3.2,-0.2,-0.2,0.08,1.56,11.1,0.012,0.137,0.071,7.1,7.2,0.466,0.493,0.187,0.191,96.87,98.4,82.0,98.4,0.073,1468,1.7,4.5,164,168,168,350,243,243,281,197,197,267,167,262,394,168,254,36,38,310,336,195,198,112,82,82,288,306,284
201570,Joe Alexander,1610612741,CHI,23.0,8,110.5,113.1,113.1,135.0,116.2,116.2,-24.5,-3.1,-3.1,0.091,0.0,22.2,0.065,0.0,0.0,0.0,0.0,0.167,0.273,0.099,0.102,100.46,107.13,89.28,107.13,-0.033,61,0.1,0.8,29,14,14,442,432,432,435,275,275,233,427,86,148,434,429,1,1,440,437,427,423,31,7,7,440,440,436
2207,Joe Johnson,1610612737,ATL,29.0,76,111.1,112.9,112.9,105.1,106.6,106.6,6.0,6.2,6.2,0.216,2.54,18.4,0.027,0.102,0.064,7.2,7.2,0.505,0.538,0.264,0.267,91.7,90.31,75.26,90.31,0.126,5434,8.4,18.2,26,17,17,218,287,287,66,54,54,81,38,137,275,268,278,41,40,172,187,22,24,399,423,423,53,12,10
693,Joe Smith,1610612737,ATL,34.0,64,107.6,107.3,107.3,109.1,108.4,108.4,-1.6,-1.1,-1.1,0.055,0.95,8.1,0.109,0.167,0.136,8.5,8.6,0.402,0.453,0.175,0.179,92.09,92.52,77.1,92.52,0.058,1139,1.2,3.0,101,122,122,362,341,341,232,219,219,354,291,352,34,106,70,79,81,393,389,241,243,387,361,361,353,354,341
201202,Joel Anthony,1610612748,MIA,27.0,80,101.3,100.0,100.0,98.4,99.5,99.5,2.8,0.5,0.5,0.014,0.27,4.6,0.097,0.093,0.095,17.4,17.5,0.478,0.546,0.086,0.088,91.33,91.4,76.17,91.4,0.047,2510,1.0,2.0,303,329,329,25,38,38,117,169,169,423,411,411,58,304,171,403,404,279,156,432,432,407,397,397,382,384,395
2038,Joel Przybilla,1610612757,POR,30.0,30,101.3,101.6,101.6,98.3,98.4,98.4,3.0,3.2,3.2,0.019,0.21,5.1,0.116,0.254,0.187,24.8,25.1,0.523,0.567,0.102,0.103,90.43,90.32,75.27,90.32,0.087,1282,1.5,2.9,299,288,288,23,29,29,113,109,109,420,414,407,20,9,7,436,437,116,101,419,422,422,422,422,211,325,355
201595,Joey Dorsey,1610612758,SAC,26.0,15,119.7,116.7,116.7,104.8,106.0,106.0,14.9,10.6,10.6,0.025,0.33,6.1,0.15,0.252,0.201,18.2,18.0,0.45,0.455,0.119,0.124,96.47,97.12,80.94,97.12,0.048,216,0.6,1.3,3,4,4,210,261,261,5,12,12,414,404,392,2,10,1,412,411,340,385,398,394,129,123,123,377,415,422
101121,Joey Graham,1610612743,DEN,28.0,63,101.9,102.1,102.1,105.3,104.6,104.6,-3.4,-2.5,-2.5,0.046,0.51,7.3,0.056,0.113,0.085,14.3,14.4,0.525,0.568,0.161,0.164,97.26,97.48,81.23,97.48,0.06,1540,1.7,3.2,285,274,274,226,210,210,284,257,257,385,382,367,170,236,202,369,369,113,98,293,295,98,115,115,349,314,333
101130,Johan Petro,1610612743,DEN,24.0,36,107.5,108.0,108.0,107.0,106.4,106.4,0.5,1.7,1.7,0.045,0.61,9.5,0.076,0.226,0.152,15.6,15.6,0.535,0.553,0.137,0.139,94.93,94.96,79.13,94.96,0.069,860,1.5,2.8,103,99,99,294,279,279,175,146,146,387,365,312,112,21,38,382,382,91,132,369,372,228,215,215,311,325,357
2422,John Salmons,1610612749,MIL,30.0,81,101.3,102.5,102.5,98.8,99.8,99.8,2.5,2.7,2.7,0.132,1.81,15.2,0.013,0.082,0.048,8.4,8.4,0.501,0.553,0.199,0.203,93.59,92.6,77.16,92.6,0.104,5445,5.4,12.2,301,265,265,29,43,43,124,122,122,143,125,180,393,357,367,71,74,190,133,151,153,315,356,356,118,81,65
201972,Jon Brockman,1610612758,SAC,23.0,52,107.2,108.4,108.4,108.9,109.1,109.1,-1.7,-0.7,-0.7,0.049,0.96,12.6,0.155,0.176,0.165,13.1,13.1,0.534,0.564,0.099,0.102,94.8,94.18,78.48,94.18,0.066,1272,1.1,2.0,113,92,92,357,368,368,237,209,209,371,290,234,1,86,18,334,331,94,106,424,424,238,275,275,325,368,396
201973,Jonas Jerebko,1610612765,DET,23.0,80,103.8,104.7,104.7,107.3,108.3,108.3,-3.5,-3.6,-3.6,0.041,0.71,7.1,0.088,0.146,0.115,10.0,10.0,0.511,0.545,0.155,0.158,90.21,89.45,74.55,89.45,0.082,4154,3.6,7.5,214,197,197,307,336,336,287,289,289,390,347,376,75,151,124,166,169,155,163,319,327,424,433,433,245,157,173
1886,Jonathan Bender,1610612752,NYK,29.0,25,97.8,96.8,96.8,108.4,107.8,107.8,-10.6,-11.0,-11.0,0.094,0.57,10.3,0.049,0.128,0.088,17.9,18.0,0.47,0.529,0.206,0.21,96.76,97.49,81.25,97.49,0.068,599,1.6,4.0,380,378,378,340,322,322,398,403,403,225,372,285,185,196,190,410,410,299,222,127,132,117,114,114,312,319,301
201938,Jonny Flynn,1610612750,MIN,21.0,81,99.0,99.5,99.5,112.2,112.5,112.5,-13.2,-13.0,-13.0,0.245,1.53,21.4,0.01,0.076,0.041,14.0,14.0,0.457,0.511,0.24,0.243,98.89,98.46,82.05,98.46,0.087,4798,4.9,11.8,359,344,344,414,422,422,414,412,412,56,175,96,406,382,399,359,359,329,293,54,57,57,79,79,212,94,75
200770,Jordan Farmar,1610612747,LAL,23.0,82,103.2,102.4,102.4,100.8,100.5,100.5,2.4,1.9,1.9,0.139,1.76,17.0,0.009,0.077,0.043,9.6,9.6,0.518,0.535,0.186,0.192,95.17,95.67,79.73,95.67,0.082,2939,2.7,6.3,235,266,266,77,60,60,127,140,140,134,139,149,411,372,395,144,143,131,197,201,196,209,169,169,246,225,223
201941,Jordan Hill,1610612745,HOU,22.0,47,104.9,105.6,105.6,107.7,106.3,106.3,-2.8,-0.8,-0.8,0.052,0.67,7.1,0.113,0.174,0.141,10.7,10.7,0.493,0.528,0.177,0.181,95.49,95.79,79.83,95.79,0.086,1241,2.1,4.3,177,164,164,317,277,277,269,210,210,360,353,373,27,88,57,197,198,232,228,234,234,187,162,162,218,278,287
101181,Jose Calderon,1610612761,TOR,28.0,68,109.7,111.1,111.1,112.0,112.5,112.5,-2.2,-1.4,-1.4,0.334,4.08,36.5,0.013,0.067,0.041,9.0,8.9,0.542,0.569,0.173,0.178,95.08,94.3,78.58,94.3,0.109,3582,4.0,8.4,53,33,33,410,420,420,254,231,231,13,3,10,386,404,403,104,100,75,96,249,248,217,264,264,94,133,147
200767,Josh Boone,1610612751,NJN,25.0,63,94.7,93.8,93.8,105.7,105.5,105.5,-11.0,-11.7,-11.7,0.047,0.78,9.2,0.113,0.196,0.152,11.7,11.8,0.525,0.509,0.121,0.124,93.15,93.66,78.05,93.66,0.09,2040,1.9,3.5,410,408,408,244,239,239,401,408,408,379,329,321,24,53,37,271,272,114,296,393,393,341,310,310,201,297,316
2572,Josh Howard,1610612764,WAS,30.0,35,108.2,108.1,108.1,107.1,107.7,107.7,1.1,0.4,0.4,0.086,1.04,8.8,0.036,0.105,0.072,8.4,8.5,0.434,0.496,0.246,0.249,95.09,94.87,79.06,94.87,0.073,1810,4.5,11.1,84,97,97,300,317,317,157,173,173,252,265,336,231,262,251,76,79,366,329,45,48,214,222,222,290,113,87
201177,Josh McRoberts,1610612754,IND,23.0,42,104.9,104.6,104.6,105.8,105.8,105.8,-0.9,-1.2,-1.2,0.124,2.32,19.5,0.075,0.162,0.119,8.4,8.4,0.548,0.55,0.147,0.15,102.06,102.18,85.15,102.18,0.088,1112,1.8,3.5,176,202,202,248,258,258,206,221,221,160,63,124,118,119,110,75,76,63,145,341,339,21,23,23,206,301,320
2694,Josh Powell,1610612747,LAL,27.0,63,99.7,98.8,98.8,105.3,104.6,104.6,-5.6,-5.8,-5.8,0.097,1.06,12.7,0.07,0.125,0.096,12.0,12.0,0.384,0.407,0.181,0.186,94.56,95.33,79.44,95.33,0.038,1146,1.1,3.1,350,354,354,227,208,208,331,335,335,212,261,229,135,201,168,286,290,411,414,213,211,261,195,195,398,362,340
2746,Josh Smith,1610612737,ATL,24.0,81,110.2,111.8,111.8,102.9,104.5,104.5,7.3,7.3,7.3,0.187,1.73,20.0,0.082,0.174,0.128,11.6,11.5,0.505,0.536,0.221,0.224,92.02,90.66,75.55,90.66,0.13,5421,6.2,12.3,39,26,26,142,204,204,44,37,37,94,147,117,94,91,93,254,252,173,193,90,93,388,415,415,42,45,63
201950,Jrue Holiday,1610612755,PHI,20.0,73,103.9,104.5,104.5,109.0,108.7,108.7,-5.1,-4.2,-4.2,0.239,1.79,28.2,0.033,0.083,0.058,15.7,15.7,0.502,0.526,0.18,0.183,93.75,93.54,77.95,93.54,0.079,3434,3.2,7.1,211,206,206,360,355,355,322,304,304,59,130,39,241,356,308,384,383,188,240,217,225,306,315,315,260,194,190
201153,Julian Wright,1610612740,NOH,23.0,68,105.0,105.2,105.2,105.4,105.7,105.7,-0.4,-0.5,-0.5,0.066,0.93,12.2,0.07,0.104,0.087,13.1,13.1,0.504,0.518,0.15,0.151,97.03,96.75,80.62,96.75,0.072,1749,1.7,3.4,173,171,171,229,252,252,192,204,204,316,298,243,133,263,191,332,332,174,271,333,336,105,137,137,296,309,324
436,Juwan Howard,1610612757,POR,37.0,73,104.8,104.6,104.6,105.8,106.6,106.6,-1.0,-2.0,-2.0,0.062,0.85,11.3,0.07,0.158,0.113,13.3,13.4,0.509,0.538,0.14,0.143,88.37,88.16,73.47,88.16,0.07,2991,2.6,5.1,180,204,204,254,286,286,214,247,247,330,319,259,132,129,131,338,338,164,186,358,362,438,440,440,301,236,265
2416,Kareem Rush,1610612746,LAC,29.0,7,107.1,101.8,101.8,110.1,112.7,112.7,-3.0,-10.9,-10.9,0.105,1.33,22.2,0.019,0.085,0.054,16.7,16.7,0.409,0.409,0.108,0.113,90.61,91.81,76.51,91.81,0.025,111,0.6,1.6,116,284,284,395,424,424,276,402,402,194,206,86,328,346,330,391,393,391,413,410,406,421,389,389,420,417,413
2586,Keith Bogans,1610612759,SAS,30.0,79,104.5,104.9,104.9,102.6,102.9,102.9,1.9,2.0,2.0,0.086,1.79,20.3,0.017,0.098,0.059,11.3,11.3,0.52,0.542,0.108,0.11,94.8,94.49,78.74,94.49,0.049,3055,1.5,3.8,189,185,185,133,136,136,135,137,137,250,131,114,351,279,300,240,240,128,169,409,411,237,251,251,375,324,309
101235,Kelenna Azubuike,1610612744,GSW,26.0,9,100.5,101.4,101.4,109.6,109.5,109.5,-9.1,-8.0,-8.0,0.07,1.43,8.5,0.05,0.128,0.088,6.0,6.0,0.602,0.623,0.192,0.195,103.58,103.14,85.95,103.14,0.126,496,5.3,9.8,323,293,293,377,380,380,380,371,371,301,191,346,183,194,189,17,17,14,17,174,180,8,16,16,50,82,111
2570,Kendrick Perkins,1610612738,BOS,25.0,78,107.4,108.4,108.4,100.0,101.4,101.4,7.4,6.9,6.9,0.057,0.48,9.0,0.087,0.209,0.153,18.5,18.5,0.602,0.613,0.176,0.177,94.02,92.95,77.45,92.95,0.105,4167,4.0,6.7,107,95,95,54,84,84,42,42,42,344,392,330,81,36,34,416,417,15,28,236,252,295,341,341,110,134,205
1903,Kenny Thomas,1610612758,SAC,32.0,26,110.3,108.8,108.8,107.8,108.2,108.2,2.5,0.6,0.6,0.064,0.88,20.5,0.115,0.163,0.139,23.3,23.5,0.486,0.509,0.081,0.083,94.41,94.87,79.06,94.87,0.053,615,0.7,1.3,35,81,81,321,334,334,122,164,164,321,310,109,22,116,60,432,432,252,297,437,437,272,220,220,371,410,421
2030,Kenyon Martin,1610612743,DEN,32.0,58,107.7,108.9,108.9,104.4,105.4,105.4,3.4,3.6,3.6,0.087,1.2,12.2,0.073,0.205,0.139,10.2,10.2,0.463,0.481,0.172,0.174,98.43,97.41,81.18,97.41,0.095,4027,4.9,10.7,98,76,76,193,236,236,110,104,104,248,235,244,122,43,62,172,174,317,357,253,262,69,117,117,163,95,93
201142,Kevin Durant,1610612760,OKC,21.0,82,108.2,109.0,109.0,101.2,102.7,102.7,7.0,6.2,6.2,0.13,0.85,9.1,0.034,0.158,0.098,10.7,10.7,0.514,0.607,0.311,0.317,96.5,95.46,79.55,95.46,0.183,6456,9.7,20.3,85,74,74,88,128,128,48,53,53,149,318,324,236,127,166,199,197,143,33,6,6,126,186,186,5,5,4
708,Kevin Garnett,1610612738,BOS,34.0,69,107.1,107.9,107.9,99.0,100.5,100.5,8.1,7.4,7.4,0.148,1.83,16.0,0.045,0.209,0.133,8.7,8.7,0.521,0.569,0.218,0.22,95.07,94.03,78.36,94.03,0.151,4041,5.8,11.2,115,105,105,35,59,59,29,34,34,120,121,161,199,35,83,94,96,125,95,96,100,218,288,288,17,61,83
201567,Kevin Love,1610612750,MIN,21.0,60,101.7,102.1,102.1,109.2,108.7,108.7,-7.5,-6.6,-6.6,0.127,1.16,13.3,0.129,0.255,0.19,11.4,11.5,0.478,0.549,0.216,0.219,99.06,99.13,82.61,99.13,0.146,3544,4.9,10.8,290,275,275,364,352,352,354,354,354,155,243,219,10,7,6,246,249,283,147,97,103,51,68,68,24,100,92
2755,Kevin Martin,1610612745,HOU,27.0,46,104.6,106.0,106.0,108.9,110.3,110.3,-4.2,-4.3,-4.3,0.113,1.21,10.7,0.018,0.085,0.051,8.8,8.8,0.468,0.561,0.248,0.252,98.15,96.91,80.76,96.91,0.107,3294,6.3,15.1,184,151,151,356,395,395,303,311,311,177,232,269,347,344,353,98,98,305,115,41,43,75,132,132,104,41,26
1563,Kevin Ollie,1610612760,OKC,37.0,25,98.6,97.1,97.1,102.4,101.0,101.0,-3.8,-3.9,-3.9,0.12,3.33,27.0,0.013,0.092,0.054,8.1,8.1,0.4,0.453,0.092,0.097,93.19,94.55,78.8,94.55,0.065,517,0.7,1.8,372,375,375,123,72,72,294,298,298,167,9,48,387,309,336,63,62,395,386,431,430,340,246,246,329,406,402
2039,Keyon Dooling,1610612751,NJN,30.0,53,100.0,98.1,98.1,103.0,102.6,102.6,-3.0,-4.5,-4.5,0.248,2.29,24.9,0.009,0.049,0.029,10.9,10.8,0.489,0.519,0.194,0.202,91.14,92.17,76.8,92.17,0.077,1866,2.4,6.1,341,364,364,145,122,122,275,316,316,52,66,63,415,428,424,207,206,243,262,165,157,413,380,380,275,257,231
2550,Kirk Hinrich,1610612741,CHI,29.0,74,100.4,101.3,101.3,102.5,103.3,103.3,-2.1,-1.9,-1.9,0.203,2.92,26.6,0.01,0.094,0.052,9.1,9.1,0.478,0.501,0.162,0.165,96.3,95.5,79.58,95.5,0.083,4935,4.2,10.2,328,297,297,129,155,155,249,244,244,86,18,50,408,301,347,113,114,278,314,291,291,140,182,182,235,128,108
977,Kobe Bryant,1610612747,LAL,31.0,73,108.5,109.8,109.8,100.0,101.8,101.8,8.5,8.1,8.1,0.23,1.57,15.2,0.028,0.108,0.069,9.7,9.7,0.488,0.545,0.319,0.323,95.54,94.16,78.47,94.16,0.147,5570,9.8,21.5,78,55,55,55,99,99,26,29,29,69,164,178,267,248,263,152,153,247,161,5,5,183,277,277,23,4,3
201585,Kosta Koufos,1610612762,UTA,21.0,36,94.1,90.8,90.8,112.0,106.3,106.3,-17.9,-15.5,-15.5,0.057,0.4,8.1,0.095,0.178,0.136,20.3,20.1,0.468,0.494,0.167,0.178,96.56,100.91,84.1,100.91,0.051,360,0.6,1.3,412,427,427,413,274,274,426,420,420,343,398,352,62,81,73,428,427,304,334,271,250,124,36,36,373,414,423
2743,Kris Humphries,1610612751,NJN,25.0,69,101.1,100.3,100.3,109.2,108.5,108.5,-8.1,-8.2,-8.2,0.046,0.48,5.4,0.102,0.228,0.164,11.2,11.2,0.441,0.495,0.205,0.211,93.25,93.95,78.29,93.95,0.098,2392,2.6,5.9,309,323,323,365,345,345,364,375,375,384,392,401,52,20,19,233,232,358,331,133,128,336,293,293,147,237,239
703,Kurt Thomas,1610612749,MIL,37.0,70,99.9,100.7,100.7,105.2,103.6,103.6,-5.3,-2.9,-2.9,0.069,0.98,15.2,0.076,0.21,0.139,15.5,15.5,0.476,0.489,0.113,0.114,93.36,93.64,78.04,93.64,0.07,2038,1.4,3.0,342,310,310,222,167,167,324,272,272,309,285,181,114,32,61,381,381,289,346,405,405,328,311,311,305,336,348
2198,Kwame Brown,1610612765,DET,28.0,48,96.3,97.2,97.2,105.7,105.2,105.2,-9.4,-8.0,-8.0,0.056,0.51,9.4,0.083,0.209,0.144,18.4,18.5,0.5,0.47,0.148,0.15,90.75,90.56,75.47,90.56,0.047,1242,1.3,2.6,395,374,374,247,227,227,387,370,370,348,382,317,91,34,52,415,416,191,375,338,340,419,417,417,384,348,364
2594,Kyle Korver,1610612762,UTA,29.0,52,110.1,110.1,110.1,100.5,99.8,99.8,9.5,10.3,10.3,0.137,2.12,20.9,0.011,0.108,0.061,9.9,9.7,0.598,0.62,0.154,0.16,96.35,96.65,80.54,96.65,0.1,1916,2.7,5.4,43,49,49,65,44,44,19,15,15,136,89,105,400,250,286,162,155,18,20,324,317,139,139,139,137,235,254
200768,Kyle Lowry,1610612745,HOU,24.0,68,105.5,107.0,107.0,103.5,103.2,103.2,2.0,3.8,3.8,0.281,2.63,30.6,0.053,0.099,0.075,11.6,11.6,0.436,0.536,0.179,0.183,97.04,96.54,80.45,96.54,0.108,3311,2.7,6.8,163,132,132,171,149,149,133,103,103,31,30,26,178,277,234,261,260,364,192,224,224,104,145,145,99,229,197
201602,Kyle Weaver,1610612760,OKC,24.0,12,103.2,101.4,101.4,105.4,102.0,102.0,-2.3,-0.6,-0.6,0.112,2.75,21.6,0.007,0.121,0.065,7.8,7.9,0.47,0.505,0.118,0.122,96.87,99.37,82.81,99.37,0.07,296,1.0,2.8,237,296,296,232,105,105,255,206,206,180,25,93,424,212,276,58,60,301,303,399,397,113,61,61,304,374,360
201178,Kyrylo Fesenko,1610612762,UTA,23.0,49,107.2,106.7,106.7,97.3,92.7,92.7,9.9,14.0,14.0,0.055,0.63,9.4,0.088,0.135,0.113,15.1,15.1,0.547,0.533,0.155,0.161,93.57,96.12,80.1,96.12,0.044,809,1.1,1.9,111,138,138,16,10,10,17,4,4,352,360,314,79,172,127,376,376,65,203,318,313,316,157,157,391,367,398
200746,LaMarcus Aldridge,1610612757,POR,24.0,78,108.6,109.9,109.9,103.7,104.9,104.9,4.8,4.9,4.9,0.099,1.54,10.2,0.072,0.164,0.118,6.6,6.6,0.497,0.535,0.228,0.231,89.4,88.35,73.62,88.35,0.126,5370,7.4,15.0,77,54,54,177,222,222,89,83,83,211,173,286,123,113,112,25,25,212,198,76,78,434,439,439,54,21,27
1885,Lamar Odom,1610612747,LAL,30.0,82,105.5,106.0,106.0,99.4,100.3,100.3,6.1,5.7,5.7,0.159,1.78,21.5,0.071,0.232,0.152,12.1,12.0,0.502,0.533,0.166,0.17,95.74,95.09,79.24,95.09,0.131,5127,4.2,9.0,166,152,152,39,56,56,64,65,65,112,135,94,128,18,36,294,295,186,205,274,276,172,207,207,39,126,127
1716,Larry Hughes,1610612766,CHA,31.0,45,102.1,102.3,102.3,105.5,105.6,105.6,-3.4,-3.3,-3.3,0.196,1.83,21.1,0.02,0.114,0.065,11.6,11.6,0.411,0.472,0.201,0.206,96.73,96.64,80.54,96.64,0.084,2245,3.0,8.6,278,269,269,237,246,246,283,281,281,91,123,101,318,228,273,256,258,390,371,144,144,119,140,140,228,206,140
2544,LeBron James,1610612739,CLE,25.0,76,112.3,114.0,114.0,101.4,103.0,103.0,10.8,11.0,11.0,0.398,2.49,23.5,0.027,0.165,0.099,9.4,9.4,0.545,0.604,0.328,0.333,93.99,92.57,77.14,92.57,0.218,5728,10.1,20.1,13,10,10,94,139,139,13,11,11,6,46,76,279,112,164,132,131,70,37,2,3,296,357,357,3,1,5
2571,Leandro Barbosa,1610612756,PHX,27.0,44,111.6,111.5,111.5,103.7,105.5,105.5,7.9,6.0,6.0,0.125,1.39,12.7,0.015,0.07,0.044,9.1,9.1,0.485,0.526,0.239,0.246,100.2,99.41,82.84,99.41,0.086,1625,3.5,8.3,16,30,30,176,240,240,34,59,59,157,197,230,367,399,392,114,113,258,238,55,55,35,59,59,220,165,151
200796,Leon Powe,1610612739,CLE,26.0,20,101.7,100.2,100.2,102.7,102.0,102.0,-1.0,-1.7,-1.7,0.0,0.0,0.0,0.083,0.172,0.129,12.2,12.5,0.429,0.515,0.17,0.172,91.79,92.76,77.3,92.76,0.053,452,1.1,2.5,293,325,325,135,104,104,211,238,238,430,427,430,90,96,92,303,311,374,284,256,268,396,349,349,369,369,370
201991,Lester Hudson,1610612763,MEM,25.0,25,109.2,105.1,105.1,106.7,102.3,102.3,2.5,2.9,2.9,0.155,0.93,15.1,0.055,0.085,0.07,16.3,16.3,0.443,0.494,0.23,0.24,94.74,98.61,82.18,98.61,0.079,274,0.8,2.1,60,177,177,282,110,110,123,116,116,115,299,183,175,343,258,389,390,353,335,74,63,245,75,75,261,394,385
283,Lindsey Hunter,1610612741,CHI,39.0,13,103.9,103.9,103.9,112.3,110.0,110.0,-8.5,-6.1,-6.1,0.105,2.25,20.5,0.008,0.107,0.056,9.1,9.1,0.183,0.21,0.131,0.134,89.72,90.63,75.52,90.63,-0.012,231,0.4,2.3,210,231,231,416,390,390,372,343,343,198,70,112,419,256,325,112,116,439,440,377,379,431,416,416,434,430,378
200811,Lou Amundson,1610612756,PHX,27.0,79,109.3,107.7,107.7,104.2,104.5,104.5,5.1,3.2,3.2,0.04,0.54,7.4,0.113,0.186,0.15,13.6,13.6,0.551,0.562,0.142,0.147,97.27,97.84,81.53,97.84,0.086,2376,1.9,3.5,59,111,111,188,202,202,84,110,110,393,375,366,26,66,42,347,349,61,112,350,349,97,98,98,224,293,318
101150,Lou Williams,1610612755,PHI,23.0,64,105.7,105.9,105.9,107.8,108.5,108.5,-2.1,-2.7,-2.7,0.219,2.53,23.3,0.014,0.09,0.052,9.2,9.2,0.521,0.576,0.208,0.212,94.97,94.58,78.82,94.58,0.117,3767,5.0,10.6,150,154,154,325,348,348,247,264,264,78,42,79,378,320,349,121,120,124,75,125,124,225,240,240,72,89,100
201601,Luc Mbah a Moute,1610612749,MIL,23.0,73,101.3,102.2,102.2,99.8,100.2,100.2,1.5,2.0,2.0,0.067,1.16,14.0,0.086,0.134,0.108,12.1,12.1,0.488,0.53,0.12,0.121,92.87,92.25,76.88,92.25,0.076,3563,2.4,5.1,304,270,270,49,55,55,149,136,136,313,246,201,83,178,139,295,299,248,219,396,398,358,377,377,280,260,269
2449,Luis Scola,1610612745,HOU,30.0,82,103.4,105.8,105.8,106.0,106.7,106.7,-2.6,-0.9,-0.9,0.11,1.04,11.0,0.065,0.21,0.135,10.6,10.6,0.514,0.55,0.227,0.228,96.36,95.01,79.18,95.01,0.128,5282,6.8,13.3,225,158,158,261,289,289,259,215,215,188,266,264,147,33,77,192,191,144,144,78,82,137,212,212,46,32,51
2557,Luke Ridnour,1610612749,MIL,29.0,82,102.4,103.4,103.4,103.7,102.3,102.3,-1.3,1.0,1.0,0.314,3.06,27.6,0.013,0.072,0.041,9.0,9.0,0.528,0.57,0.214,0.219,94.72,94.89,79.08,94.89,0.127,3461,4.0,8.4,269,246,246,175,111,111,218,154,154,19,14,45,383,396,400,106,109,105,93,103,104,247,219,219,48,136,146
2575,Luke Walton,1610612747,LAL,30.0,29,101.2,100.2,100.2,109.7,109.2,109.2,-8.5,-9.0,-9.0,0.223,3.33,29.0,0.04,0.096,0.067,8.7,8.7,0.399,0.402,0.157,0.161,91.78,92.46,77.05,92.46,0.072,523,1.0,2.9,307,326,326,383,370,370,371,386,386,74,9,33,213,289,270,91,91,401,420,310,314,397,367,367,294,372,352
2736,Luol Deng,1610612741,CHI,25.0,70,102.4,103.5,103.5,101.4,102.6,102.6,0.9,0.9,0.9,0.088,1.07,9.9,0.049,0.139,0.095,9.3,9.3,0.482,0.531,0.215,0.217,95.55,94.44,78.7,94.44,0.116,5221,6.8,14.5,270,241,241,95,126,126,164,157,157,243,257,299,184,164,172,125,125,266,212,100,107,182,254,254,77,33,30
101129,Luther Head,1610612754,IND,27.0,47,103.4,103.2,103.2,102.5,102.4,102.4,0.9,0.8,0.8,0.142,1.33,15.6,0.007,0.085,0.048,11.7,11.7,0.497,0.53,0.206,0.212,100.18,100.33,83.6,100.33,0.085,1698,2.9,6.6,227,248,248,130,115,115,165,159,159,128,206,170,422,348,369,267,265,215,213,129,125,36,44,44,226,214,213
2124,Malik Allen,1610612743,DEN,32.0,51,100.0,98.3,98.3,112.8,111.4,111.4,-12.8,-13.1,-13.1,0.055,0.73,10.0,0.081,0.107,0.094,13.8,13.8,0.401,0.431,0.14,0.145,93.45,94.81,79.0,94.81,0.025,901,0.9,2.3,340,360,360,419,409,409,412,414,414,355,341,295,96,253,176,353,351,394,404,359,355,324,226,226,421,386,381
201612,Malik Hairston,1610612759,SAS,23.0,47,111.4,106.6,106.6,108.8,107.9,107.9,2.6,-1.3,-1.3,0.075,1.45,13.9,0.046,0.108,0.079,9.6,9.5,0.539,0.555,0.135,0.143,96.68,99.21,82.68,99.21,0.068,653,0.9,1.6,22,141,141,355,325,325,121,227,227,287,188,203,195,251,218,139,135,80,126,372,359,121,63,63,313,391,411
1938,Manu Ginobili,1610612759,SAS,32.0,75,110.2,110.8,110.8,102.3,102.6,102.6,8.0,8.2,8.2,0.273,2.4,23.6,0.033,0.104,0.068,9.8,9.7,0.514,0.584,0.247,0.253,95.3,94.94,79.11,94.94,0.15,4272,5.3,12.0,38,40,40,118,120,120,31,27,27,34,57,74,250,265,265,156,156,146,62,44,38,198,216,216,18,84,71
201188,Marc Gasol,1610612763,MEM,25.0,69,107.1,109.4,109.4,106.3,107.1,107.1,0.8,2.3,2.3,0.1,1.22,14.8,0.088,0.188,0.137,12.1,12.1,0.581,0.617,0.17,0.172,94.59,93.23,77.69,93.23,0.122,4796,5.5,9.4,119,63,63,270,305,305,167,131,131,208,230,189,77,64,66,296,298,31,21,255,266,259,330,330,62,76,120
101162,Marcin Gortat,1610612753,ORL,26.0,81,105.6,104.8,104.8,101.4,102.2,102.2,4.2,2.6,2.6,0.024,0.37,5.3,0.096,0.209,0.154,14.3,14.2,0.533,0.563,0.125,0.129,95.27,95.23,79.36,95.23,0.094,2149,1.5,2.8,159,192,192,92,108,108,95,123,123,417,400,404,61,37,33,366,365,99,109,388,387,201,199,199,169,331,358
201158,Marco Belinelli,1610612761,TOR,24.0,66,109.5,109.3,109.3,107.2,107.0,107.0,2.2,2.3,2.3,0.119,1.48,15.3,0.013,0.074,0.044,10.3,10.3,0.485,0.543,0.193,0.197,96.41,96.58,80.49,96.58,0.078,2268,2.3,5.7,57,65,65,304,301,301,130,130,130,169,185,176,385,393,389,178,184,254,167,170,173,135,142,142,267,268,245
2556,Marcus Banks,1610612761,TOR,28.0,22,96.8,95.3,95.3,98.9,99.4,99.4,-2.2,-4.0,-4.0,0.215,1.3,19.5,0.013,0.08,0.049,15.0,15.2,0.582,0.635,0.201,0.21,92.02,92.52,77.1,92.52,0.121,470,1.8,3.3,392,392,392,33,35,35,252,302,302,82,215,121,382,366,364,375,378,28,13,143,131,389,362,362,64,303,329
948,Marcus Camby,1610612757,POR,36.0,74,105.5,107.0,107.0,102.9,104.2,104.2,2.6,2.8,2.8,0.119,2.04,22.4,0.111,0.278,0.194,10.9,10.9,0.477,0.501,0.126,0.126,94.27,93.04,77.54,93.04,0.138,4474,3.2,6.8,165,130,130,141,185,185,119,117,117,168,91,85,29,3,4,213,217,285,317,387,392,279,335,335,32,188,200
2409,Marcus Haislip,1610612759,SAS,29.0,10,92.6,85.6,85.6,95.2,94.3,94.3,-2.6,-8.7,-8.7,0.0,0.0,0.0,0.0,0.113,0.0,11.5,11.5,0.548,0.539,0.26,0.281,92.83,97.06,80.88,97.06,0.09,90,1.0,2.1,421,436,436,12,12,12,262,379,379,430,427,430,430,231,429,252,248,64,184,28,14,360,127,127,197,374,388
202068,Marcus Landry,1610612738,BOS,24.0,18,109.7,108.4,108.4,109.0,106.2,106.2,0.8,2.2,2.2,0.0,0.0,0.0,0.043,0.124,0.083,11.8,11.7,0.477,0.487,0.194,0.201,96.4,98.26,81.88,98.26,0.034,226,0.9,2.4,52,93,93,359,268,268,166,132,132,430,427,430,206,203,208,272,270,286,349,167,162,136,89,89,406,387,377
201977,Marcus Thornton,1610612740,NOH,23.0,73,105.7,106.5,106.5,107.9,108.3,108.3,-2.2,-1.8,-1.8,0.103,1.5,9.9,0.04,0.08,0.06,6.6,6.6,0.517,0.55,0.248,0.252,95.07,94.57,78.81,94.57,0.102,3683,5.5,12.1,151,146,146,329,338,338,253,241,241,204,179,300,216,365,294,24,24,138,146,40,44,219,242,242,130,79,70
200766,Marcus Williams,1610612763,MEM,24.0,62,100.8,100.4,100.4,108.4,107.8,107.8,-7.6,-7.4,-7.4,0.274,2.18,30.4,0.015,0.093,0.054,14.0,14.0,0.428,0.456,0.18,0.185,97.07,97.53,81.27,97.53,0.084,1770,1.7,4.4,314,319,319,342,323,323,358,361,361,33,79,27,363,306,337,357,357,376,384,222,217,103,111,111,227,313,286
200776,Mardy Collins,1610612746,LAC,25.0,43,96.8,95.5,95.5,105.9,105.3,105.3,-9.1,-9.8,-9.8,0.151,1.38,20.7,0.029,0.083,0.055,15.0,15.0,0.383,0.404,0.162,0.168,93.68,94.55,78.79,94.55,0.037,918,1.1,3.0,391,388,388,259,231,231,381,393,393,117,200,107,265,354,326,374,374,412,417,288,282,311,247,247,400,365,347
201596,Mario Chalmers,1610612748,MIA,24.0,73,102.2,102.6,102.6,100.7,102.4,102.4,1.5,0.2,0.2,0.217,2.0,28.2,0.014,0.063,0.039,14.1,14.1,0.483,0.519,0.16,0.163,91.94,91.01,75.84,91.01,0.072,3428,2.5,6.2,274,262,262,75,116,116,148,185,185,79,93,38,371,412,407,362,362,263,264,300,302,391,407,407,293,253,226
201238,Mario West,1610612737,ATL,26.0,39,99.5,92.3,92.3,97.8,94.7,94.7,1.7,-2.4,-2.4,0.092,1.29,22.0,0.062,0.123,0.095,17.1,16.9,0.571,0.591,0.095,0.106,98.61,103.95,86.63,103.95,0.057,298,0.3,0.5,351,420,420,19,14,14,141,253,253,230,221,90,153,207,170,400,396,35,53,429,419,65,13,13,357,436,438
2605,Marquis Daniels,1610612738,BOS,29.0,51,105.5,104.7,104.7,101.7,103.2,103.2,3.8,1.6,1.6,0.111,1.57,17.4,0.032,0.076,0.055,11.1,11.0,0.51,0.526,0.156,0.162,92.8,92.5,77.08,92.5,0.062,1802,2.4,4.9,162,195,195,101,147,147,103,148,148,182,163,146,255,377,328,224,221,159,239,315,309,364,365,365,340,258,272
201578,Marreese Speights,1610612755,PHI,22.0,62,103.7,103.6,103.6,112.7,112.4,112.4,-9.0,-8.8,-8.8,0.062,0.71,6.0,0.087,0.182,0.133,8.5,8.6,0.477,0.524,0.249,0.253,94.48,94.67,78.89,94.67,0.097,1996,3.4,7.2,219,240,240,418,418,418,379,383,383,328,348,393,80,74,82,81,83,284,251,37,39,268,234,234,152,171,188
101110,Martell Webster,1610612757,POR,23.0,82,106.8,106.9,106.9,104.3,104.2,104.2,2.5,2.8,2.8,0.05,1.03,7.5,0.024,0.124,0.072,7.2,7.2,0.502,0.543,0.177,0.181,90.18,90.18,75.15,90.18,0.081,3770,3.2,7.8,122,133,133,192,187,187,125,119,119,369,267,364,297,204,248,42,43,182,164,232,232,425,426,426,251,193,165
101107,Marvin Williams,1610612737,ATL,24.0,81,108.4,108.4,108.4,101.9,103.1,103.1,6.5,5.3,5.3,0.056,1.29,10.1,0.045,0.131,0.088,7.8,7.8,0.485,0.54,0.156,0.159,91.41,90.88,75.73,90.88,0.087,4670,3.7,8.2,81,94,94,109,145,145,59,73,73,345,219,292,197,186,187,56,57,257,172,314,320,405,410,410,214,154,154
2440,Matt Barnes,1610612753,ORL,30.0,81,111.7,112.4,112.4,99.4,101.2,101.2,12.3,11.2,11.2,0.097,1.2,15.4,0.055,0.162,0.111,12.9,12.9,0.546,0.576,0.16,0.162,94.52,93.42,77.85,93.42,0.098,4079,3.3,6.9,15,20,20,40,80,80,8,9,9,216,236,173,173,120,134,323,323,67,74,302,308,264,318,318,150,180,195
2588,Matt Bonner,1610612759,SAS,30.0,65,110.5,111.3,111.3,102.5,103.0,103.0,8.0,8.3,8.3,0.09,1.74,13.7,0.047,0.14,0.095,7.9,7.8,0.567,0.581,0.165,0.17,94.68,94.07,78.39,94.07,0.099,2284,2.6,5.7,31,31,31,128,140,140,30,23,23,238,145,208,190,162,173,59,58,40,66,280,277,249,286,286,143,243,246
2679,Matt Carroll,1610612742,DAL,29.0,25,102.5,96.8,96.8,111.1,103.2,103.2,-8.6,-6.4,-6.4,0.082,0.86,9.1,0.033,0.074,0.052,10.6,10.7,0.4,0.437,0.213,0.227,92.83,99.1,82.59,99.1,0.036,251,0.7,2.0,265,379,379,404,151,151,374,348,348,260,313,327,247,391,344,193,196,395,403,110,86,359,69,69,404,406,391
2230,Maurice Evans,1610612737,ATL,31.0,79,105.7,104.9,104.9,105.5,105.1,105.1,0.2,-0.2,-0.2,0.056,2.4,9.9,0.044,0.076,0.059,4.1,4.1,0.518,0.539,0.144,0.149,94.82,95.33,79.44,95.33,0.067,2614,2.2,5.0,153,181,181,233,224,224,179,193,193,346,58,302,204,381,298,9,9,132,179,347,342,235,194,194,317,275,271
2246,Mehmet Okur,1610612762,UTA,31.0,73,106.8,108.6,108.6,103.3,104.2,104.2,3.6,4.4,4.4,0.085,0.94,10.6,0.066,0.186,0.127,11.3,11.3,0.511,0.561,0.209,0.211,96.12,94.91,79.09,94.91,0.106,4247,4.9,10.6,121,87,87,162,186,186,106,93,93,253,295,271,143,71,96,238,236,153,116,121,127,148,218,218,105,97,96
1897,Metta World Peace,1610612747,LAL,30.0,77,106.4,107.5,107.5,99.6,100.7,100.7,6.7,6.8,6.8,0.132,1.93,19.9,0.039,0.087,0.063,10.3,10.3,0.484,0.514,0.161,0.163,95.16,94.14,78.45,94.14,0.078,5115,4.0,9.6,135,116,116,42,66,66,51,44,44,144,104,118,221,334,283,176,179,260,285,297,304,210,280,280,264,140,117
201563,Michael Beasley,1610612748,MIA,21.0,78,104.0,104.9,104.9,103.0,104.9,104.9,0.9,0.0,0.0,0.076,0.76,7.3,0.056,0.17,0.113,9.6,9.5,0.463,0.505,0.253,0.257,92.28,91.02,75.85,91.02,0.109,4421,6.0,13.3,207,182,182,147,219,219,163,189,189,283,336,368,169,97,128,137,139,316,306,34,34,382,406,406,95,53,50
714,Michael Finley,1610612738,BOS,37.0,46,107.8,107.4,107.4,108.2,108.3,108.3,-0.4,-0.9,-0.9,0.09,2.05,16.9,0.009,0.096,0.053,8.3,8.2,0.527,0.53,0.137,0.14,93.12,93.25,77.71,93.25,0.066,1387,1.8,4.0,93,118,118,338,339,339,191,217,217,240,90,150,413,288,339,69,68,107,218,367,368,342,328,328,326,304,301
2072,Michael Redd,1610612749,MIL,30.0,18,91.7,92.6,92.6,103.2,103.3,103.3,-11.5,-10.7,-10.7,0.143,2.6,13.3,0.019,0.095,0.052,5.1,5.1,0.394,0.444,0.227,0.232,96.29,95.79,79.83,95.79,0.086,984,4.2,11.8,428,418,418,160,153,153,408,399,399,124,33,218,332,294,345,11,11,407,397,80,77,144,163,163,219,127,73
2554,Mickael Pietrus,1610612753,ORL,28.0,75,106.3,106.4,106.4,100.6,102.5,102.5,5.6,3.8,3.8,0.048,0.71,7.0,0.024,0.1,0.064,9.8,9.8,0.54,0.555,0.178,0.181,94.32,93.4,77.83,93.4,0.076,3281,3.1,7.2,137,148,148,69,119,119,74,101,101,374,345,378,300,274,281,157,158,78,129,231,233,277,319,319,279,198,187
1710,Mike Bibby,1610612737,ATL,32.0,80,109.6,110.8,110.8,102.5,103.7,103.7,7.0,7.2,7.2,0.204,3.44,28.9,0.01,0.078,0.044,8.4,8.3,0.514,0.538,0.16,0.162,91.68,90.66,75.55,90.66,0.082,4176,3.4,8.1,55,38,38,131,170,170,46,40,40,85,5,34,410,370,393,73,72,145,189,304,306,400,414,414,242,178,160
201144,Mike Conley,1610612763,MEM,22.0,80,107.2,109.1,109.1,108.2,108.8,108.8,-0.9,0.3,0.3,0.245,2.5,28.1,0.012,0.068,0.039,11.3,11.3,0.494,0.526,0.184,0.186,95.76,94.65,78.87,94.65,0.089,5074,4.6,10.4,112,69,69,336,358,358,208,180,180,57,45,40,396,403,406,236,237,227,245,207,213,170,237,237,202,110,105
2399,Mike Dunleavy,1610612754,IND,29.0,67,102.2,102.9,102.9,104.0,104.5,104.5,-1.7,-1.6,-1.6,0.112,1.43,13.0,0.016,0.135,0.076,9.1,9.0,0.478,0.531,0.2,0.206,100.42,99.85,83.21,99.85,0.099,3089,3.4,8.3,275,256,256,180,206,206,240,236,236,181,190,225,356,173,231,110,107,282,210,145,141,33,51,51,144,172,149
200839,Mike Harris,1610612745,HOU,27.0,13,87.5,86.1,86.1,106.8,103.4,103.4,-19.3,-17.3,-17.3,0.063,0.33,6.4,0.076,0.146,0.105,19.1,19.2,0.367,0.416,0.18,0.189,99.17,101.59,84.66,101.59,0.039,202,0.8,2.3,437,434,434,291,158,158,430,427,427,326,404,386,116,152,149,422,421,419,412,215,203,49,31,31,396,393,378
2229,Mike James,1610612764,WAS,35.0,4,93.6,95.6,95.6,92.6,91.3,91.3,1.0,4.3,4.3,0.192,1.0,14.7,0.02,0.0,0.0,14.7,14.9,0.35,0.383,0.269,0.269,95.89,95.58,79.65,95.58,0.021,90,1.5,5.0,416,387,387,8,8,8,161,97,97,93,271,191,323,434,429,371,372,424,424,17,21,164,176,176,424,325,270
2034,Mike Miller,1610612764,WAS,30.0,54,103.3,104.4,104.4,108.6,108.9,108.9,-5.4,-4.4,-4.4,0.178,1.84,26.7,0.033,0.165,0.099,14.5,14.4,0.596,0.623,0.146,0.149,93.07,92.43,77.02,92.43,0.109,3476,4.0,8.0,232,208,208,348,359,359,326,314,314,99,118,49,249,110,159,370,370,19,18,342,343,349,370,370,96,135,161
2366,Mike Wilks,1610612760,OKC,31.0,4,85.1,85.0,85.0,113.2,114.3,114.3,-28.1,-29.2,-29.2,0.143,1.0,18.2,0.018,0.0,0.0,18.2,18.4,0.583,0.581,0.14,0.143,86.5,86.14,71.78,86.14,0.046,107,1.5,3.0,438,437,437,424,431,431,440,439,439,124,271,140,346,434,429,412,415,26,65,360,358,441,442,442,385,325,342
1630,Mikki Moore,1610612744,GSW,34.0,23,93.7,94.6,94.6,108.7,109.1,109.1,-15.0,-14.5,-14.5,0.131,1.71,23.8,0.062,0.113,0.086,13.9,13.8,0.6,0.606,0.121,0.123,103.22,102.57,85.47,102.57,0.065,865,2.3,3.9,415,398,398,351,367,367,418,418,418,146,149,72,155,233,195,355,354,16,34,394,395,13,20,20,328,267,305
2590,Mo Williams,1610612739,CLE,27.0,69,108.0,109.0,109.0,102.8,104.2,104.2,5.3,4.8,4.8,0.247,2.13,25.1,0.013,0.078,0.047,11.8,11.7,0.535,0.58,0.214,0.221,93.33,92.25,76.87,92.25,0.109,4553,5.5,12.4,89,73,73,138,188,188,80,87,87,53,88,59,388,369,377,276,263,90,68,104,97,330,378,378,97,76,62
101145,Monta Ellis,1610612744,GSW,24.0,64,103.2,104.4,104.4,110.4,111.4,111.4,-7.2,-7.0,-7.0,0.216,1.39,15.7,0.018,0.083,0.05,11.3,11.3,0.476,0.517,0.291,0.294,103.02,102.01,85.01,102.01,0.104,5623,9.9,22.0,234,212,212,399,408,408,349,360,360,80,196,167,344,355,358,239,238,287,273,9,8,14,26,26,119,3,1
2050,Morris Peterson,1610612740,NOH,32.0,46,104.4,104.9,104.9,109.7,111.1,111.1,-5.2,-6.1,-6.1,0.059,1.52,10.5,0.018,0.126,0.07,6.9,6.9,0.488,0.503,0.162,0.163,96.25,95.43,79.52,95.43,0.052,1931,2.5,6.5,190,183,183,382,407,407,323,342,342,335,177,276,341,199,261,28,28,244,310,292,299,145,189,189,372,249,214
101126,Nate Robinson,1610612738,BOS,26.0,56,104.5,103.2,103.2,106.5,107.1,107.1,-2.0,-3.9,-3.9,0.249,2.23,21.6,0.025,0.075,0.049,9.7,9.6,0.524,0.543,0.234,0.243,95.37,95.75,79.8,95.75,0.105,2232,3.8,8.8,188,253,253,278,304,304,244,299,299,50,74,92,294,383,360,149,146,115,165,64,58,196,165,165,115,145,132
201605,Nathan Jawai,1610612750,MIN,23.0,39,96.2,95.2,95.2,105.6,104.0,104.0,-9.5,-8.9,-8.9,0.09,0.89,13.6,0.107,0.133,0.119,15.3,15.1,0.441,0.485,0.151,0.158,99.97,101.25,84.38,101.25,0.06,870,1.3,2.8,396,393,393,239,182,182,388,384,384,241,309,212,41,180,109,379,377,357,352,329,324,37,33,33,348,350,356
1737,Nazr Mohammed,1610612766,CHA,32.0,58,102.6,103.4,103.4,103.3,102.8,102.8,-0.7,0.6,0.6,0.049,0.53,5.8,0.123,0.214,0.167,11.1,11.1,0.553,0.578,0.208,0.21,93.07,92.93,77.44,92.93,0.125,1895,3.3,5.9,262,245,245,163,132,132,200,167,167,370,379,396,13,31,16,225,226,56,70,124,130,348,342,342,56,185,240
2420,Nenad Krstic,1610612760,OKC,26.0,76,106.5,107.4,107.4,103.5,104.4,104.4,2.9,3.0,3.0,0.046,0.9,7.3,0.081,0.143,0.113,8.1,8.1,0.503,0.527,0.169,0.171,95.97,95.14,79.29,95.14,0.081,3456,3.7,7.4,130,119,119,172,198,198,115,115,115,383,306,370,99,157,130,62,63,180,233,259,270,159,205,205,247,155,178
2403,Nene,1610612743,DEN,27.0,82,110.1,112.1,112.1,105.0,106.1,106.1,5.2,5.9,5.9,0.114,1.62,16.5,0.063,0.173,0.118,10.2,10.2,0.587,0.631,0.165,0.166,97.02,95.63,79.69,95.63,0.125,5485,5.1,8.7,40,24,24,214,266,266,82,60,60,176,158,155,150,93,114,173,173,25,15,282,289,107,171,171,57,87,133
2555,Nick Collison,1610612760,OKC,29.0,75,107.1,107.1,107.1,97.4,97.6,97.6,9.7,9.5,9.5,0.038,0.6,8.2,0.104,0.15,0.127,13.7,13.8,0.591,0.616,0.12,0.121,94.77,94.63,78.86,94.63,0.084,3058,2.4,4.1,118,126,126,17,22,22,18,19,19,396,367,350,48,144,94,352,352,22,23,397,399,243,238,238,229,259,296
201156,Nick Young,1610612764,WAS,25.0,74,103.4,103.7,103.7,105.3,105.7,105.7,-1.9,-1.9,-1.9,0.055,0.86,6.6,0.014,0.06,0.037,7.8,7.8,0.479,0.519,0.211,0.214,94.17,93.85,78.21,93.85,0.057,2780,3.1,7.5,228,235,235,224,249,249,242,245,245,353,313,382,373,417,416,55,56,272,261,113,118,288,303,303,358,195,172
201587,Nicolas Batum,1610612757,POR,21.0,37,113.3,113.6,113.6,104.8,105.8,105.8,8.5,7.8,7.8,0.073,1.63,12.3,0.039,0.132,0.086,7.5,7.5,0.619,0.646,0.159,0.163,91.88,91.31,76.09,91.31,0.106,1742,3.8,7.2,11,11,11,207,255,255,25,31,31,290,156,240,218,181,196,50,50,9,9,306,305,395,398,398,108,152,182
201564,O.J. Mayo,1610612763,MEM,22.0,82,105.8,107.8,107.8,108.5,109.2,109.2,-2.7,-1.3,-1.3,0.12,1.38,14.2,0.02,0.086,0.052,10.4,10.3,0.516,0.551,0.203,0.208,96.03,94.86,79.05,94.86,0.092,6164,6.6,14.4,149,107,107,346,369,369,263,228,228,166,200,199,324,342,350,184,177,141,138,138,135,153,223,223,182,35,31
200762,Oleksiy Pecherov,1610612750,MIN,24.0,44,100.1,98.7,98.7,103.1,101.3,101.3,-3.1,-2.6,-2.6,0.04,0.34,4.5,0.069,0.203,0.135,13.1,13.1,0.447,0.487,0.219,0.226,98.83,100.41,83.67,100.41,0.086,938,1.8,4.3,336,356,356,156,82,82,277,258,258,394,402,412,137,46,75,329,328,345,348,92,89,58,43,43,223,305,289
201802,Oliver Lafayette,1610612738,BOS,26.0,1,92.3,92.5,92.5,117.0,112.2,112.2,-24.7,-19.7,-19.7,0.182,2.0,22.2,0.045,0.0,0.0,11.1,11.1,0.583,0.583,0.167,0.166,88.51,90.29,75.24,90.29,0.111,40,3.0,6.0,423,419,419,431,415,415,436,433,433,98,93,86,196,434,429,227,228,26,64,271,286,436,424,424,88,210,235
201956,Omri Casspi,1610612758,SAC,22.0,77,102.7,102.9,102.9,105.6,106.2,106.2,-2.9,-3.2,-3.2,0.076,0.97,10.1,0.038,0.142,0.089,10.4,10.4,0.502,0.529,0.188,0.192,98.06,97.67,81.39,97.67,0.094,3936,3.9,8.7,257,255,255,240,270,270,273,279,279,281,288,291,225,158,184,186,187,185,225,192,197,78,106,106,170,144,136
201629,Othello Hunter,1610612737,ATL,24.0,7,92.0,90.8,90.8,119.1,112.0,112.0,-27.1,-21.2,-21.2,0.0,0.0,0.0,0.14,0.167,0.152,17.6,17.9,0.333,0.4,0.189,0.193,105.9,109.89,91.58,109.89,0.034,76,0.6,1.7,424,428,428,434,414,414,439,434,434,430,427,430,7,106,39,405,408,429,421,188,191,5,5,5,405,417,404
201785,Othyus Jeffers,1610612762,UTA,24.0,14,107.9,105.3,105.3,109.3,100.7,100.7,-1.4,4.7,4.7,0.021,0.17,2.3,0.111,0.151,0.131,13.6,13.5,0.414,0.495,0.234,0.25,95.07,100.28,83.57,100.28,0.084,150,0.9,2.1,91,167,167,373,64,64,226,88,88,419,418,422,28,140,85,349,345,384,332,67,46,220,45,45,231,390,389
200753,Patrick O'Bryant,1610612761,TOR,24.0,11,105.6,101.8,101.8,122.7,117.9,117.9,-17.2,-16.0,-16.0,0.033,0.2,4.2,0.047,0.196,0.124,20.8,21.2,0.533,0.539,0.19,0.198,100.63,104.54,87.12,104.54,0.033,109,0.7,1.4,161,283,283,437,435,435,424,422,422,402,415,416,193,54,103,430,430,97,185,184,167,28,10,10,410,405,420
201988,Patty Mills,1610612757,POR,21.0,10,106.0,104.7,104.7,132.6,126.8,126.8,-26.6,-22.1,-22.1,0.25,1.25,13.9,0.025,0.037,0.03,11.1,11.1,0.458,0.48,0.32,0.345,103.32,106.22,88.52,106.22,0.034,85,1.0,2.4,144,196,196,441,439,439,437,435,435,49,225,204,292,432,423,227,225,328,360,4,1,12,8,8,408,374,374
2200,Pau Gasol,1610612747,LAL,29.0,65,108.3,109.4,109.4,102.1,103.3,103.3,6.2,6.0,6.0,0.147,1.52,16.0,0.103,0.203,0.153,10.5,10.5,0.536,0.593,0.21,0.213,95.42,94.39,78.66,94.39,0.16,4737,7.0,13.0,83,62,62,112,156,156,62,57,57,121,176,162,51,45,35,188,189,89,50,117,121,192,258,258,13,29,56
200781,Paul Davis,1610612764,WAS,25.0,2,95.9,93.8,93.8,82.4,82.4,82.4,13.6,11.4,11.4,0.75,0.0,37.5,0.0,0.0,0.0,0.0,0.0,0.5,0.512,0.294,0.293,98.12,99.21,82.67,99.21,0.262,16,1.0,2.0,398,410,410,5,6,6,6,7,7,1,427,8,430,434,429,1,1,191,289,8,9,76,64,64,2,374,391
200794,Paul Millsap,1610612762,UTA,25.0,82,108.5,109.5,109.5,101.8,101.8,101.8,6.7,7.7,7.7,0.09,1.13,12.1,0.089,0.167,0.129,10.7,10.7,0.538,0.573,0.184,0.187,95.68,95.28,79.4,95.28,0.111,4509,4.7,8.7,79,61,61,107,100,100,54,32,32,236,248,245,72,104,90,200,201,83,84,205,209,175,198,198,89,106,135
1718,Paul Pierce,1610612738,BOS,32.0,71,106.0,107.2,107.2,100.7,102.0,102.0,5.2,5.1,5.1,0.15,1.31,15.1,0.019,0.116,0.07,11.5,11.5,0.535,0.613,0.235,0.237,94.69,93.55,77.96,93.55,0.127,4704,5.8,12.2,143,124,124,74,107,107,81,78,78,118,213,182,334,223,259,250,253,92,29,63,71,248,313,313,47,65,66
978,Peja Stojakovic,1610612740,NOH,33.0,62,104.4,105.3,105.3,105.9,106.5,106.5,-1.5,-1.2,-1.2,0.072,1.64,10.5,0.02,0.1,0.059,6.4,6.3,0.5,0.533,0.181,0.184,95.43,94.72,78.94,94.72,0.081,3848,4.5,11.1,193,169,169,255,284,284,228,222,222,294,154,275,322,271,297,20,20,191,202,214,221,190,229,229,253,114,86
200822,Pops Mensah-Bonsu,1610612761,TOR,26.0,20,90.7,91.2,91.2,109.0,105.2,105.2,-18.3,-14.0,-14.0,0.041,0.3,5.2,0.126,0.158,0.142,17.2,17.7,0.394,0.448,0.192,0.194,98.77,100.27,83.56,100.27,0.045,249,0.7,1.7,432,425,425,361,226,226,428,415,415,391,408,406,11,126,55,401,406,408,395,175,184,61,46,46,389,411,409
2056,Primoz Brezec,1610612749,MIL,30.0,21,95.4,95.4,95.4,101.3,94.4,94.4,-5.9,1.0,1.0,0.018,0.5,3.1,0.115,0.151,0.132,6.3,6.3,0.346,0.332,0.136,0.14,95.52,98.85,82.38,98.85,-0.006,196,0.4,1.2,404,390,390,90,13,13,334,155,155,422,385,419,21,138,84,18,19,427,435,370,369,184,73,73,433,428,427
2047,Quentin Richardson,1610612748,MIA,30.0,76,107.8,108.0,108.0,101.5,102.9,102.9,6.3,5.1,5.1,0.067,1.5,12.4,0.033,0.154,0.094,8.3,8.3,0.558,0.572,0.145,0.147,92.83,92.12,76.76,92.12,0.09,3999,3.2,7.4,97,100,100,97,135,135,61,77,77,312,179,236,245,136,175,70,70,47,87,346,350,361,381,381,198,192,177
2624,Quinton Ross,1610612764,WAS,29.0,52,97.0,94.4,94.4,100.6,100.2,100.2,-3.6,-5.8,-5.8,0.033,1.09,8.6,0.03,0.055,0.042,7.9,7.8,0.378,0.393,0.101,0.106,94.56,96.02,80.01,96.02,0.002,1112,0.8,2.1,389,400,400,68,54,54,288,334,334,403,252,342,258,424,397,60,59,414,423,420,420,262,159,159,431,403,384
1747,Rafer Alston,1610612748,MIA,33.0,52,98.4,99.3,99.3,103.2,103.9,103.9,-4.7,-4.5,-4.5,0.2,1.85,23.4,0.009,0.085,0.046,12.6,12.6,0.413,0.443,0.183,0.185,94.44,93.67,78.06,93.67,0.059,2769,3.0,8.6,375,347,347,157,177,177,313,318,318,87,117,77,412,349,380,314,314,386,398,208,218,270,309,309,351,211,141
1952,Raja Bell,1610612744,GSW,33.0,6,102.3,104.8,104.8,94.7,95.0,95.0,7.6,9.8,9.8,0.124,2.6,16.3,0.027,0.112,0.066,6.3,6.2,0.557,0.57,0.168,0.17,90.37,89.17,74.31,89.17,0.112,333,4.7,10.2,273,190,190,11,15,15,36,17,17,162,33,159,281,240,271,18,18,49,94,268,275,423,434,434,85,108,110
200765,Rajon Rondo,1610612738,BOS,24.0,81,105.7,107.1,107.1,100.9,102.4,102.4,4.8,4.7,4.7,0.425,3.23,38.4,0.038,0.091,0.065,11.9,11.9,0.517,0.54,0.198,0.2,94.64,93.36,77.8,93.36,0.143,5779,5.7,11.2,154,128,128,80,114,114,90,89,89,5,11,7,223,318,272,282,285,137,175,157,163,254,321,321,27,70,85
201196,Ramon Sessions,1610612750,MIN,24.0,82,98.8,99.4,99.4,106.1,105.6,105.6,-7.4,-6.1,-6.1,0.236,1.88,24.5,0.032,0.09,0.061,13.0,13.0,0.457,0.513,0.195,0.198,98.34,98.28,81.9,98.28,0.093,3547,3.1,6.8,365,346,346,265,244,244,352,341,341,62,111,66,253,321,288,326,326,332,287,164,168,72,87,87,175,200,201
201043,Randolph Morris,1610612737,ATL,24.0,28,95.3,93.3,93.3,103.3,100.0,100.0,-8.0,-6.7,-6.7,0.027,0.17,3.0,0.079,0.226,0.151,17.9,17.9,0.561,0.586,0.209,0.221,100.83,103.59,86.32,103.59,0.083,270,0.8,1.5,405,416,416,164,48,48,362,356,356,412,418,421,108,22,40,409,409,45,57,119,96,27,14,14,234,397,417
200751,Randy Foye,1610612764,WAS,26.0,70,99.4,100.3,100.3,107.5,107.9,107.9,-8.1,-7.6,-7.6,0.234,2.43,22.7,0.01,0.071,0.04,9.4,9.4,0.464,0.516,0.208,0.212,93.63,93.07,77.56,93.07,0.091,3235,3.7,8.8,352,322,322,315,324,324,365,364,364,64,54,83,409,397,405,129,130,313,278,123,122,313,334,334,190,156,131
1740,Rashard Lewis,1610612753,ORL,30.0,72,108.8,109.3,109.3,100.1,101.8,101.8,8.7,7.5,7.5,0.075,0.99,9.7,0.028,0.105,0.069,9.8,9.8,0.539,0.573,0.193,0.196,94.27,93.26,77.72,93.26,0.092,4604,4.9,11.2,70,66,66,57,102,102,23,33,33,284,283,306,268,258,264,161,160,81,86,171,176,281,327,327,183,98,84
739,Rasheed Wallace,1610612738,BOS,35.0,79,104.0,104.3,104.3,102.1,102.5,102.5,1.9,1.8,1.8,0.076,1.27,9.4,0.025,0.175,0.099,7.4,7.4,0.472,0.504,0.2,0.204,92.78,92.51,77.1,92.51,0.091,3428,3.4,8.2,202,216,216,113,118,118,136,144,144,279,224,314,290,87,160,48,48,296,308,149,148,366,363,363,187,174,153
1725,Rasho Nesterovic,1610612761,TOR,34.0,42,108.1,106.8,106.8,118.5,118.8,118.8,-10.3,-12.0,-12.0,0.091,1.56,13.1,0.103,0.147,0.125,8.4,8.3,0.544,0.539,0.178,0.184,97.48,97.95,81.62,97.95,0.081,841,1.9,3.5,86,137,137,433,436,436,396,409,409,231,165,224,49,148,101,72,71,73,182,226,220,91,94,94,248,292,315
2446,Rasual Butler,1610612746,LAC,31.0,82,101.8,102.2,102.2,106.8,107.9,107.9,-5.0,-5.7,-5.7,0.067,1.47,10.4,0.015,0.075,0.045,7.1,7.0,0.493,0.524,0.164,0.168,95.64,94.96,79.13,94.96,0.067,5348,4.3,10.6,287,273,273,289,326,326,319,333,333,311,186,281,368,388,388,32,32,233,249,284,280,177,214,214,321,118,97
951,Ray Allen,1610612738,BOS,34.0,80,107.8,108.8,108.8,100.4,101.6,101.6,7.4,7.2,7.2,0.118,1.63,15.0,0.018,0.077,0.049,9.2,9.1,0.551,0.601,0.195,0.202,94.17,93.15,77.62,93.15,0.103,5481,5.8,12.2,96,79,79,61,92,92,41,38,38,171,157,185,335,374,361,122,112,59,38,162,159,289,333,333,123,62,67
101109,Raymond Felton,1610612766,CHA,26.0,80,102.8,104.6,104.6,100.7,101.5,101.5,2.1,3.1,3.1,0.283,2.65,29.1,0.022,0.095,0.058,11.0,10.9,0.494,0.525,0.189,0.192,93.25,92.06,76.71,92.06,0.113,5054,4.9,10.6,252,201,201,71,88,88,131,111,111,30,29,32,311,293,304,216,216,225,247,185,195,335,382,382,83,100,101
2501,Reggie Evans,1610612761,TOR,30.0,28,101.2,100.0,100.0,99.7,100.2,100.2,1.5,-0.2,-0.2,0.038,0.36,6.5,0.105,0.25,0.179,17.7,17.5,0.493,0.498,0.167,0.175,95.43,95.79,79.82,95.79,0.08,618,1.2,2.5,306,329,329,44,53,53,147,192,192,395,401,384,44,11,11,407,403,231,325,269,258,191,164,164,256,353,369
202130,Reggie Williams,1610612744,GSW,23.0,24,109.6,110.7,110.7,113.1,113.4,113.4,-3.5,-2.7,-2.7,0.125,2.28,16.4,0.023,0.117,0.069,7.2,7.2,0.553,0.588,0.184,0.188,102.89,102.17,85.15,102.17,0.101,1660,5.8,11.8,56,41,41,422,429,429,286,269,269,158,68,157,308,222,262,40,37,55,54,206,208,15,24,24,134,60,74
200764,Renaldo Balkman,1610612743,DEN,25.0,13,91.8,94.1,94.1,114.2,110.9,110.9,-22.4,-16.8,-16.8,0.108,1.17,20.6,0.039,0.192,0.114,17.6,17.8,0.333,0.339,0.127,0.128,100.51,100.67,83.89,100.67,0.041,188,0.5,1.4,426,404,404,427,403,403,434,425,425,192,240,108,217,57,125,405,407,429,432,385,388,30,40,40,394,427,419
1888,Richard Hamilton,1610612765,DET,32.0,46,102.7,103.9,103.9,108.2,109.4,109.4,-5.5,-5.5,-5.5,0.229,1.76,17.8,0.019,0.066,0.041,10.1,10.1,0.437,0.505,0.271,0.275,91.77,90.72,75.6,90.72,0.092,2946,6.4,15.6,259,232,232,337,377,377,330,330,330,70,143,144,331,408,402,171,171,362,304,14,17,398,413,413,181,39,21
2210,Richard Jefferson,1610612759,SAS,30.0,81,107.7,108.4,108.4,101.0,102.2,102.2,6.6,6.2,6.2,0.097,1.5,13.6,0.025,0.12,0.073,9.0,9.0,0.505,0.551,0.181,0.184,93.11,92.27,76.89,92.27,0.092,4849,4.5,9.6,99,91,91,82,109,109,56,55,55,214,178,209,296,215,243,109,111,171,139,211,219,344,376,376,184,115,118
1729,Ricky Davis,1610612746,LAC,30.0,36,98.7,97.4,97.4,109.4,109.1,109.1,-10.6,-11.6,-11.6,0.128,1.34,17.3,0.021,0.103,0.061,12.8,12.9,0.49,0.504,0.169,0.172,93.46,94.21,78.5,94.21,0.062,976,1.7,4.0,367,371,371,374,365,365,400,407,407,153,204,148,317,267,289,320,321,241,307,260,263,323,271,271,343,308,303
201577,Robin Lopez,1610612756,PHX,22.0,51,112.0,113.2,113.2,107.0,108.0,108.0,5.0,5.2,5.2,0.01,0.17,1.8,0.113,0.135,0.125,10.5,10.4,0.588,0.621,0.166,0.169,98.46,97.46,81.21,97.46,0.097,1999,3.4,5.7,14,12,12,295,329,329,87,76,76,425,417,425,25,175,102,187,186,24,19,278,279,68,116,116,156,177,247
200760,Rodney Carney,1610612755,PHI,26.0,68,101.9,101.2,101.2,106.3,105.7,105.7,-4.5,-4.5,-4.5,0.07,1.76,10.1,0.03,0.131,0.08,5.7,5.7,0.473,0.515,0.174,0.178,94.08,94.68,78.9,94.68,0.083,1679,1.7,4.1,286,302,302,272,250,250,307,317,317,304,141,293,257,185,216,15,14,292,283,245,249,294,233,233,241,315,295
201155,Rodney Stuckey,1610612765,DET,24.0,73,102.4,104.4,104.4,106.3,106.8,106.8,-3.8,-2.4,-2.4,0.246,2.13,19.6,0.027,0.097,0.06,9.2,9.2,0.413,0.479,0.26,0.263,90.86,89.78,74.82,89.78,0.105,4674,6.2,15.2,268,210,210,269,295,295,296,254,254,55,84,120,278,284,295,117,118,385,361,29,29,416,428,428,112,49,24
201958,Rodrigue Beaubois,1610612742,DAL,22.0,56,110.0,108.4,108.4,104.7,103.4,103.4,5.3,5.0,5.0,0.162,1.37,16.6,0.018,0.094,0.058,12.1,12.0,0.594,0.617,0.232,0.241,97.78,99.1,82.58,99.1,0.108,1438,2.8,5.3,48,90,90,205,159,159,79,82,82,111,203,152,339,296,311,299,291,20,22,72,61,84,70,70,100,222,257
2427,Roger Mason Jr.,1610612759,SAS,29.0,79,104.6,105.0,105.0,103.0,102.8,102.8,1.6,2.2,2.2,0.14,2.32,19.5,0.007,0.1,0.054,8.4,8.3,0.478,0.49,0.166,0.171,93.82,93.73,78.11,93.73,0.075,2957,2.4,6.3,186,180,180,146,131,131,143,135,135,132,62,123,423,275,332,74,73,280,344,275,271,302,306,306,285,256,224
101146,Roko Ukic,1610612749,MIL,25.0,13,114.7,115.9,115.9,109.6,105.8,105.8,5.1,10.1,10.1,0.185,2.0,23.1,0.0,0.034,0.017,11.5,11.4,0.517,0.574,0.188,0.194,92.91,94.08,78.4,94.08,0.075,189,1.1,2.3,8,7,7,380,254,254,83,16,16,96,93,81,430,433,428,252,242,140,80,191,185,354,285,285,284,366,378
200758,Ronnie Brewer,1610612763,MEM,25.0,58,105.9,107.1,107.1,103.5,104.5,104.5,2.3,2.6,2.6,0.13,2.91,22.2,0.029,0.087,0.058,7.6,7.6,0.497,0.524,0.14,0.142,95.51,94.54,78.79,94.54,0.087,3428,3.6,7.4,147,129,129,173,203,203,129,124,124,151,19,89,264,337,306,51,51,216,250,355,364,185,249,249,215,159,176
101179,Ronnie Price,1610612762,UTA,27.0,60,100.1,99.8,99.8,98.4,98.0,98.0,1.8,1.7,1.7,0.236,2.2,27.5,0.036,0.059,0.047,12.5,12.5,0.442,0.476,0.175,0.18,95.78,96.13,80.11,96.13,0.064,1613,1.6,4.0,333,338,338,24,25,25,138,145,145,63,77,46,229,419,370,309,310,356,367,237,240,168,156,156,334,317,299
101142,Ronny Turiaf,1610612744,GSW,27.0,42,105.0,105.2,105.2,105.8,106.1,106.1,-0.8,-0.9,-0.9,0.139,1.84,28.1,0.062,0.15,0.107,15.3,15.3,0.582,0.574,0.112,0.113,102.21,101.99,84.99,101.99,0.078,1857,2.0,3.5,172,174,174,250,264,264,203,216,216,133,119,41,156,141,143,380,380,28,81,406,407,19,27,27,266,284,320
201579,Roy Hibbert,1610612754,IND,23.0,81,102.8,103.5,103.5,102.2,102.9,102.9,0.5,0.5,0.5,0.13,1.09,13.4,0.088,0.136,0.113,12.3,12.3,0.497,0.537,0.221,0.224,98.61,97.94,81.61,97.94,0.098,4146,4.8,9.7,255,242,242,116,137,137,172,168,168,148,254,215,73,170,129,304,303,214,191,91,92,64,95,95,148,103,115
2767,Royal Ivey,1610612749,MIL,28.0,44,103.8,101.2,101.2,103.2,100.9,100.9,0.6,0.3,0.3,0.127,2.45,21.4,0.018,0.088,0.052,8.7,8.7,0.506,0.527,0.132,0.138,94.49,96.8,80.67,96.8,0.067,660,0.8,1.9,212,299,299,161,70,70,170,179,179,154,50,95,340,328,343,95,91,169,232,376,374,267,136,136,320,400,400
201164,Rudy Fernandez,1610612757,POR,25.0,62,104.4,104.0,104.0,103.4,103.8,103.8,1.0,0.2,0.2,0.146,1.76,19.3,0.025,0.098,0.06,10.9,10.8,0.494,0.54,0.168,0.174,90.89,90.91,75.76,90.91,0.095,2745,2.6,6.8,192,225,225,168,175,175,162,183,183,122,139,127,291,280,290,211,205,225,178,265,260,415,409,409,162,241,198
200752,Rudy Gay,1610612763,MEM,23.0,80,106.4,108.6,108.6,107.5,108.5,108.5,-1.1,0.1,0.1,0.076,0.91,8.6,0.037,0.119,0.077,9.4,9.5,0.491,0.535,0.224,0.226,96.02,94.65,78.87,94.65,0.101,6261,7.5,16.1,133,86,86,314,346,346,216,188,188,277,304,345,226,218,227,134,134,234,194,84,90,157,236,236,135,20,17
201566,Russell Westbrook,1610612760,OKC,21.0,82,108.1,108.9,108.9,103.1,104.6,104.6,5.0,4.3,4.3,0.367,2.43,28.8,0.052,0.091,0.072,11.8,11.8,0.428,0.491,0.25,0.254,96.62,95.52,79.6,95.52,0.12,5614,5.9,14.1,87,75,75,152,212,212,86,95,95,8,52,36,181,313,249,278,280,377,341,36,37,123,180,180,66,57,37
201583,Ryan Anderson,1610612753,ORL,22.0,63,111.5,110.8,110.8,101.1,101.2,101.2,10.4,9.7,9.7,0.069,0.66,7.2,0.081,0.144,0.114,10.8,10.8,0.536,0.574,0.233,0.239,94.53,94.79,78.99,94.79,0.117,1793,2.7,6.2,19,39,39,85,81,81,14,18,18,308,354,372,95,155,126,206,207,87,78,70,66,263,227,227,73,232,228
1763,Ryan Bowen,1610612760,OKC,34.0,1,133.2,129.4,129.4,64.0,70.6,70.6,69.2,58.8,58.8,0.0,0.0,0.0,0.0,0.077,0.0,0.0,0.0,1.0,1.064,0.083,0.083,107.18,103.29,86.08,103.29,0.184,17,1.0,1.0,2,1,1,3,3,3,1,1,1,430,427,430,430,375,429,1,1,1,1,433,436,4,15,15,4,374,432
101155,Ryan Gomes,1610612750,MIN,27.0,76,99.2,99.8,99.8,109.3,109.0,109.0,-10.1,-9.2,-9.2,0.087,1.31,12.4,0.034,0.131,0.081,9.5,9.4,0.497,0.528,0.172,0.176,98.04,97.86,81.55,97.86,0.081,4505,4.3,9.6,354,336,336,370,364,364,393,389,389,246,214,238,235,189,215,135,133,213,229,251,257,80,96,96,255,120,116
200797,Ryan Hollins,1610612750,MIN,25.0,73,94.9,95.0,95.0,111.8,111.0,111.0,-16.9,-16.0,-16.0,0.066,0.54,9.8,0.065,0.105,0.085,18.2,18.3,0.558,0.6,0.164,0.166,98.91,99.18,82.65,99.18,0.053,2519,2.3,4.2,407,395,395,409,405,405,423,421,421,315,377,305,146,261,199,411,414,48,42,285,285,56,65,65,368,270,294
201970,Sam Young,1610612763,MEM,25.0,80,98.5,98.0,98.0,107.7,107.0,107.0,-9.2,-9.0,-9.0,0.068,0.55,7.2,0.056,0.094,0.074,13.1,13.1,0.462,0.518,0.212,0.219,96.45,97.03,80.86,97.03,0.082,2676,2.8,6.2,374,365,365,318,303,303,383,388,388,310,374,371,168,299,238,330,327,323,267,112,102,132,128,128,244,217,227
2223,Samuel Dalembert,1610612755,PHI,30.0,82,101.7,102.6,102.6,105.9,106.9,106.9,-4.2,-4.3,-4.3,0.047,0.52,8.3,0.119,0.275,0.196,15.9,16.0,0.545,0.573,0.151,0.152,93.3,92.46,77.05,92.46,0.117,4071,3.5,6.4,289,261,261,257,298,298,302,310,310,382,381,349,16,4,3,386,386,69,83,330,334,333,366,366,74,168,219
2562,Sasha Pavlovic,1610612750,MIN,26.0,71,93.8,93.7,93.7,109.2,108.7,108.7,-15.4,-15.0,-15.0,0.105,1.09,13.7,0.013,0.118,0.064,12.6,12.5,0.422,0.422,0.173,0.178,100.42,100.73,83.94,100.73,0.038,1838,1.5,4.2,414,411,411,366,353,353,419,419,419,199,251,206,390,221,279,311,312,380,409,248,247,32,39,39,397,323,291
2756,Sasha Vujacic,1610612747,LAL,26.0,67,102.0,101.5,101.5,104.7,101.5,101.5,-2.7,-0.1,-0.1,0.113,2.41,17.5,0.039,0.094,0.065,7.3,7.2,0.479,0.518,0.141,0.148,96.02,97.74,81.45,97.74,0.069,1168,1.0,2.4,282,292,292,202,88,88,264,191,191,178,56,145,222,297,277,43,41,276,269,353,345,156,103,103,310,382,372
1752,Sean Marks,1610612740,NOH,34.0,14,99.1,95.6,95.6,100.4,98.1,98.1,-1.3,-2.6,-2.6,0.037,1.0,14.3,0.149,0.123,0.138,14.3,14.1,0.5,0.49,0.065,0.068,99.93,102.94,85.79,102.94,0.014,158,0.3,0.6,357,386,386,63,27,27,219,259,259,398,271,197,3,205,65,366,361,191,345,440,440,38,18,18,427,437,437
101118,Sean May,1610612758,SAC,26.0,37,104.8,105.7,105.7,105.4,104.5,104.5,-0.6,1.2,1.2,0.083,0.89,10.5,0.061,0.154,0.107,11.7,11.8,0.459,0.492,0.194,0.198,94.13,94.13,78.45,94.13,0.074,651,1.4,3.0,179,161,161,230,200,200,197,151,151,259,307,274,158,135,142,268,277,327,339,166,169,291,281,281,286,338,342
201157,Sean Williams,1610612751,NJN,23.0,20,90.2,88.7,88.7,94.0,92.9,92.9,-3.8,-4.2,-4.2,0.007,0.05,1.3,0.086,0.113,0.099,25.3,25.5,0.429,0.453,0.149,0.152,96.49,97.84,81.53,97.84,0.013,460,1.1,2.5,435,433,433,10,11,11,295,305,305,426,426,426,88,235,165,438,438,374,387,335,332,128,99,99,428,369,370
2742,Sebastian Telfair,1610612739,CLE,25.0,43,98.6,97.9,97.9,106.0,105.9,105.9,-7.3,-8.1,-8.1,0.313,2.52,31.9,0.008,0.065,0.037,12.7,12.7,0.445,0.479,0.188,0.192,92.4,92.76,77.3,92.76,0.077,1268,1.9,4.7,368,367,367,260,260,260,350,372,372,20,43,20,416,409,417,315,318,348,363,190,193,378,348,348,278,291,276
201586,Serge Ibaka,1610612760,OKC,20.0,73,101.7,100.8,100.8,100.1,100.4,100.4,1.6,0.4,0.4,0.013,0.15,2.0,0.107,0.189,0.15,13.9,13.9,0.545,0.562,0.158,0.163,94.17,94.43,78.69,94.43,0.105,2601,2.8,5.1,292,307,307,58,58,58,145,176,176,424,421,424,38,62,43,356,355,72,114,307,301,287,256,256,114,223,268
200771,Sergio Rodriguez,1610612752,NYK,24.0,66,106.0,105.4,105.4,107.5,107.6,107.6,-1.6,-2.2,-2.2,0.307,1.86,29.5,0.024,0.063,0.044,15.9,15.9,0.521,0.554,0.209,0.214,98.11,98.32,81.93,98.32,0.098,2150,2.5,5.3,142,166,166,313,316,316,231,249,249,21,116,30,302,411,390,385,385,126,131,120,116,77,84,84,151,248,258
2203,Shane Battier,1610612745,HOU,31.0,67,103.8,105.2,105.2,104.7,105.4,105.4,-0.9,-0.2,-0.2,0.111,2.56,22.7,0.034,0.113,0.073,8.9,8.9,0.511,0.541,0.114,0.116,95.01,94.11,78.42,94.11,0.077,4248,2.7,6.7,215,175,175,206,235,235,209,195,195,183,37,82,234,230,245,100,101,151,171,404,403,223,284,284,273,234,207
200769,Shannon Brown,1610612747,LAL,24.0,82,102.0,102.0,102.0,101.0,101.1,101.1,1.0,0.9,0.9,0.105,1.61,13.1,0.017,0.088,0.053,8.2,8.2,0.48,0.517,0.186,0.189,94.83,94.76,78.96,94.76,0.083,3349,3.1,7.2,281,279,279,81,76,76,158,156,156,197,159,221,353,332,341,64,65,270,274,200,201,234,228,228,236,200,186
406,Shaquille O'Neal,1610612739,CLE,38.0,53,105.7,106.8,106.8,101.9,102.6,102.6,3.8,4.3,4.3,0.11,0.76,10.7,0.086,0.214,0.154,14.1,14.0,0.566,0.565,0.251,0.253,93.12,92.31,76.93,92.31,0.114,2382,4.9,8.7,155,135,135,108,121,121,104,96,96,185,337,268,84,30,32,360,360,41,104,35,40,343,373,373,80,91,134
2733,Shaun Livingston,1610612764,WAS,24.0,36,105.6,105.8,105.8,105.1,105.7,105.7,0.5,0.1,0.1,0.246,2.24,31.7,0.022,0.084,0.053,14.1,14.1,0.517,0.563,0.16,0.162,92.6,92.24,76.87,92.24,0.093,1540,2.9,5.6,160,156,156,217,248,248,173,187,187,54,72,21,310,352,340,363,363,134,111,305,307,371,379,379,174,215,249
101183,Shavlik Randolph,1610612748,MIA,26.0,6,100.5,97.0,97.0,89.5,88.8,88.8,11.1,8.2,8.2,0.031,0.33,4.3,0.117,0.137,0.126,13.0,13.1,0.333,0.371,0.182,0.193,87.76,89.69,74.75,89.69,0.026,100,1.0,3.0,320,376,376,7,7,7,12,25,25,405,404,414,18,169,97,327,330,429,427,209,190,440,430,430,417,374,342
1890,Shawn Marion,1610612742,DAL,32.0,75,108.6,108.1,108.1,101.7,103.1,103.1,6.9,5.0,5.0,0.069,1.08,10.2,0.071,0.136,0.104,9.4,9.5,0.51,0.535,0.178,0.181,94.81,94.39,78.66,94.39,0.096,4691,5.3,10.4,74,98,98,103,146,146,50,81,81,306,256,288,131,171,150,133,136,162,196,228,235,236,259,259,159,85,106
200749,Shelden Williams,1610612738,BOS,26.0,54,105.2,101.4,101.4,99.4,99.6,99.6,5.9,1.8,1.8,0.058,0.7,9.5,0.082,0.168,0.125,13.6,13.9,0.521,0.612,0.149,0.154,92.35,93.98,78.32,93.98,0.097,1175,1.2,2.2,171,295,295,38,39,39,71,143,143,341,349,311,93,102,100,349,356,127,30,334,330,379,291,291,154,358,382
200780,Solomon Jones,1610612754,IND,25.0,52,93.5,94.0,94.0,104.8,104.0,104.0,-11.2,-10.0,-10.0,0.077,0.8,11.4,0.069,0.135,0.101,14.2,14.3,0.443,0.499,0.155,0.158,101.3,101.44,84.54,101.44,0.049,1430,1.5,3.4,417,406,406,209,181,181,406,394,394,273,324,258,136,177,154,365,367,354,323,320,323,24,32,32,376,325,327
201603,Sonny Weems,1610612761,TOR,23.0,69,110.0,108.7,108.7,109.3,109.5,109.5,0.7,-0.8,-0.8,0.11,1.55,15.5,0.034,0.111,0.074,10.0,10.0,0.517,0.533,0.18,0.186,95.9,96.39,80.32,96.39,0.08,2732,3.4,6.6,46,85,85,369,381,381,168,212,212,187,169,172,237,243,241,164,163,133,204,221,212,162,150,150,259,170,210
201150,Spencer Hawes,1610612758,SAC,22.0,72,101.3,102.7,102.7,107.8,108.6,108.6,-6.5,-5.9,-5.9,0.132,1.21,15.8,0.076,0.155,0.115,13.1,13.1,0.488,0.507,0.195,0.197,96.52,95.48,79.57,95.48,0.09,3787,4.3,9.3,305,260,260,320,349,349,341,337,337,145,233,165,113,133,123,333,329,246,299,161,170,125,184,184,196,119,123
201939,Stephen Curry,1610612744,GSW,22.0,80,106.4,107.5,107.5,109.5,110.2,110.2,-3.2,-2.7,-2.7,0.241,1.94,24.3,0.017,0.106,0.061,12.5,12.5,0.535,0.568,0.215,0.218,103.5,102.66,85.55,102.66,0.107,6185,6.6,14.3,136,117,117,376,394,394,280,266,266,58,103,68,355,257,285,310,308,93,97,99,106,9,19,19,101,36,33
101211,Stephen Graham,1610612766,CHA,28.0,70,95.6,96.6,96.6,96.7,95.7,95.7,-1.0,0.8,0.8,0.054,0.64,7.0,0.031,0.14,0.087,11.0,11.0,0.529,0.551,0.169,0.174,93.2,93.19,77.66,93.19,0.088,1548,1.7,3.4,401,380,380,14,17,17,213,158,158,356,358,377,256,161,194,220,220,102,141,258,261,338,331,331,205,311,322
1536,Stephen Jackson,1610612766,CHA,32.0,81,103.6,105.6,105.6,102.2,103.0,103.0,1.4,2.6,2.6,0.17,1.16,13.9,0.027,0.107,0.068,12.0,11.9,0.469,0.518,0.27,0.275,94.47,93.17,77.65,93.17,0.108,6062,7.4,17.5,222,163,163,114,144,144,152,125,125,103,245,202,272,254,266,292,288,303,270,15,16,269,332,332,98,22,12
2581,Steve Blake,1610612746,LAC,30.0,80,104.1,104.1,104.1,106.8,107.8,107.8,-2.7,-3.6,-3.6,0.272,2.97,36.1,0.01,0.082,0.046,12.2,12.2,0.527,0.539,0.143,0.146,92.02,91.6,76.33,91.6,0.088,4131,2.7,6.5,200,218,218,290,320,320,265,293,293,35,17,11,404,359,382,301,300,108,180,349,351,390,395,395,207,228,216
959,Steve Nash,1610612756,PHX,36.0,81,115.0,116.1,116.1,107.9,109.4,109.4,7.1,6.7,6.7,0.483,3.02,39.6,0.014,0.082,0.051,13.1,13.0,0.57,0.615,0.223,0.228,98.96,97.79,81.49,97.79,0.155,5426,6.2,12.2,7,5,5,328,378,378,45,45,45,2,15,4,376,360,354,331,325,38,24,85,83,54,101,101,16,48,68
200779,Steve Novak,1610612746,LAC,27.0,54,97.1,96.5,96.5,113.7,109.4,109.4,-16.6,-12.9,-12.9,0.025,3.0,5.1,0.003,0.09,0.046,1.7,1.7,0.491,0.505,0.136,0.142,95.9,98.01,81.67,98.01,0.056,744,0.8,2.0,387,383,383,426,376,376,421,411,411,413,16,408,429,323,383,8,8,236,305,371,363,163,93,93,360,401,391
2212,Steven Hunter,1610612763,MEM,28.0,21,90.6,91.2,91.2,102.3,100.6,100.6,-11.7,-9.4,-9.4,0.0,0.0,0.0,0.108,0.142,0.125,13.0,13.3,0.395,0.45,0.178,0.18,99.31,99.81,83.18,99.81,0.069,328,0.8,2.0,434,426,426,119,63,63,409,390,390,430,427,430,35,159,99,327,334,406,391,230,238,46,53,53,307,398,390
202178,Sundiata Gaines,1610612762,UTA,24.0,32,103.1,101.6,101.6,103.0,97.3,97.3,0.1,4.2,4.2,0.289,2.79,25.2,0.027,0.11,0.067,9.0,9.0,0.506,0.518,0.222,0.232,95.88,99.38,82.81,99.38,0.133,447,1.2,2.6,242,286,286,149,20,20,188,99,99,27,23,58,273,246,268,108,110,168,266,87,76,165,60,60,36,357,366
2551,T.J. Ford,1610612754,IND,27.0,47,98.9,98.6,98.6,105.7,106.0,106.0,-6.8,-7.5,-7.5,0.254,2.0,24.0,0.034,0.091,0.062,12.0,12.0,0.455,0.507,0.207,0.211,99.08,99.07,82.56,99.07,0.096,2459,4.0,8.9,362,357,357,242,263,263,344,362,362,46,93,71,240,316,284,289,292,337,301,126,129,50,71,71,158,141,130
201959,Taj Gibson,1610612741,CHI,25.0,82,101.4,102.4,102.4,102.2,103.2,103.2,-0.8,-0.8,-0.8,0.049,0.61,7.8,0.101,0.168,0.135,12.8,12.8,0.494,0.521,0.165,0.167,94.91,94.0,78.34,94.0,0.086,4301,3.8,7.7,298,267,267,115,148,148,205,211,211,372,361,359,53,103,78,319,319,222,259,281,283,229,290,290,222,149,168
201981,Taylor Griffin,1610612756,PHX,24.0,8,105.6,98.5,98.5,104.0,103.0,103.0,1.5,-4.5,-4.5,0.056,1.0,7.1,0.0,0.054,0.0,7.1,7.3,0.4,0.425,0.169,0.178,93.76,97.51,81.26,97.51,0.01,66,0.5,1.3,157,359,359,181,142,142,146,319,319,349,271,373,430,427,429,36,45,395,407,262,246,304,113,113,429,422,424
2419,Tayshaun Prince,1610612765,DET,30.0,49,104.6,105.9,105.9,109.6,110.6,110.6,-4.9,-4.7,-4.7,0.165,2.68,19.1,0.044,0.122,0.081,7.1,7.1,0.509,0.53,0.19,0.193,89.5,88.54,73.79,88.54,0.11,3069,5.8,11.8,185,153,153,379,399,399,317,323,323,107,27,129,205,210,214,35,36,163,214,183,189,433,438,438,91,66,72
201944,Terrence Williams,1610612751,NJN,23.0,78,98.2,98.1,98.1,106.6,105.9,105.9,-8.3,-7.7,-7.7,0.224,1.8,21.0,0.026,0.18,0.101,11.7,11.7,0.425,0.459,0.213,0.217,93.88,94.26,78.55,94.26,0.099,3466,3.3,8.3,377,363,363,280,259,259,367,367,367,73,128,104,288,78,155,265,266,379,379,109,108,300,267,267,142,179,148
200757,Thabo Sefolosha,1610612760,OKC,26.0,82,104.9,105.6,105.6,102.5,103.8,103.8,2.4,1.9,1.9,0.088,1.61,20.3,0.034,0.134,0.084,12.6,12.6,0.486,0.509,0.107,0.109,96.36,95.48,79.57,95.48,0.071,4667,2.4,5.4,174,162,162,132,173,173,126,141,141,244,160,115,239,179,205,313,313,250,295,411,412,138,183,183,299,266,255
201152,Thaddeus Young,1610612755,PHI,22.0,67,103.6,104.0,104.0,106.7,107.5,107.5,-3.1,-3.5,-3.5,0.075,0.77,8.7,0.062,0.108,0.085,11.4,11.4,0.499,0.523,0.211,0.213,94.4,93.87,78.22,93.87,0.088,4197,5.7,12.1,220,223,223,288,313,313,279,288,288,286,333,337,152,249,200,242,243,205,254,114,119,273,301,301,209,68,69
689,Theo Ratliff,1610612766,CHA,37.0,49,103.5,103.7,103.7,103.4,104.5,104.5,0.1,-0.9,-0.9,0.047,0.61,10.3,0.085,0.128,0.108,16.9,17.1,0.461,0.511,0.128,0.13,90.14,89.55,74.62,89.55,0.055,1502,1.4,3.1,224,237,237,165,205,205,187,214,214,381,364,282,89,195,141,399,400,325,291,383,385,426,431,431,362,334,339
1495,Tim Duncan,1610612759,SAS,34.0,78,107.4,109.3,109.3,100.4,101.1,101.1,7.0,8.2,8.2,0.175,1.76,15.0,0.097,0.237,0.169,8.6,8.6,0.519,0.56,0.263,0.264,93.07,91.96,76.63,91.96,0.18,4672,7.2,13.9,104,64,64,62,77,77,47,28,28,101,142,184,57,15,15,86,84,130,121,24,27,347,387,387,6,26,41
1501,Tim Thomas,1610612742,DAL,33.0,18,111.0,109.1,109.1,113.1,112.8,112.8,-2.2,-3.8,-3.8,0.076,1.0,9.7,0.047,0.108,0.076,9.7,9.7,0.538,0.579,0.204,0.211,92.89,93.82,78.19,93.82,0.082,562,2.7,5.9,27,71,71,423,425,425,251,296,296,278,271,308,192,252,230,153,152,85,69,137,126,357,304,304,243,226,242
201962,Toney Douglas,1610612752,NYK,24.0,56,107.1,107.0,107.0,111.8,111.7,111.7,-4.7,-4.7,-4.7,0.167,2.04,19.0,0.036,0.066,0.051,9.3,9.4,0.545,0.571,0.191,0.193,96.8,96.89,80.74,96.89,0.083,2192,3.2,7.0,117,131,131,408,412,412,311,322,322,106,92,130,227,406,351,126,129,71,89,179,186,115,133,133,237,191,193
2754,Tony Allen,1610612738,BOS,28.0,54,102.7,100.2,100.2,100.9,101.5,101.5,1.8,-1.3,-1.3,0.141,1.09,16.2,0.063,0.107,0.085,14.9,14.9,0.51,0.54,0.187,0.194,94.75,95.63,79.69,95.63,0.091,1767,2.4,4.7,258,328,328,79,86,86,137,225,225,130,252,160,149,255,198,372,371,161,173,196,183,244,172,172,192,263,275
1499,Tony Battie,1610612751,NJN,34.0,15,84.0,82.1,82.1,103.5,99.6,99.6,-19.5,-17.5,-17.5,0.042,1.0,5.9,0.025,0.15,0.08,5.9,6.0,0.363,0.405,0.158,0.163,96.3,99.23,82.69,99.23,0.034,274,0.9,2.7,440,439,439,170,41,41,431,428,428,388,271,395,293,145,217,16,16,421,415,308,303,142,62,62,407,385,362
2225,Tony Parker,1610612759,SAS,28.0,56,107.4,108.7,108.7,101.6,102.4,102.4,5.8,6.4,6.4,0.304,2.13,24.6,0.004,0.075,0.041,11.6,11.5,0.494,0.542,0.255,0.258,94.19,93.28,77.73,93.28,0.116,3359,6.2,12.8,106,82,82,98,113,113,72,50,50,23,87,64,428,390,404,257,255,223,168,31,33,286,326,326,75,44,57
1503,Tracy McGrady,1610612752,NYK,31.0,30,106.1,107.6,107.6,115.7,116.4,116.4,-9.6,-8.8,-8.8,0.22,2.25,24.5,0.034,0.114,0.073,10.9,10.8,0.421,0.466,0.205,0.208,95.13,94.18,78.49,94.18,0.078,1324,3.0,7.8,139,113,113,429,434,434,389,382,382,77,70,65,238,229,244,208,208,381,376,134,136,212,273,273,265,207,163
101143,Travis Diener,1610612757,POR,28.0,9,92.3,89.2,89.2,119.2,119.8,119.8,-26.9,-30.6,-30.6,0.222,0.0,40.0,0.0,0.056,0.027,0.0,0.0,0.25,0.255,0.099,0.102,102.56,104.06,86.71,104.06,0.038,111,0.2,1.1,422,430,430,435,437,437,438,441,441,75,427,3,430,423,426,1,1,437,438,426,425,16,11,11,399,438,428
2566,Travis Outlaw,1610612746,LAC,25.0,34,100.4,99.8,99.8,103.2,103.3,103.3,-2.8,-3.5,-3.5,0.082,1.06,9.1,0.044,0.121,0.082,8.6,8.6,0.463,0.503,0.203,0.207,94.85,95.1,79.25,95.1,0.091,1450,3.2,8.3,327,337,337,159,152,152,268,287,287,262,259,327,203,213,209,84,85,318,311,140,140,233,206,206,194,186,152
2239,Trenton Hassell,1610612751,NJN,31.0,52,91.7,91.9,91.9,108.4,108.0,108.0,-16.7,-16.1,-16.1,0.077,1.06,14.4,0.049,0.096,0.071,13.5,13.6,0.411,0.465,0.121,0.122,93.69,93.72,78.1,93.72,0.041,2157,1.7,4.2,427,423,423,341,330,330,422,423,423,274,258,196,189,285,256,346,347,389,377,395,396,310,307,307,395,307,292
2772,Trevor Ariza,1610612745,HOU,24.0,72,104.3,106.3,106.3,105.7,106.2,106.2,-1.4,0.1,0.1,0.164,1.71,18.0,0.029,0.132,0.078,10.5,10.5,0.462,0.488,0.21,0.212,96.74,95.55,79.62,95.55,0.093,5224,5.5,13.9,195,149,149,243,271,271,225,186,186,109,149,142,263,182,223,189,188,319,347,118,123,118,178,178,178,78,40
201821,Trey Gilder,1610612763,MEM,25.0,2,78.1,75.0,75.0,55.8,42.9,42.9,22.4,32.1,32.1,0.0,0.0,0.0,0.0,0.0,0.0,0.0,0.0,1.0,1.0,0.083,0.087,104.44,121.88,101.56,121.88,1.0,12,0.5,0.5,441,441,441,2,2,2,2,2,2,430,427,430,430,434,429,1,1,1,2,433,434,6,2,2,1,422,439
2211,Troy Murphy,1610612754,IND,30.0,72,100.5,101.3,101.3,106.1,106.7,106.7,-5.7,-5.4,-5.4,0.108,1.5,13.1,0.054,0.257,0.154,8.7,8.7,0.551,0.585,0.185,0.188,99.06,98.4,82.0,98.4,0.147,4803,5.3,11.3,324,298,298,264,290,290,332,327,327,191,179,222,177,6,30,97,93,60,60,203,207,52,81,81,22,82,79
201951,Ty Lawson,1610612743,DEN,22.0,65,109.6,110.3,110.3,104.3,104.1,104.1,5.3,6.3,6.3,0.233,2.48,27.6,0.033,0.062,0.048,11.1,11.1,0.559,0.6,0.174,0.176,98.66,98.41,82.01,98.41,0.11,2700,3.1,6.0,54,47,47,189,183,183,78,52,52,65,48,44,252,413,368,231,230,46,41,247,256,63,80,80,90,199,235
201946,Tyler Hansbrough,1610612754,IND,24.0,29,98.7,97.9,97.9,103.0,102.3,102.3,-4.3,-4.4,-4.4,0.097,1.33,8.6,0.106,0.15,0.127,6.4,6.5,0.36,0.448,0.245,0.249,98.82,99.56,82.97,99.56,0.086,1055,2.8,7.8,366,366,366,150,112,112,305,315,315,213,206,343,42,142,95,21,22,422,394,47,47,60,55,55,217,218,167
201936,Tyreke Evans,1610612758,SAC,20.0,72,100.5,102.2,102.2,107.5,108.4,108.4,-7.0,-6.2,-6.2,0.268,1.92,20.7,0.024,0.122,0.071,10.8,10.8,0.473,0.529,0.261,0.264,96.07,94.85,79.04,94.85,0.131,5286,7.4,16.2,322,271,271,312,344,344,348,344,344,39,106,106,301,211,252,204,203,293,224,27,28,150,224,224,41,23,16
200748,Tyrus Thomas,1610612766,CHA,23.0,54,97.4,98.2,98.2,98.9,98.9,98.9,-1.5,-0.7,-0.7,0.081,0.61,8.7,0.066,0.2,0.134,14.2,14.3,0.462,0.511,0.214,0.217,95.92,95.52,79.6,95.52,0.125,2422,3.6,7.8,384,361,361,31,31,31,229,208,208,263,365,341,145,49,80,364,366,321,292,107,110,161,179,179,55,160,166
2199,Tyson Chandler,1610612766,CHA,27.0,51,97.6,99.1,99.1,98.9,99.5,99.5,-1.3,-0.3,-0.3,0.023,0.18,4.3,0.105,0.188,0.147,24.5,24.9,0.574,0.643,0.138,0.139,92.62,91.66,76.38,91.66,0.09,2217,2.1,3.7,382,349,349,32,36,36,220,199,199,418,416,415,47,63,47,435,435,32,10,364,370,369,394,394,195,277,311
2617,Udonis Haslem,1610612748,MIA,30.0,78,103.8,103.4,103.4,100.7,102.0,102.0,3.1,1.4,1.4,0.042,0.69,6.2,0.081,0.22,0.151,8.9,8.9,0.494,0.538,0.168,0.172,91.26,90.84,75.7,90.84,0.123,4123,4.0,8.1,213,243,243,73,106,106,112,150,150,389,351,389,97,28,41,101,102,228,190,264,265,410,411,411,61,136,159
1713,Vince Carter,1610612753,ORL,33.0,75,109.8,110.5,110.5,97.7,99.3,99.3,12.1,11.2,11.2,0.177,2.23,15.9,0.015,0.11,0.065,7.2,7.1,0.486,0.541,0.247,0.253,93.89,92.82,77.35,92.82,0.119,4467,5.8,13.5,51,46,46,18,33,33,9,10,10,100,75,163,359,244,274,39,35,251,170,42,41,299,344,344,68,63,47
2209,Vladimir Radmanovic,1610612744,GSW,29.0,41,99.2,99.9,99.9,107.1,106.5,106.5,-8.0,-6.6,-6.6,0.073,1.02,12.0,0.055,0.15,0.1,11.7,11.8,0.432,0.449,0.156,0.159,101.27,101.16,84.3,101.16,0.053,1876,2.5,6.7,355,331,331,301,285,285,360,352,352,291,269,248,174,143,157,269,273,368,392,313,321,25,35,35,366,250,208
201961,Wayne Ellington,1610612750,MIN,22.0,76,98.6,99.1,99.1,107.0,105.8,105.8,-8.5,-6.7,-6.7,0.085,1.0,11.8,0.023,0.091,0.057,11.8,11.8,0.496,0.527,0.168,0.172,98.82,99.14,82.62,99.14,0.071,2858,2.5,5.9,373,350,350,298,257,257,369,357,357,255,271,252,303,315,319,277,278,217,230,263,267,59,67,67,298,252,241
202083,Wesley Matthews,1610612762,UTA,23.0,82,108.7,110.1,110.1,104.5,104.6,104.6,4.2,5.5,5.5,0.09,1.33,14.3,0.027,0.073,0.05,10.7,10.7,0.539,0.592,0.164,0.165,95.69,95.06,79.22,95.06,0.078,4003,3.3,6.9,72,50,50,198,207,207,96,66,66,239,206,197,276,394,356,197,200,82,52,286,293,174,209,209,268,181,194
101198,Will Bynum,1610612765,DET,27.0,63,102.7,103.4,103.4,112.6,112.9,112.9,-10.0,-9.5,-9.5,0.284,2.46,28.0,0.015,0.081,0.046,11.4,11.4,0.455,0.513,0.199,0.203,91.27,90.83,75.69,90.83,0.093,3154,3.8,8.5,260,244,244,417,426,426,392,391,391,29,49,42,364,362,379,245,244,336,286,154,154,409,412,412,176,151,144
101215,Will Conroy,1610612745,HOU,27.0,5,95.3,89.2,89.2,117.5,112.5,112.5,-22.3,-23.3,-23.3,0.304,1.75,33.3,0.0,0.077,0.038,19.0,18.3,0.3,0.276,0.163,0.185,92.48,97.7,81.41,97.7,-0.016,74,0.6,2.0,406,430,430,432,421,421,433,436,436,22,144,18,430,375,411,420,413,436,436,287,215,374,104,104,435,415,391
2584,Willie Green,1610612755,PHI,28.0,73,102.4,103.2,103.2,107.2,107.8,107.8,-4.8,-4.6,-4.6,0.164,2.27,18.7,0.013,0.075,0.043,8.3,8.2,0.5,0.538,0.19,0.194,93.56,93.01,77.51,93.01,0.084,3005,3.4,7.4,267,254,254,305,319,319,315,321,321,108,69,133,389,389,396,68,69,191,188,180,182,319,337,337,230,173,175
201163,Wilson Chandler,1610612752,NYK,23.0,65,104.0,104.7,104.7,107.0,107.4,107.4,-3.1,-2.7,-2.7,0.096,1.28,11.8,0.041,0.114,0.077,9.2,9.2,0.502,0.534,0.2,0.203,95.83,95.38,79.49,95.38,0.088,4610,6.3,13.2,204,200,200,299,309,309,278,267,267,218,222,254,212,227,228,118,119,183,201,147,150,167,190,190,203,40,52
200821,Yakhouba Diawara,1610612748,MIA,27.0,6,100.1,97.8,97.8,104.8,100.0,100.0,-4.7,-2.2,-2.2,0.091,1.0,18.8,0.0,0.07,0.0,18.8,18.8,0.25,0.25,0.126,0.131,94.37,97.76,81.47,97.76,-0.046,90,0.3,1.7,335,368,368,212,48,48,314,252,252,233,271,132,430,400,429,417,419,437,439,386,382,275,102,102,441,433,405
201146,Yi Jianlian,1610612751,NJN,22.0,52,101.1,101.2,101.2,108.5,108.1,108.1,-7.4,-6.9,-6.9,0.048,0.61,6.1,0.071,0.168,0.118,10.0,10.0,0.417,0.481,0.2,0.203,92.82,92.95,77.46,92.95,0.073,3204,4.4,10.8,310,303,303,343,331,331,353,359,359,375,363,391,129,100,115,165,166,383,358,148,155,362,339,339,287,117,91
2216,Zach Randolph,1610612763,MEM,28.0,81,106.5,108.9,108.9,108.3,109.2,109.2,-1.8,-0.2,-0.2,0.08,0.86,8.0,0.111,0.22,0.164,9.4,9.3,0.494,0.546,0.243,0.247,95.62,94.14,78.45,94.14,0.141,5998,8.0,16.5,131,77,77,339,371,371,241,196,196,268,316,355,32,27,20,130,126,229,159,48,52,178,278,278,29,13,14
2585,Zaza Pachulia,1610612737,ATL,26.0,78,105.3,104.9,104.9,105.1,104.5,104.5,0.2,0.4,0.4,0.058,0.72,10.2,0.106,0.172,0.138,14.1,14.2,0.488,0.539,0.15,0.152,93.42,93.92,78.27,93.92,0.07,2119,1.5,3.2,168,188,188,220,201,201,181,177,177,337,343,289,43,95,64,361,364,248,183,331,333,326,295,295,302,322,336
980,Zydrunas Ilgauskas,1610612739,CLE,35.0,64,108.4,109.1,109.1,100.5,100.8,100.8,7.9,8.3,8.3,0.058,0.76,8.0,0.092,0.173,0.134,10.6,10.6,0.455,0.491,0.187,0.189,92.45,91.96,76.64,91.96,0.077,2570,3.0,6.8,80,68,68,64,68,68,32,24,24,340,337,354,66,94,79,191,193,335,340,193,206,376,386,386,274,208,196
