PLAYER_ID,PLAYER_NAME,TEAM_ID,TEAM_ABBREVIATION,AGE,GP,E_OFF_RATING,OFF_RATING,sp_work_OFF_RATING,E_DEF_RATING,DEF_RATING,sp_work_DEF_RATING,E_NET_RATING,NET_RATING,sp_work_NET_RATING,AST_PCT,AST_TO,AST_RATIO,OREB_PCT,DREB_PCT,REB_PCT,TM_TOV_PCT,E_TOV_PCT,EFG_PCT,TS_PCT,USG_PCT,E_USG_PCT,E_PACE,PACE,PACE_PER40,sp_work_PACE,PIE,POSS,FGM_PG,FGA_PG,E_OFF_RATING_RANK,OFF_RATING_RANK,sp_work_OFF_RATING_RANK,E_DEF_RATING_RANK,DEF_RATING_RANK,sp_work_DEF_RATING_RANK,E_NET_RATING_RANK,NET_RATING_RANK,sp_work_NET_RATING_RANK,AST_PCT_RANK,AST_TO_RANK,AST_RATIO_RANK,OREB_PCT_RANK,DREB_PCT_RANK,REB_PCT_RANK,TM_TOV_PCT_RANK,E_TOV_PCT_RANK,EFG_PCT_RANK,TS_PCT_RANK,USG_PCT_RANK,E_USG_PCT_RANK,E_PACE_RANK,PACE_RANK,sp_work_PACE_RANK,PIE_RANK,FGM_PG_RANK,FGA_PG_RANK
201985,AJ Price,1610612754,IND,25.0,44,99.1,98.9,98.9,98.7,97.7,97.7,0.4,1.2,1.2,0.264,2.69,28.0,0.021,0.092,0.054,10.4,10.4,0.414,0.454,0.171,0.175,92.93,93.5,77.92,93.5,0.095,1118,1.3,4.0,285,294,294,118,94,94,204,191,191,57,29,46,336,316,349,190,188,388,386,270,269,294,246,246,187,361,328
201189,Aaron Gray,1610612761,TOR,27.0,49,97.7,96.4,96.4,105.6,106.5,106.5,-8.0,-10.0,-10.0,0.055,0.53,10.4,0.105,0.265,0.183,19.6,19.6,0.516,0.526,0.134,0.137,90.41,90.64,75.53,90.64,0.078,1535,1.7,3.3,335,356,356,370,391,391,372,399,399,369,404,307,43,5,5,445,446,109,193,397,392,439,426,426,282,321,361
1733,Al Harrington,1610612743,DEN,32.0,64,106.7,107.5,107.5,101.9,102.5,102.5,4.8,5.0,5.0,0.083,0.79,8.4,0.042,0.181,0.113,10.6,10.7,0.512,0.535,0.241,0.245,96.56,95.95,79.96,95.95,0.104,3516,5.4,12.1,53,50,50,242,265,265,106,99,99,274,347,362,218,76,133,206,207,120,170,58,61,59,79,79,137,61,58
201143,Al Horford,1610612737,ATL,26.0,11,106.1,108.6,108.6,99.3,100.3,100.3,6.8,8.3,8.3,0.113,1.5,15.6,0.077,0.156,0.116,10.4,10.2,0.553,0.585,0.174,0.178,91.56,90.07,75.06,90.07,0.13,652,5.2,9.4,64,31,31,144,166,166,60,34,34,208,179,185,112,131,121,187,177,43,41,261,262,397,453,453,49,66,126
2744,Al Jefferson,1610612762,UTA,27.0,61,107.5,108.8,108.8,104.4,104.8,104.8,3.1,4.1,4.1,0.113,2.16,10.1,0.067,0.223,0.146,4.7,4.7,0.493,0.52,0.258,0.261,93.54,92.81,77.34,92.81,0.154,4010,8.5,17.2,42,28,28,338,345,345,136,119,119,205,66,316,143,18,48,12,12,185,217,33,37,237,305,305,12,9,10
202329,Al-Farouq Aminu,1610612740,NOH,21.0,66,98.7,98.6,98.6,98.9,98.9,98.9,-0.2,-0.2,-0.2,0.074,0.73,11.5,0.07,0.148,0.11,15.9,15.9,0.429,0.481,0.159,0.163,90.02,90.12,75.1,90.12,0.075,2759,2.3,5.5,299,303,303,126,122,122,216,218,218,308,360,274,134,153,145,411,410,367,338,309,311,450,449,449,301,262,254
101187,Alan Anderson,1610612761,TOR,29.0,17,97.1,96.3,96.3,98.7,99.0,99.0,-1.6,-2.7,-2.7,0.1,1.04,12.6,0.018,0.057,0.038,12.1,12.0,0.472,0.519,0.186,0.191,89.42,89.7,74.75,89.7,0.052,860,3.2,8.4,349,362,362,119,125,125,248,281,281,232,277,252,355,448,438,282,278,247,218,212,212,461,461,461,393,192,162
202692,Alec Burks,1610612762,UTA,20.0,59,101.7,101.7,101.7,104.0,103.7,103.7,-2.3,-1.9,-1.9,0.1,1.08,10.5,0.059,0.081,0.069,9.8,9.7,0.45,0.506,0.212,0.218,93.86,93.96,78.3,93.96,0.081,1843,2.6,6.1,208,212,212,326,314,314,268,261,261,230,270,299,167,371,271,151,147,324,259,126,119,216,210,210,272,233,234
202087,Alonzo Gee,1610612739,CLE,25.0,63,98.3,99.7,99.7,104.4,105.6,105.6,-6.1,-5.9,-5.9,0.109,0.99,13.0,0.053,0.123,0.087,13.1,13.1,0.452,0.516,0.184,0.187,94.05,92.88,77.4,92.88,0.089,3533,3.6,8.7,315,277,277,340,371,371,341,344,344,216,295,245,181,219,205,338,334,320,227,224,227,199,297,297,224,167,147
2405,Amar'e Stoudemire,1610612752,NYK,29.0,47,98.1,99.9,99.9,100.9,101.8,101.8,-2.8,-1.9,-1.9,0.063,0.46,5.6,0.069,0.176,0.121,12.2,12.1,0.487,0.541,0.248,0.251,96.1,94.8,79.0,94.8,0.124,3055,6.7,13.9,322,271,271,198,236,236,279,260,260,341,423,427,137,90,103,287,286,203,146,49,50,83,151,151,64,33,36
101161,Amir Johnson,1610612761,TOR,25.0,64,100.4,101.2,101.2,99.7,100.6,100.6,0.7,0.6,0.6,0.085,0.84,14.4,0.102,0.166,0.135,17.1,17.1,0.579,0.6,0.141,0.143,91.2,90.41,75.34,90.41,0.096,2924,3.1,5.3,254,228,228,156,183,183,197,203,203,269,336,213,50,108,69,424,426,22,28,374,380,412,434,434,181,207,263
2760,Anderson Varejao,1610612739,CLE,29.0,25,102.6,104.3,104.3,104.3,105.3,105.3,-1.6,-1.0,-1.0,0.086,0.96,12.8,0.135,0.241,0.186,13.4,13.3,0.514,0.542,0.163,0.166,95.18,93.94,78.28,93.94,0.129,1535,4.6,8.9,171,123,123,336,365,365,249,242,242,262,299,247,5,8,4,350,346,114,142,300,302,132,213,213,54,101,141
101154,Andray Blatche,1610612764,WAS,25.0,26,95.0,95.9,95.9,108.1,108.3,108.3,-13.0,-12.4,-12.4,0.076,0.76,8.4,0.062,0.196,0.122,11.1,11.2,0.384,0.415,0.214,0.217,95.23,94.73,78.94,94.73,0.07,1236,3.6,9.4,388,371,371,433,427,427,426,421,421,302,355,359,152,52,99,232,234,422,422,116,123,126,154,154,323,170,125
2765,Andre Emmett,1610612751,NJN,29.0,6,100.4,92.9,92.9,102.2,98.9,98.9,-1.9,-5.9,-5.9,0.036,0.5,7.1,0.061,0.078,0.071,14.3,14.8,0.571,0.618,0.14,0.146,87.02,91.92,76.6,91.92,0.092,85,0.7,1.2,257,412,412,258,121,121,257,343,343,428,407,391,160,382,259,374,382,27,16,377,367,476,361,361,207,443,466
2738,Andre Iguodala,1610612755,PHI,28.0,62,101.6,102.2,102.2,95.3,97.0,97.0,6.3,5.2,5.2,0.241,2.95,28.8,0.025,0.144,0.085,9.8,9.8,0.514,0.537,0.176,0.178,91.81,90.73,75.61,90.73,0.134,4176,4.6,10.2,209,195,195,45,77,77,70,94,94,68,19,40,303,169,209,152,155,111,167,252,263,380,420,420,44,98,102
1889,Andre Miller,1610612743,DEN,36.0,66,108.4,109.1,109.1,103.5,104.4,104.4,4.9,4.6,4.6,0.365,2.49,35.5,0.032,0.092,0.064,14.2,14.2,0.455,0.51,0.198,0.202,95.37,94.66,78.89,94.66,0.108,3569,3.7,8.4,27,25,25,317,338,338,105,105,105,13,43,10,262,317,295,373,372,309,249,172,173,116,159,159,118,160,160
200745,Andrea Bargnani,1610612761,TOR,26.0,31,102.3,102.5,102.5,103.3,104.7,104.7,-0.9,-2.3,-2.3,0.113,0.88,8.8,0.026,0.148,0.089,10.0,10.0,0.467,0.538,0.288,0.293,91.1,90.4,75.33,90.4,0.129,1943,6.7,15.6,180,184,184,305,343,343,236,273,273,209,324,349,298,150,203,161,161,266,159,11,11,418,436,436,53,32,20
2804,Andres Nocioni,1610612755,PHI,32.0,11,87.3,83.8,83.8,102.1,102.7,102.7,-14.8,-18.9,-18.9,0.033,0.2,3.3,0.017,0.0,0.0,16.7,16.2,0.275,0.342,0.228,0.25,94.1,95.74,79.78,95.74,0.022,111,0.5,1.8,452,457,457,251,275,275,439,456,456,437,456,460,365,460,459,420,415,465,463,82,53,193,88,88,454,466,435
101106,Andrew Bogut,1610612749,MIL,27.0,12,96.7,97.9,97.9,93.1,94.5,94.5,3.6,3.4,3.4,0.148,1.29,15.5,0.061,0.214,0.138,12.0,11.9,0.449,0.465,0.214,0.216,93.96,92.71,77.26,92.71,0.121,700,5.1,11.3,358,325,325,21,36,36,126,129,129,148,226,189,159,28,65,278,276,329,361,117,126,208,313,313,76,71,72
101115,Andrew Bynum,1610612747,LAL,24.0,60,103.1,103.4,103.4,100.9,101.3,101.3,2.3,2.1,2.1,0.074,0.56,7.2,0.096,0.234,0.169,12.9,12.9,0.558,0.594,0.234,0.237,92.7,92.38,76.99,92.38,0.165,4077,7.4,13.3,149,157,157,197,217,217,165,166,166,307,398,389,63,13,11,325,324,36,34,73,75,310,335,335,9,19,43
202726,Andrew Goudelock,1610612747,LAL,23.0,40,99.0,97.1,97.1,103.2,101.1,101.1,-4.2,-4.0,-4.0,0.085,0.95,9.1,0.012,0.061,0.037,9.5,9.5,0.471,0.488,0.22,0.228,89.25,90.99,75.82,90.99,0.052,796,1.7,4.4,294,341,341,301,207,207,314,303,303,266,300,338,412,439,444,135,137,249,318,99,96,466,409,409,395,320,305
2740,Andris Biedrins,1610612744,GSW,26.0,47,101.5,99.9,99.9,108.1,107.5,107.5,-6.6,-7.7,-7.7,0.029,1.14,16.3,0.064,0.185,0.125,14.3,14.3,0.609,0.581,0.051,0.053,92.61,93.61,78.01,93.61,0.045,1437,0.8,1.4,215,272,272,434,416,416,351,373,373,446,259,174,148,71,91,374,374,11,47,477,477,318,237,237,415,424,459
1712,Antawn Jamison,1610612739,CLE,36.0,65,101.4,103.0,103.0,109.3,110.2,110.2,-7.8,-7.2,-7.2,0.11,1.46,9.5,0.053,0.139,0.094,6.5,6.5,0.447,0.481,0.255,0.258,94.99,93.88,78.23,93.88,0.093,4208,6.5,16.1,217,166,166,447,457,457,371,365,365,214,196,330,179,180,188,31,31,334,337,36,40,141,220,220,199,37,18
1853,Anthony Carter,1610612761,TOR,37.0,24,86.8,84.3,84.3,95.7,95.5,95.5,-8.9,-11.2,-11.2,0.296,2.0,31.2,0.024,0.135,0.08,15.6,15.7,0.368,0.409,0.159,0.165,93.95,95.39,79.49,95.39,0.087,414,0.7,2.2,454,456,456,50,48,48,389,411,411,39,82,25,309,188,222,403,405,434,426,310,306,209,106,106,240,440,419
201627,Anthony Morrow,1610612751,NJN,26.0,62,101.4,102.0,102.0,107.3,106.2,106.2,-5.9,-4.2,-4.2,0.065,0.87,7.4,0.019,0.063,0.04,8.5,8.4,0.494,0.531,0.208,0.214,93.45,93.59,77.99,93.59,0.077,3211,4.4,10.6,218,202,202,405,387,387,333,309,309,331,326,386,352,437,431,81,80,177,179,134,132,246,238,238,291,112,94
1515,Anthony Parker,1610612739,CLE,37.0,51,99.3,99.8,99.8,109.3,109.9,109.9,-10.0,-10.1,-10.1,0.144,2.4,23.0,0.008,0.108,0.055,9.6,9.6,0.509,0.523,0.138,0.14,95.21,94.68,78.9,94.68,0.073,2535,2.8,6.4,284,273,273,448,453,453,402,402,402,152,51,87,455,265,338,137,140,125,206,385,385,131,157,157,311,225,216
201576,Anthony Randolph,1610612750,MIN,22.0,34,99.0,99.7,99.7,102.1,102.7,102.7,-3.2,-3.0,-3.0,0.066,0.48,6.4,0.081,0.147,0.115,13.5,13.5,0.47,0.532,0.235,0.239,97.54,96.92,80.77,96.92,0.103,1039,2.8,5.9,292,276,276,253,273,273,287,287,287,330,420,412,105,157,126,354,354,252,177,69,70,26,48,48,143,225,239
201229,Anthony Tolliver,1610612750,MIN,27.0,51,101.3,101.2,101.2,103.0,103.2,103.2,-1.7,-2.0,-2.0,0.04,0.63,8.4,0.056,0.113,0.085,13.3,13.3,0.459,0.504,0.12,0.123,95.74,95.73,79.77,95.73,0.051,1758,1.4,3.6,221,230,230,297,296,296,251,264,264,422,381,361,170,246,211,348,345,295,266,427,428,93,89,89,398,351,345
202356,Armon Johnson,1610612751,NJN,23.0,9,91.5,90.7,90.7,97.3,95.7,95.7,-5.8,-4.9,-4.9,0.167,1.83,17.7,0.007,0.094,0.048,9.7,9.6,0.477,0.515,0.178,0.184,95.51,96.73,80.61,96.73,0.102,248,2.2,4.8,430,431,431,85,52,52,330,325,325,127,113,156,459,310,389,143,138,231,231,248,240,108,56,56,147,265,283
201167,Arron Afflalo,1610612743,DEN,26.0,62,105.4,106.3,106.3,104.0,105.2,105.2,1.4,1.1,1.1,0.115,1.75,14.5,0.02,0.076,0.048,8.3,8.2,0.534,0.584,0.186,0.192,96.11,95.18,79.31,95.18,0.091,4132,5.3,11.3,75,71,71,331,360,360,188,197,197,201,130,211,340,394,384,74,68,72,43,214,211,82,127,127,211,63,73
201948,Austin Daye,1610612765,DET,24.0,41,89.3,89.1,89.1,102.5,100.6,100.6,-13.1,-11.5,-11.5,0.1,0.83,10.3,0.022,0.138,0.076,12.5,12.5,0.35,0.394,0.211,0.216,92.3,93.28,77.73,93.28,0.045,1168,1.8,5.5,445,436,436,272,181,181,427,416,416,229,342,309,328,183,233,304,304,450,440,127,127,343,264,264,416,311,253
202340,Avery Bradley,1610612738,BOS,21.0,64,98.5,98.3,98.3,92.9,94.2,94.2,5.6,4.1,4.1,0.109,1.16,14.5,0.029,0.057,0.044,12.5,12.5,0.525,0.555,0.179,0.183,92.58,91.97,76.64,91.97,0.076,2616,3.1,6.3,309,313,313,20,32,32,87,118,118,218,256,209,283,449,415,302,302,88,102,242,244,323,359,359,294,200,222
1884,Baron Davis,1610612752,NYK,33.0,29,104.9,105.2,105.2,100.9,101.4,101.4,4.0,3.8,3.8,0.347,1.78,33.3,0.024,0.075,0.05,18.7,18.7,0.44,0.457,0.205,0.207,93.58,93.2,77.67,93.2,0.074,1153,2.3,6.3,97,100,100,196,223,223,120,122,122,20,126,18,317,399,372,439,439,346,380,147,155,233,272,272,308,255,217
2732,Ben Gordon,1610612765,DET,29.0,52,97.2,98.1,98.1,105.4,105.4,105.4,-8.3,-7.3,-7.3,0.172,1.1,15.4,0.01,0.086,0.046,14.0,13.8,0.501,0.549,0.227,0.233,92.06,91.64,76.37,91.64,0.09,2674,4.5,10.2,346,322,322,364,368,368,379,366,366,121,264,190,430,341,400,366,363,152,118,85,83,361,381,381,223,106,103
202386,Ben Uzoh,1610612761,TOR,24.0,18,94.3,93.8,93.8,93.5,92.7,92.7,0.8,1.2,1.2,0.28,3.21,32.4,0.053,0.125,0.09,10.1,10.1,0.354,0.377,0.159,0.162,89.5,90.18,75.15,90.18,0.095,695,1.9,5.5,397,404,404,26,25,25,195,194,194,47,11,20,182,215,199,166,168,449,447,311,312,460,446,446,184,292,256
1112,Ben Wallace,1610612765,DET,37.0,62,92.4,92.8,92.8,97.8,97.8,97.8,-5.4,-5.0,-5.0,0.073,1.26,23.1,0.082,0.212,0.144,18.3,18.5,0.401,0.398,0.068,0.069,89.39,89.17,74.31,89.17,0.094,1814,0.5,1.4,417,413,413,94,98,98,325,327,327,311,236,85,102,32,53,438,438,404,435,475,475,463,471,471,191,458,456
2757,Beno Udrih,1610612749,MIL,29.0,59,105.4,105.7,105.7,95.2,95.0,95.0,10.2,10.7,10.7,0.317,2.95,34.3,0.024,0.066,0.046,11.6,11.7,0.465,0.488,0.177,0.18,94.9,94.87,79.06,94.87,0.1,2128,2.5,5.6,78,85,85,44,40,40,26,13,13,28,18,13,312,432,406,256,257,273,317,250,255,144,149,149,159,243,251
202687,Bismack Biyombo,1610612766,CHA,19.0,63,89.7,91.4,91.4,107.2,107.3,107.3,-17.5,-15.8,-15.8,0.032,0.38,6.1,0.075,0.177,0.125,16.1,16.2,0.464,0.48,0.129,0.13,93.29,92.37,76.98,92.37,0.066,2791,2.0,4.4,440,427,427,404,408,408,452,446,446,443,437,417,120,83,92,414,414,281,339,408,411,261,337,337,341,284,301
201336,Blake Ahearn,1610612762,UTA,28.0,4,81.6,82.5,82.5,101.7,104.9,104.9,-20.1,-22.4,-22.4,0.063,0.2,5.0,0.0,0.0,0.0,25.0,25.0,0.357,0.357,0.271,0.281,100.05,97.96,81.64,97.96,-0.069,63,1.0,3.5,468,464,464,230,351,351,459,463,463,342,456,441,463,460,459,470,470,443,458,24,19,5,29,29,474,400,350
201933,Blake Griffin,1610612746,LAC,23.0,66,109.2,111.0,111.0,102.2,103.6,103.6,6.9,7.4,7.4,0.156,1.4,13.3,0.093,0.217,0.155,9.5,9.4,0.55,0.557,0.262,0.266,91.45,90.09,75.08,90.09,0.156,4491,8.5,15.5,22,17,17,259,312,312,56,51,51,139,200,238,70,25,32,132,131,44,92,29,30,403,451,451,11,7,24
2250,Bobby Simmons,1610612746,LAC,32.0,28,100.4,100.1,100.1,100.9,102.1,102.1,-0.6,-2.0,-2.0,0.039,1.1,9.6,0.04,0.099,0.068,8.8,8.8,0.422,0.43,0.11,0.113,93.0,92.59,77.16,92.59,0.031,806,1.0,3.2,256,260,260,201,250,250,225,263,263,423,265,325,226,293,275,97,98,377,410,445,443,285,322,322,445,400,365
2564,Boris Diaw,1610612759,SAS,30.0,57,97.6,97.2,97.2,103.6,105.0,105.0,-5.9,-7.8,-7.8,0.224,1.83,29.9,0.049,0.148,0.098,16.4,16.4,0.489,0.498,0.151,0.154,95.21,94.75,78.96,94.75,0.085,2824,2.7,6.2,336,339,339,319,354,354,337,374,374,81,115,30,195,154,176,417,417,197,291,340,344,129,153,153,252,229,225
1802,Brad Miller,1610612750,MIN,36.0,15,94.8,94.8,94.8,101.0,100.7,100.7,-6.3,-5.9,-5.9,0.255,2.0,34.8,0.026,0.11,0.066,17.4,17.6,0.463,0.542,0.136,0.137,95.01,95.12,79.27,95.12,0.084,291,0.6,1.8,391,393,393,204,186,186,344,342,342,62,82,12,292,258,289,428,429,283,138,390,390,137,129,129,259,451,436
201148,Brandan Wright,1610612742,DAL,24.0,49,103.1,101.9,101.9,100.3,100.5,100.5,2.8,1.3,1.3,0.029,0.62,4.3,0.083,0.134,0.11,6.9,6.9,0.618,0.632,0.167,0.172,94.7,95.19,79.33,95.19,0.127,1565,2.9,4.8,151,209,209,185,177,177,145,188,188,449,384,451,98,193,147,35,35,9,11,288,283,158,124,124,57,213,285
101138,Brandon Bass,1610612738,BOS,27.0,59,101.0,102.0,102.0,96.1,97.6,97.6,4.9,4.3,4.3,0.05,0.85,6.6,0.057,0.144,0.103,7.9,7.9,0.479,0.524,0.195,0.197,92.82,91.7,76.41,91.7,0.101,3570,5.1,10.7,232,205,205,60,88,88,104,107,107,385,333,406,168,168,162,55,58,222,202,180,188,302,379,379,158,67,91
201943,Brandon Jennings,1610612749,MIL,22.0,66,102.7,104.3,104.3,105.0,106.3,106.3,-2.3,-2.0,-2.0,0.264,2.5,21.2,0.02,0.077,0.047,8.5,8.4,0.476,0.514,0.253,0.258,97.33,95.99,79.99,95.99,0.118,4657,7.1,17.0,169,122,122,354,388,388,269,265,265,56,41,99,339,390,392,82,81,237,233,40,41,34,77,77,82,22,13
202688,Brandon Knight,1610612765,DET,20.0,66,98.0,99.4,99.4,105.2,105.5,105.5,-7.2,-6.2,-6.2,0.202,1.47,20.0,0.016,0.091,0.052,13.7,13.7,0.483,0.511,0.215,0.217,91.9,91.1,75.91,91.1,0.078,4035,4.8,11.7,330,283,283,357,370,370,359,347,347,102,192,113,381,327,355,359,357,211,245,112,122,371,403,403,283,85,63
201575,Brandon Rush,1610612744,GSW,26.0,65,104.6,104.5,104.5,106.2,106.6,106.6,-1.7,-2.1,-2.1,0.081,1.29,13.3,0.02,0.126,0.075,10.3,10.3,0.607,0.628,0.153,0.156,94.87,94.73,78.94,94.73,0.105,3386,3.6,7.2,105,116,116,382,394,394,250,267,267,285,224,236,338,214,241,177,181,12,12,334,335,150,155,155,131,166,198
2217,Brendan Haywood,1610612742,DAL,32.0,54,100.7,100.2,100.2,98.1,98.8,98.8,2.6,1.4,1.4,0.025,0.41,5.6,0.123,0.16,0.142,13.6,13.7,0.518,0.52,0.126,0.128,93.02,92.93,77.44,92.93,0.071,2215,2.2,4.2,244,258,258,100,118,118,153,187,187,454,432,430,18,121,55,358,361,103,216,412,416,280,291,291,318,268,315
2073,Brian Cardinal,1610612742,DAL,35.0,44,91.7,88.3,88.3,99.3,98.2,98.2,-7.6,-10.0,-10.0,0.094,2.0,19.8,0.014,0.106,0.059,9.9,9.8,0.345,0.373,0.103,0.11,96.62,99.03,82.53,99.03,0.015,572,0.3,1.3,427,440,440,146,106,106,367,396,396,240,82,123,403,274,322,156,154,452,450,456,450,58,15,15,461,469,465
2567,Brian Cook,1610612764,WAS,31.0,32,96.7,95.8,95.8,99.7,96.5,96.5,-3.1,-0.7,-0.7,0.056,0.91,8.1,0.035,0.185,0.111,8.9,8.9,0.367,0.396,0.182,0.186,96.75,98.83,82.36,98.83,0.039,566,1.0,3.1,359,373,373,160,62,62,286,233,233,366,315,370,248,69,143,102,103,435,438,231,233,49,17,17,434,406,379
2243,Brian Scalabrine,1610612741,CHI,34.0,28,108.0,102.5,102.5,98.9,100.0,100.0,9.1,2.5,2.5,0.195,1.67,26.3,0.06,0.112,0.084,15.8,15.9,0.483,0.49,0.144,0.155,91.47,93.35,77.79,93.35,0.089,241,0.5,1.1,29,183,183,125,150,150,32,155,155,107,147,64,164,250,214,407,408,209,316,364,337,402,260,260,227,461,467
1730,Brian Skinner,1610612763,MEM,36.0,1,60.0,66.7,66.7,148.4,144.4,144.4,-88.4,-77.8,-77.8,0.0,0.0,0.0,0.0,0.0,0.0,0.0,0.0,0.0,0.0,0.1,0.1,103.11,98.93,82.44,98.93,-0.182,9,0.0,1.0,478,477,477,478,478,478,478,478,478,466,462,466,463,460,459,1,1,473,475,460,461,3,16,16,477,473,469
201572,Brook Lopez,1610612751,NJN,24.0,5,94.6,95.3,95.3,106.7,105.9,105.9,-12.1,-10.6,-10.6,0.094,1.0,5.9,0.055,0.072,0.063,5.9,5.8,0.494,0.527,0.309,0.317,96.67,96.72,80.6,96.72,0.113,275,7.6,15.4,392,384,384,391,372,372,419,405,405,243,283,421,171,412,296,23,23,180,186,5,3,53,57,57,96,17,25
201957,Byron Mullens,1610612766,CHA,23.0,65,95.9,96.3,96.3,108.8,109.3,109.3,-12.9,-12.9,-12.9,0.073,0.77,7.4,0.065,0.163,0.113,9.6,9.6,0.435,0.473,0.221,0.225,93.52,93.08,77.57,93.08,0.086,2843,3.9,9.1,371,359,359,442,445,445,425,425,425,312,351,385,145,112,132,136,139,358,350,98,101,239,280,280,251,146,129
201228,C.J. Watson,1610612741,CHI,28.0,49,101.7,102.4,102.4,99.9,101.0,101.0,1.9,1.4,1.4,0.283,2.06,25.6,0.018,0.072,0.045,12.4,12.4,0.446,0.491,0.224,0.228,91.76,90.94,75.78,90.94,0.087,2200,3.3,8.9,204,188,188,164,199,199,178,186,186,45,78,68,358,411,410,298,298,336,313,91,98,383,412,412,239,190,138
101139,CJ Miles,1610612762,UTA,25.0,56,102.1,102.0,102.0,101.8,102.0,102.0,0.2,0.0,0.0,0.096,1.3,10.7,0.024,0.08,0.052,8.2,8.2,0.43,0.484,0.218,0.223,95.49,95.44,79.54,95.44,0.066,2287,3.2,8.3,188,203,203,236,243,243,209,212,212,238,222,296,314,380,357,71,70,364,326,102,105,110,101,101,343,199,163
201171,Carl Landry,1610612740,NOH,28.0,41,99.8,100.3,100.3,103.6,104.0,104.0,-3.8,-3.7,-3.7,0.071,0.59,7.0,0.085,0.148,0.116,11.8,11.7,0.503,0.577,0.236,0.241,89.89,89.46,74.55,89.46,0.122,1860,4.4,8.8,269,253,253,320,327,327,303,299,299,316,389,398,93,148,118,265,262,147,56,67,69,455,466,466,69,110,143
201291,Carldell Johnson,1610612740,NOH,29.0,15,98.4,97.7,97.7,96.1,91.5,91.5,2.3,6.2,6.2,0.314,3.14,33.8,0.009,0.068,0.04,10.8,10.7,0.371,0.372,0.176,0.182,86.86,89.32,74.43,89.32,0.067,219,0.7,2.3,313,327,327,58,18,18,164,70,70,30,13,16,440,424,429,214,214,428,452,253,252,477,470,470,335,438,413
2430,Carlos Boozer,1610612741,CHI,30.0,66,104.7,106.0,106.0,98.9,99.8,99.8,5.8,6.2,6.2,0.112,1.09,10.9,0.06,0.231,0.147,10.1,10.1,0.532,0.549,0.235,0.237,92.16,91.13,75.94,91.13,0.146,3720,6.8,12.8,101,76,76,124,149,149,81,72,72,211,268,292,163,15,43,165,166,78,119,71,76,353,401,401,24,31,49
2568,Carlos Delfino,1610612749,MIL,29.0,54,101.3,102.9,102.9,107.6,108.2,108.2,-6.3,-5.3,-5.3,0.118,1.86,18.6,0.012,0.13,0.068,10.0,10.0,0.497,0.515,0.155,0.157,96.18,95.18,79.32,95.18,0.079,3039,3.4,8.4,223,170,170,417,426,426,346,332,332,193,108,142,411,203,276,159,160,168,232,322,332,79,125,125,278,185,157
2546,Carmelo Anthony,1610612752,NYK,28.0,55,102.5,104.1,104.1,100.1,101.5,101.5,2.4,2.5,2.5,0.209,1.39,13.1,0.047,0.139,0.093,9.5,9.4,0.463,0.525,0.311,0.316,95.71,94.3,78.59,94.3,0.146,3693,8.0,18.6,175,131,131,171,228,228,156,153,153,94,204,244,203,181,194,130,128,282,199,3,5,96,181,181,22,11,6
2406,Caron Butler,1610612746,LAC,32.0,63,109.4,111.4,111.4,102.4,103.9,103.9,7.0,7.5,7.5,0.065,1.01,8.6,0.024,0.103,0.063,8.5,8.5,0.472,0.501,0.201,0.204,91.6,90.1,75.08,90.1,0.074,3521,4.6,11.2,20,15,15,267,323,323,54,47,47,334,282,354,311,287,298,84,84,243,278,163,168,395,450,450,307,102,74
201858,Cartier Martin,1610612764,WAS,27.0,17,101.3,101.4,101.4,98.1,97.3,97.3,3.2,4.2,4.2,0.041,0.77,6.1,0.031,0.118,0.075,7.9,7.9,0.549,0.555,0.179,0.183,93.41,93.71,78.09,93.71,0.083,764,3.5,7.9,227,219,219,99,81,81,134,112,112,417,352,419,265,229,240,56,56,47,100,244,242,253,228,228,264,177,175
202718,Chandler Parsons,1610612745,HOU,23.0,63,104.1,104.5,104.5,101.4,102.6,102.6,2.7,1.9,1.9,0.114,1.65,16.8,0.051,0.118,0.084,10.1,10.1,0.506,0.513,0.163,0.166,95.25,94.52,78.76,94.52,0.086,3551,3.9,8.7,118,118,118,218,270,270,148,172,172,202,153,170,190,231,215,168,169,134,234,301,304,123,171,171,250,140,149
101112,Channing Frye,1610612756,PHX,29.0,64,107.7,109.1,109.1,103.4,104.1,104.1,4.3,5.1,5.1,0.077,1.4,11.0,0.046,0.178,0.116,7.9,7.9,0.49,0.519,0.192,0.195,94.92,94.01,78.34,94.01,0.092,3270,4.0,9.6,35,21,21,312,329,329,113,97,97,297,203,289,206,81,124,58,57,192,219,189,196,142,208,208,206,134,121
202724,Charles Jenkins,1610612744,GSW,23.0,51,95.6,96.2,96.2,107.3,107.9,107.9,-11.7,-11.7,-11.7,0.306,2.83,31.6,0.009,0.067,0.037,11.2,11.1,0.452,0.482,0.184,0.187,96.29,95.72,79.76,95.72,0.082,1774,2.5,5.7,379,364,364,407,422,422,416,419,419,33,22,24,444,431,445,233,233,321,336,222,228,74,91,91,268,237,246
101111,Charlie Villanueva,1610612765,DET,27.0,13,92.4,93.9,93.9,106.1,107.3,107.3,-13.8,-13.4,-13.4,0.067,0.86,5.6,0.045,0.218,0.126,6.5,6.5,0.467,0.484,0.242,0.246,96.7,95.4,79.5,95.4,0.109,358,2.7,7.0,418,403,403,379,409,409,435,431,431,324,329,432,211,23,88,32,32,265,330,56,57,51,105,105,115,231,203
201978,Chase Budinger,1610612745,HOU,24.0,58,102.6,102.9,102.9,102.6,102.6,102.6,0.0,0.3,0.3,0.093,1.35,11.8,0.029,0.143,0.085,8.7,8.7,0.535,0.556,0.19,0.194,94.29,94.17,78.48,94.17,0.107,2556,3.6,8.1,172,171,171,279,269,269,214,208,208,247,215,268,275,170,210,96,95,67,96,202,199,182,194,194,124,169,169
1497,Chauncey Billups,1610612746,LAC,35.0,20,105.9,107.5,107.5,100.1,101.0,101.0,5.8,6.4,6.4,0.21,2.11,20.8,0.007,0.077,0.042,9.9,9.8,0.469,0.554,0.226,0.231,92.98,91.87,76.56,91.87,0.106,1164,4.2,11.4,68,49,49,173,201,201,82,66,66,93,72,105,460,387,424,155,153,257,103,87,86,287,366,366,128,126,69
2365,Chris Andersen,1610612743,DEN,33.0,32,106.3,106.7,106.7,100.3,101.7,101.7,6.0,5.0,5.0,0.019,0.35,3.6,0.101,0.192,0.149,10.1,10.2,0.546,0.583,0.145,0.147,97.82,96.93,80.78,96.93,0.113,971,1.8,3.4,59,62,62,182,232,232,76,98,98,460,444,458,51,63,39,167,172,54,45,362,364,21,47,47,98,306,357
2547,Chris Bosh,1610612748,MIA,28.0,57,107.5,107.7,107.7,96.7,97.7,97.7,10.8,10.0,10.0,0.086,0.88,8.9,0.054,0.177,0.12,10.2,10.2,0.493,0.551,0.239,0.243,93.85,93.27,77.72,93.27,0.136,3899,6.9,14.2,43,45,45,70,95,95,19,23,23,261,325,344,176,85,109,172,173,183,111,64,64,217,269,269,35,29,33
2768,Chris Duhon,1610612753,ORL,29.0,63,99.0,98.5,98.5,98.3,98.8,98.8,0.7,-0.3,-0.3,0.208,1.86,34.0,0.012,0.073,0.043,18.2,18.2,0.542,0.558,0.112,0.115,90.6,90.62,75.51,90.62,0.068,2310,1.3,3.2,290,305,305,107,119,119,198,219,219,97,107,15,420,405,419,437,435,59,85,440,438,436,427,427,328,360,363
202419,Chris Johnson,1610612740,NOH,26.0,27,100.9,99.7,99.7,112.0,111.3,111.3,-11.1,-11.6,-11.6,0.017,0.13,3.0,0.085,0.14,0.113,22.7,22.6,0.488,0.557,0.155,0.161,96.5,97.39,81.16,97.39,0.045,359,0.7,1.5,235,275,275,462,462,462,409,417,417,462,460,463,92,178,135,464,464,199,91,325,318,63,36,36,417,437,448
2549,Chris Kaman,1610612740,NOH,30.0,47,99.0,100.1,100.1,101.7,102.8,102.8,-2.6,-2.7,-2.7,0.134,0.78,11.5,0.071,0.207,0.141,14.7,14.8,0.446,0.478,0.262,0.265,91.36,90.35,75.29,90.35,0.114,2587,5.7,12.7,291,261,261,228,278,278,276,282,282,168,350,275,129,39,58,382,381,338,342,30,31,407,439,439,92,51,50
101108,Chris Paul,1610612746,LAC,27.0,60,109.6,111.4,111.4,103.0,104.1,104.1,6.7,7.4,7.4,0.413,4.38,32.3,0.02,0.084,0.051,7.4,7.3,0.522,0.581,0.237,0.242,91.59,90.35,75.3,90.35,0.186,4116,7.1,14.8,19,13,13,294,328,328,62,50,50,5,2,21,344,353,361,42,41,91,48,65,67,396,438,438,4,23,27
202698,Chris Singleton,1610612764,WAS,22.0,66,96.1,97.0,97.0,100.7,100.9,100.9,-4.7,-3.9,-3.9,0.051,1.29,11.7,0.03,0.134,0.081,9.1,9.1,0.442,0.462,0.115,0.116,95.12,94.57,78.81,94.57,0.051,2801,1.8,4.7,369,345,345,190,195,195,319,300,300,381,229,269,273,190,221,113,113,344,371,436,437,133,167,167,397,315,287
2404,Chris Wilcox,1610612738,BOS,29.0,28,94.3,95.0,95.0,97.0,98.4,98.4,-2.8,-3.5,-3.5,0.042,0.4,7.2,0.084,0.175,0.131,18.0,18.1,0.598,0.612,0.147,0.15,94.72,93.71,78.09,93.71,0.091,933,2.3,3.8,399,392,392,81,113,113,282,293,293,414,434,390,95,94,79,432,432,14,18,352,361,157,229,229,210,261,332
202874,Chris Wright,1610612744,GSW,23.0,24,98.0,96.8,96.8,102.4,101.3,101.3,-4.4,-4.5,-4.5,0.035,0.5,5.6,0.094,0.134,0.113,11.3,11.3,0.511,0.597,0.152,0.156,97.53,98.67,82.22,98.67,0.11,380,1.0,1.9,328,347,347,268,216,216,316,314,314,431,407,431,68,194,131,239,241,123,33,336,336,28,19,19,111,410,432
201963,Christian Eyenga,1610612747,LAL,23.0,7,86.3,85.7,85.7,103.5,104.7,104.7,-17.2,-19.0,-19.0,0.093,1.67,13.5,0.035,0.093,0.063,8.1,8.2,0.26,0.298,0.142,0.143,88.95,88.73,73.95,88.73,0.026,189,0.9,3.6,455,449,449,318,344,344,449,457,457,245,147,232,246,315,297,66,72,467,469,370,375,468,474,474,448,421,344
101236,Chuck Hayes,1610612758,SAC,29.0,54,99.6,100.3,100.3,106.2,107.5,107.5,-6.7,-7.1,-7.1,0.109,1.54,24.5,0.066,0.158,0.111,15.9,15.9,0.429,0.459,0.102,0.103,94.6,93.7,78.08,93.7,0.063,2019,1.4,3.1,276,252,252,383,412,412,354,364,364,217,175,77,144,125,142,412,411,366,375,457,457,164,230,230,356,359,372
202332,Cole Aldrich,1610612760,OKC,23.0,26,96.9,92.5,92.5,103.5,103.2,103.2,-6.5,-10.7,-10.7,0.034,0.33,4.9,0.08,0.192,0.139,14.8,15.0,0.524,0.592,0.149,0.157,93.32,95.64,79.7,95.64,0.123,347,0.8,1.6,356,419,419,315,297,297,350,406,406,436,445,442,107,60,60,384,390,89,36,344,328,259,93,93,65,423,442
201147,Corey Brewer,1610612743,DEN,26.0,59,105.1,105.4,105.4,103.4,103.4,103.4,1.7,2.0,2.0,0.103,1.57,13.2,0.034,0.083,0.059,8.4,8.4,0.47,0.505,0.191,0.196,98.26,98.13,81.77,98.13,0.076,2616,3.4,7.8,90,96,96,313,303,303,183,170,170,227,168,241,253,355,324,80,82,253,263,194,193,14,25,25,293,181,177
1894,Corey Maggette,1610612766,CHA,32.0,32,92.7,94.4,94.4,108.5,110.3,110.3,-15.7,-15.9,-15.9,0.082,0.66,6.9,0.022,0.12,0.069,10.5,10.5,0.405,0.517,0.264,0.267,96.75,95.11,79.26,95.11,0.086,1746,4.3,11.7,416,395,395,437,458,458,444,447,447,280,373,401,327,225,272,194,195,399,225,28,29,50,130,130,246,115,62
202809,Cory Higgins,1610612766,CHA,23.0,38,87.7,88.6,88.6,102.7,101.8,101.8,-15.1,-13.3,-13.3,0.159,0.92,13.7,0.017,0.071,0.043,14.8,14.9,0.338,0.402,0.246,0.251,92.11,92.04,76.7,92.04,0.018,806,1.4,4.2,451,438,438,286,237,237,441,429,429,137,312,227,371,417,420,387,388,453,432,52,51,359,352,352,459,354,316
202709,Cory Joseph,1610612759,SAS,20.0,29,102.5,101.7,101.7,111.8,110.8,110.8,-9.2,-9.0,-9.0,0.189,2.83,27.4,0.018,0.08,0.047,9.7,9.7,0.336,0.374,0.148,0.153,94.15,94.97,79.14,94.97,0.042,522,0.8,2.4,173,213,213,459,461,461,394,389,389,112,22,52,356,373,393,143,150,454,449,347,346,186,139,139,426,434,408
202622,Courtney Fortson,1610612745,HOU,24.0,10,79.7,78.2,78.2,102.7,100.0,100.0,-22.9,-21.8,-21.8,0.222,1.0,17.2,0.051,0.099,0.072,17.2,17.1,0.391,0.453,0.204,0.218,95.34,97.56,81.3,97.56,0.076,197,1.1,3.2,471,471,471,280,150,150,464,462,462,82,283,160,189,294,255,426,425,418,388,150,120,118,33,33,295,394,366
201584,Courtney Lee,1610612745,HOU,26.0,58,103.4,104.2,104.2,102.0,103.0,103.0,1.5,1.2,1.2,0.079,1.38,11.5,0.015,0.08,0.046,8.4,8.3,0.508,0.534,0.173,0.177,93.74,92.87,77.39,92.87,0.079,3403,4.3,10.0,139,125,125,246,292,292,187,192,192,288,206,273,391,378,401,79,78,129,172,264,264,225,301,301,279,117,111
202342,Craig Brackins,1610612755,PHI,24.0,14,82.7,81.5,81.5,115.3,111.6,111.6,-32.6,-30.1,-30.1,0.174,2.0,17.4,0.048,0.0,0.0,8.7,8.7,0.318,0.325,0.184,0.193,91.92,94.09,78.41,94.09,0.026,173,0.6,2.4,466,468,468,470,463,463,472,472,472,119,82,159,200,460,459,92,94,460,467,219,204,369,200,200,449,447,412
200783,Craig Smith,1610612757,POR,28.0,47,98.1,98.1,98.1,107.7,106.1,106.1,-9.7,-8.1,-8.1,0.067,0.79,10.3,0.068,0.17,0.118,13.0,13.1,0.504,0.556,0.154,0.158,95.53,96.23,80.19,96.23,0.089,933,1.3,2.5,325,321,321,421,381,381,399,379,379,326,346,310,139,100,116,335,335,142,97,327,325,107,65,65,232,371,406
201571,D.J. Augustin,1610612766,CHA,24.0,48,95.5,96.8,96.8,110.4,111.7,111.7,-14.9,-14.9,-14.9,0.37,2.79,32.3,0.017,0.062,0.039,11.6,11.5,0.438,0.493,0.206,0.211,94.39,93.16,77.64,93.16,0.1,2735,3.8,10.1,383,348,348,453,465,465,440,442,442,11,24,22,373,438,435,251,248,350,306,143,142,175,274,274,167,150,106
202810,D.J. Kennedy,1610612739,CLE,22.0,2,80.9,83.8,83.8,113.6,112.6,112.6,-32.7,-28.8,-28.8,0.088,1.0,15.8,0.016,0.1,0.057,15.8,15.9,0.5,0.466,0.13,0.13,91.7,90.51,75.42,90.51,0.025,111,2.5,6.0,469,457,457,468,469,469,473,471,471,258,283,182,377,291,328,407,408,153,360,404,410,387,430,430,450,240,235
201591,DJ White,1610612766,CHA,25.0,58,91.9,92.5,92.5,107.9,108.5,108.5,-16.0,-16.0,-16.0,0.08,1.09,10.0,0.044,0.157,0.098,9.1,9.2,0.494,0.516,0.176,0.179,93.01,92.39,76.99,92.39,0.091,2117,3.0,6.1,426,417,417,426,436,436,447,448,448,286,266,320,212,127,179,115,114,175,228,254,258,283,334,334,216,210,230
201969,DaJuan Summers,1610612740,NOH,24.0,15,95.7,96.7,96.7,104.0,103.7,103.7,-8.3,-7.0,-7.0,0.083,1.25,11.5,0.04,0.08,0.059,9.2,9.2,0.469,0.493,0.17,0.173,92.23,91.86,76.55,91.86,0.041,397,1.9,4.3,377,350,350,329,316,316,380,362,362,278,238,276,225,377,317,116,118,258,304,276,277,346,368,368,427,302,306
201161,Daequan Cook,1610612760,OKC,25.0,57,105.4,104.1,104.1,99.0,100.0,100.0,6.4,4.1,4.1,0.024,0.94,4.5,0.013,0.109,0.063,4.8,4.8,0.502,0.509,0.146,0.15,95.25,95.37,79.48,95.37,0.058,1966,1.9,5.2,77,130,130,130,150,150,69,117,117,456,306,448,409,262,300,13,15,150,253,357,359,124,108,108,378,297,265
2563,Dahntay Jones,1610612754,IND,31.0,65,98.8,98.9,98.9,102.9,103.0,103.0,-4.0,-4.2,-4.2,0.106,1.37,14.7,0.021,0.093,0.056,10.7,10.6,0.468,0.533,0.156,0.162,92.51,92.42,77.02,92.42,0.066,2031,1.8,4.3,298,296,296,290,291,291,308,306,306,223,208,206,332,313,330,210,204,262,175,318,315,326,328,328,342,314,309
2863,Damien Wilkins,1610612765,DET,32.0,60,95.7,95.4,95.4,98.1,96.4,96.4,-2.4,-1.0,-1.0,0.079,1.47,15.1,0.024,0.089,0.056,10.3,10.3,0.412,0.445,0.123,0.126,91.31,92.28,76.9,92.28,0.041,1756,1.3,3.2,376,380,380,101,61,61,272,241,241,288,193,198,308,332,329,181,185,390,394,422,422,409,340,340,430,369,364
202345,Damion James,1610612751,NJN,24.0,7,90.5,92.7,92.7,99.1,100.3,100.3,-8.6,-7.6,-7.6,0.032,0.25,5.4,0.038,0.149,0.092,21.4,21.7,0.371,0.422,0.138,0.139,91.16,89.54,74.61,89.54,0.048,316,1.9,5.0,436,414,414,135,167,167,386,370,370,441,453,437,232,147,195,458,458,428,417,384,386,415,463,463,409,303,273
2429,Dan Gadzuric,1610612752,NYK,34.0,2,84.2,85.2,85.2,93.1,92.6,92.6,-9.0,-7.4,-7.4,0.0,0.0,0.0,0.0,0.333,0.0,25.0,25.8,0.0,0.0,0.129,0.132,98.72,98.43,82.03,98.43,-0.088,27,0.0,1.0,461,453,453,23,24,24,390,367,367,466,462,466,463,1,459,470,472,473,475,406,406,10,22,22,475,473,469
200789,Daniel Gibson,1610612739,CLE,26.0,35,99.7,100.8,100.8,102.9,104.0,104.0,-3.2,-3.2,-3.2,0.136,1.69,19.6,0.011,0.097,0.053,11.6,11.6,0.462,0.493,0.148,0.151,95.32,94.32,78.6,94.32,0.067,1798,2.5,7.1,271,237,237,293,325,325,290,289,289,164,142,125,422,304,350,252,252,288,307,348,354,119,179,179,339,241,199
202350,Daniel Orton,1610612753,ORL,21.0,16,91.7,90.1,90.1,103.4,101.1,101.1,-11.7,-10.9,-10.9,0.047,0.71,9.3,0.101,0.114,0.107,13.0,13.2,0.567,0.549,0.12,0.12,92.43,94.29,78.58,94.29,0.047,365,1.1,1.9,428,432,432,311,204,204,417,407,407,395,363,335,55,242,154,329,342,29,121,428,433,334,182,182,412,398,432
201568,Danilo Gallinari,1610612743,DEN,23.0,43,107.7,108.5,108.5,99.9,100.7,100.7,7.9,7.8,7.8,0.131,1.71,15.5,0.023,0.128,0.078,9.1,9.2,0.479,0.563,0.207,0.209,96.34,95.63,79.7,95.63,0.111,2696,4.5,10.8,37,35,35,163,185,185,43,43,43,172,140,186,324,210,231,114,115,224,76,138,149,69,94,94,106,108,87
101122,Danny Granger,1610612754,IND,29.0,62,106.4,107.7,107.7,99.2,100.6,100.6,7.2,7.0,7.0,0.091,0.99,8.5,0.039,0.108,0.074,8.6,8.5,0.481,0.542,0.252,0.257,94.02,92.78,77.32,92.78,0.117,3993,6.3,15.2,57,46,46,138,184,184,53,59,59,256,296,357,228,266,244,87,87,216,139,41,43,204,309,309,83,41,26
201980,Danny Green,1610612759,SAS,25.0,66,107.0,106.7,106.7,98.5,98.9,98.9,8.5,7.8,7.8,0.086,1.28,12.8,0.036,0.112,0.074,10.0,9.9,0.549,0.579,0.17,0.174,95.5,95.41,79.51,95.41,0.096,3030,3.2,7.2,49,61,61,113,124,124,38,42,42,262,230,247,243,251,243,160,159,45,51,272,273,109,104,104,180,196,197
201967,Dante Cunningham,1610612763,MEM,25.0,64,97.4,97.3,97.3,98.8,98.8,98.8,-1.5,-1.6,-1.6,0.054,1.28,9.9,0.081,0.142,0.111,7.7,7.7,0.516,0.538,0.134,0.137,94.04,94.08,78.4,94.08,0.105,2194,2.3,4.4,343,337,337,122,120,120,244,254,254,371,232,323,104,172,139,51,51,106,160,395,391,200,201,201,133,264,304
202359,Darington Hobson,1610612749,MIL,24.0,5,97.1,93.3,93.3,86.9,85.5,85.5,10.2,7.8,7.8,0.25,3.0,28.6,0.0,0.081,0.039,9.5,9.5,0.154,0.154,0.167,0.174,90.69,93.21,77.67,93.21,-0.011,75,0.4,2.6,353,408,408,6,6,6,27,41,41,64,17,43,463,368,434,134,136,471,472,289,274,431,271,271,469,468,402
202721,Darius Morris,1610612747,LAL,21.0,19,94.0,92.1,92.1,107.7,106.5,106.5,-13.7,-14.4,-14.4,0.221,1.11,24.4,0.012,0.077,0.046,22.1,22.1,0.476,0.5,0.184,0.19,88.92,90.34,75.28,90.34,0.045,315,0.9,2.2,404,422,422,420,392,392,434,436,436,85,263,78,414,392,402,461,461,236,280,225,219,469,440,440,418,411,418
2545,Darko Milicic,1610612750,MIN,27.0,29,94.1,95.3,95.3,100.0,100.1,100.1,-5.9,-4.8,-4.8,0.062,0.53,8.6,0.071,0.13,0.1,16.2,16.4,0.454,0.458,0.17,0.171,94.08,93.44,77.87,93.44,0.047,919,2.0,4.5,402,383,383,169,159,159,335,322,322,344,402,353,131,204,172,415,416,313,378,273,286,196,252,252,413,287,297
201954,Darren Collison,1610612754,IND,24.0,60,104.1,105.4,105.4,100.6,102.0,102.0,3.5,3.4,3.4,0.239,2.52,29.0,0.016,0.082,0.05,11.5,11.5,0.472,0.526,0.167,0.17,94.04,92.78,77.32,92.78,0.1,3629,3.8,8.7,122,94,94,189,246,246,129,128,128,70,39,39,376,363,370,249,249,245,191,286,292,201,310,310,164,147,148
201208,Darryl Watkins,1610612740,NOH,27.0,5,91.2,91.6,91.6,104.6,104.3,104.3,-13.4,-12.8,-12.8,0.065,0.38,9.1,0.092,0.192,0.145,24.2,24.3,0.5,0.525,0.149,0.151,89.16,89.06,74.21,89.06,0.066,178,1.4,2.8,432,426,426,343,336,336,430,423,423,332,438,338,73,64,49,468,468,153,200,342,353,467,472,472,345,348,395
101135,David Lee,1610612744,GSW,29.0,57,104.5,105.2,105.2,107.8,108.2,108.2,-3.3,-3.0,-3.0,0.132,1.09,12.0,0.084,0.179,0.132,11.0,11.0,0.503,0.549,0.256,0.259,94.67,94.19,78.49,94.19,0.126,4154,8.1,16.2,108,101,101,423,425,425,293,288,288,170,267,263,96,79,75,227,226,145,122,34,39,160,191,191,59,10,17
2561,David West,1610612754,IND,31.0,66,105.0,106.0,106.0,99.6,100.4,100.4,5.4,5.6,5.6,0.123,1.51,13.6,0.062,0.16,0.112,9.0,9.1,0.489,0.531,0.207,0.209,93.57,92.69,77.24,92.69,0.125,3721,5.3,10.8,95,77,77,150,170,170,94,83,83,183,178,230,153,122,136,108,111,196,180,139,150,234,315,315,62,64,86
201599,DeAndre Jordan,1610612746,LAC,23.0,66,107.2,108.5,108.5,101.7,102.9,102.9,5.5,5.5,5.5,0.014,0.23,3.5,0.116,0.195,0.155,15.4,15.4,0.632,0.626,0.119,0.119,91.42,90.32,75.27,90.32,0.1,3370,3.1,4.9,47,34,34,231,284,284,90,86,86,464,455,459,26,54,29,397,399,7,13,429,434,405,441,441,161,201,276
202732,DeAndre Liggins,1610612753,ORL,24.0,17,85.0,82.2,82.2,112.1,109.3,109.3,-27.1,-27.1,-27.1,0.091,0.5,10.4,0.052,0.091,0.07,20.8,20.7,0.48,0.495,0.173,0.182,89.92,92.61,77.17,92.61,0.049,219,0.7,1.5,459,466,466,464,446,446,468,470,470,254,407,304,188,323,266,453,451,218,299,263,245,454,320,320,400,441,451
201971,DeJuan Blair,1610612759,SAS,23.0,64,104.3,104.3,104.3,102.1,102.7,102.7,2.1,1.7,1.7,0.091,0.85,10.8,0.115,0.148,0.131,12.7,12.7,0.534,0.549,0.21,0.214,95.53,95.24,79.37,95.24,0.098,2698,4.2,7.9,115,121,121,252,272,272,168,179,179,255,332,293,28,155,77,314,311,71,120,129,131,106,118,118,171,124,176
201942,DeMar DeRozan,1610612761,TOR,22.0,63,100.8,101.1,101.1,102.6,103.6,103.6,-1.8,-2.5,-2.5,0.105,1.04,9.8,0.019,0.081,0.051,9.5,9.5,0.435,0.503,0.25,0.253,91.01,90.39,75.33,90.39,0.081,4158,6.0,14.3,242,231,231,273,311,311,254,279,279,226,276,324,347,366,368,129,132,356,270,44,45,422,437,437,275,45,31
202326,DeMarcus Cousins,1610612758,SAC,21.0,64,102.4,104.2,104.2,107.5,108.2,108.2,-5.2,-3.9,-3.9,0.092,0.6,7.1,0.124,0.234,0.175,11.9,11.8,0.449,0.499,0.286,0.289,98.02,96.84,80.7,96.84,0.127,3924,7.0,15.6,179,126,126,412,423,423,324,302,302,248,386,393,17,12,7,272,271,326,288,12,13,16,49,49,58,26,21
201960,DeMarre Carroll,1610612762,UTA,25.0,24,106.5,105.8,105.8,108.0,107.9,107.9,-1.5,-2.1,-2.1,0.078,1.64,12.7,0.083,0.081,0.082,7.7,7.8,0.443,0.478,0.157,0.161,91.75,92.07,76.72,92.07,0.055,667,1.8,4.4,54,83,83,431,421,421,245,268,268,293,157,249,100,369,219,52,53,343,344,315,321,384,348,348,387,308,303
2205,DeSagana Diop,1610612766,CHA,30.0,27,82.8,83.6,83.6,102.7,103.1,103.1,-20.0,-19.5,-19.5,0.124,1.21,26.4,0.089,0.17,0.126,21.8,21.9,0.357,0.347,0.087,0.087,92.84,92.25,76.87,92.25,0.054,628,0.6,1.6,465,460,460,287,293,293,458,458,458,182,244,63,80,99,90,460,460,443,461,471,471,300,342,342,391,455,446
2052,DeShawn Stevenson,1610612751,NJN,31.0,51,95.8,95.4,95.4,101.9,103.0,103.0,-6.2,-7.6,-7.6,0.068,2.16,17.2,0.007,0.098,0.052,8.0,7.9,0.404,0.413,0.093,0.096,92.38,92.09,76.74,92.09,0.033,1830,1.0,3.4,374,379,379,244,286,286,342,369,369,322,67,161,457,299,356,60,60,401,424,464,465,337,347,347,442,409,358
2753,Delonte West,1610612742,DAL,28.0,44,96.7,96.4,96.4,97.1,97.4,97.4,-0.5,-1.0,-1.0,0.229,1.83,23.0,0.012,0.083,0.048,12.6,12.5,0.499,0.539,0.201,0.207,93.1,93.09,77.58,93.09,0.111,2053,3.8,8.2,360,357,357,84,84,84,224,239,239,76,116,88,410,356,386,305,305,160,155,162,159,275,279,279,108,154,165
202862,Dennis Horner,1610612751,NJN,24.0,8,103.3,95.7,95.7,143.4,127.7,127.7,-40.1,-32.0,-32.0,0.0,0.0,0.0,0.0,0.0,0.0,14.3,14.8,0.25,0.434,0.14,0.145,91.64,100.93,84.11,100.93,0.032,46,0.1,0.5,142,374,374,477,477,477,476,473,473,466,462,466,463,460,459,374,382,468,406,376,370,391,7,7,443,471,476
965,Derek Fisher,1610612760,OKC,37.0,63,104.6,103.9,103.9,99.0,99.5,99.5,5.7,4.4,4.4,0.17,2.33,27.4,0.009,0.069,0.041,11.8,11.8,0.421,0.464,0.134,0.137,93.38,93.49,77.91,93.49,0.054,2948,2.0,5.5,102,141,141,128,135,135,86,106,106,123,56,53,448,423,428,263,264,380,368,394,389,258,247,247,390,284,255
101114,Deron Williams,1610612751,NJN,28.0,55,101.7,103.8,103.8,108.0,108.5,108.5,-6.3,-4.7,-4.7,0.458,2.2,26.9,0.011,0.085,0.047,12.2,12.2,0.467,0.527,0.294,0.299,92.96,91.81,76.51,91.81,0.137,3824,7.1,17.5,206,145,145,430,435,435,345,319,319,3,64,55,421,346,395,290,289,270,187,9,10,292,372,372,34,21,9
201974,Derrick Brown,1610612766,CHA,24.0,65,92.8,94.3,94.3,107.5,107.5,107.5,-14.8,-13.2,-13.2,0.086,1.22,11.3,0.064,0.104,0.083,9.3,9.3,0.526,0.556,0.166,0.169,92.48,91.72,76.44,91.72,0.096,2751,3.3,6.3,415,396,396,413,414,414,438,427,427,264,242,279,149,284,217,121,120,86,95,292,298,328,375,375,178,191,221
201182,Derrick Byars,1610612759,SAS,28.0,2,98.6,97.3,97.3,106.2,106.6,106.6,-7.6,-9.2,-9.2,0.04,0.0,7.1,0.113,0.0,0.0,0.0,0.0,0.273,0.392,0.134,0.134,97.87,98.31,81.92,98.31,0.078,75,1.5,5.5,307,333,333,380,393,393,366,391,391,419,462,391,33,460,459,1,1,466,442,395,403,17,23,23,286,340,256
202324,Derrick Favors,1610612762,UTA,20.0,65,99.8,100.4,100.4,101.5,100.9,100.9,-1.7,-0.5,-0.5,0.053,0.42,6.3,0.113,0.199,0.155,15.2,15.2,0.499,0.537,0.2,0.203,94.1,94.12,78.43,94.12,0.116,2694,3.4,6.8,268,250,250,224,194,194,252,224,224,375,430,414,34,49,30,394,396,157,163,165,170,194,198,198,85,179,208
201565,Derrick Rose,1610612741,CHI,23.0,39,107.6,109.1,109.1,97.0,98.9,98.9,10.6,10.2,10.2,0.379,2.58,25.1,0.019,0.073,0.047,9.7,9.7,0.473,0.532,0.296,0.301,93.21,91.64,76.36,91.64,0.152,2635,7.7,17.8,41,23,23,78,123,123,21,20,20,10,34,74,348,409,397,149,148,240,176,8,9,270,382,382,15,13,8
202682,Derrick Williams,1610612750,MIN,21.0,66,100.1,100.6,100.6,103.4,103.9,103.9,-3.3,-3.2,-3.2,0.046,0.49,5.5,0.054,0.161,0.108,11.1,11.0,0.449,0.499,0.205,0.21,96.42,95.9,79.92,95.9,0.089,2825,3.1,7.5,262,246,246,308,321,321,291,291,291,397,417,436,177,119,151,229,227,328,287,146,148,66,82,82,226,203,186
202365,Devin Ebanks,1610612747,LAL,22.0,24,104.8,104.5,104.5,105.5,104.7,104.7,-0.8,-0.2,-0.2,0.043,0.67,8.8,0.065,0.072,0.068,13.2,13.4,0.416,0.465,0.136,0.137,93.4,93.92,78.26,93.92,0.04,778,1.5,3.7,100,119,119,366,342,342,228,217,217,411,371,350,147,413,278,344,349,386,363,392,396,255,216,216,433,331,338
2734,Devin Harris,1610612762,UTA,29.0,63,106.7,107.4,107.4,104.4,104.6,104.6,2.4,2.8,2.8,0.271,2.59,29.5,0.007,0.06,0.033,11.4,11.4,0.516,0.564,0.195,0.197,94.38,93.94,78.28,93.94,0.097,3408,3.8,8.6,52,52,52,337,341,341,159,144,144,52,33,34,458,443,451,245,245,108,73,183,186,176,212,212,175,148,154
202354,Dexter Pittman,1610612748,MIA,24.0,35,97.5,96.4,96.4,93.4,95.2,95.2,4.1,1.2,1.2,0.049,0.53,6.9,0.091,0.15,0.12,13.0,12.8,0.468,0.498,0.179,0.186,96.28,95.94,79.95,95.94,0.04,603,1.3,2.7,339,358,358,24,43,43,117,193,193,387,404,403,79,144,107,331,322,261,290,243,231,76,80,80,432,370,398
1717,Dirk Nowitzki,1610612742,DAL,34.0,62,104.1,104.0,104.0,98.7,98.1,98.1,5.4,5.9,5.9,0.119,1.16,9.5,0.023,0.181,0.103,8.2,8.1,0.495,0.564,0.284,0.292,93.11,93.4,77.83,93.4,0.152,4057,7.6,16.7,123,132,132,117,105,105,97,79,79,189,254,328,320,75,160,68,65,172,74,14,12,274,257,257,16,16,15
201187,Dominic McGuire,1610612744,GSW,26.0,64,100.6,98.4,98.4,104.6,104.0,104.0,-4.0,-5.6,-5.6,0.146,1.96,27.6,0.07,0.148,0.111,14.0,14.0,0.448,0.486,0.118,0.122,94.11,95.43,79.52,95.43,0.082,2228,1.5,3.3,245,311,311,345,324,324,309,338,338,150,96,48,133,152,138,367,367,333,324,430,429,192,103,103,266,345,362
202346,Dominique Jones,1610612742,DAL,23.0,33,88.9,85.2,85.2,101.2,99.8,99.8,-12.3,-14.6,-14.6,0.298,1.5,26.3,0.032,0.122,0.077,17.5,17.6,0.404,0.493,0.193,0.201,95.32,98.03,81.69,98.03,0.089,549,0.9,2.2,447,452,452,208,147,147,420,439,439,38,179,65,261,221,232,430,430,400,305,187,178,121,28,28,229,417,417
202388,Donald Sloan,1610612739,CLE,24.0,33,92.0,92.5,92.5,110.9,110.1,110.1,-18.9,-17.5,-17.5,0.29,2.14,28.7,0.025,0.077,0.05,13.4,13.4,0.404,0.433,0.176,0.179,91.36,91.44,76.2,91.44,0.07,1268,2.4,6.0,421,418,418,454,455,455,454,451,451,41,69,41,300,388,377,349,351,402,408,255,257,406,393,393,325,249,235
201590,Donte Greene,1610612758,SAC,24.0,53,97.6,97.6,97.6,103.4,103.4,103.4,-5.8,-5.8,-5.8,0.069,1.06,9.5,0.022,0.137,0.078,8.9,9.0,0.453,0.491,0.179,0.182,99.22,99.19,82.66,99.19,0.076,1593,2.0,5.0,337,330,330,309,302,302,328,341,341,319,274,327,329,185,230,105,107,315,311,240,253,8,12,12,298,286,272
2748,Dorell Wright,1610612744,GSW,26.0,61,103.0,103.3,103.3,107.9,108.6,108.6,-4.9,-5.3,-5.3,0.085,1.84,13.2,0.037,0.133,0.085,7.2,7.1,0.522,0.553,0.168,0.17,95.63,95.2,79.33,95.2,0.093,3270,3.6,8.6,154,160,160,427,438,438,321,331,331,267,112,242,234,197,208,37,37,92,106,285,291,103,123,123,200,162,152
2400,Drew Gooden,1610612749,MIL,30.0,56,103.9,105.6,105.6,109.8,110.3,110.3,-5.9,-4.7,-4.7,0.162,1.32,14.3,0.086,0.167,0.124,10.8,10.9,0.449,0.512,0.255,0.256,97.24,96.22,80.19,96.22,0.115,2935,5.1,11.7,129,90,90,451,459,459,332,317,317,134,220,214,90,106,94,222,221,327,240,38,44,35,66,66,91,68,61
2730,Dwight Howard,1610612753,ORL,26.0,54,102.9,104.6,104.6,99.3,100.5,100.5,3.6,4.1,4.1,0.098,0.59,8.2,0.1,0.284,0.193,13.9,13.9,0.573,0.569,0.259,0.261,91.33,90.03,75.03,90.03,0.172,3891,7.7,13.4,162,115,115,139,173,173,125,115,115,236,388,367,56,3,3,363,366,26,66,32,38,408,454,454,6,14,41
2548,Dwyane Wade,1610612748,MIA,30.0,49,107.5,108.2,108.2,96.3,97.8,97.8,11.2,10.4,10.4,0.251,1.74,17.0,0.05,0.098,0.076,9.8,9.8,0.506,0.559,0.305,0.31,94.9,93.85,78.21,93.85,0.166,3184,8.5,17.1,44,38,38,62,100,100,17,16,16,63,131,165,192,303,238,150,152,136,83,6,6,145,223,223,8,8,12
202734,E'Twaun Moore,1610612738,BOS,23.0,38,90.0,87.2,87.2,84.0,84.1,84.1,6.0,3.1,3.1,0.188,1.62,19.9,0.012,0.083,0.048,12.3,12.3,0.456,0.474,0.19,0.2,91.66,93.03,77.52,93.03,0.082,648,1.1,3.0,439,445,445,5,5,5,75,138,138,113,160,121,419,358,383,292,292,305,349,201,181,389,284,284,271,388,384
2853,Earl Barron,1610612744,GSW,30.0,2,95.5,88.9,88.9,103.0,100.0,100.0,-7.5,-11.1,-11.1,0.0,0.0,0.0,0.0,0.0,0.0,0.0,0.0,0.5,0.5,0.2,0.213,94.27,99.12,82.6,99.12,-0.167,18,1.0,2.0,382,437,437,295,150,150,365,409,409,466,462,466,463,460,459,1,1,153,284,167,134,183,13,13,476,400,425
1863,Earl Boykins,1610612745,HOU,36.0,8,90.4,91.4,91.4,99.0,97.6,97.6,-8.6,-6.2,-6.2,0.274,2.43,25.4,0.0,0.081,0.044,10.4,10.5,0.361,0.458,0.208,0.212,90.99,91.07,75.9,91.07,0.094,210,1.5,4.5,437,428,428,127,89,89,385,350,350,51,45,71,463,370,414,192,196,440,379,132,140,423,404,404,192,340,293
201947,Earl Clark,1610612753,ORL,24.0,45,91.4,89.6,89.6,105.1,105.1,105.1,-13.7,-15.5,-15.5,0.059,0.72,9.2,0.062,0.17,0.114,12.8,12.8,0.367,0.405,0.147,0.151,90.63,91.53,76.27,91.53,0.05,1064,1.1,3.1,431,434,434,356,356,356,433,444,444,356,361,336,154,98,130,319,321,436,429,353,352,435,387,387,399,386,376
2248,Earl Watson,1610612762,UTA,33.0,50,99.6,99.9,99.9,100.3,100.6,100.6,-0.8,-0.7,-0.7,0.306,2.55,44.9,0.029,0.092,0.06,17.6,17.6,0.369,0.413,0.112,0.114,92.87,92.56,77.13,92.56,0.075,1996,1.1,3.2,275,270,270,184,182,182,229,230,230,34,37,1,280,318,313,431,431,431,423,439,439,298,324,324,300,397,366
202334,Ed Davis,1610612761,TOR,23.0,66,94.2,94.3,94.3,101.9,102.7,102.7,-7.7,-8.4,-8.4,0.068,0.9,11.8,0.088,0.207,0.147,13.2,13.2,0.513,0.544,0.133,0.136,91.86,91.44,76.2,91.44,0.112,2929,2.6,5.1,400,397,397,241,274,274,369,382,382,323,322,266,82,38,44,342,338,115,135,401,397,376,394,394,100,232,268
2201,Eddy Curry,1610612748,MIA,29.0,14,83.0,82.3,82.3,121.0,123.8,123.8,-38.0,-41.4,-41.4,0.026,0.1,2.4,0.053,0.107,0.08,24.4,24.7,0.462,0.508,0.216,0.221,94.79,94.14,78.45,94.14,-0.004,164,0.9,1.9,464,465,465,475,475,475,475,476,476,452,461,464,180,271,224,469,469,289,255,110,109,155,195,195,467,421,434
2059,Eduardo Najera,1610612766,CHA,35.0,22,94.1,95.8,95.8,105.7,103.8,103.8,-11.5,-8.0,-8.0,0.072,1.71,14.1,0.041,0.16,0.097,8.2,8.3,0.438,0.441,0.123,0.125,93.59,93.58,77.98,93.58,0.057,528,1.1,2.9,401,372,372,371,318,318,413,377,377,314,136,219,223,120,181,73,75,352,400,421,425,231,240,240,382,396,390
202775,Edwin Ubiles,1610612764,WAS,25.0,4,85.8,85.4,85.4,104.7,104.2,104.2,-18.9,-18.8,-18.8,0.036,1.0,4.8,0.036,0.157,0.093,4.8,4.7,0.306,0.362,0.179,0.189,88.21,88.62,73.85,88.62,0.089,96,1.3,4.5,456,450,450,347,332,332,455,455,455,428,283,443,244,129,193,13,13,463,454,244,222,472,475,475,225,373,293
202327,Ekpe Udoh,1610612749,MIL,25.0,61,106.1,106.3,106.3,97.7,97.4,97.4,8.5,8.9,8.9,0.064,1.08,12.5,0.078,0.116,0.097,11.6,11.6,0.431,0.493,0.139,0.141,94.02,94.12,78.44,94.12,0.063,2521,2.1,4.8,62,73,73,92,83,83,37,32,32,335,273,254,108,235,180,253,255,363,308,380,381,202,196,196,358,279,279
202343,Elliot Williams,1610612757,POR,23.0,24,99.3,95.2,95.2,105.8,104.6,104.6,-6.5,-9.4,-9.4,0.077,1.2,6.5,0.049,0.078,0.064,5.4,5.4,0.554,0.537,0.252,0.27,96.82,99.47,82.9,99.47,0.09,313,1.5,3.1,282,386,386,374,340,340,349,393,393,300,247,409,194,382,293,19,19,41,165,42,28,44,11,11,221,331,377
1882,Elton Brand,1610612755,PHI,33.0,60,102.4,102.4,102.4,95.1,96.3,96.3,7.2,6.1,6.1,0.092,1.49,12.2,0.086,0.162,0.125,8.2,8.2,0.494,0.521,0.189,0.192,90.89,90.32,75.27,90.32,0.113,3258,4.8,9.7,177,189,189,39,58,58,52,74,74,250,186,259,87,117,93,69,69,176,211,205,210,427,442,442,97,89,118
2731,Emeka Okafor,1610612740,NOH,29.0,27,95.5,96.2,96.2,104.0,104.8,104.8,-8.5,-8.6,-8.6,0.055,0.65,7.8,0.092,0.2,0.144,12.0,12.0,0.533,0.539,0.171,0.173,90.01,89.34,74.45,89.34,0.104,1451,4.2,7.9,380,365,365,328,347,347,382,385,385,369,378,373,74,47,51,277,279,74,151,268,282,451,468,468,138,122,172
202683,Enes Freedom,1610612762,UTA,20.0,66,95.0,94.0,94.0,103.1,102.4,102.4,-8.1,-8.4,-8.4,0.016,0.15,2.3,0.118,0.202,0.159,15.7,15.7,0.496,0.539,0.164,0.169,93.43,94.25,78.54,94.25,0.11,1724,1.8,3.6,389,401,401,298,263,263,378,381,381,463,459,465,22,43,26,405,406,171,156,299,296,250,185,185,112,313,343
202339,Eric Bledsoe,1610612746,LAC,22.0,40,99.8,99.3,99.3,95.7,96.0,96.0,4.2,3.3,3.3,0.228,1.4,25.5,0.05,0.098,0.074,18.1,18.2,0.413,0.454,0.191,0.197,91.43,91.48,76.23,91.48,0.07,881,1.2,3.2,267,284,284,51,53,53,115,132,132,77,199,69,193,301,245,433,434,389,387,192,190,404,392,392,324,375,371
201286,Eric Dawson,1610612759,SAS,27.0,4,102.2,101.2,101.2,126.4,127.4,127.4,-24.1,-26.2,-26.2,0.0,0.0,0.0,0.122,0.147,0.133,18.8,18.9,0.583,0.582,0.17,0.174,101.47,101.55,84.62,101.55,0.059,82,1.8,3.0,185,229,229,476,476,476,465,469,469,466,462,466,20,158,73,440,440,18,46,274,275,4,6,6,375,317,380
201569,Eric Gordon,1610612740,NOH,23.0,9,109.3,109.9,109.9,104.1,105.3,105.3,5.2,4.7,4.7,0.172,1.29,14.0,0.008,0.08,0.045,10.8,10.7,0.486,0.549,0.285,0.289,92.32,91.55,76.29,91.55,0.113,595,7.0,15.6,21,18,18,332,361,361,99,104,104,120,226,221,454,379,408,216,216,206,124,13,14,341,386,386,99,26,22
201953,Eric Maynor,1610612760,OKC,25.0,9,111.4,112.6,112.6,106.7,104.8,104.8,4.7,7.8,7.8,0.256,2.0,29.7,0.024,0.067,0.047,14.9,14.9,0.436,0.466,0.177,0.182,92.97,93.27,77.73,93.27,0.057,262,1.6,4.3,11,8,8,389,349,349,107,44,44,61,82,33,315,428,396,389,387,355,358,249,251,291,268,268,381,330,306
956,Erick Dampier,1610612737,ATL,36.0,15,105.2,103.0,103.0,102.9,101.2,101.2,2.3,1.8,1.8,0.061,1.33,26.7,0.128,0.208,0.167,20.0,20.0,0.125,0.125,0.057,0.06,92.49,94.23,78.52,94.23,0.036,165,0.1,0.5,83,165,165,291,210,210,161,174,174,350,219,59,9,36,14,447,449,472,474,476,476,327,187,187,436,472,475
101141,Ersan Ilyasova,1610612749,MIL,25.0,60,104.6,106.9,106.9,104.7,105.3,105.3,-0.1,1.6,1.6,0.069,0.93,8.6,0.11,0.202,0.154,9.2,9.2,0.535,0.577,0.197,0.197,96.95,95.61,79.68,95.61,0.136,3280,4.9,10.0,103,59,59,346,363,363,215,182,182,321,308,355,37,44,33,117,119,66,55,176,189,42,96,96,38,80,113
202323,Evan Turner,1610612755,PHI,23.0,65,102.0,101.4,101.4,99.1,99.3,99.3,2.8,2.1,2.1,0.164,1.71,19.5,0.016,0.205,0.11,11.4,11.4,0.455,0.478,0.197,0.202,92.19,92.35,76.96,92.35,0.106,3286,4.0,9.1,192,221,221,134,132,132,143,167,167,130,136,126,380,41,144,247,246,307,341,175,174,351,338,338,127,131,131
1922,Francisco Elson,1610612755,PHI,36.0,5,71.2,64.7,64.7,113.8,109.1,109.1,-42.5,-44.4,-44.4,0.111,1.0,20.0,0.0,0.0,0.0,20.0,20.0,0.333,0.333,0.114,0.13,91.18,97.71,81.43,97.71,0.041,34,0.2,0.6,477,478,478,469,444,444,477,477,477,212,283,115,463,460,459,447,449,455,465,437,412,414,32,32,428,470,474
101128,Francisco Garcia,1610612758,SAC,30.0,49,95.2,95.3,95.3,102.5,102.2,102.2,-7.3,-6.8,-6.8,0.061,1.41,10.5,0.012,0.113,0.059,7.5,7.5,0.459,0.483,0.143,0.145,96.88,96.94,80.78,96.94,0.066,1609,1.8,4.7,386,382,382,270,254,254,361,359,359,348,198,303,413,249,320,43,42,296,333,367,369,43,46,46,346,316,288
201814,Gary Forbes,1610612761,TOR,27.0,48,96.4,95.6,95.6,100.1,100.4,100.4,-3.8,-4.8,-4.8,0.144,1.0,12.8,0.039,0.105,0.072,12.8,12.9,0.467,0.513,0.23,0.236,92.7,92.96,77.47,92.96,0.095,1384,2.3,5.6,366,376,376,174,168,168,302,321,321,153,283,246,231,277,252,323,325,269,236,79,78,312,288,288,188,256,250
202390,Gary Neal,1610612759,SAS,27.0,56,110.4,109.8,109.8,104.8,104.3,104.3,5.6,5.5,5.5,0.15,1.95,17.0,0.011,0.088,0.051,8.7,8.7,0.522,0.542,0.213,0.219,94.66,95.18,79.31,95.18,0.089,2387,3.8,8.7,16,19,19,350,333,333,89,88,88,147,101,166,424,337,365,93,92,93,141,120,116,161,126,126,230,151,151
201588,George Hill,1610612754,IND,26.0,50,104.5,105.7,105.7,101.5,101.5,101.5,3.1,4.2,4.2,0.194,2.79,23.1,0.024,0.091,0.058,8.3,8.3,0.513,0.557,0.169,0.173,92.0,91.49,76.24,91.49,0.112,2417,3.4,7.6,106,88,88,221,227,227,138,114,114,108,25,86,313,320,325,75,77,118,89,279,281,363,390,390,105,187,185
101123,Gerald Green,1610612751,NJN,26.0,31,101.5,101.9,101.9,102.6,101.8,101.8,-1.1,0.1,0.1,0.077,0.62,7.8,0.019,0.119,0.069,12.6,12.6,0.548,0.574,0.227,0.232,95.74,95.89,79.91,95.89,0.096,1560,5.0,10.3,216,206,206,274,234,234,237,209,209,299,385,372,351,226,274,310,306,48,61,86,84,94,83,83,183,77,98
201945,Gerald Henderson,1610612766,CHA,24.0,55,93.3,94.8,94.8,107.4,108.8,108.8,-14.0,-13.9,-13.9,0.13,1.26,12.2,0.034,0.091,0.062,9.7,9.6,0.467,0.511,0.224,0.228,94.83,93.49,77.91,93.49,0.09,3569,6.0,13.1,412,394,394,408,440,440,437,433,433,174,237,260,256,322,307,141,141,268,246,89,99,152,248,248,222,46,45
2222,Gerald Wallace,1610612751,NJN,29.0,58,101.9,102.7,102.7,99.3,100.1,100.1,2.7,2.5,2.5,0.129,1.48,16.3,0.042,0.146,0.094,11.0,11.0,0.491,0.547,0.183,0.185,94.02,93.28,77.74,93.28,0.113,4031,4.9,10.9,193,179,179,141,160,160,149,154,154,177,188,176,220,162,189,228,228,190,128,229,235,203,263,263,94,78,82
2240,Gilbert Arenas,1610612763,MEM,30.0,17,102.4,102.7,102.7,96.8,95.4,95.4,5.6,7.3,7.3,0.137,1.5,18.4,0.009,0.08,0.043,12.2,12.2,0.508,0.526,0.167,0.171,92.59,93.1,77.59,93.1,0.049,408,1.5,3.8,178,177,177,72,46,46,88,52,52,162,179,149,442,375,417,291,288,128,189,289,287,320,277,277,401,336,335
201175,Glen Davis,1610612753,ORL,26.0,61,101.0,100.7,100.7,102.4,102.8,102.8,-1.4,-2.1,-2.1,0.062,0.63,6.4,0.076,0.167,0.121,10.3,10.3,0.423,0.466,0.222,0.228,90.04,89.99,74.99,89.99,0.09,2673,3.7,8.8,234,242,242,266,279,279,241,270,270,347,382,410,117,105,106,178,180,374,359,96,93,448,455,455,217,158,146
201609,Goran Dragic,1610612745,HOU,26.0,66,105.0,105.7,105.7,102.7,103.7,103.7,2.3,2.0,2.0,0.316,2.24,29.5,0.031,0.069,0.05,13.2,13.2,0.518,0.567,0.216,0.22,93.44,92.7,77.25,92.7,0.115,3384,4.2,9.1,94,87,87,283,315,315,162,169,169,29,61,35,267,422,373,341,339,102,70,107,113,247,314,314,89,125,130
202330,Gordon Hayward,1610612762,UTA,22.0,66,105.4,106.1,106.1,104.6,105.0,105.0,0.8,1.1,1.1,0.155,1.9,20.7,0.03,0.085,0.058,10.9,10.9,0.503,0.568,0.175,0.178,94.41,93.91,78.26,93.91,0.098,3945,4.0,8.9,79,75,75,344,352,352,196,195,195,140,103,106,271,348,326,224,219,148,67,258,261,174,217,217,169,132,142
255,Grant Hill,1610612756,PHX,39.0,49,105.6,106.9,106.9,102.3,102.6,102.6,3.3,4.3,4.3,0.116,1.65,15.9,0.022,0.099,0.063,9.6,9.7,0.461,0.5,0.185,0.186,95.29,94.63,78.86,94.63,0.078,2712,4.1,9.2,70,60,60,263,267,267,130,108,108,197,154,180,325,296,302,140,146,291,283,216,229,122,161,161,287,128,127
202328,Greg Monroe,1610612765,DET,22.0,66,100.7,102.3,102.3,107.4,107.8,107.8,-6.7,-5.5,-5.5,0.13,0.94,12.5,0.119,0.214,0.165,13.3,13.3,0.521,0.563,0.232,0.234,91.52,90.66,75.55,90.66,0.145,3938,6.2,11.8,243,191,191,409,418,418,355,335,335,173,303,253,21,30,16,346,343,96,75,76,80,400,425,425,26,43,59
202962,Greg Smith,1610612745,HOU,21.0,8,90.9,87.8,87.8,93.7,90.2,90.2,-2.9,-2.4,-2.4,0.026,1.0,7.7,0.065,0.211,0.135,7.7,7.7,0.636,0.636,0.081,0.084,88.06,91.36,76.13,91.36,0.082,131,0.9,1.4,435,442,442,28,12,12,284,276,276,452,283,376,146,33,68,49,50,5,9,473,472,474,396,396,267,418,457
201880,Greg Stiemsma,1610612738,BOS,26.0,55,94.3,93.6,93.6,95.2,96.5,96.5,-0.9,-2.9,-2.9,0.061,0.85,13.9,0.068,0.162,0.118,16.3,16.5,0.545,0.579,0.109,0.109,92.69,92.41,77.01,92.41,0.082,1464,1.2,2.2,398,406,406,42,65,65,234,285,285,349,331,223,138,116,112,416,420,56,50,449,451,313,331,331,270,378,420
202349,Greivis Vasquez,1610612740,NOH,25.0,66,100.9,101.3,101.3,101.3,101.4,101.4,-0.4,0.0,0.0,0.349,2.43,33.4,0.015,0.091,0.054,13.8,13.7,0.471,0.513,0.195,0.2,90.68,90.45,75.38,90.45,0.108,3211,3.4,7.9,238,224,224,212,222,222,222,215,215,18,47,17,392,323,348,361,359,248,237,184,180,433,433,433,116,180,173
202970,Gustavo Ayon,1610612740,NOH,27.0,54,100.0,100.7,100.7,101.8,101.3,101.3,-1.8,-0.5,-0.5,0.109,1.61,18.2,0.086,0.169,0.128,11.3,11.3,0.536,0.552,0.142,0.145,90.72,90.61,75.51,90.61,0.112,2048,2.6,4.8,263,241,241,233,213,213,256,225,225,215,162,150,89,103,81,240,238,63,107,372,371,430,428,428,102,234,280
101124,Hakim Warrick,1610612756,PHX,29.0,35,95.7,94.2,94.2,108.1,107.1,107.1,-12.4,-12.9,-12.9,0.111,0.83,10.2,0.061,0.124,0.092,12.3,12.4,0.414,0.503,0.232,0.237,94.14,95.28,79.4,95.28,0.091,1000,2.1,5.1,378,398,398,432,404,404,423,426,426,212,338,313,161,218,196,293,297,387,268,77,77,187,113,113,212,273,266
202380,Hamady Ndiaye,1610612764,WAS,25.0,3,114.3,114.3,114.3,0.0,0.0,0.0,114.3,114.3,114.3,0.0,0.0,0.0,0.0,0.0,0.0,0.0,0.0,0.0,0.0,0.111,0.111,98.29,114.68,95.56,114.68,-0.222,7,0.0,0.3,5,3,3,1,1,1,1,1,1,466,462,466,463,460,459,1,1,473,475,442,449,12,1,1,478,473,477
201632,Hamed Haddadi,1610612763,MEM,27.0,35,98.0,96.1,96.1,91.5,91.0,91.0,6.5,5.1,5.1,0.064,0.38,9.1,0.128,0.192,0.16,23.9,23.7,0.542,0.589,0.164,0.171,95.0,96.14,80.11,96.14,0.109,413,0.7,1.4,329,367,367,18,16,16,64,96,96,336,436,338,11,62,23,467,467,60,37,297,284,138,72,72,114,436,458
201934,Hasheem Thabeet,1610612757,POR,25.0,20,79.7,77.4,77.4,112.2,112.3,112.3,-32.4,-34.9,-34.9,0.0,0.0,0.0,0.109,0.178,0.143,20.5,21.2,0.524,0.587,0.124,0.128,91.98,93.3,77.75,93.3,0.075,270,0.6,1.1,472,472,472,465,468,468,471,474,474,466,462,466,39,82,54,451,455,89,39,417,417,365,262,262,302,457,468
202355,Hassan Whiteside,1610612758,SAC,23.0,18,100.5,100.0,100.0,94.8,93.8,93.8,5.7,6.2,6.2,0.0,0.0,0.0,0.144,0.176,0.161,13.2,13.4,0.444,0.449,0.15,0.152,97.36,98.09,81.75,98.09,0.091,219,0.7,1.5,251,263,263,36,28,28,84,73,73,466,462,466,2,92,21,340,350,340,393,341,348,33,26,26,213,443,449
2045,Hedo Turkoglu,1610612753,ORL,33.0,53,106.0,107.3,107.3,102.2,103.4,103.4,3.8,3.9,3.9,0.226,1.64,25.3,0.015,0.109,0.062,15.4,15.4,0.505,0.528,0.191,0.194,91.78,90.71,75.59,90.71,0.081,3129,3.9,9.5,67,53,53,257,304,304,123,120,120,80,156,73,388,263,304,399,398,140,185,191,201,382,423,423,274,136,122
201611,Henry Walker,1610612752,NYK,24.0,32,95.1,95.0,95.0,96.0,95.6,95.6,-0.9,-0.6,-0.6,0.101,1.06,14.7,0.014,0.122,0.067,13.9,13.9,0.503,0.526,0.153,0.157,96.79,97.07,80.9,97.07,0.055,1253,2.1,5.3,387,391,391,56,51,51,235,229,229,228,275,207,397,220,286,364,365,146,194,332,327,47,43,43,386,272,261
101133,Ian Mahinmi,1610612742,DAL,25.0,61,100.4,100.2,100.2,98.5,97.3,97.3,1.9,2.8,2.8,0.018,0.24,3.3,0.095,0.162,0.128,13.6,13.7,0.546,0.585,0.142,0.144,92.74,93.37,77.81,93.37,0.075,2219,2.1,3.9,255,259,259,112,82,82,176,143,143,461,454,461,66,114,82,356,360,55,42,371,373,307,259,259,303,271,330
101113,Ike Diogu,1610612759,SAS,28.0,2,140.5,139.3,139.3,109.2,100.0,100.0,31.3,39.3,39.3,0.0,0.0,0.0,0.0,0.0,0.0,25.0,25.8,0.0,0.347,0.125,0.126,90.25,94.65,78.87,94.65,-0.014,28,0.0,1.0,1,1,1,446,150,150,3,2,2,466,462,466,463,460,459,470,472,473,461,415,421,440,160,160,470,473,469
202697,Iman Shumpert,1610612752,NYK,22.0,59,102.9,103.9,103.9,99.3,100.2,100.2,3.5,3.7,3.7,0.152,1.48,19.2,0.025,0.089,0.056,13.0,13.0,0.446,0.484,0.178,0.182,95.47,94.55,78.79,94.55,0.071,3354,3.6,9.1,166,137,137,143,164,164,128,127,127,145,188,135,306,333,331,334,332,337,329,247,250,111,169,169,321,163,132
202738,Isaiah Thomas,1610612758,SAC,23.0,65,104.9,106.1,106.1,107.6,108.4,108.4,-2.7,-2.3,-2.3,0.246,2.53,26.0,0.027,0.075,0.05,10.2,10.3,0.521,0.574,0.193,0.196,98.28,97.34,81.11,97.34,0.107,3358,3.9,8.8,98,74,74,418,433,433,278,275,275,65,38,66,288,397,376,175,178,97,60,186,192,13,39,39,126,137,145
202397,Ish Smith,1610612753,ORL,23.0,26,90.1,87.7,87.7,97.8,96.5,96.5,-7.7,-8.9,-8.9,0.328,3.15,29.3,0.026,0.132,0.073,9.3,9.3,0.401,0.422,0.183,0.191,92.67,94.59,78.82,94.59,0.115,462,1.2,3.1,438,443,443,95,66,66,368,386,386,22,12,37,293,201,250,120,121,403,418,227,213,314,165,165,90,380,373
201274,Ivan Johnson,1610612737,ATL,28.0,56,99.5,99.6,99.6,97.1,96.6,96.6,2.4,2.9,2.9,0.059,0.46,7.7,0.073,0.177,0.126,16.6,16.4,0.516,0.558,0.188,0.195,93.16,93.4,77.83,93.4,0.101,1807,2.5,4.9,278,279,279,83,69,69,157,139,139,353,424,376,122,89,89,419,418,105,87,207,194,271,256,256,157,239,277
200826,J.J. Barea,1610612750,MIN,28.0,41,101.4,101.7,101.7,104.9,105.9,105.9,-3.5,-4.2,-4.2,0.397,2.25,29.1,0.013,0.091,0.053,12.9,12.9,0.463,0.502,0.239,0.243,97.46,96.84,80.7,96.84,0.11,2079,4.1,10.2,220,215,215,352,374,374,297,308,308,7,60,38,406,321,351,327,331,284,276,62,65,30,50,50,109,130,101
201581,JJ Hickson,1610612757,POR,23.0,54,100.8,101.1,101.1,108.8,108.8,108.8,-8.0,-7.7,-7.7,0.062,0.64,7.9,0.105,0.169,0.136,12.3,12.4,0.467,0.501,0.188,0.19,93.84,93.68,78.07,93.68,0.092,2421,3.4,7.3,241,232,232,441,441,441,374,372,372,346,380,371,42,102,66,295,295,267,277,209,214,219,233,233,204,183,194
200755,JJ Redick,1610612753,ORL,28.0,65,103.4,103.7,103.7,102.8,103.6,103.6,0.6,0.1,0.1,0.166,2.41,18.6,0.01,0.078,0.044,7.7,7.7,0.521,0.575,0.187,0.192,91.26,90.75,75.63,90.75,0.104,3347,3.8,9.0,138,147,147,289,313,313,199,211,211,128,49,141,429,385,416,50,49,98,59,211,208,411,417,417,136,149,136
2747,JR Smith,1610612752,NYK,26.0,35,105.3,106.3,106.3,99.6,100.6,100.6,5.7,5.7,5.7,0.155,1.83,15.0,0.03,0.112,0.07,8.2,8.2,0.49,0.508,0.222,0.225,93.83,92.95,77.46,92.95,0.105,1868,4.7,11.6,81,70,70,154,180,180,85,81,81,142,117,199,272,252,264,70,73,193,257,95,102,220,290,290,132,94,66
202707,JaJuan Johnson,1610612738,BOS,23.0,36,89.2,87.5,87.5,93.8,94.2,94.2,-4.5,-6.7,-6.7,0.04,0.43,4.1,0.07,0.116,0.094,9.7,9.7,0.446,0.456,0.216,0.224,91.73,92.41,77.01,92.41,0.088,576,1.5,3.4,446,444,444,29,33,33,317,357,357,419,429,454,135,236,186,142,144,335,384,111,104,386,332,332,236,340,359
201580,JaVale McGee,1610612743,DEN,24.0,61,97.4,98.3,98.3,106.9,108.3,108.3,-9.5,-10.1,-10.1,0.035,0.36,4.2,0.103,0.201,0.151,11.7,11.7,0.556,0.552,0.202,0.206,96.68,95.59,79.66,95.59,0.122,3058,5.0,9.0,342,316,316,393,429,429,397,401,401,430,441,453,47,46,35,262,259,38,108,158,162,52,97,97,74,72,133
2048,Jamaal Magloire,1610612761,TOR,34.0,34,102.9,102.4,102.4,96.4,97.0,97.0,6.5,5.4,5.4,0.023,0.27,7.1,0.076,0.238,0.162,25.9,25.9,0.378,0.36,0.1,0.103,90.07,89.98,74.98,89.98,0.02,698,0.5,1.3,163,187,187,66,78,78,65,90,90,457,450,395,115,9,20,474,474,424,456,459,458,447,457,457,458,461,461
2224,Jamaal Tinsley,1610612762,UTA,34.0,37,104.1,103.7,103.7,106.6,107.1,107.1,-2.4,-3.4,-3.4,0.361,2.37,38.1,0.012,0.075,0.045,16.1,16.1,0.44,0.461,0.17,0.174,95.23,95.21,79.35,95.21,0.079,1007,1.5,3.8,119,150,150,387,403,403,273,292,292,16,54,8,415,395,412,413,413,348,372,274,272,125,122,122,281,334,333
2037,Jamal Crawford,1610612757,POR,32.0,60,102.2,103.5,103.5,105.0,105.0,105.0,-2.8,-1.5,-1.5,0.209,1.72,17.1,0.01,0.067,0.037,9.9,9.8,0.438,0.506,0.256,0.263,94.3,93.7,78.08,93.7,0.103,3164,4.7,12.3,184,154,154,355,355,355,283,253,253,96,134,162,437,428,446,158,156,351,261,35,33,181,231,231,141,93,56
200081,Jamario Moon,1610612766,CHA,32.0,8,71.9,70.4,70.4,106.7,107.5,107.5,-34.8,-37.1,-37.1,0.096,0.63,13.2,0.015,0.177,0.09,21.1,21.1,0.333,0.362,0.123,0.128,92.46,93.1,77.58,93.1,0.057,240,0.9,3.0,476,476,476,392,415,415,474,475,475,237,383,243,385,86,200,454,453,455,455,420,415,329,278,278,380,418,380
2749,Jameer Nelson,1610612753,ORL,30.0,57,107.6,108.7,108.7,103.7,103.9,103.9,3.9,4.8,4.8,0.309,2.41,29.5,0.017,0.094,0.055,12.2,12.2,0.499,0.524,0.207,0.211,91.6,91.02,75.85,91.02,0.1,3242,4.5,10.6,40,29,29,322,322,322,121,102,102,31,50,36,367,308,341,288,290,156,203,137,143,394,408,408,165,104,93
202341,James Anderson,1610612759,SAS,23.0,51,110.8,108.7,108.7,102.3,101.6,101.6,8.5,7.1,7.1,0.094,1.37,15.3,0.028,0.103,0.067,11.2,11.2,0.434,0.483,0.164,0.169,97.41,98.66,82.22,98.66,0.055,1243,1.3,3.4,14,30,30,260,230,230,36,57,57,241,209,194,284,286,283,235,235,359,334,295,295,31,20,20,384,365,354
201935,James Harden,1610612760,OKC,22.0,62,112.2,113.3,113.3,102.5,103.5,103.5,9.8,9.8,9.8,0.19,1.67,19.9,0.017,0.109,0.067,11.9,11.8,0.582,0.66,0.213,0.216,94.88,93.94,78.28,93.94,0.139,3806,5.0,10.1,9,5,5,271,309,309,29,24,24,109,145,122,368,261,285,274,270,20,6,122,125,148,214,214,30,75,107
201949,James Johnson,1610612761,TOR,25.0,62,97.4,97.2,97.2,101.2,102.3,102.3,-3.8,-5.1,-5.1,0.138,1.21,15.4,0.05,0.145,0.098,12.8,12.8,0.468,0.498,0.198,0.202,92.53,92.13,76.77,92.13,0.095,2997,3.8,8.4,341,338,338,209,260,260,304,329,329,161,245,191,191,165,178,318,318,260,292,171,177,324,345,345,185,156,161
2592,James Jones,1610612748,MIA,31.0,51,100.4,99.2,99.2,98.5,98.8,98.8,2.0,0.5,0.5,0.045,1.9,10.0,0.01,0.067,0.04,5.3,5.2,0.533,0.567,0.118,0.122,93.51,93.93,78.27,93.93,0.059,1309,1.1,2.9,253,285,285,110,117,117,171,205,205,400,102,317,435,427,432,18,18,73,71,433,430,240,215,215,376,391,388
101189,James Singleton,1610612764,WAS,30.0,12,106.1,104.9,104.9,98.7,97.9,97.9,7.4,7.0,7.0,0.091,1.5,14.2,0.098,0.225,0.16,9.4,9.4,0.56,0.6,0.156,0.161,92.88,93.87,78.22,93.87,0.152,514,3.4,6.3,63,108,108,120,102,102,49,62,62,252,179,218,60,16,22,128,125,34,26,320,320,296,221,221,14,178,223
202686,Jan Vesely,1610612764,WAS,22.0,57,97.2,97.7,97.7,101.9,101.3,101.3,-4.7,-3.6,-3.6,0.067,0.78,13.4,0.091,0.142,0.116,17.1,17.0,0.537,0.544,0.125,0.127,94.52,94.59,78.83,94.59,0.067,2114,2.1,3.8,344,328,328,245,218,218,320,297,297,325,348,235,76,173,123,425,424,62,132,416,418,169,164,164,340,283,331
2457,Jannero Pargo,1610612737,ATL,32.0,50,98.4,98.1,98.1,95.2,94.5,94.5,3.3,3.7,3.7,0.261,1.96,23.6,0.014,0.096,0.056,12.1,12.0,0.52,0.539,0.213,0.219,92.41,92.89,77.41,92.89,0.101,1295,2.1,5.1,310,319,319,41,35,35,132,125,125,58,98,83,399,306,332,281,280,100,157,121,114,336,295,295,150,277,270
201162,Jared Dudley,1610612756,PHX,26.0,65,105.3,106.4,106.4,103.3,104.4,104.4,1.9,2.0,2.0,0.084,1.56,12.5,0.048,0.1,0.075,8.0,8.0,0.547,0.575,0.172,0.175,95.92,94.93,79.1,94.93,0.094,3997,4.8,9.9,82,66,66,307,337,337,174,168,168,271,172,254,197,292,242,64,62,52,57,265,270,87,143,143,194,88,115
2407,Jared Jeffries,1610612752,NYK,30.0,39,97.5,98.0,98.0,94.7,95.5,95.5,2.7,2.5,2.5,0.058,0.9,11.2,0.092,0.116,0.104,12.4,12.6,0.42,0.484,0.125,0.127,95.69,95.05,79.21,95.05,0.065,1437,1.5,3.7,340,323,323,34,50,50,146,156,156,360,321,281,71,234,159,299,307,382,327,413,419,99,135,135,348,338,339
101127,Jarrett Jack,1610612740,NOH,28.0,45,95.0,96.2,96.2,104.0,105.2,105.2,-9.0,-9.0,-9.0,0.342,2.69,27.5,0.015,0.105,0.06,10.2,10.2,0.49,0.54,0.227,0.23,91.87,90.73,75.61,90.73,0.135,2891,5.9,13.0,390,363,363,327,359,359,391,387,387,21,28,51,384,279,312,174,176,195,148,84,87,374,418,418,39,47,46
2215,Jason Collins,1610612737,ATL,33.0,30,98.6,98.4,98.4,96.8,96.6,96.6,1.8,1.8,1.8,0.049,1.0,14.9,0.041,0.115,0.079,14.9,15.0,0.4,0.418,0.089,0.091,90.83,91.03,75.86,91.03,0.021,578,0.5,1.3,305,308,308,74,68,68,179,173,173,390,283,202,222,238,226,391,391,405,419,469,469,429,405,405,457,459,460
2574,Jason Kapono,1610612747,LAL,31.0,27,103.8,103.0,103.0,96.2,96.6,96.6,7.6,6.4,6.4,0.062,1.83,15.3,0.009,0.041,0.027,8.3,8.1,0.455,0.476,0.107,0.114,89.27,89.47,74.56,89.47,0.026,503,0.8,2.0,130,167,167,61,67,67,47,69,69,345,113,197,448,458,456,77,67,310,348,450,441,465,465,465,447,431,424
467,Jason Kidd,1610612742,DAL,39.0,48,101.5,101.9,101.9,99.2,99.5,99.5,2.3,2.4,2.4,0.281,2.9,41.3,0.011,0.134,0.071,14.2,14.2,0.507,0.524,0.122,0.124,94.56,94.22,78.52,94.22,0.103,2707,2.1,5.7,214,207,207,137,134,134,163,157,157,46,20,6,425,196,261,371,371,130,204,424,427,167,188,188,139,281,249
101131,Jason Maxiell,1610612765,DET,29.0,65,98.6,100.0,100.0,102.3,102.4,102.4,-3.7,-2.4,-2.4,0.045,0.58,7.5,0.088,0.149,0.118,13.1,13.1,0.478,0.493,0.156,0.157,91.91,91.22,76.02,91.22,0.07,2783,2.8,5.9,306,263,263,261,264,264,300,278,278,401,392,382,84,145,113,336,336,226,301,319,329,370,399,399,326,223,238
2202,Jason Richardson,1610612753,ORL,31.0,54,104.3,105.0,105.0,101.7,102.4,102.4,2.6,2.6,2.6,0.112,1.78,13.5,0.022,0.103,0.062,7.6,7.6,0.493,0.502,0.196,0.2,91.54,90.91,75.76,90.91,0.084,3021,4.5,11.0,111,106,106,229,262,262,152,149,149,210,123,231,326,288,306,47,46,181,273,179,179,398,413,413,260,106,77
201160,Jason Smith,1610612740,NOH,26.0,40,99.5,98.9,98.9,100.0,100.8,100.8,-0.4,-2.0,-2.0,0.066,0.85,7.7,0.083,0.133,0.109,9.0,9.0,0.522,0.537,0.202,0.207,90.19,90.09,75.08,90.09,0.103,1780,4.5,8.7,277,295,295,167,192,192,221,262,262,328,330,378,97,199,150,109,109,94,166,160,158,443,452,452,145,105,150
1891,Jason Terry,1610612742,DAL,34.0,63,102.2,102.2,102.2,101.8,102.1,102.1,0.5,0.0,0.0,0.204,1.78,18.4,0.008,0.067,0.038,10.3,10.3,0.513,0.54,0.228,0.234,93.44,93.31,77.76,93.31,0.108,3895,5.7,13.2,182,197,197,232,253,253,203,213,213,100,125,147,452,430,442,184,184,117,147,83,82,248,261,261,120,50,44
201574,Jason Thompson,1610612758,SAC,25.0,64,103.3,105.1,105.1,107.0,107.5,107.5,-3.7,-2.4,-2.4,0.07,1.16,11.8,0.095,0.176,0.133,10.2,10.2,0.535,0.558,0.151,0.153,97.8,96.74,80.61,96.74,0.098,3329,3.7,6.9,141,105,105,400,413,413,299,277,277,318,255,267,65,91,74,171,170,68,88,339,345,22,55,55,170,157,206
202399,Jeff Adrien,1610612745,HOU,26.0,8,84.3,82.0,82.0,93.5,94.6,94.6,-9.3,-12.7,-12.7,0.034,0.5,4.0,0.072,0.207,0.146,8.0,8.2,0.438,0.493,0.162,0.166,99.77,100.58,83.82,100.58,0.093,133,0.9,2.0,460,467,467,25,39,39,395,422,422,434,407,456,125,37,46,62,74,352,302,303,303,6,8,8,198,418,425
201965,Jeff Ayres,1610612754,IND,25.0,20,107.0,105.7,105.7,107.8,103.4,103.4,-0.8,2.3,2.3,0.063,2.0,8.9,0.101,0.2,0.147,4.4,4.4,0.417,0.435,0.162,0.169,91.89,94.37,78.65,94.37,0.076,210,0.8,1.8,50,86,86,424,301,301,231,159,159,339,82,347,53,47,42,10,10,384,404,304,297,372,177,177,297,435,436
202880,Jeff Foote,1610612740,NOH,24.0,4,100.9,100.0,100.0,100.3,101.3,101.3,0.6,-1.3,-1.3,0.0,0.0,0.0,0.029,0.0,0.0,25.0,25.0,0.333,0.333,0.092,0.097,93.89,93.84,78.2,93.84,-0.009,77,0.5,1.5,237,263,263,183,219,219,200,247,247,466,462,466,282,460,459,470,470,455,465,466,464,213,224,224,468,461,449
1902,Jeff Foster,1610612754,IND,35.0,11,97.1,97.1,97.1,90.3,88.8,88.8,6.8,8.3,8.3,0.051,0.57,12.1,0.126,0.185,0.154,21.2,21.2,0.528,0.569,0.091,0.093,92.84,93.63,78.02,93.63,0.079,273,0.8,1.6,352,342,342,13,8,8,61,35,35,383,393,262,15,70,34,455,456,83,65,467,467,301,236,236,280,426,441
201952,Jeff Teague,1610612737,ATL,24.0,66,105.1,106.6,106.6,99.7,101.0,101.0,5.4,5.6,5.6,0.231,2.4,26.6,0.01,0.066,0.038,11.1,11.1,0.514,0.551,0.188,0.19,92.67,91.41,76.17,91.41,0.101,4156,4.8,10.2,91,64,64,155,197,197,92,84,84,74,52,60,434,434,437,231,231,112,110,208,216,315,395,395,155,84,104
202379,Jeremy Evans,1610612762,UTA,24.0,29,97.1,95.2,95.2,107.0,105.4,105.4,-9.8,-10.2,-10.2,0.099,2.6,19.1,0.091,0.137,0.115,7.4,7.5,0.643,0.632,0.109,0.113,95.66,97.37,81.14,97.37,0.115,434,0.9,1.4,348,387,387,398,367,367,401,403,403,233,32,136,77,186,127,40,43,4,10,447,446,101,38,38,88,413,453
202391,Jeremy Lin,1610612752,NYK,23.0,35,102.8,104.8,104.8,96.7,97.7,97.7,6.1,7.1,7.1,0.382,1.71,26.8,0.02,0.093,0.057,15.6,15.6,0.478,0.552,0.272,0.274,97.55,96.13,80.11,96.13,0.146,1888,4.9,10.9,168,112,112,71,93,93,71,58,58,8,136,56,341,312,327,404,402,226,109,23,25,25,73,73,23,83,79
202951,Jeremy Pargo,1610612763,MEM,26.0,44,85.8,85.4,85.4,101.5,99.5,99.5,-15.7,-14.2,-14.2,0.23,1.2,20.8,0.025,0.06,0.041,17.4,17.5,0.367,0.389,0.207,0.213,95.41,96.57,80.48,96.57,0.021,854,1.1,3.4,457,451,451,223,137,137,446,435,435,75,250,103,305,442,425,429,428,437,444,140,135,114,60,60,455,385,355
202719,Jeremy Tyler,1610612744,GSW,21.0,42,98.7,98.9,98.9,108.5,109.0,109.0,-9.8,-10.0,-10.0,0.044,0.44,5.7,0.091,0.159,0.124,12.8,12.7,0.421,0.442,0.204,0.211,96.43,96.09,80.08,96.09,0.046,1136,2.1,5.0,302,293,293,438,443,443,400,398,398,406,427,426,75,123,96,320,313,379,399,148,144,64,76,76,414,278,274
979,Jermaine O'Neal,1610612738,BOS,33.0,25,96.6,97.8,97.8,94.6,95.1,95.1,2.0,2.7,2.7,0.029,0.48,6.1,0.072,0.177,0.126,12.7,12.8,0.433,0.468,0.131,0.133,90.13,89.34,74.45,89.34,0.061,1052,2.1,4.8,361,326,326,33,41,41,172,147,147,448,419,419,126,87,86,317,317,360,355,403,405,445,469,469,367,280,281
202406,Jerome Dyson,1610612740,NOH,25.0,9,93.1,91.9,91.9,89.9,89.5,89.5,3.3,2.4,2.4,0.202,0.9,17.6,0.012,0.081,0.051,19.6,19.6,0.406,0.525,0.222,0.228,89.56,90.31,75.26,90.31,0.086,335,2.1,5.3,414,424,424,11,11,11,131,158,158,101,316,157,416,365,363,444,445,397,198,94,94,458,443,443,248,274,262
202366,Jerome Jordan,1610612752,NYK,25.0,21,110.1,106.5,106.5,98.3,96.5,96.5,11.8,10.0,10.0,0.051,2.0,9.1,0.126,0.121,0.124,4.5,4.6,0.515,0.561,0.152,0.157,99.61,102.19,85.16,102.19,0.091,230,0.8,1.6,17,65,65,105,62,62,14,21,21,380,82,338,14,223,95,11,11,110,77,337,333,7,5,5,214,428,444
202536,Jerry Smith,1610612751,NJN,24.0,5,85.5,83.1,83.1,96.4,94.5,94.5,-10.8,-11.4,-11.4,0.154,0.0,22.2,0.04,0.111,0.074,0.0,0.0,0.25,0.25,0.139,0.147,91.81,94.03,78.35,94.03,0.047,89,0.6,2.8,458,462,462,64,37,37,407,415,415,144,462,91,227,256,246,1,1,468,471,381,366,379,204,204,411,451,395
711,Jerry Stackhouse,1610612737,ATL,37.0,30,93.4,93.9,93.9,94.4,93.6,93.6,-0.9,0.3,0.3,0.092,1.08,10.4,0.022,0.059,0.041,9.6,9.5,0.435,0.49,0.196,0.206,95.46,95.62,79.68,95.62,0.078,540,1.2,3.3,410,402,402,32,26,26,233,207,207,251,272,308,330,445,426,139,133,357,315,177,161,112,95,95,285,374,360
201573,Jerryd Bayless,1610612761,TOR,23.0,31,101.9,101.7,101.7,104.1,105.3,105.3,-2.3,-3.6,-3.6,0.305,2.23,24.1,0.012,0.089,0.05,10.8,10.9,0.504,0.561,0.239,0.244,92.29,91.86,76.55,91.86,0.123,1352,3.8,8.9,196,214,214,333,362,362,267,295,295,35,62,79,417,336,369,221,224,143,80,61,62,344,367,367,67,153,139
202690,Jimmer Fredette,1610612758,SAC,23.0,61,98.2,98.3,98.3,107.3,107.8,107.8,-9.1,-9.6,-9.6,0.155,1.61,16.9,0.014,0.049,0.031,10.5,10.4,0.473,0.495,0.203,0.207,97.04,96.77,80.64,96.77,0.061,2293,2.8,7.3,318,317,317,406,420,420,392,394,394,141,161,168,401,456,455,195,190,241,300,155,157,40,52,52,363,222,191
202710,Jimmy Butler III,1610612741,CHI,22.0,42,107.9,104.0,104.0,89.1,91.8,91.8,18.8,12.2,12.2,0.061,1.0,10.5,0.061,0.085,0.073,10.5,10.6,0.418,0.526,0.143,0.15,90.83,91.11,75.93,91.11,0.084,680,0.8,1.9,32,134,134,9,19,19,7,11,11,350,283,301,158,347,248,199,205,383,192,365,360,428,402,402,257,433,431
201149,Joakim Noah,1610612741,CHI,27.0,64,106.1,107.1,107.1,98.6,99.6,99.6,7.4,7.4,7.4,0.122,1.74,19.1,0.129,0.194,0.162,11.0,11.0,0.508,0.561,0.156,0.157,92.7,91.81,76.51,91.81,0.127,3725,3.9,7.7,66,56,56,114,143,143,48,49,49,186,132,137,8,55,19,226,229,127,78,321,330,311,371,371,56,142,183
201975,Jodie Meeks,1610612755,PHI,24.0,66,101.8,100.8,100.8,96.0,95.3,95.3,5.9,5.5,5.5,0.049,1.86,9.3,0.01,0.086,0.048,5.0,4.9,0.513,0.551,0.147,0.152,92.1,92.88,77.4,92.88,0.074,3190,2.9,7.1,199,238,238,54,45,45,79,87,87,386,109,334,432,344,388,16,16,119,112,354,349,360,299,299,310,216,201
2207,Joe Johnson,1610612737,ATL,31.0,60,105.1,106.4,106.4,99.1,100.8,100.8,6.0,5.5,5.5,0.189,2.0,17.1,0.026,0.081,0.054,8.5,8.5,0.521,0.557,0.247,0.25,92.33,90.98,75.81,90.98,0.122,4037,7.1,15.5,93,68,68,133,190,190,77,85,85,111,82,163,291,367,347,86,85,95,90,50,52,340,410,410,71,25,23
201202,Joel Anthony,1610612748,MIA,29.0,64,107.9,108.0,108.0,97.1,98.3,98.3,10.9,9.7,9.7,0.009,0.2,3.8,0.085,0.111,0.099,18.8,19.0,0.559,0.598,0.078,0.079,93.48,92.86,77.38,92.86,0.053,2605,1.3,2.4,30,43,43,82,108,108,18,25,25,465,456,457,94,255,174,440,441,35,29,474,474,244,302,302,392,362,409
2038,Joel Przybilla,1610612757,POR,32.0,27,103.6,103.9,103.9,107.6,108.8,108.8,-4.0,-4.9,-4.9,0.019,0.27,7.1,0.068,0.265,0.165,25.9,26.2,0.458,0.492,0.083,0.083,91.51,90.85,75.71,90.85,0.048,849,0.8,1.8,136,139,139,415,442,442,307,326,326,459,450,395,140,6,15,474,475,297,309,472,473,401,415,415,407,427,439
101130,Johan Petro,1610612751,NJN,26.0,59,96.5,95.4,95.4,105.2,103.9,103.9,-8.7,-8.5,-8.5,0.085,1.18,12.5,0.071,0.18,0.122,10.5,10.6,0.421,0.452,0.153,0.158,92.29,93.44,77.87,93.44,0.067,1793,1.8,4.4,362,381,381,359,320,320,387,384,384,268,251,256,130,78,98,199,201,378,390,328,324,345,253,253,334,304,302
101249,John Lucas III,1610612741,CHI,29.0,49,105.1,103.3,103.3,87.5,87.7,87.7,17.7,15.7,15.7,0.278,2.57,20.7,0.029,0.07,0.05,8.0,8.0,0.476,0.496,0.254,0.264,88.69,89.35,74.46,89.35,0.126,1355,2.9,7.3,86,159,159,7,7,7,8,6,6,48,35,108,276,418,374,65,64,235,295,39,32,470,467,467,60,214,192
2422,John Salmons,1610612758,SAC,32.0,46,97.8,99.0,99.0,105.9,107.0,107.0,-8.1,-8.0,-8.0,0.117,2.07,18.5,0.015,0.094,0.052,8.9,8.9,0.457,0.471,0.143,0.144,96.31,95.26,79.39,95.26,0.061,2475,3.1,7.5,334,291,291,376,401,401,377,378,378,195,77,145,390,311,353,107,106,301,351,366,372,71,117,117,362,206,187
202322,John Wall,1610612764,WAS,21.0,66,98.4,100.3,100.3,105.2,106.2,106.2,-6.8,-6.0,-6.0,0.362,2.08,28.6,0.019,0.107,0.062,13.8,13.7,0.424,0.502,0.243,0.245,96.3,94.97,79.14,94.97,0.128,4733,5.7,13.5,312,256,256,361,386,386,356,345,345,15,73,42,345,272,305,362,362,372,271,55,58,72,138,138,55,49,38
201972,Jon Brockman,1610612749,MIL,25.0,35,94.5,93.8,93.8,94.8,94.2,94.2,-0.3,-0.4,-0.4,0.054,0.9,12.7,0.13,0.181,0.155,14.1,14.2,0.333,0.359,0.109,0.112,96.15,96.81,80.68,96.81,0.041,484,0.4,1.3,395,405,405,35,30,30,219,221,221,373,316,249,6,77,31,368,369,455,457,448,448,80,51,51,431,467,462
202720,Jon Leuer,1610612749,MIL,23.0,46,101.7,102.1,102.1,101.5,100.2,100.2,0.2,1.9,1.9,0.072,1.39,10.2,0.077,0.14,0.107,7.3,7.3,0.516,0.536,0.17,0.174,95.94,96.38,80.32,96.38,0.093,1112,2.1,4.2,207,199,199,220,162,162,210,171,171,315,204,315,113,176,153,39,39,107,169,278,276,86,61,61,202,275,319
201973,Jonas Jerebko,1610612765,DET,25.0,64,97.1,98.7,98.7,103.2,103.0,103.0,-6.0,-4.3,-4.3,0.053,0.65,7.0,0.068,0.158,0.112,10.7,10.7,0.503,0.548,0.18,0.182,91.61,90.97,75.81,90.97,0.094,2772,3.3,7.1,350,301,301,300,287,287,340,310,310,374,377,399,141,126,137,208,213,144,126,238,246,393,411,411,190,189,200
201938,Jonny Flynn,1610612757,POR,23.0,29,103.2,100.4,100.4,115.7,117.3,117.3,-12.5,-17.0,-17.0,0.368,2.67,34.2,0.019,0.075,0.047,12.8,12.8,0.389,0.442,0.2,0.207,92.93,93.54,77.95,93.54,0.074,814,1.6,4.5,147,251,251,471,473,473,424,449,449,12,30,14,345,396,394,320,323,419,398,169,156,295,244,244,305,329,292
202348,Jordan Crawford,1610612764,WAS,23.0,64,98.7,100.2,100.2,107.8,108.2,108.2,-9.1,-8.0,-8.0,0.188,1.35,14.8,0.024,0.073,0.048,11.0,10.9,0.446,0.488,0.275,0.279,96.28,95.37,79.47,95.37,0.087,3476,5.5,13.6,303,257,257,422,424,424,393,376,376,114,213,204,307,410,387,225,223,339,321,19,21,75,110,110,238,57,37
200770,Jordan Farmar,1610612751,NJN,25.0,39,101.1,100.1,100.1,111.4,110.1,110.1,-10.3,-10.0,-10.0,0.299,1.9,24.0,0.009,0.073,0.039,12.6,12.6,0.554,0.592,0.22,0.229,91.88,92.89,77.41,92.89,0.118,1624,3.8,8.1,231,262,262,456,456,456,405,397,397,37,104,81,447,408,433,311,308,42,35,100,88,373,294,294,80,155,170
202706,Jordan Hamilton,1610612743,DEN,21.0,26,113.8,113.1,113.1,106.9,105.1,105.1,6.9,8.0,8.0,0.114,1.25,13.4,0.046,0.184,0.12,10.7,10.7,0.509,0.508,0.215,0.221,95.91,97.01,80.84,97.01,0.102,518,1.8,4.3,6,6,6,395,357,357,57,37,37,203,238,233,204,72,108,212,215,126,256,114,110,89,44,44,148,305,312
201941,Jordan Hill,1610612747,LAL,24.0,39,103.3,103.0,103.0,105.6,105.3,105.3,-2.4,-2.3,-2.3,0.044,0.52,6.8,0.112,0.236,0.174,13.2,13.3,0.497,0.522,0.176,0.179,94.37,94.6,78.83,94.6,0.095,1082,2.1,4.2,145,163,163,369,364,364,271,274,274,407,406,404,35,10,8,345,347,166,209,256,260,177,163,163,186,276,314
202716,Jordan Williams,1610612751,NJN,21.0,43,106.1,105.8,105.8,104.8,103.2,103.2,1.3,2.6,2.6,0.027,0.48,5.0,0.103,0.151,0.126,10.6,10.7,0.507,0.544,0.144,0.146,94.09,94.89,79.08,94.89,0.08,1248,1.8,3.5,65,82,82,349,298,298,190,150,150,451,418,440,46,141,87,203,211,132,134,363,368,195,146,146,277,309,348
101181,Jose Calderon,1610612761,TOR,30.0,53,100.9,101.3,101.3,104.4,105.9,105.9,-3.5,-4.6,-4.6,0.427,4.5,43.8,0.011,0.082,0.047,9.7,9.6,0.519,0.547,0.157,0.161,91.08,90.25,75.21,90.25,0.13,3391,4.1,9.0,236,225,225,339,373,373,295,315,315,4,1,4,423,359,399,148,143,101,127,316,316,420,444,444,51,127,135
2735,Josh Childress,1610612756,PHX,29.0,34,101.8,100.9,100.9,106.4,106.4,106.4,-4.6,-5.4,-5.4,0.105,3.78,23.8,0.063,0.14,0.1,6.3,6.3,0.505,0.501,0.098,0.101,92.66,93.08,77.56,93.08,0.084,948,1.4,2.9,198,235,235,385,389,389,318,334,334,225,6,82,150,177,169,30,30,138,279,461,460,316,281,281,262,347,389
2668,Josh Davis,1610612763,MEM,31.0,15,88.3,86.7,86.7,105.6,103.8,103.8,-17.2,-17.0,-17.0,0.077,2.0,15.0,0.114,0.091,0.103,7.5,7.6,0.444,0.459,0.111,0.113,95.74,97.45,81.21,97.45,0.044,264,0.7,1.8,449,447,447,368,317,317,450,450,450,300,82,199,30,323,161,44,47,340,377,443,444,95,34,34,419,443,436
202725,Josh Harrellson,1610612752,NYK,23.0,37,103.0,101.6,101.6,93.1,92.4,92.4,9.9,9.1,9.1,0.033,0.55,5.7,0.083,0.182,0.131,10.4,10.4,0.49,0.505,0.146,0.149,96.37,97.39,81.16,97.39,0.1,1093,1.7,4.0,157,217,217,22,22,22,28,30,30,440,399,425,99,74,78,185,192,194,262,358,362,68,37,37,162,319,324
2572,Josh Howard,1610612762,UTA,32.0,43,101.8,102.0,102.0,102.2,103.5,103.5,-0.5,-1.5,-1.5,0.081,0.94,9.9,0.039,0.129,0.082,10.5,10.5,0.411,0.461,0.202,0.207,93.72,93.02,77.52,93.02,0.067,1926,3.3,8.4,201,201,201,256,307,307,223,251,251,281,304,321,230,205,218,196,193,392,373,157,160,226,285,285,338,188,156
201177,Josh McRoberts,1610612747,LAL,25.0,50,101.3,100.7,100.7,107.5,106.9,106.9,-6.2,-6.3,-6.3,0.106,1.65,23.6,0.087,0.154,0.121,14.4,14.4,0.487,0.516,0.103,0.106,91.98,92.49,77.08,92.49,0.072,1382,1.1,2.4,226,244,244,411,399,399,343,351,351,222,155,84,86,136,105,377,376,202,229,455,455,366,327,327,317,389,411
202729,Josh Selby,1610612763,MEM,21.0,28,93.4,93.1,93.1,101.4,99.2,99.2,-8.0,-6.1,-6.1,0.197,1.03,22.1,0.009,0.055,0.032,21.3,21.1,0.361,0.403,0.194,0.202,96.65,97.91,81.59,97.91,0.024,478,0.9,2.6,411,411,411,219,129,129,375,346,346,103,279,93,450,454,453,457,454,440,431,185,176,55,30,30,451,416,403
2746,Josh Smith,1610612737,ATL,26.0,66,104.3,106.0,106.0,98.2,99.8,99.8,6.1,6.2,6.2,0.196,1.57,15.5,0.061,0.219,0.141,9.9,9.9,0.47,0.499,0.278,0.282,93.03,91.57,76.31,91.57,0.147,4441,7.6,16.7,112,80,80,104,144,144,72,71,71,104,170,188,157,21,59,157,157,251,289,17,17,279,385,385,21,15,14
201950,Jrue Holiday,1610612755,PHI,22.0,65,101.4,102.1,102.1,96.4,96.9,96.9,5.0,5.2,5.2,0.215,2.15,22.2,0.026,0.071,0.048,10.3,10.3,0.471,0.496,0.215,0.218,91.62,91.02,75.85,91.02,0.096,4162,5.5,12.8,219,198,198,65,72,72,103,93,93,91,68,92,297,414,382,182,182,250,297,113,118,392,406,406,182,54,48
202933,Julyan Stone,1610612743,DEN,23.0,22,111.1,112.4,112.4,106.4,103.5,103.5,4.7,9.0,9.0,0.257,3.36,44.0,0.026,0.114,0.068,13.1,13.1,0.452,0.502,0.105,0.107,98.85,99.65,83.04,99.65,0.084,370,0.6,1.4,13,9,9,386,306,306,108,31,31,59,8,3,295,242,279,337,337,322,272,452,454,9,10,10,263,453,454
202458,Justin Dentmon,1610612761,TOR,26.0,6,76.5,77.3,77.3,89.9,90.8,90.8,-13.5,-13.5,-13.5,0.256,1.43,20.8,0.0,0.084,0.042,14.6,14.7,0.393,0.424,0.198,0.199,93.54,92.6,77.17,92.6,0.043,176,1.7,4.7,474,473,473,12,15,15,431,432,432,60,197,103,463,351,423,381,380,413,414,173,182,238,321,321,422,324,290
202712,Justin Harper,1610612753,ORL,22.0,14,83.2,81.2,81.2,107.4,103.0,103.0,-24.3,-21.8,-21.8,0.047,0.33,5.1,0.035,0.134,0.078,15.4,15.2,0.323,0.318,0.204,0.213,92.17,95.28,79.4,95.28,0.008,165,0.6,2.2,463,469,469,410,288,288,466,461,461,396,445,438,250,191,229,398,395,459,468,149,136,352,115,115,464,447,416
436,Juwan Howard,1610612748,MIA,39.0,28,84.1,82.9,82.9,96.5,96.3,96.3,-12.4,-13.4,-13.4,0.098,0.5,11.2,0.095,0.163,0.128,22.5,22.4,0.309,0.354,0.182,0.19,94.7,95.51,79.59,95.51,0.034,380,0.6,2.0,462,463,463,68,57,57,421,430,430,235,407,280,64,111,84,462,462,462,459,230,217,159,100,100,441,449,428
202695,Kawhi Leonard,1610612759,SAS,21.0,64,107.1,107.4,107.4,102.0,102.3,102.3,5.2,5.1,5.1,0.066,1.59,12.6,0.07,0.147,0.109,7.9,7.9,0.543,0.573,0.141,0.143,94.87,94.58,78.82,94.58,0.108,3012,3.1,6.3,48,51,51,247,259,259,100,95,95,327,165,251,132,161,148,59,59,57,63,373,376,149,166,166,119,202,220
202728,Keith Benson,1610612744,GSW,23.0,3,119.6,111.8,111.8,75.6,75.0,75.0,44.1,36.8,36.8,0.0,0.0,0.0,0.182,0.0,0.0,0.0,0.0,0.0,0.0,0.045,0.05,83.46,86.72,72.26,86.72,0.034,17,0.0,0.3,2,12,12,2,2,2,2,3,3,466,462,466,1,460,459,1,1,473,475,478,478,478,478,478,440,473,477
2586,Keith Bogans,1610612751,NJN,32.0,5,100.0,96.6,96.6,119.6,120.0,120.0,-19.7,-23.4,-23.4,0.058,1.0,10.7,0.053,0.071,0.061,10.7,10.3,0.452,0.453,0.124,0.135,89.33,90.71,75.59,90.71,0.002,174,1.6,4.2,264,354,354,474,474,474,457,464,464,361,283,294,184,416,309,209,179,318,389,418,402,464,422,422,466,327,318
101235,Kelenna Azubuike,1610612742,DAL,28.0,3,74.9,71.8,71.8,97.0,97.5,97.5,-22.1,-25.7,-25.7,0.0,0.0,0.0,0.0,0.0,0.0,33.3,33.3,0.438,0.438,0.293,0.305,103.94,105.81,88.18,105.81,-0.035,39,1.0,2.7,475,475,475,80,87,87,462,467,467,466,462,466,463,460,459,478,478,352,402,10,8,1,2,2,472,400,400
202689,Kemba Walker,1610612766,CHA,22.0,66,91.6,92.6,92.6,106.7,107.4,107.4,-15.1,-14.8,-14.8,0.307,2.43,22.8,0.016,0.119,0.065,9.4,9.4,0.411,0.464,0.249,0.253,93.4,92.58,77.15,92.58,0.114,3459,4.3,11.6,429,415,415,390,410,410,442,441,441,32,45,89,378,227,290,126,124,393,366,45,46,254,323,323,93,118,65
2570,Kendrick Perkins,1610612760,OKC,27.0,65,103.7,104.7,104.7,99.6,101.0,101.0,4.1,3.7,3.7,0.064,0.66,15.3,0.073,0.164,0.121,23.1,23.3,0.489,0.528,0.109,0.109,96.66,95.55,79.62,95.55,0.06,3480,2.0,4.0,131,114,114,153,202,202,118,126,126,337,373,196,124,110,102,465,465,198,184,446,452,54,98,98,372,291,323
202702,Kenneth Faried,1610612743,DEN,22.0,46,107.5,108.5,108.5,107.1,107.8,107.8,0.4,0.7,0.7,0.055,0.67,7.6,0.139,0.205,0.172,11.4,11.5,0.586,0.618,0.181,0.182,96.5,95.74,79.79,95.74,0.13,2064,3.9,6.7,45,33,33,402,419,419,207,201,201,368,371,379,4,40,10,246,247,17,17,237,247,62,87,87,48,141,211
2030,Kenyon Martin,1610612746,LAC,34.0,42,101.1,102.3,102.3,99.7,100.1,100.1,1.4,2.2,2.2,0.031,0.56,6.1,0.052,0.148,0.099,10.8,10.9,0.448,0.445,0.136,0.137,91.18,90.5,75.42,90.5,0.063,1765,2.3,5.2,230,194,194,157,158,158,189,163,163,444,395,418,185,151,175,216,222,332,395,388,393,413,431,431,359,259,264
201142,Kevin Durant,1610612760,OKC,23.0,66,107.8,109.1,109.1,100.1,101.9,101.9,7.7,7.2,7.2,0.17,0.93,11.7,0.017,0.177,0.103,12.5,12.4,0.547,0.61,0.303,0.308,96.65,95.22,79.35,95.22,0.186,5054,9.7,19.7,34,24,24,170,238,238,46,55,55,124,310,270,370,88,165,303,296,53,19,7,7,56,119,119,3,3,2
708,Kevin Garnett,1610612738,BOS,36.0,60,103.0,102.3,102.3,95.2,95.3,95.3,7.8,7.0,7.0,0.171,1.64,15.3,0.04,0.231,0.141,9.4,9.4,0.505,0.55,0.246,0.251,91.73,92.03,76.69,92.03,0.168,3583,6.5,13.0,156,192,192,43,44,44,45,60,60,122,158,195,224,14,57,123,123,137,114,53,48,385,353,353,7,36,47
201567,Kevin Love,1610612750,MIN,23.0,55,104.0,105.4,105.4,103.7,104.8,104.8,0.3,0.6,0.6,0.098,0.87,7.4,0.102,0.236,0.168,8.5,8.5,0.497,0.568,0.282,0.285,96.09,94.93,79.11,94.93,0.176,4243,8.6,19.3,125,93,93,324,348,348,208,204,204,234,328,384,48,11,13,85,86,164,68,16,16,84,142,142,5,6,3
2755,Kevin Martin,1610612745,HOU,29.0,40,103.0,103.7,103.7,102.6,104.3,104.3,0.4,-0.6,-0.6,0.146,1.57,13.8,0.01,0.075,0.043,8.8,8.8,0.486,0.554,0.242,0.245,95.53,94.42,78.68,94.42,0.106,2486,5.6,13.4,158,151,151,275,335,335,206,228,228,151,168,224,428,398,421,99,100,205,104,57,60,105,176,176,129,53,42
202338,Kevin Seraphin,1610612764,WAS,22.0,57,98.1,99.2,99.2,100.2,99.8,99.8,-2.1,-0.7,-0.7,0.048,0.5,6.4,0.088,0.149,0.119,12.9,12.9,0.531,0.549,0.181,0.184,93.95,93.65,78.04,93.65,0.101,2283,3.6,6.7,321,287,287,180,148,148,260,231,231,391,407,411,83,146,111,326,327,80,123,234,239,210,235,235,156,172,212
2039,Keyon Dooling,1610612738,BOS,32.0,46,91.9,90.9,90.9,101.4,101.0,101.0,-9.5,-10.0,-10.0,0.138,1.5,19.5,0.005,0.055,0.031,13.0,13.0,0.488,0.515,0.153,0.158,90.23,90.91,75.76,90.91,0.049,1255,1.4,3.5,424,430,430,215,196,196,398,400,400,160,179,130,461,453,454,331,333,200,230,331,326,441,414,414,406,346,346
2550,Kirk Hinrich,1610612737,ATL,31.0,48,101.6,102.3,102.3,100.1,100.0,100.0,1.5,2.2,2.2,0.162,2.28,26.5,0.009,0.077,0.043,11.6,11.6,0.493,0.511,0.138,0.141,92.22,91.91,76.59,91.91,0.061,2367,2.5,6.1,210,193,193,172,157,157,185,161,161,135,59,61,439,391,418,255,253,182,244,383,382,347,362,362,364,238,226
202691,Klay Thompson,1610612744,GSW,22.0,66,103.0,102.8,102.8,107.0,107.2,107.2,-4.0,-4.4,-4.4,0.142,1.29,13.4,0.015,0.086,0.051,10.4,10.4,0.52,0.545,0.243,0.249,94.32,94.33,78.61,94.33,0.087,3164,4.8,10.9,153,175,175,399,406,406,306,313,313,156,228,234,386,340,364,186,187,99,131,54,54,179,178,178,244,87,83
977,Kobe Bryant,1610612747,LAL,33.0,58,103.9,104.8,104.8,100.8,102.1,102.1,3.1,2.7,2.7,0.237,1.29,13.3,0.031,0.104,0.069,10.3,10.2,0.462,0.527,0.346,0.354,93.95,92.95,77.46,92.95,0.143,4332,9.9,23.0,128,109,109,192,247,247,137,146,146,72,224,237,269,283,270,176,175,286,188,1,1,211,289,289,27,2,1
201585,Kosta Koufos,1610612743,DEN,23.0,48,107.7,108.9,108.9,102.3,102.0,102.0,5.4,7.0,7.0,0.028,0.45,5.6,0.126,0.209,0.169,12.4,12.5,0.599,0.608,0.139,0.14,95.71,95.36,79.47,95.36,0.108,1569,2.4,4.0,36,27,27,264,242,242,95,63,63,450,426,429,13,35,12,296,299,13,20,382,384,97,111,111,117,248,327
2743,Kris Humphries,1610612751,NJN,27.0,62,101.5,103.1,103.1,106.6,107.2,107.2,-5.1,-4.1,-4.1,0.073,0.76,8.9,0.11,0.217,0.163,11.8,11.9,0.481,0.539,0.191,0.193,92.97,92.01,76.68,92.01,0.122,4141,5.2,10.8,212,162,162,388,405,405,323,305,305,313,356,345,38,24,18,268,273,214,154,197,205,289,355,355,72,65,88
703,Kurt Thomas,1610612757,POR,39.0,53,97.9,97.3,97.3,99.4,97.7,97.7,-1.6,-0.3,-0.3,0.092,1.48,18.9,0.048,0.192,0.118,12.7,12.8,0.465,0.483,0.11,0.113,94.12,95.22,79.35,95.22,0.068,1604,1.4,3.0,332,335,335,149,90,90,246,220,220,249,187,139,202,65,114,316,320,276,335,444,445,190,121,121,332,352,386
2198,Kwame Brown,1610612744,GSW,30.0,9,95.5,94.1,94.1,101.4,100.3,100.3,-5.9,-6.2,-6.2,0.034,0.29,5.5,0.089,0.224,0.157,19.2,19.2,0.525,0.519,0.164,0.167,94.9,96.14,80.11,96.14,0.08,372,2.3,4.4,381,399,399,216,165,165,336,349,349,435,449,435,81,17,28,443,443,87,222,298,300,143,71,71,276,256,299
2594,Kyle Korver,1610612741,CHI,31.0,65,105.6,106.4,106.4,95.4,96.4,96.4,10.2,10.0,10.0,0.119,2.11,18.6,0.017,0.089,0.053,8.8,8.7,0.575,0.6,0.147,0.151,90.96,90.15,75.13,90.15,0.092,2784,2.7,6.3,71,67,67,46,59,59,24,22,22,192,71,140,366,335,352,101,96,25,27,351,351,424,448,448,205,228,218
200768,Kyle Lowry,1610612745,HOU,26.0,47,103.0,103.8,103.8,101.3,102.1,102.1,1.7,1.7,1.7,0.324,2.38,29.8,0.025,0.12,0.072,12.5,12.5,0.486,0.558,0.214,0.218,95.69,94.95,79.13,94.95,0.132,2983,4.5,10.9,155,143,143,211,248,248,181,176,176,23,53,32,304,224,256,300,300,204,86,115,121,98,140,140,45,109,80
202681,Kyrie Irving,1610612739,CLE,20.0,51,102.9,104.1,104.1,108.5,109.8,109.8,-5.6,-5.6,-5.6,0.324,1.72,21.8,0.027,0.099,0.061,12.7,12.6,0.517,0.566,0.275,0.281,95.42,94.31,78.6,94.31,0.138,3066,6.9,14.6,160,129,129,439,451,451,327,339,339,24,135,97,289,297,310,312,310,104,72,21,20,113,180,180,31,30,29
201178,Kyrylo Fesenko,1610612754,IND,25.0,3,118.9,111.4,111.4,99.4,97.0,97.0,19.5,14.5,14.5,0.1,0.0,11.1,0.105,0.0,0.0,0.0,0.0,0.4,0.524,0.195,0.202,91.85,96.09,80.08,96.09,0.214,35,0.7,1.7,3,14,14,147,76,76,6,8,8,230,462,284,41,460,459,1,1,405,205,181,175,377,75,75,2,443,440
200746,LaMarcus Aldridge,1610612757,POR,26.0,55,104.8,105.9,105.9,100.8,102.1,102.1,4.1,3.8,3.8,0.128,1.21,10.2,0.077,0.154,0.115,8.5,8.5,0.513,0.56,0.269,0.271,93.16,92.11,76.76,92.11,0.148,3828,8.8,17.1,99,81,81,191,249,249,119,123,123,178,246,314,111,135,125,83,83,116,81,25,27,272,346,346,17,4,11
1885,Lamar Odom,1610612742,DAL,32.0,50,98.7,97.5,97.5,102.7,102.6,102.6,-4.0,-5.1,-5.1,0.136,1.6,15.7,0.035,0.165,0.101,9.8,9.9,0.393,0.423,0.197,0.203,92.76,93.38,77.82,93.38,0.066,2010,2.5,7.0,301,332,332,285,268,268,311,328,328,166,164,183,249,109,168,154,158,414,415,174,171,306,258,258,344,245,204
202362,Lance Stephenson,1610612754,IND,21.0,42,98.3,98.3,98.3,102.4,102.2,102.2,-4.0,-3.9,-3.9,0.174,1.28,21.4,0.025,0.098,0.059,16.7,16.8,0.392,0.4,0.166,0.171,93.98,94.06,78.39,94.06,0.054,870,1.1,3.0,314,315,315,265,256,256,310,301,301,117,231,98,302,300,319,422,422,416,434,294,289,207,202,202,389,390,383
202498,Lance Thomas,1610612740,NOH,24.0,42,95.3,95.3,95.3,102.2,101.8,101.8,-6.8,-6.5,-6.5,0.033,0.5,6.3,0.083,0.128,0.106,12.6,12.7,0.452,0.541,0.133,0.135,90.17,90.4,75.33,90.4,0.06,1179,1.4,3.0,384,385,385,254,233,233,357,354,354,439,407,415,101,209,156,306,312,318,143,402,401,444,435,435,374,357,380
202361,Landry Fields,1610612752,NYK,24.0,66,101.9,103.4,103.4,96.8,97.4,97.4,5.1,6.0,6.0,0.141,1.66,20.0,0.032,0.117,0.075,12.1,12.1,0.49,0.506,0.157,0.159,96.43,95.39,79.49,95.39,0.094,3756,3.6,7.8,194,155,155,73,85,85,102,75,75,157,150,114,259,232,239,283,284,191,260,314,322,65,107,107,193,171,179
1716,Larry Hughes,1610612753,ORL,33.0,9,77.6,76.2,76.2,103.6,101.9,101.9,-26.0,-25.7,-25.7,0.13,0.58,16.7,0.009,0.036,0.022,28.6,28.7,0.25,0.262,0.145,0.151,87.39,88.96,74.14,88.96,-0.053,210,0.6,2.4,473,474,474,321,239,239,467,468,468,176,391,172,445,459,458,477,477,468,470,360,355,475,473,473,473,455,407
202082,Larry Owens,1610612751,NJN,29.0,7,91.1,84.8,84.8,113.0,106.0,106.0,-21.9,-21.1,-21.1,0.095,2.0,21.1,0.027,0.167,0.094,10.5,10.7,0.455,0.509,0.092,0.098,88.25,94.46,78.71,94.46,0.041,145,0.6,1.6,433,455,455,467,376,376,461,459,459,239,82,100,286,107,192,199,206,310,251,465,463,471,174,174,429,454,444
202336,Larry Sanders,1610612749,MIL,23.0,52,101.3,101.6,101.6,92.6,92.3,92.3,8.8,9.3,9.3,0.079,0.77,11.9,0.093,0.138,0.116,15.5,15.5,0.457,0.463,0.167,0.17,94.56,94.57,78.8,94.57,0.064,1257,1.6,3.5,222,216,216,19,21,21,34,27,27,292,353,265,69,184,119,400,400,301,369,287,293,168,168,168,350,326,347
202730,Lavoy Allen,1610612755,PHI,23.0,41,97.8,96.3,96.3,91.3,92.2,92.2,6.6,4.2,4.2,0.089,1.7,15.0,0.072,0.193,0.132,8.8,8.8,0.473,0.488,0.143,0.148,89.96,90.21,75.18,90.21,0.098,1172,1.9,4.1,333,360,360,17,20,20,63,113,113,257,141,201,127,59,76,100,101,242,320,368,363,452,445,445,172,296,322
202351,Lazar Hayward,1610612760,OKC,25.0,26,88.6,83.5,83.5,105.7,105.0,105.0,-17.1,-21.5,-21.5,0.054,0.44,7.0,0.015,0.09,0.055,15.8,16.0,0.395,0.427,0.172,0.183,92.03,95.09,79.24,95.09,0.006,279,0.5,1.5,448,461,461,373,353,353,448,460,460,372,427,397,393,330,337,407,412,411,412,267,243,362,131,131,465,461,452
2544,LeBron James,1610612748,MIA,27.0,62,107.7,108.6,108.6,97.0,98.4,98.4,10.7,10.2,10.2,0.318,1.82,19.5,0.044,0.171,0.111,10.7,10.7,0.554,0.605,0.311,0.317,94.47,93.41,77.84,93.41,0.22,4533,10.0,18.9,38,32,32,79,112,112,20,19,19,26,121,128,213,97,141,213,212,40,23,4,4,173,255,255,1,1,5
2571,Leandro Barbosa,1610612754,IND,29.0,64,100.5,100.3,100.3,102.7,102.9,102.9,-2.2,-2.7,-2.7,0.135,1.02,11.0,0.023,0.07,0.046,10.7,10.7,0.476,0.512,0.249,0.258,93.07,93.1,77.59,93.1,0.088,2693,4.2,10.0,247,255,255,288,283,283,266,280,280,167,281,291,319,419,404,211,208,234,239,46,42,276,276,276,234,121,112
201991,Lester Hudson,1610612763,MEM,27.0,16,101.0,101.4,101.4,101.9,101.1,101.1,-0.9,0.3,0.3,0.209,1.13,14.6,0.021,0.125,0.071,13.0,12.9,0.432,0.483,0.283,0.289,92.72,92.9,77.42,92.9,0.097,646,3.9,10.1,233,222,222,239,203,203,232,206,206,95,260,208,337,216,263,328,329,361,332,15,15,308,292,292,173,144,109
101132,Linas Kleiza,1610612761,TOR,27.0,49,99.1,99.4,99.4,99.3,100.1,100.1,-0.2,-0.8,-0.8,0.081,0.72,8.2,0.042,0.144,0.095,11.4,11.3,0.478,0.521,0.223,0.228,92.43,91.88,76.57,91.88,0.093,2029,3.4,8.4,288,282,282,140,160,160,217,236,236,283,362,369,221,167,185,244,243,225,212,92,90,333,364,364,203,186,159
200811,Lou Amundson,1610612754,IND,29.0,60,98.7,98.2,98.2,101.8,100.9,100.9,-3.2,-2.7,-2.7,0.033,0.31,4.6,0.116,0.175,0.144,14.9,14.9,0.43,0.438,0.166,0.171,93.21,93.88,78.24,93.88,0.058,1475,1.5,3.5,304,318,318,237,193,193,289,283,283,438,448,445,25,93,50,388,386,365,401,293,288,269,219,219,379,344,352
101150,Lou Williams,1610612755,PHI,25.0,64,103.9,103.3,103.3,97.5,96.8,96.8,6.4,6.5,6.5,0.221,3.11,18.4,0.018,0.073,0.046,5.9,5.9,0.46,0.525,0.265,0.273,92.41,93.05,77.54,93.05,0.129,3269,5.0,12.2,127,161,161,87,70,70,68,64,64,84,14,148,357,406,407,24,24,294,197,27,26,335,283,283,52,76,57
201601,Luc Mbah a Moute,1610612749,MIL,25.0,43,103.2,103.7,103.7,100.0,100.7,100.7,3.2,2.9,2.9,0.044,0.74,7.8,0.076,0.143,0.11,10.4,10.4,0.511,0.544,0.149,0.152,96.51,95.93,79.94,95.93,0.089,2010,3.1,6.1,146,149,149,168,188,188,133,140,140,409,359,374,116,170,146,191,189,122,136,343,350,61,81,81,233,204,232
2449,Luis Scola,1610612745,HOU,32.0,66,102.7,103.9,103.9,100.9,102.2,102.2,1.8,1.7,1.7,0.118,0.92,11.0,0.061,0.151,0.106,12.0,12.1,0.491,0.526,0.246,0.248,94.89,93.71,78.09,93.71,0.104,4035,6.6,13.5,170,138,138,195,255,255,180,178,178,194,313,290,156,142,155,279,283,188,195,51,56,147,227,227,134,35,39
202337,Luke Babbitt,1610612757,POR,23.0,40,98.5,97.6,97.6,111.8,111.7,111.7,-13.3,-14.1,-14.1,0.052,0.59,7.1,0.029,0.151,0.088,11.9,12.0,0.535,0.556,0.17,0.176,94.59,95.07,79.22,95.07,0.075,1067,1.8,4.3,308,331,331,460,464,464,429,434,434,379,390,394,281,139,204,276,277,69,99,271,267,165,133,133,304,312,308
202376,Luke Harangody,1610612739,CLE,24.0,21,96.3,98.6,98.6,109.9,107.0,107.0,-13.6,-8.4,-8.4,0.045,1.5,7.5,0.086,0.147,0.116,5.0,5.0,0.392,0.427,0.147,0.151,90.55,90.68,75.57,90.68,0.068,431,1.1,3.1,367,304,304,452,402,402,432,383,383,399,179,383,88,156,120,17,17,415,413,349,357,437,424,424,331,395,375
2557,Luke Ridnour,1610612750,MIN,31.0,53,103.1,104.0,104.0,105.3,106.2,106.2,-2.2,-2.3,-2.3,0.237,2.63,26.7,0.01,0.071,0.04,10.2,10.1,0.485,0.53,0.172,0.177,95.0,94.2,78.5,94.2,0.09,3438,4.6,10.4,152,136,136,362,382,382,265,272,272,71,31,57,427,415,430,173,167,208,181,266,265,139,189,189,219,100,97
2575,Luke Walton,1610612739,CLE,32.0,30,93.6,93.1,93.1,101.6,100.7,100.7,-8.0,-7.6,-7.6,0.161,1.3,27.6,0.038,0.101,0.07,21.3,21.3,0.423,0.423,0.115,0.118,91.67,92.27,76.89,92.27,0.027,698,0.8,2.2,409,410,410,226,187,187,373,371,371,136,223,49,233,290,265,456,457,375,416,434,435,388,341,341,446,429,421
2736,Luol Deng,1610612741,CHI,27.0,54,104.0,105.3,105.3,95.1,96.2,96.2,8.8,9.1,9.1,0.117,1.64,14.5,0.037,0.125,0.081,8.9,8.9,0.464,0.5,0.195,0.197,91.78,90.71,75.59,90.71,0.104,4028,5.8,14.0,126,97,97,40,56,56,33,29,29,196,159,210,236,216,220,103,102,280,282,182,187,381,421,421,135,48,35
202723,Malcolm Lee,1610612750,MIN,22.0,19,95.8,96.1,96.1,101.8,101.3,101.3,-6.0,-5.2,-5.2,0.221,1.82,27.0,0.036,0.074,0.054,14.8,14.8,0.407,0.466,0.153,0.155,94.89,95.01,79.18,95.01,0.064,482,1.2,3.1,373,368,368,234,211,211,339,330,330,83,118,54,238,402,342,386,385,396,357,333,339,146,136,136,353,376,374
202952,Malcolm Thomas,1610612759,SAS,23.0,3,99.7,100.0,100.0,117.6,112.9,112.9,-17.9,-12.9,-12.9,0.083,0.0,20.0,0.0,0.0,0.0,0.0,0.0,0.0,0.129,0.114,0.114,96.81,98.65,82.21,98.65,0.035,31,0.0,1.0,270,263,263,472,471,471,453,424,424,273,462,115,463,460,459,1,1,473,473,437,440,45,21,21,439,473,469
202412,Manny Harris,1610612739,CLE,22.0,26,94.6,95.9,95.9,102.0,101.7,101.7,-7.4,-5.8,-5.8,0.13,1.15,13.2,0.023,0.131,0.076,11.5,11.5,0.44,0.492,0.202,0.205,92.14,91.66,76.38,91.66,0.094,861,2.3,5.8,393,370,370,250,231,231,363,340,340,175,257,240,318,202,236,249,251,347,310,159,163,356,380,380,189,260,244
1938,Manu Ginobili,1610612759,SAS,34.0,34,118.0,117.5,117.5,101.9,102.7,102.7,16.1,14.8,14.8,0.27,2.36,28.0,0.026,0.119,0.076,11.9,11.8,0.618,0.668,0.217,0.225,97.61,97.45,81.21,97.45,0.148,1602,4.4,8.4,4,2,2,243,276,276,9,7,7,55,55,47,296,228,235,271,263,10,5,104,103,23,35,35,20,111,158
202705,MarShon Brooks,1610612751,NJN,23.0,56,98.2,99.0,99.0,109.2,109.4,109.4,-11.0,-10.3,-10.3,0.147,1.11,13.8,0.042,0.085,0.063,12.4,12.4,0.465,0.502,0.224,0.228,92.46,92.01,76.67,92.01,0.078,3166,4.9,11.4,319,288,288,445,447,447,408,404,404,149,262,225,219,345,301,297,294,277,274,90,91,330,356,356,284,82,68
201188,Marc Gasol,1610612763,MEM,27.0,65,103.0,104.2,104.2,97.7,98.3,98.3,5.3,5.9,5.9,0.138,1.69,16.9,0.052,0.204,0.127,10.0,10.0,0.483,0.541,0.191,0.192,93.01,92.15,76.79,92.15,0.135,4553,5.5,11.4,159,127,127,91,109,109,98,76,76,158,143,169,186,42,85,161,163,210,144,195,207,282,344,344,40,56,70
101162,Marcin Gortat,1610612756,PHX,28.0,66,105.1,106.3,106.3,103.2,104.2,104.2,1.9,2.1,2.1,0.045,0.66,5.7,0.091,0.219,0.157,8.7,8.8,0.555,0.578,0.205,0.207,95.87,94.91,79.09,94.91,0.136,4181,6.5,11.7,89,72,72,303,331,331,177,164,164,402,376,424,77,22,27,95,97,39,52,145,154,90,145,145,37,39,63
201158,Marco Belinelli,1610612740,NOH,26.0,66,98.1,98.8,98.8,104.5,105.4,105.4,-6.4,-6.6,-6.6,0.088,1.46,11.1,0.01,0.081,0.046,7.6,7.6,0.495,0.525,0.192,0.195,90.67,89.95,74.96,89.95,0.076,3682,4.3,10.4,324,297,297,342,369,369,348,355,355,259,194,285,431,372,405,46,45,174,196,190,195,434,459,459,299,116,96
948,Marcus Camby,1610612745,HOU,38.0,59,104.0,104.3,104.3,101.1,103.0,103.0,3.0,1.3,1.3,0.113,1.88,22.4,0.117,0.29,0.202,11.9,11.9,0.449,0.455,0.124,0.126,92.98,91.98,76.65,91.98,0.122,2591,2.2,4.9,124,124,124,206,289,289,140,190,190,207,105,90,23,2,1,275,274,325,385,419,423,288,357,357,73,269,278
202694,Marcus Morris Sr.,1610612745,HOU,22.0,17,91.1,89.5,89.5,101.2,100.8,100.8,-10.1,-11.3,-11.3,0.042,0.75,4.6,0.037,0.082,0.059,6.2,6.2,0.315,0.348,0.217,0.223,93.99,94.97,79.14,94.97,0.009,248,0.9,3.2,434,435,435,207,189,189,403,414,414,415,357,446,235,362,321,28,28,461,460,106,106,205,137,137,462,412,370
201977,Marcus Thornton,1610612758,SAC,25.0,51,102.1,103.8,103.8,107.9,108.7,108.7,-5.8,-4.9,-4.9,0.091,1.17,9.3,0.043,0.061,0.051,8.0,7.9,0.505,0.544,0.224,0.228,97.83,96.7,80.59,96.7,0.096,3586,6.9,15.7,186,144,144,428,439,439,329,324,324,253,253,333,217,440,360,61,61,139,133,88,95,20,58,58,179,28,19
201596,Mario Chalmers,1610612748,MIA,26.0,64,106.3,107.0,107.0,95.8,96.4,96.4,10.5,10.6,10.6,0.183,1.56,24.6,0.01,0.086,0.049,15.8,15.7,0.549,0.578,0.169,0.173,94.05,93.45,77.87,93.45,0.085,3559,3.5,7.8,58,57,57,53,60,60,23,15,15,116,171,76,438,342,378,406,404,46,53,280,280,198,251,251,254,176,178
202693,Markieff Morris,1610612756,PHX,22.0,63,100.5,100.3,100.3,102.6,102.3,102.3,-2.1,-2.1,-2.1,0.087,0.93,10.5,0.055,0.177,0.114,11.3,11.3,0.448,0.484,0.199,0.204,94.31,94.53,78.78,94.53,0.077,2405,2.8,6.9,248,254,254,276,261,261,261,266,266,260,311,300,172,84,128,243,242,330,328,170,169,180,170,170,292,227,207
2605,Marquis Daniels,1610612738,BOS,31.0,38,94.4,92.2,92.2,93.9,93.8,93.8,0.4,-1.6,-1.6,0.165,1.68,20.7,0.036,0.107,0.073,12.3,12.3,0.364,0.395,0.174,0.182,90.69,91.77,76.48,91.77,0.068,928,1.4,3.8,396,421,421,31,29,29,205,255,255,129,144,107,240,269,251,294,291,438,439,260,249,432,373,373,329,354,336
201578,Marreese Speights,1610612763,MEM,24.0,60,98.3,98.9,98.9,101.0,101.1,101.1,-2.8,-2.2,-2.2,0.059,0.65,7.3,0.1,0.195,0.146,11.2,11.2,0.453,0.491,0.204,0.208,92.34,91.98,76.65,91.98,0.094,2568,3.7,8.1,316,292,292,205,206,206,281,271,271,353,378,388,57,53,47,236,237,316,314,151,152,339,358,358,195,159,167
101110,Martell Webster,1610612750,MIN,25.0,47,104.2,105.1,105.1,107.2,108.4,108.4,-2.9,-3.2,-3.2,0.052,0.87,10.3,0.036,0.106,0.072,11.8,11.8,0.491,0.533,0.135,0.137,96.08,95.13,79.28,95.13,0.06,2255,2.4,5.8,116,104,104,403,431,431,285,290,290,378,327,312,239,273,258,264,268,189,174,393,395,85,128,128,370,246,243
101107,Marvin Williams,1610612737,ATL,26.0,57,102.9,103.4,103.4,99.9,100.8,100.8,3.0,2.6,2.6,0.078,1.82,11.0,0.052,0.146,0.099,6.1,6.1,0.494,0.542,0.175,0.179,92.59,91.93,76.61,91.93,0.11,2870,3.6,8.2,164,156,156,165,191,191,141,151,151,295,119,288,187,164,173,27,26,179,140,257,259,319,360,360,110,172,164
2440,Matt Barnes,1610612747,LAL,32.0,63,105.2,103.9,103.9,102.3,102.3,102.3,2.8,1.6,1.6,0.136,1.73,19.5,0.072,0.163,0.12,11.3,11.4,0.512,0.554,0.161,0.165,93.56,94.17,78.48,94.17,0.1,2812,2.8,6.1,84,140,140,262,258,258,144,181,181,165,133,127,128,113,110,241,244,121,105,305,307,235,193,193,160,224,227
2588,Matt Bonner,1610612759,SAS,32.0,65,113.5,113.9,113.9,100.1,99.5,99.5,13.4,14.4,14.4,0.064,4.36,14.1,0.024,0.138,0.084,3.2,3.2,0.59,0.597,0.129,0.131,93.89,94.02,78.35,94.02,0.09,2591,2.4,5.4,8,4,4,175,138,138,12,9,9,338,3,220,316,182,216,9,9,16,31,405,408,214,205,205,218,252,259
2679,Matt Carroll,1610612766,CHA,31.0,53,92.0,92.3,92.3,105.9,104.6,104.6,-14.0,-12.3,-12.3,0.108,1.58,16.3,0.013,0.089,0.049,10.3,10.2,0.357,0.409,0.148,0.154,92.58,93.05,77.54,93.05,0.035,1151,1.0,3.0,422,420,420,377,339,339,436,420,420,221,167,175,407,334,380,180,174,447,427,346,342,322,282,282,438,405,386
2230,Maurice Evans,1610612764,WAS,33.0,24,100.2,101.0,101.0,100.5,97.8,97.8,-0.2,3.2,3.2,0.04,0.9,6.6,0.023,0.046,0.034,7.4,7.3,0.478,0.497,0.16,0.164,95.37,96.25,80.21,96.25,0.042,689,1.9,4.7,259,234,234,186,99,99,218,134,134,421,316,407,323,457,450,40,40,228,293,307,308,115,64,64,425,301,290
2246,Mehmet Okur,1610612751,NJN,33.0,17,94.1,96.3,96.3,111.3,111.8,111.8,-17.2,-15.5,-15.5,0.119,1.2,15.4,0.048,0.154,0.096,12.8,12.7,0.457,0.46,0.169,0.171,89.42,88.18,73.48,88.18,0.06,835,3.1,8.2,403,361,361,455,466,466,451,445,445,190,247,192,199,138,183,322,316,300,374,282,285,462,476,476,373,208,166
1897,Metta World Peace,1610612747,LAL,32.0,64,102.5,102.6,102.6,100.5,101.2,101.2,2.1,1.4,1.4,0.127,2.03,19.3,0.043,0.08,0.062,9.5,9.5,0.454,0.478,0.153,0.156,92.76,92.38,76.99,92.38,0.063,3308,2.9,7.3,174,180,180,187,209,209,169,183,183,180,80,133,216,376,303,133,135,314,343,330,334,305,336,336,357,219,193
201563,Michael Beasley,1610612750,MIN,23.0,47,98.7,99.4,99.4,102.0,103.1,103.1,-3.3,-3.7,-3.7,0.077,0.56,6.8,0.034,0.148,0.091,12.0,12.1,0.483,0.502,0.249,0.252,96.4,95.54,79.62,95.54,0.094,2165,4.7,10.6,300,281,281,249,294,294,292,298,298,296,395,405,252,149,197,280,281,212,275,47,47,67,99,99,196,96,95
2072,Michael Redd,1610612756,PHX,32.0,51,100.5,100.4,100.4,109.0,108.3,108.3,-8.5,-8.0,-8.0,0.078,0.89,6.9,0.018,0.087,0.051,7.8,7.7,0.458,0.511,0.255,0.263,94.48,94.8,79.0,94.8,0.09,1521,2.8,7.1,249,249,249,443,430,430,383,375,375,294,323,400,359,339,367,53,52,297,243,37,34,172,152,152,219,221,202
2554,Mickael Pietrus,1610612738,BOS,30.0,42,97.9,97.6,97.6,95.4,95.4,95.4,2.5,2.2,2.2,0.045,0.76,7.3,0.021,0.117,0.072,9.6,9.7,0.498,0.509,0.159,0.162,93.85,94.01,78.34,94.01,0.062,1803,2.5,6.4,331,329,329,48,47,47,154,162,162,403,354,387,335,233,257,138,145,162,250,312,313,218,206,206,360,242,214
202148,Mickell Gladness,1610612744,GSW,25.0,26,93.3,91.8,91.8,105.2,106.4,106.4,-11.9,-14.6,-14.6,0.03,0.71,6.6,0.053,0.151,0.105,9.2,9.2,0.424,0.436,0.122,0.127,97.86,98.08,81.73,98.08,0.055,515,1.0,2.3,413,425,425,358,390,390,418,438,438,445,363,408,178,140,157,118,117,373,403,423,420,18,27,27,385,408,415
1710,Mike Bibby,1610612752,NYK,34.0,39,99.4,98.3,98.3,101.8,101.9,101.9,-2.4,-3.6,-3.6,0.227,4.0,35.1,0.009,0.107,0.055,8.8,8.8,0.391,0.404,0.121,0.124,94.57,95.07,79.23,95.07,0.06,1106,0.9,3.2,281,314,314,238,240,240,274,296,296,78,4,11,443,268,336,97,99,417,430,426,426,166,132,132,371,415,369
201144,Mike Conley,1610612763,MEM,24.0,62,104.6,105.5,105.5,98.8,99.6,99.6,5.8,5.9,5.9,0.289,3.23,31.6,0.011,0.066,0.038,9.8,9.7,0.477,0.523,0.181,0.185,92.45,91.7,76.42,91.7,0.115,4161,4.8,11.0,104,92,92,121,142,142,80,78,78,42,9,23,426,435,440,153,151,232,207,235,234,332,378,378,87,90,78
2399,Mike Dunleavy,1610612749,MIL,31.0,55,103.7,105.3,105.3,99.1,99.6,99.6,4.6,5.7,5.7,0.132,2.02,15.9,0.019,0.116,0.067,7.9,7.8,0.557,0.597,0.186,0.189,96.33,95.37,79.48,95.37,0.121,2874,4.3,9.2,132,99,99,131,141,141,110,82,82,171,81,179,349,237,282,57,55,37,32,213,220,70,109,109,77,114,128
2229,Mike James,1610612741,CHI,37.0,11,109.7,112.3,112.3,81.1,83.1,83.1,28.6,29.2,29.2,0.363,2.07,30.5,0.017,0.054,0.038,14.7,14.7,0.469,0.505,0.241,0.249,93.8,91.61,76.34,91.61,0.091,228,1.8,4.5,18,10,10,3,4,4,4,4,4,14,75,28,362,455,436,383,379,256,264,59,55,221,384,384,215,307,298
2034,Mike Miller,1610612748,MIA,32.0,39,108.7,108.1,108.1,96.9,97.8,97.8,11.8,10.3,10.3,0.086,1.4,14.8,0.033,0.141,0.09,10.6,10.6,0.562,0.561,0.147,0.15,91.99,91.83,76.53,91.83,0.088,1440,2.3,5.4,25,41,41,76,97,97,15,18,18,265,200,203,258,174,201,205,203,33,79,350,358,364,370,370,235,256,260
1630,Mikki Moore,1610612744,GSW,36.0,7,93.6,95.6,95.6,101.4,100.4,100.4,-7.8,-4.8,-4.8,0.06,0.71,14.3,0.057,0.115,0.087,20.0,20.0,0.45,0.52,0.115,0.117,94.12,93.57,77.98,93.57,0.024,227,1.3,2.9,406,375,375,214,171,171,370,323,323,352,363,215,169,238,205,447,448,323,215,435,436,188,241,241,452,366,393
2590,Mo Williams,1610612746,LAC,29.0,52,103.5,104.9,104.9,105.4,106.1,106.1,-1.9,-1.2,-1.2,0.196,1.86,18.1,0.016,0.057,0.035,9.7,9.6,0.502,0.53,0.222,0.228,92.11,91.16,75.97,91.16,0.099,2791,5.0,11.8,137,107,107,363,380,380,258,246,246,105,110,152,382,450,448,146,142,151,182,93,92,358,400,400,168,73,60
101145,Monta Ellis,1610612749,MIL,26.0,58,104.4,105.4,105.4,105.2,106.1,106.1,-0.8,-0.7,-0.7,0.277,1.95,20.5,0.009,0.085,0.047,10.5,10.5,0.463,0.509,0.278,0.281,96.64,95.79,79.82,95.79,0.112,4231,7.8,17.9,109,95,95,360,377,377,230,232,232,50,100,109,441,349,398,198,197,285,254,18,18,57,85,85,103,12,7
201165,Morris Almond,1610612764,WAS,27.0,4,108.5,107.6,107.6,83.5,81.7,81.7,25.0,26.0,26.0,0.039,2.0,9.5,0.015,0.0,0.0,4.8,4.7,0.382,0.382,0.122,0.125,92.99,94.42,78.68,94.42,0.055,131,1.5,4.3,26,47,47,4,3,3,5,5,5,424,82,326,393,460,459,13,13,423,445,425,424,286,175,175,388,340,313
202814,Mychel Thompson,1610612739,CLE,24.0,5,96.9,100.0,100.0,99.7,101.1,101.1,-2.8,-1.1,-1.1,0.119,1.4,19.4,0.0,0.059,0.026,13.9,13.9,0.375,0.375,0.136,0.137,89.94,87.91,73.26,87.91,0.008,173,1.4,4.8,357,263,263,158,208,208,280,245,245,191,200,131,463,447,457,364,364,425,448,389,394,453,477,477,463,348,281
101126,Nate Robinson,1610612744,GSW,28.0,51,109.0,108.0,108.0,107.6,106.9,106.9,1.5,1.1,1.1,0.317,3.08,27.5,0.013,0.074,0.044,8.9,8.9,0.492,0.534,0.234,0.239,93.4,94.12,78.44,94.12,0.107,2342,4.0,9.5,23,42,42,414,398,398,186,196,196,27,15,50,405,401,413,106,105,187,173,72,71,256,197,197,122,133,123
1737,Nazr Mohammed,1610612760,OKC,34.0,63,107.9,106.9,106.9,101.9,100.5,100.5,6.0,6.4,6.4,0.032,0.54,6.4,0.098,0.155,0.129,11.8,11.9,0.467,0.477,0.136,0.138,93.42,94.48,78.73,94.48,0.06,1357,1.3,2.7,31,58,58,240,178,178,74,67,67,442,401,413,59,134,80,267,272,263,345,391,387,252,173,173,369,372,399
2403,Nene,1610612764,WAS,29.0,39,102.9,103.9,103.9,100.2,99.5,99.5,2.6,4.3,4.3,0.123,0.83,12.4,0.061,0.214,0.139,14.9,14.9,0.537,0.573,0.229,0.231,95.36,95.22,79.35,95.22,0.134,2205,5.4,10.1,165,142,142,179,139,139,150,109,109,184,338,257,155,28,61,390,389,61,62,81,85,117,120,120,42,60,110
2555,Nick Collison,1610612760,OKC,31.0,63,112.2,112.3,112.3,100.9,101.3,101.3,11.2,11.0,11.0,0.093,1.34,22.0,0.102,0.115,0.109,16.4,16.4,0.597,0.622,0.101,0.102,93.94,93.74,78.12,93.74,0.072,2546,1.9,3.2,10,11,11,200,215,215,16,12,12,244,217,94,49,240,149,418,419,15,15,458,459,212,225,225,313,299,368
201156,Nick Young,1610612746,LAC,27.0,62,98.4,99.5,99.5,105.5,105.9,105.9,-7.1,-6.4,-6.4,0.057,0.67,5.6,0.017,0.06,0.038,8.4,8.3,0.469,0.512,0.237,0.241,94.81,94.12,78.43,94.12,0.071,3405,5.1,12.6,311,280,280,365,375,375,358,353,353,364,370,428,369,441,439,78,79,259,238,66,68,153,199,199,319,70,52
201587,Nicolas Batum,1610612757,POR,23.0,59,104.3,104.8,104.8,106.0,106.2,106.2,-1.8,-1.5,-1.5,0.079,0.93,9.5,0.046,0.113,0.079,10.2,10.2,0.534,0.575,0.202,0.205,93.58,93.27,77.73,93.27,0.107,3476,4.9,10.9,114,111,111,378,384,384,255,249,249,290,309,329,205,247,228,170,171,70,58,161,165,232,267,267,123,81,84
201593,Nikola Pekovic,1610612750,MIN,26.0,47,104.1,105.2,105.2,105.5,106.8,106.8,-1.4,-1.6,-1.6,0.043,0.36,4.7,0.142,0.129,0.135,13.3,13.3,0.564,0.607,0.216,0.219,95.21,94.18,78.49,94.18,0.124,2478,5.4,9.7,117,102,102,367,397,397,240,258,258,410,441,444,3,206,67,347,344,31,21,109,117,130,192,192,63,58,120
202696,Nikola Vučević,1610612755,PHI,21.0,51,99.7,98.5,98.5,97.0,97.1,97.1,2.7,1.4,1.4,0.063,0.94,8.4,0.104,0.193,0.148,8.9,8.9,0.455,0.462,0.188,0.193,92.38,92.89,77.41,92.89,0.087,1573,2.6,5.7,272,306,306,77,80,80,147,185,185,340,305,363,45,58,41,104,104,306,370,206,202,338,296,296,241,235,246
202701,Nolan Smith,1610612757,POR,23.0,44,96.4,95.6,95.6,111.9,110.5,110.5,-15.5,-14.9,-14.9,0.196,1.48,20.9,0.029,0.077,0.051,14.1,14.2,0.408,0.434,0.185,0.192,94.85,95.81,79.84,95.81,0.043,1087,1.5,4.1,365,377,377,461,460,460,443,443,443,106,190,102,279,389,362,370,370,395,405,215,206,151,84,84,423,337,321
202708,Norris Cole,1610612748,MIA,23.0,65,99.6,99.0,99.0,99.1,100.5,100.5,0.5,-1.5,-1.5,0.183,1.27,18.4,0.018,0.056,0.037,14.5,14.5,0.417,0.452,0.212,0.219,93.06,92.69,77.24,92.69,0.049,2426,2.7,6.9,273,290,290,132,174,174,201,252,252,115,234,146,360,452,443,380,377,384,391,124,115,277,316,316,402,230,205
201564,O.J. Mayo,1610612763,MEM,24.0,66,100.4,101.4,101.4,100.2,100.6,100.6,0.2,0.8,0.8,0.164,1.36,15.3,0.017,0.104,0.06,11.2,11.2,0.476,0.513,0.233,0.238,94.49,93.86,78.22,93.86,0.101,3465,4.5,11.2,252,220,220,177,179,179,211,198,198,132,210,193,374,280,315,238,236,239,235,74,74,170,222,222,154,103,75
201600,Omer Asik,1610612741,CHI,25.0,66,98.8,98.4,98.4,89.7,90.5,90.5,9.1,7.9,7.9,0.053,0.47,10.6,0.128,0.215,0.172,22.6,22.6,0.506,0.509,0.125,0.129,89.74,89.53,74.61,89.53,0.1,1801,1.2,2.4,297,307,307,10,13,13,31,38,38,377,421,298,12,26,9,463,463,133,252,414,413,457,464,464,163,379,410
201956,Omri Casspi,1610612739,CLE,24.0,65,95.7,96.1,96.1,107.1,107.3,107.3,-11.4,-11.1,-11.1,0.084,1.03,11.1,0.045,0.129,0.085,10.8,10.9,0.467,0.499,0.174,0.177,93.74,93.5,77.92,93.5,0.071,2608,2.6,6.3,375,366,366,401,407,407,412,410,410,270,280,282,210,208,212,216,220,264,286,262,266,224,245,245,322,236,218
202335,Patrick Patterson,1610612745,HOU,23.0,64,101.7,101.4,101.4,103.3,103.0,103.0,-1.6,-1.6,-1.6,0.059,1.08,8.3,0.073,0.122,0.096,7.7,7.7,0.44,0.457,0.175,0.179,93.88,94.19,78.5,94.19,0.073,2912,3.5,8.0,203,223,223,306,285,285,247,256,256,359,269,366,123,222,182,48,48,345,382,259,256,215,190,190,312,175,171
201988,Patty Mills,1610612759,SAS,23.0,16,113.7,112.8,112.8,104.2,104.9,104.9,9.5,7.9,7.9,0.244,1.5,19.5,0.017,0.091,0.055,13.0,12.9,0.577,0.604,0.267,0.277,98.17,98.26,81.88,98.26,0.131,532,3.9,8.1,7,7,7,334,350,350,30,39,39,66,179,129,375,323,333,333,328,23,25,26,24,15,24,24,46,139,168
2200,Pau Gasol,1610612747,LAL,31.0,65,104.1,104.5,104.5,100.6,101.4,101.4,3.5,3.1,3.1,0.17,1.67,16.7,0.078,0.194,0.138,10.0,10.1,0.504,0.547,0.217,0.22,93.28,92.73,77.28,92.73,0.148,4700,7.1,14.1,121,117,117,188,224,224,127,137,137,125,146,171,109,56,63,163,165,141,129,105,112,262,312,312,19,24,34
202331,Paul George,1610612754,IND,22.0,66,104.3,105.5,105.5,98.3,99.1,99.1,6.1,6.4,6.4,0.133,1.35,15.8,0.029,0.157,0.094,11.7,11.8,0.51,0.555,0.191,0.193,94.11,93.23,77.69,93.23,0.118,3803,4.3,9.7,110,91,91,106,127,127,73,65,65,169,212,181,277,128,187,261,265,124,101,193,203,191,270,270,81,118,119
200794,Paul Millsap,1610612762,UTA,27.0,64,106.8,108.2,108.2,102.7,103.3,103.3,4.2,4.9,4.9,0.12,1.34,12.1,0.088,0.19,0.138,9.1,9.1,0.499,0.545,0.232,0.234,93.77,92.88,77.4,92.88,0.14,4060,6.7,13.5,51,37,37,281,299,299,116,100,100,188,218,261,85,67,62,112,112,159,130,78,81,223,298,298,29,34,40
1718,Paul Pierce,1610612738,BOS,34.0,61,101.2,102.4,102.4,96.8,97.7,97.7,4.4,4.7,4.7,0.233,1.58,18.5,0.02,0.134,0.08,11.7,11.6,0.499,0.567,0.272,0.277,93.77,92.8,77.34,92.8,0.142,4012,6.5,14.6,229,186,186,75,91,91,111,103,103,73,166,144,342,195,223,259,254,157,69,22,23,222,308,308,28,40,30
2047,Quentin Richardson,1610612753,ORL,32.0,48,95.9,95.1,95.1,99.4,99.8,99.8,-3.5,-4.7,-4.7,0.079,1.31,13.8,0.017,0.134,0.074,10.5,10.5,0.482,0.511,0.128,0.133,89.84,89.98,74.99,89.98,0.068,1625,1.5,4.1,372,388,388,148,146,146,296,316,316,291,221,226,364,191,247,197,194,213,242,410,404,456,456,456,333,331,320
202347,Quincy Pondexter,1610612763,MEM,24.0,64,100.9,100.5,100.5,98.7,97.8,97.8,2.2,2.7,2.7,0.041,0.9,8.4,0.053,0.074,0.063,9.4,9.4,0.498,0.517,0.128,0.131,93.38,93.99,78.32,93.99,0.051,1954,1.7,3.7,239,247,247,116,96,96,167,145,145,416,316,358,183,404,299,125,127,163,226,409,407,257,209,209,396,322,337
1952,Raja Bell,1610612762,UTA,35.0,34,105.1,106.0,106.0,106.9,106.6,106.6,-1.7,-0.6,-0.6,0.069,1.81,15.7,0.008,0.059,0.033,8.7,8.6,0.563,0.586,0.118,0.121,92.15,91.9,76.59,91.9,0.043,1522,2.4,5.1,85,79,79,394,395,395,253,227,227,320,122,184,453,446,452,91,88,32,40,431,432,355,363,363,421,251,267
200765,Rajon Rondo,1610612738,BOS,26.0,53,101.5,102.7,102.7,96.4,97.9,97.9,5.2,4.8,4.8,0.498,3.21,42.3,0.034,0.098,0.068,13.2,13.2,0.456,0.483,0.201,0.203,94.06,92.82,77.35,92.82,0.138,3791,4.8,10.8,211,178,178,63,103,103,101,101,101,1,10,5,251,302,281,339,340,304,331,164,172,197,304,304,32,86,89
201196,Ramon Sessions,1610612747,LAL,26.0,64,102.0,103.0,103.0,103.4,104.1,104.1,-1.4,-1.1,-1.1,0.353,2.51,30.4,0.019,0.104,0.062,12.1,12.1,0.466,0.535,0.208,0.214,94.32,93.55,77.96,93.55,0.125,3326,3.8,8.8,190,164,164,314,330,330,242,243,243,17,40,29,350,282,308,284,282,272,171,133,133,178,243,243,61,152,144
200751,Randy Foye,1610612746,LAC,28.0,65,104.1,104.8,104.8,102.9,103.3,103.3,1.2,1.4,1.4,0.143,2.0,16.2,0.015,0.07,0.042,8.1,8.1,0.496,0.522,0.204,0.208,91.95,91.48,76.24,91.48,0.082,3212,3.9,9.9,120,113,113,292,300,300,191,184,184,155,82,177,389,420,422,67,66,169,208,152,151,367,391,391,269,137,114
1740,Rashard Lewis,1610612764,WAS,32.0,28,94.5,96.5,96.5,106.9,107.6,107.6,-12.4,-11.1,-11.1,0.059,0.84,9.1,0.044,0.102,0.072,10.8,10.8,0.421,0.457,0.161,0.162,97.59,96.25,80.21,96.25,0.058,1464,3.0,7.9,394,355,355,396,417,417,422,408,408,357,334,337,215,289,254,216,218,381,381,306,314,24,63,63,377,209,174
2446,Rasual Butler,1610612761,TOR,33.0,34,89.5,88.6,88.6,100.9,100.2,100.2,-11.4,-11.6,-11.6,0.075,1.27,11.0,0.013,0.133,0.072,8.7,8.7,0.387,0.398,0.154,0.159,93.26,94.05,78.37,94.05,0.039,893,1.2,3.9,443,439,439,199,163,163,411,418,418,303,234,287,408,200,252,93,93,421,437,326,323,264,203,203,435,377,329
951,Ray Allen,1610612738,BOS,36.0,46,101.3,101.8,101.8,98.2,99.2,99.2,3.1,2.7,2.7,0.116,1.6,15.5,0.01,0.082,0.048,9.7,9.5,0.566,0.607,0.178,0.186,92.72,92.01,76.68,92.01,0.103,3009,4.9,10.7,224,210,210,103,128,128,135,148,148,198,163,187,433,361,385,145,134,30,22,246,232,309,354,354,146,79,90
101109,Raymond Felton,1610612757,POR,28.0,60,105.6,106.0,106.0,101.4,102.6,102.6,4.2,3.4,3.4,0.32,2.29,31.1,0.015,0.068,0.041,13.6,13.5,0.455,0.491,0.206,0.21,93.24,92.5,77.08,92.5,0.091,3681,4.4,10.7,72,78,78,217,271,271,114,130,130,25,58,26,395,426,427,355,355,308,312,144,147,267,326,326,208,113,92
2501,Reggie Evans,1610612746,LAC,32.0,56,96.0,97.3,97.3,107.7,106.6,106.6,-11.7,-9.3,-9.3,0.035,0.39,10.3,0.13,0.27,0.193,26.7,26.8,0.472,0.504,0.087,0.089,90.03,89.88,74.9,89.88,0.065,1442,0.6,1.3,370,336,336,419,396,396,415,392,392,433,435,311,7,4,2,476,476,246,267,470,470,449,460,460,349,449,462
202704,Reggie Jackson,1610612760,OKC,22.0,45,101.9,98.4,98.4,98.9,97.7,97.7,3.0,0.7,0.7,0.243,1.97,25.4,0.032,0.074,0.055,12.9,12.9,0.362,0.408,0.19,0.198,93.49,95.67,79.73,95.67,0.067,993,1.1,3.5,197,310,310,123,92,92,139,202,202,67,95,72,264,403,340,324,330,439,428,200,185,242,92,92,336,386,349
202130,Reggie Williams,1610612766,CHA,25.0,33,92.2,93.4,93.4,111.7,111.9,111.9,-19.4,-18.5,-18.5,0.154,1.82,16.5,0.036,0.096,0.064,9.1,9.0,0.48,0.503,0.191,0.195,91.09,90.46,75.38,90.46,0.084,1406,3.2,7.7,419,407,407,457,467,467,456,453,453,143,120,173,242,307,291,111,108,217,269,198,197,419,432,432,258,195,181
200764,Renaldo Balkman,1610612752,NYK,27.0,14,100.2,98.7,98.7,99.3,99.6,99.6,0.9,-0.8,-0.8,0.075,0.83,10.4,0.054,0.179,0.117,12.5,12.5,0.531,0.57,0.162,0.168,97.17,97.75,81.46,97.75,0.103,236,1.1,2.3,260,298,298,142,140,140,194,238,238,305,338,304,175,80,117,301,303,81,64,302,299,39,31,31,142,383,414
1888,Richard Hamilton,1610612741,CHI,34.0,28,106.3,107.9,107.9,98.5,100.0,100.0,7.8,7.9,7.9,0.19,1.71,18.5,0.03,0.065,0.048,10.8,10.7,0.479,0.5,0.236,0.242,93.12,91.71,76.43,91.71,0.081,1337,5.0,11.1,60,44,44,111,150,150,44,40,40,110,136,143,274,436,390,215,209,223,285,68,66,273,377,377,273,73,76
2210,Richard Jefferson,1610612744,GSW,32.0,63,101.9,102.7,102.7,103.3,102.8,102.8,-1.4,-0.1,-0.1,0.077,1.76,13.3,0.015,0.113,0.064,7.5,7.5,0.532,0.55,0.152,0.154,93.64,93.46,77.89,93.46,0.071,3393,3.2,7.7,195,176,176,304,280,280,239,216,216,297,128,239,387,248,294,45,44,79,116,335,343,228,249,249,320,194,180
201937,Ricky Rubio,1610612750,MIN,21.0,41,101.2,102.6,102.6,99.6,100.5,100.5,1.6,2.1,2.1,0.38,2.56,36.2,0.015,0.105,0.06,14.1,14.2,0.398,0.476,0.183,0.185,96.78,95.75,79.79,95.75,0.116,2796,3.4,9.5,228,181,181,152,172,172,184,165,165,9,36,9,396,278,314,369,368,408,347,228,237,48,86,86,86,182,124
201577,Robin Lopez,1610612756,PHX,24.0,64,100.1,100.6,100.6,103.7,103.6,103.6,-3.6,-2.9,-2.9,0.039,0.47,5.1,0.097,0.135,0.116,10.9,10.9,0.461,0.526,0.187,0.19,92.94,92.74,77.28,92.74,0.086,1722,1.9,4.2,261,245,245,323,310,310,298,286,286,425,422,439,62,189,122,223,225,292,189,210,218,293,311,311,247,295,317
201155,Rodney Stuckey,1610612765,DET,26.0,55,102.0,103.7,103.7,104.7,104.8,104.8,-2.7,-1.0,-1.0,0.219,1.98,20.1,0.024,0.068,0.046,10.1,10.1,0.456,0.55,0.233,0.238,90.94,90.18,75.15,90.18,0.108,3086,4.7,10.9,189,148,148,348,346,346,277,240,240,87,94,112,310,424,403,169,164,303,115,75,72,425,447,447,121,97,85
201958,Rodrigue Beaubois,1610612742,DAL,24.0,53,103.1,102.1,102.1,100.8,100.4,100.4,2.3,1.7,1.7,0.217,2.17,21.8,0.017,0.112,0.066,10.1,10.0,0.465,0.496,0.214,0.22,94.19,94.86,79.05,94.86,0.102,2273,3.5,8.4,150,200,200,193,169,169,160,180,180,89,65,96,363,253,287,164,162,274,294,118,111,185,150,150,149,174,155
2427,Roger Mason Jr.,1610612764,WAS,31.0,52,100.9,100.9,100.9,103.2,101.3,101.3,-2.4,-0.4,-0.4,0.114,1.47,13.6,0.01,0.091,0.049,9.3,9.2,0.514,0.53,0.192,0.199,92.15,93.0,77.5,93.0,0.087,1350,2.0,5.0,240,236,236,302,221,221,270,223,223,204,191,229,436,328,379,119,116,113,183,188,183,354,286,286,243,290,275
200758,Ronnie Brewer,1610612741,CHI,27.0,66,103.3,103.6,103.6,95.0,96.5,96.5,8.3,7.1,7.1,0.128,2.32,19.9,0.045,0.092,0.07,8.6,8.6,0.448,0.465,0.151,0.155,92.59,91.72,76.43,91.72,0.085,3111,2.9,6.7,144,152,152,38,64,64,40,56,56,179,57,119,208,319,267,88,89,331,362,338,340,321,376,376,253,218,210
101179,Ronnie Price,1610612756,PHX,29.0,36,97.2,95.5,95.5,99.8,99.0,99.0,-2.6,-3.5,-3.5,0.211,1.46,26.5,0.036,0.074,0.055,18.2,18.1,0.427,0.465,0.16,0.166,95.04,96.22,80.18,96.22,0.049,1033,1.4,3.6,345,378,378,162,126,126,275,294,294,92,195,62,241,400,334,434,433,370,364,308,301,136,67,67,403,356,342
101142,Ronny Turiaf,1610612748,MIA,29.0,17,97.0,97.0,97.0,96.5,97.0,97.0,0.5,0.0,0.0,0.059,0.71,14.7,0.074,0.197,0.134,20.6,21.0,0.576,0.597,0.095,0.096,92.88,92.64,77.2,92.64,0.084,538,1.1,1.9,354,346,346,69,79,79,202,214,214,357,363,205,121,50,72,452,452,24,30,463,466,297,319,319,256,391,429
201579,Roy Hibbert,1610612754,IND,25.0,65,105.6,106.7,106.7,100.2,101.4,101.4,5.4,5.3,5.3,0.093,0.84,10.7,0.114,0.183,0.15,12.7,12.7,0.497,0.539,0.209,0.212,93.5,92.42,77.02,92.42,0.122,3738,5.1,10.3,74,63,63,176,226,226,93,92,92,246,334,295,29,73,38,313,314,165,152,130,139,241,329,329,70,69,99
2767,Royal Ivey,1610612760,OKC,30.0,34,105.1,102.9,102.9,103.1,102.8,102.8,1.9,0.1,0.1,0.043,1.11,10.5,0.003,0.066,0.036,9.5,9.4,0.479,0.464,0.107,0.112,95.06,96.18,80.15,96.18,0.017,712,0.8,2.1,92,168,168,299,281,281,175,210,210,413,261,301,462,433,447,131,129,221,367,451,447,135,69,69,460,432,423
201164,Rudy Fernandez,1610612743,DEN,27.0,31,105.1,105.3,105.3,99.7,101.1,101.1,5.4,4.2,4.2,0.163,1.88,20.9,0.014,0.082,0.049,11.2,11.1,0.529,0.549,0.177,0.181,97.53,96.76,80.63,96.76,0.089,1431,3.2,7.3,87,98,98,159,205,205,96,111,111,133,106,101,402,364,381,234,232,82,117,251,254,27,53,53,228,197,195
200752,Rudy Gay,1610612763,MEM,25.0,65,102.2,103.6,103.6,100.2,101.3,101.3,2.0,2.3,2.3,0.108,0.91,9.9,0.054,0.126,0.089,10.8,10.8,0.48,0.521,0.248,0.251,93.24,92.17,76.81,92.17,0.119,4646,7.5,16.4,183,153,153,181,214,214,170,160,160,219,314,322,174,213,202,220,217,219,213,48,49,268,343,343,78,18,16
201566,Russell Westbrook,1610612760,OKC,23.0,66,107.8,109.2,109.2,99.9,101.5,101.5,7.9,7.6,7.6,0.284,1.51,17.6,0.044,0.082,0.064,11.6,11.7,0.481,0.538,0.318,0.32,96.8,95.43,79.53,95.43,0.145,4642,8.8,19.2,33,20,20,166,229,229,42,45,45,44,176,158,214,360,292,254,258,215,161,2,2,46,102,102,25,5,4
201583,Ryan Anderson,1610612753,ORL,24.0,61,107.4,108.3,108.3,101.5,101.9,101.9,5.9,6.4,6.4,0.047,0.95,5.7,0.114,0.133,0.123,6.1,6.0,0.548,0.589,0.203,0.208,91.87,91.3,76.08,91.3,0.123,3751,5.4,12.4,46,36,36,222,241,241,78,68,68,394,301,423,31,198,97,26,25,49,38,154,153,375,398,398,68,59,55
101155,Ryan Gomes,1610612746,LAC,29.0,32,96.4,96.8,96.8,105.0,103.5,103.5,-8.6,-6.7,-6.7,0.045,0.8,9.4,0.031,0.11,0.07,11.8,11.8,0.347,0.371,0.118,0.121,95.21,95.72,79.77,95.72,0.031,843,1.0,3.0,363,349,349,353,308,308,384,356,356,404,343,332,266,257,268,266,269,451,453,432,431,128,90,90,444,406,385
200797,Ryan Hollins,1610612738,BOS,27.0,39,93.6,94.1,94.1,95.8,95.2,95.2,-2.2,-1.1,-1.1,0.029,0.26,5.5,0.063,0.09,0.076,21.5,21.7,0.548,0.56,0.133,0.135,93.05,93.11,77.59,93.11,0.021,1014,1.2,2.2,407,400,400,52,42,42,263,244,244,447,452,434,151,331,234,459,459,51,82,398,399,278,275,275,456,381,422
202385,Ryan Reid,1610612760,OKC,25.0,5,110.6,97.1,97.1,95.5,93.8,93.8,15.0,3.3,3.3,0.0,0.0,0.0,0.0,0.0,0.0,16.7,16.7,0.8,0.8,0.146,0.163,88.21,95.07,79.22,95.07,0.137,34,0.8,1.0,15,343,343,49,27,27,11,131,131,466,462,466,463,460,459,420,421,1,1,356,310,473,134,134,33,429,469
201970,Sam Young,1610612755,PHI,27.0,35,87.2,86.5,86.5,96.1,95.5,95.5,-8.9,-9.0,-9.0,0.066,0.94,8.8,0.048,0.114,0.079,9.4,9.4,0.374,0.412,0.18,0.184,96.29,96.95,80.79,96.95,0.064,755,1.3,3.6,453,448,448,57,49,49,388,388,388,329,306,351,196,244,227,124,130,426,425,239,238,73,45,45,351,366,341
202396,Samardo Samuels,1610612739,CLE,23.0,54,92.0,92.0,92.0,97.9,98.4,98.4,-5.9,-6.3,-6.3,0.046,0.36,5.6,0.075,0.14,0.107,15.6,15.6,0.455,0.517,0.184,0.189,93.01,92.81,77.34,92.81,0.072,1594,1.9,4.3,420,423,423,97,111,111,334,352,352,398,439,433,119,179,152,401,401,310,224,221,221,284,307,307,315,292,311
2223,Samuel Dalembert,1610612745,HOU,32.0,65,103.6,104.0,104.0,101.0,102.2,102.2,2.6,1.7,1.7,0.036,0.4,5.9,0.114,0.214,0.164,14.5,14.7,0.506,0.551,0.164,0.166,93.42,92.67,77.23,92.67,0.112,2795,3.1,6.1,135,133,133,202,257,257,151,175,175,427,433,422,32,31,17,379,378,135,113,296,305,251,317,317,104,205,231
2562,Sasha Pavlovic,1610612738,BOS,28.0,45,92.0,89.8,89.8,91.1,90.6,90.6,0.9,-0.8,-0.8,0.058,0.9,10.7,0.008,0.129,0.071,11.8,11.8,0.457,0.456,0.137,0.143,90.2,91.51,76.26,91.51,0.056,1002,1.1,2.8,423,433,433,16,14,14,192,234,234,362,316,297,451,207,262,269,267,299,383,386,379,442,388,388,383,393,394
201157,Sean Williams,1610612738,BOS,25.0,11,103.4,100.5,100.5,90.5,91.0,91.0,12.9,9.4,9.4,0.074,0.5,11.6,0.123,0.113,0.118,23.3,23.4,0.636,0.722,0.155,0.161,95.22,96.34,80.29,96.34,0.103,218,1.3,2.0,140,248,248,14,17,17,13,26,26,309,407,272,19,245,115,466,466,5,2,324,317,127,62,62,144,368,425
2742,Sebastian Telfair,1610612756,PHX,27.0,60,99.0,98.4,98.4,106.2,105.4,105.4,-7.3,-7.0,-7.0,0.285,2.03,24.0,0.021,0.084,0.051,11.8,11.8,0.461,0.495,0.218,0.226,92.63,93.27,77.73,93.27,0.086,1726,2.4,5.7,293,312,312,381,366,366,360,361,361,43,79,80,334,352,366,270,266,293,298,103,100,317,265,265,245,254,248
201623,Semih Erden,1610612739,CLE,25.0,28,96.4,95.1,95.1,107.6,108.3,108.3,-11.2,-13.2,-13.2,0.049,0.56,7.6,0.059,0.168,0.111,13.4,13.7,0.527,0.538,0.145,0.147,93.65,93.96,78.3,93.96,0.052,654,1.4,2.6,364,389,389,416,428,428,410,428,428,388,395,380,165,104,140,352,358,84,162,361,365,227,211,211,394,350,401
201586,Serge Ibaka,1610612760,OKC,22.0,66,105.4,106.4,106.4,98.5,100.5,100.5,7.0,5.8,5.8,0.024,0.35,4.3,0.117,0.156,0.138,12.2,12.2,0.536,0.556,0.153,0.155,96.27,94.87,79.06,94.87,0.11,3541,4.0,7.4,76,69,69,109,176,176,55,80,80,455,443,449,24,133,64,286,287,64,94,329,338,77,148,148,113,135,189
2203,Shane Battier,1610612748,MIA,33.0,65,102.5,102.0,102.0,97.8,97.8,97.8,4.7,4.1,4.1,0.083,2.22,19.1,0.039,0.069,0.054,8.6,8.7,0.493,0.504,0.105,0.107,92.21,92.42,77.02,92.42,0.061,2891,1.7,4.5,176,204,204,93,101,101,109,116,116,275,63,138,229,421,345,90,91,184,265,453,453,348,330,330,368,318,295
200769,Shannon Brown,1610612756,PHX,26.0,59,102.3,102.4,102.4,104.3,105.1,105.1,-2.0,-2.8,-2.8,0.083,1.08,9.0,0.026,0.083,0.055,8.3,8.3,0.477,0.507,0.221,0.228,95.08,94.62,78.85,94.62,0.086,2760,4.3,10.1,181,190,190,335,358,358,259,284,284,272,271,343,290,354,339,76,76,233,258,97,97,134,162,162,249,120,108
2733,Shaun Livingston,1610612749,MIL,26.0,58,98.2,98.7,98.7,102.0,102.9,102.9,-3.7,-4.2,-4.2,0.174,1.85,24.8,0.034,0.077,0.055,13.4,13.4,0.472,0.52,0.149,0.152,95.58,94.95,79.13,94.95,0.076,2157,2.2,4.7,317,302,302,248,282,282,301,307,307,118,111,75,254,386,335,351,348,244,214,345,347,104,141,141,296,267,289
1890,Shawn Marion,1610612742,DAL,34.0,63,99.5,99.7,99.7,100.8,101.3,101.3,-1.3,-1.6,-1.6,0.115,1.35,14.4,0.075,0.169,0.122,10.7,10.7,0.461,0.488,0.185,0.188,93.54,93.27,77.73,93.27,0.111,3719,4.6,10.3,280,278,278,194,212,212,238,257,257,200,214,212,118,101,100,207,210,290,322,217,223,236,266,266,107,99,100
200761,Shawne Williams,1610612751,NJN,26.0,25,99.5,100.0,100.0,109.6,107.4,107.4,-10.1,-7.4,-7.4,0.053,1.23,8.9,0.036,0.106,0.068,7.2,7.2,0.357,0.372,0.14,0.144,92.46,93.16,77.64,93.16,0.023,1000,1.7,5.9,279,263,263,450,411,411,404,368,368,376,240,347,237,276,280,38,38,443,451,378,374,331,273,273,453,323,240
200749,Shelden Williams,1610612751,NJN,28.0,58,98.9,99.2,99.2,108.4,108.4,108.4,-9.4,-9.2,-9.2,0.044,0.53,10.0,0.111,0.174,0.141,18.9,19.0,0.478,0.543,0.112,0.114,91.16,91.02,75.85,91.02,0.072,2413,1.7,3.5,295,286,286,436,432,432,396,390,390,405,403,317,36,95,56,442,442,230,137,441,442,416,407,407,314,325,351
202714,Shelvin Mack,1610612764,WAS,22.0,64,96.9,96.0,96.0,99.2,96.8,96.8,-2.2,-0.8,-0.8,0.271,2.73,30.7,0.015,0.104,0.059,11.2,11.3,0.427,0.468,0.171,0.176,91.28,92.83,77.36,92.83,0.101,1500,1.4,3.4,355,369,369,136,71,71,264,237,237,53,26,27,383,281,317,237,239,369,356,269,268,410,303,303,152,353,353
202374,Solomon Alabi,1610612761,TOR,24.0,14,97.1,97.0,97.0,95.4,94.2,94.2,1.7,2.9,2.9,0.041,0.6,6.3,0.128,0.222,0.18,10.4,10.5,0.361,0.418,0.168,0.169,93.25,93.91,78.25,93.91,0.113,237,0.9,2.6,347,344,344,47,31,31,182,142,142,418,386,416,9,19,6,188,199,440,421,283,294,265,218,218,95,414,403
200780,Solomon Jones,1610612740,NOH,27.0,21,89.6,91.4,91.4,112.0,110.0,110.0,-22.5,-18.6,-18.6,0.056,0.5,9.1,0.101,0.098,0.1,18.2,18.3,0.393,0.471,0.137,0.138,91.94,91.87,76.56,91.87,0.036,557,1.1,2.9,442,429,429,463,454,454,463,454,454,367,407,338,54,298,171,434,437,412,352,387,388,368,365,365,437,383,391
201150,Spencer Hawes,1610612755,PHI,24.0,37,102.1,102.2,102.2,98.4,98.3,98.3,3.8,3.9,3.9,0.169,1.78,19.7,0.085,0.21,0.148,11.1,11.1,0.494,0.517,0.196,0.199,93.47,93.46,77.89,93.46,0.123,1790,4.2,8.6,187,196,196,108,110,110,124,121,121,126,124,124,91,34,40,230,230,178,223,178,184,245,250,250,66,123,153
201939,Stephen Curry,1610612744,GSW,24.0,26,107.6,107.5,107.5,102.2,102.1,102.1,5.4,5.4,5.4,0.295,2.12,26.7,0.021,0.099,0.061,12.6,12.5,0.583,0.605,0.23,0.235,96.11,96.22,80.18,96.22,0.134,1467,5.6,11.4,39,48,48,255,251,251,91,91,91,40,70,58,333,295,311,307,301,19,24,80,79,81,68,68,43,52,70
1536,Stephen Jackson,1610612759,SAS,34.0,47,103.3,103.8,103.8,101.3,102.0,102.0,2.0,1.7,1.7,0.151,1.15,16.9,0.018,0.118,0.068,14.8,14.8,0.432,0.485,0.213,0.215,95.81,95.26,79.39,95.26,0.074,2400,3.4,9.0,143,146,146,213,245,245,173,177,177,146,258,167,354,230,277,385,384,362,325,123,130,92,116,116,309,184,134
2581,Steve Blake,1610612747,LAL,32.0,53,101.7,101.3,101.3,101.6,101.8,101.8,0.2,-0.5,-0.5,0.216,2.43,33.2,0.008,0.06,0.034,13.7,13.7,0.476,0.493,0.128,0.131,92.77,92.9,77.41,92.9,0.062,2397,1.9,5.1,202,227,227,227,235,235,212,226,226,90,44,19,456,444,449,360,356,238,303,411,409,304,293,293,361,298,271
959,Steve Nash,1610612756,PHX,38.0,62,106.5,108.1,108.1,102.6,103.8,103.8,3.8,4.3,4.3,0.491,2.9,44.2,0.014,0.078,0.048,15.2,15.2,0.581,0.625,0.19,0.194,96.56,95.29,79.4,95.29,0.148,3898,4.8,9.0,55,40,40,278,319,319,122,110,110,2,21,2,400,384,391,395,394,21,14,199,200,60,112,112,18,91,137
200779,Steve Novak,1610612752,NYK,29.0,54,105.1,105.8,105.8,98.7,98.3,98.3,6.4,7.6,7.6,0.02,0.57,3.2,0.009,0.097,0.052,5.6,5.5,0.675,0.684,0.159,0.163,94.8,94.67,78.89,94.67,0.112,2025,3.0,6.2,88,84,84,115,107,107,67,46,46,458,393,462,446,305,358,21,21,3,4,313,309,154,158,158,101,211,224
202178,Sundiata Gaines,1610612751,NJN,26.0,57,98.2,96.6,96.6,105.7,103.4,103.4,-7.5,-6.9,-6.9,0.278,2.42,25.7,0.033,0.108,0.069,10.6,10.6,0.428,0.465,0.204,0.212,92.52,94.27,78.56,94.27,0.1,1549,1.8,4.8,320,353,353,372,305,305,364,360,360,49,48,67,257,264,273,204,202,368,365,153,137,325,184,184,166,310,286
2551,T.J. Ford,1610612759,SAS,29.0,14,105.3,103.4,103.4,98.0,96.1,96.1,7.3,7.3,7.3,0.349,1.96,38.5,0.017,0.079,0.05,19.7,19.6,0.465,0.519,0.166,0.173,94.75,96.6,80.5,96.6,0.078,383,1.4,3.1,80,158,158,98,54,54,51,53,53,19,99,7,361,381,375,446,444,275,221,291,279,156,59,59,289,357,378
201959,Taj Gibson,1610612741,CHI,27.0,63,103.7,102.9,102.9,88.4,89.4,89.4,15.2,13.5,13.5,0.065,0.78,8.2,0.101,0.141,0.122,10.5,10.5,0.495,0.522,0.182,0.186,90.92,90.79,75.66,90.79,0.119,2414,3.2,6.4,133,172,172,8,10,10,10,10,10,333,348,368,52,175,101,193,198,173,210,232,230,426,416,416,79,198,215
2419,Tayshaun Prince,1610612765,DET,32.0,63,99.1,100.8,100.8,106.4,107.0,107.0,-7.3,-6.2,-6.2,0.127,2.07,14.2,0.035,0.109,0.071,6.9,6.9,0.444,0.47,0.202,0.204,91.64,90.58,75.48,90.58,0.089,3941,5.3,12.7,289,239,239,384,400,400,362,348,348,181,76,217,245,260,260,33,34,342,353,156,167,390,429,429,231,62,51
202227,Terrel Harris,1610612748,MIA,24.0,22,91.9,92.6,92.6,100.2,101.0,101.0,-8.3,-8.3,-8.3,0.138,1.04,18.1,0.059,0.114,0.086,17.4,17.5,0.398,0.434,0.168,0.17,93.25,92.54,77.12,92.54,0.042,610,1.3,3.8,425,416,416,178,198,198,381,380,380,159,277,153,166,241,207,427,427,409,407,284,290,266,325,325,424,363,334
201944,Terrence Williams,1610612758,SAC,25.0,30,98.9,98.4,98.4,107.0,109.7,109.7,-8.1,-11.2,-11.2,0.206,1.51,19.9,0.023,0.157,0.09,13.2,13.2,0.47,0.488,0.211,0.216,95.85,94.87,79.06,94.87,0.103,1088,2.8,6.6,296,309,309,397,450,450,376,413,413,98,177,120,321,130,198,343,341,254,319,128,128,91,147,147,140,220,213
200757,Thabo Sefolosha,1610612760,OKC,28.0,42,101.5,101.9,101.9,93.6,94.6,94.6,7.9,7.3,7.3,0.073,1.18,18.0,0.025,0.106,0.069,15.3,15.3,0.532,0.584,0.103,0.105,97.86,97.14,80.95,97.14,0.069,1850,1.6,3.7,213,208,208,27,38,38,41,54,54,310,252,154,301,275,269,396,397,75,44,454,456,19,41,41,327,328,340
201152,Thaddeus Young,1610612755,PHI,24.0,63,105.7,105.6,105.6,97.3,97.4,97.4,8.4,8.2,8.2,0.07,1.35,8.4,0.08,0.107,0.094,6.2,6.3,0.507,0.538,0.212,0.217,91.83,91.84,76.54,91.84,0.116,3357,5.5,10.9,69,89,89,86,86,86,39,36,36,317,215,360,106,270,190,29,29,131,158,125,124,378,369,369,84,55,81
201168,Tiago Splitter,1610612759,SAS,27.0,59,111.2,111.4,111.4,101.0,101.0,101.0,10.2,10.4,10.4,0.094,0.75,11.3,0.092,0.19,0.144,15.2,15.1,0.618,0.649,0.207,0.21,94.62,94.52,78.76,94.52,0.13,2193,3.6,5.8,12,16,16,203,200,200,25,17,17,242,358,277,72,66,52,393,393,8,7,142,145,163,172,172,47,168,242
1495,Tim Duncan,1610612759,SAS,36.0,58,106.2,107.1,107.1,97.6,97.9,97.9,8.6,9.2,9.2,0.137,1.36,12.3,0.069,0.247,0.16,9.1,9.1,0.492,0.531,0.26,0.263,94.12,93.56,77.97,93.56,0.163,3192,6.2,12.6,61,55,55,89,104,104,35,28,28,163,211,258,136,7,24,110,110,186,178,31,35,189,242,242,10,42,53
202389,Timofey Mozgov,1610612743,DEN,25.0,44,104.3,104.2,104.2,108.4,108.6,108.6,-4.1,-4.4,-4.4,0.049,0.42,7.6,0.082,0.186,0.135,18.2,18.3,0.526,0.556,0.17,0.173,97.18,97.14,80.95,97.14,0.077,1390,2.3,4.3,113,128,128,435,437,437,312,311,311,389,431,381,103,68,70,436,436,85,98,277,278,38,42,42,290,262,310
202699,Tobias Harris,1610612749,MIL,19.0,42,99.1,100.0,100.0,99.8,99.3,99.3,-0.6,0.7,0.7,0.075,0.71,8.9,0.06,0.147,0.103,12.6,12.6,0.485,0.54,0.2,0.204,96.26,96.1,80.08,96.1,0.097,958,1.9,4.0,286,263,263,161,131,131,226,200,200,304,367,346,162,160,163,308,309,207,149,167,166,78,74,74,176,300,325
201962,Toney Douglas,1610612752,NYK,26.0,38,97.5,97.9,97.9,97.8,98.7,98.7,-0.3,-0.8,-0.8,0.205,1.38,17.8,0.023,0.088,0.054,13.0,12.9,0.371,0.393,0.239,0.245,95.32,94.72,78.94,94.72,0.049,1294,2.5,7.6,338,324,324,96,116,116,220,235,235,99,206,155,322,338,346,329,326,430,441,63,59,120,156,156,404,244,184
2754,Tony Allen,1610612763,MEM,30.0,58,102.8,102.8,102.8,96.0,96.9,96.9,6.9,5.9,5.9,0.083,0.84,11.3,0.067,0.093,0.08,13.5,13.5,0.478,0.541,0.181,0.185,93.26,92.81,77.34,92.81,0.093,2944,3.6,7.7,167,173,173,55,74,74,58,77,77,276,336,278,142,314,225,353,353,228,145,236,236,263,306,306,197,164,182
1499,Tony Battie,1610612755,PHI,36.0,27,97.1,96.6,96.6,90.6,89.2,89.2,6.5,7.4,7.4,0.08,4.0,21.9,0.027,0.202,0.114,5.5,5.5,0.373,0.398,0.09,0.092,90.54,91.5,76.25,91.5,0.072,561,0.7,1.9,351,352,352,15,9,9,66,48,48,287,4,95,287,45,129,20,20,427,436,468,468,438,389,389,316,442,430
2225,Tony Parker,1610612759,SAS,30.0,60,108.1,109.1,109.1,97.6,98.4,98.4,10.5,10.7,10.7,0.404,3.03,28.4,0.012,0.076,0.045,9.4,9.4,0.488,0.539,0.275,0.278,94.48,93.65,78.04,93.65,0.153,3761,7.1,14.8,28,22,22,88,114,114,22,14,14,6,16,44,418,393,409,127,126,201,150,20,22,171,234,234,13,20,27
1503,Tracy McGrady,1610612737,ATL,33.0,52,99.6,99.8,99.8,93.8,94.4,94.4,5.8,5.4,5.4,0.221,2.08,25.4,0.029,0.154,0.094,12.2,12.3,0.47,0.51,0.179,0.182,92.12,91.77,76.47,91.77,0.122,1599,1.9,4.4,274,274,274,30,34,34,83,89,89,86,74,70,278,137,191,289,293,254,248,241,248,357,374,374,75,294,300
202727,Travis Leslie,1610612746,LAC,22.0,10,82.4,78.7,78.7,111.7,104.3,104.3,-29.3,-25.6,-25.6,0.227,2.5,20.0,0.115,0.0,0.0,8.0,8.0,0.357,0.39,0.183,0.194,93.6,99.11,82.59,99.11,0.068,94,0.5,1.4,467,470,470,458,334,334,470,466,466,78,41,115,27,460,459,62,63,443,443,226,198,230,14,14,330,461,455
2566,Travis Outlaw,1610612758,SAC,27.0,39,104.9,105.2,105.2,109.1,109.9,109.9,-4.2,-4.8,-4.8,0.047,0.8,6.9,0.035,0.085,0.059,8.6,8.6,0.389,0.428,0.184,0.187,97.21,96.76,80.63,96.76,0.044,1008,1.5,4.5,96,103,103,444,452,452,313,320,320,393,343,402,247,350,323,89,90,420,411,220,226,36,54,54,420,335,296
2772,Trevor Ariza,1610612740,NOH,27.0,41,98.0,99.0,99.0,104.5,106.1,106.1,-6.4,-7.1,-7.1,0.164,1.78,20.5,0.032,0.137,0.085,11.5,11.5,0.453,0.496,0.181,0.184,91.12,89.97,74.97,89.97,0.101,2534,4.1,9.8,326,289,289,341,378,378,347,363,363,131,126,110,259,187,213,248,250,317,296,233,241,417,458,458,151,129,117
202344,Trevor Booker,1610612764,WAS,24.0,50,99.8,101.5,101.5,105.9,106.2,106.2,-6.0,-4.7,-4.7,0.051,0.69,8.4,0.094,0.162,0.128,12.1,12.1,0.532,0.549,0.155,0.157,94.63,93.68,78.07,93.68,0.097,2454,3.6,6.8,266,218,218,375,385,385,338,318,318,382,369,364,67,115,83,285,285,75,125,323,331,162,232,232,177,165,209
201234,Trey Johnson,1610612740,NOH,27.0,11,88.2,86.9,86.9,94.9,92.4,92.4,-6.7,-5.6,-5.6,0.121,0.8,16.0,0.048,0.15,0.098,20.0,19.8,0.571,0.648,0.146,0.155,92.32,94.27,78.56,94.27,0.091,122,0.7,1.3,450,446,446,37,23,23,353,337,337,187,343,178,198,143,177,447,447,27,8,358,341,342,183,183,209,439,464
202717,Trey Thompkins,1610612746,LAC,22.0,24,89.7,87.9,87.9,117.9,112.8,112.8,-28.3,-24.9,-24.9,0.05,0.5,4.1,0.032,0.192,0.105,8.2,8.2,0.426,0.445,0.25,0.261,95.64,98.8,82.34,98.8,0.082,247,1.0,2.5,441,441,441,473,470,470,469,465,465,384,407,455,263,60,158,72,71,371,397,43,36,102,18,18,265,400,405
202684,Tristan Thompson,1610612739,CLE,21.0,60,96.2,97.3,97.3,107.8,108.5,108.5,-11.6,-11.2,-11.2,0.035,0.33,4.2,0.124,0.146,0.134,12.7,12.8,0.439,0.469,0.189,0.192,92.86,92.06,76.71,92.06,0.074,2728,3.2,7.4,368,334,334,425,434,434,414,412,412,432,445,452,16,163,71,315,319,349,354,203,209,299,350,350,306,193,190
2211,Troy Murphy,1610612747,LAL,32.0,59,103.2,102.8,102.8,103.0,102.0,102.0,0.2,0.8,0.8,0.081,1.96,20.2,0.045,0.156,0.103,10.3,10.3,0.532,0.537,0.098,0.1,91.04,91.62,76.35,91.62,0.067,1824,1.3,2.9,148,174,174,296,244,244,213,199,199,284,97,111,209,132,164,183,186,77,164,462,462,421,383,383,337,364,392
201951,Ty Lawson,1610612743,DEN,24.0,61,105.6,107.2,107.2,103.4,104.0,104.0,2.2,3.2,3.2,0.303,2.69,28.4,0.026,0.083,0.054,10.5,10.6,0.535,0.579,0.208,0.21,97.04,95.98,79.98,95.98,0.134,4248,6.1,12.6,73,54,54,310,326,326,166,136,136,36,27,45,294,357,344,202,200,65,49,131,146,41,78,78,41,44,54
201946,Tyler Hansbrough,1610612754,IND,26.0,66,100.3,101.1,101.1,101.8,101.4,101.4,-1.5,-0.4,-0.4,0.038,0.46,4.3,0.076,0.127,0.101,9.3,9.3,0.405,0.511,0.208,0.212,92.2,92.06,76.72,92.06,0.093,2758,2.9,7.3,258,233,233,235,225,225,243,222,222,426,425,450,114,211,167,122,122,398,247,135,138,350,349,349,201,212,196
202715,Tyler Honeycutt,1610612758,SAC,21.0,15,102.9,104.8,104.8,108.8,106.2,106.2,-5.9,-1.4,-1.4,0.106,3.5,20.0,0.031,0.126,0.076,5.7,5.7,0.354,0.382,0.133,0.135,103.59,103.89,86.57,103.89,0.064,188,0.5,1.6,161,110,110,440,383,383,331,248,248,223,7,115,270,212,237,22,22,448,446,399,400,2,3,3,352,459,443
201936,Tyreke Evans,1610612758,SAC,22.0,63,101.3,102.6,102.6,107.9,109.4,109.4,-6.7,-6.8,-6.8,0.219,1.65,19.3,0.028,0.107,0.066,11.7,11.7,0.464,0.512,0.235,0.238,97.41,96.16,80.13,96.16,0.107,4334,6.5,14.3,225,182,182,429,448,448,352,358,358,88,151,134,285,267,288,257,256,279,241,70,73,32,70,70,125,38,32
200748,Tyrus Thomas,1610612766,CHA,25.0,54,93.9,95.1,95.1,109.6,109.6,109.6,-15.7,-14.6,-14.6,0.059,0.66,7.7,0.048,0.158,0.101,11.7,11.7,0.369,0.418,0.189,0.19,93.61,92.97,77.47,92.97,0.048,1956,2.2,6.1,405,390,390,449,449,449,445,437,437,355,375,375,201,124,166,258,261,432,420,204,215,229,287,287,410,265,233
2199,Tyson Chandler,1610612752,NYK,29.0,62,100.5,102.4,102.4,98.2,99.2,99.2,2.4,3.2,3.2,0.044,0.55,8.5,0.105,0.196,0.151,15.6,15.7,0.679,0.708,0.129,0.129,95.66,94.24,78.53,94.24,0.136,4043,3.9,5.7,246,185,185,102,130,130,158,133,133,408,400,356,44,51,37,402,403,2,3,407,414,100,186,186,36,143,245
2617,Udonis Haslem,1610612748,MIA,32.0,64,100.5,100.7,100.7,96.1,96.9,96.9,4.4,3.8,3.8,0.043,0.7,8.3,0.078,0.22,0.151,11.9,11.9,0.423,0.479,0.133,0.136,92.79,92.31,76.93,92.31,0.101,3040,2.4,5.6,250,243,243,59,73,73,112,124,124,412,368,365,110,20,36,273,275,376,340,400,398,303,339,339,153,253,252
202731,Vernon Macklin,1610612765,DET,25.0,23,101.7,101.8,101.8,103.9,98.6,98.6,-2.2,3.2,3.2,0.057,1.67,10.0,0.097,0.147,0.121,6.0,6.1,0.543,0.559,0.142,0.143,97.21,99.75,83.13,99.75,0.105,278,0.8,1.5,205,211,211,325,115,115,262,135,135,363,147,317,61,158,104,25,27,58,84,369,378,37,9,9,130,425,447
1713,Vince Carter,1610612742,DAL,35.0,61,104.5,104.0,104.0,97.6,96.9,96.9,6.8,7.0,7.0,0.143,1.65,17.0,0.021,0.111,0.067,10.3,10.3,0.48,0.519,0.2,0.205,93.44,94.01,78.34,94.01,0.087,3024,3.7,8.9,107,135,135,90,75,75,59,61,61,154,152,164,331,254,284,179,183,220,220,166,164,249,207,207,242,161,140
2209,Vladimir Radmanovic,1610612737,ATL,31.0,49,99.3,98.7,98.7,96.5,96.1,96.1,2.9,2.6,2.6,0.115,1.54,18.1,0.046,0.145,0.095,11.7,11.7,0.503,0.524,0.146,0.151,93.29,93.74,78.11,93.74,0.085,1472,1.5,4.0,283,300,300,67,55,55,142,152,152,199,174,151,207,165,184,260,260,149,201,355,356,260,226,226,255,339,326
101144,Von Wafer,1610612753,ORL,26.0,33,98.0,96.6,96.6,103.5,102.1,102.1,-5.5,-5.5,-5.5,0.122,0.83,11.9,0.013,0.09,0.051,14.4,14.3,0.497,0.537,0.214,0.221,90.09,91.35,76.12,91.35,0.078,893,2.2,4.8,327,351,351,316,252,252,326,336,336,185,341,264,404,329,359,378,375,167,168,119,108,446,397,397,288,270,284
201041,Walker Russell,1610612765,DET,29.0,28,93.6,93.3,93.3,104.0,103.0,103.0,-10.5,-9.8,-9.8,0.271,1.76,29.9,0.02,0.056,0.038,17.0,16.9,0.368,0.401,0.169,0.175,92.97,93.58,77.98,93.58,0.048,697,1.2,3.4,408,409,409,330,290,290,406,395,395,54,129,31,343,451,441,423,423,433,433,281,271,290,239,239,408,382,356
201961,Wayne Ellington,1610612750,MIN,24.0,51,102.0,101.3,101.3,102.7,102.7,102.7,-0.7,-1.5,-1.5,0.057,1.27,8.7,0.014,0.086,0.05,6.9,6.9,0.462,0.487,0.156,0.161,94.99,95.28,79.4,95.28,0.064,1934,2.4,5.9,191,226,226,282,277,277,227,250,250,365,233,352,398,343,371,34,33,287,323,317,319,140,114,114,354,250,237
202325,Wesley Johnson,1610612750,MIN,24.0,65,99.9,100.8,100.8,104.9,106.1,106.1,-5.0,-5.4,-5.4,0.062,0.98,11.1,0.016,0.103,0.059,11.3,11.3,0.465,0.477,0.141,0.143,95.91,94.92,79.1,94.92,0.049,2906,2.4,6.1,265,240,240,351,379,379,322,333,333,343,297,283,379,285,316,242,240,278,346,375,377,88,144,144,405,247,229
202083,Wesley Matthews,1610612757,POR,25.0,66,103.6,104.5,104.5,102.7,103.2,103.2,0.9,1.3,1.3,0.083,1.55,11.1,0.025,0.08,0.052,7.1,7.1,0.496,0.539,0.185,0.188,93.48,92.88,77.4,92.88,0.084,4314,4.8,11.6,134,120,120,284,295,295,193,189,189,279,173,286,299,374,354,36,36,170,153,218,225,243,300,300,261,92,67
101198,Will Bynum,1610612765,DET,29.0,36,95.3,97.2,97.2,99.6,99.3,99.3,-4.3,-2.1,-2.1,0.241,1.22,19.4,0.019,0.094,0.054,15.8,15.8,0.399,0.459,0.24,0.244,94.23,93.43,77.86,93.43,0.063,992,2.1,5.4,385,340,340,151,133,133,315,269,269,69,241,132,353,309,343,410,407,407,376,60,63,184,254,254,355,282,258
2584,Willie Green,1610612737,ATL,30.0,53,99.1,98.1,98.1,102.4,102.5,102.5,-3.3,-4.4,-4.4,0.083,1.21,9.5,0.017,0.073,0.045,7.8,7.8,0.548,0.578,0.191,0.197,92.21,92.64,77.2,92.64,0.088,1782,2.9,6.1,287,320,320,269,266,266,294,312,312,277,243,331,372,407,411,54,54,50,54,196,191,349,318,318,237,217,228
201163,Wilson Chandler,1610612743,DEN,25.0,8,108.8,109.0,109.0,112.6,113.1,113.1,-3.8,-4.1,-4.1,0.113,0.94,14.3,0.031,0.161,0.1,15.1,15.1,0.411,0.445,0.207,0.211,97.49,97.19,80.99,97.19,0.061,434,3.9,9.9,24,26,26,466,472,472,305,304,304,206,302,215,268,118,170,392,392,391,396,136,141,29,40,40,365,144,116
202333,Xavier Henry,1610612740,NOH,21.0,45,98.1,98.7,98.7,101.3,100.5,100.5,-3.2,-1.8,-1.8,0.081,1.0,10.4,0.034,0.11,0.073,10.4,10.4,0.41,0.45,0.184,0.188,89.54,89.61,74.67,89.61,0.061,1413,2.0,5.1,323,299,299,210,175,175,288,259,259,282,283,304,255,259,249,188,191,394,392,223,224,459,462,462,366,288,269
202918,Xavier Silas,1610612755,PHI,24.0,2,80.8,83.8,83.8,101.5,101.3,101.3,-20.7,-17.5,-17.5,0.158,1.0,13.6,0.0,0.0,0.0,13.6,13.4,0.3,0.337,0.207,0.215,93.99,92.4,77.0,92.4,-0.024,74,2.0,7.5,470,457,457,225,220,220,460,452,452,138,283,228,463,460,459,357,352,464,464,141,129,206,333,333,471,288,187
201146,Yi Jianlian,1610612742,DAL,24.0,30,89.4,85.0,85.0,102.6,99.8,99.8,-13.2,-14.7,-14.7,0.047,0.36,4.5,0.055,0.173,0.113,12.6,12.7,0.396,0.433,0.216,0.228,98.38,102.32,85.27,102.32,0.065,434,1.0,2.7,444,454,454,277,145,145,428,440,440,392,439,447,173,96,134,309,315,410,409,108,89,11,4,4,347,399,397
2216,Zach Randolph,1610612763,MEM,30.0,28,106.4,108.1,108.1,99.0,99.5,99.5,7.4,8.6,8.6,0.108,1.2,11.7,0.108,0.215,0.16,9.7,9.7,0.467,0.5,0.219,0.221,93.01,92.05,76.71,92.05,0.13,1406,4.7,10.2,56,39,39,129,136,136,50,33,33,220,247,271,40,27,25,147,149,271,281,101,107,281,351,351,50,94,105
2585,Zaza Pachulia,1610612737,ATL,28.0,58,101.8,102.9,102.9,99.3,100.0,100.0,2.5,2.9,2.9,0.074,0.98,13.9,0.098,0.193,0.146,14.2,14.2,0.499,0.557,0.139,0.141,91.54,90.73,75.61,90.73,0.097,3097,2.9,5.8,200,169,169,145,156,156,155,141,141,306,298,222,58,57,45,372,373,161,93,379,383,399,419,419,174,215,241
