PLAYER_ID,PLAYER_NAME,TEAM_ID,TEAM_ABBREVIATION,AGE,GP,E_OFF_RATING,OFF_RATING,sp_work_OFF_RATING,E_DEF_RATING,DEF_RATING,sp_work_DEF_RATING,E_NET_RATING,NET_RATING,sp_work_NET_RATING,AST_PCT,AST_TO,AST_RATIO,OREB_PCT,DREB_PCT,REB_PCT,TM_TOV_PCT,E_TOV_PCT,EFG_PCT,TS_PCT,USG_PCT,E_USG_PCT,E_PACE,PACE,PACE_PER40,sp_work_PACE,PIE,POSS,FGM_PG,FGA_PG,E_OFF_RATING_RANK,OFF_RATING_RANK,sp_work_OFF_RATING_RANK,E_DEF_RATING_RANK,DEF_RATING_RANK,sp_work_DEF_RATING_RANK,E_NET_RATING_RANK,NET_RATING_RANK,sp_work_NET_RATING_RANK,AST_PCT_RANK,AST_TO_RANK,AST_RATIO_RANK,OREB_PCT_RANK,DREB_PCT_RANK,REB_PCT_RANK,TM_TOV_PCT_RANK,E_TOV_PCT_RANK,EFG_PCT_RANK,TS_PCT_RANK,USG_PCT_RANK,E_USG_PCT_RANK,E_PACE_RANK,PACE_RANK,sp_work_PACE_RANK,PIE_RANK,FGM_PG_RANK,FGA_PG_RANK
203932,Aaron Gordon,1610612743,DEN,25.0,50,111.8,112.5,112.5,110.4,110.4,110.4,1.4,2.1,2.1,0.165,1.66,19.6,0.055,0.15,0.102,11.8,11.8,0.522,0.547,0.204,0.207,99.83,99.48,82.9,99.48,0.095,2868,4.6,10.0,139,133,133,307,291,291,179,170,170,147,269,158,139,199,172,402,397,275,304,152,156,406,421,421,212,134,127
1628988,Aaron Holiday,1610612754,IND,24.0,66,110.2,110.1,110.1,109.9,110.3,110.3,0.2,-0.2,-0.2,0.139,1.86,18.5,0.012,0.06,0.036,9.9,10.0,0.467,0.503,0.189,0.193,104.48,104.34,86.95,104.34,0.057,2560,2.6,6.6,189,203,203,281,287,287,228,238,238,198,226,185,470,525,526,288,294,434,423,203,209,72,87,87,450,287,243
1630174,Aaron Nesmith,1610612738,BOS,21.0,46,108.9,108.6,108.6,108.6,109.1,109.1,0.3,-0.5,-0.5,0.047,1.0,9.7,0.041,0.146,0.093,9.7,9.7,0.551,0.573,0.133,0.138,101.2,101.13,84.28,101.13,0.06,1409,1.7,3.9,229,255,255,198,228,228,226,255,255,496,424,458,204,209,210,274,278,184,214,444,442,295,290,290,440,386,382
1627846,Abdel Nader,1610612756,PHX,27.0,24,106.6,106.7,106.7,103.2,101.7,101.7,3.4,5.0,5.0,0.078,1.0,11.2,0.02,0.151,0.088,11.2,11.2,0.569,0.605,0.183,0.189,102.3,102.96,85.8,102.96,0.092,757,2.4,4.8,318,315,315,52,48,48,132,95,95,390,424,414,362,194,231,363,363,129,113,228,231,199,152,152,231,310,323
1629690,Adam Mokoka,1610612741,CHI,22.0,14,85.1,83.2,83.2,93.4,90.3,90.3,-8.3,-7.1,-7.1,0.179,1.0,17.2,0.017,0.077,0.045,17.2,17.0,0.395,0.386,0.171,0.186,103.47,106.38,88.65,106.38,0.025,125,0.5,1.4,530,528,528,17,13,13,440,423,423,130,424,221,406,486,496,515,514,501,510,274,238,115,36,36,515,508,510
201143,Al Horford,1610612738,BOS,35.0,28,102.0,102.2,102.2,108.2,109.1,109.1,-6.1,-6.9,-6.9,0.206,3.24,19.2,0.034,0.195,0.114,5.9,5.9,0.528,0.538,0.221,0.227,100.81,100.3,83.58,100.3,0.131,1639,5.8,12.9,432,429,429,171,229,229,397,419,419,100,35,166,240,76,121,51,52,258,341,110,111,325,350,350,58,80,77
202329,Al-Farouq Aminu,1610612741,CHI,30.0,23,103.1,102.8,102.8,110.2,109.0,109.0,-7.1,-6.2,-6.2,0.101,1.11,18.8,0.05,0.2,0.125,17.0,16.7,0.424,0.469,0.138,0.142,97.33,98.01,81.68,98.01,0.075,887,1.7,4.3,413,415,415,300,223,223,421,399,399,285,399,175,161,68,93,513,512,479,473,425,426,525,505,505,353,390,358
202692,Alec Burks,1610612752,NYK,29.0,49,108.9,109.6,109.6,104.0,104.6,104.6,4.9,5.0,5.0,0.135,2.18,15.2,0.016,0.156,0.087,6.9,6.9,0.522,0.564,0.208,0.214,97.83,97.22,81.02,97.22,0.115,2540,4.3,10.2,232,221,221,61,80,80,96,96,96,206,142,294,417,171,236,90,91,276,241,144,149,513,533,533,110,149,120
1630197,Aleksej Pokusevski,1610612760,OKC,19.0,45,98.2,98.1,98.1,114.5,114.9,114.9,-16.3,-16.7,-16.7,0.133,0.98,15.5,0.025,0.155,0.09,15.9,15.9,0.412,0.43,0.197,0.201,104.57,104.44,87.03,104.44,0.058,2373,3.1,9.1,483,481,481,477,482,482,502,507,507,215,443,282,313,178,225,505,503,490,496,170,178,68,83,83,447,242,155
1629346,Alen Smailagic,1610612744,GSW,20.0,15,95.7,95.2,95.2,112.4,112.8,112.8,-16.7,-17.6,-17.6,0.078,0.8,10.3,0.065,0.111,0.087,12.8,12.9,0.481,0.472,0.165,0.171,107.28,107.33,89.44,107.33,0.043,188,0.7,1.8,507,501,501,401,413,413,507,512,512,388,469,441,108,333,232,448,451,406,469,305,299,20,25,25,497,488,490
1627936,Alex Caruso,1610612747,LAL,27.0,58,106.7,107.2,107.2,101.9,101.7,101.7,4.8,5.5,5.5,0.19,2.11,27.9,0.025,0.114,0.069,13.2,13.2,0.526,0.547,0.144,0.147,100.46,100.29,83.58,100.29,0.084,2532,2.3,5.3,315,300,300,39,49,49,98,86,86,118,162,42,316,318,328,460,458,263,313,403,407,358,351,351,285,321,308
203458,Alex Len,1610612764,WAS,28.0,64,106.2,106.9,106.9,110.2,111.0,111.0,-3.9,-4.0,-4.0,0.069,0.89,11.3,0.077,0.174,0.126,12.6,12.7,0.629,0.643,0.161,0.162,107.53,106.79,88.99,106.79,0.097,2173,2.7,4.3,327,308,308,294,321,321,342,345,345,429,459,411,86,114,88,444,446,38,47,333,347,18,32,32,198,277,351
1628035,Alfonzo McKinnie,1610612747,LAL,28.0,39,104.9,102.0,102.0,102.7,101.3,101.3,2.1,0.7,0.7,0.036,1.2,5.4,0.076,0.113,0.095,4.5,4.5,0.602,0.604,0.164,0.172,102.25,104.46,87.05,104.46,0.1,563,1.2,2.4,372,433,433,49,46,46,160,213,213,514,380,517,87,320,204,22,22,65,116,314,296,202,82,82,168,431,461
1628993,Alize Johnson,1610612751,BKN,25.0,18,108.2,107.5,107.5,111.7,112.1,112.1,-3.5,-4.5,-4.5,0.11,1.56,14.4,0.127,0.32,0.22,9.3,9.3,0.596,0.638,0.175,0.181,101.12,101.24,84.37,101.24,0.174,398,2.2,3.8,264,289,289,374,380,380,331,364,364,260,297,308,18,4,6,241,245,78,53,265,259,303,279,279,10,332,388
1628578,Amida Brimah,1610612754,IND,27.0,5,117.6,114.9,114.9,84.6,82.1,82.1,33.0,32.8,32.8,0.042,0.25,7.1,0.077,0.15,0.121,28.6,27.9,0.625,0.697,0.176,0.189,106.99,109.84,91.54,109.84,0.111,67,1.0,1.6,13,63,63,3,4,4,3,3,3,505,516,501,83,196,103,532,532,41,13,261,228,23,15,15,131,460,498
1629599,Amir Coffey,1610612746,LAC,24.0,44,100.0,99.9,99.9,102.2,101.1,101.1,-2.2,-1.2,-1.2,0.09,1.47,14.0,0.023,0.081,0.052,9.6,9.6,0.549,0.585,0.145,0.151,99.14,99.76,83.13,99.76,0.07,812,1.0,2.3,468,462,462,43,43,43,299,270,270,330,316,322,332,471,453,258,261,189,174,395,393,454,397,397,388,458,464
2760,Anderson Varejao,1610612739,CLE,38.0,5,82.8,85.9,85.9,123.0,123.5,123.5,-40.2,-37.6,-37.6,0.15,3.0,12.5,0.146,0.342,0.233,4.2,4.2,0.25,0.326,0.228,0.233,108.33,106.2,88.5,106.2,0.09,78,0.8,3.2,531,522,522,531,534,534,533,534,534,177,43,372,6,2,1,20,20,524,520,94,95,15,39,39,246,482,427
203083,Andre Drummond,1610612747,LAL,27.0,46,106.1,107.5,107.5,110.6,111.4,111.4,-4.5,-3.9,-3.9,0.124,0.76,10.7,0.132,0.336,0.229,14.1,14.1,0.493,0.519,0.269,0.275,99.31,98.31,81.93,98.31,0.139,2540,6.1,12.4,335,290,290,325,338,338,358,343,343,233,475,425,14,3,3,486,484,374,390,39,40,442,497,497,46,70,88
2738,Andre Iguodala,1610612748,MIA,37.0,63,106.5,105.6,105.6,107.9,108.1,108.1,-1.4,-2.5,-2.5,0.153,2.12,30.0,0.03,0.134,0.083,14.1,14.1,0.504,0.519,0.109,0.113,97.49,97.82,81.52,97.82,0.072,2722,1.5,3.9,319,347,347,159,179,179,281,306,306,172,160,31,270,248,250,485,485,337,388,512,511,520,510,510,370,409,377
203460,Andre Roberson,1610612751,BKN,29.0,5,105.5,100.0,100.0,116.6,118.4,118.4,-11.1,-18.4,-18.4,0.098,2.0,19.0,0.103,0.136,0.118,9.5,9.6,0.179,0.202,0.117,0.123,95.06,96.87,80.73,96.87,0.023,129,0.4,2.8,359,458,458,514,524,524,472,516,516,301,185,171,40,240,112,253,263,528,530,493,482,537,535,535,517,513,448
203952,Andrew Wiggins,1610612744,GSW,26.0,71,108.3,108.9,108.9,108.4,109.1,109.1,-0.1,-0.2,-0.2,0.11,1.33,11.5,0.034,0.106,0.071,8.7,8.7,0.543,0.568,0.229,0.233,103.78,103.17,85.97,103.17,0.099,5085,7.1,14.9,256,248,248,191,230,230,237,235,235,261,356,404,242,359,315,183,186,213,227,91,94,104,138,138,177,48,53
1629014,Anfernee Simons,1610612757,POR,22.0,64,115.0,115.2,115.2,114.5,114.4,114.4,0.4,0.8,0.8,0.117,2.07,15.9,0.012,0.109,0.059,7.7,7.7,0.569,0.589,0.18,0.185,98.85,98.83,82.36,98.83,0.079,2284,2.6,6.3,62,58,58,479,466,466,222,205,205,243,173,259,480,342,396,123,122,131,159,239,248,470,473,473,322,281,259
203076,Anthony Davis,1610612747,LAL,28.0,36,110.4,112.5,112.5,105.8,107.4,107.4,4.5,5.2,5.2,0.154,1.49,12.4,0.054,0.198,0.125,8.3,8.3,0.512,0.556,0.287,0.291,100.98,99.29,82.74,99.29,0.153,2399,8.4,17.0,178,132,132,97,153,153,106,90,90,167,310,379,147,72,91,167,167,313,267,24,30,314,439,439,28,26,33
1630162,Anthony Edwards,1610612750,MIN,19.0,72,108.9,110.6,110.6,114.1,115.6,115.6,-5.2,-5.0,-5.0,0.142,1.32,12.4,0.023,0.121,0.07,9.4,9.4,0.488,0.523,0.264,0.269,104.17,102.71,85.59,102.71,0.094,4961,7.0,16.8,236,186,186,463,496,496,377,372,372,192,358,375,329,289,319,251,250,389,379,42,43,87,175,175,221,53,35
1630264,Anthony Gill,1610612764,WAS,28.0,26,107.1,104.1,104.1,106.4,105.6,105.6,0.7,-1.6,-1.6,0.073,1.38,12.8,0.074,0.151,0.114,9.3,9.3,0.558,0.597,0.143,0.15,102.39,104.25,86.87,104.25,0.089,469,1.2,2.3,291,388,388,115,101,101,210,278,278,405,338,362,91,192,120,244,244,158,143,405,397,192,89,89,251,441,467
1630237,Anthony Lamb,1610612745,HOU,23.0,24,103.6,105.1,105.1,114.4,114.3,114.3,-10.9,-9.2,-9.2,0.08,1.21,13.5,0.055,0.109,0.079,11.2,11.2,0.487,0.523,0.144,0.146,104.65,103.93,86.61,103.93,0.05,896,1.9,4.9,402,361,361,472,463,463,469,452,452,377,377,341,142,339,275,363,364,391,384,401,410,63,102,102,476,362,319
201229,Anthony Tolliver,1610612755,PHI,36.0,11,107.9,109.8,109.8,96.3,93.2,93.2,11.6,16.6,16.6,0.025,0.67,8.3,0.028,0.071,0.048,12.5,12.2,0.353,0.433,0.09,0.094,104.45,105.24,87.7,105.24,0.022,214,0.4,1.5,275,211,211,21,17,17,22,10,10,523,488,486,288,500,474,435,419,507,495,532,533,75,52,52,519,516,499
1628394,Anžejs Pasečņiks,1610612764,WAS,25.0,1,61.5,57.1,57.1,141.1,161.5,161.5,-79.6,-104.4,-104.4,0.333,0.2,14.3,0.143,0.0,0.083,71.4,71.4,0.0,0.0,0.375,0.4,105.93,102.59,85.49,102.59,-0.26,14,0.0,1.0,538,539,539,538,539,539,539,539,539,17,519,312,8,535,251,539,539,535,536,1,1,36,183,183,540,535,522
1629717,Armoni Brooks,1610612745,HOU,23.0,20,103.4,103.9,103.9,115.6,115.6,115.6,-12.3,-11.7,-11.7,0.09,1.36,12.0,0.017,0.112,0.061,8.8,8.8,0.563,0.565,0.175,0.178,103.15,102.94,85.79,102.94,0.068,1114,3.9,9.6,408,391,391,502,495,495,482,480,480,328,341,389,408,330,382,196,200,147,238,264,268,137,154,154,397,168,139
203382,Aron Baynes,1610612761,TOR,34.0,53,105.7,106.6,106.6,110.4,111.0,111.0,-4.7,-4.4,-4.4,0.07,1.02,11.4,0.082,0.192,0.135,11.1,11.1,0.485,0.503,0.157,0.161,102.01,101.31,84.43,101.31,0.07,2074,2.5,5.7,353,323,323,310,324,324,362,360,360,419,420,407,72,81,74,358,359,396,422,349,354,223,271,271,387,293,287
1630204,Ashton Hagans,1610612750,MIN,21.0,2,61.5,60.0,60.0,104.2,81.8,81.8,-42.7,-21.8,-21.8,0.0,0.0,0.0,0.0,0.0,0.0,100.0,100.0,0.0,0.0,0.083,0.085,108.59,123.93,103.28,123.93,-0.25,10,0.0,0.0,539,538,538,62,3,3,534,519,519,531,524,531,518,535,538,540,540,535,536,536,536,13,1,1,539,535,540
203085,Austin Rivers,1610612743,DEN,28.0,36,110.1,110.3,110.3,109.5,110.3,110.3,0.6,0.0,0.0,0.136,2.25,21.5,0.009,0.088,0.048,9.6,9.6,0.537,0.551,0.15,0.154,98.21,97.79,81.49,97.79,0.067,1726,2.9,6.8,193,200,200,249,283,283,219,229,229,205,129,125,500,442,478,260,264,230,289,376,379,500,511,511,399,256,235
202340,Avery Bradley,1610612745,HOU,30.0,27,105.6,105.3,105.3,115.1,115.5,115.5,-9.5,-10.2,-10.2,0.108,1.64,18.3,0.013,0.078,0.046,11.1,11.1,0.471,0.487,0.146,0.15,102.42,102.39,85.33,102.39,0.039,1284,2.4,6.3,356,358,358,494,493,493,456,464,464,269,273,196,457,482,487,358,360,427,451,393,400,188,192,192,502,312,256
1626253,Axel Toupane,1610612749,MIL,28.0,8,96.6,94.0,94.0,94.7,96.3,96.3,1.9,-2.2,-2.2,0.098,0.0,22.2,0.0,0.082,0.042,0.0,0.0,0.409,0.497,0.092,0.099,104.55,105.07,87.56,105.07,0.06,134,0.5,1.4,500,504,504,19,22,22,168,301,301,301,524,111,518,467,508,1,1,492,435,530,525,70,59,59,438,508,508
1628389,Bam Adebayo,1610612748,MIA,23.0,64,109.8,110.2,110.2,108.7,109.6,109.6,1.1,0.6,0.6,0.267,2.05,23.6,0.07,0.204,0.139,11.5,11.5,0.571,0.626,0.233,0.239,98.29,97.71,81.42,97.71,0.161,4361,7.1,12.5,199,201,201,202,253,253,196,217,217,51,178,91,95,64,67,383,382,121,69,80,80,495,516,516,21,46,86
203463,Ben McLemore,1610612747,LAL,28.0,53,103.5,105.0,105.0,108.9,109.2,109.2,-5.4,-4.2,-4.2,0.064,0.93,8.4,0.015,0.091,0.051,9.1,8.9,0.503,0.523,0.192,0.199,104.81,103.95,86.63,103.95,0.053,1952,2.5,6.9,403,365,365,222,233,233,382,351,351,448,452,483,441,431,457,225,212,343,383,188,185,57,101,101,463,290,233
1627732,Ben Simmons,1610612755,PHI,24.0,58,113.2,113.9,113.9,104.3,106.0,106.0,8.9,8.0,8.0,0.308,2.32,31.2,0.051,0.166,0.111,13.5,13.5,0.56,0.584,0.2,0.203,102.57,101.44,84.54,101.44,0.128,3973,5.6,10.1,102,94,94,67,108,108,33,43,43,29,116,23,158,136,131,468,469,153,177,158,167,179,258,258,65,90,126
202687,Bismack Biyombo,1610612766,CHA,28.0,66,102.6,102.8,102.8,110.7,111.7,111.7,-8.1,-8.9,-8.9,0.087,1.14,18.5,0.094,0.15,0.121,16.2,16.1,0.587,0.574,0.113,0.116,100.01,99.47,82.89,99.47,0.068,2782,2.2,3.7,425,414,414,331,362,362,438,447,447,347,387,188,53,198,101,509,507,93,208,504,506,391,424,424,396,339,399
201933,Blake Griffin,1610612751,BKN,32.0,46,112.0,113.1,113.1,111.2,111.0,111.0,0.8,2.1,2.1,0.171,2.26,21.2,0.029,0.159,0.094,9.4,9.3,0.509,0.546,0.191,0.195,98.81,98.38,81.98,98.38,0.092,2435,3.8,8.9,135,118,118,351,323,323,205,169,169,138,127,130,273,157,207,249,247,320,316,195,199,473,490,490,233,177,163
1626246,Boban Marjanovic,1610612742,DAL,32.0,33,106.6,107.0,107.0,102.1,101.1,101.1,4.6,5.9,5.9,0.06,0.83,6.2,0.159,0.291,0.223,7.5,7.5,0.512,0.562,0.231,0.236,99.77,100.13,83.44,100.13,0.162,561,1.9,3.7,317,306,306,41,41,41,105,81,81,469,465,513,1,9,5,105,107,312,248,86,85,412,361,361,20,366,396
1626171,Bobby Portis,1610612749,MIL,26.0,66,114.0,113.4,113.4,109.1,108.3,108.3,5.0,5.1,5.1,0.075,1.27,9.4,0.085,0.229,0.158,7.4,7.4,0.585,0.598,0.202,0.208,104.06,104.72,87.26,104.72,0.133,2986,4.7,9.1,78,113,113,231,191,191,94,93,93,400,365,464,67,42,47,103,103,96,135,155,155,91,77,77,52,125,157
203992,Bogdan Bogdanović,1610612737,ATL,28.0,44,114.9,114.9,114.9,110.6,111.0,111.0,4.3,3.9,3.9,0.169,2.72,18.7,0.016,0.104,0.061,6.9,6.9,0.602,0.616,0.21,0.215,99.78,99.59,82.99,99.59,0.11,2710,6.1,12.8,64,62,62,324,327,327,109,119,119,142,68,178,429,369,383,86,86,66,86,138,143,411,416,416,136,71,79
202711,Bojan Bogdanovic,1610612762,UTA,32.0,72,115.8,116.8,116.8,106.5,107.3,107.3,9.3,9.5,9.5,0.091,1.06,10.4,0.018,0.099,0.06,9.8,9.8,0.536,0.588,0.225,0.228,100.73,99.94,83.28,99.94,0.094,4604,5.6,12.8,50,36,36,119,147,147,29,30,30,327,409,436,396,390,386,277,281,232,163,100,107,337,382,382,218,89,78
1629626,Bol Bol,1610612743,DEN,21.0,32,99.1,94.4,94.4,122.1,119.3,119.3,-23.0,-24.9,-24.9,0.067,0.54,8.4,0.0,0.154,0.074,15.7,15.4,0.509,0.534,0.191,0.206,106.88,110.79,92.32,110.79,0.057,374,0.8,1.8,474,502,502,529,526,526,518,524,524,435,500,482,518,180,298,500,498,319,352,193,159,25,10,10,451,484,489
202954,Brad Wanamaker,1610612766,CHA,31.0,61,101.4,101.4,101.4,106.4,107.1,107.1,-5.0,-5.7,-5.7,0.251,2.45,29.8,0.016,0.08,0.047,12.2,12.1,0.411,0.489,0.166,0.172,100.71,100.41,83.68,100.41,0.075,2201,1.9,4.9,444,438,438,114,138,138,369,390,390,60,102,32,425,476,484,418,411,491,444,303,295,338,341,341,351,365,320
203078,Bradley Beal,1610612764,WAS,28.0,60,112.9,114.4,114.4,113.2,114.8,114.8,-0.3,-0.4,-0.4,0.202,1.42,13.2,0.033,0.094,0.064,9.3,9.2,0.532,0.593,0.331,0.339,106.67,105.21,87.68,105.21,0.145,4713,11.2,23.0,111,80,80,436,479,479,243,250,250,105,327,353,250,415,361,243,237,245,150,4,5,28,53,53,40,1,1
1629634,Brandon Clarke,1610612763,MEM,24.0,59,108.6,109.5,109.5,108.8,109.3,109.3,-0.3,0.2,0.2,0.094,2.88,14.3,0.064,0.16,0.111,5.0,4.9,0.537,0.56,0.167,0.173,102.64,101.99,84.99,101.99,0.11,2996,4.3,8.4,247,226,226,215,243,243,240,228,228,316,57,311,111,155,129,30,26,227,253,292,287,173,222,222,138,146,174
1629164,Brandon Goodwin,1610612737,ATL,25.0,47,105.7,104.7,104.7,109.7,109.1,109.1,-3.9,-4.4,-4.4,0.246,2.64,25.4,0.012,0.097,0.053,9.6,9.7,0.448,0.471,0.19,0.196,98.28,99.05,82.54,99.05,0.072,1276,1.8,4.7,347,373,373,263,225,225,343,358,358,64,79,69,476,398,444,266,271,453,471,201,192,496,458,458,372,379,331
1627742,Brandon Ingram,1610612740,NOP,23.0,61,113.5,115.1,115.1,113.4,114.2,114.2,0.1,1.0,1.0,0.218,1.92,17.6,0.016,0.126,0.071,9.2,9.1,0.531,0.584,0.279,0.285,101.02,99.97,83.31,99.97,0.128,4358,8.4,18.0,96,60,60,444,458,458,231,202,202,87,216,212,416,274,313,235,231,249,178,35,35,311,378,378,64,24,19
1628968,Brian Bowen II,1610612754,IND,22.0,6,87.2,93.8,93.8,92.5,84.4,84.4,-5.3,9.4,9.4,0.0,0.0,0.0,0.0,0.158,0.071,0.0,0.0,0.25,0.338,0.098,0.113,102.68,103.33,86.11,103.33,0.045,32,0.2,0.7,528,505,505,13,7,7,378,33,33,531,524,531,518,163,312,1,1,524,517,523,513,168,127,127,488,529,531
1630271,Brodric Thomas,1610612739,CLE,24.0,32,102.6,103.6,103.6,108.2,108.1,108.1,-5.6,-4.5,-4.5,0.115,1.36,16.6,0.019,0.107,0.062,12.2,12.2,0.435,0.487,0.158,0.161,101.17,100.74,83.95,100.74,0.052,833,1.2,3.4,427,399,399,174,178,178,390,362,362,247,341,241,385,349,376,416,423,465,450,344,350,298,319,319,468,434,417
201572,Brook Lopez,1610612749,MIL,33.0,70,116.0,117.0,117.0,109.1,110.2,110.2,6.8,6.8,6.8,0.033,0.78,6.1,0.054,0.115,0.086,7.9,7.8,0.577,0.611,0.166,0.168,104.64,103.68,86.4,103.68,0.085,4123,4.6,9.1,44,35,35,234,281,281,63,63,63,517,473,514,145,316,237,135,135,107,98,302,317,64,114,114,282,135,152
1628971,Bruce Brown,1610612751,BKN,24.0,65,117.5,115.9,115.9,111.1,112.4,112.4,6.4,3.5,3.5,0.099,1.93,16.4,0.081,0.154,0.12,8.5,8.5,0.576,0.604,0.157,0.161,100.2,100.24,83.53,100.24,0.098,3016,3.6,6.5,15,50,50,346,396,396,68,125,125,294,212,246,75,182,108,172,175,112,117,350,349,375,355,355,190,186,250
203998,Bruno Caboclo,1610612745,HOU,25.0,6,94.3,96.3,96.3,93.4,94.0,94.0,0.9,2.3,2.3,0.048,0.25,4.3,0.064,0.268,0.159,17.4,17.5,0.471,0.475,0.232,0.239,109.48,108.03,90.03,108.03,0.113,81,1.3,2.8,512,498,498,16,18,18,198,159,159,494,516,520,114,18,44,517,518,428,465,81,82,8,18,18,123,421,446
1628981,Bruno Fernando,1610612737,ATL,22.0,33,100.2,98.8,98.8,107.8,104.7,104.7,-7.6,-6.0,-6.0,0.069,0.48,11.8,0.066,0.256,0.16,24.7,24.8,0.409,0.475,0.133,0.139,101.61,103.78,86.49,103.78,0.069,492,0.5,1.3,466,474,474,157,85,85,430,394,394,428,510,396,105,22,38,529,529,492,466,443,436,260,104,104,394,505,511
1627854,Bryn Forbes,1610612749,MIL,27.0,70,113.6,113.4,113.4,111.0,110.8,110.8,2.6,2.7,2.7,0.045,1.02,7.1,0.008,0.069,0.039,6.9,6.8,0.618,0.631,0.18,0.186,103.97,104.16,86.8,104.16,0.076,2949,3.6,7.6,93,112,112,344,313,313,149,150,150,501,419,504,509,503,519,87,85,45,66,240,239,93,93,93,339,192,203
1627741,Buddy Hield,1610612758,SAC,28.0,71,113.5,114.5,114.5,114.9,116.3,116.3,-1.3,-1.8,-1.8,0.141,1.98,18.2,0.012,0.126,0.069,9.2,9.1,0.548,0.567,0.201,0.206,102.31,101.26,84.39,101.26,0.084,5149,5.7,14.0,95,75,75,490,507,507,279,287,287,193,199,198,477,276,329,237,234,190,233,157,160,198,274,274,287,87,60
1629604,CJ Elleby,1610612757,POR,21.0,30,104.5,102.3,102.3,108.8,107.6,107.6,-4.3,-5.3,-5.3,0.076,2.0,11.4,0.049,0.089,0.069,5.7,5.7,0.432,0.468,0.16,0.167,104.45,106.16,88.47,106.16,0.047,429,0.8,2.2,383,428,428,216,159,159,353,378,378,395,185,406,166,440,324,45,45,467,474,336,324,74,40,40,481,476,473
203468,CJ McCollum,1610612757,POR,29.0,47,117.2,119.0,119.0,112.0,112.8,112.8,5.2,6.2,6.2,0.22,3.43,18.2,0.018,0.099,0.056,5.3,5.3,0.554,0.577,0.265,0.27,101.14,100.01,83.34,100.01,0.123,3333,8.6,18.8,25,12,12,387,410,410,92,73,73,85,28,197,400,391,418,38,38,177,195,41,41,299,374,374,78,21,14
1628997,Caleb Martin,1610612766,CHA,25.0,53,105.3,104.7,104.7,110.3,109.5,109.5,-4.9,-4.9,-4.9,0.123,2.03,17.5,0.036,0.125,0.081,8.6,8.6,0.436,0.465,0.164,0.17,99.28,99.93,83.28,99.93,0.067,1696,1.8,4.8,364,374,374,301,250,250,367,368,368,235,179,217,228,278,264,179,179,464,476,311,304,445,384,384,398,377,324
1629629,Cam Reddish,1610612737,ATL,21.0,26,110.8,110.9,110.9,113.8,114.9,114.9,-3.0,-4.0,-4.0,0.066,1.03,9.4,0.028,0.109,0.068,9.2,9.2,0.428,0.488,0.183,0.187,103.38,102.8,85.67,102.8,0.053,1614,3.7,10.1,167,176,176,452,485,485,323,346,346,443,418,463,284,340,337,236,240,474,447,225,235,125,169,169,462,183,122
1629244,Cam Reynolds,1610612745,HOU,26.0,5,82.8,81.8,81.8,113.5,110.1,110.1,-30.7,-28.3,-28.3,0.095,0.0,10.0,0.037,0.079,0.054,0.0,0.0,0.417,0.417,0.182,0.188,102.75,104.93,87.44,104.93,0.042,88,1.2,3.6,532,531,531,445,276,276,529,528,528,313,524,449,223,479,437,1,1,484,502,232,233,160,61,61,499,435,404
1629661,Cameron Johnson,1610612756,PHX,25.0,60,112.8,112.2,112.2,107.1,106.5,106.5,5.7,5.7,5.7,0.083,2.15,13.6,0.023,0.118,0.07,6.3,6.3,0.541,0.563,0.164,0.17,98.21,98.76,82.3,98.76,0.081,2958,3.4,8.1,117,145,145,128,115,115,81,83,83,359,152,338,335,300,320,68,68,216,246,310,305,499,478,478,310,211,187
1628419,Cameron Oliver,1610612745,HOU,24.0,4,109.1,111.2,111.2,117.1,116.4,116.4,-8.0,-5.2,-5.2,0.086,1.67,11.9,0.05,0.188,0.114,7.1,7.0,0.636,0.619,0.174,0.18,104.25,103.54,86.29,103.54,0.095,188,4.8,8.3,227,167,167,516,509,509,435,376,376,351,266,392,162,88,122,94,93,31,80,269,264,86,119,119,214,123,180
1626166,Cameron Payne,1610612756,PHX,26.0,60,117.3,116.4,116.4,108.7,108.6,108.6,8.6,7.8,7.8,0.281,3.62,31.1,0.016,0.119,0.069,8.6,8.6,0.576,0.602,0.193,0.198,98.8,99.23,82.69,99.23,0.117,2233,3.2,6.6,22,43,43,205,198,198,35,47,47,42,22,24,430,292,330,177,181,109,123,186,187,474,442,442,93,232,244
1627747,Caris LeVert,1610612754,IND,26.0,47,111.1,111.9,111.9,110.2,112.1,112.1,1.0,-0.2,-0.2,0.255,2.4,19.8,0.022,0.111,0.068,8.2,8.2,0.493,0.531,0.279,0.284,105.71,104.41,87.01,104.41,0.116,3231,7.6,17.3,158,149,149,293,384,384,197,236,236,56,107,150,347,334,336,162,164,376,362,36,36,38,85,85,97,36,29
2546,Carmelo Anthony,1610612757,POR,37.0,69,114.0,115.1,115.1,115.3,115.8,115.8,-1.2,-0.6,-0.6,0.097,1.7,10.3,0.017,0.107,0.06,6.0,6.0,0.506,0.547,0.228,0.232,99.94,99.23,82.69,99.23,0.088,3493,4.7,11.3,79,59,59,496,502,502,276,259,259,306,262,438,403,351,384,55,56,327,310,95,98,399,443,443,264,127,102
1629035,Carsen Edwards,1610612738,BOS,23.0,31,106.2,105.1,105.1,110.5,109.2,109.2,-4.2,-4.1,-4.1,0.075,2.0,10.2,0.01,0.084,0.046,5.1,5.1,0.505,0.527,0.187,0.193,100.86,101.98,84.98,101.98,0.064,585,1.5,3.6,325,362,362,316,235,235,349,348,348,399,185,442,494,457,491,32,32,335,372,211,210,319,223,223,420,407,406
1630199,Cassius Stanley,1610612754,IND,21.0,24,97.2,97.5,97.5,91.4,88.1,88.1,5.9,9.4,9.4,0.017,1.0,2.0,0.067,0.11,0.087,2.0,2.0,0.337,0.383,0.198,0.205,101.41,103.13,85.94,103.13,0.027,200,0.5,1.8,497,488,488,12,8,8,78,32,32,526,424,530,103,336,233,13,13,511,511,165,161,271,142,142,514,506,491
1630216,Cassius Winston,1610612764,WAS,23.0,22,95.9,92.8,92.8,119.3,114.2,114.2,-23.4,-21.4,-21.4,0.222,2.4,22.6,0.0,0.087,0.044,9.4,9.5,0.545,0.575,0.182,0.19,98.78,102.65,85.54,102.65,0.079,208,0.6,1.5,505,510,510,525,457,457,520,518,518,83,108,104,518,447,503,251,254,204,204,229,227,476,180,180,327,499,503
1626224,Cedi Osman,1610612739,CLE,26.0,59,102.9,103.3,103.3,113.9,114.2,114.2,-11.0,-11.0,-11.0,0.173,2.18,19.8,0.024,0.113,0.067,9.1,9.1,0.458,0.488,0.198,0.203,99.34,99.0,82.5,99.0,0.073,3124,3.7,9.9,418,406,406,457,460,460,471,474,474,134,146,149,320,324,347,230,228,443,446,167,166,437,460,460,364,179,133
1628990,Chandler Hutchison,1610612764,WAS,25.0,25,107.1,106.8,106.8,112.8,112.0,112.0,-5.7,-5.2,-5.2,0.061,0.85,11.3,0.016,0.195,0.106,13.2,13.2,0.417,0.469,0.155,0.159,106.91,107.44,89.53,107.44,0.061,766,1.6,4.1,293,313,313,418,378,378,392,377,377,464,464,412,414,77,155,461,460,483,472,359,359,24,24,24,435,404,368
1629718,Charlie Brown Jr.,1610612760,OKC,24.0,9,100.5,100.3,100.3,114.5,113.0,113.0,-14.0,-12.7,-12.7,0.08,1.5,14.5,0.017,0.091,0.051,9.7,9.6,0.36,0.422,0.14,0.147,103.68,104.49,87.07,104.49,0.021,330,1.4,4.8,460,454,454,478,418,418,495,485,485,375,305,304,407,431,456,270,269,505,501,419,409,106,80,80,520,413,328
1626184,Chasson Randle,1610612753,ORL,28.0,41,98.4,97.7,97.7,112.1,112.7,112.7,-13.7,-15.0,-15.0,0.143,1.61,19.6,0.008,0.084,0.045,12.2,12.2,0.481,0.515,0.154,0.16,100.79,100.9,84.08,100.9,0.054,1759,2.2,5.8,479,486,486,390,406,406,493,501,501,188,285,155,510,454,497,421,418,409,402,360,357,330,305,305,460,326,284
1629002,Chimezie Metu,1610612758,SAC,24.0,36,111.0,108.7,108.7,117.1,116.4,116.4,-6.1,-7.8,-7.8,0.08,0.97,10.9,0.064,0.175,0.118,11.3,11.4,0.545,0.571,0.194,0.201,102.08,103.51,86.26,103.51,0.083,1063,2.5,5.0,163,254,254,517,510,510,398,436,436,369,445,421,115,110,113,370,372,208,217,176,177,219,120,120,299,294,315
1628449,Chris Boucher,1610612761,TOR,28.0,60,113.1,114.4,114.4,109.3,110.7,110.7,3.8,3.8,3.8,0.068,1.37,8.4,0.078,0.192,0.135,6.1,6.1,0.595,0.634,0.202,0.207,101.27,100.04,83.36,100.04,0.132,3020,4.8,9.3,104,76,76,241,307,307,118,123,123,431,340,485,81,82,73,59,60,80,63,154,157,289,370,370,54,119,146
1629185,Chris Chiozza,1610612751,BKN,25.0,22,107.0,105.9,105.9,103.2,102.9,102.9,3.8,3.0,3.0,0.382,4.06,36.7,0.012,0.088,0.049,9.0,9.1,0.426,0.461,0.2,0.207,100.74,101.44,84.53,101.44,0.093,493,1.4,4.0,299,342,342,53,57,57,124,136,136,7,13,10,478,443,471,222,227,476,480,161,158,335,259,259,222,418,371
101108,Chris Paul,1610612756,PHX,36.0,70,115.3,115.3,115.3,108.5,108.8,108.8,6.8,6.5,6.5,0.405,3.99,35.9,0.012,0.131,0.073,9.0,9.0,0.557,0.599,0.221,0.227,99.09,98.92,82.44,98.92,0.15,4539,6.3,12.6,57,57,57,193,209,209,64,68,68,5,17,12,475,256,301,217,215,161,130,109,112,456,466,466,33,68,83
1629735,Chris Silva,1610612758,SAC,24.0,15,103.7,100.0,100.0,102.2,100.5,100.5,1.5,-0.5,-0.5,0.102,0.6,15.4,0.082,0.217,0.153,25.6,25.9,0.656,0.708,0.151,0.158,102.0,104.72,87.27,104.72,0.064,201,0.7,1.1,395,458,458,44,37,37,178,254,254,283,497,286,71,51,52,530,530,18,11,374,364,226,75,75,418,496,520
1626174,Christian Wood,1610612745,HOU,25.0,41,107.6,108.8,108.8,111.1,112.6,112.6,-3.5,-3.8,-3.8,0.089,0.89,8.1,0.055,0.228,0.142,9.2,9.1,0.574,0.591,0.255,0.259,103.52,102.27,85.23,102.27,0.139,2829,8.0,15.6,279,250,250,348,402,402,330,341,341,333,460,491,141,43,61,234,232,116,153,51,55,111,205,205,45,29,46
1629643,Chuma Okeke,1610612753,ORL,22.0,45,102.5,102.6,102.6,109.5,109.8,109.8,-7.0,-7.2,-7.2,0.132,2.66,21.1,0.033,0.117,0.074,7.9,7.9,0.492,0.511,0.142,0.146,101.04,100.85,84.04,100.85,0.084,2374,3.0,7.2,430,419,419,250,262,262,420,426,426,217,78,133,251,308,297,141,146,378,411,411,415,309,309,309,288,247,220
203991,Clint Capela,1610612737,ATL,27.0,63,115.1,114.8,114.8,107.5,108.2,108.2,7.7,6.6,6.6,0.039,0.67,5.3,0.155,0.301,0.23,8.0,8.0,0.594,0.601,0.193,0.198,99.62,99.41,82.84,99.41,0.158,3927,6.6,11.0,60,67,67,144,184,184,46,66,66,509,487,518,2,6,2,146,148,81,124,182,189,421,429,429,24,62,106
1629632,Coby White,1610612741,CHI,21.0,69,108.1,108.6,108.6,110.6,111.3,111.3,-2.5,-2.7,-2.7,0.218,2.1,22.7,0.013,0.116,0.065,10.8,10.8,0.506,0.54,0.219,0.223,102.13,101.62,84.68,101.62,0.088,4572,5.4,13.1,265,256,256,323,336,336,305,309,309,86,165,103,459,314,359,341,343,329,336,113,121,213,251,251,260,99,70
1628998,Cody Martin,1610612766,CHA,25.0,52,108.7,109.1,109.1,108.1,108.1,108.1,0.7,1.0,1.0,0.138,2.15,25.9,0.059,0.126,0.092,12.0,12.0,0.484,0.5,0.123,0.126,100.37,100.16,83.47,100.16,0.073,1762,1.6,3.6,241,243,243,168,181,181,212,200,200,199,152,62,130,275,216,411,408,403,427,472,474,366,358,358,368,399,403
203469,Cody Zeller,1610612766,CHA,28.0,48,110.6,112.3,112.3,111.1,110.3,110.3,-0.5,2.0,2.0,0.125,1.69,16.8,0.115,0.21,0.161,10.0,9.9,0.565,0.599,0.177,0.18,101.29,100.91,84.09,100.91,0.114,2113,3.8,6.8,172,143,143,349,285,285,254,175,175,232,264,235,30,58,37,290,291,138,132,254,265,285,304,304,114,178,239
1630175,Cole Anthony,1610612753,ORL,21.0,47,102.7,103.5,103.5,114.8,116.3,116.3,-12.1,-12.8,-12.8,0.241,1.81,21.2,0.027,0.142,0.081,11.7,11.7,0.449,0.496,0.235,0.24,101.1,100.08,83.4,100.08,0.091,2662,4.7,11.7,422,402,402,487,506,506,477,486,486,66,240,131,297,226,263,391,393,452,436,76,77,304,366,366,236,131,96
1629012,Collin Sexton,1610612739,CLE,22.0,60,103.6,104.8,104.8,113.7,114.0,114.0,-10.1,-9.2,-9.2,0.222,1.57,15.5,0.027,0.063,0.044,9.9,9.8,0.519,0.573,0.286,0.295,99.97,99.26,82.72,99.26,0.115,4386,8.8,18.4,398,372,372,449,454,454,464,453,453,84,293,283,296,518,498,283,282,291,212,29,25,395,440,440,106,20,16
202709,Cory Joseph,1610612765,DET,29.0,63,108.9,109.8,109.8,114.5,115.3,115.3,-5.6,-5.5,-5.5,0.204,2.7,28.2,0.024,0.085,0.055,10.4,10.4,0.522,0.556,0.159,0.163,101.52,100.79,83.99,100.79,0.079,3024,3.2,6.8,230,214,214,476,489,489,389,381,381,104,72,40,322,450,435,328,329,274,264,340,342,261,314,314,328,233,238
1626245,Cristiano Felicio,1610612741,CHI,28.0,18,100.9,96.7,96.7,93.1,89.7,89.7,7.8,7.1,7.1,0.155,2.25,26.5,0.112,0.205,0.156,11.8,12.1,0.538,0.574,0.117,0.122,98.79,102.84,85.7,102.84,0.112,184,0.4,0.7,457,495,495,15,12,12,45,59,59,162,129,56,33,62,48,396,414,222,209,491,486,475,167,167,124,514,530
1626156,D'Angelo Russell,1610612750,MIN,25.0,42,109.1,109.7,109.7,115.5,116.8,116.8,-6.3,-7.0,-7.0,0.323,2.18,22.8,0.012,0.077,0.044,10.4,10.4,0.523,0.555,0.283,0.29,105.04,104.18,86.82,104.18,0.114,2591,6.7,15.5,224,218,218,498,515,515,404,422,422,23,144,101,469,484,502,326,328,271,271,32,31,47,91,91,111,59,47
201571,D.J. Augustin,1610612745,HOU,33.0,57,111.4,112.7,112.7,114.1,114.5,114.5,-2.7,-1.8,-1.8,0.223,2.89,29.7,0.017,0.063,0.04,10.3,10.2,0.515,0.57,0.164,0.169,102.74,101.99,84.99,101.99,0.079,2401,2.4,6.0,150,130,130,465,470,470,312,286,286,82,56,34,405,519,515,315,312,301,222,308,313,164,221,221,318,313,274
1628391,D.J. Wilson,1610612745,HOU,25.0,35,100.5,99.7,99.7,109.5,111.0,111.0,-9.0,-11.3,-11.3,0.088,1.05,10.3,0.042,0.199,0.12,9.8,9.8,0.494,0.511,0.195,0.203,102.34,102.07,85.06,102.07,0.087,919,1.9,4.8,464,465,465,253,322,322,453,477,477,337,413,439,196,71,107,280,284,369,410,172,169,194,217,217,271,358,326
1629610,DaQuan Jeffries,1610612759,SAS,23.0,31,108.9,109.0,109.0,114.8,113.4,113.4,-5.9,-4.5,-4.5,0.059,1.57,13.8,0.036,0.103,0.068,8.8,8.8,0.5,0.514,0.114,0.117,104.17,104.76,87.3,104.76,0.045,1072,1.6,3.9,231,247,247,488,433,433,394,363,363,473,292,330,231,371,334,192,192,350,404,501,499,88,72,72,487,397,381
1629751,Dakota Mathias,1610612755,PHI,25.0,8,97.4,97.3,97.3,108.2,107.9,107.9,-10.7,-10.6,-10.6,0.157,13.0,20.3,0.007,0.041,0.023,1.6,1.5,0.479,0.474,0.166,0.173,102.66,102.83,85.7,102.83,0.062,263,2.4,6.0,495,489,489,172,168,168,468,471,471,159,1,141,512,531,533,12,12,412,467,298,289,172,168,168,433,310,276
1627745,Damian Jones,1610612758,SAC,26.0,39,105.7,104.9,104.9,110.3,110.0,110.0,-4.6,-5.1,-5.1,0.075,1.12,15.8,0.064,0.156,0.109,14.1,14.2,0.684,0.712,0.12,0.123,102.39,102.95,85.79,102.95,0.083,1167,1.8,2.6,348,369,369,303,269,269,359,374,374,397,395,272,113,172,139,484,486,12,9,478,481,191,153,153,296,378,452
203081,Damian Lillard,1610612757,POR,30.0,67,117.3,119.6,119.6,114.6,115.6,115.6,2.7,4.0,4.0,0.334,2.49,22.5,0.012,0.104,0.057,9.0,9.0,0.554,0.623,0.306,0.311,101.8,100.4,83.67,100.4,0.158,5014,9.0,19.9,20,10,10,481,497,497,146,116,116,16,96,105,464,364,409,223,219,174,75,12,13,238,344,344,23,18,8
1627814,Damion Lee,1610612744,GSW,28.0,57,110.0,109.7,109.7,108.7,108.2,108.2,1.3,1.6,1.6,0.094,2.43,18.5,0.02,0.142,0.081,7.6,7.6,0.608,0.636,0.127,0.13,102.8,103.21,86.01,103.21,0.088,2322,2.2,4.8,194,217,217,203,182,182,184,186,186,320,104,187,367,225,265,116,117,60,57,463,464,158,136,136,257,325,325
1628422,Damyean Dotson,1610612739,CLE,27.0,46,97.0,97.0,97.0,109.9,109.4,109.4,-12.8,-12.5,-12.5,0.161,2.17,20.6,0.005,0.095,0.048,9.5,9.5,0.485,0.499,0.162,0.167,99.47,99.68,83.07,99.68,0.069,1893,2.6,6.4,499,493,493,272,247,247,487,482,482,151,147,137,515,411,472,253,256,399,431,327,322,429,405,405,391,285,255
1629655,Daniel Gafford,1610612764,WAS,22.0,54,112.3,112.5,112.5,108.5,108.4,108.4,3.8,4.1,4.1,0.051,0.71,8.5,0.118,0.16,0.14,12.0,12.0,0.684,0.697,0.161,0.165,104.74,104.72,87.26,104.72,0.122,1717,2.9,4.2,130,136,136,195,193,193,125,113,113,489,485,480,26,156,63,409,407,13,14,334,335,58,76,76,84,259,366
1630187,Daniel Oturu,1610612746,LAC,21.0,30,106.7,104.2,104.2,104.3,102.5,102.5,2.4,1.8,1.8,0.092,1.11,13.0,0.119,0.157,0.138,11.7,11.8,0.433,0.471,0.174,0.181,95.88,97.85,81.54,97.85,0.073,330,0.7,1.7,314,385,385,65,54,54,153,181,181,321,397,356,25,167,68,392,398,466,470,266,258,534,508,508,363,488,494
1628464,Daniel Theis,1610612741,CHI,29.0,65,108.9,109.4,109.4,110.8,110.8,110.8,-1.9,-1.3,-1.3,0.097,1.64,15.7,0.057,0.164,0.11,9.6,9.6,0.593,0.609,0.154,0.158,100.0,99.75,83.13,99.75,0.095,3333,3.9,7.2,235,231,231,333,312,312,291,274,274,307,275,274,133,139,136,262,266,83,103,362,362,392,398,398,213,170,222
201568,Danilo Gallinari,1610612737,ATL,32.0,51,114.1,113.0,113.0,111.4,110.3,110.3,2.7,2.7,2.7,0.099,1.77,11.4,0.015,0.155,0.087,6.4,6.4,0.542,0.613,0.211,0.219,97.87,98.8,82.33,98.8,0.112,2526,4.0,9.3,76,122,122,360,290,290,147,149,149,295,249,405,445,174,234,71,72,214,93,135,132,509,474,474,129,161,147
201980,Danny Green,1610612755,PHI,34.0,69,114.1,114.5,114.5,106.0,107.4,107.4,8.0,7.1,7.1,0.08,1.76,15.8,0.029,0.1,0.066,9.0,9.0,0.573,0.582,0.138,0.141,102.13,101.26,84.38,101.26,0.073,4090,3.2,7.9,77,73,73,103,154,154,44,57,57,370,251,267,271,386,350,215,213,119,183,426,431,212,277,277,362,224,191
203957,Danté Exum,1610612745,HOU,25.0,6,99.1,99.6,99.6,95.7,96.0,96.0,3.3,3.6,3.6,0.155,1.86,27.7,0.015,0.129,0.069,14.9,14.9,0.423,0.428,0.119,0.121,103.11,102.7,85.58,102.7,0.058,247,1.7,4.3,476,466,466,20,21,21,133,124,124,165,228,43,436,264,331,494,494,480,498,483,489,140,178,178,446,389,353
1627863,Danuel House Jr.,1610612745,HOU,28.0,36,101.9,103.4,103.4,113.9,114.5,114.5,-11.9,-11.2,-11.2,0.11,1.92,17.1,0.018,0.121,0.067,8.9,8.9,0.504,0.525,0.153,0.155,102.92,101.91,84.93,101.91,0.065,1979,3.1,7.6,435,404,404,456,471,471,476,476,476,262,218,226,401,290,340,208,206,338,373,369,375,148,231,231,415,245,204
203967,Dario Šarić,1610612756,PHX,27.0,50,117.1,115.9,115.9,106.1,104.4,104.4,10.9,11.5,11.5,0.104,1.14,12.7,0.055,0.168,0.112,11.2,11.2,0.516,0.567,0.218,0.224,99.96,101.27,84.39,101.27,0.094,1840,3.1,6.8,28,51,51,105,72,72,25,21,21,278,388,363,144,132,126,363,365,297,232,116,118,398,273,273,217,244,234
1629647,Darius Bazley,1610612760,OKC,21.0,55,99.8,100.7,100.7,113.3,113.8,113.8,-13.5,-13.1,-13.1,0.091,0.81,10.0,0.027,0.193,0.108,12.3,12.3,0.456,0.491,0.218,0.221,103.1,102.43,85.36,102.43,0.086,3659,5.0,12.5,470,448,448,442,447,447,491,489,489,322,467,449,293,78,147,431,431,445,441,117,127,142,191,191,277,110,85
1629636,Darius Garland,1610612739,CLE,21.0,54,104.8,105.7,105.7,111.2,112.3,112.3,-6.5,-6.6,-6.6,0.298,2.01,24.4,0.013,0.062,0.037,12.1,12.1,0.517,0.547,0.245,0.25,99.67,98.78,82.32,98.78,0.101,3687,6.7,14.9,377,346,346,354,391,391,407,414,414,35,184,80,458,523,525,414,415,295,306,65,67,417,476,476,166,58,54
203121,Darius Miller,1610612760,OKC,31.0,18,107.1,105.3,105.3,99.5,98.1,98.1,7.6,7.2,7.2,0.151,2.63,25.9,0.011,0.103,0.06,9.9,9.7,0.635,0.685,0.127,0.134,103.31,104.88,87.4,104.88,0.115,433,1.2,2.7,294,356,356,25,25,25,47,56,56,175,81,61,490,372,392,284,277,34,17,462,453,127,64,64,105,433,450
1628021,David Nwaba,1610612745,HOU,28.0,30,105.5,106.8,106.8,106.2,108.0,108.0,-0.7,-1.3,-1.3,0.07,1.82,10.5,0.055,0.108,0.081,5.8,5.7,0.525,0.557,0.163,0.166,104.47,102.96,85.8,102.96,0.089,1451,3.5,7.3,361,314,314,109,173,173,261,272,272,424,232,430,143,347,266,49,48,267,262,319,328,73,151,151,249,195,218
202722,Davis Bertans,1610612764,WAS,28.0,57,111.8,112.8,112.8,110.5,110.8,110.8,1.3,2.1,2.1,0.043,1.48,8.2,0.011,0.095,0.053,5.5,5.4,0.581,0.62,0.148,0.155,107.17,106.56,88.8,106.56,0.069,3269,3.4,8.4,137,126,126,319,314,314,185,172,172,502,311,488,485,410,445,42,39,100,77,382,374,22,34,34,389,210,176
1628368,De'Aaron Fox,1610612758,SAC,23.0,58,112.7,113.5,113.5,117.0,118.0,118.0,-4.3,-4.5,-4.5,0.326,2.4,22.2,0.016,0.085,0.05,9.3,9.2,0.523,0.565,0.304,0.309,102.67,101.86,84.89,101.86,0.124,4320,9.1,19.1,123,108,108,515,522,522,350,361,361,22,110,112,419,451,461,239,239,272,240,13,15,169,236,236,73,15,12
1629631,De'Andre Hunter,1610612737,ATL,23.0,23,110.5,111.3,111.3,105.4,105.9,105.9,5.1,5.5,5.5,0.098,1.52,12.2,0.024,0.125,0.076,8.1,8.1,0.546,0.603,0.194,0.196,102.4,101.8,84.83,101.8,0.104,1440,5.2,10.8,176,165,165,84,105,105,93,85,85,296,302,386,318,281,287,153,157,200,120,180,191,190,239,239,156,104,108
1629001,De'Anthony Melton,1610612763,MEM,23.0,52,110.2,111.4,111.4,105.5,105.4,105.4,4.7,6.0,6.0,0.172,2.0,21.6,0.026,0.118,0.072,10.8,10.8,0.548,0.568,0.189,0.193,103.21,102.73,85.61,102.73,0.1,2230,3.3,7.6,187,163,163,89,94,94,100,77,77,136,185,123,300,299,311,342,342,192,226,205,207,133,174,174,171,219,202
201599,DeAndre Jordan,1610612751,BKN,32.0,57,113.4,113.0,113.0,112.8,114.8,114.8,0.6,-1.9,-1.9,0.099,1.09,19.9,0.097,0.231,0.168,18.2,18.2,0.763,0.736,0.128,0.131,101.76,101.05,84.2,101.05,0.112,2626,3.3,4.4,98,123,123,419,481,481,217,289,289,292,401,147,47,40,29,521,520,4,5,454,460,243,298,298,128,214,349
1627761,DeAndre' Bembry,1610612761,TOR,26.0,51,108.1,108.1,108.1,107.5,107.7,107.7,0.6,0.4,0.4,0.157,1.51,24.6,0.033,0.112,0.072,16.3,16.3,0.544,0.57,0.142,0.146,101.19,101.1,84.25,101.1,0.079,2046,2.3,4.5,267,269,269,145,163,163,216,222,222,158,304,79,252,329,307,510,510,211,220,409,417,296,292,292,329,320,343
201942,DeMar DeRozan,1610612759,SAS,31.0,61,111.7,113.0,113.0,114.7,115.5,115.5,-3.0,-2.5,-2.5,0.309,3.55,25.7,0.019,0.106,0.062,7.2,7.2,0.505,0.591,0.255,0.26,101.05,100.09,83.41,100.09,0.139,4289,7.5,15.1,143,121,121,486,494,494,325,307,307,28,24,67,383,357,378,96,96,332,154,50,53,308,365,365,44,40,50
202326,DeMarcus Cousins,1610612746,LAC,30.0,41,102.5,103.4,103.4,106.2,106.6,106.6,-3.7,-3.2,-3.2,0.174,1.19,15.9,0.07,0.293,0.178,13.4,13.3,0.503,0.537,0.239,0.244,102.58,101.91,84.92,101.91,0.13,1508,3.2,7.4,429,403,403,108,121,121,335,324,324,133,381,266,97,8,20,466,466,341,343,72,70,177,232,232,60,234,210
1629731,Dean Wade,1610612739,CLE,24.0,63,102.3,102.9,102.9,112.3,111.9,111.9,-10.0,-9.0,-9.0,0.094,2.47,17.2,0.031,0.154,0.09,7.0,6.9,0.556,0.573,0.128,0.131,99.19,99.06,82.55,99.06,0.082,2503,2.1,4.9,431,412,412,399,372,372,463,448,448,318,97,224,265,183,224,91,92,166,213,458,463,452,455,455,307,342,318
1629028,Deandre Ayton,1610612756,PHX,22.0,69,116.3,117.1,117.1,110.3,110.8,110.8,6.0,6.3,6.3,0.066,0.96,10.3,0.117,0.236,0.179,10.7,10.7,0.629,0.653,0.179,0.183,98.6,98.05,81.71,98.05,0.13,4320,6.2,10.0,42,32,32,305,315,315,77,70,70,442,446,437,28,34,19,339,339,39,38,247,252,484,504,504,59,69,131
1629686,Deividas Sirvydis,1610612765,DET,21.0,20,98.0,97.2,97.2,110.0,106.9,106.9,-11.9,-9.7,-9.7,0.062,1.0,9.6,0.0,0.225,0.107,9.6,9.5,0.475,0.481,0.15,0.157,98.75,100.61,83.84,100.61,0.07,281,0.7,2.0,485,492,492,282,129,129,475,459,459,463,424,459,518,46,152,265,254,419,457,377,365,477,325,325,386,495,477
1627749,Dejounte Murray,1610612759,SAS,24.0,67,110.3,111.8,111.8,109.2,109.5,109.5,1.1,2.3,2.3,0.246,3.1,24.0,0.026,0.19,0.108,7.7,7.7,0.485,0.509,0.231,0.234,100.79,100.02,83.35,100.02,0.124,4452,6.6,14.5,179,154,154,239,249,249,195,162,162,62,40,82,306,84,149,126,127,397,418,85,93,331,373,373,75,61,57
1626153,Delon Wright,1610612758,SAC,29.0,63,107.3,108.3,108.3,110.9,111.8,111.8,-3.6,-3.5,-3.5,0.237,3.35,29.7,0.036,0.122,0.077,8.9,8.9,0.525,0.562,0.163,0.165,99.75,98.91,82.43,98.91,0.115,3610,3.8,8.2,287,263,263,341,366,366,333,333,333,71,33,35,230,287,280,200,203,268,247,320,334,414,467,467,109,175,182
1630166,Deni Avdija,1610612764,WAS,20.0,54,107.2,107.8,107.8,110.4,109.9,109.9,-3.2,-2.1,-2.1,0.064,1.91,14.8,0.017,0.181,0.099,7.7,7.7,0.502,0.515,0.118,0.121,106.3,106.28,88.57,106.28,0.06,2773,2.4,5.8,289,279,279,311,266,266,326,298,298,450,219,300,412,101,190,125,124,347,400,487,490,33,37,37,439,307,285
203471,Dennis Schröder,1610612747,LAL,27.0,61,109.6,110.8,110.8,107.1,108.6,108.6,2.4,2.2,2.2,0.262,2.15,25.4,0.016,0.093,0.055,11.8,11.8,0.484,0.543,0.227,0.23,100.91,99.67,83.06,99.67,0.097,4059,5.4,12.5,208,179,179,131,197,197,152,164,164,54,151,70,424,422,430,400,399,404,323,98,102,317,409,409,196,96,87
1628372,Dennis Smith Jr.,1610612765,DET,23.0,23,105.9,105.8,105.8,107.5,108.1,108.1,-1.7,-2.2,-2.2,0.276,2.96,29.6,0.029,0.099,0.065,10.0,10.0,0.466,0.492,0.191,0.195,98.16,97.94,81.62,97.94,0.093,857,2.5,6.3,343,343,343,148,177,177,288,299,299,45,52,36,272,388,358,292,296,436,440,194,200,501,506,506,223,295,258
1627756,Denzel Valentine,1610612741,CHI,27.0,62,108.1,107.7,107.7,106.9,106.7,106.7,1.1,1.0,1.0,0.144,2.5,18.4,0.022,0.168,0.094,7.4,7.4,0.469,0.479,0.19,0.196,99.79,100.05,83.38,100.05,0.085,2170,2.5,6.7,269,283,283,125,123,123,193,201,201,187,92,190,340,131,209,101,102,433,458,199,198,410,368,368,281,298,241
202324,Derrick Favors,1610612762,UTA,29.0,68,114.2,114.1,114.1,113.0,111.6,111.6,1.2,2.6,2.6,0.059,1.22,12.3,0.13,0.227,0.178,10.1,10.1,0.638,0.663,0.125,0.129,100.45,101.18,84.31,101.18,0.111,2182,2.3,3.6,75,91,91,431,352,352,191,154,154,471,375,381,16,45,21,303,301,30,28,467,469,359,285,285,130,323,407
1627884,Derrick Jones Jr.,1610612757,POR,24.0,58,112.2,113.3,113.3,112.8,114.0,114.0,-0.6,-0.8,-0.8,0.049,1.47,11.1,0.055,0.094,0.074,7.6,7.6,0.554,0.576,0.122,0.125,100.5,99.5,82.92,99.5,0.058,2713,2.5,5.2,132,116,116,422,455,455,258,261,261,491,315,415,140,416,295,115,116,175,201,473,477,354,418,418,449,292,309
201565,Derrick Rose,1610612752,NYK,32.0,50,108.6,109.8,109.8,104.0,105.0,105.0,4.6,4.9,4.9,0.276,2.68,21.9,0.015,0.081,0.049,8.2,8.2,0.511,0.55,0.252,0.258,99.34,98.32,81.93,98.32,0.133,2622,5.7,12.2,246,210,210,60,89,89,104,99,99,44,75,115,433,472,470,158,159,314,292,55,57,438,495,495,53,84,91
1628401,Derrick White,1610612759,SAS,26.0,36,112.9,113.9,113.9,108.1,108.8,108.8,4.9,5.1,5.1,0.168,2.82,18.9,0.012,0.086,0.049,6.7,6.7,0.503,0.55,0.223,0.226,100.04,99.29,82.74,99.29,0.09,2192,5.2,12.6,107,96,96,169,210,210,97,91,91,144,61,174,473,448,464,79,80,340,294,105,113,388,438,438,245,106,82
1630217,Desmond Bane,1610612763,MEM,23.0,68,109.3,110.1,110.1,110.2,109.7,109.7,-0.9,0.4,0.4,0.105,2.0,17.1,0.019,0.116,0.066,8.5,8.5,0.586,0.6,0.155,0.161,101.89,101.71,84.76,101.71,0.08,3218,3.4,7.3,220,202,202,296,260,260,269,223,223,275,185,228,379,312,349,175,174,95,127,355,353,231,246,246,315,204,213
1626164,Devin Booker,1610612756,PHX,24.0,67,117.8,118.6,118.6,110.4,111.4,111.4,7.4,7.2,7.2,0.2,1.4,14.9,0.016,0.108,0.064,10.6,10.6,0.533,0.587,0.319,0.326,99.34,98.5,82.09,98.5,0.125,4656,9.3,19.2,12,13,13,308,342,342,54,54,54,110,332,298,418,344,362,337,337,244,168,9,8,440,485,485,71,12,10
1629962,Devin Cannady,1610612753,ORL,25.0,8,100.7,100.6,100.6,114.8,114.4,114.4,-14.1,-13.7,-13.7,0.023,0.5,2.9,0.0,0.065,0.03,5.9,5.9,0.5,0.547,0.181,0.19,102.73,102.97,85.81,102.97,0.061,159,1.4,3.5,458,452,452,489,467,467,497,491,491,524,502,525,518,513,531,50,51,350,307,236,223,165,150,150,436,420,409
1630170,Devin Vassell,1610612759,SAS,20.0,62,106.7,106.5,106.5,109.5,108.9,108.9,-2.8,-2.4,-2.4,0.071,2.55,14.0,0.021,0.138,0.079,5.5,5.5,0.492,0.524,0.138,0.143,102.0,102.37,85.31,102.37,0.071,2247,2.0,4.9,311,325,325,254,220,220,315,303,303,416,90,324,352,235,277,41,41,381,377,423,423,224,195,195,381,355,321
1629653,Devon Dotson,1610612741,CHI,21.0,11,108.4,105.3,105.3,84.9,83.7,83.7,23.5,21.7,21.7,0.2,0.0,25.0,0.039,0.061,0.05,0.0,0.0,0.548,0.548,0.16,0.175,101.42,103.72,86.43,103.72,0.166,113,1.0,1.9,254,357,357,4,6,6,5,6,6,106,524,73,211,524,459,1,1,193,303,338,275,269,111,111,15,460,483
1629719,Devontae Cacok,1610612747,LAL,24.0,20,115.4,116.7,116.7,101.1,98.6,98.6,14.3,18.1,18.1,0.013,0.2,2.5,0.117,0.183,0.151,12.5,12.6,0.586,0.576,0.154,0.157,104.73,105.46,87.88,105.46,0.114,216,0.9,1.5,54,40,40,36,26,26,11,7,7,530,519,528,29,96,53,435,440,94,198,367,368,59,49,49,116,474,505
1628984,Devonte' Graham,1610612766,CHA,26.0,55,108.9,109.2,109.2,108.0,107.1,107.1,0.9,2.1,2.1,0.272,3.51,26.4,0.013,0.075,0.043,7.5,7.5,0.51,0.552,0.211,0.216,99.04,99.34,82.78,99.34,0.103,3444,4.6,12.2,233,242,242,163,139,139,200,167,167,46,25,57,462,490,506,109,110,315,281,134,141,459,435,435,159,136,92
203473,Dewayne Dedmon,1610612748,MIA,31.0,16,122.8,121.3,121.3,106.5,104.2,104.2,16.4,17.1,17.1,0.083,0.92,11.9,0.137,0.282,0.21,12.9,12.8,0.715,0.735,0.183,0.191,96.47,98.18,81.82,98.18,0.149,428,2.9,4.1,3,5,5,116,67,67,8,8,8,356,454,393,9,14,9,449,448,8,6,224,222,531,499,499,35,257,370
1629712,Didi Louzada,1610612740,NOP,21.0,3,99.3,102.5,102.5,111.6,109.8,109.8,-12.3,-7.3,-7.3,0.073,1.0,15.8,0.015,0.032,0.023,15.8,15.8,0.308,0.308,0.114,0.116,103.91,103.09,85.91,103.09,-0.012,120,1.0,4.3,473,425,425,368,265,265,481,430,430,406,424,270,436,533,534,501,502,519,524,499,505,95,145,145,528,460,353
1628415,Dillon Brooks,1610612763,MEM,25.0,67,112.6,113.9,113.9,108.0,109.4,109.4,4.6,4.5,4.5,0.112,1.32,11.3,0.026,0.069,0.047,8.6,8.5,0.481,0.515,0.256,0.261,103.43,102.16,85.13,102.16,0.066,4233,6.4,15.4,125,95,95,164,248,248,102,106,106,255,357,408,311,505,483,176,176,408,401,49,51,120,211,211,410,65,48
1627734,Domantas Sabonis,1610612754,IND,25.0,62,108.2,109.6,109.6,109.9,111.5,111.5,-1.7,-1.9,-1.9,0.283,1.95,24.9,0.066,0.259,0.162,12.8,12.7,0.564,0.601,0.239,0.243,103.45,102.1,85.08,102.1,0.154,4746,7.8,14.6,260,223,223,280,347,347,289,291,291,40,208,76,104,21,35,447,447,142,125,69,73,117,215,215,27,32,56
1628378,Donovan Mitchell,1610612762,UTA,24.0,53,116.2,117.1,117.1,108.0,109.2,109.2,8.2,7.9,7.9,0.266,1.88,16.8,0.028,0.095,0.063,8.9,8.9,0.52,0.569,0.327,0.334,100.96,99.99,83.32,99.99,0.138,3688,9.0,20.6,43,31,31,161,237,237,40,44,44,52,222,234,289,409,375,206,204,288,223,6,6,315,377,377,48,17,4
1629743,Donta Hall,1610612753,ORL,23.0,13,102.9,97.9,97.9,103.5,104.5,104.5,-0.6,-6.5,-6.5,0.102,1.38,15.9,0.126,0.193,0.16,11.6,11.6,0.714,0.731,0.135,0.143,101.08,103.1,85.91,103.1,0.145,388,1.9,2.7,417,484,484,54,73,73,255,409,409,282,338,260,19,80,39,387,388,9,7,437,422,305,144,144,38,360,449
1628978,Donte DiVincenzo,1610612749,MIL,24.0,66,116.6,117.3,117.3,109.4,109.1,109.1,7.1,8.1,8.1,0.137,2.23,21.9,0.043,0.155,0.1,9.8,9.8,0.528,0.542,0.163,0.166,104.94,104.77,87.31,104.77,0.087,3953,3.8,9.1,38,27,27,247,231,231,60,41,41,200,135,114,191,176,181,279,280,256,324,317,329,50,70,70,268,173,153
1627827,Dorian Finney-Smith,1610612742,DAL,28.0,60,116.4,117.2,117.2,110.9,112.1,112.1,5.5,5.1,5.1,0.07,2.13,16.1,0.052,0.116,0.084,7.6,7.6,0.6,0.609,0.12,0.123,99.22,98.37,81.98,98.37,0.074,3935,3.7,7.8,40,29,29,339,383,383,83,92,92,423,158,258,154,313,246,113,118,68,102,479,483,449,491,491,361,184,195
203926,Doug McDermott,1610612754,IND,29.0,66,109.5,110.5,110.5,111.6,112.3,112.3,-2.1,-1.8,-1.8,0.075,1.6,10.1,0.036,0.096,0.066,6.3,6.3,0.616,0.635,0.194,0.199,104.5,103.7,86.42,103.7,0.096,3505,5.4,10.1,214,194,194,367,390,390,296,285,285,396,287,445,229,402,354,66,67,49,60,177,183,71,112,112,202,102,125
203110,Draymond Green,1610612744,GSW,31.0,63,113.7,114.8,114.8,108.5,109.3,109.3,5.2,5.4,5.4,0.345,2.97,48.0,0.028,0.184,0.11,16.2,16.1,0.492,0.53,0.128,0.13,105.13,104.21,86.84,104.21,0.107,4305,2.7,6.0,87,69,69,194,245,245,91,87,87,12,51,2,281,95,135,508,509,379,364,456,466,45,90,90,146,275,273
1629234,Drew Eubanks,1610612759,SAS,24.0,54,103.7,103.6,103.6,109.2,108.2,108.2,-5.5,-4.6,-4.6,0.086,0.93,12.4,0.09,0.207,0.148,13.2,13.3,0.571,0.618,0.166,0.17,101.79,102.29,85.24,102.29,0.115,1599,2.1,3.8,394,398,398,236,187,187,384,365,365,350,450,380,62,60,57,459,463,123,83,300,312,240,202,202,100,340,387
1629130,Duncan Robinson,1610612748,MIA,27.0,72,110.0,110.6,110.6,107.1,108.3,108.3,2.9,2.3,2.3,0.082,1.57,13.4,0.003,0.109,0.057,8.5,8.5,0.614,0.628,0.162,0.167,98.34,97.55,81.29,97.55,0.075,4602,4.4,10.0,195,185,185,130,190,190,141,161,161,362,294,345,517,341,408,173,173,52,67,324,325,491,521,521,352,144,129
1628407,Dwayne Bacon,1610612753,ORL,25.0,72,101.2,101.3,101.3,112.3,112.8,112.8,-11.1,-11.4,-11.4,0.08,2.02,9.9,0.015,0.102,0.056,4.9,4.9,0.443,0.49,0.193,0.198,100.67,100.39,83.66,100.39,0.069,3875,4.1,10.1,449,439,439,397,407,407,473,478,478,378,182,454,440,375,422,27,25,458,442,184,190,340,346,346,393,160,123
2730,Dwight Howard,1610612755,PHI,35.0,69,104.2,103.9,103.9,106.1,106.3,106.3,-1.9,-2.4,-2.4,0.076,0.54,10.7,0.148,0.309,0.228,19.7,19.7,0.596,0.61,0.173,0.18,101.13,101.16,84.3,101.16,0.13,2517,2.6,4.4,389,390,390,104,113,113,292,304,304,393,499,424,4,5,4,525,525,77,101,270,266,301,288,288,61,286,346
203939,Dwight Powell,1610612742,DAL,29.0,58,113.5,112.8,112.8,108.8,108.8,108.8,4.6,4.0,4.0,0.09,1.58,17.8,0.086,0.158,0.123,11.3,11.4,0.631,0.688,0.129,0.133,99.54,99.87,83.22,99.87,0.099,2007,2.1,3.3,97,129,129,214,211,211,101,117,117,329,291,207,66,161,97,371,373,37,16,452,458,426,390,390,174,344,419
1629685,Dylan Windler,1610612739,CLE,24.0,31,105.4,104.6,104.6,111.7,111.1,111.1,-6.3,-6.5,-6.5,0.089,1.03,15.9,0.039,0.171,0.104,15.5,15.5,0.538,0.567,0.14,0.146,101.21,101.87,84.89,101.87,0.082,1092,1.8,4.2,363,377,377,371,331,331,402,407,407,334,417,260,215,127,163,499,500,222,228,416,412,294,235,235,304,374,365
202734,E'Twaun Moore,1610612756,PHX,32.0,27,107.5,108.4,108.4,108.0,107.9,107.9,-0.5,0.5,0.5,0.14,1.74,20.9,0.035,0.08,0.057,12.0,12.1,0.5,0.523,0.164,0.167,101.68,101.31,84.43,101.31,0.064,822,2.0,4.5,282,261,261,165,169,169,251,221,221,195,255,135,239,477,410,410,413,350,381,309,323,252,270,270,421,348,342
202334,Ed Davis,1610612750,MIN,32.0,23,101.4,101.4,101.4,108.2,109.0,109.0,-6.8,-7.6,-7.6,0.1,3.0,26.9,0.127,0.235,0.176,9.0,9.1,0.432,0.487,0.078,0.079,101.64,101.24,84.37,101.24,0.079,631,0.8,1.9,445,437,437,175,224,224,413,431,431,287,43,50,17,36,23,211,225,467,452,537,537,256,280,280,321,478,482
1628410,Edmond Sumner,1610612754,IND,25.0,53,111.8,111.8,111.8,112.3,112.2,112.2,-0.5,-0.4,-0.4,0.075,0.96,11.8,0.02,0.083,0.052,12.2,12.2,0.587,0.626,0.176,0.18,105.87,105.9,88.25,105.9,0.072,1889,2.8,5.3,138,152,152,398,387,387,252,252,252,398,447,397,363,462,448,426,420,92,68,259,263,37,43,43,376,270,305
203901,Elfrid Payton,1610612752,NYK,27.0,63,106.3,107.8,107.8,109.2,110.8,110.8,-2.9,-3.0,-3.0,0.209,1.97,20.9,0.041,0.098,0.069,10.6,10.6,0.455,0.478,0.224,0.228,98.7,97.3,81.08,97.3,0.079,3006,4.3,9.9,322,278,278,238,316,316,321,320,320,95,201,136,201,397,323,336,336,446,459,104,106,478,529,529,324,150,134
1629091,Elijah Bryant,1610612749,MIL,26.0,1,118.6,119.7,119.7,106.7,105.7,105.7,11.9,14.0,14.0,0.13,0.75,14.3,0.065,0.133,0.098,19.0,18.8,0.5,0.559,0.231,0.239,107.22,107.19,89.33,107.19,0.072,71,6.0,13.0,8,8,8,120,103,103,20,14,14,219,477,312,108,249,191,522,522,350,257,83,81,21,28,28,371,72,72
1630190,Elijah Hughes,1610612762,UTA,23.0,18,98.4,91.5,91.5,123.1,120.3,120.3,-24.7,-28.8,-28.8,0.158,1.0,13.6,0.014,0.119,0.066,13.6,13.7,0.467,0.488,0.242,0.26,100.21,105.09,87.58,105.09,0.071,141,0.6,1.7,480,512,512,532,530,530,522,529,529,156,424,337,449,292,356,474,475,435,448,68,52,374,57,57,384,503,496
202683,Enes Freedom,1610612757,POR,29.0,72,117.4,119.7,119.7,114.4,114.8,114.8,3.0,4.9,4.9,0.069,1.08,10.6,0.148,0.281,0.213,9.8,9.8,0.605,0.636,0.169,0.172,99.9,98.79,82.32,98.79,0.141,3607,4.7,7.8,18,9,9,470,478,478,139,98,98,425,405,429,3,15,7,281,283,64,55,281,293,400,475,475,42,130,193
202339,Eric Bledsoe,1610612740,NOP,31.0,71,112.3,113.0,113.0,113.8,114.8,114.8,-1.5,-1.8,-1.8,0.17,2.35,22.4,0.013,0.1,0.057,9.5,9.5,0.503,0.533,0.181,0.185,102.46,101.67,84.73,101.67,0.077,4479,4.3,10.3,129,120,120,454,480,480,285,284,284,141,114,107,454,382,417,256,257,339,359,237,243,185,248,248,336,147,115
201569,Eric Gordon,1610612745,HOU,32.0,27,104.9,106.8,106.8,108.8,110.1,110.1,-3.9,-3.3,-3.3,0.147,1.39,13.3,0.009,0.062,0.035,9.6,9.5,0.527,0.577,0.246,0.251,104.41,102.85,85.71,102.85,0.097,1684,5.9,13.6,371,311,311,211,273,273,338,328,328,182,334,350,501,522,529,257,252,259,196,62,64,77,166,166,192,76,62
1629672,Eric Paschall,1610612744,GSW,24.0,40,103.7,103.7,103.7,109.9,110.5,110.5,-6.2,-6.8,-6.8,0.125,1.19,11.9,0.038,0.138,0.088,10.0,9.9,0.527,0.561,0.234,0.241,103.07,102.8,85.67,102.8,0.098,1483,3.7,7.5,393,396,396,276,296,296,399,417,417,229,382,394,217,236,228,292,289,261,251,79,76,144,170,170,181,182,209
101141,Ersan Ilyasova,1610612762,UTA,34.0,17,108.6,109.7,109.7,105.9,103.0,103.0,2.7,6.7,6.7,0.04,0.5,5.9,0.047,0.143,0.095,11.8,11.7,0.556,0.578,0.19,0.194,97.52,98.42,82.01,98.42,0.062,300,1.2,3.2,245,219,219,99,58,58,145,64,64,507,502,515,172,221,198,396,394,167,190,200,202,518,488,488,431,430,429
203095,Evan Fournier,1610612738,BOS,28.0,42,110.7,111.6,111.6,112.7,113.0,113.0,-2.0,-1.4,-1.4,0.17,1.97,17.8,0.007,0.094,0.049,9.0,8.9,0.565,0.598,0.222,0.229,102.36,101.83,84.86,101.83,0.098,2672,5.9,12.9,169,157,157,417,420,420,295,275,275,140,200,209,511,418,467,220,207,139,137,106,105,193,238,238,183,77,76
1630267,Facundo Campazzo,1610612743,DEN,30.0,65,111.1,111.6,111.6,108.8,108.8,108.8,2.3,2.8,2.8,0.215,3.18,35.3,0.015,0.081,0.047,11.1,11.1,0.502,0.558,0.128,0.131,99.32,99.09,82.57,99.09,0.074,2940,1.8,4.8,159,158,158,213,212,212,157,146,146,91,38,13,434,470,482,357,357,348,258,459,461,441,451,451,358,371,322
1628402,Frank Jackson,1610612765,DET,23.0,40,105.7,106.1,106.1,106.5,107.0,107.0,-0.8,-1.0,-1.0,0.079,1.06,9.2,0.021,0.092,0.057,8.7,8.6,0.561,0.598,0.207,0.214,100.15,99.74,83.12,99.74,0.093,1535,3.4,7.3,350,339,339,118,136,136,265,265,265,386,412,466,360,428,407,184,178,150,136,146,148,379,401,401,226,213,214
1626163,Frank Kaminsky,1610612756,PHX,28.0,47,113.7,113.5,113.5,109.4,108.9,108.9,4.3,4.6,4.6,0.154,3.59,20.5,0.051,0.208,0.131,5.7,5.7,0.531,0.547,0.185,0.19,99.29,99.62,83.02,99.62,0.106,1478,2.6,5.5,88,111,111,245,216,216,111,104,104,169,23,139,155,59,78,46,46,248,309,215,224,444,414,414,151,288,302
1628412,Frank Mason III,1610612753,ORL,27.0,4,96.0,96.9,96.9,108.3,108.0,108.0,-12.2,-11.1,-11.1,0.218,2.4,27.3,0.033,0.103,0.068,11.4,11.3,0.417,0.462,0.17,0.175,98.1,97.78,81.48,97.78,0.059,161,2.3,6.0,503,494,494,177,175,175,479,475,475,88,108,45,246,370,338,372,369,484,477,279,278,503,512,512,443,324,276
1628373,Frank Ntilikina,1610612752,NYK,22.0,33,103.5,99.7,99.7,102.8,103.3,103.3,0.7,-3.6,-3.6,0.095,1.73,16.2,0.019,0.077,0.048,9.4,9.4,0.513,0.512,0.134,0.14,97.86,99.43,82.86,99.43,0.036,662,0.9,2.4,404,464,464,50,62,62,209,335,335,312,256,252,387,485,479,250,251,311,407,439,435,510,428,428,505,473,460
1627832,Fred VanVleet,1610612761,TOR,27.0,52,111.6,113.6,113.6,108.5,110.2,110.2,3.1,3.3,3.3,0.264,3.45,23.8,0.016,0.101,0.057,6.9,6.9,0.489,0.534,0.237,0.24,100.84,99.17,82.64,99.17,0.115,3927,6.5,16.7,146,103,103,196,282,282,138,126,126,53,27,87,427,377,415,88,89,386,353,75,78,323,447,447,107,63,36
1630273,Freddie Gillespie,1610612761,TOR,24.0,20,101.2,101.3,101.3,111.7,110.9,110.9,-10.6,-9.6,-9.6,0.034,0.75,7.4,0.1,0.142,0.12,9.9,10.0,0.524,0.563,0.12,0.121,100.59,100.86,84.05,100.86,0.075,824,2.2,4.2,453,440,440,376,320,320,466,457,457,515,477,499,45,224,106,285,299,270,244,482,488,344,308,308,349,333,363
1627788,Furkan Korkmaz,1610612755,PHI,23.0,55,109.7,110.3,110.3,103.6,104.3,104.3,6.1,6.0,6.0,0.111,1.78,14.0,0.015,0.09,0.052,7.9,7.8,0.52,0.544,0.195,0.202,101.84,101.22,84.35,101.22,0.089,2243,3.1,7.7,201,198,198,55,71,71,74,79,79,256,246,321,431,436,452,137,133,286,318,175,174,232,282,282,255,241,197
1629216,Gabe Vincent,1610612748,MIA,25.0,50,106.2,104.3,104.3,110.0,110.3,110.3,-3.8,-5.9,-5.9,0.161,1.97,19.6,0.016,0.068,0.043,9.9,9.9,0.476,0.498,0.184,0.194,97.0,97.74,81.45,97.74,0.049,1335,1.8,4.7,328,384,384,283,286,286,336,393,393,152,202,156,428,506,507,289,285,416,433,219,201,529,514,514,478,382,337
1630466,Gabriel Deck,1610612760,OKC,26.0,10,105.3,104.1,104.1,117.6,116.8,116.8,-12.3,-12.7,-12.7,0.16,4.0,22.4,0.067,0.118,0.09,5.6,5.6,0.493,0.548,0.159,0.165,102.33,103.21,86.01,103.21,0.1,458,3.2,6.7,365,386,386,518,516,516,483,484,484,155,14,106,102,303,223,43,43,377,302,343,336,196,135,135,172,229,242
202066,Garrett Temple,1610612741,CHI,35.0,56,110.3,110.8,110.8,108.9,109.3,109.3,1.3,1.5,1.5,0.104,2.14,21.3,0.019,0.082,0.052,10.0,9.9,0.503,0.525,0.126,0.129,102.58,102.2,85.17,102.2,0.051,3254,2.8,6.8,183,180,180,226,240,240,183,187,187,279,156,128,376,463,454,291,288,344,375,464,468,178,210,210,473,266,236
1629726,Garrison Mathews,1610612764,WAS,24.0,64,108.0,107.7,107.7,112.5,113.4,113.4,-4.5,-5.6,-5.6,0.032,2.6,8.4,0.015,0.065,0.04,3.2,3.2,0.57,0.635,0.111,0.117,106.74,106.43,88.69,106.43,0.052,2299,1.5,3.7,271,281,281,405,430,430,356,388,388,518,84,481,439,512,514,15,15,127,59,506,501,26,35,35,472,408,395
1629109,Gary Clark,1610612755,PHI,26.0,39,103.3,104.1,104.1,112.5,111.7,111.7,-9.1,-7.7,-7.7,0.064,1.82,16.8,0.044,0.125,0.082,9.2,9.2,0.42,0.436,0.097,0.099,101.27,101.25,84.37,101.25,0.044,1377,1.0,3.4,409,387,387,406,364,364,454,432,432,452,232,233,186,280,257,238,238,482,493,524,527,288,278,278,493,457,416
203914,Gary Harris,1610612753,ORL,26.0,39,108.6,110.0,110.0,113.8,114.2,114.2,-5.1,-4.2,-4.2,0.102,2.11,15.8,0.019,0.054,0.036,7.5,7.5,0.47,0.511,0.164,0.167,99.65,98.87,82.39,98.87,0.053,2230,3.5,8.8,244,208,208,451,459,459,373,353,353,283,161,268,384,526,527,108,109,432,408,312,321,418,470,470,466,194,166
1627780,Gary Payton II,1610612744,GSW,28.0,10,106.8,103.3,103.3,99.5,101.1,101.1,7.3,2.2,2.2,0.037,1.0,6.3,0.051,0.176,0.122,6.3,6.0,0.846,0.847,0.153,0.171,108.94,109.87,91.56,109.87,0.164,92,1.0,1.3,310,407,407,26,42,42,55,165,165,511,424,511,157,107,100,61,55,3,3,368,300,12,14,14,18,460,512
1629018,Gary Trent Jr.,1610612761,TOR,22.0,58,112.8,113.9,113.9,114.5,115.7,115.7,-1.7,-1.8,-1.8,0.067,1.86,8.4,0.014,0.069,0.04,4.5,4.5,0.513,0.534,0.204,0.208,100.81,99.82,83.19,99.82,0.071,3752,5.5,13.5,116,99,99,474,499,499,287,283,283,438,227,484,452,504,517,23,23,310,355,151,154,326,393,393,380,93,63
201588,George Hill,1610612755,PHI,35.0,30,109.6,109.7,109.7,108.9,110.2,110.2,0.7,-0.4,-0.4,0.156,2.35,22.8,0.023,0.063,0.044,9.7,9.6,0.561,0.596,0.161,0.167,99.05,98.38,81.98,98.38,0.088,1375,3.2,6.6,206,215,215,217,279,279,208,251,251,160,113,98,333,517,504,271,267,151,147,332,326,458,489,489,266,235,247
1627777,Georges Niang,1610612762,UTA,28.0,72,115.4,114.9,114.9,100.5,100.3,100.3,14.9,14.6,14.6,0.071,1.16,11.2,0.024,0.117,0.072,9.7,9.7,0.59,0.602,0.169,0.174,101.43,101.74,84.79,101.74,0.076,2445,2.5,5.6,56,65,65,31,36,36,10,13,13,418,385,413,323,309,308,272,274,87,121,282,282,268,244,244,342,303,295
203507,Giannis Antetokounmpo,1610612749,MIL,26.0,61,115.9,117.1,117.1,107.6,107.3,107.3,8.3,9.8,9.8,0.282,1.72,18.7,0.048,0.264,0.16,10.8,10.8,0.6,0.633,0.32,0.325,104.57,104.17,86.81,104.17,0.196,4359,10.3,18.0,47,30,30,151,148,148,39,27,27,41,257,179,168,19,42,345,344,69,64,8,9,67,92,92,5,4,20
203922,Glenn Robinson III,1610612758,SAC,27.0,23,106.0,105.2,105.2,120.8,122.5,122.5,-14.8,-17.3,-17.3,0.075,1.82,14.2,0.028,0.094,0.06,7.8,7.9,0.505,0.554,0.135,0.138,103.07,102.74,85.61,102.74,0.057,793,1.8,4.3,340,360,360,527,533,533,498,510,510,401,236,316,284,414,389,129,136,330,273,435,439,145,172,172,454,375,358
1629048,Goga Bitadze,1610612754,IND,21.0,45,108.8,108.5,108.5,109.9,109.3,109.3,-1.1,-0.8,-0.8,0.087,2.18,13.4,0.095,0.148,0.121,6.2,6.2,0.479,0.523,0.169,0.174,104.82,105.27,87.73,105.27,0.078,1227,1.8,4.3,237,259,259,278,242,242,273,263,263,346,145,344,52,207,104,60,62,411,380,286,281,55,51,51,330,373,355
201609,Goran Dragic,1610612748,MIA,35.0,50,109.6,110.1,110.1,108.4,108.6,108.6,1.1,1.5,1.5,0.26,1.86,23.1,0.019,0.107,0.063,12.5,12.5,0.514,0.552,0.239,0.244,98.91,98.59,82.16,98.59,0.097,2745,4.8,11.1,207,204,204,192,200,200,192,188,188,55,229,96,380,352,365,434,436,304,282,71,72,466,481,481,197,119,104
202330,Gordon Hayward,1610612766,CHA,31.0,44,109.7,111.0,111.0,110.2,110.3,110.3,-0.4,0.7,0.7,0.189,1.99,17.9,0.024,0.143,0.083,9.0,9.0,0.537,0.584,0.235,0.237,101.49,100.83,84.03,100.83,0.124,3142,7.1,15.0,200,172,172,295,288,288,249,214,214,119,198,204,327,219,253,214,218,228,179,78,84,265,311,311,74,50,51
203476,Gorgui Dieng,1610612759,SAS,31.0,38,106.2,106.6,106.6,112.6,113.2,113.2,-6.4,-6.7,-6.7,0.13,1.5,17.6,0.068,0.181,0.122,11.7,11.7,0.613,0.67,0.169,0.174,102.07,101.65,84.71,101.65,0.12,1175,2.2,4.3,324,324,324,410,426,426,405,415,415,219,305,213,100,100,98,394,396,54,23,285,284,220,250,250,88,328,360
1630203,Grant Riller,1610612766,CHA,24.0,7,98.7,96.4,96.4,110.9,101.8,101.8,-12.2,-5.4,-5.4,0.3,3.0,18.8,0.0,0.04,0.02,6.3,6.3,0.75,0.75,0.22,0.225,92.64,97.82,81.52,97.82,0.211,55,1.1,1.7,477,497,497,337,50,50,480,380,380,33,43,176,518,532,535,61,66,5,4,112,114,540,509,509,2,443,495
1629684,Grant Williams,1610612738,BOS,22.0,63,107.5,107.4,107.4,108.4,109.3,109.3,-0.8,-1.9,-1.9,0.079,1.14,16.4,0.04,0.113,0.076,14.4,14.4,0.534,0.546,0.12,0.124,101.41,101.01,84.17,101.01,0.04,2393,1.7,3.9,283,292,292,183,241,241,266,290,290,383,386,245,208,322,288,489,488,237,317,480,480,272,302,302,500,384,378
1628960,Grayson Allen,1610612763,MEM,25.0,50,111.1,111.6,111.6,110.2,111.0,111.0,0.9,0.5,0.5,0.116,2.25,17.9,0.014,0.106,0.06,7.9,7.9,0.547,0.586,0.164,0.169,102.9,102.33,85.27,102.33,0.084,2682,3.5,8.3,160,161,161,299,328,328,201,219,219,246,129,206,450,356,388,144,137,195,170,315,316,151,197,197,290,202,179
204222,Greg Whittington,1610612743,DEN,28.0,4,113.1,103.7,103.7,77.5,70.4,70.4,35.6,33.3,33.3,0.0,0.0,0.0,0.0,0.0,0.0,0.0,0.0,0.0,0.0,0.103,0.112,98.42,107.85,89.88,107.85,-0.071,27,0.0,0.8,105,397,397,2,1,1,2,2,2,531,524,531,518,535,538,1,1,535,536,516,514,488,20,20,536,535,527
1628977,Hamidou Diallo,1610612765,DET,22.0,52,101.3,102.0,102.0,108.8,110.6,110.6,-7.5,-8.6,-8.6,0.133,1.33,13.8,0.046,0.161,0.105,10.4,10.3,0.506,0.541,0.218,0.224,101.81,100.59,83.83,100.59,0.099,2583,4.3,9.0,448,430,430,212,306,306,427,443,443,214,355,331,176,152,162,323,324,328,328,119,119,237,326,326,178,148,158
203084,Harrison Barnes,1610612758,SAC,29.0,58,114.0,114.4,114.4,114.9,116.2,116.2,-1.0,-1.8,-1.8,0.128,2.16,19.4,0.031,0.152,0.092,9.0,8.9,0.575,0.626,0.169,0.172,101.93,101.16,84.3,101.16,0.107,4440,5.5,11.1,80,77,77,492,505,505,271,282,282,224,149,161,267,187,217,213,211,114,70,288,292,229,286,286,145,95,105
1628385,Harry Giles III,1610612757,POR,23.0,38,103.6,101.1,101.1,111.7,111.5,111.5,-8.1,-10.4,-10.4,0.125,1.45,18.4,0.079,0.254,0.168,12.7,12.7,0.474,0.496,0.154,0.161,102.0,103.33,86.11,103.33,0.095,749,1.1,2.6,401,443,443,372,348,348,437,467,467,230,322,192,80,23,30,445,445,421,437,361,355,228,126,126,210,449,454
202355,Hassan Whiteside,1610612758,SAC,32.0,36,106.5,106.3,106.3,114.9,114.5,114.5,-8.4,-8.1,-8.1,0.058,0.5,6.3,0.109,0.269,0.19,12.5,12.5,0.563,0.566,0.227,0.233,102.66,102.93,85.77,102.93,0.123,1166,3.5,6.2,320,330,330,491,469,469,443,438,438,474,502,510,35,17,14,441,439,147,235,99,97,171,157,157,82,197,264
1627740,Henry Ellenson,1610612761,TOR,24.0,2,98.0,98.8,98.8,89.6,88.2,88.2,8.4,10.6,10.6,0.208,0.0,23.8,0.061,0.205,0.129,0.0,0.0,0.429,0.476,0.167,0.168,104.69,105.09,87.58,105.09,0.106,83,2.5,7.0,487,473,473,9,9,9,38,25,25,97,524,88,122,63,82,1,1,471,463,294,318,61,58,58,150,298,230
1629649,Ignas Brazdeikis,1610612753,ORL,22.0,13,109.6,110.3,110.3,115.2,114.6,114.6,-5.7,-4.3,-4.3,0.1,1.42,14.3,0.041,0.129,0.085,10.1,10.2,0.488,0.51,0.171,0.173,101.51,101.47,84.56,101.47,0.063,524,2.7,6.4,205,197,197,495,472,472,391,355,355,289,328,312,200,265,244,303,309,387,414,276,286,262,254,254,425,276,254
202697,Iman Shumpert,1610612751,BKN,31.0,2,96.0,91.3,91.3,88.4,95.7,95.7,7.6,-4.3,-4.3,0.0,0.0,0.0,0.077,0.0,0.045,20.0,20.0,0.25,0.25,0.185,0.193,102.18,100.52,83.76,100.52,-0.011,23,0.5,2.0,504,513,513,6,20,20,50,357,357,531,524,531,83,535,493,526,526,524,528,217,208,207,333,333,527,508,477
1630193,Immanuel Quickley,1610612752,NYK,22.0,64,111.2,111.6,111.6,104.8,104.5,104.5,6.3,7.1,7.1,0.164,2.19,15.3,0.02,0.086,0.054,7.0,6.9,0.497,0.557,0.246,0.258,97.21,97.18,80.98,97.18,0.103,2519,3.6,9.1,157,160,160,75,74,74,70,58,58,148,141,288,364,449,440,92,88,365,261,61,58,527,534,534,157,190,156
1629067,Isaac Bonga,1610612764,WAS,21.0,40,101.3,99.2,99.2,102.4,102.4,102.4,-1.0,-3.3,-3.3,0.072,1.05,17.8,0.042,0.1,0.073,17.1,17.0,0.451,0.461,0.101,0.106,103.87,104.95,87.46,104.95,0.022,942,0.8,2.0,446,469,469,45,53,53,272,329,329,412,413,208,198,384,306,514,515,450,478,522,518,98,60,60,518,487,476
1630171,Isaac Okoro,1610612739,CLE,20.0,67,103.2,104.6,104.6,112.9,113.4,113.4,-9.7,-8.7,-8.7,0.086,1.49,15.2,0.031,0.066,0.048,10.2,10.2,0.476,0.514,0.142,0.145,98.94,98.07,81.72,98.07,0.044,4431,3.5,8.3,412,375,375,425,428,428,460,444,444,349,309,291,264,511,475,312,313,417,403,408,419,465,502,502,496,196,177
1628392,Isaiah Hartenstein,1610612739,CLE,23.0,46,107.0,107.8,107.8,106.7,105.7,105.7,0.3,2.1,2.1,0.147,1.25,18.3,0.114,0.207,0.16,14.6,14.6,0.556,0.583,0.187,0.191,99.86,99.97,83.31,99.97,0.108,1152,2.0,3.7,300,277,277,122,102,102,227,168,168,181,371,194,32,61,41,493,492,167,180,212,220,404,380,380,142,347,393
1630198,Isaiah Joe,1610612755,PHI,21.0,41,105.7,106.9,106.9,108.3,105.1,105.1,-2.6,1.8,1.8,0.072,1.82,11.5,0.014,0.083,0.045,6.3,6.3,0.508,0.533,0.163,0.166,102.09,103.07,85.89,103.07,0.058,816,1.2,3.2,352,310,310,180,92,92,311,180,180,411,236,403,451,459,495,67,69,323,357,322,327,217,146,146,448,438,422
1629676,Isaiah Roby,1610612760,OKC,23.0,61,99.4,99.5,99.5,113.3,113.6,113.6,-13.9,-14.1,-14.1,0.118,0.95,15.3,0.057,0.169,0.112,16.1,16.1,0.52,0.555,0.171,0.176,103.08,102.9,85.75,102.9,0.084,3052,3.4,7.0,472,467,467,440,436,436,494,493,493,241,449,289,131,130,125,507,508,287,272,275,273,143,162,162,295,208,228
1630191,Isaiah Stewart,1610612765,DET,20.0,68,104.8,105.5,105.5,106.3,107.4,107.4,-1.5,-2.0,-2.0,0.064,0.88,10.3,0.105,0.193,0.149,11.7,11.6,0.578,0.597,0.15,0.154,100.5,99.66,83.05,99.66,0.108,3020,3.3,6.0,374,349,349,112,155,155,286,292,292,455,461,440,38,79,56,389,390,104,139,378,381,352,411,411,144,216,275
202738,Isaiah Thomas,1610612740,NOP,32.0,3,107.1,106.7,106.7,100.6,100.0,100.0,6.5,6.7,6.7,0.167,0.83,12.8,0.019,0.052,0.036,15.4,15.4,0.389,0.412,0.274,0.281,103.41,103.92,86.6,103.92,0.033,105,3.0,9.0,295,317,317,33,33,33,67,65,65,145,465,360,387,528,528,498,499,503,505,38,38,122,103,103,509,247,159
202397,Ish Smith,1610612764,WAS,32.0,44,110.2,111.0,111.0,108.4,108.7,108.7,1.8,2.3,2.3,0.242,4.2,32.8,0.022,0.131,0.076,7.8,7.8,0.465,0.473,0.155,0.158,105.45,104.87,87.4,104.87,0.093,2020,2.9,6.8,191,171,171,189,204,204,171,160,160,65,11,17,341,259,286,130,132,437,468,357,363,41,65,65,227,252,239
1627826,Ivica Zubac,1610612746,LAC,24.0,72,113.9,114.3,114.3,108.6,109.3,109.3,5.3,5.0,5.0,0.079,1.11,13.9,0.121,0.2,0.162,12.5,12.7,0.654,0.693,0.147,0.15,99.46,98.99,82.49,98.99,0.117,3324,3.6,5.5,82,83,83,200,239,239,89,94,94,382,397,325,24,70,36,440,444,20,15,386,399,432,463,463,95,193,301
200755,JJ Redick,1610612742,DAL,37.0,44,109.4,109.3,109.3,109.7,110.6,110.6,-0.3,-1.3,-1.3,0.098,1.42,13.7,0.006,0.082,0.044,9.7,9.6,0.521,0.564,0.184,0.192,102.72,102.32,85.27,102.32,0.067,1552,2.4,6.1,216,233,233,266,305,305,244,273,273,298,328,335,514,466,501,273,260,283,243,223,212,166,199,199,404,306,270
1629630,Ja Morant,1610612763,MEM,21.0,63,113.6,114.7,114.7,110.8,112.1,112.1,2.8,2.6,2.6,0.321,2.29,25.9,0.027,0.091,0.059,11.3,11.3,0.487,0.537,0.267,0.27,103.24,102.16,85.13,102.16,0.113,4366,6.8,15.2,92,70,70,335,382,382,143,152,152,25,120,64,291,430,398,369,370,390,345,40,42,129,212,212,118,54,49
203960,JaKarr Sampson,1610612754,IND,28.0,29,109.5,109.9,109.9,109.8,108.9,108.9,-0.4,1.1,1.1,0.017,0.27,2.8,0.08,0.145,0.113,10.4,10.4,0.509,0.533,0.177,0.184,104.1,104.34,86.95,104.34,0.059,686,1.9,3.9,215,209,209,270,215,215,245,196,196,526,515,526,79,212,124,324,326,318,358,255,249,90,86,86,444,359,380
203210,JaMychal Green,1610612743,DEN,31.0,58,110.5,111.8,111.8,107.3,107.6,107.6,3.2,4.1,4.1,0.07,1.0,10.5,0.072,0.177,0.122,10.5,10.5,0.568,0.59,0.172,0.176,98.52,97.77,81.48,97.77,0.088,2283,3.0,6.4,177,153,153,135,161,161,135,112,112,422,424,433,93,105,99,330,332,132,157,273,274,487,513,513,265,249,252
201580,JaVale McGee,1610612743,DEN,33.0,46,101.0,100.9,100.9,106.2,106.9,106.9,-5.2,-6.1,-6.1,0.098,0.65,9.5,0.105,0.231,0.166,14.6,14.6,0.52,0.541,0.228,0.235,100.17,99.87,83.22,99.87,0.115,1410,3.1,6.1,456,446,446,107,133,133,376,397,397,297,494,461,39,41,32,492,493,290,330,93,88,377,389,389,103,237,269
203953,Jabari Parker,1610612738,BOS,26.0,13,100.3,100.6,100.6,105.3,106.1,106.1,-5.0,-5.5,-5.5,0.105,1.1,13.4,0.056,0.18,0.117,12.2,12.2,0.564,0.593,0.175,0.181,100.74,100.23,83.53,100.23,0.117,348,2.3,4.2,465,453,453,81,111,111,370,383,383,277,400,343,138,103,114,420,426,143,149,262,257,336,356,356,94,319,362
1630183,Jaden McDaniels,1610612750,MIN,20.0,63,108.5,109.6,109.6,112.5,113.1,113.1,-4.0,-3.4,-3.4,0.064,1.51,14.1,0.032,0.118,0.073,9.3,9.3,0.545,0.552,0.118,0.121,103.92,103.13,85.94,103.13,0.05,3250,2.6,5.8,251,222,222,407,421,421,344,332,332,457,303,319,259,296,302,247,246,206,284,489,491,94,143,143,475,284,283
203109,Jae Crowder,1610612756,PHX,30.0,60,114.4,114.3,114.3,107.2,107.9,107.9,7.2,6.3,6.3,0.102,2.31,18.1,0.02,0.146,0.085,7.8,7.8,0.555,0.574,0.152,0.157,100.27,100.0,83.33,100.0,0.081,3434,3.3,8.2,71,84,84,134,171,171,57,69,69,281,118,200,365,210,242,133,129,173,207,370,369,371,375,375,308,218,183
1630256,Jae'Sean Tate,1610612745,HOU,25.0,70,107.0,108.0,108.0,111.8,111.8,111.8,-4.8,-3.8,-3.8,0.127,1.82,18.4,0.06,0.118,0.088,10.1,10.1,0.554,0.576,0.161,0.163,103.22,102.71,85.59,102.71,0.083,4360,4.5,8.9,298,272,272,378,367,367,365,340,340,228,238,189,124,302,229,307,308,178,199,335,341,132,176,176,301,140,164
1626143,Jahlil Okafor,1610612765,DET,25.0,27,98.5,98.5,98.5,108.4,108.7,108.7,-9.8,-10.2,-10.2,0.066,0.62,8.8,0.07,0.119,0.096,14.3,14.3,0.627,0.644,0.17,0.174,99.84,99.74,83.11,99.74,0.089,717,2.3,3.8,478,476,476,187,201,201,461,465,465,439,496,472,94,294,196,487,487,40,46,278,285,405,402,402,253,314,388
1630186,Jahmi'us Ramsey,1610612758,SAC,20.0,13,107.0,106.7,106.7,108.3,104.2,104.2,-1.3,2.4,2.4,0.088,2.0,12.2,0.019,0.08,0.048,6.1,6.1,0.461,0.498,0.183,0.187,105.25,107.46,89.55,107.46,0.063,210,1.2,2.9,297,317,317,178,70,70,277,158,158,339,185,385,387,474,476,58,59,441,434,226,236,43,23,23,428,441,441
1627774,Jake Layman,1610612750,MIN,27.0,45,101.5,101.5,101.5,107.4,107.3,107.3,-6.0,-5.8,-5.8,0.067,1.08,11.1,0.019,0.083,0.051,10.3,10.2,0.557,0.577,0.147,0.152,104.16,104.15,86.79,104.15,0.074,1360,2.0,4.1,442,436,436,140,151,151,396,392,392,437,405,418,375,461,458,316,315,162,194,387,389,89,94,94,359,351,369
1627751,Jakob Poeltl,1610612759,SAS,25.0,69,111.5,112.2,112.2,108.7,109.0,109.0,2.7,3.2,3.2,0.096,1.61,19.3,0.114,0.173,0.143,11.9,11.8,0.616,0.612,0.13,0.134,100.28,99.84,83.2,99.84,0.1,3831,3.8,6.2,149,144,144,207,221,221,144,132,132,311,281,165,31,120,60,406,402,47,97,450,456,370,392,392,169,171,262
1628973,Jalen Brunson,1610612742,DAL,24.0,68,112.9,113.7,113.7,109.1,108.7,108.7,3.8,4.9,4.9,0.215,2.99,23.7,0.016,0.117,0.067,7.9,7.9,0.588,0.618,0.196,0.203,99.03,98.84,82.37,98.84,0.123,3490,4.8,9.2,113,102,102,233,205,205,126,97,97,90,50,89,423,311,341,142,145,90,84,171,172,460,472,472,80,116,150
1630223,Jalen Harris,1610612761,TOR,22.0,13,108.0,108.2,108.2,108.9,107.8,107.8,-0.9,0.3,0.3,0.153,1.21,15.9,0.017,0.091,0.052,13.1,13.1,0.618,0.632,0.219,0.225,102.48,102.91,85.76,102.91,0.097,368,2.8,5.5,270,268,268,220,167,167,270,225,225,170,376,264,411,429,451,454,454,46,65,114,117,184,159,159,194,272,299
1629665,Jalen Lecque,1610612754,IND,21.0,4,69.8,77.8,77.8,92.7,92.6,92.6,-22.9,-14.8,-14.8,0.333,0.0,16.7,0.083,0.2,0.128,0.0,0.0,0.111,0.242,0.263,0.278,112.83,106.81,89.01,106.81,0.12,27,0.3,2.3,536,534,534,14,16,16,517,500,500,17,524,236,68,68,83,1,1,532,529,43,39,2,31,31,89,523,470
1629667,Jalen McDaniels,1610612766,CHA,23.0,47,104.8,104.6,104.6,114.2,113.9,113.9,-9.4,-9.4,-9.4,0.09,1.18,13.0,0.047,0.138,0.091,11.0,11.0,0.53,0.554,0.169,0.175,98.31,98.54,82.12,98.54,0.073,1852,2.8,6.0,373,376,376,467,452,452,455,455,455,332,383,357,171,233,219,353,351,253,275,283,280,493,482,482,367,265,271
1630188,Jalen Smith,1610612756,PHX,21.0,27,108.5,106.3,106.3,110.7,110.7,110.7,-2.2,-4.4,-4.4,0.037,0.57,6.3,0.044,0.174,0.111,10.9,10.9,0.48,0.499,0.161,0.169,102.62,103.72,86.43,103.72,0.059,336,0.8,1.9,249,333,333,329,308,308,300,359,359,512,498,511,189,112,128,349,349,410,429,330,314,175,110,110,445,480,486
1627750,Jamal Murray,1610612743,DEN,24.0,48,117.5,118.6,118.6,110.4,110.6,110.6,7.1,8.0,8.0,0.197,2.14,19.3,0.023,0.095,0.059,9.0,9.0,0.559,0.592,0.244,0.249,97.92,97.41,81.18,97.41,0.117,3468,7.9,16.5,14,15,15,312,299,299,61,42,42,111,155,164,339,408,399,224,220,156,152,67,68,507,528,528,96,31,38
203516,James Ennis III,1610612753,ORL,30.0,41,106.9,107.9,107.9,111.5,111.7,111.7,-4.5,-3.8,-3.8,0.087,1.72,16.5,0.042,0.123,0.082,9.6,9.5,0.566,0.613,0.137,0.14,100.13,99.6,83.0,99.6,0.077,2049,2.8,5.9,303,275,275,364,359,359,357,342,342,344,259,243,199,285,256,260,253,136,92,428,432,380,415,415,337,269,280
201935,James Harden,1610612751,BKN,31.0,44,116.7,117.2,117.2,112.9,114.3,114.3,3.8,2.9,2.9,0.442,2.68,31.2,0.023,0.191,0.111,11.6,11.6,0.548,0.618,0.283,0.289,100.66,99.78,83.15,99.78,0.174,3347,7.8,16.7,35,28,28,423,465,465,120,142,142,2,73,22,331,83,132,388,387,191,82,33,32,341,395,395,11,34,37
201949,James Johnson,1610612740,NOP,34.0,51,106.0,106.4,106.4,110.7,111.4,111.4,-4.7,-5.0,-5.0,0.134,1.78,19.1,0.029,0.131,0.08,10.7,10.7,0.494,0.51,0.166,0.17,103.07,102.54,85.45,102.54,0.071,2220,2.9,6.4,338,327,327,330,340,340,363,371,371,210,247,169,274,260,272,340,340,371,413,297,311,146,185,185,379,258,253
203263,James Nunnally,1610612740,NOP,30.0,9,101.7,99.0,99.0,110.6,103.9,103.9,-9.0,-4.8,-4.8,0.094,1.5,15.8,0.033,0.149,0.084,10.5,10.6,0.538,0.54,0.129,0.134,99.47,103.97,86.64,103.97,0.075,104,0.6,1.4,439,470,470,326,64,64,451,367,367,319,305,270,246,204,247,331,338,222,333,453,454,430,100,100,350,503,506
1630164,James Wiseman,1610612744,GSW,20.0,39,100.5,101.8,101.8,110.4,110.6,110.6,-9.9,-8.8,-8.8,0.05,0.43,5.3,0.063,0.19,0.127,12.2,12.2,0.535,0.552,0.231,0.234,106.46,105.66,88.05,105.66,0.088,1830,4.9,9.4,462,434,434,309,302,302,462,445,445,490,511,519,118,85,84,425,422,233,285,82,91,29,47,47,259,114,143
201162,Jared Dudley,1610612747,LAL,35.0,12,101.2,97.7,97.7,101.6,99.4,99.4,-0.4,-1.7,-1.7,0.081,2.5,31.3,0.047,0.213,0.127,12.5,12.5,0.333,0.333,0.056,0.059,97.46,100.29,83.57,100.29,0.055,171,0.2,0.8,452,487,487,37,28,28,248,281,281,368,92,21,175,54,86,435,437,512,518,539,539,522,352,352,459,529,527
1629607,Jared Harper,1610612752,NYK,23.0,8,90.5,78.6,78.6,100.1,95.0,95.0,-9.6,-16.4,-16.4,0.125,0.33,10.0,0.0,0.091,0.045,30.0,30.7,0.0,0.26,0.2,0.228,109.94,121.11,100.92,121.11,-0.052,42,0.0,0.5,518,533,533,30,19,19,458,504,504,230,513,449,518,431,493,533,533,535,527,159,108,7,2,2,533,535,536
1628991,Jaren Jackson Jr.,1610612763,MEM,21.0,11,106.0,107.6,107.6,118.1,118.0,118.0,-12.1,-10.5,-10.5,0.074,0.8,7.1,0.06,0.164,0.112,8.8,8.8,0.492,0.551,0.252,0.258,102.09,101.41,84.51,101.41,0.097,543,4.8,11.4,336,287,287,520,523,523,478,468,468,404,469,503,123,140,127,194,193,380,291,54,56,218,261,261,191,117,101
1629020,Jarred Vanderbilt,1610612750,MIN,22.0,64,106.9,108.1,108.1,108.2,109.2,109.2,-1.3,-1.1,-1.1,0.091,1.43,18.6,0.096,0.211,0.153,13.0,12.9,0.608,0.612,0.118,0.122,104.82,103.75,86.46,103.75,0.107,2451,2.2,3.7,306,271,271,173,236,236,278,269,269,325,324,181,50,57,51,450,450,58,94,486,487,56,106,106,148,330,397
1629714,Jarrell Brantley,1610612762,UTA,25.0,28,105.7,103.0,103.0,114.6,112.1,112.1,-8.9,-9.1,-9.1,0.17,1.88,19.7,0.059,0.125,0.091,10.5,10.5,0.596,0.605,0.182,0.192,101.13,103.59,86.33,103.59,0.096,300,0.9,1.9,349,411,411,483,385,385,449,451,451,139,223,152,126,281,218,331,334,73,111,230,216,302,116,116,203,472,485
1628386,Jarrett Allen,1610612739,CLE,23.0,63,107.1,108.3,108.3,112.7,113.9,113.9,-5.6,-5.6,-5.6,0.087,1.06,12.9,0.106,0.232,0.17,12.2,12.3,0.624,0.661,0.163,0.165,100.01,98.96,82.47,98.96,0.138,3847,4.7,7.7,290,265,265,414,450,450,388,385,385,345,411,358,36,38,28,423,429,42,32,316,333,390,464,464,47,128,200
1629633,Jarrett Culver,1610612750,MIN,22.0,34,100.5,99.0,99.0,109.2,109.7,109.7,-8.7,-10.7,-10.7,0.079,0.86,9.9,0.059,0.132,0.094,11.5,11.6,0.449,0.476,0.179,0.185,103.18,103.72,86.44,103.72,0.057,1071,2.0,4.9,463,471,471,237,257,257,448,472,472,385,463,455,128,254,206,382,389,451,463,245,247,136,109,109,452,350,317
1629750,Javonte Green,1610612741,CHI,27.0,41,110.8,109.0,109.0,108.7,107.2,107.2,2.1,1.8,1.8,0.048,0.89,11.0,0.056,0.1,0.077,12.3,12.2,0.569,0.61,0.122,0.128,99.68,101.22,84.35,101.22,0.069,999,1.3,2.5,165,246,246,204,143,143,161,178,178,493,458,419,136,383,278,427,425,130,100,474,472,416,281,281,390,426,455
1629637,Jaxson Hayes,1610612740,NOP,21.0,60,104.4,104.6,104.6,105.0,105.5,105.5,-0.6,-0.9,-0.9,0.057,0.9,8.6,0.087,0.161,0.124,9.6,9.6,0.636,0.675,0.156,0.16,103.9,103.55,86.29,103.55,0.123,2078,2.9,4.7,387,378,378,78,96,96,257,264,264,478,457,477,64,150,96,264,265,33,21,354,356,96,117,117,79,253,336
1630206,Jay Scrubb,1610612746,LAC,20.0,4,113.6,112.8,112.8,112.6,115.6,115.6,0.9,-2.8,-2.8,0.015,0.14,2.2,0.022,0.14,0.079,15.2,15.2,0.417,0.458,0.217,0.227,101.34,100.35,83.63,100.35,0.051,179,3.5,9.0,94,125,125,412,498,498,199,311,311,529,521,529,345,231,274,497,496,484,485,120,110,278,349,349,474,197,159
1629121,Jaylen Adams,1610612749,MIL,25.0,7,73.2,69.0,69.0,110.3,100.0,100.0,-37.2,-31.0,-31.0,0.2,0.0,20.0,0.0,0.143,0.067,0.0,0.0,0.125,0.125,0.178,0.192,101.72,109.93,91.61,109.93,-0.017,42,0.1,1.1,535,536,536,306,33,33,532,530,530,106,524,145,518,221,345,1,1,531,534,251,214,247,13,13,529,532,519
1627759,Jaylen Brown,1610612738,BOS,24.0,58,111.6,113.5,113.5,110.5,111.8,111.8,1.1,1.8,1.8,0.162,1.23,12.4,0.035,0.136,0.085,10.1,10.0,0.558,0.586,0.29,0.295,101.61,100.17,83.48,100.17,0.129,4169,9.3,19.2,145,110,110,317,365,365,194,183,183,149,374,374,237,241,241,302,298,159,172,22,24,259,357,357,63,13,11
1629658,Jaylen Hoard,1610612760,OKC,22.0,19,101.3,99.9,99.9,109.8,108.9,108.9,-8.5,-9.1,-9.1,0.11,1.41,16.2,0.061,0.128,0.095,11.5,11.6,0.5,0.547,0.156,0.162,103.39,104.6,87.16,104.6,0.093,697,2.3,4.6,447,463,463,271,217,217,445,450,450,263,330,254,121,272,202,379,386,350,308,353,348,123,78,78,228,316,338
1629669,Jaylen Nowell,1610612750,MIN,21.0,42,104.5,104.5,104.5,111.0,111.1,111.1,-6.5,-6.6,-6.6,0.13,2.21,13.9,0.022,0.098,0.058,6.3,6.2,0.499,0.528,0.206,0.214,103.83,103.74,86.45,103.74,0.081,1645,3.4,8.0,384,380,380,343,332,332,409,412,412,221,137,327,346,396,403,65,64,362,370,148,146,100,107,107,309,212,189
1628369,Jayson Tatum,1610612738,BOS,23.0,64,113.8,114.8,114.8,111.3,111.8,111.8,2.5,3.0,3.0,0.196,1.61,14.5,0.021,0.188,0.102,9.0,8.9,0.53,0.576,0.298,0.307,100.44,99.74,83.12,99.74,0.152,4767,9.5,20.6,84,68,68,357,369,369,151,139,139,113,282,307,354,89,174,210,209,252,197,16,17,362,399,399,30,10,3
201145,Jeff Green,1610612751,BKN,34.0,68,115.7,116.1,116.1,111.7,112.8,112.8,4.0,3.3,3.3,0.08,2.0,14.1,0.019,0.116,0.07,7.1,7.1,0.59,0.624,0.154,0.156,102.29,101.65,84.71,101.65,0.083,3880,3.8,7.8,52,47,47,375,409,409,116,128,128,372,185,317,373,315,317,93,94,88,73,365,371,201,249,249,298,172,192
201952,Jeff Teague,1610612749,MIL,33.0,55,113.4,113.0,113.0,111.8,110.3,110.3,1.6,2.8,2.8,0.182,2.06,25.0,0.016,0.074,0.046,12.1,12.2,0.496,0.562,0.174,0.178,101.05,101.9,84.92,101.9,0.079,2017,2.2,5.2,100,119,119,380,284,284,175,145,145,125,174,72,426,491,492,415,417,366,249,268,269,307,234,234,319,329,311
203924,Jerami Grant,1610612765,DET,27.0,54,106.3,108.3,108.3,110.6,111.5,111.5,-4.3,-3.2,-3.2,0.145,1.39,11.3,0.018,0.118,0.067,8.1,8.1,0.491,0.556,0.278,0.282,100.59,99.21,82.68,99.21,0.114,3783,7.4,17.3,323,264,264,322,349,349,351,325,325,186,333,410,390,297,344,155,158,382,263,37,37,345,444,444,112,41,30
1629725,Jeremiah Martin,1610612739,CLE,25.0,9,94.8,100.6,100.6,118.8,117.3,117.3,-24.0,-16.7,-16.7,0.091,0.67,8.9,0.021,0.065,0.04,13.3,13.3,0.318,0.313,0.22,0.223,102.12,99.64,83.03,99.64,0.01,156,1.0,3.7,510,451,451,523,520,520,521,506,506,325,488,470,358,513,513,463,462,516,522,111,122,214,412,412,524,460,399
203087,Jeremy Lamb,1610612754,IND,29.0,36,111.9,113.0,113.0,112.4,113.3,113.3,-0.5,-0.3,-0.3,0.094,2.41,13.8,0.032,0.137,0.084,5.7,5.7,0.529,0.587,0.18,0.184,103.2,102.29,85.24,102.29,0.098,1627,3.3,7.7,136,124,124,403,427,427,253,242,242,317,105,329,254,237,245,47,47,255,166,242,250,134,201,201,187,214,198
1629010,Jerome Robinson,1610612764,WAS,24.0,17,99.1,100.0,100.0,114.0,113.1,113.1,-14.9,-13.1,-13.1,0.114,1.32,17.1,0.011,0.105,0.056,13.0,12.9,0.353,0.4,0.161,0.166,104.89,104.83,87.36,104.83,0.031,660,1.6,5.6,475,458,458,461,422,422,501,488,488,249,361,225,484,362,420,451,449,508,508,329,330,52,67,67,511,392,297
1628975,Jevon Carter,1610612756,PHX,25.0,60,111.3,110.9,110.9,107.4,107.6,107.6,3.9,3.3,3.3,0.136,4.44,22.8,0.022,0.107,0.063,5.1,5.1,0.547,0.548,0.146,0.151,99.75,99.79,83.16,99.79,0.075,1482,1.6,3.7,155,174,174,139,160,160,117,127,127,204,9,102,351,348,366,33,33,196,300,392,392,413,394,394,346,403,394
202710,Jimmy Butler III,1610612748,MIA,31.0,52,111.0,112.1,112.1,105.5,106.9,106.9,5.5,5.2,5.2,0.345,3.39,26.5,0.056,0.153,0.105,7.8,7.8,0.514,0.607,0.259,0.264,98.88,97.73,81.44,97.73,0.184,3557,7.0,14.2,164,146,146,86,131,131,84,88,88,13,30,54,137,184,160,131,131,305,106,46,46,467,515,515,7,51,58
203925,Joe Harris,1610612751,BKN,29.0,69,117.4,117.4,117.4,110.2,110.6,110.6,7.2,6.9,6.9,0.081,2.1,14.1,0.021,0.09,0.057,6.7,6.7,0.654,0.663,0.157,0.161,102.23,102.03,85.02,102.03,0.085,4569,5.2,10.2,19,25,25,297,300,300,59,61,61,365,167,320,356,435,406,81,82,19,29,346,351,203,219,219,278,105,116
204060,Joe Ingles,1610612762,UTA,33.0,67,116.4,116.7,116.7,104.8,104.9,104.9,11.6,11.8,11.8,0.238,2.72,30.7,0.014,0.108,0.063,11.3,11.3,0.652,0.672,0.162,0.166,101.24,101.08,84.23,101.08,0.112,3926,4.1,8.4,41,39,39,72,87,87,23,20,20,69,69,27,446,345,372,368,367,22,22,326,331,291,296,296,125,159,175
203954,Joel Embiid,1610612755,PHI,27.0,51,117.0,117.8,117.8,104.3,105.8,105.8,12.6,12.0,12.0,0.156,0.91,10.0,0.078,0.254,0.172,11.0,11.0,0.545,0.636,0.352,0.358,101.83,100.79,83.99,100.79,0.203,3331,9.0,17.6,31,21,21,68,104,104,17,19,19,161,455,448,82,24,25,354,356,205,56,2,3,233,313,313,3,16,24
1628381,John Collins,1610612737,ATL,23.0,63,115.8,116.0,116.0,110.9,111.7,111.7,5.0,4.3,4.3,0.065,0.93,7.7,0.064,0.183,0.125,8.2,8.2,0.61,0.645,0.214,0.22,100.43,99.99,83.33,99.99,0.125,3858,6.8,12.2,49,49,49,336,360,360,95,110,110,445,452,498,112,98,94,163,161,56,44,130,131,363,376,376,68,55,90
1629723,John Konchar,1610612763,MEM,25.0,43,110.3,110.6,110.6,108.7,108.6,108.6,1.6,2.1,2.1,0.111,2.61,21.6,0.057,0.161,0.107,8.3,8.3,0.576,0.608,0.124,0.126,100.98,100.85,84.04,100.85,0.098,1204,1.6,3.2,186,183,183,201,196,196,176,174,174,258,83,124,132,153,151,164,168,108,104,470,476,313,310,310,189,398,426
202322,John Wall,1610612745,HOU,30.0,40,104.7,106.1,106.1,110.3,111.8,111.8,-5.6,-5.7,-5.7,0.365,1.95,22.3,0.012,0.084,0.047,11.4,11.4,0.458,0.503,0.316,0.32,102.83,101.42,84.51,101.42,0.114,2717,7.3,18.2,379,336,336,302,370,370,387,391,391,11,207,109,472,458,485,375,375,444,424,10,10,155,260,260,115,43,18
202685,Jonas Valančiūnas,1610612763,MEM,29.0,62,111.8,112.8,112.8,108.6,108.9,108.9,3.1,3.8,3.8,0.097,1.12,10.7,0.134,0.289,0.21,9.6,9.6,0.606,0.636,0.217,0.221,102.59,101.97,84.98,101.97,0.163,3725,7.1,12.0,141,128,128,199,219,219,137,120,120,308,392,426,11,11,8,259,262,62,58,126,128,176,224,224,19,49,94
1629007,Jontay Porter,1610612763,MEM,21.0,11,95.8,93.0,93.0,94.4,92.2,92.2,1.4,0.9,0.9,0.033,0.14,4.0,0.065,0.149,0.109,28.0,27.8,0.633,0.64,0.182,0.192,99.57,102.24,85.2,102.24,0.067,115,0.7,1.4,506,509,509,18,15,15,182,204,204,516,521,522,108,202,141,531,531,36,49,232,211,424,206,206,400,490,509
1628395,Jordan Bell,1610612744,GSW,26.0,6,95.3,95.2,95.2,112.8,112.3,112.3,-17.5,-17.0,-17.0,0.13,1.75,20.6,0.069,0.189,0.126,11.8,11.8,0.318,0.328,0.14,0.142,99.08,99.36,82.8,99.36,0.068,168,1.2,3.7,508,500,500,421,389,389,510,509,509,222,253,138,98,86,90,396,400,516,519,418,425,457,433,433,395,439,399
1629648,Jordan Bone,1610612753,ORL,23.0,14,97.8,98.3,98.3,114.3,112.6,112.6,-16.5,-14.3,-14.3,0.143,6.0,24.0,0.018,0.102,0.057,4.0,4.0,0.519,0.519,0.121,0.124,100.96,101.46,84.55,101.46,0.067,414,1.6,3.9,492,479,479,468,401,401,504,497,497,189,5,83,397,373,413,19,19,292,392,475,479,316,256,256,403,393,383
203903,Jordan Clarkson,1610612762,UTA,29.0,68,114.9,115.8,115.8,107.5,108.0,108.0,7.5,7.8,7.8,0.149,1.46,11.9,0.025,0.117,0.072,8.2,8.1,0.522,0.549,0.286,0.294,101.47,100.87,84.06,100.87,0.115,3821,6.7,15.8,65,52,52,143,172,172,53,46,46,180,320,391,315,307,309,159,156,279,296,27,26,267,307,307,104,57,43
1629162,Jordan McLaughlin,1610612750,MIN,25.0,51,101.7,102.6,102.6,108.9,108.8,108.8,-7.2,-6.3,-6.3,0.292,3.78,38.6,0.02,0.09,0.053,10.2,10.2,0.481,0.502,0.133,0.136,103.86,103.41,86.18,103.41,0.095,2018,2.0,4.7,438,421,421,218,213,213,424,400,400,38,19,7,372,438,446,310,314,407,425,446,443,99,123,123,208,357,330
1629670,Jordan Nwora,1610612749,MIL,22.0,30,109.5,106.8,106.8,105.9,107.1,107.1,3.6,-0.3,-0.3,0.04,0.29,3.9,0.033,0.162,0.103,13.5,13.6,0.563,0.586,0.254,0.263,105.18,105.88,88.24,105.88,0.113,603,2.1,4.5,213,312,312,100,141,141,128,243,243,508,514,523,245,147,171,469,473,145,171,52,48,44,44,44,121,345,341
1629673,Jordan Poole,1610612744,GSW,22.0,51,107.0,107.6,107.6,107.1,106.9,106.9,-0.1,0.7,0.7,0.161,1.94,14.8,0.015,0.074,0.044,7.6,7.5,0.535,0.581,0.246,0.254,102.16,101.94,84.95,101.94,0.101,2105,4.0,9.3,296,285,285,129,132,132,235,211,211,150,210,299,444,493,499,118,113,236,185,63,60,210,229,229,165,162,148
1630182,Josh Green,1610612742,DAL,20.0,39,107.4,106.7,106.7,104.2,104.7,104.7,3.2,1.9,1.9,0.083,1.65,19.0,0.059,0.11,0.084,11.6,11.5,0.473,0.49,0.112,0.117,100.34,100.45,83.71,100.45,0.057,930,1.1,2.4,284,317,317,64,83,83,136,177,177,356,272,171,129,338,248,386,381,425,443,505,500,368,338,338,453,452,461
1630221,Josh Hall,1610612760,OKC,20.0,21,101.2,100.7,100.7,114.4,113.9,113.9,-13.2,-13.2,-13.2,0.118,1.12,16.3,0.016,0.151,0.081,14.5,14.6,0.323,0.363,0.174,0.178,104.44,104.93,87.44,104.93,0.015,733,1.4,4.7,451,449,449,469,449,449,489,490,490,242,392,249,420,191,266,491,491,515,514,267,267,76,62,62,522,415,333
1628404,Josh Hart,1610612740,NOP,26.0,47,110.7,111.9,111.9,111.3,112.1,112.1,-0.6,-0.2,-0.2,0.109,2.22,20.2,0.039,0.234,0.138,9.1,9.1,0.531,0.566,0.133,0.136,102.11,101.19,84.33,101.19,0.1,2847,3.2,7.3,170,151,151,356,381,381,256,237,237,266,136,142,212,37,69,226,224,250,234,447,445,215,284,284,170,227,216
1628367,Josh Jackson,1610612765,DET,24.0,62,103.4,104.9,104.9,107.4,108.3,108.3,-4.0,-3.4,-3.4,0.15,1.01,13.2,0.035,0.123,0.079,13.1,13.1,0.473,0.516,0.254,0.26,101.81,100.67,83.89,100.67,0.08,3267,4.8,11.4,405,368,368,141,192,192,345,331,331,179,423,352,234,284,276,455,452,424,399,53,54,236,322,322,313,121,97
1629006,Josh Okogie,1610612750,MIN,22.0,59,106.8,107.7,107.7,112.4,114.3,114.3,-5.6,-6.6,-6.6,0.072,1.47,15.5,0.048,0.079,0.063,10.6,10.6,0.459,0.524,0.119,0.122,104.28,102.94,85.78,102.94,0.045,2556,1.7,4.3,307,280,280,402,464,464,386,411,411,413,319,285,167,480,371,335,335,442,376,484,484,84,155,155,489,383,357
1626196,Josh Richardson,1610612742,DAL,27.0,59,112.8,113.5,113.5,112.9,113.7,113.7,-0.1,-0.2,-0.2,0.123,1.94,17.1,0.028,0.079,0.054,8.8,8.8,0.498,0.537,0.181,0.185,98.97,98.27,81.89,98.27,0.073,3647,4.5,10.5,118,107,107,426,444,444,239,240,240,236,211,229,282,478,442,193,194,363,344,238,242,463,498,498,366,141,114
201950,Jrue Holiday,1610612749,MIL,31.0,59,116.8,117.9,117.9,108.3,108.8,108.8,8.4,9.2,9.2,0.253,2.81,26.2,0.037,0.093,0.066,9.3,9.3,0.57,0.592,0.217,0.221,104.71,103.99,86.66,103.99,0.124,4131,7.0,13.9,32,20,20,181,208,208,36,34,34,57,62,59,220,421,353,246,243,124,151,124,129,60,99,99,72,52,61
1629308,Juan Toscano-Anderson,1610612744,GSW,28.0,53,108.8,109.4,109.4,105.2,105.6,105.6,3.6,3.8,3.8,0.181,2.46,34.6,0.026,0.172,0.102,14.1,14.1,0.667,0.676,0.108,0.111,104.6,104.08,86.74,104.08,0.098,2404,2.3,3.9,239,228,228,79,99,99,127,121,121,127,98,15,305,121,175,483,483,16,20,513,515,65,97,97,188,322,375
1627823,Juancho Hernangomez,1610612750,MIN,25.0,52,110.2,110.5,110.5,114.1,115.4,115.4,-3.9,-4.9,-4.9,0.055,1.3,8.7,0.047,0.177,0.11,6.7,6.7,0.527,0.549,0.167,0.172,103.45,102.74,85.62,102.74,0.085,1937,2.5,5.8,188,192,192,464,491,491,339,370,370,482,363,475,174,105,137,80,81,262,298,293,294,119,171,171,283,298,286
203944,Julius Randle,1610612752,NYK,26.0,71,107.9,109.8,109.8,105.6,106.8,106.8,2.4,3.0,3.0,0.269,1.77,19.7,0.031,0.227,0.131,11.1,11.1,0.516,0.567,0.285,0.291,98.64,97.22,81.02,97.22,0.158,5398,8.5,18.6,274,213,213,90,127,127,155,138,138,50,248,153,263,44,79,361,358,296,230,30,28,482,532,532,25,23,15
203200,Justin Holiday,1610612754,IND,32.0,72,109.5,110.5,110.5,109.6,111.2,111.2,-0.1,-0.6,-0.6,0.07,2.2,14.3,0.014,0.098,0.057,6.5,6.5,0.551,0.571,0.138,0.141,104.33,103.14,85.95,103.14,0.065,4684,3.6,8.7,209,188,188,261,334,334,236,258,258,421,138,310,448,394,416,74,73,182,218,427,430,81,141,141,412,189,171
1628382,Justin Jackson,1610612749,MIL,26.0,34,102.9,103.8,103.8,107.8,106.8,106.8,-4.8,-3.0,-3.0,0.136,1.63,16.1,0.026,0.1,0.063,9.9,10.0,0.484,0.516,0.195,0.199,103.23,103.26,86.05,103.26,0.077,1239,2.6,6.5,416,393,393,156,128,128,366,321,321,202,277,257,302,381,367,287,292,401,397,173,182,130,131,131,333,282,251
1629713,Justin James,1610612758,SAC,24.0,36,102.0,100.3,100.3,109.9,108.8,108.8,-7.9,-8.5,-8.5,0.109,1.47,13.3,0.027,0.067,0.046,9.1,9.2,0.532,0.548,0.192,0.198,102.86,104.29,86.91,104.29,0.066,675,1.4,3.1,433,455,455,277,207,207,433,440,440,264,316,346,294,510,489,227,235,246,301,189,188,153,88,88,407,413,432
1628383,Justin Patton,1610612745,HOU,24.0,13,99.6,100.8,100.8,114.4,114.9,114.9,-14.8,-14.1,-14.1,0.084,3.5,15.6,0.047,0.142,0.09,4.4,4.5,0.479,0.488,0.128,0.129,103.29,102.51,85.43,102.51,0.065,524,2.2,5.4,471,447,447,473,483,483,499,494,494,354,26,281,169,227,222,21,21,413,449,460,470,128,187,187,411,331,303
1629620,Justin Robinson,1610612760,OKC,23.0,9,97.9,97.9,97.9,124.7,119.9,119.9,-26.8,-22.0,-22.0,0.15,4.5,27.3,0.011,0.067,0.038,6.1,5.8,0.429,0.453,0.111,0.119,101.64,103.67,86.39,103.67,0.033,188,0.8,2.3,490,485,485,534,529,529,525,520,520,177,8,45,491,507,522,56,50,471,486,509,493,255,115,115,508,485,465
1626159,Justise Winslow,1610612763,MEM,25.0,26,101.0,101.0,101.0,107.4,107.1,107.1,-6.5,-6.1,-6.1,0.14,1.35,15.9,0.032,0.187,0.108,11.8,11.8,0.376,0.395,0.212,0.217,104.68,104.84,87.37,104.84,0.06,1103,2.8,8.1,455,445,445,142,140,140,408,398,398,197,348,262,256,91,148,401,404,504,509,133,139,62,66,66,441,261,186
203994,Jusuf Nurkić,1610612757,POR,26.0,37,114.3,115.0,115.0,107.6,108.2,108.2,6.7,6.9,6.9,0.206,1.71,21.6,0.094,0.283,0.186,12.6,12.6,0.532,0.554,0.217,0.223,102.8,102.21,85.17,102.21,0.134,1872,4.6,9.0,74,61,61,149,183,183,65,62,62,101,261,119,55,13,16,443,442,246,276,123,123,157,209,209,50,133,159
1629752,Juwan Morgan,1610612762,UTA,24.0,29,93.3,90.0,90.0,125.1,124.1,124.1,-31.8,-34.1,-34.1,0.101,2.25,19.6,0.051,0.133,0.088,8.7,8.7,0.533,0.529,0.102,0.109,102.21,104.42,87.01,104.42,0.044,321,0.5,1.0,515,515,515,535,535,535,530,533,533,286,129,157,155,250,227,186,189,241,368,519,517,204,84,84,491,511,521
1630231,KJ Martin,1610612745,HOU,20.0,45,104.6,105.5,105.5,116.4,117.0,117.0,-11.7,-11.5,-11.5,0.068,1.26,10.9,0.063,0.159,0.108,8.6,8.6,0.564,0.59,0.154,0.156,103.38,102.71,85.59,102.71,0.09,2275,3.6,7.1,380,350,350,511,519,519,474,479,479,432,367,422,117,159,142,178,183,141,156,366,370,124,177,177,248,187,227
1629644,KZ Okpala,1610612748,MIA,22.0,37,103.8,102.8,102.8,110.5,109.7,109.7,-6.7,-6.8,-6.8,0.06,1.27,14.0,0.047,0.104,0.075,11.0,11.0,0.438,0.448,0.115,0.119,97.66,98.48,82.07,98.48,0.024,915,1.0,2.6,392,413,413,318,258,258,412,418,418,468,366,323,170,366,290,355,352,460,490,496,494,515,486,486,516,469,453
1630211,Karim Mane,1610612753,ORL,21.0,10,97.9,99.5,99.5,108.9,111.5,111.5,-11.0,-12.0,-12.0,0.061,1.33,18.2,0.01,0.151,0.073,13.6,13.5,0.269,0.362,0.085,0.088,101.4,99.46,82.88,99.46,0.017,183,0.3,1.3,488,468,468,223,346,346,470,481,481,465,350,199,499,189,300,474,471,523,515,534,534,273,425,425,521,518,512
1626157,Karl-Anthony Towns,1610612750,MIN,25.0,50,112.5,114.6,114.6,112.9,114.7,114.7,-0.4,-0.1,-0.1,0.216,1.41,16.2,0.075,0.237,0.154,11.5,11.5,0.555,0.612,0.286,0.292,103.51,101.77,84.81,101.77,0.155,3588,8.5,17.5,127,72,72,427,477,477,246,234,234,89,331,256,88,32,50,381,378,172,95,25,27,113,241,241,26,22,25
202695,Kawhi Leonard,1610612746,LAC,30.0,52,120.5,121.4,121.4,107.5,109.2,109.2,13.0,12.2,12.2,0.238,2.56,19.2,0.034,0.161,0.099,7.5,7.4,0.568,0.622,0.282,0.289,98.62,97.48,81.23,97.48,0.17,3603,8.9,17.5,6,4,4,147,234,234,16,18,18,68,88,168,244,151,186,107,106,134,76,34,33,483,526,526,13,19,27
1628966,Keita Bates-Diop,1610612759,SAS,25.0,30,105.1,103.8,103.8,112.7,111.5,111.5,-7.6,-7.7,-7.7,0.075,1.71,12.6,0.037,0.154,0.097,7.4,7.3,0.485,0.518,0.144,0.15,101.69,102.89,85.75,102.89,0.088,526,1.0,2.2,370,392,392,415,345,345,429,433,433,402,260,367,227,180,194,101,101,398,393,404,395,249,164,164,267,460,472
1629103,Kelan Martin,1610612754,IND,25.0,35,113.6,115.3,115.3,99.9,99.7,99.7,13.8,15.6,15.6,0.071,1.06,9.7,0.052,0.159,0.108,9.1,9.1,0.536,0.551,0.199,0.204,103.6,102.9,85.75,102.9,0.099,685,1.8,3.9,91,56,56,28,32,32,13,12,12,414,409,457,152,158,145,233,233,231,288,164,164,109,163,163,173,380,376
1629640,Keldon Johnson,1610612759,SAS,21.0,69,108.9,110.0,110.0,113.1,113.8,113.8,-4.2,-3.8,-3.8,0.087,1.55,12.3,0.045,0.163,0.103,7.9,7.9,0.522,0.557,0.189,0.192,100.86,100.04,83.36,100.04,0.091,4093,4.9,10.2,228,205,205,435,446,446,348,339,339,348,300,383,181,143,170,139,140,277,260,204,215,320,371,371,240,113,118
1629833,Keljin Blevins,1610612757,POR,25.0,17,88.4,85.2,85.2,109.3,107.5,107.5,-20.9,-22.2,-22.2,0.083,0.8,13.8,0.031,0.071,0.052,17.2,17.2,0.3,0.3,0.126,0.135,109.18,112.13,93.44,112.13,-0.005,176,0.3,1.2,524,525,525,242,157,157,516,521,521,356,469,332,261,497,455,515,516,520,525,465,450,10,8,8,526,520,517
203482,Kelly Olynyk,1610612745,HOU,30.0,70,109.5,110.7,110.7,112.5,113.2,113.2,-3.0,-2.5,-2.5,0.151,1.61,18.5,0.043,0.196,0.12,11.5,11.4,0.574,0.61,0.19,0.194,101.83,101.02,84.18,101.02,0.112,4205,4.8,10.0,212,182,182,408,425,425,324,308,308,174,283,186,195,74,109,377,377,117,99,196,203,234,301,301,127,118,130
1626162,Kelly Oubre Jr.,1610612744,GSW,25.0,55,104.4,105.2,105.2,108.8,109.8,109.8,-4.4,-4.6,-4.6,0.067,1.04,7.8,0.046,0.135,0.091,7.4,7.4,0.501,0.529,0.215,0.219,105.46,104.57,87.14,104.57,0.09,3667,5.8,13.2,386,359,359,208,264,264,354,366,366,436,416,497,179,246,220,104,104,349,366,128,133,40,79,79,243,81,69
202689,Kemba Walker,1610612760,OKC,31.0,43,113.2,114.5,114.5,110.9,111.4,111.4,2.2,3.1,3.1,0.233,2.41,20.5,0.012,0.113,0.062,8.5,8.4,0.514,0.559,0.256,0.263,100.26,99.45,82.87,99.45,0.123,2839,6.6,15.7,103,74,74,338,339,339,159,134,134,73,105,140,482,326,377,171,172,306,256,48,49,372,426,426,81,60,45
1629134,Kendrick Nunn,1610612748,MIA,25.0,56,110.3,111.1,111.1,109.6,111.6,111.6,0.7,-0.4,-0.4,0.14,1.85,16.2,0.013,0.096,0.055,8.8,8.8,0.578,0.596,0.205,0.209,98.68,97.49,81.24,97.49,0.095,3355,5.7,11.8,180,170,170,262,353,353,211,253,253,196,230,253,456,404,427,191,191,105,145,149,153,480,525,525,211,85,95
1629026,Kenrich Williams,1610612760,OKC,26.0,66,104.8,104.8,104.8,110.7,111.1,111.1,-5.9,-6.3,-6.3,0.153,2.0,22.8,0.056,0.129,0.092,11.4,11.4,0.596,0.599,0.148,0.151,103.45,103.22,86.01,103.22,0.09,3073,3.3,6.2,376,371,371,328,333,333,395,404,404,171,185,100,135,268,215,373,374,75,128,385,390,116,134,134,241,217,263
203145,Kent Bazemore,1610612744,GSW,31.0,67,110.3,110.5,110.5,103.8,104.6,104.6,6.5,5.9,5.9,0.108,1.32,17.5,0.019,0.14,0.081,13.3,13.3,0.545,0.564,0.159,0.163,104.28,103.77,86.48,103.77,0.075,2881,2.6,5.9,184,191,191,57,75,75,66,80,80,268,360,215,377,230,262,462,464,209,242,341,340,85,105,105,347,280,282
203484,Kentavious Caldwell-Pope,1610612747,LAL,28.0,67,109.2,110.5,110.5,105.9,107.3,107.3,3.2,3.3,3.3,0.091,1.92,17.2,0.015,0.081,0.048,8.9,8.8,0.549,0.588,0.139,0.143,100.76,99.5,82.91,99.5,0.07,3947,3.3,7.6,223,190,190,101,146,146,134,131,131,324,213,223,443,469,477,207,198,187,164,421,424,334,420,420,385,223,205
201142,Kevin Durant,1610612751,BKN,32.0,35,121.8,121.7,121.7,109.4,111.1,111.1,12.5,10.7,10.7,0.252,1.63,19.1,0.012,0.18,0.105,11.8,11.7,0.608,0.666,0.303,0.31,103.79,103.03,85.86,103.03,0.172,2489,9.3,17.2,4,3,3,244,329,329,18,24,24,59,277,170,465,102,157,399,395,59,26,14,14,102,148,148,12,14,31
1628989,Kevin Huerter,1610612737,ATL,22.0,69,112.8,113.2,113.2,110.8,111.6,111.6,2.0,1.7,1.7,0.161,3.05,22.4,0.017,0.09,0.053,7.3,7.3,0.528,0.541,0.167,0.171,100.05,99.5,82.92,99.5,0.077,4406,4.6,10.6,119,117,117,334,355,355,164,184,184,153,42,108,402,437,443,99,100,257,327,291,301,387,419,419,335,137,112
1628995,Kevin Knox II,1610612752,NYK,21.0,42,102.0,101.1,101.1,104.9,104.7,104.7,-2.9,-3.5,-3.5,0.064,1.12,10.2,0.02,0.101,0.06,9.1,9.1,0.514,0.537,0.152,0.159,98.86,99.38,82.82,99.38,0.065,962,1.3,3.4,434,442,442,77,81,81,320,334,334,449,394,443,371,379,387,227,223,307,346,372,358,469,432,432,414,421,413
201567,Kevin Love,1610612739,CLE,32.0,25,106.7,107.0,107.0,113.9,113.4,113.4,-7.2,-6.5,-6.5,0.153,1.66,16.9,0.026,0.272,0.147,10.2,10.1,0.522,0.556,0.211,0.219,100.47,100.57,83.81,100.57,0.123,1309,4.1,10.1,313,306,306,459,431,431,425,406,406,173,270,232,303,16,59,308,306,281,269,136,134,357,329,329,76,157,124
1629645,Kevin Porter Jr.,1610612745,HOU,21.0,26,106.2,107.3,107.3,119.0,119.9,119.9,-12.8,-12.6,-12.6,0.293,1.8,24.7,0.022,0.098,0.058,13.7,13.7,0.493,0.528,0.247,0.25,103.63,102.69,85.58,102.69,0.086,1788,6.0,14.1,332,297,297,524,528,528,486,483,483,36,242,78,343,395,404,477,478,373,369,60,66,108,179,179,276,72,59
1626172,Kevon Looney,1610612744,GSW,25.0,61,112.9,112.1,112.1,105.7,106.1,106.1,7.2,6.0,6.0,0.132,3.22,31.7,0.098,0.165,0.132,9.9,9.9,0.558,0.575,0.092,0.095,102.16,102.37,85.31,102.37,0.08,2467,1.8,3.2,110,147,147,92,109,109,58,76,76,216,36,19,46,137,77,282,286,157,202,529,530,209,193,193,316,381,424
203920,Khem Birch,1610612761,TOR,28.0,67,105.7,106.1,106.1,109.2,109.7,109.7,-3.5,-3.6,-3.6,0.085,2.02,15.6,0.101,0.138,0.119,7.7,7.7,0.514,0.552,0.133,0.136,100.13,99.71,83.09,99.71,0.089,3171,2.8,5.7,351,335,335,240,261,261,332,336,336,353,181,280,42,234,111,120,126,303,286,445,448,381,404,404,250,267,293
203114,Khris Middleton,1610612749,MIL,29.0,68,115.4,116.7,116.7,110.0,110.5,110.5,5.4,6.2,6.2,0.227,2.08,21.6,0.023,0.143,0.085,10.4,10.3,0.546,0.588,0.245,0.251,104.37,103.55,86.29,103.55,0.123,4887,7.5,15.8,55,38,38,286,295,295,87,72,72,79,171,121,330,220,243,322,321,202,165,64,65,79,118,118,77,39,44
1629017,Khyri Thomas,1610612745,HOU,25.0,5,123.0,124.3,124.3,117.8,116.9,116.9,5.3,7.3,7.3,0.21,4.17,24.8,0.047,0.072,0.06,5.9,5.9,0.553,0.586,0.208,0.211,106.36,106.24,88.54,106.24,0.107,334,6.4,13.2,2,2,2,519,518,518,90,52,52,93,12,77,172,496,395,53,54,180,169,143,151,31,38,38,147,66,67
1630165,Killian Hayes,1610612765,DET,19.0,26,100.0,100.6,100.6,108.4,110.7,110.7,-8.4,-10.1,-10.1,0.299,1.66,32.2,0.009,0.092,0.05,19.3,19.3,0.403,0.422,0.185,0.189,101.5,100.12,83.44,100.12,0.053,1403,2.7,7.7,469,450,450,185,309,309,441,461,461,34,268,18,506,424,460,524,523,497,500,218,230,264,362,362,464,273,196
1629681,Killian Tillie,1610612763,MEM,23.0,18,109.3,107.2,107.2,97.2,97.7,97.7,12.1,9.6,9.6,0.063,4.0,11.1,0.031,0.082,0.059,2.8,2.8,0.421,0.461,0.148,0.153,101.29,102.06,85.05,102.06,0.047,388,1.1,3.2,219,299,299,22,24,24,19,28,28,458,14,416,260,467,401,14,14,481,479,383,382,284,218,218,483,456,430
1630184,Kira Lewis Jr.,1610612740,NOP,20.0,54,108.7,108.9,108.9,108.1,108.1,108.1,0.6,0.8,0.8,0.191,3.65,24.0,0.012,0.064,0.037,6.6,6.6,0.445,0.477,0.176,0.18,102.75,102.61,85.51,102.61,0.064,1937,2.4,6.2,243,249,249,170,180,180,215,209,209,116,21,85,471,515,523,75,75,454,461,260,261,161,182,182,417,307,260
1628961,Kostas Antetokounmpo,1610612747,LAL,23.0,15,103.0,105.4,105.4,89.1,83.3,83.3,13.9,22.1,22.1,0.023,0.09,3.6,0.059,0.211,0.137,39.3,39.7,0.3,0.382,0.172,0.175,110.26,112.65,93.88,112.65,0.005,130,0.2,0.7,414,353,353,8,5,5,12,5,5,525,523,524,126,56,70,537,537,520,512,272,279,5,7,7,525,526,531
1627739,Kris Dunn,1610612737,ATL,27.0,4,87.9,86.3,86.3,116.5,117.7,117.7,-28.6,-31.4,-31.4,0.08,0.67,10.5,0.0,0.125,0.064,15.8,16.0,0.083,0.182,0.157,0.165,100.59,100.95,84.12,100.95,-0.06,95,0.3,3.0,527,521,521,513,521,521,528,531,531,373,488,431,518,281,363,501,505,534,531,347,332,346,303,303,534,523,435
204001,Kristaps Porziņģis,1610612742,DAL,25.0,43,114.7,116.0,116.0,115.4,115.3,115.3,-0.7,0.7,0.7,0.081,1.33,7.9,0.062,0.219,0.141,5.9,5.9,0.547,0.582,0.259,0.264,99.47,98.93,82.44,98.93,0.135,2729,7.6,15.9,69,48,48,497,490,490,260,210,210,366,350,493,120,50,62,52,53,197,184,45,47,428,465,465,49,38,42
203937,Kyle Anderson,1610612763,MEM,27.0,69,109.9,110.3,110.3,108.0,108.7,108.7,1.9,1.6,1.6,0.182,2.91,23.2,0.026,0.173,0.099,8.0,8.0,0.54,0.578,0.181,0.185,102.85,102.34,85.28,102.34,0.121,4018,4.5,9.5,197,199,199,162,202,202,167,185,185,126,55,94,309,118,189,148,150,219,193,235,246,154,196,196,86,142,140
1629657,Kyle Guy,1610612758,SAC,23.0,31,108.0,107.4,107.4,116.4,111.5,111.5,-8.4,-4.2,-4.2,0.184,2.91,22.9,0.019,0.128,0.071,7.9,7.9,0.403,0.449,0.185,0.191,102.42,104.91,87.42,104.91,0.062,517,0.9,2.8,272,294,294,512,351,351,442,350,350,122,54,97,378,271,316,134,138,496,488,216,221,187,63,63,434,471,445
1628398,Kyle Kuzma,1610612747,LAL,25.0,68,104.1,104.8,104.8,104.9,105.4,105.4,-0.8,-0.6,-0.6,0.1,1.12,12.2,0.054,0.157,0.105,10.9,10.9,0.533,0.546,0.198,0.203,100.37,99.72,83.1,99.72,0.097,4070,4.9,11.1,390,370,370,76,95,95,264,257,257,289,390,384,146,166,159,348,348,243,314,166,170,367,403,403,193,111,103
200768,Kyle Lowry,1610612761,TOR,35.0,46,111.4,112.6,112.6,111.4,113.0,113.0,0.0,-0.3,-0.3,0.311,2.68,30.0,0.021,0.133,0.075,11.2,11.1,0.546,0.593,0.209,0.213,102.62,101.38,84.48,101.38,0.115,3385,5.7,13.0,152,131,131,361,417,417,234,245,245,27,74,30,357,252,291,366,362,201,148,142,150,174,265,265,101,88,74
202681,Kyrie Irving,1610612751,BKN,29.0,54,118.4,119.4,119.4,112.1,113.8,113.8,6.3,5.6,5.6,0.269,2.49,19.9,0.029,0.101,0.067,8.0,7.9,0.576,0.614,0.297,0.302,102.29,101.13,84.28,101.13,0.149,3976,10.2,20.1,9,11,11,391,445,445,71,84,84,49,95,148,275,376,342,147,147,113,89,17,18,200,291,291,34,5,6
200746,LaMarcus Aldridge,1610612751,BKN,35.0,26,109.7,110.6,110.6,113.0,113.4,113.4,-3.4,-2.8,-2.8,0.109,1.81,12.4,0.027,0.148,0.087,6.9,6.9,0.525,0.556,0.224,0.228,100.48,99.89,83.24,99.89,0.099,1406,5.4,11.4,202,184,184,433,432,432,327,313,313,267,239,376,290,206,235,85,86,266,266,102,109,356,388,388,175,101,99
1630163,LaMelo Ball,1610612766,CHA,19.0,51,108.1,108.7,108.7,112.1,111.8,111.8,-4.0,-3.1,-3.1,0.322,2.16,26.1,0.041,0.161,0.1,12.1,12.1,0.504,0.539,0.247,0.252,103.51,103.35,86.12,103.35,0.121,3169,5.7,13.2,268,253,253,389,368,368,346,323,323,24,150,60,205,149,183,412,410,336,339,59,61,112,124,124,87,82,68
1630205,Lamar Stevens,1610612739,CLE,23.0,40,101.5,100.1,100.1,110.1,110.5,110.5,-8.6,-10.4,-10.4,0.079,1.09,12.0,0.044,0.145,0.092,11.1,11.1,0.471,0.521,0.152,0.157,100.03,100.57,83.81,100.57,0.072,1042,1.6,3.4,440,457,457,292,293,293,447,466,466,380,402,390,186,211,214,356,361,428,387,371,366,389,328,328,373,405,415
1629013,Landry Shamet,1610612751,BKN,24.0,61,115.0,113.6,113.6,111.2,112.4,112.4,3.8,1.1,1.1,0.097,2.06,15.6,0.008,0.067,0.04,7.5,7.5,0.549,0.578,0.164,0.17,101.3,101.34,84.45,101.34,0.063,2972,3.0,7.5,61,105,105,352,395,395,123,194,194,303,174,279,507,508,518,112,112,188,191,313,310,280,267,267,424,246,207
204038,Langston Galloway,1610612756,PHX,29.0,40,111.3,110.7,110.7,109.0,107.5,107.5,2.3,3.2,3.2,0.08,2.0,13.5,0.017,0.08,0.049,6.7,6.6,0.571,0.605,0.163,0.172,101.28,102.21,85.18,102.21,0.076,934,1.7,3.7,154,181,181,228,158,158,156,133,133,379,185,342,413,475,468,83,78,120,115,318,297,286,208,208,341,391,398
1626204,Larry Nance Jr.,1610612739,CLE,28.0,35,100.7,101.7,101.7,107.3,107.4,107.4,-6.6,-5.6,-5.6,0.145,1.95,23.4,0.049,0.169,0.108,12.0,12.1,0.546,0.557,0.139,0.14,98.38,97.85,81.54,97.85,0.104,2220,3.7,7.8,459,435,435,136,152,152,410,389,389,185,209,92,165,129,144,408,412,203,259,422,433,490,507,507,153,185,194
1628374,Lauri Markkanen,1610612741,CHI,24.0,51,106.9,107.1,107.1,108.9,109.9,109.9,-2.0,-2.8,-2.8,0.051,0.87,6.9,0.027,0.173,0.101,7.9,7.9,0.594,0.619,0.197,0.203,101.3,100.78,83.98,100.78,0.11,2780,4.9,10.2,304,302,302,225,267,267,293,314,314,488,462,507,299,117,180,143,142,82,78,169,168,281,315,315,137,112,119
2544,LeBron James,1610612747,LAL,36.0,45,111.8,112.4,112.4,102.6,103.2,103.2,9.1,9.2,9.2,0.394,2.08,24.3,0.02,0.202,0.114,11.7,11.6,0.576,0.602,0.31,0.32,100.98,100.41,83.67,100.41,0.191,3145,9.4,18.3,140,137,137,47,61,61,30,35,35,6,169,81,368,67,119,390,385,110,122,11,11,312,343,343,6,11,17
1629022,Lonnie Walker IV,1610612759,SAS,22.0,60,108.4,109.4,109.4,115.5,115.7,115.7,-7.1,-6.3,-6.3,0.095,1.55,12.6,0.009,0.093,0.05,8.1,8.1,0.502,0.523,0.199,0.203,100.65,100.05,83.37,100.05,0.063,3168,4.3,10.2,255,229,229,500,501,501,422,402,402,314,299,370,504,423,462,154,154,345,382,163,171,342,369,369,429,151,121
1628366,Lonzo Ball,1610612740,NOP,23.0,55,112.8,114.2,114.2,112.3,113.7,113.7,0.6,0.5,0.5,0.246,2.57,27.1,0.018,0.129,0.073,10.5,10.5,0.537,0.551,0.202,0.205,102.06,100.81,84.01,100.81,0.105,3683,5.3,12.7,114,88,88,395,443,443,218,220,220,63,87,49,392,266,304,333,333,229,290,156,163,221,312,312,152,103,81
101150,Lou Williams,1610612737,ATL,34.0,66,112.8,112.3,112.3,111.1,110.6,110.6,1.6,1.8,1.8,0.233,2.08,21.4,0.015,0.08,0.048,10.3,10.2,0.464,0.519,0.244,0.252,101.23,101.69,84.74,101.69,0.096,3025,4.0,9.8,120,142,142,350,298,298,174,182,182,72,169,126,442,473,480,314,318,438,391,66,63,292,247,247,199,163,136
1629663,Louis King,1610612758,SAC,22.0,6,100.1,97.3,97.3,99.3,100.5,100.5,0.8,-3.3,-3.3,0.18,2.25,18.4,0.051,0.135,0.093,8.2,8.1,0.559,0.6,0.191,0.202,102.46,103.26,86.05,103.26,0.148,185,2.8,5.7,467,490,490,24,38,38,206,327,327,128,129,191,159,242,212,157,152,155,126,190,173,186,132,132,36,263,294
1629652,Luguentz Dort,1610612760,OKC,22.0,52,103.6,104.4,104.4,110.9,111.6,111.6,-7.3,-7.2,-7.2,0.09,1.11,10.1,0.023,0.092,0.057,9.0,9.0,0.475,0.513,0.218,0.222,101.8,101.09,84.24,101.09,0.062,3242,4.8,12.3,399,383,383,342,357,357,426,428,428,331,396,447,338,425,411,218,217,420,405,118,126,239,294,294,430,123,89
1629029,Luka Dončić,1610612742,DAL,22.0,66,115.8,116.6,116.6,111.9,112.7,112.7,3.8,3.9,3.9,0.425,2.02,23.6,0.024,0.202,0.115,11.7,11.7,0.55,0.587,0.35,0.358,100.07,99.4,82.83,99.4,0.179,4676,9.8,20.5,51,42,42,383,404,404,119,118,118,4,183,90,321,66,118,393,392,186,167,3,2,384,430,430,9,8,5
1629677,Luka Samanic,1610612759,SAS,21.0,33,101.5,102.6,102.6,108.4,104.6,104.6,-6.9,-2.0,-2.0,0.073,0.75,9.9,0.049,0.158,0.104,13.2,13.1,0.505,0.518,0.187,0.194,100.26,101.47,84.56,101.47,0.065,648,1.4,3.2,443,418,418,188,76,76,418,293,293,406,477,456,163,165,164,456,455,334,394,209,206,373,255,255,413,416,428
1628379,Luke Kennard,1610612746,LAC,25.0,63,114.7,114.0,114.0,114.1,114.4,114.4,0.6,-0.4,-0.4,0.12,2.17,18.0,0.013,0.118,0.066,8.3,8.3,0.597,0.608,0.166,0.173,98.82,99.0,82.5,99.0,0.084,2535,3.1,6.6,67,93,93,462,468,468,213,249,249,240,147,202,461,301,352,166,165,71,105,296,290,471,462,462,292,239,245
1628436,Luke Kornet,1610612738,BOS,25.0,31,106.7,105.4,105.4,100.5,99.6,99.6,6.2,5.8,5.8,0.095,3.43,17.9,0.041,0.144,0.095,5.2,5.2,0.51,0.511,0.135,0.141,101.28,102.37,85.31,102.37,0.087,746,1.4,3.3,312,354,354,32,31,31,73,82,82,315,29,203,202,216,201,36,35,317,409,432,429,287,194,194,270,417,421
1630201,Malachi Flynn,1610612761,TOR,23.0,47,103.6,103.8,103.8,108.8,109.4,109.4,-5.2,-5.6,-5.6,0.225,3.19,25.3,0.01,0.114,0.06,7.9,7.9,0.453,0.484,0.183,0.19,101.41,101.04,84.2,101.04,0.083,1958,2.7,7.2,400,395,395,210,246,246,374,387,387,80,37,71,496,317,392,145,141,449,455,227,226,270,299,299,300,274,219
1627763,Malcolm Brogdon,1610612754,IND,28.0,56,108.8,110.6,110.6,109.6,111.1,111.1,-0.8,-0.5,-0.5,0.271,2.86,22.0,0.029,0.118,0.073,7.7,7.7,0.527,0.561,0.257,0.262,102.5,101.02,84.19,101.02,0.128,4056,7.9,17.5,238,187,187,260,330,330,263,256,256,47,58,113,278,298,303,122,119,260,252,47,50,183,300,300,67,30,25
1627736,Malik Beasley,1610612750,MIN,24.0,37,106.2,107.9,107.9,113.0,115.0,115.0,-6.8,-7.2,-7.2,0.114,1.47,11.3,0.021,0.112,0.064,7.7,7.7,0.547,0.57,0.235,0.241,103.82,102.1,85.09,102.1,0.101,2577,7.1,16.2,329,273,273,430,487,487,415,425,425,250,316,409,359,331,364,124,120,198,221,77,75,101,214,214,167,45,40
1630238,Malik Fitts,1610612746,LAC,23.0,3,88.3,86.4,86.4,121.8,113.6,113.6,-33.5,-27.3,-27.3,0.0,0.0,0.0,0.0,0.3,0.15,0.0,0.0,0.5,0.5,0.12,0.133,93.28,97.63,81.36,97.63,0.029,22,0.3,1.0,525,520,520,528,440,440,531,526,526,531,524,531,518,7,54,1,1,350,428,481,457,539,519,519,513,517,522
1628370,Malik Monk,1610612766,CHA,23.0,42,109.3,109.4,109.4,109.3,108.6,108.6,0.0,0.8,0.8,0.155,1.58,15.3,0.015,0.096,0.055,9.6,9.6,0.54,0.569,0.227,0.234,101.68,101.97,84.97,101.97,0.096,1874,4.1,9.5,218,227,227,243,199,199,233,207,207,163,290,290,438,400,428,267,268,218,224,97,92,250,226,226,200,158,141
1629603,Mamadi Diakite,1610612749,MIL,24.0,14,105.8,103.2,103.2,99.7,99.4,99.4,6.1,3.8,3.8,0.079,2.67,13.8,0.052,0.16,0.107,5.2,5.2,0.413,0.477,0.142,0.146,106.0,107.54,89.61,107.54,0.081,314,1.1,2.9,345,408,408,27,27,27,75,122,122,381,76,332,153,154,150,35,37,489,462,410,416,34,22,22,312,443,443
201188,Marc Gasol,1610612747,LAL,36.0,52,107.1,108.5,108.5,103.7,104.2,104.2,3.4,4.3,4.3,0.145,2.06,28.9,0.039,0.174,0.108,14.1,14.0,0.582,0.606,0.117,0.119,100.85,99.96,83.3,99.96,0.083,2068,1.7,3.7,292,258,258,56,69,69,130,108,108,183,176,38,210,116,143,482,482,98,108,492,495,321,381,381,297,387,392
202694,Marcus Morris Sr.,1610612746,LAC,31.0,57,117.3,117.4,117.4,112.0,113.1,113.1,5.3,4.2,4.2,0.056,1.02,7.9,0.025,0.133,0.08,7.8,7.7,0.592,0.614,0.194,0.201,99.23,98.69,82.24,98.69,0.091,3089,4.8,10.2,23,26,26,384,423,423,88,111,111,480,421,494,317,251,271,128,125,85,90,178,180,448,479,479,239,115,117
203935,Marcus Smart,1610612738,BOS,27.0,48,112.8,114.2,114.2,110.5,111.3,111.3,2.3,2.8,2.8,0.227,2.84,28.7,0.022,0.084,0.052,10.1,10.1,0.489,0.539,0.179,0.182,102.2,101.16,84.3,101.16,0.085,3332,4.2,10.6,121,89,89,315,337,337,158,144,144,78,59,39,348,453,450,305,305,385,338,244,253,206,287,287,280,153,111
1628365,Markelle Fultz,1610612753,ORL,23.0,8,107.2,107.1,107.1,112.2,113.6,113.6,-5.0,-6.5,-6.5,0.293,2.39,25.0,0.021,0.095,0.056,10.5,10.4,0.413,0.458,0.25,0.256,103.75,103.16,85.97,103.16,0.081,463,5.1,13.0,288,301,301,394,440,440,372,408,408,37,111,73,353,412,421,329,327,488,484,56,59,105,139,139,311,107,72
202693,Markieff Morris,1610612747,LAL,31.0,61,105.6,107.1,107.1,105.8,106.3,106.3,-0.1,0.8,0.8,0.088,1.35,13.9,0.04,0.176,0.109,10.3,10.2,0.491,0.509,0.16,0.164,101.39,100.47,83.72,100.47,0.076,2512,2.5,6.2,354,303,303,96,112,112,238,206,206,342,347,326,207,108,140,318,319,383,417,339,339,275,335,335,343,297,265
1630210,Markus Howard,1610612743,DEN,22.0,37,97.5,93.5,93.5,112.4,110.5,110.5,-14.9,-17.0,-17.0,0.145,1.0,12.4,0.004,0.095,0.048,12.4,12.3,0.462,0.477,0.25,0.267,104.84,107.97,89.97,107.97,0.046,465,1.1,2.9,493,506,506,404,294,294,500,508,508,184,424,377,516,406,473,432,432,439,460,56,44,54,19,19,485,451,442
1629716,Marques Bolden,1610612739,CLE,23.0,6,85.5,82.8,82.8,72.0,70.5,70.5,13.6,12.3,12.3,0.0,0.0,0.0,0.083,0.088,0.086,22.2,23.5,0.333,0.537,0.136,0.133,97.13,99.74,83.12,99.74,0.115,58,0.2,0.5,529,529,529,1,2,2,14,15,15,531,524,531,68,441,240,527,528,512,347,429,459,528,400,400,99,529,536
1627737,Marquese Chriss,1610612744,GSW,23.0,2,74.8,79.0,79.0,124.2,119.4,119.4,-49.3,-40.3,-40.3,0.2,1.0,10.0,0.075,0.385,0.197,10.0,10.1,0.393,0.412,0.25,0.252,112.36,111.39,92.83,111.39,0.11,62,2.5,7.0,533,532,532,533,527,527,536,535,535,106,424,449,89,1,12,292,306,502,506,56,62,3,9,9,134,298,230
1628963,Marvin Bagley III,1610612758,SAC,22.0,43,112.2,112.8,112.8,115.0,116.5,116.5,-2.7,-3.7,-3.7,0.057,0.73,6.6,0.092,0.188,0.14,9.0,9.1,0.542,0.554,0.229,0.233,102.17,101.26,84.38,101.26,0.099,2345,5.7,11.4,131,127,127,493,512,512,313,337,337,479,482,509,59,90,64,221,226,215,278,90,96,208,275,275,180,83,98
1630222,Mason Jones,1610612755,PHI,22.0,32,97.9,98.9,98.9,111.9,108.8,108.8,-14.1,-9.9,-9.9,0.211,1.45,18.9,0.018,0.145,0.076,13.1,13.1,0.52,0.556,0.217,0.22,105.0,105.91,88.25,105.91,0.092,730,1.6,3.8,491,472,472,382,214,214,496,460,460,92,323,173,394,214,283,453,453,285,268,120,130,48,42,42,229,394,384
203486,Mason Plumlee,1610612765,DET,31.0,56,107.4,109.1,109.1,113.5,114.0,114.0,-6.2,-4.9,-4.9,0.205,1.92,26.5,0.095,0.264,0.176,13.8,13.8,0.614,0.638,0.163,0.165,99.52,98.52,82.1,98.52,0.129,3076,4.2,6.8,286,245,245,446,453,453,400,369,369,102,214,55,51,20,22,479,479,51,51,323,338,427,483,483,62,155,236
1629680,Matisse Thybulle,1610612755,PHI,24.0,65,110.3,109.3,109.3,104.0,104.7,104.7,6.3,4.6,4.6,0.064,1.97,18.3,0.023,0.07,0.047,9.3,9.3,0.508,0.508,0.09,0.094,101.75,101.86,84.88,101.86,0.053,2741,1.6,3.7,181,236,236,59,82,82,69,105,105,451,203,195,336,501,486,240,241,322,420,533,531,244,237,237,465,402,390
1629744,Matt Thomas,1610612762,UTA,26.0,45,101.1,100.0,100.0,110.1,109.3,109.3,-9.0,-9.3,-9.3,0.096,1.36,11.6,0.02,0.112,0.065,8.5,8.4,0.5,0.522,0.187,0.196,101.36,102.28,85.23,102.28,0.071,695,1.1,2.8,454,458,458,288,244,244,450,454,454,309,344,400,370,327,360,174,170,350,385,210,193,277,203,203,383,448,447
203521,Matthew Dellavedova,1610612739,CLE,30.0,13,111.0,108.8,108.8,113.9,111.9,111.9,-2.8,-3.1,-3.1,0.337,9.67,47.5,0.029,0.085,0.057,4.9,4.9,0.286,0.312,0.125,0.128,98.29,100.13,83.44,100.13,0.052,466,1.1,4.3,162,251,251,455,374,374,317,322,322,14,2,3,277,452,414,28,28,522,523,468,471,494,360,360,471,452,356
203090,Maurice Harkless,1610612758,SAC,28.0,37,110.1,109.7,109.7,111.9,112.7,112.7,-1.8,-2.9,-2.9,0.071,2.0,17.5,0.017,0.097,0.058,8.8,8.8,0.488,0.527,0.114,0.116,102.91,102.73,85.61,102.73,0.044,1654,1.9,4.5,192,216,216,381,405,405,290,318,318,414,185,216,404,399,405,190,195,388,371,500,502,150,173,173,495,369,344
1629622,Max Strus,1610612748,MIA,25.0,39,110.3,109.4,109.4,114.6,113.6,113.6,-4.3,-4.2,-4.2,0.074,3.0,10.5,0.011,0.073,0.043,3.5,3.5,0.588,0.597,0.179,0.185,97.49,98.32,81.93,98.32,0.072,1039,2.2,4.8,182,230,230,482,439,439,352,349,349,403,43,435,488,495,505,16,16,89,140,248,245,519,496,496,377,336,327
1628467,Maxi Kleber,1610612742,DAL,29.0,50,113.4,113.5,113.5,108.9,108.9,108.9,4.5,4.6,4.6,0.066,2.27,17.4,0.035,0.151,0.095,7.7,7.7,0.58,0.606,0.103,0.106,100.15,100.1,83.41,100.1,0.073,2799,2.3,5.5,99,109,109,221,218,218,107,103,103,441,125,219,233,195,200,119,123,101,109,517,519,378,364,364,365,315,300
203086,Meyers Leonard,1610612748,MIA,29.0,3,101.7,103.3,103.3,110.2,104.8,104.8,-8.5,-1.4,-1.4,0.105,1.0,16.7,0.0,0.241,0.119,16.7,16.8,0.643,0.635,0.152,0.152,98.69,100.45,83.71,100.45,0.067,60,1.0,2.3,437,405,405,298,86,86,444,276,276,274,424,236,518,28,110,511,513,26,61,373,385,479,337,337,404,460,465
1629662,Mfiondu Kabengele,1610612739,CLE,23.0,39,94.3,93.1,93.1,107.9,107.3,107.3,-13.6,-14.2,-14.2,0.099,1.13,13.1,0.039,0.151,0.096,11.5,11.6,0.444,0.486,0.168,0.175,102.0,102.94,85.78,102.94,0.065,597,0.8,2.3,513,508,508,160,145,145,492,495,495,293,389,355,214,188,197,384,384,457,454,289,276,227,156,156,416,475,469
203487,Michael Carter-Williams,1610612753,ORL,29.0,31,102.8,103.1,103.1,105.8,105.6,105.6,-2.9,-2.5,-2.5,0.238,1.87,25.7,0.044,0.123,0.082,13.8,13.7,0.417,0.449,0.198,0.202,101.38,101.36,84.46,101.36,0.064,1685,3.4,8.7,419,410,410,95,97,97,322,305,305,70,225,65,188,286,259,480,477,484,489,168,175,276,266,266,419,209,169
1629008,Michael Porter Jr.,1610612743,DEN,23.0,61,118.7,120.2,120.2,111.2,111.9,111.9,7.5,8.3,8.3,0.052,0.91,6.9,0.051,0.189,0.121,7.6,7.5,0.646,0.663,0.214,0.218,98.99,98.1,81.75,98.1,0.125,3924,7.3,13.4,7,7,7,353,371,371,52,39,39,487,456,506,160,87,102,114,111,24,27,129,136,462,501,501,69,44,64
1628969,Mikal Bridges,1610612756,PHX,24.0,72,116.6,117.5,117.5,109.1,110.0,110.0,7.5,7.4,7.4,0.085,2.67,16.3,0.035,0.099,0.068,6.1,6.1,0.643,0.667,0.147,0.149,99.15,98.32,81.93,98.32,0.099,4800,5.0,9.3,36,24,24,232,270,270,51,50,50,352,76,250,238,392,335,57,58,27,25,389,402,453,494,494,179,108,149
201144,Mike Conley,1610612762,UTA,33.0,51,117.3,116.2,116.2,100.0,99.5,99.5,17.2,16.7,16.7,0.303,3.08,27.5,0.024,0.082,0.055,8.9,8.9,0.552,0.589,0.224,0.231,100.78,101.52,84.6,101.52,0.131,3176,5.6,12.5,21,44,44,29,29,29,6,9,9,32,41,44,325,465,432,209,210,181,162,103,101,332,253,253,57,91,84
1628455,Mike James,1610612751,BKN,30.0,13,117.1,115.6,115.6,111.5,111.6,111.6,5.6,4.1,4.1,0.303,2.7,30.2,0.013,0.112,0.066,11.2,11.2,0.429,0.481,0.231,0.235,99.64,100.28,83.56,100.28,0.092,493,2.6,7.1,27,55,55,366,354,354,82,115,115,31,70,29,455,328,351,362,366,470,456,84,90,419,353,353,230,283,226
203488,Mike Muscala,1610612760,OKC,29.0,35,101.2,102.5,102.5,102.0,101.9,101.9,-0.9,0.6,0.6,0.069,1.33,8.6,0.028,0.157,0.095,6.5,6.3,0.573,0.599,0.194,0.202,103.53,102.92,85.77,102.92,0.112,1388,3.4,7.6,450,424,424,40,51,51,267,215,215,430,350,478,280,168,199,72,70,118,131,181,176,110,158,158,126,206,201
203118,Mike Scott,1610612755,PHI,32.0,51,105.6,105.7,105.7,105.5,105.9,105.9,0.1,-0.2,-0.2,0.064,2.11,14.5,0.012,0.129,0.069,6.9,6.9,0.486,0.492,0.116,0.12,102.16,101.9,84.92,101.9,0.05,1806,1.5,4.1,357,345,345,87,107,107,232,241,241,456,162,303,466,269,325,89,90,394,439,494,492,211,233,233,477,411,367
1628970,Miles Bridges,1610612766,CHA,23.0,66,110.3,110.4,110.4,110.1,110.1,110.1,0.1,0.3,0.3,0.113,1.39,15.9,0.041,0.158,0.1,11.5,11.5,0.596,0.625,0.17,0.174,100.81,100.77,83.98,100.77,0.103,4047,4.7,9.4,185,196,196,291,275,275,230,227,227,254,336,263,203,164,184,376,380,72,72,280,283,324,316,316,158,125,145
1629011,Mitchell Robinson,1610612752,NYK,23.0,31,103.8,106.1,106.1,106.7,106.5,106.5,-2.9,-0.4,-0.4,0.03,0.65,7.0,0.124,0.155,0.14,10.7,10.7,0.653,0.642,0.114,0.115,97.33,96.39,80.33,96.39,0.104,1707,3.7,5.7,391,337,337,121,116,116,318,248,248,520,493,505,21,173,66,338,341,21,48,502,510,526,539,539,155,180,291
1629671,Miye Oni,1610612762,UTA,23.0,54,109.6,108.4,108.4,102.4,99.5,99.5,7.3,8.8,8.8,0.071,1.75,19.2,0.043,0.106,0.076,11.0,11.0,0.505,0.517,0.095,0.099,99.64,101.61,84.67,101.61,0.04,1097,0.6,1.8,203,262,262,46,30,30,56,38,38,417,253,167,193,360,289,352,353,330,396,526,526,420,252,252,501,497,487
1628964,Mo Bamba,1610612753,ORL,23.0,46,101.5,102.4,102.4,114.7,115.2,115.2,-13.2,-12.9,-12.9,0.082,0.97,8.8,0.091,0.24,0.163,9.0,9.0,0.535,0.556,0.21,0.215,101.79,101.09,84.24,101.09,0.123,1523,3.1,6.5,441,427,427,484,488,488,490,487,487,361,444,473,60,29,33,216,214,235,265,141,144,242,293,293,83,243,248
1628420,Monte Morris,1610612743,DEN,26.0,47,114.9,115.7,115.7,109.5,109.5,109.5,5.4,6.2,6.2,0.172,4.41,24.9,0.009,0.071,0.04,5.6,5.6,0.547,0.574,0.161,0.165,99.24,98.88,82.4,98.88,0.092,2464,4.0,8.2,63,53,53,252,251,251,86,74,74,137,10,75,501,499,516,44,44,199,211,331,337,447,469,469,232,166,181
1626149,Montrezl Harrell,1610612747,LAL,27.0,69,106.5,107.3,107.3,105.2,105.9,105.9,1.3,1.4,1.4,0.078,0.99,8.5,0.1,0.167,0.134,8.6,8.6,0.622,0.65,0.211,0.217,100.5,99.78,83.15,99.78,0.152,3283,5.4,8.7,321,295,295,80,106,106,189,190,190,389,442,479,44,134,76,181,177,44,39,137,140,351,396,396,31,99,167
1629021,Moritz Wagner,1610612753,ORL,24.0,45,104.4,104.9,104.9,112.0,112.8,112.8,-7.7,-7.9,-7.9,0.107,1.16,13.9,0.035,0.149,0.093,11.9,11.9,0.522,0.58,0.178,0.182,105.43,104.8,87.33,104.8,0.08,1568,2.3,5.1,388,367,367,388,411,411,432,437,437,272,384,328,236,205,211,405,406,280,186,250,256,42,68,68,314,318,312
1629650,Moses Brown,1610612738,BOS,21.0,43,97.9,98.1,98.1,116.4,116.4,116.4,-18.4,-18.3,-18.3,0.017,0.23,2.7,0.143,0.238,0.188,11.4,11.4,0.545,0.572,0.157,0.161,104.86,104.74,87.29,104.74,0.114,2010,3.4,6.2,489,483,483,510,508,508,513,515,515,526,518,527,7,30,15,374,376,207,215,348,352,53,73,73,113,207,261
1628539,Mychal Mulder,1610612744,GSW,27.0,60,112.2,111.3,111.3,108.3,108.4,108.4,3.8,2.9,2.9,0.047,1.63,8.2,0.01,0.062,0.037,5.0,5.1,0.609,0.613,0.157,0.163,105.47,105.81,88.18,105.81,0.062,1695,2.0,4.4,133,164,164,182,194,194,122,141,141,495,277,489,493,521,524,31,31,57,91,345,344,39,45,45,432,356,345
1626167,Myles Turner,1610612754,IND,25.0,47,108.5,109.2,109.2,107.1,107.9,107.9,1.4,1.3,1.3,0.047,0.72,7.8,0.043,0.159,0.102,10.9,11.0,0.557,0.599,0.167,0.17,101.47,100.71,83.93,100.71,0.09,3047,4.4,9.2,253,239,239,127,170,170,181,192,192,497,483,495,194,160,177,351,354,163,134,290,309,266,320,320,247,143,151
1630230,Naji Marshall,1610612740,NOP,23.0,32,107.6,108.1,108.1,110.3,109.6,109.6,-2.8,-1.5,-1.5,0.165,2.32,23.9,0.02,0.182,0.1,10.3,10.3,0.462,0.508,0.16,0.163,105.05,105.1,87.58,105.1,0.088,1530,2.6,6.5,281,270,270,304,255,255,314,277,277,146,117,86,366,99,182,320,322,440,419,337,343,46,56,56,263,289,249
1629642,Nassir Little,1610612757,POR,21.0,48,115.2,116.2,116.2,118.6,118.4,118.4,-3.4,-2.2,-2.2,0.049,1.28,10.1,0.046,0.144,0.094,7.9,7.9,0.551,0.589,0.135,0.138,99.42,99.06,82.55,99.06,0.072,1317,1.6,3.5,59,46,46,522,525,525,329,300,300,492,364,444,180,217,208,140,144,183,160,436,441,434,456,456,369,394,411
1630268,Nate Darling,1610612766,CHA,22.0,7,65.6,67.9,67.9,133.9,122.2,122.2,-68.3,-54.3,-54.3,0.111,1.0,11.1,0.032,0.0,0.018,11.1,9.7,0.429,0.541,0.133,0.156,95.68,98.33,81.94,98.33,0.048,53,0.3,1.0,537,537,537,537,532,532,537,536,536,257,424,416,253,535,536,358,272,471,331,442,372,535,493,493,479,521,522
1630207,Nate Hinton,1610612742,DAL,22.0,21,88.2,87.3,87.3,116.0,115.4,115.4,-27.9,-28.2,-28.2,0.151,1.6,13.6,0.009,0.091,0.044,8.5,8.4,0.405,0.442,0.217,0.23,103.32,104.12,86.77,104.12,0.066,204,0.7,2.0,526,519,519,506,492,492,526,527,527,176,288,340,505,431,500,170,169,495,491,125,103,126,96,96,406,492,477
1630233,Nathan Knight,1610612737,ATL,23.0,33,102.7,102.6,102.6,108.4,106.9,106.9,-5.7,-4.3,-4.3,0.045,0.53,5.4,0.093,0.155,0.124,10.1,10.2,0.4,0.499,0.207,0.214,99.82,100.55,83.79,100.55,0.089,588,1.1,3.0,424,423,423,184,130,130,393,356,356,499,501,516,57,175,95,300,311,499,430,147,147,407,330,330,254,446,434
1629675,Naz Reid,1610612750,MIN,21.0,70,101.9,102.7,102.7,111.5,112.4,112.4,-9.7,-9.7,-9.7,0.088,1.04,9.1,0.054,0.173,0.111,8.7,8.7,0.576,0.599,0.218,0.225,104.9,104.06,86.72,104.06,0.113,2915,4.3,8.3,436,416,416,365,393,393,459,458,458,338,415,468,148,119,134,187,188,111,129,115,116,51,98,98,122,145,178
202357,Nemanja Bjelica,1610612748,MIA,33.0,37,110.5,109.8,109.8,115.9,116.5,116.5,-5.4,-6.7,-6.7,0.16,2.09,21.6,0.049,0.172,0.109,10.3,10.3,0.523,0.554,0.179,0.186,100.49,100.53,83.78,100.53,0.084,1254,2.4,5.3,175,212,212,505,513,513,380,416,416,154,168,118,164,124,138,321,320,273,277,246,241,355,332,332,286,309,307
203457,Nerlens Noel,1610612752,NYK,27.0,64,108.3,109.2,109.2,107.0,108.5,108.5,1.3,0.7,0.7,0.041,0.71,12.6,0.094,0.164,0.13,17.8,17.8,0.614,0.638,0.092,0.094,97.85,96.74,80.62,96.74,0.082,3106,2.1,3.5,258,240,240,126,195,195,187,212,212,506,484,371,54,138,80,520,519,50,50,531,532,511,538,538,302,341,410
1629651,Nic Claxton,1610612751,BKN,22.0,32,115.2,114.3,114.3,101.8,102.1,102.1,13.4,12.3,12.3,0.068,1.56,12.8,0.074,0.187,0.134,8.3,8.2,0.624,0.612,0.136,0.141,100.41,100.65,83.87,100.65,0.109,1248,2.8,4.5,58,81,81,38,52,52,15,16,16,434,297,359,90,92,75,164,162,43,96,430,428,365,324,324,140,268,340
1630208,Nick Richards,1610612766,CHA,23.0,18,96.2,93.3,93.3,113.6,103.8,103.8,-17.3,-10.5,-10.5,0.054,0.67,10.5,0.056,0.096,0.076,15.8,15.9,0.444,0.542,0.111,0.116,96.03,101.95,84.96,101.95,0.033,134,0.2,0.5,502,507,507,447,63,63,509,469,469,484,488,431,134,403,284,501,504,455,325,507,503,533,228,228,510,525,536
1629638,Nickeil Alexander-Walker,1610612740,NOP,22.0,46,107.4,108.2,108.2,109.9,111.5,111.5,-2.5,-3.3,-3.3,0.155,1.48,15.6,0.012,0.127,0.069,10.5,10.5,0.502,0.522,0.228,0.235,101.64,100.54,83.78,100.54,0.088,2117,4.2,10.0,285,266,266,279,350,350,309,330,330,164,312,278,468,273,326,334,331,346,386,96,87,257,331,331,258,156,131
1630185,Nico Mannion,1610612744,GSW,20.0,30,102.6,102.6,102.6,110.5,111.9,111.9,-7.9,-9.4,-9.4,0.27,2.26,30.7,0.016,0.107,0.061,13.6,13.6,0.439,0.487,0.186,0.19,103.19,102.55,85.46,102.55,0.075,776,1.3,3.8,426,420,420,320,373,373,434,456,456,48,127,26,422,352,381,473,474,459,453,214,225,135,184,184,354,425,386
201587,Nicolas Batum,1610612746,LAC,32.0,67,116.6,117.1,117.1,107.6,108.2,108.2,8.9,8.9,8.9,0.105,2.79,23.3,0.029,0.143,0.088,8.3,8.3,0.597,0.617,0.116,0.119,99.01,98.52,82.1,98.52,0.088,3768,2.9,6.1,37,33,33,152,186,186,32,37,37,276,64,93,276,218,230,167,166,70,85,495,496,461,484,484,262,260,266
1629740,Nicolo Melli,1610612742,DAL,30.0,45,105.8,106.3,106.3,104.5,105.2,105.2,1.3,1.1,1.1,0.108,3.67,21.2,0.046,0.166,0.102,5.8,5.8,0.408,0.441,0.123,0.126,97.39,96.87,80.72,96.87,0.064,1148,1.0,3.1,346,332,332,70,93,93,188,195,195,270,20,132,178,135,173,48,49,494,492,471,473,524,536,536,422,459,431
203999,Nikola Jokić,1610612743,DEN,26.0,72,118.1,120.2,120.2,112.3,112.6,112.6,5.8,7.7,7.7,0.377,2.7,26.2,0.087,0.237,0.163,9.7,9.7,0.602,0.647,0.293,0.296,99.13,98.15,81.79,98.15,0.201,5084,10.2,18.0,11,6,6,400,399,399,80,48,48,9,71,58,65,31,34,275,273,67,43,20,23,455,500,500,4,5,21
202696,Nikola Vučević,1610612741,CHI,30.0,70,105.4,106.6,106.6,113.0,113.6,113.6,-7.6,-7.0,-7.0,0.207,2.13,14.5,0.059,0.289,0.17,6.8,6.8,0.54,0.56,0.292,0.296,99.96,99.15,82.63,99.15,0.168,4849,9.5,19.9,362,321,321,434,437,437,431,421,421,99,157,306,125,10,27,84,84,217,255,21,22,397,450,450,14,9,7
203943,Noah Vonleh,1610612751,BKN,25.0,4,91.0,82.6,82.6,161.7,145.8,145.8,-70.7,-63.2,-63.2,0.143,0.5,16.7,0.0,0.143,0.067,33.3,33.3,0.0,0.0,0.217,0.239,94.78,104.77,87.31,104.77,-0.094,23,0.0,0.8,517,530,530,539,538,538,538,538,538,189,502,236,518,221,345,535,535,535,536,120,79,538,71,71,537,535,527
1626181,Norman Powell,1610612757,POR,28.0,69,112.7,114.3,114.3,111.0,112.5,112.5,1.7,1.8,1.8,0.089,1.08,10.1,0.018,0.079,0.048,9.3,9.3,0.57,0.618,0.221,0.225,102.41,101.07,84.23,101.07,0.096,4642,6.3,13.3,122,85,85,345,397,397,172,179,179,335,403,446,395,481,481,242,242,125,81,108,115,189,297,297,206,67,66
203658,Norvel Pelle,1610612752,NYK,28.0,13,116.7,113.3,113.3,104.8,101.1,101.1,11.9,12.2,12.2,0.032,0.67,8.7,0.077,0.153,0.117,13.0,13.3,0.533,0.567,0.106,0.11,100.12,103.44,86.2,103.44,0.053,180,0.6,1.2,34,114,114,73,44,44,21,17,17,519,488,474,83,185,116,452,461,241,231,514,516,382,122,122,467,500,518
1628384,OG Anunoby,1610612761,TOR,23.0,43,111.6,112.4,112.4,107.6,109.1,109.1,4.0,3.3,3.3,0.098,1.25,12.8,0.037,0.125,0.081,10.2,10.2,0.58,0.605,0.193,0.196,100.9,99.9,83.25,99.9,0.099,2992,5.8,12.1,144,140,140,150,226,226,114,129,129,300,370,361,226,279,268,311,317,102,114,183,196,318,387,387,176,79,93
1630167,Obi Toppin,1610612752,NYK,23.0,62,110.5,109.1,109.1,106.3,106.5,106.5,4.2,2.7,2.7,0.065,1.26,10.7,0.037,0.155,0.097,8.5,8.4,0.56,0.574,0.157,0.162,96.9,97.43,81.19,97.43,0.093,1381,1.7,3.4,174,244,244,110,117,117,112,151,151,444,368,428,222,177,195,169,171,154,209,351,345,530,527,527,224,388,418
1630168,Onyeka Okongwu,1610612737,ATL,20.0,50,107.7,106.2,106.2,114.5,112.6,112.6,-6.8,-6.3,-6.3,0.047,0.62,8.2,0.1,0.172,0.135,13.2,13.1,0.644,0.655,0.141,0.148,99.86,101.4,84.5,101.4,0.087,1266,1.9,3.0,278,334,334,475,400,400,414,403,403,498,495,490,43,123,72,457,456,25,36,415,405,402,263,263,269,361,438
1629052,Oshae Brissett,1610612754,IND,23.0,21,115.9,117.0,117.0,109.6,111.0,111.0,6.3,6.0,6.0,0.042,1.8,8.7,0.054,0.149,0.103,4.8,4.8,0.593,0.638,0.149,0.15,108.34,107.12,89.26,107.12,0.096,1154,3.5,7.2,48,34,34,256,326,326,72,78,78,504,243,476,149,201,169,24,24,84,54,381,394,14,30,30,205,201,221
203490,Otto Porter Jr.,1610612753,ORL,28.0,28,106.0,106.6,106.6,110.1,109.6,109.6,-4.1,-3.0,-3.0,0.133,2.2,16.9,0.044,0.198,0.121,7.7,7.7,0.518,0.552,0.184,0.189,102.74,102.64,85.53,102.64,0.116,1296,3.5,8.1,339,320,320,289,254,254,347,319,319,213,139,231,185,73,105,120,121,294,283,221,229,163,181,181,98,197,185
200782,P.J. Tucker,1610612749,MIL,36.0,52,108.8,109.2,109.2,113.4,114.7,114.7,-4.6,-5.5,-5.5,0.057,1.53,21.0,0.035,0.113,0.073,13.7,13.8,0.486,0.51,0.072,0.073,102.81,101.99,84.99,101.99,0.034,2871,1.3,3.4,240,238,238,443,476,476,360,382,382,476,301,134,232,325,305,478,480,393,415,538,538,156,220,220,507,427,414
1629023,P.J. Washington,1610612766,CHA,22.0,64,109.2,110.4,110.4,110.0,109.8,109.8,-0.8,0.6,0.6,0.12,1.26,15.5,0.045,0.163,0.103,12.3,12.3,0.522,0.549,0.191,0.194,100.58,100.16,83.46,100.16,0.089,4081,4.7,10.7,221,195,195,284,263,263,262,216,216,239,369,284,184,142,168,430,430,278,295,192,205,347,359,359,252,129,109
1628408,PJ Dozier,1610612743,DEN,24.0,50,111.0,112.0,112.0,102.1,102.5,102.5,8.9,9.5,9.5,0.116,2.0,17.7,0.031,0.133,0.082,8.8,8.8,0.483,0.501,0.166,0.171,99.96,99.31,82.76,99.31,0.076,2242,3.0,7.1,161,148,148,42,55,55,31,29,29,245,185,211,262,253,261,197,197,405,426,299,302,396,437,437,344,250,225
1627783,Pascal Siakam,1610612761,TOR,27.0,56,112.7,114.4,114.4,109.7,111.4,111.4,2.9,3.0,3.0,0.195,1.92,17.0,0.045,0.156,0.099,8.8,8.8,0.493,0.547,0.261,0.265,101.03,99.5,82.92,99.5,0.119,4161,7.8,17.2,124,79,79,265,341,341,140,137,137,114,215,230,182,170,188,195,199,375,311,44,45,310,417,417,90,33,32
1626192,Pat Connaughton,1610612749,MIL,28.0,69,114.7,114.3,114.3,107.9,107.3,107.3,6.9,6.9,6.9,0.064,2.45,15.6,0.039,0.152,0.098,6.4,6.4,0.565,0.578,0.113,0.116,104.32,104.8,87.33,104.8,0.079,3431,2.4,5.6,68,86,86,158,149,149,62,60,60,454,99,276,213,186,192,70,71,140,189,503,504,82,69,69,326,305,296
201976,Patrick Beverley,1610612746,LAC,32.0,37,115.7,115.7,115.7,106.3,106.7,106.7,9.4,9.0,9.0,0.123,2.24,21.6,0.037,0.108,0.073,9.7,9.7,0.55,0.58,0.146,0.148,98.22,98.05,81.71,98.05,0.066,1698,2.5,5.9,53,54,54,111,122,122,28,36,36,234,134,122,225,346,299,269,275,185,187,394,406,498,503,503,409,296,279
1627775,Patrick McCaw,1610612761,TOR,25.0,5,105.5,104.5,104.5,133.5,137.5,137.5,-28.0,-33.0,-33.0,0.19,0.0,66.7,0.027,0.071,0.046,0.0,0.0,1.0,1.078,0.026,0.031,95.13,94.21,78.51,94.21,0.057,67,0.2,0.2,360,382,382,536,537,537,527,532,532,117,524,1,292,497,488,1,1,1,1,540,540,536,540,540,455,526,539
202335,Patrick Patterson,1610612746,LAC,32.0,38,111.4,111.2,111.2,109.5,109.1,109.1,1.8,2.1,2.1,0.069,2.64,13.6,0.032,0.093,0.063,5.2,5.2,0.558,0.571,0.135,0.139,99.56,99.85,83.21,99.85,0.066,1209,1.9,4.3,153,168,168,255,227,227,170,171,171,426,80,339,258,419,374,34,34,160,216,433,437,425,391,391,408,364,352
1630172,Patrick Williams,1610612741,CHI,19.0,71,106.2,106.3,106.3,112.8,113.5,113.5,-6.7,-7.1,-7.1,0.068,1.01,12.7,0.033,0.131,0.082,12.6,12.6,0.534,0.562,0.146,0.149,100.79,100.41,83.68,100.41,0.071,4151,3.6,7.4,333,331,331,420,434,434,411,424,424,433,422,365,249,258,255,442,441,238,250,391,401,328,342,342,382,188,211
201988,Patty Mills,1610612759,SAS,32.0,68,107.7,107.8,107.8,106.5,106.4,106.4,1.2,1.4,1.4,0.142,2.45,18.7,0.01,0.053,0.032,7.6,7.6,0.544,0.57,0.177,0.182,102.0,101.97,84.97,101.97,0.079,3568,3.7,9.0,277,276,276,117,114,114,190,189,189,191,99,180,498,527,530,117,115,210,219,256,254,225,225,225,320,181,162
202331,Paul George,1610612746,LAC,31.0,54,117.2,118.3,118.3,106.3,107.0,107.0,10.9,11.3,11.3,0.239,1.56,18.6,0.026,0.171,0.101,11.9,11.8,0.557,0.598,0.296,0.302,98.31,97.55,81.29,97.55,0.145,3707,8.2,17.6,26,18,18,113,135,135,26,22,22,67,295,184,301,125,179,404,403,164,138,18,19,492,522,522,41,27,23
200794,Paul Millsap,1610612743,DEN,36.0,56,114.6,116.2,116.2,109.9,111.5,111.5,4.7,4.7,4.7,0.113,1.92,16.6,0.067,0.167,0.117,8.6,8.6,0.537,0.565,0.184,0.188,98.14,96.76,80.64,96.76,0.098,2339,3.4,7.2,70,45,45,275,344,344,99,101,101,253,217,240,101,133,115,180,180,226,239,220,232,502,537,537,182,205,223
1630194,Paul Reed,1610612755,PHI,22.0,26,106.2,107.5,107.5,98.0,96.3,96.3,8.2,11.2,11.2,0.107,1.0,11.5,0.147,0.172,0.159,11.5,11.4,0.538,0.54,0.208,0.216,101.79,102.07,85.06,102.07,0.132,374,1.6,3.0,330,291,291,23,23,23,42,23,23,271,424,402,5,122,45,384,371,222,335,145,142,241,216,216,56,396,435
1628778,Paul Watson,1610612761,TOR,26.0,27,110.2,110.9,110.9,111.7,112.6,112.6,-1.5,-1.7,-1.7,0.081,1.89,15.2,0.012,0.129,0.07,8.0,8.1,0.646,0.649,0.133,0.136,102.55,101.77,84.81,101.77,0.071,632,1.4,3.0,190,175,175,373,403,403,284,280,280,366,220,293,467,263,318,152,155,23,40,441,447,180,240,240,378,419,433
1630202,Payton Pritchard,1610612738,BOS,23.0,66,110.8,111.2,111.2,110.4,110.6,110.6,0.4,0.6,0.6,0.136,2.26,19.6,0.025,0.099,0.061,8.7,8.7,0.562,0.582,0.162,0.167,99.6,99.38,82.82,99.38,0.082,2636,2.8,6.3,166,169,169,313,303,303,223,218,218,203,126,154,314,387,379,185,187,149,182,325,319,422,431,431,303,271,256
1630173,Precious Achiuwa,1610612748,MIA,21.0,61,103.4,102.0,102.0,109.8,109.2,109.2,-6.4,-7.2,-7.2,0.064,0.67,8.3,0.097,0.174,0.136,12.3,12.3,0.544,0.55,0.184,0.191,100.42,101.39,84.5,101.39,0.086,1555,2.0,3.7,407,432,432,268,232,232,406,427,427,453,486,487,49,112,71,429,433,211,293,222,219,364,264,264,275,349,391
1626188,Quinn Cook,1610612739,CLE,28.0,23,102.7,100.3,100.3,103.0,104.2,104.2,-0.3,-3.9,-3.9,0.184,2.57,18.8,0.012,0.084,0.049,7.3,7.3,0.507,0.531,0.204,0.214,101.9,102.49,85.41,102.49,0.098,338,1.3,3.0,423,456,456,51,68,68,242,344,344,123,86,176,479,455,469,97,97,324,361,150,145,230,188,188,185,428,440
1629683,Quinndary Weatherspoon,1610612759,SAS,24.0,20,94.9,94.3,94.3,118.2,116.9,116.9,-23.3,-22.6,-22.6,0.107,0.8,13.3,0.024,0.07,0.046,16.7,16.7,0.471,0.547,0.18,0.185,102.5,103.46,86.22,103.46,0.046,261,0.8,1.8,509,503,503,521,517,517,519,522,522,273,469,346,324,502,490,511,511,426,305,241,244,182,121,121,484,482,493
1630181,R.J. Hampton,1610612753,ORL,20.0,51,103.0,102.6,102.6,115.7,116.7,116.7,-12.7,-14.2,-14.2,0.155,1.64,17.8,0.03,0.162,0.094,10.8,10.8,0.478,0.507,0.191,0.196,102.2,101.94,84.95,101.94,0.085,1879,2.7,6.1,415,422,422,503,514,514,485,496,496,166,274,210,269,148,205,344,346,415,421,191,194,205,230,230,279,278,268
1629628,RJ Barrett,1610612752,NYK,21.0,72,108.3,110.0,110.0,105.9,107.2,107.2,2.4,2.7,2.7,0.134,1.56,14.1,0.027,0.13,0.079,9.0,9.0,0.499,0.535,0.228,0.232,98.96,97.54,81.29,97.54,0.095,5101,6.5,14.7,257,206,206,98,144,144,154,147,147,211,296,318,298,261,273,219,222,361,351,92,99,464,523,523,209,64,55
200765,Rajon Rondo,1610612746,LAC,35.0,45,108.2,107.7,107.7,107.4,106.8,106.8,0.9,1.0,1.0,0.375,2.52,39.8,0.023,0.113,0.069,15.8,15.8,0.526,0.544,0.166,0.173,98.57,99.08,82.57,99.08,0.11,1591,2.1,4.8,261,282,282,138,124,124,202,203,203,10,91,5,334,323,327,504,501,265,320,301,291,485,454,454,135,343,328
203526,Raul Neto,1610612764,WAS,29.0,64,109.2,109.3,109.3,109.6,110.3,110.3,-0.4,-1.0,-1.0,0.141,2.75,21.3,0.019,0.087,0.053,7.7,7.8,0.539,0.575,0.155,0.159,106.46,106.03,88.36,106.03,0.086,3104,3.3,7.0,222,233,233,259,289,289,250,266,266,194,67,127,381,444,447,127,128,220,205,356,360,30,41,41,274,221,232
1629034,Ray Spalding,1610612745,HOU,24.0,2,91.7,90.9,90.9,108.3,106.8,106.8,-16.6,-15.9,-15.9,0.0,0.0,0.0,0.083,0.083,0.083,37.5,38.1,0.5,0.41,0.157,0.156,111.46,112.74,93.95,112.74,-0.026,44,1.0,2.0,516,514,514,179,126,126,505,502,502,531,524,531,68,459,251,536,536,350,507,352,373,4,6,6,531,460,477
1629730,Rayjon Tucker,1610612755,PHI,23.0,14,98.3,96.1,96.1,108.9,101.3,101.3,-10.6,-5.2,-5.2,0.154,1.5,16.2,0.012,0.164,0.075,10.8,11.0,0.556,0.645,0.176,0.177,104.06,109.17,90.98,109.17,0.119,153,0.6,1.3,481,499,499,224,47,47,467,375,375,167,305,254,481,141,292,343,355,167,45,257,270,92,16,16,92,498,514
203493,Reggie Bullock Jr.,1610612752,NYK,30.0,65,108.3,109.7,109.7,106.1,107.2,107.2,2.1,2.5,2.5,0.072,2.2,13.8,0.008,0.102,0.056,6.3,6.2,0.587,0.606,0.14,0.145,98.39,97.29,81.08,97.29,0.074,3955,3.8,8.6,259,220,220,106,142,142,162,156,156,410,139,334,508,374,423,61,61,91,110,417,420,489,530,530,357,174,172
202704,Reggie Jackson,1610612746,LAC,31.0,67,116.5,116.7,116.7,108.9,109.3,109.3,7.6,7.4,7.4,0.185,2.77,22.8,0.016,0.107,0.063,8.2,8.2,0.554,0.576,0.195,0.2,99.35,99.08,82.57,99.08,0.091,3192,3.9,8.7,39,40,40,219,238,238,49,51,51,121,65,99,415,350,369,160,163,176,200,174,181,436,452,452,238,167,168
1629617,Reggie Perry,1610612751,BKN,21.0,26,108.2,106.1,106.1,113.7,113.4,113.4,-5.5,-7.3,-7.3,0.097,0.93,12.5,0.117,0.204,0.16,13.4,13.3,0.436,0.466,0.19,0.199,100.79,101.96,84.97,101.96,0.064,446,1.2,3.0,263,340,340,450,429,429,385,429,429,305,450,372,27,65,40,467,465,463,475,197,184,327,227,227,423,431,435
1626158,Richaun Holmes,1610612758,SAC,27.0,61,113.8,114.9,114.9,113.0,114.6,114.6,0.8,0.3,0.3,0.082,1.35,12.3,0.081,0.196,0.14,9.1,9.1,0.638,0.669,0.173,0.177,101.68,100.46,83.72,100.46,0.122,3728,6.0,9.4,85,66,66,429,474,474,204,226,226,363,349,382,73,75,65,232,229,29,24,271,271,251,336,336,85,72,144
201937,Ricky Rubio,1610612750,MIN,30.0,68,108.0,109.3,109.3,112.9,114.3,114.3,-5.0,-5.0,-5.0,0.33,3.9,39.2,0.014,0.11,0.06,10.0,10.0,0.454,0.516,0.155,0.158,104.59,103.33,86.1,103.33,0.098,3816,2.8,7.3,273,235,235,428,462,462,368,373,373,21,18,6,447,337,390,298,295,447,398,358,361,66,128,128,186,262,215
203496,Robert Covington,1610612757,POR,30.0,70,117.0,118.6,118.6,112.9,113.8,113.8,4.1,4.8,4.8,0.066,1.83,16.3,0.026,0.183,0.102,8.9,8.9,0.533,0.553,0.114,0.115,100.79,99.68,83.07,99.68,0.072,4649,2.9,7.3,30,14,14,424,448,448,113,100,100,440,231,251,310,97,176,203,208,240,280,498,507,329,406,406,374,254,217
1629606,Robert Franks,1610612753,ORL,24.0,7,106.9,106.0,106.0,119.9,120.5,120.5,-13.0,-14.4,-14.4,0.07,2.5,12.2,0.053,0.082,0.066,4.9,4.9,0.554,0.638,0.148,0.152,101.13,101.27,84.4,101.27,0.091,215,1.9,4.0,305,341,341,526,531,531,488,498,498,420,92,387,151,464,348,25,27,179,52,383,388,300,272,272,235,370,371
1629057,Robert Williams III,1610612738,BOS,23.0,52,113.0,112.4,112.4,112.6,112.0,112.0,0.4,0.4,0.4,0.137,1.81,21.6,0.136,0.232,0.184,12.0,11.9,0.721,0.719,0.145,0.15,99.43,99.97,83.31,99.97,0.152,2052,3.6,5.0,106,139,139,411,377,377,225,224,224,201,241,120,10,39,18,407,405,7,8,398,396,433,379,379,29,191,316
1630218,Robert Woodard II,1610612758,SAC,21.0,13,115.9,107.5,107.5,105.4,101.0,101.0,10.5,6.6,6.6,0.056,2.0,7.4,0.08,0.235,0.158,3.7,3.8,0.425,0.425,0.21,0.222,103.66,110.0,91.67,110.0,0.079,106,0.6,1.5,45,288,288,85,40,40,27,67,67,481,185,500,78,35,46,18,18,478,499,140,124,107,12,12,323,500,500
201577,Robin Lopez,1610612764,WAS,33.0,71,106.6,107.9,107.9,108.7,109.0,109.0,-2.1,-1.1,-1.1,0.06,0.73,9.0,0.097,0.092,0.095,12.2,12.2,0.639,0.661,0.169,0.172,104.41,103.69,86.41,103.69,0.102,2933,3.8,6.0,316,274,274,206,222,222,297,267,267,466,480,469,48,426,203,424,421,28,30,287,298,78,113,113,161,176,278
1629066,Rodions Kurucs,1610612749,MIL,23.0,21,102.6,102.5,102.5,106.0,102.8,102.8,-3.4,-0.3,-0.3,0.115,0.77,17.5,0.037,0.134,0.086,22.8,22.9,0.438,0.459,0.145,0.149,107.41,109.08,90.9,109.08,0.044,282,0.5,1.5,428,426,426,102,56,56,328,244,244,248,474,214,221,247,239,528,527,460,483,397,403,19,17,17,492,507,502
203918,Rodney Hood,1610612761,TOR,28.0,55,106.8,107.4,107.4,113.7,114.0,114.0,-6.9,-6.6,-6.6,0.083,1.47,14.7,0.023,0.084,0.052,10.0,10.0,0.427,0.452,0.139,0.143,100.11,99.67,83.06,99.67,0.037,1957,1.7,4.7,308,293,293,448,456,456,416,413,413,360,313,301,337,456,449,292,293,475,487,420,421,383,407,407,504,385,332
203585,Rodney McGruder,1610612765,DET,29.0,16,111.6,111.7,111.7,115.5,115.8,115.8,-3.9,-4.0,-4.0,0.128,2.29,16.7,0.042,0.078,0.06,7.3,7.3,0.607,0.619,0.179,0.186,97.48,97.28,81.07,97.28,0.097,392,2.3,4.4,147,155,155,499,503,503,340,347,347,225,122,236,197,483,394,97,97,61,79,249,240,521,531,531,195,317,347
1629641,Romeo Langford,1610612738,BOS,21.0,18,98.2,98.1,98.1,108.8,108.2,108.2,-10.6,-10.1,-10.1,0.069,1.3,14.9,0.04,0.077,0.059,11.5,11.5,0.398,0.436,0.111,0.115,100.45,100.75,83.96,100.75,0.03,590,1.2,3.3,482,482,482,209,185,185,465,462,462,427,362,295,206,487,402,380,379,500,494,508,509,360,318,318,512,439,420
1626178,Rondae Hollis-Jefferson,1610612757,POR,26.0,11,112.1,111.7,111.7,113.0,112.8,112.8,-0.9,-1.1,-1.1,0.169,6.5,31.7,0.08,0.14,0.107,4.9,5.0,0.5,0.539,0.105,0.106,100.32,100.65,83.88,100.65,0.074,223,0.8,1.6,134,156,156,432,408,408,268,268,268,143,4,20,77,228,153,25,29,350,340,515,520,369,323,323,355,479,497
1626220,Royce O'Neale,1610612762,UTA,28.0,71,116.8,117.7,117.7,105.8,107.3,107.3,11.0,10.4,10.4,0.103,2.18,26.6,0.039,0.162,0.104,12.2,12.2,0.58,0.599,0.095,0.096,100.61,99.48,82.9,99.48,0.074,4639,2.5,5.5,33,22,22,94,150,150,24,26,26,280,143,53,209,146,165,422,427,103,133,527,529,343,422,422,356,302,298
200752,Rudy Gay,1610612759,SAS,34.0,63,108.1,108.4,108.4,104.3,103.9,103.9,3.8,4.5,4.5,0.1,1.35,10.7,0.028,0.176,0.102,7.9,7.9,0.505,0.532,0.23,0.235,101.23,101.26,84.38,101.26,0.108,2865,4.2,10.0,266,260,260,66,65,65,121,107,107,288,345,427,283,109,178,138,139,333,360,89,89,293,276,276,143,154,128
203497,Rudy Gobert,1610612762,UTA,29.0,71,117.5,116.8,116.8,100.8,100.9,100.9,16.6,15.9,15.9,0.059,0.75,9.4,0.11,0.288,0.205,12.4,12.4,0.675,0.683,0.166,0.171,101.07,101.32,84.43,101.32,0.165,4613,5.5,8.2,17,37,37,34,39,39,7,11,11,472,476,465,34,12,10,433,434,14,18,304,303,306,269,269,16,94,184
1629060,Rui Hachimura,1610612764,WAS,23.0,57,108.6,109.5,109.5,110.8,112.4,112.4,-2.2,-2.8,-2.8,0.062,1.21,9.4,0.026,0.139,0.083,7.8,7.8,0.513,0.549,0.18,0.182,106.71,105.48,87.9,105.48,0.082,3950,5.4,11.4,248,225,225,332,392,392,301,315,315,462,379,462,304,232,254,132,134,309,297,243,255,27,48,48,306,98,100
201566,Russell Westbrook,1610612764,WAS,32.0,65,108.5,109.2,109.2,110.0,110.4,110.4,-1.5,-1.2,-1.2,0.477,2.45,30.6,0.043,0.249,0.147,12.5,12.5,0.474,0.509,0.295,0.3,107.71,107.18,89.32,107.18,0.164,5279,8.4,19.0,250,241,241,285,292,292,283,271,271,1,103,28,192,26,58,435,438,422,416,19,20,17,29,29,17,25,13
1627853,Ryan Arcidiacono,1610612741,CHI,27.0,44,106.2,104.0,104.0,105.4,104.0,104.0,0.8,0.0,0.0,0.176,5.6,29.3,0.011,0.135,0.074,5.2,5.2,0.526,0.541,0.128,0.135,97.54,99.21,82.68,99.21,0.078,936,1.1,2.7,331,389,389,82,66,66,203,232,232,131,6,37,486,244,296,37,36,264,332,455,452,517,445,445,331,447,451
1630240,Saben Lee,1610612765,DET,22.0,48,105.9,105.4,105.4,111.3,111.7,111.7,-5.4,-6.3,-6.3,0.333,3.16,36.3,0.026,0.099,0.063,11.5,11.5,0.49,0.536,0.171,0.175,98.87,98.91,82.42,98.91,0.096,1614,2.1,4.4,344,352,352,355,358,358,383,401,401,17,39,11,308,389,373,378,383,384,350,277,277,468,468,468,201,346,347
1630180,Saddiq Bey,1610612765,DET,22.0,70,104.5,105.6,105.6,109.9,111.2,111.2,-5.3,-5.6,-5.6,0.077,1.58,10.5,0.022,0.145,0.082,6.6,6.6,0.53,0.567,0.182,0.187,100.55,99.47,82.89,99.47,0.092,3960,4.0,9.9,382,348,348,273,335,335,379,386,386,391,289,434,349,213,258,78,76,251,229,231,237,349,423,423,234,164,135
1630241,Sam Merrill,1610612749,MIL,25.0,30,103.6,101.2,101.2,109.8,109.7,109.7,-6.2,-8.5,-8.5,0.135,2.1,20.0,0.024,0.094,0.06,9.5,9.5,0.59,0.603,0.146,0.152,103.42,104.73,87.27,104.73,0.084,510,1.1,2.4,397,441,441,269,259,259,401,442,442,208,166,145,319,413,391,253,259,86,118,390,384,121,74,74,294,454,459
1630253,Sean McDermott,1610612763,MEM,24.0,18,89.1,89.1,89.1,107.8,106.8,106.8,-18.7,-17.7,-17.7,0.043,1.0,8.9,0.031,0.087,0.055,8.9,9.0,0.47,0.534,0.101,0.105,102.92,103.34,86.12,103.34,0.052,341,0.7,1.8,522,516,516,155,125,125,514,513,513,503,424,470,265,446,429,203,216,431,354,521,521,149,125,125,469,491,487
1629635,Sekou Doumbouya,1610612765,DET,20.0,56,105.2,104.5,104.5,110.6,111.5,111.5,-5.4,-6.9,-6.9,0.08,1.07,11.7,0.045,0.117,0.082,10.9,11.0,0.426,0.459,0.176,0.181,99.26,99.17,82.64,99.17,0.045,1792,1.9,5.0,367,379,379,321,343,343,381,420,420,371,408,399,183,310,260,350,350,477,481,258,260,446,449,449,486,363,314
1628400,Semi Ojeleye,1610612738,BOS,26.0,56,107.7,107.6,107.6,108.0,107.8,107.8,-0.3,-0.2,-0.2,0.054,1.76,12.6,0.032,0.121,0.076,7.2,7.2,0.534,0.553,0.114,0.118,98.81,99.0,82.5,99.0,0.063,1963,1.6,3.9,276,286,286,167,165,165,241,239,239,483,250,368,257,288,285,95,95,239,279,497,498,472,461,461,427,400,374
201586,Serge Ibaka,1610612746,LAC,31.0,41,117.2,117.5,117.5,109.0,110.1,110.1,8.2,7.4,7.4,0.11,1.68,14.7,0.08,0.217,0.15,8.7,8.7,0.563,0.585,0.2,0.204,98.24,97.67,81.39,97.67,0.115,1948,4.5,8.9,24,23,23,230,272,272,41,49,49,259,265,302,76,52,55,188,190,144,175,162,165,497,518,518,102,138,165
203552,Seth Curry,1610612755,PHI,30.0,57,113.8,114.7,114.7,105.4,106.5,106.5,8.4,8.2,8.2,0.131,2.38,19.4,0.006,0.074,0.042,8.1,8.1,0.582,0.607,0.169,0.173,101.29,100.4,83.66,100.4,0.084,3444,4.5,9.7,83,71,71,83,118,118,37,40,40,218,112,163,513,492,511,156,153,99,107,284,288,282,345,345,284,139,138
1628983,Shai Gilgeous-Alexander,1610612760,OKC,22.0,35,106.1,107.2,107.2,113.3,114.9,114.9,-7.2,-7.7,-7.7,0.311,1.95,21.2,0.015,0.119,0.067,10.8,10.8,0.571,0.623,0.283,0.288,101.33,100.1,83.42,100.1,0.146,2462,8.2,16.1,334,298,298,441,484,484,423,434,434,26,206,129,432,295,343,346,345,122,74,31,34,279,363,363,37,28,41
1629003,Shake Milton,1610612755,PHI,24.0,63,108.5,109.3,109.3,104.5,105.0,105.0,4.0,4.3,4.3,0.21,1.87,18.6,0.022,0.076,0.049,9.9,9.9,0.503,0.549,0.239,0.246,102.04,101.45,84.54,101.45,0.101,3087,4.8,10.6,252,237,237,69,91,91,115,109,109,94,224,183,344,489,465,286,287,342,299,70,69,222,257,257,164,122,113
1627885,Shaquille Harrison,1610612743,DEN,27.0,34,100.5,98.2,98.2,108.0,108.3,108.3,-7.5,-10.1,-10.1,0.109,2.27,20.2,0.02,0.117,0.068,8.9,8.9,0.353,0.416,0.124,0.13,101.82,102.89,85.74,102.89,0.047,711,0.8,2.3,461,480,480,166,188,188,428,463,463,265,124,143,369,306,332,201,205,509,503,469,465,235,165,165,480,486,468
1628414,Sindarius Thornwell,1610612753,ORL,26.0,21,103.4,102.6,102.6,105.5,104.6,104.6,-2.1,-2.0,-2.0,0.135,3.0,26.9,0.013,0.067,0.039,9.0,9.0,0.402,0.414,0.11,0.113,99.59,100.39,83.66,100.39,0.043,454,0.7,2.2,406,417,417,88,79,79,298,295,295,208,43,50,460,509,520,211,221,498,504,511,512,423,347,347,498,492,474
1630219,Skylar Mays,1610612737,ATL,23.0,33,108.9,107.0,107.0,107.2,105.6,105.6,1.7,1.4,1.4,0.18,3.33,20.1,0.037,0.095,0.066,6.0,6.1,0.52,0.569,0.186,0.194,97.45,99.05,82.54,99.05,0.113,558,1.3,3.0,234,305,305,133,98,98,173,191,191,129,34,144,223,405,355,54,57,284,225,213,204,523,457,457,117,421,439
203524,Solomon Hill,1610612737,ATL,30.0,71,112.9,111.6,111.6,110.9,110.6,110.6,2.0,1.0,1.0,0.065,1.79,17.2,0.028,0.111,0.07,9.7,9.6,0.473,0.498,0.102,0.105,99.22,99.93,83.28,99.93,0.045,3148,1.5,4.2,112,159,159,340,301,301,166,199,199,446,245,221,287,335,321,268,270,423,432,520,523,450,383,383,490,410,364
203915,Spencer Dinwiddie,1610612751,BKN,28.0,3,117.0,118.4,118.4,88.5,88.7,88.7,28.6,29.8,29.8,0.173,1.8,27.3,0.0,0.151,0.088,15.2,15.3,0.438,0.536,0.154,0.155,105.96,105.2,87.67,105.2,0.102,141,2.0,5.3,29,16,16,7,11,11,4,4,4,135,243,45,518,189,226,496,497,460,348,363,376,35,54,54,163,352,304
1626169,Stanley Johnson,1610612761,TOR,25.0,61,104.4,105.3,105.3,111.5,111.7,111.7,-7.0,-6.4,-6.4,0.127,1.65,22.3,0.027,0.128,0.075,13.5,13.5,0.479,0.519,0.13,0.134,102.33,101.77,84.81,101.77,0.056,2122,1.5,3.8,385,355,355,363,363,363,419,405,405,227,271,110,295,270,294,470,470,414,389,451,455,195,242,242,456,412,385
201939,Stephen Curry,1610612744,GSW,33.0,63,112.8,114.2,114.2,108.5,109.6,109.6,4.3,4.6,4.6,0.283,1.7,17.4,0.013,0.135,0.077,10.2,10.1,0.605,0.655,0.331,0.34,106.34,105.16,87.63,105.16,0.181,4725,10.4,21.7,115,87,87,197,252,252,110,102,102,39,263,220,453,243,282,309,304,63,37,5,4,32,55,55,8,2,2
1628425,Sterling Brown,1610612745,HOU,26.0,51,104.8,105.5,105.5,109.5,110.8,110.8,-4.7,-5.4,-5.4,0.088,1.76,15.6,0.029,0.147,0.086,8.9,8.9,0.584,0.597,0.133,0.136,103.11,102.14,85.11,102.14,0.082,2608,2.9,6.6,378,351,351,251,317,317,364,379,379,343,252,277,279,208,238,205,202,97,144,440,444,141,213,213,305,251,246
203500,Steven Adams,1610612740,NOP,27.0,58,113.2,114.9,114.9,114.4,115.0,115.0,-1.2,-0.1,-0.1,0.088,1.42,19.8,0.132,0.187,0.16,13.9,14.0,0.614,0.596,0.118,0.119,100.06,99.08,82.57,99.08,0.09,3320,3.3,5.3,101,64,64,471,486,486,275,233,233,339,326,151,13,93,43,481,481,53,146,488,497,385,453,453,242,222,306
1629004,Svi Mykhailiuk,1610612760,OKC,24.0,66,103.2,103.8,103.8,111.8,112.0,112.0,-8.5,-8.2,-8.2,0.127,1.25,15.2,0.017,0.104,0.059,12.2,12.1,0.515,0.529,0.19,0.196,102.66,102.27,85.23,102.27,0.077,2823,3.2,7.7,410,394,394,377,376,376,446,439,439,226,371,292,410,368,400,417,416,299,367,198,195,170,204,204,338,236,198
1628388,T.J. Leaf,1610612757,POR,24.0,7,89.8,85.9,85.9,116.1,110.7,110.7,-26.3,-24.8,-24.8,0.038,0.5,7.1,0.0,0.106,0.055,14.3,14.4,0.5,0.551,0.138,0.146,109.35,114.52,95.44,114.52,0.084,85,0.7,1.4,520,523,523,508,310,310,524,523,523,510,502,501,518,355,431,487,489,350,287,424,413,9,5,5,289,492,507
204456,T.J. McConnell,1610612754,IND,29.0,69,111.7,112.5,112.5,108.9,110.0,110.0,2.8,2.5,2.5,0.337,3.38,41.4,0.03,0.106,0.068,12.3,12.2,0.574,0.583,0.149,0.152,104.56,103.73,86.44,103.73,0.119,3869,4.0,7.1,142,135,135,227,268,268,142,155,155,15,31,4,268,361,333,428,428,115,181,380,386,69,108,108,91,165,224
203933,T.J. Warren,1610612754,IND,27.0,4,108.2,111.3,111.3,109.6,108.7,108.7,-1.4,2.6,2.6,0.06,1.25,7.9,0.017,0.106,0.06,6.3,6.2,0.529,0.56,0.213,0.218,103.45,102.44,85.36,102.44,0.072,248,6.8,12.8,262,166,166,258,203,203,280,153,153,469,371,492,409,358,385,69,63,254,254,131,137,118,190,190,375,56,80
1629605,Tacko Fall,1610612738,BOS,25.0,19,120.7,113.9,113.9,105.7,107.6,107.6,15.0,6.3,6.3,0.028,0.5,6.7,0.123,0.237,0.184,13.3,13.5,0.724,0.66,0.127,0.135,101.19,103.23,86.02,103.23,0.102,295,1.1,1.5,5,97,97,93,162,162,9,71,71,521,502,508,22,33,17,463,468,6,33,461,451,297,133,133,160,449,501
201959,Taj Gibson,1610612752,NYK,36.0,45,110.7,110.5,110.5,102.7,103.1,103.1,8.0,7.3,7.3,0.054,1.64,14.9,0.102,0.151,0.127,9.1,9.2,0.636,0.661,0.095,0.098,97.79,97.67,81.39,97.67,0.095,1899,2.2,3.5,168,193,193,48,59,59,43,53,53,484,275,296,41,193,85,231,236,32,31,525,528,514,517,517,216,333,408
1629659,Talen Horton-Tucker,1610612747,LAL,20.0,65,105.5,105.8,105.8,103.9,104.7,104.7,1.6,1.0,1.0,0.209,1.72,21.9,0.019,0.104,0.063,12.7,12.6,0.496,0.536,0.21,0.217,101.29,100.77,83.97,100.77,0.094,2731,3.4,7.5,358,344,344,58,84,84,177,197,197,96,258,116,374,367,370,446,443,367,349,139,138,283,317,317,219,203,206
1627752,Taurean Prince,1610612739,CLE,27.0,41,109.1,108.5,108.5,114.2,114.6,114.6,-5.0,-6.1,-6.1,0.121,1.62,15.8,0.021,0.132,0.077,9.8,9.7,0.495,0.54,0.189,0.196,101.63,101.72,84.76,101.72,0.08,1913,3.2,8.0,225,257,257,466,473,473,371,396,396,238,280,269,355,255,279,276,276,368,337,202,197,258,245,245,317,231,190
1629611,Terance Mann,1610612746,LAC,24.0,67,112.6,112.4,112.4,109.2,109.7,109.7,3.4,2.7,2.7,0.114,2.6,19.4,0.044,0.14,0.093,7.5,7.5,0.563,0.603,0.144,0.15,100.06,99.93,83.27,99.93,0.091,2612,2.7,5.2,126,141,141,235,256,256,131,148,148,251,84,159,190,229,213,106,108,146,119,399,398,386,385,385,237,279,310
1629056,Terence Davis,1610612758,SAC,24.0,61,106.8,107.3,107.3,109.6,110.1,110.1,-2.8,-2.8,-2.8,0.122,1.32,13.3,0.018,0.125,0.07,10.1,10.1,0.535,0.555,0.213,0.219,102.71,102.23,85.19,102.23,0.087,2286,3.2,7.5,309,296,296,257,274,274,316,312,312,237,359,351,399,277,322,301,303,234,270,132,135,167,207,207,272,230,207
1628390,Terrance Ferguson,1610612755,PHI,23.0,13,94.7,88.8,88.8,112.7,106.5,106.5,-18.1,-17.8,-17.8,0.057,0.5,15.4,0.0,0.024,0.011,30.8,30.8,0.143,0.143,0.094,0.102,98.04,104.14,86.78,104.14,-0.065,107,0.1,0.5,511,517,517,416,119,119,512,514,514,475,502,286,518,534,537,534,534,530,533,528,524,505,95,95,535,533,534
203082,Terrence Ross,1610612753,ORL,30.0,46,102.7,103.2,103.2,111.8,112.0,112.0,-9.0,-8.8,-8.8,0.133,1.46,12.7,0.01,0.104,0.054,8.7,8.6,0.485,0.53,0.23,0.238,100.54,100.24,83.54,100.24,0.09,2818,5.5,13.4,421,409,409,379,375,375,452,446,446,212,321,364,497,365,436,189,182,400,365,87,83,350,354,354,244,92,65
1626179,Terry Rozier,1610612766,CHA,27.0,69,109.6,110.9,110.9,112.1,112.9,112.9,-2.5,-2.0,-2.0,0.193,2.29,18.0,0.019,0.105,0.061,7.9,7.8,0.548,0.575,0.238,0.244,100.57,99.64,83.03,99.64,0.113,4953,7.4,16.4,204,177,177,392,416,416,307,296,296,115,121,201,382,363,380,135,130,193,203,73,71,348,413,413,120,42,39
201152,Thaddeus Young,1610612741,CHI,33.0,68,114.4,114.2,114.2,110.1,110.1,110.1,4.3,4.1,4.1,0.253,2.12,25.7,0.105,0.154,0.13,12.1,12.0,0.568,0.578,0.216,0.224,99.89,100.03,83.36,100.03,0.128,3445,5.4,9.7,72,90,90,290,271,271,108,114,114,58,159,66,37,179,81,413,409,133,192,127,120,401,372,372,66,97,137
203648,Thanasis Antetokounmpo,1610612749,MIL,28.0,57,109.5,107.1,107.1,106.8,104.6,104.6,2.7,2.5,2.5,0.113,1.07,18.6,0.093,0.113,0.103,17.4,17.4,0.515,0.523,0.147,0.154,104.29,106.62,88.85,106.62,0.055,1204,1.2,2.4,210,304,304,123,77,77,148,157,157,252,407,182,58,321,167,518,517,300,378,388,378,83,33,33,457,437,458
1630177,Theo Maledon,1610612760,OKC,20.0,65,96.5,97.2,97.2,113.2,113.6,113.6,-16.7,-16.5,-16.5,0.197,1.61,21.8,0.012,0.101,0.055,13.6,13.5,0.454,0.489,0.188,0.192,103.78,103.27,86.05,103.27,0.063,3829,3.5,9.4,501,491,491,438,442,442,508,505,505,112,284,117,463,380,434,472,472,448,445,206,213,103,130,130,426,200,142
1629033,Theo Pinson,1610612752,NYK,25.0,17,97.4,85.2,85.2,110.0,101.2,101.2,-12.6,-16.0,-16.0,0.063,1.0,9.1,0.0,0.114,0.063,9.1,9.1,0.111,0.111,0.118,0.135,104.35,116.28,96.9,116.28,-0.04,81,0.1,0.5,496,527,527,287,45,45,484,503,503,460,424,467,518,319,368,227,230,532,535,490,449,80,4,4,532,534,535
1628418,Thomas Bryant,1610612764,WAS,23.0,10,111.4,113.6,113.6,113.9,115.7,115.7,-2.4,-2.1,-2.1,0.079,1.36,12.1,0.063,0.163,0.111,8.9,8.6,0.698,0.704,0.163,0.17,109.16,107.31,89.42,107.31,0.111,605,5.9,9.1,151,106,106,458,500,500,304,297,297,387,341,388,116,144,130,201,184,10,12,321,306,11,27,27,132,75,154
1627748,Thon Maker,1610612739,CLE,24.0,8,97.2,92.3,92.3,101.1,103.2,103.2,-3.9,-10.9,-10.9,0.1,1.33,13.3,0.093,0.118,0.105,10.0,10.1,0.556,0.657,0.145,0.154,96.16,97.61,81.34,97.61,0.134,155,1.3,2.3,498,511,511,35,60,60,341,473,473,289,350,346,56,303,158,292,302,167,35,396,380,532,520,520,51,429,470
204025,Tim Frazier,1610612763,MEM,30.0,5,93.5,98.5,98.5,91.0,90.6,90.6,2.6,7.8,7.8,0.333,4.0,37.2,0.0,0.107,0.054,9.3,9.4,0.15,0.177,0.178,0.176,107.9,105.35,87.79,105.35,0.012,133,0.6,4.0,514,475,475,10,14,14,150,45,45,17,14,9,518,352,438,244,248,529,532,252,272,16,50,50,523,502,371
203501,Tim Hardaway Jr.,1610612742,DAL,29.0,70,113.6,114.3,114.3,111.6,112.3,112.3,2.0,2.1,2.1,0.098,1.97,10.7,0.01,0.101,0.056,5.5,5.4,0.56,0.589,0.23,0.236,99.21,98.62,82.19,98.62,0.102,4073,5.8,13.0,89,82,82,369,388,388,165,173,173,299,203,423,495,378,419,39,40,152,161,88,86,451,480,480,162,78,71
1627789,Timothe Luwawu-Cabarrot,1610612751,BKN,26.0,58,112.9,112.5,112.5,112.5,112.9,112.9,0.4,-0.4,-0.4,0.088,1.6,14.2,0.026,0.092,0.059,8.8,8.8,0.471,0.493,0.165,0.17,103.01,103.06,85.88,103.06,0.047,2247,2.2,6.1,109,134,134,409,414,414,224,247,247,339,286,315,307,427,397,199,201,430,438,307,308,147,147,147,482,327,267
202699,Tobias Harris,1610612755,PHI,28.0,62,112.3,113.3,113.3,104.7,106.1,106.1,7.6,7.2,7.2,0.175,2.06,16.5,0.032,0.17,0.104,8.0,8.0,0.556,0.597,0.237,0.242,101.51,100.42,83.68,100.42,0.145,4223,7.6,14.9,128,115,115,71,110,110,48,55,55,132,177,244,255,128,166,150,149,165,142,74,74,263,340,340,39,37,52
203107,Tomas Satoransky,1610612741,CHI,29.0,58,109.9,109.4,109.4,109.4,110.1,110.1,0.5,-0.8,-0.8,0.278,2.82,37.3,0.024,0.087,0.055,13.2,13.1,0.578,0.614,0.15,0.155,99.35,99.25,82.71,99.25,0.096,2711,2.9,5.7,198,232,232,246,278,278,220,262,262,43,60,8,328,444,426,458,457,105,88,375,377,435,441,441,204,255,292
1628396,Tony Bradley,1610612760,OKC,23.0,42,109.1,108.7,108.7,111.4,110.5,110.5,-2.3,-1.8,-1.8,0.077,1.12,12.6,0.121,0.224,0.172,11.3,11.3,0.665,0.678,0.154,0.157,101.74,102.32,85.27,102.32,0.132,1463,3.1,4.7,226,252,252,359,297,297,302,288,288,392,391,368,23,47,24,367,368,17,19,363,367,245,198,198,55,240,335
203503,Tony Snell,1610612737,ATL,29.0,47,114.8,113.8,113.8,111.3,111.6,111.6,3.5,2.2,2.2,0.08,2.81,23.1,0.019,0.09,0.056,8.2,8.2,0.696,0.708,0.084,0.088,98.55,98.85,82.37,98.85,0.06,2051,1.9,3.6,66,100,100,358,356,356,129,163,163,376,63,95,386,439,424,161,160,11,10,535,535,486,471,471,437,367,402
1628470,Torrey Craig,1610612756,PHX,30.0,50,112.9,111.0,111.0,115.5,114.7,114.7,-2.6,-3.7,-3.7,0.084,1.96,15.7,0.07,0.185,0.125,8.0,8.0,0.566,0.579,0.141,0.146,97.98,99.2,82.67,99.2,0.086,1645,2.2,4.5,108,173,173,501,475,475,310,338,338,355,205,273,96,94,92,151,151,135,188,413,414,506,446,446,273,335,339
1629027,Trae Young,1610612737,ATL,22.0,63,118.1,118.2,118.2,112.3,113.0,113.0,5.9,5.2,5.2,0.426,2.28,26.9,0.018,0.094,0.057,11.8,11.8,0.499,0.589,0.32,0.326,100.85,100.5,83.75,100.5,0.15,4464,7.7,17.7,10,19,19,396,419,419,79,89,89,3,123,52,393,417,412,403,401,360,158,7,7,322,334,334,32,35,22
1630200,Tre Jones,1610612759,SAS,21.0,37,98.0,98.4,98.4,114.6,112.2,112.2,-16.6,-13.8,-13.8,0.228,3.0,28.1,0.028,0.049,0.038,9.4,9.4,0.494,0.544,0.159,0.162,99.98,100.88,84.06,100.88,0.084,562,1.0,2.1,484,477,477,480,386,386,506,492,492,77,43,41,286,529,521,248,249,372,319,342,346,394,306,306,291,460,475
1629682,Tremont Waters,1610612738,BOS,23.0,26,107.0,106.1,106.1,107.7,108.0,108.0,-0.7,-2.0,-2.0,0.38,2.3,34.3,0.021,0.062,0.042,14.9,15.0,0.494,0.541,0.204,0.21,102.76,103.0,85.83,103.0,0.11,510,1.3,3.2,301,338,338,153,176,176,259,294,294,8,119,16,360,520,509,495,495,369,329,153,152,159,149,149,133,424,423
1630235,Trent Forrest,1610612762,UTA,23.0,30,109.9,108.2,108.2,116.2,115.9,115.9,-6.3,-7.7,-7.7,0.205,2.14,30.8,0.038,0.111,0.075,14.4,14.4,0.486,0.554,0.144,0.148,97.91,98.78,82.31,98.78,0.078,621,1.1,2.4,196,267,267,509,504,504,403,435,435,103,154,25,219,332,293,490,490,392,273,402,404,508,477,477,332,454,463
2772,Trevor Ariza,1610612748,MIA,36.0,30,113.6,113.8,113.8,109.0,111.0,111.0,4.6,2.8,2.8,0.089,2.62,16.4,0.033,0.15,0.09,6.3,6.2,0.515,0.542,0.149,0.151,99.34,98.34,81.95,98.34,0.077,1719,3.3,8.0,90,101,101,229,325,325,103,143,143,336,82,247,246,200,221,61,65,302,326,379,391,439,492,492,334,220,188
203504,Trey Burke,1610612742,DAL,28.0,62,111.6,111.5,111.5,111.1,110.2,110.2,0.5,1.3,1.3,0.129,2.45,16.5,0.011,0.047,0.029,6.7,6.7,0.51,0.544,0.193,0.199,99.46,99.91,83.26,99.91,0.076,1893,2.4,5.7,148,162,162,347,280,280,221,193,193,223,99,242,489,530,532,82,83,316,321,187,186,431,386,386,345,304,290
1626168,Trey Lyles,1610612759,SAS,25.0,23,97.5,98.4,98.4,113.9,112.9,112.9,-16.4,-14.5,-14.5,0.06,2.33,11.6,0.022,0.213,0.111,5.0,5.0,0.556,0.574,0.128,0.13,99.69,99.67,83.06,99.67,0.098,743,1.9,3.9,494,478,478,460,415,415,503,499,499,467,115,401,350,53,133,29,29,167,206,457,467,415,408,408,184,368,379
202684,Tristan Thompson,1610612738,BOS,30.0,54,110.6,111.9,111.9,110.4,110.9,110.9,0.2,1.0,1.0,0.073,1.08,13.2,0.124,0.212,0.167,12.2,12.2,0.518,0.54,0.144,0.147,100.45,99.66,83.05,99.66,0.093,2670,3.1,6.0,171,150,150,314,319,319,229,198,198,409,404,354,20,55,31,419,424,293,334,400,408,361,410,410,225,238,272
1628972,Troy Brown Jr.,1610612741,CHI,21.0,34,109.5,110.5,110.5,108.2,107.5,107.5,1.3,3.1,3.1,0.076,1.38,14.4,0.039,0.158,0.099,10.4,10.3,0.507,0.525,0.141,0.146,100.5,100.38,83.65,100.38,0.067,1091,1.8,4.2,211,189,189,176,156,156,186,135,135,394,337,309,216,162,187,326,323,325,374,414,418,353,348,348,402,376,361
1629660,Ty Jerome,1610612760,OKC,23.0,33,103.7,103.5,103.5,112.0,112.0,112.0,-8.3,-8.5,-8.5,0.229,2.55,25.6,0.012,0.1,0.055,10.0,10.0,0.57,0.585,0.181,0.187,102.88,102.91,85.76,102.91,0.095,1693,3.9,8.7,396,401,401,386,379,379,439,441,441,75,89,68,474,385,425,299,297,126,176,234,234,152,161,161,207,169,170
1630234,Ty-Shon Alexander,1610612756,PHX,22.0,15,105.9,101.0,101.0,107.3,107.0,107.0,-1.5,-6.0,-6.0,0.2,2.0,27.3,0.038,0.157,0.097,13.6,13.7,0.333,0.349,0.143,0.152,97.65,100.07,83.39,100.07,0.052,98,0.2,0.8,342,444,444,137,134,134,282,395,395,106,185,45,217,169,193,474,475,512,516,405,387,516,367,367,470,526,526
1630189,Tyler Bey,1610612742,DAL,23.0,18,88.6,85.8,85.8,114.7,112.8,112.8,-26.1,-27.0,-27.0,0.063,1.0,10.0,0.09,0.177,0.126,10.0,9.9,0.341,0.372,0.143,0.153,104.98,107.57,89.64,107.57,0.038,162,0.4,1.2,523,524,524,485,412,412,523,525,525,460,424,449,63,104,89,292,290,510,513,405,383,49,21,21,503,514,515
1629076,Tyler Cook,1610612765,DET,23.0,32,106.0,106.6,106.6,110.6,110.8,110.8,-4.6,-4.2,-4.2,0.057,0.81,11.0,0.065,0.149,0.108,13.5,13.4,0.675,0.659,0.136,0.14,99.8,99.44,82.86,99.44,0.088,908,2.2,3.2,337,322,322,327,318,318,361,352,352,477,468,419,107,203,146,471,467,15,34,431,434,409,427,427,261,338,425
1629639,Tyler Herro,1610612748,MIA,21.0,54,106.9,107.7,107.7,109.5,110.6,110.6,-2.5,-2.9,-2.9,0.184,1.82,17.9,0.015,0.144,0.081,9.8,9.8,0.516,0.543,0.225,0.232,99.31,98.46,82.05,98.46,0.108,3360,5.7,12.9,302,284,284,248,304,304,306,317,317,124,234,205,435,215,269,278,279,298,322,101,100,443,487,487,141,86,75
204020,Tyler Johnson,1610612751,BKN,29.0,39,115.9,114.0,114.0,109.9,110.7,110.7,6.1,3.3,3.3,0.091,2.76,18.3,0.009,0.096,0.055,6.6,6.6,0.525,0.546,0.132,0.136,100.17,100.58,83.81,100.58,0.059,1433,1.8,4.7,46,92,92,274,311,311,76,130,130,323,66,193,503,401,433,76,79,269,315,448,446,376,327,327,442,371,334
1630179,Tyrell Terry,1610612742,DAL,20.0,11,89.9,88.4,88.4,91.1,88.4,88.4,-1.1,0.0,0.0,0.158,3.0,24.0,0.0,0.118,0.05,8.0,7.9,0.313,0.318,0.135,0.142,100.78,103.15,85.96,103.15,0.067,121,0.5,1.5,519,518,518,11,10,10,274,230,230,156,43,83,518,303,463,149,143,518,521,434,427,333,140,140,401,512,504
1630169,Tyrese Haliburton,1610612758,SAC,21.0,58,110.6,110.8,110.8,115.8,116.4,116.4,-5.2,-5.6,-5.6,0.247,3.36,29.7,0.022,0.076,0.049,8.8,8.8,0.569,0.585,0.175,0.18,102.74,102.31,85.26,102.31,0.104,3733,5.0,10.7,173,178,178,504,511,511,375,384,384,61,32,33,342,488,466,197,196,128,173,263,262,162,200,200,154,109,110
1630178,Tyrese Maxey,1610612755,PHI,20.0,61,105.9,106.4,106.4,108.4,108.0,108.0,-2.4,-1.6,-1.6,0.207,2.93,19.4,0.011,0.098,0.054,6.6,6.6,0.498,0.531,0.222,0.23,101.26,101.2,84.33,101.2,0.106,1963,3.2,7.0,341,329,329,186,174,174,303,279,279,98,53,162,487,393,441,77,77,364,363,107,104,290,283,283,149,225,228
1626145,Tyus Jones,1610612763,MEM,25.0,70,104.6,104.9,104.9,107.5,107.8,107.8,-2.9,-2.8,-2.8,0.305,5.4,35.0,0.016,0.093,0.054,6.5,6.5,0.485,0.511,0.165,0.169,101.39,101.08,84.24,101.08,0.113,2569,2.5,5.9,381,366,366,146,166,166,319,316,316,30,7,14,421,420,439,73,74,395,412,306,315,274,295,295,119,291,281
1628962,Udoka Azubuike,1610612762,UTA,21.0,15,74.5,69.8,69.8,123.0,124.4,124.4,-48.5,-54.5,-54.5,0.0,0.0,0.0,0.063,0.15,0.105,17.6,18.3,0.444,0.597,0.119,0.126,101.74,104.48,87.06,104.48,0.054,126,0.3,0.6,534,535,535,530,536,536,535,537,537,531,524,531,118,196,161,519,521,455,141,485,475,246,81,81,461,522,533
2617,Udonis Haslem,1610612748,MIA,41.0,1,158.2,166.7,166.7,85.4,100.0,100.0,72.9,66.7,66.7,0.0,0.0,0.0,0.0,0.25,0.2,0.0,0.0,1.0,1.0,0.286,0.316,130.44,116.78,97.32,116.78,0.455,6,2.0,2.0,1,1,1,5,33,33,1,1,1,531,524,531,518,25,11,1,1,1,2,28,12,1,3,3,1,352,477
1630176,Vernon Carey Jr.,1610612766,CHA,20.0,19,107.6,105.0,105.0,111.4,108.3,108.3,-3.9,-3.2,-3.2,0.028,0.4,4.2,0.054,0.174,0.116,10.4,10.5,0.514,0.563,0.178,0.183,97.84,100.44,83.7,100.44,0.079,238,0.9,1.9,280,363,363,362,189,189,337,326,326,522,512,521,150,115,117,324,330,308,245,253,251,512,339,339,325,470,484
203506,Victor Oladipo,1610612748,MIA,29.0,33,104.8,106.5,106.5,108.4,108.8,108.8,-3.6,-2.3,-2.3,0.233,1.82,17.5,0.01,0.137,0.072,9.6,9.5,0.476,0.512,0.286,0.291,102.11,101.15,84.29,101.15,0.109,2267,7.1,17.5,375,326,326,190,206,206,334,302,302,74,235,218,492,238,310,263,258,418,406,26,29,216,289,289,139,47,28
1629738,Vincent Poirier,1610612755,PHI,27.0,10,89.4,85.2,85.2,109.7,104.6,104.6,-20.4,-19.4,-19.4,0.08,0.5,9.5,0.13,0.222,0.171,19.0,19.4,0.25,0.273,0.194,0.205,102.32,107.33,89.44,107.33,-0.02,88,0.3,1.2,521,525,525,267,78,78,515,517,517,373,502,460,15,48,26,522,524,524,526,179,162,197,26,26,530,518,516
1628427,Vlatko Čančar,1610612743,DEN,24.0,41,98.0,96.5,96.5,116.1,113.9,113.9,-18.1,-17.5,-17.5,0.073,1.0,13.3,0.035,0.136,0.083,13.3,13.2,0.521,0.547,0.132,0.138,103.87,105.68,88.07,105.68,0.069,621,0.8,1.8,486,496,496,507,451,451,511,511,511,408,424,346,235,239,249,463,459,282,312,449,440,97,46,46,392,481,492
201961,Wayne Ellington,1610612765,DET,33.0,46,109.4,110.0,110.0,113.8,114.2,114.2,-4.4,-4.3,-4.3,0.097,2.03,14.9,0.012,0.073,0.042,7.3,7.3,0.612,0.625,0.162,0.167,99.81,99.33,82.78,99.33,0.075,2103,3.2,7.3,217,207,207,453,461,461,355,354,354,304,179,297,483,494,510,100,99,55,71,328,320,408,436,436,348,226,212
1628976,Wendell Carter Jr.,1610612753,ORL,22.0,54,103.2,104.5,104.5,112.7,113.5,113.5,-9.5,-9.0,-9.0,0.116,1.33,14.5,0.091,0.219,0.154,10.9,10.9,0.52,0.566,0.188,0.191,101.67,100.67,83.89,100.67,0.115,2893,4.3,8.5,411,381,381,413,435,435,457,449,449,244,350,305,61,49,49,347,347,289,236,207,218,253,321,321,108,152,173
1629117,Wenyen Gabriel,1610612740,NOP,24.0,21,105.6,106.4,106.4,104.8,105.6,105.6,0.8,0.8,0.8,0.063,0.73,11.7,0.069,0.135,0.1,16.0,16.0,0.508,0.533,0.135,0.139,103.23,102.44,85.37,102.44,0.055,513,1.1,2.9,355,328,328,74,100,100,207,208,208,459,480,398,99,245,185,506,506,321,356,438,438,131,189,189,458,443,443
1628411,Wes Iwundu,1610612740,NOP,26.0,41,102.8,103.6,103.6,109.7,110.1,110.1,-6.9,-6.6,-6.6,0.045,0.95,11.8,0.025,0.13,0.077,12.5,12.4,0.358,0.428,0.103,0.105,103.48,102.91,85.76,102.91,0.035,1147,0.8,2.5,420,400,400,264,277,277,417,410,410,500,448,395,312,262,281,435,435,506,497,518,522,114,160,160,506,477,455
202083,Wesley Matthews,1610612747,LAL,34.0,58,106.2,106.9,106.9,104.2,105.0,105.0,2.0,1.9,1.9,0.065,2.08,15.7,0.018,0.064,0.041,7.5,7.4,0.484,0.517,0.111,0.115,99.99,99.34,82.79,99.34,0.044,2335,1.5,4.3,326,309,309,63,88,88,163,176,176,447,172,275,398,516,512,110,105,402,395,510,508,393,434,434,494,406,350
203115,Will Barton,1610612743,DEN,30.0,56,117.5,118.4,118.4,112.0,112.4,112.4,5.5,6.0,6.0,0.135,1.89,19.4,0.024,0.109,0.067,10.3,10.2,0.507,0.538,0.187,0.192,98.09,97.52,81.27,97.52,0.076,3535,4.6,10.9,16,17,17,385,394,394,85,75,75,207,221,160,326,343,339,319,316,326,342,208,217,504,524,524,340,132,107
1630266,Will Magnay,1610612740,NOP,23.0,1,37.5,37.5,37.5,185.7,185.7,185.7,-148.2,-148.2,-148.2,0.0,0.0,0.0,0.0,0.0,0.0,50.0,50.0,0.0,0.0,0.2,0.222,110.2,110.2,91.84,110.2,-0.171,8,0.0,1.0,540,540,540,540,540,540,540,540,540,531,524,531,518,535,538,538,538,535,536,159,125,6,11,11,538,535,522
1626161,Willie Cauley-Stein,1610612742,DAL,27.0,53,114.4,114.4,114.4,105.7,105.0,105.0,8.8,9.4,9.4,0.053,1.21,12.4,0.073,0.175,0.126,10.3,10.3,0.635,0.647,0.12,0.122,98.68,99.0,82.5,99.0,0.084,1851,2.2,3.4,73,78,78,91,90,90,34,31,31,486,378,378,92,111,87,317,325,35,42,477,485,481,459,459,293,337,412
1626195,Willy Hernangomez,1610612740,NOP,27.0,47,113.9,113.6,113.6,113.3,113.6,113.6,0.6,0.0,0.0,0.082,1.47,12.7,0.134,0.247,0.191,8.7,8.7,0.565,0.591,0.166,0.17,103.15,103.19,85.99,103.19,0.125,1813,3.2,5.7,81,104,104,439,438,438,214,231,231,364,314,366,12,27,13,182,185,137,155,295,307,138,137,137,70,227,288
1630214,Xavier Tillman,1610612763,MEM,22.0,59,108.7,109.5,109.5,106.9,106.6,106.6,1.9,2.9,2.9,0.096,1.67,17.1,0.065,0.163,0.113,10.3,10.2,0.595,0.605,0.142,0.146,101.66,101.41,84.5,101.41,0.095,2276,2.8,5.1,242,224,224,124,120,120,169,140,140,310,266,227,106,145,123,313,310,79,112,412,411,254,262,262,215,264,313
1627812,Yogi Ferrell,1610612746,LAC,28.0,10,105.1,106.7,106.7,107.2,107.1,107.1,-2.0,-0.4,-0.4,0.229,7.33,25.9,0.034,0.095,0.065,3.5,3.5,0.43,0.459,0.193,0.201,99.86,99.17,82.64,99.17,0.094,283,2.0,5.7,368,316,316,132,137,137,294,246,246,76,3,63,240,406,357,17,17,469,482,185,179,403,448,448,220,352,289
1629139,Yuta Watanabe,1610612761,TOR,26.0,50,105.2,105.0,105.0,107.7,107.8,107.8,-2.5,-2.7,-2.7,0.079,2.11,15.9,0.046,0.171,0.106,7.5,7.5,0.539,0.565,0.121,0.125,101.71,101.77,84.81,101.77,0.089,1533,1.6,3.6,366,364,364,154,164,164,308,310,310,384,162,265,177,126,156,111,114,221,237,476,478,248,243,243,256,401,404
203897,Zach LaVine,1610612741,CHI,26.0,58,111.3,112.4,112.4,111.6,113.1,113.1,-0.4,-0.8,-0.8,0.225,1.39,16.3,0.018,0.121,0.071,11.7,11.7,0.596,0.634,0.302,0.308,102.54,101.34,84.45,101.34,0.14,4304,9.8,19.4,156,138,138,370,424,424,247,260,260,81,335,248,391,291,314,395,391,76,62,15,16,181,268,268,43,7,9
1630192,Zeke Nnaji,1610612743,DEN,20.0,42,105.1,102.0,102.0,113.2,112.5,112.5,-8.1,-10.5,-10.5,0.037,1.43,7.8,0.034,0.129,0.08,5.5,5.5,0.596,0.615,0.126,0.131,100.7,102.52,85.43,102.52,0.074,852,1.2,2.5,369,431,431,437,398,398,436,470,470,513,325,496,243,267,270,40,42,73,87,466,462,339,186,186,360,436,457
1629627,Zion Williamson,1610612740,NOP,20.0,61,113.7,113.9,113.9,112.2,111.7,111.7,1.4,2.1,2.1,0.188,1.35,13.7,0.081,0.131,0.106,10.1,10.0,0.616,0.649,0.287,0.296,103.14,103.3,86.09,103.3,0.161,4358,10.4,17.0,86,98,98,393,361,361,180,166,166,120,346,336,74,257,154,306,300,48,41,23,21,139,129,129,22,3,34
