PLAYER_ID,PLAYER_NAME,NICKNAME,TEAM_ID,TEAM_ABBREVIATION,AGE,GP,W,L,W_PCT,MIN,FGM,FGA,FG_PCT,FG3M,FG3A,FG3_PCT,FTM,FTA,FT_PCT,OREB,DREB,REB,AST,TOV,STL,BLK,BLKA,PF,PFD,PTS,PLUS_MINUS,NBA_FANTASY_PTS,DD2,TD3,WNBA_FANTASY_PTS,GP_RANK,W_RANK,L_RANK,W_PCT_RANK,MIN_RANK,FGM_RANK,FGA_RANK,FG_PCT_RANK,FG3M_RANK,FG3A_RANK,FG3_PCT_RANK,FTM_RANK,FTA_RANK,FT_PCT_RANK,OREB_RANK,DREB_RANK,REB_RANK,AST_RANK,TOV_RANK,STL_RANK,BLK_RANK,BLKA_RANK,PF_RANK,PFD_RANK,PTS_RANK,PLUS_MINUS_RANK,NBA_FANTASY_PTS_RANK,DD2_RANK,TD3_RANK,WNBA_FANTASY_PTS_RANK,TEAM_COUNT
1630639,A.J. Lawson,A.J.,1610612761,TOR,25.0,21,10,11,0.476,9.0,1.4,3.1,0.446,0.8,1.7,0.444,0.6,0.7,0.857,0.3,1.4,1.7,0.3,0.3,0.5,0.2,0.2,1.2,0.5,4.1,-0.5,8.4,0,0,8.3,437,407,425,336,477,442,443,326,312,374,32,403,422,118,460,423,446,544,509,359,364,418,416,449,428,294,461,264,35,456,1
1631260,AJ Green,AJ,1610612749,MIL,26.0,76,30,46,0.395,28.8,3.2,7.7,0.418,2.8,6.9,0.412,0.7,0.8,0.85,0.3,2.3,2.7,1.9,0.9,0.5,0.1,0.2,2.3,1.0,9.9,-2.0,16.8,0,0,18.5,34,192,32,391,113,244,215,417,23,33,67,372,404,133,457,280,330,245,281,385,450,425,129,327,211,403,294,264,35,246,1
1642358,AJ Johnson,AJ,1610612742,DAL,21.0,46,8,38,0.174,8.9,1.0,3.4,0.303,0.2,1.1,0.212,0.5,0.6,0.815,0.3,0.9,1.2,1.0,0.5,0.2,0.0,0.5,0.5,0.4,2.8,-0.8,5.9,0,0,5.7,319,434,76,539,479,484,424,547,448,434,470,434,452,207,483,496,501,402,424,491,507,176,531,479,484,308,494,264,35,496,2
203932,Aaron Gordon,Aaron,1610612743,DEN,30.0,36,27,9,0.75,27.9,5.5,11.1,0.497,1.7,4.4,0.389,3.5,4.5,0.767,1.4,4.4,5.8,2.7,1.1,0.6,0.3,0.4,1.7,3.4,16.2,7.6,28.7,4,0,28.1,375,219,444,49,128,100,117,162,127,147,124,53,51,299,115,83,79,156,244,319,293,243,271,66,87,13,113,107,35,111,1
1628988,Aaron Holiday,Aaron,1610612745,HOU,29.0,54,36,18,0.667,13.7,1.9,4.5,0.412,1.2,3.0,0.393,0.6,0.7,0.872,0.2,0.7,0.9,1.1,0.7,0.4,0.1,0.1,1.3,0.8,5.5,1.9,9.2,0,0,9.8,260,136,339,96,405,393,366,435,219,251,108,385,414,98,518,517,527,375,369,399,464,472,390,385,371,120,440,264,35,419,1
1630174,Aaron Nesmith,Aaron,1610612754,IND,26.0,45,10,35,0.222,29.7,4.7,11.4,0.414,2.3,6.2,0.379,2.0,2.5,0.829,1.1,3.1,4.2,1.9,1.4,0.6,0.5,0.8,2.8,2.6,13.8,-4.5,23.5,0,0,24.4,323,407,104,516,96,141,108,427,57,58,153,126,143,169,172,188,182,248,167,325,146,51,41,113,116,516,169,264,35,150,1
1630598,Aaron Wiggins,Aaron,1610612760,OKC,27.0,63,50,13,0.794,21.6,3.6,8.2,0.434,1.5,4.1,0.356,0.8,1.1,0.743,0.6,2.5,3.1,1.6,1.3,0.9,0.4,0.4,1.3,0.9,9.4,3.2,18.2,0,0,18.2,176,29,403,32,249,217,192,365,159,163,229,328,325,350,331,263,286,283,200,164,181,208,395,357,225,74,259,264,35,252,1
1642846,Ace Bailey,Ace,1610612762,UTA,19.0,70,18,52,0.257,27.6,5.4,12.2,0.444,1.9,5.5,0.348,0.9,1.2,0.767,1.4,2.7,4.1,1.8,1.4,0.8,0.7,0.4,2.7,1.2,13.6,-6.5,24.4,0,0,24.5,88,317,12,483,135,105,88,336,103,83,256,298,300,298,110,233,187,258,161,200,103,236,49,285,123,547,158,264,35,148,1
1642380,Adama Bal,Adama,1610612763,MEM,22.0,7,1,6,0.143,29.0,3.1,8.0,0.393,2.1,5.1,0.417,0.9,1.0,0.857,0.9,2.4,3.3,2.1,0.7,1.1,0.0,0.6,3.6,1.0,9.3,-17.7,19.2,0,0,19.1,511,545,479,548,109,251,198,479,67,102,63,317,348,118,238,268,267,217,357,80,517,139,6,328,229,578,244,264,35,229,1
1641737,Adem Bona,Adem,1610612755,PHI,23.0,68,39,29,0.574,17.4,1.9,3.1,0.601,0.0,0.1,0.333,1.1,1.6,0.706,1.8,2.5,4.4,0.5,0.8,0.4,1.2,0.4,2.2,1.4,4.9,0.1,15.0,1,0,13.0,114,106,178,209,332,388,440,46,493,521,298,255,239,408,77,251,170,514,342,406,29,250,151,241,394,241,331,190,35,358,1
1642876,Adou Thiero,Adou,1610612747,LAL,21.0,22,12,10,0.545,5.8,0.5,1.2,0.462,0.0,0.1,0.333,0.6,1.0,0.636,0.4,0.7,1.1,0.4,0.3,0.3,0.1,0.2,0.8,0.7,1.8,-1.2,4.4,0,0,4.0,432,391,432,248,529,535,550,268,488,516,298,384,348,472,444,518,507,528,499,478,467,427,493,413,530,338,528,264,35,531,1
1642349,Ajay Mitchell,Ajay,1610612760,OKC,23.0,57,50,7,0.877,25.8,5.0,10.4,0.485,1.1,3.1,0.347,2.5,2.8,0.87,0.7,2.6,3.3,3.6,1.4,1.2,0.3,0.5,2.1,2.6,13.6,8.8,26.3,1,0,24.7,228,29,471,9,172,124,132,187,245,242,263,97,117,102,304,238,259,99,165,60,264,203,177,105,129,7,139,190,35,142,1
201143,Al Horford,Al,1610612744,GSW,39.0,43,22,21,0.512,21.7,3.1,7.2,0.424,1.7,4.6,0.36,0.5,0.6,0.846,1.0,4.0,5.0,2.6,1.0,0.7,1.2,0.1,1.2,0.5,8.3,-0.2,22.8,0,0,21.3,332,268,300,292,247,261,235,392,136,133,211,419,446,137,182,112,134,166,278,262,33,464,422,465,264,272,179,264,35,195,1
1630828,Alex Antetokounmpo,Alex,1610612749,MIL,24.0,5,2,3,0.4,3.3,0.2,1.0,0.2,0.0,0.8,0.0,1.8,2.6,0.692,0.4,0.4,0.8,0.2,0.0,0.0,0.2,0.0,0.0,1.2,2.2,-0.2,4.1,0,0,3.6,530,515,523,383,567,565,553,560,505,464,505,152,134,428,426,551,539,559,553,551,348,529,576,285,508,271,536,264,35,540,1
1627936,Alex Caruso,Alex,1610612760,OKC,32.0,56,47,9,0.839,18.2,2.3,5.4,0.423,0.9,3.2,0.293,0.7,0.9,0.804,0.5,2.3,2.8,2.0,0.9,1.3,0.3,0.2,1.2,1.0,6.2,6.8,16.4,0,0,15.1,235,39,444,14,320,346,322,395,281,225,415,353,374,225,374,288,320,239,311,53,274,393,408,343,340,20,301,264,35,313,1
1631457,Alex Morales,Alex,1610612753,ORL,28.0,3,2,1,0.667,6.1,1.0,2.0,0.5,0.0,0.0,0.0,0.7,0.7,1.0,0.3,0.7,1.0,1.3,1.0,0.0,0.0,0.3,2.0,0.3,2.7,1.3,4.9,0,0,5.0,555,515,549,96,525,485,512,148,505,537,505,373,422,1,460,526,516,331,257,551,517,291,200,497,488,153,520,264,35,509,1
1642259,Alex Sarr,Alex,1610612764,WAS,20.0,48,11,37,0.229,27.2,6.6,13.7,0.482,1.0,3.1,0.333,2.1,3.0,0.692,2.2,5.2,7.4,2.7,1.7,0.8,2.0,1.3,2.2,2.6,16.3,-7.3,35.9,12,0,33.0,300,402,84,511,144,60,62,198,253,235,298,120,104,430,48,46,45,154,118,202,2,6,152,108,85,556,47,46,35,64,1
1642918,Alijah Martin,Alijah,1610612761,TOR,24.0,21,9,12,0.429,6.2,0.7,2.1,0.341,0.2,1.0,0.2,0.7,0.9,0.778,0.4,0.6,1.0,0.5,0.2,0.4,0.2,0.1,0.5,0.5,2.3,0.2,5.7,0,0,5.1,437,422,413,367,521,523,508,525,459,449,473,373,387,282,409,535,516,512,526,428,364,460,543,449,505,231,504,264,35,507,1
1631214,Alondes Williams,Alondes,1610612764,WAS,26.0,4,2,2,0.5,25.2,4.0,6.5,0.615,1.3,3.5,0.357,1.8,2.0,0.875,1.3,5.0,6.3,3.0,1.3,0.8,0.8,0.0,1.0,1.5,11.0,8.8,26.3,1,0,24.5,543,515,533,300,185,185,269,41,202,206,223,162,186,88,135,55,70,135,203,232,82,529,452,226,184,8,140,190,35,146,1
1630578,Alperen Sengun,Alperen,1610612745,HOU,23.0,70,45,25,0.643,33.4,8.1,15.7,0.519,0.6,1.9,0.308,3.7,5.3,0.69,3.0,5.9,8.9,6.2,3.2,1.2,1.1,0.9,3.3,5.1,20.5,2.8,44.2,34,4,40.7,88,50,239,134,32,23,39,114,367,353,381,49,37,432,19,28,22,25,16,66,38,41,17,18,38,93,14,8,7,21,1
1642873,Amari Williams,Amari,1610612738,BOS,24.0,21,14,7,0.667,6.5,0.4,0.9,0.474,0.0,0.0,0.0,0.5,0.7,0.714,0.4,1.4,1.9,0.4,0.5,0.1,0.5,0.1,0.8,0.6,1.3,-2.4,5.6,0,0,4.9,437,369,471,96,519,547,563,221,505,537,505,436,422,385,409,411,425,518,454,527,162,492,487,428,541,423,508,264,35,513,1
1641708,Amen Thompson,Amen,1610612745,HOU,23.0,77,48,29,0.623,37.3,6.9,13.1,0.529,0.3,1.5,0.221,3.8,4.9,0.779,3.0,4.8,7.8,5.3,2.4,1.5,0.6,0.8,2.2,3.6,18.0,4.7,39.2,20,0,35.6,24,36,178,156,2,52,74,101,428,402,467,46,44,280,22,64,35,45,51,28,118,43,150,51,62,46,35,21,35,42,1
1629599,Amir Coffey,Amir,1610612756,PHX,28.0,44,19,25,0.432,10.1,1.0,2.1,0.484,0.3,0.9,0.317,0.5,0.6,0.786,0.4,0.8,1.2,0.5,0.2,0.2,0.1,0.0,0.6,0.5,2.8,-0.9,5.8,0,0,5.5,326,309,239,366,465,483,506,190,435,450,363,421,436,263,424,510,498,492,540,512,442,521,510,469,482,323,498,264,35,500,2
1643158,Andersson Garcia,Andersson,1610612762,UTA,25.0,5,1,4,0.2,33.8,1.8,5.8,0.31,0.2,2.6,0.077,1.4,1.8,0.778,3.4,5.0,8.4,2.8,1.4,1.6,0.8,0.6,3.2,2.6,5.2,-7.4,25.3,0,0,21.4,530,545,506,525,24,395,300,543,455,287,503,206,216,282,10,55,28,144,167,19,72,124,22,109,386,558,149,264,35,192,1
203083,Andre Drummond,Andre,1610612755,PHI,32.0,60,31,29,0.517,19.2,2.5,5.3,0.47,0.5,1.4,0.349,0.8,1.3,0.641,3.1,5.1,8.2,1.2,1.0,0.6,0.8,0.3,2.0,1.3,6.3,-2.4,21.0,15,0,18.8,208,183,178,288,303,318,326,240,385,406,253,323,288,469,18,50,32,357,276,319,78,305,222,267,338,424,212,34,35,236,1
1641748,Andre Jackson Jr.,Andre,1610612749,MIL,24.0,46,11,35,0.239,7.9,0.8,2.3,0.336,0.3,1.2,0.268,0.4,0.5,0.708,0.5,0.8,1.4,0.9,0.6,0.4,0.1,0.1,0.9,0.5,2.3,-1.3,5.9,0,0,5.7,319,402,104,501,499,511,490,527,427,426,436,461,461,402,366,499,484,421,387,439,490,485,471,468,506,346,495,264,35,495,1
1629614,Andrew Nembhard,Andrew,1610612754,IND,26.0,57,13,44,0.228,31.3,5.8,13.2,0.442,1.9,5.2,0.361,3.4,4.1,0.825,0.4,2.4,2.8,7.7,2.4,0.9,0.1,0.7,2.2,3.3,16.9,-6.9,32.5,13,0,31.4,228,381,41,512,59,84,71,338,105,100,209,56,58,186,406,275,314,9,50,160,422,95,143,69,77,549,76,41,35,77,1
203952,Andrew Wiggins,Andrew,1610612748,MIA,31.0,65,33,32,0.508,30.7,5.9,12.3,0.48,2.1,4.9,0.421,1.9,2.4,0.787,1.7,3.2,5.0,2.7,1.5,1.1,1.0,0.6,2.3,1.9,15.8,-0.2,30.8,2,0,29.8,151,166,142,296,76,81,86,203,73,112,55,146,153,260,81,171,139,160,145,81,41,117,126,175,90,267,91,152,35,93,1
1629014,Anfernee Simons,Anfernee,1610612741,CHI,26.0,55,31,24,0.564,24.9,5.2,11.8,0.44,2.7,6.9,0.385,1.3,1.4,0.896,0.6,1.9,2.5,2.4,1.2,0.5,0.1,0.5,1.7,1.1,14.3,1.8,21.5,0,0,23.1,246,183,250,224,189,116,98,343,36,34,134,228,274,61,352,343,361,187,210,379,419,173,276,305,108,126,206,264,35,165,2
1641710,Anthony Black,Anthony,1610612753,ORL,22.0,62,35,27,0.565,30.2,5.4,12.1,0.449,1.6,4.7,0.336,2.7,3.7,0.732,0.7,3.1,3.8,3.8,2.1,1.4,0.7,0.9,2.6,3.0,15.1,0.0,29.6,2,0,28.5,184,152,212,222,85,104,92,318,142,123,294,86,75,363,290,186,212,87,71,34,96,42,58,78,98,254,103,152,35,105,1
203076,Anthony Davis,Anthony,1610612764,WAS,33.0,20,10,10,0.5,31.3,8.5,16.7,0.506,0.5,1.9,0.27,3.0,4.1,0.728,3.1,8.0,11.1,2.8,2.1,1.1,1.7,0.7,2.1,4.4,20.4,-2.5,44.0,13,0,40.2,447,407,432,300,61,21,27,138,385,355,433,73,63,370,17,8,9,144,76,93,9,84,169,33,41,431,15,41,35,24,1
1630162,Anthony Edwards,Anthony,1610612750,MIN,24.0,60,36,24,0.6,35.2,9.9,20.3,0.489,3.4,8.5,0.398,5.7,7.2,0.796,0.6,4.4,5.0,3.7,2.8,1.4,0.8,0.5,1.9,4.5,28.9,2.8,44.3,2,0,45.4,208,136,250,176,8,7,4,178,6,11,99,16,14,241,341,81,134,91,26,43,70,197,231,29,3,89,13,152,35,10,1
1630264,Anthony Gill,Anthony,1610612764,WAS,33.0,52,6,46,0.115,16.3,2.3,3.8,0.626,0.3,0.8,0.349,0.5,0.6,0.727,1.1,1.8,2.8,1.3,0.7,0.5,0.4,0.4,1.6,0.9,5.4,-4.7,12.8,0,0,11.6,273,457,32,556,360,335,402,35,437,463,253,439,437,371,175,368,311,346,378,351,219,245,315,345,376,522,370,264,35,382,1
1641810,Antonio Reeves,Antonio,1610612766,CHA,25.0,10,4,6,0.4,6.8,1.0,2.0,0.5,0.7,1.3,0.538,0.0,0.0,0.0,0.2,0.6,0.8,0.3,0.1,0.1,0.0,0.1,0.3,0.0,2.7,2.9,4.3,0,0,4.7,490,482,479,383,513,485,512,148,327,419,11,553,555,553,519,533,539,541,547,543,517,488,559,564,486,85,530,264,35,517,1
1630574,Ariel Hukporti,Ariel,1610612752,NYK,23.0,52,34,18,0.654,8.8,0.7,1.3,0.544,0.0,0.1,0.25,0.5,0.6,0.788,1.0,1.8,2.8,0.5,0.6,0.2,0.5,0.1,1.2,0.6,1.9,0.5,7.4,0,0,6.5,273,162,339,126,484,524,543,91,498,522,446,421,437,256,183,364,311,500,410,521,169,480,415,433,524,204,475,264,35,484,1
1642854,Asa Newell,Asa,1610612737,ATL,20.0,42,22,20,0.524,10.8,2.0,3.7,0.539,0.7,1.7,0.394,0.3,0.6,0.56,0.9,1.0,2.0,0.5,0.5,0.4,0.3,0.3,1.5,0.7,5.0,-0.4,9.6,1,0,9.5,337,268,313,282,451,376,408,94,335,377,105,472,451,503,208,467,414,491,432,442,270,310,334,409,393,287,433,190,35,426,1
1641709,Ausar Thompson,Ausar,1610612765,DET,23.0,71,51,20,0.718,26.0,4.2,8.0,0.522,0.1,0.3,0.25,1.5,2.6,0.57,2.1,3.7,5.7,3.1,1.5,2.0,0.9,0.6,2.7,2.1,9.9,5.2,28.7,3,0,24.7,80,21,313,70,168,175,203,106,483,501,446,194,133,501,55,137,82,129,149,3,51,132,47,145,213,37,111,126,35,143,1
1630559,Austin Reaves,Austin,1610612747,LAL,27.0,51,36,15,0.706,34.5,7.3,14.9,0.49,2.3,6.4,0.36,6.3,7.3,0.871,0.6,4.1,4.7,5.5,3.0,1.1,0.4,0.7,2.2,5.4,23.3,3.6,38.7,6,0,38.8,283,136,376,79,15,39,46,176,60,50,215,10,13,101,324,105,152,41,22,94,210,77,160,14,24,66,37,83,35,30,1
1630245,Ayo Dosunmu,Ayo,1610612750,MIN,26.0,68,35,33,0.515,27.3,5.6,10.8,0.516,1.8,4.1,0.439,1.8,2.1,0.874,0.7,2.8,3.5,3.6,1.4,0.9,0.3,0.8,1.9,1.5,14.8,-1.0,26.4,2,1,25.9,114,152,125,290,140,97,122,120,114,169,37,148,181,92,307,223,244,100,170,183,303,46,233,233,102,327,135,152,21,124,2
1628389,Bam Adebayo,Bam,1610612748,MIA,28.0,70,35,35,0.5,32.3,6.8,15.7,0.436,1.7,5.5,0.313,4.6,5.9,0.779,2.0,8.0,10.0,3.0,1.7,1.2,0.6,0.5,1.7,4.6,20.0,4.3,40.3,32,0,38.4,88,152,104,300,44,55,38,355,123,80,369,35,28,281,59,7,15,131,126,75,111,157,287,25,46,50,28,11,35,35,1
1631248,Baylor Scheierman,Baylor,1610612738,BOS,25.0,74,52,22,0.703,18.0,1.8,4.0,0.445,1.1,2.9,0.382,0.3,0.3,0.864,0.8,2.7,3.5,1.4,0.6,0.5,0.1,0.1,1.4,0.9,5.0,2.4,12.6,4,0,12.2,55,17,285,81,322,396,391,329,234,262,143,494,512,111,278,232,250,311,406,350,489,516,367,363,392,106,373,107,35,370,1
1642879,Ben Saraf,Ben,1610612751,BKN,19.0,41,10,31,0.244,20.0,2.4,6.4,0.382,0.4,1.9,0.211,1.6,2.0,0.827,0.4,1.6,2.0,3.2,2.2,0.9,0.1,1.0,1.8,1.6,6.9,-4.6,14.9,0,0,14.5,348,407,153,498,284,322,276,495,411,354,472,180,195,176,422,395,415,122,63,182,418,20,263,212,315,519,334,264,35,331,1
1641767,Ben Sheppard,Ben,1610612754,IND,24.0,65,16,49,0.246,21.4,2.6,6.0,0.434,1.3,3.6,0.362,0.6,0.8,0.765,0.7,2.3,3.0,1.8,0.6,0.6,0.1,0.4,1.8,0.7,7.1,-4.1,14.7,0,0,14.5,151,344,19,495,255,309,293,367,194,198,207,393,406,305,318,278,293,262,385,312,466,245,264,416,308,506,337,264,35,330,1
1631097,Bennedict Mathurin,Bennedict,1610612746,LAC,23.0,52,21,31,0.404,30.4,5.5,12.7,0.432,1.4,4.4,0.317,5.5,6.3,0.873,1.0,4.5,5.5,2.3,2.2,0.8,0.2,0.6,2.6,4.5,17.9,-2.8,28.8,3,0,29.2,273,281,153,381,80,103,82,374,174,142,362,18,20,97,196,80,103,197,64,194,328,129,68,28,64,450,109,126,35,98,2
1643016,Bez Mbeng,Bez,1610612762,UTA,22.0,13,1,12,0.077,31.2,2.5,5.5,0.465,0.3,1.8,0.167,0.8,1.3,0.647,1.1,2.2,3.2,3.2,1.3,2.0,0.4,0.3,3.3,1.4,6.2,-12.7,20.8,0,0,17.8,471,545,413,563,63,316,318,255,431,356,488,322,285,463,167,302,273,121,190,3,219,313,16,247,339,575,216,264,35,256,1
1641731,Bilal Coulibaly,Bilal,1610612764,WAS,21.0,55,14,41,0.255,26.3,4.0,9.5,0.421,1.1,3.7,0.313,2.3,3.1,0.738,0.8,3.5,4.3,2.5,1.5,1.3,1.0,0.6,2.4,2.3,11.5,-7.6,26.0,0,0,24.1,246,369,56,484,162,184,149,404,227,191,370,104,100,358,255,143,171,178,157,46,46,141,104,127,172,562,143,264,35,153,1
202687,Bismack Biyombo,Bismack,1610612759,SAS,33.0,24,20,4,0.833,5.7,0.3,0.6,0.571,0.0,0.0,0.0,0.2,0.3,0.714,0.2,0.8,1.0,0.2,0.3,0.2,0.1,0.1,1.1,0.3,0.9,-3.6,2.9,0,0,2.6,426,296,506,15,532,555,570,64,505,537,505,509,513,385,515,500,510,558,507,515,474,501,431,497,561,482,557,264,35,559,1
1642396,Blake Hinson,Blake,1610612762,UTA,26.0,12,3,9,0.25,18.7,3.6,7.0,0.512,2.6,5.2,0.5,0.8,1.2,0.714,0.7,1.4,2.1,1.0,0.3,0.2,0.2,0.3,1.8,1.0,10.6,2.8,15.3,0,0,16.9,475,494,444,486,310,215,242,129,40,101,13,323,315,385,311,417,399,384,521,515,392,365,265,328,193,87,327,264,35,272,1
1631104,Blake Wesley,Blake,1610612757,POR,23.0,29,18,11,0.621,12.3,1.9,4.3,0.452,0.3,1.2,0.278,0.9,1.6,0.556,0.3,1.1,1.3,2.1,1.1,0.6,0.2,0.3,1.1,1.5,5.1,-2.6,11.0,0,0,10.3,406,317,425,160,425,379,380,304,417,425,426,314,247,506,485,466,485,219,242,347,389,283,428,234,390,436,410,264,35,408,1
1626171,Bobby Portis,Bobby,1610612749,MIL,31.0,67,26,41,0.388,24.2,5.5,11.2,0.488,2.0,4.4,0.456,0.7,1.0,0.706,1.3,5.1,6.4,1.6,1.0,0.6,0.2,0.3,1.6,1.0,13.7,-4.0,25.1,11,0,25.2,126,222,56,396,201,102,113,182,82,143,28,357,344,409,124,52,66,289,273,309,382,299,299,326,121,497,151,51,35,133,1
1641752,Bobi Klintman,Bobi,1610612765,DET,23.0,12,8,4,0.667,5.9,0.8,2.3,0.333,0.3,1.1,0.308,0.0,0.3,0.0,0.4,1.2,1.6,0.5,0.5,0.3,0.0,0.3,0.9,0.4,1.8,-0.4,4.7,0,0,4.8,475,434,506,96,527,516,496,529,419,438,381,553,520,553,420,448,461,502,432,485,517,291,469,481,525,285,524,264,35,514,1
203992,Bogdan Bogdanović,Bogdan,1610612746,LAC,33.0,22,7,15,0.318,19.6,2.4,6.5,0.371,1.3,4.0,0.322,0.9,1.1,0.8,0.3,2.3,2.5,2.3,1.2,0.5,0.0,0.3,2.0,1.2,7.0,-2.0,13.9,0,0,14.1,432,444,376,436,295,326,269,505,198,175,352,303,321,232,489,286,347,196,223,392,505,304,200,292,310,401,353,264,35,338,1
1630538,Bones Hyland,Bones,1610612750,MIN,25.0,71,42,29,0.592,16.6,3.0,6.6,0.453,1.6,4.2,0.388,0.9,1.2,0.78,0.3,1.5,1.8,2.6,1.0,0.6,0.2,0.4,1.7,1.1,8.5,1.7,16.2,0,0,16.3,80,75,178,188,350,270,263,298,137,157,125,304,318,274,472,407,434,161,272,304,325,229,286,312,254,130,303,264,35,286,1
203078,Bradley Beal,Bradley,1610612746,LAC,32.0,6,2,4,0.333,20.2,3.0,8.0,0.375,1.2,3.2,0.368,1.0,1.3,0.75,0.3,0.5,0.8,1.7,1.5,0.5,0.0,0.2,2.3,1.8,8.2,-3.8,11.7,0,0,12.8,519,515,506,421,281,264,198,500,222,233,186,275,280,332,460,541,533,271,146,371,517,441,113,182,272,491,389,264,35,364,1
1642382,Branden Carlson,Branden,1610612760,OKC,26.0,40,32,8,0.8,10.2,2.0,3.7,0.541,0.6,1.7,0.348,0.3,0.5,0.5,0.6,1.9,2.6,0.6,0.4,0.2,0.5,0.2,0.9,0.4,4.8,0.4,10.4,1,0,9.9,355,174,460,26,463,369,404,93,366,385,255,496,463,518,327,338,345,484,486,525,143,405,479,484,397,211,418,190,35,416,1
1641764,Brandin Podziemski,Brandin,1610612744,GSW,23.0,79,37,42,0.468,28.5,4.7,10.5,0.454,1.9,5.0,0.373,2.3,2.9,0.789,0.9,4.3,5.2,3.8,1.6,1.1,0.2,0.4,1.7,2.8,13.6,0.2,27.8,5,0,27.1,12,125,52,348,117,139,130,295,108,108,169,109,113,255,221,89,122,84,132,92,369,278,282,89,125,233,122,94,35,117,1
1629634,Brandon Clarke,Brandon,1610612763,MEM,29.0,2,1,1,0.5,10.2,1.5,4.5,0.333,0.0,0.0,0.0,1.0,2.0,0.5,2.0,1.0,3.0,0.5,0.0,1.0,0.0,1.5,2.5,1.5,4.0,-6.0,11.4,0,0,9.5,568,545,549,300,462,427,366,529,505,537,505,275,186,518,62,468,293,502,553,119,517,2,82,226,433,540,395,264,35,425,1
1627742,Brandon Ingram,Brandon,1610612761,TOR,28.0,74,41,33,0.554,33.8,7.9,16.8,0.473,1.8,4.6,0.379,3.7,4.5,0.823,0.8,4.7,5.5,3.6,2.5,0.8,0.7,0.9,2.0,3.5,21.3,0.2,35.4,2,0,35.2,55,85,125,237,23,26,26,231,118,130,154,48,52,194,260,71,98,97,45,229,88,38,218,57,31,227,50,152,35,44,1
1641706,Brandon Miller,Brandon,1610612766,CHA,23.0,63,40,23,0.635,30.3,7.0,16.1,0.435,3.2,8.2,0.385,3.0,3.4,0.893,1.1,3.9,5.0,3.4,2.5,1.0,0.7,0.5,2.7,2.6,20.2,5.9,33.7,3,0,35.0,176,95,265,141,81,49,32,361,14,14,137,72,83,68,173,118,140,106,43,133,99,200,44,99,43,30,67,126,35,45,1
1630314,Brandon Williams,Brandon,1610612742,DAL,26.0,66,23,43,0.348,22.2,4.4,9.3,0.472,0.5,2.3,0.232,3.7,4.6,0.793,0.5,2.4,2.9,3.9,1.9,0.9,0.3,0.8,1.6,3.6,13.0,-2.2,24.1,1,0,22.8,141,260,44,413,238,156,156,235,374,305,463,50,49,250,400,266,305,77,89,142,275,45,322,53,139,407,161,190,35,172,1
1641729,Brice Sensabaugh,Brice,1610612762,UTA,22.0,74,18,56,0.243,23.6,5.3,11.4,0.46,2.1,5.9,0.366,2.2,2.6,0.831,0.8,2.3,3.1,1.9,1.6,0.7,0.2,0.7,1.9,2.0,14.9,-5.0,22.5,0,0,23.8,55,317,5,499,211,114,106,275,66,69,190,115,131,165,278,279,283,246,130,249,401,100,228,158,100,527,184,264,35,158,1
1642355,Bronny James,Bronny,1610612747,LAL,21.0,39,21,18,0.538,8.3,1.0,2.5,0.384,0.4,1.2,0.34,0.2,0.2,0.857,0.1,0.4,0.5,1.1,0.5,0.4,0.1,0.1,0.7,0.3,2.5,-1.4,5.7,0,0,5.5,360,281,339,258,494,494,475,492,406,428,280,530,537,118,541,556,557,366,429,425,455,474,504,522,496,357,500,264,35,499,1
201572,Brook Lopez,Brook,1610612746,LAC,38.0,73,40,33,0.548,21.6,3.0,7.1,0.426,1.5,4.1,0.358,0.8,1.0,0.757,0.6,3.0,3.5,1.3,0.8,0.6,1.2,0.3,2.0,1.3,8.3,0.7,19.1,1,0,18.2,63,95,125,245,250,262,240,385,157,165,221,343,346,323,344,205,236,336,338,311,31,355,199,269,265,189,245,190,35,253,1
1642964,Brooks Barnhizer,Brooks,1610612760,OKC,24.0,38,29,9,0.763,7.6,0.5,1.4,0.377,0.1,0.4,0.294,0.1,0.2,0.667,0.4,1.3,1.8,0.5,0.2,0.2,0.1,0.2,0.6,0.2,1.3,-1.7,4.8,0,0,4.3,364,197,444,42,503,536,540,497,472,492,411,540,540,443,416,428,440,502,533,511,450,380,513,545,546,388,522,264,35,527,1
1628971,Bruce Brown,Bruce,1610612743,DEN,29.0,80,52,28,0.65,24.3,3.0,6.3,0.469,0.7,1.8,0.382,1.2,1.6,0.762,1.1,2.8,3.8,2.0,1.1,1.0,0.3,0.5,2.4,1.2,7.8,-1.2,18.2,1,0,16.9,1,17,199,129,198,276,279,242,331,363,148,242,245,311,177,224,214,229,239,112,311,162,95,283,279,340,262,190,35,273,1
1631121,Bryce McGowens,Bryce,1610612740,NOP,23.0,42,14,28,0.333,21.0,2.7,5.6,0.481,0.9,2.2,0.409,1.8,2.3,0.779,0.3,1.8,2.1,1.5,0.4,0.6,0.2,0.5,2.1,2.0,8.1,-1.7,14.9,0,0,14.2,337,369,199,421,265,299,309,200,286,316,76,161,167,279,480,360,398,306,478,287,364,176,173,159,274,384,333,264,35,335,1
1642267,Bub Carrington,Bub,1610612764,WAS,20.0,79,17,62,0.215,27.5,3.7,8.8,0.418,2.0,5.0,0.393,1.0,1.3,0.726,0.4,3.0,3.4,4.6,2.3,0.6,0.2,0.2,2.2,1.3,10.3,-9.3,21.5,0,0,22.0,12,326,1,520,138,202,171,415,91,108,106,290,279,374,419,194,251,62,60,302,346,375,138,255,198,568,207,264,35,183,1
1631205,Buddy Boeheim,Buddy,1610612760,OKC,26.0,4,2,2,0.5,3.8,0.5,1.5,0.333,0.5,1.5,0.333,0.0,0.0,0.0,0.0,0.0,0.0,0.0,0.0,0.0,0.0,0.3,0.3,0.3,1.5,1.5,1.5,0,0,2.0,543,515,533,300,557,538,536,529,385,398,298,553,555,553,555,570,574,568,553,551,517,365,563,523,536,146,572,264,35,567,1
1627741,Buddy Hield,Buddy,1610612737,ATL,33.0,50,25,25,0.5,16.0,2.6,6.2,0.424,1.3,4.0,0.333,0.6,0.7,0.811,0.5,1.7,2.3,1.4,0.9,0.8,0.2,0.2,1.1,0.3,7.2,-1.7,13.8,0,0,14.0,291,237,239,300,366,305,285,394,186,171,298,393,412,217,357,373,387,328,283,225,380,391,427,508,303,389,354,264,35,342,2
1643047,CJ Huntley,CJ,1610612756,PHX,24.0,2,2,0,1.0,3.5,0.5,1.0,0.5,0.0,0.0,0.0,0.0,0.0,0.0,0.0,0.0,0.0,0.5,0.0,0.0,0.0,0.0,0.5,0.0,1.0,1.5,1.8,0,0,1.5,568,515,572,1,563,538,553,148,505,537,505,553,555,553,555,570,574,502,553,551,517,529,533,564,554,146,570,264,35,571,1
203468,CJ McCollum,CJ,1610612737,ATL,34.0,75,36,39,0.48,29.9,6.9,15.2,0.452,2.5,6.7,0.369,2.4,3.1,0.774,0.8,2.5,3.3,3.9,1.8,0.8,0.5,0.6,1.9,2.2,18.6,0.9,30.5,0,0,30.8,42,136,72,331,92,54,44,303,51,41,185,101,99,288,258,258,265,81,107,195,168,124,235,137,56,180,96,264,35,80,2
1630595,Cade Cunningham,Cade,1610612765,DET,24.0,62,45,17,0.726,34.2,8.7,18.8,0.462,2.0,5.8,0.347,5.0,6.1,0.814,0.9,4.7,5.6,9.9,3.7,1.5,0.9,1.1,3.1,4.8,24.4,7.8,49.1,38,3,46.5,184,50,353,62,20,17,11,266,84,76,261,26,23,212,240,72,94,2,4,29,63,17,25,22,18,10,5,6,8,6,1
1631216,Caleb Houstan,Caleb,1610612737,ATL,23.0,18,12,6,0.667,4.2,0.8,1.4,0.538,0.6,1.2,0.524,0.2,0.2,1.0,0.3,0.3,0.6,0.2,0.2,0.1,0.1,0.1,0.6,0.1,2.3,0.1,3.7,0,0,4.1,456,391,479,96,550,512,539,95,352,431,12,521,538,1,484,557,550,555,530,541,494,515,518,557,501,242,542,264,35,530,1
1631126,Caleb Love,Caleb,1610612757,POR,24.0,48,23,25,0.479,21.1,4.0,10.2,0.389,1.9,6.1,0.32,0.8,1.0,0.735,0.5,1.9,2.4,2.6,1.3,0.6,0.1,0.7,1.0,0.8,10.6,-2.6,17.9,0,0,18.8,300,260,239,332,261,190,136,485,95,63,358,347,342,362,367,349,376,175,192,338,474,81,452,393,191,435,266,264,35,240,1
1628997,Caleb Martin,Caleb,1610612742,DAL,30.0,58,20,38,0.345,14.8,1.5,3.3,0.45,0.3,1.0,0.351,0.6,1.1,0.607,0.5,2.0,2.5,1.4,0.7,0.7,0.3,0.3,1.5,1.0,3.9,-3.4,11.1,0,0,10.0,221,296,76,416,386,431,431,315,417,446,246,382,339,488,389,326,358,324,367,267,307,357,343,323,439,474,406,264,35,412,1
1642353,Cam Christie,Cam,1610612746,LAC,20.0,54,26,28,0.481,8.8,1.0,2.6,0.384,0.2,0.9,0.245,0.7,0.9,0.76,0.4,1.1,1.4,0.6,0.4,0.3,0.1,0.3,0.4,0.6,2.9,-0.2,6.1,0,0,5.8,260,222,199,330,481,493,474,490,449,456,455,361,371,313,454,464,477,485,477,472,494,356,553,442,480,268,491,264,35,493,1
1642285,Cam Spencer,Cam,1610612763,MEM,26.0,72,23,49,0.319,23.8,3.7,7.7,0.473,2.0,4.5,0.449,1.8,1.9,0.94,0.6,2.0,2.5,5.6,1.3,0.7,0.2,0.2,1.4,1.3,11.1,-1.2,23.8,6,0,23.0,70,260,19,435,207,211,212,227,80,136,31,162,209,40,354,324,349,36,192,247,410,382,357,263,181,344,165,83,35,167,1
1630560,Cam Thomas,Cam,1610612749,MIL,24.0,42,12,30,0.286,21.0,4.5,11.0,0.41,1.2,4.0,0.31,3.3,4.0,0.811,0.3,1.4,1.7,2.6,1.8,0.2,0.1,0.7,1.0,3.5,13.5,-5.1,18.6,0,0,19.6,337,391,164,453,263,150,119,439,205,172,378,62,65,218,493,411,451,170,109,500,462,95,450,56,130,530,251,264,35,217,2
1641715,Cam Whitmore,Cam,1610612764,WAS,21.0,21,3,18,0.143,16.9,3.7,8.0,0.456,0.8,2.7,0.286,1.1,1.5,0.742,0.9,1.9,2.8,0.7,0.9,0.7,0.4,1.0,1.2,1.0,9.2,-7.2,16.0,0,0,15.6,437,494,339,548,345,204,195,292,312,281,422,261,262,353,217,346,321,461,311,250,222,35,416,328,235,555,311,264,35,306,1
1629661,Cameron Johnson,Cameron,1610612743,DEN,30.0,54,37,17,0.685,30.5,4.2,8.8,0.48,2.0,4.7,0.43,1.7,2.1,0.839,0.8,3.0,3.8,2.4,0.9,0.7,0.4,0.5,2.3,1.6,12.2,6.4,23.0,1,0,22.8,260,125,353,86,79,172,174,203,78,120,44,165,185,147,267,195,215,186,307,239,213,176,122,211,151,24,177,190,35,173,1
1626166,Cameron Payne,Cameron,1610612755,PHI,31.0,22,12,10,0.545,17.0,2.5,6.8,0.376,1.5,4.4,0.33,0.9,1.0,0.864,0.1,1.9,2.0,2.6,0.5,1.1,0.3,0.4,1.4,1.0,7.4,-2.9,17.5,1,0,16.3,432,391,432,248,342,315,251,498,163,144,329,312,348,111,539,345,405,163,432,95,261,264,368,328,294,457,278,190,35,285,1
1627747,Caris LeVert,Caris,1610612765,DET,31.0,58,42,16,0.724,19.4,2.8,6.6,0.42,1.0,3.1,0.331,0.9,1.3,0.667,0.4,1.6,2.0,2.7,1.4,0.8,0.7,0.3,1.5,1.3,7.4,0.0,17.1,0,0,16.2,221,75,362,64,301,296,264,408,261,246,323,307,278,443,448,387,413,155,176,188,97,309,330,272,290,243,288,264,35,289,1
1642868,Carter Bryant,Carter,1610612759,SAS,20.0,69,55,14,0.797,11.0,1.4,3.6,0.397,0.7,2.1,0.331,0.4,0.6,0.725,0.5,1.9,2.4,0.6,0.4,0.2,0.3,0.2,1.3,0.4,4.0,-0.3,8.9,0,0,8.7,101,10,391,31,445,437,410,468,330,326,324,448,453,375,373,334,365,483,468,493,296,453,397,492,435,278,454,264,35,446,1
1641717,Cason Wallace,Cason,1610612760,OKC,22.0,77,61,16,0.792,26.6,3.3,7.6,0.432,1.3,3.7,0.351,0.7,0.9,0.809,0.8,2.3,3.1,2.6,0.9,1.9,0.4,0.5,2.0,0.8,8.6,6.9,22.2,1,0,20.2,24,1,362,33,155,237,221,375,191,185,247,358,380,221,255,286,284,168,280,7,228,167,200,376,250,19,196,190,35,210,1
1642907,Cedric Coward,Cedric,1610612763,MEM,22.0,62,20,42,0.323,25.8,4.9,10.5,0.471,1.5,4.4,0.338,2.3,2.7,0.843,1.3,4.5,5.9,2.8,1.7,0.6,0.4,0.7,2.0,2.1,13.6,0.4,26.3,7,0,25.9,184,296,52,434,175,130,131,237,152,139,285,110,127,141,121,76,76,149,120,285,178,69,197,144,126,212,136,71,35,127,1
1643052,Chaney Johnson,Chaney,1610612751,BKN,23.0,16,4,12,0.25,19.5,2.8,5.0,0.563,0.6,1.7,0.333,1.5,1.9,0.8,1.8,2.4,4.1,2.1,1.2,0.9,0.6,0.3,3.0,1.3,7.7,-3.4,19.0,0,0,17.4,458,482,413,486,300,290,341,76,370,378,298,193,206,232,79,274,188,220,220,170,128,308,29,261,283,477,248,264,35,264,1
1629646,Charles Bassey,Charles,1610612744,GSW,25.0,10,4,6,0.4,8.9,1.9,3.0,0.633,0.0,0.0,0.0,0.4,0.8,0.5,1.6,2.1,3.7,0.3,0.3,0.4,0.8,0.4,1.1,0.5,4.2,-1.3,12.4,1,0,10.6,490,482,479,383,478,385,447,31,505,537,505,452,397,518,92,306,222,541,502,415,72,236,439,451,426,351,375,190,35,402,4
1642404,Chaz Lanier,Chaz,1610612765,DET,24.0,32,26,6,0.813,7.9,0.8,2.8,0.307,0.6,2.1,0.284,0.2,0.2,0.833,0.3,0.5,0.7,0.5,0.1,0.2,0.0,0.1,0.4,0.1,2.4,0.3,4.7,0,0,4.7,397,222,479,24,498,502,462,546,362,328,425,528,533,158,497,549,544,497,550,499,517,495,551,553,499,222,525,264,35,515,1
1631096,Chet Holmgren,Chet,1610612760,OKC,23.0,69,56,13,0.812,28.9,6.3,11.3,0.557,1.3,3.5,0.362,3.3,4.1,0.792,1.9,7.0,8.9,1.7,1.6,0.6,1.9,0.8,2.3,3.8,17.1,9.8,36.3,24,0,34.0,101,5,403,25,111,69,112,78,196,202,206,64,57,251,74,18,21,271,138,300,4,64,127,46,72,5,46,16,35,52,1
1628449,Chris Boucher,Chris,1610612738,BOS,33.0,9,4,5,0.444,10.5,0.9,2.8,0.32,0.2,1.7,0.133,0.3,0.4,0.75,0.2,1.8,2.0,0.3,0.1,0.6,0.8,0.1,1.9,0.4,2.3,0.6,9.1,0,0,7.6,500,482,497,359,457,499,460,541,449,380,496,472,478,332,508,365,405,531,544,341,79,483,236,476,501,201,442,264,35,465,1
1641753,Chris Livingston,Chris,1610612739,CLE,22.0,3,2,1,0.667,5.8,1.3,2.3,0.571,0.0,1.0,0.0,0.3,0.3,1.0,0.0,1.0,1.0,0.3,0.0,0.3,0.0,0.0,1.3,0.3,3.0,2.7,5.7,0,0,5.0,555,515,549,96,530,447,487,64,505,442,505,472,498,1,555,468,516,531,553,450,517,529,375,497,469,96,502,264,35,509,1
1643024,Chris Mañon,Chris,1610612747,LAL,24.0,7,2,5,0.286,5.3,0.1,0.6,0.25,0.0,0.3,0.0,0.3,0.3,1.0,0.1,1.0,1.1,0.3,0.1,0.6,0.3,0.0,0.7,0.3,0.6,-0.7,4.8,0,0,3.7,511,515,497,453,536,568,571,553,505,504,505,487,514,1,537,468,502,544,541,329,287,529,503,512,569,303,523,264,35,536,1
101108,Chris Paul,Chris,1610612746,LAC,40.0,16,4,12,0.25,14.2,1.1,3.5,0.321,0.6,1.9,0.333,0.1,0.1,0.5,0.4,1.4,1.8,3.3,1.0,0.7,0.0,0.2,1.4,0.4,2.9,-5.3,11.1,0,0,10.0,458,482,413,486,397,475,413,540,348,351,298,549,547,518,438,425,442,117,257,268,517,422,354,478,476,533,408,264,35,413,1
1642959,Chris Youngblood,Chris,1610612757,POR,24.0,33,28,5,0.848,5.6,0.7,1.9,0.349,0.5,1.6,0.333,0.3,0.3,0.9,0.2,0.6,0.8,0.4,0.1,0.1,0.1,0.1,0.6,0.3,2.2,0.2,4.3,0,0,4.3,393,209,497,13,534,527,517,519,374,386,298,491,511,53,512,530,531,528,551,538,467,510,510,518,512,226,532,264,35,523,2
1631128,Christian Braun,Christian,1610612743,DEN,24.0,44,29,15,0.659,31.8,4.6,8.8,0.519,1.0,3.3,0.301,1.8,2.3,0.782,1.4,3.4,4.8,2.7,1.0,0.7,0.3,0.7,2.3,1.7,12.0,6.6,23.7,0,0,22.4,326,197,376,120,51,144,170,113,276,224,394,157,161,271,118,152,147,152,274,270,299,83,110,203,159,22,167,264,35,176,1
1631132,Christian Koloko,Christian,1610612737,ATL,25.0,26,16,10,0.615,12.9,1.2,2.7,0.435,0.0,0.3,0.143,0.3,0.4,0.727,1.1,1.7,2.8,0.7,0.5,0.5,0.8,0.5,1.7,0.6,2.7,0.2,10.7,0,0,8.9,421,344,432,165,418,470,466,361,491,506,494,483,482,371,167,372,311,474,432,351,64,199,285,429,491,234,413,264,35,442,3
1642935,Chucky Hepburn,Chucky,1610612761,TOR,23.0,2,0,2,0.0,6.6,0.0,3.0,0.0,0.0,2.5,0.0,0.0,0.0,0.0,0.0,0.5,0.5,1.0,0.5,0.5,0.0,0.0,1.0,0.5,0.0,-8.0,3.1,0,0,2.5,568,564,533,564,514,571,447,571,505,292,505,553,555,553,555,541,552,384,432,371,517,529,452,451,574,565,553,264,35,561,1
203991,Clint Capela,Clint,1610612745,HOU,31.0,72,45,27,0.625,12.2,1.5,2.9,0.505,0.0,0.0,0.0,0.6,0.9,0.597,2.1,2.5,4.6,0.7,0.6,0.5,0.8,0.3,1.0,0.7,3.5,1.8,13.3,0,0,11.3,70,50,212,152,427,429,452,141,505,537,505,407,369,492,50,264,160,475,405,391,66,323,464,408,452,125,364,264,35,387,1
1629632,Coby White,Coby,1610612766,CHA,26.0,48,28,20,0.583,25.4,5.6,12.6,0.444,2.3,6.4,0.356,4.0,4.8,0.823,0.4,3.1,3.5,4.1,2.6,0.5,0.1,0.7,2.3,3.7,17.5,2.0,27.1,1,0,28.6,300,209,313,194,183,95,84,335,62,49,230,42,45,195,453,180,245,68,41,363,454,89,135,48,68,113,128,190,35,103,2
1628998,Cody Martin,Cody,1610612754,IND,30.0,4,0,4,0.0,13.8,0.5,2.5,0.2,0.0,1.3,0.0,0.8,1.5,0.5,0.3,3.3,3.5,0.5,1.0,1.0,0.5,0.3,1.3,1.3,1.8,-7.0,10.2,0,0,8.8,543,564,506,564,403,538,476,560,505,423,505,347,256,518,497,170,242,502,257,119,150,365,402,274,531,550,421,264,35,445,1
1642262,Cody Williams,Cody,1610612762,UTA,21.0,65,15,50,0.231,24.0,3.5,7.4,0.475,0.4,1.9,0.211,1.2,1.7,0.708,0.9,2.0,3.0,1.9,1.1,0.8,0.4,0.7,1.8,1.2,8.6,-6.5,17.5,2,0,16.2,151,359,18,508,204,221,229,218,409,350,471,235,224,405,211,320,301,244,238,231,201,101,245,279,249,545,279,152,35,288,1
1641732,Colby Jones,Colby,1610612765,DET,23.0,1,0,1,0.0,6.8,1.0,3.0,0.333,0.0,2.0,0.0,0.0,0.0,0.0,0.0,4.0,4.0,2.0,0.0,0.0,0.0,0.0,1.0,0.0,2.0,12.0,9.8,0,0,8.0,577,564,549,564,511,485,447,529,505,336,505,553,555,553,555,106,197,232,553,551,517,529,452,564,518,1,430,264,35,458,1
1630175,Cole Anthony,Cole,1610612749,MIL,25.0,35,12,23,0.343,15.0,2.8,6.6,0.424,0.6,2.1,0.306,0.5,0.7,0.615,0.5,2.0,2.5,3.5,1.9,0.6,0.3,0.3,2.1,1.3,6.7,-3.2,15.7,0,0,15.0,384,391,265,418,381,292,262,393,345,332,389,440,411,482,398,321,355,104,93,329,266,306,178,260,324,467,319,264,35,318,1
1630658,Colin Castleton,Colin,1610612753,ORL,25.0,3,2,1,0.667,5.1,0.3,1.0,0.333,0.0,0.0,0.0,0.0,0.0,0.0,0.3,1.7,2.0,0.3,0.7,0.0,0.0,0.0,0.3,0.3,0.7,1.7,2.9,0,0,3.0,555,515,549,96,538,555,553,529,505,537,505,553,555,553,460,381,405,531,372,551,517,529,555,497,566,137,556,264,35,553,1
1631221,Collin Gillespie,Collin,1610612756,PHX,26.0,79,43,36,0.544,28.7,4.4,10.6,0.419,2.9,7.3,0.402,1.0,1.1,0.874,1.1,3.0,4.1,4.7,1.6,1.3,0.2,0.4,1.6,1.7,12.7,2.5,27.4,3,0,27.3,12,62,94,252,115,155,127,413,20,22,88,295,331,93,169,196,192,60,135,58,346,251,297,196,142,104,124,126,35,115,1
1642867,Collin Murray-Boyles,Collin,1610612761,TOR,20.0,55,29,26,0.527,22.0,3.5,6.1,0.57,0.3,0.9,0.34,1.2,1.9,0.641,2.4,2.6,5.0,1.9,1.1,0.9,0.9,0.5,2.5,1.5,8.5,0.3,21.8,4,0,19.3,246,197,224,279,242,223,289,72,429,455,282,242,207,470,44,237,134,252,245,151,50,190,77,236,257,225,203,107,35,223,1
1629012,Collin Sexton,Collin,1610612741,CHI,27.0,65,24,41,0.369,23.4,5.2,10.7,0.483,1.7,4.2,0.401,3.3,3.8,0.862,0.6,1.7,2.3,3.3,2.1,1.1,0.2,0.8,2.1,3.4,15.3,-1.4,24.5,1,0,25.0,151,246,56,400,212,119,126,195,130,155,91,63,71,115,349,378,385,115,73,102,408,52,179,61,94,360,156,190,35,137,2
1642843,Cooper Flagg,Cooper,1610612742,DAL,19.0,68,21,47,0.309,33.8,8.0,17.1,0.467,1.0,3.5,0.292,4.1,4.9,0.824,1.2,5.5,6.7,4.6,2.3,1.2,0.9,1.1,2.1,4.1,21.0,-4.1,40.1,13,0,37.6,114,281,29,442,22,25,24,247,263,208,416,41,43,191,141,39,60,63,56,63,53,14,188,37,34,505,31,41,35,37,1
1630557,Corey Kispert,Corey,1610612737,ATL,27.0,56,26,30,0.464,18.6,3.1,6.7,0.464,1.4,4.0,0.357,1.3,1.6,0.82,0.5,1.8,2.3,1.6,0.8,0.3,0.2,0.4,1.1,1.2,9.0,-2.2,14.7,0,0,15.2,235,222,164,350,312,252,252,258,171,172,223,218,242,198,395,353,380,286,346,475,403,274,444,297,240,410,338,264,35,311,2
1642504,Cormac Ryan,Cormac,1610612749,MIL,27.0,9,1,8,0.111,22.1,3.9,7.2,0.538,2.1,4.2,0.5,2.0,2.2,0.9,0.4,1.0,1.4,1.3,1.3,1.0,0.3,0.1,2.4,1.9,11.9,-2.3,18.3,0,0,19.4,500,545,460,557,241,194,236,95,68,154,13,132,171,53,404,468,477,331,186,119,240,483,93,173,164,417,258,264,35,219,1
1641854,Craig Porter Jr.,Craig,1610612739,CLE,26.0,62,42,20,0.677,17.8,1.8,4.0,0.444,0.5,1.5,0.348,0.4,0.6,0.579,1.3,2.1,3.4,3.2,0.9,0.9,0.6,0.3,1.1,0.8,4.5,1.5,16.9,0,0,14.5,184,75,313,89,324,397,392,333,381,401,258,465,445,499,132,312,257,125,296,147,122,324,441,382,409,149,291,264,35,328,1
1642938,Curtis Jones,Curtis,1610612743,DEN,24.0,8,6,2,0.75,4.5,0.5,1.9,0.267,0.1,1.1,0.111,0.0,0.0,0.0,0.1,0.5,0.6,0.5,0.1,0.1,0.0,0.0,0.4,0.1,1.1,0.8,2.9,0,0,2.6,506,457,533,49,547,538,518,552,473,435,501,553,555,553,542,541,549,502,542,534,517,529,551,553,553,188,558,264,35,559,1
1626156,D'Angelo Russell,D'Angelo,1610612764,WAS,30.0,26,9,17,0.346,19.0,3.6,8.9,0.405,1.3,4.3,0.295,1.7,2.3,0.717,0.3,2.0,2.3,4.0,1.9,0.5,0.1,0.2,1.2,2.0,10.2,-1.6,18.7,1,0,18.8,421,422,353,415,305,213,168,450,199,150,409,173,158,382,476,319,378,72,90,390,481,415,424,166,204,372,250,190,35,235,1
1629610,DaQuan Jeffries,DaQuan,1610612758,SAC,28.0,3,0,3,0.0,20.0,3.7,6.3,0.579,1.3,3.0,0.444,1.7,1.7,1.0,1.0,0.7,1.7,0.3,0.0,0.7,0.0,0.3,3.0,1.7,10.3,0.3,14.8,0,0,15.0,555,564,523,564,286,204,278,61,187,252,32,171,232,1,187,526,454,531,553,273,517,291,29,206,197,216,335,264,35,319,1
1641747,DaRon Holmes II,DaRon,1610612743,DEN,23.0,23,15,8,0.652,8.8,1.3,2.6,0.517,0.9,1.9,0.455,0.4,0.5,0.818,0.3,1.1,1.5,0.7,0.5,0.0,0.2,0.1,0.8,0.7,4.0,-0.8,6.8,0,0,7.3,429,359,460,127,482,445,469,118,293,348,29,457,474,201,455,457,473,463,452,551,387,499,484,423,435,307,487,264,35,469,1
1631342,Daeqwon Plowden,Daeqwon,1610612758,SAC,27.0,30,8,22,0.267,26.2,3.7,8.6,0.43,1.9,5.8,0.335,1.2,1.4,0.837,1.0,1.9,2.9,1.2,0.7,0.7,0.2,0.4,2.4,1.3,10.5,-7.2,17.7,0,0,18.3,403,434,285,476,165,200,182,378,96,75,295,242,268,149,203,336,304,355,362,259,392,261,98,264,195,553,273,264,35,249,1
1630625,Dalano Banton,Dalano,1610612738,BOS,26.0,5,3,2,0.6,5.0,0.8,1.8,0.444,0.0,0.0,0.0,0.4,0.4,1.0,0.2,0.0,0.2,0.8,0.4,0.2,0.2,0.4,0.2,0.2,2.0,-2.4,4.2,0,0,3.8,530,494,533,176,539,508,522,330,505,537,505,452,484,1,519,570,568,437,480,504,348,236,570,538,518,426,534,264,35,534,2
1631207,Dalen Terry,Dalen,1610612755,PHI,23.0,47,21,26,0.447,11.6,1.4,3.3,0.435,0.5,1.4,0.364,0.3,0.6,0.552,0.5,1.3,1.8,1.4,0.6,0.6,0.3,0.2,1.0,0.8,3.7,-0.8,10.2,0,0,9.3,312,281,224,358,437,436,429,360,384,410,199,470,444,508,361,437,435,321,413,305,260,437,448,373,446,311,420,264,35,431,2
1642261,Dalton Knecht,Dalton,1610612747,LAL,24.0,51,31,20,0.608,10.5,1.6,3.5,0.442,0.6,2.0,0.308,0.3,0.4,0.7,0.3,1.1,1.4,0.3,0.5,0.2,0.2,0.2,0.8,0.3,4.0,-1.6,7.0,0,0,7.2,283,183,313,171,458,417,411,340,347,334,381,490,489,412,486,456,483,531,462,508,360,413,485,497,431,376,484,264,35,473,1
1629655,Daniel Gafford,Daniel,1610612742,DAL,27.0,55,12,43,0.218,21.7,3.8,5.7,0.655,0.0,0.0,0.0,2.0,2.9,0.683,2.5,4.4,6.9,1.1,1.1,0.8,1.3,0.7,2.6,2.7,9.5,-3.4,24.3,10,0,21.5,246,391,44,517,246,198,303,21,505,537,505,132,109,436,36,84,56,376,227,221,25,66,62,91,219,476,160,56,35,189,1
1642450,Daniss Jenkins,Daniss,1610612765,DET,24.0,70,52,18,0.743,20.3,3.3,7.9,0.415,1.0,2.7,0.382,1.9,2.3,0.83,0.7,1.6,2.3,3.9,1.6,0.9,0.2,0.7,1.5,2.1,9.5,3.0,19.7,3,0,18.8,88,17,339,57,276,238,206,424,252,277,146,143,163,167,305,393,381,79,137,172,348,103,342,153,220,79,234,126,35,238,1
1642874,Danny Wolf,Danny,1610612751,BKN,21.0,57,14,43,0.246,20.8,3.1,7.7,0.405,1.2,3.7,0.322,1.5,1.9,0.771,1.0,3.9,4.9,2.2,1.3,0.5,0.6,0.6,2.2,1.3,8.9,-4.1,20.2,2,0,19.4,228,369,44,496,268,254,213,451,217,186,351,197,202,293,187,116,142,205,197,357,129,142,143,271,241,502,226,152,35,221,1
203967,Dario Saric,Dario,1610612758,SAC,32.0,5,1,4,0.2,8.2,0.2,1.2,0.167,0.2,0.6,0.333,0.4,0.4,1.0,0.2,1.0,1.2,0.4,0.4,0.0,0.0,0.2,0.6,0.2,1.0,0.0,2.6,0,0,2.8,530,545,506,525,495,565,548,567,455,478,298,452,484,1,519,468,494,521,480,551,517,405,519,538,554,245,564,264,35,557,1
1641727,Dariq Whitehead,Dariq,1610612763,MEM,21.0,4,0,4,0.0,30.0,4.5,13.5,0.333,3.0,9.8,0.308,0.8,1.3,0.6,0.3,4.0,4.3,2.0,1.8,1.0,0.0,0.5,2.8,1.0,12.8,-19.8,22.1,0,0,24.0,543,564,506,564,88,150,65,529,17,4,381,347,293,491,497,106,175,232,111,119,517,176,43,328,140,579,198,264,35,154,1
1642468,Darius Brown,Darius,1610612739,CLE,26.0,1,1,0,1.0,2.7,0.0,1.0,0.0,0.0,0.0,0.0,0.0,0.0,0.0,0.0,1.0,1.0,0.0,0.0,0.0,0.0,0.0,0.0,0.0,0.0,-4.0,1.2,0,0,1.0,577,545,572,1,575,571,553,571,505,537,505,553,555,553,555,468,516,568,553,551,517,529,576,564,574,498,574,264,35,573,1
1629636,Darius Garland,Darius,1610612746,LAC,26.0,43,25,18,0.581,29.7,6.9,14.9,0.466,2.8,6.9,0.403,2.3,2.7,0.853,0.4,2.0,2.3,6.7,2.9,0.9,0.2,0.6,1.8,2.5,18.9,2.2,32.2,7,0,33.0,332,237,339,200,94,51,49,250,28,38,87,105,126,129,429,332,377,18,23,145,373,135,246,115,54,110,79,71,35,65,2
1642357,David Jones Garcia,David,1610612759,SAS,24.0,11,7,4,0.636,6.2,1.2,2.3,0.52,0.3,0.5,0.6,0.3,0.5,0.5,0.4,0.8,1.2,1.6,0.5,0.5,0.1,0.4,0.5,0.7,2.9,3.5,8.2,0,0,7.3,483,444,506,139,524,468,495,109,442,489,8,491,457,518,444,502,498,277,461,349,467,264,527,401,479,70,466,264,35,471,1
1631223,David Roddy,David,1610612743,DEN,25.0,3,2,1,0.667,4.6,0.3,1.7,0.2,0.0,1.3,0.0,0.7,0.7,1.0,0.3,1.3,1.7,0.7,0.0,0.3,0.0,0.0,0.7,0.3,1.3,-5.3,5.3,0,0,4.3,555,515,549,96,543,555,530,560,505,414,505,373,422,1,460,429,454,470,553,450,517,529,504,497,541,535,512,264,35,523,1
1630558,Davion Mitchell,Davion,1610612748,MIA,27.0,68,36,32,0.529,28.5,3.7,7.6,0.481,1.3,3.3,0.391,0.6,0.9,0.672,0.5,2.2,2.7,6.5,1.5,1.0,0.2,0.3,2.6,1.2,9.2,3.0,24.1,4,0,22.0,114,136,142,274,118,209,220,201,193,217,115,392,378,442,399,294,329,22,144,129,402,312,66,293,233,78,163,107,35,184,1
1630549,Day'Ron Sharpe,Day'Ron,1610612751,BKN,24.0,62,17,45,0.274,18.7,3.5,5.7,0.601,0.1,0.6,0.231,1.7,2.5,0.678,2.8,3.9,6.7,2.3,1.7,1.1,0.4,0.5,2.4,2.0,8.7,-1.8,23.0,5,0,20.9,184,326,35,464,311,225,304,45,468,474,464,172,146,440,26,119,64,194,117,98,188,154,102,165,245,393,176,94,35,202,1
1628368,De'Aaron Fox,De'Aaron,1610612759,SAS,28.0,70,54,16,0.771,31.0,7.1,14.5,0.488,1.8,5.4,0.332,2.6,3.4,0.754,0.6,3.2,3.8,6.1,2.3,1.3,0.3,0.7,2.3,2.6,18.5,6.3,34.5,7,0,33.2,88,11,362,41,70,45,51,181,115,89,322,89,82,329,335,179,218,28,59,55,308,67,132,101,58,25,57,71,35,62,1
1629631,De'Andre Hunter,De'Andre,1610612758,SAC,28.0,45,24,21,0.533,26.1,4.6,11.1,0.415,1.7,5.5,0.305,2.8,3.2,0.867,0.7,3.4,4.1,2.0,1.7,0.7,0.1,0.4,2.5,3.1,13.7,-0.5,22.3,0,0,23.0,323,246,300,268,166,143,114,423,134,82,390,83,97,106,311,148,189,232,127,273,426,219,88,73,120,290,188,264,35,166,2
1629001,De'Anthony Melton,De'Anthony,1610612744,GSW,27.0,46,22,24,0.478,23.1,4.5,11.0,0.409,1.5,5.1,0.296,2.0,2.5,0.817,0.8,2.4,3.2,2.6,1.9,1.6,0.4,0.7,1.9,2.0,12.6,2.5,24.4,0,0,23.9,319,268,250,333,216,147,118,442,152,107,408,127,137,204,254,271,276,174,92,18,211,106,224,163,143,100,157,264,35,156,1
201599,DeAndre Jordan,DeAndre,1610612740,NOP,37.0,12,6,6,0.5,16.6,1.8,2.7,0.656,0.0,0.0,0.0,0.9,1.4,0.647,2.2,4.2,6.3,0.9,0.8,0.3,0.8,0.4,1.3,1.2,4.4,-0.1,16.1,0,0,14.0,475,457,479,300,351,398,464,20,505,537,505,301,271,463,49,100,67,413,349,450,66,222,375,295,413,259,306,264,35,343,1
1630610,DeJon Jarreau,DeJon,1610612763,MEM,28.0,11,2,9,0.182,21.0,3.0,7.5,0.398,0.4,2.7,0.133,1.6,2.1,0.783,1.1,3.5,4.6,3.3,2.4,0.9,0.7,0.5,2.5,1.7,8.0,-10.2,21.0,0,0,19.5,483,515,444,537,262,264,223,465,416,278,496,178,183,269,164,141,156,119,53,151,90,204,72,197,275,572,211,264,35,218,1
201942,DeMar DeRozan,DeMar,1610612758,SAC,36.0,77,20,57,0.26,31.2,6.5,13.1,0.497,0.6,1.9,0.32,4.9,5.6,0.868,0.5,2.5,2.9,4.1,1.2,1.0,0.3,0.5,1.9,4.0,18.4,-7.6,30.9,2,0,28.8,24,296,4,480,62,63,76,163,354,349,357,27,34,105,400,260,302,69,205,108,281,186,223,41,59,563,88,152,35,101,1
1629731,Dean Wade,Dean,1610612739,CLE,29.0,58,36,22,0.621,22.4,2.1,4.8,0.437,1.2,3.4,0.359,0.5,0.7,0.711,0.9,3.3,4.2,1.5,0.3,0.8,0.4,0.2,1.5,0.8,5.8,2.9,16.4,1,0,15.1,221,136,285,160,232,364,351,351,211,213,217,438,432,395,214,165,177,294,513,226,208,420,330,392,352,84,302,190,35,312,1
1629028,Deandre Ayton,Deandre,1610612747,LAL,27.0,69,43,26,0.623,27.1,5.5,8.2,0.669,0.0,0.0,0.0,1.2,1.9,0.632,2.6,5.5,8.0,0.8,1.2,0.6,0.9,0.4,2.2,1.6,12.2,-0.9,26.5,21,0,24.1,101,62,224,157,145,99,190,13,505,537,505,237,200,476,33,38,33,431,217,324,52,252,147,217,149,312,133,20,35,151,1
1627749,Dejounte Murray,Dejounte,1610612740,NOP,29.0,14,5,9,0.357,27.8,6.3,13.0,0.484,1.4,4.4,0.306,2.8,3.2,0.867,0.3,5.1,5.4,6.4,3.4,1.6,0.2,0.4,2.4,2.2,16.7,1.4,34.9,1,0,33.5,468,469,444,408,132,71,79,192,181,140,388,81,95,107,480,49,107,24,10,15,339,274,105,138,80,152,53,190,35,60,1
1630166,Deni Avdija,Deni,1610612757,POR,25.0,64,33,31,0.516,33.3,7.4,16.0,0.46,1.9,5.9,0.315,7.4,9.3,0.8,1.2,5.8,6.9,6.7,3.9,0.8,0.6,1.2,2.6,6.6,24.0,-0.1,42.7,18,3,42.3,165,166,153,289,34,36,33,276,109,68,367,4,3,237,154,30,51,19,2,217,116,10,71,5,20,258,18,26,8,18,1
203471,Dennis Schröder,Dennis,1610612739,CLE,32.0,69,29,40,0.42,24.4,3.7,9.0,0.407,1.1,3.3,0.327,2.4,2.9,0.833,0.5,2.3,2.7,4.9,1.8,0.8,0.2,0.7,1.6,2.5,10.9,-3.3,22.4,3,0,21.4,101,197,66,374,197,204,165,447,244,221,341,99,108,164,396,289,327,53,102,219,405,106,326,119,188,470,186,126,35,193,2
1641726,Dereck Lively II,Dereck,1610612742,DAL,22.0,7,3,4,0.429,16.5,1.6,2.6,0.611,0.0,0.0,0.0,1.1,1.4,0.8,2.0,3.3,5.3,1.9,1.4,0.6,1.6,0.3,3.0,1.3,4.3,2.0,18.4,0,0,15.7,511,494,506,367,355,416,472,42,505,537,505,253,269,232,62,166,115,256,162,329,12,328,29,265,424,113,253,264,35,302,1
1642852,Derik Queen,Derik,1610612740,NOP,21.0,79,26,53,0.329,24.6,4.2,8.9,0.473,0.3,1.1,0.262,2.6,3.2,0.793,1.6,5.2,6.8,3.7,2.3,1.0,0.9,0.7,2.6,2.6,11.3,-3.5,28.4,12,2,25.9,12,222,10,430,196,171,167,226,441,439,441,90,94,249,90,45,57,93,57,109,60,87,57,106,176,479,114,46,14,125,1
1627884,Derrick Jones Jr.,Derrick,1610612746,LAC,29.0,48,25,23,0.521,27.2,3.9,7.7,0.503,1.1,3.1,0.356,1.4,1.9,0.758,1.2,2.3,3.5,1.4,0.8,0.9,1.0,0.4,2.0,1.8,10.3,2.9,21.6,1,0,20.2,300,237,265,284,143,195,214,147,236,240,232,202,204,318,143,290,245,318,345,148,42,222,193,187,200,86,204,190,35,211,1
1628401,Derrick White,Derrick,1610612738,BOS,31.0,75,51,24,0.68,34.3,5.8,14.5,0.397,2.7,8.3,0.33,2.4,2.7,0.9,1.1,3.3,4.5,5.4,1.8,1.1,1.3,0.5,1.6,2.8,16.7,7.8,35.8,1,0,34.2,42,21,250,88,19,88,50,469,29,12,334,102,128,53,158,159,165,44,107,78,24,205,317,85,82,11,49,190,35,50,1
1630217,Desmond Bane,Desmond,1610612753,ORL,27.0,80,44,36,0.55,34.0,7.2,14.9,0.485,2.1,5.3,0.392,3.9,4.3,0.91,1.2,3.0,4.2,4.2,2.0,1.0,0.5,1.0,3.1,2.9,20.5,1.5,34.2,1,0,33.9,1,56,94,240,21,41,47,185,74,93,109,43,54,48,146,203,179,65,77,110,173,23,26,84,39,144,60,190,35,54,1
1626164,Devin Booker,Devin,1610612756,PHX,29.0,64,37,27,0.578,33.5,8.5,18.7,0.456,1.9,5.8,0.33,7.1,8.1,0.873,0.8,3.1,3.9,6.0,3.1,0.8,0.3,1.0,2.6,6.7,26.1,3.1,39.9,6,0,40.0,165,125,212,203,27,20,12,290,101,74,332,5,7,96,283,180,207,29,17,210,290,30,60,3,13,75,34,83,35,25,1
1642269,Devin Carter,Devin,1610612758,SAC,24.0,36,7,29,0.194,17.5,3.0,7.2,0.412,0.7,2.8,0.24,1.8,2.4,0.753,0.8,2.3,3.1,2.5,1.3,0.8,0.2,0.3,1.3,2.3,8.4,-3.3,17.5,0,0,16.6,375,444,178,533,330,275,236,434,335,276,458,158,155,331,271,285,288,183,186,193,362,291,388,131,260,472,276,264,35,279,1
1630170,Devin Vassell,Devin,1610612759,SAS,25.0,65,51,14,0.785,30.5,4.9,11.3,0.437,2.5,6.5,0.386,1.6,2.0,0.813,0.6,3.5,4.0,2.5,0.9,0.8,0.4,0.3,1.6,1.4,14.0,7.6,25.4,1,0,25.5,151,21,391,37,78,129,110,352,46,48,133,185,197,214,355,145,194,182,309,186,219,336,312,250,113,14,145,190,35,131,1
1628415,Dillon Brooks,Dillon,1610612756,PHX,30.0,55,32,23,0.582,30.6,7.5,17.2,0.436,2.3,6.6,0.348,3.1,3.6,0.848,0.7,2.9,3.7,1.8,1.7,1.0,0.2,0.5,3.3,3.3,20.3,-0.6,29.2,0,0,30.5,246,174,265,197,77,30,22,354,61,46,257,70,77,136,288,209,229,261,115,116,400,159,20,68,42,296,107,264,35,83,1
1641794,Dillon Jones,Dillon,1610612752,NYK,24.0,6,5,1,0.833,4.5,0.2,1.0,0.167,0.2,0.7,0.25,0.7,0.7,1.0,0.3,0.7,1.0,0.7,0.0,0.3,0.0,0.2,0.8,0.3,1.2,1.3,4.4,0,0,3.7,519,469,549,15,546,567,553,567,461,470,446,373,422,1,460,526,516,470,553,450,517,441,483,497,551,153,529,264,35,538,1
1627734,Domantas Sabonis,Domantas,1610612758,SAC,29.0,19,3,16,0.158,29.7,6.3,11.6,0.543,0.3,1.4,0.185,2.9,4.1,0.727,3.4,8.0,11.4,4.1,2.7,0.9,0.2,0.9,3.5,3.6,15.8,-9.3,36.4,12,0,33.9,451,494,362,544,97,66,102,92,444,408,483,74,62,371,12,6,6,67,36,139,340,36,10,54,89,569,45,46,35,53,1
1631230,Dominick Barlow,Dominick,1610612755,PHI,22.0,68,38,30,0.559,23.9,3.1,5.7,0.545,0.3,1.2,0.259,1.3,1.9,0.717,1.9,2.9,4.8,1.3,0.8,0.9,0.7,0.4,2.1,1.5,7.9,0.1,19.4,2,0,17.4,114,118,164,228,206,256,307,88,430,430,443,214,208,383,71,215,148,346,332,183,92,259,176,221,278,240,241,152,35,265,1
1642270,Donovan Clingan,Donovan,1610612757,POR,22.0,75,39,36,0.52,27.2,4.6,8.8,0.52,1.1,3.2,0.338,1.8,2.7,0.675,4.5,7.1,11.6,2.1,1.3,0.6,1.7,0.5,2.3,2.3,12.0,0.2,34.7,35,0,31.4,42,106,94,285,142,145,172,111,248,234,287,152,128,441,3,15,3,221,201,317,8,150,107,133,158,232,55,7,35,76,1
1628378,Donovan Mitchell,Donovan,1610612739,CLE,29.0,70,45,25,0.643,33.5,9.7,20.0,0.483,3.2,8.8,0.364,5.3,6.1,0.865,0.7,3.8,4.5,5.7,2.8,1.5,0.3,0.7,2.3,4.6,27.9,5.3,44.3,5,0,44.8,88,50,239,134,29,9,5,193,10,8,199,22,24,109,300,128,162,33,27,27,287,94,117,27,7,36,12,94,35,12,1
1628978,Donte DiVincenzo,Donte,1610612750,MIN,29.0,80,47,33,0.588,30.7,4.2,10.2,0.406,3.0,7.9,0.38,0.9,1.2,0.758,0.8,3.3,4.1,3.9,1.5,1.3,0.4,0.2,2.4,1.5,12.2,4.2,26.6,1,0,26.6,1,39,125,191,75,177,135,449,17,17,150,299,299,321,249,163,184,82,156,52,201,434,95,235,148,54,132,190,35,121,1
1627827,Dorian Finney-Smith,Dorian,1610612745,HOU,32.0,36,22,14,0.611,16.6,1.1,3.4,0.331,0.7,2.6,0.274,0.2,0.2,0.857,0.9,1.6,2.5,1.0,0.6,0.4,0.2,0.1,1.7,0.2,3.2,-0.2,8.8,0,0,8.6,375,268,391,169,347,474,420,537,321,283,430,521,532,118,212,390,351,399,395,408,392,465,290,532,464,270,455,264,35,451,1
203926,Doug McDermott,Doug,1610612758,SAC,34.0,27,7,20,0.259,14.8,1.9,4.8,0.403,1.7,4.3,0.397,0.1,0.1,1.0,0.3,1.0,1.2,0.8,0.4,0.2,0.1,0.0,0.8,0.1,5.7,-3.4,8.9,0,0,10.1,415,444,313,481,385,382,349,457,125,151,101,532,542,1,494,484,492,444,464,509,415,522,491,557,360,475,451,264,35,411,1
1642962,Drake Powell,Drake,1610612751,BKN,20.0,61,16,45,0.262,20.9,2.3,5.6,0.411,0.8,2.9,0.293,1.1,1.2,0.918,0.3,1.4,1.8,1.5,0.9,0.6,0.2,0.4,1.4,0.8,6.5,-6.5,12.3,0,0,12.2,202,344,35,479,266,341,312,437,300,268,414,260,310,44,456,414,438,303,286,327,359,227,358,388,332,546,381,264,35,373,1
203110,Draymond Green,Draymond,1610612744,GSW,36.0,66,31,35,0.47,27.6,3.1,7.4,0.417,1.5,4.7,0.326,0.8,1.2,0.688,0.8,4.8,5.5,5.5,2.6,0.9,0.6,0.2,2.9,1.6,8.5,-1.9,25.4,2,0,24.1,141,183,104,345,134,260,228,419,150,125,343,323,307,433,268,69,97,38,38,161,113,374,32,209,255,397,147,152,35,152,1
1629234,Drew Eubanks,Drew,1610612758,SAC,29.0,42,10,32,0.238,13.1,2.2,3.7,0.596,0.0,0.2,0.143,0.8,1.4,0.561,0.9,2.1,3.0,0.5,0.7,0.4,0.6,0.3,1.4,1.2,5.2,-3.7,11.7,1,0,10.7,337,407,142,502,409,354,403,57,496,512,494,346,276,502,208,307,291,515,357,442,119,351,371,282,385,487,388,190,35,400,1
1641809,Drew Peterson,Drew,1610612766,CHA,26.0,6,1,5,0.167,10.7,0.3,2.7,0.125,0.0,2.0,0.0,0.2,0.3,0.5,0.5,1.0,1.5,0.3,0.0,0.5,0.2,0.0,0.5,0.5,0.8,-1.7,5.1,0,0,4.0,519,545,497,540,455,555,464,570,505,336,505,521,498,518,374,468,469,531,553,371,392,529,533,451,562,384,518,264,35,531,1
1631166,Drew Timme,Drew,1610612747,LAL,25.0,24,15,9,0.625,8.9,1.4,2.5,0.567,0.4,1.0,0.435,0.2,0.4,0.556,0.4,0.9,1.3,0.8,0.4,0.2,0.0,0.2,0.8,0.4,3.5,-0.9,6.4,0,0,6.4,426,359,444,152,480,438,476,74,403,448,41,509,491,506,420,493,489,441,474,501,517,441,494,481,455,314,489,264,35,486,1
1630696,Dru Smith,Dru,1610612748,MIA,28.0,70,38,32,0.543,16.3,1.9,4.6,0.415,0.5,1.8,0.295,1.2,1.5,0.829,0.9,1.6,2.5,2.6,0.8,1.4,0.3,0.4,1.6,1.3,5.6,-1.2,16.9,0,0,14.7,88,118,142,255,357,380,357,422,376,357,410,232,256,170,226,393,357,170,340,33,277,211,323,270,366,339,293,264,35,326,1
1629130,Duncan Robinson,Duncan,1610612765,DET,31.0,75,56,19,0.747,27.5,4.1,9.1,0.452,2.9,7.0,0.41,1.1,1.4,0.76,0.4,2.3,2.7,2.1,0.7,0.6,0.3,0.2,2.2,1.5,12.1,6.8,20.4,0,0,21.5,42,5,324,55,137,182,162,304,22,30,74,267,275,316,435,284,331,224,366,328,283,405,142,230,155,21,224,264,35,187,1
1641871,Duop Reath,Duop,1610612757,POR,29.0,32,16,16,0.5,8.1,1.0,2.3,0.446,0.7,1.7,0.418,0.2,0.2,0.833,0.3,0.9,1.2,0.3,0.2,0.2,0.3,0.1,0.9,0.2,2.9,-1.2,5.8,0,0,6.0,397,344,362,300,497,482,492,327,322,373,61,528,533,158,475,493,497,539,531,520,311,509,474,544,476,342,496,264,35,492,1
203939,Dwight Powell,Dwight,1610612742,DAL,34.0,61,18,43,0.295,14.0,1.0,1.5,0.645,0.0,0.1,0.25,1.3,1.8,0.696,1.5,2.4,3.8,1.0,0.6,0.5,0.3,0.2,2.0,1.8,3.3,-0.2,11.3,3,0,9.8,202,317,44,447,401,492,535,25,502,525,446,223,214,423,104,273,213,384,392,369,254,429,196,190,461,273,400,126,35,418,1
1642928,Dylan Cardwell,Dylan,1610612758,SAC,24.0,42,12,30,0.286,20.5,2.4,4.0,0.596,0.0,0.0,0.5,0.6,1.2,0.531,3.3,4.3,7.5,1.5,0.9,0.6,1.5,0.5,3.6,1.2,5.4,-1.4,22.2,3,0,18.7,337,391,164,453,272,333,397,56,496,529,13,387,315,515,13,91,39,309,294,287,16,206,5,291,380,356,193,126,35,243,1
1642844,Dylan Harper,Dylan,1610612759,SAS,20.0,67,52,15,0.776,22.6,4.8,9.5,0.506,0.9,2.6,0.347,1.3,1.7,0.743,0.8,2.6,3.4,3.9,1.4,0.8,0.3,0.8,2.0,1.3,11.8,4.5,23.6,0,0,22.2,126,17,376,39,225,134,151,136,284,285,263,229,229,349,275,239,255,80,160,212,236,50,200,254,166,49,168,264,35,178,1
1630700,Dyson Daniels,Dyson,1610612737,ATL,23.0,75,43,32,0.573,33.2,5.3,10.2,0.516,0.3,1.5,0.19,1.0,1.6,0.617,2.4,4.4,6.8,5.8,1.8,2.0,0.4,0.5,2.2,1.7,11.8,3.6,34.1,14,1,29.5,42,62,142,212,37,111,134,119,436,391,481,285,240,480,42,82,58,32,105,6,192,150,153,198,165,64,63,37,21,94,1
1630604,E.J. Liddell,E.J.,1610612751,BKN,25.0,23,5,18,0.217,11.0,1.5,3.2,0.466,0.5,1.7,0.289,0.5,0.7,0.75,0.5,1.7,2.1,0.8,0.5,0.2,0.4,0.2,1.4,0.9,4.0,-0.3,9.0,0,0,8.6,429,469,339,518,446,430,436,252,393,384,419,417,418,332,390,384,395,442,452,514,179,435,361,361,435,280,446,264,35,450,1
1642856,Egor Dëmin,Egor,1610612751,BKN,20.0,52,14,38,0.269,25.2,3.4,8.6,0.399,2.4,6.2,0.385,1.0,1.3,0.831,0.4,2.8,3.2,3.3,1.7,0.8,0.3,0.3,1.8,1.2,10.3,-3.1,20.9,1,0,21.5,273,369,76,472,187,226,181,462,55,56,136,270,293,165,425,226,281,114,128,204,255,313,259,294,199,463,214,190,35,190,1
1641989,Elijah Harkless,Elijah,1610612762,UTA,26.0,26,5,21,0.192,21.0,2.1,6.2,0.335,0.8,3.4,0.239,1.9,2.5,0.766,0.4,1.7,2.0,2.9,1.0,1.2,0.2,0.4,2.0,2.7,6.8,-1.3,16.9,1,0,15.4,421,469,300,535,264,365,284,528,304,211,461,145,144,302,437,383,401,140,257,69,328,245,200,93,317,348,292,190,35,309,1
1641801,Emanuel Miller,Emanuel,1610612759,SAS,25.0,5,0,5,0.0,6.6,1.2,2.6,0.462,0.4,1.2,0.333,0.2,0.4,0.5,0.2,0.4,0.6,0.8,0.0,0.4,0.0,0.0,0.4,0.2,3.0,-3.8,6.1,0,0,5.6,530,564,497,564,515,466,470,268,409,429,298,512,484,518,519,551,551,437,553,415,517,529,548,538,469,490,493,264,35,497,1
1642402,Enrique Freeman,Enrique,1610612750,MIN,25.0,3,2,1,0.667,3.7,0.0,0.0,0.0,0.0,0.0,0.0,0.0,0.0,0.0,0.0,1.0,1.0,0.0,0.0,0.0,0.3,0.0,0.0,0.0,0.0,1.0,2.2,0,0,1.7,555,515,549,96,559,571,578,571,505,537,505,553,555,553,555,468,516,568,553,551,240,529,576,564,574,173,567,264,35,570,1
201569,Eric Gordon,Eric,1610612755,PHI,37.0,6,3,3,0.5,12.3,2.0,3.5,0.571,1.3,2.3,0.571,0.2,0.3,0.5,0.2,0.2,0.3,0.5,0.5,0.7,0.2,0.2,0.5,0.2,5.5,-5.2,8.7,0,0,9.3,519,494,523,300,426,369,413,64,187,306,10,521,498,518,531,567,565,502,432,273,392,441,533,547,372,532,458,264,35,429,1
1630679,Ethan Thompson,Ethan,1610612754,IND,26.0,29,7,22,0.241,18.9,2.0,5.5,0.369,1.1,3.3,0.323,0.9,1.2,0.743,0.5,1.4,1.9,1.4,0.7,0.6,0.3,0.3,2.2,1.3,6.0,-0.9,12.4,0,0,12.2,406,444,285,500,308,368,316,507,246,216,348,307,308,350,369,424,420,310,377,318,294,283,156,268,347,319,374,264,35,372,1
1630596,Evan Mobley,Evan,1610612739,CLE,24.0,64,40,24,0.625,32.1,7.3,13.2,0.548,1.0,3.3,0.297,2.8,4.6,0.606,2.4,6.7,9.1,3.6,1.8,0.8,1.8,0.7,2.5,3.6,18.3,3.8,40.3,27,0,37.0,165,95,250,152,48,40,70,85,277,223,407,77,48,489,41,21,20,95,95,232,7,72,90,55,60,60,29,14,35,38,1
1630532,Franz Wagner,Franz,1610612753,ORL,24.0,32,19,13,0.594,30.3,7.2,14.9,0.481,1.3,4.0,0.339,4.8,5.8,0.827,1.3,4.1,5.3,3.4,1.7,1.0,0.3,1.0,2.1,4.5,20.4,2.3,34.2,0,0,33.1,397,309,403,187,82,42,48,199,185,174,283,29,30,177,129,104,110,108,121,132,235,34,164,30,40,109,59,264,35,63,1
1641713,GG Jackson,GG,1610612763,MEM,21.0,55,16,39,0.291,21.4,4.6,9.3,0.496,1.2,3.5,0.332,2.0,2.7,0.742,0.9,3.4,4.3,1.5,1.5,0.6,0.8,0.6,1.4,1.9,12.5,-1.5,22.4,1,0,22.1,246,344,72,449,254,142,157,164,224,203,321,130,122,355,224,155,174,307,140,337,72,114,368,171,146,369,187,190,35,180,1
1629216,Gabe Vincent,Gabe,1610612737,ATL,29.0,52,35,17,0.673,16.6,1.4,4.1,0.352,1.1,3.3,0.341,0.4,0.4,0.87,0.3,0.7,1.0,1.5,0.5,0.5,0.1,0.2,1.5,0.6,4.4,0.6,9.0,0,0,9.1,273,152,353,93,348,433,389,517,235,222,278,458,479,103,476,522,515,308,432,365,493,415,344,433,417,199,447,264,35,435,2
202066,Garrett Temple,Garrett,1610612761,TOR,39.0,21,9,12,0.429,3.3,0.1,0.7,0.214,0.1,0.5,0.182,0.3,0.4,0.667,0.0,0.3,0.4,0.4,0.3,0.1,0.1,0.0,0.3,0.3,0.7,-0.3,2.1,0,0,2.0,437,422,413,367,569,568,567,559,480,484,485,487,480,443,554,557,562,525,491,527,462,519,560,497,566,277,568,264,35,567,1
1629726,Garrison Mathews,Garrison,1610612754,IND,29.0,15,4,11,0.267,13.1,1.4,3.5,0.404,1.1,3.1,0.37,1.3,1.5,0.826,0.1,1.0,1.1,0.7,0.2,0.4,0.2,0.1,1.3,1.5,5.2,-0.1,9.2,0,0,9.3,461,482,425,476,411,440,416,454,231,248,181,225,250,181,540,468,504,470,534,415,348,468,396,239,386,266,441,264,35,429,1
203914,Gary Harris,Gary,1610612749,MIL,31.0,48,15,33,0.313,13.8,1.0,2.2,0.442,0.6,1.4,0.412,0.2,0.2,0.889,0.3,0.9,1.3,1.1,0.4,0.6,0.2,0.1,1.1,0.1,2.7,-2.8,7.6,0,0,7.1,300,359,125,441,404,495,502,337,365,409,70,521,533,72,460,487,490,374,483,338,371,501,438,552,488,446,472,264,35,475,1
1627780,Gary Payton II,Gary,1610612744,GSW,33.0,70,33,37,0.471,15.7,3.3,5.8,0.576,0.5,1.8,0.294,0.3,0.5,0.632,1.4,2.3,3.7,1.7,0.9,0.9,0.3,0.2,1.8,0.5,7.5,-1.6,17.3,2,0,15.9,88,166,84,344,371,233,302,63,378,363,413,469,459,476,117,282,222,264,311,154,277,405,256,446,288,374,284,152,35,297,1
1629018,Gary Trent Jr.,Gary,1610612749,MIL,27.0,65,24,41,0.369,21.2,2.8,7.3,0.387,1.9,5.3,0.36,0.6,0.8,0.769,0.1,0.9,1.0,1.2,0.6,0.5,0.0,0.2,1.3,0.7,8.1,-5.4,12.3,0,0,13.4,151,246,56,400,258,288,233,487,104,94,216,388,397,295,543,489,511,353,385,360,503,385,387,402,273,536,380,264,35,349,1
203507,Giannis Antetokounmpo,Giannis,1610612749,MIL,31.0,36,17,19,0.472,28.9,10.4,16.6,0.624,0.4,1.3,0.333,6.4,9.9,0.65,2.7,7.1,9.8,5.4,3.2,0.9,0.7,1.0,2.4,8.1,27.6,2.7,49.1,19,0,46.4,375,326,324,342,112,4,28,38,403,423,298,8,2,461,27,16,17,43,14,140,105,32,101,1,9,96,7,25,35,7,1
1629048,Goga Bitadze,Goga,1610612753,ORL,26.0,62,33,29,0.532,15.1,2.3,3.5,0.667,0.0,0.2,0.182,1.0,1.5,0.707,2.1,2.8,4.9,1.3,0.7,0.6,1.0,0.2,2.1,1.4,5.7,0.2,17.5,2,0,15.0,184,166,178,270,380,338,415,14,492,511,485,268,259,407,53,225,145,330,371,323,49,398,171,242,358,228,277,152,35,315,1
1641711,Gradey Dick,Gradey,1610612761,TOR,22.0,73,41,32,0.562,14.3,2.2,5.2,0.418,0.8,2.5,0.297,1.0,1.2,0.874,0.6,1.4,2.0,0.7,0.6,0.6,0.1,0.3,1.3,0.9,6.1,1.8,11.0,1,0,10.9,63,85,142,225,394,359,329,418,316,289,406,269,311,93,344,410,404,467,401,315,461,317,384,360,344,124,409,190,35,395,1
1641761,Grant Nelson,Grant,1610612751,BKN,24.0,4,0,4,0.0,8.8,1.3,2.3,0.556,0.0,0.0,0.0,1.8,2.5,0.7,0.3,1.3,1.5,1.3,1.0,0.3,1.3,0.5,1.5,2.0,4.3,-1.8,11.4,0,0,10.0,543,564,506,564,485,457,496,79,505,537,505,162,137,412,497,438,469,346,257,485,26,176,334,160,425,390,392,264,35,413,1
1629684,Grant Williams,Grant,1610612766,CHA,27.0,34,24,10,0.706,19.7,2.2,5.1,0.425,1.5,3.8,0.391,1.3,1.6,0.815,1.2,2.7,3.9,1.6,0.9,0.4,0.5,0.2,1.6,1.5,7.1,5.7,15.8,0,0,15.8,389,246,432,79,292,357,336,389,160,182,116,221,243,207,144,234,205,287,291,427,165,432,296,226,306,33,315,264,35,300,1
1628960,Grayson Allen,Grayson,1610612756,PHX,30.0,50,26,24,0.52,29.1,5.3,13.2,0.405,3.2,9.0,0.351,2.8,3.3,0.855,0.7,2.3,3.0,3.9,1.6,1.4,0.3,0.6,2.3,3.0,16.7,0.3,29.3,0,0,30.0,291,222,250,285,107,107,72,451,13,6,245,76,88,127,298,282,292,76,133,44,305,124,111,76,83,223,106,264,35,91,1
1627824,Guerschon Yabusele,Guerschon,1610612741,CHI,30.0,66,31,35,0.47,15.0,1.9,4.7,0.399,1.0,2.9,0.352,0.8,1.1,0.75,0.8,2.6,3.5,0.9,0.6,0.4,0.2,0.3,1.2,0.8,5.6,-2.6,12.3,4,0,12.2,141,183,104,345,382,389,356,460,256,263,242,331,334,332,244,240,248,414,397,431,335,359,409,376,368,439,379,107,35,371,2
1630611,Gui Santos,Gui,1610612744,GSW,23.0,66,29,37,0.439,20.5,3.4,6.7,0.505,1.2,3.3,0.352,1.3,1.8,0.729,1.1,2.8,3.9,2.3,1.5,0.9,0.3,0.4,2.0,1.8,9.3,0.4,19.5,3,0,19.0,141,197,84,363,274,227,253,142,222,215,244,219,217,368,170,222,206,199,143,161,240,215,190,189,231,210,238,126,35,230,1
203084,Harrison Barnes,Harrison,1610612759,SAS,33.0,75,56,19,0.747,25.8,3.3,7.4,0.452,1.8,4.7,0.387,1.3,1.6,0.828,0.8,2.0,2.8,1.9,0.8,0.7,0.2,0.3,1.1,1.3,9.8,4.3,17.7,0,0,18.0,42,5,324,55,174,230,225,302,112,124,130,212,237,173,253,328,315,242,329,281,404,346,436,253,214,52,271,264,35,254,1
1631127,Harrison Ingram,Harrison,1610612759,SAS,23.0,6,5,1,0.833,3.4,0.8,1.0,0.833,0.2,0.2,1.0,0.0,0.0,0.0,0.5,0.0,0.5,0.2,0.2,0.0,0.0,0.0,0.3,0.2,1.8,-0.7,2.5,0,0,2.7,519,469,549,15,565,503,553,2,461,512,1,553,555,553,374,570,552,563,538,551,517,529,555,547,525,299,565,264,35,558,1
1629312,Haywood Highsmith,Haywood,1610612756,PHX,29.0,6,3,3,0.5,13.4,1.7,3.3,0.5,1.3,2.2,0.615,0.8,1.0,0.833,1.0,1.2,2.2,1.2,0.0,0.7,0.0,0.3,1.3,0.7,5.5,1.3,11.9,0,0,11.5,519,494,523,300,407,409,425,148,187,322,7,323,348,158,187,448,393,362,553,273,517,291,375,417,372,153,386,264,35,384,1
1630529,Herbert Jones,Herbert,1610612740,NOP,27.0,56,22,34,0.393,28.4,3.3,8.5,0.383,1.4,4.6,0.309,0.9,1.1,0.806,0.8,2.6,3.4,2.8,1.3,1.6,0.5,0.5,3.2,1.2,8.9,-0.9,21.9,0,0,20.6,235,268,114,392,121,240,183,494,171,131,380,309,327,223,247,249,254,148,191,20,160,194,24,297,242,314,200,264,35,207,1
1642864,Hugo González,Hugo,1610612738,BOS,20.0,73,50,23,0.685,14.5,1.5,3.3,0.473,0.5,1.5,0.357,0.2,0.4,0.5,0.8,2.5,3.3,0.5,0.5,0.5,0.3,0.3,1.6,0.7,3.8,3.2,10.5,2,0,9.9,63,29,265,87,391,419,430,228,373,394,223,519,496,518,242,262,263,495,425,355,286,339,298,405,442,73,415,152,35,417,1
1630621,Hunter Dickinson,Hunter,1610612740,NOP,25.0,3,1,2,0.333,5.6,0.3,1.7,0.2,0.0,0.7,0.0,0.7,0.7,1.0,0.0,0.3,0.3,0.0,1.0,0.0,0.7,0.0,1.3,0.3,1.3,-9.3,2.7,0,0,3.0,555,545,533,421,533,555,530,560,505,470,505,373,422,1,555,557,565,568,257,551,105,529,375,497,541,570,562,264,35,553,1
1642282,Hunter Sallis,Hunter,1610612755,PHI,23.0,7,3,4,0.429,3.7,0.4,0.7,0.6,0.0,0.0,0.0,0.1,0.3,0.5,0.0,0.1,0.1,0.6,0.7,0.0,0.1,0.0,0.3,0.3,1.0,-1.9,1.7,0,0,2.0,511,494,506,367,560,547,565,47,505,537,505,533,514,518,555,568,572,486,357,551,420,529,560,512,554,395,571,264,35,567,1
1641816,Hunter Tyson,Hunter,1610612743,DEN,25.0,21,15,6,0.714,7.7,0.7,2.5,0.269,0.3,1.6,0.212,0.5,0.6,0.846,0.2,1.5,1.7,0.8,0.2,0.1,0.0,0.3,0.6,0.4,2.2,-1.1,5.7,0,0,5.3,437,359,479,71,502,527,481,551,419,388,469,416,441,137,526,399,446,435,526,544,499,328,516,491,510,335,505,264,35,503,1
1630193,Immanuel Quickley,Immanuel,1610612761,TOR,26.0,68,39,29,0.574,32.2,5.8,13.1,0.444,2.6,6.9,0.375,2.5,3.0,0.821,0.5,3.5,4.1,6.0,1.5,1.3,0.1,0.6,2.0,2.7,16.7,1.4,33.2,8,0,32.1,114,106,178,209,45,85,75,332,42,37,163,95,103,196,356,142,193,30,151,48,485,121,191,90,81,151,70,66,35,70,1
1642403,Isaac Jones,Isaac,1610612765,DET,25.0,6,4,2,0.667,4.4,0.5,1.0,0.5,0.0,0.3,0.0,0.2,0.3,0.5,0.3,0.5,0.8,0.2,0.0,0.0,0.2,0.0,0.7,0.2,1.2,-3.2,2.9,0,0,2.5,519,482,533,96,548,538,553,148,505,502,505,521,498,518,460,541,533,563,553,551,392,529,504,547,551,466,555,264,35,561,2
1630171,Isaac Okoro,Isaac,1610612741,CHI,25.0,63,26,37,0.413,26.9,3.3,7.3,0.46,1.2,3.5,0.33,1.4,1.8,0.795,1.1,1.7,2.7,1.6,0.7,0.7,0.5,0.4,2.6,1.7,9.3,-5.3,17.8,0,0,17.1,176,222,84,379,152,229,232,277,225,204,328,204,218,243,163,386,326,288,355,243,170,208,69,201,230,534,270,264,35,267,1
1642268,Isaiah Collier,Isaiah,1610612762,UTA,21.0,59,16,43,0.271,25.7,4.3,8.7,0.495,0.5,1.7,0.27,2.6,3.5,0.722,0.4,2.2,2.5,7.2,2.5,1.1,0.3,0.9,2.3,2.6,11.7,-7.5,27.3,10,0,24.7,214,344,44,469,176,162,176,167,396,376,434,91,78,378,451,300,348,12,44,86,239,37,112,110,170,561,125,56,35,141,1
1642384,Isaiah Crawford,Isaiah,1610612745,HOU,24.0,13,7,6,0.538,5.9,0.5,1.4,0.333,0.2,0.8,0.2,0.2,0.3,0.75,0.2,0.6,0.8,0.3,0.2,0.2,0.2,0.2,0.2,0.5,1.3,-0.1,3.6,0,0,3.3,471,444,479,258,528,546,541,529,465,466,473,503,510,332,535,532,542,540,529,521,328,455,566,473,544,257,544,264,35,549,1
1628392,Isaiah Hartenstein,Isaiah,1610612760,OKC,27.0,47,39,8,0.83,24.2,3.9,6.3,0.622,0.0,0.1,0.0,1.4,2.2,0.61,3.2,6.3,9.4,3.5,1.7,1.0,0.8,0.4,2.5,2.1,9.2,7.8,29.4,11,1,25.7,312,106,460,20,200,191,281,39,505,515,505,209,169,486,14,23,18,102,113,114,80,270,81,151,234,12,105,51,21,129,1
1630543,Isaiah Jackson,Isaiah,1610612746,LAC,24.0,55,20,35,0.364,16.5,2.7,4.3,0.637,0.0,0.1,0.0,1.2,1.9,0.648,2.1,3.2,5.3,0.9,1.1,0.7,0.9,0.3,2.7,1.5,6.7,-0.9,18.1,7,0,16.0,246,296,104,406,353,298,379,30,505,527,505,233,203,462,58,173,116,405,245,280,59,362,53,236,322,321,264,71,35,292,2
1630198,Isaiah Joe,Isaiah,1610612760,OKC,26.0,71,56,15,0.789,21.2,3.5,7.6,0.455,2.5,6.0,0.423,1.5,1.7,0.894,0.5,2.1,2.5,1.3,0.6,0.7,0.2,0.2,1.7,1.9,11.1,5.0,18.0,0,0,19.2,80,5,376,35,257,222,216,293,43,64,51,188,225,65,394,311,346,334,383,257,407,378,278,177,182,39,265,264,35,227,1
1630587,Isaiah Livers,Isaiah,1610612756,PHX,27.0,36,21,15,0.583,9.6,0.6,1.8,0.344,0.3,1.1,0.3,0.3,0.3,0.75,0.5,1.2,1.7,0.6,0.3,0.4,0.2,0.2,0.8,0.2,1.8,0.3,6.1,0,0,5.6,375,281,376,194,471,532,524,522,419,437,395,496,498,332,363,448,450,482,491,441,337,414,491,532,528,218,492,264,35,498,1
1641815,Isaiah Stevens,Isaiah,1610612758,SAC,25.0,3,0,3,0.0,14.3,1.0,2.3,0.429,0.0,0.3,0.0,1.3,1.3,1.0,0.7,0.3,1.0,3.3,0.7,1.7,0.0,0.7,0.7,0.7,3.3,-3.0,13.9,0,0,11.0,555,564,523,564,396,485,487,379,505,502,505,215,280,1,311,557,516,113,372,13,517,95,504,417,457,460,352,264,35,391,1
1630191,Isaiah Stewart,Isaiah,1610612765,DET,24.0,56,40,16,0.714,22.9,3.8,6.9,0.545,0.7,2.1,0.333,1.7,2.3,0.764,1.6,3.4,5.0,1.2,1.2,0.3,1.6,0.4,2.8,2.1,10.0,0.7,22.3,2,0,20.7,235,95,362,71,221,197,245,89,329,329,298,167,165,306,86,154,131,359,226,483,11,225,37,147,209,194,191,152,35,206,1
1627826,Ivica Zubac,Ivica,1610612754,IND,29.0,48,17,31,0.354,30.1,6.0,10.0,0.598,0.0,0.0,0.0,2.1,3.0,0.711,3.4,7.2,10.6,2.2,1.8,0.4,0.8,0.7,2.3,3.1,14.1,-1.0,31.9,24,0,29.3,300,326,153,410,87,79,139,55,505,537,505,120,107,394,11,11,11,210,103,434,66,75,113,75,111,326,81,16,35,96,2
1631120,JD Davison,JD,1610612745,HOU,23.0,27,22,5,0.815,7.1,0.8,2.0,0.4,0.3,1.0,0.286,0.3,0.5,0.615,0.1,0.8,0.9,1.0,0.3,0.2,0.1,0.1,0.6,0.4,2.2,-0.2,5.6,0,0,5.1,415,268,497,23,510,507,511,459,434,440,422,484,472,482,549,504,528,379,520,509,415,505,514,476,507,269,509,264,35,506,1
1629630,Ja Morant,Ja,1610612763,MEM,26.0,20,7,13,0.35,28.4,6.6,16.1,0.41,1.0,4.3,0.235,5.3,5.9,0.897,0.4,2.9,3.3,8.1,3.6,1.0,0.3,0.9,2.0,4.2,19.5,-2.5,35.8,8,0,34.4,447,444,403,412,120,59,30,440,266,152,462,23,29,60,426,217,272,5,7,119,277,39,200,36,50,431,48,66,35,49,1
1642266,Ja'Kobe Walter,Ja'Kobe,1610612761,TOR,21.0,69,39,30,0.565,20.2,2.5,5.6,0.442,1.5,3.7,0.401,1.0,1.2,0.798,0.8,1.8,2.6,1.2,0.5,1.0,0.2,0.3,2.3,1.1,7.4,-0.1,15.4,0,0,15.0,101,106,164,221,278,319,314,341,161,192,93,294,305,238,259,362,336,356,431,117,370,325,133,303,295,260,325,264,35,317,1
1631095,Jabari Smith Jr.,Jabari,1610612745,HOU,22.0,75,47,28,0.627,35.1,5.7,12.6,0.449,2.3,6.3,0.366,2.1,2.6,0.782,1.4,5.5,6.9,1.9,1.3,0.7,0.9,0.7,2.5,2.1,15.7,3.5,30.5,14,0,30.1,42,39,199,150,10,91,83,317,58,53,191,125,132,272,112,37,54,249,182,235,56,82,85,150,91,69,96,37,35,89,1
1631133,Jabari Walker,Jabari,1610612755,PHI,23.0,62,35,27,0.565,12.1,1.5,3.4,0.448,0.5,1.5,0.33,0.8,1.0,0.75,1.1,1.9,3.0,0.5,0.4,0.4,0.2,0.4,1.6,0.9,4.3,0.4,10.1,2,0,9.5,184,152,212,222,432,422,423,324,385,396,330,339,340,332,157,340,289,496,466,438,342,277,303,366,422,212,425,152,35,423,1
1631210,Jacob Toppin,Jacob,1610612737,ATL,25.0,5,3,2,0.6,3.4,0.8,1.2,0.667,0.0,0.0,0.0,0.0,0.0,0.0,0.0,0.2,0.2,0.2,0.0,0.0,0.2,0.0,0.2,0.2,1.6,2.6,2.7,0,0,2.4,530,494,533,176,566,508,548,14,505,537,505,553,555,553,555,562,568,559,553,551,348,529,570,538,534,99,561,264,35,566,1
1630702,Jaden Hardy,Jaden,1610612764,WAS,23.0,56,13,43,0.232,15.7,3.2,7.6,0.426,1.8,4.6,0.395,1.0,1.3,0.753,0.3,1.3,1.5,1.0,1.1,0.3,0.1,0.3,1.5,1.0,9.2,-1.3,12.6,0,0,14.3,235,381,44,506,370,243,222,387,111,132,104,286,287,330,490,438,467,397,235,475,447,287,334,322,232,355,372,264,35,332,2
1631093,Jaden Ivey,Jaden,1610612741,CHI,24.0,37,23,14,0.622,18.1,3.1,6.9,0.445,1.4,3.6,0.373,1.0,1.3,0.809,0.6,1.8,2.5,1.8,1.1,0.6,0.4,0.5,1.4,1.1,8.5,0.7,16.1,0,0,16.2,372,260,391,159,321,259,247,328,183,195,168,271,290,222,323,359,360,257,233,301,223,171,356,314,253,193,307,264,35,290,2
1630183,Jaden McDaniels,Jaden,1610612750,MIN,25.0,72,43,29,0.597,31.7,5.7,11.0,0.518,1.4,3.4,0.417,2.0,2.4,0.835,1.0,3.2,4.2,2.7,1.8,1.1,1.0,0.6,3.3,2.1,14.8,1.7,28.4,0,0,27.4,70,62,178,185,53,90,120,115,170,209,62,129,147,155,181,177,176,151,97,82,47,143,14,146,101,136,115,264,35,114,1
1630256,Jae'Sean Tate,Jae'Sean,1610612745,HOU,30.0,44,32,12,0.727,8.4,1.1,2.2,0.5,0.2,0.7,0.3,0.2,0.2,0.7,0.7,0.8,1.4,0.5,0.3,0.2,0.1,0.1,1.0,0.4,2.6,-1.0,5.6,0,0,5.3,326,174,413,59,493,477,498,148,454,469,395,527,526,412,319,510,480,499,506,503,488,481,447,494,493,331,507,264,35,504,1
1642942,Jahmai Mashack,Jahmai,1610612763,MEM,23.0,29,10,19,0.345,20.2,2.3,5.9,0.394,0.6,2.2,0.266,0.6,1.1,0.531,0.8,1.5,2.2,1.5,1.2,1.2,0.4,0.3,2.0,1.0,5.8,-4.6,14.4,0,0,13.4,406,407,324,416,277,339,297,475,364,318,438,399,328,514,277,405,388,294,206,65,191,337,200,342,356,517,343,264,35,350,1
1642443,Jahmir Young,Jahmir,1610612748,MIA,25.0,11,8,3,0.727,4.6,0.7,2.0,0.364,0.2,0.7,0.25,0.2,0.2,1.0,0.2,0.2,0.4,0.5,0.3,0.1,0.0,0.4,0.5,0.3,1.8,-1.6,3.1,0,0,3.1,483,434,523,59,545,522,512,511,460,468,446,517,536,1,529,566,564,492,515,546,517,264,527,518,527,380,554,264,35,551,1
1643141,Jahmyl Telfort,Jahmyl,1610612746,LAC,24.0,8,2,6,0.25,4.0,0.0,0.5,0.0,0.0,0.5,0.0,0.1,0.5,0.25,0.0,0.4,0.4,0.1,0.1,0.1,0.0,0.0,0.6,0.3,0.1,-0.9,1.0,0,0,0.9,506,515,479,486,554,571,572,571,505,485,505,536,463,550,555,555,563,567,542,534,517,529,515,523,573,314,575,264,35,575,1
1631170,Jaime Jaquez Jr.,Jaime,1610612748,MIA,25.0,72,39,33,0.542,28.3,6.1,12.2,0.498,0.7,2.4,0.298,2.3,3.0,0.771,1.3,3.8,5.1,4.7,2.0,0.7,0.3,1.0,1.8,2.2,15.1,1.9,29.2,6,0,27.6,70,106,125,257,124,75,91,161,326,301,404,107,106,292,127,127,126,61,79,255,284,32,247,139,99,121,108,83,35,113,1
1631222,Jake LaRavia,Jake,1610612747,LAL,24.0,79,50,29,0.633,25.0,2.9,6.5,0.453,0.9,3.0,0.312,1.5,1.9,0.763,1.4,2.5,3.9,1.7,1.1,1.2,0.5,0.3,2.4,1.5,8.3,-0.7,19.6,1,0,18.3,12,29,178,143,188,281,271,297,283,252,373,199,201,308,109,252,201,265,248,62,171,285,99,225,266,302,235,190,35,251,1
1627751,Jakob Poeltl,Jakob,1610612761,TOR,30.0,43,24,19,0.558,25.4,4.8,6.9,0.695,0.0,0.0,0.0,1.3,2.2,0.624,2.6,4.7,7.3,2.1,1.2,0.9,0.7,0.3,3.2,2.0,11.0,1.0,26.3,7,0,23.4,332,246,324,231,182,135,246,11,505,537,505,211,174,479,30,73,46,225,221,177,95,334,23,164,185,177,138,71,35,160,1
1628973,Jalen Brunson,Jalen,1610612752,NYK,29.0,72,48,24,0.667,35.0,9.3,20.0,0.464,2.7,7.2,0.37,4.8,5.8,0.841,0.4,2.9,3.4,6.8,2.4,0.8,0.1,0.7,2.3,5.2,26.0,4.7,40.5,11,0,40.6,70,36,250,96,11,10,6,259,37,26,179,28,31,145,408,206,256,16,52,220,444,88,124,16,14,44,26,51,35,22,1
1631105,Jalen Duren,Jalen,1610612765,DET,22.0,69,49,20,0.71,28.3,7.4,11.5,0.649,0.0,0.0,0.0,4.6,6.2,0.744,3.8,6.8,10.6,1.9,1.9,0.8,0.9,1.2,2.8,4.3,19.5,6.9,38.3,41,0,35.3,101,34,313,77,123,32,105,24,505,537,505,34,22,348,8,20,12,243,94,196,62,11,42,34,49,18,39,4,35,43,1
1630224,Jalen Green,Jalen,1610612756,PHX,24.0,32,17,15,0.531,25.9,6.8,16.0,0.422,2.2,7.1,0.313,2.0,2.7,0.747,0.5,3.1,3.6,2.8,2.3,1.1,0.3,1.1,1.3,2.6,17.8,1.0,28.1,0,0,29.1,397,326,376,272,170,57,34,400,64,28,371,131,125,343,374,180,231,141,62,101,311,15,386,112,65,172,118,264,35,99,1
1630552,Jalen Johnson,Jalen,1610612737,ATL,24.0,71,41,30,0.577,35.3,8.4,17.1,0.488,1.7,4.8,0.349,4.2,5.3,0.788,1.4,8.9,10.3,7.9,3.4,1.3,0.4,1.2,2.1,3.7,22.6,2.3,48.6,49,13,45.9,80,85,164,205,7,22,23,180,135,118,251,38,38,257,116,4,14,8,9,57,177,9,184,49,25,108,8,3,2,8,1
1629618,Jalen Pickett,Jalen,1610612743,DEN,26.0,48,32,16,0.667,15.6,1.9,4.3,0.428,0.9,2.4,0.388,0.3,0.3,0.867,0.4,1.9,2.2,2.2,0.6,0.3,0.1,0.2,0.9,0.3,4.9,-0.5,11.3,0,0,11.0,300,174,362,96,374,391,378,382,282,299,126,493,509,107,438,349,389,210,389,480,474,422,474,497,395,293,397,264,35,392,1
1641771,Jalen Slawson,Jalen,1610612754,IND,26.0,10,2,8,0.2,24.0,2.8,6.1,0.459,1.4,3.3,0.424,0.9,1.1,0.818,0.5,3.8,4.3,2.4,1.2,1.4,1.2,0.6,2.2,1.2,7.9,-0.3,23.3,0,0,21.2,490,515,460,525,205,292,288,279,175,218,50,305,332,201,374,128,172,190,218,37,30,124,148,285,277,279,170,264,35,197,1
1630188,Jalen Smith,Jalen,1610612741,CHI,26.0,53,26,27,0.491,20.7,3.7,7.6,0.483,1.5,4.2,0.373,1.3,1.8,0.742,1.8,4.8,6.7,1.2,1.0,0.5,0.8,0.4,2.1,1.8,10.2,1.6,22.8,9,0,22.2,268,222,212,325,270,203,219,196,144,162,171,220,220,353,76,63,61,350,257,395,75,272,174,183,203,140,180,62,35,179,1
1630591,Jalen Suggs,Jalen,1610612753,ORL,24.0,55,33,22,0.6,27.6,4.9,11.3,0.435,2.0,6.1,0.33,1.8,2.1,0.855,0.7,3.2,3.9,5.5,2.7,1.9,0.7,0.4,2.6,2.3,13.7,2.9,31.8,4,1,30.3,246,166,285,176,136,131,111,361,81,61,327,150,178,126,321,173,209,37,37,10,93,221,70,129,122,81,84,107,21,86,1
1631114,Jalen Williams,Jalen,1610612760,OKC,24.0,33,25,8,0.758,28.4,6.5,13.5,0.484,0.7,2.3,0.299,3.3,3.9,0.837,0.8,3.8,4.6,5.5,1.9,1.2,0.3,0.7,2.0,3.1,17.1,6.9,33.3,1,0,30.8,393,237,460,48,122,62,64,188,328,306,401,60,69,149,255,126,156,42,86,71,299,95,216,71,73,17,69,190,35,82,1
1630592,Jalen Wilson,Jalen,1610612751,BKN,25.0,51,10,41,0.196,14.9,1.9,4.9,0.394,1.0,2.8,0.354,1.2,1.7,0.741,0.3,1.6,1.8,0.7,0.6,0.4,0.0,0.3,1.5,1.3,6.1,-2.8,10.0,0,0,10.5,283,407,56,531,383,383,345,476,266,273,238,234,232,356,496,392,426,457,396,437,508,321,351,257,346,454,426,264,35,405,1
1631288,Jamal Cain,Jamal,1610612753,ORL,27.0,38,21,17,0.553,11.7,1.7,3.7,0.464,0.7,1.8,0.382,1.0,1.1,0.86,0.6,1.2,1.8,0.7,0.4,0.3,0.1,0.2,1.3,0.9,5.1,1.0,8.9,0,0,8.9,364,281,353,238,436,403,407,257,332,366,144,292,322,116,334,446,433,462,463,474,497,396,383,352,389,173,452,264,35,440,1
1627750,Jamal Murray,Jamal,1610612743,DEN,29.0,75,48,27,0.64,35.4,8.8,18.1,0.483,3.3,7.5,0.435,4.6,5.2,0.887,0.4,4.0,4.4,7.1,2.3,0.9,0.4,0.8,1.7,4.0,25.4,5.8,42.9,18,0,42.7,42,36,212,138,6,16,16,194,7,20,40,32,40,75,412,113,168,14,61,168,217,59,267,39,16,32,17,26,35,15,1
1642347,Jamal Shead,Jamal,1610612761,TOR,23.0,79,44,35,0.557,22.6,2.2,6.1,0.365,1.0,3.2,0.319,1.2,1.5,0.784,0.3,1.5,1.8,5.5,1.4,0.9,0.2,0.4,2.0,2.1,6.7,2.8,19.1,2,0,17.2,12,56,104,234,228,350,287,510,258,227,360,251,263,264,470,409,437,39,179,137,385,232,211,152,325,88,247,152,35,266,1
1631123,Jamaree Bouyea,Jamaree,1610612756,PHX,26.0,44,22,22,0.5,13.1,2.2,4.7,0.461,0.5,1.5,0.294,0.5,0.7,0.71,0.4,1.3,1.7,1.6,0.5,0.6,0.3,0.4,0.8,0.8,5.3,0.5,12.1,0,0,10.9,326,268,285,300,410,358,354,272,397,392,411,421,416,399,436,435,449,285,432,294,261,264,482,368,383,207,383,264,35,394,1
201935,James Harden,James,1610612739,CLE,36.0,69,40,29,0.58,35.0,7.0,16.1,0.433,3.1,8.2,0.376,6.6,7.5,0.882,0.6,4.3,4.9,8.0,3.5,1.1,0.4,1.2,2.0,4.6,23.7,1.9,42.7,20,2,42.7,101,95,178,202,12,50,31,368,15,13,161,6,10,79,343,90,146,6,8,79,197,12,214,26,22,118,19,21,14,16,2
1630164,James Wiseman,James,1610612754,IND,25.0,4,0,4,0.0,14.6,1.5,2.5,0.6,0.0,0.0,0.0,0.3,0.5,0.5,1.3,0.8,2.0,0.8,1.3,0.0,0.3,0.3,2.5,0.5,3.3,-2.3,6.3,0,0,6.5,543,564,506,564,389,427,476,47,505,537,505,496,463,518,135,513,405,450,203,551,311,365,82,451,462,413,490,264,35,485,1
1642364,Jamir Watkins,Jamir,1610612764,WAS,24.0,47,10,37,0.213,20.0,2.6,5.6,0.458,0.9,2.9,0.29,1.0,1.5,0.696,1.0,2.8,3.8,1.3,0.8,1.0,0.5,0.3,2.6,1.4,7.0,-2.7,17.4,0,0,16.0,312,407,84,521,285,314,315,281,296,260,418,273,264,425,198,218,216,342,347,106,147,319,59,248,313,442,282,264,35,293,1
1642419,Jamison Battle,Jamison,1610612761,TOR,24.0,58,33,25,0.569,8.7,1.2,2.4,0.511,0.6,1.4,0.417,0.1,0.2,0.667,0.3,1.2,1.5,0.4,0.3,0.1,0.1,0.1,0.7,0.2,3.2,1.8,5.8,0,0,6.1,221,166,239,216,487,460,485,130,358,405,63,535,530,443,471,445,468,524,497,539,498,507,501,537,463,122,497,264,35,491,1
1641716,Jarace Walker,Jarace,1610612754,IND,22.0,74,15,59,0.203,25.6,4.0,9.5,0.42,1.7,4.6,0.372,1.8,2.4,0.756,0.6,4.5,5.1,2.5,1.8,0.8,0.3,0.4,1.6,1.6,11.5,-6.3,23.0,3,0,23.1,55,359,3,524,178,185,150,409,122,127,174,156,154,324,329,79,127,184,96,197,256,231,301,213,171,543,178,126,35,163,1
1642272,Jared McCain,Jared,1610612760,OKC,22.0,65,46,19,0.708,17.1,3.0,7.0,0.425,1.5,3.8,0.392,0.8,0.9,0.877,0.3,1.7,2.0,1.3,0.8,0.5,0.1,0.4,1.2,0.8,8.2,2.4,13.6,0,0,14.2,151,46,324,78,341,271,241,388,158,181,113,342,382,87,459,378,402,335,322,360,481,236,405,372,269,105,358,264,35,334,2
1628991,Jaren Jackson Jr.,Jaren,1610612762,UTA,26.0,48,19,29,0.396,30.3,7.1,15.0,0.476,1.8,4.9,0.357,3.4,4.2,0.803,0.9,4.8,5.7,2.0,2.2,1.1,1.4,1.1,3.7,4.0,19.4,-1.3,34.5,3,0,33.9,300,309,178,389,83,44,45,214,119,113,222,55,55,229,231,66,87,241,65,91,21,15,3,43,51,353,56,126,35,55,2
1629020,Jarred Vanderbilt,Jarred,1610612747,LAL,27.0,62,36,26,0.581,17.2,1.7,3.6,0.473,0.5,1.5,0.312,0.5,0.9,0.589,1.3,3.2,4.4,1.2,0.8,0.8,0.3,0.4,1.6,0.9,4.5,-0.3,14.2,1,0,12.8,184,136,224,201,335,402,409,224,395,398,375,413,377,493,134,176,166,351,325,191,285,256,303,366,409,281,348,190,35,363,1
1628386,Jarrett Allen,Jarrett,1610612739,CLE,27.0,56,37,19,0.661,27.1,6.0,9.4,0.638,0.0,0.2,0.1,3.3,4.7,0.709,2.6,5.9,8.5,1.8,1.3,1.0,0.8,0.6,1.7,4.0,15.4,3.8,32.4,20,0,29.3,235,125,324,119,146,77,153,29,500,510,502,58,47,401,32,27,27,260,183,130,65,118,281,42,92,59,77,21,35,97,1
1642859,Jase Richardson,Jase,1610612753,ORL,20.0,53,25,28,0.472,11.0,1.6,3.5,0.464,0.5,1.5,0.354,0.6,0.9,0.717,0.4,0.8,1.2,1.1,0.5,0.3,0.0,0.1,1.0,0.9,4.4,-0.3,8.0,0,0,7.8,268,237,199,343,448,412,419,256,379,400,237,386,384,381,428,507,496,371,456,467,510,494,463,350,418,282,468,264,35,463,1
1642914,Javon Small,Javon,1610612763,MEM,23.0,40,13,27,0.325,20.1,3.2,6.7,0.472,1.5,3.3,0.439,1.7,2.0,0.825,0.9,2.3,3.1,3.8,1.4,0.8,0.2,0.7,1.6,1.5,9.5,-2.1,20.6,0,0,19.8,355,381,212,432,282,248,254,233,165,218,36,175,186,185,231,290,282,88,181,208,336,84,305,240,224,405,223,264,35,214,1
1631451,Javonte Cooke,Javonte,1610612757,POR,26.0,19,6,13,0.316,4.9,0.5,2.2,0.22,0.2,1.2,0.13,0.1,0.1,1.0,0.2,0.8,1.0,0.4,0.5,0.3,0.0,0.3,0.3,0.2,1.2,-3.1,3.4,0,0,3.4,451,457,403,439,541,545,503,558,463,427,498,540,548,1,513,508,516,527,455,460,517,350,558,535,549,464,547,264,35,547,1
1629750,Javonte Green,Javonte,1610612765,DET,32.0,80,58,22,0.725,17.7,2.3,5.1,0.444,1.1,3.0,0.374,1.3,1.5,0.836,0.8,2.1,2.8,0.7,0.6,1.3,0.3,0.2,1.3,1.3,7.0,2.6,15.5,1,0,14.7,1,4,285,63,325,345,334,334,230,250,164,224,253,154,283,316,309,465,408,59,268,379,374,274,314,98,323,190,35,324,1
1629637,Jaxson Hayes,Jaxson,1610612747,LAL,25.0,66,43,23,0.652,18.3,3.0,4.0,0.756,0.0,0.0,1.0,1.5,2.3,0.653,1.5,2.6,4.1,0.9,0.5,0.4,0.8,0.2,1.9,2.1,7.5,1.1,17.0,1,0,15.0,141,62,265,128,318,264,396,5,488,530,1,195,162,456,98,242,191,416,457,401,76,456,227,148,286,168,289,190,35,316,1
1630643,Jay Huff,Jay,1610612754,IND,28.0,79,18,61,0.228,20.8,3.5,7.4,0.473,1.5,4.6,0.319,1.0,1.2,0.819,0.9,3.0,3.8,1.4,0.9,0.5,1.8,0.3,2.3,1.2,9.5,-3.3,22.2,1,0,20.8,12,317,2,513,267,218,224,229,162,135,359,290,312,200,233,204,210,313,297,370,6,364,109,281,222,471,195,190,35,203,1
1627759,Jaylen Brown,Jaylen,1610612738,BOS,29.0,70,46,24,0.657,34.5,10.4,21.9,0.476,2.0,5.7,0.344,6.0,7.6,0.796,1.2,5.8,7.0,5.2,3.6,1.0,0.4,1.3,2.7,6.3,28.8,4.2,45.5,14,3,45.7,88,46,250,121,16,3,2,213,90,77,269,13,8,240,152,29,50,46,6,118,218,5,54,6,4,53,10,37,8,9,1
1641740,Jaylen Clark,Jaylen,1610612750,MIN,24.0,66,38,28,0.576,12.8,1.4,3.3,0.436,0.5,1.4,0.33,0.7,1.0,0.657,0.8,1.0,1.8,0.6,0.3,0.7,0.1,0.2,1.3,0.7,4.0,1.3,9.2,0,0,8.5,141,118,199,207,419,434,428,356,394,407,330,373,343,454,262,486,441,478,499,263,437,427,394,397,432,161,439,264,35,452,1
1642377,Jaylen Wells,Jaylen,1610612763,MEM,22.0,69,24,45,0.348,26.4,4.4,10.1,0.431,1.9,5.3,0.353,1.9,2.5,0.784,0.9,2.3,3.2,1.6,1.1,0.9,0.1,0.5,2.1,2.6,12.5,-2.6,20.7,0,0,21.2,101,246,35,414,159,160,137,376,106,92,240,138,142,267,227,281,279,281,241,166,430,188,162,98,144,437,219,264,35,196,1
1631119,Jaylin Williams,Jaylin,1610612760,OKC,23.0,65,54,11,0.831,19.7,2.3,5.4,0.423,1.5,3.9,0.383,1.1,1.4,0.793,0.5,5.0,5.5,2.4,1.0,0.5,0.6,0.2,2.0,1.5,7.2,4.7,19.8,6,0,18.9,151,11,425,19,294,343,320,396,151,176,141,257,272,245,385,54,100,188,254,382,109,440,219,222,301,45,231,83,35,232,1
1642281,Jaylon Tyson,Jaylon,1610612739,CLE,23.0,64,40,24,0.625,27.0,5.0,10.0,0.496,2.0,4.5,0.455,1.2,1.6,0.743,1.8,3.3,5.1,2.2,1.5,0.8,0.4,0.6,2.5,1.5,13.1,1.9,24.7,7,0,24.8,165,95,250,152,148,127,141,165,79,138,29,248,244,352,78,162,125,208,155,217,196,123,79,238,136,119,155,71,35,139,1
1643257,Jayson Kent,Jayson,1610612757,POR,24.0,3,2,1,0.667,6.5,1.3,2.0,0.667,0.3,1.0,0.333,0.3,0.3,1.0,0.0,1.3,1.3,0.0,0.0,0.3,0.3,0.0,0.3,0.3,3.3,0.7,6.9,0,0,6.3,555,515,549,96,520,447,512,14,419,442,298,472,498,1,555,429,486,568,553,450,240,529,555,497,457,196,485,264,35,487,1
1628369,Jayson Tatum,Jayson,1610612738,BOS,28.0,15,13,2,0.867,32.1,7.4,17.7,0.419,3.0,8.9,0.338,3.8,4.6,0.826,0.5,9.3,9.8,5.1,2.2,1.4,0.1,0.5,1.7,3.1,21.6,8.9,43.5,9,1,42.6,461,381,533,10,46,34,17,411,17,7,284,45,50,181,392,3,16,47,68,37,426,197,290,73,28,6,16,62,21,17,1
201145,Jeff Green,Jeff,1610612745,HOU,39.0,29,21,8,0.724,5.2,0.8,2.1,0.383,0.4,1.4,0.3,0.1,0.1,1.0,0.2,0.5,0.7,0.2,0.0,0.0,0.0,0.0,0.3,0.1,2.1,-1.1,3.5,0,0,3.6,406,281,460,64,537,510,509,493,405,412,395,542,549,1,530,540,548,552,552,550,512,526,554,560,514,334,546,264,35,542,1
203924,Jerami Grant,Jerami,1610612757,POR,32.0,57,27,30,0.474,29.7,5.8,12.8,0.453,2.4,6.1,0.389,4.6,5.6,0.814,1.0,2.5,3.5,2.1,2.1,0.7,0.6,1.0,2.5,3.9,18.6,-0.1,28.0,0,0,29.3,228,219,164,338,93,86,80,296,54,59,123,33,33,211,204,255,247,218,72,241,114,31,87,44,57,262,120,264,35,95,1
1642847,Jeremiah Fears,Jeremiah,1610612740,NOP,19.0,80,26,54,0.325,25.3,5.2,11.9,0.434,1.2,3.6,0.337,2.2,2.8,0.792,0.7,2.9,3.6,3.4,2.2,1.2,0.4,1.0,1.8,2.4,13.7,-3.2,25.4,2,0,24.9,1,222,8,432,184,120,96,366,208,194,289,116,119,252,305,213,233,111,69,76,230,21,256,121,118,468,146,152,35,138,1
1630526,Jeremiah Robinson-Earl,Jeremiah,1610612742,DAL,25.0,22,8,14,0.364,16.4,1.7,4.5,0.37,0.5,1.9,0.244,0.8,0.8,0.944,1.6,3.0,4.7,0.7,0.5,0.4,0.0,0.5,1.2,0.8,4.6,-3.9,12.1,0,0,11.3,432,434,391,406,356,405,362,506,397,352,456,340,391,39,87,192,154,468,416,412,505,145,418,376,403,492,385,264,35,388,2
1631110,Jeremy Sochan,Jeremy,1610612752,NYK,22.0,42,29,13,0.69,10.5,1.4,2.9,0.5,0.2,0.9,0.231,0.4,0.6,0.708,0.8,1.6,2.4,0.8,0.5,0.4,0.2,0.2,1.4,0.6,3.5,-1.1,8.7,0,0,8.0,337,197,403,83,456,435,457,148,452,451,464,451,454,402,270,391,374,428,432,428,392,393,371,424,454,332,457,264,35,458,2
1630579,Jericho Sims,Jericho,1610612749,MIL,27.0,65,24,41,0.369,19.3,2.1,2.6,0.779,0.0,0.0,0.0,0.6,1.0,0.615,2.1,3.3,5.4,1.5,1.1,0.3,0.2,0.3,2.2,1.1,4.7,-3.8,13.9,5,1,12.7,151,246,56,400,302,367,467,3,505,537,505,388,348,482,51,161,105,296,234,484,328,353,161,301,399,488,350,94,21,366,1
1641724,Jett Howard,Jett,1610612753,ORL,22.0,55,28,27,0.509,12.6,1.9,4.6,0.418,1.0,2.6,0.372,0.7,0.7,0.949,0.4,1.2,1.6,0.8,0.3,0.2,0.2,0.3,1.2,0.5,5.5,-1.3,9.5,0,0,9.6,246,209,212,295,420,384,360,416,274,284,173,370,415,38,418,451,462,433,515,512,348,282,413,470,375,349,435,264,35,421,1
1628975,Jevon Carter,Jevon,1610612753,ORL,30.0,51,25,26,0.49,16.3,2.3,5.9,0.398,1.5,4.1,0.36,0.3,0.4,0.789,0.3,1.4,1.7,1.7,0.7,0.7,0.2,0.2,1.1,0.3,6.5,-1.6,13.1,0,0,13.2,283,237,224,326,358,336,295,464,155,164,213,485,492,254,486,418,452,271,372,237,360,454,440,510,334,373,365,264,35,355,2
202710,Jimmy Butler III,Jimmy,1610612744,GSW,36.0,38,23,15,0.605,31.1,6.3,12.2,0.519,0.8,2.2,0.376,6.5,7.6,0.864,2.3,3.2,5.6,4.9,1.6,1.4,0.2,0.8,1.2,5.5,20.0,4.9,37.4,3,0,34.6,364,260,376,172,67,66,89,112,298,314,160,7,9,110,45,172,96,55,136,31,340,58,410,11,45,43,44,126,35,48,1
1642866,Joan Beringer,Joan,1610612750,MIN,19.0,38,20,18,0.526,6.8,1.3,2.1,0.63,0.0,0.0,0.0,0.4,0.6,0.667,1.0,1.0,2.0,0.2,0.3,0.1,0.5,0.2,1.1,0.6,3.1,0.7,7.4,0,0,6.5,364,296,339,280,512,446,505,33,505,537,505,447,439,443,200,468,416,553,508,533,163,380,437,437,467,191,476,264,35,483,1
1629111,Jock Landale,Jock,1610612737,ATL,30.0,68,36,32,0.529,22.1,4.1,8.1,0.515,1.1,2.8,0.383,1.2,1.9,0.635,2.7,3.0,5.7,1.7,0.9,0.5,0.5,0.5,2.2,2.0,10.6,-0.8,22.2,9,0,21.1,114,136,142,274,239,178,194,124,239,270,140,247,212,475,28,196,86,267,303,368,140,195,146,157,194,309,194,62,35,198,2
204060,Joe Ingles,Joe,1610612750,MIN,38.0,26,12,14,0.462,4.6,0.4,0.7,0.588,0.2,0.4,0.4,0.1,0.1,1.0,0.0,0.5,0.5,0.9,0.4,0.3,0.0,0.0,0.2,0.1,1.0,0.0,3.6,0,0,3.3,421,391,391,352,544,551,568,58,465,495,95,546,551,1,555,541,552,412,472,463,509,529,566,556,554,245,545,264,35,550,1
203954,Joel Embiid,Joel,1610612755,PHI,32.0,38,24,14,0.632,31.6,9.0,18.3,0.489,1.4,4.2,0.333,7.5,8.8,0.854,2.0,5.7,7.7,3.9,2.9,0.6,1.2,1.0,2.2,6.1,26.9,4.1,44.5,10,1,43.4,364,246,391,145,55,14,15,177,176,160,298,3,5,128,68,31,37,74,25,345,28,22,159,9,11,55,11,56,21,13,1
1628381,John Collins,John,1610612746,LAC,28.0,67,31,36,0.463,27.4,5.3,9.6,0.553,1.3,3.2,0.412,1.7,2.3,0.763,1.6,3.7,5.3,1.0,1.4,0.9,0.7,0.6,2.7,2.2,13.7,-0.3,25.2,3,0,24.7,126,183,94,351,139,108,146,82,190,226,69,168,164,308,89,132,113,377,178,158,85,112,52,135,119,276,150,126,35,144,1
1629723,John Konchar,John,1610612762,UTA,30.0,54,17,37,0.315,19.5,1.6,3.5,0.471,0.5,1.7,0.287,0.6,0.8,0.714,1.3,2.8,4.1,2.0,0.6,1.4,0.6,0.1,1.4,0.7,4.3,-3.1,17.7,2,1,14.9,260,326,84,440,299,411,418,238,385,369,421,407,407,385,128,219,189,240,402,42,115,472,366,398,420,465,275,152,21,322,2
1642967,John Poulakidas,John,1610612742,DAL,23.0,11,2,9,0.182,17.1,2.4,5.6,0.419,1.7,4.6,0.373,0.4,0.4,1.0,0.4,2.1,2.5,0.6,0.3,0.5,0.2,0.0,2.2,0.2,6.8,-0.1,12.4,0,0,12.9,483,515,444,537,340,332,310,410,124,129,172,462,494,1,444,309,361,476,515,392,376,529,155,546,318,261,376,264,35,361,1
1642910,John Tonje,John,1610612738,BOS,24.0,5,4,1,0.8,2.5,0.0,0.4,0.0,0.0,0.4,0.0,0.4,0.4,1.0,0.0,0.4,0.4,0.2,0.0,0.2,0.0,0.0,0.2,0.4,0.4,-1.4,1.8,0,0,1.4,530,482,549,26,576,571,575,571,505,494,505,452,484,1,555,551,558,559,553,504,517,529,570,484,572,359,569,264,35,572,1
1641780,Johni Broome,Johni,1610612755,PHI,23.0,11,5,6,0.455,5.0,0.4,2.2,0.167,0.0,0.5,0.0,0.2,0.5,0.333,0.6,0.8,1.5,0.4,0.3,0.3,0.2,0.3,0.6,0.6,0.9,-1.6,4.3,0,0,3.6,483,469,479,355,540,552,501,567,505,489,505,517,457,549,326,502,475,528,515,478,376,340,510,425,560,380,532,264,35,539,1
1642277,Johnny Furphy,Johnny,1610612754,IND,21.0,35,10,25,0.286,18.4,2.0,4.3,0.47,0.7,2.0,0.324,0.5,1.0,0.486,0.9,3.5,4.4,1.2,0.8,0.6,0.2,0.5,1.9,0.8,5.1,-1.7,13.6,1,0,12.9,384,407,239,453,317,369,382,241,341,335,347,431,348,539,213,147,169,361,324,329,348,192,244,383,388,382,357,190,35,362,1
1630548,Johnny Juzang,Johnny,1610612750,MIN,25.0,21,13,8,0.619,4.2,0.8,1.8,0.421,0.3,1.1,0.25,0.2,0.4,0.625,0.2,0.6,0.8,0.3,0.2,0.1,0.0,0.0,0.1,0.2,2.0,-0.2,3.6,0,0,3.7,437,381,460,162,551,514,520,403,438,432,446,502,490,478,503,535,537,544,526,544,499,529,574,530,517,274,543,264,35,536,1
202685,Jonas Valančiūnas,Jonas,1610612743,DEN,33.0,63,40,23,0.635,13.0,3.3,5.7,0.583,0.1,0.3,0.318,1.6,2.1,0.765,1.5,3.3,4.8,1.1,1.1,0.2,0.5,0.5,2.1,2.2,8.4,-1.1,17.0,3,0,15.9,176,95,265,141,413,231,305,59,476,500,361,184,182,304,101,166,150,368,236,495,133,200,187,142,261,335,290,126,35,295,1
1628371,Jonathan Isaac,Jonathan,1610612753,ORL,28.0,52,29,23,0.558,10.0,0.9,2.1,0.422,0.1,0.7,0.184,0.7,1.1,0.603,0.8,1.7,2.5,0.4,0.3,0.4,0.6,0.1,0.8,1.0,2.6,-0.7,8.9,0,0,7.6,273,197,265,232,466,500,507,399,471,467,484,369,324,490,252,375,350,520,489,425,124,513,490,325,494,300,453,264,35,464,1
1630228,Jonathan Kuminga,Jonathan,1610612737,ATL,23.0,35,21,14,0.6,23.1,4.4,9.3,0.468,1.0,2.8,0.354,2.3,3.3,0.713,1.4,4.3,5.6,2.3,1.9,0.6,0.3,0.7,1.5,2.5,12.1,1.7,23.1,1,0,22.8,384,281,391,176,219,159,158,245,266,272,239,103,91,392,119,94,88,193,85,329,266,80,329,114,157,132,173,190,35,171,2
1642367,Jonathan Mogbo,Jonathan,1610612761,TOR,24.0,37,18,19,0.486,6.0,0.6,1.1,0.561,0.0,0.0,0.0,0.2,0.3,0.583,0.5,1.2,1.7,0.6,0.3,0.3,0.2,0.1,0.6,0.3,1.4,-1.2,5.5,0,0,4.7,372,317,324,327,526,531,552,77,505,532,505,516,507,495,370,452,453,481,504,481,338,503,522,521,539,337,511,264,35,518,1
203903,Jordan Clarkson,Jordan,1610612752,NYK,33.0,69,43,26,0.623,17.8,3.3,7.3,0.451,1.0,3.1,0.332,1.1,1.3,0.826,0.9,0.9,1.8,1.3,0.9,0.4,0.1,0.4,1.7,1.1,8.7,1.5,13.5,0,0,13.9,101,62,224,157,323,235,230,312,264,249,320,259,280,181,235,490,439,339,298,413,430,252,283,303,244,145,361,264,35,345,1
1630692,Jordan Goodwin,Jordan,1610612756,PHX,27.0,70,39,31,0.557,22.5,3.3,7.9,0.413,1.6,4.3,0.371,0.6,0.8,0.696,2.0,2.9,4.9,2.2,1.0,1.5,0.2,0.4,1.9,1.0,8.7,1.3,22.0,2,0,20.8,88,106,153,233,231,238,205,431,139,149,177,406,397,423,69,210,144,216,275,22,348,211,231,341,246,157,199,152,35,204,1
1641722,Jordan Hawkins,Jordan,1610612740,NOP,23.0,49,13,36,0.265,13.0,1.7,4.6,0.366,0.9,2.6,0.346,0.3,0.4,0.81,0.4,1.2,1.6,0.7,0.6,0.2,0.2,0.1,0.5,0.5,4.6,-2.5,8.3,0,0,8.7,296,381,94,478,414,408,359,509,289,288,265,468,480,219,442,442,458,459,394,490,374,460,530,464,402,430,465,264,35,447,1
1629162,Jordan McLaughlin,Jordan,1610612759,SAS,29.0,42,36,6,0.857,6.5,0.7,1.8,0.408,0.4,0.9,0.41,0.1,0.2,0.857,0.1,0.6,0.7,0.9,0.4,0.5,0.0,0.0,0.3,0.2,2.0,-1.5,5.3,0,0,5.0,337,136,479,11,516,520,520,446,412,451,73,533,538,118,544,535,547,419,488,396,499,519,562,543,518,366,513,264,35,512,1
1641757,Jordan Miller,Jordan,1610612746,LAC,26.0,58,35,23,0.603,21.8,3.5,6.6,0.529,0.6,1.8,0.337,2.2,2.9,0.766,0.9,2.1,3.0,2.2,1.0,0.8,0.2,0.8,1.0,1.9,9.8,-0.1,18.5,1,0,17.5,221,152,265,175,245,219,260,103,358,365,290,113,112,300,237,305,299,204,252,226,389,61,462,170,215,256,252,190,35,261,1
1629673,Jordan Poole,Jordan,1610612740,NOP,26.0,38,16,22,0.421,23.8,4.3,11.4,0.373,2.5,7.4,0.332,2.5,2.9,0.872,0.2,1.7,1.9,3.1,1.7,0.6,0.4,0.7,2.3,2.9,13.5,-2.7,21.6,0,0,22.9,364,344,285,373,208,169,107,503,49,21,319,95,114,99,513,369,417,130,122,345,209,102,120,83,130,445,205,264,35,168,1
1641775,Jordan Walsh,Jordan,1610612738,BOS,22.0,65,44,21,0.677,17.5,2.0,3.8,0.52,0.7,1.7,0.389,0.6,0.8,0.755,1.3,2.7,4.0,0.7,0.5,0.7,0.4,0.3,2.0,0.8,5.3,1.6,14.2,2,0,13.0,151,56,300,90,329,369,399,109,333,370,120,388,393,326,130,230,197,458,423,246,174,353,219,379,382,143,347,152,35,357,1
1630631,Jose Alvarado,Jose,1610612752,NYK,27.0,67,27,40,0.403,19.7,2.6,6.4,0.415,1.4,4.1,0.349,0.5,0.6,0.8,0.4,2.0,2.4,3.4,1.1,1.0,0.1,0.4,1.9,0.8,7.2,0.4,17.2,1,0,16.5,126,219,66,382,291,302,277,426,167,168,252,435,450,232,449,318,367,109,232,136,453,273,238,375,302,208,286,190,35,280,2
1630581,Josh Giddey,Josh,1610612741,CHI,23.0,54,21,33,0.389,32.1,5.9,13.3,0.448,1.9,5.2,0.364,3.2,4.2,0.763,1.2,7.1,8.3,9.1,3.6,1.0,0.5,0.8,1.7,2.9,17.0,-3.5,41.6,28,13,39.4,260,281,125,395,49,80,69,323,100,95,198,65,56,308,140,16,31,3,5,115,150,49,290,81,74,478,21,13,2,27,1
1630182,Josh Green,Josh,1610612766,CHA,25.0,56,36,20,0.643,15.8,1.5,3.2,0.458,1.0,2.4,0.419,0.4,0.5,0.893,0.8,1.0,1.8,0.8,0.6,0.6,0.1,0.1,1.1,0.8,4.4,3.6,9.3,0,0,9.5,235,136,313,134,369,432,435,280,260,298,59,444,463,66,261,483,436,427,389,299,472,498,425,389,416,65,436,264,35,427,1
1628404,Josh Hart,Josh,1610612752,NYK,31.0,64,42,22,0.656,30.1,4.5,9.0,0.506,1.5,3.7,0.406,1.3,1.9,0.723,1.5,6.1,7.5,4.9,1.9,1.1,0.3,0.6,2.5,2.0,11.9,3.0,30.5,13,2,28.6,165,75,285,122,86,146,166,137,156,190,81,213,210,377,105,26,41,54,84,82,302,136,79,155,162,80,95,41,14,104,1
1631169,Josh Minott,Josh,1610612751,BKN,23.0,49,23,26,0.469,17.0,2.6,5.1,0.5,1.3,3.1,0.418,1.0,1.2,0.787,1.0,2.2,3.2,0.9,0.9,0.9,0.5,0.3,1.5,1.1,7.4,-0.5,16.0,1,0,15.7,296,260,224,347,343,312,331,148,192,236,60,287,297,261,197,292,274,409,305,157,159,347,341,308,291,292,312,190,35,303,2
1642490,Josh Oduro,Josh,1610612740,NOP,25.0,1,1,0,1.0,26.5,4.0,7.0,0.571,0.0,0.0,0.0,1.0,2.0,0.5,2.0,3.0,5.0,1.0,1.0,0.0,0.0,0.0,4.0,2.0,9.0,-1.0,15.5,0,0,15.0,577,545,572,1,157,185,242,64,505,537,505,275,186,518,62,196,134,384,257,551,517,529,2,160,237,328,322,264,35,319,1
1629006,Josh Okogie,Josh,1610612745,HOU,27.0,75,47,28,0.627,17.1,1.6,3.7,0.433,0.8,2.0,0.392,0.5,0.9,0.582,1.0,1.5,2.5,0.8,0.5,0.8,0.2,0.3,1.4,1.1,4.5,0.6,11.2,1,0,10.6,42,39,199,150,339,413,406,369,305,333,111,418,379,497,201,406,363,426,426,201,388,322,365,315,407,200,404,190,35,403,1
201950,Jrue Holiday,Jrue,1610612757,POR,35.0,51,26,25,0.51,29.3,6.1,13.4,0.453,2.6,6.9,0.385,1.5,1.8,0.83,1.3,3.3,4.6,6.2,2.7,1.0,0.1,0.7,1.5,1.6,16.3,3.5,31.8,9,0,32.0,283,222,239,294,103,74,66,299,39,35,138,191,213,168,131,159,158,26,31,107,457,91,348,214,84,68,83,62,35,71,1
1630577,Julian Champagnie,Julian,1610612759,SAS,24.0,80,61,19,0.763,27.7,3.7,8.4,0.435,2.4,6.3,0.382,1.4,1.7,0.841,0.9,4.9,5.8,1.6,0.9,0.8,0.4,0.1,1.6,1.0,11.1,7.4,23.1,7,0,23.3,1,1,324,43,133,208,188,364,52,54,147,208,235,142,225,60,81,290,314,224,176,466,312,337,180,15,172,71,35,161,1
1641763,Julian Phillips,Julian,1610612750,MIN,22.0,47,18,29,0.383,8.5,1.0,2.3,0.413,0.4,1.3,0.317,0.3,0.4,0.882,0.5,0.6,1.0,0.2,0.2,0.4,0.1,0.2,0.8,0.4,2.6,-0.4,5.7,0,0,5.4,312,317,178,398,491,496,491,430,408,420,364,480,495,78,391,538,513,562,532,398,414,437,488,495,492,289,501,264,35,501,2
1642882,Julian Reese,Julian,1610612764,WAS,22.0,10,1,9,0.1,30.7,4.8,8.7,0.552,0.0,0.0,0.0,1.8,3.3,0.545,4.3,7.0,11.3,2.0,2.7,1.3,0.5,2.1,3.5,3.4,11.4,-8.1,30.7,4,0,28.3,490,545,444,559,74,136,177,83,505,537,505,152,88,511,4,19,7,232,33,49,150,1,8,61,174,566,93,107,35,109,1
1631124,Julian Strawther,Julian,1610612743,DEN,23.0,55,36,19,0.655,14.4,2.4,5.1,0.466,0.9,2.5,0.37,0.9,1.2,0.813,0.2,1.7,1.9,1.0,0.6,0.4,0.1,0.4,1.3,1.1,6.7,0.1,11.3,0,0,11.4,246,136,324,125,392,328,330,249,285,295,178,297,317,214,510,380,421,384,400,415,467,264,400,316,326,237,396,264,35,385,1
203944,Julius Randle,Julius,1610612750,MIN,31.0,79,47,32,0.595,33.0,7.3,15.3,0.481,1.4,4.4,0.315,5.0,6.3,0.802,1.7,5.1,6.7,5.0,2.7,1.1,0.2,0.8,2.8,4.4,21.1,2.9,37.9,15,3,36.9,12,39,142,186,41,37,43,202,179,146,366,25,21,230,83,51,59,51,30,96,333,60,39,32,33,82,41,34,8,39,1
1630551,Justin Champagnie,Justin,1610612764,WAS,24.0,67,13,54,0.194,19.8,3.3,6.5,0.508,0.7,2.3,0.322,1.2,1.5,0.784,2.1,3.4,5.5,1.2,0.6,0.8,0.6,0.7,1.6,1.2,8.6,-4.4,20.8,4,0,18.9,126,381,8,534,290,234,268,134,319,310,350,245,254,265,54,149,99,358,388,192,112,90,308,280,252,515,218,107,35,231,1
1642348,Justin Edwards,Justin,1610612755,PHI,22.0,61,35,26,0.574,15.2,2.2,4.9,0.45,1.0,2.8,0.365,0.5,0.6,0.846,0.4,1.1,1.5,1.3,0.6,0.8,0.2,0.3,1.5,0.5,6.0,-1.8,12.1,0,0,11.7,202,152,224,208,379,355,344,316,262,275,196,412,435,137,431,465,474,345,411,199,379,335,350,447,349,392,384,264,35,380,1
203994,Jusuf Nurkić,Jusuf,1610612762,UTA,31.0,41,14,27,0.341,26.4,4.4,8.7,0.503,0.6,1.7,0.352,1.5,2.8,0.549,2.6,7.8,10.4,4.8,2.5,1.3,0.5,0.7,3.3,2.8,10.9,-4.6,33.5,16,3,30.3,348,369,212,419,158,158,175,146,355,371,243,192,120,509,31,9,13,56,46,56,135,73,19,87,187,518,68,30,8,87,1
1642354,KJ Simpson,KJ,1610612743,DEN,23.0,19,9,10,0.474,13.2,1.7,5.2,0.337,0.6,2.1,0.3,0.6,0.9,0.611,0.4,1.4,1.8,2.3,1.3,0.8,0.0,0.4,0.9,1.4,4.7,-0.4,11.5,0,0,11.1,451,422,432,338,408,401,328,526,343,325,395,402,366,485,416,416,427,202,189,190,517,220,466,244,400,286,391,264,35,390,2
1642955,Kadary Richmond,Kadary,1610612764,WAS,24.0,3,2,1,0.667,22.3,3.3,5.3,0.625,0.7,1.3,0.5,1.0,1.0,1.0,0.3,3.0,3.3,2.7,0.7,2.7,0.3,0.0,0.7,1.0,8.3,1.7,24.7,0,0,21.0,555,515,549,96,234,231,324,36,335,414,13,275,348,1,460,196,259,156,372,1,240,529,504,328,262,137,154,264,35,200,1
1642880,Kam Jones,Kam,1610612754,IND,24.0,34,5,29,0.147,16.3,1.9,4.4,0.42,0.6,2.0,0.299,0.1,0.2,0.5,0.3,1.2,1.5,3.1,0.9,0.5,0.0,0.3,1.1,0.3,4.4,-4.1,11.6,1,0,10.7,389,469,178,547,361,392,373,406,363,343,403,538,524,518,473,444,465,127,291,356,517,348,443,510,414,503,390,190,35,399,1
1626157,Karl-Anthony Towns,Karl-Anthony,1610612752,NYK,30.0,73,47,26,0.644,31.0,6.9,13.8,0.499,1.5,4.1,0.37,4.8,5.6,0.855,3.1,8.7,11.9,3.0,2.5,0.9,0.5,1.0,3.4,4.9,20.1,5.0,40.5,54,1,39.3,63,39,224,133,72,53,58,160,148,167,180,30,35,124,15,5,2,137,42,175,132,24,12,20,44,40,27,2,21,28,1
1631255,Karlo Matković,Karlo,1610612740,NOP,25.0,62,24,38,0.387,14.7,2.3,3.8,0.604,0.6,1.5,0.422,0.5,0.7,0.732,1.2,2.5,3.7,0.8,0.5,0.4,0.9,0.2,1.7,0.6,5.7,-1.5,14.6,1,0,13.3,184,246,76,397,387,344,400,44,350,404,52,433,431,364,150,250,224,436,415,414,61,452,284,432,361,363,339,190,35,351,1
1642857,Kasparas Jakučionis,Kasparas,1610612748,MIA,19.0,50,26,24,0.52,17.7,1.9,4.5,0.419,1.2,3.0,0.412,1.1,1.2,0.883,0.8,1.8,2.6,2.6,0.9,0.6,0.1,0.3,1.9,1.1,6.1,1.0,14.4,0,0,14.0,291,222,250,285,326,385,363,414,209,257,68,266,309,77,263,361,338,176,283,303,423,303,243,299,345,169,342,264,35,344,1
202695,Kawhi Leonard,Kawhi,1610612746,LAC,34.0,64,37,27,0.578,32.0,9.8,19.3,0.505,2.7,6.9,0.389,5.8,6.5,0.891,1.1,5.3,6.3,3.6,2.1,1.9,0.4,0.5,1.2,5.1,28.0,5.4,45.8,5,0,45.2,165,125,212,203,50,8,8,140,35,36,122,14,18,70,174,44,68,101,75,11,186,156,412,19,6,35,9,94,35,11,1
1630811,Keaton Wallace,Keaton,1610612737,ATL,27.0,51,30,21,0.588,9.7,1.3,3.1,0.42,0.7,1.8,0.398,0.2,0.3,0.643,0.1,1.0,1.0,1.7,0.5,0.5,0.1,0.1,0.9,0.3,3.5,-1.3,8.4,0,0,8.0,283,192,300,189,470,454,444,405,320,361,100,520,518,467,553,485,514,268,450,397,457,504,473,509,453,350,462,264,35,457,1
1631099,Keegan Murray,Keegan,1610612758,SAC,25.0,23,5,18,0.217,34.5,5.5,13.0,0.42,1.3,4.9,0.277,1.7,2.1,0.776,1.4,4.3,5.7,1.7,1.2,1.0,1.6,0.7,1.8,1.7,14.0,-7.1,30.0,2,0,27.9,429,469,339,518,17,101,77,406,184,114,429,174,177,287,108,88,83,274,225,105,14,106,253,207,114,552,100,152,35,112,1
1642276,Kel'el Ware,Kel'el,1610612748,MIA,21.0,74,37,37,0.5,22.2,4.5,8.5,0.527,1.1,3.0,0.385,1.0,1.3,0.755,2.9,6.2,9.1,0.7,0.8,0.8,1.1,0.4,1.6,1.1,11.0,-0.7,27.9,24,0,25.8,55,125,84,300,236,154,185,104,226,255,138,296,290,325,24,24,19,464,330,215,35,280,319,311,183,301,121,16,35,128,1
1629640,Keldon Johnson,Keldon,1610612759,SAS,26.0,80,61,19,0.763,23.3,5.0,9.7,0.521,1.2,3.3,0.365,1.8,2.3,0.793,1.7,3.7,5.4,1.4,0.9,0.6,0.1,0.7,2.0,1.8,13.1,3.7,22.8,5,0,22.4,1,1,324,43,214,122,144,108,213,220,195,149,159,245,84,133,109,329,308,326,424,93,217,191,137,61,181,94,35,175,1
203482,Kelly Olynyk,Kelly,1610612759,SAS,34.0,42,33,9,0.786,8.6,1.1,2.3,0.49,0.3,1.1,0.255,0.6,0.9,0.711,0.6,1.2,1.8,1.2,0.6,0.4,0.1,0.2,0.9,0.9,3.2,-0.9,7.8,0,0,7.3,337,166,444,36,490,476,493,175,438,436,445,381,375,395,347,441,429,362,403,442,486,441,468,349,464,320,470,264,35,470,1
1626162,Kelly Oubre Jr.,Kelly,1610612755,PHI,30.0,47,25,22,0.532,31.8,5.0,10.9,0.463,1.8,4.9,0.364,2.3,3.0,0.761,1.0,4.0,5.0,1.6,1.4,1.2,0.5,0.7,2.5,2.6,14.1,-1.3,26.3,5,0,25.9,312,237,285,271,52,123,121,261,117,115,197,106,105,312,180,111,133,276,174,61,167,92,76,104,110,345,137,94,35,123,1
1631113,Kennedy Chandler,Kennedy,1610612762,UTA,23.0,10,0,10,0.0,31.4,5.0,11.7,0.427,1.1,3.1,0.355,2.8,3.9,0.718,0.6,2.6,3.2,6.4,1.9,0.9,0.2,1.4,2.1,3.4,13.9,-10.6,28.7,0,0,26.8,490,564,432,564,57,125,101,383,237,241,236,79,70,380,335,243,277,23,87,154,348,3,169,61,115,573,110,264,35,120,1
1629026,Kenrich Williams,Kenrich,1610612760,OKC,31.0,54,41,13,0.759,14.6,2.4,4.9,0.489,0.9,2.2,0.402,0.6,0.9,0.64,0.9,2.2,3.1,1.3,0.7,0.5,0.1,0.2,1.0,1.0,6.2,1.7,13.0,0,0,12.7,260,85,403,47,388,330,348,179,292,322,90,398,371,471,215,301,287,340,354,354,464,389,451,328,341,131,367,264,35,365,1
203484,Kentavious Caldwell-Pope,Kentavious,1610612763,MEM,33.0,51,20,31,0.392,21.3,2.9,7.2,0.41,1.1,3.4,0.316,1.4,1.6,0.913,0.4,2.1,2.5,2.7,1.2,0.8,0.2,0.2,1.1,1.3,8.4,-2.2,17.2,0,0,16.6,283,296,153,393,256,279,239,441,243,210,365,203,246,47,433,317,364,153,219,189,406,383,433,257,259,411,285,264,35,278,1
1631165,Keon Ellis,Keon,1610612739,CLE,26.0,71,31,40,0.437,20.6,2.4,5.4,0.442,1.3,3.5,0.365,0.7,1.0,0.729,0.5,1.3,1.9,1.0,0.6,1.2,0.6,0.1,1.9,1.2,6.7,-1.7,15.4,0,0,14.5,80,183,66,364,271,331,323,339,195,205,194,356,359,369,360,433,424,383,407,73,108,491,239,289,321,387,326,264,35,329,2
1642352,Keshad Johnson,Keshad,1610612748,MIA,24.0,29,14,15,0.483,7.4,1.3,2.9,0.452,0.4,1.3,0.333,0.7,0.9,0.704,0.7,1.1,1.8,0.1,0.4,0.4,0.3,0.2,0.7,0.6,3.7,1.3,7.6,1,0,7.4,406,369,376,329,504,452,454,300,399,413,298,380,368,411,308,462,432,565,476,430,294,402,501,436,445,158,473,190,35,467,1
1642933,Keshon Gilbert,Keshon,1610612737,ATL,22.0,3,0,3,0.0,16.1,0.3,1.3,0.25,0.0,0.7,0.0,1.3,1.3,1.0,0.7,1.0,1.7,1.0,2.0,0.7,1.3,0.0,1.0,0.7,2.0,-15.7,9.5,0,0,8.7,555,564,523,564,363,555,542,553,505,470,505,215,280,1,311,468,454,384,80,273,23,529,452,417,518,576,434,264,35,448,1
201142,Kevin Durant,Kevin,1610612745,HOU,37.0,76,47,29,0.618,36.4,9.1,17.6,0.517,2.4,5.8,0.413,5.2,5.9,0.878,0.5,4.9,5.4,4.7,3.2,0.8,0.9,0.5,1.8,4.8,25.8,4.3,41.4,7,0,41.8,34,39,178,163,3,12,19,117,53,71,66,24,27,86,371,58,106,58,15,206,55,176,252,21,15,51,22,71,35,19,1
1628989,Kevin Huerter,Kevin,1610612765,DET,27.0,67,38,29,0.567,22.6,3.9,8.7,0.451,1.4,4.7,0.305,0.8,1.0,0.768,0.5,3.0,3.5,2.6,1.1,0.9,0.5,0.4,1.7,1.1,10.0,1.1,21.1,1,0,20.3,126,118,178,218,227,192,180,308,167,122,391,336,341,297,372,196,241,173,240,167,161,244,273,317,207,165,210,190,35,208,2
201567,Kevin Love,Kevin,1610612762,UTA,37.0,37,10,27,0.27,16.6,2.1,5.4,0.397,1.4,3.8,0.373,1.0,1.2,0.841,1.5,4.3,5.8,1.8,0.8,0.4,0.2,0.0,1.5,1.1,6.7,-2.2,17.4,2,0,17.0,372,407,212,471,352,361,321,467,169,179,167,275,313,142,102,86,78,259,330,432,324,527,349,306,323,406,280,152,35,269,1
1641755,Kevin McCullar Jr.,Kevin,1610612752,NYK,25.0,20,11,9,0.55,6.5,0.7,1.8,0.389,0.3,0.9,0.333,0.1,0.3,0.4,0.5,0.8,1.3,1.0,0.6,0.4,0.0,0.1,0.9,0.3,1.8,-2.3,5.2,0,0,5.1,447,402,444,240,517,525,522,483,433,457,298,543,520,545,374,505,488,404,398,447,517,488,470,523,529,413,515,264,35,508,1
1629645,Kevin Porter Jr.,Kevin,1610612749,MIL,25.0,38,18,20,0.474,33.2,6.3,13.5,0.465,1.2,3.8,0.322,3.6,4.1,0.878,0.9,4.3,5.2,7.4,2.9,2.2,0.5,0.8,2.3,3.6,17.4,-2.8,39.9,10,2,36.6,364,317,313,338,38,70,63,254,210,183,353,51,58,85,223,87,121,10,24,2,150,47,120,52,69,451,33,56,14,40,1
1626172,Kevon Looney,Kevon,1610612740,NOP,30.0,20,3,17,0.15,14.1,1.3,2.9,0.431,0.1,0.6,0.182,0.4,0.5,0.7,2.3,3.3,5.6,1.6,0.4,0.4,0.5,0.2,1.7,0.4,3.0,-1.7,14.3,0,0,12.0,447,494,353,546,399,457,453,377,479,482,485,466,463,412,46,163,89,292,480,415,150,405,280,484,475,386,344,264,35,376,1
1641718,Keyonte George,Keyonte,1610612762,UTA,22.0,54,16,38,0.296,33.1,7.4,16.3,0.456,2.5,6.7,0.371,6.2,7.0,0.892,0.4,3.3,3.7,6.1,3.1,1.1,0.3,1.1,2.2,4.7,23.6,-6.2,38.2,4,0,38.6,260,344,76,446,40,33,29,288,48,42,176,11,15,69,414,168,225,27,18,99,306,19,139,23,23,542,40,107,35,31,1
1642863,Khaman Maluach,Khaman,1610612756,PHX,19.0,44,21,23,0.477,8.5,1.0,2.0,0.529,0.1,0.4,0.188,0.5,0.7,0.71,0.9,1.7,2.6,0.1,0.5,0.1,0.7,0.2,0.9,0.5,2.7,0.9,7.9,0,0,7.1,326,281,265,335,492,480,516,102,486,499,482,421,416,399,207,376,334,566,416,546,94,387,472,445,490,181,469,264,35,474,1
203114,Khris Middleton,Khris,1610612742,DAL,34.0,61,17,44,0.279,23.1,3.6,8.7,0.416,1.0,3.0,0.35,1.9,2.2,0.871,0.8,2.9,3.7,2.8,1.8,0.7,0.1,0.4,2.3,1.8,10.1,-5.7,19.5,2,0,19.3,202,326,41,460,218,214,179,421,255,258,248,144,173,100,250,214,221,142,110,272,417,227,118,188,205,539,237,152,35,224,2
1630165,Killian Hayes,Killian,1610612758,SAC,24.0,21,9,12,0.429,17.2,1.9,6.0,0.307,0.8,2.9,0.267,0.9,1.0,0.9,0.2,2.2,2.4,3.6,1.3,0.9,0.2,0.2,1.5,0.8,5.3,0.0,15.5,0,0,14.2,437,422,413,367,338,390,290,545,312,267,437,317,363,53,526,293,366,98,195,179,364,418,347,381,381,245,321,264,35,335,1
202691,Klay Thompson,Klay,1610612742,DAL,36.0,68,20,48,0.294,21.9,4.1,10.6,0.393,2.9,7.6,0.382,0.5,0.7,0.766,0.3,1.8,2.1,1.4,0.9,0.5,0.3,0.1,1.0,0.4,11.7,-1.9,17.8,0,0,19.7,114,296,23,448,244,178,128,480,21,19,145,414,420,301,492,354,397,323,288,386,257,458,449,489,169,399,268,264,35,216,1
1641738,Kobe Brown,Kobe,1610612754,IND,26.0,59,17,42,0.288,15.3,2.0,4.3,0.466,0.8,2.2,0.367,0.8,0.9,0.804,1.1,1.8,3.0,1.3,0.8,0.3,0.2,0.4,1.1,0.9,5.5,-3.5,11.8,0,0,11.6,214,326,52,450,378,375,383,251,307,321,188,345,365,226,159,352,300,344,323,449,345,255,429,353,370,480,387,264,35,381,2
1641723,Kobe Bufkin,Kobe,1610612747,LAL,22.0,15,9,6,0.6,7.7,0.9,3.2,0.292,0.3,1.7,0.2,0.7,0.8,0.917,0.1,0.8,0.9,0.6,0.3,0.1,0.2,0.1,0.5,0.7,2.9,-4.1,5.5,0,0,5.4,461,422,479,176,501,497,434,550,419,380,473,352,397,45,551,505,530,479,491,532,348,468,529,400,478,504,510,264,35,502,1
1642920,Kobe Sanders,Kobe,1610612746,LAC,23.0,66,35,31,0.53,20.0,2.6,5.6,0.468,1.2,2.9,0.416,0.8,1.0,0.815,0.4,1.8,2.3,1.6,1.2,0.7,0.2,0.2,2.1,0.9,7.3,0.5,13.9,0,0,14.1,141,152,153,273,287,303,310,246,215,264,65,332,360,206,415,351,384,282,214,238,411,387,166,355,298,203,351,264,35,338,1
1642886,Koby Brea,Koby,1610612756,PHX,23.0,10,4,6,0.4,4.1,0.7,1.7,0.412,0.6,1.4,0.429,0.2,0.2,1.0,0.0,0.2,0.2,0.6,0.1,0.0,0.0,0.0,0.4,0.1,2.2,-0.5,3.2,0,0,3.6,490,482,479,383,552,525,527,433,360,411,46,512,531,1,555,562,568,479,547,551,517,529,548,561,508,291,551,264,35,540,1
1642851,Kon Knueppel,Kon,1610612766,CHA,20.0,79,43,36,0.544,31.5,6.4,13.4,0.478,3.4,7.9,0.429,2.5,2.8,0.862,1.2,4.1,5.3,3.4,2.0,0.7,0.2,0.6,2.1,2.3,18.7,3.9,31.0,7,0,32.6,12,62,94,252,56,64,68,209,4,16,45,98,116,113,145,102,111,107,81,264,333,120,168,132,55,57,87,71,35,67,1
1627739,Kris Dunn,Kris,1610612746,LAC,32.0,80,41,39,0.513,27.3,2.8,5.9,0.475,1.0,2.6,0.378,0.8,1.0,0.765,0.7,2.6,3.3,3.6,1.3,1.6,0.2,0.3,2.3,0.9,7.3,0.3,20.8,0,0,18.9,1,85,72,291,141,294,296,216,273,286,158,338,347,303,302,243,264,96,185,17,386,327,123,354,296,219,217,264,35,234,1
1631200,Kris Murray,Kris,1610612757,POR,25.0,55,26,29,0.473,23.3,2.2,4.9,0.457,0.6,2.1,0.263,0.7,1.0,0.698,1.6,2.0,3.5,1.4,0.8,0.9,0.4,0.3,1.6,0.8,5.7,0.0,14.9,0,0,13.7,246,222,178,341,215,353,347,285,369,324,440,370,362,422,96,327,237,326,326,181,201,300,300,370,363,252,332,264,35,348,1
204001,Kristaps Porziņģis,Kristaps,1610612744,GSW,30.0,30,13,17,0.433,24.0,5.5,12.3,0.451,1.8,5.1,0.346,4.2,5.0,0.839,1.2,3.8,5.1,2.6,1.2,0.6,1.2,0.4,2.9,4.3,17.0,1.0,31.1,1,0,30.0,403,381,353,365,203,98,87,306,116,105,266,40,42,148,142,123,129,167,211,336,27,217,36,35,75,178,86,190,35,90,2
203937,Kyle Anderson,Kyle,1610612750,MIN,32.0,42,14,28,0.333,19.5,2.4,4.5,0.526,0.1,0.3,0.364,1.1,1.5,0.714,0.9,2.5,3.4,2.8,0.9,1.0,0.6,0.3,2.2,1.4,5.9,-2.0,18.2,0,0,15.5,337,369,199,421,298,329,364,105,480,508,199,264,256,385,208,256,252,147,287,113,119,351,141,251,350,404,261,264,35,308,3
1642271,Kyle Filipowski,Kyle,1610612762,UTA,22.0,77,21,56,0.273,23.4,4.2,8.5,0.492,1.0,3.0,0.325,2.1,2.8,0.75,1.9,5.3,7.2,2.6,1.6,0.9,0.5,0.7,3.0,1.9,11.4,-3.3,26.6,13,0,25.0,24,281,5,467,213,174,184,169,278,256,346,124,121,332,75,43,47,170,131,138,149,99,28,167,173,473,131,41,35,136,1
1628398,Kyle Kuzma,Kyle,1610612749,MIL,30.0,68,30,38,0.441,26.2,4.9,10.1,0.491,1.2,3.5,0.345,2.0,2.7,0.724,0.8,3.8,4.6,2.6,1.7,0.7,0.4,0.5,2.0,2.3,13.1,-4.0,24.1,4,0,23.7,114,192,76,362,163,128,138,173,212,206,267,137,124,376,248,130,159,164,125,271,193,147,215,134,138,501,162,107,35,159,1
200768,Kyle Lowry,Kyle,1610612755,PHI,40.0,13,8,5,0.615,8.7,0.3,1.5,0.2,0.3,1.5,0.2,0.4,0.5,0.833,0.0,0.7,0.7,0.8,0.3,0.2,0.2,0.0,0.6,0.5,1.3,-2.5,4.0,0,0,3.8,471,434,497,165,486,562,534,560,431,393,473,458,477,158,555,525,546,425,501,521,408,529,517,473,544,433,537,264,35,535,1
1642273,Kyshawn George,Kyshawn,1610612764,WAS,22.0,48,10,38,0.208,29.0,5.3,12.0,0.438,2.1,5.4,0.381,2.2,2.7,0.802,0.9,4.2,5.1,4.5,2.6,1.0,0.9,0.8,3.5,2.6,14.8,-7.4,30.7,3,0,30.2,300,407,76,522,108,113,94,347,75,87,149,116,123,231,222,96,128,64,39,119,58,56,7,97,103,557,92,126,35,88,1
1643018,LJ Cryer,LJ,1610612744,GSW,24.0,17,6,11,0.353,16.3,2.6,6.5,0.396,2.1,5.2,0.393,1.0,1.1,0.895,0.2,1.4,1.6,0.9,0.7,0.1,0.0,0.1,1.6,0.7,8.2,1.0,11.2,0,0,13.1,457,457,425,411,359,308,267,471,76,96,107,275,323,64,505,427,459,406,360,540,517,512,314,407,267,173,403,264,35,356,1
1630163,LaMelo Ball,LaMelo,1610612766,CHA,24.0,70,40,30,0.571,27.9,7.0,17.2,0.408,3.7,10.1,0.369,2.2,2.5,0.895,0.9,3.9,4.8,7.1,2.8,1.2,0.2,0.7,2.7,3.1,20.0,6.1,37.9,10,1,38.5,88,95,164,213,127,46,21,443,3,3,184,114,145,63,238,117,149,13,29,70,332,67,49,72,46,27,42,56,21,33,1
1642950,Lachlan Olbrich,Lachlan,1610612741,CHI,22.0,34,8,26,0.235,7.8,0.8,1.7,0.491,0.1,0.4,0.154,0.4,1.0,0.382,0.9,1.5,2.4,0.8,0.4,0.2,0.2,0.2,1.2,0.7,2.1,1.1,7.0,0,0,6.2,389,434,224,505,500,506,528,170,487,496,493,460,348,547,228,401,373,446,484,492,343,432,419,399,515,166,482,264,35,489,1
1629013,Landry Shamet,Landry,1610612752,NYK,29.0,49,33,16,0.673,22.9,3.2,7.2,0.439,2.0,5.2,0.392,1.1,1.6,0.711,0.4,1.4,1.8,1.4,0.6,0.6,0.2,0.4,1.5,1.6,9.5,3.9,15.6,0,0,16.4,296,166,362,92,220,249,238,345,77,99,111,258,248,395,403,422,428,314,399,308,374,260,332,210,221,58,320,264,35,284,1
1626204,Larry Nance Jr.,Larry,1610612739,CLE,33.0,33,24,9,0.727,12.5,1.4,3.5,0.397,0.6,1.8,0.333,0.2,0.3,0.455,0.8,1.8,2.6,0.9,0.5,0.6,0.2,0.2,1.6,0.6,3.5,0.2,9.9,0,0,9.3,393,246,444,59,422,441,412,470,356,362,298,531,498,542,244,367,337,408,427,294,411,395,316,438,451,235,428,264,35,432,1
1628374,Lauri Markkanen,Lauri,1610612762,UTA,28.0,42,17,25,0.405,34.3,9.1,19.2,0.477,2.7,7.7,0.355,5.7,6.4,0.896,2.0,4.9,6.9,2.1,1.5,1.0,0.5,1.1,1.8,5.5,26.7,-1.3,41.2,5,0,41.5,337,326,239,380,18,11,9,212,31,18,235,17,19,62,62,61,55,222,146,119,150,18,247,12,12,352,23,94,35,20,1
1643133,Lawson Lovering,Lawson,1610612763,MEM,22.0,2,1,1,0.5,24.6,3.0,5.0,0.6,0.0,0.0,0.0,1.0,2.5,0.4,3.0,4.5,7.5,1.5,1.0,1.5,0.5,0.5,3.5,2.0,7.0,0.5,23.3,1,0,20.0,568,545,549,300,194,264,341,47,505,537,505,275,137,545,19,77,42,297,257,24,150,176,8,160,310,204,171,190,35,213,1
2544,LeBron James,LeBron,1610612747,LAL,41.0,57,36,21,0.632,33.5,7.8,15.3,0.512,1.3,4.1,0.309,3.9,5.2,0.738,0.8,5.3,6.1,7.1,3.0,1.1,0.6,0.8,1.4,3.7,20.8,1.0,40.8,15,3,38.6,228,136,300,145,28,27,42,128,200,170,379,44,39,359,281,42,74,15,21,90,123,63,362,50,37,171,24,34,8,32,1
1641778,Leaky Black,Leaky,1610612764,WAS,26.0,12,1,11,0.083,29.3,2.6,6.3,0.413,1.3,3.1,0.405,0.6,0.7,0.875,1.1,4.2,5.3,1.5,0.8,1.1,0.6,0.2,2.7,0.5,7.0,-6.3,19.8,0,0,18.3,475,545,425,561,104,310,282,429,202,243,82,400,422,88,165,100,118,297,349,97,125,441,55,451,310,544,232,264,35,248,1
1631159,Leonard Miller,Leonard,1610612741,CHI,22.0,43,17,26,0.395,14.1,2.8,5.3,0.535,0.6,2.1,0.303,0.8,1.1,0.739,1.0,2.6,3.6,0.7,0.7,0.3,0.3,0.2,1.3,0.8,7.0,0.3,13.6,2,0,13.2,332,326,224,390,400,289,325,98,346,330,392,337,337,357,178,246,230,460,379,466,292,384,399,380,309,224,359,152,35,354,2
1642862,Liam McNeeley,Liam,1610612766,CHA,20.0,30,11,19,0.367,12.1,1.3,3.1,0.404,0.8,2.0,0.4,1.1,1.3,0.821,0.4,2.0,2.4,0.8,0.4,0.2,0.1,0.2,1.2,0.9,4.4,0.5,8.8,0,0,8.9,403,402,324,405,431,456,439,453,305,336,95,265,288,197,407,330,368,445,470,515,456,441,413,346,415,204,456,264,35,443,1
1630322,Lindy Waters III,Lindy,1610612759,SAS,28.0,40,31,9,0.775,7.1,0.8,2.2,0.375,0.7,2.0,0.342,0.1,0.1,0.667,0.1,0.7,0.7,0.5,0.2,0.2,0.0,0.1,0.6,0.3,2.4,-0.1,4.3,0,0,4.6,355,183,444,40,509,505,499,500,334,342,275,550,552,443,548,529,543,513,537,525,514,518,519,517,500,265,531,264,35,520,1
1628366,Lonzo Ball,Lonzo,1610612739,CLE,28.0,35,19,16,0.543,20.8,1.5,5.0,0.301,1.1,4.2,0.272,0.4,0.6,0.667,0.7,3.3,4.0,3.9,1.5,1.3,0.3,0.2,1.3,0.5,4.6,0.9,18.3,0,0,16.7,384,309,362,255,269,423,339,549,229,158,432,452,447,443,289,169,197,75,150,53,308,436,385,466,404,184,256,264,35,277,1
1631351,Lucas Williamson,Lucas,1610612763,MEM,27.0,5,0,5,0.0,28.2,3.0,8.4,0.357,2.0,6.0,0.333,1.0,1.0,1.0,1.6,2.2,3.8,2.4,1.4,0.8,0.0,1.0,3.6,1.2,9.0,-9.6,18.2,0,0,18.8,530,564,497,564,126,264,189,514,84,65,298,275,348,1,92,298,217,190,167,208,517,24,4,285,237,571,263,264,35,239,1
1629652,Luguentz Dort,Luguentz,1610612760,OKC,26.0,67,53,14,0.791,27.0,3.0,7.6,0.387,1.9,5.4,0.344,0.7,0.9,0.759,0.8,2.8,3.6,1.2,0.8,0.9,0.4,0.2,2.7,1.5,8.4,4.9,17.7,0,0,17.7,126,14,391,34,149,278,218,486,107,86,268,379,386,317,251,227,232,349,334,158,200,399,56,231,258,42,274,264,35,258,1
1629029,Luka Dončić,Luka,1610612747,LAL,27.0,64,43,21,0.672,35.8,10.8,22.8,0.476,4.0,10.8,0.366,7.9,10.1,0.78,0.6,7.1,7.7,8.3,4.0,1.6,0.5,0.4,2.4,7.3,33.5,2.9,57.7,34,8,57.8,165,62,300,94,4,1,1,215,2,2,192,2,1,277,325,14,36,4,1,16,139,216,100,2,1,83,2,8,4,1,1
1630568,Luka Garza,Luka,1610612738,BOS,27.0,67,45,22,0.672,15.9,2.8,4.9,0.583,0.8,1.8,0.441,1.3,1.6,0.764,2.2,1.7,3.9,0.9,0.6,0.4,0.4,0.3,2.3,1.7,7.7,1.7,15.5,1,0,14.9,126,50,285,95,367,286,346,60,311,367,35,229,236,307,47,374,203,407,380,436,215,307,130,205,282,135,324,190,35,323,1
1628379,Luke Kennard,Luke,1610612747,LAL,29.0,75,42,33,0.56,21.5,3.0,5.6,0.532,1.5,3.2,0.477,0.7,0.8,0.918,0.4,2.0,2.4,2.2,0.8,0.6,0.1,0.2,1.3,0.7,8.2,0.0,15.8,1,1,15.8,42,75,125,226,252,274,313,100,149,230,27,351,394,43,412,331,371,215,348,290,449,377,380,422,270,251,316,190,21,299,2
1628436,Luke Kornet,Luke,1610612759,SAS,30.0,67,51,16,0.761,21.1,2.6,4.0,0.644,0.0,0.0,0.0,1.4,1.7,0.825,2.7,3.4,6.1,1.9,0.4,0.5,1.0,0.3,1.8,1.9,6.6,1.6,20.6,3,0,17.4,126,21,362,45,260,307,393,26,505,537,505,205,228,190,29,153,73,254,479,388,45,343,262,179,330,142,222,126,35,262,1
1631247,Luke Travers,Luke,1610612739,CLE,24.0,12,6,6,0.5,8.6,0.8,3.0,0.25,0.1,1.3,0.063,0.8,0.8,1.0,0.8,1.3,2.0,0.8,0.3,0.6,0.3,0.3,0.5,0.4,2.3,-2.7,8.4,0,0,7.0,475,457,479,300,489,516,447,553,484,414,504,347,410,1,283,438,405,450,521,319,240,365,533,481,501,440,463,264,35,477,1
1630644,Mac McClung,Mac,1610612741,CHI,27.0,8,1,7,0.125,11.5,2.0,5.1,0.39,0.4,2.4,0.158,1.3,1.6,0.769,0.3,0.6,0.9,0.9,0.5,0.9,0.4,0.3,1.6,1.0,5.6,-2.4,11.2,0,0,10.3,506,545,471,554,441,369,334,482,414,301,491,231,238,295,497,531,529,420,432,170,225,365,305,328,367,421,401,264,35,410,2
1641869,Malachi Smith,Malachi,1610612751,BKN,26.0,12,3,9,0.25,20.0,2.8,5.5,0.515,1.1,2.3,0.481,0.4,0.4,1.0,0.7,1.8,2.5,2.3,1.0,1.0,0.3,0.3,0.6,1.2,7.2,-2.2,16.5,0,0,15.7,475,494,444,486,283,287,317,123,242,311,25,449,483,1,311,355,354,203,257,119,240,291,524,295,304,407,295,264,35,304,1
1631103,Malaki Branham,Malaki,1610612764,WAS,22.0,28,7,21,0.25,9.8,1.5,3.3,0.473,0.5,1.3,0.378,1.0,1.2,0.824,0.4,1.1,1.6,0.8,0.5,0.4,0.1,0.3,0.8,0.7,4.6,-1.5,8.5,0,0,8.4,412,444,300,486,469,421,432,232,385,418,157,275,306,192,409,454,464,432,420,442,447,302,494,414,404,363,459,264,35,455,1
1642502,Malevy Leons,Malevy,1610612744,GSW,26.0,22,7,15,0.318,10.2,1.0,2.6,0.404,0.1,0.6,0.231,0.3,0.5,0.636,1.2,0.9,2.0,0.8,0.5,0.5,0.4,0.3,1.2,0.6,2.5,-2.4,8.3,0,0,7.3,432,444,376,436,464,480,471,455,470,480,464,481,463,472,147,497,400,433,432,392,195,340,406,425,495,428,464,264,35,471,1
1628370,Malik Monk,Malik,1610612758,SAC,28.0,61,17,44,0.279,22.2,4.5,10.3,0.436,2.0,5.1,0.39,1.5,1.8,0.879,0.2,1.7,1.9,3.0,1.5,0.6,0.4,0.5,1.6,1.5,12.5,-4.2,20.7,0,0,21.3,202,326,41,460,235,152,133,353,88,106,117,190,221,84,502,382,419,133,153,310,232,175,307,232,145,508,220,264,35,194,1
1630699,MarJon Beauchamp,MarJon,1610612755,PHI,25.0,13,6,7,0.462,14.9,2.5,5.7,0.432,1.2,3.5,0.348,0.9,1.3,0.706,0.5,1.9,2.4,1.2,1.0,0.7,0.3,0.4,1.0,0.9,7.1,-1.8,13.7,0,0,13.8,471,457,471,352,384,320,306,371,207,200,258,300,285,409,397,339,372,364,257,266,272,245,452,351,307,394,356,264,35,346,1
1631204,Marcus Sasser,Marcus,1610612765,DET,25.0,36,26,10,0.722,12.4,1.9,4.8,0.395,1.2,2.8,0.422,0.4,0.5,0.833,0.2,0.9,1.1,2.1,0.9,0.6,0.1,0.2,1.1,0.4,5.4,3.2,10.8,0,0,11.0,375,222,432,67,423,387,349,474,216,271,53,449,463,158,525,498,509,226,310,341,474,389,434,490,378,72,412,264,35,393,1
203935,Marcus Smart,Marcus,1610612747,LAL,32.0,60,39,21,0.65,28.7,3.1,7.7,0.399,1.6,4.8,0.336,1.7,2.1,0.816,0.6,2.2,2.8,2.8,1.5,1.4,0.4,0.2,2.6,2.3,9.5,4.0,20.8,0,0,20.2,208,106,300,129,114,258,210,461,139,117,293,169,184,205,335,303,322,144,159,37,227,392,63,128,223,56,215,264,35,212,1
1641813,Mark Sears,Mark,1610612749,MIL,24.0,7,1,6,0.143,3.7,0.9,1.9,0.462,0.6,1.1,0.5,0.9,1.1,0.75,0.1,0.1,0.3,0.3,0.6,0.0,0.0,0.0,0.6,0.9,3.1,1.7,3.3,0,0,4.3,511,545,479,548,558,501,519,268,367,432,13,317,320,332,537,568,567,544,403,551,517,529,525,365,466,132,548,264,35,526,1
1631109,Mark Williams,Mark,1610612756,PHX,24.0,59,34,25,0.576,23.7,4.7,7.4,0.642,0.0,0.0,1.0,2.2,2.9,0.772,3.1,4.9,8.0,1.0,1.1,0.9,0.9,0.4,2.2,2.4,11.7,-0.4,27.3,14,0,24.4,214,162,239,206,210,140,227,27,501,534,1,111,111,290,16,59,34,396,243,143,54,214,154,125,167,284,126,37,35,149,1
1628365,Markelle Fultz,Markelle,1610612761,TOR,27.0,5,3,2,0.6,7.2,0.4,2.2,0.182,0.0,0.0,0.0,0.0,0.0,0.0,0.0,0.2,0.2,1.6,0.8,0.4,0.0,0.2,0.4,0.0,0.8,-7.2,3.8,0,0,3.4,530,494,533,176,507,550,499,566,505,537,505,553,555,553,555,562,568,284,335,415,517,405,548,564,564,554,541,264,35,546,1
1628963,Marvin Bagley III,Marvin,1610612742,DAL,27.0,59,16,43,0.271,20.2,4.3,6.9,0.622,0.4,0.8,0.48,1.6,2.4,0.66,2.5,3.6,6.2,1.4,1.0,0.5,0.7,0.5,2.1,2.0,10.6,-3.6,22.7,6,0,21.0,214,344,44,469,279,167,248,39,407,462,26,182,149,453,35,138,72,317,253,384,89,174,185,156,192,481,182,83,35,199,2
203486,Mason Plumlee,Mason,1610612759,SAS,36.0,19,10,9,0.526,8.2,0.5,0.7,0.769,0.0,0.0,0.0,0.5,0.7,0.643,0.8,1.8,2.6,1.0,0.6,0.5,0.0,0.1,0.8,0.8,1.5,-0.1,7.1,0,0,6.2,451,407,444,280,496,536,566,4,505,537,505,437,413,467,246,363,335,384,384,357,517,517,481,387,535,262,479,264,35,488,2
1641824,Matas Buzelis,Matas,1610612741,CHI,21.0,76,28,48,0.368,29.2,5.8,12.4,0.465,2.3,6.4,0.356,2.4,3.1,0.787,1.0,4.8,5.8,2.0,2.1,0.7,1.5,0.7,2.3,2.6,16.3,-3.8,30.8,4,0,30.8,34,209,23,403,105,87,85,253,63,51,231,100,101,259,186,67,80,228,74,253,18,70,116,107,86,489,90,107,35,81,1
1629680,Matisse Thybulle,Matisse,1610612757,POR,29.0,28,15,13,0.536,16.2,1.9,4.5,0.432,1.3,3.1,0.402,0.7,0.8,0.87,0.6,1.4,2.0,0.9,1.0,2.0,0.5,0.1,1.5,0.8,5.8,2.5,16.1,0,0,15.0,412,359,403,267,362,380,370,373,202,238,89,358,390,103,347,411,405,411,257,3,150,506,334,374,354,101,308,264,35,319,1
1631108,Max Christie,Max,1610612742,DAL,23.0,75,23,52,0.307,29.3,4.1,9.4,0.439,2.3,5.8,0.4,1.6,1.8,0.904,0.2,3.1,3.3,2.0,1.3,0.6,0.3,0.5,1.3,1.5,12.2,-4.7,20.7,0,0,21.7,42,260,12,443,102,181,154,345,58,73,95,176,215,50,519,187,266,238,201,306,240,144,393,220,150,523,221,264,35,186,1
1642917,Max Shulga,Max,1610612738,BOS,23.0,9,6,3,0.667,1.4,0.1,0.4,0.25,0.0,0.1,0.0,0.2,0.2,1.0,0.1,0.0,0.1,0.2,0.1,0.0,0.0,0.0,0.6,0.1,0.4,-0.4,0.8,0,0,0.8,500,457,523,96,579,570,574,553,505,519,505,506,527,1,545,570,573,555,544,551,517,529,526,557,571,288,576,264,35,576,1
1629622,Max Strus,Max,1610612739,CLE,30.0,10,8,2,0.8,24.7,4.2,8.8,0.477,3.2,7.2,0.444,0.6,0.8,0.75,0.8,4.8,5.6,2.2,0.8,0.3,0.0,0.3,2.9,1.1,12.2,2.0,22.3,0,0,23.8,490,434,533,26,192,173,173,211,10,24,32,393,397,332,263,65,89,209,335,468,517,318,34,309,153,113,190,264,35,157,1
1628467,Maxi Kleber,Maxi,1610612747,LAL,34.0,40,17,23,0.425,10.7,0.8,1.7,0.463,0.2,0.6,0.24,0.4,0.6,0.583,0.8,1.2,1.9,0.7,0.4,0.4,0.3,0.1,1.4,0.6,2.1,1.3,7.0,0,0,6.2,355,326,265,372,454,513,529,262,467,475,458,466,447,495,272,453,418,469,486,407,311,475,364,439,516,159,483,264,35,490,1
1642875,Maxime Raynaud,Maxime,1610612758,SAC,23.0,72,20,52,0.278,26.2,5.1,9.0,0.565,0.3,0.9,0.288,1.7,2.2,0.786,1.9,5.5,7.5,1.3,1.2,0.5,0.5,0.5,2.3,1.9,12.2,-6.6,24.9,18,0,23.3,70,296,12,462,164,121,164,75,443,454,420,166,172,262,70,35,43,338,213,371,145,170,119,176,154,548,152,26,35,162,1
1642877,Micah Peavy,Micah,1610612740,NOP,24.0,59,17,42,0.288,14.2,1.7,4.3,0.387,0.4,1.7,0.257,0.3,0.4,0.714,0.7,1.2,1.9,1.0,0.3,0.7,0.1,0.3,1.4,0.3,4.1,-1.6,9.9,0,0,9.0,214,326,52,450,398,406,377,489,400,375,444,495,497,385,303,447,423,400,498,252,440,342,352,496,430,377,429,264,35,438,1
1630695,Micah Potter,Micah,1610612754,IND,28.0,44,10,34,0.227,18.8,3.0,5.8,0.518,1.5,3.4,0.432,1.9,2.2,0.857,1.1,3.4,4.5,1.5,0.9,0.4,0.3,0.2,1.8,1.8,9.4,-2.9,18.3,4,0,18.3,326,407,114,514,309,264,301,116,163,212,43,142,170,118,156,156,163,305,293,403,261,404,265,181,228,457,257,107,35,250,1
1629008,Michael Porter Jr.,Michael,1610612751,BKN,27.0,52,14,38,0.269,32.5,8.5,18.4,0.463,3.4,9.3,0.363,3.8,4.4,0.859,1.3,5.7,7.1,3.0,2.3,1.1,0.3,0.7,2.2,3.5,24.2,-3.9,38.8,12,0,40.3,273,369,76,472,42,19,14,260,5,5,204,47,53,117,125,32,48,132,55,103,311,74,137,58,19,494,36,46,35,23,1
1628969,Mikal Bridges,Mikal,1610612752,NYK,29.0,79,51,28,0.646,33.3,5.9,12.0,0.488,1.9,5.2,0.369,1.0,1.2,0.825,1.0,2.9,3.9,3.7,1.0,1.3,0.8,0.2,2.0,1.5,14.7,3.4,30.2,1,0,28.4,12,21,199,131,35,83,95,183,98,98,183,274,301,187,187,208,204,90,251,47,77,375,213,229,104,71,99,190,35,106,1
201144,Mike Conley,Mike,1610612750,MIN,38.0,53,32,21,0.604,18.2,1.3,4.0,0.325,1.0,3.1,0.325,0.8,0.9,0.9,0.3,1.4,1.7,2.9,0.6,0.6,0.3,0.1,1.5,0.9,4.5,0.0,12.9,0,0,11.9,268,174,300,174,319,453,394,539,266,245,344,321,367,53,458,421,444,139,381,289,304,514,327,356,408,255,368,264,35,377,1
1628970,Miles Bridges,Miles,1610612766,CHA,28.0,75,41,34,0.547,31.2,6.3,13.7,0.461,2.0,5.9,0.335,2.7,3.3,0.826,1.0,4.9,5.9,3.2,1.4,0.6,0.4,0.5,1.7,2.3,17.3,2.1,30.9,8,0,30.4,42,85,114,247,64,68,61,274,92,70,296,85,90,184,187,62,75,123,163,306,183,187,268,126,71,112,89,66,35,84,1
1642939,Miles Kelly,Miles,1610612742,DAL,23.0,14,7,7,0.5,9.6,1.1,3.1,0.364,0.7,2.4,0.303,0.1,0.1,1.0,0.4,1.4,1.7,0.9,0.4,0.3,0.1,0.0,0.9,0.1,3.1,-0.9,7.1,0,0,7.1,468,444,471,300,472,471,438,511,324,304,393,548,554,1,450,426,446,423,471,475,486,529,478,562,468,313,481,264,35,476,1
1630540,Miles McBride,Miles,1610612752,NYK,25.0,39,24,15,0.615,26.6,4.2,9.8,0.422,2.7,6.7,0.412,0.9,1.1,0.814,0.6,1.9,2.5,2.6,0.8,0.8,0.2,0.3,1.8,1.0,11.9,5.8,21.2,0,0,21.9,360,246,376,165,154,176,142,400,30,43,71,306,329,210,351,342,359,162,316,186,344,360,261,339,160,31,209,264,35,185,1
1629011,Mitchell Robinson,Mitchell,1610612752,NYK,28.0,59,39,20,0.661,19.6,2.5,3.4,0.723,0.0,0.0,0.0,0.7,1.7,0.406,4.2,4.5,8.8,0.9,0.7,0.9,1.2,0.2,2.1,1.4,5.6,2.7,23.0,6,0,19.4,214,106,313,118,297,317,421,8,505,537,505,363,227,544,5,75,23,418,364,156,32,439,167,243,365,95,175,83,35,220,1
1628964,Mo Bamba,Mo,1610612762,UTA,27.0,4,3,1,0.75,11.0,1.3,2.8,0.455,0.0,0.0,0.0,0.0,0.0,0.0,2.5,3.0,5.5,0.3,0.5,0.0,0.8,0.0,1.5,0.3,2.5,-3.3,11.2,0,0,9.8,543,494,549,49,449,457,462,294,505,537,505,553,555,553,37,196,101,551,432,551,82,529,334,523,497,469,402,264,35,420,2
1642885,Mohamed Diawara,Mohamed,1610612752,NYK,20.0,67,41,26,0.612,8.8,1.3,3.0,0.436,0.7,1.8,0.39,0.2,0.3,0.737,0.2,1.1,1.3,0.7,0.4,0.2,0.1,0.1,0.7,0.2,3.6,0.9,6.7,0,0,6.9,126,85,224,168,483,451,446,358,323,360,118,508,517,360,507,461,487,466,473,494,471,497,500,536,450,183,488,264,35,480,1
1628420,Monte Morris,Monte,1610612754,IND,30.0,6,0,6,0.0,10.8,1.2,3.3,0.35,0.3,1.3,0.25,0.3,0.7,0.5,0.2,1.0,1.2,1.5,0.3,0.2,0.2,0.2,0.5,0.5,3.0,-4.8,7.3,0,0,6.7,519,564,479,564,452,469,425,518,419,414,446,472,422,518,531,468,500,297,491,515,392,441,533,451,469,524,477,264,35,482,1
1629021,Moritz Wagner,Moritz,1610612753,ORL,28.0,36,21,15,0.583,11.8,2.3,5.4,0.426,0.6,1.9,0.314,1.6,2.0,0.819,0.8,2.4,3.2,0.8,0.5,0.4,0.1,0.5,1.6,1.9,6.9,-2.4,12.7,0,0,12.4,375,281,376,194,433,340,319,386,352,345,368,177,186,199,283,265,278,450,421,408,494,158,309,178,316,429,371,264,35,369,1
1630541,Moses Moody,Moses,1610612744,GSW,23.0,60,30,30,0.5,25.7,4.1,9.3,0.44,2.5,6.3,0.401,1.5,1.9,0.77,0.9,2.5,3.3,1.6,1.0,1.0,0.6,0.4,2.0,1.4,12.1,1.3,22.2,0,0,22.7,208,192,164,300,177,183,161,342,45,55,94,201,205,294,241,259,259,279,279,135,127,236,194,246,156,153,192,264,35,174,1
1631243,Mouhamed Gueye,Mouhamed,1610612737,ATL,23.0,76,43,33,0.566,15.4,1.7,3.8,0.451,0.5,1.7,0.307,0.5,0.8,0.645,1.2,2.4,3.6,0.9,0.4,0.8,0.5,0.1,1.7,0.8,4.4,0.4,13.5,3,0,12.0,34,62,125,220,376,404,401,307,382,379,387,415,392,465,151,269,234,415,469,206,150,459,295,393,411,209,360,126,35,375,1
1630619,Moussa Cisse,Moussa,1610612742,DAL,23.0,36,10,26,0.278,13.0,1.6,2.6,0.6,0.0,0.0,0.0,0.9,1.9,0.457,2.1,3.2,5.2,0.2,0.8,0.4,1.1,0.3,1.8,1.6,4.1,0.1,14.5,1,0,12.6,375,407,224,462,412,414,468,47,505,537,505,310,199,541,57,177,120,555,349,408,37,316,247,208,429,238,340,190,35,367,1
1631217,Moussa Diabaté,Moussa,1610612766,CHA,24.0,71,39,32,0.549,26.0,3.2,5.0,0.629,0.0,0.0,0.5,1.6,2.4,0.663,3.8,5.0,8.7,1.9,1.0,0.8,1.0,0.5,2.4,2.6,7.9,5.0,25.5,20,0,22.1,80,106,142,243,169,250,340,34,504,531,13,183,150,452,9,57,24,247,256,214,48,149,97,102,276,41,144,21,35,181,1
1626167,Myles Turner,Myles,1610612749,MIL,30.0,70,29,41,0.414,26.9,4.0,9.1,0.438,2.1,5.4,0.385,1.9,2.5,0.744,1.1,4.3,5.3,1.4,1.2,0.7,1.6,0.5,2.6,2.2,11.9,-3.6,26.1,4,0,25.3,88,197,56,378,151,189,163,350,72,88,134,147,136,346,171,94,112,314,222,250,12,202,64,136,163,483,142,107,35,132,1
1642066,Myron Gardner,Myron,1610612748,MIA,24.0,42,22,20,0.524,9.5,1.4,2.9,0.475,0.6,1.5,0.406,0.5,0.6,0.731,0.9,1.9,2.8,1.0,0.4,0.5,0.2,0.1,1.8,0.6,3.8,1.5,10.2,1,0,9.5,337,268,313,282,473,444,457,217,349,395,79,442,441,366,217,341,310,398,485,383,364,460,260,440,443,150,419,190,35,424,1
1642368,N'Faly Dante,N'Faly,1610612737,ATL,24.0,4,3,1,0.75,3.9,0.3,1.0,0.25,0.0,0.0,0.0,0.3,0.3,1.0,0.8,1.0,1.8,0.0,0.3,0.5,0.0,0.0,0.3,0.5,0.8,2.5,4.1,0,0,3.5,543,494,549,49,556,563,553,553,505,537,505,496,520,1,283,468,442,568,521,371,517,529,563,451,565,102,535,264,35,544,1
1641772,Nae'Qwan Tomlin,Nae'Qwan,1610612739,CLE,25.0,62,41,21,0.661,15.3,2.2,4.7,0.473,0.4,1.7,0.215,0.7,0.9,0.754,1.3,1.5,2.8,0.8,0.4,0.6,0.5,0.4,2.0,0.7,5.5,0.8,13.1,0,0,11.8,184,85,300,117,377,349,353,229,415,372,468,364,373,327,132,400,318,448,466,285,138,256,221,415,369,187,366,264,35,379,1
1630230,Naji Marshall,Naji,1610612742,DAL,28.0,74,25,49,0.338,29.5,5.7,11.1,0.51,0.8,2.9,0.291,3.1,4.1,0.76,0.9,3.8,4.7,3.3,1.6,1.1,0.1,0.6,1.9,2.6,15.2,-2.9,27.7,2,0,26.4,55,237,19,420,100,92,115,131,299,265,417,69,61,313,229,124,153,120,134,89,478,115,225,111,95,459,123,152,35,122,1
1631466,Nate Williams,Nate,1610612744,GSW,27.0,12,2,10,0.167,16.0,2.8,5.7,0.485,0.8,1.8,0.429,0.9,1.1,0.846,1.3,0.8,2.0,0.8,0.9,0.4,0.0,0.4,1.9,1.3,7.2,-4.3,11.2,0,0,11.6,475,515,432,540,364,297,308,186,317,368,46,301,336,137,135,513,405,428,289,408,517,222,229,274,304,511,405,264,35,383,1
1629675,Naz Reid,Naz,1610612750,MIN,26.0,77,46,31,0.597,26.1,5.2,11.3,0.456,2.1,5.8,0.362,1.2,1.6,0.732,1.2,5.0,6.2,2.2,1.6,1.0,1.0,0.5,2.5,1.5,13.6,2.2,28.7,6,0,28.1,24,46,153,184,167,118,109,289,70,72,208,249,241,364,149,53,71,207,129,128,43,167,75,224,127,111,112,83,35,110,1
1629674,Neemias Queta,Neemias,1610612738,BOS,26.0,74,51,23,0.689,25.5,4.3,6.6,0.651,0.0,0.1,0.0,1.6,2.3,0.699,3.0,5.3,8.3,1.6,1.0,0.8,1.3,0.5,2.8,2.5,10.3,6.4,28.1,16,0,24.5,55,21,265,84,181,164,259,23,505,520,505,179,157,420,19,41,30,275,257,215,22,191,38,118,201,23,117,30,35,147,1
1629651,Nic Claxton,Nic,1610612751,BKN,26.0,69,17,52,0.246,27.8,4.8,8.4,0.571,0.0,0.3,0.158,2.0,3.3,0.616,2.4,4.5,6.9,3.7,1.4,0.7,1.1,0.7,2.3,3.5,11.7,-7.5,29.5,11,2,25.9,101,326,12,493,131,133,187,70,490,505,491,127,87,481,38,78,53,94,173,283,36,106,127,60,168,559,104,51,14,126,1
1630208,Nick Richards,Nick,1610612741,CHI,28.0,48,20,28,0.417,14.6,2.1,4.2,0.512,0.1,0.4,0.278,1.4,2.1,0.644,1.6,3.5,5.1,0.3,1.2,0.2,0.7,0.7,1.8,1.7,5.8,-2.8,13.7,4,0,13.0,300,296,199,377,390,360,385,127,477,497,426,210,180,466,91,146,130,531,212,501,105,75,247,200,357,452,355,107,35,359,2
1641733,Nick Smith Jr.,Nick,1610612747,LAL,21.0,27,12,15,0.444,12.3,2.2,5.2,0.429,1.0,2.7,0.389,0.3,0.5,0.692,0.1,0.7,0.8,1.1,0.7,0.3,0.1,0.2,1.0,0.6,5.8,-0.9,8.9,0,0,9.6,415,391,376,359,424,351,327,379,254,281,121,472,472,428,549,523,541,368,361,450,483,424,465,435,355,318,449,264,35,422,1
1629638,Nickeil Alexander-Walker,Nickeil,1610612737,ATL,27.0,77,42,35,0.545,33.4,7.0,15.4,0.458,3.2,8.1,0.399,3.6,4.0,0.902,0.7,2.8,3.5,3.7,2.1,1.3,0.5,0.8,2.2,3.8,20.9,2.8,34.0,2,0,34.9,24,75,104,248,31,47,41,282,9,15,98,52,67,51,317,221,249,92,70,50,136,54,145,47,36,92,64,152,35,46,1
201587,Nicolas Batum,Nicolas,1610612746,LAC,37.0,72,38,34,0.528,17.6,1.3,3.2,0.401,1.2,3.1,0.401,0.1,0.2,0.818,0.3,2.2,2.5,0.9,0.5,0.7,0.3,0.0,1.3,0.1,3.9,-0.3,10.6,0,0,10.5,70,118,114,278,328,455,433,458,206,243,92,536,541,201,474,299,352,422,428,282,273,528,375,553,438,275,414,264,35,407,1
1628502,Nigel Hayes-Davis,Nigel,1610612756,PHX,31.0,27,15,12,0.556,7.2,0.6,1.7,0.326,0.1,0.6,0.125,0.1,0.1,0.5,0.4,0.8,1.2,0.3,0.3,0.3,0.1,0.0,0.6,0.1,1.3,-2.7,3.9,0,0,3.6,415,359,413,235,505,534,526,538,485,479,499,547,542,518,404,509,492,550,505,472,483,522,523,550,547,440,539,264,35,543,1
203999,Nikola Jokić,Nikola,1610612743,DEN,31.0,64,42,22,0.656,35.1,10.0,17.5,0.569,1.7,4.6,0.379,6.1,7.4,0.828,2.9,10.0,12.9,10.9,3.8,1.4,0.8,0.8,2.7,6.7,27.8,8.6,62.5,55,34,57.8,165,75,285,122,9,5,20,73,121,134,155,12,12,172,23,1,1,1,3,32,71,53,51,4,8,9,1,1,1,2,1
1631107,Nikola Jović,Nikola,1610612748,MIA,22.0,47,24,23,0.511,17.2,2.4,6.7,0.366,1.0,3.6,0.269,1.5,2.1,0.683,0.5,2.7,3.3,2.2,1.4,0.6,0.4,0.3,1.4,1.8,7.3,-0.1,15.8,0,0,15.5,312,246,265,293,336,321,257,508,279,199,435,200,176,437,361,229,271,212,174,344,231,319,363,186,297,264,314,264,35,307,1
1642260,Nikola Topić,Nikola,1610612760,OKC,20.0,8,6,2,0.75,10.3,1.0,2.9,0.348,0.3,0.9,0.286,0.3,0.3,1.0,0.5,1.1,1.6,2.4,1.5,0.1,0.0,0.4,0.9,0.4,2.5,-0.9,6.9,0,0,7.0,506,457,533,49,461,485,456,520,446,459,422,496,520,1,374,458,457,192,146,534,517,254,474,493,497,314,486,264,35,477,1
202696,Nikola Vučević,Nikola,1610612738,BOS,35.0,62,34,28,0.548,28.6,6.2,12.7,0.49,1.5,4.2,0.363,1.2,1.5,0.835,2.0,6.5,8.5,3.3,1.3,0.6,0.6,0.5,2.0,1.8,15.2,-0.9,32.9,23,0,31.1,184,162,199,244,116,72,81,174,146,153,205,236,265,156,67,22,26,116,184,298,110,193,200,184,96,324,73,19,35,78,2
1642363,Nique Clifford,Nique,1610612758,SAC,24.0,73,20,53,0.274,24.7,3.2,7.8,0.411,1.0,3.1,0.335,0.8,1.2,0.69,0.9,2.8,3.7,2.3,1.5,0.9,0.3,0.5,2.1,0.9,8.2,-2.9,18.4,0,0,17.7,63,296,10,466,190,245,209,436,257,247,297,335,319,431,230,220,226,198,152,144,265,165,172,348,268,455,254,264,35,257,1
1642855,Noa Essengue,Noa,1610612741,CHI,19.0,2,1,1,0.5,3.0,0.0,1.5,0.0,0.0,1.0,0.0,0.0,0.0,0.0,0.0,0.0,0.0,0.0,0.0,0.5,0.0,0.5,0.5,0.0,0.0,-7.5,1.5,0,0,1.0,568,545,549,300,570,571,536,571,505,442,505,553,555,553,555,570,574,568,553,371,517,176,533,564,574,560,572,264,35,573,1
1641730,Noah Clowney,Noah,1610612751,BKN,21.0,66,17,49,0.258,27.0,3.8,9.6,0.396,2.0,5.9,0.329,2.7,3.4,0.804,0.8,3.3,4.1,1.6,1.5,0.8,0.7,0.6,2.5,2.8,12.3,-5.0,22.4,1,0,22.9,141,326,19,482,150,196,148,472,94,66,337,84,84,226,268,158,185,277,140,228,100,133,72,88,147,526,185,190,35,169,1
1642869,Noah Penda,Noah,1610612753,ORL,21.0,58,29,29,0.5,12.9,1.4,3.5,0.408,0.5,1.6,0.33,0.6,0.8,0.688,1.2,2.1,3.2,1.2,0.7,0.5,0.3,0.2,1.2,0.7,3.9,-0.9,11.3,2,0,10.5,221,197,178,300,417,439,417,445,380,389,333,404,389,433,155,313,275,360,356,367,269,402,411,410,439,322,398,152,35,406,1
1642849,Nolan Traore,Nolan,1610612751,BKN,19.0,55,14,41,0.255,22.3,3.2,8.5,0.381,1.1,3.3,0.328,1.3,1.7,0.78,0.2,1.5,1.7,3.9,2.3,0.8,0.4,0.7,2.2,1.3,8.8,-5.1,17.9,1,0,17.8,246,369,56,484,233,242,186,496,238,214,338,222,234,275,504,404,445,78,58,221,201,105,158,262,243,531,267,190,35,255,1
1641807,Norchad Omier,Norchad,1610612746,LAC,24.0,5,5,0,1.0,4.3,1.2,1.6,0.75,0.0,0.2,0.0,0.6,0.6,1.0,0.6,0.6,1.2,0.4,0.0,0.2,0.0,0.2,0.6,0.4,3.0,-4.0,5.6,0,0,5.0,530,469,572,1,549,466,532,6,505,509,505,393,447,1,335,533,494,521,553,504,517,405,519,484,469,498,506,264,35,509,1
1626181,Norman Powell,Norman,1610612748,MIA,32.0,56,28,28,0.5,30.0,7.3,15.6,0.471,2.7,7.1,0.383,4.5,5.5,0.827,0.4,3.2,3.6,2.5,1.9,1.1,0.3,0.9,2.2,3.9,21.9,0.9,32.2,1,0,33.5,235,209,199,300,91,38,40,236,32,27,142,36,36,175,438,175,235,181,82,82,311,40,136,45,27,179,80,190,35,59,1
1628384,OG Anunoby,OG,1610612752,NYK,28.0,65,43,22,0.662,33.4,5.9,12.2,0.486,2.4,6.1,0.388,2.8,3.4,0.826,1.3,4.0,5.3,2.2,1.9,1.6,0.7,0.8,2.4,2.4,17.0,6.1,31.6,5,0,31.4,151,62,285,116,30,81,90,184,56,62,127,82,86,180,126,114,117,213,91,21,86,48,92,121,76,28,85,94,35,75,1
1630167,Obi Toppin,Obi,1610612754,IND,28.0,21,3,18,0.143,17.5,3.8,7.9,0.479,1.4,4.2,0.33,1.8,2.0,0.905,0.5,3.7,4.2,2.3,1.1,0.6,0.0,0.3,1.3,1.8,10.7,-2.2,19.9,0,0,19.8,437,494,339,548,331,199,208,208,178,159,335,151,186,49,365,135,178,200,228,329,499,291,392,185,190,409,230,264,35,215,1
1630534,Ochai Agbaji,Ochai,1610612751,BKN,25.0,62,28,34,0.452,15.7,2.0,4.5,0.436,0.5,2.1,0.266,0.6,0.7,0.837,0.7,1.5,2.3,0.8,0.5,0.4,0.3,0.3,1.5,0.6,5.1,-1.0,10.4,0,0,10.0,184,209,114,356,372,377,365,357,372,331,438,401,419,149,290,398,382,448,432,424,298,288,334,441,391,328,417,264,35,415,2
1630846,Olivier Sarr,Olivier,1610612739,CLE,27.0,2,2,0,1.0,2.7,0.0,0.0,0.0,0.0,0.0,0.0,0.5,1.0,0.5,0.0,0.0,0.0,0.0,0.0,0.0,0.0,0.0,1.0,0.5,0.5,-1.5,0.5,0,0,0.5,568,515,572,1,574,571,578,571,505,537,505,421,348,518,555,570,574,568,553,551,517,529,452,451,570,363,577,264,35,577,1
1641765,Olivier-Maxence Prosper,Olivier-Maxence,1610612763,MEM,23.0,53,16,37,0.302,18.6,3.6,6.6,0.549,1.1,2.8,0.405,1.6,2.2,0.754,1.1,2.4,3.5,1.0,0.9,0.8,0.2,0.3,1.6,1.6,10.0,-3.9,17.8,1,0,17.6,268,344,84,444,314,212,261,84,232,274,82,181,175,327,160,270,240,401,302,230,322,349,320,215,209,495,269,190,35,260,1
1630209,Omer Yurtseven,Omer,1610612744,GSW,27.0,9,3,6,0.333,11.6,1.2,2.9,0.423,0.0,0.4,0.0,1.3,2.0,0.667,1.4,1.9,3.3,0.9,1.0,0.2,0.1,0.4,1.7,1.9,3.8,-1.6,9.1,0,0,8.7,500,494,479,421,439,461,455,397,505,493,505,215,186,443,106,344,259,417,257,495,444,208,290,173,444,370,443,264,35,448,1
1630168,Onyeka Okongwu,Onyeka,1610612737,ATL,25.0,73,40,33,0.548,31.1,5.6,11.7,0.482,2.0,5.2,0.378,2.1,2.8,0.757,1.9,5.7,7.6,3.2,1.7,1.1,1.1,0.7,3.3,2.3,15.4,1.2,34.1,16,0,32.5,63,95,125,245,66,93,100,197,89,97,159,122,118,322,73,33,38,126,114,88,39,86,15,130,93,163,62,30,35,68,1
1631115,Orlando Robinson,Orlando,1610612753,ORL,25.0,4,2,2,0.5,6.2,0.8,1.3,0.6,0.3,0.5,0.5,0.0,0.0,0.0,0.5,0.5,1.0,0.8,0.0,0.3,0.0,0.0,0.8,0.3,1.8,-2.8,4.8,0,0,4.3,543,515,533,300,523,516,546,47,446,485,13,553,555,553,374,541,516,450,553,485,517,529,494,523,531,446,521,264,35,528,1
1631131,Oscar Tshiebwe,Oscar,1610612762,UTA,26.0,25,2,23,0.08,15.5,2.9,4.7,0.624,0.0,0.0,0.0,0.8,1.5,0.541,2.6,3.0,5.6,1.0,0.7,0.6,0.1,0.5,1.4,1.0,6.6,-3.6,16.4,1,0,14.7,425,515,265,562,375,282,355,37,505,537,505,333,261,512,34,193,89,378,370,312,438,166,353,320,327,485,300,190,35,325,1
1642345,Oso Ighodaro,Oso,1610612756,PHX,23.0,80,44,36,0.55,22.2,2.9,4.5,0.655,0.0,0.0,0.0,0.6,1.4,0.451,1.7,3.4,5.0,2.2,1.2,0.9,0.7,0.3,2.7,1.3,6.5,1.8,19.4,4,0,17.0,1,56,94,240,237,280,369,22,505,536,505,383,273,543,84,157,132,206,208,150,98,289,46,256,333,128,240,107,35,270,1
1631172,Ousmane Dieng,Ousmane,1610612749,MIL,22.0,55,32,23,0.582,18.6,2.9,6.8,0.425,1.1,3.2,0.36,0.5,0.7,0.711,0.5,2.5,3.0,2.1,1.2,0.4,0.3,0.3,1.4,0.7,7.4,-3.9,15.3,4,0,15.2,246,174,265,197,313,284,250,390,227,231,214,430,421,395,364,254,290,223,223,402,271,311,368,396,293,492,330,107,35,310,2
1629023,P.J. Washington,P.J.,1610612742,DAL,27.0,56,16,40,0.286,31.0,5.3,11.8,0.45,1.4,4.2,0.325,2.2,3.3,0.687,1.5,5.5,7.0,1.8,1.7,1.0,1.1,0.8,2.1,2.4,14.2,-4.9,29.7,8,0,28.4,235,344,66,453,71,110,99,314,181,161,345,112,93,435,98,36,49,263,124,130,40,57,164,124,109,525,102,66,35,107,1
1641790,PJ Hall,PJ,1610612766,CHA,24.0,19,7,12,0.368,11.2,1.6,3.1,0.508,0.2,0.3,0.6,1.2,1.5,0.793,1.7,2.2,3.9,0.5,0.8,0.2,0.5,0.5,1.2,1.1,4.5,-1.5,11.3,1,0,10.5,451,444,413,403,443,415,441,133,463,507,8,241,251,248,80,295,202,498,318,519,142,160,423,307,406,367,399,190,35,404,2
1642359,Pacôme Dadiet,Pacôme,1610612752,NYK,20.0,27,17,10,0.63,3.9,0.4,1.3,0.314,0.2,0.9,0.24,0.2,0.2,1.0,0.1,0.7,0.8,0.4,0.1,0.1,0.0,0.0,0.2,0.1,1.3,0.4,3.2,0,0,3.0,415,326,432,148,555,549,544,542,449,453,458,506,527,1,545,523,536,526,549,541,511,522,568,550,547,214,552,264,35,556,1
1631094,Paolo Banchero,Paolo,1610612753,ORL,23.0,70,37,33,0.529,34.8,7.4,16.0,0.462,1.2,3.8,0.312,6.4,8.2,0.777,1.2,7.2,8.4,5.1,3.0,0.7,0.6,1.2,2.0,5.5,22.3,-0.4,40.7,25,2,39.5,88,125,125,276,14,35,34,267,218,180,374,9,6,286,152,12,29,50,19,259,126,8,200,13,26,283,25,15,14,26,1
1627783,Pascal Siakam,Pascal,1610612754,IND,32.0,62,17,45,0.274,33.2,9.0,18.6,0.484,1.7,4.7,0.358,4.2,6.1,0.693,1.4,5.2,6.6,3.8,2.2,1.1,0.4,0.8,2.4,5.1,24.0,-3.7,39.9,10,0,39.1,184,326,35,464,39,13,13,189,129,121,219,37,25,427,107,47,65,83,66,87,199,55,102,17,21,486,32,56,35,29,1
1626192,Pat Connaughton,Pat,1610612766,CHA,33.0,41,25,16,0.61,7.1,0.9,2.0,0.452,0.5,1.3,0.404,0.3,0.5,0.65,0.4,1.1,1.5,0.4,0.2,0.3,0.0,0.1,0.2,0.5,2.7,-0.7,5.8,0,0,5.7,348,237,362,170,508,498,510,300,383,421,86,482,471,459,443,459,471,517,525,482,515,479,569,472,487,305,499,264,35,494,1
1630311,Pat Spencer,Pat,1610612744,GSW,29.0,63,30,33,0.476,18.4,2.8,6.6,0.429,0.9,2.5,0.361,0.7,0.9,0.772,0.8,1.6,2.4,3.5,1.3,0.7,0.1,0.5,1.1,0.7,7.2,-1.0,16.5,1,0,15.6,176,192,125,336,315,291,265,379,286,291,210,362,375,290,274,388,374,103,195,236,480,189,425,404,299,325,297,190,35,305,1
1631116,Patrick Baldwin Jr.,Patrick,1610612758,SAC,23.0,9,3,6,0.333,11.4,1.2,3.0,0.407,0.7,1.6,0.429,0.6,0.8,0.714,1.3,1.2,2.6,0.6,0.6,0.3,0.6,0.0,1.7,0.6,3.7,-4.3,9.7,0,0,9.2,500,494,479,421,442,461,447,447,335,390,46,407,407,385,122,443,343,488,412,450,130,529,290,442,447,511,431,264,35,433,3
1630172,Patrick Williams,Patrick,1610612741,CHI,24.0,69,23,46,0.333,19.9,2.4,6.4,0.376,1.3,3.7,0.348,0.7,1.0,0.7,0.7,2.2,2.9,1.4,1.0,0.6,0.3,0.4,1.3,0.9,6.8,-4.7,14.3,0,0,14.3,101,260,32,421,288,327,274,499,196,188,258,360,345,412,309,296,306,325,249,291,233,230,391,361,319,521,346,264,35,333,1
202331,Paul George,Paul,1610612755,PHI,35.0,34,20,14,0.588,31.1,6.2,14.1,0.438,2.8,7.0,0.405,2.5,3.1,0.827,0.6,4.8,5.4,3.8,1.7,1.8,0.5,0.5,2.4,2.6,17.7,2.8,34.8,2,0,34.1,389,296,391,189,68,73,55,348,24,32,84,93,102,178,340,68,108,86,119,12,165,195,106,103,66,91,54,152,35,51,1
1630194,Paul Reed,Paul,1610612765,DET,26.0,63,45,18,0.714,13.8,3.1,5.1,0.605,0.2,0.6,0.333,1.1,1.7,0.651,2.0,2.5,4.5,1.2,0.9,0.9,0.9,0.4,1.9,1.2,7.5,1.7,19.1,3,0,16.9,176,50,339,71,402,255,331,43,453,477,298,261,231,458,66,261,164,352,294,179,57,263,236,277,287,139,246,126,35,271,1
1630202,Payton Pritchard,Payton,1610612738,BOS,28.0,77,53,24,0.688,32.3,6.4,13.7,0.463,2.6,7.1,0.374,1.5,1.7,0.888,0.9,3.1,4.0,5.1,1.4,0.7,0.1,0.5,1.5,1.6,16.9,5.1,30.5,4,0,30.4,24,14,250,85,43,65,59,263,38,29,165,189,223,74,234,185,200,49,177,240,434,153,345,218,78,38,94,107,35,85,1
1642362,Payton Sandfort,Payton,1610612760,OKC,23.0,2,2,0,1.0,3.5,0.5,2.5,0.2,0.5,2.0,0.25,0.5,1.0,0.5,0.0,1.0,1.0,0.0,0.5,0.0,0.0,0.0,2.5,0.5,2.0,-5.5,2.7,0,0,3.5,568,515,572,1,564,538,476,560,385,336,446,421,348,518,555,468,516,568,432,551,517,529,82,451,518,537,563,264,35,544,1
1641796,Pelle Larsson,Pelle,1610612748,MIA,25.0,68,37,31,0.544,26.3,3.9,7.9,0.495,0.9,2.7,0.321,2.6,3.3,0.794,1.0,2.5,3.5,3.4,1.4,0.7,0.2,0.5,2.1,3.2,11.3,1.2,21.9,1,0,20.9,114,125,153,254,161,193,207,166,294,280,355,88,92,244,185,253,239,110,164,256,327,176,182,70,178,162,201,190,35,201,1
1631250,Pete Nance,Pete,1610612749,MIL,26.0,47,14,33,0.298,15.7,2.1,4.1,0.515,1.1,2.5,0.42,0.1,0.2,0.364,0.6,2.1,2.7,1.0,0.6,0.3,0.3,0.1,1.3,0.3,5.4,-1.7,11.4,1,0,11.3,312,369,125,445,373,362,387,121,249,290,56,545,525,548,346,310,332,382,413,471,282,457,382,516,377,383,394,190,35,386,1
1631212,Peyton Watson,Peyton,1610612743,DEN,23.0,54,36,18,0.667,29.6,5.3,10.8,0.491,1.5,3.6,0.411,2.6,3.5,0.73,0.9,4.0,4.9,2.1,1.7,0.9,1.1,0.6,2.5,2.6,14.6,3.6,28.0,2,0,27.2,260,136,339,96,99,112,125,172,152,193,72,92,79,367,215,110,143,226,116,146,34,130,78,100,105,63,119,152,35,116,1
1630173,Precious Achiuwa,Precious,1610612758,SAC,26.0,71,19,52,0.268,23.7,4.3,8.0,0.535,0.4,1.3,0.3,1.0,1.8,0.548,2.4,4.3,6.7,1.3,0.9,0.9,0.7,0.6,1.7,1.4,9.9,-3.6,23.7,11,0,21.4,80,309,12,475,209,168,198,99,413,422,395,293,219,510,39,92,62,337,306,165,101,137,278,245,212,484,166,51,35,191,1
1629656,Quentin Grimes,Quentin,1610612755,PHI,25.0,72,40,32,0.556,29.7,4.5,10.0,0.451,1.7,5.1,0.331,2.6,3.2,0.837,0.6,3.1,3.7,3.3,1.8,0.9,0.4,0.4,2.1,2.7,13.4,0.0,24.7,2,0,24.5,70,95,142,235,98,149,140,311,127,103,325,87,98,152,327,191,227,118,103,176,213,235,189,96,134,253,153,152,35,145,1
1631245,Quenton Jackson,Quenton,1610612754,IND,27.0,46,9,37,0.196,17.7,3.0,6.2,0.474,0.8,2.3,0.371,1.9,2.3,0.815,0.6,1.7,2.3,2.6,1.2,0.6,0.1,0.5,1.6,2.5,8.7,-1.6,16.2,1,0,15.8,319,422,84,532,327,277,283,220,297,309,175,141,156,207,350,377,386,169,207,316,430,164,302,116,247,379,305,190,35,298,1
1642366,Quinten Post,Quinten,1610612744,GSW,26.0,67,32,35,0.478,17.3,2.9,6.6,0.44,1.4,4.1,0.336,0.5,0.6,0.791,1.0,3.0,4.0,1.4,0.8,0.4,0.5,0.3,1.9,0.7,7.7,0.9,16.5,0,0,16.3,126,174,104,334,333,285,266,344,177,166,292,420,433,253,184,196,195,322,321,423,144,363,242,395,284,185,298,264,35,287,1
1629628,RJ Barrett,RJ,1610612761,TOR,25.0,55,32,23,0.582,30.2,7.0,14.3,0.491,1.7,5.0,0.341,3.4,4.7,0.712,1.0,4.3,5.3,3.3,1.8,0.7,0.3,1.2,2.5,3.5,19.1,2.4,31.9,0,0,31.6,246,174,265,197,84,48,53,171,132,110,279,57,46,393,205,85,114,112,106,244,234,7,72,59,53,107,82,264,35,73,1
1642853,Rasheer Fleming,Rasheer,1610612756,PHX,21.0,53,28,25,0.528,11.5,1.5,3.7,0.408,0.8,2.2,0.342,0.4,0.6,0.559,1.1,1.1,2.2,0.2,0.4,0.4,0.4,0.1,1.1,0.5,4.1,1.6,8.9,0,0,8.8,268,209,239,277,440,426,405,444,315,317,274,464,434,504,176,460,392,554,475,433,224,482,430,463,427,140,450,264,35,444,1
1642484,RayJ Dennis,RayJ,1610612737,ATL,25.0,16,3,13,0.188,11.2,1.4,4.6,0.301,0.8,2.4,0.308,0.5,0.6,0.889,0.5,0.9,1.4,1.9,0.9,0.3,0.3,0.1,1.1,0.5,4.0,-2.4,9.1,0,0,9.1,458,494,403,536,444,443,361,548,317,297,381,421,455,72,374,487,479,250,285,485,311,475,442,451,433,421,444,264,35,436,3
1641712,Rayan Rupert,Rayan,1610612763,MEM,21.0,62,29,33,0.468,16.0,1.7,4.4,0.396,0.7,1.9,0.342,0.6,0.8,0.76,0.7,2.0,2.6,1.0,0.7,0.8,0.1,0.4,1.9,0.6,4.8,-4.0,11.4,1,1,10.9,184,197,125,349,365,399,374,473,339,346,276,391,395,313,310,329,333,403,353,205,443,233,240,430,398,500,393,190,21,397,2
1642263,Reed Sheppard,Reed,1610612745,HOU,21.0,79,50,29,0.633,26.4,5.0,11.5,0.432,2.8,7.0,0.396,0.9,1.1,0.81,0.4,2.6,2.9,3.4,1.5,1.5,0.7,0.4,2.1,0.8,13.6,3.5,27.2,2,0,27.1,12,29,178,143,160,126,104,372,27,31,102,316,338,219,452,247,303,105,142,23,104,218,181,371,128,67,127,152,35,118,1
1642434,Riley Minix,Riley,1610612739,CLE,25.0,7,6,1,0.857,3.6,1.1,1.7,0.667,0.4,0.9,0.5,0.0,0.0,0.0,0.3,0.4,0.7,0.6,0.3,0.1,0.0,0.0,0.4,0.0,2.7,1.1,4.6,0,0,4.7,511,457,549,11,562,471,525,14,401,460,13,553,555,553,480,550,545,486,509,527,517,529,546,564,485,164,527,264,35,516,2
1642265,Rob Dillingham,Rob,1610612741,CHI,21.0,62,28,34,0.452,14.3,2.4,6.0,0.391,0.6,1.9,0.328,0.6,0.8,0.745,0.3,1.6,1.9,2.2,1.4,0.7,0.1,0.5,1.7,0.8,5.9,-1.9,12.3,0,0,12.1,184,209,114,356,395,334,292,481,344,347,340,405,409,345,488,389,422,214,166,265,479,154,269,386,351,398,378,264,35,374,2
1629057,Robert Williams III,Robert,1610612757,POR,28.0,57,28,29,0.491,17.0,3.0,4.2,0.711,0.1,0.4,0.333,0.5,0.9,0.585,2.4,4.5,6.9,1.0,0.8,0.6,1.5,0.2,1.2,0.7,6.6,0.7,21.8,4,0,18.8,228,209,178,324,344,273,384,9,474,498,298,411,370,494,43,74,52,380,318,340,17,396,404,403,328,190,202,107,35,237,1
1642911,Rocco Zikarsky,Rocco,1610612750,MIN,19.0,4,0,4,0.0,4.1,0.8,1.3,0.6,0.0,0.0,0.0,0.0,0.0,0.0,0.5,0.8,1.3,0.0,0.0,0.0,0.8,0.0,0.3,0.0,1.5,0.0,5.3,0,0,4.3,543,564,506,564,553,516,546,47,505,537,505,553,555,553,374,513,491,568,553,551,82,529,563,564,536,245,514,264,35,528,1
1631199,Ron Harper Jr.,Ron,1610612738,BOS,25.0,27,20,7,0.741,10.0,1.2,3.1,0.398,0.8,2.4,0.344,0.0,0.1,0.5,0.5,1.0,1.5,0.6,0.2,0.2,0.3,0.0,0.7,0.2,3.3,0.7,7.5,0,0,7.4,415,296,471,58,467,461,445,465,302,303,270,551,553,518,368,468,466,477,536,495,240,522,497,532,460,192,474,264,35,468,1
1641842,Ronald Holland II,Ronald,1610612765,DET,20.0,76,54,22,0.711,19.9,3.0,7.0,0.433,0.6,2.5,0.243,1.6,2.0,0.805,1.1,2.9,4.0,1.2,1.2,1.2,0.3,0.6,2.3,1.9,8.2,1.8,18.2,2,0,17.1,34,11,285,76,289,263,244,370,357,293,457,187,198,224,166,207,196,354,209,67,238,131,108,168,271,127,260,152,35,268,1
1626220,Royce O'Neale,Royce,1610612756,PHX,32.0,77,43,34,0.558,28.5,3.4,8.0,0.421,2.7,6.7,0.409,0.3,0.5,0.722,0.8,4.0,4.7,2.7,1.3,1.1,0.4,0.1,2.3,0.7,9.8,-1.5,22.6,2,0,22.9,24,62,114,229,119,228,202,402,33,45,75,471,475,379,282,109,151,159,188,104,190,496,134,412,216,361,183,152,35,170,1
203497,Rudy Gobert,Rudy,1610612750,MIN,33.0,76,46,30,0.605,31.3,4.4,6.5,0.682,0.0,0.1,0.0,2.1,4.0,0.526,3.9,7.5,11.5,1.7,1.4,0.8,1.6,0.5,2.6,4.0,10.9,3.1,33.0,33,0,28.9,34,46,164,172,60,157,273,12,505,524,505,123,68,516,6,10,5,270,172,223,10,172,61,40,186,77,71,10,35,100,1
1629060,Rui Hachimura,Rui,1610612747,LAL,28.0,65,44,21,0.677,28.3,4.5,8.7,0.513,1.7,3.8,0.436,0.7,1.0,0.698,0.6,2.7,3.3,0.8,0.6,0.5,0.3,0.4,1.6,0.6,11.3,0.2,18.4,0,0,18.7,151,56,300,90,125,153,178,125,133,178,39,368,361,421,335,235,270,437,393,351,258,279,324,427,177,229,255,264,35,242,1
201566,Russell Westbrook,Russell,1610612758,SAC,37.0,64,16,48,0.25,28.9,5.6,13.1,0.427,2.0,5.9,0.338,2.0,2.9,0.694,1.3,4.2,5.4,6.7,3.3,1.3,0.2,0.7,2.3,2.2,15.2,-7.1,32.9,16,6,32.2,165,344,23,486,110,96,73,384,84,67,286,136,115,426,135,99,104,20,11,51,371,104,125,140,97,551,72,30,5,69,1
1642346,Ryan Dunn,Ryan,1610612756,PHX,23.0,68,39,29,0.574,19.1,2.3,5.1,0.448,0.8,2.4,0.329,0.3,0.6,0.476,1.4,2.8,4.2,1.4,0.8,0.9,0.4,0.3,1.9,0.5,5.7,0.3,15.9,1,0,14.6,114,106,178,209,304,342,336,321,308,300,336,485,443,540,113,228,180,319,342,173,193,301,233,475,362,217,313,190,35,327,1
1641750,Ryan Kalkbrenner,Ryan,1610612766,CHA,24.0,67,38,29,0.567,21.4,3.2,4.3,0.748,0.0,0.1,0.0,1.2,1.7,0.708,2.4,3.1,5.5,0.8,0.9,0.5,1.5,0.4,1.6,1.4,7.6,0.7,20.3,3,0,17.7,126,118,178,218,253,246,381,7,505,523,505,245,229,405,40,189,102,447,304,388,19,234,325,249,285,195,225,126,35,259,1
1642948,Ryan Nembhard,Ryan,1610612742,DAL,23.0,58,19,39,0.328,19.0,2.6,6.3,0.413,0.8,2.2,0.357,0.4,0.5,0.778,0.2,1.9,2.1,4.9,1.4,0.4,0.0,0.2,1.4,0.7,6.4,-0.7,16.2,3,0,15.1,221,309,72,431,306,306,280,432,309,315,228,463,476,282,528,337,396,52,171,422,512,420,360,410,336,304,304,126,35,314,1
1631157,Ryan Rollins,Ryan,1610612749,MIL,23.0,74,29,45,0.392,32.1,6.6,13.9,0.472,2.5,6.1,0.406,1.7,2.1,0.796,0.7,3.8,4.6,5.6,2.7,1.5,0.4,1.0,2.6,2.1,17.3,-2.4,34.2,6,0,33.8,55,197,35,394,47,61,57,234,47,60,80,170,179,239,295,121,161,35,32,26,189,29,65,149,70,419,58,83,35,56,1
1630180,Saddiq Bey,Saddiq,1610612740,NOP,27.0,72,24,48,0.333,31.2,6.1,13.4,0.451,2.1,5.7,0.367,3.4,4.1,0.841,1.7,3.9,5.6,2.5,0.9,0.9,0.1,0.7,1.3,2.5,17.7,-2.6,30.3,7,0,29.9,70,246,23,421,65,75,67,309,71,78,189,54,60,144,82,120,95,179,282,140,460,78,381,120,67,438,98,71,35,92,1
1630573,Sam Hauser,Sam,1610612738,BOS,28.0,76,53,23,0.697,24.7,3.2,7.6,0.417,2.5,6.4,0.387,0.2,0.3,0.85,0.7,3.1,3.8,1.4,0.5,0.5,0.3,0.1,1.4,0.4,9.1,4.6,17.7,0,0,18.4,34,14,265,82,193,247,217,420,49,51,129,505,519,133,292,184,211,320,460,371,276,486,355,480,236,48,272,264,35,247,1
1630241,Sam Merrill,Sam,1610612739,CLE,29.0,52,37,15,0.712,26.5,4.3,9.3,0.461,3.0,7.2,0.421,1.1,1.3,0.855,0.5,2.0,2.6,2.4,0.8,0.6,0.1,0.2,2.4,1.8,12.8,4.7,20.9,1,0,22.3,273,125,376,75,156,166,160,273,16,23,54,254,284,125,358,322,342,189,333,297,425,415,94,191,140,47,213,190,35,177,1
1630572,Sandro Mamukelashvili,Sandro,1610612761,TOR,26.0,77,42,35,0.545,21.9,4.1,7.9,0.522,1.4,3.7,0.387,1.5,2.0,0.75,1.4,3.6,4.9,1.9,0.8,0.8,0.5,0.4,1.9,1.4,11.2,1.9,23.1,3,0,22.1,24,75,104,248,243,180,204,107,171,187,128,196,196,332,120,140,141,253,326,211,136,213,241,252,179,117,174,126,35,182,1
1630583,Santi Aldama,Santi,1610612763,MEM,25.0,43,19,24,0.442,27.9,5.3,11.1,0.479,1.6,4.7,0.35,1.8,2.7,0.667,1.6,5.1,6.7,2.9,1.3,0.9,0.7,0.3,1.6,2.2,14.0,-1.1,29.9,5,0,28.4,332,309,250,361,129,109,116,206,138,126,248,160,130,443,97,48,63,138,198,177,91,361,311,143,112,333,101,94,35,108,1
1630703,Scoot Henderson,Scoot,1610612757,POR,22.0,28,16,12,0.571,24.6,4.8,11.6,0.414,1.9,5.4,0.355,2.9,3.5,0.835,0.6,2.1,2.8,3.8,2.4,0.8,0.3,0.6,2.8,3.0,14.4,1.0,24.3,0,0,25.1,412,344,413,213,195,138,103,428,97,85,233,75,81,157,333,304,322,88,48,198,259,111,40,77,107,170,159,264,35,134,1
1630567,Scottie Barnes,Scottie,1610612761,TOR,24.0,77,43,34,0.558,33.6,7.2,14.2,0.504,0.9,2.9,0.299,3.0,3.7,0.813,1.9,5.6,7.5,5.9,2.7,1.5,1.5,0.6,2.7,3.4,18.2,3.1,42.2,29,2,38.4,24,62,114,229,25,43,54,143,295,266,402,71,72,214,72,34,40,31,35,30,20,119,48,67,61,76,20,12,14,34,1
1630590,Scotty Pippen Jr.,Scotty,1610612763,MEM,25.0,10,2,8,0.2,21.2,4.3,9.6,0.448,1.0,3.2,0.313,1.8,2.3,0.783,0.8,1.4,2.2,4.7,2.7,1.9,0.4,0.6,3.1,2.9,11.4,-5.0,25.3,0,0,23.9,490,515,460,525,259,165,147,322,266,228,372,152,159,269,263,420,391,59,33,8,201,124,27,82,174,527,148,264,35,155,1
1642951,Sean Pedulla,Sean,1610612746,LAC,23.0,6,4,2,0.667,4.8,0.8,2.5,0.333,0.5,1.7,0.3,0.0,0.0,0.0,0.0,0.5,0.5,0.8,0.0,0.0,0.0,0.2,0.7,0.0,2.2,-2.8,4.0,0,0,4.0,519,482,533,96,542,503,476,529,385,380,395,553,555,553,555,541,552,428,553,551,517,441,504,564,511,452,538,264,35,531,1
203552,Seth Curry,Seth,1610612744,GSW,35.0,8,1,7,0.125,12.2,2.3,4.1,0.545,1.1,2.3,0.5,1.1,1.3,0.9,0.4,0.8,1.1,1.0,0.3,0.4,0.0,0.1,0.9,1.1,6.8,1.8,10.5,0,0,10.8,506,545,471,554,429,347,388,87,233,311,13,256,293,53,438,513,505,384,521,434,517,475,474,300,320,129,416,264,35,398,1
1631101,Shaedon Sharpe,Shaedon,1610612757,POR,22.0,48,22,26,0.458,30.0,8.0,17.6,0.456,2.1,6.2,0.34,3.2,4.0,0.784,1.0,3.4,4.4,2.6,3.0,1.4,0.1,1.1,2.0,3.4,21.4,-1.2,32.2,0,0,33.6,300,268,224,354,89,24,18,291,69,57,281,68,64,268,187,150,167,165,20,35,436,13,212,64,30,343,78,264,35,58,1
1628983,Shai Gilgeous-Alexander,Shai,1610612760,OKC,27.0,68,56,12,0.824,33.2,10.8,19.4,0.553,1.7,4.4,0.386,7.9,9.0,0.879,0.6,3.7,4.3,6.6,2.2,1.4,0.8,0.8,2.0,6.1,31.1,11.6,50.4,8,0,48.0,114,5,413,21,36,2,7,81,131,145,132,1,4,83,353,131,173,21,67,41,81,44,191,8,2,2,4,66,35,4,1
1630536,Sharife Cooper,Sharife,1610612764,WAS,24.0,38,6,32,0.158,16.8,2.9,5.9,0.493,0.7,1.8,0.357,1.3,1.5,0.828,0.4,1.7,2.1,2.8,1.5,0.3,0.1,0.6,1.5,1.6,7.7,-4.2,14.3,0,0,14.2,364,457,142,544,346,283,294,168,340,358,223,227,251,174,430,369,394,143,154,460,450,116,333,219,281,509,345,264,35,337,1
1631321,Sidy Cissoko,Sidy,1610612757,POR,22.0,73,37,36,0.507,19.6,1.8,4.6,0.398,0.8,2.7,0.298,0.8,1.2,0.651,0.8,1.4,2.3,1.5,1.0,0.7,0.3,0.4,2.5,1.7,5.2,-0.8,12.4,0,0,11.9,63,125,94,299,296,394,358,463,303,279,405,343,314,457,242,415,383,302,277,261,237,258,86,195,384,306,377,264,35,378,1
1631323,Simone Fontecchio,Simone,1610612748,MIA,30.0,69,35,34,0.507,16.6,2.7,6.7,0.403,1.7,4.6,0.366,1.2,1.4,0.84,0.8,2.2,3.0,1.4,0.7,0.5,0.1,0.3,1.5,0.8,8.3,1.3,15.3,0,0,15.7,101,152,114,298,349,300,255,456,126,128,193,237,267,146,266,296,293,312,363,362,430,325,346,369,263,160,329,264,35,301,1
1642883,Sion James,Sion,1610612766,CHA,23.0,80,43,37,0.538,22.6,1.7,4.5,0.372,1.0,2.9,0.355,1.0,1.2,0.837,0.6,2.9,3.5,2.0,0.8,0.6,0.3,0.3,1.8,1.2,5.4,0.9,14.5,0,0,13.7,1,62,84,262,229,407,366,504,265,269,233,272,302,153,332,216,243,231,344,293,311,289,254,283,379,186,341,264,35,347,1
1627746,Skal Labissiere,Skal,1610612764,WAS,30.0,3,2,1,0.667,12.5,2.0,3.3,0.6,0.3,1.7,0.2,0.0,0.0,0.0,1.0,2.0,3.0,1.0,0.3,0.7,0.3,0.0,1.0,0.0,4.3,0.7,12.1,0,0,10.7,555,515,549,96,421,369,425,47,419,380,473,553,555,553,187,323,293,384,491,273,240,529,452,564,419,196,382,264,35,400,1
1642461,Spencer Jones,Spencer,1610612743,DEN,24.0,64,41,23,0.641,22.1,2.1,4.1,0.504,0.9,2.3,0.396,0.5,0.8,0.608,1.2,2.1,3.3,0.8,0.5,0.8,0.5,0.3,2.7,0.8,5.5,0.0,13.9,1,0,13.0,165,85,265,137,240,366,390,144,290,311,103,432,402,487,148,308,269,440,451,202,172,365,45,390,372,244,349,190,35,360,1
1630649,Stanley Umude,Stanley,1610612759,SAS,26.0,2,2,0,1.0,3.3,0.5,1.0,0.5,0.0,0.5,0.0,0.0,0.0,0.0,0.0,0.0,0.0,0.5,0.0,0.5,0.0,0.0,1.0,0.0,1.0,-8.5,3.3,0,0,2.5,568,515,572,1,568,538,553,148,505,485,505,553,555,553,555,570,574,502,553,371,517,529,452,564,554,567,549,264,35,561,1
201939,Stephen Curry,Stephen,1610612744,GSW,38.0,41,24,17,0.585,31.0,8.9,19.0,0.468,4.5,11.4,0.392,4.8,5.1,0.929,0.4,3.1,3.5,4.8,2.8,1.1,0.4,0.6,1.8,4.7,27.0,2.0,40.1,3,0,42.8,348,246,353,192,69,15,10,243,1,1,110,31,41,41,422,183,238,57,28,85,212,122,251,24,10,116,30,126,35,14,1
1642264,Stephon Castle,Stephon,1610612759,SAS,21.0,67,51,16,0.761,30.0,5.7,12.0,0.473,1.2,3.6,0.328,4.2,5.7,0.737,1.4,3.8,5.2,7.4,3.2,1.1,0.3,1.0,3.3,4.4,16.8,6.3,35.2,17,5,33.4,126,21,362,45,90,89,93,225,220,196,339,39,32,360,114,125,119,11,12,77,289,24,18,31,79,26,51,29,6,61,1
203500,Steven Adams,Steven,1610612745,HOU,32.0,32,21,11,0.656,22.8,2.2,4.3,0.504,0.0,0.0,0.0,1.5,2.5,0.58,4.5,4.1,8.6,1.5,1.1,0.7,0.6,0.3,1.7,2.2,5.8,6.1,21.3,3,0,18.6,397,281,425,122,223,356,376,145,505,537,505,198,135,498,2,103,25,297,237,268,116,332,272,141,353,29,208,126,35,245,1
1629004,Svi Mykhailiuk,Svi,1610612762,UTA,28.0,50,14,36,0.28,23.1,3.5,7.2,0.478,2.0,4.8,0.408,0.5,0.6,0.893,0.7,1.8,2.5,1.9,0.8,0.5,0.1,0.3,1.3,0.6,9.4,-1.5,16.0,0,0,16.8,291,369,94,459,217,224,234,210,92,116,78,421,456,66,298,366,356,255,320,364,492,333,398,431,226,368,310,264,35,274,1
204456,T.J. McConnell,T.J.,1610612754,IND,34.0,56,15,41,0.268,17.2,4.3,8.0,0.538,0.3,0.9,0.32,0.4,0.5,0.862,0.4,1.8,2.2,5.1,1.1,1.0,0.2,0.4,1.1,1.1,9.4,-2.4,22.1,1,0,19.4,235,359,56,474,337,163,196,97,438,458,356,444,462,114,432,358,390,48,228,119,383,225,435,318,227,425,197,190,35,222,1
1643007,Taelon Peter,Taelon,1610612754,IND,24.0,35,5,30,0.143,12.2,1.5,3.9,0.387,1.1,3.2,0.342,0.2,0.4,0.538,0.2,1.3,1.5,1.0,0.7,0.7,0.1,0.1,0.9,0.4,4.3,-2.7,9.3,0,0,9.5,384,469,164,548,430,423,398,488,241,232,273,512,493,513,506,436,472,381,368,279,441,500,467,484,421,444,437,264,35,428,1
201959,Taj Gibson,Taj,1610612763,MEM,40.0,9,1,8,0.111,8.6,1.2,2.4,0.5,0.3,0.7,0.5,0.6,0.7,0.833,1.0,1.6,2.6,0.6,0.1,0.2,0.1,0.3,1.2,0.7,3.3,0.0,8.1,0,0,7.4,500,545,460,557,488,461,482,148,419,470,13,407,422,158,187,396,343,488,544,495,444,291,407,417,457,245,467,264,35,466,1
1631106,Tari Eason,Tari,1610612745,HOU,24.0,57,36,21,0.632,25.9,4.0,9.6,0.415,1.6,4.3,0.36,0.8,1.1,0.758,2.1,4.2,6.3,1.5,1.4,1.2,0.5,0.7,2.3,1.0,10.4,2.7,23.9,6,0,23.1,228,136,300,145,171,185,145,425,143,148,212,329,335,319,52,98,69,304,180,64,163,79,113,328,196,94,164,83,35,164,1
1627752,Taurean Prince,Taurean,1610612749,MIL,32.0,24,9,15,0.375,22.7,3.1,6.8,0.457,2.2,5.0,0.437,0.2,0.2,1.0,0.2,2.6,2.8,1.6,1.1,0.6,0.3,0.2,1.9,0.5,8.6,-1.6,15.7,1,0,16.8,426,422,376,399,224,252,249,284,65,111,38,509,529,1,531,245,322,280,231,319,311,400,229,451,248,378,317,190,35,275,1
1641707,Taylor Hendricks,Taylor,1610612763,MEM,22.0,59,12,47,0.203,19.0,2.8,6.0,0.459,1.1,3.1,0.342,0.8,1.2,0.681,1.1,2.6,3.7,0.9,0.8,0.8,0.5,0.4,1.7,1.1,7.4,-4.4,16.5,2,0,15.9,214,391,29,523,307,295,291,278,247,237,272,327,303,438,162,236,220,410,315,185,148,242,288,319,292,513,296,152,35,296,2
1629611,Terance Mann,Terance,1610612751,BKN,29.0,63,15,48,0.238,24.3,2.7,5.8,0.457,0.9,2.4,0.364,1.0,1.3,0.788,1.1,2.1,3.2,3.0,1.1,0.7,0.2,0.3,2.5,1.3,7.2,-4.2,17.1,0,0,16.1,176,359,23,502,199,301,299,287,291,296,199,275,292,258,161,315,280,134,230,284,326,281,91,273,299,510,287,264,35,291,1
1630545,Terrence Shannon Jr.,Terrence,1610612750,MIN,25.0,41,22,19,0.537,11.6,1.5,3.4,0.45,0.6,1.5,0.419,1.0,1.2,0.8,0.2,0.9,1.1,0.8,0.5,0.3,0.0,0.3,1.1,1.0,4.7,-2.3,7.7,0,0,7.9,348,268,324,264,438,420,422,313,342,397,58,288,304,232,509,491,506,443,430,459,515,344,432,324,401,416,471,264,35,461,1
203648,Thanasis Antetokounmpo,Thanasis,1610612749,MIL,33.0,33,9,24,0.273,3.7,0.4,0.8,0.462,0.0,0.1,0.0,0.5,0.8,0.577,0.3,0.5,0.8,0.3,0.3,0.4,0.2,0.1,0.4,0.5,1.2,0.2,3.9,0,0,3.3,393,422,250,467,561,552,564,268,505,518,505,441,405,500,478,539,531,548,515,440,411,510,547,467,550,230,540,264,35,548,1
1628418,Thomas Bryant,Thomas,1610612739,CLE,28.0,60,37,23,0.617,12.2,2.3,4.5,0.506,0.8,2.2,0.359,0.9,1.1,0.803,1.0,2.4,3.4,0.6,0.5,0.3,0.4,0.2,1.3,1.1,6.2,0.7,12.8,1,0,12.4,208,125,265,164,428,347,372,139,310,320,218,311,332,228,195,267,253,490,458,468,180,426,402,313,342,198,369,190,35,368,1
1642275,Tidjane Salaün,Tidjane,1610612766,CHA,20.0,36,18,18,0.5,15.9,2.2,4.4,0.506,1.0,2.3,0.434,0.7,1.1,0.65,0.7,3.4,4.1,0.8,0.7,0.4,0.2,0.3,1.5,1.0,6.2,0.1,13.5,1,0,13.3,375,317,339,300,368,351,375,135,266,308,42,355,325,459,297,150,183,450,365,399,362,365,334,340,342,238,362,190,35,352,1
203501,Tim Hardaway Jr.,Tim,1610612743,DEN,34.0,79,51,28,0.646,26.6,4.4,9.7,0.449,2.8,6.8,0.409,2.0,2.4,0.813,0.2,2.4,2.6,1.3,0.5,0.5,0.1,0.2,1.3,1.8,13.5,2.5,20.0,0,0,21.5,12,21,199,131,153,161,143,319,26,39,77,134,148,213,511,272,339,333,419,366,435,386,401,180,133,103,229,264,35,188,1
202699,Tobias Harris,Tobias,1610612765,DET,33.0,61,44,17,0.721,27.8,4.9,10.5,0.463,1.3,3.6,0.353,2.2,2.5,0.875,0.9,4.3,5.1,2.6,1.0,0.9,0.4,0.6,1.7,1.7,13.2,5.5,26.1,3,0,24.8,202,56,353,68,130,132,129,264,201,197,241,118,141,88,236,93,124,177,255,153,184,138,277,202,135,34,141,126,35,140,1
1643253,Toby Okani,Toby,1610612763,MEM,24.0,4,0,4,0.0,33.6,3.3,9.5,0.342,1.8,4.8,0.368,0.3,2.0,0.125,1.5,1.5,3.0,0.8,0.5,0.8,0.3,0.8,3.3,1.8,8.5,-17.3,15.7,0,0,16.0,543,564,506,564,26,241,152,524,119,119,186,496,186,552,98,401,293,450,432,232,311,65,21,191,255,577,318,264,35,294,1
1642449,Tolu Smith,Tolu,1610612765,DET,25.0,14,10,4,0.714,9.4,1.2,2.4,0.5,0.0,0.0,0.0,1.2,1.9,0.654,1.4,1.9,3.3,0.9,0.5,0.1,0.4,0.5,1.6,1.3,3.6,0.3,10.1,0,0,8.9,468,407,506,71,475,465,486,148,505,537,505,239,211,455,110,346,267,423,432,527,181,176,318,265,448,221,424,264,35,441,1
1628396,Tony Bradley,Tony,1610612737,ATL,28.0,39,9,30,0.231,10.8,1.5,2.8,0.546,0.0,0.1,0.5,0.8,1.1,0.744,1.5,1.3,2.8,0.5,0.5,0.2,0.2,0.4,1.6,0.9,3.9,-2.8,8.5,0,0,7.9,360,422,164,508,453,425,461,86,494,528,13,330,329,347,103,429,317,501,459,521,381,271,321,358,441,448,460,264,35,462,2
1641787,Tosan Evbuomwan,Tosan,1610612766,CHA,25.0,5,4,1,0.8,1.5,0.0,0.2,0.0,0.0,0.0,0.0,0.0,0.0,0.0,0.2,0.2,0.4,0.0,0.0,0.0,0.0,0.0,0.2,0.0,0.0,-1.6,0.5,0,0,0.4,530,482,549,26,577,571,577,571,505,537,505,553,555,553,519,562,558,568,553,551,517,529,570,564,574,374,578,264,35,578,1
1641739,Toumani Camara,Toumani,1610612757,POR,25.0,80,40,40,0.5,33.3,4.8,10.8,0.444,2.7,7.2,0.373,1.2,1.7,0.708,1.6,3.6,5.2,2.5,1.8,1.2,0.4,0.5,2.9,2.7,13.5,0.4,26.4,3,0,27.0,1,95,66,300,33,136,123,330,34,24,166,240,226,404,95,139,123,185,100,74,185,148,33,92,130,215,134,126,35,119,1
1629027,Trae Young,Trae,1610612764,WAS,27.0,15,2,13,0.133,25.6,5.4,11.8,0.458,1.8,5.3,0.338,5.3,6.5,0.825,0.3,1.7,2.0,8.0,2.6,0.9,0.1,0.1,2.2,5.5,17.9,-4.4,32.7,3,0,31.7,461,515,403,553,179,105,97,283,112,91,288,21,17,187,491,371,405,6,40,174,426,468,148,10,63,514,75,126,35,72,2
1631218,Trayce Jackson-Davis,Trayce,1610612761,TOR,26.0,52,28,24,0.538,9.4,1.3,2.3,0.57,0.0,0.0,1.0,0.7,1.4,0.514,1.3,1.5,2.7,0.8,0.4,0.3,0.4,0.4,0.8,1.0,3.4,-1.6,9.6,1,0,8.4,273,209,250,258,474,449,489,71,498,533,1,354,270,517,135,408,328,450,465,458,175,245,480,338,456,371,432,190,35,453,2
1642848,Tre Johnson,Tre,1610612764,WAS,20.0,60,12,48,0.2,24.0,4.5,10.8,0.419,1.9,5.4,0.358,1.3,1.5,0.874,0.5,2.4,2.8,2.0,1.6,0.6,0.3,0.2,2.0,1.2,12.2,-5.6,19.7,0,0,20.7,208,391,23,525,202,148,124,412,99,90,220,225,266,93,388,276,308,230,139,348,277,441,194,278,152,538,233,264,35,205,1
1630200,Tre Jones,Tre,1610612741,CHI,26.0,62,26,36,0.419,27.0,5.2,9.4,0.553,0.6,2.0,0.311,2.8,3.4,0.829,0.6,2.5,3.1,5.5,1.5,1.2,0.2,0.8,1.4,2.8,13.8,-2.2,28.4,5,0,25.7,184,222,94,375,147,117,155,80,350,344,376,78,85,170,342,256,285,40,158,68,384,62,359,86,117,412,116,94,35,130,1
1630544,Tre Mann,Tre,1610612766,CHA,25.0,51,29,22,0.569,13.0,2.1,5.8,0.362,1.0,3.0,0.327,0.5,0.5,0.852,0.4,1.4,1.8,1.7,1.0,0.5,0.1,0.1,1.4,0.5,5.7,-2.9,11.1,0,0,11.3,283,197,285,217,415,363,298,513,275,252,342,443,460,130,433,418,430,268,250,380,457,467,373,471,364,456,407,264,35,389,1
1630570,Trendon Watford,Trendon,1610612755,PHI,25.0,52,26,26,0.5,16.5,2.6,5.1,0.513,0.2,1.0,0.2,1.2,1.5,0.779,0.7,2.6,3.3,2.5,1.2,0.3,0.4,0.5,2.0,1.5,6.6,-2.7,15.3,1,1,14.1,273,222,224,300,354,304,333,126,458,447,473,250,260,278,294,241,258,180,215,463,198,169,198,223,329,443,328,190,21,341,1
1642280,Trentyn Flowers,Trentyn,1610612741,CHI,21.0,2,0,2,0.0,2.8,1.0,1.5,0.667,0.0,0.5,0.0,0.0,0.0,0.0,0.5,0.0,0.5,0.5,0.5,0.0,0.0,0.0,0.5,0.0,2.0,-1.0,2.9,0,0,3.0,568,564,533,564,573,485,536,14,505,485,505,553,555,553,374,570,552,502,432,551,517,529,533,564,518,328,559,264,35,553,1
1630286,Trevon Scott,Trevon,1610612751,BKN,29.0,3,2,1,0.667,25.2,2.3,5.0,0.467,1.0,2.0,0.5,0.3,0.3,1.0,1.3,3.7,5.0,2.0,0.7,1.7,1.0,0.0,2.0,0.7,6.0,-3.0,22.3,0,0,19.3,555,515,549,96,186,336,341,248,266,336,13,472,498,1,122,135,134,232,372,13,44,529,200,417,348,460,188,264,35,225,1
1631211,Trevor Keels,Trevor,1610612748,MIA,22.0,5,4,1,0.8,1.5,0.0,1.0,0.0,0.0,0.8,0.0,0.0,0.0,0.0,0.0,0.4,0.4,0.0,0.0,0.0,0.0,0.0,0.0,0.0,0.0,-2.8,0.5,0,0,0.4,530,482,549,26,578,571,553,571,505,464,505,553,555,553,555,551,558,568,553,551,517,529,576,564,574,449,578,264,35,578,1
1641725,Trey Alexander,Trey,1610612740,NOP,22.0,7,2,5,0.286,9.1,1.1,2.3,0.5,0.4,0.6,0.75,0.3,0.3,1.0,0.0,1.1,1.1,1.0,0.3,0.4,0.1,0.0,1.0,0.3,3.0,-2.3,7.3,0,0,6.7,511,515,497,453,476,471,493,148,401,481,5,487,514,1,555,454,502,384,509,404,420,529,452,512,469,415,478,264,35,481,1
1641998,Trey Jemison III,Trey,1610612752,NYK,26.0,11,9,2,0.818,5.5,0.4,0.6,0.571,0.0,0.0,0.0,0.1,0.1,1.0,0.7,0.7,1.5,0.3,0.5,0.1,0.2,0.0,0.8,0.3,0.8,-1.4,3.2,0,0,3.1,483,422,533,22,535,552,569,64,505,537,505,544,550,1,296,518,475,548,416,546,376,529,486,518,563,358,550,264,35,551,1
1630530,Trey Murphy III,Trey,1610612740,NOP,25.0,66,21,45,0.318,35.5,7.5,15.9,0.47,3.2,8.6,0.379,3.3,3.7,0.886,1.0,4.8,5.7,3.8,1.8,1.5,0.4,0.4,2.1,2.9,21.5,-2.6,37.8,4,0,38.0,141,281,35,436,5,31,37,239,8,10,156,59,74,76,206,69,84,85,99,24,228,264,175,79,29,434,43,107,35,36,1
1642400,Tristan Enaruna,Tristan,1610612739,CLE,24.0,7,7,0,1.0,6.5,1.0,2.6,0.389,0.1,0.9,0.167,0.0,0.1,0.0,0.7,0.7,1.4,0.4,0.3,0.1,0.0,0.3,0.1,0.3,2.1,3.7,4.6,0,0,4.4,511,444,572,1,518,485,472,483,469,460,488,553,544,553,300,520,481,518,509,527,517,328,574,512,513,62,526,264,35,521,1
1641774,Tristan Vukcevic,Tristan,1610612764,WAS,23.0,49,8,41,0.163,13.7,3.1,6.5,0.479,1.0,2.9,0.347,1.8,2.3,0.784,0.7,2.3,3.0,1.1,1.3,0.5,0.7,0.3,1.7,1.7,9.0,-4.6,16.4,1,0,16.4,296,434,56,543,406,257,272,205,259,259,262,159,166,266,322,277,293,367,199,387,102,328,289,204,237,520,299,190,35,283,1
1641783,Tristan da Silva,Tristan,1610612753,ORL,24.0,75,42,33,0.56,24.7,3.7,8.1,0.451,1.6,4.2,0.38,1.1,1.2,0.882,0.8,2.9,3.7,1.5,0.9,0.9,0.3,0.3,1.5,1.0,10.0,1.1,19.5,0,0,19.3,42,75,125,226,191,204,193,310,139,156,151,263,298,80,273,212,228,293,299,163,240,315,328,320,208,167,236,264,35,226,1
1629660,Ty Jerome,Ty,1610612763,MEM,28.0,15,3,12,0.2,22.6,6.8,14.3,0.474,2.8,6.7,0.42,3.3,3.7,0.875,0.7,2.1,2.8,5.7,1.8,1.1,0.3,0.5,2.1,2.7,19.7,-3.0,33.7,0,0,33.6,461,494,413,525,226,56,52,219,25,43,57,61,73,88,293,314,315,34,100,100,301,150,186,95,48,460,66,264,35,57,1
1631102,TyTy Washington Jr.,TyTy,1610612746,LAC,24.0,15,8,7,0.533,5.7,0.6,1.3,0.474,0.2,0.5,0.375,0.0,0.0,0.0,0.1,0.3,0.4,1.1,0.2,0.4,0.2,0.1,0.5,0.1,1.4,-2.4,5.2,0,0,4.3,461,434,471,268,531,533,545,221,455,483,162,553,555,553,551,557,558,365,534,415,348,508,544,563,540,426,517,264,35,523,1
1631174,Tyler Burton,Tyler,1610612763,MEM,26.0,12,2,10,0.167,25.6,3.5,9.3,0.375,1.8,5.5,0.333,1.9,2.3,0.852,0.7,3.5,4.2,1.0,0.9,0.9,0.3,0.6,2.6,1.8,10.8,-12.1,20.1,0,0,20.3,475,515,432,540,180,219,159,500,110,81,298,139,168,130,311,144,181,384,289,148,240,134,67,191,189,574,227,264,35,209,1
1629639,Tyler Herro,Tyler,1610612748,MIA,26.0,31,13,18,0.419,31.7,7.7,15.9,0.484,2.6,6.8,0.379,3.2,3.5,0.917,0.5,4.2,4.6,4.0,1.9,0.7,0.4,0.6,1.8,2.7,21.2,-1.5,34.1,0,0,34.6,402,381,339,375,54,29,36,191,41,40,152,67,80,45,402,97,155,72,83,254,216,110,255,94,32,362,61,264,35,47,1
1642278,Tyler Kolek,Tyler,1610612752,NYK,25.0,62,39,23,0.629,11.7,1.7,4.0,0.435,0.7,1.8,0.386,0.2,0.3,0.7,0.3,1.3,1.6,2.7,0.9,0.4,0.1,0.3,1.0,0.5,4.4,1.7,10.8,2,0,10.3,184,106,265,149,435,399,394,359,325,359,131,504,508,412,495,434,463,150,301,446,491,358,446,444,412,134,411,152,35,409,1
1641890,Tyler Smith,Tyler,1610612742,DAL,21.0,10,1,9,0.1,11.0,1.1,3.1,0.355,0.6,2.2,0.273,0.2,0.4,0.5,0.9,1.5,2.4,0.4,0.3,0.3,0.0,0.1,0.8,0.2,3.0,-1.9,7.1,0,0,7.0,490,545,444,559,447,478,442,515,360,319,431,512,484,518,220,401,368,521,502,468,517,488,489,538,469,400,480,264,35,477,1
1631213,Tyrese Martin,Tyrese,1610612755,PHI,27.0,45,11,34,0.244,17.2,2.4,6.2,0.394,1.2,3.7,0.321,0.4,0.6,0.679,0.8,1.8,2.6,1.7,0.9,0.6,0.1,0.2,0.7,0.5,6.4,-4.0,13.3,0,0,13.3,323,402,114,497,334,324,286,477,221,188,354,446,440,439,280,357,340,266,300,341,426,431,498,448,335,496,363,264,35,353,2
1630178,Tyrese Maxey,Tyrese,1610612755,PHI,25.0,67,36,31,0.537,38.2,9.9,21.5,0.463,3.2,8.6,0.369,5.4,6.0,0.891,0.3,3.8,4.1,6.7,2.5,1.9,0.8,1.0,2.2,4.1,28.4,1.5,49.1,7,0,47.9,126,136,153,263,1,6,3,265,12,9,182,20,26,71,479,122,186,17,47,9,69,24,157,38,5,148,6,71,35,5,1
1642878,Tyrese Proctor,Tyrese,1610612739,CLE,22.0,48,32,16,0.667,10.4,1.6,4.2,0.393,0.8,2.5,0.336,0.8,0.9,0.881,0.2,0.9,1.1,1.3,0.6,0.5,0.0,0.2,1.2,0.7,4.9,-0.5,8.9,0,0,9.1,300,174,362,96,459,410,385,478,301,294,291,341,383,81,515,493,508,341,389,381,517,400,421,406,396,295,448,264,35,436,1
1630623,Tyson Etienne,Tyson,1610612751,BKN,26.0,21,5,16,0.238,13.0,2.0,4.8,0.41,1.5,3.8,0.405,0.9,1.0,0.9,0.1,0.7,0.8,1.4,0.5,0.4,0.0,0.1,1.7,0.8,6.3,-1.2,10.2,0,0,10.9,437,469,362,502,416,378,352,438,147,184,84,317,363,53,547,520,537,314,422,404,517,492,274,391,337,341,422,264,35,396,1
1626145,Tyus Jones,Tyus,1610612743,DEN,29.0,65,35,30,0.538,14.4,1.1,3.2,0.346,0.6,2.0,0.277,0.1,0.1,0.778,0.2,0.9,1.0,2.3,0.3,0.6,0.0,0.1,0.5,0.2,2.8,-1.9,9.1,0,0,8.0,151,152,164,258,393,479,437,521,371,336,428,539,545,282,535,492,511,195,490,335,503,478,545,531,481,396,445,264,35,458,3
1642845,VJ Edgecombe,VJ,1610612755,PHI,20.0,72,41,31,0.569,34.9,6.0,13.7,0.438,2.0,5.6,0.357,2.0,2.4,0.827,1.6,3.9,5.6,4.0,1.8,1.4,0.5,0.7,2.9,1.9,16.0,0.3,32.7,7,0,31.5,70,85,153,215,13,78,60,349,83,79,223,135,152,179,88,115,93,71,97,36,141,71,35,169,88,220,74,71,35,74,1
1641705,Victor Wembanyama,Victor,1610612759,SAS,22.0,63,49,14,0.778,29.2,8.6,16.8,0.51,1.9,5.4,0.35,5.7,7.0,0.825,2.0,9.5,11.5,3.1,2.4,1.0,3.1,0.5,2.5,6.2,24.8,10.7,53.1,41,1,49.5,176,34,391,38,106,18,25,132,102,84,250,15,16,189,61,2,4,128,48,111,1,163,89,7,17,3,3,4,21,3,1
1631246,Vince Williams Jr.,Vince,1610612762,UTA,25.0,40,16,24,0.4,20.5,2.6,7.3,0.353,1.4,4.4,0.311,1.0,1.3,0.78,1.0,2.9,3.9,4.2,1.8,0.7,0.4,0.3,2.0,1.3,7.5,0.2,20.0,1,0,19.2,355,344,250,383,273,311,231,516,180,141,377,289,293,276,199,210,207,66,111,245,201,338,200,259,288,236,228,190,35,228,2
1642884,Vladislav Goldin,Vladislav,1610612748,MIA,24.0,6,3,3,0.5,2.8,0.3,0.5,0.667,0.0,0.0,0.0,0.0,0.0,0.0,0.3,0.5,0.8,0.3,0.3,0.0,0.3,0.0,0.5,0.0,0.7,-2.3,2.8,0,0,2.5,519,494,523,300,572,555,572,14,505,537,505,553,555,553,460,541,533,531,491,551,240,529,533,564,566,417,560,264,35,561,1
1630249,Vít Krejčí,Vít,1610612757,POR,25.0,64,31,33,0.484,21.7,3.0,6.7,0.448,2.0,5.1,0.391,0.6,0.8,0.745,0.5,1.8,2.3,1.6,0.6,0.7,0.3,0.1,2.1,0.9,8.6,-0.6,16.1,0,0,16.5,165,183,125,328,248,272,258,320,84,104,114,397,402,344,387,356,379,290,382,242,290,463,163,364,251,298,309,264,35,282,2
1631117,Walker Kessler,Walker,1610612762,UTA,24.0,5,2,3,0.4,30.8,5.2,7.4,0.703,1.2,1.6,0.75,2.8,4.0,0.7,4.6,6.2,10.8,3.0,3.2,1.4,1.8,1.0,4.4,2.4,14.4,2.8,38.3,2,0,35.8,530,515,523,383,73,115,225,10,213,387,5,79,66,412,1,25,10,135,13,37,5,24,1,121,106,89,38,152,35,41,1
1642383,Walter Clayton Jr.,Walter,1610612763,MEM,23.0,69,17,52,0.246,20.4,2.6,6.7,0.384,1.1,3.5,0.307,1.6,1.8,0.901,0.4,1.7,2.0,4.0,1.7,0.6,0.3,0.6,1.7,1.6,7.8,-4.1,17.3,1,0,16.8,101,326,12,493,275,313,255,491,240,201,386,186,222,52,447,384,403,70,123,291,296,140,270,216,280,507,283,190,35,276,2
1628976,Wendell Carter Jr.,Wendell,1610612753,ORL,26.0,76,42,34,0.553,29.4,4.2,8.2,0.515,0.9,2.9,0.323,2.5,3.2,0.793,2.1,5.3,7.4,2.0,1.3,0.8,0.6,0.5,3.4,2.9,11.9,1.0,26.7,12,0,25.1,34,75,114,238,101,170,191,122,280,261,349,94,96,247,56,40,44,232,194,213,121,160,11,80,161,176,130,46,35,135,1
1631111,Wendell Moore Jr.,Wendell,1610612765,DET,24.0,6,5,1,0.833,9.9,0.7,1.2,0.571,0.0,0.2,0.0,0.3,0.3,1.0,0.2,0.8,1.0,0.7,0.2,0.3,0.3,0.2,0.5,0.5,1.7,7.0,5.7,0,0,4.7,519,469,549,15,468,527,551,64,505,512,505,472,498,1,531,500,516,470,538,450,240,441,533,451,533,16,502,264,35,519,1
1642954,Will Richard,Will,1610612744,GSW,23.0,67,34,33,0.507,20.2,2.4,5.1,0.474,1.1,3.1,0.341,0.7,0.8,0.852,1.0,1.5,2.5,1.4,0.8,1.2,0.1,0.2,1.9,0.9,6.6,-1.3,14.8,0,0,14.1,126,162,125,297,280,325,338,221,250,239,277,365,396,130,202,397,353,327,339,72,439,430,226,359,331,347,336,264,35,340,1
1642860,Will Riley,Will,1610612764,WAS,20.0,71,16,55,0.225,21.6,3.6,8.0,0.447,1.1,3.2,0.33,1.9,2.4,0.795,0.8,2.0,2.7,1.9,1.2,0.7,0.1,0.4,1.2,1.7,10.1,-6.0,17.4,2,0,17.4,80,344,7,515,251,216,198,325,251,229,326,140,151,242,276,325,325,251,216,257,473,262,420,199,206,541,281,152,35,263,1
1630214,Xavier Tillman,Xavier,1610612766,CHA,27.0,29,21,8,0.724,6.2,0.7,1.6,0.422,0.1,0.6,0.167,0.0,0.1,0.25,0.7,0.8,1.4,0.4,0.3,0.3,0.2,0.1,0.5,0.2,1.4,-0.8,5.0,0,0,4.4,406,281,460,64,522,530,533,398,478,476,488,552,546,550,320,512,482,516,513,462,389,487,532,529,538,310,519,264,35,522,2
1642905,Yang Hansen,ang Hansen,1610612757,POR,20.0,41,22,19,0.537,7.2,0.8,2.4,0.31,0.1,1.0,0.119,0.7,0.8,0.824,0.5,1.1,1.6,0.5,0.8,0.1,0.2,0.3,1.0,1.0,2.3,-2.4,5.2,0,0,5.2,348,268,324,264,506,515,483,544,475,441,500,366,388,192,386,463,460,494,341,549,323,344,445,344,504,420,516,264,35,505,1
1642949,Yanic Konan Niederhäuser,Yanic Konan,1610612746,LAC,23.0,41,22,19,0.537,10.3,1.6,2.4,0.64,0.0,0.1,0.2,1.1,1.5,0.758,0.9,2.0,2.9,0.3,0.6,0.1,0.7,0.2,1.6,1.1,4.3,0.9,10.2,0,0,9.2,348,268,324,264,460,418,483,28,495,517,473,252,255,319,219,333,307,543,409,537,87,373,310,310,423,182,423,264,35,434,1
1642530,Yuki Kawamura,Yuki,1610612741,CHI,24.0,15,5,10,0.333,10.9,0.7,2.1,0.344,0.5,1.5,0.364,0.8,0.9,0.923,0.5,1.3,1.8,2.7,0.8,0.6,0.0,0.1,0.7,0.9,2.8,0.5,10.0,0,0,9.0,461,469,432,421,450,521,504,522,377,403,199,333,385,42,392,429,431,156,335,312,517,468,498,346,483,202,427,264,35,438,1
1642274,Yves Missi,Yves,1610612740,NOP,21.0,66,19,47,0.288,19.7,2.4,4.5,0.544,0.0,0.0,0.0,0.9,1.5,0.559,2.8,3.1,5.8,1.3,0.8,0.3,1.5,0.4,1.7,1.2,5.7,-0.6,19.3,5,0,16.5,141,309,29,452,293,323,371,90,505,535,505,312,249,504,25,190,77,343,326,465,15,241,275,290,359,297,242,94,35,281,1
1642258,Zaccharie Risacher,Zaccharie,1610612737,ATL,21.0,65,38,27,0.585,22.5,3.7,8.0,0.457,1.4,3.9,0.373,0.9,1.4,0.636,1.0,2.7,3.8,1.1,0.8,0.9,0.5,0.4,2.2,1.1,9.6,0.0,19.2,0,0,18.8,151,118,212,193,230,210,197,286,166,177,170,315,277,472,179,231,219,370,316,169,134,207,140,301,218,245,243,264,35,241,1
1628380,Zach Collins,Zach,1610612741,CHI,28.0,10,6,4,0.6,18.4,3.7,6.4,0.578,0.9,2.1,0.429,1.4,2.0,0.7,1.6,4.0,5.6,1.5,1.0,0.2,0.4,0.2,1.8,1.9,9.7,1.8,19.5,1,0,18.9,490,457,506,176,316,200,275,62,288,327,46,206,186,412,92,106,89,297,257,504,201,405,256,172,217,123,239,190,35,233,1
1641744,Zach Edey,Zach,1610612763,MEM,23.0,11,7,4,0.636,25.8,5.6,8.9,0.633,0.1,0.5,0.2,2.3,2.9,0.781,3.9,7.2,11.1,1.1,2.4,0.6,1.9,0.5,3.4,3.4,13.6,10.3,33.9,5,0,31.0,483,444,506,139,173,94,169,32,482,489,473,108,110,273,7,13,8,372,53,294,3,145,13,65,124,4,65,94,35,79,1
203897,Zach LaVine,Zach,1610612758,SAC,31.0,39,9,30,0.231,31.4,6.7,14.0,0.479,2.5,6.5,0.39,3.2,3.6,0.88,0.2,2.6,2.8,2.3,1.9,0.7,0.3,0.6,2.1,2.5,19.2,-7.9,27.0,0,0,28.7,360,422,164,508,58,58,56,207,44,47,119,66,76,82,517,248,319,201,88,248,310,113,179,117,52,564,129,264,35,102,1
1630192,Zeke Nnaji,Zeke,1610612743,DEN,25.0,50,36,14,0.72,11.8,1.3,2.8,0.468,0.3,1.0,0.26,0.7,0.9,0.773,0.6,1.9,2.6,0.5,0.5,0.3,0.4,0.3,1.3,0.8,3.6,-2.0,9.2,2,0,8.4,291,136,391,69,434,450,459,244,445,442,442,367,381,289,330,335,341,502,432,448,187,286,389,383,449,402,438,152,35,454,1
1630533,Ziaire Williams,Ziaire,1610612751,BKN,24.0,56,13,43,0.232,22.9,3.3,7.7,0.425,1.5,4.5,0.343,2.1,2.5,0.85,0.5,1.9,2.4,1.1,1.1,1.4,0.4,0.4,2.1,2.1,10.2,-5.0,18.9,0,0,18.7,235,381,44,506,222,236,211,391,145,137,271,119,137,133,359,346,370,373,247,45,225,274,183,154,202,529,249,264,35,244,1
1629627,Zion Williamson,Zion,1610612740,NOP,25.0,62,22,40,0.355,29.7,7.8,13.0,0.6,0.0,0.1,0.25,5.4,7.5,0.716,2.0,3.7,5.7,3.2,2.0,1.0,0.5,1.3,2.3,5.2,21.0,-1.3,35.2,6,0,33.0,184,268,66,409,95,28,78,54,503,526,446,19,11,384,60,134,85,124,78,134,131,4,131,15,35,354,52,83,35,66,1
1642389,Zyon Pullin,Zyon,1610612750,MIN,25.0,4,3,1,0.75,2.9,0.3,0.3,1.0,0.0,0.0,0.0,0.5,0.5,1.0,0.0,0.0,0.0,1.0,0.8,0.3,0.0,0.0,0.5,0.3,1.0,-1.8,2.5,0,0,2.5,543,494,549,49,571,563,576,1,505,537,505,421,463,1,555,570,574,384,349,485,517,529,533,523,554,390,566,264,35,561,1
