PLAYER_ID,PLAYER_NAME,TEAM_ID,TEAM_ABBREVIATION,AGE,GP,E_OFF_RATING,OFF_RATING,sp_work_OFF_RATING,E_DEF_RATING,DEF_RATING,sp_work_DEF_RATING,E_NET_RATING,NET_RATING,sp_work_NET_RATING,AST_PCT,AST_TO,AST_RATIO,OREB_PCT,DREB_PCT,REB_PCT,TM_TOV_PCT,E_TOV_PCT,EFG_PCT,TS_PCT,USG_PCT,E_USG_PCT,E_PACE,PACE,PACE_PER40,sp_work_PACE,PIE,POSS,FGM_PG,FGA_PG,E_OFF_RATING_RANK,OFF_RATING_RANK,sp_work_OFF_RATING_RANK,E_DEF_RATING_RANK,DEF_RATING_RANK,sp_work_DEF_RATING_RANK,E_NET_RATING_RANK,NET_RATING_RANK,sp_work_NET_RATING_RANK,AST_PCT_RANK,AST_TO_RANK,AST_RATIO_RANK,OREB_PCT_RANK,DREB_PCT_RANK,REB_PCT_RANK,TM_TOV_PCT_RANK,E_TOV_PCT_RANK,EFG_PCT_RANK,TS_PCT_RANK,USG_PCT_RANK,E_USG_PCT_RANK,E_PACE_RANK,PACE_RANK,sp_work_PACE_RANK,PIE_RANK,FGM_PG_RANK,FGA_PG_RANK
201985,AJ Price,1610612754,IND,24.0,50,104.3,104.4,104.4,102.7,102.2,102.2,1.6,2.2,2.2,0.233,2.09,21.4,0.019,0.073,0.045,10.2,10.2,0.42,0.454,0.223,0.227,95.35,95.56,79.63,95.56,0.075,1579,2.3,6.4,193,192,192,159,142,142,162,143,143,74,88,103,326,397,391,185,183,391,391,87,86,176,153,153,278,253,210
201166,Aaron Brooks,1610612756,PHX,26.0,59,105.9,106.8,106.8,112.5,113.4,113.4,-6.6,-6.6,-6.6,0.289,2.35,23.9,0.015,0.046,0.03,10.2,10.1,0.434,0.489,0.251,0.257,96.79,96.01,80.01,96.01,0.078,2571,3.7,9.9,132,124,124,439,445,445,336,339,339,33,53,84,364,436,434,182,178,367,342,38,32,99,133,133,259,151,109
201189,Aaron Gray,1610612740,NOH,26.0,41,107.4,107.4,107.4,105.3,103.5,103.5,2.1,3.9,3.9,0.044,0.5,9.9,0.121,0.236,0.178,19.8,19.8,0.566,0.566,0.13,0.132,89.79,90.56,75.47,90.56,0.065,997,1.4,2.4,89,104,104,248,189,189,148,101,101,393,386,315,10,14,10,430,431,40,102,379,381,439,420,420,332,347,378
201151,Acie Law,1610612744,GSW,26.0,51,100.1,99.0,99.0,108.2,107.8,107.8,-8.1,-8.7,-8.7,0.182,1.95,24.6,0.017,0.072,0.044,12.6,12.6,0.452,0.502,0.156,0.16,95.96,96.68,80.56,96.68,0.07,1460,1.6,3.6,319,355,355,366,339,339,371,386,386,103,106,76,353,398,398,314,319,344,310,305,307,136,100,100,307,326,326
1733,Al Harrington,1610612743,DEN,31.0,73,110.3,111.6,111.6,106.7,106.9,106.9,3.6,4.8,4.8,0.096,0.95,10.8,0.047,0.157,0.102,11.3,11.4,0.503,0.527,0.219,0.221,98.8,98.16,81.8,98.16,0.078,3389,3.8,9.2,27,21,21,311,308,308,111,85,85,227,301,291,184,122,158,245,252,172,231,96,100,31,50,50,258,141,119
201143,Al Horford,1610612737,ATL,25.0,77,104.5,105.9,105.9,104.4,105.2,105.2,0.2,0.7,0.7,0.169,2.24,19.2,0.073,0.21,0.142,8.6,8.6,0.558,0.587,0.197,0.199,90.93,89.97,74.98,89.97,0.15,5072,6.7,12.0,180,149,149,223,255,255,193,186,186,112,70,131,122,32,52,83,83,50,57,160,171,418,433,433,18,35,63
2744,Al Jefferson,1610612762,UTA,26.0,82,106.0,107.7,107.7,109.2,110.8,110.8,-3.2,-3.1,-3.1,0.09,1.42,8.8,0.085,0.202,0.143,6.2,6.2,0.496,0.528,0.239,0.242,93.57,92.19,76.83,92.19,0.134,5651,8.0,16.1,127,99,99,392,418,418,257,268,268,241,186,347,79,41,51,23,23,201,226,59,62,273,361,361,35,12,19
201154,Al Thornton,1610612744,GSW,27.0,71,100.6,101.5,101.5,105.4,106.4,106.4,-4.8,-5.0,-5.0,0.072,0.97,10.0,0.042,0.122,0.082,10.4,10.3,0.48,0.531,0.179,0.182,95.54,94.66,78.88,94.66,0.077,2724,2.9,6.1,300,281,281,252,295,295,292,303,303,297,297,312,203,209,210,194,193,263,213,219,220,161,208,208,268,210,221
202329,Al-Farouq Aminu,1610612746,LAC,20.0,81,97.2,98.5,98.5,105.0,104.9,104.9,-7.7,-6.4,-6.4,0.067,0.58,9.7,0.052,0.135,0.093,16.6,16.6,0.45,0.499,0.168,0.171,95.41,94.84,79.03,94.84,0.07,2868,2.0,5.0,394,372,372,237,238,238,362,337,337,314,378,320,173,178,175,402,402,346,321,265,267,169,200,200,305,279,256
201582,Alexis Ajinca,1610612761,TOR,23.0,34,102.0,101.3,101.3,103.3,100.6,100.6,-1.3,0.7,0.7,0.049,0.56,5.9,0.052,0.179,0.117,10.7,10.7,0.489,0.507,0.207,0.212,95.43,97.03,80.86,97.03,0.068,688,1.7,3.9,258,290,290,174,92,92,222,185,185,383,381,412,172,82,105,210,212,226,293,124,125,168,87,87,318,307,312
202087,Alonzo Gee,1610612739,CLE,24.0,56,98.8,98.9,98.9,109.5,109.9,109.9,-10.7,-11.0,-11.0,0.056,0.69,9.5,0.054,0.111,0.082,13.8,13.8,0.491,0.544,0.142,0.144,94.68,94.48,78.74,94.48,0.069,2185,2.2,4.7,357,359,359,402,395,395,406,414,414,345,354,323,167,241,209,356,358,217,164,346,347,210,225,225,314,265,270
2405,Amar'e Stoudemire,1610612752,NYK,28.0,78,109.7,111.2,111.2,108.5,109.9,109.9,1.2,1.3,1.3,0.128,0.81,9.2,0.072,0.157,0.114,11.4,11.4,0.505,0.565,0.307,0.309,97.93,96.63,80.52,96.63,0.137,5770,9.5,19.0,41,27,27,370,394,394,175,175,175,151,333,337,126,121,114,253,253,166,106,7,7,60,102,102,31,2,6
101161,Amir Johnson,1610612761,TOR,24.0,72,105.5,106.6,106.6,108.3,109.1,109.1,-2.8,-2.4,-2.4,0.064,1.17,11.4,0.104,0.158,0.131,9.7,9.6,0.568,0.608,0.152,0.154,95.39,94.57,78.81,94.57,0.097,3633,3.9,6.9,148,129,129,368,381,381,252,248,248,322,244,271,39,120,80,149,149,36,25,320,321,171,216,216,162,134,192
2760,Anderson Varejao,1610612739,CLE,28.0,31,97.7,99.0,99.0,106.7,108.0,108.0,-9.0,-9.0,-9.0,0.074,1.13,13.4,0.097,0.215,0.154,11.9,11.9,0.528,0.56,0.133,0.135,94.95,93.79,78.16,93.79,0.107,1944,3.7,7.0,385,357,357,310,347,347,385,393,393,293,257,226,52,31,29,283,285,100,112,371,372,194,267,267,116,153,189
101154,Andray Blatche,1610612764,WAS,24.0,64,100.4,101.8,101.8,107.2,107.9,107.9,-6.8,-6.1,-6.1,0.115,0.84,10.3,0.084,0.169,0.125,12.3,12.3,0.447,0.497,0.254,0.256,96.1,95.16,79.3,95.16,0.112,4316,6.7,15.0,308,270,270,328,344,344,343,330,330,177,324,305,85,97,92,305,306,350,323,32,34,127,177,177,91,36,28
2738,Andre Iguodala,1610612755,PHI,27.0,67,104.2,105.3,105.3,100.8,101.9,101.9,3.4,3.4,3.4,0.261,3.06,29.0,0.026,0.136,0.081,9.5,9.5,0.486,0.53,0.191,0.192,94.03,93.02,77.51,93.02,0.126,4785,5.0,11.3,197,170,170,93,128,128,115,113,113,50,15,36,283,174,214,132,135,242,215,183,192,242,307,307,46,80,78
1889,Andre Miller,1610612757,POR,35.0,81,108.7,109.5,109.5,104.0,104.9,104.9,4.7,4.6,4.6,0.348,2.87,32.9,0.04,0.087,0.063,11.5,11.4,0.462,0.529,0.203,0.209,89.18,88.47,73.72,88.47,0.126,4898,4.8,10.4,58,49,49,217,241,241,91,90,90,15,20,15,211,329,280,256,251,316,220,140,137,443,448,448,44,92,99
200745,Andrea Bargnani,1610612761,TOR,25.0,66,104.5,105.7,105.7,112.5,112.9,112.9,-8.0,-7.2,-7.2,0.086,0.78,7.5,0.033,0.124,0.078,9.5,9.5,0.48,0.533,0.279,0.282,95.91,95.2,79.34,95.2,0.1,4676,8.0,17.8,182,159,159,438,443,443,369,356,356,256,339,378,239,206,226,140,137,262,209,11,11,139,174,174,136,14,9
1905,Andrei Kirilenko,1610612762,UTA,30.0,64,106.6,108.2,108.2,107.7,108.6,108.6,-1.1,-0.4,-0.4,0.145,1.64,19.8,0.054,0.119,0.087,12.1,12.1,0.5,0.567,0.177,0.178,94.1,93.05,77.54,93.05,0.107,3867,4.0,8.5,107,87,87,347,365,365,217,210,210,131,149,123,168,220,197,291,293,182,95,228,237,237,304,304,117,130,138
2804,Andres Nocioni,1610612755,PHI,31.0,54,99.7,98.7,98.7,106.6,106.5,106.5,-6.9,-7.8,-7.8,0.076,0.96,11.4,0.021,0.169,0.095,11.9,11.9,0.502,0.538,0.169,0.174,95.1,95.63,79.69,95.63,0.073,1857,2.2,5.1,331,362,362,303,300,300,344,368,368,285,298,269,308,96,172,288,284,175,183,262,258,188,150,150,292,262,253
101106,Andrew Bogut,1610612749,MIL,26.0,65,98.7,100.4,100.4,98.7,99.5,99.5,0.0,0.8,0.8,0.103,1.05,11.9,0.089,0.237,0.163,11.4,11.4,0.495,0.496,0.197,0.198,91.2,90.03,75.02,90.03,0.126,4296,5.6,11.4,359,315,315,45,63,63,199,183,183,203,276,253,71,13,18,249,256,204,328,158,175,411,432,432,45,58,77
101115,Andrew Bynum,1610612747,LAL,23.0,54,106.3,107.0,107.0,99.3,99.6,99.6,7.1,7.4,7.4,0.079,0.99,11.1,0.119,0.225,0.173,11.3,11.4,0.574,0.606,0.178,0.18,91.58,91.12,75.93,91.12,0.143,2842,4.4,7.6,116,117,117,57,66,66,56,49,49,271,292,282,15,22,13,239,250,30,27,224,228,393,403,403,20,112,167
2740,Andris Biedrins,1610612744,GSW,25.0,59,102.7,103.0,103.0,110.6,111.4,111.4,-7.9,-8.4,-8.4,0.06,1.05,15.2,0.103,0.219,0.158,14.4,14.4,0.534,0.526,0.104,0.106,97.52,97.02,80.85,97.02,0.07,2826,2.4,4.5,232,236,236,421,432,432,365,382,382,338,274,195,42,27,24,371,369,86,234,416,417,71,88,88,303,243,279
202360,Andy Rautins,1610612752,NYK,24.0,5,83.8,79.6,79.6,102.6,102.0,102.0,-18.8,-22.4,-22.4,0.25,0.43,16.7,0.0,0.04,0.0,38.9,39.1,0.5,0.508,0.268,0.278,94.84,97.59,81.33,97.59,0.015,49,0.6,1.4,445,447,447,154,135,135,439,446,446,61,402,155,434,438,437,451,451,182,291,21,14,198,71,71,425,420,423
1712,Antawn Jamison,1610612739,CLE,35.0,56,101.3,103.1,103.1,111.9,113.4,113.4,-10.6,-10.4,-10.4,0.092,1.21,8.1,0.044,0.164,0.101,6.7,6.7,0.479,0.516,0.252,0.255,96.83,95.33,79.44,95.33,0.107,3665,6.7,15.6,281,235,235,432,444,444,404,406,406,238,233,365,194,108,163,28,28,267,276,35,39,96,170,170,113,34,25
1853,Anthony Carter,1610612752,NYK,36.0,33,104.4,103.3,103.3,103.3,102.3,102.3,1.1,0.9,0.9,0.234,1.77,31.7,0.015,0.096,0.056,17.9,17.9,0.481,0.502,0.14,0.144,97.19,98.22,81.85,98.22,0.073,948,1.4,3.2,186,228,228,173,147,147,177,180,180,73,130,20,360,292,318,416,416,259,309,352,348,84,46,46,288,349,340
201627,Anthony Morrow,1610612751,NJN,25.0,58,101.0,102.0,102.0,105.1,106.3,106.3,-4.1,-4.3,-4.3,0.063,1.26,8.7,0.02,0.076,0.048,6.9,6.8,0.539,0.573,0.175,0.18,92.34,91.39,76.16,91.39,0.077,3550,4.8,10.7,290,264,264,243,286,286,280,284,284,327,222,352,319,379,377,31,30,77,88,237,227,362,391,391,269,90,92
1515,Anthony Parker,1610612739,CLE,36.0,72,99.8,100.9,100.9,107.6,108.4,108.4,-7.8,-7.5,-7.5,0.164,2.73,24.5,0.016,0.091,0.053,9.0,9.0,0.476,0.505,0.144,0.146,95.27,94.44,78.7,94.44,0.076,4119,3.1,7.7,328,301,301,345,357,357,363,362,362,118,26,77,359,312,339,104,104,273,300,343,341,181,230,230,274,198,166
201576,Anthony Randolph,1610612750,MIN,21.0,40,96.8,96.3,96.3,107.6,107.0,107.0,-10.8,-10.7,-10.7,0.103,0.62,8.5,0.069,0.198,0.132,13.6,13.7,0.468,0.505,0.256,0.262,99.4,99.93,83.27,99.93,0.11,1223,3.1,6.6,401,402,402,344,312,312,407,408,408,206,368,356,133,48,78,351,355,304,299,29,27,22,20,20,99,196,201
201229,Anthony Tolliver,1610612750,MIN,26.0,65,102.2,102.3,102.3,106.1,104.8,104.8,-4.0,-2.5,-2.5,0.09,1.67,16.3,0.064,0.153,0.107,9.7,9.8,0.526,0.585,0.13,0.133,97.98,98.53,82.1,98.53,0.091,2791,2.2,4.8,253,254,254,287,234,234,277,249,249,244,145,167,149,126,142,155,158,104,59,380,379,57,36,36,196,263,265
101120,Antoine Wright,1610612758,SAC,27.0,7,86.7,76.7,76.7,105.7,107.7,107.7,-19.0,-31.0,-31.0,0.0,0.0,0.0,0.0,0.032,0.0,11.1,11.1,0.125,0.125,0.125,0.138,91.32,95.66,79.72,95.66,-0.072,60,0.1,1.1,441,449,449,261,335,335,441,448,448,444,437,444,434,439,437,230,233,446,448,389,366,404,148,148,450,444,434
1498,Antonio Daniels,1610612755,PHI,36.0,4,112.4,110.8,110.8,94.8,88.2,88.2,17.6,22.5,22.5,0.08,2.0,22.2,0.0,0.139,0.074,11.1,11.3,0.4,0.51,0.093,0.096,86.57,90.43,75.36,90.43,0.082,65,0.5,1.3,6,35,35,16,6,6,4,4,4,267,96,96,434,169,238,230,238,403,283,429,430,450,426,426,233,425,426
686,Antonio McDyess,1610612759,SAS,36.0,73,108.1,107.8,107.8,102.3,102.0,102.0,5.8,5.7,5.7,0.093,1.17,15.6,0.095,0.2,0.15,13.4,13.5,0.491,0.516,0.147,0.15,93.87,94.12,78.43,94.12,0.092,2708,2.3,4.7,74,97,97,138,133,133,75,71,71,236,245,187,57,42,35,343,345,215,275,331,333,259,243,243,190,247,272
202356,Armon Johnson,1610612757,POR,22.0,38,94.5,92.7,92.7,97.3,94.4,94.4,-2.8,-1.7,-1.7,0.3,1.18,23.2,0.037,0.093,0.063,19.6,19.6,0.48,0.497,0.228,0.237,96.0,98.36,81.96,98.36,0.077,562,1.2,2.7,416,420,420,26,18,18,253,230,230,29,241,89,226,305,281,428,428,264,327,78,70,134,40,40,267,363,368
201167,Arron Afflalo,1610612743,DEN,25.0,69,109.7,111.0,111.0,105.9,107.3,107.3,3.8,3.6,3.6,0.109,2.37,18.0,0.021,0.089,0.056,7.6,7.6,0.581,0.62,0.147,0.15,97.22,96.02,80.02,96.02,0.087,4645,4.5,9.1,40,30,30,274,325,325,106,109,109,190,50,138,316,320,319,47,46,23,17,332,332,81,130,130,210,104,120
201948,Austin Daye,1610612765,DET,23.0,72,104.1,105.0,105.0,108.8,109.5,109.5,-4.7,-4.6,-4.6,0.085,1.32,11.9,0.045,0.16,0.1,9.0,9.0,0.483,0.518,0.181,0.184,92.9,92.24,76.87,92.24,0.078,2776,2.7,6.5,200,180,180,384,390,390,291,293,293,258,213,254,189,117,165,102,106,251,268,212,215,320,355,355,257,226,202
202340,Avery Bradley,1610612738,BOS,20.0,31,84.6,82.8,82.8,101.7,99.1,99.1,-17.1,-16.3,-16.3,0.135,0.75,12.0,0.025,0.078,0.052,16.0,16.0,0.343,0.36,0.238,0.253,96.06,98.37,81.97,98.37,0.005,332,0.7,2.2,444,445,445,123,57,57,435,440,440,142,341,252,287,371,343,393,393,423,431,61,43,130,39,39,434,401,390
1884,Baron Davis,1610612739,CLE,32.0,58,106.7,108.6,108.6,108.1,109.3,109.3,-1.4,-0.7,-0.7,0.388,2.68,30.5,0.021,0.077,0.049,11.4,11.3,0.475,0.506,0.24,0.243,94.83,93.49,77.91,93.49,0.116,3217,5.0,11.9,103,72,72,361,387,387,223,215,215,8,30,23,306,376,365,251,247,275,297,58,59,199,277,277,71,84,64
2732,Ben Gordon,1610612765,DET,28.0,82,105.3,107.2,107.2,108.8,110.0,110.0,-3.5,-2.8,-2.8,0.129,1.21,15.0,0.02,0.082,0.049,12.4,12.2,0.51,0.548,0.206,0.212,92.8,91.49,76.24,91.49,0.075,4061,4.1,9.4,159,110,110,380,397,397,263,260,260,149,230,198,322,357,361,307,303,143,157,128,127,328,383,383,276,123,116
202386,Ben Uzoh,1610612751,NJN,23.0,42,97.0,95.1,95.1,105.7,103.3,103.3,-8.7,-8.2,-8.2,0.278,2.76,26.1,0.067,0.074,0.07,9.5,9.5,0.434,0.468,0.199,0.206,90.9,92.86,77.38,92.86,0.097,841,1.5,3.4,400,408,408,262,182,182,378,373,373,40,22,60,144,391,249,131,138,369,376,151,146,420,316,316,163,339,333
1112,Ben Wallace,1610612765,DET,36.0,54,101.0,102.2,102.2,108.2,109.9,109.9,-7.2,-7.6,-7.6,0.086,1.64,24.7,0.106,0.204,0.152,15.1,15.2,0.453,0.442,0.082,0.083,89.35,88.15,73.46,88.15,0.083,2275,1.2,2.8,291,259,259,365,393,393,352,365,365,255,150,74,38,39,32,382,381,340,403,441,441,441,450,450,230,362,358
2757,Beno Udrih,1610612758,SAC,28.0,79,100.4,102.0,102.0,106.0,107.6,107.6,-5.6,-5.6,-5.6,0.219,2.74,26.9,0.014,0.086,0.049,9.8,9.7,0.539,0.587,0.164,0.168,97.85,96.32,80.26,96.32,0.114,5502,5.2,10.4,310,263,263,278,332,332,317,318,318,83,25,52,372,337,369,160,153,76,55,282,282,63,114,114,79,75,97
201933,Blake Griffin,1610612746,LAC,22.0,82,103.4,105.9,105.9,106.8,108.0,108.0,-3.4,-2.2,-2.2,0.184,1.4,14.1,0.09,0.238,0.164,10.1,10.1,0.508,0.549,0.27,0.273,95.54,93.88,78.23,93.88,0.16,6078,8.5,16.8,217,150,150,313,348,348,262,241,241,100,192,210,65,12,17,178,174,150,152,18,17,160,258,258,11,10,14
2250,Bobby Simmons,1610612759,SAS,31.0,2,104.8,106.7,106.7,90.4,86.7,86.7,14.4,20.0,20.0,0.182,0.0,40.0,0.0,0.0,0.0,0.0,0.0,0.0,0.0,0.086,0.087,91.68,92.79,77.33,92.79,-0.058,30,0.0,1.5,168,128,128,4,3,3,7,5,5,103,437,5,434,440,437,1,1,447,449,439,439,388,322,322,449,447,412
2564,Boris Diaw,1610612766,CHA,29.0,82,101.4,102.8,102.8,105.3,107.3,107.3,-3.9,-4.5,-4.5,0.203,2.03,25.3,0.04,0.118,0.079,12.5,12.5,0.543,0.558,0.166,0.168,92.48,90.97,75.81,90.97,0.1,5265,4.6,9.4,276,242,242,246,321,321,274,291,291,89,94,66,209,224,222,311,312,71,120,273,283,353,407,407,138,97,115
1802,Brad Miller,1610612745,HOU,35.0,60,105.7,106.3,106.3,105.6,104.5,104.5,0.0,1.8,1.8,0.22,2.69,27.1,0.043,0.178,0.11,10.1,10.1,0.514,0.566,0.167,0.17,96.32,96.55,80.46,96.55,0.119,2045,2.2,4.9,143,139,139,259,219,219,197,156,156,82,29,51,197,84,128,177,175,127,100,268,273,117,105,105,60,261,260
201148,Brandan Wright,1610612751,NJN,23.0,37,96.0,95.5,95.5,103.8,103.0,103.0,-7.8,-7.5,-7.5,0.053,0.86,7.7,0.078,0.156,0.116,9.0,8.9,0.513,0.54,0.165,0.17,96.12,96.72,80.6,96.72,0.108,758,1.6,3.2,408,407,407,197,174,174,364,361,361,363,317,371,102,123,109,103,101,131,175,279,272,126,97,97,110,322,342
101138,Brandon Bass,1610612753,ORL,26.0,76,103.7,103.9,103.9,97.2,98.9,98.9,6.4,5.0,5.0,0.051,0.59,6.3,0.073,0.149,0.112,10.8,10.8,0.515,0.571,0.198,0.202,92.5,91.59,76.33,91.59,0.115,3763,4.4,8.5,214,208,208,25,53,53,65,77,77,375,376,404,118,136,121,215,217,122,90,155,157,352,380,380,75,113,137
201943,Brandon Jennings,1610612749,MIL,21.0,63,98.3,100.0,100.0,100.4,101.6,101.6,-2.1,-1.6,-1.6,0.261,2.09,20.6,0.019,0.095,0.055,9.9,9.8,0.443,0.493,0.246,0.25,93.1,91.74,76.45,91.74,0.113,4143,5.7,14.7,367,324,324,84,121,121,240,228,228,51,89,109,331,295,324,162,161,357,334,44,45,312,378,378,81,56,30
200750,Brandon Roy,1610612757,POR,26.0,47,106.5,107.1,107.1,104.0,104.5,104.5,2.5,2.6,2.6,0.168,2.35,16.7,0.022,0.081,0.05,7.1,7.2,0.436,0.491,0.225,0.228,89.54,89.08,74.23,89.08,0.095,2439,4.4,11.1,113,115,115,216,221,221,137,137,137,114,58,154,303,358,358,35,36,365,338,81,83,440,446,446,173,109,80
201575,Brandon Rush,1610612754,IND,25.0,67,99.9,100.7,100.7,105.9,106.3,106.3,-6.0,-5.6,-5.6,0.058,0.9,8.9,0.019,0.105,0.062,9.9,10.0,0.512,0.54,0.16,0.161,96.86,96.31,80.26,96.31,0.074,3514,3.2,7.7,326,310,310,273,285,285,323,321,321,342,310,345,335,257,295,164,168,135,173,297,301,93,115,115,283,187,163
2217,Brendan Haywood,1610612742,DAL,31.0,72,104.6,103.6,103.6,103.7,104.0,104.0,0.9,-0.5,-0.5,0.022,0.37,5.1,0.102,0.197,0.149,13.8,13.8,0.574,0.532,0.12,0.124,92.66,92.98,77.48,92.98,0.066,2579,1.8,3.1,178,219,219,191,200,200,182,212,212,437,413,423,46,52,36,357,356,29,212,398,398,338,308,308,324,301,347
2073,Brian Cardinal,1610612742,DAL,34.0,56,106.5,103.7,103.7,106.1,106.4,106.4,0.5,-2.7,-2.7,0.097,2.35,24.1,0.017,0.085,0.051,10.2,10.3,0.64,0.672,0.093,0.097,91.99,93.13,77.61,93.13,0.054,1202,0.8,1.8,110,215,215,282,289,289,190,256,256,223,54,81,348,338,350,188,192,9,6,429,426,377,297,297,377,397,399
2567,Brian Cook,1610612746,LAC,30.0,40,99.4,102.5,102.5,108.0,105.1,105.1,-8.7,-2.6,-2.6,0.057,0.6,6.8,0.041,0.186,0.109,11.4,11.3,0.524,0.534,0.202,0.203,94.66,94.45,78.71,94.45,0.077,878,1.8,4.3,344,251,251,356,250,250,379,254,254,343,372,394,207,67,130,247,244,107,200,146,153,211,229,229,264,297,293
2243,Brian Scalabrine,1610612741,CHI,33.0,18,105.0,102.2,102.2,103.9,104.3,104.3,1.1,-2.1,-2.1,0.098,1.2,20.0,0.011,0.068,0.041,16.7,16.7,0.526,0.526,0.114,0.12,99.55,100.66,83.88,100.66,0.022,183,0.6,1.1,164,260,260,199,210,210,176,240,240,219,234,115,403,412,410,403,403,103,232,407,404,20,18,18,420,423,435
1730,Brian Skinner,1610612749,MIL,35.0,2,57.1,57.1,57.1,152.7,146.2,146.2,-95.6,-89.0,-89.0,0.0,0.0,0.0,0.0,0.0,0.0,0.0,0.0,0.0,0.0,0.0,0.0,107.86,110.14,91.78,110.14,0.0,14,0.0,0.0,451,450,450,452,452,452,451,451,451,444,437,444,434,440,437,1,1,447,449,450,450,1,1,1,437,447,450
201572,Brook Lopez,1610612751,NJN,23.0,82,101.6,103.5,103.5,108.6,109.7,109.7,-7.0,-6.2,-6.2,0.087,0.73,7.1,0.07,0.108,0.088,9.6,9.6,0.492,0.549,0.27,0.273,92.16,90.81,75.67,90.81,0.114,5475,7.9,16.0,267,220,220,371,392,392,346,334,334,253,348,391,132,249,191,146,148,213,149,17,18,368,411,411,78,16,20
201957,Byron Mullens,1610612760,OKC,22.0,13,93.7,90.5,90.5,108.5,102.9,102.9,-14.8,-12.4,-12.4,0.0,0.0,0.0,0.061,0.228,0.136,18.6,19.0,0.321,0.366,0.204,0.211,95.57,99.84,83.2,99.84,0.018,179,0.7,2.2,419,429,429,369,169,169,430,424,424,444,437,444,156,20,69,420,423,433,428,138,133,158,21,21,424,411,391
201228,C.J. Watson,1610612741,CHI,27.0,82,101.0,99.3,99.3,92.8,92.6,92.6,8.2,6.7,6.7,0.303,2.55,26.7,0.015,0.073,0.044,10.5,10.5,0.426,0.466,0.212,0.218,91.74,92.57,77.14,92.57,0.104,2103,1.8,4.8,292,346,346,9,13,13,43,57,57,27,38,57,363,395,393,201,204,382,378,111,107,385,340,340,130,300,266
101139,CJ Miles,1610612762,UTA,24.0,78,104.7,106.0,106.0,103.9,103.9,103.9,0.8,2.2,2.2,0.118,1.45,11.2,0.028,0.109,0.068,7.7,7.7,0.468,0.507,0.244,0.249,93.65,93.07,77.56,93.07,0.092,3804,4.7,11.5,174,144,144,207,196,196,184,148,148,171,178,279,269,246,260,51,50,305,292,48,47,269,302,302,191,94,74
201171,Carl Landry,1610612740,NOH,27.0,76,102.9,104.4,104.4,107.3,108.7,108.7,-4.4,-4.3,-4.3,0.052,0.58,6.4,0.082,0.098,0.09,11.1,11.1,0.502,0.555,0.204,0.207,94.05,92.77,77.3,92.77,0.085,3882,4.5,9.0,229,196,196,334,371,371,286,285,285,366,379,402,92,281,187,229,231,173,127,137,144,241,325,325,223,103,121
2306,Carlos Arroyo,1610612738,BOS,31.0,64,105.2,104.8,104.8,99.1,100.7,100.7,6.1,4.1,4.1,0.16,2.08,26.3,0.019,0.069,0.046,12.6,12.5,0.496,0.528,0.137,0.141,92.65,92.07,76.72,92.07,0.066,2277,1.9,4.3,160,184,184,54,97,97,70,99,99,120,90,59,325,410,385,317,316,198,227,360,356,340,368,368,327,287,291
2430,Carlos Boozer,1610612741,CHI,29.0,59,107.5,109.3,109.3,100.9,102.4,102.4,6.5,6.9,6.9,0.137,0.97,11.7,0.075,0.242,0.161,12.0,12.0,0.51,0.542,0.267,0.27,92.81,91.41,76.17,91.41,0.142,3597,7.3,14.3,87,53,53,100,148,148,62,55,55,138,296,260,113,10,22,289,289,142,167,22,22,326,389,389,23,23,32
2568,Carlos Delfino,1610612749,MIL,28.0,49,97.5,99.1,99.1,101.5,101.8,101.8,-3.9,-2.7,-2.7,0.123,1.96,15.6,0.015,0.122,0.065,7.9,8.0,0.492,0.517,0.176,0.177,92.02,91.13,75.94,91.13,0.1,3019,4.1,10.5,390,350,350,117,125,125,275,258,258,162,105,188,366,212,273,61,62,211,269,230,238,376,402,402,144,126,96
2546,Carmelo Anthony,1610612752,NYK,27.0,77,110.2,112.2,112.2,106.9,108.4,108.4,3.3,3.8,3.8,0.149,1.07,10.1,0.045,0.16,0.104,9.4,9.4,0.487,0.557,0.318,0.321,97.81,96.24,80.2,96.24,0.143,5506,8.9,19.5,31,12,12,319,360,360,119,106,106,127,269,309,188,115,150,129,127,235,124,2,2,65,122,122,21,7,5
2406,Caron Butler,1610612742,DAL,31.0,29,107.2,107.2,107.2,98.4,98.5,98.5,8.8,8.7,8.7,0.091,0.94,9.0,0.029,0.109,0.072,9.6,9.6,0.487,0.523,0.251,0.255,93.2,93.16,77.63,93.16,0.093,1684,5.9,13.0,96,111,111,38,48,48,34,29,29,240,304,344,267,245,245,142,144,234,250,36,36,299,291,291,184,53,49
201858,Cartier Martin,1610612764,WAS,26.0,52,106.1,104.9,104.9,103.7,102.7,102.7,2.3,2.2,2.2,0.05,1.13,7.7,0.037,0.102,0.07,6.8,6.8,0.497,0.524,0.171,0.176,96.35,97.34,81.12,97.34,0.069,1097,1.4,3.5,125,182,182,194,164,164,140,146,146,381,257,374,222,267,253,29,31,193,248,253,245,116,79,79,308,348,329
101112,Channing Frye,1610612756,PHX,28.0,77,108.7,109.8,109.8,106.5,107.7,107.7,2.2,2.1,2.1,0.056,1.32,9.2,0.027,0.177,0.104,7.0,7.0,0.535,0.557,0.167,0.169,96.64,95.66,79.72,95.66,0.085,5063,4.6,10.8,57,45,45,298,333,333,141,151,151,347,214,335,278,87,153,33,33,83,121,269,277,106,147,147,222,96,91
2294,Charlie Bell,1610612744,GSW,32.0,19,102.3,101.8,101.8,100.3,100.0,100.0,2.0,1.8,1.8,0.113,2.17,20.3,0.034,0.07,0.051,9.4,9.4,0.349,0.357,0.131,0.133,94.28,94.64,78.86,94.64,0.029,334,0.6,2.3,247,268,268,81,71,71,150,160,160,180,79,114,236,405,344,126,129,422,432,377,376,232,211,211,412,417,385
101111,Charlie Villanueva,1610612765,DET,26.0,76,103.8,105.8,105.8,109.4,110.2,110.2,-5.6,-4.4,-4.4,0.05,0.73,5.5,0.031,0.165,0.096,7.5,7.6,0.53,0.553,0.229,0.231,92.53,91.34,76.11,91.34,0.099,3170,4.1,9.3,210,154,154,398,404,404,312,287,287,378,349,419,253,104,169,43,45,90,133,76,81,349,394,394,148,124,118
201978,Chase Budinger,1610612745,HOU,23.0,78,107.9,108.5,108.5,103.9,104.1,104.1,4.0,4.4,4.4,0.113,1.9,14.0,0.029,0.131,0.08,7.4,7.4,0.493,0.534,0.195,0.199,96.73,96.37,80.31,96.37,0.099,3483,3.6,8.4,78,78,78,204,201,201,99,92,92,181,119,214,258,191,221,40,40,208,204,170,172,102,113,113,152,162,141
1497,Chauncey Billups,1610612752,NYK,34.0,72,110.2,112.0,112.0,107.4,109.1,109.1,2.8,2.9,2.9,0.266,2.19,25.3,0.011,0.071,0.042,11.6,11.5,0.519,0.617,0.221,0.225,97.51,95.99,80.0,95.99,0.122,4613,4.7,11.0,30,13,13,336,380,380,129,126,126,48,78,65,402,401,409,264,257,112,19,91,92,73,134,134,53,93,82
2365,Chris Andersen,1610612743,DEN,32.0,45,105.8,106.4,106.4,100.6,100.2,100.2,5.2,6.2,6.2,0.043,0.8,8.2,0.102,0.192,0.148,10.3,10.4,0.599,0.636,0.129,0.131,99.1,99.07,82.56,99.07,0.123,1510,1.8,3.0,134,138,138,89,80,80,83,63,63,399,334,363,44,57,41,190,194,16,14,382,383,26,32,32,52,294,350
2547,Chris Bosh,1610612748,MIA,27.0,77,110.8,111.7,111.7,99.4,100.5,100.5,11.5,11.2,11.2,0.086,1.04,9.3,0.057,0.178,0.122,8.9,8.9,0.499,0.569,0.232,0.234,93.45,92.57,77.14,92.57,0.139,5391,6.8,13.7,19,18,18,59,90,90,14,14,14,254,277,333,162,85,96,99,100,191,92,71,75,278,339,339,27,30,39
201604,Chris Douglas-Roberts,1610612749,MIL,24.0,44,99.5,99.9,99.9,100.4,101.1,101.1,-0.9,-1.2,-1.2,0.098,1.43,12.7,0.008,0.097,0.052,8.9,8.8,0.456,0.517,0.181,0.186,92.75,92.22,76.85,92.22,0.081,1697,2.7,6.2,339,327,327,83,107,107,214,222,222,220,181,236,420,289,341,97,95,332,271,211,210,333,358,358,242,228,219
2768,Chris Duhon,1610612753,ORL,28.0,51,99.1,97.5,97.5,97.4,97.3,97.3,1.7,0.2,0.2,0.251,1.93,36.9,0.012,0.057,0.035,19.1,19.1,0.43,0.446,0.118,0.122,91.77,92.52,77.1,92.52,0.056,1491,1.0,2.5,353,386,386,28,32,32,159,196,196,60,114,9,392,425,422,425,425,378,399,400,401,381,345,345,365,382,373
202419,Chris Johnson,1610612757,POR,25.0,14,87.9,87.8,87.8,109.2,106.4,106.4,-21.3,-18.6,-18.6,0.037,0.3,7.0,0.079,0.154,0.113,23.3,23.4,0.429,0.554,0.126,0.129,95.44,96.77,80.64,96.77,0.05,278,0.6,1.5,440,437,437,391,292,292,445,444,444,413,425,392,101,125,116,440,441,379,131,386,388,167,96,96,385,415,412
2549,Chris Kaman,1610612746,LAC,29.0,32,97.0,99.0,99.0,101.8,102.6,102.6,-4.8,-3.6,-3.6,0.1,0.79,9.1,0.061,0.2,0.132,11.5,11.5,0.471,0.495,0.242,0.245,96.61,95.28,79.4,95.28,0.121,1669,5.5,11.8,399,354,354,125,159,159,293,277,277,213,338,341,155,44,77,257,259,293,331,51,57,107,172,172,56,60,69
101108,Chris Paul,1610612740,NOH,26.0,80,107.3,107.8,107.8,102.1,103.4,103.4,5.2,4.4,4.4,0.441,4.42,38.3,0.014,0.112,0.062,8.7,8.6,0.502,0.578,0.206,0.21,91.26,90.49,75.41,90.49,0.169,5438,5.4,11.6,91,96,96,133,186,186,82,93,93,5,2,6,374,238,288,89,86,177,77,129,134,407,424,424,5,66,72
200809,Chris Quinn,1610612759,SAS,27.0,41,106.4,101.8,101.8,108.2,109.3,109.3,-1.8,-7.5,-7.5,0.236,3.5,28.2,0.011,0.076,0.043,8.1,8.1,0.423,0.428,0.164,0.173,91.14,92.69,77.25,92.69,0.051,567,0.8,2.2,115,269,269,362,386,386,236,363,363,70,5,42,408,386,400,63,67,387,409,283,261,413,332,332,382,393,387
2404,Chris Wilcox,1610612765,DET,28.0,57,109.2,110.8,110.8,110.3,110.8,110.8,-1.0,0.0,0.0,0.068,1.0,9.7,0.101,0.209,0.152,9.7,9.6,0.581,0.587,0.183,0.187,92.03,91.18,75.98,91.18,0.1,1886,3.3,5.6,47,36,36,418,419,419,216,202,202,312,284,318,49,34,33,152,146,24,56,209,207,374,401,401,141,182,232
201963,Christian Eyenga,1610612739,CLE,22.0,44,99.7,100.3,100.3,110.1,111.0,111.0,-10.4,-10.7,-10.7,0.061,0.74,8.8,0.028,0.105,0.065,11.8,11.7,0.466,0.476,0.169,0.173,96.24,95.5,79.59,95.5,0.055,1884,3.0,7.0,334,318,318,414,425,425,401,410,410,334,346,349,271,260,274,277,273,310,366,260,262,120,159,159,370,203,190
101236,Chuck Hayes,1610612745,HOU,28.0,74,110.4,112.0,112.0,104.4,105.8,105.8,5.9,6.1,6.1,0.14,2.35,24.8,0.108,0.186,0.147,10.6,10.6,0.527,0.554,0.13,0.132,96.32,95.0,79.17,95.0,0.106,4095,3.3,6.3,26,14,14,224,273,273,73,64,64,136,57,73,32,68,42,207,208,101,130,378,382,118,188,188,119,181,216
202332,Cole Aldrich,1610612760,OKC,22.0,18,104.4,100.7,100.7,100.6,98.6,98.6,3.9,2.1,2.1,0.041,0.5,13.8,0.096,0.143,0.121,27.6,27.8,0.533,0.537,0.079,0.082,94.52,97.2,81.0,97.2,0.026,287,0.4,0.8,187,307,307,87,49,49,105,149,149,403,386,217,54,155,99,447,447,87,192,443,442,217,82,82,414,431,441
201147,Corey Brewer,1610612742,DAL,25.0,69,102.3,102.8,102.8,106.1,106.4,106.4,-3.8,-3.6,-3.6,0.09,1.02,11.9,0.036,0.079,0.057,11.6,11.6,0.426,0.482,0.183,0.185,99.59,99.25,82.71,99.25,0.058,3114,2.8,7.1,246,241,241,285,288,288,270,278,278,242,280,255,228,368,313,263,266,383,356,210,213,19,30,30,358,216,187
1894,Corey Maggette,1610612749,MIL,31.0,67,99.5,100.1,100.1,102.5,102.5,102.5,-3.0,-2.3,-2.3,0.111,0.66,9.2,0.032,0.148,0.089,13.9,13.9,0.478,0.573,0.272,0.277,93.14,92.85,77.37,92.85,0.11,2696,3.8,8.3,338,323,323,148,155,155,255,246,246,186,364,336,244,140,189,361,360,271,84,14,16,307,318,318,100,148,145
201584,Courtney Lee,1610612745,HOU,25.0,81,106.7,107.5,107.5,106.6,106.9,106.9,0.1,0.6,0.6,0.092,1.47,12.5,0.029,0.092,0.06,8.5,8.5,0.501,0.534,0.175,0.179,96.05,95.55,79.62,95.55,0.084,3425,3.1,7.1,104,101,101,301,311,311,195,190,190,239,175,239,260,308,301,81,82,180,202,235,235,131,155,155,226,193,185
202342,Craig Brackins,1610612755,PHI,23.0,3,97.3,101.7,101.7,126.5,122.0,122.0,-29.2,-20.4,-20.4,0.05,0.0,5.9,0.05,0.083,0.063,0.0,0.0,0.25,0.25,0.219,0.22,87.47,87.0,72.5,87.0,-0.018,60,1.3,5.3,393,275,275,448,450,450,448,445,445,379,437,413,175,342,286,1,1,440,442,95,103,449,451,451,443,353,246
200783,Craig Smith,1610612746,LAC,27.0,48,99.2,99.2,99.2,104.9,104.3,104.3,-5.7,-5.1,-5.1,0.095,0.94,11.0,0.073,0.136,0.103,11.7,11.7,0.553,0.592,0.189,0.194,94.84,95.09,79.24,95.09,0.101,1162,2.2,3.9,349,348,348,234,211,211,319,305,305,229,303,285,120,177,156,270,269,53,44,192,187,197,182,182,134,264,311
201571,D.J. Augustin,1610612766,CHA,23.0,82,102.1,103.6,103.6,107.0,108.7,108.7,-4.9,-5.2,-5.2,0.306,3.21,28.9,0.015,0.073,0.043,9.0,8.9,0.474,0.541,0.205,0.211,92.8,91.4,76.17,91.4,0.111,5257,4.9,11.7,255,217,217,321,372,372,295,307,307,26,10,38,368,396,402,105,99,279,172,132,132,327,390,390,94,87,71
2788,DJ Mbenga,1610612740,NOH,30.0,41,93.4,93.1,93.1,98.5,97.5,97.5,-5.0,-4.4,-4.4,0.032,0.29,7.2,0.108,0.15,0.13,25.3,25.0,0.469,0.518,0.108,0.112,90.85,91.46,76.22,91.46,0.055,624,0.6,1.2,422,417,417,39,33,33,301,288,288,422,428,387,34,134,82,446,446,295,264,413,413,424,386,386,371,422,432
201591,DJ White,1610612766,CHA,24.0,47,101.3,100.8,100.8,104.0,103.3,103.3,-2.7,-2.5,-2.5,0.051,1.36,6.7,0.068,0.173,0.122,5.0,5.0,0.507,0.542,0.18,0.182,90.15,90.69,75.57,90.69,0.112,1293,2.4,4.7,280,304,304,214,185,185,247,252,252,376,207,396,139,92,97,12,12,159,168,217,221,436,416,416,92,245,273
201969,DaJuan Summers,1610612765,DET,23.0,22,102.2,101.8,101.8,106.6,104.8,104.8,-4.4,-3.0,-3.0,0.017,0.15,2.1,0.011,0.053,0.032,13.8,14.0,0.471,0.476,0.212,0.217,93.31,94.3,78.59,94.3,0.007,386,1.3,3.1,250,267,267,304,237,237,287,264,264,439,435,441,405,430,431,358,361,291,367,107,110,289,237,237,432,358,343
201161,Daequan Cook,1610612760,OKC,24.0,43,108.3,108.3,108.3,101.3,100.9,100.9,7.0,7.4,7.4,0.055,1.18,8.9,0.014,0.108,0.062,7.6,7.5,0.616,0.63,0.155,0.16,94.57,94.76,78.96,94.76,0.085,1176,1.8,4.2,67,80,80,111,102,102,58,48,48,350,243,346,375,251,289,45,43,11,15,311,305,213,203,203,218,291,296
2563,Dahntay Jones,1610612754,IND,30.0,45,99.6,99.1,99.1,101.4,101.1,101.1,-1.8,-2.0,-2.0,0.103,1.06,10.4,0.007,0.104,0.055,9.7,9.8,0.5,0.558,0.213,0.219,95.33,95.68,79.73,95.68,0.098,1167,2.2,4.8,335,349,349,112,106,106,235,237,237,206,271,302,429,263,323,156,157,182,119,105,105,178,144,144,158,258,268
2863,Damien Wilkins,1610612737,ATL,31.0,52,99.3,98.2,98.2,108.0,106.3,106.3,-8.7,-8.1,-8.1,0.099,1.95,18.1,0.037,0.104,0.071,9.3,9.4,0.511,0.557,0.124,0.127,92.91,94.16,78.47,94.16,0.07,1320,1.3,2.6,347,378,378,354,284,284,380,372,372,217,107,137,221,265,247,123,128,138,123,392,392,319,242,242,306,354,369
202345,Damion James,1610612751,NJN,23.0,25,97.7,96.5,96.5,101.0,99.3,99.3,-3.3,-2.8,-2.8,0.082,0.8,12.6,0.043,0.184,0.111,15.7,15.6,0.447,0.477,0.154,0.16,94.0,95.42,79.52,95.42,0.077,797,1.8,4.1,386,400,400,101,59,59,259,259,259,264,334,237,199,70,126,389,387,351,365,316,309,248,166,166,265,290,301
2429,Dan Gadzuric,1610612751,NJN,33.0,42,98.2,98.6,98.6,106.0,105.6,105.6,-7.7,-7.0,-7.0,0.046,0.48,7.7,0.139,0.15,0.144,15.8,15.8,0.419,0.419,0.156,0.161,94.87,94.87,79.06,94.87,0.031,915,1.3,3.1,370,370,370,275,268,268,361,351,351,387,393,375,6,135,47,392,390,394,413,306,304,195,196,196,408,357,349
200789,Daniel Gibson,1610612739,CLE,25.0,67,101.3,102.3,102.3,106.8,107.8,107.8,-5.4,-5.5,-5.5,0.185,2.51,20.0,0.013,0.085,0.048,8.0,7.9,0.489,0.533,0.193,0.198,95.54,94.65,78.87,94.65,0.088,3683,3.9,9.9,279,257,257,312,341,341,306,315,315,98,40,115,389,339,374,62,58,222,207,181,174,159,210,210,209,131,112
201568,Danilo Gallinari,1610612743,DEN,22.0,62,108.2,108.7,108.7,106.1,106.9,106.9,2.1,1.8,1.8,0.074,1.25,10.4,0.029,0.119,0.074,8.3,8.3,0.495,0.597,0.188,0.19,98.31,97.7,81.42,97.7,0.098,4277,4.3,10.3,69,67,67,283,309,309,146,157,157,295,225,301,261,221,234,72,73,205,35,194,196,45,67,67,155,118,103
101122,Danny Granger,1610612754,IND,28.0,79,103.0,104.4,104.4,103.8,104.6,104.6,-0.9,-0.2,-0.2,0.128,0.99,10.9,0.032,0.119,0.076,11.0,11.0,0.487,0.554,0.263,0.266,97.48,96.43,80.36,96.43,0.118,5547,6.8,15.9,227,191,191,198,224,224,212,207,207,152,293,290,249,222,230,227,225,233,132,23,23,74,110,110,65,32,21
201980,Danny Green,1610612759,SAS,24.0,8,109.7,104.4,104.4,96.8,97.7,97.7,12.8,6.7,6.7,0.039,0.4,4.8,0.031,0.141,0.082,11.9,11.9,0.586,0.586,0.19,0.203,92.03,93.91,78.25,93.91,0.103,182,2.1,4.4,42,197,197,23,35,35,11,58,58,408,408,427,255,165,208,286,286,20,58,185,155,375,257,257,131,267,285
201967,Dante Cunningham,1610612766,CHA,24.0,78,101.8,101.1,101.1,105.1,105.4,105.4,-3.3,-4.3,-4.3,0.044,0.84,7.2,0.062,0.126,0.093,8.6,8.6,0.463,0.483,0.156,0.16,90.54,90.73,75.6,90.73,0.064,3090,2.8,6.1,262,297,297,241,261,261,260,283,283,395,322,385,153,201,176,84,85,313,353,307,308,429,415,415,333,217,222
2443,Darius Songaila,1610612755,PHI,33.0,10,100.8,99.3,99.3,115.0,112.5,112.5,-14.1,-13.2,-13.2,0.044,0.5,8.7,0.026,0.136,0.074,17.4,17.6,0.467,0.477,0.126,0.128,95.82,97.6,81.34,97.6,-0.011,143,0.7,1.5,297,347,347,444,441,441,426,429,429,393,386,353,280,176,236,409,411,309,364,387,389,143,70,70,440,407,412
2545,Darko Milicic,1610612750,MIN,26.0,69,100.2,101.5,101.5,106.9,107.9,107.9,-6.7,-6.3,-6.3,0.099,0.69,11.8,0.077,0.132,0.104,17.1,17.1,0.469,0.482,0.197,0.199,99.09,98.01,81.67,98.01,0.063,3433,3.9,8.4,316,279,279,317,345,345,338,336,336,218,355,257,109,189,151,407,407,299,357,159,169,27,53,53,340,133,143
201616,Darnell Jackson,1610612758,SAC,25.0,59,96.4,95.7,95.7,102.1,101.8,101.8,-5.8,-6.1,-6.1,0.048,0.61,6.5,0.09,0.091,0.091,10.6,10.6,0.497,0.521,0.17,0.175,101.06,101.57,84.64,101.57,0.064,1022,1.3,2.7,404,406,406,134,126,126,320,333,333,384,370,399,66,310,183,209,211,194,259,256,251,10,10,10,335,356,364
201589,Darrell Arthur,1610612763,MEM,23.0,80,101.0,100.8,100.8,99.1,99.1,99.1,2.0,1.7,1.7,0.056,0.6,6.4,0.071,0.145,0.108,10.7,10.7,0.497,0.534,0.211,0.216,94.98,95.08,79.23,95.08,0.099,3178,3.9,7.8,289,303,303,53,56,56,151,163,163,346,371,400,127,149,139,212,213,195,203,114,113,193,185,185,149,136,160
201954,Darren Collison,1610612754,IND,23.0,79,102.5,104.2,104.2,105.8,106.7,106.7,-3.3,-2.6,-2.6,0.28,2.08,26.0,0.017,0.076,0.047,12.5,12.4,0.481,0.534,0.212,0.218,98.23,97.04,80.87,97.04,0.112,4765,5.0,11.0,237,203,203,267,305,305,258,253,253,39,91,62,342,384,378,312,308,261,201,108,106,47,86,86,85,81,85
2431,David Andersen,1610612740,NOH,31.0,40,105.5,104.2,104.2,105.9,102.9,102.9,-0.4,1.3,1.3,0.054,0.59,7.8,0.056,0.19,0.121,13.3,13.3,0.496,0.513,0.18,0.188,93.16,95.09,79.24,95.09,0.08,743,1.4,3.0,151,201,201,272,170,170,206,177,177,358,374,369,163,59,98,339,340,200,281,214,204,304,181,181,245,341,351
101135,David Lee,1610612744,GSW,28.0,73,107.0,108.1,108.1,109.2,110.1,110.1,-2.3,-2.0,-2.0,0.136,1.37,15.6,0.084,0.194,0.139,11.4,11.3,0.508,0.549,0.209,0.212,97.94,97.05,80.87,97.05,0.119,5321,6.8,13.4,99,90,90,393,402,402,242,239,239,140,202,189,88,56,60,250,249,156,147,118,129,59,85,85,61,31,44
2561,David West,1610612740,NOH,30.0,70,105.7,106.6,106.6,102.4,103.6,103.6,3.3,3.0,3.0,0.126,1.15,11.0,0.069,0.17,0.119,9.5,9.5,0.509,0.558,0.257,0.259,90.55,89.64,74.7,89.64,0.138,4581,7.5,14.9,141,131,131,144,191,191,117,125,125,157,248,286,135,94,103,135,139,149,118,27,29,427,439,439,28,21,29
201599,DeAndre Jordan,1610612746,LAC,22.0,80,104.4,105.9,105.9,107.0,107.7,107.7,-2.7,-1.8,-1.8,0.031,0.42,7.2,0.108,0.183,0.146,17.3,17.4,0.686,0.648,0.118,0.118,94.74,93.75,78.12,93.75,0.087,3984,2.9,4.3,190,147,147,323,336,336,245,231,231,423,406,388,33,77,44,408,408,3,10,403,407,207,270,270,212,208,292
201971,DeJuan Blair,1610612759,SAS,22.0,81,109.0,108.6,108.6,103.9,104.6,104.6,5.2,3.9,3.9,0.067,0.68,9.3,0.129,0.208,0.168,13.6,13.6,0.501,0.524,0.193,0.198,95.16,95.0,79.17,95.0,0.104,3431,3.6,7.2,54,74,74,200,228,228,84,103,103,313,359,334,7,36,15,348,348,181,244,177,178,184,187,187,128,159,181
201942,DeMar DeRozan,1610612761,TOR,21.0,82,103.2,104.4,104.4,110.9,111.7,111.7,-7.7,-7.3,-7.3,0.085,1.03,9.1,0.027,0.092,0.058,8.9,8.9,0.469,0.53,0.23,0.232,95.27,94.37,78.65,94.37,0.087,5605,6.6,14.1,222,194,194,426,435,435,360,358,358,257,279,340,277,309,309,98,98,296,217,74,78,182,233,233,211,39,36
202326,DeMarcus Cousins,1610612758,SAC,20.0,81,99.4,101.3,101.3,106.9,107.5,107.5,-7.6,-6.3,-6.3,0.149,0.76,12.3,0.091,0.223,0.154,16.2,16.2,0.432,0.484,0.27,0.272,97.21,96.04,80.04,96.04,0.099,4631,5.3,12.4,343,291,291,320,329,329,357,335,335,128,340,244,61,23,30,396,396,374,351,19,20,82,128,128,147,70,55
201960,DeMarre Carroll,1610612745,HOU,24.0,12,104.5,102.8,102.8,103.5,98.1,98.1,1.1,4.7,4.7,0.103,0.0,23.5,0.037,0.133,0.081,0.0,0.0,0.333,0.388,0.105,0.11,99.2,102.69,85.58,102.69,0.057,108,0.3,1.0,181,243,243,184,39,39,180,87,87,208,437,86,223,182,215,1,1,424,423,415,414,25,6,6,362,435,437
2205,DeSagana Diop,1610612766,CHA,29.0,16,93.7,92.4,92.4,101.9,101.9,101.9,-8.2,-9.6,-9.6,0.063,0.64,14.9,0.069,0.151,0.111,23.4,23.5,0.333,0.347,0.1,0.101,94.01,94.63,78.86,94.63,0.021,354,0.5,1.5,420,422,422,128,131,131,373,398,398,328,366,203,134,131,124,441,442,424,434,421,421,244,213,213,422,425,412
2052,DeShawn Stevenson,1610612742,DAL,30.0,72,104.6,103.2,103.2,101.4,101.5,101.5,3.2,1.8,1.8,0.101,1.75,16.4,0.019,0.076,0.048,9.4,9.4,0.53,0.549,0.157,0.162,93.07,93.67,78.06,93.67,0.061,2256,1.8,4.6,179,231,231,115,114,114,121,162,162,209,134,165,327,387,372,128,124,91,148,304,300,314,273,273,347,301,275
2753,Delonte West,1610612738,BOS,27.0,24,93.4,92.3,92.3,102.9,102.4,102.4,-9.5,-10.1,-10.1,0.268,2.13,29.4,0.015,0.074,0.046,13.8,13.6,0.508,0.533,0.167,0.174,88.32,89.08,74.24,89.08,0.105,840,2.3,5.0,423,423,423,161,150,150,389,403,403,47,84,31,362,390,384,355,351,151,206,270,255,447,445,445,122,251,257
965,Derek Fisher,1610612747,LAL,36.0,82,110.5,111.7,111.7,101.2,101.8,101.8,9.4,9.8,9.8,0.134,3.2,25.8,0.006,0.06,0.034,8.1,8.1,0.449,0.486,0.125,0.127,93.92,93.14,77.61,93.14,0.052,4461,2.5,6.5,22,19,19,108,124,124,26,22,22,143,11,63,430,419,428,64,66,349,347,390,394,255,294,294,379,238,207
101114,Deron Williams,1610612751,NJN,27.0,65,106.5,108.0,108.0,109.2,110.3,110.3,-2.7,-2.3,-2.3,0.448,2.9,32.6,0.017,0.094,0.055,11.3,11.2,0.493,0.566,0.253,0.257,94.55,93.38,77.82,93.38,0.144,4791,6.6,15.0,111,92,92,390,411,411,246,245,245,3,18,16,347,300,322,236,236,209,101,34,31,215,285,285,19,38,27
201974,Derrick Brown,1610612752,NYK,23.0,49,99.7,99.0,99.0,104.0,102.9,102.9,-4.3,-3.9,-3.9,0.093,0.94,14.8,0.077,0.106,0.092,15.7,15.5,0.584,0.588,0.148,0.153,93.02,93.81,78.18,93.81,0.079,1125,1.5,2.7,333,356,356,211,172,172,283,281,281,235,302,204,108,253,178,388,386,22,54,330,324,315,266,266,255,335,366
202382,Derrick Caracter,1610612747,LAL,23.0,41,101.2,98.2,98.2,109.6,110.0,110.0,-8.4,-11.8,-11.8,0.054,0.37,6.9,0.09,0.105,0.098,18.6,18.6,0.485,0.532,0.186,0.196,98.43,99.68,83.07,99.68,0.034,445,0.8,1.6,282,377,377,405,399,399,374,421,421,354,415,393,67,258,166,421,418,245,211,201,181,41,22,22,403,394,409
202324,Derrick Favors,1610612762,UTA,19.0,78,98.3,98.0,98.0,105.5,104.7,104.7,-7.2,-6.7,-6.7,0.044,0.51,6.4,0.114,0.161,0.137,12.7,12.7,0.517,0.542,0.168,0.172,91.57,92.08,76.73,92.08,0.079,2928,2.8,5.3,366,379,379,256,231,231,351,340,340,396,385,401,21,113,65,318,320,119,171,264,263,395,366,366,249,220,246
201565,Derrick Rose,1610612741,CHI,22.0,81,107.5,109.1,109.1,99.1,100.7,100.7,8.4,8.5,8.5,0.372,2.24,22.8,0.028,0.082,0.056,10.2,10.1,0.485,0.55,0.314,0.319,93.48,92.07,76.73,92.07,0.165,5808,8.8,19.7,86,58,58,56,95,95,41,32,32,10,68,92,270,356,320,183,179,244,142,3,3,276,367,367,8,8,4
202365,Devin Ebanks,1610612747,LAL,21.0,20,91.8,88.9,88.9,105.8,107.3,107.3,-14.1,-18.4,-18.4,0.033,0.33,2.9,0.115,0.092,0.104,8.7,8.7,0.431,0.507,0.227,0.237,101.09,102.03,85.03,102.03,0.112,252,1.1,2.6,429,432,432,270,319,319,425,442,442,418,419,439,19,307,152,90,91,375,294,79,69,9,8,8,90,373,370
2734,Devin Harris,1610612762,UTA,28.0,71,103.8,105.1,105.1,108.8,110.2,110.2,-5.0,-5.1,-5.1,0.373,2.43,29.5,0.008,0.072,0.04,12.2,12.2,0.458,0.545,0.245,0.247,92.82,91.64,76.37,91.64,0.121,4309,4.8,11.5,211,175,175,382,408,408,300,306,306,9,46,30,422,400,412,299,298,329,161,46,51,324,379,379,58,89,76
202354,Dexter Pittman,1610612748,MIA,23.0,2,142.9,136.4,136.4,103.8,95.7,95.7,39.1,40.7,40.7,0.0,0.0,0.0,0.0,0.0,0.0,40.0,40.0,0.333,0.333,0.2,0.208,90.16,96.14,80.12,96.14,-0.026,22,0.5,1.5,1,1,1,196,23,23,2,3,3,444,437,444,434,440,437,452,452,424,436,148,139,435,127,127,446,425,412
1717,Dirk Nowitzki,1610612742,DAL,33.0,73,111.1,110.7,110.7,100.2,100.4,100.4,10.9,10.3,10.3,0.136,1.39,11.3,0.023,0.184,0.109,8.1,8.1,0.545,0.612,0.274,0.282,93.75,93.83,78.19,93.83,0.169,4909,8.4,16.2,14,37,37,80,87,87,17,18,18,141,196,276,299,71,134,67,65,67,24,13,12,266,264,264,6,11,16
201187,Dominic McGuire,1610612766,CHA,25.0,52,98.0,98.7,98.7,103.7,102.2,102.2,-5.7,-3.6,-3.6,0.092,1.72,16.1,0.086,0.183,0.135,9.4,9.4,0.396,0.437,0.134,0.136,91.9,92.19,76.83,92.19,0.077,1449,1.4,3.5,378,364,364,188,145,145,318,275,275,237,141,170,77,76,72,125,123,410,406,368,369,379,360,360,266,345,329
202346,Dominique Jones,1610612742,DAL,22.0,18,93.1,90.5,90.5,101.5,99.2,99.2,-8.4,-8.8,-8.8,0.241,1.9,23.2,0.045,0.147,0.096,12.2,12.3,0.311,0.4,0.213,0.222,90.39,92.72,77.27,92.72,0.096,262,0.8,2.5,426,430,430,119,58,58,375,387,387,69,118,90,186,142,171,301,305,435,418,106,98,430,330,330,170,395,375
201590,Donte Greene,1610612758,SAC,23.0,69,101.7,101.6,101.6,105.4,104.9,104.9,-3.7,-3.3,-3.3,0.066,0.8,9.2,0.042,0.087,0.064,11.5,11.5,0.462,0.482,0.179,0.182,98.01,98.25,81.87,98.25,0.056,2289,2.3,5.6,265,278,278,251,239,239,267,271,271,317,334,338,204,330,278,259,258,315,354,223,222,54,44,44,367,254,234
2748,Dorell Wright,1610612744,GSW,25.0,82,106.0,107.1,107.1,108.1,109.0,109.0,-2.1,-1.9,-1.9,0.114,1.82,14.9,0.028,0.112,0.069,8.2,8.2,0.508,0.539,0.19,0.192,98.12,97.18,80.98,97.18,0.093,6366,5.9,14.0,130,114,114,360,378,378,241,235,235,179,126,202,272,236,256,68,70,153,177,188,193,52,83,83,185,51,38
2400,Drew Gooden,1610612749,MIL,29.0,35,98.5,99.9,99.9,102.2,102.1,102.1,-3.7,-2.2,-2.2,0.108,1.02,9.4,0.085,0.207,0.144,9.2,9.2,0.435,0.487,0.245,0.248,91.12,90.49,75.41,90.49,0.116,1620,4.5,10.3,363,328,328,136,137,137,266,242,242,193,281,330,78,37,49,116,115,366,345,47,49,414,425,425,69,108,101
2730,Dwight Howard,1610612753,ORL,25.0,78,107.2,109.0,109.0,98.6,100.6,100.6,8.6,8.4,8.4,0.067,0.38,5.8,0.113,0.268,0.193,15.1,15.2,0.593,0.616,0.272,0.272,93.64,91.89,76.57,91.89,0.184,5630,7.9,13.4,97,62,62,41,94,94,38,34,34,316,412,414,22,8,7,381,383,18,21,15,21,270,377,377,2,15,45
2548,Dwyane Wade,1610612748,MIA,29.0,76,111.7,112.8,112.8,101.1,102.4,102.4,10.6,10.4,10.4,0.223,1.46,15.4,0.049,0.127,0.091,10.6,10.5,0.523,0.581,0.308,0.313,94.0,92.97,77.47,92.97,0.164,5471,9.1,18.2,9,7,7,107,152,152,18,17,17,79,177,192,177,197,180,205,203,109,70,5,4,246,309,309,9,4,8
2853,Earl Barron,1610612757,POR,29.0,21,102.6,104.4,104.4,109.4,109.2,109.2,-6.8,-4.8,-4.8,0.054,0.69,8.1,0.108,0.164,0.135,11.8,11.7,0.323,0.361,0.184,0.186,93.84,93.09,77.58,93.09,0.022,590,1.5,4.7,233,194,194,399,385,385,342,300,300,361,356,366,31,109,73,275,270,432,430,206,211,260,300,300,421,332,270
1863,Earl Boykins,1610612749,MIL,35.0,57,100.3,100.3,100.3,97.5,97.2,97.2,2.7,3.1,3.1,0.301,2.71,24.2,0.018,0.048,0.033,8.9,8.9,0.482,0.526,0.235,0.24,92.1,92.24,76.87,92.24,0.136,1651,2.7,6.2,315,319,319,30,30,30,131,122,122,28,28,79,338,434,429,100,102,257,235,66,67,372,356,356,32,222,220
201947,Earl Clark,1610612753,ORL,23.0,42,97.8,96.7,96.7,102.4,102.8,102.8,-4.6,-6.1,-6.1,0.035,0.32,4.2,0.08,0.136,0.108,13.0,13.0,0.43,0.456,0.194,0.201,95.04,95.37,79.48,95.37,0.063,922,1.6,3.8,381,398,398,145,165,165,289,327,327,416,421,434,99,173,136,327,327,376,389,173,162,191,169,169,341,323,321
2248,Earl Watson,1610612762,UTA,32.0,80,104.7,105.8,105.8,105.5,105.3,105.3,-0.8,0.6,0.6,0.26,2.4,37.5,0.036,0.091,0.063,15.7,15.7,0.469,0.5,0.135,0.136,91.57,91.22,76.01,91.22,0.075,2975,1.6,3.8,173,152,152,255,257,257,211,191,191,53,48,8,230,311,282,386,388,297,314,364,370,394,400,400,277,329,317
202334,Ed Davis,1610612761,TOR,22.0,65,101.1,101.4,101.4,110.8,111.2,111.2,-9.8,-9.8,-9.8,0.039,0.83,7.8,0.107,0.19,0.148,9.3,9.3,0.576,0.583,0.131,0.134,94.78,94.44,78.7,94.44,0.098,3136,3.3,5.7,287,282,282,424,429,429,391,400,400,407,325,370,37,58,39,124,120,28,64,374,374,206,231,231,154,179,229
2067,Eddie House,1610612748,MIA,33.0,56,106.3,106.5,106.5,101.0,101.5,101.5,5.3,5.0,5.0,0.104,2.14,14.7,0.01,0.083,0.048,6.9,6.8,0.505,0.535,0.169,0.177,92.56,92.21,76.84,92.21,0.085,1885,2.3,5.7,117,132,132,103,118,118,81,78,78,202,83,206,416,346,375,30,29,169,199,259,241,346,359,359,221,252,230
2059,Eduardo Najera,1610612766,CHA,34.0,31,100.6,100.6,100.6,98.8,98.3,98.3,1.8,2.3,2.3,0.089,1.54,18.2,0.039,0.078,0.059,11.8,11.8,0.438,0.449,0.112,0.114,91.05,91.28,76.07,91.28,0.023,705,0.8,2.3,303,312,312,48,43,43,156,142,142,246,164,136,217,373,307,279,279,363,397,411,412,416,396,396,418,388,381
202327,Ekpe Udoh,1610612744,GSW,24.0,58,107.7,108.3,108.3,101.3,102.2,102.2,6.4,6.1,6.1,0.051,0.83,11.8,0.078,0.097,0.088,14.1,14.2,0.437,0.472,0.128,0.13,96.69,95.95,79.96,95.95,0.039,2048,1.7,3.8,80,79,79,110,144,144,66,65,65,371,325,257,103,284,193,362,364,364,371,383,385,103,136,136,399,317,318
1882,Elton Brand,1610612755,PHI,32.0,81,104.5,105.8,105.8,103.1,103.3,103.3,1.4,2.5,2.5,0.07,1.19,9.1,0.087,0.164,0.125,7.6,7.6,0.512,0.553,0.196,0.197,93.2,92.53,77.11,92.53,0.116,5415,6.2,12.1,185,155,155,166,183,183,169,139,139,301,239,343,76,107,91,46,47,134,135,163,180,300,344,344,70,45,61
2731,Emeka Okafor,1610612740,NOH,28.0,72,105.4,106.4,106.4,101.5,102.5,102.5,3.9,3.8,3.8,0.029,0.35,5.3,0.11,0.22,0.164,14.9,14.9,0.573,0.584,0.157,0.158,90.55,89.66,74.72,89.66,0.102,4262,4.2,7.3,156,137,137,118,157,157,104,105,105,427,418,421,27,25,16,379,377,31,62,303,315,428,438,438,132,121,179
202339,Eric Bledsoe,1610612746,LAC,21.0,81,98.7,99.7,99.7,105.6,106.1,106.1,-6.9,-6.4,-6.4,0.254,1.49,28.2,0.038,0.086,0.062,18.9,18.9,0.457,0.499,0.175,0.18,94.72,94.03,78.36,94.03,0.083,3611,2.5,6.0,358,332,332,260,280,280,345,338,338,58,170,41,218,335,287,423,421,330,319,236,229,209,247,247,227,234,224
201569,Eric Gordon,1610612746,LAC,22.0,56,105.5,108.2,108.2,107.1,108.2,108.2,-1.7,-0.1,-0.1,0.197,1.62,16.4,0.022,0.057,0.04,10.2,10.1,0.506,0.566,0.258,0.262,95.73,94.04,78.37,94.04,0.118,4140,7.6,16.9,152,88,88,326,354,354,231,206,206,92,153,164,302,424,414,181,177,165,105,26,26,150,246,246,63,19,13
201953,Eric Maynor,1610612760,OKC,24.0,82,109.0,107.4,107.4,100.5,99.0,99.0,8.5,8.5,8.5,0.313,3.09,35.3,0.023,0.08,0.052,11.4,11.4,0.458,0.485,0.164,0.169,93.22,94.63,78.86,94.63,0.092,2363,1.6,4.1,53,103,103,85,54,54,40,33,33,22,14,11,300,363,340,255,255,328,349,286,276,297,212,212,192,320,305
956,Erick Dampier,1610612748,MIA,35.0,51,106.2,106.2,106.2,99.5,100.0,100.0,6.7,6.2,6.2,0.039,0.69,13.6,0.074,0.148,0.114,19.8,19.7,0.584,0.591,0.079,0.081,93.36,93.14,77.61,93.14,0.063,1587,1.0,1.7,118,140,140,66,71,71,61,62,62,410,356,222,117,138,115,430,429,21,46,442,443,287,295,295,339,374,401
101141,Ersan Ilyasova,1610612749,MIL,24.0,60,101.7,102.9,102.9,100.6,101.0,101.0,1.1,1.9,1.9,0.064,0.89,8.3,0.069,0.19,0.126,9.4,9.4,0.471,0.516,0.186,0.189,92.73,91.95,76.62,91.95,0.104,2885,3.7,8.5,266,238,238,88,103,103,179,154,154,320,312,360,137,60,89,126,126,287,273,198,202,334,374,374,127,152,139
2041,Etan Thomas,1610612737,ATL,33.0,13,98.1,97.6,97.6,117.5,111.2,111.2,-19.4,-13.7,-13.7,0.05,0.4,5.7,0.07,0.218,0.14,14.3,14.5,0.476,0.58,0.176,0.177,95.08,97.96,81.63,97.96,0.093,166,0.8,1.6,376,384,384,446,430,430,443,430,430,379,408,416,131,29,57,365,371,274,71,234,240,189,54,54,182,396,408
202323,Evan Turner,1610612755,PHI,22.0,78,102.2,101.0,101.0,102.4,102.2,102.2,-0.2,-1.2,-1.2,0.137,1.99,19.4,0.024,0.149,0.086,9.8,9.7,0.439,0.484,0.164,0.17,93.96,94.6,78.84,94.6,0.087,3540,2.9,6.8,249,298,298,143,141,141,203,223,223,137,104,126,292,137,199,157,155,362,352,284,274,251,215,215,213,211,197
101177,Fabricio Oberto,1610612757,POR,36.0,5,88.6,86.5,86.5,107.6,102.0,102.0,-19.0,-15.5,-15.5,0.0,0.0,0.0,0.065,0.083,0.074,33.3,33.8,0.6,0.595,0.085,0.086,101.72,105.78,88.15,105.78,-0.026,96,0.6,1.0,438,441,441,343,132,132,440,438,438,444,437,444,148,342,233,450,450,14,37,440,440,4,3,3,447,420,437
1922,Francisco Elson,1610612762,UTA,35.0,62,98.5,98.6,98.6,103.2,102.2,102.2,-4.6,-3.6,-3.6,0.09,1.03,17.2,0.06,0.146,0.102,16.7,16.7,0.478,0.529,0.12,0.122,92.45,92.82,77.35,92.82,0.066,1171,0.9,1.8,362,366,366,167,140,140,290,276,276,245,278,150,159,145,159,403,404,270,221,399,400,356,319,319,325,387,398
101128,Francisco Garcia,1610612758,SAC,29.0,58,99.9,101.7,101.7,105.6,106.4,106.4,-5.6,-4.6,-4.6,0.079,1.58,11.4,0.016,0.082,0.048,7.2,7.2,0.521,0.551,0.169,0.172,98.17,96.91,80.76,96.91,0.081,2805,3.6,8.2,324,271,271,257,291,291,316,295,295,274,159,270,357,351,376,37,37,111,139,258,265,51,91,91,240,163,150
202371,Gani Lawal,1610612756,PHX,22.0,1,66.7,50.0,50.0,144.9,100.0,100.0,-78.3,-50.0,-50.0,0.0,0.0,0.0,0.0,0.0,0.0,0.0,0.0,0.0,0.0,0.0,0.0,71.5,99.31,82.76,99.31,-0.4,4,0.0,0.0,450,451,451,450,71,71,450,450,450,444,437,444,434,440,437,1,1,447,449,450,450,451,29,29,451,447,450
202081,Garret Siler,1610612756,PHX,24.0,21,107.7,104.6,104.6,113.8,110.4,110.4,-6.1,-5.8,-5.8,0.041,0.3,5.6,0.15,0.136,0.144,18.5,18.6,0.548,0.553,0.196,0.204,101.4,104.49,87.07,104.49,0.044,219,0.8,1.5,82,188,188,442,412,412,327,322,322,404,425,418,4,172,50,418,419,65,134,162,151,6,4,4,396,392,420
202066,Garrett Temple,1610612766,CHA,25.0,24,102.1,100.7,100.7,108.7,108.4,108.4,-6.6,-7.7,-7.7,0.209,1.39,24.4,0.005,0.106,0.053,17.6,17.6,0.368,0.378,0.2,0.205,88.81,89.56,74.63,89.56,0.028,430,0.8,2.8,256,306,306,376,358,358,337,367,367,86,193,78,431,255,330,413,413,417,425,148,148,446,441,441,413,389,357
201814,Gary Forbes,1610612743,DEN,26.0,63,108.0,108.2,108.2,110.1,110.0,110.0,-2.1,-1.9,-1.9,0.094,1.07,12.1,0.035,0.111,0.073,11.4,11.3,0.489,0.524,0.188,0.193,100.94,100.88,84.07,100.88,0.067,1661,2.0,4.3,75,86,86,415,398,398,239,233,233,231,270,251,232,242,242,246,243,224,246,193,189,12,15,15,323,281,288
202390,Gary Neal,1610612759,SAS,26.0,80,110.0,108.2,108.2,106.2,106.0,106.0,3.8,2.2,2.2,0.094,1.23,11.3,0.013,0.106,0.06,9.2,9.2,0.553,0.578,0.2,0.208,93.92,94.73,78.94,94.73,0.085,3331,3.6,7.9,35,85,85,288,279,279,107,147,147,232,228,274,382,256,300,114,113,56,79,147,141,252,204,204,219,165,157
201588,George Hill,1610612759,SAS,25.0,76,110.2,110.1,110.1,102.9,103.1,103.1,7.3,7.0,7.0,0.142,1.95,18.7,0.012,0.083,0.049,9.6,9.5,0.514,0.588,0.179,0.185,93.92,93.87,78.22,93.87,0.096,4194,3.8,8.3,29,42,42,162,176,176,53,54,54,133,110,134,395,350,364,143,133,124,53,222,214,253,261,261,165,147,147
201945,Gerald Henderson,1610612766,CHA,23.0,68,101.4,102.3,102.3,104.0,105.0,105.0,-2.6,-2.7,-2.7,0.106,1.58,12.5,0.031,0.099,0.066,7.9,7.9,0.461,0.509,0.199,0.201,91.66,90.81,75.68,90.81,0.09,3136,3.8,8.4,274,255,255,215,245,245,244,257,257,197,158,242,252,279,272,59,61,324,289,153,163,390,410,410,201,143,142
2222,Gerald Wallace,1610612757,POR,28.0,71,106.1,107.2,107.2,103.1,104.7,104.7,3.0,2.4,2.4,0.108,1.14,12.8,0.044,0.181,0.113,11.3,11.3,0.49,0.548,0.202,0.203,91.64,90.43,75.36,90.43,0.117,5071,5.4,12.0,124,112,112,164,232,232,123,140,140,194,255,233,195,80,119,240,246,218,156,144,154,391,427,427,66,64,62
2240,Gilbert Arenas,1610612753,ORL,29.0,70,102.5,103.4,103.4,103.2,104.1,104.1,-0.7,-0.7,-0.7,0.256,1.55,21.9,0.012,0.094,0.053,14.1,14.1,0.433,0.471,0.242,0.246,95.41,94.56,78.8,94.56,0.075,3542,3.8,10.5,239,224,224,170,202,202,210,214,214,56,162,99,391,301,332,363,363,371,372,49,53,170,217,217,279,142,95
201175,Glen Davis,1610612738,BOS,25.0,78,102.2,102.6,102.6,98.6,99.0,99.0,3.6,3.6,3.6,0.069,1.08,8.4,0.051,0.148,0.101,7.7,7.8,0.449,0.499,0.21,0.212,91.17,90.76,75.63,90.76,0.092,4337,4.6,10.3,252,247,247,42,55,55,112,110,110,306,266,359,174,139,161,52,54,347,320,117,124,412,413,413,193,98,105
201609,Goran Dragic,1610612745,HOU,25.0,70,100.6,99.4,99.4,107.3,107.2,107.2,-6.7,-7.8,-7.8,0.291,1.74,25.0,0.029,0.089,0.058,14.3,14.3,0.499,0.524,0.22,0.228,95.39,96.01,80.01,96.01,0.089,2458,2.7,6.3,301,344,344,329,317,317,339,370,370,32,138,72,264,322,310,369,366,192,249,93,84,173,132,132,204,221,214
202330,Gordon Hayward,1610612762,UTA,21.0,72,102.8,103.1,103.1,110.8,111.1,111.1,-8.0,-8.0,-8.0,0.106,1.16,16.6,0.035,0.089,0.061,14.4,14.4,0.544,0.578,0.149,0.153,93.77,93.46,77.89,93.46,0.068,2368,2.0,4.1,231,233,233,423,427,427,368,371,371,198,247,160,231,321,297,370,370,68,78,327,326,264,279,279,317,280,304
255,Grant Hill,1610612756,PHX,38.0,80,108.6,109.5,109.5,107.1,108.5,108.5,1.5,1.0,1.0,0.126,1.49,15.7,0.033,0.108,0.072,10.5,10.5,0.511,0.563,0.199,0.201,97.56,96.54,80.45,96.54,0.092,4846,5.0,10.3,61,50,50,325,363,363,165,179,179,156,169,183,237,248,243,202,206,139,108,152,161,69,106,106,188,83,104
202328,Greg Monroe,1610612765,DET,21.0,80,104.8,107.0,107.0,108.8,109.5,109.5,-4.0,-2.5,-2.5,0.075,1.3,12.5,0.116,0.181,0.147,9.6,9.7,0.551,0.575,0.153,0.154,90.84,89.6,74.67,89.6,0.108,4133,3.8,6.9,172,118,118,381,389,389,279,250,250,289,217,241,18,81,43,145,151,59,81,318,322,425,440,440,107,145,192
202349,Greivis Vasquez,1610612763,MEM,24.0,70,97.7,98.5,98.5,103.9,102.7,102.7,-6.2,-4.2,-4.2,0.266,2.16,32.1,0.014,0.08,0.045,14.9,14.8,0.461,0.493,0.164,0.17,93.81,94.0,78.33,94.0,0.072,1687,1.4,3.3,387,373,373,208,163,163,329,282,282,49,80,18,378,365,388,378,375,319,333,287,270,263,250,250,296,351,336
101124,Hakim Warrick,1610612756,PHX,28.0,80,104.8,104.3,104.3,109.0,110.0,110.0,-4.2,-5.6,-5.6,0.081,0.87,9.5,0.065,0.153,0.109,10.8,10.9,0.512,0.581,0.206,0.209,96.85,96.66,80.55,96.66,0.111,2840,2.9,5.6,169,198,198,387,396,396,281,319,319,265,315,329,147,127,131,219,223,133,68,127,136,94,101,101,96,213,236
202380,Hamady Ndiaye,1610612764,WAS,24.0,16,89.4,86.0,86.0,112.3,111.5,111.5,-22.9,-25.6,-25.6,0.0,0.0,0.0,0.023,0.07,0.044,23.1,22.6,0.8,0.681,0.07,0.076,93.63,95.79,79.82,95.79,-0.016,164,0.3,0.3,437,442,442,435,433,433,446,447,447,444,437,444,298,403,396,439,438,1,4,446,446,271,139,139,442,439,449
201632,Hamed Haddadi,1610612763,MEM,26.0,31,115.4,113.1,113.1,103.9,101.5,101.5,11.5,11.6,11.6,0.042,0.45,6.0,0.152,0.273,0.213,13.1,13.1,0.517,0.55,0.196,0.204,94.82,96.92,80.77,96.92,0.115,344,1.0,1.9,5,5,5,203,116,116,13,11,11,402,398,411,2,7,3,330,330,117,140,164,149,201,90,90,72,379,396
201934,Hasheem Thabeet,1610612745,HOU,24.0,47,98.3,97.8,97.8,113.0,110.9,110.9,-14.8,-13.1,-13.1,0.015,0.24,5.1,0.063,0.151,0.104,21.8,22.3,0.425,0.478,0.086,0.087,95.3,96.43,80.36,96.43,0.004,738,0.4,0.9,369,381,381,441,422,422,429,428,428,441,432,424,150,132,149,437,437,385,362,438,438,180,111,111,435,433,440
202355,Hassan Whiteside,1610612758,SAC,22.0,1,0.0,0.0,0.0,144.9,133.3,133.3,-144.9,-133.3,-133.3,0.0,0.0,0.0,0.0,0.0,0.0,0.0,0.0,0.0,0.0,0.0,0.0,65.53,82.6,68.83,82.6,-2.0,3,0.0,0.0,452,452,452,450,451,451,452,452,452,444,437,444,434,440,437,1,1,447,449,450,450,452,452,452,452,447,450
2045,Hedo Turkoglu,1610612753,ORL,32.0,81,109.1,109.9,109.9,102.7,104.3,104.3,6.4,5.6,5.6,0.207,2.6,27.1,0.019,0.125,0.073,10.4,10.4,0.534,0.555,0.165,0.168,93.89,92.85,77.37,92.85,0.094,4926,4.0,8.9,50,43,43,158,207,207,67,72,72,88,36,50,328,203,241,197,198,85,129,275,285,256,317,317,179,129,125
201611,Henry Walker,1610612752,NYK,23.0,61,105.6,105.4,105.4,99.4,99.6,99.6,6.2,5.8,5.8,0.069,0.92,10.5,0.02,0.133,0.076,11.4,11.3,0.566,0.583,0.161,0.165,98.44,98.49,82.08,98.49,0.079,1606,1.7,3.9,145,167,167,60,64,64,69,68,68,307,308,300,320,182,228,252,245,39,63,295,293,40,37,37,250,311,315
200756,Hilton Armstrong,1610612737,ATL,26.0,53,93.6,93.1,93.1,103.6,101.5,101.5,-10.0,-8.4,-8.4,0.046,0.5,10.5,0.085,0.188,0.135,21.1,21.1,0.5,0.508,0.107,0.11,95.94,97.22,81.02,97.22,0.055,981,0.7,1.4,421,418,418,187,117,117,394,381,381,389,386,295,81,64,71,436,435,182,290,414,415,138,81,81,369,408,422
101133,Ian Mahinmi,1610612742,DAL,24.0,56,110.8,108.7,108.7,102.0,100.0,100.0,8.8,8.7,8.7,0.025,0.32,4.7,0.099,0.152,0.127,14.6,15.0,0.561,0.645,0.151,0.153,92.77,94.55,78.79,94.55,0.069,953,1.0,1.8,20,68,68,130,71,71,32,28,28,433,423,429,50,128,84,374,378,44,12,324,325,332,219,219,310,378,400
101113,Ike Diogu,1610612746,LAC,27.0,36,97.2,99.5,99.5,107.7,105.3,105.3,-10.5,-5.8,-5.8,0.008,0.09,1.0,0.082,0.164,0.121,11.1,11.0,0.561,0.59,0.179,0.183,94.38,94.39,78.66,94.39,0.091,917,2.3,4.1,395,340,340,348,258,258,403,324,324,443,436,443,94,106,100,230,229,45,47,221,217,227,232,232,199,249,302
2137,Ime Udoka,1610612759,SAS,33.0,20,104.7,96.6,96.6,104.2,103.9,103.9,0.6,-7.3,-7.3,0.153,2.6,30.2,0.04,0.105,0.073,11.6,11.8,0.238,0.285,0.103,0.109,91.76,95.63,79.69,95.63,0.03,261,0.3,1.1,176,399,399,219,197,197,189,359,359,124,35,25,212,258,239,266,277,442,439,418,416,384,151,151,411,439,436
202397,Ish Smith,1610612763,MEM,22.0,43,102.5,101.2,101.2,106.9,107.0,107.0,-4.4,-5.8,-5.8,0.268,2.32,33.2,0.016,0.09,0.053,14.3,14.3,0.387,0.406,0.155,0.159,97.23,97.76,81.47,97.76,0.06,901,1.0,2.7,240,295,295,314,313,313,284,323,323,46,64,14,358,318,333,365,367,413,416,312,310,79,62,62,351,375,365
200826,J.J. Barea,1610612742,DAL,27.0,81,107.7,106.7,106.7,101.8,102.1,102.1,5.9,4.6,4.6,0.314,2.33,27.2,0.019,0.078,0.05,11.7,11.6,0.49,0.535,0.234,0.242,92.32,92.57,77.14,92.57,0.111,3222,3.5,8.0,81,125,125,124,138,138,72,88,88,21,61,49,324,372,356,269,265,219,196,68,64,363,341,341,98,167,153
201581,JJ Hickson,1610612739,CLE,22.0,80,98.3,99.1,99.1,110.1,111.1,111.1,-11.9,-12.0,-12.0,0.075,0.53,6.7,0.094,0.218,0.155,12.7,12.7,0.458,0.503,0.249,0.253,95.7,94.93,79.11,94.93,0.106,4464,5.4,11.7,368,351,351,417,426,426,416,422,422,287,383,397,59,28,28,321,322,327,305,40,42,153,194,194,118,68,70
200755,JJ Redick,1610612753,ORL,27.0,59,104.8,105.4,105.4,100.8,102.4,102.4,3.9,3.0,3.0,0.11,1.92,15.9,0.004,0.07,0.038,8.2,8.1,0.538,0.589,0.159,0.167,95.86,94.85,79.04,94.85,0.092,2995,3.3,7.6,171,166,166,96,151,151,102,124,124,189,115,174,432,404,416,71,64,78,49,299,288,141,199,199,194,177,169
2747,JR Smith,1610612743,DEN,25.0,79,111.5,112.4,112.4,105.7,105.9,105.9,5.8,6.5,6.5,0.141,1.75,15.2,0.024,0.142,0.084,8.7,8.6,0.514,0.55,0.216,0.22,98.19,97.7,81.42,97.7,0.108,4000,4.3,9.9,10,10,10,264,275,275,76,59,59,135,134,195,291,159,205,86,87,125,143,102,104,50,66,66,106,115,110
201580,JaVale McGee,1610612764,WAS,23.0,79,102.1,103.2,103.2,106.5,107.8,107.8,-4.4,-4.5,-4.5,0.027,0.37,4.5,0.103,0.189,0.146,12.1,12.1,0.55,0.566,0.162,0.165,96.07,94.98,79.15,94.98,0.104,4323,4.2,7.6,257,232,232,299,338,338,288,292,292,430,413,432,41,63,45,295,294,62,103,291,295,128,190,190,126,120,168
2048,Jamaal Magloire,1610612748,MIA,33.0,18,101.6,99.7,99.7,94.5,94.7,94.7,7.1,4.9,4.9,0.031,0.6,7.9,0.115,0.286,0.202,13.2,13.2,0.591,0.585,0.101,0.105,91.23,91.98,76.65,91.98,0.1,301,0.7,1.2,269,333,333,14,20,20,54,79,79,424,372,368,20,4,5,334,336,19,60,419,419,409,372,372,139,402,430
2037,Jamal Crawford,1610612737,ATL,31.0,76,105.2,106.5,106.5,106.5,106.5,106.5,-1.3,0.0,0.0,0.178,1.66,17.8,0.01,0.05,0.03,10.7,10.6,0.489,0.545,0.224,0.231,92.68,92.13,76.78,92.13,0.092,4410,4.8,11.5,161,133,133,296,299,299,221,201,201,108,147,143,410,433,435,213,207,223,162,85,80,337,365,365,186,88,75
200081,Jamario Moon,1610612746,LAC,31.0,59,98.9,99.4,99.4,105.4,106.3,106.3,-6.5,-6.9,-6.9,0.074,2.36,15.8,0.022,0.136,0.079,6.7,6.7,0.484,0.499,0.118,0.12,96.77,96.16,80.13,96.16,0.074,2085,1.7,4.2,355,345,345,253,283,283,335,347,347,292,51,179,304,175,223,27,26,247,317,402,403,101,125,125,281,308,298
2749,Jameer Nelson,1610612753,ORL,29.0,76,108.3,109.5,109.5,100.8,102.5,102.5,7.5,7.0,7.0,0.324,2.35,29.3,0.017,0.082,0.05,12.5,12.4,0.517,0.548,0.217,0.221,93.28,91.95,76.63,91.95,0.111,4442,4.9,11.0,68,47,47,94,156,156,52,53,53,20,55,32,345,354,352,310,310,116,153,97,102,291,373,373,97,85,83
202341,James Anderson,1610612759,SAS,22.0,26,100.3,99.5,99.5,107.3,107.0,107.0,-7.0,-7.5,-7.5,0.103,1.38,15.0,0.007,0.079,0.043,10.8,10.8,0.494,0.529,0.16,0.165,94.54,95.08,79.23,95.08,0.051,564,1.2,3.1,312,339,339,330,314,314,347,364,364,204,198,199,426,369,405,220,219,206,223,296,296,216,183,183,382,366,345
201935,James Harden,1610612760,OKC,21.0,82,109.2,109.2,109.2,103.5,104.3,104.3,5.7,4.9,4.9,0.136,1.66,15.8,0.02,0.096,0.06,9.5,9.5,0.518,0.598,0.193,0.197,94.56,94.22,78.52,94.22,0.108,4295,3.6,8.3,48,57,57,185,209,209,78,82,82,139,148,181,317,293,305,133,134,114,34,180,179,214,240,240,109,156,146
201949,James Johnson,1610612761,TOR,24.0,38,104.0,105.1,105.1,107.1,108.2,108.2,-3.1,-3.1,-3.1,0.161,1.39,21.1,0.049,0.132,0.091,15.2,15.2,0.473,0.505,0.18,0.183,95.71,94.73,78.94,94.73,0.079,1612,2.8,6.2,206,176,176,324,350,350,256,267,267,119,194,106,180,186,179,384,382,285,301,215,219,152,205,205,251,214,217
2592,James Jones,1610612748,MIA,30.0,81,108.6,107.2,107.2,100.0,100.4,100.4,8.6,6.8,6.8,0.043,2.05,9.9,0.016,0.088,0.054,4.8,4.8,0.6,0.629,0.115,0.122,93.24,93.67,78.06,93.67,0.07,3040,1.8,4.3,60,109,109,73,86,86,37,56,56,398,93,314,356,326,325,11,11,15,16,406,402,294,272,272,304,296,290
1899,James Posey,1610612754,IND,34.0,49,95.7,96.4,96.4,99.3,97.7,97.7,-3.6,-1.4,-1.4,0.068,1.42,11.1,0.011,0.167,0.085,7.9,7.9,0.475,0.485,0.143,0.146,95.88,96.28,80.23,96.28,0.063,1681,1.7,4.9,411,401,401,58,36,36,264,226,226,310,187,281,404,99,202,56,57,277,350,344,343,140,120,120,337,318,262
201162,Jared Dudley,1610612756,PHX,25.0,82,106.1,106.0,106.0,106.3,106.6,106.6,-0.2,-0.5,-0.5,0.078,1.4,11.8,0.054,0.098,0.076,8.4,8.5,0.56,0.598,0.167,0.17,95.78,95.7,79.75,95.7,0.097,4262,3.7,7.7,123,145,145,291,302,302,205,213,213,275,190,256,169,282,229,78,80,46,32,267,271,146,142,142,161,154,165
2407,Jared Jeffries,1610612752,NYK,29.0,42,116.3,116.9,116.9,105.3,105.6,105.6,11.0,11.4,11.4,0.079,1.71,23.2,0.107,0.095,0.101,13.5,13.5,0.36,0.375,0.088,0.09,95.34,94.95,79.13,94.95,0.03,1175,0.7,2.0,4,4,4,247,267,267,16,13,13,273,142,88,36,295,162,347,344,420,426,436,437,177,192,192,410,404,393
101127,Jarrett Jack,1610612740,NOH,27.0,83,100.1,101.6,101.6,105.7,106.3,106.3,-5.6,-4.7,-4.7,0.251,2.2,22.5,0.012,0.096,0.053,10.2,10.2,0.434,0.503,0.224,0.229,91.56,90.61,75.51,90.61,0.109,3239,3.1,7.7,320,276,276,265,287,287,314,297,297,59,73,94,396,294,329,186,180,368,307,84,82,396,419,419,105,192,164
2260,Jarron Collins,1610612757,POR,32.0,28,95.1,92.7,92.7,95.9,91.9,91.9,-0.9,0.9,0.9,0.018,0.29,5.7,0.073,0.058,0.066,20.0,20.3,0.286,0.374,0.077,0.08,94.79,98.06,81.71,98.06,-0.022,372,0.2,0.8,414,419,419,18,12,12,213,182,182,438,428,416,122,423,269,433,433,438,427,444,444,204,52,52,445,442,442
2215,Jason Collins,1610612737,ATL,32.0,49,102.4,103.3,103.3,94.6,95.0,95.0,7.8,8.4,8.4,0.051,0.85,16.1,0.058,0.125,0.093,19.0,19.0,0.486,0.539,0.094,0.095,90.39,89.8,74.83,89.8,0.024,1107,0.7,1.4,242,226,226,15,21,21,47,35,35,372,319,172,161,203,173,424,422,240,178,428,432,431,437,437,417,410,421
2574,Jason Kapono,1610612755,PHI,30.0,24,107.6,107.1,107.1,100.0,98.7,98.7,7.6,8.5,8.5,0.043,2.0,11.8,0.024,0.065,0.044,5.9,5.7,0.268,0.277,0.109,0.114,98.33,99.21,82.68,99.21,0.011,238,0.3,1.2,83,113,113,72,51,51,50,31,31,399,96,257,290,414,395,18,18,439,440,412,411,43,31,31,428,438,433
467,Jason Kidd,1610612742,DAL,38.0,80,107.1,107.3,107.3,103.4,104.6,104.6,3.7,2.7,2.7,0.357,3.66,44.8,0.014,0.122,0.07,12.2,12.2,0.472,0.5,0.14,0.142,93.89,93.27,77.73,93.27,0.113,5171,2.7,7.5,98,107,107,183,226,226,108,133,133,13,4,1,371,214,252,304,302,286,313,353,354,257,287,287,82,225,173
101131,Jason Maxiell,1610612765,DET,28.0,57,103.4,104.4,104.4,109.9,111.3,111.3,-6.5,-6.8,-6.8,0.028,0.39,5.7,0.077,0.126,0.102,14.9,15.0,0.492,0.51,0.14,0.141,92.27,91.24,76.03,91.24,0.047,1762,1.6,3.3,218,193,193,412,431,431,334,346,346,428,411,415,107,200,160,377,380,212,286,354,359,365,398,398,393,321,337
2202,Jason Richardson,1610612753,ORL,30.0,80,109.3,110.4,110.4,104.0,105.5,105.5,5.3,4.9,4.9,0.087,1.55,10.7,0.026,0.098,0.063,6.9,6.9,0.536,0.555,0.202,0.204,95.36,94.18,78.49,94.18,0.096,5328,5.9,13.2,46,38,38,210,264,264,80,80,80,251,163,292,282,283,284,32,32,79,128,141,150,175,241,241,168,52,48
201160,Jason Smith,1610612740,NOH,25.0,77,100.8,99.9,99.9,100.0,98.5,98.5,0.8,1.3,1.3,0.055,0.68,8.4,0.085,0.141,0.113,12.4,12.4,0.443,0.49,0.163,0.167,91.71,92.88,77.4,92.88,0.067,2114,1.8,4.0,296,330,330,74,47,47,183,174,174,351,360,357,80,163,117,308,309,354,340,290,286,387,313,313,320,303,307
1891,Jason Terry,1610612742,DAL,33.0,82,109.8,109.7,109.7,103.4,103.7,103.7,6.5,5.9,5.9,0.223,2.0,19.8,0.01,0.051,0.031,9.9,9.9,0.509,0.545,0.24,0.245,93.12,93.03,77.52,93.03,0.105,4987,6.0,13.3,36,46,46,177,193,193,63,66,66,78,96,121,412,432,432,165,166,146,159,57,56,309,306,306,121,48,46
201574,Jason Thompson,1610612758,SAC,24.0,75,101.9,103.3,103.3,105.8,106.6,106.6,-4.0,-3.3,-3.3,0.078,0.89,10.9,0.082,0.183,0.131,12.2,12.2,0.507,0.533,0.178,0.179,97.52,96.46,80.39,96.46,0.089,3501,3.6,7.1,261,227,227,269,304,304,276,270,270,278,312,289,95,74,79,302,304,157,208,226,231,72,108,108,206,158,184
1715,Jason Williams,1610612763,MEM,35.0,27,106.2,103.5,103.5,96.7,98.3,98.3,9.5,5.2,5.2,0.244,2.89,38.0,0.01,0.091,0.051,13.1,13.1,0.403,0.403,0.125,0.13,95.39,95.8,79.84,95.8,0.081,595,0.8,2.5,120,221,221,22,41,41,23,76,76,65,19,7,413,313,351,331,333,402,417,388,387,172,137,137,241,391,377
101214,Jawad Williams,1610612739,CLE,28.0,26,97.9,99.6,99.6,110.4,111.0,111.0,-12.5,-11.4,-11.4,0.093,1.38,13.0,0.017,0.118,0.063,9.5,9.5,0.377,0.396,0.164,0.17,95.98,94.87,79.06,94.87,0.033,775,1.6,4.8,379,335,335,420,424,424,418,416,416,233,200,231,343,226,279,130,131,416,421,281,275,135,197,197,404,327,264
202399,Jeff Adrien,1610612744,GSW,25.0,23,108.4,108.0,108.0,109.6,106.4,106.4,-1.2,1.6,1.6,0.075,1.11,12.3,0.117,0.187,0.151,11.1,11.1,0.426,0.457,0.159,0.163,93.87,95.42,79.52,95.42,0.064,388,1.0,2.3,66,94,94,406,293,293,218,169,169,290,261,243,17,65,34,230,232,384,385,300,298,258,165,165,334,375,379
1902,Jeff Foster,1610612754,IND,34.0,56,103.9,104.7,104.7,100.7,100.4,100.4,3.2,4.3,4.3,0.073,1.77,17.6,0.154,0.198,0.175,10.0,10.0,0.479,0.497,0.098,0.099,95.69,95.45,79.54,95.45,0.098,1854,1.4,3.0,208,186,186,90,84,84,120,95,95,296,130,146,1,47,12,168,170,266,326,423,424,155,162,162,157,340,353
201145,Jeff Green,1610612738,BOS,24.0,75,105.9,106.6,106.6,104.7,106.0,106.0,1.3,0.6,0.6,0.075,1.09,9.5,0.033,0.121,0.078,8.7,8.7,0.488,0.538,0.193,0.195,94.32,93.42,77.85,93.42,0.084,4710,4.9,10.9,133,130,130,228,277,277,171,187,187,288,264,323,242,217,224,91,92,228,185,178,182,231,284,284,225,86,87
201952,Jeff Teague,1610612737,ATL,23.0,70,101.4,100.2,100.2,104.1,103.6,103.6,-2.7,-3.4,-3.4,0.236,2.16,25.1,0.012,0.097,0.056,11.6,11.7,0.467,0.521,0.193,0.199,94.41,95.2,79.33,95.2,0.099,1909,1.9,4.3,275,321,321,218,190,190,249,274,274,71,81,69,394,288,321,267,268,308,260,176,168,221,175,175,150,285,287
202379,Jeremy Evans,1610612762,UTA,23.0,49,103.1,102.5,102.5,105.9,104.4,104.4,-2.8,-1.9,-1.9,0.09,1.26,13.7,0.082,0.142,0.112,10.9,10.9,0.661,0.678,0.144,0.148,93.55,94.46,78.72,94.46,0.128,912,1.6,2.3,223,250,250,271,217,217,251,234,234,243,221,219,91,162,123,222,222,7,5,341,336,275,228,228,42,330,380
202391,Jeremy Lin,1610612744,GSW,22.0,29,105.5,105.7,105.7,103.1,103.2,103.2,2.5,2.5,2.5,0.207,2.33,29.6,0.039,0.082,0.059,12.7,12.6,0.396,0.458,0.151,0.155,95.12,94.98,79.15,94.98,0.088,560,1.0,2.5,147,158,158,165,178,178,136,138,138,87,60,29,216,353,306,319,318,409,384,323,319,185,189,189,207,380,376
979,Jermaine O'Neal,1610612738,BOS,32.0,24,100.0,98.7,98.7,96.1,96.9,96.9,3.9,1.7,1.7,0.046,0.44,7.2,0.068,0.141,0.109,16.2,16.2,0.459,0.504,0.171,0.176,90.86,91.11,75.92,91.11,0.052,819,2.1,4.5,321,365,365,20,26,26,103,164,164,390,401,389,138,164,135,395,395,326,304,249,247,423,404,404,380,272,278
201966,Jermaine Taylor,1610612758,SAC,24.0,34,102.5,102.1,102.1,112.6,111.9,111.9,-10.1,-9.8,-9.8,0.105,0.7,11.1,0.053,0.08,0.066,16.0,16.1,0.515,0.535,0.22,0.226,99.74,100.28,83.57,100.28,0.069,1007,2.8,5.8,238,261,261,440,436,436,396,401,401,200,352,280,171,360,268,394,394,121,197,92,91,16,19,19,311,219,227
711,Jerry Stackhouse,1610612748,MIA,36.0,7,95.7,93.9,93.9,100.1,101.1,101.1,-4.4,-7.2,-7.2,0.1,1.5,15.0,0.019,0.13,0.07,10.0,10.0,0.292,0.398,0.155,0.161,92.64,93.12,77.6,93.12,0.042,98,0.4,1.7,410,414,414,76,104,104,285,355,355,211,167,199,336,192,250,169,167,437,420,314,303,341,298,298,398,432,404
201573,Jerryd Bayless,1610612761,TOR,22.0,71,101.2,100.9,100.9,110.1,110.2,110.2,-8.9,-9.3,-9.3,0.294,2.09,26.7,0.018,0.095,0.056,12.8,12.7,0.469,0.536,0.217,0.224,93.63,93.7,78.09,93.7,0.1,2911,3.1,7.3,283,300,300,416,405,405,383,395,395,31,87,56,341,297,315,324,321,298,194,98,94,272,271,271,137,197,178
201149,Joakim Noah,1610612741,CHI,26.0,48,105.5,106.9,106.9,99.6,101.1,101.1,5.8,5.7,5.7,0.105,1.19,15.6,0.12,0.2,0.161,13.2,13.2,0.525,0.579,0.163,0.165,94.16,92.81,77.35,92.81,0.128,3048,4.4,8.4,153,121,121,67,108,108,74,70,70,199,237,186,12,43,21,334,337,106,75,288,297,235,320,320,43,111,144
201975,Jodie Meeks,1610612755,PHI,23.0,74,105.7,105.4,105.4,103.7,103.4,103.4,2.0,2.0,2.0,0.056,1.3,10.1,0.011,0.076,0.043,7.8,7.7,0.546,0.6,0.152,0.157,94.33,94.55,78.8,94.55,0.077,4066,3.3,7.7,142,163,163,190,188,188,152,152,152,348,216,308,407,381,404,53,49,66,30,322,318,230,218,218,263,183,161
2207,Joe Johnson,1610612737,ATL,30.0,72,105.4,107.0,107.0,104.7,105.5,105.5,0.7,1.6,1.6,0.23,2.32,19.4,0.025,0.097,0.062,8.4,8.3,0.481,0.517,0.261,0.264,90.86,89.85,74.87,89.85,0.112,4787,7.1,16.1,155,116,116,230,263,263,186,170,170,76,65,129,284,285,294,75,75,260,270,24,25,421,436,436,93,25,17
693,Joe Smith,1610612747,LAL,35.0,16,90.1,87.0,87.0,92.8,93.8,93.8,-2.7,-6.8,-6.8,0.093,0.8,15.4,0.043,0.217,0.138,19.2,19.3,0.188,0.237,0.133,0.139,99.49,100.71,83.92,100.71,0.013,146,0.2,1.0,436,439,439,11,15,15,248,345,345,234,334,193,196,30,63,426,426,444,444,370,363,21,17,17,427,443,437
201202,Joel Anthony,1610612748,MIA,28.0,75,107.2,106.2,106.2,99.4,101.4,101.4,7.8,4.8,4.8,0.024,0.67,12.5,0.079,0.104,0.093,18.8,18.8,0.535,0.583,0.054,0.055,91.96,91.49,76.24,91.49,0.033,2783,0.7,1.3,95,141,141,62,111,111,48,83,83,435,361,240,100,264,177,422,420,82,65,448,449,378,384,384,405,405,425
2038,Joel Przybilla,1610612766,CHA,31.0,36,99.4,99.5,99.5,107.4,105.6,105.6,-8.0,-6.1,-6.1,0.038,0.45,13.3,0.076,0.223,0.149,29.6,29.6,0.568,0.573,0.077,0.078,89.23,89.95,74.96,89.95,0.049,967,0.7,1.2,342,337,337,337,269,269,370,331,331,411,399,227,111,24,37,449,449,32,87,445,445,442,435,435,389,409,430
201595,Joey Dorsey,1610612761,TOR,27.0,43,100.3,100.5,100.5,102.3,101.2,101.2,-2.0,-0.7,-0.7,0.078,0.69,13.8,0.145,0.231,0.186,19.9,20.1,0.525,0.529,0.141,0.141,92.36,92.79,77.32,92.79,0.091,1006,1.2,2.3,314,313,313,139,109,109,238,216,216,277,353,218,5,19,8,432,432,105,222,348,357,361,324,324,198,364,383
101121,Joey Graham,1610612739,CLE,29.0,39,96.2,97.8,97.8,105.6,105.0,105.0,-9.4,-7.2,-7.2,0.054,0.64,7.5,0.014,0.133,0.074,11.7,11.6,0.483,0.518,0.172,0.175,94.41,93.87,78.23,93.87,0.057,1149,2.1,4.6,407,382,382,258,242,242,386,354,354,360,365,377,373,184,235,271,267,248,263,248,250,222,260,260,361,270,274
101130,Johan Petro,1610612751,NJN,25.0,77,96.2,94.5,94.5,102.6,101.4,101.4,-6.4,-6.9,-6.9,0.088,0.96,11.2,0.071,0.175,0.122,11.7,11.7,0.445,0.452,0.18,0.187,91.5,92.87,77.39,92.87,0.058,1710,1.7,3.8,406,411,411,155,113,113,333,350,350,250,299,278,128,88,95,273,272,352,395,216,206,398,315,315,355,316,320
101249,John Lucas III,1610612741,CHI,28.0,2,82.4,89.5,89.5,101.4,105.3,105.3,-19.1,-15.8,-15.8,0.167,0.0,20.0,0.0,0.0,0.0,0.0,0.0,0.333,0.258,0.19,0.179,95.84,90.24,75.2,90.24,-0.053,19,0.5,1.5,447,431,431,114,256,256,442,439,439,115,437,115,434,440,437,1,1,424,441,185,232,142,431,431,448,425,412
2422,John Salmons,1610612749,MIL,31.0,73,97.5,99.0,99.0,99.1,100.1,100.1,-1.6,-1.1,-1.1,0.179,1.84,18.0,0.011,0.1,0.054,9.8,9.8,0.462,0.51,0.207,0.209,92.18,91.01,75.84,91.01,0.097,4840,5.1,12.3,388,352,352,55,78,78,229,220,220,107,125,139,409,277,328,159,162,318,284,125,138,367,406,406,159,77,56
202322,John Wall,1610612764,WAS,20.0,69,98.9,100.2,100.2,107.9,109.0,109.0,-9.0,-8.8,-8.8,0.357,2.2,29.0,0.013,0.112,0.06,13.2,13.2,0.427,0.494,0.233,0.236,97.34,96.19,80.16,96.19,0.117,5233,5.8,14.1,356,322,322,351,377,377,384,389,389,12,75,34,386,240,302,338,335,380,332,69,73,77,123,123,67,55,34
201972,Jon Brockman,1610612749,MIL,24.0,63,102.4,101.5,101.5,100.2,97.9,97.9,2.2,3.6,3.6,0.041,0.75,11.0,0.109,0.179,0.142,14.7,14.8,0.511,0.567,0.095,0.097,92.42,93.88,78.23,93.88,0.056,1320,0.8,1.5,243,280,280,79,38,38,145,108,108,405,341,284,30,83,53,375,376,140,97,426,425,358,259,259,366,398,419
201938,Jonny Flynn,1610612750,MIN,22.0,53,100.4,100.3,100.3,109.8,109.4,109.4,-9.4,-9.0,-9.0,0.284,1.61,29.9,0.012,0.07,0.04,18.6,18.5,0.417,0.444,0.186,0.19,98.19,98.41,82.01,98.41,0.057,2017,2.0,5.6,309,316,316,410,388,388,387,394,394,36,155,27,399,406,413,419,417,396,402,200,195,49,38,38,364,274,235
202348,Jordan Crawford,1610612764,WAS,22.0,42,99.3,99.9,99.9,109.5,110.8,110.8,-10.2,-10.9,-10.9,0.197,1.41,16.0,0.028,0.074,0.05,11.3,11.3,0.417,0.456,0.258,0.264,96.6,95.75,79.79,95.75,0.078,2046,4.6,11.9,346,329,329,404,421,421,398,413,413,93,189,173,268,389,353,242,239,397,388,25,24,108,141,141,260,101,66
200770,Jordan Farmar,1610612751,NJN,24.0,73,99.9,99.7,99.7,106.9,106.5,106.5,-7.0,-6.7,-6.7,0.341,2.65,30.7,0.013,0.087,0.049,11.6,11.6,0.475,0.504,0.205,0.212,93.25,93.5,77.92,93.5,0.108,3528,3.5,8.9,327,331,331,315,298,298,348,341,341,19,32,21,383,332,362,265,264,276,302,133,128,293,276,276,111,169,123
201941,Jordan Hill,1610612745,HOU,23.0,72,103.1,103.4,103.4,109.8,110.4,110.4,-6.7,-7.1,-7.1,0.043,0.47,6.1,0.111,0.163,0.136,13.0,12.9,0.491,0.521,0.173,0.179,95.51,95.1,79.25,95.1,0.074,2230,2.4,4.9,224,225,225,409,414,414,340,353,353,401,395,409,25,110,66,328,326,214,256,242,234,162,180,180,285,244,263
101181,Jose Calderon,1610612761,TOR,29.0,68,104.4,105.8,105.8,109.7,110.2,110.2,-5.3,-4.5,-4.5,0.412,4.09,43.6,0.015,0.088,0.05,10.7,10.6,0.487,0.522,0.164,0.167,96.48,95.64,79.7,95.64,0.118,4197,3.9,8.8,189,156,156,408,407,407,305,290,290,7,3,3,369,328,355,211,210,230,254,285,289,110,149,149,64,140,127
2735,Josh Childress,1610612756,PHX,28.0,54,105.4,105.1,105.1,110.9,111.9,111.9,-5.5,-6.8,-6.8,0.072,0.95,12.9,0.08,0.102,0.091,13.5,13.5,0.568,0.567,0.139,0.143,95.48,95.11,79.26,95.11,0.081,1767,2.2,4.0,158,174,174,425,437,437,311,343,343,298,300,232,97,268,182,345,346,34,98,356,351,163,179,179,238,257,310
2572,Josh Howard,1610612764,WAS,31.0,18,95.7,97.9,97.9,106.5,106.9,106.9,-10.8,-9.0,-9.0,0.095,1.2,10.6,0.039,0.144,0.087,8.8,8.8,0.38,0.416,0.211,0.213,98.98,97.62,81.35,97.62,0.06,825,3.2,9.0,412,380,380,297,310,310,408,392,392,228,234,294,213,154,195,96,96,414,414,112,121,30,69,69,352,188,122
201177,Josh McRoberts,1610612754,IND,24.0,72,104.9,104.7,104.7,102.5,102.8,102.8,2.4,1.8,1.8,0.143,1.61,22.1,0.072,0.16,0.119,13.7,13.6,0.576,0.608,0.144,0.148,98.24,98.22,81.85,98.22,0.111,3266,2.9,5.4,166,187,187,149,167,167,139,158,158,132,154,98,124,116,102,353,353,27,26,340,337,46,45,45,95,207,244
2694,Josh Powell,1610612737,ATL,28.0,54,97.4,97.0,97.0,108.1,105.3,105.3,-10.6,-8.3,-8.3,0.059,0.42,7.2,0.082,0.141,0.112,17.4,17.5,0.452,0.492,0.195,0.2,93.41,94.8,79.0,94.8,0.053,1284,1.7,3.9,392,393,393,358,260,260,405,377,377,339,407,386,90,166,122,411,410,343,335,171,166,282,201,201,378,306,316
2746,Josh Smith,1610612737,ATL,25.0,77,104.2,105.3,105.3,102.3,103.4,103.4,1.8,1.9,1.9,0.168,1.29,15.7,0.055,0.208,0.133,12.1,12.1,0.502,0.54,0.245,0.249,91.64,90.66,75.55,90.66,0.135,4987,6.5,13.5,199,169,169,140,187,187,154,153,153,113,218,185,166,35,75,294,295,174,174,45,48,392,418,418,33,42,42
201950,Jrue Holiday,1610612755,PHI,21.0,82,106.2,106.8,106.8,103.4,103.9,103.9,2.8,2.9,2.9,0.282,2.44,29.0,0.025,0.095,0.06,11.9,11.8,0.487,0.525,0.204,0.208,93.98,93.49,77.91,93.49,0.105,5655,5.4,12.2,119,123,123,182,198,198,130,128,128,37,44,35,288,298,304,285,282,232,240,139,143,249,278,278,123,63,60
201153,Julian Wright,1610612761,TOR,24.0,52,102.9,102.6,102.6,103.9,102.6,102.6,-1.0,0.0,0.0,0.11,1.35,20.6,0.066,0.093,0.08,15.3,15.4,0.519,0.525,0.128,0.131,94.44,95.19,79.33,95.19,0.079,1507,1.6,3.1,228,249,249,206,160,160,215,205,205,188,209,110,146,303,220,385,385,113,238,384,384,220,176,176,256,327,348
436,Juwan Howard,1610612748,MIA,38.0,57,105.5,103.6,103.6,103.0,101.9,101.9,2.5,1.7,1.7,0.062,0.92,12.1,0.067,0.145,0.108,13.2,13.3,0.44,0.495,0.129,0.133,91.72,93.04,77.53,93.04,0.065,1147,1.0,2.2,150,218,218,163,130,130,134,166,166,332,307,250,142,150,138,334,338,360,330,381,378,386,305,305,331,381,388
2586,Keith Bogans,1610612741,CHI,31.0,82,105.8,107.4,107.4,100.1,101.6,101.6,5.7,5.8,5.8,0.098,2.46,21.7,0.014,0.093,0.054,8.8,8.9,0.55,0.559,0.114,0.115,92.68,91.28,76.07,91.28,0.058,2782,1.5,3.7,136,106,106,75,120,120,77,69,69,222,43,100,380,302,326,95,97,60,115,408,410,336,397,397,359,333,322
2570,Kendrick Perkins,1610612760,OKC,26.0,29,104.2,105.7,105.7,97.3,98.6,98.6,6.9,7.1,7.1,0.052,0.46,10.7,0.09,0.227,0.161,23.0,23.0,0.515,0.538,0.133,0.134,95.07,93.77,78.14,93.77,0.074,1446,2.3,4.5,194,157,157,27,50,50,59,51,51,368,396,293,68,21,20,438,439,120,184,372,375,190,268,268,280,248,281
2030,Kenyon Martin,1610612743,DEN,33.0,48,110.5,111.9,111.9,102.6,103.7,103.7,7.9,8.2,8.2,0.13,1.85,19.5,0.059,0.183,0.125,10.5,10.5,0.514,0.526,0.164,0.166,96.8,95.67,79.73,95.67,0.095,2460,3.9,7.5,23,16,16,151,192,192,46,39,39,148,124,125,160,72,94,203,202,126,233,280,291,97,145,145,171,139,170
201142,Kevin Durant,1610612760,OKC,22.0,78,109.7,110.8,110.8,105.0,106.8,106.8,4.7,4.1,4.1,0.127,0.98,9.5,0.02,0.154,0.089,9.7,9.6,0.509,0.589,0.296,0.302,96.3,95.02,79.19,95.02,0.159,6025,9.1,19.7,39,33,33,238,306,306,90,100,100,153,294,327,321,124,188,150,145,145,50,8,8,119,186,186,12,3,3
708,Kevin Garnett,1610612738,BOS,35.0,71,108.5,109.2,109.2,95.4,96.4,96.4,13.1,12.9,12.9,0.127,1.49,14.2,0.044,0.249,0.155,9.5,9.6,0.529,0.575,0.219,0.221,93.23,92.45,77.04,92.45,0.168,4276,6.1,11.6,63,56,56,17,25,25,10,10,10,154,171,209,192,9,27,136,141,95,80,94,101,296,348,348,7,46,73
201567,Kevin Love,1610612750,MIN,22.0,73,102.6,104.2,104.2,108.6,109.5,109.5,-6.0,-5.3,-5.3,0.116,1.19,11.6,0.121,0.3,0.208,9.8,9.8,0.513,0.593,0.224,0.227,99.09,97.9,81.58,97.9,0.184,5330,6.6,14.1,234,200,200,372,391,391,325,312,312,176,240,263,11,3,4,158,159,132,43,82,87,28,56,56,3,37,37
2755,Kevin Martin,1610612745,HOU,28.0,80,110.0,111.6,111.6,107.2,108.2,108.2,2.8,3.4,3.4,0.128,1.08,10.3,0.011,0.09,0.05,9.6,9.5,0.506,0.601,0.289,0.295,97.96,96.83,80.69,96.83,0.13,5244,6.9,15.8,33,22,22,327,351,351,127,115,115,150,268,304,406,319,354,141,132,164,28,9,9,58,95,95,40,27,23
202338,Kevin Seraphin,1610612764,WAS,21.0,58,95.4,94.3,94.3,110.3,109.2,109.2,-14.9,-14.9,-14.9,0.025,0.24,4.7,0.11,0.12,0.115,19.6,19.8,0.449,0.479,0.132,0.135,97.1,98.17,81.81,98.17,0.024,1296,1.1,2.5,413,413,413,419,384,384,431,436,436,431,431,430,26,219,113,429,430,348,361,373,373,86,49,49,415,370,372
2039,Keyon Dooling,1610612749,MIL,31.0,80,101.4,101.3,101.3,98.0,98.4,98.4,3.4,2.9,2.9,0.226,2.67,27.3,0.007,0.062,0.035,10.2,10.2,0.475,0.509,0.171,0.176,91.48,91.36,76.14,91.36,0.086,3332,2.6,6.5,272,289,289,34,45,45,114,127,127,77,31,45,427,416,423,187,181,278,287,252,246,400,393,393,217,232,205
2550,Kirk Hinrich,1610612737,ATL,30.0,72,97.9,98.8,98.8,107.3,108.2,108.2,-9.5,-9.4,-9.4,0.221,2.38,26.8,0.01,0.08,0.044,11.2,11.1,0.506,0.543,0.167,0.171,93.4,92.58,77.15,92.58,0.086,4162,3.9,8.7,380,361,361,335,352,352,388,396,396,81,49,55,414,361,394,235,235,162,166,271,268,284,337,337,214,138,131
977,Kobe Bryant,1610612747,LAL,32.0,82,110.6,111.5,111.5,102.8,104.2,104.2,7.8,7.3,7.3,0.258,1.6,15.5,0.031,0.121,0.077,9.7,9.6,0.487,0.548,0.343,0.35,93.41,92.36,76.97,92.36,0.156,5361,9.0,20.0,21,23,23,160,206,206,49,50,50,54,157,191,254,218,227,148,147,236,155,1,1,283,352,352,14,6,2
201585,Kosta Koufos,1610612743,DEN,22.0,50,103.0,102.3,102.3,109.1,107.5,107.5,-6.1,-5.3,-5.3,0.025,0.23,3.4,0.119,0.165,0.141,15.0,15.0,0.453,0.474,0.184,0.189,101.5,102.62,85.52,102.62,0.062,926,1.4,3.0,225,258,258,389,330,330,326,311,311,432,433,438,13,105,56,380,379,339,369,203,199,5,7,7,342,350,352
2743,Kris Humphries,1610612751,NJN,26.0,74,101.4,101.7,101.7,106.7,107.8,107.8,-5.3,-6.1,-6.1,0.069,0.82,9.8,0.111,0.279,0.194,12.0,12.1,0.527,0.555,0.17,0.173,92.61,91.95,76.62,91.95,0.138,3946,4.1,7.9,277,273,273,308,342,342,303,329,329,303,330,316,24,5,6,290,292,102,126,255,260,343,375,375,29,122,158
703,Kurt Thomas,1610612741,CHI,38.0,52,104.1,105.9,105.9,97.4,98.3,98.3,6.7,7.6,7.6,0.074,1.43,19.8,0.067,0.199,0.134,13.9,13.9,0.513,0.527,0.095,0.096,92.58,91.36,76.14,91.36,0.073,2236,1.8,3.6,201,148,148,29,42,42,60,46,46,291,181,122,140,45,74,359,359,129,228,425,428,345,392,392,289,292,327
2198,Kwame Brown,1610612766,CHA,29.0,66,99.1,100.7,100.7,106.4,107.7,107.7,-7.3,-7.0,-7.0,0.041,0.62,7.3,0.09,0.197,0.142,11.7,11.7,0.517,0.55,0.15,0.151,91.24,89.96,74.96,89.96,0.083,3209,2.9,5.7,352,311,311,293,334,334,353,352,352,406,367,382,69,53,55,273,271,115,145,326,329,408,434,434,231,205,231
2594,Kyle Korver,1610612741,CHI,30.0,82,106.8,107.3,107.3,98.2,99.3,99.3,8.6,8.0,8.0,0.121,2.07,16.1,0.008,0.084,0.047,7.8,7.7,0.542,0.572,0.176,0.182,92.59,91.93,76.61,91.93,0.089,3184,3.0,6.8,101,108,108,37,60,60,36,42,42,166,92,169,424,341,380,54,52,72,89,232,223,344,376,376,205,204,196
200768,Kyle Lowry,1610612745,HOU,25.0,75,109.6,111.4,111.4,104.6,105.6,105.6,5.1,5.8,5.8,0.289,3.16,31.7,0.035,0.088,0.061,10.0,10.0,0.506,0.55,0.184,0.186,97.27,95.99,79.99,95.99,0.107,5132,4.6,10.8,44,26,26,227,270,270,85,67,67,35,13,19,233,327,299,174,172,163,144,204,212,78,135,135,115,99,90
201602,Kyle Weaver,1610612762,UTA,25.0,5,85.0,85.7,85.7,82.2,84.4,84.4,2.8,1.3,1.3,0.212,1.0,16.3,0.026,0.116,0.069,16.3,16.5,0.42,0.491,0.232,0.232,94.41,92.76,77.3,92.76,0.116,133,1.8,5.0,443,443,443,2,2,2,128,178,178,85,284,168,280,230,254,398,400,392,337,70,79,223,326,326,68,297,257
201178,Kyrylo Fesenko,1610612762,UTA,24.0,53,100.3,100.0,100.0,98.8,95.4,95.4,1.5,4.6,4.6,0.063,0.72,10.9,0.077,0.173,0.125,15.2,15.3,0.44,0.441,0.142,0.145,92.53,94.28,78.56,94.28,0.024,894,0.8,1.9,313,325,325,46,22,22,164,89,89,329,350,288,106,90,93,383,384,360,404,347,344,348,239,239,416,390,395
200746,LaMarcus Aldridge,1610612757,POR,25.0,81,107.3,109.1,109.1,103.2,104.2,104.2,4.1,4.9,4.9,0.099,1.11,8.8,0.092,0.152,0.121,7.9,7.9,0.501,0.549,0.257,0.258,89.96,88.78,73.99,88.78,0.141,5938,8.7,17.5,94,61,61,169,205,205,97,81,81,214,261,348,60,129,101,58,60,179,146,28,30,437,447,447,25,9,10
1885,Lamar Odom,1610612747,LAL,31.0,82,109.0,109.8,109.8,101.4,102.8,102.8,7.6,7.0,7.0,0.154,1.79,18.0,0.069,0.198,0.135,10.1,10.0,0.568,0.589,0.194,0.198,93.14,92.15,76.79,92.15,0.143,5077,5.8,10.9,52,44,44,113,166,166,51,52,52,122,127,141,136,49,70,175,171,35,48,174,173,306,364,364,22,54,88
202362,Lance Stephenson,1610612754,IND,20.0,12,97.1,97.5,97.5,97.0,94.3,94.3,0.0,3.2,3.2,0.309,1.31,25.6,0.008,0.127,0.069,19.5,19.5,0.333,0.41,0.217,0.223,99.84,101.07,84.22,101.07,0.057,237,1.1,3.3,398,387,387,24,17,17,198,119,119,23,215,64,423,199,254,427,427,424,415,99,95,15,13,13,363,372,339
202361,Landry Fields,1610612752,NYK,23.0,82,109.8,110.4,110.4,107.8,108.7,108.7,2.1,1.6,1.6,0.087,1.45,16.7,0.043,0.165,0.105,11.5,11.5,0.568,0.598,0.134,0.135,98.2,97.53,81.27,97.53,0.098,5156,3.6,7.3,37,39,39,350,373,373,149,168,168,252,180,155,198,103,146,260,262,33,33,369,371,48,75,75,156,155,177
202082,Larry Owens,1610612764,WAS,28.0,12,98.9,97.6,97.6,91.9,93.1,93.1,7.0,4.5,4.5,0.089,1.6,16.3,0.007,0.101,0.053,10.2,10.2,0.563,0.556,0.123,0.127,96.79,96.85,80.71,96.85,0.073,288,1.3,2.7,354,385,385,7,14,14,57,91,91,247,156,166,428,270,335,184,185,42,125,395,393,98,93,93,290,361,367
202336,Larry Sanders,1610612749,MIL,22.0,60,93.3,92.4,92.4,100.9,100.6,100.6,-7.6,-8.2,-8.2,0.033,0.42,4.6,0.066,0.142,0.103,11.0,11.0,0.433,0.448,0.172,0.176,92.85,93.45,77.88,93.45,0.06,1695,1.9,4.5,425,421,421,99,93,93,358,375,375,421,405,431,145,161,157,226,230,370,398,247,244,322,282,282,349,283,283
202351,Lazar Hayward,1610612750,MIN,24.0,42,97.5,98.3,98.3,113.9,111.2,111.2,-16.4,-12.9,-12.9,0.107,1.47,12.7,0.048,0.118,0.08,8.6,8.7,0.412,0.464,0.183,0.187,101.24,102.03,85.02,102.03,0.061,890,1.3,3.7,391,375,375,443,428,428,433,426,426,195,174,235,182,227,217,85,88,399,379,207,205,8,9,9,345,355,325
2544,LeBron James,1610612748,MIA,26.0,79,110.4,111.5,111.5,99.9,101.4,101.4,10.5,10.1,10.1,0.343,1.95,21.3,0.029,0.163,0.101,10.9,10.9,0.541,0.594,0.307,0.312,93.69,92.52,77.1,92.52,0.201,5916,9.6,18.8,25,25,25,69,112,112,19,19,19,18,109,104,259,111,164,223,220,74,38,6,6,267,346,346,1,1,7
2571,Leandro Barbosa,1610612761,TOR,28.0,58,104.5,105.3,105.3,110.0,110.2,110.2,-5.5,-4.8,-4.8,0.147,1.42,13.0,0.01,0.062,0.036,9.2,9.2,0.505,0.539,0.249,0.254,96.16,95.68,79.74,95.68,0.093,2774,5.1,11.3,184,168,168,413,403,403,309,299,299,130,187,230,411,417,419,115,114,167,179,41,41,122,143,143,180,78,79
200796,Leon Powe,1610612763,MEM,27.0,30,99.2,99.0,99.0,109.5,110.4,110.4,-10.3,-11.3,-11.3,0.038,0.58,4.2,0.073,0.138,0.103,7.1,7.1,0.496,0.524,0.224,0.234,92.98,92.71,77.26,92.71,0.072,631,2.0,4.0,348,353,353,403,413,413,399,415,415,412,377,435,121,170,155,36,35,202,242,86,76,317,331,331,298,282,309
201991,Lester Hudson,1610612764,WAS,26.0,11,83.2,82.6,82.6,92.7,87.0,87.0,-9.5,-4.4,-4.4,0.447,2.43,34.7,0.012,0.06,0.034,14.3,14.1,0.333,0.349,0.195,0.204,94.07,97.53,81.27,97.53,0.043,144,0.5,2.2,446,446,446,8,4,4,390,289,289,4,47,12,393,420,426,365,362,424,433,167,152,240,74,74,397,424,389
101132,Linas Kleiza,1610612761,TOR,26.0,39,104.1,105.3,105.3,109.0,108.5,108.5,-4.9,-3.3,-3.3,0.06,0.62,7.4,0.037,0.147,0.091,12.1,12.0,0.486,0.502,0.212,0.214,95.71,95.4,79.5,95.4,0.066,2054,4.6,10.4,202,171,171,388,364,364,298,272,272,337,369,380,224,143,185,293,291,238,312,110,116,151,167,167,326,102,100
200811,Lou Amundson,1610612744,GSW,28.0,46,101.1,101.2,101.2,106.5,107.3,107.3,-5.4,-6.1,-6.1,0.039,0.71,6.5,0.109,0.145,0.127,9.2,9.2,0.454,0.452,0.152,0.155,96.57,96.16,80.13,96.16,0.056,1383,1.8,4.0,285,293,293,300,320,320,307,326,326,409,351,398,28,146,86,112,111,338,394,319,320,109,126,126,368,295,308
101150,Lou Williams,1610612755,PHI,24.0,75,104.0,103.7,103.7,101.9,101.5,101.5,2.1,2.2,2.2,0.248,2.47,19.4,0.019,0.066,0.043,7.8,7.8,0.462,0.54,0.27,0.277,94.36,94.69,78.91,94.69,0.122,3455,4.3,10.6,205,212,212,129,115,115,147,144,144,63,41,128,330,413,406,55,55,317,176,20,15,228,206,206,54,116,93
201601,Luc Mbah a Moute,1610612749,MIL,24.0,79,98.2,99.6,99.6,98.8,99.7,99.7,-0.7,-0.2,-0.2,0.054,0.88,10.4,0.08,0.129,0.103,11.7,11.7,0.463,0.518,0.131,0.132,91.33,90.25,75.21,90.25,0.076,3910,2.5,5.4,373,336,336,47,69,69,209,208,208,355,314,303,98,196,154,272,275,314,266,375,380,403,430,430,273,240,243
2449,Luis Scola,1610612745,HOU,31.0,74,109.5,111.6,111.6,106.4,107.3,107.3,3.0,4.3,4.3,0.131,1.26,11.6,0.061,0.194,0.127,9.2,9.3,0.504,0.538,0.255,0.255,98.06,96.71,80.59,96.71,0.125,4868,7.7,15.3,45,20,20,295,322,322,124,94,94,147,223,264,157,55,85,113,119,170,186,31,38,53,98,98,48,17,26
202337,Luke Babbitt,1610612757,POR,22.0,24,90.7,88.0,88.0,102.1,98.3,98.3,-11.4,-10.3,-10.3,0.077,0.75,8.2,0.036,0.166,0.096,11.0,11.0,0.3,0.305,0.202,0.211,96.07,99.47,82.89,99.47,0.008,283,0.6,2.3,432,436,436,132,40,40,413,404,404,280,341,364,229,102,170,225,224,436,438,142,131,129,27,27,431,418,384
202376,Luke Harangody,1610612739,CLE,23.0,49,99.5,98.6,98.6,103.3,104.2,104.2,-3.8,-5.6,-5.6,0.078,1.88,11.4,0.063,0.159,0.111,6.1,6.1,0.422,0.444,0.165,0.169,95.02,95.08,79.23,95.08,0.069,1267,1.6,4.2,337,369,369,176,204,204,271,317,317,279,120,272,151,118,125,21,21,388,401,278,278,192,184,184,313,324,297
2557,Luke Ridnour,1610612750,MIN,30.0,71,102.1,103.6,103.6,108.0,109.0,109.0,-5.9,-5.4,-5.4,0.274,2.43,30.1,0.017,0.074,0.045,12.4,12.3,0.528,0.567,0.174,0.177,99.36,98.2,81.84,98.2,0.104,4414,4.5,9.6,254,216,216,357,379,379,321,313,313,41,45,26,354,393,389,306,307,98,99,239,239,23,47,47,129,106,113
2575,Luke Walton,1610612747,LAL,31.0,54,101.6,101.0,101.0,98.0,97.0,97.0,3.6,3.9,3.9,0.183,2.0,29.0,0.019,0.107,0.067,14.5,14.5,0.362,0.378,0.144,0.146,92.37,93.1,77.58,93.1,0.049,938,0.7,2.1,268,299,299,33,28,28,109,102,102,101,96,37,323,252,265,373,373,419,424,342,339,360,299,299,386,406,392
2736,Luol Deng,1610612741,CHI,26.0,82,106.0,107.0,107.0,97.6,98.8,98.8,8.4,8.2,8.2,0.119,1.47,13.6,0.037,0.112,0.075,9.2,9.2,0.51,0.549,0.205,0.208,93.18,92.17,76.81,92.17,0.112,6169,6.5,14.1,129,119,119,31,52,52,42,38,38,168,173,221,220,239,231,118,118,144,150,134,142,303,363,363,89,41,35
101129,Luther Head,1610612758,SAC,28.0,36,99.7,100.0,100.0,107.9,108.8,108.8,-8.2,-8.8,-8.8,0.194,2.19,24.6,0.027,0.079,0.053,11.3,11.1,0.491,0.538,0.161,0.167,94.86,94.31,78.59,94.31,0.083,1148,1.9,4.6,330,325,325,353,375,375,372,390,390,94,77,75,275,367,335,237,233,216,188,293,287,196,236,236,228,286,276
2124,Malik Allen,1610612753,ORL,33.0,18,93.7,90.5,90.5,104.9,105.1,105.1,-11.2,-14.6,-14.6,0.036,1.33,10.3,0.061,0.116,0.086,7.7,7.7,0.355,0.361,0.087,0.09,92.87,94.36,78.63,94.36,0.004,348,0.6,1.7,418,428,428,233,249,249,411,433,433,414,210,306,158,231,198,50,53,421,429,437,436,321,234,234,436,419,402
202412,Manny Harris,1610612739,CLE,21.0,54,96.7,97.1,97.1,109.4,110.1,110.1,-12.6,-13.0,-13.0,0.153,1.35,17.7,0.037,0.117,0.075,13.2,13.2,0.433,0.486,0.186,0.189,95.39,94.88,79.07,94.88,0.073,1846,2.0,5.4,402,392,392,397,401,401,419,427,427,123,208,145,225,228,232,333,334,372,346,199,198,174,195,195,291,275,245
1938,Manu Ginobili,1610612759,SAS,33.0,80,112.2,111.8,111.8,100.7,100.7,100.7,11.6,11.0,11.0,0.249,2.26,22.5,0.019,0.103,0.063,9.9,9.9,0.509,0.581,0.248,0.256,96.38,96.55,80.46,96.55,0.138,4880,5.5,12.7,7,17,17,91,98,98,12,15,15,62,66,95,334,266,285,167,164,148,69,42,35,114,104,104,30,62,53
201188,Marc Gasol,1610612763,MEM,26.0,81,104.4,106.4,106.4,102.7,103.9,103.9,1.7,2.6,2.6,0.117,1.37,17.2,0.063,0.172,0.117,12.6,12.5,0.529,0.58,0.168,0.171,93.45,92.0,76.67,92.0,0.112,4962,4.5,8.5,191,134,134,157,195,195,158,136,136,172,203,149,152,93,107,315,315,93,72,263,269,279,370,370,84,105,135
101162,Marcin Gortat,1610612756,PHX,27.0,80,105.2,105.7,105.7,103.7,105.2,105.2,1.4,0.5,0.5,0.057,0.86,8.3,0.076,0.239,0.158,9.6,9.7,0.561,0.594,0.173,0.175,94.34,93.46,77.88,93.46,0.132,3960,4.2,7.5,162,160,160,195,254,254,168,192,192,344,316,361,112,11,23,144,150,43,39,244,252,229,281,281,37,119,171
201158,Marco Belinelli,1610612740,NOH,25.0,80,106.0,106.7,106.7,104.5,105.0,105.0,1.5,1.6,1.6,0.077,1.19,10.1,0.009,0.077,0.043,8.4,8.4,0.534,0.56,0.195,0.199,91.28,90.78,75.65,90.78,0.072,3713,3.8,8.6,128,127,127,226,247,247,166,167,167,283,236,311,417,377,407,78,77,84,113,165,170,406,412,412,297,149,132
2556,Marcus Banks,1610612761,TOR,29.0,3,111.3,108.7,108.7,94.2,89.1,89.1,17.1,19.6,19.6,0.188,1.5,27.3,0.0,0.048,0.026,18.2,19.0,0.0,0.543,0.148,0.145,97.59,101.52,84.6,101.52,0.014,46,0.0,0.7,11,70,70,13,7,7,5,6,6,97,167,46,434,435,436,417,424,447,165,329,345,67,11,11,426,447,445
948,Marcus Camby,1610612757,POR,37.0,59,106.1,106.4,106.4,103.7,105.1,105.1,2.4,1.3,1.3,0.114,1.95,23.9,0.122,0.313,0.213,12.2,12.2,0.398,0.426,0.116,0.118,88.88,88.16,73.46,88.16,0.118,2825,2.0,5.0,121,135,135,189,251,251,138,176,176,178,108,85,9,1,2,303,301,408,412,405,406,445,449,449,62,277,259
202408,Marcus Cousin,1610612762,UTA,24.0,4,78.1,78.6,78.6,126.9,119.0,119.0,-48.9,-40.5,-40.5,0.0,0.0,0.0,0.0,0.0,0.0,25.0,25.0,0.667,0.667,0.089,0.092,107.05,110.09,91.74,110.09,0.062,42,0.5,0.8,449,448,448,449,449,449,449,449,449,444,437,444,434,440,437,442,444,5,7,435,434,2,2,2,343,425,442
201977,Marcus Thornton,1610612758,SAC,24.0,73,100.2,101.3,101.3,103.9,104.4,104.4,-3.6,-3.1,-3.1,0.133,1.45,12.1,0.034,0.115,0.074,8.3,8.3,0.488,0.525,0.241,0.245,96.13,95.38,79.48,95.38,0.113,3523,4.8,11.1,317,286,286,201,215,215,265,266,266,145,178,249,234,232,237,73,74,227,239,52,54,124,168,168,83,91,81
201596,Mario Chalmers,1610612748,MIA,25.0,70,108.4,108.8,108.8,99.6,100.5,100.5,8.8,8.4,8.4,0.172,1.95,26.1,0.008,0.083,0.048,13.4,13.3,0.506,0.538,0.146,0.15,93.11,92.53,77.11,92.53,0.071,3048,2.2,5.5,64,65,65,68,89,89,33,36,36,110,111,61,419,344,373,342,341,161,182,336,334,310,343,343,301,260,237
201238,Mario West,1610612751,NJN,27.0,6,106.1,105.8,105.8,106.1,105.7,105.7,0.0,0.2,0.2,0.123,5.0,28.6,0.017,0.101,0.053,5.7,5.7,0.452,0.474,0.098,0.101,93.47,93.76,78.13,93.76,0.05,223,1.5,3.5,126,151,151,281,271,271,200,197,197,159,1,39,350,273,335,16,17,342,368,422,422,277,269,269,384,336,329
2605,Marquis Daniels,1610612738,BOS,30.0,49,99.9,98.6,98.6,98.8,98.4,98.4,1.1,0.2,0.2,0.113,1.68,17.9,0.029,0.102,0.066,10.6,10.6,0.5,0.527,0.146,0.152,91.81,92.62,77.18,92.62,0.092,1809,2.3,4.7,325,367,367,49,44,44,178,195,195,182,144,142,262,269,267,208,209,182,230,335,328,380,335,335,187,246,269
201578,Marreese Speights,1610612755,PHI,23.0,64,103.0,101.4,101.4,98.1,97.2,97.2,4.9,4.2,4.2,0.069,0.75,7.6,0.094,0.197,0.148,10.1,10.2,0.497,0.532,0.222,0.228,94.83,96.03,80.02,96.03,0.101,1464,2.3,4.5,226,284,284,35,29,29,87,97,97,304,341,376,58,51,40,179,182,197,210,89,85,200,129,129,135,255,277
101110,Martell Webster,1610612750,MIN,24.0,46,101.1,101.6,101.6,112.4,112.2,112.2,-11.4,-10.5,-10.5,0.079,0.91,10.5,0.031,0.108,0.068,11.5,11.5,0.528,0.575,0.177,0.179,97.85,97.69,81.41,97.69,0.078,2220,3.3,7.4,288,277,277,437,439,439,414,407,407,270,309,296,251,250,262,257,260,97,82,227,233,64,68,68,262,180,175
101107,Marvin Williams,1610612737,ATL,25.0,65,103.7,104.0,104.0,104.9,104.7,104.7,-1.2,-0.7,-0.7,0.076,1.42,11.7,0.04,0.14,0.091,8.2,8.1,0.493,0.551,0.17,0.174,90.34,90.32,75.27,90.32,0.095,3500,3.8,8.3,213,206,206,236,229,229,219,217,217,286,185,262,210,167,184,69,69,210,138,257,254,432,429,429,174,146,148
2440,Matt Barnes,1610612747,LAL,31.0,53,103.4,103.9,103.9,102.2,102.4,102.4,1.2,1.5,1.5,0.112,1.22,16.1,0.072,0.144,0.109,13.2,13.1,0.53,0.569,0.162,0.165,93.84,93.52,77.93,93.52,0.097,1983,2.5,5.3,219,209,209,135,149,149,172,171,171,184,229,171,125,151,133,332,332,89,93,292,292,261,275,275,164,241,250
2588,Matt Bonner,1610612759,SAS,31.0,66,112.0,111.2,111.2,103.4,102.4,102.4,8.6,8.8,8.8,0.063,2.22,12.6,0.046,0.127,0.088,5.7,5.7,0.605,0.617,0.134,0.137,93.27,94.02,78.35,94.02,0.086,2809,2.6,5.6,8,28,28,179,153,153,35,27,27,330,71,237,185,198,194,15,16,13,20,366,368,292,248,248,215,230,233
2679,Matt Carroll,1610612766,CHA,30.0,54,100.0,98.3,98.3,106.3,105.1,105.1,-6.4,-6.8,-6.8,0.068,1.0,8.7,0.021,0.106,0.062,8.7,8.6,0.49,0.53,0.185,0.194,92.68,93.98,78.32,93.98,0.081,1146,1.6,3.7,322,374,374,292,252,252,331,342,342,309,284,350,309,254,292,92,84,220,218,202,186,335,252,252,237,319,324
200772,Maurice Ager,1610612750,MIN,27.0,4,92.1,91.4,91.4,105.1,100.0,100.0,-12.9,-8.6,-8.6,0.063,0.25,6.3,0.0,0.08,0.033,25.0,25.0,0.682,0.682,0.208,0.216,94.09,96.83,80.69,96.83,0.074,58,1.5,2.8,428,427,427,240,71,71,422,384,384,331,430,406,434,363,430,442,444,4,3,122,114,239,94,94,284,336,359
2230,Maurice Evans,1610612764,WAS,32.0,73,98.5,98.3,98.3,106.4,106.4,106.4,-7.9,-8.2,-8.2,0.046,1.36,8.5,0.032,0.07,0.05,6.2,6.3,0.482,0.513,0.137,0.14,95.44,95.56,79.63,95.56,0.052,3077,2.4,5.8,361,376,376,294,296,296,366,374,374,388,204,355,245,408,357,24,24,253,280,362,362,166,154,154,381,242,226
2246,Mehmet Okur,1610612762,UTA,32.0,13,104.6,104.9,104.9,117.5,113.5,113.5,-12.9,-8.7,-8.7,0.179,2.71,19.8,0.056,0.169,0.105,7.3,7.2,0.395,0.452,0.209,0.214,92.82,94.33,78.61,94.33,0.071,329,1.7,4.8,177,183,183,447,447,447,423,385,385,106,27,124,164,95,144,39,38,411,393,121,117,325,235,235,302,313,267
2408,Melvin Ely,1610612743,DEN,33.0,30,110.5,110.3,110.3,108.3,108.6,108.6,2.2,1.7,1.7,0.052,1.0,15.7,0.078,0.131,0.105,15.7,15.9,0.549,0.573,0.091,0.092,96.95,96.86,80.71,96.86,0.044,738,0.9,1.7,24,41,41,367,366,366,143,165,165,370,284,182,104,190,144,390,391,64,86,434,435,89,92,92,395,386,405
1897,Metta World Peace,1610612747,LAL,31.0,82,110.0,111.1,111.1,101.1,102.0,102.0,8.9,9.1,9.1,0.103,1.94,17.7,0.043,0.069,0.056,9.1,9.2,0.46,0.485,0.15,0.151,93.56,92.66,77.22,92.66,0.061,4655,3.2,8.0,34,29,29,104,134,134,30,24,24,205,112,144,201,409,317,111,112,325,348,325,330,274,333,333,348,189,152
201563,Michael Beasley,1610612750,MIN,22.0,73,101.7,102.8,102.8,107.3,108.4,108.4,-5.6,-5.6,-5.6,0.118,0.81,9.2,0.048,0.122,0.085,11.3,11.3,0.474,0.51,0.279,0.284,99.63,98.61,82.18,98.61,0.094,4849,7.7,17.1,264,245,245,333,359,359,315,320,320,169,332,339,181,210,203,243,241,280,285,10,10,17,34,34,177,18,11
2072,Michael Redd,1610612749,MIL,31.0,10,108.0,108.1,108.1,103.2,104.6,104.6,4.8,3.4,3.4,0.132,3.0,19.0,0.0,0.063,0.031,6.3,6.4,0.444,0.47,0.173,0.176,93.41,92.73,77.28,92.73,0.067,260,1.8,4.5,77,91,91,171,227,227,88,111,111,146,16,132,434,415,433,25,25,353,373,245,248,281,329,329,321,297,280
2554,Mickael Pietrus,1610612756,PHX,29.0,57,100.6,99.6,99.6,98.6,100.3,100.3,1.9,-0.7,-0.7,0.052,0.85,7.1,0.014,0.1,0.058,8.4,8.4,0.508,0.526,0.178,0.183,94.21,93.82,78.18,93.82,0.067,2159,2.5,6.4,305,334,334,43,82,82,153,218,218,369,319,390,377,276,311,76,79,152,236,225,218,233,265,265,319,239,208
1710,Mike Bibby,1610612748,MIA,33.0,80,107.6,108.5,108.5,104.3,105.3,105.3,3.3,3.2,3.2,0.173,2.62,27.4,0.008,0.082,0.046,10.4,10.4,0.563,0.57,0.144,0.146,91.3,90.52,75.43,90.52,0.072,4328,3.1,7.2,84,76,76,222,259,259,116,118,118,109,33,44,421,355,382,196,197,41,91,339,338,405,421,421,300,195,180
201144,Mike Conley,1610612763,MEM,23.0,81,107.3,109.2,109.2,102.4,103.8,103.8,4.9,5.4,5.4,0.273,3.0,29.8,0.012,0.079,0.045,9.9,10.0,0.486,0.521,0.194,0.195,94.45,92.94,77.45,92.94,0.108,5559,5.2,11.8,93,55,55,141,194,194,86,75,75,42,16,28,400,370,387,166,169,241,255,175,185,218,310,310,108,74,68
2399,Mike Dunleavy,1610612754,IND,30.0,61,103.3,104.2,104.2,101.7,101.6,101.6,1.6,2.6,2.6,0.097,1.52,14.1,0.016,0.142,0.08,9.2,9.2,0.56,0.593,0.166,0.169,97.88,97.46,81.21,97.46,0.107,3414,3.9,8.5,221,199,199,122,119,119,160,134,134,224,165,211,355,160,218,119,117,47,41,274,281,62,76,76,114,132,136
200839,Mike Harris,1610612745,HOU,28.0,4,135.7,123.5,123.5,80.3,77.4,77.4,55.3,46.1,46.1,0.071,1.0,10.0,0.0,0.0,0.0,10.0,10.2,0.5,0.515,0.2,0.214,93.1,99.47,82.89,99.47,0.094,34,0.8,1.5,2,3,3,1,1,1,1,1,1,300,284,313,434,440,437,169,186,182,277,148,120,311,26,26,178,399,412
2034,Mike Miller,1610612748,MIA,31.0,41,105.4,104.5,104.5,106.9,107.1,107.1,-1.5,-2.5,-2.5,0.096,1.24,16.7,0.048,0.174,0.112,13.4,13.3,0.507,0.525,0.138,0.143,92.99,93.29,77.74,93.29,0.075,1632,2.0,4.9,157,190,190,318,315,315,228,251,251,226,227,155,183,89,120,341,339,158,237,359,349,316,286,286,275,278,261
2590,Mo Williams,1610612746,LAC,28.0,58,99.1,100.7,100.7,108.9,110.5,110.5,-9.8,-9.8,-9.8,0.361,2.22,28.2,0.012,0.077,0.043,12.7,12.6,0.453,0.503,0.242,0.246,96.43,94.94,79.11,94.94,0.095,3544,5.0,12.6,351,305,305,386,415,415,392,399,399,11,71,43,401,378,401,319,317,341,308,50,52,112,193,193,172,82,54
101145,Monta Ellis,1610612744,GSW,25.0,80,105.4,106.7,106.7,108.8,110.1,110.1,-3.4,-3.3,-3.3,0.234,1.79,18.0,0.014,0.076,0.044,10.1,10.1,0.493,0.536,0.278,0.281,97.46,96.31,80.26,96.31,0.115,6466,9.1,20.1,154,126,126,379,400,400,261,273,273,72,129,140,381,385,397,176,176,207,195,12,13,75,116,116,76,5,1
2050,Morris Peterson,1610612760,OKC,33.0,4,104.1,102.1,102.1,88.9,87.2,87.2,15.2,14.8,14.8,0.053,0.0,16.7,0.0,0.0,0.0,0.0,0.0,0.4,0.4,0.093,0.096,97.53,99.42,82.85,99.42,0.0,48,0.5,1.3,204,262,262,3,5,5,6,7,7,365,437,155,434,440,437,1,1,403,419,431,429,70,28,28,437,425,426
201203,Mustafa Shakur,1610612764,WAS,26.0,22,99.5,97.2,97.2,100.7,99.4,99.4,-1.2,-2.2,-2.2,0.258,1.39,22.9,0.045,0.1,0.072,16.5,16.6,0.364,0.389,0.228,0.236,95.7,97.44,81.2,97.44,0.048,323,1.0,2.7,340,391,391,92,61,61,220,243,243,55,195,91,191,278,244,400,401,418,422,77,72,154,77,77,390,383,363
101126,Nate Robinson,1610612760,OKC,27.0,59,100.7,101.1,101.1,99.5,99.7,99.7,1.2,1.4,1.4,0.183,1.63,19.3,0.017,0.077,0.048,11.8,11.8,0.485,0.507,0.212,0.217,93.37,93.09,77.57,93.09,0.069,1970,2.5,6.4,298,296,296,64,67,67,173,173,173,102,151,130,349,375,371,280,280,243,295,109,111,286,301,301,312,235,211
1737,Nazr Mohammed,1610612760,OKC,33.0,75,105.7,105.8,105.8,105.0,105.0,105.0,0.7,0.8,0.8,0.031,0.33,3.9,0.119,0.187,0.153,11.9,11.9,0.522,0.538,0.202,0.206,92.48,92.45,77.04,92.45,0.091,2461,3.1,6.0,139,153,153,239,246,246,185,184,184,425,420,436,14,66,31,284,283,110,187,145,147,354,350,350,197,194,225
2420,Nenad Krstic,1610612738,BOS,27.0,71,105.7,106.2,106.2,104.2,104.4,104.4,1.6,1.8,1.8,0.027,0.48,4.5,0.087,0.143,0.115,9.3,9.3,0.511,0.557,0.168,0.169,94.78,94.48,78.74,94.48,0.074,3084,3.3,6.4,138,142,142,220,214,214,163,159,159,429,394,433,74,157,111,122,122,137,122,266,279,205,226,226,282,186,212
2403,Nene,1610612743,DEN,28.0,75,110.2,112.0,112.0,103.2,104.5,104.5,7.1,7.4,7.4,0.104,1.11,13.5,0.07,0.183,0.13,12.1,12.0,0.615,0.657,0.189,0.192,96.89,95.53,79.61,95.53,0.132,4550,5.4,8.7,28,15,15,168,222,222,55,47,47,201,260,225,130,75,81,296,290,12,9,191,194,92,156,156,38,69,129
2555,Nick Collison,1610612760,OKC,30.0,71,111.1,111.5,111.5,100.6,100.8,100.8,10.5,10.7,10.7,0.068,1.25,17.4,0.084,0.13,0.108,13.9,13.8,0.566,0.6,0.097,0.099,93.21,92.91,77.43,92.91,0.067,2947,1.9,3.4,16,24,24,86,99,99,20,16,16,311,224,147,82,193,137,360,357,37,31,424,423,298,312,312,322,284,334
201156,Nick Young,1610612764,WAS,26.0,64,99.6,100.7,100.7,107.6,107.9,107.9,-8.0,-7.2,-7.2,0.066,0.83,6.3,0.013,0.076,0.043,7.5,7.5,0.497,0.538,0.24,0.245,96.68,96.01,80.01,96.01,0.089,4075,6.4,14.6,336,309,309,342,346,346,367,357,357,319,325,405,390,383,403,44,44,196,181,55,55,104,131,131,202,43,31
201587,Nicolas Batum,1610612757,POR,22.0,80,106.4,107.0,107.0,105.8,106.4,106.4,0.6,0.6,0.6,0.08,1.48,11.4,0.045,0.114,0.078,7.7,7.6,0.528,0.563,0.174,0.177,90.86,90.34,75.29,90.34,0.093,4756,4.6,10.1,114,120,120,266,290,290,187,188,188,269,172,273,190,233,225,48,48,99,107,241,243,422,428,428,181,100,108
201593,Nikola Pekovic,1610612750,MIN,25.0,65,96.0,97.0,97.0,108.8,107.8,107.8,-12.8,-10.8,-10.8,0.052,0.3,6.2,0.095,0.121,0.108,20.9,21.1,0.517,0.573,0.193,0.195,98.65,98.55,82.13,98.55,0.049,1813,2.1,4.0,409,394,394,378,340,340,420,412,412,367,427,408,56,216,140,434,434,118,85,179,184,36,35,35,388,271,306
201564,O.J. Mayo,1610612763,MEM,23.0,71,106.1,107.7,107.7,104.7,105.1,105.1,1.5,2.6,2.6,0.116,1.46,14.0,0.019,0.076,0.047,9.5,9.4,0.471,0.499,0.208,0.213,96.04,95.13,79.28,95.13,0.076,3716,4.3,10.5,122,98,98,229,248,248,167,135,135,175,176,216,332,382,381,139,130,290,318,123,122,132,178,178,271,117,94
201600,Omer Asik,1610612741,CHI,24.0,82,104.8,103.2,103.2,90.8,90.2,90.2,14.0,13.1,13.1,0.049,0.5,10.5,0.118,0.196,0.158,21.0,21.3,0.553,0.559,0.123,0.125,92.1,93.14,77.62,93.14,0.076,1911,1.0,1.7,170,230,230,5,8,8,8,9,9,382,386,297,16,54,25,435,436,53,114,394,397,371,293,293,270,384,403
201956,Omri Casspi,1610612758,SAC,23.0,71,102.6,103.9,103.9,107.5,108.5,108.5,-5.0,-4.6,-4.6,0.063,1.09,10.1,0.042,0.144,0.091,9.3,9.3,0.496,0.517,0.163,0.165,99.26,98.19,81.82,98.19,0.082,3493,3.2,7.7,236,210,210,339,362,362,299,294,294,326,265,310,202,152,181,121,121,198,272,289,294,24,48,48,234,190,162
101158,Orien Greene,1610612751,NJN,29.0,3,126.3,136.4,136.4,102.5,90.9,90.9,23.8,45.5,45.5,0.167,0.0,25.0,0.0,0.0,0.0,0.0,0.0,0.5,0.521,0.176,0.181,97.99,99.62,83.02,99.62,0.176,11,0.3,0.7,3,1,1,146,9,9,3,2,2,115,437,70,434,440,437,1,1,182,258,229,224,55,24,24,4,435,445
201785,Othyus Jeffers,1610612764,WAS,25.0,17,110.1,108.3,108.3,104.0,104.4,104.4,6.1,3.9,3.9,0.088,1.43,16.5,0.078,0.132,0.105,11.6,11.7,0.485,0.546,0.131,0.133,97.19,97.81,81.51,97.81,0.082,653,1.8,3.8,32,83,83,212,216,216,71,104,104,249,181,161,105,188,148,262,274,246,158,376,377,85,59,59,235,293,319
202377,Pape Sy,1610612737,ATL,23.0,3,85.4,88.4,88.4,111.1,102.3,102.3,-25.6,-13.9,-13.9,0.222,0.67,16.7,0.087,0.0,0.0,25.0,24.4,0.333,0.478,0.204,0.217,97.22,99.51,82.92,99.51,0.058,43,0.7,2.0,442,433,433,428,146,146,447,431,431,80,361,155,74,440,437,442,443,424,363,136,109,80,25,25,354,413,394
201607,Patrick Ewing,1610612740,NOH,27.0,7,91.0,91.7,91.7,109.3,100.0,100.0,-18.4,-8.3,-8.3,0.167,2.0,20.0,0.05,0.0,0.0,10.0,10.2,0.0,0.222,0.19,0.193,87.86,91.47,76.23,91.47,-0.018,36,0.0,0.7,431,426,426,395,71,71,437,378,378,115,96,115,175,440,437,169,186,447,445,185,190,448,385,385,444,447,444
202335,Patrick Patterson,1610612745,HOU,22.0,52,105.8,106.1,106.1,104.5,105.8,105.8,1.3,0.3,0.3,0.078,1.32,11.5,0.097,0.129,0.113,8.7,8.7,0.558,0.574,0.16,0.163,94.81,94.09,78.41,94.09,0.108,1702,2.9,5.1,135,143,143,225,272,272,170,194,194,276,212,268,53,195,118,88,90,51,83,298,299,202,244,244,112,212,252
201988,Patty Mills,1610612757,POR,22.0,64,99.1,97.3,97.3,106.6,105.0,105.0,-7.5,-7.6,-7.6,0.261,1.76,21.0,0.023,0.046,0.034,11.9,11.9,0.483,0.506,0.231,0.24,92.43,93.98,78.32,93.98,0.085,1542,2.1,5.1,350,388,388,302,243,243,354,366,366,52,133,107,297,437,427,287,288,249,298,72,66,357,251,251,220,269,254
2200,Pau Gasol,1610612747,LAL,30.0,82,109.8,110.8,110.8,101.3,102.1,102.1,8.6,8.6,8.6,0.148,1.92,15.8,0.091,0.183,0.138,8.2,8.2,0.53,0.589,0.214,0.217,93.28,92.48,77.07,92.48,0.159,5865,7.2,13.7,38,34,34,109,139,139,39,30,30,129,116,176,62,73,62,70,71,92,51,104,108,290,347,347,13,24,41
202331,Paul George,1610612754,IND,21.0,61,103.9,104.2,104.2,104.0,104.1,104.1,-0.1,0.0,0.0,0.082,0.93,11.3,0.029,0.145,0.087,12.2,12.2,0.505,0.542,0.172,0.175,97.99,97.76,81.47,97.76,0.093,2572,2.9,6.5,209,202,202,209,203,203,202,200,200,263,305,275,266,148,196,300,299,168,170,246,249,56,61,61,183,206,206
200794,Paul Millsap,1610612762,UTA,26.0,76,106.6,108.3,108.3,107.0,107.4,107.4,-0.4,0.9,0.9,0.121,1.29,12.8,0.067,0.166,0.118,9.9,9.9,0.536,0.578,0.223,0.225,94.0,93.06,77.55,93.06,0.129,5037,6.9,13.0,109,82,82,322,328,328,207,181,181,165,219,234,141,101,104,163,165,81,76,88,93,245,303,303,41,28,50
1718,Paul Pierce,1610612738,BOS,33.0,80,108.0,109.3,109.3,96.7,97.8,97.8,11.4,11.4,11.4,0.152,1.52,15.8,0.015,0.144,0.084,10.4,10.4,0.551,0.62,0.236,0.239,93.13,92.05,76.71,92.05,0.141,5313,6.3,12.8,76,52,52,21,37,37,15,12,12,125,166,179,367,153,204,195,195,58,18,65,68,308,369,369,24,44,52
978,Peja Stojakovic,1610612742,DAL,34.0,33,110.9,110.9,110.9,101.4,102.1,102.1,9.4,8.9,8.9,0.069,1.71,10.2,0.025,0.101,0.065,6.0,6.0,0.566,0.588,0.186,0.189,95.77,95.44,79.54,95.44,0.098,1233,3.0,6.9,18,31,31,116,136,136,25,25,25,305,143,307,286,272,277,19,20,38,52,197,201,147,163,163,153,199,191
200817,Pooh Jeter,1610612758,SAC,27.0,62,99.3,99.4,99.4,105.2,105.5,105.5,-5.9,-6.1,-6.1,0.281,3.18,33.2,0.01,0.071,0.039,10.5,10.4,0.421,0.46,0.155,0.16,101.02,100.86,84.05,100.86,0.086,1814,1.7,4.2,345,343,343,245,265,265,322,332,332,38,12,13,415,402,415,199,196,390,381,309,306,11,16,16,216,310,299
200822,Pops Mensah-Bonsu,1610612740,NOH,27.0,7,91.4,87.0,87.0,109.8,105.6,105.6,-18.4,-18.6,-18.6,0.08,1.0,28.6,0.0,0.276,0.0,28.6,28.6,0.333,0.333,0.064,0.068,92.09,96.3,80.25,96.3,-0.015,69,0.1,0.4,430,440,440,411,266,266,438,443,443,267,284,39,434,6,437,448,448,424,436,447,447,373,117,117,441,444,448
2047,Quentin Richardson,1610612753,ORL,31.0,57,102.2,103.5,103.5,99.9,100.3,100.3,2.2,3.1,3.1,0.064,1.15,11.0,0.042,0.152,0.096,9.5,9.6,0.424,0.454,0.145,0.146,93.39,92.62,77.18,92.62,0.065,1848,1.5,4.5,251,223,223,71,83,83,144,120,120,324,251,287,205,130,168,134,140,386,392,337,340,285,334,334,329,331,282
202347,Quincy Pondexter,1610612740,NOH,23.0,66,98.2,97.3,97.3,102.4,102.9,102.9,-4.2,-5.6,-5.6,0.064,1.75,11.7,0.033,0.091,0.062,6.7,6.7,0.456,0.482,0.136,0.14,89.05,89.25,74.38,89.25,0.054,1367,1.1,2.7,371,389,389,142,171,171,282,316,316,321,134,261,241,316,290,26,27,333,355,363,361,444,442,442,374,371,361
2624,Quinton Ross,1610612751,NJN,30.0,36,98.4,96.8,96.8,92.8,91.3,91.3,5.6,5.4,5.4,0.045,1.43,12.2,0.029,0.055,0.042,8.5,8.5,0.441,0.437,0.092,0.095,92.45,93.96,78.3,93.96,0.01,680,0.7,1.6,365,397,397,10,10,10,79,73,73,391,181,247,265,426,408,82,81,359,405,432,431,355,255,255,430,402,406
1952,Raja Bell,1610612762,UTA,34.0,68,104.0,105.6,105.6,109.4,110.7,110.7,-5.4,-5.1,-5.1,0.083,1.87,17.0,0.015,0.072,0.044,9.1,9.1,0.482,0.528,0.125,0.125,94.45,93.2,77.67,93.2,0.049,4069,2.8,6.9,207,162,162,400,417,417,308,304,304,261,121,152,361,399,399,109,110,256,224,391,396,219,290,290,387,215,194
200765,Rajon Rondo,1610612738,BOS,25.0,68,107.6,108.6,108.6,98.6,99.8,99.8,9.0,8.9,8.9,0.448,3.25,44.2,0.041,0.086,0.065,13.6,13.6,0.482,0.495,0.179,0.181,93.15,92.18,76.82,92.18,0.131,4857,4.7,9.9,85,73,73,44,70,70,29,26,26,2,8,2,208,336,276,349,350,255,329,220,225,305,362,362,39,95,111
201196,Ramon Sessions,1610612739,CLE,25.0,81,100.6,101.3,101.3,112.0,112.8,112.8,-11.4,-11.5,-11.5,0.351,2.35,26.8,0.021,0.1,0.06,11.4,11.4,0.468,0.559,0.237,0.241,96.22,95.52,79.6,95.52,0.135,4239,4.5,9.6,302,285,285,433,442,442,415,417,417,14,52,53,307,275,303,254,254,300,116,64,65,121,157,157,34,107,114
200751,Randy Foye,1610612746,LAC,27.0,63,101.5,102.8,102.8,108.2,108.9,108.9,-6.8,-6.1,-6.1,0.18,1.79,19.9,0.009,0.059,0.034,11.1,11.0,0.455,0.516,0.195,0.201,95.75,94.85,79.04,94.85,0.073,3061,3.3,8.4,271,244,244,363,376,376,341,328,328,105,128,120,418,422,425,234,227,334,274,166,160,148,198,198,287,184,140
1740,Rashard Lewis,1610612764,WAS,31.0,57,101.9,102.6,102.6,103.4,104.3,104.3,-1.5,-1.6,-1.6,0.082,1.06,11.5,0.039,0.122,0.08,10.8,10.8,0.508,0.535,0.176,0.178,94.8,94.05,78.38,94.05,0.081,3571,4.4,10.2,259,246,246,178,208,208,226,229,229,262,273,267,215,213,216,221,218,155,198,233,236,203,245,245,239,110,106
2446,Rasual Butler,1610612741,CHI,32.0,47,94.4,95.0,95.0,102.0,101.9,101.9,-7.6,-6.9,-6.9,0.059,1.13,9.1,0.013,0.088,0.05,8.1,8.0,0.43,0.446,0.154,0.159,95.58,95.28,79.4,95.28,0.048,1537,1.7,5.0,417,409,409,131,129,129,359,349,349,340,257,342,387,325,360,66,63,376,400,317,313,157,173,173,391,315,255
951,Ray Allen,1610612738,BOS,35.0,80,106.7,108.0,108.0,98.5,99.7,99.7,8.1,8.2,8.2,0.122,1.87,15.8,0.021,0.08,0.052,8.5,8.3,0.577,0.615,0.192,0.198,92.54,91.42,76.19,91.42,0.112,5506,6.0,12.2,106,95,95,40,68,68,45,37,37,163,122,178,315,362,342,80,72,26,22,182,177,347,388,388,85,48,57
101109,Raymond Felton,1610612743,DEN,27.0,75,109.0,109.5,109.5,106.1,107.3,107.3,2.9,2.2,2.2,0.347,2.83,32.2,0.018,0.081,0.05,11.4,11.3,0.483,0.524,0.21,0.215,98.7,97.89,81.58,97.89,0.115,5587,5.7,13.4,55,48,48,279,323,323,126,145,145,16,21,17,339,359,359,248,242,252,245,116,115,33,57,57,74,57,43
2501,Reggie Evans,1610612761,TOR,31.0,30,100.8,101.7,101.7,111.8,112.3,112.3,-11.0,-10.7,-10.7,0.07,0.97,17.3,0.15,0.302,0.224,17.7,17.8,0.408,0.466,0.1,0.102,93.82,93.22,77.68,93.22,0.099,1545,1.4,3.4,295,274,274,431,440,440,410,409,409,302,295,148,3,2,1,414,415,400,377,420,420,262,289,289,145,341,332
202130,Reggie Williams,1610612744,GSW,24.0,80,105.7,105.0,105.0,107.4,107.3,107.3,-1.7,-2.4,-2.4,0.118,2.12,15.0,0.027,0.104,0.066,7.1,7.0,0.558,0.585,0.184,0.189,96.0,96.4,80.33,96.4,0.099,3272,3.4,7.2,140,181,181,338,324,324,233,247,247,170,85,201,274,262,270,34,34,52,61,205,203,133,112,112,146,174,182
200764,Renaldo Balkman,1610612752,NYK,26.0,8,106.5,105.2,105.2,106.1,102.2,102.2,0.4,3.0,3.0,0.047,2.0,11.1,0.029,0.078,0.053,5.6,5.6,0.5,0.542,0.104,0.106,101.28,103.81,86.51,103.81,0.022,135,0.8,1.6,112,172,172,280,143,143,191,123,123,386,96,283,262,373,335,14,15,182,169,417,418,7,5,5,419,399,407
1888,Richard Hamilton,1610612765,DET,33.0,55,104.4,105.4,105.4,109.7,110.3,110.3,-5.3,-4.9,-4.9,0.199,1.94,17.1,0.017,0.076,0.045,8.8,8.8,0.47,0.52,0.255,0.26,91.66,90.97,75.81,90.97,0.096,2836,5.2,12.2,192,164,164,407,409,409,304,302,302,91,113,151,352,380,386,94,94,294,261,30,28,389,408,408,167,73,59
2210,Richard Jefferson,1610612759,SAS,31.0,81,108.8,109.3,109.3,102.5,103.0,103.0,6.4,6.3,6.3,0.064,1.15,11.5,0.024,0.105,0.066,10.0,10.0,0.579,0.612,0.152,0.154,94.39,93.98,78.32,93.98,0.079,4808,3.8,7.9,56,54,54,147,173,173,68,61,61,325,253,266,293,261,271,169,173,25,23,321,323,226,253,253,253,150,155
201577,Robin Lopez,1610612756,PHX,23.0,67,105.8,106.9,106.9,107.7,108.7,108.7,-2.0,-1.8,-1.8,0.012,0.17,1.8,0.084,0.134,0.11,10.5,10.5,0.501,0.539,0.198,0.201,98.68,97.76,81.46,97.76,0.068,2014,2.7,5.3,137,122,122,349,368,368,237,232,232,442,434,442,84,179,129,204,201,178,180,156,159,34,63,63,316,227,248
200760,Rodney Carney,1610612763,MEM,27.0,27,98.2,98.5,98.5,109.3,110.2,110.2,-11.2,-11.7,-11.7,0.054,0.69,7.4,0.036,0.11,0.071,10.8,10.7,0.495,0.521,0.176,0.179,98.7,98.13,81.78,98.13,0.061,684,1.7,4.1,372,371,371,394,406,406,412,420,420,359,356,381,227,243,248,216,216,203,257,231,230,32,51,51,346,312,303
201155,Rodney Stuckey,1610612765,DET,25.0,70,106.9,108.7,108.7,109.4,110.6,110.6,-2.6,-1.9,-1.9,0.27,2.33,24.1,0.033,0.075,0.053,10.3,10.3,0.455,0.544,0.238,0.243,91.76,90.5,75.41,90.5,0.112,4116,5.2,11.8,100,69,69,401,416,416,243,236,236,44,62,82,238,388,334,193,189,335,163,60,58,383,423,423,88,76,67
201958,Rodrigue Beaubois,1610612742,DAL,23.0,28,100.4,98.9,98.9,100.3,99.6,99.6,0.2,-0.7,-0.7,0.213,1.36,18.4,0.014,0.093,0.054,13.5,13.5,0.478,0.5,0.25,0.256,97.2,98.29,81.91,98.29,0.064,1010,3.4,8.0,306,358,358,82,65,65,194,219,219,84,205,135,370,304,327,346,347,272,316,39,33,83,43,43,336,173,154
2427,Roger Mason Jr.,1610612752,NYK,30.0,26,97.8,98.6,98.6,107.6,107.5,107.5,-9.8,-9.0,-9.0,0.099,3.33,19.0,0.015,0.125,0.068,5.7,5.6,0.442,0.461,0.118,0.124,96.13,95.77,79.81,95.77,0.055,637,1.0,3.0,383,368,368,346,331,331,393,391,391,215,7,132,365,202,261,16,14,358,380,401,399,125,140,140,372,375,354
2648,Ronald Dupree,1610612761,TOR,30.0,3,79.8,84.0,84.0,100.2,96.3,96.3,-20.4,-12.3,-12.3,0.125,0.0,20.0,0.0,0.0,0.0,0.0,0.0,0.25,0.25,0.143,0.141,98.4,97.87,81.56,97.87,0.032,25,0.3,1.3,448,444,444,77,24,24,444,423,423,158,437,115,434,440,437,1,1,440,442,345,358,42,58,58,407,435,424
200758,Ronnie Brewer,1610612741,CHI,26.0,81,102.6,101.8,101.8,92.8,93.9,93.9,9.7,7.9,7.9,0.126,2.55,20.6,0.032,0.113,0.073,8.1,8.1,0.487,0.518,0.137,0.14,92.78,92.55,77.13,92.55,0.112,3419,2.5,5.3,235,266,266,12,16,16,22,44,44,155,39,111,248,235,240,65,68,231,265,361,360,331,342,342,87,237,249
101179,Ronnie Price,1610612762,UTA,28.0,59,100.7,102.3,102.3,100.9,100.5,100.5,-0.2,1.8,1.8,0.123,1.02,16.5,0.032,0.06,0.046,16.2,16.3,0.4,0.434,0.18,0.184,91.5,90.94,75.78,90.94,0.02,1351,1.3,3.6,299,256,256,97,91,91,204,161,161,161,283,162,243,418,383,397,397,403,408,213,216,397,409,409,423,360,328
101142,Ronny Turiaf,1610612752,NYK,28.0,64,103.6,103.8,103.8,102.7,103.2,103.2,1.0,0.6,0.6,0.122,2.24,27.2,0.054,0.124,0.088,12.1,12.1,0.632,0.648,0.094,0.096,97.89,97.54,81.28,97.54,0.079,2306,1.6,2.5,215,211,211,156,181,181,181,189,189,164,67,48,170,205,192,297,296,10,11,427,427,61,72,72,248,325,371
201579,Roy Hibbert,1610612754,IND,24.0,81,102.4,103.9,103.9,104.0,104.4,104.4,-1.6,-0.4,-0.4,0.123,0.9,12.2,0.084,0.185,0.136,13.6,13.6,0.461,0.507,0.234,0.237,97.58,96.68,80.57,96.68,0.106,4515,5.1,11.0,244,207,207,213,213,213,230,211,211,160,311,246,86,69,67,350,349,322,296,67,71,68,99,99,120,79,86
2767,Royal Ivey,1610612760,OKC,29.0,25,97.5,94.5,94.5,106.1,102.8,102.8,-8.6,-8.3,-8.3,0.077,1.4,14.0,0.012,0.087,0.049,10.0,9.8,0.513,0.527,0.121,0.13,93.97,96.96,80.8,96.96,0.054,309,0.6,1.5,389,412,412,284,168,168,377,380,380,280,191,213,398,333,363,169,160,130,229,396,386,250,89,89,375,416,410
201164,Rudy Fernandez,1610612757,POR,26.0,78,105.0,104.7,104.7,103.3,103.2,103.2,1.7,1.5,1.5,0.171,2.19,21.2,0.021,0.083,0.051,9.7,9.6,0.471,0.522,0.179,0.186,91.34,91.45,76.21,91.45,0.089,3488,2.7,7.4,165,185,185,172,180,180,157,172,172,111,76,105,311,348,348,147,143,288,252,218,208,402,387,387,203,223,176
200752,Rudy Gay,1610612763,MEM,24.0,54,104.1,106.4,106.4,101.9,103.1,103.1,2.2,3.3,3.3,0.116,1.13,12.1,0.039,0.124,0.081,10.7,10.7,0.503,0.548,0.23,0.232,94.73,93.13,77.61,93.13,0.122,4175,7.6,16.1,203,136,136,126,175,175,142,116,116,173,256,248,214,207,212,214,215,171,154,73,77,208,296,296,55,20,18
201566,Russell Westbrook,1610612760,OKC,22.0,82,108.1,108.9,108.9,105.2,106.8,106.8,2.9,2.1,2.1,0.422,2.12,25.1,0.045,0.091,0.068,11.9,11.9,0.454,0.538,0.311,0.312,96.35,95.29,79.41,95.29,0.154,5650,7.5,17.0,70,64,64,244,307,307,125,150,150,6,86,67,187,315,257,282,287,337,189,4,5,115,171,171,16,22,12
201583,Ryan Anderson,1610612753,ORL,23.0,64,108.1,109.1,109.1,98.9,99.5,99.5,9.2,9.6,9.6,0.061,1.06,7.7,0.091,0.161,0.126,7.2,7.2,0.558,0.591,0.195,0.198,94.14,93.45,77.87,93.45,0.126,2778,3.5,8.2,71,60,60,50,62,62,28,23,23,333,272,372,63,112,88,38,39,49,45,169,176,236,283,283,47,166,149
101155,Ryan Gomes,1610612746,LAC,28.0,76,104.2,105.9,105.9,108.0,108.8,108.8,-3.9,-2.9,-2.9,0.084,2.15,16.5,0.03,0.096,0.063,7.7,7.7,0.481,0.504,0.126,0.127,95.45,94.3,78.58,94.3,0.058,4118,2.7,6.6,196,146,146,355,374,374,272,262,262,259,82,163,257,291,283,49,51,258,303,385,391,165,238,238,356,224,199
200797,Ryan Hollins,1610612739,CLE,26.0,70,101.7,102.5,102.5,107.3,107.2,107.2,-5.6,-4.7,-4.7,0.035,0.39,6.8,0.062,0.101,0.082,17.4,17.5,0.598,0.642,0.139,0.141,94.17,93.86,78.22,93.86,0.047,2301,1.9,3.1,263,253,253,332,318,318,313,298,298,417,410,395,154,274,211,410,409,17,13,355,355,234,263,263,392,288,344
201970,Sam Young,1610612763,MEM,26.0,78,104.4,105.0,105.0,102.6,103.2,103.2,1.8,1.9,1.9,0.069,1.16,10.5,0.027,0.097,0.062,9.0,9.0,0.489,0.525,0.17,0.174,94.4,93.87,78.22,93.87,0.08,3093,3.0,6.3,188,178,178,152,177,177,155,155,155,308,246,298,279,287,293,107,108,225,241,254,259,224,262,262,244,200,213
202396,Samardo Samuels,1610612739,CLE,22.0,37,97.8,98.8,98.8,108.7,108.2,108.2,-10.9,-9.4,-9.4,0.043,0.32,4.7,0.102,0.129,0.115,14.8,14.7,0.456,0.498,0.211,0.214,95.75,95.46,79.55,95.46,0.058,1390,3.0,6.5,382,360,360,377,353,353,409,397,397,397,422,428,47,194,112,376,374,331,322,113,118,149,161,161,357,202,203
2223,Samuel Dalembert,1610612758,SAC,31.0,80,101.1,101.3,101.3,105.1,106.6,106.6,-4.0,-5.2,-5.2,0.054,0.51,8.0,0.109,0.232,0.17,15.8,15.9,0.473,0.509,0.171,0.174,96.94,96.16,80.14,96.16,0.1,3858,3.4,7.1,284,288,288,242,301,301,278,310,310,353,384,367,29,18,14,391,392,284,288,250,253,90,124,124,142,174,186
2562,Sasha Pavlovic,1610612738,BOS,27.0,31,98.0,95.8,95.8,106.7,106.1,106.1,-8.7,-10.3,-10.3,0.072,1.33,15.5,0.003,0.091,0.047,11.7,11.5,0.486,0.497,0.113,0.119,91.48,92.75,77.29,92.75,0.038,696,0.9,2.3,377,405,405,309,281,281,381,405,405,299,210,190,433,317,379,268,261,239,324,409,405,399,327,327,400,385,381
2756,Sasha Vujacic,1610612751,NJN,27.0,67,100.6,100.8,100.8,110.7,110.8,110.8,-10.1,-9.9,-9.9,0.134,2.0,15.8,0.018,0.101,0.058,7.9,7.9,0.483,0.515,0.191,0.195,93.09,92.92,77.43,92.92,0.08,3208,3.6,8.9,304,302,302,422,420,420,395,402,402,144,96,177,340,271,312,60,59,250,278,184,183,313,311,311,243,164,126
1752,Sean Marks,1610612757,POR,35.0,29,90.7,88.2,88.2,107.3,105.9,105.9,-16.6,-17.7,-17.7,0.033,0.36,6.3,0.074,0.122,0.097,17.5,17.6,0.455,0.473,0.123,0.128,95.45,97.4,81.17,97.4,0.006,424,0.7,1.5,433,434,434,331,276,276,434,441,441,418,416,403,116,211,167,412,412,336,370,393,390,164,78,78,433,414,411
2742,Sebastian Telfair,1610612750,MIN,26.0,37,100.4,101.4,101.4,107.6,107.4,107.4,-7.1,-6.0,-6.0,0.246,1.73,25.1,0.022,0.053,0.036,14.5,14.5,0.461,0.497,0.19,0.194,100.09,99.67,83.06,99.67,0.068,1475,2.6,6.5,307,283,283,341,326,326,350,325,325,64,139,68,305,429,418,372,372,323,324,190,188,13,23,23,315,229,203
201623,Semih Erden,1610612739,CLE,24.0,41,99.7,98.7,98.7,101.1,100.7,100.7,-1.4,-2.0,-2.0,0.054,0.59,10.5,0.07,0.146,0.109,17.8,17.8,0.559,0.593,0.134,0.138,92.14,92.79,77.33,92.79,0.057,1145,1.5,2.7,332,363,363,105,96,96,225,238,238,356,375,299,129,144,132,415,414,48,40,367,365,370,323,323,360,333,362
201586,Serge Ibaka,1610612760,OKC,21.0,82,107.3,108.1,108.1,103.4,104.9,104.9,4.0,3.2,3.2,0.016,0.31,2.8,0.102,0.183,0.144,8.9,9.0,0.543,0.579,0.156,0.158,94.59,93.58,77.98,93.58,0.109,4319,4.1,7.5,90,89,89,181,240,240,101,117,117,440,424,440,45,78,48,101,105,70,74,308,317,212,274,274,103,125,172
2203,Shane Battier,1610612763,MEM,32.0,82,109.1,110.9,110.9,106.0,107.1,107.1,3.1,3.8,3.8,0.109,2.34,22.7,0.038,0.123,0.08,9.7,9.7,0.55,0.567,0.116,0.117,96.79,95.46,79.55,95.46,0.081,4728,2.8,6.2,51,32,32,277,316,316,122,107,107,191,59,93,219,208,219,151,152,61,96,404,408,100,160,160,236,218,218
200769,Shannon Brown,1610612747,LAL,25.0,82,104.2,103.1,103.1,100.2,100.0,100.0,4.0,3.1,3.1,0.107,1.28,11.2,0.022,0.073,0.048,8.8,8.7,0.482,0.518,0.215,0.222,93.42,93.96,78.3,93.96,0.088,3078,3.3,7.8,198,234,234,78,77,77,100,121,121,196,220,277,301,394,370,93,93,254,267,103,97,280,256,256,208,178,159
406,Shaquille O'Neal,1610612738,BOS,39.0,37,111.1,112.8,112.8,98.0,98.5,98.5,13.2,14.3,14.3,0.051,0.46,7.7,0.083,0.182,0.138,16.5,16.4,0.667,0.659,0.197,0.2,93.19,92.25,76.88,92.25,0.1,1438,3.6,5.4,15,6,6,32,46,46,9,8,8,374,396,372,89,79,64,401,399,5,8,157,164,301,354,354,140,157,242
2733,Shaun Livingston,1610612766,CHA,25.0,73,97.2,97.0,97.0,99.9,100.1,100.1,-2.8,-3.1,-3.1,0.241,1.86,23.4,0.024,0.099,0.062,12.6,12.5,0.467,0.53,0.196,0.202,90.67,90.67,75.56,90.67,0.115,2384,2.5,5.4,396,395,395,70,79,79,250,269,269,68,123,87,289,280,291,313,314,306,216,161,158,426,417,417,73,236,241
1890,Shawn Marion,1610612742,DAL,33.0,80,105.1,105.0,105.0,103.9,105.0,105.0,1.2,0.0,0.0,0.084,0.85,9.6,0.08,0.173,0.128,11.3,11.3,0.523,0.551,0.21,0.214,93.18,92.74,77.29,92.74,0.123,4351,5.4,10.4,163,179,179,205,244,244,174,203,203,260,319,322,96,91,83,244,248,108,137,115,119,302,328,328,51,65,98
200761,Shawne Williams,1610612752,NYK,25.0,64,108.6,108.3,108.3,108.6,108.3,108.3,-0.1,0.0,0.0,0.054,1.02,9.4,0.044,0.139,0.091,9.2,9.2,0.536,0.558,0.149,0.152,96.91,97.17,80.98,97.17,0.072,2680,2.6,6.0,62,81,81,374,356,356,201,199,199,352,281,330,193,168,186,116,116,80,117,328,327,91,84,84,299,233,223
200749,Shelden Williams,1610612752,NYK,27.0,59,104.5,105.6,105.6,106.2,107.8,107.8,-1.7,-2.2,-2.2,0.053,0.74,9.7,0.101,0.197,0.149,13.0,13.1,0.468,0.522,0.141,0.142,98.47,97.25,81.04,97.25,0.079,1846,1.7,3.7,183,161,161,289,337,337,232,244,244,364,347,319,48,50,38,329,331,301,253,349,353,39,80,80,254,305,323
202395,Sherron Collins,1610612766,CHA,24.0,20,97.8,94.6,94.6,112.2,108.7,108.7,-14.4,-14.1,-14.1,0.19,2.0,21.6,0.0,0.079,0.041,10.8,10.7,0.32,0.334,0.204,0.217,90.26,93.26,77.72,93.26,0.037,129,0.4,1.3,384,410,410,434,369,369,428,432,432,95,96,101,434,366,411,216,214,434,435,135,112,434,288,288,402,434,426
202374,Solomon Alabi,1610612761,TOR,23.0,12,90.2,92.2,92.2,108.2,100.8,100.8,-18.0,-8.6,-8.6,0.051,0.67,9.5,0.097,0.119,0.107,14.3,14.4,0.2,0.189,0.139,0.138,93.35,95.58,79.65,95.58,-0.003,116,0.3,1.3,434,424,424,364,100,100,436,383,383,373,361,323,51,223,141,365,368,443,446,357,367,288,152,152,439,439,426
200780,Solomon Jones,1610612754,IND,26.0,39,96.3,96.1,96.1,102.6,100.9,100.9,-6.3,-4.8,-4.8,0.094,0.86,14.0,0.082,0.134,0.107,16.4,16.4,0.405,0.469,0.154,0.158,96.85,97.79,81.49,97.79,0.038,1072,1.3,3.1,405,404,404,153,101,101,330,301,301,230,317,212,93,181,143,399,398,401,375,315,316,95,60,60,401,359,346
201603,Sonny Weems,1610612761,TOR,24.0,59,101.9,101.9,101.9,112.4,113.4,113.4,-10.5,-11.5,-11.5,0.12,1.21,14.0,0.027,0.087,0.056,11.6,11.6,0.461,0.492,0.198,0.202,97.01,96.53,80.44,96.53,0.066,2836,3.9,8.7,260,265,265,436,446,446,402,418,418,167,231,215,273,331,316,261,263,321,336,154,156,87,107,107,328,137,130
201150,Spencer Hawes,1610612755,PHI,23.0,81,102.2,102.9,102.9,103.7,104.0,104.0,-1.5,-1.1,-1.1,0.112,1.25,14.7,0.076,0.203,0.139,11.8,11.8,0.473,0.481,0.187,0.19,93.24,92.8,77.33,92.8,0.085,3314,3.3,7.0,248,239,239,192,199,199,227,221,221,185,226,205,110,40,58,278,278,283,359,195,197,295,321,321,224,185,188
201939,Stephen Curry,1610612744,GSW,23.0,74,107.3,108.5,108.5,107.9,108.4,108.4,-0.6,0.0,0.0,0.268,1.91,24.1,0.021,0.097,0.058,12.6,12.5,0.551,0.595,0.237,0.242,98.54,97.74,81.45,97.74,0.121,5059,6.8,14.2,92,77,77,352,361,361,208,198,198,45,117,83,312,286,308,316,313,57,36,63,63,38,65,65,57,29,33
101211,Stephen Graham,1610612751,NJN,29.0,59,98.1,96.9,96.9,111.0,111.5,111.5,-12.9,-14.6,-14.6,0.066,1.05,13.6,0.019,0.117,0.068,12.9,12.9,0.418,0.457,0.121,0.126,92.29,92.6,77.17,92.6,0.031,1836,1.4,3.4,375,396,396,427,434,434,421,434,434,318,274,223,333,229,263,325,325,395,386,397,395,364,336,336,409,346,335
1536,Stephen Jackson,1610612766,CHA,33.0,67,101.4,102.9,102.9,106.2,108.1,108.1,-4.9,-5.2,-5.2,0.184,1.15,14.7,0.024,0.109,0.067,12.7,12.7,0.468,0.52,0.27,0.273,92.82,91.32,76.1,91.32,0.1,4567,6.5,15.8,278,237,237,290,349,349,296,308,308,99,250,207,295,244,266,322,324,303,262,16,19,323,395,395,143,40,24
2581,Steve Blake,1610612747,LAL,31.0,79,104.7,104.1,104.1,101.1,101.7,101.7,3.6,2.4,2.4,0.157,2.33,30.2,0.012,0.083,0.049,13.0,13.0,0.479,0.5,0.112,0.115,92.4,92.39,76.99,92.39,0.059,3045,1.4,3.9,175,204,204,106,123,123,110,141,141,121,63,24,397,347,368,326,328,268,315,410,409,359,351,351,353,344,314
959,Steve Nash,1610612756,PHX,37.0,75,111.2,112.6,112.6,106.7,107.9,107.9,4.5,4.8,4.8,0.498,3.23,42.5,0.017,0.088,0.053,13.2,13.0,0.542,0.601,0.205,0.212,97.46,96.28,80.23,96.28,0.152,5030,5.3,10.8,13,9,9,307,343,343,92,84,84,1,9,4,346,324,331,334,329,73,29,131,126,76,119,119,17,72,89
200779,Steve Novak,1610612759,SAS,28.0,30,106.0,105.2,105.2,116.3,115.9,115.9,-10.3,-10.8,-10.8,0.025,0.75,3.8,0.019,0.118,0.067,5.1,5.2,0.716,0.737,0.155,0.159,94.01,94.53,78.78,94.53,0.114,426,1.2,2.2,131,173,173,445,448,448,400,411,411,434,341,437,329,225,264,13,13,2,1,310,311,243,221,221,77,368,386
202178,Sundiata Gaines,1610612751,NJN,25.0,24,101.4,100.7,100.7,106.7,103.3,103.3,-5.2,-2.6,-2.6,0.232,1.56,22.1,0.041,0.083,0.061,14.2,14.2,0.443,0.459,0.217,0.222,92.78,94.61,78.84,94.61,0.073,583,1.8,4.4,273,308,308,306,184,184,302,255,255,75,161,97,206,345,296,364,365,355,382,100,96,330,214,214,293,304,285
2551,T.J. Ford,1610612754,IND,28.0,41,96.4,97.3,97.3,98.2,97.3,97.3,-1.8,0.0,0.0,0.308,2.24,30.6,0.021,0.083,0.051,13.7,13.7,0.398,0.434,0.183,0.186,95.65,95.67,79.73,95.67,0.083,1535,2.2,5.8,403,390,390,36,31,31,234,204,204,24,69,22,314,349,345,352,354,407,407,208,209,156,146,146,229,259,228
201959,Taj Gibson,1610612741,CHI,26.0,80,104.9,105.0,105.0,96.0,97.0,97.0,8.9,8.0,8.0,0.054,0.82,8.3,0.096,0.167,0.133,10.1,10.2,0.467,0.502,0.166,0.169,91.77,91.23,76.03,91.23,0.094,3308,2.9,6.3,167,177,177,19,27,27,31,40,40,362,329,362,55,98,76,180,184,307,311,272,280,382,399,399,175,208,215
2419,Tayshaun Prince,1610612765,DET,31.0,78,105.5,107.4,107.4,109.4,110.3,110.3,-3.9,-2.9,-2.9,0.142,2.62,15.7,0.032,0.112,0.07,6.0,6.0,0.49,0.511,0.209,0.211,90.33,89.14,74.28,89.14,0.101,4757,6.1,12.8,149,105,105,396,410,410,273,261,261,134,34,184,250,237,251,20,19,221,282,120,130,433,444,444,133,47,51
201944,Terrence Williams,1610612745,HOU,24.0,21,93.3,93.8,93.8,106.9,105.4,105.4,-13.6,-11.6,-11.6,0.244,1.15,19.4,0.013,0.167,0.086,16.8,16.9,0.4,0.427,0.238,0.242,94.09,94.5,78.75,94.5,0.074,567,2.0,5.5,424,415,415,316,262,262,424,419,419,67,251,127,385,100,201,405,405,403,411,62,61,238,223,223,286,273,240
200757,Thabo Sefolosha,1610612760,OKC,27.0,79,108.6,108.8,108.8,105.4,106.0,106.0,3.3,2.8,2.8,0.076,2.02,20.7,0.034,0.143,0.089,10.3,10.3,0.514,0.545,0.091,0.093,96.67,96.29,80.25,96.29,0.069,4105,2.0,4.2,59,66,66,250,278,278,118,131,131,284,95,108,235,156,190,189,191,127,160,433,433,105,118,118,309,276,294
201152,Thaddeus Young,1610612755,PHI,23.0,82,105.6,105.4,105.4,100.9,101.1,101.1,4.7,4.3,4.3,0.067,0.83,7.5,0.075,0.133,0.105,9.0,9.0,0.544,0.566,0.216,0.222,94.0,94.02,78.35,94.02,0.123,4172,5.6,10.3,144,165,165,98,105,105,89,96,96,315,328,379,114,185,147,106,103,69,104,101,99,247,249,249,50,59,102
689,Theo Ratliff,1610612747,LAL,38.0,10,90.2,87.7,87.7,102.2,102.6,102.6,-12.0,-15.0,-15.0,0.06,1.0,25.0,0.073,0.095,0.083,25.0,23.3,0.167,0.145,0.051,0.06,99.95,101.1,84.25,101.1,0.01,146,0.1,0.6,435,438,438,137,161,161,417,437,437,335,284,70,119,299,207,442,440,445,447,449,448,14,12,12,429,446,447
201168,Tiago Splitter,1610612759,SAS,26.0,60,105.6,103.5,103.5,105.4,104.8,104.8,0.2,-1.3,-1.3,0.06,0.81,8.4,0.104,0.178,0.142,10.3,10.3,0.529,0.55,0.174,0.18,93.75,94.95,79.13,94.95,0.096,1457,1.7,3.2,146,222,222,249,235,235,192,225,225,336,331,358,40,86,54,192,190,94,141,240,226,265,191,191,169,314,341
1495,Tim Duncan,1610612759,SAS,35.0,76,109.6,110.3,110.3,99.5,100.3,100.3,10.1,10.0,10.0,0.15,1.66,15.8,0.084,0.233,0.162,9.5,9.6,0.5,0.537,0.225,0.226,95.18,94.52,78.77,94.52,0.154,4261,5.5,11.0,43,40,40,65,81,81,21,20,20,126,146,175,83,17,19,137,142,182,190,80,90,183,222,222,15,61,83
202389,Timofey Mozgov,1610612743,DEN,24.0,45,102.9,102.8,102.8,105.8,105.8,105.8,-3.0,-3.0,-3.0,0.045,0.43,7.3,0.088,0.142,0.115,17.0,17.0,0.474,0.523,0.158,0.161,98.31,98.32,81.93,98.32,0.054,1069,1.4,3.0,230,240,240,268,274,274,254,265,265,392,402,383,72,158,110,406,406,281,251,301,302,44,41,41,376,341,355
201962,Toney Douglas,1610612752,NYK,25.0,81,107.4,107.6,107.6,104.8,104.8,104.8,2.7,2.8,2.8,0.202,2.74,21.6,0.032,0.092,0.061,7.9,7.8,0.511,0.534,0.194,0.199,97.64,97.53,81.28,97.53,0.099,4004,3.9,9.3,88,100,100,231,236,236,133,130,130,90,24,102,246,306,298,57,56,141,205,172,167,66,73,73,151,135,117
2754,Tony Allen,1610612763,MEM,29.0,72,103.4,103.2,103.2,98.9,100.4,100.4,4.4,2.9,2.9,0.113,1.21,13.6,0.049,0.088,0.068,11.3,11.3,0.514,0.562,0.195,0.2,95.1,94.47,78.72,94.47,0.109,2924,3.5,6.8,220,229,229,51,85,85,93,129,129,183,231,220,179,323,259,238,240,123,109,168,165,187,227,227,104,170,195
1499,Tony Battie,1610612755,PHI,35.0,38,94.6,93.4,93.4,99.4,97.7,97.7,-4.8,-4.3,-4.3,0.055,1.0,9.5,0.043,0.209,0.125,9.5,9.5,0.479,0.489,0.138,0.143,92.52,93.96,78.3,93.96,0.079,738,1.2,2.5,415,416,416,61,34,34,294,286,286,349,284,323,199,33,90,137,136,265,341,358,350,351,254,254,252,367,374
2225,Tony Parker,1610612759,SAS,29.0,78,108.1,109.0,109.0,101.7,102.5,102.5,6.5,6.4,6.4,0.345,2.57,26.8,0.013,0.082,0.049,10.4,10.4,0.531,0.569,0.251,0.254,95.33,94.54,78.78,94.54,0.139,4973,7.1,13.7,72,63,63,121,158,158,64,60,60,17,37,54,388,352,367,198,199,88,94,37,40,179,220,220,26,26,40
1503,Tracy McGrady,1610612765,DET,32.0,72,102.4,103.7,103.7,106.1,106.6,106.6,-3.8,-2.9,-2.9,0.244,2.47,27.2,0.03,0.137,0.081,11.0,11.0,0.471,0.503,0.186,0.189,89.92,89.15,74.29,89.15,0.109,3132,3.2,7.1,245,214,214,286,303,303,269,263,263,66,41,47,256,171,213,228,228,292,306,196,200,438,443,443,101,191,183
2566,Travis Outlaw,1610612751,NJN,26.0,82,100.4,101.3,101.3,108.8,109.1,109.1,-8.5,-7.8,-7.8,0.059,1.18,8.7,0.023,0.121,0.072,7.4,7.4,0.427,0.469,0.171,0.174,92.15,91.58,76.32,91.58,0.062,4501,3.3,8.9,311,287,287,383,383,383,376,369,369,341,242,351,296,215,246,41,41,381,374,251,257,369,381,381,344,176,124
2772,Trevor Ariza,1610612740,NOH,25.0,75,104.2,104.5,104.5,103.6,104.7,104.7,0.6,-0.2,-0.2,0.099,1.37,14.4,0.025,0.151,0.086,10.5,10.5,0.451,0.487,0.174,0.177,91.42,90.74,75.62,90.74,0.08,4924,4.0,10.2,195,189,189,186,233,233,188,209,209,216,201,208,285,133,199,200,200,345,344,238,242,401,414,414,247,128,107
202344,Trevor Booker,1610612764,WAS,23.0,65,101.0,101.2,101.2,108.1,108.6,108.6,-7.1,-7.4,-7.4,0.051,0.92,9.5,0.088,0.148,0.117,10.3,10.3,0.549,0.582,0.135,0.138,96.15,95.79,79.82,95.79,0.096,2114,2.1,3.9,293,292,292,359,367,367,349,360,360,377,306,328,73,141,108,191,188,63,66,365,364,123,138,138,166,266,313
201234,Trey Johnson,1610612747,LAL,26.0,8,98.1,96.1,96.1,105.7,104.3,104.3,-7.5,-8.2,-8.2,0.19,2.2,20.4,0.02,0.054,0.037,9.3,9.4,0.379,0.455,0.207,0.21,91.04,92.58,77.15,92.58,0.045,180,1.5,4.1,374,403,403,263,212,212,356,376,376,96,73,113,318,428,417,120,124,415,390,126,135,417,338,338,394,336,300
2211,Troy Murphy,1610612738,BOS,31.0,35,88.4,88.1,88.1,103.9,102.7,102.7,-15.5,-14.6,-14.6,0.088,1.15,13.5,0.049,0.204,0.126,11.8,11.8,0.39,0.428,0.147,0.151,92.18,92.88,77.4,92.88,0.078,905,1.2,3.3,439,435,435,202,162,162,432,435,435,248,254,224,178,38,87,275,276,412,410,333,331,366,314,314,261,365,338
201951,Ty Lawson,1610612743,DEN,23.0,80,111.0,112.8,112.8,106.6,107.4,107.4,4.4,5.4,5.4,0.272,2.75,29.1,0.033,0.068,0.051,10.6,10.5,0.553,0.593,0.19,0.193,99.06,97.94,81.61,97.94,0.114,4291,4.3,8.6,17,8,8,305,327,327,94,74,74,43,23,33,240,411,347,206,205,55,42,189,191,29,55,55,80,114,134
201946,Tyler Hansbrough,1610612754,IND,25.0,70,101.1,102.5,102.5,106.0,106.1,106.1,-4.9,-3.6,-3.6,0.047,0.54,4.9,0.09,0.145,0.117,9.0,9.0,0.465,0.529,0.224,0.227,97.01,96.26,80.21,96.26,0.105,3075,4.1,8.8,286,252,252,276,282,282,297,279,279,385,382,425,64,147,106,108,109,311,219,83,88,88,121,121,124,127,128
201936,Tyreke Evans,1610612758,SAC,21.0,57,99.4,101.7,101.7,104.9,106.4,106.4,-5.5,-4.7,-4.7,0.255,1.73,20.5,0.021,0.113,0.065,11.8,11.8,0.432,0.482,0.253,0.255,96.41,94.65,78.88,94.65,0.109,4153,6.7,16.4,341,272,272,235,294,294,310,296,296,57,140,112,313,234,275,281,281,373,358,33,37,113,209,209,102,33,15
200748,Tyrus Thomas,1610612766,CHA,24.0,41,100.2,100.4,100.4,101.5,101.7,101.7,-1.4,-1.3,-1.3,0.064,0.45,6.0,0.084,0.19,0.139,13.5,13.4,0.471,0.536,0.241,0.248,92.65,92.45,77.04,92.45,0.124,1658,3.8,8.1,318,314,314,120,122,122,224,224,224,323,400,410,87,61,59,344,343,289,193,53,50,339,349,349,49,144,151
2199,Tyson Chandler,1610612742,DAL,28.0,74,109.1,109.3,109.3,101.0,101.3,101.3,8.1,8.0,8.0,0.024,0.36,4.8,0.113,0.233,0.177,13.3,13.4,0.654,0.697,0.141,0.142,93.69,93.46,77.88,93.46,0.12,3996,3.6,5.5,49,51,51,102,110,110,44,41,41,436,416,426,23,15,11,340,342,8,2,350,352,268,280,280,59,161,239
2617,Udonis Haslem,1610612748,MIA,31.0,13,108.4,108.2,108.2,99.0,100.4,100.4,9.3,7.8,7.8,0.029,0.43,5.2,0.09,0.219,0.157,12.1,12.2,0.512,0.549,0.145,0.146,95.1,94.49,78.74,94.49,0.104,679,3.4,6.6,65,84,84,52,88,88,27,45,45,426,402,422,70,26,26,292,300,136,151,338,342,186,224,224,125,172,200
1713,Vince Carter,1610612756,PHX,34.0,73,106.8,108.0,108.0,103.3,104.6,104.6,3.4,3.4,3.4,0.116,1.62,12.2,0.027,0.108,0.068,7.5,7.5,0.502,0.528,0.23,0.234,95.82,94.68,78.9,94.68,0.092,4042,5.3,12.2,102,93,93,175,225,225,113,114,114,174,152,245,276,247,258,42,42,176,225,75,74,144,207,207,195,71,58
2209,Vladimir Radmanovic,1610612744,GSW,30.0,74,108.1,108.5,108.5,105.5,105.1,105.1,2.7,3.4,3.4,0.096,1.39,16.8,0.056,0.132,0.093,12.2,12.2,0.541,0.562,0.147,0.149,96.46,96.44,80.36,96.44,0.072,2336,1.9,4.3,73,75,75,254,253,253,132,112,112,225,197,153,165,187,174,298,297,75,110,334,335,111,109,109,295,289,289
101144,Von Wafer,1610612738,BOS,25.0,58,93.0,92.0,92.0,91.4,91.6,91.6,1.6,0.5,0.5,0.111,1.75,15.2,0.013,0.074,0.045,8.7,8.7,0.478,0.524,0.161,0.166,94.39,94.78,78.98,94.78,0.09,1092,1.2,2.7,427,425,425,6,11,11,161,193,193,187,134,195,384,392,392,86,89,269,247,294,290,225,202,202,200,369,360
201961,Wayne Ellington,1610612750,MIN,23.0,62,99.8,100.3,100.3,108.7,108.7,108.7,-8.9,-8.3,-8.3,0.098,1.36,13.2,0.021,0.07,0.045,9.7,9.7,0.463,0.488,0.169,0.172,98.57,98.32,81.93,98.32,0.054,2419,2.6,6.4,329,317,317,375,370,370,382,379,379,221,206,228,310,407,390,153,154,312,343,261,264,37,42,42,373,231,209
202325,Wesley Johnson,1610612750,MIN,23.0,79,102.5,103.7,103.7,108.9,109.1,109.1,-6.4,-5.4,-5.4,0.108,1.56,15.4,0.024,0.091,0.057,9.9,9.8,0.473,0.491,0.165,0.168,99.6,98.91,82.42,98.91,0.06,4269,3.4,8.6,241,213,213,385,382,382,332,314,314,192,160,193,294,314,314,161,163,282,339,276,284,18,33,33,350,171,133
202083,Wesley Matthews,1610612757,POR,24.0,82,106.7,107.5,107.5,104.2,104.7,104.7,2.5,2.8,2.8,0.101,1.19,11.6,0.018,0.085,0.051,9.7,9.7,0.528,0.582,0.209,0.213,91.07,90.5,75.41,90.5,0.097,5207,5.4,11.9,105,102,102,221,230,230,135,132,132,210,238,265,337,340,349,154,156,96,67,119,123,415,422,422,160,67,65
101198,Will Bynum,1610612765,DET,28.0,61,103.6,104.1,104.1,111.1,111.0,111.0,-7.5,-6.9,-6.9,0.289,2.35,26.6,0.014,0.06,0.036,11.3,11.3,0.468,0.524,0.221,0.227,92.53,92.34,76.95,92.34,0.092,2155,3.0,6.7,216,205,205,429,423,423,355,348,348,34,56,58,379,421,420,241,237,302,243,90,89,350,353,353,189,201,198
2584,Willie Green,1610612740,NOH,29.0,77,100.9,100.3,100.3,100.8,101.9,101.9,0.1,-1.6,-1.6,0.08,1.1,9.3,0.014,0.087,0.051,8.4,8.4,0.488,0.515,0.202,0.207,91.23,91.04,75.87,91.04,0.073,3169,3.5,7.9,294,320,320,95,127,127,196,227,227,266,263,332,376,334,346,77,78,229,279,143,145,410,405,405,294,168,156
202378,Willie Warren,1610612746,LAC,21.0,19,103.8,102.6,102.6,99.5,94.7,94.7,4.3,7.9,7.9,0.307,3.38,36.5,0.008,0.096,0.049,10.8,10.9,0.443,0.48,0.155,0.159,92.62,95.42,79.52,95.42,0.082,268,0.7,1.8,212,248,248,63,19,19,96,43,43,25,6,10,425,290,366,216,221,355,360,313,312,342,164,164,232,412,397
201163,Wilson Chandler,1610612743,DEN,24.0,72,107.8,108.6,108.6,103.4,104.5,104.5,4.4,4.1,4.1,0.079,1.15,9.6,0.032,0.134,0.084,8.4,8.3,0.509,0.537,0.205,0.208,98.66,97.75,81.46,97.75,0.094,4876,6.0,13.2,79,71,71,180,220,220,95,98,98,272,249,321,247,180,206,74,76,147,191,130,140,35,64,64,176,50,47
202333,Xavier Henry,1610612763,MEM,20.0,38,98.6,99.4,99.4,104.8,103.2,103.2,-6.2,-3.8,-3.8,0.054,1.38,8.5,0.017,0.055,0.036,6.2,6.1,0.413,0.451,0.165,0.171,92.79,93.15,77.62,93.15,0.033,1020,1.7,4.2,360,341,341,232,179,179,328,280,280,356,198,354,344,427,421,22,22,398,396,277,266,329,292,292,406,309,295
2397,Yao Ming,1610612745,HOU,30.0,5,97.1,99.5,99.5,111.4,112.0,112.0,-14.3,-12.5,-12.5,0.077,0.57,7.3,0.074,0.198,0.138,12.7,12.7,0.486,0.579,0.241,0.242,102.48,101.02,84.18,101.02,0.133,189,3.6,7.4,397,338,338,430,438,438,427,425,425,280,380,384,115,46,61,323,323,237,73,54,60,3,14,14,36,160,174
201146,Yi Jianlian,1610612764,WAS,23.0,63,98.4,99.4,99.4,108.6,108.2,108.2,-10.2,-8.8,-8.8,0.036,0.49,5.4,0.067,0.159,0.111,10.9,11.0,0.422,0.459,0.173,0.174,95.81,95.52,79.6,95.52,0.063,2200,2.3,5.5,364,342,342,373,355,355,397,388,388,415,392,420,143,119,127,224,226,389,383,243,256,145,158,158,338,250,238
202220,Zabian Dowdell,1610612756,PHX,26.0,24,100.0,97.8,97.8,103.7,104.6,104.6,-3.8,-6.8,-6.8,0.295,1.76,24.2,0.017,0.053,0.034,13.7,13.6,0.42,0.457,0.24,0.251,95.95,96.59,80.49,96.59,0.08,585,2.1,5.2,323,383,383,193,223,223,268,344,344,30,132,80,350,430,424,354,352,392,387,56,44,137,103,103,246,267,251
2216,Zach Randolph,1610612763,MEM,29.0,75,106.6,109.1,109.1,102.6,104.4,104.4,4.0,4.7,4.7,0.1,1.08,9.8,0.125,0.233,0.178,9.1,9.0,0.507,0.552,0.247,0.25,93.92,91.99,76.66,91.99,0.162,5227,8.0,15.8,108,59,59,150,218,218,98,86,86,212,267,317,8,16,9,110,107,160,136,43,46,254,371,371,10,13,22
2585,Zaza Pachulia,1610612737,ATL,27.0,79,101.5,101.2,101.2,107.5,106.4,106.4,-6.0,-5.2,-5.2,0.074,0.84,13.2,0.103,0.189,0.146,15.7,15.8,0.461,0.562,0.141,0.144,90.92,91.5,76.25,91.5,0.076,2367,1.4,2.9,270,294,294,340,297,297,324,309,309,294,323,229,43,62,46,387,389,320,111,351,346,419,382,382,272,352,356
980,Zydrunas Ilgauskas,1610612748,MIA,36.0,72,111.3,112.4,112.4,101.9,102.5,102.5,9.4,9.9,9.9,0.033,0.5,6.2,0.108,0.161,0.136,12.4,12.5,0.508,0.531,0.158,0.159,92.94,92.22,76.85,92.22,0.065,2198,2.3,4.4,12,11,11,127,154,154,24,21,21,420,386,407,35,114,68,309,311,154,214,302,314,318,357,357,330,255,284
