PLAYER_ID,PLAYER_NAME,TEAM_ID,TEAM_ABBREVIATION,AGE,GP,E_OFF_RATING,OFF_RATING,sp_work_OFF_RATING,E_DEF_RATING,DEF_RATING,sp_work_DEF_RATING,E_NET_RATING,NET_RATING,sp_work_NET_RATING,AST_PCT,AST_TO,AST_RATIO,OREB_PCT,DREB_PCT,REB_PCT,TM_TOV_PCT,E_TOV_PCT,EFG_PCT,TS_PCT,USG_PCT,E_USG_PCT,E_PACE,PACE,PACE_PER40,sp_work_PACE,PIE,POSS,FGM_PG,FGA_PG,E_OFF_RATING_RANK,OFF_RATING_RANK,sp_work_OFF_RATING_RANK,E_DEF_RATING_RANK,DEF_RATING_RANK,sp_work_DEF_RATING_RANK,E_NET_RATING_RANK,NET_RATING_RANK,sp_work_NET_RATING_RANK,AST_PCT_RANK,AST_TO_RANK,AST_RATIO_RANK,OREB_PCT_RANK,DREB_PCT_RANK,REB_PCT_RANK,TM_TOV_PCT_RANK,E_TOV_PCT_RANK,EFG_PCT_RANK,TS_PCT_RANK,USG_PCT_RANK,E_USG_PCT_RANK,E_PACE_RANK,PACE_RANK,sp_work_PACE_RANK,PIE_RANK,FGM_PG_RANK,FGA_PG_RANK
203932,Aaron Gordon,1610612753,ORL,23.0,78,107.0,107.4,107.4,105.2,105.9,105.9,1.8,1.5,1.5,0.166,1.78,18.0,0.047,0.165,0.106,10.1,10.1,0.507,0.538,0.213,0.219,99.77,99.28,82.73,99.28,0.109,5456,6.0,13.4,254,236,236,142,159,159,173,177,177,161,216,203,173,140,152,306,305,277,288,137,137,454,466,466,132,61,57
1628988,Aaron Holiday,1610612754,IND,22.0,50,107.5,107.2,107.2,100.9,100.2,100.2,6.6,7.0,7.0,0.18,2.18,21.2,0.008,0.088,0.049,9.8,9.7,0.483,0.518,0.206,0.214,102.83,103.35,86.12,103.35,0.078,1393,2.1,5.2,227,245,245,39,44,44,72,62,62,139,141,134,492,412,448,278,277,366,361,153,147,215,191,191,313,335,301
1627846,Abdel Nader,1610612760,OKC,25.0,61,97.7,96.4,96.4,107.6,105.8,105.8,-9.9,-9.5,-9.5,0.044,0.77,7.3,0.017,0.139,0.075,9.5,9.4,0.498,0.522,0.148,0.157,103.41,104.97,87.48,104.97,0.066,1512,1.5,3.5,487,488,488,240,156,156,461,457,457,488,467,488,389,216,273,258,249,328,348,383,366,175,104,104,384,408,396
201143,Al Horford,1610612738,BOS,33.0,68,112.6,112.5,112.5,105.5,106.4,106.4,7.1,6.1,6.1,0.203,2.77,24.7,0.062,0.161,0.113,8.9,8.9,0.586,0.605,0.188,0.193,101.25,100.82,84.02,100.82,0.134,4146,5.7,10.6,58,64,64,149,184,184,62,77,77,107,61,88,134,149,133,208,204,66,80,196,200,338,373,373,59,79,111
202329,Al-Farouq Aminu,1610612757,POR,28.0,81,114.8,116.3,116.3,107.1,108.2,108.2,7.7,8.2,8.2,0.057,1.44,12.3,0.048,0.204,0.127,8.5,8.5,0.514,0.568,0.134,0.136,102.37,101.22,84.35,101.22,0.097,4828,3.2,7.3,27,18,18,222,261,261,49,46,46,448,298,366,171,71,99,179,181,257,185,442,447,252,335,335,193,209,199
1626210,Alan Williams,1610612751,BKN,26.0,5,114.6,115.3,115.3,93.3,88.1,88.1,21.2,27.1,27.1,0.176,3.0,15.8,0.114,0.405,0.264,5.3,5.3,0.615,0.61,0.222,0.227,108.17,110.91,92.43,110.91,0.274,59,1.6,2.6,31,28,28,18,13,13,8,5,5,145,43,253,24,3,2,44,48,35,70,108,115,17,13,13,4,394,457
202692,Alec Burks,1610612758,SAC,27.0,64,103.3,103.6,103.6,113.6,114.6,114.6,-10.3,-11.1,-11.1,0.142,1.97,17.7,0.021,0.151,0.084,9.0,8.9,0.469,0.523,0.185,0.192,100.01,99.46,82.88,99.46,0.091,2857,3.0,7.4,392,376,376,478,489,489,467,475,475,196,175,214,344,172,237,213,211,406,343,204,203,442,454,454,225,224,194
203518,Alex Abrines,1610612760,OKC,25.0,31,101.3,101.3,101.3,99.4,99.8,99.8,2.0,1.6,1.6,0.047,1.43,10.2,0.007,0.067,0.036,7.1,7.1,0.487,0.507,0.12,0.123,104.62,104.4,87.0,104.4,0.041,1284,1.8,5.1,445,433,433,34,40,40,169,176,176,481,302,424,496,482,501,90,90,358,386,484,483,125,140,140,475,363,315
1627936,Alex Caruso,1610612747,LAL,25.0,25,105.2,105.6,105.6,101.7,102.4,102.4,3.6,3.2,3.2,0.205,1.83,24.1,0.035,0.079,0.058,13.1,13.1,0.514,0.569,0.184,0.19,103.17,102.62,85.52,102.62,0.096,1140,3.1,6.9,331,313,313,48,66,66,126,137,137,105,205,95,228,445,381,464,464,255,176,209,210,194,236,236,201,215,219
203458,Alex Len,1610612737,ATL,26.0,77,105.4,106.0,106.0,110.2,110.4,110.4,-4.8,-4.4,-4.4,0.086,0.89,9.3,0.09,0.159,0.124,10.5,10.5,0.551,0.575,0.214,0.218,107.77,107.31,89.43,107.31,0.1,3447,4.2,8.4,327,295,295,377,374,374,352,341,341,344,448,445,58,152,106,326,330,142,155,133,141,23,40,40,176,144,165
1627816,Alex Poythress,1610612737,ATL,25.0,21,102.1,101.5,101.5,109.5,111.5,111.5,-7.4,-10.0,-10.0,0.085,1.31,13.7,0.085,0.151,0.117,10.5,10.5,0.549,0.571,0.14,0.144,106.82,106.19,88.49,106.19,0.069,671,1.9,3.9,423,429,429,342,416,416,422,466,466,348,336,316,73,175,126,329,332,147,171,420,421,36,61,61,364,354,385
1628035,Alfonzo McKinnie,1610612744,GSW,26.0,72,109.9,108.8,108.8,108.0,107.9,107.9,1.9,0.9,0.9,0.041,1.03,8.7,0.075,0.152,0.114,8.4,8.4,0.564,0.569,0.131,0.135,103.33,103.93,86.61,103.93,0.065,2169,1.9,3.8,128,182,182,266,251,251,170,197,197,496,408,457,104,168,132,175,174,99,179,451,449,181,168,168,387,357,386
1628993,Alize Johnson,1610612754,IND,23.0,14,113.3,110.7,110.7,114.7,112.2,112.2,-1.4,-1.6,-1.6,0.018,0.0,4.8,0.051,0.192,0.122,0.0,0.0,0.281,0.333,0.116,0.119,108.12,110.63,92.19,110.63,0.036,150,0.3,1.1,47,116,116,495,446,446,271,276,276,509,500,502,161,90,114,1,1,509,509,494,494,18,16,16,485,513,510
203459,Allen Crabbe,1610612751,BKN,27.0,43,105.5,106.5,106.5,106.6,106.1,106.1,-1.1,0.3,0.3,0.059,1.0,9.5,0.013,0.108,0.06,9.5,9.4,0.499,0.519,0.159,0.165,102.88,102.64,85.54,102.64,0.055,2421,3.2,8.7,318,271,271,199,174,174,257,214,214,444,415,435,448,318,355,257,250,322,356,330,335,211,232,232,431,207,156
1629019,Allonzo Trier,1610612752,NYK,23.0,64,101.6,102.1,102.1,108.6,109.3,109.3,-7.0,-7.2,-7.2,0.131,1.03,13.9,0.02,0.107,0.063,13.6,13.6,0.498,0.564,0.207,0.213,102.02,101.43,84.52,101.43,0.09,3090,3.6,8.1,436,418,418,287,319,319,411,418,418,212,409,302,358,325,337,475,480,325,195,149,153,285,316,316,231,178,177
1628518,Amile Jefferson,1610612753,ORL,26.0,12,130.9,124.3,124.3,120.3,115.5,115.5,10.6,8.8,8.8,0.052,3.0,12.5,0.082,0.25,0.158,4.2,4.3,0.625,0.692,0.125,0.129,99.39,104.09,86.74,104.09,0.111,148,0.8,1.3,4,5,5,515,505,505,29,40,40,467,43,358,85,23,40,34,34,24,9,472,471,479,158,158,127,483,505
101161,Amir Johnson,1610612755,PHI,32.0,51,107.3,104.7,104.7,110.4,109.7,109.7,-3.1,-5.0,-5.0,0.156,1.33,21.4,0.084,0.185,0.133,16.1,16.1,0.541,0.574,0.169,0.175,103.97,105.63,88.02,105.63,0.08,1159,1.5,3.1,242,349,349,388,339,339,321,356,356,171,327,132,80,98,92,511,511,169,157,290,285,149,80,80,300,400,424
203083,Andre Drummond,1610612765,DET,25.0,79,109.6,111.7,111.7,107.1,108.4,108.4,2.4,3.3,3.3,0.068,0.64,7.3,0.151,0.311,0.228,11.5,11.5,0.536,0.555,0.226,0.228,99.65,98.15,81.79,98.15,0.159,5412,7.1,13.3,146,80,80,223,270,270,156,135,135,417,480,487,4,7,6,377,376,181,230,101,110,460,503,503,26,36,60
2738,Andre Iguodala,1610612744,GSW,35.0,68,114.4,113.4,113.4,104.3,104.4,104.4,10.1,9.0,9.0,0.173,4.15,36.0,0.031,0.117,0.076,8.7,8.7,0.579,0.587,0.101,0.104,102.81,103.23,86.03,103.23,0.09,3398,2.2,4.4,34,49,49,111,109,109,33,35,35,152,11,10,255,282,270,191,192,73,123,514,516,218,200,200,227,315,346
201281,Andre Ingram,1610612747,LAL,33.0,4,99.2,97.1,97.1,87.0,87.5,87.5,12.2,9.6,9.6,0.0,0.0,0.0,0.059,0.053,0.056,14.3,14.3,0.0,0.0,0.184,0.193,107.44,108.3,90.25,108.3,-0.093,34,0.0,1.5,476,481,481,9,12,12,17,33,33,510,500,510,139,506,398,494,495,519,521,208,198,27,30,30,528,519,494
101106,Andrew Bogut,1610612744,GSW,34.0,11,115.0,114.3,114.3,111.6,110.5,110.5,3.4,3.9,3.9,0.104,1.38,19.6,0.1,0.297,0.208,14.3,14.2,0.5,0.523,0.148,0.151,101.56,102.35,85.29,102.35,0.092,286,1.6,3.3,25,37,37,434,375,375,132,120,120,284,315,171,42,11,10,494,494,302,345,385,394,316,260,260,222,388,411
1626150,Andrew Harrison,1610612740,NOP,24.0,17,105.9,103.2,103.2,109.0,108.7,108.7,-3.1,-5.5,-5.5,0.194,2.0,24.7,0.032,0.074,0.053,12.4,12.4,0.349,0.443,0.171,0.179,96.39,97.79,81.49,97.79,0.025,378,0.9,3.1,298,390,390,310,283,283,318,375,375,123,161,87,248,462,416,437,437,497,473,276,259,520,515,515,502,472,421
203952,Andrew Wiggins,1610612750,MIN,24.0,73,109.0,110.7,110.7,110.7,111.9,111.9,-1.7,-1.2,-1.2,0.108,1.33,11.1,0.031,0.099,0.065,8.3,8.3,0.461,0.493,0.24,0.244,102.89,101.57,84.64,101.57,0.078,5379,6.8,16.6,166,115,115,400,431,431,279,263,263,270,327,399,258,361,332,166,169,427,415,70,75,210,307,307,310,46,28
1629014,Anfernee Simons,1610612757,POR,20.0,20,107.9,104.5,104.5,122.8,122.1,122.1,-14.9,-17.6,-17.6,0.135,1.18,13.7,0.022,0.067,0.046,11.6,11.7,0.524,0.535,0.24,0.248,103.27,105.22,87.68,105.22,0.06,309,1.4,3.2,208,354,354,519,521,521,500,508,508,205,368,318,320,481,468,387,396,220,300,72,68,186,96,96,409,418,419
1629116,Angel Delgado,1610612746,LAC,24.0,2,75.1,75.8,75.8,68.1,68.8,68.8,7.1,7.0,7.0,0.0,0.0,0.0,0.083,0.143,0.105,0.0,0.0,0.2,0.255,0.15,0.158,106.62,105.64,88.04,105.64,0.0,33,0.5,2.5,524,520,520,5,5,5,64,61,61,510,500,510,82,202,157,1,1,517,515,373,362,44,79,79,516,501,462
1627790,Ante Zizic,1610612739,CLE,22.0,59,105.9,106.3,106.3,110.5,110.2,110.2,-4.6,-3.9,-3.9,0.075,0.87,10.5,0.097,0.193,0.144,12.1,12.1,0.553,0.59,0.178,0.182,99.44,99.35,82.79,99.35,0.103,2243,3.1,5.6,300,281,281,390,365,365,347,331,331,387,453,416,48,88,66,423,425,137,111,235,239,477,461,461,169,214,280
203076,Anthony Davis,1610612740,NOP,26.0,56,111.4,113.5,113.5,108.5,110.1,110.1,2.9,3.4,3.4,0.186,1.95,14.1,0.089,0.249,0.17,7.3,7.2,0.54,0.597,0.288,0.293,105.51,103.73,86.44,103.73,0.197,3996,9.5,18.3,76,45,45,285,355,355,143,132,132,130,179,296,64,26,32,96,96,173,94,21,23,88,180,180,10,4,15
201229,Anthony Tolliver,1610612750,MIN,34.0,65,104.0,104.5,104.5,109.0,108.6,108.6,-5.0,-4.1,-4.1,0.059,1.28,12.6,0.012,0.143,0.075,9.9,9.8,0.539,0.571,0.121,0.125,102.64,102.57,85.48,102.57,0.064,2320,1.5,4.0,371,356,356,307,279,279,361,334,334,445,342,354,460,201,276,288,284,175,165,478,477,231,238,238,392,405,375
1628469,Antonio Blakeney,1610612741,CHI,22.0,57,102.6,102.9,102.9,111.4,110.8,110.8,-8.8,-7.8,-7.8,0.079,1.2,8.3,0.008,0.114,0.061,6.9,6.9,0.465,0.487,0.24,0.246,101.18,101.32,84.44,101.32,0.073,1745,2.9,6.9,411,392,392,426,387,387,449,433,433,373,359,468,489,291,353,84,85,417,431,73,72,344,324,324,347,230,217
203382,Aron Baynes,1610612738,BOS,32.0,51,110.1,110.0,110.0,102.8,102.2,102.2,7.3,7.7,7.7,0.092,1.43,16.3,0.103,0.175,0.139,11.5,11.5,0.518,0.567,0.147,0.151,102.54,102.92,85.77,102.92,0.083,1757,2.1,4.4,122,144,144,67,64,64,56,53,53,324,303,235,36,116,80,374,378,241,187,391,393,239,217,217,279,337,352
203085,Austin Rivers,1610612745,HOU,26.0,76,111.2,111.6,111.6,108.3,109.1,109.1,2.9,2.5,2.5,0.12,2.46,19.7,0.012,0.065,0.038,8.0,8.0,0.497,0.503,0.142,0.146,101.64,101.09,84.24,101.09,0.042,4269,3.1,7.5,81,83,83,280,312,312,144,152,152,237,93,165,468,486,496,142,143,332,392,410,414,308,344,344,473,217,189
202340,Avery Bradley,1610612763,MEM,28.0,63,107.2,108.7,108.7,109.6,110.2,110.2,-2.5,-1.5,-1.5,0.114,1.71,17.5,0.022,0.065,0.044,10.2,10.2,0.479,0.496,0.16,0.163,102.09,101.13,84.27,101.13,0.047,4005,3.9,9.7,249,186,186,349,362,362,302,275,275,253,232,218,319,487,476,313,315,381,411,322,340,278,340,340,465,158,130
1629168,BJ Johnson,1610612758,SAC,23.0,7,104.3,102.8,102.8,121.4,115.3,115.3,-17.2,-12.6,-12.6,0.0,0.0,0.0,0.038,0.15,0.086,9.5,9.6,0.583,0.609,0.178,0.186,103.49,106.99,89.16,106.99,0.074,109,1.3,2.6,358,400,400,516,502,502,508,484,484,510,500,510,206,176,226,260,266,69,72,236,224,169,45,45,339,434,459
1628389,Bam Adebayo,1610612748,MIA,21.0,82,104.8,105.0,105.0,104.2,104.5,104.5,0.6,0.5,0.5,0.146,1.52,20.7,0.083,0.221,0.151,13.6,13.6,0.579,0.623,0.157,0.162,99.76,99.5,82.91,99.5,0.133,3966,3.4,5.9,349,336,336,104,112,112,201,210,210,186,278,141,83,50,53,478,477,74,54,342,344,455,450,450,60,192,269
203463,Ben McLemore,1610612758,SAC,26.0,19,107.9,105.5,105.5,111.8,109.0,109.0,-3.9,-3.5,-3.5,0.035,0.8,5.1,0.018,0.089,0.053,6.4,6.4,0.523,0.541,0.185,0.193,107.95,110.54,92.12,110.54,0.05,361,1.3,3.4,206,317,317,442,304,304,335,320,320,502,464,499,379,405,418,66,66,221,282,203,197,22,18,18,456,431,402
1627732,Ben Simmons,1610612755,PHI,22.0,79,110.4,111.3,111.3,107.6,108.9,108.9,2.8,2.4,2.4,0.341,2.23,30.0,0.062,0.179,0.122,13.5,13.5,0.563,0.582,0.215,0.218,104.99,103.99,86.66,103.99,0.145,5838,6.8,12.2,108,89,89,241,297,297,145,154,154,17,134,44,131,112,113,473,473,103,137,127,140,110,165,165,40,45,81
1628656,Billy Garrett,1610612752,NYK,24.0,4,100.8,97.8,97.8,110.2,106.4,106.4,-9.4,-8.6,-8.6,0.189,3.5,18.4,0.0,0.041,0.022,5.3,5.3,0.407,0.452,0.215,0.221,101.1,104.42,87.02,104.42,0.063,136,2.8,6.8,456,477,477,376,185,185,457,448,448,128,26,194,505,513,518,44,46,473,468,129,131,350,137,137,403,251,227
202687,Bismack Biyombo,1610612766,CHA,26.0,54,104.9,104.1,104.1,111.0,111.8,111.8,-6.1,-7.7,-7.7,0.064,0.97,12.5,0.099,0.205,0.151,12.9,12.9,0.571,0.602,0.128,0.132,98.65,98.68,82.23,98.68,0.085,1604,1.6,2.9,343,365,365,410,429,429,392,424,424,426,436,358,45,70,52,463,463,90,86,465,462,496,484,484,259,385,439
201933,Blake Griffin,1610612765,DET,30.0,75,107.6,109.8,109.8,108.2,109.3,109.3,-0.5,0.5,0.5,0.268,1.59,18.0,0.036,0.182,0.105,11.3,11.3,0.532,0.581,0.296,0.3,100.15,98.63,82.19,98.63,0.153,5394,8.3,17.9,221,148,148,274,321,321,245,209,209,47,264,204,221,104,155,366,364,193,138,18,19,431,487,487,31,22,18
1626246,Boban Marjanovic,1610612755,PHI,30.0,58,105.7,105.3,105.3,105.6,105.3,105.3,0.1,0.1,0.1,0.128,0.92,12.6,0.124,0.232,0.18,13.7,13.7,0.623,0.664,0.222,0.228,103.8,104.16,86.8,104.16,0.164,1478,2.8,4.5,308,323,323,158,134,134,218,222,222,218,444,356,16,42,26,481,483,28,17,110,111,155,153,153,19,248,343
1626171,Bobby Portis,1610612764,WAS,24.0,50,109.5,109.9,109.9,114.0,114.3,114.3,-4.5,-4.4,-4.4,0.085,0.97,8.8,0.083,0.226,0.154,9.1,9.1,0.504,0.529,0.241,0.246,102.15,101.85,84.87,101.85,0.106,2760,5.6,12.6,147,147,147,483,485,485,346,343,343,347,435,453,84,47,47,219,222,293,325,67,71,274,294,294,149,85,69
203992,Bogdan Bogdanović,1610612758,SAC,26.0,70,108.0,108.2,108.2,108.6,109.3,109.3,-0.7,-1.1,-1.1,0.199,2.28,20.3,0.019,0.098,0.058,8.9,8.9,0.496,0.53,0.22,0.227,103.5,103.07,85.89,103.07,0.099,4184,5.2,12.3,203,208,208,288,318,318,249,260,260,115,124,149,365,369,378,209,205,333,322,115,116,167,208,208,185,100,75
202711,Bojan Bogdanovic,1610612754,IND,30.0,81,107.7,108.7,108.7,105.1,105.8,105.8,2.5,2.9,2.9,0.095,1.2,11.0,0.013,0.113,0.064,9.1,9.1,0.575,0.613,0.219,0.225,100.11,99.31,82.76,99.31,0.111,5334,6.4,13.0,220,185,185,136,154,154,153,144,144,313,358,401,451,295,335,227,220,81,65,118,120,436,465,465,122,54,65
1629045,Bonzie Colson,1610612749,MIL,23.0,8,107.4,108.4,108.4,117.7,117.5,117.5,-10.3,-9.2,-9.2,0.04,1.0,6.1,0.065,0.182,0.122,6.1,6.1,0.397,0.454,0.174,0.177,111.34,110.89,92.41,110.89,0.081,227,1.6,4.9,240,201,201,511,509,509,468,454,454,499,415,493,124,105,111,58,58,477,465,257,271,6,14,14,292,389,323
202954,Brad Wanamaker,1610612738,BOS,29.0,36,109.2,106.6,106.6,97.1,97.8,97.8,12.1,8.8,8.8,0.225,2.95,29.2,0.008,0.096,0.054,9.9,9.9,0.552,0.597,0.162,0.17,102.09,102.9,85.75,102.9,0.104,738,1.4,2.9,159,265,265,26,32,32,18,38,38,85,54,49,487,374,410,291,290,139,95,321,308,279,218,218,155,420,438
203078,Bradley Beal,1610612764,WAS,26.0,82,110.1,111.7,111.7,112.1,113.5,113.5,-2.0,-1.8,-1.8,0.233,2.0,18.2,0.028,0.104,0.066,9.1,9.0,0.54,0.581,0.278,0.283,104.12,102.79,85.66,102.79,0.128,6486,9.3,19.6,123,81,81,449,476,476,288,284,284,80,161,199,268,343,325,223,219,174,141,31,34,141,227,227,68,6,7
1629164,Brandon Goodwin,1610612743,DEN,23.0,16,110.2,107.2,107.2,102.7,99.2,99.2,7.5,8.0,8.0,0.298,4.67,31.1,0.016,0.038,0.026,6.7,6.7,0.304,0.413,0.22,0.231,101.14,104.32,86.94,104.32,0.046,125,0.4,1.4,119,244,244,65,37,37,53,49,49,33,9,34,410,515,514,72,75,506,487,116,101,349,147,147,466,510,500
1627742,Brandon Ingram,1610612747,LAL,21.0,52,105.7,107.3,107.3,107.5,108.8,108.8,-1.8,-1.5,-1.5,0.127,1.19,13.5,0.022,0.113,0.069,11.3,11.3,0.518,0.555,0.227,0.231,105.83,104.41,87.01,104.41,0.092,3828,7.0,14.0,312,240,240,234,292,292,281,272,272,220,364,323,325,296,308,367,365,243,235,98,102,73,139,139,223,41,49
202688,Brandon Knight,1610612739,CLE,27.0,39,102.8,102.9,102.9,115.5,114.9,114.9,-12.7,-12.0,-12.0,0.147,2.37,18.9,0.012,0.07,0.039,8.0,8.0,0.46,0.484,0.178,0.182,99.17,99.38,82.82,99.38,0.051,1522,2.5,6.7,402,394,394,501,496,496,483,477,477,185,103,185,456,474,495,139,139,431,438,237,241,488,460,460,455,282,229
1629102,Brandon Sampson,1610612741,CHI,22.0,14,108.3,107.9,107.9,115.9,113.9,113.9,-7.6,-6.0,-6.0,0.063,0.83,11.8,0.014,0.063,0.038,14.1,14.2,0.558,0.567,0.154,0.155,98.56,99.56,82.97,99.56,0.043,444,2.0,4.3,190,218,218,503,482,482,427,387,387,431,460,382,437,488,497,492,493,114,189,352,372,497,446,446,471,341,358
201572,Brook Lopez,1610612749,MIL,31.0,81,113.9,114.9,114.9,102.8,103.4,103.4,11.1,11.5,11.5,0.055,1.2,9.6,0.014,0.135,0.079,8.0,8.0,0.571,0.597,0.165,0.168,105.54,104.79,87.33,104.79,0.088,5069,4.4,9.7,38,32,32,68,82,82,27,18,18,458,363,433,431,225,260,141,142,89,93,311,320,85,115,115,244,128,128
1628971,Bruce Brown,1610612765,DET,22.0,74,106.7,106.5,106.5,104.7,105.8,105.8,2.0,0.7,0.7,0.087,1.98,19.1,0.032,0.092,0.062,9.7,9.6,0.436,0.469,0.113,0.116,99.53,99.08,82.56,99.08,0.037,2980,1.7,4.2,271,272,272,121,153,153,168,204,204,340,174,178,249,392,345,270,269,456,453,500,501,470,474,474,483,379,361
203998,Bruno Caboclo,1610612763,MEM,23.0,34,108.0,108.4,108.4,107.8,107.5,107.5,0.3,0.9,0.9,0.091,1.32,15.0,0.05,0.137,0.093,11.4,11.3,0.533,0.571,0.15,0.155,99.96,99.94,83.28,99.94,0.078,1658,2.8,6.6,197,200,200,250,232,232,213,194,194,326,333,270,164,218,189,371,369,188,167,375,378,445,423,423,315,242,233
1627854,Bryn Forbes,1610612759,SAS,25.0,82,110.3,109.9,109.9,108.9,110.2,110.2,1.5,-0.3,-0.3,0.105,2.19,16.3,0.008,0.096,0.053,7.5,7.4,0.568,0.586,0.171,0.176,99.58,99.21,82.67,99.21,0.077,4741,4.4,9.6,116,146,146,303,359,359,188,238,238,281,139,237,488,377,417,106,105,92,126,275,275,466,468,468,321,126,131
1627741,Buddy Hield,1610612758,SAC,26.0,82,108.8,109.4,109.4,108.7,110.0,110.0,0.0,-0.6,-0.6,0.117,1.4,11.5,0.036,0.11,0.072,8.2,8.1,0.56,0.587,0.243,0.25,105.86,104.94,87.45,104.94,0.11,5733,7.6,16.6,170,166,166,294,353,353,221,251,251,247,309,388,216,314,291,154,150,104,124,62,64,71,105,105,128,31,27
203710,C.J. Williams,1610612750,MIN,29.0,15,96.9,95.5,95.5,112.1,113.0,113.0,-15.2,-17.5,-17.5,0.158,2.4,23.1,0.007,0.053,0.029,9.6,9.5,0.557,0.55,0.138,0.145,100.09,100.37,83.64,100.37,0.049,267,1.1,2.3,491,494,494,448,464,464,503,506,506,167,99,105,497,504,512,267,263,117,253,429,418,438,404,404,460,446,470
203468,CJ McCollum,1610612757,POR,27.0,70,113.7,115.4,115.4,107.8,108.9,108.9,5.9,6.5,6.5,0.133,1.95,12.6,0.025,0.087,0.056,6.5,6.5,0.527,0.553,0.248,0.251,102.51,101.22,84.35,101.22,0.103,5020,8.2,17.8,40,26,26,251,302,302,81,71,71,209,178,353,297,420,395,68,68,208,243,55,61,241,334,334,163,25,19
101139,CJ Miles,1610612763,MEM,32.0,53,103.0,103.8,103.8,105.5,105.5,105.5,-2.5,-1.7,-1.7,0.061,1.2,9.0,0.014,0.09,0.051,7.5,7.5,0.468,0.504,0.173,0.179,104.4,104.03,86.69,104.03,0.056,1864,2.1,5.9,396,372,372,150,141,141,304,282,282,438,359,450,439,399,435,107,109,409,390,264,260,132,163,163,427,332,271
1628403,Caleb Swanigan,1610612758,SAC,22.0,21,89.9,90.9,90.9,109.1,107.6,107.6,-19.2,-16.8,-16.8,0.098,0.61,12.8,0.081,0.236,0.156,20.9,20.9,0.349,0.377,0.17,0.175,102.73,102.86,85.71,102.86,0.053,383,0.9,2.5,516,507,507,319,239,239,513,503,503,306,484,349,88,36,42,523,523,497,496,283,282,227,220,220,445,478,461
1629244,Cam Reynolds,1610612750,MIN,24.0,19,105.8,107.5,107.5,113.2,112.4,112.4,-7.4,-4.9,-4.9,0.073,2.6,13.0,0.014,0.102,0.057,5.0,5.0,0.558,0.58,0.141,0.144,101.75,101.29,84.41,101.29,0.063,548,1.7,4.1,305,234,234,472,451,451,421,354,354,390,81,338,430,351,390,41,41,116,147,415,422,297,329,329,397,371,367
1626166,Cameron Payne,1610612739,CLE,24.0,40,98.8,99.5,99.5,114.6,114.8,114.8,-15.8,-15.2,-15.2,0.225,2.36,27.1,0.017,0.083,0.05,11.5,11.5,0.487,0.519,0.169,0.174,102.43,101.97,84.97,101.97,0.074,1516,2.4,5.6,477,460,460,493,492,492,505,501,501,86,106,60,388,433,445,381,375,361,358,288,288,244,281,281,342,300,281
1627747,Caris LeVert,1610612751,BKN,24.0,40,107.4,108.5,108.5,107.6,108.7,108.7,-0.2,-0.2,-0.2,0.231,2.26,20.6,0.03,0.1,0.065,9.1,9.1,0.478,0.509,0.235,0.241,103.02,102.02,85.01,102.02,0.103,2256,5.2,12.1,235,194,194,243,284,284,228,234,234,81,127,145,259,357,330,222,221,383,380,82,85,201,278,278,161,98,83
2546,Carmelo Anthony,1610612745,HOU,35.0,10,99.8,102.3,102.3,111.4,112.2,112.2,-11.6,-9.9,-9.9,0.028,0.63,3.5,0.027,0.158,0.088,5.6,5.6,0.492,0.513,0.199,0.202,101.47,99.87,83.23,99.87,0.074,611,4.9,12.1,471,416,416,428,445,445,477,464,464,504,482,506,278,154,215,50,50,346,374,164,176,324,428,428,341,112,82
1626224,Cedi Osman,1610612739,CLE,24.0,76,104.8,106.0,106.0,117.9,118.8,118.8,-13.1,-12.8,-12.8,0.12,1.71,15.9,0.018,0.134,0.073,9.3,9.2,0.504,0.536,0.182,0.186,98.99,98.05,81.71,98.05,0.075,4992,4.7,11.1,347,299,299,512,515,515,490,486,486,235,231,249,387,226,284,239,238,294,296,216,220,492,509,509,328,117,97
1628990,Chandler Hutchison,1610612741,CHI,23.0,44,101.7,101.9,101.9,107.0,107.6,107.6,-5.3,-5.6,-5.6,0.055,1.36,11.9,0.033,0.167,0.1,8.7,8.8,0.493,0.507,0.121,0.123,100.97,100.63,83.86,100.63,0.073,1871,2.2,4.8,431,421,421,218,235,235,369,376,376,457,321,378,239,136,171,198,198,341,384,479,485,360,386,386,352,322,330
202718,Chandler Parsons,1610612763,MEM,30.0,25,101.6,101.6,101.6,106.1,107.0,107.0,-4.6,-5.4,-5.4,0.143,1.34,16.0,0.007,0.126,0.066,11.9,11.9,0.453,0.484,0.192,0.199,100.22,99.77,83.14,99.77,0.069,1035,2.7,7.3,437,427,427,180,210,210,348,367,367,192,325,244,494,253,322,413,418,440,436,184,181,424,432,432,366,256,201
101112,Channing Frye,1610612739,CLE,36.0,36,99.9,99.3,99.3,124.0,121.9,121.9,-24.2,-22.6,-22.6,0.1,1.54,12.8,0.01,0.158,0.075,8.3,8.3,0.504,0.524,0.174,0.179,96.84,97.97,81.64,97.97,0.053,701,1.2,3.3,470,464,464,520,519,519,518,513,513,297,271,346,475,155,275,168,170,292,341,256,256,518,511,511,442,442,413
1626184,Chasson Randle,1610612764,WAS,26.0,49,106.1,104.8,104.8,111.8,110.6,110.6,-5.8,-5.8,-5.8,0.182,2.26,25.1,0.013,0.062,0.036,11.1,11.2,0.525,0.555,0.16,0.166,102.87,104.06,86.71,104.06,0.053,1603,1.9,4.4,294,344,344,443,383,383,384,381,381,136,128,77,453,493,499,356,357,214,236,324,328,213,160,160,440,358,347
1627767,Cheick Diallo,1610612740,NOP,22.0,64,106.7,105.3,105.3,111.1,110.0,110.0,-4.4,-4.7,-4.7,0.051,0.67,8.6,0.079,0.26,0.171,12.8,12.8,0.622,0.644,0.155,0.161,105.97,107.19,89.32,107.19,0.121,2003,2.6,4.2,270,325,325,412,352,352,343,349,349,472,477,461,90,18,31,459,457,31,28,349,350,68,41,41,90,274,362
1629002,Chimezie Metu,1610612759,SAS,22.0,29,102.9,99.4,99.4,106.5,100.6,100.6,-3.6,-1.3,-1.3,0.14,0.87,13.8,0.061,0.179,0.121,16.0,16.0,0.328,0.389,0.223,0.231,100.15,104.79,87.32,104.79,0.052,319,0.7,2.0,399,462,462,193,48,48,329,265,265,200,455,309,135,113,115,510,510,504,492,106,99,432,118,118,447,492,479
1628449,Chris Boucher,1610612761,TOR,26.0,28,105.9,105.5,105.5,109.6,109.7,109.7,-3.8,-4.2,-4.2,0.02,0.29,2.2,0.086,0.209,0.148,7.6,7.6,0.526,0.563,0.214,0.221,106.6,106.79,88.99,106.79,0.114,364,1.2,2.7,301,319,319,353,340,340,333,335,335,508,498,509,72,66,58,117,121,210,200,135,130,45,50,50,114,437,449
1629185,Chris Chiozza,1610612745,HOU,23.0,7,91.8,83.8,83.8,108.1,108.8,108.8,-16.2,-25.0,-25.0,0.19,4.0,30.8,0.021,0.111,0.053,7.7,7.7,0.375,0.375,0.108,0.118,100.33,104.75,87.3,104.75,0.051,74,0.3,1.1,510,513,513,268,294,294,506,517,517,126,14,36,342,309,413,120,123,486,498,503,499,412,119,119,452,513,510
101108,Chris Paul,1610612745,HOU,34.0,58,111.9,112.4,112.4,104.8,104.2,104.2,7.1,8.3,8.3,0.382,3.11,33.1,0.019,0.123,0.07,10.6,10.6,0.508,0.56,0.22,0.226,100.3,100.37,83.64,100.37,0.138,3873,5.2,12.4,70,67,67,125,99,99,63,43,43,10,40,24,374,261,303,341,342,275,216,114,119,416,405,405,52,97,72
1626174,Christian Wood,1610612740,NOP,23.0,21,101.6,100.9,100.9,110.2,110.3,110.3,-8.6,-9.4,-9.4,0.051,0.47,4.8,0.061,0.231,0.147,10.3,10.2,0.56,0.607,0.247,0.257,108.0,108.35,90.29,108.35,0.146,565,2.9,5.6,434,438,438,380,369,369,447,455,455,471,493,501,136,43,59,320,313,107,76,57,54,21,29,29,38,231,282
203991,Clint Capela,1610612745,HOU,25.0,67,113.2,114.0,114.0,107.5,108.7,108.7,5.7,5.4,5.4,0.07,1.02,9.3,0.13,0.241,0.185,9.1,9.1,0.648,0.658,0.18,0.183,99.1,98.21,81.84,98.21,0.156,4594,7.1,10.9,49,39,39,235,281,281,83,88,88,400,410,444,13,30,18,221,224,17,18,227,235,489,502,502,28,38,101
203469,Cody Zeller,1610612766,CHA,26.0,49,110.5,112.3,112.3,109.7,110.9,110.9,0.9,1.4,1.4,0.114,1.65,17.8,0.084,0.171,0.127,10.8,10.9,0.559,0.611,0.159,0.161,102.03,100.64,83.86,100.64,0.101,2609,3.9,7.0,100,69,69,356,396,396,196,181,181,254,244,208,78,128,100,346,348,110,69,331,348,284,385,385,174,163,213
1629012,Collin Sexton,1610612739,CLE,20.0,82,104.5,105.6,105.6,117.5,118.1,118.1,-13.0,-12.5,-12.5,0.154,1.31,13.9,0.021,0.072,0.045,10.6,10.6,0.48,0.52,0.247,0.252,99.33,98.54,82.12,98.54,0.073,5347,6.3,14.7,352,314,314,510,512,512,488,483,483,175,334,305,346,466,472,337,341,374,354,56,60,482,488,488,350,57,44
201147,Corey Brewer,1610612758,SAC,33.0,31,107.0,106.6,106.6,107.5,106.6,106.6,-0.5,0.0,0.0,0.107,2.05,19.4,0.045,0.098,0.07,9.5,9.5,0.488,0.532,0.13,0.134,103.39,104.04,86.7,104.04,0.063,1066,1.7,4.0,255,267,267,236,193,193,242,229,229,273,157,175,178,367,300,255,258,357,309,456,455,177,161,161,400,373,378
202709,Cory Joseph,1610612754,IND,27.0,82,107.1,107.6,107.6,101.7,102.4,102.4,5.5,5.2,5.2,0.208,4.01,33.1,0.019,0.111,0.066,8.3,8.3,0.463,0.474,0.134,0.137,100.32,99.69,83.07,99.69,0.087,4280,2.8,6.7,251,228,228,47,68,68,89,89,89,101,13,23,370,305,326,163,165,423,448,440,443,413,439,439,250,250,228
201584,Courtney Lee,1610612742,DAL,33.0,34,102.8,102.3,102.3,110.3,108.6,108.6,-7.4,-6.4,-6.4,0.13,2.64,19.7,0.019,0.105,0.06,7.4,7.4,0.473,0.492,0.15,0.156,101.52,102.56,85.47,102.56,0.068,916,1.6,3.8,401,415,415,384,280,280,424,401,401,214,74,168,366,338,368,105,104,396,419,378,371,318,240,240,375,398,387
1626245,Cristiano Felicio,1610612741,CHI,26.0,60,105.0,103.7,103.7,112.8,111.7,111.7,-7.8,-8.0,-8.0,0.07,1.12,13.2,0.101,0.187,0.143,11.8,11.7,0.531,0.568,0.138,0.142,100.35,101.48,84.57,101.48,0.086,1576,1.6,3.0,340,373,373,470,426,426,435,438,438,405,391,328,40,96,70,403,400,195,183,430,430,408,313,313,253,396,434
1626156,D'Angelo Russell,1610612751,BKN,23.0,81,106.9,108.1,108.1,107.1,107.9,107.9,-0.3,0.2,0.2,0.392,2.23,23.4,0.02,0.099,0.06,10.5,10.4,0.512,0.533,0.311,0.319,103.34,102.4,85.34,102.4,0.141,5227,8.1,18.7,261,211,211,220,246,246,234,218,218,7,135,102,352,364,366,330,327,263,307,10,10,179,250,250,45,26,13
201571,D.J. Augustin,1610612753,ORL,31.0,81,109.3,110.4,110.4,106.7,107.2,107.2,2.6,3.2,3.2,0.258,3.33,32.4,0.018,0.071,0.044,9.7,9.7,0.566,0.616,0.169,0.173,99.58,98.88,82.4,98.88,0.103,4683,3.9,8.4,151,126,126,204,216,216,151,141,141,57,31,28,383,468,477,274,272,95,59,291,295,465,478,478,160,160,166
1628391,D.J. Wilson,1610612749,MIL,23.0,48,107.8,107.0,107.0,102.5,102.2,102.2,5.3,4.9,4.9,0.08,1.63,14.6,0.047,0.174,0.112,9.0,9.0,0.506,0.515,0.141,0.145,104.98,105.55,87.96,105.55,0.075,1933,2.2,5.2,213,252,252,58,62,62,93,94,94,365,254,279,174,117,134,212,215,282,370,417,419,111,86,86,335,323,302
203474,DJ Stephens,1610612763,MEM,28.0,1,71.1,70.6,70.6,92.6,93.8,93.8,-21.5,-23.2,-23.2,0.0,0.0,0.0,0.0,0.0,0.0,33.3,33.3,0.5,0.5,0.13,0.137,117.91,117.62,98.02,117.62,0.051,17,1.0,2.0,526,521,521,16,23,23,515,514,514,510,500,510,505,520,521,529,529,302,401,452,442,3,4,4,449,458,479
1629541,Dairis Bertans,1610612740,NOP,29.0,12,98.6,98.1,98.1,113.6,113.1,113.1,-15.0,-15.0,-15.0,0.078,5.0,16.9,0.011,0.036,0.024,3.4,3.4,0.362,0.362,0.12,0.123,105.38,105.89,88.24,105.89,0.013,371,1.0,3.9,480,473,473,477,467,467,501,499,499,376,5,225,472,516,517,28,28,492,502,480,484,92,70,70,512,458,382
1627745,Damian Jones,1610612744,GSW,24.0,24,114.1,114.2,114.2,108.9,111.1,111.1,5.2,3.0,3.0,0.084,1.75,20.9,0.086,0.099,0.094,11.9,11.9,0.716,0.72,0.113,0.115,101.78,100.72,83.93,100.72,0.072,855,2.2,3.1,37,38,38,305,403,403,96,143,143,352,225,137,70,359,188,413,414,5,5,499,503,293,379,379,355,320,423
203081,Damian Lillard,1610612757,POR,28.0,80,113.8,116.0,116.0,106.9,107.9,107.9,6.9,8.2,8.2,0.299,2.6,22.0,0.023,0.1,0.062,8.5,8.4,0.522,0.588,0.281,0.288,102.58,101.18,84.31,101.18,0.155,5984,8.5,19.2,39,22,22,212,247,247,66,45,45,32,85,121,314,355,347,176,176,232,118,27,27,236,338,338,29,18,10
1627814,Damion Lee,1610612744,GSW,26.0,32,104.2,102.7,102.7,109.1,108.2,108.2,-4.9,-5.5,-5.5,0.051,1.18,8.1,0.02,0.134,0.078,6.8,6.8,0.547,0.578,0.164,0.169,102.44,103.56,86.3,103.56,0.085,805,1.8,4.0,362,401,401,317,262,262,358,373,373,473,368,474,354,227,262,80,81,154,149,315,312,243,185,185,255,368,377
1628422,Damyean Dotson,1610612752,NYK,25.0,73,102.6,102.8,102.8,110.0,110.8,110.8,-7.4,-8.0,-8.0,0.104,1.9,14.3,0.016,0.108,0.061,7.5,7.5,0.506,0.526,0.169,0.174,101.56,101.06,84.22,101.06,0.076,4223,4.0,9.6,413,396,396,369,388,388,423,437,437,283,191,285,411,323,350,111,111,286,340,287,289,314,349,349,326,156,133
1627772,Daniel Hamilton,1610612737,ATL,23.0,19,101.4,101.8,101.8,109.6,106.7,106.7,-8.3,-4.9,-4.9,0.157,1.38,21.8,0.043,0.161,0.102,15.8,15.9,0.45,0.455,0.153,0.157,103.44,104.62,87.18,104.62,0.07,443,1.2,3.2,442,424,424,350,197,197,445,353,353,170,315,125,189,146,166,509,509,443,464,365,368,173,126,126,361,438,417
1628464,Daniel Theis,1610612738,BOS,27.0,66,110.5,110.0,110.0,103.3,102.6,102.6,7.2,7.4,7.4,0.108,2.06,16.9,0.088,0.145,0.116,8.2,8.2,0.598,0.624,0.15,0.155,102.22,102.84,85.7,102.84,0.095,1938,2.2,4.0,101,140,140,85,69,69,59,59,59,268,156,226,66,193,127,155,163,50,52,372,377,266,223,223,205,318,373
201568,Danilo Gallinari,1610612746,LAC,30.0,68,112.2,113.3,113.3,110.4,111.0,111.0,1.8,2.3,2.3,0.134,1.8,13.4,0.027,0.171,0.101,7.4,7.4,0.554,0.633,0.237,0.242,102.38,101.56,84.63,101.56,0.143,4360,6.0,13.0,67,52,52,387,399,399,174,159,159,206,214,326,281,130,169,103,102,131,39,78,82,251,309,309,41,63,63
201980,Danny Green,1610612761,TOR,32.0,80,117.0,117.7,117.7,102.6,104.3,104.3,14.4,13.4,13.4,0.073,1.68,14.8,0.028,0.107,0.07,8.8,8.8,0.622,0.632,0.139,0.141,102.14,100.98,84.15,100.98,0.079,4667,3.7,7.9,17,11,11,61,106,106,14,15,15,394,236,276,272,329,301,200,201,30,43,424,434,275,357,357,303,175,182
201967,Dante Cunningham,1610612759,SAS,32.0,64,104.0,103.7,103.7,111.3,111.9,111.9,-7.3,-8.2,-8.2,0.072,2.27,20.9,0.049,0.148,0.098,9.2,9.2,0.57,0.585,0.086,0.088,100.94,100.84,84.03,100.84,0.067,1945,1.2,2.5,372,375,375,418,432,432,418,443,443,399,125,136,166,185,178,234,237,91,129,523,523,363,371,371,381,445,466
203957,Danté Exum,1610612762,UTA,23.0,42,105.2,103.8,103.8,102.3,100.6,100.6,3.0,3.2,3.2,0.251,2.12,24.8,0.024,0.077,0.051,11.7,11.8,0.456,0.516,0.207,0.214,101.5,103.08,85.9,103.08,0.082,1427,2.4,5.7,333,371,371,54,47,47,141,138,138,58,150,86,304,455,439,398,405,438,366,151,148,320,206,206,287,299,275
1627863,Danuel House Jr.,1610612745,HOU,26.0,39,117.0,117.2,117.2,107.2,108.3,108.3,9.8,8.9,8.9,0.058,1.14,11.2,0.025,0.112,0.069,9.8,9.8,0.615,0.646,0.137,0.141,101.22,100.67,83.89,100.67,0.074,2046,3.0,6.5,16,13,13,226,263,263,34,36,36,446,387,393,299,304,310,282,281,38,26,431,435,342,384,384,338,221,241
203967,Dario Šarić,1610612750,MIN,25.0,81,108.3,108.7,108.7,109.6,110.7,110.7,-1.3,-2.0,-2.0,0.089,1.31,12.9,0.058,0.153,0.106,9.9,9.8,0.522,0.563,0.172,0.178,103.8,103.08,85.9,103.08,0.088,4353,3.8,8.6,187,187,187,345,386,386,266,295,295,332,335,342,144,164,153,289,287,231,199,269,266,153,205,205,247,169,159
203121,Darius Miller,1610612740,NOP,29.0,69,109.3,109.6,109.6,109.0,109.8,109.8,0.2,-0.2,-0.2,0.107,2.47,20.5,0.007,0.059,0.033,8.3,8.2,0.528,0.55,0.131,0.135,105.36,104.82,87.35,104.82,0.048,3850,2.7,7.0,156,156,156,314,345,345,214,235,235,277,90,146,495,499,509,164,157,202,252,449,450,94,113,113,464,252,214
201954,Darren Collison,1610612754,IND,31.0,76,108.0,109.6,109.6,106.4,107.4,107.4,1.6,2.2,2.2,0.302,3.67,34.5,0.017,0.089,0.054,9.4,9.4,0.527,0.574,0.176,0.178,100.14,98.95,82.46,98.95,0.114,4428,4.1,8.7,198,154,154,192,231,231,182,160,160,31,22,15,395,403,411,249,255,205,156,247,265,433,477,477,116,152,157
1629133,Daryl Macon,1610612742,DAL,23.0,8,103.0,102.7,102.7,106.0,104.7,104.7,-2.9,-2.1,-2.1,0.123,1.17,16.3,0.019,0.099,0.057,14.0,13.9,0.463,0.482,0.167,0.172,100.2,100.97,84.14,100.97,0.041,188,1.3,3.4,395,402,402,171,120,120,314,296,296,229,374,240,375,362,384,490,487,421,441,301,302,427,359,359,474,435,401
1628021,David Nwaba,1610612739,CLE,26.0,51,107.8,108.1,108.1,112.3,111.9,111.9,-4.5,-3.8,-3.8,0.077,1.86,14.1,0.039,0.128,0.082,7.6,7.6,0.527,0.558,0.141,0.145,98.42,98.51,82.09,98.51,0.071,2020,2.5,5.1,212,212,212,457,434,434,344,330,330,377,201,299,200,248,247,114,115,207,222,413,415,500,489,489,356,292,308
202722,Davis Bertans,1610612759,SAS,26.0,76,116.4,115.8,115.8,108.0,108.2,108.2,8.4,7.6,7.6,0.079,2.33,16.2,0.015,0.139,0.08,7.0,6.9,0.61,0.632,0.135,0.14,101.49,101.69,84.75,101.69,0.082,3454,2.7,6.0,19,23,23,265,259,259,42,56,56,370,109,243,426,214,256,85,84,40,44,437,436,321,303,303,289,264,267
1628432,Davon Reed,1610612754,IND,24.0,10,115.5,115.0,115.0,97.8,96.3,96.3,17.7,18.7,18.7,0.068,3.0,18.8,0.033,0.073,0.052,6.3,6.3,0.5,0.5,0.104,0.107,108.86,109.98,91.65,109.98,0.048,107,0.5,1.2,20,31,31,29,28,28,12,10,10,413,43,186,243,464,427,59,59,302,401,511,510,12,22,22,463,501,508
1628368,De'Aaron Fox,1610612758,SAC,21.0,81,109.1,110.0,110.0,107.6,109.1,109.1,1.5,0.9,0.9,0.322,2.6,28.1,0.015,0.095,0.054,10.8,10.8,0.497,0.544,0.238,0.242,106.75,105.57,87.97,105.57,0.119,5606,6.2,13.6,163,138,138,244,310,310,187,191,191,25,84,55,417,381,406,345,345,330,276,74,83,39,85,85,98,59,54
1629001,De'Anthony Melton,1610612756,PHX,21.0,50,105.5,105.8,105.8,112.2,113.7,113.7,-6.6,-7.9,-7.9,0.214,2.12,31.7,0.025,0.114,0.068,14.9,14.9,0.447,0.466,0.147,0.15,103.04,102.18,85.15,102.18,0.063,2093,2.0,5.1,319,304,304,453,479,479,404,434,434,94,149,30,298,290,313,502,502,450,456,399,399,200,270,270,398,341,309
201599,DeAndre Jordan,1610612752,NYK,30.0,69,103.6,105.1,105.1,109.2,110.1,110.1,-5.6,-5.1,-5.1,0.119,1.02,17.8,0.105,0.315,0.21,17.4,17.6,0.641,0.674,0.148,0.15,101.31,100.18,83.48,100.18,0.154,4274,4.1,6.5,383,333,333,322,356,356,381,361,361,239,411,210,32,6,9,515,515,19,15,382,401,333,413,413,30,146,240
1627761,DeAndre' Bembry,1610612737,ATL,24.0,82,104.2,104.5,104.5,109.4,109.4,109.4,-5.2,-5.0,-5.0,0.15,1.42,19.8,0.026,0.148,0.086,13.9,13.9,0.487,0.508,0.168,0.173,106.37,106.26,88.55,106.26,0.081,4268,3.4,7.5,359,357,357,337,323,323,365,355,355,180,304,163,291,184,228,489,486,359,383,294,296,53,59,59,293,196,190
201942,DeMar DeRozan,1610612759,SAS,29.0,77,110.3,110.9,110.9,108.9,110.9,110.9,1.4,0.0,0.0,0.277,2.39,21.9,0.02,0.147,0.085,9.2,9.1,0.483,0.542,0.277,0.283,99.49,98.32,81.93,98.32,0.135,5510,8.2,17.1,118,109,109,302,394,394,190,224,224,45,101,123,350,186,231,232,229,365,279,32,33,475,496,496,55,23,25
202326,DeMarcus Cousins,1610612744,GSW,28.0,30,110.6,111.0,111.0,104.9,106.5,106.5,5.7,4.5,4.5,0.206,1.49,17.5,0.059,0.232,0.153,11.8,11.7,0.515,0.562,0.281,0.286,103.56,102.56,85.47,102.56,0.139,1642,5.9,12.4,98,100,100,126,188,188,84,100,100,103,290,217,142,41,50,402,399,253,207,28,29,164,239,239,49,68,74
201960,DeMarre Carroll,1610612751,BKN,32.0,67,107.7,108.2,108.2,106.1,106.2,106.2,1.6,2.0,2.0,0.075,1.16,10.1,0.037,0.151,0.094,8.6,8.7,0.487,0.546,0.181,0.186,103.21,102.98,85.81,102.98,0.092,3644,3.4,8.6,215,209,209,179,176,176,180,163,163,386,379,428,210,174,185,189,193,360,268,222,226,191,215,215,221,194,160
1629152,DeVaughn Akoon-Purcell,1610612743,DEN,26.0,7,113.7,106.3,106.3,109.6,102.0,102.0,4.1,4.2,4.2,0.375,3.0,31.6,0.043,0.15,0.093,10.5,10.6,0.3,0.322,0.228,0.244,100.27,107.55,89.62,107.55,0.053,48,0.4,1.4,41,288,288,354,61,61,115,112,112,12,43,31,186,176,191,334,340,507,511,94,76,421,38,38,443,506,501
1629028,Deandre Ayton,1610612756,PHX,20.0,71,104.6,105.2,105.2,112.5,113.3,113.3,-8.0,-8.1,-8.1,0.094,0.99,10.4,0.101,0.24,0.169,10.5,10.5,0.585,0.608,0.21,0.213,102.01,101.34,84.45,101.34,0.139,4604,7.2,12.3,351,328,328,465,475,475,438,442,442,317,432,418,39,34,34,328,328,67,75,144,150,287,323,323,51,34,77
1626153,Delon Wright,1610612763,MEM,27.0,75,105.7,106.2,106.2,106.3,106.4,106.4,-0.5,-0.1,-0.1,0.217,3.22,26.1,0.037,0.113,0.074,8.1,8.1,0.478,0.523,0.172,0.176,101.6,101.3,84.42,101.3,0.109,3588,3.2,7.4,311,291,291,185,182,182,246,232,232,92,39,69,207,301,281,148,148,382,344,272,276,311,326,326,134,201,192
1627743,Demetrius Jackson,1610612755,PHI,24.0,6,106.2,103.3,103.3,115.5,118.2,118.2,-9.3,-14.8,-14.8,0.185,5.0,21.7,0.045,0.024,0.035,4.3,4.4,0.6,0.656,0.182,0.19,108.09,108.28,90.24,108.28,0.109,90,1.3,2.5,290,383,383,500,513,513,456,497,497,131,5,128,178,519,504,35,36,47,19,217,209,19,31,31,135,424,462
1629061,Deng Adel,1610612739,CLE,22.0,19,101.0,100.0,100.0,111.2,109.5,109.5,-10.2,-9.5,-9.5,0.038,0.83,10.2,0.014,0.089,0.048,12.2,12.3,0.389,0.424,0.097,0.1,95.45,96.66,80.55,96.66,0.018,394,0.6,1.9,449,448,448,413,329,329,465,458,458,501,460,422,432,408,452,429,433,482,480,518,517,522,525,525,508,498,487
203471,Dennis Schröder,1610612760,OKC,25.0,79,108.2,109.1,109.1,104.9,105.5,105.5,3.2,3.6,3.6,0.209,1.88,19.0,0.015,0.102,0.057,10.1,10.1,0.47,0.508,0.238,0.243,105.05,104.3,86.92,104.3,0.093,5021,5.8,14.0,192,173,173,130,145,145,135,129,129,100,197,181,425,349,392,308,308,403,382,75,80,108,148,148,214,74,50
1628372,Dennis Smith Jr.,1610612752,NYK,21.0,53,101.8,102.4,102.4,106.6,107.7,107.7,-4.8,-5.3,-5.3,0.278,1.64,22.4,0.02,0.075,0.048,13.7,13.7,0.479,0.502,0.242,0.248,102.1,101.3,84.42,101.3,0.084,3191,5.2,12.3,429,413,413,198,240,240,353,364,364,43,248,116,353,461,455,480,482,377,395,65,69,277,328,328,267,96,76
1629126,Deonte Burton,1610612760,OKC,25.0,32,99.5,96.9,96.9,93.1,92.6,92.6,6.3,4.3,4.3,0.057,1.0,8.7,0.014,0.09,0.051,8.7,8.5,0.451,0.47,0.159,0.168,102.34,103.95,86.63,103.95,0.043,522,1.0,2.6,474,483,483,17,20,20,74,109,109,449,415,459,434,401,440,190,183,442,450,335,316,257,166,166,468,456,460
202324,Derrick Favors,1610612762,UTA,27.0,76,107.3,106.3,106.3,101.9,101.6,101.6,5.4,4.6,4.6,0.079,1.06,10.0,0.115,0.188,0.152,9.4,9.4,0.6,0.624,0.188,0.194,101.75,102.36,85.3,102.36,0.142,3773,4.8,8.1,243,287,287,49,55,55,91,99,99,369,403,429,23,94,51,252,254,46,53,197,194,298,257,257,44,115,175
1627884,Derrick Jones Jr.,1610612748,MIA,22.0,60,103.0,103.8,103.8,104.3,105.0,105.0,-1.3,-1.2,-1.2,0.049,0.86,8.1,0.076,0.119,0.097,9.4,9.4,0.537,0.559,0.151,0.157,99.44,98.66,82.22,98.66,0.081,2374,2.7,5.4,397,370,370,108,127,127,267,264,264,478,456,473,101,277,180,253,251,177,218,368,365,478,486,486,295,268,292
201565,Derrick Rose,1610612750,MIN,30.0,51,110.3,111.5,111.5,109.8,110.8,110.8,0.6,0.7,0.7,0.244,2.68,19.6,0.022,0.07,0.046,7.3,7.3,0.518,0.557,0.261,0.269,104.64,103.61,86.34,103.61,0.128,3012,7.1,14.8,115,85,85,360,391,391,202,205,205,68,68,171,322,472,465,98,98,242,226,46,48,124,183,183,69,35,43
1628401,Derrick White,1610612759,SAS,24.0,67,112.6,111.9,111.9,105.8,107.1,107.1,6.7,4.8,4.8,0.206,2.71,27.5,0.022,0.116,0.072,10.1,10.1,0.523,0.555,0.178,0.181,99.01,98.72,82.27,98.72,0.096,3546,3.9,8.1,60,77,77,168,211,211,68,96,96,104,65,56,334,283,294,307,309,223,232,238,245,491,482,482,198,162,176
1626164,Devin Booker,1610612756,PHX,22.0,64,107.0,108.2,108.2,114.0,115.1,115.1,-7.1,-6.9,-6.9,0.327,1.64,20.2,0.017,0.099,0.058,12.3,12.3,0.521,0.584,0.32,0.327,103.24,102.17,85.14,102.17,0.134,4771,9.2,19.6,259,206,206,484,499,499,414,415,415,24,247,154,391,366,376,435,432,234,130,8,8,187,272,272,58,10,8
2734,Devin Harris,1610612742,DAL,36.0,68,105.8,105.7,105.7,109.8,109.9,109.9,-4.0,-4.2,-4.2,0.172,2.18,20.9,0.01,0.09,0.049,9.6,9.6,0.47,0.527,0.18,0.186,100.63,100.61,83.84,100.61,0.065,2244,1.9,5.1,306,309,309,364,351,351,338,336,336,154,140,140,476,397,449,263,268,404,332,226,222,386,391,391,389,352,311
1628421,Devin Robinson,1610612764,WAS,24.0,7,110.4,111.1,111.1,117.0,112.8,112.8,-6.6,-1.7,-1.7,0.095,3.0,13.0,0.058,0.143,0.099,4.3,4.3,0.594,0.616,0.176,0.179,100.34,101.82,84.85,101.82,0.112,198,2.7,4.6,112,96,96,505,457,457,402,281,281,314,43,335,146,202,175,35,35,56,63,245,261,409,296,296,119,258,338
1628984,Devonte' Graham,1610612766,CHA,24.0,46,105.0,104.5,104.5,112.1,111.8,111.8,-7.1,-7.3,-7.3,0.266,4.03,31.3,0.013,0.078,0.044,7.8,7.7,0.421,0.459,0.166,0.171,100.7,101.1,84.25,101.1,0.068,1426,1.6,4.7,339,355,355,450,430,430,415,420,420,48,12,33,443,452,479,129,128,466,459,307,304,381,343,343,378,393,333
203473,Dewayne Dedmon,1610612737,ATL,29.0,64,106.6,107.9,107.9,112.2,112.0,112.0,-5.6,-4.1,-4.1,0.079,1.07,12.1,0.063,0.229,0.145,11.3,11.2,0.571,0.602,0.166,0.17,104.38,103.89,86.58,103.89,0.107,3469,4.0,8.2,272,220,220,455,435,435,380,333,333,366,400,373,130,45,62,364,359,87,87,304,310,134,172,172,145,153,172
1627738,Deyonta Davis,1610612737,ATL,22.0,9,97.6,97.8,97.8,109.0,107.6,107.6,-11.4,-9.8,-9.8,0.063,1.67,14.3,0.063,0.193,0.122,8.6,8.7,0.682,0.682,0.099,0.1,107.17,107.81,89.84,107.81,0.108,268,1.7,2.4,488,478,478,316,236,236,474,462,462,433,238,285,129,89,111,186,195,10,11,516,518,31,35,35,141,380,468
1628415,Dillon Brooks,1610612763,MEM,23.0,18,106.2,104.9,104.9,106.8,106.5,106.5,-0.6,-1.6,-1.6,0.079,0.84,9.4,0.028,0.076,0.051,11.2,11.2,0.463,0.499,0.207,0.216,97.01,97.7,81.42,97.7,0.034,669,2.7,6.8,285,337,337,205,191,191,248,277,277,367,459,438,271,459,437,359,355,420,406,150,146,515,517,517,491,254,225
203079,Dion Waiters,1610612748,MIA,27.0,44,104.2,105.9,105.9,106.3,107.8,107.8,-2.2,-2.0,-2.0,0.164,1.89,17.7,0.006,0.094,0.049,9.4,9.4,0.528,0.53,0.213,0.217,99.3,97.84,81.54,97.84,0.083,2323,4.5,10.9,363,303,303,188,244,244,296,289,289,163,194,213,502,384,447,246,246,201,323,138,144,485,514,514,277,124,102
1717,Dirk Nowitzki,1610612742,DAL,41.0,51,105.3,104.8,104.8,110.8,109.7,109.7,-5.5,-4.8,-4.8,0.068,1.94,7.8,0.006,0.18,0.092,4.0,4.0,0.444,0.469,0.217,0.227,100.31,101.08,84.24,101.08,0.073,1682,2.6,7.4,328,343,343,403,338,338,376,352,352,416,180,477,504,109,195,32,31,452,452,122,113,414,346,346,349,272,195
1627734,Domantas Sabonis,1610612754,IND,23.0,74,107.4,108.8,108.8,103.0,103.6,103.6,4.4,5.2,5.2,0.18,1.33,17.8,0.099,0.269,0.184,13.4,13.3,0.596,0.63,0.226,0.233,100.28,99.33,82.78,99.33,0.162,3804,5.6,9.5,241,183,183,70,86,86,107,90,90,140,331,212,44,16,21,472,468,51,48,100,98,418,463,463,22,84,136
202700,Donatas Motiejunas,1610612759,SAS,28.0,3,74.1,67.9,67.9,130.4,129.6,129.6,-56.3,-61.8,-61.8,0.2,0.33,9.1,0.154,0.077,0.115,27.3,27.6,0.5,0.436,0.323,0.345,98.53,103.26,86.05,103.26,-0.12,28,1.0,2.0,525,522,522,525,525,525,527,527,527,110,495,448,3,454,128,527,527,302,476,7,6,498,197,197,529,458,479
1628378,Donovan Mitchell,1610612762,UTA,22.0,77,109.3,110.5,110.5,102.6,103.7,103.7,6.7,6.8,6.8,0.209,1.48,14.4,0.022,0.093,0.058,9.7,9.7,0.493,0.537,0.309,0.315,102.6,101.5,84.58,101.5,0.117,5493,8.6,19.9,153,121,121,63,90,90,70,66,66,99,292,284,326,387,374,272,276,338,295,12,13,234,312,312,105,17,6
1628978,Donte DiVincenzo,1610612749,MIL,22.0,27,111.1,111.0,111.0,99.6,98.4,98.4,11.4,12.6,12.6,0.102,1.63,17.3,0.036,0.099,0.069,10.6,10.6,0.492,0.507,0.145,0.148,106.06,106.79,88.99,106.79,0.062,911,1.9,4.6,87,104,104,36,35,35,23,16,16,289,251,220,217,363,306,340,343,344,387,403,409,64,51,51,405,359,336
1629055,Donte Grantham,1610612760,OKC,24.0,3,100.0,66.7,66.7,150.0,120.0,120.0,-50.0,-53.3,-53.3,0.0,0.0,0.0,0.0,0.0,0.0,0.0,0.0,0.0,0.0,0.333,0.5,78.96,108.57,90.47,108.57,-0.182,6,0.0,0.7,467,523,523,528,517,517,526,526,526,510,500,510,505,520,521,1,1,519,521,2,1,527,27,27,530,519,525
1627827,Dorian Finney-Smith,1610612742,DAL,26.0,81,106.0,106.8,106.8,107.9,108.7,108.7,-2.0,-1.9,-1.9,0.07,1.28,12.8,0.064,0.119,0.092,10.0,10.0,0.507,0.53,0.135,0.139,101.47,100.7,83.92,100.7,0.069,4160,2.8,6.5,296,258,258,258,282,282,287,286,286,401,340,348,126,275,200,299,300,280,321,436,440,323,381,381,363,245,237
203926,Doug McDermott,1610612754,IND,27.0,77,107.2,106.8,106.8,103.0,103.2,103.2,4.1,3.6,3.6,0.07,1.6,12.0,0.012,0.066,0.039,7.5,7.4,0.59,0.617,0.152,0.16,100.8,100.88,84.07,100.88,0.075,2830,2.7,5.5,250,259,259,73,78,78,113,128,128,404,263,374,458,483,492,113,107,62,58,366,356,374,366,366,334,263,286
1627733,Dragan Bender,1610612756,PHX,21.0,46,103.5,104.6,104.6,112.3,112.7,112.7,-8.8,-8.1,-8.1,0.094,1.51,17.9,0.04,0.168,0.105,11.9,11.8,0.503,0.521,0.13,0.132,104.02,103.3,86.08,103.3,0.066,1771,1.9,4.3,388,350,350,458,456,456,450,441,441,318,284,205,197,133,159,408,404,298,351,458,460,146,195,195,386,353,359
203110,Draymond Green,1610612744,GSW,29.0,66,115.5,115.8,115.8,104.2,105.0,105.0,11.2,10.7,10.7,0.261,2.69,41.9,0.031,0.18,0.112,15.6,15.6,0.501,0.526,0.128,0.131,104.1,103.58,86.32,103.58,0.098,4448,2.8,6.4,21,24,24,105,125,125,25,21,21,53,67,2,256,110,136,507,506,301,337,463,466,142,184,184,192,238,245
1629234,Drew Eubanks,1610612759,SAS,22.0,23,98.4,95.4,95.4,109.2,105.5,105.5,-10.8,-10.0,-10.0,0.1,0.88,14.9,0.056,0.214,0.143,17.0,17.1,0.577,0.646,0.148,0.155,98.11,101.37,84.47,101.37,0.111,241,0.7,1.1,483,495,495,323,140,140,471,467,467,297,451,273,150,59,71,513,512,77,25,389,373,505,319,319,124,493,512
1629130,Duncan Robinson,1610612748,MIA,25.0,15,96.7,98.0,98.0,108.8,108.8,108.8,-12.1,-10.9,-10.9,0.045,1.25,8.8,0.011,0.091,0.052,7.0,6.9,0.5,0.514,0.134,0.139,102.39,101.7,84.75,101.7,0.055,343,1.2,3.1,494,475,475,297,296,296,480,473,473,487,347,456,474,394,428,88,88,302,371,441,441,250,302,302,432,439,426
1628605,Dusty Hannahs,1610612763,MEM,25.0,2,90.5,91.2,91.2,104.7,108.8,108.8,-14.3,-17.5,-17.5,0.357,5.0,26.3,0.0,0.036,0.016,5.3,5.3,0.25,0.311,0.222,0.229,108.05,105.57,87.97,105.57,0.041,57,1.5,6.0,515,506,506,123,293,293,496,507,507,16,5,67,505,517,519,44,46,512,513,108,105,20,84,84,476,406,262
1628407,Dwayne Bacon,1610612766,CHA,23.0,43,110.6,111.2,111.2,112.3,113.2,113.2,-1.7,-2.0,-2.0,0.092,2.61,13.7,0.01,0.105,0.057,5.3,5.3,0.549,0.57,0.167,0.172,100.27,99.59,82.99,99.59,0.069,1578,2.8,6.0,96,92,92,456,469,469,278,290,290,325,78,314,478,340,389,44,44,151,174,299,301,420,445,445,369,239,265
2730,Dwight Howard,1610612764,WAS,33.0,9,102.7,104.7,104.7,111.5,113.6,113.6,-8.8,-8.9,-8.9,0.026,0.25,3.6,0.1,0.258,0.177,14.5,14.5,0.623,0.638,0.193,0.196,104.42,102.47,85.39,102.47,0.111,487,4.8,7.7,404,347,347,430,477,477,448,450,450,505,499,505,41,19,27,499,499,27,34,182,186,131,246,246,121,114,188
203939,Dwight Powell,1610612742,DAL,27.0,77,110.8,110.8,110.8,110.3,109.9,109.9,0.5,0.9,0.9,0.101,1.67,14.5,0.081,0.16,0.12,8.7,8.6,0.637,0.682,0.167,0.173,100.78,100.94,84.11,100.94,0.123,3488,3.8,6.3,93,110,110,385,348,348,210,192,192,294,237,281,87,150,116,193,187,21,13,297,292,376,361,361,83,168,251
2548,Dwyane Wade,1610612748,MIA,37.0,72,104.4,104.8,104.8,106.2,106.6,106.6,-1.8,-1.8,-1.8,0.264,1.81,19.7,0.033,0.106,0.069,10.8,10.9,0.478,0.51,0.269,0.276,101.76,101.36,84.47,101.36,0.115,3983,5.8,13.3,355,345,345,181,194,194,284,285,285,49,209,169,240,331,305,347,347,384,379,39,40,295,321,321,112,75,59
1629058,Dzanan Musa,1610612751,BKN,20.0,9,98.1,100.0,100.0,95.7,89.4,89.4,2.4,10.6,10.6,0.083,0.5,6.9,0.019,0.105,0.054,13.8,13.9,0.432,0.415,0.25,0.257,102.06,104.46,87.05,104.46,0.053,86,1.0,2.4,484,448,448,24,14,14,158,26,26,353,491,490,375,336,407,482,485,463,483,51,53,281,135,135,438,458,468
202734,E'Twaun Moore,1610612740,NOP,30.0,53,110.6,111.3,111.3,110.9,111.6,111.6,-0.2,-0.3,-0.3,0.093,1.73,14.2,0.023,0.058,0.041,8.2,8.2,0.553,0.567,0.17,0.174,104.69,104.07,86.73,104.07,0.067,3180,4.8,10.0,94,88,88,404,419,419,231,237,237,319,230,289,318,500,485,159,159,138,188,284,291,120,159,159,382,113,122
202334,Ed Davis,1610612751,BKN,30.0,81,105.7,106.5,106.5,102.0,102.2,102.2,3.7,4.3,4.3,0.064,0.95,12.2,0.135,0.307,0.22,12.8,12.8,0.616,0.632,0.125,0.128,101.37,100.93,84.11,100.93,0.139,3023,2.3,3.7,314,274,274,51,62,62,121,108,108,424,438,369,11,8,8,456,460,34,42,470,472,329,362,362,50,309,390
1628410,Edmond Sumner,1610612754,IND,23.0,23,99.3,99.6,99.6,107.3,107.3,107.3,-8.0,-7.8,-7.8,0.063,1.0,10.6,0.038,0.065,0.051,10.6,10.6,0.398,0.443,0.157,0.165,106.4,106.25,88.54,106.25,0.028,466,1.0,2.8,475,458,458,229,225,225,440,431,431,429,415,408,205,484,432,342,339,476,474,345,332,51,60,60,500,471,444
202327,Ekpe Udoh,1610612762,UTA,32.0,51,109.2,102.8,102.8,110.7,110.5,110.5,-1.5,-7.7,-7.7,0.131,2.15,22.0,0.09,0.189,0.142,10.2,10.3,0.694,0.698,0.128,0.137,102.4,105.52,87.93,105.52,0.125,705,1.0,1.4,160,397,397,399,380,380,274,426,426,213,146,120,59,92,74,314,319,7,7,462,444,249,87,87,79,469,503
203901,Elfrid Payton,1610612740,NOP,25.0,42,109.8,110.7,110.7,112.7,112.9,112.9,-2.9,-2.2,-2.2,0.318,2.86,36.5,0.037,0.129,0.083,12.8,12.8,0.475,0.502,0.177,0.181,106.74,106.18,88.48,106.18,0.098,2761,4.3,9.8,136,113,113,468,460,460,313,300,300,26,58,8,212,243,244,453,455,390,397,240,247,41,62,62,188,135,126
1629059,Elie Okobo,1610612756,PHX,21.0,53,101.0,101.1,101.1,111.5,111.1,111.1,-10.5,-9.9,-9.9,0.198,1.84,25.0,0.012,0.092,0.051,13.6,13.6,0.46,0.489,0.168,0.172,100.98,101.12,84.26,101.12,0.053,2013,2.2,5.5,450,437,437,432,400,400,470,463,463,119,204,79,461,393,438,477,479,428,425,292,300,357,341,341,441,326,287
1629150,Emanuel Terry,1610612748,MIA,22.0,3,113.0,117.6,117.6,109.5,112.0,112.0,3.5,5.6,5.6,0.125,1.0,15.4,0.143,0.235,0.184,15.4,15.7,0.571,0.571,0.183,0.185,110.1,106.64,88.86,106.64,0.116,51,1.3,2.3,54,12,12,339,436,436,129,81,81,222,415,260,5,37,19,504,507,86,169,212,228,11,54,54,107,424,470
1626144,Emmanuel Mudiay,1610612752,NYK,23.0,59,103.5,104.0,104.0,113.6,114.8,114.8,-10.1,-10.8,-10.8,0.242,1.63,19.2,0.019,0.098,0.057,11.8,11.8,0.493,0.531,0.248,0.254,102.24,101.46,84.55,101.46,0.098,3401,5.6,12.5,387,367,367,476,493,493,463,471,471,73,252,177,364,370,383,401,403,342,315,54,57,263,315,315,190,83,70
202683,Enes Freedom,1610612757,POR,27.0,67,104.4,106.4,106.4,112.2,112.6,112.6,-7.7,-6.2,-6.2,0.12,0.98,11.6,0.138,0.245,0.188,11.8,11.8,0.556,0.594,0.219,0.224,101.25,100.15,83.46,100.15,0.152,3431,5.6,10.2,354,277,277,454,454,454,431,390,390,238,433,386,8,29,16,405,401,124,100,119,123,339,416,416,32,82,117
202339,Eric Bledsoe,1610612749,MIL,29.0,78,114.1,115.3,115.3,103.1,104.2,104.2,11.0,11.1,11.1,0.26,2.61,25.8,0.035,0.108,0.074,9.9,9.9,0.548,0.577,0.225,0.229,105.58,104.43,87.03,104.43,0.125,4948,6.0,12.4,36,27,27,75,102,102,28,20,20,55,80,73,223,324,282,293,291,153,150,104,109,82,136,136,75,61,71
201569,Eric Gordon,1610612745,HOU,30.0,68,114.7,116.2,116.2,107.1,108.1,108.1,7.6,8.1,8.1,0.09,1.43,10.6,0.007,0.059,0.033,7.4,7.4,0.525,0.549,0.215,0.219,100.93,99.87,83.22,99.87,0.07,4483,5.6,13.8,28,20,20,221,256,256,51,48,48,330,301,412,493,496,510,100,101,218,255,131,139,364,429,429,360,80,52
203961,Eric Moreland,1610612761,TOR,27.0,5,86.4,83.7,83.7,101.5,105.6,105.6,-15.1,-21.9,-21.9,0.154,0.8,25.0,0.108,0.348,0.241,31.3,31.3,0.5,0.5,0.117,0.124,100.98,100.54,83.78,100.54,0.095,92,0.6,1.4,517,514,514,43,148,148,502,512,512,177,464,80,30,4,4,528,528,302,401,493,482,356,395,395,204,496,504
101141,Ersan Ilyasova,1610612749,MIL,32.0,67,111.0,111.2,111.2,102.3,101.5,101.5,8.7,9.7,9.7,0.056,1.08,10.1,0.071,0.151,0.112,9.3,9.3,0.514,0.548,0.151,0.155,104.68,105.02,87.52,105.02,0.071,2683,2.5,5.7,88,91,91,57,51,51,39,31,31,454,395,427,114,173,137,241,243,256,260,369,376,121,101,101,357,288,277
203095,Evan Fournier,1610612753,ORL,26.0,81,109.1,110.1,110.1,107.3,108.4,108.4,1.8,1.7,1.7,0.17,1.92,18.6,0.014,0.086,0.05,9.7,9.7,0.509,0.536,0.217,0.222,99.78,98.84,82.36,98.84,0.077,5259,5.8,13.2,162,135,135,228,269,269,172,173,173,155,186,189,427,423,443,273,271,271,298,123,126,453,479,479,319,75,61
202323,Evan Turner,1610612757,POR,30.0,73,109.7,110.4,110.4,109.2,109.1,109.1,0.5,1.3,1.3,0.242,2.48,31.9,0.022,0.167,0.096,12.8,12.9,0.473,0.504,0.158,0.161,100.98,100.7,83.91,100.7,0.099,3362,2.8,6.1,143,125,125,324,309,309,208,184,184,71,88,29,329,135,181,460,462,395,389,341,347,358,382,382,183,246,259
1628402,Frank Jackson,1610612740,NOP,21.0,61,106.2,106.3,106.3,111.5,111.3,111.3,-5.3,-5.0,-5.0,0.08,1.44,11.6,0.019,0.085,0.052,8.1,8.1,0.493,0.517,0.178,0.183,107.36,107.41,89.51,107.41,0.059,2614,3.2,7.3,284,285,285,429,410,410,370,358,358,364,300,387,359,429,423,143,144,339,364,234,238,30,39,39,412,208,197
1626163,Frank Kaminsky,1610612766,CHA,26.0,47,108.7,109.9,109.9,110.2,109.1,109.1,-1.5,0.9,0.9,0.129,1.54,14.1,0.048,0.164,0.104,9.2,9.1,0.547,0.587,0.216,0.221,100.4,100.36,83.64,100.36,0.106,1591,2.9,6.3,171,145,145,379,307,307,273,196,196,217,272,297,169,141,161,233,231,155,122,126,129,404,406,406,146,229,250
1628412,Frank Mason III,1610612758,SAC,25.0,38,101.4,99.5,99.5,114.2,114.0,114.0,-12.8,-14.5,-14.5,0.28,2.33,26.8,0.013,0.083,0.047,11.5,11.5,0.462,0.502,0.213,0.221,106.52,107.58,89.65,107.58,0.085,974,1.9,4.4,444,461,461,487,483,483,484,496,496,42,108,63,454,433,462,380,373,424,394,140,132,48,37,37,262,355,345
1628373,Frank Ntilikina,1610612752,NYK,20.0,43,101.8,102.0,102.0,110.0,110.6,110.6,-8.2,-8.5,-8.5,0.195,2.16,25.6,0.012,0.08,0.045,11.8,11.9,0.395,0.417,0.163,0.167,102.32,101.94,84.95,101.94,0.039,1909,2.2,6.6,427,419,419,370,381,381,444,446,446,120,143,75,465,443,474,406,408,478,482,318,324,259,283,283,479,319,236
1627832,Fred VanVleet,1610612761,TOR,25.0,64,112.4,113.1,113.1,103.8,105.0,105.0,8.6,8.1,8.1,0.243,3.74,29.6,0.012,0.078,0.046,7.9,7.9,0.503,0.539,0.177,0.182,100.77,99.87,83.23,99.87,0.095,3663,3.8,9.4,62,53,53,98,126,126,40,47,47,69,18,46,463,449,466,133,135,296,286,241,242,378,427,427,203,164,141
1627788,Furkan Korkmaz,1610612755,PHI,21.0,48,113.2,110.7,110.7,107.3,107.0,107.0,6.0,3.7,3.7,0.107,2.08,15.3,0.023,0.13,0.077,7.4,7.3,0.496,0.528,0.174,0.181,103.5,104.84,87.36,104.84,0.079,1486,2.0,5.1,48,114,114,227,205,205,80,124,124,274,154,266,308,241,265,99,99,334,330,261,243,168,111,111,306,339,310
202066,Garrett Temple,1610612746,LAC,33.0,75,104.5,105.2,105.2,105.8,106.8,106.8,-1.3,-1.6,-1.6,0.075,1.51,14.9,0.014,0.092,0.053,9.8,9.8,0.513,0.543,0.131,0.134,100.0,99.19,82.66,99.19,0.052,4210,2.8,6.6,353,330,330,164,202,202,268,279,279,385,281,275,436,391,415,283,282,258,278,447,454,443,469,469,448,247,234
1629109,Gary Clark,1610612745,HOU,24.0,51,110.0,111.8,111.8,109.8,109.8,109.8,0.2,2.0,2.0,0.04,2.57,10.1,0.035,0.144,0.087,3.9,3.9,0.467,0.48,0.106,0.108,100.54,99.73,83.11,99.73,0.061,1331,1.0,3.0,124,79,79,363,346,346,216,164,164,498,86,425,232,198,221,30,30,411,444,506,509,390,435,435,408,469,436
203914,Gary Harris,1610612743,DEN,24.0,57,109.9,111.6,111.6,104.3,105.3,105.3,5.7,6.2,6.2,0.11,1.87,14.2,0.024,0.07,0.047,7.6,7.6,0.488,0.526,0.195,0.198,100.65,99.4,82.83,99.4,0.076,3401,4.7,11.2,130,84,84,107,137,137,87,74,74,265,199,291,306,471,461,115,119,355,335,177,182,385,458,458,325,117,96
1627780,Gary Payton II,1610612764,WAS,26.0,3,124.9,117.9,117.9,94.5,92.1,92.1,30.4,25.8,25.8,0.333,4.0,30.8,0.067,0.05,0.057,7.7,7.7,0.688,0.688,0.214,0.226,111.4,116.1,96.75,116.1,0.212,39,1.7,2.7,7,10,10,22,18,18,5,6,6,18,14,36,119,507,386,120,123,9,10,134,118,5,5,5,8,380,451
1629018,Gary Trent Jr.,1610612757,POR,20.0,15,114.7,110.3,110.3,115.2,115.1,115.1,-0.5,-4.7,-4.7,0.057,1.25,8.1,0.01,0.08,0.048,6.5,6.4,0.37,0.377,0.213,0.225,102.36,104.42,87.02,104.42,0.023,242,1.1,3.3,30,129,129,498,498,498,244,351,351,450,347,475,479,442,451,67,67,489,497,136,121,254,138,138,505,454,405
201588,George Hill,1610612749,MIL,33.0,60,108.7,108.9,108.9,103.0,103.3,103.3,5.7,5.6,5.6,0.146,2.65,22.7,0.028,0.075,0.052,8.6,8.5,0.516,0.554,0.147,0.152,102.17,101.93,84.94,101.93,0.079,2760,2.8,6.3,173,179,179,74,79,79,86,82,82,188,73,115,267,460,421,184,180,249,239,395,385,271,285,285,301,240,253
1628994,George King,1610612756,PHX,25.0,1,110.3,100.0,100.0,167.7,175.0,175.0,-57.4,-75.0,-75.0,0.0,0.0,0.0,0.0,0.25,0.091,0.0,0.0,0.0,0.0,0.0,0.0,95.19,97.63,81.36,97.63,0.032,12,0.0,0.0,117,448,448,529,530,530,528,529,529,510,500,510,505,23,204,1,1,519,521,527,527,523,519,519,495,519,527
1627777,Georges Niang,1610612762,UTA,26.0,59,107.6,103.9,103.9,109.7,111.6,111.6,-2.1,-7.7,-7.7,0.107,1.52,14.2,0.022,0.135,0.081,9.3,9.2,0.594,0.613,0.17,0.181,103.57,104.39,87.0,104.39,0.09,1120,1.5,3.1,224,368,368,355,424,424,289,427,427,272,277,293,333,224,249,240,235,55,66,280,244,162,141,141,230,411,425
101123,Gerald Green,1610612745,HOU,33.0,73,113.4,114.0,114.0,109.5,109.3,109.3,4.0,4.6,4.6,0.041,0.73,5.7,0.019,0.1,0.059,7.9,7.8,0.535,0.555,0.19,0.196,100.79,100.58,83.82,100.58,0.066,3081,3.2,7.9,44,40,40,338,322,322,116,98,98,495,472,496,360,356,369,132,131,183,231,193,185,375,393,393,385,211,181
203507,Giannis Antetokounmpo,1610612749,MIL,24.0,72,113.3,114.3,114.3,101.6,101.8,101.8,11.8,12.5,12.5,0.294,1.58,19.0,0.066,0.273,0.176,12.0,12.0,0.599,0.644,0.314,0.322,105.87,105.27,87.73,105.27,0.218,5174,10.0,17.3,46,36,36,45,58,58,21,17,17,34,267,180,120,14,29,419,422,48,29,9,9,70,93,93,7,3,21
203922,Glenn Robinson III,1610612765,DET,25.0,47,101.7,102.3,102.3,103.3,103.1,103.1,-1.7,-0.8,-0.8,0.053,1.17,9.0,0.026,0.089,0.056,7.7,7.7,0.472,0.511,0.146,0.149,99.6,99.4,82.84,99.4,0.058,1263,1.6,3.7,432,414,414,86,75,75,276,255,255,464,374,449,288,406,394,126,127,399,376,401,405,464,457,457,414,397,389
201609,Goran Dragic,1610612748,MIA,33.0,36,106.8,108.3,108.3,106.3,107.0,107.0,0.5,1.3,1.3,0.259,2.45,24.2,0.019,0.087,0.052,9.9,9.8,0.479,0.517,0.224,0.23,103.53,102.52,85.43,102.52,0.096,2122,5.0,12.0,265,203,203,187,207,207,207,182,182,56,94,92,373,416,422,290,285,378,363,105,103,166,243,243,199,107,84
202330,Gordon Hayward,1610612738,BOS,29.0,72,110.5,110.3,110.3,105.8,105.2,105.2,4.8,5.1,5.1,0.185,2.32,22.9,0.026,0.141,0.083,9.8,9.8,0.527,0.575,0.183,0.188,102.27,102.63,85.52,102.63,0.114,3988,4.1,8.8,103,128,128,163,132,132,103,91,91,132,111,111,289,212,243,285,288,206,154,214,215,261,234,234,115,147,149
203476,Gorgui Dieng,1610612750,MIN,29.0,76,106.2,105.2,105.2,111.3,109.0,109.0,-5.1,-3.8,-3.8,0.106,1.26,13.0,0.072,0.225,0.145,10.3,10.3,0.527,0.572,0.194,0.201,102.08,103.64,86.36,103.64,0.118,2211,2.5,5.0,286,329,329,419,303,303,363,329,329,279,345,339,110,48,63,318,322,209,163,181,178,280,182,182,100,291,320
1628960,Grayson Allen,1610612762,UTA,23.0,38,102.6,99.6,99.6,113.1,113.2,113.2,-10.4,-13.6,-13.6,0.102,0.76,9.5,0.007,0.047,0.027,12.5,12.6,0.466,0.516,0.238,0.248,102.26,103.77,86.48,103.77,0.037,903,1.8,4.7,410,459,459,471,468,468,469,491,491,290,469,437,498,510,513,444,445,414,368,76,67,262,179,179,484,367,334
202328,Greg Monroe,1610612755,PHI,29.0,43,100.0,100.1,100.1,106.9,106.7,106.7,-6.9,-6.6,-6.6,0.079,0.75,8.7,0.119,0.218,0.165,11.6,11.6,0.489,0.521,0.211,0.217,103.8,103.87,86.56,103.87,0.106,1037,2.1,4.4,466,447,447,213,198,198,408,408,408,367,470,458,19,53,35,384,385,352,350,141,143,152,175,175,147,327,350
1627824,Guerschon Yabusele,1610612738,BOS,23.0,41,106.0,102.4,102.4,106.8,106.0,106.0,-0.8,-3.6,-3.6,0.088,1.0,12.8,0.084,0.104,0.094,12.8,12.9,0.513,0.542,0.168,0.177,100.38,102.49,85.41,102.49,0.068,536,0.9,1.9,295,412,412,206,166,166,252,322,322,336,415,346,79,344,187,458,461,259,280,293,274,405,245,245,376,480,488
1628977,Hamidou Diallo,1610612760,OKC,20.0,51,103.7,103.5,103.5,109.3,110.3,110.3,-5.6,-6.8,-6.8,0.044,0.74,7.4,0.065,0.11,0.086,10.0,10.0,0.467,0.497,0.16,0.165,104.46,104.11,86.76,104.11,0.049,1142,1.5,3.2,380,379,379,333,366,366,382,410,410,489,471,486,123,312,225,298,299,412,408,327,334,129,156,156,457,410,414
203084,Harrison Barnes,1610612758,SAC,27.0,77,106.9,108.0,108.0,107.9,109.4,109.4,-1.1,-1.5,-1.5,0.069,1.17,8.5,0.021,0.111,0.066,7.3,7.2,0.504,0.55,0.202,0.208,103.47,102.22,85.19,102.22,0.088,5405,5.6,13.3,262,215,215,259,324,324,255,273,273,406,373,463,341,307,323,94,92,290,250,160,162,170,267,267,241,81,58
1628385,Harry Giles III,1610612758,SAC,21.0,58,105.8,104.1,104.1,108.5,109.1,109.1,-2.8,-5.0,-5.0,0.155,1.16,15.5,0.076,0.171,0.125,13.3,13.4,0.503,0.526,0.227,0.235,106.02,106.54,88.78,106.54,0.09,1813,3.0,6.0,307,364,364,286,314,314,311,357,357,172,379,259,100,129,104,468,470,297,339,96,97,65,56,56,228,223,262
202355,Hassan Whiteside,1610612748,MIA,30.0,72,105.1,107.0,107.0,104.6,106.2,106.2,0.4,0.7,0.7,0.054,0.58,6.0,0.139,0.305,0.222,10.4,10.3,0.572,0.564,0.215,0.222,100.99,99.34,82.78,99.34,0.162,3462,5.4,9.4,336,255,255,119,178,178,211,200,200,463,488,494,7,9,7,325,323,85,196,128,127,355,462,462,23,91,138
1629312,Haywood Highsmith,1610612755,PHI,22.0,5,102.6,103.4,103.4,129.3,131.0,131.0,-26.6,-27.6,-27.6,0.067,2.0,14.3,0.0,0.143,0.06,7.1,7.2,0.45,0.414,0.115,0.117,106.71,105.57,87.98,105.57,0.038,88,0.8,2.0,412,382,382,524,526,526,520,521,521,420,161,285,505,202,361,91,93,443,485,497,500,42,82,82,481,484,479
1627740,Henry Ellenson,1610612752,NYK,22.0,19,104.3,104.0,104.0,106.5,104.7,104.7,-2.3,-0.7,-0.7,0.096,1.78,12.4,0.018,0.214,0.117,7.0,6.9,0.5,0.538,0.186,0.194,100.52,101.52,84.6,101.52,0.102,545,2.1,5.0,357,366,366,195,118,118,299,253,253,310,219,361,381,58,122,86,83,302,290,201,196,392,311,311,173,338,317
203546,Ian Clark,1610612740,NOP,28.0,60,105.9,106.2,106.2,109.6,109.6,109.6,-3.7,-3.4,-3.4,0.132,1.62,17.2,0.012,0.071,0.042,10.6,10.5,0.48,0.502,0.185,0.191,106.26,106.16,88.47,106.16,0.052,2159,2.5,6.4,299,292,292,352,331,331,332,317,317,210,256,222,462,467,481,339,334,371,396,207,204,58,63,63,446,285,247
101133,Ian Mahinmi,1610612764,WAS,32.0,34,101.5,102.1,102.1,104.1,105.3,105.3,-2.6,-3.2,-3.2,0.073,1.19,14.1,0.088,0.161,0.123,11.9,11.9,0.466,0.531,0.128,0.131,101.51,100.63,83.85,100.63,0.068,1043,1.4,3.1,439,417,417,103,133,133,307,314,314,393,365,298,65,145,110,410,411,413,314,464,465,319,387,387,379,422,427
1628387,Ike Anigbogu,1610612754,IND,20.0,3,84.6,78.6,78.6,109.4,92.9,92.9,-24.8,-14.3,-14.3,0.2,1.0,20.0,0.143,0.25,0.2,20.0,20.0,0.0,0.0,0.267,0.286,97.09,109.27,91.06,109.27,0.0,14,0.0,1.0,518,518,518,335,21,21,519,494,494,110,415,157,5,23,11,519,520,519,521,41,30,514,24,24,516,519,515
202697,Iman Shumpert,1610612745,HOU,29.0,62,108.1,109.1,109.1,109.3,110.5,110.5,-1.2,-1.4,-1.4,0.098,2.24,17.8,0.016,0.101,0.057,8.0,8.0,0.481,0.499,0.143,0.145,104.88,103.82,86.52,103.82,0.057,3202,2.7,7.2,196,175,175,330,376,376,264,270,270,304,132,207,406,352,385,136,138,370,407,408,417,112,177,177,415,262,203
1629067,Isaac Bonga,1610612747,LAL,19.0,22,97.0,96.6,96.6,92.2,89.6,89.6,4.8,7.0,7.0,0.163,2.5,24.6,0.064,0.113,0.089,9.8,9.9,0.152,0.24,0.151,0.157,105.01,106.78,88.98,106.78,0.039,264,0.2,1.5,490,486,486,14,15,15,102,63,63,164,87,90,128,293,211,284,294,518,517,370,367,109,52,52,477,518,494
1629353,Isaac Humphries,1610612737,ATL,21.0,5,96.8,97.7,97.7,114.2,114.7,114.7,-17.4,-17.1,-17.1,0.0,0.0,0.0,0.055,0.123,0.085,0.0,0.0,0.357,0.357,0.142,0.145,110.47,109.72,91.44,109.72,0.012,129,1.2,4.2,493,479,479,488,491,491,510,504,504,510,500,510,154,264,233,1,1,494,504,411,420,8,23,23,513,439,363
1628515,Isaiah Briscoe,1610612753,ORL,23.0,39,102.7,102.8,102.8,100.2,100.9,100.9,2.4,2.0,2.0,0.226,2.81,32.6,0.008,0.111,0.06,11.6,11.6,0.438,0.455,0.139,0.142,100.5,100.12,83.44,100.12,0.057,1165,1.4,3.5,406,398,398,37,49,49,155,161,161,83,60,27,485,308,356,391,388,454,463,427,432,395,419,419,416,417,395
203477,Isaiah Canaan,1610612749,MIL,28.0,30,102.4,102.5,102.5,115.2,114.9,114.9,-12.8,-12.3,-12.3,0.194,2.4,28.7,0.01,0.086,0.047,11.9,11.9,0.494,0.518,0.147,0.15,99.64,99.68,83.07,99.68,0.057,1298,2.1,5.5,416,406,406,497,495,495,486,481,481,121,99,50,481,425,457,415,416,337,359,396,400,461,440,440,420,328,288
1628392,Isaiah Hartenstein,1610612745,HOU,21.0,28,112.3,113.0,113.0,104.4,103.4,103.4,7.9,9.6,9.6,0.1,1.15,20.0,0.089,0.118,0.103,17.3,17.3,0.512,0.562,0.112,0.116,102.2,102.4,85.33,102.4,0.031,469,0.7,1.5,65,55,55,113,81,81,46,32,32,297,381,157,63,279,165,514,513,261,206,501,502,268,252,252,496,487,499
1628439,Isaiah Hicks,1610612752,NYK,24.0,3,102.2,100.0,100.0,104.3,104.5,104.5,-2.1,-4.5,-4.5,0.118,2.0,15.4,0.059,0.147,0.103,7.7,7.6,0.5,0.588,0.153,0.161,97.77,98.72,82.27,98.72,0.104,67,1.3,2.7,419,448,448,109,113,113,292,345,345,246,161,260,139,187,164,120,114,302,116,362,349,509,483,483,156,424,451
202738,Isaiah Thomas,1610612743,DEN,30.0,12,99.7,99.0,99.0,105.0,104.5,104.5,-5.3,-5.5,-5.5,0.198,1.28,15.1,0.023,0.04,0.031,11.8,11.9,0.404,0.437,0.274,0.284,106.36,107.0,89.17,107.0,0.039,403,2.8,8.3,472,469,469,132,110,110,368,370,370,118,342,267,313,514,511,407,407,474,475,36,31,55,44,44,478,240,171
202397,Ish Smith,1610612765,DET,30.0,56,110.2,110.8,110.8,106.9,108.1,108.1,3.3,2.7,2.7,0.243,3.33,26.0,0.017,0.097,0.055,7.8,7.8,0.464,0.485,0.193,0.198,99.52,98.67,82.22,98.67,0.086,2578,3.7,8.7,120,112,112,211,258,258,134,150,150,70,32,70,401,372,403,130,130,418,433,183,183,473,485,485,252,176,153
1628397,Ivan Rabb,1610612763,MEM,22.0,49,103.5,103.3,103.3,109.7,109.5,109.5,-6.2,-6.2,-6.2,0.123,1.54,16.3,0.097,0.197,0.146,10.6,10.6,0.554,0.586,0.166,0.171,98.36,98.51,82.09,98.51,0.106,1478,2.4,4.3,390,385,385,357,327,327,394,395,395,226,270,239,46,82,60,338,338,130,125,309,307,501,490,490,151,304,357
1627826,Ivica Zubac,1610612746,LAC,22.0,59,106.6,106.5,106.5,104.0,104.7,104.7,2.6,1.8,1.8,0.093,0.9,11.1,0.108,0.216,0.164,12.3,12.3,0.559,0.604,0.199,0.204,104.7,104.36,86.97,104.36,0.127,2260,3.6,6.4,273,269,269,101,119,119,148,169,169,322,446,397,29,57,37,434,436,111,81,166,167,119,143,143,73,182,243
200826,J.J. Barea,1610612742,DAL,35.0,38,108.3,109.5,109.5,105.6,106.3,106.3,2.8,3.2,3.2,0.454,2.93,30.2,0.016,0.106,0.06,10.3,10.3,0.468,0.495,0.263,0.272,103.64,102.73,85.61,102.73,0.131,1612,4.2,10.1,185,160,160,153,180,180,147,140,140,3,55,42,409,334,367,319,317,410,413,44,46,160,229,229,63,137,119
1629122,J.P. Macura,1610612766,CHA,24.0,2,98.5,89.5,89.5,91.2,91.7,91.7,7.3,-2.2,-2.2,0.2,0.0,18.2,0.0,0.143,0.073,0.0,0.0,0.333,0.333,0.209,0.228,100.83,105.5,87.92,105.5,0.083,38,1.5,4.5,481,509,509,13,17,17,55,299,299,110,500,200,505,202,286,1,1,499,507,146,112,371,89,89,271,406,339
200755,JJ Redick,1610612755,PHI,35.0,76,110.5,110.3,110.3,105.2,104.7,104.7,5.3,5.6,5.6,0.129,2.04,14.4,0.008,0.062,0.036,7.1,7.0,0.557,0.602,0.209,0.217,104.77,105.13,87.61,105.13,0.099,5218,5.9,13.5,102,131,131,140,115,115,92,83,83,216,159,283,486,492,500,89,89,120,84,147,145,116,99,99,181,67,55
2747,JR Smith,1610612739,CLE,33.0,11,102.8,101.5,101.5,103.9,104.9,104.9,-1.1,-3.4,-3.4,0.133,1.91,18.3,0.0,0.08,0.039,9.6,9.5,0.418,0.444,0.176,0.183,101.7,101.9,84.92,101.9,0.051,473,2.5,7.2,403,430,430,100,122,122,258,318,318,208,188,196,505,444,493,261,262,470,472,246,236,300,288,288,454,295,204
203960,JaKarr Sampson,1610612741,CHI,26.0,4,105.5,107.3,107.3,107.7,109.6,109.6,-2.1,-2.3,-2.3,0.052,1.0,5.6,0.037,0.196,0.117,5.6,5.6,0.583,0.633,0.234,0.236,99.94,98.25,81.88,98.25,0.162,260,7.3,13.5,316,242,242,246,333,333,294,303,303,466,415,497,211,84,123,50,51,69,40,83,93,447,499,499,24,33,56
203210,JaMychal Green,1610612746,LAC,29.0,65,102.7,103.3,103.3,109.6,109.1,109.1,-6.9,-5.8,-5.8,0.058,0.57,7.6,0.071,0.218,0.143,13.2,13.2,0.558,0.587,0.185,0.19,101.96,101.9,84.91,101.9,0.103,2888,3.5,7.3,407,386,386,347,308,308,409,379,379,447,489,482,113,52,69,466,466,115,121,205,208,288,290,290,170,184,198
201580,JaVale McGee,1610612747,LAL,31.0,75,105.6,106.7,106.7,110.5,111.1,111.1,-4.9,-4.4,-4.4,0.045,0.48,6.0,0.112,0.203,0.159,12.5,12.4,0.625,0.634,0.197,0.201,105.69,104.87,87.39,104.87,0.127,3651,5.3,8.5,315,263,263,393,402,402,359,340,340,485,492,495,25,73,39,443,439,26,38,171,177,76,109,109,71,95,162
203953,Jabari Parker,1610612764,WAS,24.0,64,104.4,104.6,104.6,110.3,110.8,110.8,-6.0,-6.2,-6.2,0.14,1.01,13.5,0.045,0.187,0.117,13.4,13.3,0.533,0.56,0.236,0.244,103.21,102.85,85.71,102.85,0.111,3706,5.8,11.7,356,351,351,386,390,390,388,393,393,199,414,325,183,97,121,471,467,187,215,80,78,192,221,221,125,77,88
1628980,Jacob Evans,1610612744,GSW,22.0,30,100.8,99.8,99.8,108.3,105.9,105.9,-7.5,-6.2,-6.2,0.15,2.09,26.4,0.029,0.084,0.057,12.6,12.6,0.377,0.374,0.134,0.139,100.43,102.08,85.07,102.08,0.021,429,0.6,1.8,455,457,457,279,164,164,425,392,392,179,152,66,266,431,382,447,446,485,500,439,437,401,275,275,506,496,491
203109,Jae Crowder,1610612762,UTA,28.0,80,109.4,109.7,109.7,104.9,105.3,105.3,4.5,4.4,4.4,0.09,1.56,12.1,0.027,0.139,0.083,7.7,7.7,0.508,0.538,0.183,0.189,103.27,102.94,85.78,102.94,0.086,4656,4.0,10.0,148,152,152,129,136,136,106,106,106,327,268,371,284,217,239,127,126,276,289,211,212,185,216,216,251,155,123
1626143,Jahlil Okafor,1610612740,NOP,23.0,59,105.5,106.0,106.0,112.1,111.5,111.5,-6.6,-5.5,-5.5,0.064,0.77,8.2,0.084,0.196,0.14,10.7,10.5,0.587,0.603,0.198,0.205,103.72,103.79,86.5,103.79,0.115,2018,3.6,6.1,322,298,298,452,414,414,405,371,371,423,467,471,81,85,78,343,336,64,83,168,166,157,178,178,110,182,257
1627774,Jake Layman,1610612757,POR,25.0,71,110.4,110.8,110.8,108.7,108.9,108.9,1.7,2.0,2.0,0.056,1.15,9.6,0.041,0.115,0.079,8.3,8.3,0.579,0.594,0.156,0.16,101.27,100.98,84.15,100.98,0.082,2799,3.0,6.0,110,111,111,291,299,299,178,165,165,455,383,432,195,284,261,168,168,75,101,348,353,337,358,358,290,219,266
1627751,Jakob Poeltl,1610612759,SAS,23.0,77,110.9,110.0,110.0,106.0,106.1,106.1,4.9,3.9,3.9,0.099,1.94,19.8,0.136,0.171,0.154,10.2,10.2,0.645,0.64,0.125,0.129,100.51,100.91,84.09,100.91,0.11,2668,2.4,3.8,90,143,143,174,171,171,100,118,118,301,181,164,10,126,48,311,312,18,32,473,470,394,364,364,129,297,388
1628973,Jalen Brunson,1610612742,DAL,22.0,73,106.9,107.7,107.7,109.8,110.4,110.4,-2.9,-2.8,-2.8,0.223,2.61,24.6,0.015,0.087,0.05,9.4,9.4,0.523,0.549,0.186,0.19,101.06,100.42,83.68,100.42,0.088,3333,3.6,7.7,260,227,227,366,373,373,315,311,311,88,77,91,422,414,442,250,253,224,256,199,206,351,399,399,245,180,184
1627883,Jalen Jones,1610612739,CLE,26.0,16,108.2,105.7,105.7,112.5,112.5,112.5,-4.3,-6.7,-6.7,0.05,0.88,7.8,0.05,0.113,0.08,8.9,9.0,0.5,0.548,0.162,0.168,100.05,101.21,84.34,101.21,0.054,454,1.6,3.9,191,311,311,461,452,452,340,409,409,475,451,478,162,299,252,205,216,302,257,319,319,440,336,336,434,389,384
2037,Jamal Crawford,1610612756,PHX,39.0,64,101.0,101.4,101.4,115.4,116.5,116.5,-14.4,-15.1,-15.1,0.283,2.31,28.3,0.006,0.061,0.034,12.2,12.2,0.474,0.522,0.198,0.205,104.74,103.99,86.66,103.99,0.083,2632,2.7,6.8,451,431,431,499,507,507,497,500,500,40,115,53,501,494,507,428,428,393,347,169,165,117,164,164,278,257,224
1627750,Jamal Murray,1610612743,DEN,22.0,75,111.4,112.8,112.8,107.8,108.0,108.0,3.5,4.8,4.8,0.22,2.3,20.5,0.026,0.101,0.063,8.9,8.8,0.502,0.538,0.241,0.249,100.2,99.49,82.91,99.49,0.108,5074,6.8,15.6,77,58,58,253,253,253,128,97,97,91,121,147,290,353,338,207,199,299,291,68,65,426,452,452,144,44,33
203516,James Ennis III,1610612755,PHI,28.0,58,110.0,110.5,110.5,109.5,109.8,109.8,0.5,0.7,0.7,0.047,1.21,10.1,0.048,0.099,0.074,8.4,8.4,0.563,0.59,0.125,0.127,101.37,101.02,84.19,101.02,0.056,2576,2.4,5.1,125,119,119,344,344,344,206,201,201,480,357,426,170,360,283,172,175,101,110,471,474,330,352,352,424,302,314
201935,James Harden,1610612745,HOU,29.0,78,114.4,116.6,116.6,108.7,110.3,110.3,5.7,6.3,6.3,0.394,1.51,18.2,0.023,0.157,0.089,12.0,11.9,0.541,0.616,0.396,0.406,99.71,98.06,81.72,98.06,0.201,5851,10.8,24.5,32,16,16,293,372,372,82,72,72,6,283,198,317,156,208,421,410,170,60,1,4,456,508,508,9,1,1
201949,James Johnson,1610612748,MIA,32.0,55,102.7,103.2,103.2,106.7,107.9,107.9,-4.0,-4.6,-4.6,0.167,1.82,21.8,0.018,0.123,0.071,12.0,12.0,0.499,0.522,0.177,0.181,99.95,99.11,82.59,99.11,0.079,2406,3.0,6.9,409,389,389,201,248,248,337,348,348,158,208,124,382,265,298,417,421,321,346,242,248,446,473,473,307,226,221
203263,James Nunnally,1610612745,HOU,28.0,15,112.5,111.0,111.0,125.4,122.0,122.0,-12.8,-11.0,-11.0,0.097,7.0,16.3,0.0,0.053,0.025,2.3,2.3,0.471,0.503,0.153,0.161,101.03,103.1,85.92,103.1,0.035,218,0.8,2.3,61,101,101,521,520,520,485,474,474,308,1,240,505,505,515,25,25,402,393,364,346,354,204,204,489,484,473
201162,Jared Dudley,1610612751,BKN,33.0,59,108.8,109.4,109.4,107.8,108.6,108.6,1.0,0.8,0.8,0.093,1.93,21.5,0.027,0.096,0.061,11.1,11.2,0.533,0.554,0.104,0.107,100.85,100.22,83.52,100.22,0.049,2553,1.7,4.1,169,164,164,252,278,278,195,199,199,321,183,131,282,376,351,356,354,186,240,510,511,368,412,412,458,372,370
1629123,Jared Terrell,1610612750,MIN,24.0,14,96.5,94.1,94.1,108.0,106.4,106.4,-11.4,-12.3,-12.3,0.182,1.2,18.8,0.008,0.044,0.025,15.6,15.7,0.359,0.372,0.197,0.203,99.67,101.69,84.74,101.69,-0.009,236,0.9,2.8,495,499,499,262,183,183,476,480,480,137,359,186,491,512,516,508,508,493,501,170,171,458,304,304,523,478,443
1626185,Jarell Martin,1610612753,ORL,25.0,42,107.4,106.0,106.0,102.8,101.6,101.6,4.6,4.4,4.4,0.078,1.64,13.1,0.031,0.185,0.106,8.0,8.0,0.51,0.528,0.153,0.159,101.76,103.06,85.89,103.06,0.065,704,1.0,2.5,239,300,300,66,54,54,104,104,104,375,248,330,251,100,151,140,140,269,328,363,359,296,209,209,388,457,465
1628991,Jaren Jackson Jr.,1610612763,MEM,19.0,58,100.7,101.3,101.3,103.2,103.6,103.6,-2.5,-2.3,-2.3,0.074,0.65,7.7,0.049,0.132,0.09,11.7,11.7,0.549,0.591,0.231,0.235,97.0,96.48,80.4,96.48,0.1,3029,5.1,10.2,459,435,435,80,89,89,305,304,304,389,479,481,167,235,205,399,397,148,108,90,94,516,526,526,177,101,118
1628417,Jaron Blossomgame,1610612739,CLE,25.0,27,105.2,103.7,103.7,109.4,109.6,109.6,-4.3,-6.0,-6.0,0.043,1.18,9.6,0.055,0.162,0.107,8.1,8.1,0.491,0.51,0.12,0.124,97.63,98.26,81.88,98.26,0.078,904,1.7,3.9,334,374,374,336,336,336,341,384,384,492,368,434,153,143,149,146,146,349,378,481,479,510,497,497,317,369,381
1629020,Jarred Vanderbilt,1610612743,DEN,20.0,17,102.3,96.9,96.9,94.1,92.5,92.5,8.2,4.5,4.5,0.064,0.38,8.6,0.084,0.205,0.143,22.9,23.3,0.474,0.513,0.179,0.186,107.47,111.35,92.79,111.35,0.085,162,0.5,1.1,417,484,484,20,19,19,44,102,102,426,494,462,77,69,71,526,526,394,372,229,221,26,9,9,257,500,513
1628386,Jarrett Allen,1610612751,BKN,21.0,80,107.9,109.2,109.2,110.1,111.6,111.6,-2.2,-2.4,-2.4,0.076,1.07,12.1,0.088,0.208,0.15,11.3,11.4,0.595,0.632,0.158,0.16,103.88,102.55,85.46,102.55,0.121,4472,4.2,7.1,210,170,170,372,421,421,298,305,305,384,401,370,69,67,56,368,370,52,41,338,354,151,241,241,89,142,209
201160,Jason Smith,1610612740,NOP,33.0,20,98.0,96.0,96.0,108.3,108.1,108.1,-10.3,-12.1,-12.1,0.112,1.08,14.9,0.077,0.174,0.125,13.8,14.0,0.432,0.492,0.169,0.174,104.87,106.07,88.39,106.07,0.062,422,1.1,3.0,485,489,489,278,257,257,466,478,478,262,399,273,99,118,102,486,489,461,417,289,290,114,66,66,404,455,437
1628393,Jawun Evans,1610612760,OKC,22.0,8,79.5,77.9,77.9,114.1,115.9,115.9,-34.6,-38.0,-38.0,0.238,1.67,33.3,0.015,0.172,0.093,20.0,20.0,0.214,0.214,0.142,0.148,97.85,98.09,81.74,98.09,0.025,131,0.4,1.8,522,519,519,486,506,506,523,524,524,77,238,18,412,124,191,519,520,516,519,412,411,508,507,507,503,510,492
1629121,Jaylen Adams,1610612737,ATL,23.0,34,103.6,102.5,102.5,108.9,109.1,109.1,-5.3,-6.5,-6.5,0.201,2.32,31.6,0.022,0.109,0.063,13.6,13.5,0.459,0.474,0.131,0.136,106.31,106.81,89.01,106.81,0.055,954,1.1,3.2,381,407,407,304,306,306,367,407,407,109,112,32,331,317,340,476,475,432,447,448,446,57,49,49,428,449,414
1627759,Jaylen Brown,1610612738,BOS,22.0,74,108.1,108.3,108.3,105.1,105.9,105.9,3.0,2.4,2.4,0.079,1.01,9.2,0.032,0.122,0.077,9.1,9.2,0.525,0.547,0.215,0.22,102.61,102.15,85.13,102.15,0.084,4058,5.0,10.7,194,204,204,139,161,161,140,155,155,371,412,446,246,270,264,230,233,217,265,130,135,232,273,273,265,106,107
1628537,Jaylen Morris,1610612749,MIL,23.0,4,109.3,109.2,109.2,89.5,86.8,86.8,19.8,22.5,22.5,0.174,4.0,25.0,0.0,0.147,0.068,6.3,6.3,0.45,0.46,0.15,0.15,110.16,111.95,93.29,111.95,0.109,65,1.0,2.5,152,171,171,11,10,10,9,9,9,151,14,80,505,187,315,59,62,443,458,373,395,10,7,7,138,458,462
1628369,Jayson Tatum,1610612738,BOS,21.0,79,111.3,111.9,111.9,104.5,105.1,105.1,6.8,6.8,6.8,0.098,1.38,11.8,0.028,0.157,0.093,8.6,8.6,0.506,0.547,0.218,0.222,101.24,100.68,83.9,100.68,0.106,5152,5.9,13.1,78,75,75,115,129,129,67,65,65,305,314,381,274,157,193,183,184,285,266,121,128,340,383,383,148,70,62
201145,Jeff Green,1610612764,WAS,32.0,77,110.0,111.3,111.3,112.5,113.2,113.2,-2.5,-1.9,-1.9,0.093,1.36,13.5,0.027,0.117,0.072,10.0,9.9,0.555,0.608,0.174,0.178,103.36,102.39,85.33,102.39,0.088,4469,4.2,8.9,126,87,87,464,471,471,306,288,288,320,323,322,283,281,293,301,297,127,73,258,267,178,254,254,246,138,147
201952,Jeff Teague,1610612750,MIN,31.0,42,111.2,113.0,113.0,110.7,113.1,113.1,0.5,-0.1,-0.1,0.366,3.54,37.2,0.012,0.067,0.039,10.5,10.5,0.465,0.528,0.186,0.189,103.78,101.85,84.87,101.85,0.103,2683,4.2,9.9,84,56,56,398,466,466,203,230,230,13,24,7,466,479,490,333,333,416,331,202,213,156,295,295,167,141,124
1629203,Jemerrio Jones,1610612747,LAL,24.0,6,105.7,108.7,108.7,97.3,98.0,98.0,8.4,10.7,10.7,0.115,2.6,25.0,0.1,0.198,0.15,9.6,9.6,0.394,0.398,0.108,0.109,102.42,100.62,83.85,100.62,0.098,298,2.0,5.5,313,184,184,28,33,33,43,23,23,251,81,80,42,80,55,267,270,480,490,504,507,245,389,389,189,341,284
203924,Jerami Grant,1610612760,OKC,25.0,80,109.3,111.0,111.0,104.4,105.6,105.6,4.9,5.4,5.4,0.04,1.18,7.4,0.032,0.118,0.073,6.3,6.3,0.567,0.592,0.15,0.152,105.99,104.64,87.2,104.64,0.084,5691,5.1,10.3,150,103,103,114,147,147,101,87,87,497,372,484,245,280,285,63,61,94,104,377,384,67,125,125,269,103,116
203087,Jeremy Lamb,1610612766,CHA,27.0,79,108.8,110.3,110.3,108.7,109.6,109.6,0.1,0.7,0.7,0.119,2.15,12.8,0.027,0.159,0.091,6.0,5.9,0.499,0.552,0.22,0.225,100.81,99.74,83.12,99.74,0.118,4683,5.5,12.4,168,130,130,295,334,334,219,203,203,241,147,345,280,153,201,53,54,320,245,113,122,373,433,433,103,87,73
202391,Jeremy Lin,1610612761,TOR,30.0,74,101.8,101.7,101.7,107.5,106.8,106.8,-5.7,-5.1,-5.1,0.249,1.86,23.4,0.014,0.102,0.058,12.6,12.5,0.491,0.558,0.213,0.219,105.63,106.0,88.34,106.0,0.1,3161,3.2,7.3,430,426,426,233,201,201,383,359,359,65,200,101,428,348,373,445,444,348,221,139,138,81,69,69,178,203,200
1626170,Jerian Grant,1610612753,ORL,26.0,60,101.2,100.5,100.5,107.5,107.7,107.7,-6.3,-7.3,-7.3,0.242,3.06,35.1,0.019,0.083,0.05,11.5,11.5,0.509,0.526,0.13,0.135,100.16,100.45,83.7,100.45,0.076,1962,1.5,3.7,447,443,443,237,241,241,395,419,419,72,42,13,369,436,444,378,374,273,336,454,451,430,396,396,323,402,392
1629010,Jerome Robinson,1610612746,LAC,22.0,33,108.7,107.8,107.8,111.8,111.2,111.2,-3.1,-3.4,-3.4,0.08,1.46,13.1,0.009,0.109,0.061,9.0,8.9,0.482,0.491,0.159,0.167,104.66,105.35,87.79,105.35,0.043,704,1.3,3.3,174,223,223,441,408,408,320,319,319,362,295,331,482,315,352,213,208,367,420,334,323,122,91,91,470,424,405
201573,Jerryd Bayless,1610612750,MIN,30.0,34,103.6,105.0,105.0,117.2,117.4,117.4,-13.6,-12.4,-12.4,0.262,3.72,30.4,0.015,0.08,0.045,8.2,8.1,0.42,0.431,0.172,0.177,100.5,99.69,83.08,99.69,0.059,1368,2.4,6.8,384,334,334,507,508,508,493,482,482,52,19,40,418,441,470,151,151,469,479,270,272,396,438,438,413,298,226
1628975,Jevon Carter,1610612763,MEM,23.0,39,98.7,99.8,99.8,106.8,106.7,106.7,-8.1,-6.8,-6.8,0.184,2.09,22.8,0.023,0.09,0.055,10.9,11.0,0.395,0.432,0.172,0.176,98.99,98.5,82.08,98.5,0.053,1179,1.4,4.7,479,456,456,208,196,196,442,414,414,134,152,113,315,396,401,349,350,479,478,273,277,493,491,491,439,414,331
202690,Jimmer Fredette,1610612756,PHX,30.0,6,90.5,92.1,92.1,120.0,117.6,117.6,-29.5,-25.5,-25.5,0.2,1.6,17.8,0.013,0.088,0.048,11.1,11.2,0.276,0.348,0.242,0.243,104.39,104.5,87.08,104.5,0.033,140,1.3,4.8,514,504,504,514,510,510,521,518,518,110,260,211,450,409,453,352,358,511,506,64,79,133,133,133,493,424,326
202710,Jimmy Butler III,1610612755,PHI,29.0,65,111.3,111.9,111.9,107.9,108.3,108.3,3.4,3.6,3.6,0.179,2.77,18.5,0.054,0.094,0.075,6.7,6.7,0.499,0.571,0.218,0.223,102.93,102.44,85.36,102.44,0.126,4660,6.4,13.9,80,76,76,257,266,266,133,130,130,142,63,190,156,385,280,75,74,318,170,120,125,207,248,248,74,55,51
201149,Joakim Noah,1610612763,MEM,34.0,42,103.8,103.5,103.5,102.2,101.7,101.7,1.6,1.8,1.8,0.202,1.78,22.1,0.078,0.247,0.161,12.4,12.5,0.516,0.571,0.191,0.195,100.02,100.4,83.67,100.4,0.142,1438,2.6,5.1,378,380,380,53,57,57,184,170,170,108,218,119,96,28,38,439,443,248,166,192,188,441,401,401,43,277,313
201975,Jodie Meeks,1610612761,TOR,31.0,8,119.7,118.8,118.8,115.5,113.0,113.0,4.2,5.8,5.8,0.096,4.0,16.3,0.01,0.093,0.056,4.1,4.0,0.641,0.647,0.169,0.175,101.4,102.88,85.74,102.88,0.09,223,2.6,4.9,8,7,7,502,463,463,111,79,79,310,14,236,477,389,398,33,33,20,24,286,284,326,219,219,229,274,323
1629147,Joe Chealey,1610612766,CHA,23.0,1,94.9,87.5,87.5,107.9,113.3,113.3,-13.0,-25.8,-25.8,0.25,0.0,25.0,0.0,0.0,0.0,0.0,0.0,0.333,0.333,0.176,0.19,94.51,96.0,80.0,96.0,0.0,16,1.0,3.0,501,511,511,256,474,474,489,519,519,61,500,80,505,520,521,1,1,499,507,243,205,524,527,527,516,458,430
203925,Joe Harris,1610612751,BKN,27.0,76,108.1,109.6,109.6,109.8,111.2,111.2,-1.7,-1.6,-1.6,0.114,1.5,16.4,0.022,0.096,0.06,10.9,10.9,0.622,0.645,0.167,0.17,104.08,102.73,85.61,102.73,0.089,4909,4.9,9.8,195,158,158,362,406,406,280,278,278,255,288,234,330,373,365,350,349,29,27,296,309,143,230,230,234,110,125
204060,Joe Ingles,1610612762,UTA,31.0,82,109.4,109.2,109.2,101.6,101.6,101.6,7.8,7.7,7.7,0.262,2.43,30.9,0.013,0.108,0.061,12.7,12.7,0.565,0.581,0.17,0.175,102.03,102.13,85.11,102.13,0.104,5467,4.4,9.8,149,169,169,46,53,53,47,55,55,51,96,35,442,322,349,449,451,97,142,282,287,282,274,274,158,129,127
203954,Joel Embiid,1610612755,PHI,25.0,64,112.6,112.5,112.5,104.6,104.8,104.8,7.9,7.6,7.6,0.185,1.04,12.0,0.075,0.292,0.191,11.6,11.6,0.517,0.593,0.327,0.334,103.95,103.92,86.6,103.92,0.196,4672,9.1,18.7,59,66,66,120,121,121,45,57,57,133,406,377,103,12,15,386,390,247,103,6,7,150,169,169,11,11,12
1628381,John Collins,1610612737,ATL,21.0,61,109.8,111.7,111.7,112.5,113.0,113.0,-2.7,-1.4,-1.4,0.102,1.01,10.2,0.112,0.196,0.154,10.2,10.1,0.593,0.627,0.23,0.235,106.15,105.0,87.5,105.0,0.136,3990,7.6,13.6,140,82,82,463,465,465,310,269,269,291,413,421,26,83,49,310,307,57,50,91,95,60,103,103,54,30,53
203089,John Henson,1610612739,CLE,28.0,14,106.2,105.6,105.6,105.7,103.9,103.9,0.5,1.7,1.7,0.108,1.17,14.3,0.074,0.233,0.157,12.2,12.3,0.545,0.553,0.173,0.178,108.84,110.06,91.72,110.06,0.127,429,2.2,4.8,289,315,315,161,94,94,204,174,174,271,374,285,106,40,41,429,434,163,241,268,268,14,20,20,72,317,329
204066,John Holland,1610612739,CLE,30.0,1,113.6,50.0,50.0,0.0,0.0,0.0,113.6,50.0,50.0,0.0,0.0,0.0,0.0,0.0,0.0,0.0,0.0,0.0,0.0,0.0,0.0,61.25,97.74,81.45,97.74,0.0,2,0.0,0.0,42,526,526,1,1,1,1,4,4,510,500,510,505,520,521,1,1,519,521,527,527,528,516,516,516,519,527
203098,John Jenkins,1610612752,NYK,28.0,26,100.5,100.3,100.3,106.4,106.7,106.7,-5.9,-6.5,-6.5,0.105,2.44,15.4,0.018,0.083,0.052,6.3,6.3,0.505,0.536,0.16,0.166,100.21,100.15,83.46,100.15,0.074,693,1.6,4.0,462,445,445,189,199,199,385,403,403,282,95,260,385,433,424,62,60,289,299,323,326,425,417,417,343,391,372
202322,John Wall,1610612764,WAS,28.0,32,105.9,107.1,107.1,111.3,113.2,113.2,-5.5,-6.1,-6.1,0.391,2.31,27.1,0.013,0.087,0.05,11.7,11.8,0.49,0.527,0.286,0.288,105.51,104.04,86.7,104.04,0.123,2390,7.7,17.3,303,250,250,422,470,470,374,389,389,8,118,61,446,415,441,400,402,351,333,23,25,87,162,162,84,29,23
1628405,Johnathan Motley,1610612746,LAC,24.0,22,98.0,98.0,98.0,108.0,106.9,106.9,-10.0,-8.9,-8.9,0.129,0.69,9.5,0.104,0.213,0.155,13.8,13.6,0.534,0.563,0.266,0.281,106.37,106.91,89.09,106.91,0.119,346,1.8,3.3,486,474,474,261,204,204,462,451,451,215,475,436,34,62,44,482,478,184,201,42,36,54,47,47,97,366,408
1629140,Johnathan Williams,1610612747,LAL,24.0,24,109.7,110.0,110.0,103.6,102.4,102.4,6.1,7.6,7.6,0.051,0.81,8.1,0.116,0.13,0.123,10.0,10.0,0.591,0.599,0.158,0.164,101.89,102.34,85.28,102.34,0.078,790,2.7,4.6,141,141,141,91,67,67,78,58,58,474,463,472,22,239,109,302,303,60,90,337,337,291,261,261,314,260,337
202720,Jon Leuer,1610612765,DET,30.0,41,94.0,93.9,93.9,107.9,107.2,107.2,-13.9,-13.3,-13.3,0.06,0.61,8.6,0.062,0.182,0.118,14.2,14.1,0.588,0.616,0.157,0.164,100.12,100.45,83.7,100.45,0.091,840,1.6,2.8,504,500,500,255,218,218,495,489,489,442,486,460,133,105,119,493,492,63,61,343,338,435,397,397,224,392,447
1628413,Jonah Bolden,1610612755,PHI,23.0,44,107.3,106.2,106.2,108.2,107.9,107.9,-1.0,-1.8,-1.8,0.085,1.11,15.9,0.067,0.173,0.119,14.3,14.4,0.599,0.595,0.131,0.134,105.44,106.12,88.43,106.12,0.072,1410,1.8,3.7,244,293,293,275,252,252,254,283,283,345,392,247,118,120,118,497,497,49,98,450,452,90,65,65,353,362,391
201973,Jonas Jerebko,1610612744,GSW,32.0,73,110.5,109.6,109.6,107.7,108.1,108.1,2.8,1.5,1.5,0.106,2.23,18.2,0.055,0.168,0.111,8.1,8.1,0.556,0.588,0.144,0.15,102.17,102.45,85.37,102.45,0.092,2607,2.2,4.9,104,155,155,248,255,255,146,178,178,280,133,200,151,134,139,150,149,125,117,404,402,272,247,247,219,313,325
202685,Jonas Valančiūnas,1610612763,MEM,27.0,49,108.6,109.7,109.7,106.6,107.0,107.0,2.0,2.7,2.7,0.109,0.78,8.9,0.096,0.268,0.184,11.5,11.5,0.572,0.616,0.274,0.277,102.48,101.77,84.81,101.77,0.169,2317,6.1,11.0,179,150,150,196,206,206,167,147,147,266,466,451,50,17,20,376,383,83,62,35,39,242,297,297,18,60,100
1628371,Jonathan Isaac,1610612753,ORL,21.0,75,107.7,108.2,108.2,106.6,107.3,107.3,1.0,1.0,1.0,0.055,1.07,9.7,0.048,0.152,0.099,9.1,9.1,0.499,0.537,0.16,0.163,100.23,99.69,83.08,99.69,0.082,4131,3.5,8.1,216,205,205,200,219,219,194,189,189,456,402,431,172,169,174,220,226,319,293,329,341,422,437,437,288,186,174
203613,Jonathon Simmons,1610612755,PHI,29.0,56,102.4,101.9,101.9,107.5,107.2,107.2,-5.2,-5.3,-5.3,0.175,1.88,21.8,0.024,0.09,0.057,11.6,11.6,0.42,0.466,0.182,0.188,102.01,102.38,85.32,102.38,0.06,2257,2.4,6.3,415,423,423,238,217,217,364,366,366,148,195,126,303,400,387,385,384,467,455,220,217,286,256,256,410,303,254
1628395,Jordan Bell,1610612744,GSW,24.0,68,107.9,105.7,105.7,111.4,111.2,111.2,-3.5,-5.4,-5.4,0.134,1.81,23.2,0.068,0.154,0.112,12.8,12.8,0.516,0.531,0.133,0.139,101.2,102.36,85.3,102.36,0.083,1677,1.5,2.8,207,312,312,427,405,405,327,369,369,207,211,104,117,161,138,457,456,250,318,444,438,343,258,258,281,412,441
203903,Jordan Clarkson,1610612739,CLE,27.0,81,106.5,107.0,107.0,114.4,115.0,115.0,-7.8,-8.0,-8.0,0.153,1.45,12.4,0.035,0.087,0.06,8.5,8.5,0.509,0.539,0.266,0.275,99.66,99.17,82.64,99.17,0.105,4582,6.5,14.6,275,253,253,491,497,497,434,439,439,178,297,365,227,418,363,181,177,272,283,43,42,459,471,471,153,50,45
1628070,Jordan Loyd,1610612761,TOR,25.0,12,93.7,94.5,94.5,110.9,110.2,110.2,-17.2,-15.7,-15.7,0.182,3.0,20.0,0.017,0.133,0.075,6.7,6.5,0.556,0.635,0.159,0.172,111.31,111.17,92.64,111.17,0.121,127,0.7,1.5,505,497,497,406,364,364,509,502,502,137,43,157,402,228,276,72,69,126,37,333,299,7,10,10,92,489,494
203895,Jordan McRae,1610612764,WAS,28.0,27,107.6,106.5,106.5,110.6,109.7,109.7,-3.1,-3.3,-3.3,0.131,2.0,15.9,0.017,0.095,0.056,7.9,7.9,0.508,0.55,0.191,0.201,106.01,107.01,89.17,107.01,0.089,743,2.3,4.8,225,273,273,397,341,341,319,316,316,211,161,250,397,383,397,135,134,274,254,186,179,66,43,43,235,311,328
1626296,Jordan Sibert,1610612737,ATL,26.0,1,127.1,133.3,133.3,188.9,170.0,170.0,-61.8,-36.7,-36.7,0.0,0.0,0.0,0.0,0.0,0.0,0.0,0.0,1.5,1.5,0.083,0.08,104.54,107.72,89.76,107.72,0.09,9,1.0,1.0,6,2,2,530,529,529,529,522,522,510,500,510,505,520,521,1,1,1,1,525,525,127,36,36,233,458,515
101181,Jose Calderon,1610612765,DET,37.0,49,93.5,93.8,93.8,108.2,107.8,107.8,-14.6,-14.0,-14.0,0.282,3.29,42.0,0.015,0.078,0.044,12.8,12.7,0.433,0.453,0.104,0.108,101.28,101.32,84.44,101.32,0.056,1341,0.9,2.4,506,501,501,271,243,243,499,493,493,41,35,1,416,451,475,452,452,458,466,512,508,336,325,325,421,474,467
1628404,Josh Hart,1610612747,LAL,24.0,67,103.9,105.1,105.1,104.4,104.7,104.7,-0.5,0.4,0.4,0.072,1.6,14.4,0.019,0.109,0.065,9.0,8.9,0.506,0.526,0.13,0.134,106.38,105.57,87.97,105.57,0.063,3764,2.8,6.9,374,332,332,112,116,116,240,211,211,398,259,282,372,316,333,215,212,281,338,457,457,52,83,83,396,243,218
1628367,Josh Jackson,1610612756,PHX,22.0,79,101.6,102.8,102.8,111.4,112.4,112.4,-9.7,-9.6,-9.6,0.142,1.06,14.2,0.032,0.136,0.084,13.4,13.4,0.456,0.487,0.234,0.238,103.29,102.26,85.22,102.26,0.073,4225,4.4,10.6,433,399,399,424,449,449,458,460,460,195,404,294,247,220,235,470,471,439,430,84,88,184,266,266,351,127,110
1629006,Josh Okogie,1610612750,MIN,20.0,74,109.1,109.6,109.6,110.2,110.6,110.6,-1.2,-1.0,-1.0,0.068,1.44,12.4,0.021,0.098,0.059,8.6,8.6,0.445,0.492,0.148,0.151,104.36,103.89,86.57,103.89,0.051,3797,2.6,6.9,164,153,153,381,384,384,261,259,259,415,298,364,335,371,372,186,185,451,418,381,389,135,173,173,451,271,223
1626196,Josh Richardson,1610612748,MIA,25.0,73,105.4,106.6,106.6,104.6,105.6,105.6,0.8,0.9,0.9,0.177,2.64,19.5,0.02,0.078,0.049,7.4,7.3,0.492,0.536,0.203,0.209,100.54,99.49,82.91,99.49,0.094,5272,5.8,14.1,325,266,266,117,149,149,197,190,190,144,75,174,356,450,450,101,100,343,297,158,157,391,451,451,210,73,48
201950,Jrue Holiday,1610612740,NOP,29.0,67,111.8,113.5,113.5,108.2,109.1,109.1,3.6,4.4,4.4,0.308,2.47,25.9,0.03,0.099,0.065,10.5,10.5,0.523,0.555,0.25,0.254,105.37,104.13,86.77,104.13,0.127,5212,8.2,17.3,71,47,47,273,313,313,122,105,105,30,92,71,261,365,329,332,329,225,229,53,55,93,154,154,70,24,22
1627823,Juancho Hernangomez,1610612743,DEN,23.0,70,107.6,108.6,108.6,107.0,107.3,107.3,0.6,1.3,1.3,0.054,1.49,12.5,0.044,0.144,0.093,8.4,8.3,0.545,0.58,0.119,0.122,100.22,99.61,83.01,99.61,0.076,2818,2.0,4.5,222,188,188,215,222,222,200,183,183,460,289,360,185,197,194,173,171,165,145,488,490,423,442,442,327,350,342
1627395,Julian Washburn,1610612763,MEM,27.0,18,103.7,102.9,102.9,106.4,105.0,105.0,-2.7,-2.0,-2.0,0.083,2.0,19.7,0.027,0.128,0.075,9.9,9.9,0.385,0.402,0.096,0.099,96.97,98.03,81.69,98.03,0.053,513,0.9,2.7,379,391,391,191,124,124,309,294,294,355,161,166,277,246,279,287,293,483,489,519,519,517,510,510,444,476,451
203944,Julius Randle,1610612740,NOP,24.0,73,109.9,111.2,111.2,111.1,111.4,111.4,-1.2,-0.2,-0.2,0.158,1.1,13.2,0.069,0.198,0.134,12.0,12.0,0.555,0.6,0.273,0.278,105.27,104.48,87.07,104.48,0.137,4857,7.8,14.9,134,93,93,411,413,413,263,233,233,168,393,329,116,81,91,418,419,128,88,37,38,98,134,134,53,27,41
1626147,Justin Anderson,1610612737,ATL,25.0,48,104.2,101.9,101.9,108.8,107.6,107.6,-4.6,-5.7,-5.7,0.073,1.0,10.6,0.046,0.119,0.082,10.6,10.5,0.484,0.516,0.166,0.173,107.44,109.25,91.05,109.25,0.067,1046,1.3,3.3,360,422,422,300,237,237,349,377,377,395,415,413,176,276,245,335,335,364,367,308,293,28,25,25,380,424,412
203200,Justin Holiday,1610612763,MEM,30.0,82,101.0,102.4,102.4,109.0,110.1,110.1,-8.0,-7.7,-7.7,0.084,1.4,13.7,0.017,0.103,0.06,9.7,9.7,0.49,0.52,0.153,0.157,100.85,99.6,83.0,99.6,0.068,5394,3.7,9.5,452,411,411,308,357,357,439,428,428,350,310,319,393,346,364,276,274,350,353,358,369,369,443,443,377,177,135
1628382,Justin Jackson,1610612742,DAL,24.0,81,107.5,107.3,107.3,107.9,108.3,108.3,-0.5,-0.9,-0.9,0.081,3.31,14.9,0.025,0.096,0.06,4.5,4.5,0.537,0.561,0.141,0.144,103.61,103.5,86.25,103.5,0.076,3470,2.7,6.0,232,238,238,260,265,265,241,257,257,358,34,272,296,378,357,37,37,176,212,416,423,161,187,187,324,266,264
1628383,Justin Patton,1610612755,PHI,22.0,3,97.3,89.4,89.4,105.8,102.3,102.3,-8.5,-12.9,-12.9,0.25,0.0,27.3,0.065,0.174,0.111,0.0,0.0,0.286,0.317,0.14,0.151,99.82,106.02,88.35,106.02,0.051,47,0.7,2.3,489,510,510,167,65,65,446,488,488,61,500,59,124,118,140,1,1,508,512,419,392,450,68,68,453,489,470
1626159,Justise Winslow,1610612748,MIA,23.0,66,106.5,107.6,107.6,103.1,104.2,104.2,3.4,3.4,3.4,0.213,1.99,22.8,0.031,0.141,0.086,11.5,11.5,0.497,0.513,0.206,0.209,100.65,99.61,83.01,99.61,0.097,4058,4.9,11.3,274,229,229,78,103,103,131,133,133,95,172,114,254,213,227,379,377,331,373,152,158,384,441,441,196,111,94
203994,Jusuf Nurkić,1610612757,POR,24.0,72,115.3,117.0,117.0,105.6,106.5,106.5,9.7,10.5,10.5,0.168,1.39,16.8,0.119,0.241,0.181,12.1,12.1,0.51,0.57,0.241,0.244,102.75,101.57,84.64,101.57,0.146,4171,5.8,11.5,22,14,14,155,189,189,35,27,27,157,312,230,20,31,24,424,423,268,172,69,77,225,308,308,39,72,91
1628443,Kadeem Allen,1610612752,NYK,26.0,19,108.2,107.1,107.1,111.8,111.4,111.4,-3.7,-4.3,-4.3,0.277,2.92,28.6,0.019,0.1,0.06,9.8,9.7,0.521,0.574,0.195,0.203,99.71,100.38,83.65,100.38,0.101,869,3.4,7.4,193,247,247,444,412,412,330,338,338,44,56,51,363,354,362,281,278,233,159,179,173,457,403,403,175,190,193
203564,Kalin Lucas,1610612765,DET,30.0,1,55.1,50.0,50.0,77.3,75.0,75.0,-22.2,-25.0,-25.0,0.5,0.0,33.3,0.0,0.5,0.231,0.0,0.0,0.0,0.532,0.154,0.158,96.8,103.16,85.97,103.16,0.471,12,0.0,1.0,527,526,526,7,6,6,517,516,516,2,500,18,505,2,5,1,1,519,310,353,360,519,203,203,2,519,515
1626157,Karl-Anthony Towns,1610612750,MIN,23.0,77,109.9,112.2,112.2,110.1,111.3,111.3,-0.2,0.9,0.9,0.169,1.08,13.0,0.097,0.257,0.176,12.0,11.9,0.572,0.622,0.28,0.287,102.65,101.05,84.21,101.05,0.177,5361,8.8,17.1,132,70,70,375,411,411,233,195,195,156,398,340,47,20,28,420,417,84,56,29,28,230,351,351,15,14,24
202695,Kawhi Leonard,1610612761,TOR,28.0,60,114.9,115.7,115.7,105.6,107.8,107.8,9.3,7.9,7.9,0.159,1.64,12.2,0.039,0.165,0.106,7.4,7.4,0.546,0.606,0.3,0.307,101.7,100.31,83.59,100.31,0.172,4272,9.3,18.8,26,25,25,154,242,242,36,50,50,166,245,368,199,139,154,104,103,158,78,16,15,301,408,408,16,5,11
1628966,Keita Bates-Diop,1610612750,MIN,23.0,30,106.4,107.1,107.1,111.2,112.2,112.2,-4.9,-5.1,-5.1,0.047,1.21,9.1,0.029,0.129,0.077,7.5,7.6,0.468,0.489,0.14,0.143,101.63,100.84,84.03,100.84,0.065,1058,2.0,4.7,279,249,249,417,443,443,357,362,362,483,355,447,265,244,266,112,113,407,426,418,425,310,370,370,390,341,332
203482,Kelly Olynyk,1610612748,MIA,28.0,79,106.7,107.9,107.9,105.0,106.0,106.0,1.7,1.9,1.9,0.113,1.23,15.7,0.038,0.16,0.099,12.8,12.7,0.563,0.61,0.175,0.18,100.5,99.51,82.92,99.51,0.102,3773,3.3,7.1,268,219,219,133,165,165,176,168,168,257,352,255,204,151,176,455,449,100,71,254,253,397,448,448,172,197,207
1626162,Kelly Oubre Jr.,1610612756,PHX,23.0,69,106.2,107.2,107.2,111.7,113.3,113.3,-5.5,-6.0,-6.0,0.067,0.82,7.4,0.035,0.126,0.08,9.1,9.1,0.51,0.551,0.223,0.229,105.16,103.95,86.62,103.95,0.094,4180,5.4,12.2,282,243,243,440,472,472,377,386,386,418,462,485,233,254,254,224,223,270,247,107,107,103,167,167,209,89,78
202689,Kemba Walker,1610612766,CHA,29.0,82,110.0,112.1,112.1,110.5,111.8,111.8,-0.5,0.4,0.4,0.287,2.29,18.9,0.017,0.106,0.06,8.2,8.2,0.511,0.558,0.308,0.315,100.94,99.38,82.82,99.38,0.14,5933,8.9,20.5,127,71,71,391,427,427,243,213,213,36,122,182,394,333,359,162,155,265,219,14,14,362,459,459,48,13,3
202702,Kenneth Faried,1610612745,HOU,29.0,37,112.7,113.7,113.7,109.2,109.6,109.6,3.5,4.1,4.1,0.043,0.61,5.5,0.123,0.21,0.164,9.1,9.1,0.604,0.622,0.194,0.198,102.6,101.94,84.95,101.94,0.124,1546,4.2,7.2,57,43,43,325,337,337,130,114,114,490,487,498,17,64,36,225,230,42,55,180,184,233,282,282,82,140,205
1629026,Kenrich Williams,1610612740,NOP,24.0,46,107.3,107.8,107.8,110.8,111.6,111.6,-3.5,-3.8,-3.8,0.094,2.31,20.4,0.046,0.145,0.094,8.9,8.9,0.477,0.485,0.119,0.121,106.43,105.77,88.14,105.77,0.062,2379,2.3,6.1,246,222,222,401,420,420,326,328,328,316,119,148,175,192,184,202,203,387,432,487,492,50,74,74,407,306,260
203145,Kent Bazemore,1610612737,ATL,29.0,67,101.8,102.5,102.5,109.2,110.2,110.2,-7.4,-7.7,-7.7,0.144,1.26,14.6,0.02,0.126,0.072,11.7,11.6,0.472,0.507,0.215,0.22,107.0,106.15,88.46,106.15,0.083,3627,4.1,10.3,428,410,410,321,361,361,420,430,430,191,346,277,357,255,295,395,391,398,385,132,136,32,64,64,276,145,115
203484,Kentavious Caldwell-Pope,1610612747,LAL,26.0,82,105.7,106.3,106.3,109.4,110.1,110.1,-3.7,-3.7,-3.7,0.077,1.69,11.2,0.022,0.088,0.055,6.6,6.5,0.53,0.568,0.175,0.182,104.87,104.26,86.88,104.26,0.083,4425,4.0,9.2,310,282,282,334,354,354,331,327,327,380,235,394,323,411,404,71,71,196,184,252,240,113,150,150,273,157,144
201142,Kevin Durant,1610612744,GSW,30.0,78,118.0,118.7,118.7,106.0,107.3,107.3,12.1,11.4,11.4,0.251,2.03,20.0,0.013,0.153,0.088,9.8,9.8,0.571,0.631,0.283,0.288,104.3,103.33,86.11,103.33,0.162,5813,9.2,17.7,11,8,8,172,224,224,19,19,19,59,160,157,452,162,214,286,286,88,45,26,26,136,193,193,21,7,20
1628989,Kevin Huerter,1610612737,ATL,20.0,75,108.3,109.3,109.3,111.4,111.6,111.6,-3.0,-2.2,-2.2,0.139,1.96,21.3,0.027,0.087,0.056,10.9,10.8,0.522,0.533,0.153,0.156,106.17,105.58,87.99,105.58,0.065,4498,3.7,8.8,186,167,167,423,418,418,317,302,302,201,176,133,279,421,396,348,346,229,304,356,370,59,81,81,391,173,151
1628995,Kevin Knox II,1610612752,NYK,19.0,75,100.7,101.4,101.4,113.9,115.1,115.1,-13.2,-13.7,-13.7,0.06,0.72,6.8,0.025,0.12,0.071,9.4,9.4,0.438,0.475,0.219,0.223,102.81,101.87,84.89,101.87,0.055,4574,4.5,12.2,460,432,432,481,500,500,491,492,492,441,473,491,295,273,296,251,256,455,446,117,124,217,292,292,430,123,79
201567,Kevin Love,1610612739,CLE,30.0,22,109.8,110.5,110.5,114.7,114.7,114.7,-4.9,-4.2,-4.2,0.125,1.14,11.4,0.051,0.344,0.193,10.0,9.9,0.479,0.561,0.259,0.266,100.58,100.23,83.52,100.23,0.148,1247,5.0,12.9,137,120,120,494,490,490,356,337,337,222,387,391,159,5,13,300,296,379,210,47,49,389,410,410,36,108,66
1626172,Kevon Looney,1610612744,GSW,23.0,80,116.8,116.3,116.3,105.5,106.1,106.1,11.3,10.3,10.3,0.106,2.41,21.7,0.126,0.133,0.129,9.0,9.0,0.627,0.636,0.122,0.125,103.33,103.25,86.04,103.25,0.092,3177,2.7,4.3,18,17,17,151,170,170,24,29,29,278,98,129,15,230,97,216,214,23,36,476,478,180,198,198,220,259,356
203920,Khem Birch,1610612753,ORL,26.0,50,106.4,105.9,105.9,103.2,102.7,102.7,3.2,3.2,3.2,0.087,1.9,15.4,0.112,0.166,0.138,8.1,8.1,0.603,0.64,0.136,0.139,100.73,101.21,84.34,101.21,0.116,1356,1.8,3.0,278,301,301,82,72,72,136,142,142,338,192,260,27,137,85,147,152,45,33,435,439,380,337,337,106,361,429
203114,Khris Middleton,1610612749,MIL,27.0,77,113.2,114.7,114.7,103.0,104.2,104.2,10.2,10.5,10.5,0.194,1.9,18.9,0.021,0.149,0.089,9.9,9.8,0.519,0.558,0.246,0.252,105.69,104.39,86.99,104.39,0.118,5208,6.6,14.9,50,34,34,72,101,101,31,28,28,122,190,183,349,182,212,295,289,240,223,59,59,77,142,142,104,49,42
1629017,Khyri Thomas,1610612765,DET,23.0,26,94.2,94.6,94.6,104.0,102.7,102.7,-9.8,-8.0,-8.0,0.067,2.0,9.4,0.017,0.082,0.046,4.7,4.7,0.391,0.413,0.158,0.166,100.38,100.8,84.0,100.8,0.031,410,0.8,2.7,503,496,496,102,70,70,460,440,440,419,161,438,399,437,467,38,38,481,488,336,327,406,374,374,497,481,456
202691,Klay Thompson,1610612744,GSW,29.0,78,114.7,115.0,115.0,107.1,108.5,108.5,7.6,6.5,6.5,0.103,1.62,10.5,0.015,0.089,0.055,6.5,6.5,0.553,0.571,0.254,0.259,103.23,102.39,85.32,102.39,0.103,5648,8.4,18.0,29,30,30,219,276,276,50,70,70,286,257,415,421,404,405,69,70,135,168,49,52,189,255,255,166,21,17
1628424,Kobi Simmons,1610612739,CLE,21.0,1,82.0,100.0,100.0,34.7,33.3,33.3,47.2,66.7,66.7,0.0,0.0,0.0,0.0,0.0,0.0,0.0,0.0,0.0,0.0,0.0,0.0,103.47,93.33,77.78,93.33,0.0,4,0.0,0.0,521,448,448,4,4,4,4,1,1,510,500,510,505,520,521,1,1,519,521,527,527,171,528,528,516,519,527
201585,Kosta Koufos,1610612758,SAC,30.0,42,106.1,106.0,106.0,108.2,107.4,107.4,-2.1,-1.3,-1.3,0.099,1.33,15.9,0.088,0.229,0.156,11.9,11.9,0.477,0.477,0.15,0.155,105.35,105.85,88.2,105.85,0.088,1098,1.7,3.6,292,296,296,276,227,227,293,268,268,303,327,248,68,44,43,416,415,385,445,376,375,96,71,71,243,370,393
1628961,Kostas Antetokounmpo,1610612742,DAL,21.0,2,111.0,104.5,104.5,92.4,87.0,87.0,18.6,17.6,17.6,0.0,0.0,0.0,0.0,0.111,0.056,16.7,17.4,0.0,0.21,0.24,0.243,96.21,102.21,85.17,102.21,-0.033,22,0.0,1.5,89,353,353,15,11,11,11,11,11,510,500,510,505,309,398,512,514,519,520,71,81,521,268,268,526,519,494
1627739,Kris Dunn,1610612741,CHI,25.0,46,105.0,106.1,106.1,112.0,113.7,113.7,-7.0,-7.6,-7.6,0.29,2.66,30.2,0.013,0.119,0.066,11.4,11.3,0.458,0.484,0.198,0.202,100.77,99.5,82.92,99.5,0.084,2878,4.7,11.0,341,294,294,446,481,481,412,423,423,35,70,41,440,274,320,370,367,435,437,167,175,377,449,449,268,121,99
203937,Kyle Anderson,1610612763,MEM,25.0,43,102.1,102.6,102.6,103.8,104.7,104.7,-1.6,-2.1,-2.1,0.155,2.21,26.2,0.038,0.161,0.1,11.9,11.8,0.56,0.569,0.127,0.13,97.43,96.78,80.65,96.78,0.099,2582,3.5,6.4,421,403,403,97,117,117,275,298,298,173,137,68,202,148,172,409,406,109,180,468,468,511,524,524,184,187,244
2594,Kyle Korver,1610612762,UTA,38.0,70,107.7,107.5,107.5,103.5,103.9,103.9,4.2,3.6,3.6,0.088,1.37,12.5,0.006,0.105,0.056,9.1,9.0,0.559,0.582,0.174,0.181,103.3,103.2,86.0,103.2,0.078,2880,2.9,6.9,218,233,233,88,92,92,112,127,127,335,318,357,500,341,393,226,217,113,135,260,246,183,201,201,318,234,220
1628398,Kyle Kuzma,1610612747,LAL,23.0,70,106.8,108.4,108.4,108.5,109.7,109.7,-1.7,-1.3,-1.3,0.113,1.34,11.8,0.025,0.127,0.077,8.8,8.8,0.515,0.546,0.233,0.238,106.07,104.67,87.22,104.67,0.096,5049,7.1,15.5,266,199,199,284,342,342,277,267,267,258,326,379,300,251,268,201,200,252,267,87,91,63,124,124,197,37,34
200768,Kyle Lowry,1610612761,TOR,33.0,65,115.1,116.2,116.2,103.3,105.5,105.5,11.8,10.7,10.7,0.329,3.1,36.1,0.019,0.114,0.069,11.6,11.6,0.518,0.562,0.191,0.195,102.97,101.37,84.47,101.37,0.115,4690,4.7,11.4,24,19,19,84,144,144,20,24,24,22,41,9,367,287,311,394,387,244,208,190,189,203,320,320,113,119,93
203124,Kyle O'Quinn,1610612754,IND,29.0,45,107.5,106.7,106.7,107.0,107.0,107.0,0.5,-0.3,-0.3,0.204,1.81,24.0,0.078,0.216,0.151,13.3,13.3,0.511,0.537,0.196,0.202,103.56,103.91,86.59,103.91,0.111,806,1.5,3.0,234,262,262,214,209,209,205,239,239,106,212,96,91,55,54,467,469,266,292,176,174,163,170,170,123,402,428
202681,Kyrie Irving,1610612738,BOS,27.0,67,112.3,113.4,113.4,105.9,107.1,107.1,6.4,6.2,6.2,0.33,2.7,23.5,0.031,0.113,0.072,8.7,8.7,0.557,0.592,0.286,0.292,103.11,102.01,85.01,102.01,0.157,4723,9.0,18.5,64,50,50,169,214,214,73,75,75,20,66,98,253,298,290,194,191,122,106,24,24,197,279,279,27,12,14
200746,LaMarcus Aldridge,1610612759,SAS,33.0,81,111.6,112.5,112.5,109.2,111.0,111.0,2.4,1.5,1.5,0.115,1.35,10.6,0.096,0.18,0.139,7.9,7.8,0.522,0.576,0.268,0.272,99.52,98.36,81.97,98.36,0.143,5509,8.4,16.3,73,65,65,329,397,397,157,179,179,252,324,411,49,111,82,131,132,228,152,40,45,471,495,495,42,19,31
202362,Lance Stephenson,1610612747,LAL,28.0,68,104.2,103.9,103.9,109.2,108.4,108.4,-5.0,-4.5,-4.5,0.175,1.63,20.3,0.026,0.15,0.088,12.4,12.5,0.51,0.529,0.197,0.203,105.84,106.43,88.69,106.43,0.088,2490,2.7,6.4,361,369,369,327,267,267,362,344,344,149,253,153,286,178,217,441,441,267,326,172,170,72,57,57,248,261,249
202498,Lance Thomas,1610612752,NYK,31.0,46,96.8,97.1,97.1,109.0,107.9,107.9,-12.2,-10.9,-10.9,0.051,1.13,10.2,0.023,0.115,0.068,9.1,9.1,0.452,0.482,0.127,0.131,101.67,102.08,85.07,102.08,0.043,1662,1.7,4.3,492,482,482,312,250,250,481,472,472,470,390,423,310,285,316,218,228,441,442,466,467,303,276,276,467,378,359
1629013,Landry Shamet,1610612746,LAC,22.0,79,110.6,111.0,111.0,109.0,109.3,109.3,1.6,1.7,1.7,0.09,2.6,15.6,0.011,0.06,0.036,6.0,5.9,0.581,0.604,0.145,0.15,103.98,103.64,86.36,103.64,0.063,3889,3.0,7.1,95,102,102,311,320,320,183,175,175,328,81,257,471,495,502,54,53,71,82,402,398,148,181,181,399,220,212
204038,Langston Galloway,1610612765,DET,27.0,80,108.0,108.0,108.0,107.2,107.9,107.9,0.8,0.1,0.1,0.072,3.54,11.7,0.025,0.07,0.047,3.3,3.3,0.503,0.534,0.153,0.16,100.3,99.96,83.3,99.96,0.063,3650,2.9,7.3,204,216,216,225,249,249,198,220,220,396,23,384,293,473,463,26,26,295,301,357,355,417,422,422,401,237,196
1626204,Larry Nance Jr.,1610612739,CLE,26.0,67,105.3,105.8,105.8,114.4,114.6,114.6,-9.1,-8.8,-8.8,0.179,2.21,25.2,0.09,0.224,0.154,11.4,11.4,0.554,0.583,0.152,0.155,98.24,97.93,81.61,97.93,0.123,3663,3.7,7.1,329,307,307,492,488,488,453,449,449,143,138,76,60,49,46,373,371,129,134,367,374,503,512,512,86,171,206
1628374,Lauri Markkanen,1610612741,CHI,22.0,52,105.4,106.8,106.8,111.4,112.3,112.3,-6.0,-5.5,-5.5,0.07,0.88,7.3,0.043,0.234,0.138,8.2,8.2,0.506,0.553,0.245,0.25,100.36,99.33,82.78,99.33,0.125,3478,6.6,15.3,326,260,260,425,447,447,389,372,372,402,449,489,191,38,86,158,154,287,244,61,63,407,464,464,77,48,37
2544,LeBron James,1610612747,LAL,34.0,55,107.9,109.6,109.6,106.3,107.6,107.6,1.6,2.0,2.0,0.376,2.3,23.6,0.029,0.193,0.114,10.2,10.2,0.56,0.588,0.311,0.317,105.56,104.12,86.77,104.12,0.188,4218,10.1,19.9,209,157,157,186,238,238,185,162,162,11,120,97,264,87,130,316,314,105,115,11,11,83,155,155,12,2,5
1629022,Lonnie Walker IV,1610612759,SAS,20.0,17,91.5,87.4,87.4,112.6,111.7,111.7,-21.0,-24.3,-24.3,0.143,2.25,14.1,0.0,0.122,0.065,6.3,6.3,0.402,0.446,0.196,0.209,99.55,102.28,85.23,102.28,0.083,254,0.9,2.7,511,512,512,466,425,425,514,515,515,193,131,299,505,269,331,59,63,475,471,175,159,469,265,265,280,472,450
1628366,Lonzo Ball,1610612747,LAL,21.0,47,103.5,105.3,105.3,105.0,106.1,106.1,-1.4,-0.7,-0.7,0.236,2.48,30.5,0.036,0.124,0.081,12.3,12.3,0.488,0.487,0.167,0.169,106.12,104.67,87.22,104.67,0.087,3105,3.9,9.7,385,322,322,131,169,169,272,254,254,78,89,38,220,258,250,436,435,356,428,300,315,62,123,123,249,159,129
203485,Lorenzo Brown,1610612761,TOR,28.0,26,95.0,93.5,93.5,101.1,100.4,100.4,-6.1,-7.0,-7.0,0.199,1.75,24.1,0.021,0.11,0.066,13.8,13.8,0.366,0.38,0.167,0.176,103.09,104.28,86.9,104.28,0.054,460,0.9,2.7,500,503,503,41,46,46,393,417,417,117,225,94,339,313,327,482,484,491,494,298,278,198,149,149,435,477,448
101150,Lou Williams,1610612746,LAC,32.0,75,112.2,113.1,113.1,109.6,109.2,109.2,2.6,3.9,3.9,0.318,2.22,20.9,0.019,0.081,0.051,9.4,9.4,0.471,0.554,0.308,0.317,105.93,105.69,88.08,105.69,0.147,4399,6.5,15.2,66,54,54,351,317,317,152,119,119,27,136,138,361,440,431,248,244,400,238,13,12,69,78,78,37,53,39
201601,Luc Mbah a Moute,1610612746,LAC,32.0,4,109.7,107.1,107.1,100.9,99.3,99.3,8.8,7.8,7.8,0.045,1.0,8.3,0.034,0.065,0.051,8.3,8.3,0.5,0.495,0.141,0.15,108.75,110.95,92.46,110.95,0.028,141,2.0,4.5,144,248,248,40,38,38,38,52,52,486,415,468,236,485,429,168,164,302,412,414,397,15,12,12,499,341,339
1629029,Luka Dončić,1610612742,DAL,20.0,72,106.8,107.6,107.6,110.0,110.6,110.6,-3.2,-3.1,-3.1,0.317,1.74,20.7,0.036,0.198,0.117,11.9,11.9,0.497,0.545,0.296,0.304,101.64,100.99,84.16,100.99,0.149,4891,7.0,16.5,264,231,231,368,385,385,322,313,313,28,229,142,222,77,125,412,413,329,272,19,17,307,355,355,35,39,29
1628379,Luke Kennard,1610612765,DET,23.0,63,107.5,108.5,108.5,107.5,108.2,108.2,0.0,0.3,0.3,0.122,2.0,15.9,0.008,0.121,0.062,8.0,7.9,0.54,0.56,0.179,0.184,98.05,97.34,81.12,97.34,0.09,2933,3.6,8.3,226,190,190,239,260,260,223,215,215,232,161,246,490,271,344,137,137,171,214,228,230,506,520,520,226,179,170
1628436,Luke Kornet,1610612752,NYK,23.0,46,102.9,102.5,102.5,105.1,106.0,106.0,-2.3,-3.5,-3.5,0.108,2.16,14.2,0.033,0.123,0.079,6.6,6.5,0.502,0.531,0.178,0.184,102.17,101.94,84.95,101.94,0.093,1666,2.3,6.2,400,409,409,137,167,167,300,321,321,269,144,292,238,263,258,70,72,300,317,233,232,270,284,284,212,306,256
2736,Luol Deng,1610612750,MIN,34.0,22,115.2,115.1,115.1,105.1,105.1,105.1,10.1,10.0,10.0,0.062,1.29,10.9,0.049,0.125,0.088,8.5,8.5,0.559,0.588,0.155,0.16,100.82,100.84,84.03,100.84,0.093,826,2.7,5.4,23,29,29,134,130,130,32,30,30,435,339,403,165,256,216,177,179,112,114,350,357,372,369,369,213,265,296
1627781,Malachi Richardson,1610612761,TOR,23.0,22,91.9,91.6,91.6,99.2,96.2,96.2,-7.3,-4.6,-4.6,0.0,0.0,0.0,0.016,0.087,0.052,20.5,20.4,0.448,0.481,0.142,0.149,108.58,110.46,92.05,110.46,0.003,238,0.4,1.3,509,505,505,32,27,27,419,347,347,510,500,510,407,422,425,522,522,447,443,409,406,16,19,19,515,508,507
1627763,Malcolm Brogdon,1610612749,MIL,26.0,64,113.1,113.4,113.4,102.6,102.7,102.7,10.4,10.7,10.7,0.157,2.25,18.5,0.035,0.107,0.073,8.2,8.2,0.575,0.614,0.202,0.207,105.16,104.93,87.44,104.93,0.12,4002,5.9,11.7,51,48,48,64,71,71,30,22,22,169,129,191,231,326,288,157,156,79,64,161,163,102,106,106,94,69,89
1626259,Malcolm Miller,1610612761,TOR,26.0,10,107.2,105.5,105.5,111.6,110.2,110.2,-4.4,-4.7,-4.7,0.024,1.0,3.3,0.015,0.048,0.034,3.3,3.4,0.615,0.63,0.18,0.186,103.31,104.8,87.33,104.8,0.069,146,1.1,2.6,247,320,320,435,363,363,342,350,350,507,415,507,412,509,508,27,27,35,46,225,223,182,114,114,371,451,457
1627736,Malik Beasley,1610612743,DEN,22.0,81,110.3,111.2,111.2,108.3,107.3,107.3,2.1,3.9,3.9,0.074,1.76,10.6,0.018,0.085,0.051,6.0,6.0,0.584,0.599,0.181,0.187,100.51,100.59,83.82,100.59,0.089,3929,4.3,9.1,113,94,94,277,221,221,163,121,121,388,222,410,384,427,434,56,56,68,91,221,218,393,392,392,236,132,146
1628370,Malik Monk,1610612766,CHA,21.0,73,108.0,108.4,108.4,111.2,111.1,111.1,-3.2,-2.7,-2.7,0.143,1.36,14.1,0.012,0.095,0.052,10.4,10.3,0.48,0.518,0.236,0.245,102.37,102.17,85.14,102.17,0.073,2691,3.1,8.0,202,197,197,415,404,404,324,309,309,194,320,295,464,382,420,323,320,372,362,81,74,253,271,271,345,213,179
202705,MarShon Brooks,1610612763,MEM,30.0,29,100.7,101.3,101.3,104.6,104.1,104.1,-3.9,-2.8,-2.8,0.112,1.19,10.9,0.03,0.089,0.058,9.1,9.1,0.494,0.518,0.233,0.24,97.13,97.12,80.93,97.12,0.084,782,2.6,5.8,457,436,436,118,97,97,334,312,312,261,365,405,260,407,375,229,232,336,360,88,87,512,522,522,270,276,273
201188,Marc Gasol,1610612761,TOR,34.0,79,107.5,108.4,108.4,103.6,104.9,104.9,3.8,3.5,3.5,0.222,2.25,23.5,0.034,0.227,0.132,10.4,10.4,0.505,0.546,0.21,0.213,98.2,97.16,80.97,97.16,0.131,4924,4.9,11.0,233,195,195,94,123,123,119,131,131,89,130,99,235,46,93,324,326,288,269,142,151,504,521,521,62,109,98
101162,Marcin Gortat,1610612746,LAC,35.0,47,105.3,106.0,106.0,112.1,112.5,112.5,-6.8,-6.5,-6.5,0.123,1.3,20.1,0.089,0.253,0.172,15.5,15.5,0.532,0.562,0.148,0.15,100.48,99.94,83.28,99.94,0.097,1564,2.1,4.0,330,297,297,447,453,453,407,405,405,230,337,155,61,22,30,506,505,192,203,390,404,399,424,424,195,333,380
201158,Marco Belinelli,1610612759,SAS,33.0,79,111.8,111.0,111.0,109.8,110.1,110.1,2.0,0.8,0.8,0.102,1.83,14.0,0.009,0.093,0.052,7.7,7.6,0.52,0.557,0.187,0.194,102.19,102.39,85.33,102.39,0.075,3873,3.6,8.7,72,105,105,361,358,358,166,198,198,292,205,301,484,390,426,119,117,238,227,198,192,269,253,253,333,181,152
1629094,Marcus Derrickson,1610612744,GSW,23.0,11,100.1,96.4,96.4,105.4,104.3,104.3,-5.3,-7.9,-7.9,0.026,0.33,2.6,0.104,0.063,0.083,7.7,7.7,0.636,0.653,0.233,0.247,97.12,99.46,82.89,99.46,0.109,140,1.5,3.0,465,487,487,147,107,107,366,436,436,505,495,508,35,489,240,120,122,22,21,86,70,513,453,453,136,413,430
202694,Marcus Morris Sr.,1610612738,BOS,29.0,75,110.1,110.3,110.3,107.9,108.9,108.9,2.3,1.4,1.4,0.073,1.18,9.7,0.035,0.176,0.106,8.2,8.2,0.533,0.568,0.203,0.208,102.41,101.87,84.89,101.87,0.099,4442,5.0,11.3,121,132,132,254,298,298,160,180,180,391,367,430,224,114,150,160,158,190,182,159,160,248,291,291,187,105,95
203935,Marcus Smart,1610612738,BOS,25.0,80,110.8,110.5,110.5,105.2,106.7,106.7,5.6,3.8,3.8,0.19,2.61,30.1,0.025,0.077,0.051,11.5,11.5,0.533,0.568,0.144,0.148,101.78,101.24,84.36,101.24,0.079,4633,3.0,7.1,92,123,123,143,195,195,88,122,122,127,79,43,294,456,433,382,379,191,186,406,410,294,332,332,304,225,210
1626209,Mario Hezonja,1610612752,NYK,24.0,58,101.2,102.0,102.0,111.0,112.0,112.0,-9.7,-10.0,-10.0,0.116,1.0,12.8,0.021,0.168,0.093,12.8,12.8,0.457,0.497,0.208,0.213,101.66,100.79,83.99,100.79,0.082,2529,3.3,8.0,448,420,420,408,437,437,459,465,465,248,415,350,338,132,190,451,453,437,410,148,152,305,375,375,284,198,180
1628365,Markelle Fultz,1610612753,ORL,21.0,19,103.1,102.9,102.9,101.9,103.3,103.3,1.2,-0.4,-0.4,0.212,2.36,23.0,0.056,0.088,0.073,9.8,9.8,0.432,0.452,0.189,0.193,105.34,104.69,87.24,104.69,0.069,929,3.4,8.2,394,393,393,50,80,80,191,244,244,96,105,107,149,410,287,280,283,460,467,195,199,97,122,122,373,190,173
202693,Markieff Morris,1610612760,OKC,29.0,58,106.2,107.1,107.1,111.5,113.0,113.0,-5.4,-5.9,-5.9,0.092,1.46,12.0,0.045,0.161,0.101,8.2,8.2,0.492,0.521,0.191,0.194,103.72,102.63,85.52,102.63,0.075,2716,3.5,8.3,287,251,251,433,461,461,373,382,382,323,294,375,181,147,170,152,161,346,349,191,193,158,235,235,332,185,167
1627737,Marquese Chriss,1610612739,CLE,21.0,43,101.4,100.7,100.7,119.7,117.9,117.9,-18.3,-17.2,-17.2,0.069,0.61,8.5,0.072,0.216,0.138,13.9,14.0,0.417,0.455,0.196,0.204,99.31,100.42,83.68,100.42,0.054,1048,1.6,4.2,441,442,442,513,511,511,512,505,505,408,484,465,109,56,83,487,488,471,462,173,169,484,400,400,433,399,365
1628963,Marvin Bagley III,1610612758,SAC,20.0,62,107.4,107.8,107.8,110.2,111.0,111.0,-2.8,-3.2,-3.2,0.06,0.63,6.3,0.092,0.18,0.136,9.9,10.0,0.525,0.562,0.237,0.24,104.74,104.19,86.83,104.19,0.124,3405,5.7,11.4,237,224,224,382,398,398,312,315,315,440,481,492,54,108,89,294,301,213,205,79,86,118,151,151,80,78,92
101107,Marvin Williams,1610612766,CHA,33.0,75,109.3,110.5,110.5,110.6,110.9,110.9,-1.3,-0.4,-0.4,0.061,1.96,11.1,0.033,0.152,0.091,5.7,5.7,0.529,0.548,0.147,0.15,100.42,99.73,83.11,99.73,0.08,4437,3.7,8.7,154,118,118,395,395,395,269,241,241,439,177,398,241,167,203,52,52,198,258,393,403,402,434,434,297,173,155
203486,Mason Plumlee,1610612743,DEN,29.0,82,108.9,109.3,109.3,106.9,106.1,106.1,2.1,3.2,3.2,0.199,1.93,27.0,0.091,0.198,0.144,14.0,14.0,0.595,0.602,0.159,0.164,99.38,99.6,83.0,99.6,0.115,3571,3.2,5.4,167,168,168,210,168,168,162,136,136,116,184,62,57,79,67,491,491,53,85,332,339,480,444,444,111,206,294
203521,Matthew Dellavedova,1610612739,CLE,28.0,48,104.0,103.3,103.3,107.0,107.0,107.0,-3.0,-3.7,-3.7,0.329,2.66,35.1,0.007,0.081,0.044,13.2,13.2,0.496,0.532,0.173,0.178,100.33,100.71,83.92,100.71,0.082,1705,2.0,5.0,368,387,387,217,208,208,316,325,325,21,71,12,499,439,478,465,465,335,308,265,264,411,380,380,286,339,316
203090,Maurice Harkless,1610612757,POR,26.0,60,113.4,114.6,114.6,106.1,106.8,106.8,7.3,7.9,7.9,0.068,1.64,13.7,0.052,0.128,0.09,8.3,8.3,0.53,0.547,0.135,0.137,102.59,101.67,84.73,101.67,0.073,2998,3.2,6.5,45,35,35,177,200,200,57,51,51,414,246,315,158,249,206,171,172,197,261,438,445,235,306,306,344,212,239
1628467,Maxi Kleber,1610612742,DAL,27.0,71,107.1,108.0,108.0,104.9,105.3,105.3,2.2,2.7,2.7,0.068,1.3,12.9,0.057,0.149,0.103,9.9,10.0,0.553,0.579,0.132,0.135,100.98,100.35,83.63,100.35,0.089,3131,2.5,5.4,252,214,214,128,135,135,161,149,149,412,338,343,147,180,163,297,298,136,148,445,448,359,407,407,238,294,291
1628982,Melvin Frazier Jr.,1610612753,ORL,22.0,10,101.4,96.0,96.0,109.5,109.5,109.5,-8.2,-13.5,-13.5,0.032,1.0,4.0,0.053,0.045,0.05,4.0,4.0,0.333,0.33,0.205,0.221,101.91,104.79,87.32,104.79,-0.02,99,0.7,2.1,443,490,490,341,326,326,443,490,490,503,415,504,157,511,446,31,32,499,510,156,133,290,117,117,524,488,477
203086,Meyers Leonard,1610612757,POR,27.0,61,108.6,108.5,108.5,114.1,112.2,112.2,-5.5,-3.7,-3.7,0.123,1.74,19.6,0.055,0.206,0.13,11.2,11.2,0.649,0.675,0.149,0.153,99.38,100.3,83.58,100.3,0.108,1830,2.2,4.0,176,192,192,485,442,442,375,326,326,228,228,173,155,68,95,362,361,15,14,380,382,481,409,409,139,324,379
201563,Michael Beasley,1610612747,LAL,30.0,26,103.2,102.8,102.8,109.7,108.8,108.8,-6.5,-6.0,-6.0,0.149,0.93,11.4,0.044,0.153,0.1,12.3,12.2,0.5,0.532,0.288,0.299,102.91,103.53,86.28,103.53,0.105,597,2.9,5.9,393,395,395,359,295,295,398,385,385,183,441,392,184,166,173,432,427,302,312,22,20,209,186,186,154,233,270
203487,Michael Carter-Williams,1610612753,ORL,27.0,28,109.8,109.4,109.4,110.0,109.2,109.2,-0.2,0.2,0.2,0.262,3.5,29.4,0.043,0.143,0.088,8.4,8.5,0.415,0.458,0.176,0.18,105.16,105.79,88.16,105.79,0.085,820,1.6,4.4,135,165,165,371,315,315,232,219,219,50,26,47,190,202,218,174,178,472,461,243,250,101,72,72,263,386,351
203077,Michael Kidd-Gilchrist,1610612766,CHA,25.0,64,106.3,106.4,106.4,106.7,107.4,107.4,-0.4,-0.9,-0.9,0.077,1.42,12.4,0.069,0.129,0.098,8.7,8.8,0.5,0.553,0.153,0.157,101.29,100.91,84.09,100.91,0.075,2467,2.5,5.2,280,275,275,202,228,228,239,258,258,378,305,362,115,245,177,197,197,302,242,360,364,335,363,363,330,293,305
1628969,Mikal Bridges,1610612756,PHX,22.0,82,104.8,105.3,105.3,111.3,112.0,112.0,-6.5,-6.8,-6.8,0.097,2.47,20.3,0.023,0.085,0.054,8.2,8.2,0.523,0.556,0.119,0.122,102.79,102.19,85.16,102.19,0.064,5128,3.0,6.9,348,326,326,420,438,438,399,411,411,309,91,151,312,426,409,156,153,222,228,486,487,222,269,269,393,228,222
201144,Mike Conley,1610612763,MEM,31.0,70,105.7,106.3,106.3,105.4,105.6,105.6,0.4,0.7,0.7,0.327,3.45,24.2,0.017,0.088,0.051,7.0,6.9,0.507,0.569,0.262,0.273,98.5,98.11,81.76,98.11,0.151,4782,7.0,16.0,309,283,283,146,150,150,212,206,206,23,28,93,396,413,430,87,86,279,178,45,44,499,506,506,34,40,32
203488,Mike Muscala,1610612747,LAL,27.0,64,108.0,107.6,107.6,106.0,106.5,106.5,2.0,1.0,1.0,0.081,1.58,14.6,0.041,0.133,0.088,9.2,9.2,0.525,0.564,0.138,0.143,105.06,105.03,87.53,105.03,0.07,2859,2.3,5.6,199,232,232,173,190,190,165,188,188,360,266,278,193,229,219,235,234,215,197,428,424,107,100,100,359,310,279
203118,Mike Scott,1610612755,PHI,30.0,79,108.4,108.2,108.2,106.8,106.4,106.4,1.6,1.8,1.8,0.064,1.5,12.1,0.029,0.147,0.09,8.1,8.1,0.52,0.528,0.139,0.143,105.14,105.42,87.85,105.42,0.063,3060,2.1,5.3,184,207,207,209,186,186,186,171,171,425,285,372,263,189,207,144,145,236,329,425,429,104,90,90,402,331,299
1628970,Miles Bridges,1610612766,CHA,21.0,80,107.2,107.8,107.8,111.3,111.5,111.5,-4.1,-3.7,-3.7,0.081,1.9,13.8,0.037,0.148,0.091,7.3,7.2,0.527,0.548,0.147,0.151,101.66,101.3,84.42,101.3,0.085,3582,3.0,6.4,248,225,225,421,415,415,339,324,324,359,192,311,209,183,202,95,97,204,259,397,391,304,327,327,256,227,246
203101,Miles Plumlee,1610612737,ATL,30.0,18,101.9,101.3,101.3,116.4,111.5,111.5,-14.4,-10.2,-10.2,0.155,1.7,19.1,0.085,0.141,0.111,11.2,11.3,0.667,0.654,0.166,0.168,105.25,107.84,89.87,107.84,0.122,387,1.8,2.7,426,434,434,504,417,417,498,469,469,174,234,179,75,211,145,363,368,12,20,310,318,99,34,34,88,365,451
1628462,Milos Teodosic,1610612746,LAC,32.0,15,118.2,116.6,116.6,110.9,111.2,111.2,7.4,5.4,5.4,0.26,1.52,33.3,0.021,0.084,0.053,21.9,21.9,0.55,0.557,0.171,0.178,106.13,106.72,88.93,106.72,0.036,337,1.1,2.7,10,15,15,405,407,407,54,86,86,54,275,18,347,432,413,524,524,144,225,277,263,61,53,53,487,446,451
1628249,Mitchell Creek,1610612750,MIN,27.0,5,101.6,105.0,105.0,99.3,96.1,96.1,2.3,8.9,8.9,0.188,6.0,23.1,0.109,0.105,0.107,3.8,3.8,0.5,0.55,0.169,0.173,102.86,102.82,85.68,102.82,0.14,100,1.6,3.2,435,335,335,33,26,26,159,37,37,129,3,105,28,336,148,29,29,302,251,285,298,214,225,225,46,394,416
1629011,Mitchell Robinson,1610612752,NYK,21.0,66,103.4,103.3,103.3,108.7,109.6,109.6,-5.3,-6.2,-6.2,0.042,1.06,8.8,0.122,0.166,0.144,8.3,8.3,0.694,0.692,0.119,0.123,101.45,101.08,84.24,101.08,0.115,2852,3.1,4.4,391,384,384,296,332,332,372,396,396,493,405,455,18,138,65,167,167,8,8,485,486,325,347,347,109,216,349
1628964,Mo Bamba,1610612753,ORL,21.0,47,94.2,94.3,94.3,108.0,109.2,109.2,-13.8,-14.9,-14.9,0.086,0.91,11.1,0.074,0.213,0.14,12.3,12.2,0.525,0.539,0.174,0.18,100.27,99.7,83.09,99.7,0.103,1590,2.5,5.2,502,498,498,264,316,316,494,498,498,341,445,396,107,63,79,431,430,216,284,255,249,419,436,436,171,289,306
1628420,Monte Morris,1610612743,DEN,24.0,82,108.7,109.4,109.4,105.7,105.1,105.1,3.1,4.3,4.3,0.221,5.71,27.4,0.017,0.078,0.047,4.8,4.8,0.56,0.577,0.168,0.173,99.2,99.16,82.63,99.16,0.113,4071,4.2,8.6,172,162,162,159,128,128,138,107,107,90,4,57,403,448,460,39,39,107,151,295,294,487,472,472,118,139,161
1626149,Montrezl Harrell,1610612746,LAC,25.0,82,111.2,111.9,111.9,109.6,109.9,109.9,1.6,1.9,1.9,0.123,1.23,12.0,0.085,0.146,0.117,9.8,9.7,0.617,0.636,0.227,0.235,104.57,104.09,86.74,104.09,0.14,4666,6.7,10.8,82,78,78,346,350,350,179,167,167,227,353,376,76,191,124,279,273,32,35,95,96,126,157,157,47,47,103
1629021,Moritz Wagner,1610612747,LAL,22.0,43,95.1,95.7,95.7,106.5,105.5,105.5,-11.3,-9.8,-9.8,0.084,0.62,9.4,0.035,0.142,0.089,15.3,15.2,0.48,0.533,0.21,0.218,105.54,105.7,88.08,105.7,0.069,982,1.7,4.0,499,492,492,194,143,143,473,461,461,351,483,438,225,209,213,503,503,375,306,145,142,84,77,77,362,384,376
1626167,Myles Turner,1610612754,IND,23.0,74,106.2,107.3,107.3,103.6,104.5,104.5,2.6,2.8,2.8,0.083,1.15,10.6,0.048,0.195,0.123,9.2,9.2,0.536,0.567,0.199,0.203,99.8,98.83,82.36,98.83,0.119,4362,5.1,10.5,288,241,241,92,111,111,150,146,146,354,385,409,168,86,107,236,236,179,190,165,172,451,480,480,96,102,112
1628513,Naz Mitrou-Long,1610612762,UTA,25.0,14,110.4,103.3,103.3,122.3,124.5,124.5,-11.9,-21.2,-21.2,0.25,1.88,34.1,0.011,0.057,0.034,18.2,18.2,0.35,0.383,0.139,0.149,102.79,105.25,87.71,105.25,0.016,184,0.4,1.4,111,388,388,518,523,523,479,510,510,61,198,16,469,501,505,516,516,495,493,423,408,221,94,94,510,506,501
202357,Nemanja Bjelica,1610612758,SAC,31.0,77,111.1,111.5,111.5,108.0,108.7,108.7,3.1,2.7,2.7,0.107,1.79,17.1,0.065,0.171,0.117,9.5,9.5,0.566,0.585,0.162,0.165,105.8,105.31,87.76,105.31,0.096,3911,3.7,7.7,85,86,86,267,286,286,139,148,148,276,215,224,122,127,120,259,259,96,128,320,329,74,92,92,202,172,186
2403,Nene,1610612745,HOU,36.0,42,111.4,111.1,111.1,103.0,101.9,101.9,8.5,9.2,9.2,0.07,2.36,15.0,0.058,0.152,0.105,6.4,6.3,0.517,0.552,0.114,0.118,101.03,101.71,84.76,101.71,0.069,1154,1.4,2.8,74,97,97,69,59,59,41,34,34,403,104,269,143,170,156,65,65,245,246,498,496,353,301,301,370,415,445
203457,Nerlens Noel,1610612760,OKC,25.0,77,99.9,99.0,99.0,102.1,101.7,101.7,-2.2,-2.6,-2.6,0.067,0.94,11.1,0.105,0.176,0.139,11.9,11.9,0.587,0.608,0.137,0.143,103.22,103.88,86.57,103.88,0.122,2277,2.1,3.6,469,468,468,52,56,56,295,307,307,420,439,395,31,115,81,411,412,65,74,432,427,190,174,174,87,334,394
201156,Nick Young,1610612743,DEN,34.0,4,98.8,98.7,98.7,105.3,103.8,103.8,-6.6,-5.1,-5.1,0.077,1.0,15.4,0.0,0.026,0.012,15.4,15.4,0.5,0.5,0.126,0.129,100.7,101.47,84.56,101.47,0.003,78,0.8,2.3,478,470,470,145,91,91,401,360,360,378,415,260,505,518,520,504,504,302,401,469,469,382,314,314,514,486,474
201587,Nicolas Batum,1610612766,CHA,30.0,75,108.4,109.7,109.7,109.3,110.3,110.3,-0.9,-0.5,-0.5,0.145,2.11,25.7,0.028,0.131,0.079,12.2,12.1,0.553,0.581,0.129,0.132,100.86,99.83,83.19,99.83,0.084,4898,3.4,7.5,183,149,149,332,368,368,253,247,247,189,151,74,270,237,259,426,424,134,140,461,463,366,430,430,266,195,191
203917,Nik Stauskas,1610612739,CLE,25.0,68,101.4,100.8,100.8,114.3,113.7,113.7,-12.9,-12.9,-12.9,0.123,1.59,16.3,0.016,0.104,0.059,10.2,10.2,0.506,0.545,0.171,0.177,100.69,101.25,84.37,101.25,0.078,2150,2.0,5.0,440,440,440,489,480,480,487,487,487,231,265,242,408,345,371,315,316,283,273,274,270,383,331,331,311,341,319
203999,Nikola Jokić,1610612743,DEN,24.0,80,111.3,113.3,113.3,107.0,107.5,107.5,4.3,5.8,5.8,0.361,2.34,26.5,0.089,0.249,0.169,11.4,11.3,0.545,0.589,0.271,0.274,99.51,98.4,82.0,98.4,0.188,5140,7.7,15.1,79,51,51,216,234,234,109,80,80,14,107,65,62,27,33,369,366,162,112,38,43,474,493,493,13,28,40
202703,Nikola Mirotic,1610612749,MIL,28.0,46,111.9,112.0,112.0,107.6,108.3,108.3,4.3,3.7,3.7,0.061,1.15,7.9,0.045,0.198,0.123,6.9,6.9,0.546,0.584,0.206,0.211,106.97,106.6,88.84,106.6,0.116,2772,5.2,11.8,69,74,74,242,264,264,108,123,123,437,386,476,180,78,108,81,82,156,131,155,155,33,55,55,108,99,87
202696,Nikola Vučević,1610612753,ORL,28.0,80,109.2,110.4,110.4,105.6,106.4,106.4,3.6,4.0,4.0,0.208,1.93,16.0,0.088,0.286,0.188,8.3,8.3,0.549,0.573,0.276,0.28,100.11,99.22,82.69,99.22,0.185,5194,8.8,16.9,157,127,127,156,181,181,123,115,115,102,182,245,67,13,17,165,166,150,161,34,37,437,467,467,14,15,26
203943,Noah Vonleh,1610612752,NYK,23.0,68,103.9,104.7,104.7,111.6,112.4,112.4,-7.7,-7.7,-7.7,0.108,1.47,17.8,0.06,0.234,0.145,12.1,12.1,0.523,0.561,0.144,0.147,102.03,101.27,84.39,101.27,0.104,3626,3.0,6.5,373,346,346,436,450,450,432,425,425,267,293,209,138,39,64,425,426,226,209,405,412,283,330,330,159,218,238
1626181,Norman Powell,1610612761,TOR,26.0,60,105.8,105.8,105.8,104.7,105.5,105.5,1.1,0.3,0.3,0.119,1.4,15.5,0.013,0.102,0.058,11.1,11.0,0.568,0.596,0.182,0.188,103.8,103.46,86.22,103.46,0.092,2432,3.2,6.7,304,308,308,124,142,142,193,216,216,240,311,258,444,347,380,351,351,93,96,219,216,154,189,189,218,202,229
1628384,OG Anunoby,1610612761,TOR,21.0,67,105.0,104.9,104.9,105.6,106.5,106.5,-0.6,-1.7,-1.7,0.05,0.85,8.8,0.04,0.1,0.069,10.3,10.3,0.536,0.544,0.148,0.152,103.42,103.04,85.87,103.04,0.057,2903,2.7,6.0,338,341,341,157,192,192,247,280,280,476,458,452,198,358,309,322,321,180,277,388,383,174,210,210,418,253,261
1627855,Okaro White,1610612764,WAS,26.0,3,76.9,66.7,66.7,93.7,92.9,92.9,-16.7,-26.2,-26.2,0.0,0.0,0.0,0.091,0.143,0.111,0.0,0.0,0.0,0.0,0.105,0.118,102.78,110.89,92.41,110.89,-0.028,15,0.0,0.7,523,523,523,19,21,21,507,520,520,510,500,510,55,202,140,1,1,519,521,507,498,223,15,15,525,519,525
1629016,Omari Spellman,1610612737,ATL,21.0,46,102.4,102.6,102.6,113.9,112.8,112.8,-11.4,-10.3,-10.3,0.085,1.52,13.7,0.08,0.144,0.111,9.0,9.1,0.492,0.516,0.146,0.149,106.45,106.88,89.07,106.88,0.079,1783,2.1,5.3,414,405,405,480,458,458,475,470,470,346,280,317,89,200,144,217,225,345,369,400,407,49,48,48,302,330,300
201956,Omri Casspi,1610612763,MEM,31.0,36,104.1,104.3,104.3,103.6,103.2,103.2,0.5,1.1,1.1,0.077,1.13,11.0,0.033,0.184,0.109,9.7,9.8,0.581,0.606,0.17,0.175,100.84,100.95,84.12,100.95,0.118,1098,2.4,4.5,366,363,363,93,77,77,209,187,187,381,389,400,244,102,146,275,280,72,79,279,286,370,360,360,102,301,344
203490,Otto Porter Jr.,1610612741,CHI,26.0,56,110.3,111.2,111.2,110.2,111.6,111.6,0.1,-0.4,-0.4,0.1,1.85,13.9,0.031,0.153,0.092,7.5,7.5,0.546,0.569,0.185,0.189,104.16,103.07,85.89,103.07,0.103,3612,5.3,11.5,114,90,90,378,423,423,217,242,242,300,202,306,250,163,199,110,110,157,177,206,211,140,207,207,161,94,90
200782,P.J. Tucker,1610612745,HOU,34.0,82,112.4,114.0,114.0,108.1,109.5,109.5,4.3,4.5,4.5,0.047,1.52,13.5,0.041,0.129,0.084,8.9,8.9,0.535,0.547,0.094,0.095,99.57,98.22,81.85,98.22,0.056,5728,2.5,6.4,63,41,41,269,328,328,110,103,103,482,275,321,192,242,236,204,207,182,263,520,521,467,501,501,423,283,248
1628408,PJ Dozier,1610612738,BOS,22.0,6,117.2,112.6,112.6,90.1,90.1,90.1,27.1,22.5,22.5,0.125,0.0,18.5,0.102,0.172,0.138,0.0,0.0,0.429,0.434,0.173,0.18,102.77,104.79,87.33,104.79,0.121,111,1.3,3.5,14,61,61,12,16,16,6,8,8,222,500,191,37,124,84,1,1,464,477,266,254,224,116,116,93,424,397
1627783,Pascal Siakam,1610612761,TOR,25.0,80,114.2,114.8,114.8,102.6,104.2,104.2,11.6,10.6,10.6,0.141,1.61,16.8,0.05,0.154,0.105,10.5,10.4,0.591,0.628,0.205,0.209,101.92,100.86,84.05,100.86,0.124,5364,6.5,11.8,35,33,33,60,100,100,22,25,25,198,258,227,163,158,160,327,325,59,49,157,156,289,367,367,81,51,86
1626192,Pat Connaughton,1610612749,MIL,26.0,61,111.2,111.0,111.0,106.0,106.1,106.1,5.2,5.0,5.0,0.128,3.7,23.3,0.046,0.135,0.092,6.3,6.3,0.56,0.573,0.13,0.133,104.78,104.84,87.36,104.84,0.094,2746,2.7,5.7,83,98,98,176,172,172,95,93,93,219,21,103,177,223,197,64,64,106,160,455,458,115,112,112,208,267,276
201976,Patrick Beverley,1610612746,LAC,30.0,78,112.0,112.7,112.7,108.4,108.7,108.7,3.6,4.0,4.0,0.183,3.53,32.7,0.035,0.135,0.087,9.3,9.3,0.524,0.561,0.12,0.122,103.17,102.68,85.57,102.68,0.079,4557,2.5,6.1,68,59,59,282,288,288,125,116,116,135,25,26,230,222,222,237,239,219,211,483,489,193,231,231,309,290,258
1627775,Patrick McCaw,1610612761,TOR,23.0,29,104.6,103.6,103.6,110.1,109.9,109.9,-5.5,-6.4,-6.4,0.099,1.71,25.0,0.017,0.105,0.061,14.7,14.7,0.484,0.532,0.093,0.096,101.37,101.97,84.97,101.97,0.049,841,0.9,2.2,350,377,377,374,349,349,379,400,400,302,233,80,389,339,354,501,500,363,313,521,520,331,280,280,462,475,476
202335,Patrick Patterson,1610612760,OKC,30.0,63,101.5,101.5,101.5,107.4,107.3,107.3,-5.9,-5.7,-5.7,0.049,1.41,10.9,0.043,0.114,0.078,7.7,7.7,0.479,0.493,0.118,0.122,105.14,105.18,87.65,105.18,0.06,1885,1.3,3.5,438,428,428,231,220,220,386,378,378,477,307,402,188,286,263,128,125,376,416,490,488,105,98,98,411,432,399
201988,Patty Mills,1610612759,SAS,30.0,82,114.4,113.6,113.6,109.0,109.1,109.1,5.4,4.5,4.5,0.174,2.63,23.4,0.012,0.076,0.045,8.9,8.9,0.545,0.572,0.175,0.18,102.41,102.73,85.61,102.73,0.081,4091,3.4,8.1,33,44,44,309,311,311,90,101,101,150,76,100,459,458,471,206,206,161,162,251,252,247,228,228,294,189,178
2200,Pau Gasol,1610612749,MIL,38.0,30,107.0,104.9,104.9,110.9,111.1,111.1,-4.0,-6.2,-6.2,0.209,3.25,28.6,0.058,0.304,0.181,8.8,8.9,0.479,0.529,0.151,0.154,102.21,103.18,85.98,103.18,0.13,782,1.4,3.1,258,339,339,407,401,401,336,394,394,97,37,51,145,10,25,199,209,380,327,371,379,267,202,202,65,418,420
202331,Paul George,1610612760,OKC,29.0,77,110.4,112.1,112.1,103.1,103.9,103.9,7.3,8.2,8.2,0.173,1.55,13.5,0.033,0.173,0.101,8.7,8.6,0.529,0.583,0.285,0.294,105.51,104.35,86.96,104.35,0.161,6172,9.2,21.0,107,72,72,79,93,93,58,44,44,153,269,320,242,121,168,196,188,200,133,25,22,86,144,144,25,8,2
200794,Paul Millsap,1610612743,DEN,34.0,70,112.8,114.0,114.0,105.1,105.4,105.4,7.7,8.6,8.6,0.104,1.48,13.9,0.078,0.182,0.13,9.4,9.4,0.528,0.57,0.191,0.195,100.08,99.44,82.87,99.44,0.113,3927,4.6,9.5,56,42,42,135,139,139,48,41,41,285,291,303,94,103,96,247,252,203,173,188,191,439,455,455,117,122,134
203112,Quincy Acy,1610612756,PHX,28.0,10,102.1,99.3,99.3,96.9,96.4,96.4,5.2,2.8,2.8,0.088,2.0,22.9,0.022,0.153,0.089,11.4,11.6,0.278,0.379,0.088,0.092,106.78,108.55,90.46,108.55,0.017,276,0.4,1.8,424,465,465,25,29,29,94,145,145,337,161,112,324,165,209,372,393,510,495,522,522,38,28,28,509,509,489
202347,Quincy Pondexter,1610612759,SAS,31.0,53,102.1,99.2,99.2,105.3,101.4,101.4,-3.2,-2.2,-2.2,0.121,1.85,20.9,0.028,0.123,0.077,11.3,11.5,0.552,0.641,0.129,0.134,99.32,102.62,85.52,102.62,0.09,624,0.5,1.1,425,466,466,144,50,50,323,301,301,234,202,139,273,260,266,365,372,141,31,460,456,483,237,237,232,499,514
1626188,Quinn Cook,1610612744,GSW,26.0,74,107.0,105.8,105.8,111.7,112.1,112.1,-4.7,-6.3,-6.3,0.167,2.32,18.9,0.021,0.123,0.072,8.1,8.1,0.557,0.565,0.2,0.208,100.42,100.79,83.99,100.79,0.093,2227,2.8,5.9,257,306,306,437,440,440,350,399,399,159,113,184,348,259,289,149,147,121,194,162,161,403,376,376,211,249,268
1626154,RJ Hunter,1610612738,BOS,25.0,1,136.0,132.1,132.1,76.4,79.2,79.2,59.6,52.8,52.8,0.15,0.0,17.6,0.037,0.05,0.045,0.0,0.0,0.615,0.612,0.226,0.229,99.46,99.05,82.54,99.05,0.133,53,6.0,13.0,2,3,3,6,8,8,3,3,3,181,500,215,208,507,473,1,1,35,67,102,105,476,475,475,61,65,63
200765,Rajon Rondo,1610612747,LAL,33.0,46,104.0,104.7,104.7,111.7,113.3,113.3,-7.7,-8.6,-8.6,0.36,2.89,39.0,0.023,0.142,0.083,13.5,13.5,0.464,0.473,0.172,0.175,105.65,104.55,87.13,104.55,0.099,2986,3.8,9.4,369,348,348,439,473,473,430,447,447,15,57,5,309,210,242,474,474,419,449,271,281,80,131,131,182,166,140
203526,Raul Neto,1610612762,UTA,27.0,37,117.5,116.1,116.1,100.6,98.6,98.6,16.9,17.5,17.5,0.251,2.66,30.5,0.014,0.105,0.064,11.5,11.5,0.522,0.558,0.184,0.19,102.93,104.55,87.12,104.55,0.096,1029,2.0,4.4,12,21,21,38,36,36,13,12,12,60,72,39,437,335,336,375,380,230,220,210,207,206,132,132,200,341,354
1628959,Rawle Alkins,1610612741,CHI,21.0,10,105.9,106.3,106.3,111.2,111.8,111.8,-5.3,-5.5,-5.5,0.137,1.63,20.0,0.077,0.12,0.097,12.3,12.3,0.372,0.418,0.173,0.179,102.34,101.9,84.92,101.9,0.051,256,1.3,3.9,302,288,288,414,428,428,371,374,374,203,254,157,97,272,179,433,431,488,481,263,258,256,289,289,450,433,383
1629034,Ray Spalding,1610612756,PHX,22.0,14,100.6,99.1,99.1,107.2,105.9,105.9,-6.6,-6.8,-6.8,0.052,0.56,7.6,0.091,0.19,0.142,13.6,13.6,0.532,0.516,0.164,0.173,104.06,105.51,87.92,105.51,0.092,325,1.8,3.4,461,467,467,224,158,158,400,412,412,465,490,483,55,91,75,479,476,194,365,314,297,144,88,88,215,364,404
101109,Raymond Felton,1610612760,OKC,35.0,33,100.9,100.9,100.9,98.0,98.3,98.3,2.9,2.6,2.6,0.209,3.71,25.1,0.009,0.074,0.04,6.8,6.8,0.481,0.505,0.165,0.17,103.11,102.99,85.83,102.99,0.089,811,1.7,4.1,453,439,439,30,34,34,142,151,151,97,20,78,483,463,489,77,78,369,388,312,311,196,213,213,237,380,368
203493,Reggie Bullock Jr.,1610612747,LAL,28.0,63,107.5,109.0,109.0,109.6,110.3,110.3,-2.1,-1.3,-1.3,0.096,1.98,15.8,0.011,0.082,0.045,8.0,7.9,0.537,0.563,0.154,0.158,102.1,101.09,84.24,101.09,0.069,3958,3.9,9.4,229,176,176,348,371,371,291,266,266,312,173,252,473,438,469,138,133,177,198,355,361,276,345,345,372,161,139
202704,Reggie Jackson,1610612765,DET,29.0,82,107.9,108.9,108.9,107.7,108.4,108.4,0.2,0.5,0.5,0.241,2.32,21.2,0.019,0.076,0.046,9.1,9.0,0.504,0.547,0.237,0.245,99.56,98.77,82.31,98.77,0.1,4719,5.4,12.8,211,180,180,245,268,268,215,208,208,74,110,135,368,457,464,228,218,291,262,77,73,468,481,481,180,93,67
1626158,Richaun Holmes,1610612756,PHX,25.0,70,102.9,103.5,103.5,109.5,108.9,108.9,-6.6,-5.4,-5.4,0.082,1.15,10.9,0.095,0.173,0.134,9.5,9.4,0.608,0.647,0.174,0.18,102.34,102.33,85.28,102.33,0.125,2507,3.2,5.2,398,378,378,343,301,301,403,368,368,356,381,403,52,122,90,256,248,41,23,259,251,258,263,263,76,210,303
201937,Ricky Rubio,1610612762,UTA,28.0,68,109.8,110.4,110.4,103.5,104.1,104.1,6.3,6.3,6.3,0.313,2.31,29.4,0.017,0.107,0.062,12.7,12.6,0.458,0.52,0.221,0.227,102.57,101.92,84.93,101.92,0.103,4030,4.3,10.7,139,124,124,87,98,98,75,73,73,29,116,48,392,327,342,448,448,436,352,112,114,237,286,286,168,131,106
203496,Robert Covington,1610612750,MIN,28.0,35,107.4,108.5,108.5,103.7,106.2,106.2,3.7,2.3,2.3,0.055,0.98,9.4,0.022,0.127,0.075,9.6,9.5,0.548,0.58,0.154,0.158,102.8,101.08,84.23,101.08,0.083,2535,4.5,10.3,238,191,191,95,177,177,120,158,158,459,434,441,328,250,278,262,261,152,146,354,363,220,348,348,274,125,114
1629057,Robert Williams III,1610612738,BOS,21.0,32,100.7,98.2,98.2,102.5,104.1,104.1,-1.9,-5.9,-5.9,0.04,0.7,9.3,0.086,0.164,0.126,13.3,13.4,0.706,0.703,0.101,0.105,102.35,102.84,85.7,102.84,0.111,599,1.1,1.6,458,472,472,59,96,96,285,383,383,500,474,442,71,142,101,469,472,6,6,515,515,255,222,222,126,448,493
201577,Robin Lopez,1610612741,CHI,31.0,74,104.2,105.5,105.5,109.2,109.9,109.9,-5.0,-4.4,-4.4,0.084,0.93,11.5,0.085,0.085,0.085,12.4,12.4,0.575,0.598,0.183,0.186,101.15,100.17,83.48,100.17,0.088,3353,4.1,7.2,364,318,318,320,347,347,360,339,339,349,440,389,74,430,232,438,438,80,92,213,225,347,414,414,242,148,202
1629066,Rodions Kurucs,1610612751,BKN,21.0,63,106.4,107.0,107.0,106.8,107.4,107.4,-0.4,-0.4,-0.4,0.057,0.68,8.4,0.04,0.131,0.086,12.4,12.4,0.514,0.545,0.175,0.179,106.58,106.05,88.38,106.05,0.069,2863,3.2,7.1,276,256,256,207,226,226,238,243,243,453,476,467,196,238,224,440,440,254,271,248,257,46,67,67,368,205,208
203918,Rodney Hood,1610612757,POR,26.0,72,105.5,106.3,106.3,112.5,113.7,113.7,-7.0,-7.4,-7.4,0.101,2.29,13.8,0.012,0.071,0.041,6.0,6.0,0.498,0.545,0.178,0.183,98.74,97.86,81.55,97.86,0.075,3864,4.1,9.3,324,286,286,462,478,478,410,422,422,294,123,313,457,470,486,55,55,327,274,232,233,495,513,513,337,151,142
203585,Rodney McGruder,1610612746,LAC,27.0,66,103.9,104.9,104.9,105.7,106.3,106.3,-1.8,-1.4,-1.4,0.103,1.75,16.8,0.035,0.106,0.07,9.6,9.6,0.489,0.51,0.147,0.151,101.38,100.62,83.85,100.62,0.068,3252,2.8,7.0,376,340,340,160,179,179,283,271,271,288,225,229,226,332,299,265,265,353,377,394,390,327,390,390,374,244,215
1627758,Ron Baker,1610612764,WAS,26.0,15,91.2,89.7,89.7,97.2,94.9,94.9,-6.0,-5.2,-5.2,0.139,3.0,34.9,0.006,0.069,0.035,11.6,11.7,0.225,0.309,0.075,0.077,102.94,105.01,87.51,105.01,0.013,331,0.3,1.3,512,508,508,27,25,25,390,363,363,202,43,14,503,475,503,392,398,515,514,526,526,204,102,102,511,516,505
1626178,Rondae Hollis-Jefferson,1610612751,BKN,24.0,59,105.5,106.3,106.3,105.5,105.6,105.6,0.0,0.7,0.7,0.119,1.41,13.1,0.06,0.17,0.115,9.3,9.3,0.42,0.464,0.21,0.214,104.21,103.84,86.53,103.84,0.088,2656,3.4,8.3,317,288,288,152,146,146,222,202,202,242,306,333,137,131,129,238,241,468,457,143,149,138,176,176,240,193,169
1626220,Royce O'Neale,1610612762,UTA,26.0,82,107.4,106.7,106.7,101.3,101.9,101.9,6.2,4.8,4.8,0.102,1.77,22.3,0.013,0.146,0.082,12.6,12.6,0.574,0.589,0.108,0.111,102.28,102.28,85.24,102.28,0.073,3562,2.0,4.2,236,261,261,42,60,60,77,95,95,293,221,117,447,190,246,446,447,82,113,505,506,260,264,264,348,349,366
200752,Rudy Gay,1610612759,SAS,32.0,69,111.1,110.9,110.9,106.1,106.8,106.8,5.0,4.1,4.1,0.145,1.6,16.5,0.034,0.209,0.125,10.3,10.3,0.554,0.583,0.216,0.22,99.85,99.55,82.96,99.55,0.128,3823,5.4,10.8,86,107,107,178,203,203,99,113,113,190,261,233,234,65,105,321,318,132,132,125,134,449,447,447,67,88,104
203497,Rudy Gobert,1610612762,UTA,27.0,81,109.0,110.5,110.5,102.3,103.6,103.6,6.7,6.9,6.9,0.095,1.24,13.0,0.117,0.27,0.194,10.5,10.5,0.669,0.682,0.175,0.177,102.56,101.23,84.36,101.23,0.17,5439,5.9,8.8,165,122,122,56,87,87,69,64,64,315,349,336,21,15,12,331,337,11,12,249,269,238,333,333,17,71,150
201566,Russell Westbrook,1610612760,OKC,30.0,73,110.5,112.4,112.4,106.0,107.4,107.4,4.6,5.0,5.0,0.44,2.41,28.2,0.036,0.255,0.141,11.7,11.7,0.468,0.501,0.301,0.305,106.55,104.93,87.44,104.93,0.164,5751,8.6,20.2,105,68,68,170,230,230,105,92,92,4,97,54,215,21,77,396,395,408,399,15,16,47,107,107,20,16,4
201583,Ryan Anderson,1610612748,MIA,31.0,25,95.7,95.8,95.8,107.5,108.6,108.6,-11.7,-12.8,-12.8,0.088,1.36,17.4,0.055,0.112,0.084,12.8,12.8,0.37,0.414,0.12,0.124,98.92,98.38,81.98,98.38,0.036,664,0.8,2.8,497,491,491,232,277,277,478,485,485,334,322,219,151,303,238,461,459,490,484,482,481,494,494,494,486,482,446
1627853,Ryan Arcidiacono,1610612741,CHI,25.0,81,103.9,104.4,104.4,109.8,110.2,110.2,-6.0,-5.8,-5.8,0.191,4.27,33.8,0.013,0.096,0.054,7.9,7.9,0.544,0.588,0.117,0.119,100.17,99.79,83.16,99.79,0.078,4071,2.3,5.2,375,360,360,365,360,360,387,380,380,125,10,17,441,379,408,134,136,166,119,492,495,429,431,431,316,308,307
1629151,Ryan Broekhoff,1610612742,DAL,28.0,42,110.4,111.2,111.2,104.3,102.8,102.8,6.1,8.3,8.3,0.069,1.38,12.9,0.017,0.113,0.065,9.4,9.3,0.603,0.621,0.14,0.145,100.63,101.01,84.17,101.01,0.075,950,1.4,3.0,109,95,95,110,73,73,79,42,42,407,315,344,399,300,328,243,240,44,57,421,416,387,353,353,331,423,430
1626257,Salah Mejri,1610612742,DAL,33.0,36,104.1,104.3,104.3,110.6,108.7,108.7,-6.5,-4.4,-4.4,0.137,1.67,19.3,0.081,0.216,0.149,11.6,11.5,0.54,0.559,0.153,0.159,100.62,101.38,84.48,101.38,0.108,837,1.5,3.1,365,362,362,394,285,285,397,342,342,204,238,176,86,54,57,388,381,172,217,361,358,388,317,317,143,404,422
1626155,Sam Dekker,1610612764,WAS,25.0,47,107.5,106.9,106.9,112.4,112.2,112.2,-4.9,-5.3,-5.3,0.081,1.92,13.2,0.064,0.123,0.092,6.9,6.9,0.506,0.519,0.157,0.162,102.16,102.5,85.42,102.5,0.083,1684,2.6,5.4,231,257,257,460,444,444,355,365,365,357,185,327,127,262,196,82,87,284,355,344,343,273,244,244,272,281,290
203159,Scott Machado,1610612747,LAL,29.0,4,102.2,110.3,110.3,113.4,110.3,110.3,-11.2,0.0,0.0,0.214,0.0,33.3,0.0,0.0,0.0,0.0,0.0,0.75,0.776,0.13,0.143,100.17,97.67,81.39,97.67,0.135,39,1.0,1.5,420,133,133,475,367,367,472,225,225,93,500,18,505,520,521,1,1,4,4,452,428,428,518,518,57,458,494
1628400,Semi Ojeleye,1610612738,BOS,24.0,56,108.5,106.3,106.3,99.5,100.2,100.2,9.0,6.0,6.0,0.054,1.21,10.6,0.038,0.093,0.067,8.7,8.7,0.513,0.531,0.137,0.142,101.23,101.9,84.92,101.9,0.057,1259,1.2,2.8,181,284,284,35,45,45,37,78,78,461,356,413,203,388,319,195,196,260,316,433,431,341,287,287,419,441,442
201586,Serge Ibaka,1610612761,TOR,29.0,74,113.0,113.5,113.5,105.8,107.4,107.4,7.2,6.1,6.1,0.076,0.87,8.5,0.078,0.204,0.144,9.8,9.8,0.557,0.582,0.227,0.231,101.37,100.39,83.66,100.39,0.123,4204,6.3,11.9,52,46,46,166,229,229,60,76,76,383,454,466,92,72,68,277,279,119,136,99,100,328,402,402,85,58,85
203552,Seth Curry,1610612757,POR,28.0,74,108.7,109.4,109.4,106.2,105.1,105.1,2.5,4.3,4.3,0.068,1.08,10.7,0.019,0.062,0.041,9.9,9.9,0.577,0.595,0.164,0.168,99.97,100.14,83.45,100.14,0.071,2923,2.9,6.3,175,163,163,182,131,131,154,110,110,411,396,407,371,491,483,296,295,76,97,317,317,444,418,418,358,235,252
203894,Shabazz Napier,1610612751,BKN,27.0,56,105.9,105.6,105.6,104.2,104.3,104.3,1.7,1.3,1.3,0.235,2.17,20.3,0.017,0.079,0.047,9.4,9.4,0.476,0.534,0.234,0.242,102.66,102.83,85.69,102.83,0.106,2099,3.0,7.8,297,316,316,106,105,105,177,185,185,79,142,150,397,446,456,244,245,388,303,85,84,229,224,224,152,222,183
1628983,Shai Gilgeous-Alexander,1610612746,LAC,20.0,82,108.6,108.8,108.8,110.4,110.8,110.8,-1.9,-2.0,-2.0,0.179,1.91,22.3,0.026,0.078,0.053,11.6,11.6,0.512,0.554,0.182,0.185,103.54,103.25,86.04,103.25,0.083,4669,4.2,8.7,180,181,181,389,389,389,286,291,291,141,187,118,285,453,419,393,392,262,237,217,227,165,199,199,282,143,154
1629003,Shake Milton,1610612755,PHI,22.0,20,113.0,110.9,110.9,112.4,112.1,112.1,0.6,-1.1,-1.1,0.086,3.0,15.8,0.031,0.096,0.062,5.3,5.3,0.471,0.483,0.147,0.152,101.56,102.63,85.53,102.63,0.049,576,1.7,4.4,53,106,106,459,439,439,199,262,262,342,43,253,252,375,343,44,44,401,440,392,387,315,233,233,459,377,355
1627885,Shaquille Harrison,1610612741,CHI,25.0,73,100.2,100.3,100.3,110.3,110.5,110.5,-10.1,-10.2,-10.2,0.142,2.32,20.6,0.022,0.132,0.076,8.9,8.8,0.46,0.494,0.16,0.165,101.16,100.99,84.16,100.99,0.082,3004,2.5,5.8,464,444,444,383,379,379,464,468,468,197,114,144,327,234,272,203,202,429,414,325,330,346,356,356,285,284,272
2733,Shaun Livingston,1610612744,GSW,33.0,64,111.4,110.5,110.5,106.3,107.3,107.3,5.1,3.2,3.2,0.154,3.0,29.7,0.043,0.071,0.058,9.9,9.9,0.519,0.555,0.118,0.121,101.48,101.37,84.48,101.37,0.073,2033,1.7,3.3,75,117,117,184,223,223,97,139,139,176,43,45,186,469,379,291,292,239,233,489,491,322,318,318,346,375,410
202714,Shelvin Mack,1610612766,CHA,29.0,57,99.7,99.3,99.3,108.6,108.4,108.4,-8.9,-9.1,-9.1,0.241,2.77,26.7,0.014,0.069,0.042,9.6,9.6,0.462,0.489,0.179,0.185,97.86,98.15,81.79,98.15,0.077,2543,2.9,7.1,473,463,463,289,271,271,452,452,452,75,62,64,429,476,480,269,267,424,427,231,229,507,504,504,322,236,211
1628414,Sindarius Thornwell,1610612746,LAC,24.0,64,101.2,96.9,96.9,101.6,97.7,97.7,-0.3,-0.8,-0.8,0.079,0.9,17.6,0.015,0.108,0.063,19.6,19.6,0.378,0.485,0.105,0.114,106.91,111.4,92.84,111.4,0.032,711,0.3,0.8,446,485,485,44,31,31,237,256,256,372,446,215,422,321,341,518,519,484,435,508,504,34,8,8,494,517,523
1627746,Skal Labissiere,1610612757,POR,23.0,22,117.1,112.6,112.6,121.9,120.8,120.8,-4.8,-8.3,-8.3,0.078,1.0,13.9,0.051,0.185,0.12,13.9,14.0,0.592,0.593,0.154,0.161,107.43,110.02,91.69,110.02,0.064,406,1.2,2.2,15,63,63,517,518,518,351,444,444,374,415,304,160,99,117,488,490,58,102,351,352,29,21,21,394,444,475
203524,Solomon Hill,1610612740,NOP,28.0,44,105.1,106.5,106.5,112.8,113.0,113.0,-7.8,-6.5,-6.5,0.08,1.77,19.7,0.036,0.102,0.069,11.1,11.1,0.472,0.497,0.104,0.105,105.4,104.6,87.17,104.6,0.042,1913,1.5,4.0,335,268,268,469,462,462,433,404,404,363,220,167,218,350,307,352,353,397,409,513,513,91,128,128,472,401,371
203915,Spencer Dinwiddie,1610612751,BKN,26.0,68,106.8,107.1,107.1,108.9,109.8,109.8,-2.2,-2.7,-2.7,0.272,2.05,21.6,0.013,0.069,0.041,10.6,10.5,0.517,0.58,0.242,0.251,102.92,102.33,85.28,102.33,0.11,4092,5.4,12.2,267,246,246,306,343,343,297,308,308,46,158,130,454,477,487,336,331,246,143,63,62,208,262,262,130,92,80
1626169,Stanley Johnson,1610612740,NOP,23.0,66,95.6,95.5,95.5,103.7,103.4,103.4,-8.1,-7.9,-7.9,0.118,1.09,13.8,0.025,0.142,0.081,12.7,12.7,0.459,0.485,0.186,0.193,102.8,102.99,85.82,102.99,0.079,2593,2.6,6.7,498,493,493,96,84,84,441,435,435,245,394,308,301,208,248,450,450,432,434,200,201,219,214,214,305,279,229
201939,Stephen Curry,1610612744,GSW,31.0,69,118.4,119.5,119.5,104.7,105.8,105.8,13.7,13.7,13.7,0.225,1.88,18.0,0.02,0.122,0.075,9.6,9.5,0.604,0.641,0.292,0.298,105.22,104.18,86.81,104.18,0.152,5058,9.2,19.4,9,6,6,122,155,155,15,14,14,84,196,202,355,268,274,265,260,43,30,20,21,100,152,152,33,9,9
1628425,Sterling Brown,1610612749,MIL,24.0,58,106.8,106.4,106.4,105.7,106.1,106.1,1.1,0.2,0.2,0.115,1.83,18.3,0.026,0.13,0.08,10.0,10.0,0.55,0.563,0.149,0.154,105.67,105.71,88.09,105.71,0.078,2275,2.5,5.4,263,279,279,162,173,173,192,217,217,250,207,196,287,240,255,302,302,145,202,379,380,79,76,76,312,286,295
203500,Steven Adams,1610612760,OKC,25.0,80,110.6,112.6,112.6,104.9,105.9,105.9,5.7,6.7,6.7,0.063,0.92,10.3,0.129,0.133,0.131,11.2,11.3,0.595,0.591,0.16,0.161,106.31,104.85,87.37,104.85,0.103,5829,6.0,10.1,99,62,62,127,160,160,85,68,68,432,443,420,14,231,94,360,363,54,107,326,351,56,110,110,164,64,121
1629004,Svi Mykhailiuk,1610612765,DET,22.0,42,105.5,105.2,105.2,108.0,105.7,105.7,-2.5,-0.5,-0.5,0.11,1.76,17.9,0.019,0.055,0.038,10.1,10.2,0.432,0.447,0.157,0.161,103.45,104.7,87.25,104.7,0.039,959,1.1,3.3,321,327,327,263,152,152,303,246,246,263,223,206,362,502,498,309,311,462,470,346,345,172,121,121,480,453,405
1628388,T.J. Leaf,1610612754,IND,22.0,58,107.0,105.1,105.1,103.1,101.5,101.5,3.9,3.6,3.6,0.063,2.0,10.3,0.077,0.145,0.111,5.2,5.2,0.563,0.572,0.158,0.167,104.01,105.74,88.12,105.74,0.111,1150,1.7,3.2,256,331,331,76,52,52,117,126,126,430,161,419,98,194,143,43,43,102,164,340,325,147,75,75,120,374,418
204456,T.J. McConnell,1610612755,PHI,27.0,76,109.2,108.1,108.1,109.3,108.8,108.8,-0.1,-0.7,-0.7,0.249,2.84,32.9,0.018,0.094,0.057,11.6,11.6,0.542,0.555,0.148,0.153,102.23,103.02,85.85,103.02,0.097,3161,2.9,5.5,158,210,210,331,291,291,227,252,252,66,59,25,377,386,391,390,389,168,234,387,381,265,212,212,194,232,283
203933,T.J. Warren,1610612756,PHX,25.0,43,105.5,106.4,106.4,112.7,114.1,114.1,-7.2,-7.7,-7.7,0.073,1.23,8.2,0.022,0.108,0.064,6.7,6.7,0.549,0.58,0.221,0.226,102.93,101.86,84.88,101.86,0.099,2885,6.9,14.2,323,278,278,467,484,484,417,429,429,392,351,470,321,320,334,74,73,149,144,111,117,205,293,293,186,43,47
1628769,Tahjere McCall,1610612751,BKN,24.0,1,151.2,142.9,142.9,80.0,78.9,78.9,71.3,63.9,63.9,0.0,0.0,0.0,0.0,0.2,0.083,0.0,0.0,0.667,0.581,0.136,0.165,116.28,120.5,100.42,120.5,0.033,21,2.0,3.0,1,1,1,8,7,7,2,2,2,510,500,510,505,74,240,1,1,12,139,434,331,4,3,3,492,341,430
201959,Taj Gibson,1610612750,MIN,34.0,70,108.6,109.5,109.5,109.7,111.6,111.6,-1.1,-2.1,-2.1,0.072,1.15,10.9,0.095,0.161,0.128,9.4,9.5,0.576,0.612,0.167,0.171,103.05,101.76,84.8,101.76,0.108,3572,4.3,7.7,177,159,159,358,422,422,259,297,297,397,384,406,51,144,98,254,257,78,68,303,306,199,298,298,142,130,187
1627752,Taurean Prince,1610612737,ATL,25.0,55,107.7,108.4,108.4,114.9,115.4,115.4,-7.2,-6.9,-6.9,0.107,1.18,13.8,0.013,0.11,0.06,11.7,11.6,0.545,0.575,0.19,0.195,106.87,106.26,88.55,106.26,0.075,3434,4.8,10.8,217,196,196,496,504,504,416,416,416,275,371,310,449,311,360,397,386,164,153,194,190,35,58,58,329,116,105
1628390,Terrance Ferguson,1610612760,OKC,21.0,74,109.9,111.0,111.0,106.7,107.1,107.1,3.1,3.9,3.9,0.046,1.53,12.6,0.015,0.055,0.034,8.2,8.2,0.552,0.566,0.104,0.106,105.07,104.34,86.95,104.34,0.027,4187,2.5,5.8,133,99,99,203,213,213,137,117,117,484,274,355,414,503,506,153,160,140,192,509,512,106,146,146,501,286,274
203093,Terrence Jones,1610612745,HOU,27.0,2,45.0,42.9,42.9,140.2,138.5,138.5,-95.1,-95.6,-95.6,0.0,0.0,0.0,0.0,0.571,0.25,20.0,18.4,0.25,0.225,0.333,0.38,123.11,127.06,105.88,127.06,0.0,14,0.5,2.0,528,528,528,527,528,528,530,530,530,510,500,510,505,1,3,519,517,512,518,2,5,1,2,2,516,501,479
203082,Terrence Ross,1610612753,ORL,28.0,81,104.9,105.3,105.3,105.1,105.9,105.9,-0.3,-0.5,-0.5,0.103,1.5,10.4,0.012,0.113,0.062,6.9,6.8,0.534,0.561,0.23,0.238,100.44,99.9,83.25,99.9,0.11,4489,5.4,12.7,344,324,324,138,157,157,235,249,249,287,285,417,467,297,348,83,80,185,213,92,90,400,425,425,131,90,68
1626179,Terry Rozier,1610612738,BOS,25.0,79,105.0,104.8,104.8,105.2,105.9,105.9,-0.2,-1.1,-1.1,0.193,3.4,23.0,0.016,0.145,0.08,6.8,6.8,0.477,0.501,0.181,0.187,101.18,100.91,84.09,100.91,0.103,3767,3.3,8.4,342,342,342,141,162,162,229,261,261,124,30,108,404,195,253,78,77,386,400,223,219,345,365,365,165,199,164
200757,Thabo Sefolosha,1610612762,UTA,35.0,50,109.7,108.3,108.3,98.6,99.5,99.5,11.1,8.8,8.8,0.059,1.08,12.7,0.014,0.181,0.102,11.8,11.9,0.591,0.599,0.129,0.133,101.55,101.69,84.74,101.69,0.098,1294,1.4,3.0,142,202,202,31,39,39,26,39,39,443,397,351,433,107,167,404,409,61,89,459,459,317,305,305,191,416,435
201152,Thaddeus Young,1610612754,IND,31.0,81,108.0,109.0,109.0,105.4,106.5,106.5,2.6,2.5,2.5,0.12,1.66,16.7,0.078,0.132,0.105,10.0,10.0,0.557,0.569,0.179,0.183,99.07,98.14,81.78,98.14,0.104,5092,5.5,10.4,200,178,178,148,187,187,149,153,153,236,243,232,93,236,158,304,304,118,181,230,237,490,505,505,157,86,113
1629033,Theo Pinson,1610612751,BKN,23.0,18,93.5,93.6,93.6,94.3,94.3,94.3,-0.8,-0.6,-0.6,0.167,1.17,17.1,0.015,0.126,0.07,14.6,14.8,0.425,0.49,0.191,0.196,103.4,103.32,86.1,103.32,0.083,456,1.4,4.1,507,502,502,21,24,24,251,250,250,159,374,223,415,252,302,500,501,465,423,189,187,176,194,194,275,420,369
1628418,Thomas Bryant,1610612764,WAS,21.0,72,108.6,109.0,109.0,112.1,112.6,112.6,-3.5,-3.6,-3.6,0.09,1.53,13.0,0.072,0.219,0.145,8.5,8.4,0.648,0.674,0.17,0.176,103.66,103.28,86.06,103.28,0.135,3224,4.3,7.0,178,177,177,451,455,455,328,323,323,329,273,337,108,51,61,178,173,16,16,281,280,159,196,196,56,134,216
1629118,Thomas Welsh,1610612743,DEN,23.0,11,109.9,100.0,100.0,103.3,97.7,97.7,6.6,2.3,2.3,0.2,5.0,25.0,0.0,0.114,0.047,5.0,5.0,0.654,0.648,0.153,0.165,106.74,115.02,95.85,115.02,0.106,87,0.6,1.2,131,448,448,83,30,30,71,157,157,110,5,80,505,288,458,41,42,14,22,359,333,40,6,6,150,494,509
1627748,Thon Maker,1610612765,DET,22.0,64,104.9,104.3,104.3,103.0,103.4,103.4,1.9,0.9,0.9,0.066,1.36,11.7,0.039,0.149,0.095,8.5,8.6,0.498,0.53,0.148,0.152,101.06,101.1,84.25,101.1,0.074,2037,1.7,4.2,345,361,361,71,83,83,171,193,193,422,319,385,201,179,183,182,186,323,324,384,388,352,342,342,340,375,364
204025,Tim Frazier,1610612749,MIL,28.0,59,107.7,107.9,107.9,111.0,110.6,110.6,-3.2,-2.7,-2.7,0.286,3.26,40.7,0.035,0.106,0.071,12.5,12.5,0.515,0.544,0.132,0.134,104.49,104.6,87.17,104.6,0.081,2440,2.0,4.4,214,221,221,409,382,382,325,310,310,37,36,3,229,330,297,442,442,251,275,446,453,128,127,127,296,351,348
203501,Tim Hardaway Jr.,1610612742,DAL,27.0,65,104.1,105.4,105.4,113.2,114.5,114.5,-9.2,-9.1,-9.1,0.125,1.51,11.7,0.015,0.09,0.051,7.7,7.6,0.474,0.527,0.246,0.253,102.23,101.0,84.17,101.0,0.085,4324,6.0,15.3,367,321,321,473,487,487,454,453,453,222,281,383,424,402,436,125,120,391,334,60,58,264,354,354,254,65,38
1627789,Timothe Luwawu-Cabarrot,1610612741,CHI,24.0,50,98.4,98.5,98.5,113.8,112.9,112.9,-15.4,-14.4,-14.4,0.057,1.24,9.3,0.015,0.125,0.067,7.5,7.4,0.459,0.489,0.156,0.162,103.01,103.35,86.12,103.35,0.049,1440,1.6,4.4,482,471,471,479,459,459,504,495,495,451,350,443,420,257,317,107,106,434,424,347,342,202,192,192,461,387,353
202699,Tobias Harris,1610612755,PHI,26.0,82,109.9,110.9,110.9,109.8,110.5,110.5,0.1,0.4,0.4,0.126,1.52,13.0,0.024,0.188,0.108,8.6,8.5,0.549,0.592,0.225,0.23,102.81,102.03,85.03,102.03,0.131,6050,7.5,15.3,129,108,108,367,377,377,220,212,212,221,279,341,305,93,147,185,182,146,105,103,104,216,277,277,64,32,36
203107,Tomas Satoransky,1610612764,WAS,27.0,80,109.3,110.1,110.1,110.5,110.5,110.5,-1.2,-0.4,-0.4,0.248,3.33,35.6,0.036,0.09,0.063,10.7,10.7,0.545,0.59,0.139,0.141,102.74,102.35,85.29,102.35,0.092,4598,3.2,6.6,155,136,136,392,378,378,265,245,245,67,33,11,214,398,339,344,344,160,109,422,433,226,259,259,216,204,232
1628396,Tony Bradley,1610612762,UTA,21.0,3,106.7,107.3,107.3,128.6,126.2,126.2,-21.9,-18.9,-18.9,0.042,0.33,4.8,0.196,0.188,0.192,14.3,14.4,0.5,0.504,0.2,0.204,110.25,110.97,92.48,110.97,0.085,82,2.7,5.3,269,239,239,523,524,524,516,509,509,494,495,502,2,95,14,494,496,302,391,163,168,9,11,11,258,268,298
2225,Tony Parker,1610612766,CHA,37.0,56,107.1,107.4,107.4,107.4,107.5,107.5,-0.3,-0.1,-0.1,0.331,2.76,25.9,0.013,0.067,0.04,9.4,9.4,0.474,0.512,0.247,0.254,101.74,101.52,84.6,101.52,0.109,2131,3.8,8.3,253,237,237,230,233,233,236,231,231,19,64,72,445,480,488,244,247,392,375,58,56,299,310,310,133,167,168
203503,Tony Snell,1610612749,MIL,27.0,74,110.5,110.0,110.0,103.5,103.4,103.4,7.0,6.6,6.6,0.069,2.96,14.6,0.021,0.086,0.055,4.9,4.9,0.564,0.585,0.127,0.131,104.45,104.71,87.26,104.71,0.069,2837,2.2,4.9,106,137,137,89,85,85,65,69,69,410,53,280,336,424,402,40,40,98,127,467,464,130,120,120,365,321,322
1628470,Torrey Craig,1610612743,DEN,28.0,75,110.9,112.0,112.0,108.8,108.7,108.7,2.1,3.3,3.3,0.062,1.64,14.2,0.057,0.112,0.084,8.7,8.6,0.526,0.547,0.121,0.124,99.52,99.05,82.54,99.05,0.055,3088,2.1,4.8,91,73,73,298,287,287,164,134,134,434,248,290,148,302,234,192,190,211,264,477,480,472,476,476,429,328,327
1629027,Trae Young,1610612737,ATL,20.0,81,107.5,108.5,108.5,113.9,114.8,114.8,-6.4,-6.3,-6.3,0.39,2.12,27.3,0.024,0.091,0.057,12.9,12.8,0.48,0.539,0.277,0.283,106.67,105.78,88.15,105.78,0.119,5522,6.5,15.5,230,189,189,482,494,494,396,398,398,9,148,58,307,395,388,462,458,373,287,33,32,43,73,73,95,52,35
1626203,Treveon Graham,1610612751,BKN,25.0,35,108.0,109.5,109.5,106.2,107.1,107.1,1.8,2.3,2.3,0.062,2.0,13.5,0.028,0.107,0.067,6.7,6.8,0.435,0.458,0.123,0.125,105.72,104.57,87.14,104.57,0.038,1555,1.8,5.5,201,161,161,183,212,212,175,156,156,436,161,324,269,328,318,76,76,457,460,475,476,75,130,130,482,360,289
1628979,Trevon Duval,1610612745,HOU,20.0,3,128.7,107.7,107.7,109.1,100.0,100.0,19.6,7.7,7.7,0.667,0.0,40.0,0.0,0.2,0.125,0.0,0.0,0.833,0.833,0.231,0.276,93.72,107.08,89.23,107.08,0.222,13,0.7,1.0,5,226,226,318,41,41,10,54,54,1,500,4,505,74,102,1,1,3,3,89,41,525,42,42,5,489,515
2772,Trevor Ariza,1610612764,WAS,33.0,69,106.2,107.6,107.6,113.3,114.4,114.4,-7.1,-6.8,-6.8,0.149,2.38,21.8,0.021,0.139,0.079,9.2,9.1,0.498,0.534,0.164,0.168,102.88,101.73,84.77,101.73,0.085,4981,4.3,10.7,283,230,230,474,486,486,413,413,413,182,102,127,340,215,257,231,227,326,302,313,321,212,300,300,261,136,109
203504,Trey Burke,1610612742,DAL,26.0,58,106.1,107.0,107.0,108.2,108.4,108.4,-2.1,-1.5,-1.5,0.229,3.24,19.7,0.023,0.059,0.041,6.1,6.0,0.482,0.524,0.242,0.249,101.7,101.16,84.3,101.16,0.108,2370,4.1,9.4,293,254,254,272,273,273,290,274,274,82,38,170,316,497,484,57,57,368,342,66,66,302,339,339,140,150,137
1626168,Trey Lyles,1610612743,DEN,23.0,64,105.2,105.7,105.7,106.4,105.7,105.7,-1.1,0.0,0.0,0.116,1.28,12.4,0.036,0.172,0.103,9.7,9.7,0.47,0.5,0.229,0.236,100.76,100.85,84.04,100.85,0.094,2354,3.2,7.7,332,310,310,190,151,151,260,223,223,249,341,363,213,123,162,271,275,405,405,93,92,379,368,368,207,200,185
202684,Tristan Thompson,1610612739,CLE,28.0,43,105.1,106.5,106.5,117.4,118.8,118.8,-12.3,-12.3,-12.3,0.11,1.46,15.0,0.137,0.237,0.184,10.3,10.3,0.529,0.551,0.175,0.177,98.29,97.05,80.87,97.05,0.121,2420,4.7,8.8,337,270,270,509,516,516,482,479,479,264,296,271,9,35,22,317,324,199,248,250,273,502,523,523,91,120,148
1628972,Troy Brown Jr.,1610612764,WAS,19.0,52,110.6,110.0,110.0,110.8,110.3,110.3,-0.2,-0.3,-0.3,0.147,2.67,22.0,0.045,0.149,0.095,8.2,8.2,0.462,0.487,0.158,0.164,102.53,103.04,85.87,103.04,0.077,1568,1.9,4.5,97,139,139,402,370,370,230,236,236,184,69,122,182,181,182,161,162,424,429,339,336,240,211,211,320,356,339
1628505,Troy Caupain,1610612753,ORL,23.0,4,133.5,125.0,125.0,108.8,100.0,100.0,24.7,25.0,25.0,0.4,0.0,33.3,0.071,0.154,0.111,0.0,0.0,0.625,0.625,0.216,0.229,91.13,98.25,81.88,98.25,0.218,32,1.0,2.0,3,4,4,301,41,41,7,7,7,5,500,18,111,160,140,1,1,24,51,124,108,526,498,498,6,458,479
203584,Troy Daniels,1610612756,PHX,27.0,51,104.0,104.4,104.4,111.5,110.8,110.8,-7.5,-6.4,-6.4,0.052,0.96,7.8,0.016,0.079,0.047,8.1,8.0,0.545,0.558,0.171,0.176,102.41,102.54,85.45,102.54,0.056,1619,2.2,5.4,370,359,359,431,392,392,426,402,402,468,437,479,405,447,459,145,141,159,224,278,279,246,242,242,426,316,293
1627786,Troy Williams,1610612758,SAC,24.0,21,100.4,100.1,100.1,109.2,109.6,109.6,-8.9,-9.5,-9.5,0.051,1.22,8.8,0.034,0.144,0.086,7.2,7.2,0.52,0.531,0.144,0.146,108.85,108.78,90.65,108.78,0.069,707,2.1,4.7,463,446,446,328,335,335,451,456,456,469,354,454,237,196,223,92,95,235,320,407,413,13,26,26,367,336,335
1628463,Tyler Cavanaugh,1610612762,UTA,25.0,11,90.7,83.5,83.5,127.8,124.2,124.2,-37.1,-40.7,-40.7,0.043,1.0,7.7,0.065,0.128,0.094,7.7,7.8,0.35,0.414,0.118,0.128,104.66,110.59,92.16,110.59,0.034,91,0.3,0.9,513,515,515,522,522,522,524,525,525,490,415,480,121,247,186,120,129,495,485,491,473,123,17,17,490,515,522
1629093,Tyler Davis,1610612760,OKC,22.0,1,0.0,0.0,0.0,0.0,0.0,0.0,0.0,0.0,0.0,0.0,0.0,0.0,0.5,0.0,0.333,0.0,0.0,0.0,0.0,0.333,0.5,52.65,78.98,65.81,78.98,1.0,2,0.0,1.0,529,529,529,1,1,1,224,225,225,510,500,510,1,520,1,1,1,519,521,2,1,530,530,530,1,519,515
1628416,Tyler Dorsey,1610612763,MEM,23.0,48,106.2,106.4,106.4,108.7,108.4,108.4,-2.5,-2.0,-2.0,0.118,2.07,15.1,0.036,0.118,0.076,7.3,7.2,0.489,0.509,0.182,0.189,104.3,104.34,86.95,104.34,0.072,1515,2.2,5.5,281,276,276,290,272,272,301,292,292,243,155,268,219,278,269,97,94,354,381,215,214,137,145,145,354,314,284
204020,Tyler Johnson,1610612756,PHX,27.0,57,103.6,104.4,104.4,108.1,108.5,108.5,-4.5,-4.0,-4.0,0.165,2.16,20.1,0.021,0.087,0.053,9.3,9.3,0.498,0.532,0.18,0.184,101.59,101.05,84.21,101.05,0.085,3220,3.8,9.2,382,358,358,270,274,274,345,332,332,162,145,156,345,417,412,242,242,324,311,224,231,312,350,350,260,165,143
1628399,Tyler Lydon,1610612743,DEN,23.0,25,103.5,97.6,97.6,109.5,105.9,105.9,-6.0,-8.3,-8.3,0.087,1.5,20.7,0.062,0.133,0.092,13.8,13.6,0.611,0.595,0.097,0.105,100.48,105.2,87.67,105.2,0.057,208,0.4,0.7,389,480,480,340,163,163,391,445,445,339,285,143,132,232,198,482,481,39,98,517,514,398,97,97,417,512,524
1627755,Tyler Ulis,1610612741,CHI,23.0,1,0.0,0.0,0.0,0.0,0.0,0.0,0.0,0.0,0.0,0.0,0.0,0.0,0.0,0.0,0.0,0.0,0.0,0.0,0.0,0.0,0.0,57.95,86.92,72.43,86.92,0.0,1,0.0,0.0,529,529,529,1,1,1,224,225,225,510,500,510,505,520,521,1,1,519,521,527,527,529,529,529,516,519,527
203092,Tyler Zeller,1610612763,MEM,29.0,6,113.5,112.9,112.9,106.0,106.2,106.2,7.5,6.7,6.7,0.069,1.0,8.5,0.105,0.123,0.114,8.5,8.7,0.533,0.607,0.191,0.192,100.34,100.55,83.79,100.55,0.081,194,2.7,5.0,43,57,57,175,175,175,52,67,67,408,415,464,33,266,131,179,194,188,77,187,202,410,394,394,291,268,317
201936,Tyreke Evans,1610612754,IND,29.0,69,106.2,105.9,105.9,102.6,103.9,103.9,3.6,1.9,1.9,0.176,1.41,16.3,0.023,0.114,0.069,11.6,11.6,0.448,0.483,0.255,0.263,100.96,100.43,83.7,100.43,0.082,2937,3.7,9.6,291,302,302,62,95,95,127,166,166,147,308,238,311,288,304,389,394,449,439,48,50,361,398,398,283,170,132
1627820,Tyrone Wallace,1610612746,LAC,25.0,62,108.5,108.0,108.0,104.6,104.2,104.2,3.9,3.7,3.7,0.09,1.17,13.1,0.03,0.111,0.072,11.2,11.2,0.433,0.45,0.174,0.18,107.66,108.09,90.07,108.09,0.043,1415,1.5,3.5,182,213,213,116,104,104,118,125,125,331,374,332,262,306,292,361,362,459,469,262,255,25,33,33,469,409,397
2199,Tyson Chandler,1610612747,LAL,36.0,55,102.1,102.5,102.5,103.9,104.4,104.4,-1.8,-1.9,-1.9,0.057,0.88,16.8,0.094,0.213,0.154,19.1,19.4,0.616,0.63,0.084,0.085,105.67,105.25,87.7,105.25,0.085,1918,1.1,1.8,422,408,408,99,108,108,282,287,287,452,450,228,53,61,45,517,518,33,47,524,524,78,95,95,264,450,489
1626145,Tyus Jones,1610612750,MIN,23.0,68,108.0,108.4,108.4,108.7,108.7,108.7,-0.7,-0.3,-0.3,0.284,6.96,38.6,0.014,0.069,0.041,5.5,5.5,0.46,0.491,0.139,0.143,102.68,102.43,85.36,102.43,0.095,3334,2.7,6.6,205,198,198,292,289,289,250,240,240,38,2,6,435,478,482,49,49,430,421,426,426,228,249,249,206,255,235
2617,Udonis Haslem,1610612748,MIA,39.0,10,84.2,82.4,82.4,102.3,103.6,103.6,-18.1,-21.3,-21.3,0.048,0.67,5.0,0.031,0.24,0.136,7.5,7.5,0.333,0.36,0.196,0.207,107.75,108.24,90.2,108.24,0.067,170,1.1,3.3,519,516,516,55,88,88,511,511,511,479,478,500,257,33,87,107,112,499,503,174,164,24,32,32,383,451,409
203506,Victor Oladipo,1610612754,IND,27.0,36,108.3,110.1,110.1,103.1,104.6,104.6,5.1,5.6,5.6,0.25,2.27,20.3,0.018,0.154,0.087,8.9,8.9,0.486,0.519,0.278,0.282,99.78,98.25,81.87,98.25,0.13,2345,6.9,16.3,189,134,134,77,114,114,98,84,84,64,126,152,378,159,220,211,213,362,357,30,35,452,500,500,66,42,30
1713,Vince Carter,1610612737,ATL,42.0,76,102.2,101.8,101.8,107.8,108.0,108.0,-5.5,-6.3,-6.3,0.097,1.81,13.8,0.021,0.114,0.066,7.6,7.6,0.55,0.565,0.164,0.169,106.81,106.92,89.1,106.92,0.079,2967,2.6,6.2,418,425,425,249,254,254,378,397,397,307,210,312,343,292,321,116,118,143,193,316,314,37,46,46,308,280,255
1629053,Vincent Edwards,1610612745,HOU,23.0,2,109.6,109.1,109.1,117.3,115.2,115.2,-7.7,-6.1,-6.1,0.0,0.0,0.0,0.059,0.059,0.059,0.0,0.0,0.375,0.375,0.111,0.112,99.62,100.78,83.99,100.78,0.023,33,0.5,2.0,145,174,174,508,501,501,428,388,388,510,500,510,139,498,370,1,1,486,498,502,505,462,377,377,504,501,479
1627735,Wade Baldwin IV,1610612757,POR,23.0,16,82.7,81.7,81.7,117.1,118.5,118.5,-34.3,-36.8,-36.8,0.24,0.86,18.8,0.018,0.123,0.068,21.9,21.9,0.333,0.396,0.227,0.238,101.65,101.74,84.78,101.74,0.021,202,0.6,2.1,520,517,517,506,514,514,522,523,523,76,457,186,385,266,312,524,525,499,491,97,89,306,299,299,507,495,478
1627215,Walt Lemon Jr.,1610612741,CHI,26.0,6,102.7,103.4,103.4,110.6,111.2,111.2,-8.0,-7.8,-7.8,0.283,3.0,22.9,0.021,0.136,0.076,7.6,7.6,0.448,0.468,0.253,0.262,100.87,100.22,83.52,100.22,0.109,351,6.3,14.5,408,381,381,396,409,409,437,432,432,39,43,110,337,221,271,118,116,447,454,50,51,365,411,411,137,56,46
201961,Wayne Ellington,1610612765,DET,31.0,53,105.5,106.7,106.7,106.6,107.2,107.2,-1.1,-0.5,-0.5,0.086,1.8,12.3,0.01,0.073,0.039,6.8,6.8,0.554,0.569,0.167,0.171,99.28,98.47,82.06,98.47,0.075,2661,3.5,8.6,320,264,264,197,215,215,256,248,248,343,213,367,480,465,494,79,79,133,175,302,303,486,492,492,336,188,158
1627782,Wayne Selden,1610612741,CHI,24.0,75,102.7,102.6,102.6,112.0,112.1,112.1,-9.3,-9.6,-9.6,0.112,1.38,15.4,0.024,0.098,0.06,11.1,11.1,0.463,0.491,0.178,0.183,100.86,100.83,84.03,100.83,0.054,3021,2.6,6.4,405,404,404,445,441,441,455,459,459,260,313,265,302,368,358,355,352,422,422,239,234,367,372,372,436,278,242
1628976,Wendell Carter Jr.,1610612741,CHI,20.0,44,95.9,97.8,97.8,109.2,109.5,109.5,-13.3,-11.7,-11.7,0.118,1.2,13.9,0.075,0.198,0.136,11.5,11.5,0.493,0.541,0.192,0.194,100.31,99.17,82.65,99.17,0.1,2282,4.1,8.4,496,476,476,326,330,330,492,476,476,244,359,307,102,76,88,383,382,340,281,185,195,415,470,470,179,149,163
1628411,Wes Iwundu,1610612753,ORL,24.0,68,104.8,104.9,104.9,103.2,103.1,103.1,1.6,1.7,1.7,0.08,1.66,16.7,0.027,0.108,0.068,10.0,10.1,0.465,0.531,0.125,0.127,101.36,101.34,84.45,101.34,0.056,2598,1.7,4.0,346,338,338,81,76,76,181,172,172,361,242,231,276,319,314,305,306,415,319,474,475,332,322,322,425,383,374
202325,Wesley Johnson,1610612764,WAS,31.0,38,103.8,104.6,104.6,111.7,111.9,111.9,-7.9,-7.3,-7.3,0.054,1.28,13.1,0.02,0.104,0.062,10.2,10.1,0.449,0.469,0.115,0.12,105.36,104.91,87.42,104.91,0.029,1164,1.2,3.4,377,352,352,438,433,433,436,421,421,462,342,334,351,342,346,312,310,446,451,495,493,95,108,108,498,443,402
202083,Wesley Matthews,1610612754,IND,32.0,69,106.4,107.4,107.4,109.0,109.4,109.4,-2.6,-2.0,-2.0,0.113,1.76,15.7,0.015,0.063,0.039,8.9,8.9,0.507,0.546,0.175,0.179,101.3,100.62,83.85,100.62,0.062,4383,4.0,10.1,277,235,235,313,325,325,308,293,293,256,224,256,419,490,491,210,210,278,270,253,262,334,388,388,406,154,120
203115,Will Barton,1610612743,DEN,28.0,43,108.3,109.7,109.7,108.3,109.1,109.1,-0.1,0.6,0.6,0.146,1.91,18.3,0.026,0.137,0.081,9.6,9.5,0.475,0.501,0.195,0.2,101.15,100.16,83.47,100.16,0.08,2477,4.3,10.7,188,151,151,281,305,305,226,207,207,187,189,195,292,219,251,264,264,389,398,178,180,348,415,415,298,133,108
1626161,Willie Cauley-Stein,1610612758,SAC,25.0,81,109.1,110.0,110.0,107.7,108.7,108.7,1.4,1.2,1.2,0.121,2.31,17.2,0.074,0.213,0.142,7.4,7.4,0.557,0.566,0.173,0.175,105.5,104.58,87.15,104.58,0.118,4818,5.1,9.1,161,142,142,247,290,290,189,186,186,233,117,221,105,60,73,102,108,123,191,267,283,89,129,129,99,104,145
1626195,Willy Hernangomez,1610612766,CHA,25.0,58,107.6,109.2,109.2,114.3,115.3,115.3,-6.7,-6.2,-6.2,0.112,1.03,12.7,0.13,0.24,0.182,12.2,12.2,0.544,0.587,0.206,0.211,104.03,102.82,85.68,102.82,0.118,1745,2.6,5.1,223,172,172,490,503,503,406,391,391,259,407,352,12,32,23,427,429,167,120,154,154,145,226,226,101,273,312
201163,Wilson Chandler,1610612746,LAC,32.0,51,112.9,112.7,112.7,108.8,108.5,108.5,4.1,4.2,4.2,0.089,1.78,19.9,0.041,0.132,0.089,11.2,11.2,0.526,0.537,0.115,0.118,103.14,103.4,86.17,103.4,0.056,2534,2.2,5.4,55,60,60,299,275,275,114,111,111,333,217,162,194,233,210,358,356,212,294,496,497,195,190,190,422,312,297
1628999,Yante Maten,1610612748,MIA,22.0,2,92.1,100.0,100.0,88.5,85.2,85.2,3.6,14.8,14.8,0.0,0.0,0.0,0.071,0.095,0.086,0.0,0.0,0.25,0.25,0.133,0.132,101.87,99.44,82.86,99.44,0.063,27,0.5,2.0,508,448,448,10,9,9,124,13,13,510,500,510,111,380,229,1,1,512,516,443,461,292,456,456,395,501,479
1627812,Yogi Ferrell,1610612758,SAC,26.0,71,107.7,106.4,106.4,109.0,108.9,108.9,-1.4,-2.6,-2.6,0.176,3.43,24.7,0.011,0.085,0.048,7.2,7.2,0.511,0.55,0.16,0.167,103.23,103.91,86.59,103.91,0.092,2311,2.2,5.0,219,280,280,315,300,300,270,306,306,146,29,89,470,428,454,93,91,264,249,328,322,188,171,171,217,325,321
1629139,Yuta Watanabe,1610612763,MEM,24.0,15,109.8,108.5,108.5,103.5,103.0,103.0,6.3,5.5,5.5,0.063,1.33,11.4,0.022,0.152,0.086,8.6,8.6,0.314,0.352,0.148,0.152,99.9,100.76,83.97,100.76,0.036,366,1.0,3.4,138,192,192,90,74,74,76,85,85,428,327,390,332,171,230,186,189,505,505,386,386,448,378,378,488,458,400
1628380,Zach Collins,1610612757,POR,21.0,77,107.3,107.9,107.9,108.4,107.8,107.8,-1.2,0.1,0.1,0.076,0.92,11.8,0.078,0.144,0.112,12.8,12.8,0.523,0.562,0.166,0.171,100.12,100.09,83.41,100.09,0.08,2821,2.5,5.2,245,217,217,283,245,245,262,221,221,382,442,380,95,199,135,454,454,227,204,306,305,434,420,420,299,295,304
203897,Zach LaVine,1610612741,CHI,24.0,63,103.5,105.8,105.8,111.2,112.4,112.4,-7.7,-6.5,-6.5,0.224,1.32,15.9,0.018,0.113,0.066,12.0,12.0,0.52,0.574,0.298,0.303,101.59,99.98,83.31,99.98,0.125,4519,8.4,18.0,386,305,305,416,448,448,429,406,406,87,332,251,380,294,324,422,420,237,158,17,18,313,421,421,78,20,16
1629155,Zach Lofton,1610612765,DET,26.0,1,107.5,100.0,100.0,94.8,100.0,100.0,12.7,0.0,0.0,0.0,0.0,0.0,0.0,0.0,0.0,50.0,50.0,0.0,0.0,0.25,0.269,101.63,102.4,85.33,102.4,-0.056,8,0.0,1.0,228,448,448,23,41,41,16,225,225,510,500,510,505,520,521,530,530,519,521,51,47,309,251,251,527,519,515
2585,Zaza Pachulia,1610612765,DET,35.0,68,100.9,100.8,100.8,105.8,105.3,105.3,-4.9,-4.6,-4.6,0.161,1.6,22.9,0.101,0.184,0.141,14.4,14.4,0.44,0.539,0.147,0.15,99.62,99.89,83.24,99.89,0.088,1821,1.3,2.8,454,441,441,165,138,138,354,346,346,165,261,109,38,101,76,498,498,453,285,398,396,463,426,426,239,435,440
1629015,Zhaire Smith,1610612755,PHI,20.0,6,117.3,118.1,118.1,110.1,110.8,110.8,7.2,7.3,7.3,0.101,1.67,18.5,0.028,0.087,0.058,11.1,11.2,0.5,0.533,0.166,0.169,104.2,103.49,86.24,103.49,0.054,237,2.3,5.7,13,9,9,373,393,393,61,60,60,296,238,191,275,419,377,352,360,302,305,305,313,139,188,188,437,305,278
1627753,Zhou Qi,1610612745,HOU,23.0,1,100.0,66.7,66.7,138.9,133.3,133.3,-38.9,-66.7,-66.7,0.0,0.0,0.0,0.0,0.0,0.0,0.0,0.0,1.0,1.0,0.333,0.5,122.64,150.79,125.65,150.79,0.333,3,1.0,1.0,467,523,523,526,527,527,525,528,528,510,500,510,505,520,521,1,1,2,2,2,1,2,1,1,3,458,515
