PLAYER_ID,PLAYER_NAME,TEAM_ID,TEAM_ABBREVIATION,AGE,GP,E_OFF_RATING,OFF_RATING,sp_work_OFF_RATING,E_DEF_RATING,DEF_RATING,sp_work_DEF_RATING,E_NET_RATING,NET_RATING,sp_work_NET_RATING,AST_PCT,AST_TO,AST_RATIO,OREB_PCT,DREB_PCT,REB_PCT,TM_TOV_PCT,E_TOV_PCT,EFG_PCT,TS_PCT,USG_PCT,E_USG_PCT,E_PACE,PACE,PACE_PER40,sp_work_PACE,PIE,POSS,FGM_PG,FGA_PG,E_OFF_RATING_RANK,OFF_RATING_RANK,sp_work_OFF_RATING_RANK,E_DEF_RATING_RANK,DEF_RATING_RANK,sp_work_DEF_RATING_RANK,E_NET_RATING_RANK,NET_RATING_RANK,sp_work_NET_RATING_RANK,AST_PCT_RANK,AST_TO_RANK,AST_RATIO_RANK,OREB_PCT_RANK,DREB_PCT_RANK,REB_PCT_RANK,TM_TOV_PCT_RANK,E_TOV_PCT_RANK,EFG_PCT_RANK,TS_PCT_RANK,USG_PCT_RANK,E_USG_PCT_RANK,E_PACE_RANK,PACE_RANK,sp_work_PACE_RANK,PIE_RANK,FGM_PG_RANK,FGA_PG_RANK
201985,AJ Price,1610612764,WAS,26.0,57,97.6,98.2,98.2,99.9,100.1,100.1,-2.3,-1.9,-1.9,0.273,3.2,29.0,0.015,0.074,0.044,9.0,9.0,0.475,0.501,0.177,0.181,93.03,92.66,77.21,92.66,0.096,2458,2.8,7.2,377,346,346,97,104,104,251,241,241,49,9,37,365,380,380,96,95,278,294,256,256,331,344,344,176,213,185
201166,Aaron Brooks,1610612745,HOU,28.0,53,100.2,101.4,101.4,110.9,111.3,111.3,-10.7,-10.0,-10.0,0.19,1.7,22.0,0.013,0.07,0.04,12.9,12.9,0.532,0.555,0.178,0.181,94.81,94.09,78.41,94.09,0.073,1951,2.7,6.0,289,241,241,449,455,455,418,415,415,111,149,102,395,396,409,345,346,88,118,254,257,212,255,255,293,219,233
201189,Aaron Gray,1610612761,TOR,28.0,42,96.7,96.2,96.2,104.4,104.3,104.3,-7.6,-8.1,-8.1,0.103,0.92,18.3,0.094,0.181,0.136,20.0,20.2,0.533,0.544,0.131,0.132,93.0,93.32,77.76,93.32,0.053,995,1.1,2.1,397,396,396,290,287,287,384,393,393,230,327,151,60,79,75,445,447,84,147,409,415,333,303,303,387,379,410
1733,Al Harrington,1610612753,ORL,33.0,10,100.2,100.4,100.4,116.2,117.5,117.5,-16.0,-17.1,-17.1,0.141,1.43,13.2,0.049,0.191,0.116,9.2,9.2,0.421,0.434,0.242,0.249,96.17,95.51,79.59,95.51,0.061,239,2.0,5.7,293,292,292,460,464,464,444,451,451,170,207,257,187,59,117,105,108,390,407,58,61,124,168,168,356,283,244
201143,Al Horford,1610612737,ATL,27.0,74,104.8,105.8,105.8,101.5,102.6,102.6,3.3,3.2,3.2,0.149,1.63,15.6,0.077,0.206,0.144,9.6,9.6,0.545,0.56,0.219,0.221,93.62,92.68,77.24,92.68,0.143,5319,7.8,14.3,130,109,109,153,206,206,109,107,107,153,161,199,107,41,52,129,128,70,105,112,121,293,342,342,24,12,32
2744,Al Jefferson,1610612762,UTA,28.0,78,104.1,105.1,105.1,107.6,108.5,108.5,-3.5,-3.4,-3.4,0.119,1.56,10.3,0.063,0.237,0.148,6.6,6.6,0.495,0.522,0.257,0.26,92.6,91.79,76.49,91.79,0.148,4934,7.8,15.8,145,128,128,396,425,425,285,290,290,201,180,319,156,15,44,27,27,203,229,37,41,357,392,392,16,11,14
202329,Al-Farouq Aminu,1610612740,NOH,22.0,76,104.1,105.3,105.3,105.4,105.9,105.9,-1.4,-0.6,-0.6,0.076,0.89,13.7,0.07,0.23,0.149,15.4,15.4,0.479,0.519,0.143,0.144,91.67,90.91,75.76,90.91,0.103,3889,3.0,6.2,146,120,120,332,353,353,222,199,199,315,332,244,129,18,41,409,409,263,236,377,388,410,434,434,139,203,223
101187,Alan Anderson,1610612761,TOR,30.0,65,103.4,104.0,104.0,107.1,106.9,106.9,-3.7,-2.8,-2.8,0.125,1.29,12.0,0.023,0.084,0.052,9.3,9.3,0.46,0.509,0.231,0.237,91.79,91.65,76.37,91.65,0.079,2855,3.6,9.5,160,151,151,378,380,380,294,270,270,194,241,276,305,337,330,114,110,314,274,80,77,404,401,401,263,162,120
202692,Alec Burks,1610612762,UTA,21.0,64,105.9,106.0,106.0,102.1,102.1,102.1,3.8,4.0,4.0,0.127,1.24,15.1,0.033,0.098,0.065,12.1,12.1,0.463,0.507,0.196,0.201,94.83,94.79,78.99,94.79,0.074,2249,2.5,6.1,100,102,102,184,175,175,100,95,95,189,250,212,236,286,271,301,304,304,279,186,182,209,217,217,288,234,227
203144,Alexey Shved,1610612750,MIN,24.0,77,100.2,100.7,100.7,102.5,102.8,102.8,-2.3,-2.1,-2.1,0.248,1.95,25.2,0.021,0.075,0.047,12.9,13.0,0.439,0.474,0.202,0.206,95.19,94.8,79.0,94.8,0.076,3633,3.1,8.2,295,278,278,199,218,218,250,248,248,67,106,66,317,375,360,349,349,367,362,166,171,182,216,216,278,200,156
202087,Alonzo Gee,1610612739,CLE,26.0,82,101.1,102.7,102.7,109.1,109.7,109.7,-8.0,-7.0,-7.0,0.081,1.01,12.0,0.028,0.105,0.064,12.0,12.0,0.456,0.505,0.166,0.168,95.6,94.58,78.82,94.58,0.064,5006,3.7,9.1,255,199,199,432,441,441,390,378,378,291,305,275,265,270,277,296,298,328,287,303,310,161,230,230,340,154,132
2405,Amar'e Stoudemire,1610612752,NYK,30.0,29,108.0,107.6,107.6,105.1,104.9,104.9,2.9,2.7,2.7,0.037,0.26,3.3,0.092,0.139,0.115,12.8,12.9,0.577,0.637,0.254,0.257,90.94,91.22,76.02,91.22,0.129,1292,5.3,9.2,47,61,61,322,314,314,122,117,117,431,446,456,68,170,122,339,347,35,13,40,46,438,418,418,47,71,128
101161,Amir Johnson,1610612761,TOR,26.0,81,106.1,107.6,107.6,102.0,102.3,102.3,4.1,5.4,5.4,0.085,1.04,13.2,0.101,0.172,0.137,12.6,12.6,0.559,0.591,0.158,0.16,92.71,91.91,76.59,91.91,0.109,4439,4.1,7.5,95,60,60,172,183,183,95,74,74,279,291,255,50,98,71,334,332,48,49,323,332,351,385,385,112,128,177
2760,Anderson Varejao,1610612739,CLE,30.0,25,100.1,103.4,103.4,107.4,107.3,107.3,-7.3,-4.0,-4.0,0.157,1.91,18.2,0.141,0.272,0.2,9.5,9.5,0.478,0.529,0.178,0.18,95.05,93.53,77.94,93.53,0.164,1753,5.5,11.6,299,176,176,388,390,390,380,311,311,136,114,154,5,3,2,127,123,266,210,252,259,189,291,291,5,62,72
101154,Andray Blatche,1610612751,BKN,26.0,82,102.2,103.3,103.3,103.5,103.0,103.0,-1.3,0.3,0.3,0.108,0.69,8.7,0.104,0.185,0.142,12.6,12.6,0.514,0.547,0.258,0.263,91.18,90.93,75.77,90.93,0.146,2930,4.2,8.2,205,179,179,248,228,228,219,169,169,220,362,363,44,71,55,332,328,133,138,35,34,433,432,432,19,124,157
203083,Andre Drummond,1610612765,DET,19.0,60,103.8,103.7,103.7,105.3,106.1,106.1,-1.5,-2.4,-2.4,0.04,0.53,6.0,0.133,0.235,0.183,11.4,11.4,0.61,0.578,0.167,0.17,93.05,92.74,77.28,92.74,0.137,2405,3.5,5.7,150,167,167,329,359,359,229,260,260,424,405,429,7,17,7,261,264,14,63,297,300,327,338,338,33,172,244
2738,Andre Iguodala,1610612743,DEN,29.0,80,107.9,109.0,109.0,100.5,102.2,102.2,7.3,6.9,6.9,0.224,2.1,26.5,0.03,0.118,0.075,12.6,12.6,0.502,0.52,0.186,0.188,97.81,96.5,80.41,96.5,0.109,5585,5.0,11.0,50,38,38,119,180,180,49,51,51,84,86,60,249,231,235,330,330,165,235,213,225,42,108,108,111,83,84
1889,Andre Miller,1610612743,DEN,37.0,82,107.1,107.4,107.4,101.9,103.2,103.2,5.2,4.2,4.2,0.326,2.81,35.3,0.028,0.08,0.055,12.6,12.5,0.493,0.548,0.176,0.18,97.17,96.46,80.38,96.46,0.115,4336,3.7,7.7,66,64,64,169,235,235,75,89,89,23,20,12,263,357,314,327,325,207,137,262,258,56,109,109,86,158,171
200745,Andrea Bargnani,1610612761,TOR,27.0,35,101.5,102.6,102.6,107.4,108.5,108.5,-5.8,-5.9,-5.9,0.064,0.7,6.9,0.026,0.107,0.065,9.8,9.8,0.444,0.482,0.23,0.233,95.61,94.63,78.86,94.63,0.07,1978,4.9,12.2,235,204,204,387,424,424,345,362,362,355,360,407,282,264,272,152,153,360,341,82,87,160,223,223,306,89,63
1905,Andrei Kirilenko,1610612750,MIN,32.0,64,101.3,102.7,102.7,102.8,103.2,103.2,-1.4,-0.5,-0.5,0.144,1.49,18.3,0.05,0.137,0.091,12.3,12.3,0.538,0.59,0.17,0.173,95.28,94.45,78.71,94.45,0.125,3999,4.4,8.8,241,201,201,218,239,239,224,195,195,162,194,153,186,178,185,316,316,79,51,285,290,179,237,237,55,115,142
101106,Andrew Bogut,1610612744,GSW,28.0,32,105.6,105.7,105.7,102.8,103.4,103.4,2.8,2.3,2.3,0.121,1.91,22.0,0.089,0.212,0.153,11.5,11.6,0.454,0.463,0.134,0.135,96.61,96.28,80.23,96.28,0.092,1576,2.6,5.8,110,111,111,220,245,245,123,128,128,198,112,100,74,34,33,272,272,330,378,400,403,83,117,117,194,230,241
202726,Andrew Goudelock,1610612747,LAL,24.0,1,34.0,30.8,30.8,122.3,114.3,114.3,-88.3,-83.5,-83.5,0.0,0.0,0.0,0.0,0.0,0.0,0.0,0.0,0.0,0.0,0.143,0.157,96.15,104.52,87.1,104.52,-0.13,13,0.0,2.0,468,468,468,464,460,460,468,468,468,458,450,458,444,449,445,1,1,462,463,375,347,127,10,10,466,462,417
203094,Andrew Nicholson,1610612753,ORL,23.0,75,96.3,96.6,96.6,103.2,103.0,103.0,-6.9,-6.4,-6.4,0.062,0.56,6.8,0.056,0.153,0.104,12.2,12.1,0.527,0.557,0.216,0.221,94.86,94.82,79.01,94.82,0.101,2468,3.4,6.5,404,384,384,239,224,224,375,366,366,367,400,413,168,130,157,308,307,97,114,126,122,206,214,214,146,175,213
2740,Andris Biedrins,1610612744,GSW,27.0,53,97.3,96.0,96.0,102.1,101.7,101.7,-4.8,-5.7,-5.7,0.039,1.0,25.5,0.068,0.219,0.147,25.5,25.6,0.476,0.449,0.037,0.037,96.93,97.8,81.5,97.8,0.045,1000,0.2,0.4,380,398,398,182,163,163,322,356,356,428,306,64,137,29,47,459,458,273,397,467,467,68,60,60,413,460,466
1712,Antawn Jamison,1610612747,LAL,37.0,76,106.7,106.6,106.6,104.3,106.1,106.1,2.3,0.5,0.5,0.051,0.94,6.8,0.066,0.146,0.107,7.2,7.2,0.537,0.561,0.183,0.188,96.97,96.21,80.18,96.21,0.099,3279,3.5,7.6,77,84,84,288,358,358,134,166,166,394,323,412,142,147,150,42,42,80,101,227,233,66,122,122,152,171,175
203076,Anthony Davis,1610612740,NOH,20.0,64,102.4,104.0,104.0,107.9,107.8,107.8,-5.5,-3.8,-3.8,0.06,0.71,6.8,0.094,0.213,0.152,9.6,9.6,0.516,0.559,0.212,0.215,91.68,91.04,75.86,91.04,0.135,3491,5.5,10.6,199,153,153,404,405,405,338,302,302,374,359,409,62,33,35,137,133,123,108,136,142,409,426,426,36,68,96
201627,Anthony Morrow,1610612742,DAL,27.0,41,100.4,97.8,97.8,107.3,105.7,105.7,-6.9,-7.9,-7.9,0.058,1.63,7.5,0.029,0.056,0.042,4.6,4.6,0.497,0.53,0.186,0.197,93.0,94.99,79.16,94.99,0.065,760,1.6,3.5,280,359,359,383,345,345,374,391,391,380,164,390,257,435,397,16,16,196,205,216,200,334,199,199,328,332,340
201576,Anthony Randolph,1610612743,DEN,23.0,39,105.5,103.3,103.3,103.6,102.7,102.7,1.9,0.6,0.6,0.054,0.32,6.5,0.091,0.174,0.136,20.0,20.2,0.491,0.534,0.213,0.217,100.81,102.3,85.25,102.3,0.096,701,1.4,2.9,113,180,180,249,212,212,144,163,163,389,439,420,72,94,76,445,448,212,177,133,132,11,15,15,172,346,375
201229,Anthony Tolliver,1610612737,ATL,28.0,62,98.5,96.7,96.7,99.8,99.5,99.5,-1.3,-2.9,-2.9,0.052,0.89,10.4,0.032,0.128,0.08,11.7,11.7,0.484,0.531,0.129,0.132,95.04,96.03,80.03,96.03,0.064,1923,1.3,3.5,350,383,383,92,87,87,218,272,272,393,331,312,239,200,215,283,282,242,202,415,417,190,132,132,338,360,343
203102,Arnett Moultrie,1610612755,PHI,22.0,47,99.0,97.4,97.4,106.4,104.4,104.4,-7.4,-7.0,-7.0,0.031,0.53,5.7,0.132,0.134,0.133,10.9,10.8,0.582,0.595,0.135,0.14,92.56,94.19,78.49,94.19,0.099,1058,1.7,2.9,337,365,365,363,292,292,383,374,374,441,405,435,9,185,79,223,221,31,45,398,395,359,249,249,158,322,377
203382,Aron Baynes,1610612759,SAS,26.0,16,101.0,98.0,98.0,101.1,97.1,97.1,-0.1,0.9,0.9,0.053,0.45,8.8,0.084,0.138,0.111,19.3,19.2,0.5,0.521,0.158,0.164,99.48,103.06,85.88,103.06,0.042,301,1.1,2.3,261,354,354,139,37,37,192,156,156,391,421,360,86,174,134,444,443,173,234,325,322,15,13,13,421,382,402
201167,Arron Afflalo,1610612753,ORL,27.0,64,100.5,101.5,101.5,107.9,109.2,109.2,-7.4,-7.6,-7.6,0.146,1.49,15.4,0.013,0.095,0.054,10.3,10.2,0.478,0.527,0.224,0.228,94.16,93.15,77.63,93.15,0.087,4486,6.2,14.1,277,238,238,403,433,433,381,388,388,161,192,207,388,299,323,190,185,264,218,99,100,252,314,314,229,41,35
201948,Austin Daye,1610612763,MEM,25.0,55,104.4,103.2,103.2,102.8,102.3,102.3,1.7,0.9,0.9,0.093,1.45,14.3,0.024,0.161,0.092,9.9,9.9,0.531,0.554,0.163,0.168,95.03,95.84,79.87,95.84,0.085,1354,1.6,3.8,140,182,182,219,187,187,154,157,157,256,202,231,296,118,180,157,157,89,120,314,309,191,149,149,233,326,328
203085,Austin Rivers,1610612740,NOH,20.0,61,100.9,101.7,101.7,107.6,107.1,107.1,-6.7,-5.4,-5.4,0.142,1.72,19.8,0.012,0.07,0.04,11.5,11.6,0.408,0.431,0.169,0.172,89.92,89.77,74.81,89.77,0.031,2644,2.4,6.4,263,233,233,397,386,386,369,349,349,168,145,130,401,394,404,274,277,399,410,289,295,453,459,459,436,250,217
202340,Avery Bradley,1610612738,BOS,22.0,50,101.6,101.6,101.6,100.3,102.4,102.4,1.3,-0.7,-0.7,0.115,1.44,15.3,0.023,0.055,0.04,10.6,10.7,0.444,0.461,0.189,0.19,94.51,93.53,77.94,93.53,0.049,2784,3.8,9.6,232,236,236,114,190,190,160,202,202,206,204,208,299,437,405,209,212,361,382,207,218,232,292,292,406,146,116
2732,Ben Gordon,1610612766,CHA,30.0,75,97.9,97.9,97.9,113.3,113.5,113.5,-15.4,-15.6,-15.6,0.18,1.04,13.0,0.011,0.076,0.042,12.5,12.4,0.482,0.515,0.265,0.276,94.75,94.66,78.88,94.66,0.076,3100,4.1,10.1,365,356,356,456,459,459,443,448,448,120,298,261,404,370,395,325,322,250,257,23,22,215,221,221,280,129,104
203162,Ben Hansbrough,1610612754,IND,25.0,28,87.2,85.0,85.0,93.9,94.1,94.1,-6.7,-9.1,-9.1,0.202,1.17,21.9,0.008,0.071,0.039,18.8,18.8,0.4,0.501,0.155,0.163,97.02,98.13,81.78,98.13,0.05,413,0.5,1.6,452,452,452,11,19,19,367,410,410,95,263,105,429,390,414,438,438,407,293,336,325,63,53,53,402,437,433
2757,Beno Udrih,1610612753,ORL,30.0,66,96.7,98.1,98.1,103.5,103.6,103.6,-6.8,-5.4,-5.4,0.329,2.8,32.5,0.022,0.072,0.046,11.6,11.6,0.477,0.516,0.186,0.189,96.3,95.61,79.68,95.61,0.107,2905,3.2,7.2,396,349,349,247,252,252,372,352,352,22,21,21,316,386,367,279,278,269,248,215,222,114,164,164,123,194,186
203108,Bernard James,1610612742,DAL,28.0,46,103.6,101.9,101.9,104.1,103.7,103.7,-0.5,-1.8,-1.8,0.02,0.33,4.1,0.107,0.173,0.139,12.4,12.4,0.515,0.541,0.129,0.133,98.65,99.67,83.06,99.67,0.076,947,1.2,2.2,154,223,223,275,260,260,201,236,236,457,438,451,42,96,65,321,321,131,156,414,411,27,30,30,275,378,404
202687,Bismack Biyombo,1610612766,CHA,20.0,80,100.0,101.1,101.1,109.0,109.4,109.4,-8.9,-8.4,-8.4,0.025,0.43,6.6,0.088,0.186,0.136,15.5,15.6,0.451,0.472,0.101,0.103,93.22,92.54,77.12,92.54,0.063,4206,2.0,4.3,301,258,258,430,439,439,403,399,399,454,426,417,76,70,77,411,414,337,366,452,452,313,352,352,346,292,304
201933,Blake Griffin,1610612746,LAC,24.0,80,110.6,113.0,113.0,104.0,105.0,105.0,6.6,8.0,8.0,0.192,1.62,17.3,0.077,0.2,0.138,10.7,10.6,0.541,0.572,0.25,0.254,93.38,91.97,76.64,91.97,0.15,4974,7.2,13.4,19,10,10,270,316,316,56,39,39,107,168,172,108,46,68,212,206,76,77,47,51,307,381,381,14,18,44
2564,Boris Diaw,1610612759,SAS,31.0,75,106.4,106.2,106.2,101.4,101.6,101.6,5.0,4.6,4.6,0.152,2.14,28.8,0.043,0.109,0.078,13.5,13.4,0.584,0.603,0.119,0.121,95.95,95.96,79.96,95.96,0.08,3414,2.4,4.4,80,93,93,149,158,158,79,83,83,146,81,38,202,259,225,369,369,29,34,429,429,140,138,138,256,249,299
203078,Bradley Beal,1610612764,WAS,20.0,56,97.7,98.3,98.3,100.8,100.6,100.6,-3.2,-2.2,-2.2,0.136,1.52,14.0,0.024,0.096,0.06,9.2,9.1,0.477,0.515,0.218,0.22,94.49,94.3,78.59,94.3,0.093,3420,5.0,12.3,373,343,343,128,121,121,278,253,253,175,185,240,290,292,291,103,102,270,253,115,126,233,245,245,189,81,57
201148,Brandan Wright,1610612742,DAL,25.0,64,107.9,107.0,107.0,102.8,102.1,102.1,5.1,4.9,4.9,0.054,1.12,7.4,0.077,0.143,0.112,6.6,6.6,0.597,0.606,0.185,0.191,96.16,96.92,80.77,96.92,0.129,2313,3.8,6.3,49,72,72,217,176,176,76,81,81,390,274,393,104,161,133,28,28,21,29,219,216,126,90,90,46,151,219
101138,Brandon Bass,1610612738,BOS,28.0,81,100.8,101.1,101.1,102.9,104.6,104.6,-2.1,-3.5,-3.5,0.06,1.05,10.3,0.063,0.137,0.101,9.8,9.8,0.486,0.535,0.154,0.156,94.04,93.15,77.62,93.15,0.081,4334,3.5,7.3,265,257,257,224,301,301,245,292,292,375,287,319,155,177,163,151,152,234,174,343,349,256,315,315,252,169,183
201943,Brandon Jennings,1610612749,MIL,23.0,80,100.2,101.3,101.3,104.5,106.2,106.2,-4.3,-5.0,-5.0,0.296,2.57,25.0,0.019,0.064,0.041,9.7,9.7,0.468,0.51,0.234,0.238,97.38,96.07,80.06,96.07,0.107,5799,6.2,15.6,294,249,249,298,363,363,315,339,339,37,42,70,337,418,403,149,143,297,271,72,76,49,130,130,125,38,18
202688,Brandon Knight,1610612765,DET,21.0,75,99.6,100.9,100.9,102.7,103.6,103.6,-3.1,-2.7,-2.7,0.216,1.48,20.5,0.023,0.083,0.053,13.8,13.8,0.475,0.511,0.223,0.227,93.34,92.28,76.9,92.28,0.082,4548,4.8,11.7,314,267,267,210,255,255,275,266,266,87,196,121,306,344,328,383,383,277,266,103,105,308,369,369,248,94,70
200750,Brandon Roy,1610612750,MIN,28.0,5,103.8,107.0,107.0,102.9,104.4,104.4,0.8,2.6,2.6,0.267,3.29,32.9,0.029,0.088,0.061,10.0,10.1,0.314,0.368,0.179,0.179,92.23,90.2,75.17,90.2,0.07,229,2.2,7.0,151,71,71,225,291,291,168,118,118,50,7,19,258,324,287,168,173,444,440,249,264,379,452,452,312,265,190
201575,Brandon Rush,1610612744,GSW,27.0,2,99.1,96.3,96.3,86.3,88.5,88.5,12.7,7.8,7.8,0.154,0.67,14.3,0.0,0.037,0.019,21.4,19.6,0.667,0.678,0.2,0.228,100.13,100.36,83.63,100.36,0.067,54,3.0,4.5,334,392,392,3,5,5,7,43,43,141,366,231,444,445,442,450,445,4,3,170,102,14,24,24,323,201,296
2217,Brendan Haywood,1610612766,CHA,33.0,61,96.7,97.5,97.5,104.9,105.4,105.4,-8.2,-7.9,-7.9,0.04,0.58,9.0,0.102,0.144,0.122,15.4,15.4,0.431,0.441,0.112,0.115,93.93,93.33,77.77,93.33,0.047,2261,1.5,3.5,398,362,362,314,328,328,397,390,390,423,392,358,49,154,101,410,410,380,401,440,438,269,301,301,407,335,338
203148,Brian Roberts,1610612740,NOH,27.0,78,100.3,99.5,99.5,108.7,107.7,107.7,-8.4,-8.2,-8.2,0.301,3.08,26.3,0.013,0.068,0.039,8.5,8.5,0.475,0.509,0.212,0.219,89.41,90.21,75.18,90.21,0.1,2503,2.7,6.6,283,316,316,423,400,400,399,394,394,33,11,61,392,399,418,76,76,279,273,137,129,460,451,451,151,217,210
201572,Brook Lopez,1610612751,BKN,25.0,74,107.5,108.7,108.7,102.7,102.5,102.5,4.8,6.1,6.1,0.061,0.53,4.8,0.096,0.138,0.117,8.9,8.9,0.521,0.567,0.282,0.285,90.99,90.53,75.44,90.53,0.148,4263,7.7,14.8,55,46,46,209,203,203,81,62,62,369,402,447,58,173,114,93,91,109,83,13,16,437,448,448,17,13,25
201957,Byron Mullens,1610612766,CHA,24.0,53,96.8,98.1,98.1,113.0,113.1,113.1,-16.2,-14.9,-14.9,0.102,1.09,10.6,0.046,0.196,0.116,9.7,9.7,0.444,0.465,0.21,0.213,94.91,94.24,78.53,94.24,0.085,2803,4.1,10.6,394,348,348,455,457,457,445,445,445,234,280,304,193,50,116,146,146,359,376,141,147,197,247,247,235,131,94
201228,C.J. Watson,1610612751,BKN,29.0,80,103.6,102.9,102.9,102.7,102.3,102.3,0.8,0.6,0.6,0.178,2.33,22.1,0.025,0.075,0.049,9.5,9.5,0.514,0.544,0.168,0.173,90.18,90.67,75.55,90.67,0.093,2876,2.4,5.7,155,189,189,212,186,186,169,160,160,122,62,99,286,377,347,120,120,132,148,294,286,451,443,443,188,246,243
101139,CJ Miles,1610612739,CLE,26.0,65,101.2,102.2,102.2,105.2,105.5,105.5,-4.1,-3.3,-3.3,0.083,0.91,8.0,0.017,0.114,0.064,8.8,8.7,0.518,0.551,0.234,0.24,95.34,94.7,78.92,94.7,0.096,2693,3.9,9.4,252,215,215,326,338,338,306,288,288,285,328,380,346,243,276,88,83,120,128,73,73,177,220,220,170,140,121
201171,Carl Landry,1610612744,GSW,29.0,81,103.1,102.8,102.8,104.2,103.9,103.9,-1.1,-1.0,-1.0,0.056,0.57,7.2,0.098,0.158,0.129,12.8,12.7,0.541,0.605,0.195,0.199,96.12,96.4,80.33,96.4,0.115,3780,4.0,7.4,170,196,196,279,267,267,214,217,217,384,397,396,55,121,89,343,339,75,31,188,188,129,112,112,85,136,179
2430,Carlos Boozer,1610612741,CHI,31.0,79,99.3,101.1,101.1,102.0,102.5,102.5,-2.7,-1.5,-1.5,0.132,1.02,11.1,0.069,0.244,0.155,11.0,10.9,0.477,0.51,0.255,0.258,91.74,90.71,75.59,90.71,0.138,4810,6.9,14.4,324,260,260,175,199,199,265,223,223,182,302,294,133,11,29,231,228,268,270,39,44,408,440,440,31,22,30
2568,Carlos Delfino,1610612745,HOU,30.0,67,108.7,109.5,109.5,102.5,102.7,102.7,6.2,6.8,6.8,0.125,1.88,15.9,0.01,0.118,0.064,8.5,8.5,0.532,0.549,0.181,0.186,97.97,97.48,81.23,97.48,0.095,3437,3.7,9.3,39,33,33,201,213,213,61,52,52,193,121,193,412,230,279,73,71,85,132,236,240,41,69,69,181,152,126
2546,Carmelo Anthony,1610612752,NYK,29.0,67,110.5,112.0,112.0,104.4,105.8,105.8,6.1,6.2,6.2,0.137,0.98,8.3,0.055,0.142,0.097,8.5,8.5,0.502,0.56,0.349,0.353,92.02,90.75,75.63,90.75,0.151,4700,10.0,22.2,20,16,16,289,350,350,62,60,60,173,316,373,170,163,171,77,75,166,103,2,2,390,439,439,12,2,1
2406,Caron Butler,1610612746,LAC,33.0,78,110.1,111.3,111.3,103.6,104.6,104.6,6.5,6.8,6.8,0.063,1.08,8.6,0.023,0.105,0.064,7.9,7.9,0.513,0.535,0.199,0.202,93.58,92.62,77.19,92.62,0.075,3630,3.9,9.2,26,18,18,254,300,300,59,53,53,362,283,370,298,269,278,58,56,137,173,173,179,297,347,347,286,141,127
201858,Cartier Martin,1610612764,WAS,28.0,41,97.1,97.1,97.1,100.9,99.9,99.9,-3.8,-2.9,-2.9,0.049,0.63,6.3,0.015,0.125,0.069,10.1,10.1,0.496,0.511,0.191,0.195,93.8,94.29,78.57,94.29,0.073,1359,2.3,6.1,388,372,372,133,94,94,299,273,273,406,380,422,367,205,258,174,174,198,267,200,203,283,246,246,296,252,224
202718,Chandler Parsons,1610612745,HOU,24.0,76,105.8,107.0,107.0,103.2,104.1,104.1,2.6,2.9,2.9,0.157,1.83,18.9,0.029,0.117,0.073,10.3,10.3,0.567,0.584,0.182,0.184,98.56,97.51,81.26,97.51,0.107,5598,6.0,12.4,105,69,69,235,276,276,129,113,113,137,130,142,255,234,241,195,193,41,58,232,243,29,67,67,121,48,56
202724,Charles Jenkins,1610612755,PHI,24.0,59,95.8,92.1,92.1,96.3,94.7,94.7,-0.6,-2.6,-2.6,0.167,2.1,22.6,0.017,0.05,0.033,10.8,10.7,0.409,0.425,0.145,0.155,97.12,99.88,83.23,99.88,0.053,912,0.8,2.1,411,430,430,31,21,21,203,264,264,129,87,94,351,440,434,217,213,397,415,366,351,59,28,28,390,418,415
101111,Charlie Villanueva,1610612765,DET,28.0,69,103.9,103.7,103.7,107.8,108.2,108.2,-3.9,-4.5,-4.5,0.082,1.38,9.3,0.043,0.181,0.109,6.7,6.7,0.474,0.481,0.212,0.216,94.6,94.52,78.76,94.52,0.091,2153,2.5,6.7,148,166,166,401,418,418,300,322,322,288,216,344,203,80,140,31,31,280,345,134,140,224,234,234,205,236,203
201978,Chase Budinger,1610612750,MIN,25.0,23,101.5,102.5,102.5,99.1,100.3,100.3,2.4,2.2,2.2,0.08,1.09,9.7,0.029,0.114,0.07,8.9,8.9,0.482,0.516,0.203,0.207,95.63,94.61,78.84,94.61,0.088,1000,3.4,8.3,233,208,208,79,113,113,131,132,132,293,282,334,262,244,257,92,92,252,252,161,170,157,226,226,226,173,154
1497,Chauncey Billups,1610612746,LAC,36.0,22,112.0,113.2,113.2,107.5,107.9,107.9,4.5,5.2,5.2,0.168,1.88,21.6,0.005,0.085,0.044,11.5,11.4,0.527,0.601,0.194,0.2,92.0,91.34,76.12,91.34,0.095,798,2.4,6.0,11,6,6,392,412,412,86,77,77,128,119,108,439,335,382,265,262,98,37,191,185,394,414,414,183,245,230
2365,Chris Andersen,1610612748,MIA,34.0,42,107.3,106.2,106.2,97.3,99.0,99.0,10.0,7.2,7.2,0.045,0.71,8.3,0.102,0.18,0.144,11.7,11.7,0.585,0.631,0.14,0.144,92.36,92.08,76.74,92.08,0.109,1203,1.7,2.9,59,97,97,42,79,79,27,50,50,414,357,375,48,82,51,281,280,28,16,385,386,367,377,377,116,318,374
2547,Chris Bosh,1610612748,MIA,29.0,74,111.8,112.2,112.2,101.0,102.4,102.4,10.8,9.8,9.8,0.081,0.96,9.5,0.064,0.153,0.113,9.9,9.9,0.546,0.592,0.225,0.228,92.68,91.91,76.59,91.91,0.129,4706,6.6,12.3,14,15,15,136,191,191,21,24,24,290,321,339,147,129,130,158,161,66,48,95,103,352,386,386,48,29,59
203142,Chris Copeland,1610612752,NYK,29.0,56,108.6,108.2,108.2,103.8,103.8,103.8,4.7,4.4,4.4,0.055,0.54,5.5,0.041,0.104,0.073,10.1,10.1,0.557,0.583,0.25,0.256,91.81,92.0,76.67,92.0,0.09,1644,3.3,6.8,42,51,51,262,264,264,84,86,86,387,401,441,211,273,244,178,175,51,59,45,48,403,380,380,214,187,198
201604,Chris Douglas-Roberts,1610612742,DAL,26.0,6,96.2,96.7,96.7,109.8,105.6,105.6,-13.6,-8.9,-8.9,0.103,4.0,16.7,0.0,0.082,0.038,4.2,4.3,0.357,0.462,0.138,0.137,92.77,94.35,78.63,94.35,0.052,123,0.8,2.3,405,380,380,438,340,340,438,406,406,233,5,184,444,347,423,15,15,433,381,390,401,347,243,243,391,417,399
2768,Chris Duhon,1610612747,LAL,30.0,46,106.2,105.8,105.8,105.8,106.6,106.6,0.5,-0.8,-0.8,0.236,3.33,44.2,0.013,0.066,0.04,13.3,13.3,0.516,0.517,0.089,0.091,96.42,96.2,80.17,96.2,0.06,1646,1.0,2.7,87,108,108,342,375,375,177,207,207,75,6,4,386,409,406,361,363,124,245,459,459,100,124,124,361,397,386
202419,Chris Johnson,1610612750,MIN,27.0,30,106.9,106.6,106.6,111.0,110.2,110.2,-4.1,-3.5,-3.5,0.042,0.62,7.1,0.076,0.137,0.108,11.5,11.7,0.64,0.65,0.165,0.166,93.95,94.41,78.67,94.41,0.091,557,1.6,2.5,71,79,79,450,448,448,307,293,293,421,382,402,110,179,147,268,281,7,7,306,318,266,240,240,208,329,393
203187,Chris Johnson,1610612763,MEM,23.0,8,111.4,111.7,111.7,93.3,92.5,92.5,18.1,19.2,19.2,0.025,0.67,6.5,0.046,0.062,0.053,9.7,9.7,0.56,0.56,0.121,0.124,92.76,93.08,77.57,93.08,0.062,197,1.4,3.1,16,17,17,8,15,15,2,3,3,453,366,421,194,421,324,144,145,44,102,427,426,348,319,319,354,355,366
2549,Chris Kaman,1610612742,DAL,31.0,66,100.1,100.1,100.1,104.8,105.5,105.5,-4.6,-5.3,-5.3,0.066,0.5,6.3,0.075,0.203,0.141,12.7,12.7,0.507,0.529,0.251,0.255,95.63,95.3,79.41,95.3,0.113,2714,4.7,9.3,296,302,302,309,335,335,320,346,346,348,416,423,115,44,57,336,337,150,208,43,49,156,186,186,95,97,122
101108,Chris Paul,1610612746,LAC,28.0,70,112.1,114.3,114.3,103.3,104.5,104.5,8.7,9.7,9.7,0.443,4.26,37.0,0.024,0.096,0.06,8.7,8.7,0.526,0.594,0.223,0.225,93.77,92.32,76.94,92.32,0.178,4489,5.9,12.2,10,2,2,240,298,298,35,26,26,3,2,10,293,291,292,82,81,100,46,104,108,286,366,366,3,51,61
200809,Chris Quinn,1610612739,CLE,29.0,7,93.6,97.4,97.4,89.9,89.5,89.5,3.7,7.9,7.9,0.155,1.5,28.1,0.013,0.015,0.014,18.8,18.8,0.25,0.296,0.131,0.132,94.44,92.83,77.36,92.83,0.006,151,0.6,2.3,438,367,367,5,7,7,102,42,42,139,188,48,393,448,444,438,439,454,452,408,416,238,332,332,448,430,401
202698,Chris Singleton,1610612764,WAS,23.0,57,97.1,97.0,97.0,101.7,100.5,100.5,-4.6,-3.6,-3.6,0.065,0.82,10.5,0.054,0.146,0.099,12.7,12.7,0.396,0.425,0.154,0.157,94.58,95.15,79.29,95.15,0.045,1819,1.6,4.2,390,375,375,157,120,120,319,294,294,352,344,310,172,149,169,337,335,410,414,344,345,226,193,193,412,328,307
2404,Chris Wilcox,1610612738,BOS,30.0,61,101.1,100.4,100.4,101.7,102.1,102.1,-0.6,-1.7,-1.7,0.041,0.65,9.4,0.072,0.141,0.109,14.5,14.5,0.719,0.725,0.117,0.119,96.4,96.52,80.44,96.52,0.092,1659,1.8,2.5,256,291,291,158,177,177,202,229,229,422,377,342,123,169,142,395,393,2,2,431,431,103,106,106,197,307,392
203203,Chris Wright,1610612742,DAL,23.0,3,55.1,46.2,46.2,130.1,127.3,127.3,-75.0,-81.1,-81.1,0.0,0.0,0.0,0.0,0.0,0.0,33.3,33.3,0.5,0.5,0.2,0.253,118.71,131.66,109.71,131.66,0.0,13,0.3,0.7,465,465,465,468,467,467,467,467,467,458,450,458,444,449,445,464,464,173,296,170,52,3,3,3,451,453,462
101236,Chuck Hayes,1610612758,SAC,30.0,74,102.3,103.4,103.4,104.5,104.3,104.3,-2.2,-0.9,-0.9,0.135,2.55,30.4,0.091,0.156,0.123,12.0,12.0,0.442,0.469,0.093,0.095,94.56,94.2,78.5,94.2,0.076,2369,1.1,2.6,201,175,175,300,284,284,249,212,212,177,43,30,70,122,100,296,297,364,371,455,456,229,248,248,279,381,391
202332,Cole Aldrich,1610612758,SAC,24.0,45,106.2,105.1,105.1,104.3,103.7,103.7,1.9,1.5,1.5,0.032,0.39,7.4,0.075,0.22,0.148,19.0,19.0,0.55,0.563,0.121,0.125,100.47,101.33,84.44,101.33,0.071,817,1.0,1.8,86,124,124,287,258,258,147,149,149,438,432,392,118,27,46,441,441,62,94,426,425,13,17,17,304,403,426
201147,Corey Brewer,1610612743,DEN,27.0,82,107.0,106.6,106.6,101.5,102.7,102.7,5.5,3.9,3.9,0.097,1.22,10.3,0.027,0.084,0.056,8.5,8.5,0.476,0.506,0.228,0.233,98.85,98.4,82.0,98.4,0.088,4101,4.6,10.8,69,81,81,151,214,214,69,98,98,243,254,317,272,340,306,71,74,272,281,85,86,26,50,50,223,108,90
1894,Corey Maggette,1610612765,DET,33.0,18,98.2,98.4,98.4,101.4,102.3,102.3,-3.1,-3.9,-3.9,0.121,1.12,14.3,0.018,0.079,0.047,12.8,12.8,0.388,0.489,0.197,0.202,91.09,90.61,75.51,90.61,0.033,486,1.5,4.2,356,342,342,145,185,185,277,309,309,197,274,231,343,359,363,340,341,416,324,177,178,435,447,447,432,339,308
202809,Cory Higgins,1610612766,CHA,24.0,6,106.3,97.1,97.1,114.2,110.4,110.4,-7.9,-13.3,-13.3,0.278,0.0,20.0,0.032,0.057,0.045,0.0,0.0,0.342,0.352,0.274,0.297,95.18,101.26,84.38,101.26,0.046,69,1.0,3.2,85,371,371,457,451,451,389,437,437,46,450,124,240,430,373,1,1,437,444,19,9,183,19,19,408,398,364
202709,Cory Joseph,1610612759,SAS,21.0,28,101.2,100.5,100.5,102.7,100.7,100.7,-1.5,-0.2,-0.2,0.199,2.52,27.3,0.031,0.102,0.066,10.8,10.9,0.491,0.528,0.157,0.161,97.75,99.0,82.5,99.0,0.092,798,1.8,3.9,250,287,287,208,126,126,228,188,188,100,47,52,246,278,270,220,226,215,212,328,331,43,39,39,196,304,317
201584,Courtney Lee,1610612738,BOS,27.0,78,102.0,101.2,101.2,102.5,103.0,103.0,-0.6,-1.8,-1.8,0.116,1.7,18.1,0.018,0.084,0.052,10.6,10.7,0.519,0.545,0.155,0.158,93.73,93.87,78.23,93.87,0.079,3784,3.2,6.8,222,254,254,205,223,223,204,238,238,205,148,156,345,338,329,210,210,115,144,341,342,289,268,268,262,197,196
201571,D.J. Augustin,1610612754,IND,25.0,76,97.3,96.6,96.6,98.4,99.4,99.4,-1.1,-2.8,-2.8,0.242,2.5,29.8,0.016,0.057,0.037,11.9,11.8,0.464,0.527,0.144,0.151,92.88,92.7,77.25,92.7,0.089,2384,1.4,3.9,383,385,385,65,86,86,213,271,271,72,50,32,359,429,428,294,288,303,215,369,361,338,341,341,219,356,322
201591,DJ White,1610612738,BOS,26.0,12,107.3,104.2,104.2,93.4,89.6,89.6,13.9,14.6,14.6,0.07,2.0,12.1,0.053,0.1,0.078,6.1,6.1,0.522,0.538,0.158,0.165,88.68,91.84,76.53,91.84,0.097,166,1.0,1.9,60,146,146,9,8,8,5,5,5,334,98,273,178,281,226,22,22,103,164,320,319,461,390,390,167,398,420
201969,DaJuan Summers,1610612746,LAC,25.0,2,86.5,85.7,85.7,93.2,85.7,85.7,-6.7,0.0,0.0,0.25,0.0,20.0,0.0,0.0,0.0,0.0,0.0,0.25,0.25,0.286,0.288,96.5,100.98,84.15,100.98,0.083,14,0.5,2.0,454,451,451,7,4,4,368,179,179,64,450,124,444,449,445,1,1,454,458,10,14,95,20,20,243,440,417
201161,Daequan Cook,1610612741,CHI,26.0,49,99.4,99.3,99.3,105.3,104.8,104.8,-5.8,-5.4,-5.4,0.072,1.27,9.3,0.015,0.129,0.069,7.3,7.3,0.383,0.398,0.181,0.188,95.98,96.27,80.23,96.27,0.043,887,1.0,3.4,320,321,321,327,309,309,344,351,351,328,246,348,370,197,260,44,44,419,431,235,228,137,119,119,415,393,347
2563,Dahntay Jones,1610612737,ATL,32.0,78,101.7,98.7,98.7,103.5,102.6,102.6,-1.8,-3.9,-3.9,0.07,1.26,13.4,0.024,0.072,0.049,10.6,10.6,0.394,0.482,0.135,0.14,96.24,98.1,81.75,98.1,0.029,2069,1.1,2.8,230,337,337,246,208,208,237,310,310,334,247,252,292,385,354,204,208,413,340,397,394,121,54,54,438,389,379
203081,Damian Lillard,1610612757,POR,22.0,82,105.0,106.3,106.3,107.2,107.8,107.8,-2.1,-1.5,-1.5,0.28,2.19,24.2,0.014,0.07,0.042,11.1,11.0,0.501,0.546,0.237,0.241,93.99,93.14,77.62,93.14,0.105,6160,6.7,15.7,124,91,91,379,408,408,246,225,225,45,77,76,380,393,396,237,236,170,140,67,71,262,316,316,131,24,16
2863,Damien Wilkins,1610612755,PHI,33.0,61,101.5,100.9,100.9,105.5,105.7,105.7,-4.0,-4.8,-4.8,0.134,1.86,18.0,0.029,0.069,0.049,9.7,9.7,0.486,0.533,0.171,0.175,93.2,93.36,77.8,93.36,0.071,2113,2.4,5.2,236,264,264,337,348,348,302,333,333,179,124,158,254,398,357,147,147,232,187,281,277,315,298,298,303,250,264
202345,Damion James,1610612751,BKN,25.0,2,0.0,0.0,0.0,34.7,25.0,25.0,-34.7,-25.0,-25.0,0.0,0.0,0.0,0.0,0.0,0.0,0.0,0.0,0.0,0.0,0.0,0.0,177.23,307.69,256.41,307.69,-0.4,1,0.0,0.0,469,469,469,1,1,1,460,456,456,458,450,458,444,449,445,1,1,462,463,468,468,1,1,1,469,462,468
200789,Daniel Gibson,1610612739,CLE,27.0,46,94.5,95.9,95.9,108.0,107.4,107.4,-13.5,-11.5,-11.5,0.147,2.65,21.9,0.005,0.067,0.034,8.3,8.2,0.453,0.475,0.14,0.144,94.03,93.61,78.01,93.61,0.044,1794,1.8,5.4,430,399,399,405,393,393,437,423,423,156,38,103,440,404,433,62,63,332,361,387,387,257,282,282,414,303,250
202350,Daniel Orton,1610612760,OKC,22.0,13,96.0,93.0,93.0,100.2,100.0,100.0,-4.2,-7.0,-7.0,0.062,1.0,9.5,0.113,0.121,0.117,9.5,9.6,0.462,0.493,0.156,0.161,97.69,99.34,82.78,99.34,0.07,215,0.9,2.0,409,426,426,112,96,96,311,376,376,367,306,338,28,218,113,122,137,307,313,335,329,44,35,35,309,408,417
201568,Danilo Gallinari,1610612743,DEN,24.0,71,108.8,110.3,110.3,101.6,103.0,103.0,7.2,7.3,7.3,0.113,1.59,13.5,0.028,0.13,0.08,8.5,8.5,0.495,0.561,0.21,0.214,97.41,96.09,80.08,96.09,0.113,4621,5.1,12.3,36,26,26,154,225,225,52,49,49,210,176,249,264,192,217,74,73,201,98,142,145,48,128,128,94,77,58
101122,Danny Granger,1610612754,IND,30.0,5,92.5,92.9,92.9,102.3,102.8,102.8,-9.8,-10.0,-10.0,0.079,0.75,6.5,0.043,0.081,0.063,8.7,8.8,0.314,0.35,0.262,0.263,92.28,91.87,76.56,91.87,0.01,140,2.0,7.0,441,428,428,193,219,219,412,414,414,302,352,418,204,350,285,83,87,444,445,26,35,374,388,388,447,283,190
201980,Danny Green,1610612759,SAS,26.0,80,106.3,106.3,106.3,98.5,98.7,98.7,7.8,7.5,7.5,0.095,1.5,15.1,0.018,0.092,0.057,10.1,10.1,0.581,0.6,0.164,0.168,95.91,95.81,79.84,95.81,0.089,4384,3.7,8.3,84,92,92,69,76,76,41,46,46,251,188,211,342,306,303,175,172,32,38,308,312,145,152,152,220,155,155
201967,Dante Cunningham,1610612750,MIN,26.0,80,100.0,100.4,100.4,101.8,102.5,102.5,-1.8,-2.1,-2.1,0.056,1.2,7.9,0.069,0.139,0.102,6.6,6.7,0.468,0.485,0.17,0.173,94.97,94.42,78.68,94.42,0.092,3946,3.9,8.4,304,290,290,163,197,197,236,243,243,385,261,381,136,171,160,30,30,296,330,282,284,192,239,239,199,139,149
203130,Darius Johnson-Odom,1610612747,LAL,23.0,4,54.3,43.8,43.8,97.4,100.0,100.0,-43.1,-56.3,-56.3,0.333,0.0,20.0,0.083,0.0,0.0,0.0,0.0,0.0,0.0,0.222,0.269,120.95,132.58,110.48,132.58,0.032,16,0.0,1.0,466,466,466,45,96,96,466,466,466,20,450,124,88,449,445,1,1,462,463,107,25,2,2,2,434,462,453
203121,Darius Miller,1610612740,NOH,23.0,52,99.9,99.7,99.7,105.0,103.7,103.7,-5.0,-4.0,-4.0,0.1,1.91,24.7,0.012,0.111,0.06,12.9,12.9,0.509,0.529,0.089,0.092,90.18,90.85,75.71,90.85,0.038,1311,0.8,2.1,306,310,310,321,263,263,326,312,312,235,113,73,400,251,294,346,345,144,209,458,458,452,435,435,427,414,413
202721,Darius Morris,1610612747,LAL,22.0,48,100.7,99.9,99.9,99.9,100.0,100.0,0.8,-0.1,-0.1,0.175,1.69,23.5,0.034,0.045,0.04,13.9,13.8,0.452,0.475,0.156,0.162,96.95,97.27,81.06,97.27,0.046,1377,1.5,3.9,270,307,307,95,96,96,170,183,183,127,151,82,231,443,410,385,384,335,360,331,326,67,77,77,409,336,318
2545,Darko Milicic,1610612738,BOS,28.0,1,60.7,60.0,60.0,90.0,90.0,90.0,-29.3,-30.0,-30.0,0.0,0.0,0.0,0.0,0.0,0.0,66.7,66.7,0.0,0.0,0.231,0.253,106.03,106.67,88.89,106.67,-0.286,10,0.0,1.0,464,464,464,6,9,9,457,457,457,458,450,458,444,449,445,468,468,462,463,81,52,5,7,7,468,462,453
201589,Darrell Arthur,1610612763,MEM,25.0,59,96.9,96.2,96.2,102.1,100.9,100.9,-5.2,-4.6,-4.6,0.06,0.77,7.3,0.07,0.11,0.09,9.5,9.4,0.458,0.477,0.196,0.202,91.51,92.39,76.99,92.39,0.065,1859,2.7,6.1,393,394,394,180,131,131,328,328,328,372,350,395,128,253,192,118,118,320,355,185,180,419,363,363,330,216,226
201954,Darren Collison,1610612742,DAL,25.0,81,103.7,103.9,103.9,105.7,105.7,105.7,-2.0,-1.8,-1.8,0.264,2.4,29.1,0.014,0.078,0.047,12.1,12.1,0.504,0.575,0.19,0.194,97.0,96.91,80.76,96.91,0.11,4790,4.2,8.9,152,157,157,341,344,344,241,235,235,54,55,35,381,364,365,302,300,158,67,205,209,65,91,91,105,125,138
101135,David Lee,1610612744,GSW,30.0,79,106.2,107.0,107.0,103.1,104.3,104.3,3.1,2.7,2.7,0.158,1.35,15.6,0.078,0.221,0.152,11.6,11.6,0.519,0.561,0.23,0.232,96.76,95.83,79.86,95.83,0.141,5814,7.6,14.7,89,70,70,232,288,288,114,115,115,135,224,200,99,25,36,275,276,114,99,83,88,72,151,151,26,14,27
2561,David West,1610612754,IND,32.0,73,104.9,105.9,105.9,96.4,98.2,98.2,8.5,7.7,7.7,0.157,1.36,14.0,0.062,0.167,0.116,10.3,10.3,0.5,0.545,0.243,0.246,93.27,91.95,76.63,91.95,0.151,4670,6.9,13.8,126,106,106,32,60,60,36,45,45,138,221,239,158,109,118,194,195,187,145,56,66,311,383,383,13,23,39
201599,DeAndre Jordan,1610612746,LAC,24.0,82,111.4,113.4,113.4,104.1,105.5,105.5,7.3,8.0,8.0,0.02,0.28,3.9,0.114,0.207,0.161,13.8,13.8,0.643,0.606,0.158,0.16,93.06,91.63,76.36,91.63,0.099,3822,3.8,6.0,17,5,5,274,331,331,50,40,40,456,442,453,27,40,22,382,381,6,30,324,334,326,402,402,157,148,234
202732,DeAndre Liggins,1610612760,OKC,25.0,39,97.1,93.2,93.2,99.9,98.0,98.0,-2.8,-4.8,-4.8,0.077,1.07,17.9,0.045,0.138,0.092,16.7,16.7,0.521,0.528,0.104,0.109,96.44,99.39,82.83,99.39,0.059,601,0.5,1.2,389,425,425,98,53,53,269,334,334,306,286,161,197,174,183,425,426,105,213,450,446,98,34,34,364,436,449
201971,DeJuan Blair,1610612759,SAS,24.0,61,100.7,99.4,99.4,102.0,100.8,100.8,-1.4,-1.4,-1.4,0.084,0.92,11.4,0.082,0.192,0.138,12.4,12.4,0.524,0.543,0.183,0.187,96.7,97.92,81.6,97.92,0.098,1737,2.3,4.4,271,319,319,178,130,130,223,221,221,282,326,289,92,57,67,319,320,102,149,230,236,77,58,58,159,254,298
201942,DeMar DeRozan,1610612761,TOR,23.0,82,102.0,103.4,103.4,104.3,105.1,105.1,-2.3,-1.7,-1.7,0.12,1.35,11.5,0.016,0.095,0.055,8.5,8.5,0.459,0.523,0.238,0.241,93.64,92.61,77.17,92.61,0.1,5807,6.7,15.0,221,172,172,283,325,325,252,233,233,200,223,287,353,295,309,75,77,319,226,63,72,292,348,348,150,26,22
202326,DeMarcus Cousins,1610612758,SAC,22.0,75,102.2,104.1,104.1,109.5,110.2,110.2,-7.3,-6.1,-6.1,0.154,0.88,12.1,0.097,0.245,0.168,13.7,13.7,0.467,0.524,0.278,0.281,96.64,95.42,79.52,95.42,0.132,4541,6.4,13.8,208,149,149,436,449,449,379,364,364,143,333,274,57,9,15,376,378,298,223,16,18,81,175,175,41,31,40
201960,DeMarre Carroll,1610612762,UTA,26.0,66,105.6,105.9,105.9,100.3,100.4,100.4,5.3,5.6,5.6,0.085,1.79,13.1,0.081,0.096,0.088,7.3,7.4,0.491,0.535,0.158,0.161,93.56,93.36,77.8,93.36,0.091,2159,2.3,4.9,111,105,105,113,116,116,72,71,71,275,137,258,96,289,196,45,47,217,172,322,330,299,299,299,206,257,277
203199,DeQuan Jones,1610612753,ORL,23.0,63,99.3,98.8,98.8,110.2,109.3,109.3,-10.9,-10.5,-10.5,0.03,0.53,5.6,0.02,0.11,0.064,10.5,10.5,0.456,0.485,0.146,0.15,95.56,96.18,80.15,96.18,0.051,1604,1.5,3.5,325,332,332,445,437,437,420,417,417,443,403,436,328,258,280,199,200,327,334,361,362,164,125,125,394,338,345
2205,DeSagana Diop,1610612766,CHA,31.0,22,97.5,97.1,97.1,103.9,104.3,104.3,-6.3,-7.2,-7.2,0.087,1.63,27.1,0.044,0.167,0.107,16.7,16.5,0.296,0.292,0.069,0.073,94.93,94.94,79.12,94.94,0.055,450,0.4,1.2,378,370,370,264,286,286,358,382,382,270,164,54,200,111,149,425,423,448,453,465,465,196,201,201,381,450,446
2052,DeShawn Stevenson,1610612737,ATL,32.0,56,103.0,102.9,102.9,104.1,104.5,104.5,-1.1,-1.6,-1.6,0.063,2.26,15.0,0.016,0.092,0.054,6.6,6.6,0.519,0.522,0.116,0.118,95.57,95.46,79.55,95.46,0.05,2294,1.8,4.7,172,193,193,273,296,296,212,227,227,360,68,215,357,306,316,29,29,113,230,432,433,162,172,172,400,313,286
965,Derek Fisher,1610612760,OKC,38.0,33,107.2,106.2,106.2,100.7,100.3,100.3,6.5,5.9,5.9,0.117,1.57,18.4,0.004,0.061,0.034,11.8,11.8,0.435,0.492,0.164,0.168,95.12,95.71,79.76,95.71,0.043,1145,1.7,4.9,64,94,94,125,115,115,57,66,66,202,179,147,443,424,432,284,285,375,316,312,311,186,161,161,416,321,278
101114,Deron Williams,1610612751,BKN,29.0,78,106.7,108.6,108.6,104.9,105.5,105.5,1.8,3.1,3.1,0.364,2.77,28.8,0.01,0.076,0.043,10.4,10.3,0.516,0.574,0.238,0.242,91.99,90.91,75.76,90.91,0.134,5384,6.3,14.4,76,48,48,315,336,336,151,108,108,11,26,41,411,367,391,196,194,128,70,62,69,398,433,433,39,33,31
202324,Derrick Favors,1610612762,UTA,21.0,77,101.4,102.5,102.5,102.8,102.4,102.4,-1.5,0.1,0.1,0.071,0.58,8.4,0.103,0.21,0.155,14.5,14.6,0.482,0.533,0.201,0.204,92.72,92.43,77.03,92.43,0.116,3436,3.6,7.4,240,209,209,222,189,189,226,175,175,331,391,371,47,39,28,397,396,248,188,169,175,350,361,361,80,167,182
202682,Derrick Williams,1610612750,MIN,22.0,78,98.7,99.7,99.7,104.0,104.2,104.2,-5.3,-4.5,-4.5,0.044,0.46,4.4,0.05,0.183,0.114,9.6,9.6,0.471,0.515,0.234,0.237,95.44,94.81,79.01,94.81,0.103,3771,4.3,10.1,344,309,309,269,283,283,333,323,323,417,420,449,185,76,124,132,132,290,254,70,78,169,215,215,138,118,106
202365,Devin Ebanks,1610612747,LAL,23.0,19,97.7,97.7,97.7,104.4,103.5,103.5,-6.8,-5.8,-5.8,0.094,0.91,9.9,0.045,0.144,0.093,10.9,11.0,0.37,0.411,0.194,0.198,96.93,97.3,81.08,97.3,0.045,399,1.3,3.8,375,360,360,292,249,249,371,357,357,252,329,329,198,153,177,225,231,425,426,192,196,69,75,75,411,368,325
2734,Devin Harris,1610612737,ATL,30.0,58,105.2,104.3,104.3,97.8,98.3,98.3,7.4,6.0,6.0,0.215,2.24,24.9,0.004,0.076,0.042,11.1,11.1,0.525,0.565,0.191,0.197,94.7,94.9,79.08,94.9,0.096,2804,3.3,7.6,120,144,144,54,63,63,47,64,64,88,72,72,442,369,398,241,237,101,88,199,198,219,204,204,175,179,173
202354,Dexter Pittman,1610612763,MEM,25.0,11,81.4,73.1,73.1,118.3,116.4,116.4,-36.9,-43.3,-43.3,0.0,0.0,0.0,0.0,0.156,0.0,20.0,19.6,0.364,0.325,0.19,0.212,95.06,100.97,84.14,100.97,-0.049,67,0.4,1.0,457,460,460,463,463,463,463,465,465,458,450,458,444,123,445,445,445,431,450,204,153,188,21,21,461,450,453
203197,Diante Garrett,1610612756,PHX,24.0,19,87.7,87.4,87.4,105.7,101.6,101.6,-18.0,-14.2,-14.2,0.352,1.94,30.7,0.03,0.068,0.047,15.8,15.9,0.357,0.375,0.196,0.2,97.61,99.76,83.13,99.76,0.067,309,0.8,2.6,451,447,447,339,161,161,450,441,441,14,108,28,251,403,361,417,417,433,437,183,183,47,29,29,320,415,390
203079,Dion Waiters,1610612739,CLE,21.0,61,103.3,105.4,105.4,109.6,109.8,109.8,-6.3,-4.3,-4.3,0.178,1.51,15.0,0.012,0.081,0.044,10.0,10.0,0.451,0.492,0.258,0.261,94.52,93.51,77.92,93.51,0.083,3419,5.5,13.4,162,116,116,437,442,442,355,319,319,124,186,213,398,353,379,164,166,336,317,32,39,231,293,293,244,64,46
1717,Dirk Nowitzki,1610612742,DAL,35.0,53,105.1,103.8,103.8,104.5,103.1,103.1,0.6,0.8,0.8,0.132,1.89,13.1,0.023,0.199,0.113,6.9,6.9,0.516,0.564,0.24,0.247,94.56,95.83,79.86,95.83,0.144,3332,6.5,13.7,122,161,161,299,229,229,175,158,158,184,117,260,297,49,129,35,35,127,92,60,64,228,150,150,22,30,42
201187,Dominic McGuire,1610612754,IND,27.0,26,98.7,97.9,97.9,109.3,110.1,110.1,-10.5,-12.2,-12.2,0.08,1.67,21.5,0.051,0.165,0.107,12.9,13.0,0.429,0.422,0.088,0.09,91.25,91.26,76.05,91.26,0.051,730,0.9,2.2,340,355,355,434,446,446,417,430,430,295,154,109,181,113,152,344,350,383,417,460,460,429,416,416,395,408,409
202346,Dominique Jones,1610612742,DAL,24.0,29,99.5,98.8,98.8,102.5,101.0,101.0,-3.0,-2.2,-2.2,0.403,2.18,32.5,0.053,0.075,0.064,14.9,15.0,0.372,0.438,0.227,0.23,94.85,95.89,79.91,95.89,0.09,671,1.4,3.8,316,333,333,204,137,137,273,251,251,6,78,20,175,374,275,401,403,424,402,91,92,208,146,146,212,354,330
202388,Donald Sloan,1610612740,NOH,25.0,23,86.9,86.6,86.6,103.2,100.0,100.0,-16.2,-13.4,-13.4,0.284,2.71,27.0,0.01,0.098,0.051,9.9,9.9,0.391,0.455,0.171,0.177,91.93,93.57,77.97,93.57,0.09,514,1.2,3.4,453,449,449,236,96,96,446,438,438,44,33,56,414,287,338,161,162,415,389,280,273,402,286,286,210,371,349
202700,Donatas Motiejunas,1610612745,HOU,22.0,44,107.3,107.9,107.9,104.3,104.1,104.1,3.1,3.8,3.8,0.091,0.84,10.2,0.069,0.105,0.087,12.1,12.2,0.512,0.531,0.22,0.222,98.2,98.01,81.67,98.01,0.062,1096,2.2,4.8,58,54,54,281,274,274,118,99,99,262,340,322,134,267,200,304,311,138,199,110,117,37,56,56,355,264,279
2748,Dorell Wright,1610612755,PHI,27.0,79,99.1,98.3,98.3,104.8,104.4,104.4,-5.7,-6.1,-6.1,0.138,2.34,17.2,0.022,0.152,0.084,7.3,7.3,0.508,0.551,0.181,0.186,93.01,93.53,77.95,93.53,0.115,3492,3.0,7.6,336,344,344,311,294,294,341,365,365,172,61,176,309,135,205,46,45,147,127,238,238,332,289,289,83,201,174
203117,Doron Lamb,1610612753,ORL,21.0,47,97.2,97.7,97.7,106.2,104.7,104.7,-8.9,-7.0,-7.0,0.085,1.23,13.6,0.013,0.067,0.039,11.0,11.0,0.411,0.433,0.152,0.156,95.83,96.29,80.24,96.29,0.024,1158,1.3,3.5,384,361,361,359,303,303,404,377,377,274,251,247,384,407,412,233,233,396,408,349,350,146,116,116,442,366,344
203110,Draymond Green,1610612744,GSW,23.0,79,100.6,97.0,97.0,100.1,97.9,97.9,0.5,-0.9,-0.9,0.076,1.04,13.7,0.055,0.178,0.118,13.2,13.2,0.354,0.404,0.135,0.141,97.24,100.15,83.46,100.15,0.051,2183,1.1,3.3,273,374,374,106,48,48,178,214,214,312,294,243,171,86,108,357,361,435,429,396,392,53,25,25,397,388,360
2400,Drew Gooden,1610612749,MIL,31.0,16,99.4,99.3,99.3,104.6,104.6,104.6,-5.3,-5.2,-5.2,0.065,0.67,7.2,0.076,0.118,0.096,10.8,10.8,0.336,0.382,0.213,0.217,97.28,97.31,81.09,97.31,0.03,307,1.3,3.8,322,320,320,303,299,299,330,342,342,353,366,397,111,232,174,222,222,438,435,132,134,52,74,74,437,369,327
2730,Dwight Howard,1610612747,LAL,27.0,76,105.1,106.3,106.3,101.7,103.4,103.4,3.4,2.9,2.9,0.068,0.48,7.3,0.094,0.244,0.172,15.2,15.4,0.579,0.573,0.223,0.224,96.05,94.73,78.94,94.73,0.126,5363,6.2,10.7,123,89,89,161,247,247,108,111,111,345,417,394,61,10,11,405,408,34,73,101,113,133,219,219,51,44,93
2548,Dwyane Wade,1610612748,MIA,31.0,69,112.3,113.1,113.1,99.3,100.9,100.9,13.0,12.3,12.3,0.248,1.81,19.3,0.042,0.112,0.079,10.6,10.6,0.528,0.571,0.288,0.291,93.89,92.83,77.35,92.83,0.153,4625,8.2,15.8,8,8,8,82,133,133,6,9,9,68,133,140,208,250,223,208,209,94,78,9,11,274,334,334,11,6,15
202734,E'Twaun Moore,1610612753,ORL,24.0,75,97.2,97.4,97.4,107.2,106.3,106.3,-10.0,-8.9,-8.9,0.195,1.96,22.0,0.028,0.072,0.049,11.2,11.2,0.452,0.471,0.192,0.196,94.36,94.64,78.87,94.64,0.068,3312,3.2,8.0,386,366,366,380,366,366,413,407,407,104,102,101,268,387,348,253,252,334,369,196,201,246,222,222,319,196,164
2853,Earl Barron,1610612752,NYK,31.0,12,91.3,90.3,90.3,98.3,95.9,95.9,-7.0,-5.6,-5.6,0.054,0.45,7.1,0.111,0.26,0.175,15.7,15.7,0.353,0.361,0.173,0.178,95.4,97.12,80.93,97.12,0.065,320,1.5,4.3,446,438,438,63,28,28,376,354,354,388,421,399,31,5,10,415,416,436,443,272,272,174,82,82,329,339,305
201947,Earl Clark,1610612747,LAL,25.0,59,102.9,102.4,102.4,105.4,106.2,106.2,-2.5,-3.9,-3.9,0.073,1.05,11.9,0.061,0.172,0.118,11.3,11.3,0.486,0.51,0.154,0.159,97.07,96.95,80.79,96.95,0.087,2765,2.9,6.5,180,212,212,331,362,362,258,305,305,321,289,279,160,97,112,260,260,233,269,342,340,61,88,88,227,211,211
2248,Earl Watson,1610612762,UTA,34.0,48,101.2,102.5,102.5,105.9,105.5,105.5,-4.7,-3.1,-3.1,0.326,2.75,48.6,0.028,0.086,0.055,17.6,17.7,0.329,0.366,0.104,0.105,94.42,94.0,78.33,94.0,0.059,1623,0.8,2.5,247,210,210,349,339,339,321,281,281,24,29,2,270,331,312,433,433,442,441,449,451,242,261,261,366,421,393
202334,Ed Davis,1610612763,MEM,24.0,81,102.0,102.1,102.1,102.2,102.6,102.6,-0.2,-0.4,-0.4,0.066,1.0,9.2,0.097,0.201,0.149,9.2,9.2,0.539,0.561,0.175,0.179,90.91,90.71,75.59,90.71,0.118,3072,3.2,6.0,219,217,217,192,204,204,195,193,193,349,306,350,56,45,43,107,109,78,100,266,267,439,441,441,77,193,235
2201,Eddy Curry,1610612742,DAL,30.0,2,99.5,101.9,101.9,94.9,90.6,90.6,4.5,11.3,11.3,0.0,0.0,0.0,0.087,0.0,0.0,23.1,23.5,0.5,0.461,0.228,0.223,101.66,102.79,85.66,102.79,-0.062,53,2.0,4.0,318,224,224,18,12,12,87,13,13,458,450,458,81,449,445,454,455,173,383,87,116,8,14,14,464,283,315
202327,Ekpe Udoh,1610612749,MIL,26.0,76,98.2,98.9,98.9,101.0,100.3,100.3,-2.8,-1.5,-1.5,0.049,1.0,10.5,0.081,0.105,0.092,10.5,10.6,0.435,0.503,0.121,0.123,96.0,95.95,79.95,95.95,0.064,2616,1.5,3.5,358,329,329,134,114,114,266,222,222,407,306,308,95,272,181,201,202,374,290,425,427,136,141,141,335,334,339
1882,Elton Brand,1610612742,DAL,34.0,72,103.0,102.1,102.1,104.4,104.1,104.1,-1.5,-2.1,-2.1,0.072,1.23,10.9,0.088,0.189,0.14,8.9,8.8,0.473,0.499,0.167,0.172,95.75,96.31,80.26,96.31,0.096,3066,3.1,6.6,174,219,219,294,278,278,227,246,246,327,252,297,78,60,60,90,88,285,299,299,292,152,114,114,174,198,206
2731,Emeka Okafor,1610612764,WAS,30.0,79,98.3,99.3,99.3,100.1,100.1,100.1,-1.8,-0.8,-0.8,0.077,0.87,9.5,0.095,0.239,0.167,11.0,11.0,0.477,0.496,0.193,0.194,94.01,93.53,77.95,93.53,0.122,3990,4.2,8.7,353,322,322,105,106,106,235,206,206,307,335,337,59,13,16,232,234,267,305,194,207,260,290,290,62,127,144
202683,Enes Freedom,1610612762,UTA,21.0,70,102.1,103.1,103.1,98.4,98.0,98.0,3.8,5.1,5.1,0.05,0.31,5.5,0.125,0.155,0.14,17.9,18.0,0.545,0.588,0.206,0.211,96.03,95.8,79.83,95.8,0.13,2154,2.9,5.4,212,185,185,64,52,52,98,79,79,405,440,438,14,125,59,436,436,69,56,150,158,134,153,153,44,205,247
202339,Eric Bledsoe,1610612746,LAC,23.0,76,103.0,102.6,102.6,97.6,98.4,98.4,5.5,4.1,4.1,0.249,1.7,23.4,0.053,0.094,0.074,13.8,13.7,0.473,0.513,0.219,0.225,93.89,93.68,78.07,93.68,0.125,3030,3.3,7.5,171,205,205,48,69,69,70,91,91,66,150,83,177,301,238,380,379,286,261,114,107,275,278,278,56,180,178
201569,Eric Gordon,1610612740,NOH,24.0,42,105.5,106.7,106.7,108.4,108.2,108.2,-2.9,-1.5,-1.5,0.183,1.17,14.6,0.008,0.058,0.032,12.5,12.5,0.45,0.523,0.281,0.284,93.07,92.58,77.15,92.58,0.086,2438,5.6,13.9,114,78,78,415,419,419,271,224,224,118,262,222,430,428,436,322,324,340,228,14,17,325,351,351,230,59,38
201953,Eric Maynor,1610612757,POR,26.0,64,105.2,104.0,104.0,108.4,107.0,107.0,-3.2,-3.0,-3.0,0.295,2.3,31.9,0.01,0.04,0.025,13.9,13.9,0.438,0.472,0.181,0.186,94.93,96.1,80.09,96.1,0.061,1921,1.7,4.4,121,155,155,414,384,384,279,277,277,39,63,22,416,444,441,384,385,370,368,239,239,195,127,127,357,323,301
101141,Ersan Ilyasova,1610612749,MIL,26.0,73,103.9,105.0,105.0,103.7,104.8,104.8,0.2,0.2,0.2,0.092,1.56,11.0,0.072,0.185,0.126,7.0,7.0,0.521,0.552,0.202,0.204,98.45,97.42,81.18,97.42,0.119,4086,5.1,11.0,149,129,129,255,310,310,184,172,172,259,181,296,125,73,92,39,39,107,126,167,173,31,70,70,69,79,82
203095,Evan Fournier,1610612743,DEN,20.0,38,108.0,106.9,106.9,100.4,100.2,100.2,7.6,6.6,6.6,0.153,1.38,18.0,0.014,0.06,0.039,13.1,13.1,0.566,0.597,0.198,0.204,98.93,99.53,82.94,99.53,0.075,888,2.0,4.0,48,75,75,116,110,110,42,56,56,144,217,159,375,426,417,351,351,42,41,176,174,24,31,31,282,290,315
202323,Evan Turner,1610612755,PHI,24.0,82,99.9,100.7,100.7,103.4,104.5,104.5,-3.5,-3.8,-3.8,0.192,1.89,21.0,0.019,0.162,0.09,11.1,11.1,0.446,0.478,0.209,0.213,93.78,92.9,77.42,92.9,0.095,5596,5.4,12.8,309,275,275,244,297,297,287,304,304,106,116,115,332,117,189,239,241,355,351,143,151,285,330,330,184,69,51
203097,Fab Melo,1610612738,BOS,23.0,6,95.6,90.1,90.1,104.7,102.9,102.9,-9.1,-12.8,-12.8,0.0,0.0,0.0,0.0,0.073,0.039,11.1,11.4,0.5,0.451,0.113,0.115,89.83,93.35,77.79,93.35,-0.01,71,0.5,1.0,414,439,439,307,221,221,406,434,434,458,450,458,444,383,414,241,263,173,395,438,436,455,300,300,456,440,453
203105,Festus Ezeli,1610612744,GSW,23.0,78,101.3,100.2,100.2,102.0,101.1,101.1,-0.8,-0.9,-0.9,0.028,0.35,7.5,0.126,0.147,0.137,21.5,21.8,0.438,0.467,0.106,0.108,95.51,96.44,80.37,96.44,0.042,2235,0.9,2.2,244,298,298,177,142,142,209,213,213,447,436,391,12,144,70,451,451,369,373,445,448,167,110,110,418,406,408
101128,Francisco Garcia,1610612745,HOU,31.0,58,102.6,103.6,103.6,105.2,105.5,105.5,-2.6,-1.9,-1.9,0.095,1.97,15.6,0.008,0.08,0.044,7.9,7.9,0.505,0.519,0.146,0.148,96.51,95.87,79.89,95.87,0.063,2049,2.0,5.2,194,168,168,324,334,334,261,239,239,249,101,198,434,356,384,59,57,156,237,363,366,92,148,148,343,281,265
202066,Garrett Temple,1610612764,WAS,27.0,51,99.6,99.3,99.3,99.7,99.6,99.6,-0.1,-0.3,-0.3,0.151,1.89,25.6,0.025,0.082,0.054,13.6,13.5,0.457,0.478,0.13,0.133,93.91,94.12,78.44,94.12,0.059,2258,2.1,5.1,313,323,323,91,88,88,191,189,189,150,118,62,287,345,322,374,374,323,354,411,408,270,252,252,363,279,271
202390,Gary Neal,1610612759,SAS,28.0,68,105.4,105.1,105.1,101.4,101.2,101.2,4.0,3.9,3.9,0.137,1.87,15.7,0.009,0.085,0.049,8.4,8.3,0.487,0.512,0.211,0.216,96.35,96.63,80.52,96.63,0.077,2980,3.6,8.8,115,127,127,150,143,143,96,97,97,174,122,197,420,334,351,67,66,230,263,139,137,106,100,100,270,163,139
201588,George Hill,1610612754,IND,27.0,76,104.8,106.4,106.4,96.0,97.9,97.9,8.7,8.5,8.5,0.22,3.06,24.9,0.018,0.087,0.054,8.2,8.1,0.518,0.558,0.184,0.188,92.53,90.96,75.8,90.96,0.123,4962,5.1,11.5,132,87,87,28,51,51,34,33,33,85,12,71,341,328,321,60,60,121,113,220,227,361,429,429,58,80,74
101123,Gerald Green,1610612754,IND,27.0,60,95.5,95.6,95.6,95.1,96.3,96.3,0.4,-0.7,-0.7,0.087,0.94,9.0,0.027,0.095,0.061,9.5,9.5,0.435,0.465,0.207,0.212,92.84,92.18,76.82,92.18,0.078,2078,2.6,7.1,416,403,403,19,33,33,179,200,200,271,323,357,276,294,288,125,125,372,375,146,154,341,373,373,265,231,188
201945,Gerald Henderson,1610612766,CHA,25.0,68,98.7,100.1,100.1,109.5,110.1,110.1,-10.7,-10.0,-10.0,0.152,1.64,13.8,0.025,0.097,0.06,8.4,8.5,0.466,0.531,0.232,0.235,93.97,93.06,77.55,93.06,0.103,4140,5.6,12.6,341,303,303,435,445,445,419,416,416,148,158,241,285,288,293,69,70,300,196,77,82,265,321,321,136,57,53
2222,Gerald Wallace,1610612751,BKN,30.0,69,105.6,107.1,107.1,102.7,103.0,103.0,2.9,4.0,4.0,0.131,1.65,21.6,0.034,0.124,0.079,13.1,13.2,0.448,0.49,0.143,0.144,91.44,90.65,75.54,90.65,0.079,3912,2.6,6.6,109,66,66,207,227,227,121,94,94,185,157,106,229,208,222,354,357,350,320,373,385,421,444,444,260,225,207
201175,Glen Davis,1610612753,ORL,27.0,34,100.4,100.8,100.8,102.2,101.8,101.8,-1.8,-1.0,-1.0,0.115,1.09,10.6,0.053,0.182,0.118,9.7,9.6,0.448,0.483,0.255,0.26,92.31,92.28,76.9,92.28,0.108,2043,6.3,14.1,282,271,271,189,164,164,238,216,216,207,281,305,174,78,110,140,138,349,336,38,42,370,371,371,118,35,36
201609,Goran Dragic,1610612756,PHX,27.0,77,100.5,102.3,102.3,106.4,106.9,106.9,-6.0,-4.7,-4.7,0.344,2.68,31.2,0.023,0.073,0.047,11.6,11.6,0.491,0.54,0.213,0.216,96.32,95.25,79.37,95.25,0.113,5121,5.2,11.8,278,214,214,364,383,383,347,330,330,16,34,25,303,381,362,278,274,213,157,131,139,107,189,189,99,75,67
202330,Gordon Hayward,1610612762,UTA,23.0,72,105.8,106.7,106.7,103.9,104.2,104.2,1.8,2.5,2.5,0.163,1.78,17.4,0.025,0.087,0.056,9.8,9.7,0.501,0.564,0.211,0.217,94.49,93.94,78.28,93.94,0.109,4119,4.7,10.7,103,77,77,266,282,282,148,122,122,133,139,168,288,327,308,153,144,172,93,138,135,234,264,264,115,101,92
255,Grant Hill,1610612746,LAC,40.0,29,100.7,101.0,101.0,100.1,101.2,101.2,0.6,-0.2,-0.2,0.09,1.04,16.4,0.014,0.095,0.055,15.7,15.7,0.403,0.428,0.138,0.142,92.02,91.4,76.17,91.4,0.033,833,1.3,3.4,269,262,262,107,144,144,176,187,187,264,293,189,378,300,313,416,415,403,413,389,391,392,412,412,433,363,351
202328,Greg Monroe,1610612765,DET,23.0,81,99.5,100.8,100.8,104.9,106.0,106.0,-5.5,-5.2,-5.2,0.189,1.2,16.1,0.089,0.212,0.149,13.4,13.4,0.486,0.527,0.244,0.248,92.87,91.78,76.48,91.78,0.142,5159,6.3,13.1,319,272,272,316,355,355,336,343,343,115,260,192,75,35,42,367,367,231,214,54,62,340,394,394,25,34,48
202962,Greg Smith,1610612745,HOU,22.0,70,108.6,109.0,109.0,103.1,103.5,103.5,5.4,5.5,5.5,0.036,0.61,6.3,0.099,0.18,0.14,10.3,10.3,0.62,0.636,0.144,0.147,98.39,98.0,81.67,98.0,0.096,2264,2.4,3.9,41,39,39,233,250,250,71,72,72,434,383,424,54,81,58,191,192,10,14,370,370,34,57,57,169,243,320
201880,Greg Stiemsma,1610612750,MIN,27.0,76,97.0,97.2,97.2,100.7,100.6,100.6,-3.7,-3.4,-3.4,0.04,0.51,7.5,0.05,0.176,0.111,14.8,14.8,0.457,0.498,0.136,0.139,94.9,94.84,79.03,94.84,0.064,2387,1.7,3.7,391,369,369,123,122,122,295,291,291,426,409,388,183,91,135,399,399,325,301,394,398,198,210,210,342,320,333
202349,Greivis Vasquez,1610612740,NOH,26.0,78,104.5,106.3,106.3,108.8,109.3,109.3,-4.3,-3.0,-3.0,0.432,2.85,34.7,0.017,0.119,0.067,12.2,12.2,0.474,0.502,0.227,0.229,91.26,90.26,75.22,90.26,0.118,5035,5.6,13.0,138,90,90,425,438,438,314,275,275,4,16,13,348,225,266,309,308,281,291,92,95,428,450,450,74,58,49
202970,Gustavo Ayon,1610612749,MIL,28.0,55,102.7,101.6,101.6,101.8,101.5,101.5,0.9,0.1,0.1,0.142,1.51,23.1,0.085,0.185,0.136,15.3,15.3,0.551,0.54,0.141,0.146,95.61,96.23,80.2,96.23,0.085,1469,1.7,3.0,189,235,235,165,156,156,167,173,173,169,187,89,85,74,74,407,406,60,160,383,376,159,120,120,238,319,370
101124,Hakim Warrick,1610612766,CHA,30.0,28,94.5,95.7,95.7,108.7,107.8,107.8,-14.2,-12.2,-12.2,0.091,0.86,9.6,0.042,0.141,0.091,11.1,11.3,0.406,0.476,0.215,0.216,95.8,95.63,79.69,95.63,0.075,966,2.4,5.9,431,401,401,424,409,409,440,431,431,263,336,336,209,168,187,241,255,401,357,129,138,147,163,163,285,248,239
201632,Hamed Haddadi,1610612756,PHX,28.0,30,94.4,93.6,93.6,96.8,93.8,93.8,-2.4,-0.1,-0.1,0.058,0.39,8.7,0.122,0.203,0.161,22.5,22.6,0.427,0.447,0.164,0.168,96.17,98.15,81.79,98.15,0.055,658,1.2,2.7,432,422,422,35,18,18,253,182,182,381,434,364,18,43,21,452,453,387,399,309,307,125,52,52,382,373,382
203084,Harrison Barnes,1610612744,GSW,21.0,81,104.4,104.5,104.5,102.4,102.5,102.5,2.1,2.0,2.0,0.072,0.97,10.7,0.026,0.129,0.08,11.1,11.1,0.481,0.526,0.174,0.176,97.2,97.13,80.94,97.13,0.077,4146,3.4,7.8,141,135,135,194,196,196,141,133,133,330,317,301,277,196,219,238,240,254,220,270,275,54,81,81,271,176,170
201934,Hasheem Thabeet,1610612760,OKC,26.0,66,106.5,104.3,104.3,94.6,94.4,94.4,11.9,9.9,9.9,0.021,0.27,6.1,0.1,0.156,0.13,22.7,22.6,0.604,0.619,0.098,0.102,94.41,95.48,79.57,95.48,0.06,1524,1.0,1.6,78,142,142,16,20,20,16,23,23,455,444,425,53,124,87,453,452,16,21,453,453,243,169,169,362,404,434
2045,Hedo Turkoglu,1610612753,ORL,34.0,11,92.1,91.7,91.7,112.5,114.9,114.9,-20.4,-23.2,-23.2,0.2,1.92,25.6,0.021,0.116,0.068,13.3,13.2,0.274,0.288,0.167,0.172,89.53,88.81,74.01,88.81,0.035,349,1.3,4.8,442,433,433,453,461,461,452,455,455,97,111,63,323,235,262,363,360,451,454,298,293,458,466,466,430,367,281
203156,Henry Sims,1610612740,NOH,23.0,2,112.6,111.1,111.1,100.0,90.0,90.0,12.6,21.1,21.1,0.0,0.0,0.0,0.333,0.0,0.0,25.0,25.0,0.667,0.667,0.364,0.368,89.71,95.33,79.44,95.33,0.154,9,1.0,1.5,7,21,21,101,9,9,9,2,2,458,450,458,1,449,445,456,457,4,6,1,1,457,181,181,10,398,436
101133,Ian Mahinmi,1610612754,IND,26.0,80,94.5,94.3,94.3,98.6,99.6,99.6,-4.1,-5.3,-5.3,0.038,0.29,5.1,0.086,0.151,0.118,17.4,17.6,0.453,0.497,0.172,0.174,92.28,91.96,76.63,91.96,0.059,2531,1.9,4.1,429,420,420,71,90,90,305,344,344,430,441,444,84,137,111,432,432,333,303,277,280,373,382,382,365,300,310
202697,Iman Shumpert,1610612752,NYK,23.0,45,105.6,105.3,105.3,105.3,104.7,104.7,0.3,0.6,0.6,0.12,2.03,18.3,0.032,0.113,0.072,9.0,9.1,0.489,0.516,0.155,0.159,91.37,91.78,76.49,91.78,0.071,1892,2.4,6.1,107,121,121,328,307,307,181,161,161,199,94,149,245,246,251,98,98,224,250,339,336,425,393,393,302,244,225
202738,Isaiah Thomas,1610612758,SAC,24.0,79,103.4,105.1,105.1,107.5,107.8,107.8,-4.1,-2.6,-2.6,0.243,2.26,22.5,0.014,0.065,0.039,10.0,9.9,0.509,0.574,0.224,0.228,97.64,96.67,80.56,96.67,0.106,4260,4.6,10.5,161,123,123,391,404,404,308,265,265,71,69,95,382,414,420,166,160,146,69,96,99,46,96,96,129,103,98
202397,Ish Smith,1610612749,MIL,24.0,52,94.6,94.4,94.4,100.6,98.3,98.3,-5.9,-3.9,-3.9,0.256,2.35,30.4,0.021,0.091,0.055,12.9,12.9,0.377,0.379,0.168,0.173,94.29,95.52,79.6,95.52,0.07,1017,1.1,3.1,427,418,418,122,61,61,346,306,306,60,60,31,318,309,311,348,348,420,436,293,282,248,167,167,308,385,368
201274,Ivan Johnson,1610612737,ATL,29.0,69,99.3,97.8,97.8,100.1,98.7,98.7,-0.8,-0.9,-0.9,0.079,0.65,8.7,0.075,0.187,0.131,13.4,13.4,0.521,0.546,0.207,0.214,95.14,96.55,80.45,96.55,0.11,2080,2.7,5.2,323,358,358,103,75,75,208,215,215,301,376,364,117,66,85,368,366,108,141,147,144,184,104,104,108,220,267
200826,J.J. Barea,1610612750,MIN,29.0,74,100.1,100.5,100.5,102.2,102.2,102.2,-2.0,-1.7,-1.7,0.301,2.03,23.6,0.019,0.104,0.059,11.6,11.5,0.481,0.51,0.242,0.25,96.14,95.97,79.97,95.97,0.107,3422,4.3,10.2,297,288,288,187,179,179,244,232,232,34,93,81,339,274,297,280,271,255,268,57,59,128,136,136,122,122,101
201581,JJ Hickson,1610612757,POR,24.0,80,102.2,102.8,102.8,107.5,108.2,108.2,-5.3,-5.3,-5.3,0.065,0.61,8.1,0.117,0.251,0.183,13.3,13.2,0.562,0.591,0.196,0.199,93.59,93.05,77.54,93.05,0.137,4491,5.2,9.3,206,198,198,394,417,417,332,347,347,351,384,379,21,8,6,360,362,43,50,187,189,294,322,322,34,74,124
200755,JJ Redick,1610612749,MIL,29.0,78,104.4,104.9,104.9,106.4,107.3,107.3,-2.0,-2.4,-2.4,0.193,2.14,21.3,0.007,0.065,0.036,9.9,9.9,0.528,0.571,0.203,0.208,95.5,94.83,79.03,94.83,0.096,4710,4.9,11.3,142,130,130,361,389,389,242,257,257,105,80,112,436,417,430,163,158,96,79,163,168,168,212,212,173,85,77
2747,JR Smith,1610612752,NYK,27.0,80,108.3,109.0,109.0,102.4,103.3,103.3,5.9,5.7,5.7,0.147,1.63,12.5,0.024,0.142,0.082,7.7,7.7,0.484,0.522,0.26,0.264,92.07,91.38,76.15,91.38,0.119,5101,6.6,15.6,44,40,40,195,242,242,65,69,69,158,162,267,294,162,213,53,53,241,231,30,32,388,413,413,70,28,17
201580,JaVale McGee,1610612743,DEN,25.0,79,106.0,105.4,105.4,102.4,102.8,102.8,3.5,2.6,2.6,0.027,0.27,3.3,0.113,0.141,0.128,12.5,12.5,0.576,0.589,0.206,0.211,98.97,99.05,82.54,99.05,0.111,2952,3.8,6.7,99,114,114,197,217,217,104,119,119,450,445,455,29,166,90,324,323,37,54,154,156,23,37,37,101,147,205
203109,Jae Crowder,1610612742,DAL,22.0,78,103.1,101.5,101.5,102.4,101.8,101.8,0.7,-0.3,-0.3,0.103,1.92,17.3,0.026,0.112,0.069,9.0,9.0,0.47,0.491,0.146,0.151,96.74,97.76,81.47,97.76,0.062,2745,1.8,4.7,169,239,239,196,166,166,172,191,191,232,110,170,284,249,261,97,96,293,319,359,360,75,62,62,353,306,285
2224,Jamaal Tinsley,1610612762,UTA,35.0,66,102.9,103.8,103.8,102.7,103.3,103.3,0.1,0.5,0.5,0.354,2.74,45.2,0.015,0.082,0.049,16.5,16.5,0.451,0.467,0.133,0.135,92.28,91.65,76.38,91.65,0.081,2327,1.3,3.5,179,162,162,213,240,240,185,164,164,13,32,3,372,348,353,424,424,338,374,404,404,372,400,400,254,364,337
2037,Jamal Crawford,1610612746,LAC,33.0,76,106.8,108.0,108.0,99.4,100.2,100.2,7.4,7.8,7.8,0.148,1.32,13.3,0.01,0.047,0.029,10.0,10.0,0.511,0.558,0.252,0.257,94.44,93.54,77.95,93.54,0.116,4360,5.9,13.4,74,53,53,84,111,111,48,44,44,154,235,254,413,442,440,170,165,140,112,41,45,236,288,288,81,52,45
2749,Jameer Nelson,1610612753,ORL,31.0,56,101.0,102.7,102.7,106.0,107.6,107.6,-4.9,-4.9,-4.9,0.326,2.68,29.8,0.012,0.096,0.054,11.1,11.1,0.47,0.498,0.223,0.226,94.73,93.23,77.69,93.23,0.099,3850,5.5,13.9,259,200,200,351,398,398,325,337,337,25,35,33,399,290,318,240,239,294,300,106,106,218,308,308,154,67,37
202341,James Anderson,1610612745,HOU,24.0,39,112.9,113.1,113.1,100.9,101.2,101.2,12.0,11.9,11.9,0.144,1.68,20.6,0.047,0.125,0.088,12.3,12.2,0.496,0.539,0.169,0.175,99.22,98.99,82.49,98.99,0.095,826,1.3,3.2,5,9,9,132,145,145,14,12,12,163,152,119,191,205,197,312,309,198,162,288,278,16,40,40,185,359,361
201935,James Harden,1610612745,HOU,23.0,78,107.1,108.8,108.8,104.4,105.9,105.9,2.7,2.9,2.9,0.257,1.54,18.7,0.021,0.105,0.064,12.2,12.1,0.504,0.6,0.285,0.289,99.11,97.59,81.33,97.59,0.149,6077,7.5,17.1,65,44,44,291,352,352,128,112,112,59,183,144,322,268,281,306,303,157,39,12,13,20,65,65,15,15,10
201949,James Johnson,1610612758,SAC,26.0,54,96.7,97.9,97.9,112.1,113.0,113.0,-15.4,-15.1,-15.1,0.11,0.85,13.4,0.053,0.116,0.083,15.7,15.5,0.417,0.442,0.187,0.192,95.39,94.4,78.66,94.4,0.054,1719,2.2,5.2,400,357,357,452,456,456,442,446,446,219,337,253,173,239,208,414,412,393,400,211,213,175,241,241,386,272,259
2592,James Jones,1610612748,MIA,32.0,38,96.8,90.8,90.8,95.7,97.6,97.6,1.1,-6.8,-6.8,0.11,4.33,16.7,0.0,0.088,0.049,3.8,3.8,0.475,0.478,0.135,0.146,91.55,93.57,77.98,93.57,0.063,437,0.6,1.6,395,436,436,26,43,43,162,373,373,218,1,184,444,324,352,14,14,276,350,399,375,414,285,285,350,435,435
200778,James White,1610612752,NYK,30.0,57,102.7,99.7,99.7,108.9,108.4,108.4,-6.1,-8.7,-8.7,0.107,1.71,17.0,0.011,0.105,0.056,9.9,10.0,0.491,0.503,0.148,0.154,94.16,95.8,79.83,95.8,0.051,865,0.9,2.0,187,311,311,427,423,423,351,404,404,225,146,179,403,271,305,162,167,211,289,357,352,251,154,154,392,413,416
202686,Jan Vesely,1610612764,WAS,23.0,51,101.1,101.0,101.0,104.2,103.2,103.2,-3.1,-2.2,-2.2,0.069,1.04,15.0,0.074,0.133,0.104,14.4,14.5,0.5,0.48,0.121,0.122,93.03,93.51,77.92,93.51,0.031,1163,1.1,2.2,257,261,261,278,238,238,276,250,250,340,297,216,122,188,158,394,394,173,346,428,428,329,294,294,435,383,405
2457,Jannero Pargo,1610612766,CHA,33.0,32,99.9,98.9,98.9,108.4,107.8,107.8,-8.5,-8.9,-8.9,0.233,1.63,20.6,0.021,0.057,0.038,12.6,12.6,0.46,0.475,0.233,0.24,93.1,93.88,78.24,93.88,0.062,994,2.4,6.6,307,328,328,417,403,403,401,408,408,76,159,120,325,431,422,329,331,316,359,76,74,322,267,267,352,242,208
203099,Jared Cunningham,1610612742,DAL,22.0,8,97.7,92.9,92.9,110.2,105.2,105.2,-12.5,-12.3,-12.3,0.111,0.5,5.6,0.0,0.0,0.0,11.1,11.2,0.5,0.538,0.279,0.295,101.48,106.52,88.77,106.52,0.085,56,0.8,1.8,374,428,428,446,326,326,432,433,433,213,410,437,444,449,445,241,249,173,168,15,10,9,8,8,234,423,427
201162,Jared Dudley,1610612756,PHX,27.0,79,99.2,100.3,100.3,103.4,103.5,103.5,-4.2,-3.2,-3.2,0.147,2.01,19.4,0.035,0.079,0.057,9.7,9.7,0.547,0.582,0.17,0.173,95.56,94.98,79.15,94.98,0.098,4299,4.0,8.5,331,295,295,242,248,248,310,285,285,159,97,138,227,358,304,142,142,65,61,283,289,165,200,200,164,138,147
2407,Jared Jeffries,1610612757,POR,31.0,38,105.5,101.3,101.3,102.8,101.6,101.6,2.7,-0.3,-0.3,0.058,0.82,14.6,0.077,0.103,0.09,17.7,17.9,0.296,0.343,0.104,0.108,92.38,94.82,79.01,94.82,-0.009,698,0.4,1.4,112,247,247,214,162,162,124,190,190,378,343,223,105,276,191,435,435,448,447,451,447,366,213,213,455,447,442
203096,Jared Sullinger,1610612738,BOS,21.0,45,102.2,101.9,101.9,98.5,98.3,98.3,3.7,3.6,3.6,0.062,1.21,11.0,0.112,0.195,0.155,9.1,9.2,0.496,0.534,0.146,0.149,92.16,92.36,76.97,92.36,0.091,1706,2.5,5.0,211,225,225,67,65,65,101,104,104,365,257,295,30,52,30,102,103,200,179,362,365,385,365,365,207,241,275
101127,Jarrett Jack,1610612744,GSW,29.0,79,105.2,105.1,105.1,103.0,103.6,103.6,2.2,1.5,1.5,0.3,2.8,28.5,0.009,0.089,0.051,10.2,10.2,0.499,0.542,0.207,0.211,96.4,96.2,80.17,96.2,0.118,4713,4.9,10.8,119,126,126,230,253,253,139,147,147,35,22,44,426,313,337,182,180,188,153,145,157,102,123,123,75,84,89
202363,Jarvis Varnado,1610612748,MIA,25.0,13,83.7,78.9,78.9,100.0,101.9,101.9,-16.3,-23.0,-23.0,0.107,0.5,16.7,0.038,0.113,0.079,33.3,33.8,0.429,0.457,0.125,0.133,87.33,89.05,74.21,89.05,-0.007,109,0.2,0.5,455,457,457,100,168,168,448,454,454,222,410,184,219,245,224,464,465,383,388,421,409,466,465,465,454,457,463
2215,Jason Collins,1610612764,WAS,34.0,38,97.9,98.8,98.8,96.9,96.3,96.3,1.0,2.5,2.5,0.029,0.44,11.6,0.059,0.1,0.079,26.1,26.1,0.31,0.476,0.073,0.074,94.6,94.47,78.72,94.47,-0.015,749,0.2,0.8,363,334,334,36,34,34,164,123,123,444,423,284,166,280,220,460,460,446,358,463,463,225,236,236,457,456,461
467,Jason Kidd,1610612752,NYK,40.0,76,108.7,108.6,108.6,103.2,104.2,104.2,5.5,4.5,4.5,0.178,3.28,33.0,0.024,0.144,0.082,10.1,10.1,0.511,0.532,0.113,0.115,92.25,91.87,76.56,91.87,0.099,3916,2.0,5.4,38,49,49,237,279,279,67,84,84,123,8,18,289,157,212,172,170,141,190,436,437,376,389,389,156,283,249
101131,Jason Maxiell,1610612765,DET,30.0,72,98.4,99.6,99.6,104.5,105.4,105.4,-6.1,-5.8,-5.8,0.049,0.67,8.2,0.077,0.16,0.118,12.3,12.4,0.446,0.478,0.155,0.156,91.78,90.8,75.67,90.8,0.07,3389,2.8,6.3,352,315,315,295,330,330,348,360,360,408,366,378,103,119,109,314,317,354,349,337,348,406,438,438,310,212,218
2202,Jason Richardson,1610612755,PHI,32.0,33,102.2,101.9,101.9,101.9,102.7,102.7,0.3,-0.8,-0.8,0.081,1.96,11.9,0.02,0.121,0.068,6.1,6.1,0.487,0.495,0.183,0.187,93.22,92.98,77.48,92.98,0.079,1816,4.1,10.2,209,227,227,166,211,211,183,210,210,289,103,278,330,220,263,24,24,229,308,223,237,314,327,327,258,132,103
201160,Jason Smith,1610612740,NOH,27.0,51,101.2,100.7,100.7,104.9,103.9,103.9,-3.8,-3.2,-3.2,0.072,0.62,7.1,0.077,0.144,0.111,11.5,11.6,0.49,0.544,0.234,0.24,90.75,91.44,76.2,91.44,0.102,1660,3.3,6.7,251,276,276,317,268,268,298,286,286,325,381,401,105,156,136,273,273,221,146,71,75,442,411,411,141,185,204
1891,Jason Terry,1610612738,BOS,35.0,79,100.5,100.5,100.5,100.1,100.7,100.7,0.3,-0.2,-0.2,0.152,1.94,19.9,0.01,0.067,0.039,10.3,10.1,0.529,0.566,0.173,0.179,93.74,93.47,77.9,93.47,0.09,4169,3.6,8.2,279,285,285,109,123,123,180,185,185,147,107,128,417,405,413,187,176,92,85,271,265,287,295,295,215,168,159
201574,Jason Thompson,1610612758,SAC,26.0,82,103.5,104.7,104.7,108.7,109.2,109.2,-5.2,-4.5,-4.5,0.059,0.83,8.2,0.076,0.175,0.124,9.9,9.9,0.502,0.533,0.182,0.184,96.56,95.73,79.77,95.73,0.09,4539,4.6,9.1,159,131,131,422,435,435,329,324,324,376,342,377,112,93,99,156,159,167,185,231,245,85,160,160,211,109,131
202399,Jeff Adrien,1610612766,CHA,27.0,52,98.4,98.1,98.1,106.3,105.0,105.0,-7.9,-7.0,-7.0,0.082,1.13,12.7,0.091,0.187,0.137,11.3,11.4,0.429,0.493,0.154,0.157,93.04,93.78,78.15,93.78,0.086,1395,1.4,3.2,351,352,352,360,318,318,388,375,375,287,272,264,71,64,69,259,265,383,312,345,346,328,272,272,232,353,361
201965,Jeff Ayres,1610612754,IND,26.0,37,104.8,102.4,102.4,95.1,95.8,95.8,9.7,6.6,6.6,0.068,0.65,8.7,0.08,0.177,0.132,13.3,13.2,0.492,0.533,0.183,0.191,95.64,96.42,80.35,96.42,0.11,745,1.6,3.4,128,211,211,20,26,26,28,57,57,344,375,367,98,87,82,362,356,208,189,229,215,154,111,111,110,324,348
201145,Jeff Green,1610612738,BOS,26.0,81,100.2,100.2,100.2,100.2,101.3,101.3,0.1,-1.1,-1.1,0.1,0.97,10.8,0.026,0.115,0.072,11.1,11.2,0.51,0.561,0.216,0.22,93.89,93.4,77.83,93.4,0.106,4407,4.6,10.0,290,300,300,110,153,153,186,218,218,237,318,298,281,242,248,245,246,142,97,125,125,273,297,297,130,102,108
201952,Jeff Teague,1610612737,ATL,25.0,80,103.2,103.8,103.8,101.9,102.8,102.8,1.3,1.1,1.1,0.348,2.52,30.8,0.01,0.06,0.035,12.2,12.2,0.496,0.543,0.226,0.229,95.19,94.52,78.77,94.52,0.111,5185,5.5,12.2,163,159,159,170,215,215,159,154,154,15,48,26,415,425,431,311,312,197,151,93,96,181,233,233,100,66,62
203106,Jeffery Taylor,1610612766,CHA,24.0,77,97.2,96.9,96.9,106.1,105.5,105.5,-8.9,-8.6,-8.6,0.072,1.31,11.3,0.033,0.066,0.049,8.6,8.6,0.497,0.531,0.147,0.15,94.12,94.54,78.78,94.54,0.055,2961,2.2,5.2,387,378,378,355,333,333,402,401,401,326,237,293,234,412,346,78,80,192,197,358,363,253,232,232,382,263,263
202379,Jeremy Evans,1610612762,UTA,25.0,37,108.7,105.1,105.1,104.3,100.0,100.0,4.4,5.1,5.1,0.076,1.38,14.1,0.119,0.145,0.132,10.3,10.3,0.614,0.641,0.125,0.13,96.36,100.1,83.42,100.1,0.115,449,0.7,1.2,37,125,125,286,96,96,92,78,78,313,217,235,20,152,83,188,191,13,10,422,419,105,26,26,89,424,450
203087,Jeremy Lamb,1610612760,OKC,21.0,23,96.6,93.4,93.4,110.0,110.1,110.1,-13.3,-16.7,-16.7,0.063,0.83,6.0,0.032,0.088,0.06,7.1,7.0,0.419,0.479,0.238,0.252,92.65,94.14,78.45,94.14,0.064,289,1.0,3.0,401,424,424,441,447,447,435,449,449,358,341,430,240,320,296,40,38,391,348,64,56,354,251,251,334,392,373
202391,Jeremy Lin,1610612745,HOU,24.0,82,106.4,107.7,107.7,104.0,105.1,105.1,2.3,2.6,2.6,0.29,2.11,28.4,0.013,0.081,0.047,13.5,13.5,0.49,0.538,0.206,0.208,99.19,98.07,81.72,98.07,0.098,5391,4.8,10.9,81,59,59,271,324,324,133,121,121,40,85,45,396,349,359,371,370,219,165,152,166,18,55,55,161,91,86
202951,Jeremy Pargo,1610612755,PHI,27.0,39,95.5,97.5,97.5,105.9,105.1,105.1,-10.4,-7.6,-7.6,0.254,1.84,21.9,0.011,0.067,0.037,11.9,11.9,0.446,0.478,0.224,0.228,91.79,91.15,75.96,91.15,0.073,1237,2.5,6.4,417,363,363,347,323,323,416,389,389,61,127,104,405,408,427,292,293,357,352,97,101,405,425,425,294,235,216
202719,Jeremy Tyler,1610612737,ATL,22.0,21,93.2,86.9,86.9,86.1,85.0,85.0,7.0,1.9,1.9,0.028,0.17,2.9,0.083,0.187,0.136,17.6,17.8,0.375,0.413,0.196,0.216,95.91,99.98,83.32,99.98,0.055,145,0.4,1.1,439,448,448,2,3,3,53,138,138,448,449,457,88,68,73,433,434,421,423,181,141,144,27,27,384,445,451
979,Jermaine O'Neal,1610612756,PHX,34.0,55,96.0,96.5,96.5,102.8,103.5,103.5,-6.8,-7.0,-7.0,0.074,0.58,7.8,0.081,0.204,0.143,13.6,13.6,0.482,0.538,0.217,0.221,93.3,92.74,77.28,92.74,0.125,1991,3.3,6.7,408,387,387,223,251,251,373,379,379,319,394,382,93,42,53,373,376,246,163,116,120,309,339,339,52,186,202
711,Jerry Stackhouse,1610612751,BKN,38.0,37,102.9,102.9,102.9,104.6,102.2,102.2,-1.7,0.7,0.7,0.107,1.46,14.5,0.009,0.056,0.031,10.0,10.0,0.471,0.5,0.166,0.17,92.21,93.28,77.73,93.28,0.057,1066,1.8,4.6,176,191,191,302,181,181,231,159,159,226,198,226,428,432,437,165,164,291,297,304,302,381,304,304,376,309,288
201573,Jerryd Bayless,1610612763,MEM,24.0,80,101.3,101.4,101.4,101.4,100.9,100.9,-0.1,0.5,0.5,0.254,2.2,25.0,0.013,0.092,0.051,11.4,11.3,0.476,0.514,0.202,0.208,91.51,91.73,76.44,91.73,0.097,3367,3.3,7.8,242,242,242,146,132,132,190,165,165,62,76,68,394,304,334,262,258,275,259,165,167,418,396,396,168,187,169
202690,Jimmer Fredette,1610612758,SAC,24.0,69,105.3,106.9,106.9,111.7,110.8,110.8,-6.3,-3.9,-3.9,0.154,1.35,15.2,0.019,0.056,0.037,11.2,11.1,0.5,0.546,0.229,0.235,96.42,96.07,80.06,96.07,0.084,1932,2.5,5.9,118,74,74,451,452,452,360,307,307,141,222,210,336,433,425,251,242,173,143,84,85,99,129,129,240,239,237
202710,Jimmy Butler III,1610612741,CHI,23.0,82,102.0,103.2,103.2,100.1,100.7,100.7,1.9,2.4,2.4,0.088,1.85,14.6,0.064,0.092,0.077,7.8,7.8,0.506,0.574,0.144,0.147,91.42,90.64,75.54,90.64,0.106,4008,2.9,6.2,220,183,183,108,125,125,146,125,125,267,125,224,150,305,231,54,54,151,71,371,368,422,445,445,128,207,222
201149,Joakim Noah,1610612741,CHI,28.0,66,99.7,100.9,100.9,98.4,99.3,99.3,1.3,1.6,1.6,0.176,1.49,22.2,0.11,0.193,0.152,14.9,15.0,0.481,0.534,0.17,0.172,92.47,91.48,76.23,91.48,0.139,4619,4.6,9.5,310,268,268,66,85,85,161,143,143,126,193,97,36,54,37,403,404,253,180,284,296,363,409,409,28,106,117
201975,Jodie Meeks,1610612747,LAL,25.0,78,106.4,106.2,106.2,103.9,104.9,104.9,2.5,1.3,1.3,0.066,1.33,10.0,0.022,0.076,0.049,7.6,7.5,0.502,0.54,0.161,0.167,96.5,96.16,80.13,96.16,0.07,3338,2.6,6.8,79,95,95,265,312,312,130,151,151,350,234,324,315,371,349,50,49,168,159,318,314,97,126,126,311,226,196
2207,Joe Johnson,1610612751,BKN,32.0,72,107.8,109.4,109.4,103.4,103.8,103.8,4.4,5.6,5.6,0.163,2.06,16.9,0.021,0.066,0.043,8.2,8.2,0.493,0.521,0.216,0.219,90.26,89.38,74.48,89.38,0.092,4926,6.2,14.6,51,35,35,241,266,266,88,70,70,132,90,180,324,411,387,61,61,205,232,123,127,450,461,461,198,46,28
201202,Joel Anthony,1610612748,MIA,30.0,62,107.6,104.3,104.3,102.5,103.2,103.2,5.1,1.1,1.1,0.034,0.59,11.3,0.088,0.123,0.106,19.1,19.1,0.515,0.542,0.083,0.087,91.95,93.05,77.54,93.05,0.059,1105,0.6,1.1,52,141,141,202,236,236,78,152,152,435,388,292,77,210,153,442,442,130,154,462,462,400,323,323,370,432,452
200777,Joel Freeland,1610612757,POR,26.0,51,91.3,91.8,91.8,103.6,101.0,101.0,-12.3,-9.2,-9.2,0.05,0.68,7.0,0.077,0.168,0.12,10.2,10.2,0.408,0.435,0.161,0.165,92.26,93.22,77.68,93.22,0.059,923,1.1,2.8,445,432,432,252,136,136,429,411,411,402,363,404,101,108,104,184,183,398,405,319,320,375,309,309,369,380,381
2038,Joel Przybilla,1610612749,MIL,33.0,12,90.4,90.6,90.6,126.7,124.8,124.8,-36.3,-34.2,-34.2,0.08,1.0,30.8,0.063,0.242,0.145,30.8,31.1,0.25,0.205,0.056,0.056,96.29,96.94,80.78,96.94,0.028,138,0.1,0.3,448,437,437,465,466,466,461,461,461,297,306,27,153,12,50,463,463,454,461,466,466,115,89,89,440,461,467
101130,Johan Petro,1610612737,ATL,27.0,31,95.4,94.6,94.6,108.3,107.6,107.6,-12.9,-12.9,-12.9,0.076,0.67,10.4,0.093,0.23,0.16,15.6,15.5,0.441,0.468,0.175,0.181,96.24,96.97,80.81,96.97,0.081,710,1.5,3.5,418,416,416,412,397,397,433,435,435,314,366,313,66,19,24,413,411,366,372,267,255,119,87,87,253,333,336
203089,John Henson,1610612749,MIL,22.0,63,100.2,100.6,100.6,102.7,102.3,102.3,-2.5,-1.7,-1.7,0.063,0.66,6.7,0.125,0.21,0.166,10.2,10.2,0.482,0.497,0.216,0.221,97.01,97.0,80.83,97.0,0.121,1667,2.6,5.3,292,283,283,206,184,184,254,231,231,364,374,415,15,38,17,183,181,251,304,122,123,64,86,86,64,232,253
203098,John Jenkins,1610612737,ATL,22.0,61,98.0,97.2,97.2,105.9,104.6,104.6,-7.9,-7.4,-7.4,0.105,1.4,13.4,0.019,0.086,0.052,9.6,9.5,0.536,0.576,0.176,0.183,95.22,96.23,80.19,96.23,0.092,1813,2.1,4.8,360,368,368,350,302,302,387,387,387,228,213,250,340,333,332,135,121,81,66,264,249,180,121,121,200,273,280
101249,John Lucas III,1610612761,TOR,30.0,63,102.1,101.3,101.3,108.4,106.0,106.0,-6.3,-4.7,-4.7,0.233,4.04,22.2,0.009,0.076,0.04,5.5,5.5,0.472,0.483,0.203,0.21,90.31,91.63,76.36,91.63,0.092,1570,2.0,5.3,217,245,245,416,356,356,354,331,331,77,4,98,425,372,408,17,17,289,338,164,162,449,403,403,193,280,257
2422,John Salmons,1610612758,SAC,33.0,76,105.8,107.4,107.4,106.7,108.0,108.0,-0.9,-0.6,-0.6,0.142,2.66,23.2,0.015,0.078,0.047,8.7,8.8,0.48,0.509,0.146,0.147,96.59,95.33,79.44,95.33,0.063,4520,3.2,8.1,102,63,63,368,413,413,211,198,198,167,37,86,371,362,366,84,85,261,276,365,371,84,182,182,344,192,163
202322,John Wall,1610612764,WAS,22.0,49,102.1,102.8,102.8,100.7,101.2,101.2,1.5,1.6,1.6,0.407,2.38,26.7,0.022,0.1,0.061,11.2,11.2,0.449,0.521,0.286,0.289,96.5,95.89,79.91,95.89,0.146,3197,6.6,15.0,213,195,195,124,149,149,157,142,142,5,58,58,313,284,286,254,251,342,233,10,12,96,147,147,18,27,23
202720,Jon Leuer,1610612763,MEM,24.0,28,90.8,89.0,89.0,108.8,106.0,106.0,-18.0,-17.0,-17.0,0.074,1.0,10.8,0.065,0.143,0.101,10.8,10.9,0.481,0.485,0.153,0.159,96.3,98.55,82.13,98.55,0.061,383,0.9,1.9,447,443,443,426,354,354,451,450,450,317,306,298,144,158,164,219,224,257,331,346,335,112,47,47,358,412,423
201973,Jonas Jerebko,1610612765,DET,26.0,49,102.5,102.6,102.6,108.1,108.0,108.0,-5.6,-5.4,-5.4,0.079,1.02,9.8,0.076,0.146,0.109,9.6,9.6,0.489,0.531,0.195,0.2,93.94,93.97,78.31,93.97,0.095,1752,2.9,6.4,195,206,206,408,414,414,339,350,350,298,299,330,109,148,143,134,127,225,195,190,184,268,263,263,178,208,214
202685,Jonas Valančiūnas,1610612761,TOR,21.0,62,100.6,101.9,101.9,104.3,105.6,105.6,-3.6,-3.7,-3.7,0.051,0.48,7.6,0.087,0.176,0.132,15.9,16.0,0.557,0.619,0.169,0.171,93.28,92.11,76.75,92.11,0.099,2834,3.3,5.9,272,228,228,280,341,341,292,299,299,397,418,386,80,92,81,418,419,49,20,291,299,310,375,375,153,184,238
202348,Jordan Crawford,1610612738,BOS,24.0,70,95.4,95.9,95.9,100.8,100.8,100.8,-5.4,-4.9,-4.9,0.244,1.6,19.4,0.026,0.094,0.06,12.2,12.1,0.472,0.512,0.248,0.252,94.85,94.62,78.85,94.62,0.108,3367,4.3,10.4,419,400,400,127,127,127,334,338,338,70,173,137,283,302,290,307,306,287,264,49,54,207,225,225,120,120,99
202706,Jordan Hamilton,1610612743,DEN,22.0,40,104.6,101.4,101.4,105.8,104.7,104.7,-1.2,-3.3,-3.3,0.089,1.21,9.1,0.074,0.153,0.113,7.5,7.5,0.485,0.49,0.236,0.246,96.32,98.4,82.0,98.4,0.11,814,2.1,5.0,134,244,244,346,304,304,216,289,289,266,256,353,120,130,128,48,48,236,321,68,65,108,49,49,104,278,273
201941,Jordan Hill,1610612747,LAL,25.0,29,103.1,103.4,103.4,107.0,106.4,106.4,-3.9,-3.0,-3.0,0.05,0.5,5.9,0.156,0.177,0.166,11.7,11.8,0.497,0.533,0.188,0.191,95.76,95.9,79.92,95.9,0.108,913,2.7,5.3,168,174,174,376,369,369,301,279,279,402,410,433,3,88,18,282,284,194,183,209,214,151,145,145,119,222,252
101181,Jose Calderon,1610612765,DET,31.0,73,100.9,101.8,101.8,107.3,108.3,108.3,-6.4,-6.5,-6.5,0.396,4.11,39.7,0.009,0.079,0.043,9.6,9.6,0.594,0.616,0.167,0.171,92.48,91.59,76.33,91.59,0.135,4128,4.3,8.7,264,230,230,382,422,422,361,369,369,7,3,8,423,360,390,139,131,24,24,296,297,362,405,405,37,121,143
203006,Josh Akognon,1610612742,DAL,27.0,3,93.8,88.2,88.2,116.3,111.1,111.1,-22.5,-22.9,-22.9,0.2,0.0,20.0,0.0,0.0,0.0,0.0,0.0,0.625,0.625,0.222,0.235,91.55,96.51,80.43,96.51,0.069,17,0.7,1.3,437,444,444,461,453,453,455,453,453,97,450,124,444,449,445,1,1,9,17,107,81,415,107,107,314,427,445
2735,Josh Childress,1610612751,BKN,30.0,14,94.9,90.0,90.0,104.5,101.4,101.4,-9.6,-11.4,-11.4,0.085,0.0,18.5,0.047,0.095,0.068,0.0,0.0,0.31,0.32,0.091,0.096,94.81,98.76,82.3,98.76,0.051,200,0.4,1.5,425,440,440,297,154,154,410,421,421,278,450,145,190,297,265,1,1,447,451,457,455,211,43,43,393,445,436
202725,Josh Harrellson,1610612748,MIA,24.0,6,97.3,86.4,86.4,93.5,95.1,95.1,3.8,-8.7,-8.7,0.0,0.0,0.0,0.0,0.1,0.0,23.1,23.3,0.5,0.506,0.181,0.199,94.43,99.41,82.84,99.41,0.039,66,0.7,1.5,382,450,450,10,22,22,99,405,405,458,450,458,444,281,445,454,454,173,282,240,187,239,33,33,426,427,436
2572,Josh Howard,1610612750,MIN,33.0,11,97.9,96.6,96.6,101.5,101.2,101.2,-3.6,-4.6,-4.6,0.034,0.4,4.1,0.043,0.131,0.086,10.3,10.4,0.435,0.45,0.196,0.201,94.48,95.23,79.36,95.23,0.065,412,2.8,7.0,367,386,386,152,147,147,289,327,327,437,429,452,206,191,201,192,196,373,396,182,181,235,190,190,333,214,190
201177,Josh McRoberts,1610612766,CHA,26.0,67,98.7,98.7,98.7,106.8,106.9,106.9,-8.1,-8.2,-8.2,0.151,2.14,24.0,0.064,0.162,0.113,11.2,11.2,0.49,0.527,0.136,0.139,93.95,93.89,78.24,93.89,0.09,2906,2.3,5.1,343,336,336,369,381,381,394,395,395,151,83,77,146,116,127,252,253,220,216,395,397,267,266,266,209,253,269
202729,Josh Selby,1610612763,MEM,22.0,10,73.5,70.7,70.7,109.8,102.4,102.4,-36.3,-31.7,-31.7,0.143,0.57,10.5,0.0,0.089,0.041,18.4,18.5,0.295,0.373,0.25,0.262,95.43,100.75,83.96,100.75,-0.018,123,0.6,2.2,461,462,462,439,194,194,462,459,459,164,395,306,444,314,401,437,437,450,438,46,37,170,23,23,458,429,407
2746,Josh Smith,1610612737,ATL,27.0,76,103.5,104.6,104.6,101.6,102.8,102.8,1.9,1.8,1.8,0.204,1.42,17.2,0.052,0.188,0.121,12.1,12.1,0.491,0.501,0.263,0.266,95.64,94.59,78.83,94.59,0.123,5282,7.2,15.6,156,133,133,155,220,220,145,141,141,94,209,175,179,62,102,303,301,214,292,25,29,153,229,229,60,17,19
201950,Jrue Holiday,1610612755,PHI,23.0,78,99.5,100.7,100.7,102.0,103.1,103.1,-2.5,-2.4,-2.4,0.358,2.14,27.0,0.03,0.084,0.056,12.6,12.6,0.466,0.496,0.261,0.264,93.84,92.78,77.32,92.78,0.115,5660,7.1,16.5,317,274,274,176,234,234,257,259,259,12,82,55,250,339,307,333,334,299,306,29,31,280,336,336,87,19,13
202933,Julyan Stone,1610612743,DEN,24.0,4,113.5,107.3,107.3,102.8,98.1,98.1,10.7,9.2,9.2,0.111,1.0,25.0,0.0,0.0,0.0,25.0,25.8,1.0,0.931,0.086,0.087,88.58,93.24,77.7,93.24,0.063,55,0.5,0.5,2,65,65,216,58,58,22,30,30,213,306,68,444,449,445,456,459,1,1,461,461,462,306,306,347,440,464
202458,Justin Dentmon,1610612742,DAL,27.0,2,100.0,87.5,87.5,128.6,128.6,128.6,-28.6,-41.1,-41.1,0.0,0.0,0.0,0.0,0.0,0.0,0.0,0.0,0.0,0.0,0.2,0.222,76.95,82.44,68.7,82.44,-0.121,8,0.0,1.0,302,445,445,466,468,468,456,464,464,458,450,458,444,449,445,1,1,462,463,170,118,469,469,469,465,462,453
203200,Justin Holiday,1610612755,PHI,24.0,9,104.7,102.8,102.8,97.1,97.9,97.9,7.5,5.0,5.0,0.155,1.67,19.7,0.0,0.089,0.046,11.8,11.9,0.375,0.408,0.191,0.195,94.86,95.32,79.43,95.32,0.053,281,1.8,5.3,133,194,194,39,50,50,43,80,80,140,154,131,444,317,368,286,292,421,427,202,206,205,184,184,389,311,253
436,Juwan Howard,1610612748,MIA,40.0,7,104.6,103.1,103.1,115.8,115.3,115.3,-11.2,-12.2,-12.2,0.207,1.5,20.7,0.0,0.0,0.0,13.8,13.6,0.526,0.54,0.217,0.231,91.5,92.37,76.97,92.37,0.066,97,1.4,2.7,137,184,184,459,462,462,421,432,432,92,188,116,444,449,445,381,375,99,158,118,91,420,364,364,325,347,385
202695,Kawhi Leonard,1610612759,SAS,22.0,58,106.9,107.5,107.5,96.8,97.3,97.3,10.1,10.1,10.1,0.077,1.5,12.6,0.04,0.155,0.101,8.4,8.4,0.556,0.592,0.164,0.166,95.38,94.87,79.06,94.87,0.115,3575,4.5,9.1,70,62,62,33,40,40,26,21,21,308,188,266,214,126,162,68,69,52,47,311,316,176,209,209,88,113,133
2586,Keith Bogans,1610612751,BKN,33.0,74,103.9,103.2,103.2,104.2,103.7,103.7,-0.2,-0.5,-0.5,0.084,1.55,18.3,0.012,0.076,0.044,11.8,11.8,0.528,0.533,0.11,0.113,91.11,91.62,76.35,91.62,0.042,2677,1.5,3.8,147,181,181,276,262,262,196,194,194,281,182,152,402,366,383,285,283,95,182,442,442,434,404,404,420,342,326
202689,Kemba Walker,1610612766,CHA,23.0,82,98.5,100.3,100.3,108.2,109.0,109.0,-9.7,-8.7,-8.7,0.308,2.36,22.8,0.02,0.082,0.05,9.7,9.6,0.466,0.517,0.25,0.255,93.83,92.66,77.22,92.66,0.125,5525,6.4,15.2,349,294,294,410,432,432,411,402,402,30,59,92,326,346,340,143,136,301,242,44,50,281,343,343,54,32,20
203088,Kendall Marshall,1610612756,PHX,21.0,48,95.9,94.7,94.7,109.1,108.3,108.3,-13.2,-13.6,-13.6,0.306,2.51,40.1,0.006,0.056,0.03,16.0,16.0,0.447,0.455,0.131,0.136,96.53,97.49,81.24,97.49,0.058,1431,1.2,3.1,410,415,415,431,421,421,434,439,439,32,49,6,438,436,438,419,418,353,390,405,402,88,68,68,371,373,365
2570,Kendrick Perkins,1610612760,OKC,28.0,78,110.3,110.4,110.4,98.5,99.6,99.6,11.8,10.9,10.9,0.078,1.02,19.6,0.064,0.169,0.121,19.2,19.3,0.457,0.479,0.105,0.106,96.02,95.47,79.56,95.47,0.056,3878,1.8,4.0,22,25,25,70,89,89,18,15,15,305,301,135,151,106,103,443,444,324,347,448,450,135,171,171,378,302,314
202702,Kenneth Faried,1610612743,DEN,23.0,80,107.5,109.3,109.3,102.5,103.6,103.6,5.1,5.7,5.7,0.051,0.68,7.7,0.116,0.212,0.164,11.4,11.3,0.552,0.573,0.177,0.179,96.37,95.06,79.21,95.06,0.121,4434,4.8,8.6,54,36,36,200,254,254,77,68,68,398,364,383,22,36,19,263,259,57,75,260,268,104,197,197,66,96,145
203145,Kent Bazemore,1610612744,GSW,23.0,61,96.9,91.1,91.1,94.7,90.1,90.1,2.2,1.0,1.0,0.159,1.22,12.4,0.019,0.055,0.038,10.1,10.3,0.414,0.454,0.247,0.264,99.0,104.7,87.25,104.7,0.063,560,0.7,1.9,392,435,435,17,11,11,137,155,155,134,253,270,338,438,421,176,187,394,391,50,33,22,9,9,345,426,421
2030,Kenyon Martin,1610612752,NYK,35.0,18,109.9,109.7,109.7,101.4,101.3,101.3,8.5,8.5,8.5,0.03,0.5,5.9,0.087,0.151,0.12,11.9,11.9,0.602,0.583,0.141,0.144,88.47,88.59,73.83,88.59,0.078,792,3.1,5.2,28,32,32,148,150,150,37,35,35,442,410,431,79,140,105,288,289,19,60,381,389,463,467,467,266,199,266
201142,Kevin Durant,1610612760,OKC,24.0,81,112.1,113.1,113.1,99.4,100.9,100.9,12.7,12.2,12.2,0.213,1.34,15.5,0.017,0.179,0.106,11.6,11.6,0.559,0.647,0.295,0.298,95.76,94.6,78.83,94.6,0.202,6131,9.0,17.7,9,7,7,83,134,134,8,11,11,89,229,202,350,84,155,277,275,47,8,5,8,149,227,227,2,4,8
708,Kevin Garnett,1610612738,BOS,37.0,68,99.7,99.2,99.2,96.2,96.4,96.4,3.5,2.8,2.8,0.147,1.45,13.2,0.042,0.229,0.14,9.1,9.1,0.498,0.535,0.246,0.251,92.4,92.52,77.1,92.52,0.16,3899,6.2,12.5,311,325,325,30,35,35,106,114,114,157,203,256,210,20,61,101,101,191,176,52,58,365,356,356,7,40,55
203158,Kevin Jones,1610612739,CLE,23.0,32,106.9,107.9,107.9,100.9,98.7,98.7,6.0,9.2,9.2,0.043,1.25,7.6,0.107,0.127,0.116,6.1,6.1,0.402,0.418,0.155,0.158,94.82,95.42,79.52,95.42,0.063,661,1.3,3.3,73,56,56,130,73,73,63,29,29,419,249,387,41,204,119,22,23,406,418,338,343,210,176,176,348,357,354
201567,Kevin Love,1610612750,MIN,24.0,18,100.1,101.9,101.9,101.8,101.9,101.9,-1.7,0.0,0.0,0.117,1.08,9.4,0.094,0.306,0.194,8.7,8.8,0.386,0.458,0.273,0.275,96.67,95.77,79.81,95.77,0.144,1234,5.8,16.6,298,229,229,164,167,167,233,180,180,203,285,340,64,2,4,85,89,418,387,20,23,80,157,157,23,53,12
2755,Kevin Martin,1610612760,OKC,30.0,77,112.7,112.9,112.9,101.0,102.2,102.2,11.6,10.7,10.7,0.081,1.05,9.7,0.017,0.066,0.044,9.2,9.2,0.551,0.608,0.206,0.21,96.32,95.66,79.72,95.66,0.098,4250,4.5,10.1,6,11,11,138,182,182,19,16,16,292,288,333,352,410,385,108,107,58,28,148,163,110,162,162,162,110,105
203122,Kevin Murphy,1610612762,UTA,23.0,17,88.9,82.7,82.7,129.8,123.6,123.6,-40.9,-40.9,-40.9,0.083,0.67,6.1,0.0,0.089,0.037,9.1,9.1,0.268,0.268,0.238,0.26,94.9,100.79,83.99,100.79,-0.038,110,0.4,1.6,450,455,455,467,465,465,465,463,463,283,366,426,444,316,426,100,99,453,456,61,43,199,22,22,460,449,431
202338,Kevin Seraphin,1610612764,WAS,23.0,79,95.0,95.2,95.2,101.1,101.1,101.1,-6.2,-5.9,-5.9,0.063,0.44,6.0,0.061,0.137,0.099,13.8,13.8,0.461,0.478,0.233,0.236,94.19,94.1,78.42,94.1,0.069,3363,4.2,9.1,423,409,409,140,139,139,352,361,361,363,424,427,159,176,167,379,382,312,353,75,79,249,254,254,317,126,134
2039,Keyon Dooling,1610612763,MEM,33.0,7,96.0,91.8,91.8,101.7,105.1,105.1,-5.7,-13.2,-13.2,0.195,1.6,21.6,0.0,0.0,0.0,13.5,13.5,0.595,0.644,0.153,0.162,92.61,93.14,77.61,93.14,0.074,159,1.4,3.0,407,431,431,160,321,321,340,436,436,103,170,107,444,449,445,372,371,22,9,347,328,356,317,317,290,347,371
203114,Khris Middleton,1610612765,DET,21.0,27,109.7,110.2,110.2,107.4,107.9,107.9,2.3,2.3,2.3,0.085,2.55,14.4,0.009,0.109,0.058,5.7,5.7,0.489,0.532,0.156,0.159,95.52,95.11,79.26,95.11,0.063,944,2.3,5.2,29,30,30,389,410,410,136,131,131,277,43,227,427,260,299,19,19,222,193,334,337,166,195,195,349,255,262
203119,Kim English,1610612765,DET,24.0,41,101.9,100.6,100.6,110.0,107.2,107.2,-8.1,-6.5,-6.5,0.097,1.37,15.4,0.019,0.076,0.047,11.2,11.2,0.438,0.477,0.152,0.158,95.33,97.22,81.02,97.22,0.038,822,1.0,2.7,223,282,282,442,387,387,393,370,370,244,219,205,333,368,364,255,250,371,356,348,341,178,78,78,428,396,383
2550,Kirk Hinrich,1610612741,CHI,32.0,60,102.2,103.4,103.4,99.0,100.1,100.1,3.2,3.3,3.3,0.267,3.17,35.7,0.009,0.08,0.045,11.3,11.3,0.461,0.493,0.145,0.147,93.14,92.09,76.74,92.09,0.073,3378,2.7,7.0,210,173,173,77,105,105,112,106,106,51,10,11,422,355,372,256,256,311,311,367,369,320,376,376,295,223,189
202691,Klay Thompson,1610612744,GSW,23.0,82,105.4,106.0,106.0,103.6,104.2,104.2,1.8,1.8,1.8,0.099,1.17,11.3,0.011,0.089,0.051,9.7,9.7,0.509,0.533,0.216,0.218,96.9,96.3,80.25,96.3,0.076,5891,6.2,14.7,117,103,103,250,281,281,149,140,140,242,264,291,406,315,335,148,148,145,184,128,131,71,115,115,276,43,26
977,Kobe Bryant,1610612747,LAL,34.0,78,107.4,108.5,108.5,104.7,106.6,106.6,2.7,1.9,1.9,0.286,1.63,17.9,0.022,0.116,0.071,10.9,10.9,0.504,0.57,0.313,0.317,97.12,95.75,79.79,95.75,0.156,6020,9.5,20.4,57,50,50,304,372,372,125,135,135,43,159,160,312,236,254,228,229,159,81,4,4,60,158,158,8,3,2
201585,Kosta Koufos,1610612743,DEN,24.0,81,108.8,110.2,110.2,100.9,101.2,101.2,7.9,9.0,9.0,0.026,0.6,5.0,0.115,0.192,0.154,8.3,8.3,0.581,0.585,0.143,0.145,96.53,95.73,79.77,95.73,0.103,3611,3.6,6.3,35,28,28,129,146,146,39,31,31,452,385,446,24,56,32,64,64,33,57,374,383,90,159,159,140,161,220
2743,Kris Humphries,1610612751,BKN,28.0,65,102.9,102.8,102.8,106.5,106.5,106.5,-3.6,-3.7,-3.7,0.043,0.56,7.0,0.11,0.211,0.16,12.6,12.6,0.448,0.515,0.161,0.164,91.62,91.65,76.38,91.65,0.092,2270,2.1,4.8,178,197,197,365,370,370,291,297,297,418,399,403,34,37,23,328,329,346,256,316,321,411,399,399,202,274,282
203126,Kris Joseph,1610612751,BKN,24.0,10,101.2,96.3,96.3,104.5,100.0,100.0,-3.3,-3.7,-3.7,0.028,0.5,4.8,0.017,0.115,0.063,9.5,9.7,0.143,0.257,0.157,0.166,92.63,97.07,80.89,97.07,-0.003,108,0.2,1.4,248,392,392,296,96,96,281,298,298,448,410,448,349,240,284,122,151,460,457,327,317,355,85,85,453,458,443
703,Kurt Thomas,1610612752,NYK,40.0,39,102.6,100.7,100.7,103.7,103.4,103.4,-1.2,-2.8,-2.8,0.085,2.63,17.8,0.06,0.169,0.114,6.8,6.8,0.548,0.547,0.114,0.117,92.02,93.03,77.52,93.03,0.082,760,1.2,2.1,193,279,279,259,246,246,215,268,268,273,40,162,161,107,126,32,32,64,139,434,435,391,325,325,249,377,411
2198,Kwame Brown,1610612755,PHI,31.0,22,95.7,95.0,95.0,102.2,102.1,102.1,-6.5,-7.1,-7.1,0.051,1.13,14.3,0.084,0.199,0.139,12.7,12.8,0.459,0.452,0.093,0.094,92.83,93.25,77.71,93.25,0.05,522,0.8,1.7,412,414,414,190,178,178,362,381,381,400,272,231,87,48,63,335,343,318,393,456,457,343,305,305,401,420,430
2594,Kyle Korver,1610612737,ATL,32.0,74,105.7,106.0,106.0,101.3,101.9,101.9,4.4,4.1,4.1,0.094,2.09,17.3,0.011,0.118,0.067,8.3,8.2,0.618,0.637,0.141,0.145,94.9,94.5,78.75,94.5,0.089,4455,3.7,8.1,106,104,104,143,169,169,93,92,92,254,88,171,409,229,269,63,62,11,12,380,380,201,235,235,217,153,160
200768,Kyle Lowry,1610612761,TOR,27.0,68,104.6,106.1,106.1,104.3,105.0,105.0,0.3,1.1,1.1,0.336,2.77,33.0,0.029,0.135,0.082,11.9,11.9,0.482,0.543,0.197,0.199,94.64,93.63,78.02,93.63,0.123,3939,3.7,9.2,135,98,98,284,319,319,182,153,153,19,25,17,256,181,211,293,290,249,150,180,190,222,280,280,61,160,130
203124,Kyle O'Quinn,1610612753,ORL,23.0,57,101.5,100.9,100.9,106.9,104.8,104.8,-5.4,-3.8,-3.8,0.122,1.41,17.0,0.1,0.214,0.158,12.1,12.1,0.513,0.535,0.173,0.178,95.14,96.39,80.32,96.39,0.101,1278,1.8,3.5,234,265,265,372,308,308,335,303,303,195,211,178,52,32,27,300,302,136,175,273,271,185,113,113,147,312,346
202713,Kyle Singler,1610612765,DET,25.0,82,100.3,101.5,101.5,104.7,105.5,105.5,-4.5,-4.1,-4.1,0.053,0.79,8.9,0.048,0.101,0.074,11.3,11.2,0.483,0.517,0.155,0.158,92.92,92.0,76.67,92.0,0.058,4404,3.4,7.8,287,240,240,308,337,337,318,313,313,392,347,359,189,279,239,257,254,244,244,340,344,337,379,379,374,178,168
202681,Kyrie Irving,1610612739,CLE,21.0,59,102.6,104.0,104.0,107.7,108.7,108.7,-5.1,-4.6,-4.6,0.315,1.83,20.3,0.016,0.095,0.053,11.1,11.0,0.503,0.553,0.292,0.298,96.55,95.48,79.57,95.48,0.139,4079,8.2,18.1,192,152,152,399,426,426,327,329,329,27,128,122,360,296,326,234,232,162,122,7,7,86,170,170,29,8,4
200746,LaMarcus Aldridge,1610612757,POR,27.0,74,104.5,106.1,106.1,105.9,106.8,106.8,-1.4,-0.7,-0.7,0.125,1.34,10.6,0.064,0.187,0.124,7.9,7.9,0.485,0.53,0.262,0.264,93.54,92.45,77.04,92.45,0.135,5380,8.6,17.8,139,100,100,348,378,378,225,201,201,191,227,303,149,67,98,57,58,239,203,27,30,300,360,360,35,5,6
1885,Lamar Odom,1610612746,LAC,33.0,82,104.9,105.3,105.3,95.4,95.4,95.4,9.5,9.9,9.9,0.128,1.65,23.2,0.075,0.222,0.15,14.1,14.0,0.423,0.429,0.13,0.132,93.97,93.76,78.13,93.76,0.09,3147,1.8,4.5,127,119,119,24,25,25,29,22,22,188,156,85,119,24,40,388,386,388,412,412,413,264,273,273,213,310,297
202362,Lance Stephenson,1610612754,IND,22.0,78,106.1,107.0,107.0,97.4,98.9,98.9,8.7,8.2,8.2,0.15,2.05,22.8,0.021,0.112,0.067,11.2,11.1,0.512,0.53,0.149,0.151,92.67,91.54,76.28,91.54,0.088,4357,3.5,7.7,96,67,67,43,78,78,33,37,37,152,92,91,321,248,268,246,244,139,207,355,359,353,407,407,221,170,172
202498,Lance Thomas,1610612740,NOH,25.0,59,101.1,99.5,99.5,104.5,101.9,101.9,-3.5,-2.4,-2.4,0.043,1.21,10.5,0.072,0.119,0.095,8.6,8.6,0.5,0.565,0.106,0.111,88.08,89.92,74.93,89.92,0.056,1198,0.9,1.8,258,317,317,301,171,171,286,256,256,420,255,309,124,227,175,81,79,173,91,446,445,464,457,457,380,410,425
202361,Landry Fields,1610612761,TOR,25.0,51,105.0,105.4,105.4,105.7,106.2,106.2,-0.7,-0.8,-0.8,0.084,1.43,17.2,0.06,0.149,0.105,12.1,12.1,0.462,0.487,0.126,0.129,92.97,92.53,77.11,92.53,0.077,1993,2.0,4.4,125,115,115,340,364,364,207,209,209,280,207,173,163,142,156,299,299,306,326,417,420,336,355,355,272,283,302
202336,Larry Sanders,1610612749,MIL,24.0,71,100.7,101.8,101.8,99.0,100.2,100.2,1.8,1.5,1.5,0.068,0.95,9.9,0.107,0.22,0.162,10.4,10.4,0.506,0.523,0.169,0.17,97.06,95.97,79.97,95.97,0.122,3862,4.3,8.5,268,231,231,75,112,112,150,145,145,343,322,327,39,28,20,197,197,152,225,292,301,62,137,137,63,119,146
202730,Lavoy Allen,1610612755,PHI,24.0,79,98.2,98.2,98.2,101.0,100.4,100.4,-2.9,-2.2,-2.2,0.068,1.33,12.0,0.093,0.147,0.119,9.0,9.0,0.454,0.474,0.146,0.149,91.53,91.8,76.5,91.8,0.071,3176,2.6,5.7,359,345,345,135,117,117,270,252,252,341,233,277,65,145,106,95,97,331,363,360,364,417,391,391,300,228,242
202351,Lazar Hayward,1610612750,MIN,26.0,4,79.3,76.9,76.9,118.1,113.4,113.4,-38.8,-36.5,-36.5,0.2,0.0,18.8,0.0,0.0,0.0,0.0,0.0,0.2,0.396,0.181,0.183,98.4,101.95,84.96,101.95,0.077,65,0.5,2.5,459,458,458,462,458,458,464,462,462,97,450,143,444,449,445,1,1,458,432,240,247,33,16,16,273,440,393
2544,LeBron James,1610612748,MIA,28.0,76,113.4,114.2,114.2,99.3,101.9,101.9,14.1,12.3,12.3,0.344,2.44,23.3,0.039,0.18,0.115,9.6,9.6,0.603,0.64,0.294,0.298,93.87,92.28,76.9,92.28,0.221,5549,10.1,17.8,3,3,3,81,172,172,4,8,8,17,52,84,216,83,121,131,126,17,11,6,6,278,370,370,1,1,5
2571,Leandro Barbosa,1610612738,BOS,30.0,41,97.8,95.4,95.4,99.7,99.7,99.7,-1.9,-4.3,-4.3,0.201,2.76,20.1,0.016,0.073,0.046,7.3,7.2,0.477,0.509,0.202,0.211,93.98,95.15,79.29,95.15,0.093,1030,2.0,4.7,368,405,405,90,91,91,239,317,317,96,28,123,356,382,371,43,43,271,272,168,155,263,192,192,191,282,284
101132,Linas Kleiza,1610612761,TOR,28.0,20,101.6,102.3,102.3,107.7,108.8,108.8,-6.1,-6.5,-6.5,0.077,1.14,8.4,0.026,0.117,0.07,7.4,7.3,0.403,0.46,0.217,0.221,89.82,89.05,74.21,89.05,0.049,698,2.4,7.2,231,213,213,398,428,428,349,368,368,309,268,372,280,233,255,47,46,404,385,119,119,456,464,464,404,246,187
200811,Lou Amundson,1610612740,NOH,30.0,39,98.2,95.7,95.7,108.2,104.2,104.2,-10.0,-8.5,-8.5,0.051,0.58,8.7,0.128,0.177,0.151,15.0,15.0,0.395,0.392,0.14,0.145,89.48,92.39,76.99,92.39,0.042,713,0.8,2.1,357,401,401,409,280,280,414,400,400,395,393,368,11,89,38,404,402,411,434,386,382,459,362,362,417,419,413
101150,Lou Williams,1610612737,ATL,26.0,39,102.1,102.2,102.2,102.1,102.4,102.4,0.0,-0.2,-0.2,0.218,1.88,19.6,0.007,0.065,0.036,10.4,10.4,0.503,0.555,0.232,0.236,93.18,93.04,77.53,93.04,0.111,2174,4.8,11.4,214,216,216,181,192,192,188,186,186,86,120,133,435,415,429,198,198,161,117,78,80,316,324,324,102,93,76
201601,Luc Mbah a Moute,1610612749,MIL,26.0,58,100.8,100.0,100.0,101.2,103.1,103.1,-0.4,-3.0,-3.0,0.063,0.79,9.8,0.063,0.121,0.091,12.5,12.6,0.418,0.447,0.164,0.167,97.16,96.6,80.5,96.6,0.058,2667,2.6,6.5,267,304,304,141,231,231,200,278,278,361,347,331,157,221,186,323,327,392,398,313,315,57,102,102,372,229,212
2449,Luis Scola,1610612756,PHX,33.0,82,99.2,100.9,100.9,105.5,105.6,105.6,-6.3,-4.8,-4.8,0.14,1.44,13.7,0.071,0.185,0.126,9.5,9.5,0.474,0.516,0.228,0.23,96.31,95.42,79.52,95.42,0.113,4340,5.3,11.2,329,269,269,336,342,342,356,332,332,171,204,242,126,72,93,121,122,282,251,86,93,111,177,177,96,73,80
202337,Luke Babbitt,1610612757,POR,24.0,62,102.4,100.7,100.7,105.8,103.0,103.0,-3.4,-2.3,-2.3,0.064,1.32,10.0,0.02,0.171,0.093,7.6,7.6,0.5,0.509,0.156,0.162,94.67,96.71,80.59,96.71,0.064,1487,1.4,3.8,197,273,273,343,226,226,283,254,254,354,236,325,329,100,178,49,50,173,275,333,327,220,95,95,341,352,329
2557,Luke Ridnour,1610612750,MIN,32.0,82,100.2,101.2,101.2,103.7,104.3,104.3,-3.5,-3.1,-3.1,0.211,2.39,23.7,0.016,0.071,0.043,9.9,9.8,0.493,0.532,0.178,0.182,95.57,94.84,79.03,94.84,0.088,4897,4.5,9.9,288,253,253,260,289,289,288,283,283,90,56,79,355,392,389,159,154,206,194,255,251,163,211,211,225,114,109
2575,Luke Walton,1610612739,CLE,33.0,50,102.7,102.5,102.5,105.6,105.0,105.0,-2.9,-2.5,-2.5,0.286,2.77,39.9,0.045,0.135,0.089,14.4,14.4,0.448,0.453,0.131,0.134,94.02,94.36,78.63,94.36,0.081,1679,1.4,3.6,188,207,207,338,317,317,272,262,262,42,27,7,196,182,195,393,391,351,392,406,406,258,242,242,255,350,335
202545,Luke Zeller,1610612756,PHX,26.0,16,78.5,74.6,74.6,112.9,107.8,107.8,-34.4,-33.1,-33.1,0.103,0.0,10.3,0.012,0.145,0.069,0.0,0.0,0.365,0.365,0.181,0.195,101.75,106.84,89.04,106.84,0.046,130,0.6,1.6,460,459,459,454,402,402,459,460,460,230,450,314,397,150,258,1,1,429,442,240,204,7,6,6,410,433,432
2736,Luol Deng,1610612741,CHI,28.0,75,100.5,101.9,101.9,100.7,101.9,101.9,-0.2,0.0,0.0,0.131,1.54,14.0,0.055,0.11,0.083,9.1,9.1,0.461,0.508,0.21,0.213,92.84,91.71,76.42,91.71,0.111,5545,6.2,14.6,276,226,226,126,170,170,193,178,178,186,184,238,169,252,210,99,100,313,278,140,150,342,397,397,103,37,29
203146,Maalik Wayns,1610612746,LAC,22.0,27,98.0,95.3,95.3,114.2,110.0,110.0,-16.3,-14.7,-14.7,0.233,1.8,19.6,0.005,0.032,0.018,10.9,10.8,0.335,0.394,0.24,0.251,92.23,95.31,79.42,95.31,0.015,401,1.0,3.3,362,408,408,458,443,443,447,444,444,78,135,136,441,447,443,224,223,439,433,59,57,377,185,185,446,405,359
202723,Malcolm Lee,1610612750,MIN,23.0,16,100.0,100.2,100.2,98.0,98.2,98.2,2.1,2.0,2.0,0.111,2.0,17.2,0.05,0.088,0.068,8.6,8.7,0.434,0.46,0.144,0.145,93.9,93.71,78.09,93.71,0.054,564,1.8,4.8,300,301,301,56,59,59,142,134,134,213,98,173,184,322,264,79,84,376,386,372,377,271,276,276,385,305,283
202952,Malcolm Thomas,1610612741,CHI,24.0,12,119.3,117.8,117.8,86.7,84.0,84.0,32.5,33.8,33.8,0.1,1.33,19.0,0.083,0.2,0.139,14.3,14.6,0.5,0.555,0.133,0.135,88.02,90.03,75.03,90.03,0.095,107,0.4,0.8,1,1,1,4,2,2,1,1,1,238,230,141,88,46,64,390,398,173,119,402,405,465,453,453,186,448,460
1938,Manu Ginobili,1610612759,SAS,35.0,60,106.1,105.6,105.6,98.3,97.5,97.5,7.8,8.1,8.1,0.308,2.08,26.6,0.023,0.116,0.072,12.8,12.7,0.502,0.56,0.238,0.244,98.88,99.48,82.9,99.48,0.13,2886,3.8,9.0,97,113,113,59,41,41,40,38,38,31,89,59,302,238,247,341,338,169,104,65,68,25,32,32,43,149,137
202705,MarShon Brooks,1610612751,BKN,24.0,73,99.4,98.5,98.5,102.1,101.6,101.6,-2.6,-3.1,-3.1,0.153,1.1,14.6,0.036,0.083,0.059,13.3,13.2,0.485,0.523,0.217,0.224,91.93,92.6,77.17,92.6,0.085,1758,2.1,4.6,321,339,339,179,160,160,263,284,284,145,279,221,226,341,298,359,359,236,224,120,112,401,349,349,236,276,292
201188,Marc Gasol,1610612763,MEM,28.0,80,102.9,104.5,104.5,95.4,96.3,96.3,7.5,8.2,8.2,0.19,2.03,21.4,0.069,0.166,0.117,10.5,10.6,0.494,0.559,0.192,0.194,90.34,89.23,74.36,89.23,0.146,5201,5.4,10.9,177,136,136,23,32,32,44,36,36,113,95,110,135,112,115,202,204,204,109,195,210,447,462,462,20,70,88
101162,Marcin Gortat,1610612756,PHX,29.0,61,98.8,100.2,100.2,105.0,105.7,105.7,-6.1,-5.4,-5.4,0.063,0.76,9.4,0.067,0.217,0.14,12.4,12.4,0.521,0.543,0.171,0.174,95.41,94.43,78.69,94.43,0.114,3691,4.8,9.3,339,297,297,320,346,346,350,353,353,359,351,341,139,31,62,318,319,106,152,279,281,173,238,238,90,90,125
201158,Marco Belinelli,1610612741,CHI,27.0,73,100.6,101.3,101.3,102.1,103.0,103.0,-1.5,-1.7,-1.7,0.132,1.8,16.3,0.007,0.068,0.038,9.0,9.0,0.46,0.513,0.184,0.189,91.53,90.83,75.69,90.83,0.07,3569,3.3,8.4,274,248,248,183,222,222,230,230,230,181,134,191,437,400,424,94,94,317,260,222,224,416,436,436,307,181,151
948,Marcus Camby,1610612752,NYK,39.0,24,96.7,96.4,96.4,97.5,98.3,98.3,-0.8,-1.9,-1.9,0.096,0.93,15.4,0.094,0.229,0.16,16.5,16.6,0.321,0.342,0.145,0.147,91.19,90.95,75.79,90.95,0.067,471,0.7,2.2,399,389,389,46,68,68,210,242,242,247,325,205,63,22,26,423,425,443,448,368,367,432,431,431,322,425,406
202694,Marcus Morris Sr.,1610612756,PHX,23.0,77,101.1,101.6,101.6,105.4,105.7,105.7,-4.2,-4.1,-4.1,0.068,0.81,8.6,0.051,0.13,0.09,10.7,10.7,0.504,0.516,0.184,0.188,98.26,97.91,81.59,97.91,0.067,3111,2.9,6.8,254,237,237,330,343,343,312,314,314,342,345,369,182,194,193,215,216,160,247,221,230,36,59,59,321,210,195
201977,Marcus Thornton,1610612758,SAC,26.0,72,101.5,102.9,102.9,110.8,111.2,111.2,-9.3,-8.3,-8.3,0.092,1.34,9.2,0.028,0.08,0.053,6.9,6.9,0.52,0.552,0.228,0.232,96.11,95.25,79.38,95.25,0.098,3425,4.6,10.8,237,190,190,448,454,454,407,398,398,260,228,349,267,354,327,34,34,111,125,88,89,131,188,188,163,104,91
201596,Mario Chalmers,1610612748,MIA,27.0,77,113.0,113.9,113.9,98.3,100.2,100.2,14.6,13.7,13.7,0.183,2.29,28.3,0.011,0.076,0.046,12.3,12.3,0.545,0.576,0.156,0.16,93.82,92.54,77.12,92.54,0.079,3996,2.9,6.9,4,4,4,62,109,109,3,6,6,117,65,46,408,373,370,317,314,67,65,330,333,282,353,353,259,204,194
202693,Markieff Morris,1610612756,PHX,23.0,82,98.5,99.3,99.3,108.6,108.7,108.7,-10.1,-9.4,-9.4,0.095,1.04,11.7,0.07,0.154,0.11,11.3,11.3,0.442,0.473,0.195,0.198,95.76,95.36,79.47,95.36,0.075,3641,3.2,8.0,348,324,324,419,427,427,415,412,412,248,296,281,127,128,137,258,257,365,364,189,195,150,180,180,281,190,165
2605,Marquis Daniels,1610612749,MIL,32.0,59,96.1,96.2,96.2,99.9,100.0,100.0,-3.8,-3.8,-3.8,0.096,1.44,13.4,0.039,0.095,0.065,9.3,9.3,0.405,0.432,0.166,0.169,96.68,96.55,80.45,96.55,0.059,2173,2.2,5.9,406,395,395,96,96,96,297,301,301,246,204,251,218,293,273,109,111,402,409,301,304,79,105,105,367,261,236
203104,Marquis Teague,1610612741,CHI,20.0,48,95.3,96.3,96.3,97.9,96.0,96.0,-2.6,0.3,0.3,0.275,1.8,28.8,0.008,0.11,0.058,16.0,16.1,0.398,0.412,0.182,0.187,90.85,91.24,76.04,91.24,0.051,738,0.9,2.4,421,391,391,55,29,29,264,168,168,48,135,40,432,254,300,420,420,408,424,233,235,440,417,417,398,411,398
201578,Marreese Speights,1610612739,CLE,25.0,79,99.3,99.0,99.0,103.7,103.8,103.8,-4.4,-4.8,-4.8,0.067,0.59,5.9,0.109,0.194,0.15,10.1,10.2,0.448,0.498,0.252,0.257,94.52,94.6,78.83,94.6,0.106,2550,3.3,7.4,327,327,327,256,265,265,316,335,335,347,389,432,37,53,39,173,177,348,302,42,47,230,228,228,126,183,181
101110,Martell Webster,1610612764,WAS,26.0,76,99.9,100.4,100.4,101.2,100.8,100.8,-1.3,-0.4,-0.4,0.105,1.59,15.0,0.024,0.11,0.067,9.4,9.4,0.551,0.601,0.166,0.169,94.93,94.88,79.07,94.88,0.095,4341,3.7,8.4,308,289,289,142,129,129,217,192,192,229,175,214,291,255,267,117,117,59,36,305,305,194,205,205,182,156,150
101107,Marvin Williams,1610612762,UTA,27.0,73,100.3,100.9,100.9,103.6,103.9,103.9,-3.3,-3.0,-3.0,0.072,1.28,11.8,0.032,0.124,0.078,9.2,9.2,0.481,0.515,0.151,0.154,92.35,91.93,76.61,91.93,0.076,3309,2.7,6.4,284,266,266,253,269,269,280,274,274,329,242,280,243,207,228,106,106,256,255,350,354,369,384,384,277,218,215
2440,Matt Barnes,1610612746,LAC,33.0,80,105.8,106.5,106.5,99.0,99.1,99.1,6.8,7.4,7.4,0.095,1.37,13.1,0.056,0.124,0.09,9.6,9.6,0.544,0.566,0.176,0.18,94.12,93.79,78.16,93.79,0.1,4017,3.9,8.4,101,86,86,76,80,80,55,47,47,250,220,259,167,209,188,133,130,71,86,263,261,254,271,271,149,142,148
2588,Matt Bonner,1610612759,SAS,33.0,68,106.2,105.3,105.3,102.1,101.1,101.1,4.0,4.3,4.3,0.057,2.25,12.5,0.029,0.116,0.073,5.5,5.5,0.602,0.609,0.124,0.126,96.91,97.79,81.49,97.79,0.073,1851,1.6,3.4,91,118,118,185,140,140,97,87,87,382,70,269,259,237,242,18,18,18,27,424,424,70,61,61,292,325,350
2679,Matt Carroll,1610612766,CHA,32.0,1,81.0,80.0,80.0,102.5,90.9,90.9,-21.5,-10.9,-10.9,0.333,0.0,100.0,0.0,0.0,0.0,0.0,0.0,0.0,0.0,0.0,0.0,80.57,86.15,71.79,86.15,0.0,10,0.0,0.0,458,456,456,198,13,13,453,419,419,20,450,1,444,449,445,1,1,462,463,468,468,468,468,468,451,462,468
203090,Maurice Harkless,1610612753,ORL,20.0,76,95.6,96.4,96.4,107.5,108.0,108.0,-11.9,-11.6,-11.6,0.04,0.72,6.8,0.06,0.11,0.084,9.3,9.3,0.489,0.504,0.156,0.159,94.42,93.83,78.19,93.83,0.072,3848,3.4,7.4,413,388,388,395,415,415,426,426,426,425,354,414,162,256,203,115,114,222,288,332,338,241,269,269,297,174,180
1897,Metta World Peace,1610612747,LAL,33.0,75,107.1,107.9,107.9,102.2,103.7,103.7,4.9,4.2,4.2,0.067,1.14,10.1,0.04,0.103,0.072,8.8,8.8,0.488,0.517,0.174,0.176,96.51,95.44,79.53,95.44,0.075,5020,4.4,11.0,67,55,55,186,257,257,80,88,88,346,268,323,213,277,246,89,90,226,241,268,276,93,173,173,283,116,85
203086,Meyers Leonard,1610612757,POR,21.0,69,100.0,99.4,99.4,108.1,106.6,106.6,-8.1,-7.2,-7.2,0.045,0.67,8.3,0.07,0.154,0.112,12.3,12.3,0.551,0.596,0.137,0.141,93.71,94.63,78.86,94.63,0.071,2387,2.2,4.0,303,318,318,406,374,374,392,383,383,412,365,374,131,127,132,315,315,61,42,391,393,290,224,224,299,268,313
201563,Michael Beasley,1610612756,PHX,24.0,75,97.2,97.5,97.5,108.6,109.0,109.0,-11.4,-11.5,-11.5,0.125,0.77,10.3,0.033,0.153,0.092,13.4,13.4,0.434,0.462,0.27,0.276,96.08,95.8,79.83,95.8,0.08,3111,4.1,10.2,385,364,364,420,431,431,422,422,422,192,349,315,235,133,184,366,365,377,380,22,21,132,155,155,257,129,102
203077,Michael Kidd-Gilchrist,1610612766,CHA,19.0,78,99.7,100.6,100.6,107.8,107.8,107.8,-8.2,-7.2,-7.2,0.096,1.16,12.8,0.063,0.17,0.115,11.1,11.1,0.46,0.506,0.175,0.179,92.97,92.54,77.12,92.54,0.094,3901,3.6,7.9,312,281,281,402,407,407,398,385,385,245,265,262,152,102,123,235,238,315,280,265,266,335,354,354,187,164,167
101153,Mickael Gelabale,1610612750,MIN,30.0,36,99.5,99.1,99.1,104.4,104.0,104.0,-4.9,-4.8,-4.8,0.064,1.63,13.6,0.051,0.108,0.08,8.4,8.4,0.576,0.605,0.115,0.118,93.59,93.99,78.33,93.99,0.081,1258,2.0,3.9,315,326,326,293,270,270,324,336,336,356,164,245,180,261,218,66,68,38,32,433,434,295,262,262,251,283,323
2554,Mickael Pietrus,1610612761,TOR,31.0,19,102.7,103.0,103.0,105.2,107.4,107.4,-2.5,-4.3,-4.3,0.034,0.56,6.9,0.014,0.09,0.051,12.2,12.2,0.449,0.472,0.149,0.152,92.01,90.95,75.79,90.95,0.028,730,1.8,5.2,186,187,187,325,391,391,255,318,318,436,398,408,377,311,333,310,313,342,367,354,357,393,430,430,439,308,268
201144,Mike Conley,1610612763,MEM,25.0,80,104.2,105.7,105.7,95.1,96.0,96.0,9.0,9.7,9.7,0.287,2.58,28.2,0.016,0.07,0.042,10.9,10.9,0.497,0.549,0.205,0.209,91.02,89.93,74.94,89.93,0.133,5168,5.2,11.8,144,112,112,21,30,30,32,27,27,41,41,47,361,395,393,227,225,193,133,157,164,436,456,456,40,76,68
2399,Mike Dunleavy,1610612749,MIL,32.0,75,102.9,104.0,104.0,101.9,102.4,102.4,1.0,1.6,1.6,0.114,1.61,15.9,0.015,0.13,0.072,9.9,9.8,0.545,0.577,0.17,0.173,97.38,96.6,80.5,96.6,0.099,3928,3.7,8.3,181,154,154,168,193,193,165,144,144,209,169,195,366,193,249,155,155,68,64,286,287,50,101,101,155,159,152
2229,Mike James,1610612742,DAL,38.0,45,106.8,105.3,105.3,103.8,103.3,103.3,3.0,1.9,1.9,0.236,2.53,29.0,0.011,0.071,0.042,11.5,11.5,0.461,0.481,0.18,0.184,94.44,95.33,79.44,95.33,0.057,1710,2.2,6.0,75,122,122,261,243,243,119,136,136,74,46,36,407,389,394,266,270,308,344,246,244,237,183,183,377,259,229
2034,Mike Miller,1610612748,MIA,33.0,59,107.3,106.1,106.1,102.0,103.7,103.7,5.3,2.4,2.4,0.167,2.83,26.8,0.023,0.153,0.093,9.5,9.5,0.591,0.596,0.141,0.145,92.77,92.49,77.07,92.49,0.104,1740,1.7,3.9,62,99,99,173,261,261,73,127,127,130,19,57,300,132,179,119,119,25,43,384,384,346,358,358,135,317,319
203118,Mike Scott,1610612737,ATL,24.0,40,98.0,96.8,96.8,104.8,102.6,102.6,-6.7,-5.8,-5.8,0.058,0.57,5.8,0.103,0.188,0.146,10.1,10.3,0.476,0.533,0.226,0.231,95.64,97.22,81.02,97.22,0.114,761,1.8,3.7,361,379,379,310,207,207,370,358,358,379,395,434,46,61,48,179,186,273,186,94,90,155,79,79,92,313,332
203101,Miles Plumlee,1610612754,IND,24.0,14,92.1,87.5,87.5,100.5,98.3,98.3,-8.4,-10.8,-10.8,0.061,0.67,7.1,0.174,0.0,0.0,10.7,10.8,0.238,0.286,0.181,0.188,100.49,104.23,86.86,104.23,0.04,120,0.4,1.5,443,445,445,117,66,66,400,418,418,370,366,399,2,449,445,213,219,457,455,240,229,12,11,11,424,452,436
203141,Mirza Teletovic,1610612751,BKN,27.0,53,101.7,100.2,100.2,104.3,103.2,103.2,-2.6,-3.0,-3.0,0.08,1.15,9.9,0.065,0.132,0.097,8.6,8.6,0.484,0.495,0.189,0.196,91.99,93.18,77.65,93.18,0.075,974,1.3,3.5,228,299,299,282,237,237,259,276,276,296,267,328,143,190,170,79,78,243,307,206,202,397,312,312,287,358,342
2590,Mo Williams,1610612762,UTA,30.0,46,103.2,103.4,103.4,105.8,106.2,106.2,-2.6,-2.7,-2.7,0.324,2.28,29.2,0.017,0.065,0.04,12.8,12.7,0.485,0.519,0.22,0.225,93.47,93.15,77.63,93.15,0.095,2757,5.0,11.6,166,171,171,344,361,361,262,267,267,26,67,34,347,416,407,342,340,238,238,111,110,303,313,313,177,82,71
101145,Monta Ellis,1610612749,MIL,27.0,82,102.3,103.5,103.5,102.7,104.3,104.3,-0.4,-0.9,-0.9,0.262,1.95,21.1,0.013,0.087,0.049,10.8,10.8,0.448,0.493,0.258,0.261,98.09,96.77,80.64,96.77,0.11,6206,7.3,17.5,203,170,170,211,290,290,199,211,211,55,105,114,383,329,355,218,218,345,315,34,40,38,93,93,109,16,9
201986,Nando De Colo,1610612759,SAS,26.0,72,100.4,98.6,98.6,101.7,100.7,100.7,-1.3,-2.1,-2.1,0.233,1.7,28.7,0.027,0.122,0.077,16.8,16.9,0.5,0.53,0.167,0.171,96.24,97.61,81.34,97.61,0.084,1872,1.5,3.3,281,338,338,159,124,124,221,244,244,79,147,42,274,216,232,427,427,173,206,300,298,120,64,64,241,343,352
101126,Nate Robinson,1610612741,CHI,29.0,82,101.9,103.0,103.0,101.9,102.5,102.5,0.0,0.6,0.6,0.312,2.49,23.9,0.014,0.077,0.044,9.6,9.6,0.51,0.54,0.246,0.25,91.57,90.81,75.68,90.81,0.12,3951,4.9,11.2,224,186,186,167,195,195,187,162,162,28,51,78,379,365,376,136,135,143,161,53,60,413,437,437,68,88,78
1737,Nazr Mohammed,1610612741,CHI,35.0,63,99.1,98.8,98.8,99.8,98.8,98.8,-0.7,0.1,0.1,0.06,1.08,10.3,0.104,0.191,0.145,9.5,9.6,0.367,0.414,0.15,0.153,89.85,90.43,75.36,90.43,0.066,1300,1.0,2.9,332,331,331,93,77,77,206,177,177,373,283,316,45,58,49,122,129,426,422,353,356,454,449,449,326,391,376
2403,Nene,1610612764,WAS,30.0,61,101.3,101.7,101.7,98.3,98.3,98.3,3.0,3.4,3.4,0.184,1.27,17.2,0.063,0.183,0.124,13.5,13.5,0.48,0.538,0.233,0.235,95.11,94.9,79.08,94.9,0.125,3271,4.7,9.7,245,234,234,61,64,64,120,105,105,116,243,177,154,77,95,370,372,259,167,74,83,187,203,203,53,100,113
2555,Nick Collison,1610612760,OKC,32.0,81,111.8,112.3,112.3,99.5,99.7,99.7,12.3,12.5,12.5,0.112,1.75,23.2,0.086,0.128,0.109,13.2,13.3,0.595,0.624,0.113,0.114,96.22,95.91,79.93,95.91,0.087,3150,2.2,3.7,12,14,14,86,92,92,11,7,7,212,141,87,82,198,145,358,364,23,18,437,439,122,144,144,228,269,334
201156,Nick Young,1610612755,PHI,28.0,59,97.7,98.1,98.1,103.0,102.5,102.5,-5.3,-4.4,-4.4,0.099,1.68,11.5,0.016,0.075,0.045,6.8,6.8,0.482,0.525,0.205,0.21,93.23,93.21,77.67,93.21,0.085,2753,3.8,9.2,371,347,347,227,202,202,331,320,320,240,152,286,354,376,375,33,33,247,222,156,161,312,310,310,237,150,129
201587,Nicolas Batum,1610612757,POR,24.0,73,104.4,105.4,105.4,106.8,107.8,107.8,-2.5,-2.4,-2.4,0.199,1.89,24.5,0.036,0.115,0.075,12.9,12.9,0.522,0.566,0.178,0.182,94.19,93.32,77.77,93.32,0.104,5468,4.8,11.4,143,117,117,371,406,406,256,261,261,101,115,74,225,241,234,350,344,104,87,253,254,250,302,302,132,92,75
201593,Nikola Pekovic,1610612750,MIN,27.0,62,102.0,103.7,103.7,104.0,104.3,104.3,-1.9,-0.5,-0.5,0.048,0.52,5.1,0.115,0.171,0.142,9.7,9.7,0.52,0.572,0.221,0.223,94.74,93.83,78.19,93.83,0.13,3830,6.2,12.0,218,165,165,267,285,285,240,196,196,409,407,445,25,101,56,145,150,112,76,109,115,217,270,270,45,39,64
202696,Nikola Vučević,1610612753,ORL,22.0,77,98.6,99.6,99.6,106.7,107.9,107.9,-8.1,-8.3,-8.3,0.093,1.01,11.7,0.107,0.258,0.182,11.5,11.5,0.519,0.534,0.191,0.194,93.66,92.66,77.21,92.66,0.132,4953,6.0,11.5,347,314,314,367,411,411,396,397,397,255,303,283,40,6,8,267,266,118,181,201,208,291,345,345,42,49,73
202701,Nolan Smith,1610612757,POR,24.0,40,92.9,91.4,91.4,97.2,93.0,93.0,-4.3,-1.6,-1.6,0.229,1.21,18.4,0.023,0.068,0.045,15.3,15.2,0.395,0.435,0.234,0.245,94.37,97.29,81.07,97.29,0.051,581,1.1,2.9,440,434,434,41,17,17,313,228,228,82,257,148,301,401,374,406,405,412,406,69,67,245,76,76,396,390,378
202708,Norris Cole,1610612748,MIA,24.0,80,106.1,104.1,104.1,103.0,104.0,104.0,3.1,0.1,0.1,0.165,1.58,22.5,0.013,0.071,0.044,14.2,14.3,0.462,0.483,0.168,0.173,91.39,91.75,76.46,91.75,0.049,3041,2.2,5.3,98,147,147,226,271,271,116,174,174,131,178,96,387,388,381,389,389,305,337,295,283,424,395,395,403,260,255
201564,O.J. Mayo,1610612742,DAL,25.0,82,102.9,103.9,103.9,105.0,105.5,105.5,-2.0,-1.6,-1.6,0.191,1.72,21.3,0.013,0.086,0.051,12.4,12.4,0.519,0.556,0.206,0.209,96.61,95.95,79.96,95.95,0.091,5818,5.6,12.5,175,158,158,319,332,332,243,226,226,109,144,113,391,330,339,320,318,119,115,153,165,82,140,140,203,56,54
201600,Omer Asik,1610612745,HOU,26.0,82,107.3,108.7,108.7,101.3,102.3,102.3,5.9,6.4,6.4,0.046,0.43,7.5,0.116,0.269,0.195,17.4,17.4,0.541,0.558,0.162,0.164,98.51,97.37,81.14,97.37,0.11,4983,4.0,7.5,61,45,45,144,188,188,66,58,58,410,425,389,23,4,3,430,430,74,111,315,324,30,72,72,107,135,176
201956,Omri Casspi,1610612739,CLE,25.0,43,94.2,95.4,95.4,100.5,98.7,98.7,-6.3,-3.2,-3.2,0.093,1.27,12.2,0.036,0.193,0.109,9.6,9.6,0.472,0.486,0.177,0.179,92.87,93.1,77.59,93.1,0.1,967,1.5,3.7,435,404,404,118,74,74,359,287,287,257,244,272,224,55,144,130,139,288,327,258,262,339,318,318,148,341,331
203111,Orlando Johnson,1610612754,IND,24.0,51,98.7,97.0,97.0,97.1,97.7,97.7,1.7,-0.7,-0.7,0.135,1.62,17.4,0.033,0.138,0.088,10.7,10.7,0.5,0.523,0.161,0.168,92.23,92.72,77.26,92.72,0.097,1197,1.4,3.5,342,373,373,37,45,45,153,203,203,176,167,167,237,172,199,216,214,173,227,317,308,378,340,340,166,351,341
200782,P.J. Tucker,1610612756,PHX,28.0,79,99.2,100.5,100.5,104.0,104.4,104.4,-4.8,-3.9,-3.9,0.085,1.63,16.5,0.067,0.118,0.092,10.1,10.2,0.498,0.525,0.125,0.127,96.11,95.27,79.4,95.27,0.078,3781,2.7,5.6,330,286,286,268,293,293,323,308,308,276,162,188,138,228,182,177,179,189,221,420,423,130,187,187,267,221,246
203143,Pablo Prigioni,1610612752,NYK,36.0,78,108.8,107.7,107.7,100.9,100.5,100.5,7.9,7.3,7.3,0.277,2.74,42.7,0.034,0.089,0.061,15.6,15.6,0.575,0.595,0.117,0.121,91.24,91.89,76.57,91.89,0.089,2416,1.3,2.8,34,57,57,131,119,119,38,48,48,47,31,5,230,319,289,412,413,39,44,430,430,431,387,387,216,365,380
201976,Patrick Beverley,1610612745,HOU,24.0,41,106.1,106.4,106.4,98.7,98.5,98.5,7.4,7.9,7.9,0.262,2.66,31.8,0.059,0.088,0.073,12.0,12.0,0.513,0.551,0.15,0.154,95.94,95.95,79.96,95.95,0.104,1428,1.9,4.6,93,88,88,73,70,70,46,41,41,57,36,23,165,321,240,296,295,135,129,352,353,141,139,139,134,295,291
202335,Patrick Patterson,1610612758,SAC,24.0,71,108.2,109.1,109.1,107.1,107.7,107.7,1.1,1.4,1.4,0.07,1.33,10.2,0.065,0.127,0.096,7.7,7.7,0.553,0.566,0.173,0.175,98.44,97.72,81.43,97.72,0.092,3619,4.5,8.8,46,37,37,377,401,401,163,150,150,336,232,321,145,202,173,52,52,56,84,274,279,32,63,63,192,112,140
201988,Patty Mills,1610612759,SAS,24.0,58,106.9,105.8,105.8,104.7,103.3,103.3,2.2,2.4,2.4,0.147,1.59,17.8,0.015,0.062,0.04,11.2,11.1,0.577,0.59,0.193,0.199,97.64,98.8,82.33,98.8,0.082,1352,1.9,4.2,72,110,110,306,244,244,138,124,124,160,174,163,369,422,411,249,245,36,52,193,191,45,42,42,247,293,309
2200,Pau Gasol,1610612747,LAL,32.0,49,106.1,106.6,106.6,102.8,103.7,103.7,3.3,2.9,2.9,0.196,1.92,20.6,0.07,0.177,0.126,10.7,10.8,0.473,0.512,0.203,0.205,96.53,95.92,79.93,95.92,0.124,3308,5.5,11.8,94,82,82,221,259,259,110,109,109,102,109,117,132,90,94,214,220,283,265,162,172,89,143,143,57,63,65
202331,Paul George,1610612754,IND,23.0,79,103.2,104.4,104.4,95.9,98.1,98.1,7.3,6.4,6.4,0.191,1.4,17.7,0.03,0.167,0.101,12.6,12.6,0.491,0.531,0.231,0.235,93.09,91.51,76.26,91.51,0.134,5669,6.2,14.9,164,138,138,27,57,57,51,59,59,110,212,164,248,110,165,331,326,209,198,79,84,323,408,408,38,36,24
200794,Paul Millsap,1610612762,UTA,28.0,78,105.4,106.2,106.2,105.5,105.9,105.9,0.0,0.3,0.3,0.143,1.46,14.6,0.078,0.173,0.124,10.0,10.1,0.498,0.55,0.227,0.228,92.76,92.24,76.87,92.24,0.123,4560,5.5,11.2,116,96,96,335,351,351,189,170,170,166,199,225,100,95,96,167,171,190,131,90,98,349,372,372,59,65,79
1718,Paul Pierce,1610612738,BOS,35.0,77,103.1,103.8,103.8,99.6,101.3,101.3,3.5,2.6,2.6,0.245,1.73,19.9,0.019,0.169,0.099,11.5,11.5,0.502,0.559,0.271,0.274,94.61,93.54,77.95,93.54,0.141,5015,6.2,14.2,167,160,160,89,152,152,105,120,120,69,142,129,334,105,168,269,268,164,107,21,24,223,287,287,27,45,33
203103,Perry Jones III,1610612760,OKC,21.0,38,101.9,98.8,98.8,99.9,99.3,99.3,1.9,-0.5,-0.5,0.057,0.67,7.6,0.044,0.172,0.11,11.5,11.5,0.394,0.417,0.19,0.198,94.86,96.65,80.54,96.65,0.065,565,1.0,2.6,225,335,335,99,84,84,143,197,197,383,366,385,199,99,138,264,267,414,420,203,197,204,98,98,331,395,388
2047,Quentin Richardson,1610612752,NYK,33.0,1,83.4,82.8,82.8,98.2,98.3,98.3,-14.8,-15.5,-15.5,0.056,0.5,6.7,0.0,0.143,0.0,13.3,13.4,0.136,0.21,0.197,0.2,95.91,96.28,80.23,96.28,0.006,58,1.0,11.0,456,454,454,57,62,62,441,447,447,386,410,416,444,158,445,363,368,461,460,178,186,143,118,118,449,398,82
203112,Quincy Acy,1610612761,TOR,22.0,29,109.0,110.6,110.6,96.8,95.9,95.9,12.2,14.8,14.8,0.051,0.65,9.1,0.092,0.135,0.114,14.0,14.2,0.567,0.632,0.146,0.146,91.41,91.21,76.01,91.21,0.095,650,1.4,2.6,33,24,24,34,27,27,13,4,4,395,377,353,69,183,125,387,388,40,15,364,372,423,420,420,180,344,389
203113,Quincy Miller,1610612743,DEN,20.0,7,102.3,95.1,95.1,106.0,103.3,103.3,-3.7,-8.2,-8.2,0.143,3.0,17.6,0.032,0.033,0.033,5.9,5.9,0.333,0.349,0.187,0.199,108.55,114.0,95.0,114.0,0.017,61,0.6,1.7,204,413,413,352,241,241,296,396,396,164,13,165,240,446,435,20,20,440,446,212,192,4,4,4,443,430,429
202347,Quincy Pondexter,1610612763,MEM,25.0,59,103.0,102.6,102.6,101.4,101.1,101.1,1.6,1.5,1.5,0.076,1.45,14.0,0.035,0.074,0.054,9.7,9.7,0.528,0.565,0.134,0.138,91.99,92.3,76.92,92.3,0.069,2399,2.2,5.1,173,203,203,147,141,141,155,148,148,311,200,237,228,378,319,141,141,93,89,401,399,396,367,367,313,271,270
200765,Rajon Rondo,1610612738,BOS,27.0,38,99.3,99.6,99.6,100.6,102.0,102.0,-1.3,-2.4,-2.4,0.49,2.84,39.0,0.032,0.122,0.078,13.8,13.8,0.497,0.516,0.213,0.215,94.9,94.06,78.38,94.06,0.145,2793,5.9,12.2,326,313,313,121,174,174,220,258,258,2,17,9,238,215,227,378,380,194,249,130,143,200,257,257,21,50,60
201196,Ramon Sessions,1610612766,CHA,27.0,61,97.6,98.4,98.4,109.9,110.4,110.4,-12.3,-12.0,-12.0,0.266,2.21,19.7,0.015,0.087,0.05,8.9,8.9,0.433,0.529,0.247,0.252,96.21,95.59,79.66,95.59,0.12,3297,4.5,11.1,376,340,340,440,450,450,430,428,428,52,74,132,363,326,343,91,93,378,211,51,55,123,165,165,67,111,81
200751,Randy Foye,1610612762,UTA,29.0,82,103.2,104.2,104.2,106.0,106.4,106.4,-2.8,-2.2,-2.2,0.116,1.82,15.9,0.008,0.052,0.03,8.8,8.7,0.518,0.55,0.18,0.185,93.17,92.51,77.1,92.51,0.062,4338,3.6,9.0,165,145,145,353,368,368,268,249,249,204,132,194,431,439,439,87,82,122,130,245,242,319,357,357,351,166,136
1740,Rashard Lewis,1610612748,MIA,33.0,55,103.6,102.0,102.0,103.0,104.1,104.1,0.6,-2.1,-2.1,0.063,0.91,9.0,0.027,0.134,0.083,9.9,9.9,0.516,0.53,0.177,0.182,92.21,92.46,77.05,92.46,0.075,1532,1.9,4.5,153,222,222,228,272,272,174,247,247,357,329,356,273,184,209,160,163,126,204,259,252,380,359,359,284,298,295
739,Rasheed Wallace,1610612752,NYK,38.0,21,101.2,99.6,99.6,97.7,97.7,97.7,3.5,1.9,1.9,0.039,0.6,3.6,0.037,0.235,0.138,6.0,6.0,0.465,0.484,0.261,0.268,92.1,92.83,77.35,92.83,0.117,570,2.6,6.8,246,312,312,53,46,46,107,137,137,427,386,454,221,16,66,21,21,302,335,28,27,386,335,335,79,227,201
951,Ray Allen,1610612748,MIA,37.0,79,109.2,108.6,108.6,103.7,104.8,104.8,5.5,3.8,3.8,0.107,1.31,14.3,0.022,0.09,0.057,10.9,10.7,0.555,0.599,0.185,0.193,92.29,92.03,76.69,92.03,0.096,3914,3.7,8.2,32,47,47,257,311,311,68,100,100,221,238,230,314,310,302,229,215,54,40,218,211,371,378,378,171,157,158
101109,Raymond Felton,1610612752,NYK,29.0,68,111.1,112.3,112.3,105.1,106.3,106.3,5.9,5.9,5.9,0.26,2.4,25.4,0.022,0.067,0.044,10.6,10.6,0.48,0.505,0.217,0.219,92.18,91.17,75.98,91.17,0.097,4402,5.5,13.0,18,13,13,323,367,367,64,65,65,58,54,65,310,406,378,203,203,258,285,121,128,383,422,422,165,61,50
2501,Reggie Evans,1610612751,BKN,33.0,80,106.3,106.5,106.5,102.0,102.8,102.8,4.4,3.8,3.8,0.032,0.39,8.2,0.136,0.342,0.237,21.3,21.7,0.479,0.506,0.11,0.111,90.46,90.02,75.02,90.02,0.108,3680,1.6,3.3,83,85,85,174,216,216,94,101,101,440,433,376,6,1,1,449,450,262,283,441,444,445,454,454,117,331,358
202704,Reggie Jackson,1610612760,OKC,23.0,70,105.8,103.9,103.9,98.3,97.2,97.2,7.5,6.7,6.7,0.204,2.3,23.1,0.023,0.142,0.085,10.1,10.1,0.495,0.531,0.183,0.19,94.56,95.92,79.93,95.92,0.114,1970,2.1,4.6,104,156,156,60,38,38,45,54,54,93,64,88,307,165,202,171,169,202,201,226,220,227,142,142,91,275,289
202130,Reggie Williams,1610612766,CHA,26.0,40,101.4,101.2,101.2,108.1,105.4,105.4,-6.7,-4.2,-4.2,0.18,2.05,19.6,0.019,0.11,0.063,9.5,9.5,0.515,0.517,0.186,0.192,91.99,93.23,77.69,93.23,0.095,737,1.4,3.3,239,252,252,407,329,329,366,316,316,121,91,134,335,257,282,128,124,129,243,214,212,395,307,307,179,349,356
1888,Richard Hamilton,1610612741,CHI,35.0,50,97.4,98.9,98.9,99.6,100.8,100.8,-2.2,-1.9,-1.9,0.191,1.42,16.8,0.015,0.063,0.039,11.8,11.8,0.446,0.481,0.244,0.248,92.57,91.33,76.11,91.33,0.071,2073,4.1,9.5,379,330,330,88,128,128,248,240,240,108,210,182,373,420,419,287,286,356,342,55,63,358,415,415,298,133,118
2210,Richard Jefferson,1610612744,GSW,33.0,56,101.7,100.3,100.3,100.0,97.9,97.9,1.7,2.4,2.4,0.088,1.35,14.7,0.009,0.134,0.075,10.9,10.8,0.507,0.552,0.139,0.146,96.41,98.18,81.81,98.18,0.083,1155,1.1,2.4,229,296,296,102,49,49,152,126,126,268,224,220,421,186,237,226,217,149,124,388,374,101,51,51,245,384,397
201937,Ricky Rubio,1610612750,MIN,22.0,57,100.6,101.3,101.3,103.4,103.1,103.1,-2.8,-1.8,-1.8,0.391,2.43,34.0,0.026,0.121,0.071,14.0,14.1,0.386,0.482,0.212,0.213,95.61,95.37,79.47,95.37,0.118,3348,3.2,9.0,275,246,246,243,233,233,267,237,237,9,53,15,279,222,253,386,387,417,339,135,148,158,178,178,73,189,135
203135,Robert Sacre,1610612747,LAL,24.0,32,97.7,94.6,94.6,110.0,109.3,109.3,-12.3,-14.7,-14.7,0.045,0.6,8.7,0.041,0.123,0.08,14.5,14.5,0.375,0.407,0.127,0.134,101.09,103.1,85.92,103.1,0.002,443,0.6,1.5,372,417,417,443,436,436,431,443,443,413,386,364,212,211,216,396,395,421,428,416,407,10,12,12,450,433,436
201577,Robin Lopez,1610612740,NOH,25.0,82,102.4,103.8,103.8,106.6,106.8,106.8,-4.2,-3.1,-3.1,0.051,0.58,6.5,0.111,0.12,0.115,11.2,11.2,0.534,0.573,0.196,0.199,91.34,90.64,75.53,90.64,0.103,4024,4.7,8.8,196,163,163,366,379,379,309,280,280,399,390,419,33,224,120,250,248,82,72,184,194,426,446,446,137,99,141
201155,Rodney Stuckey,1610612765,DET,27.0,76,100.0,101.0,101.0,107.3,108.1,108.1,-7.4,-7.2,-7.2,0.208,2.01,21.3,0.02,0.083,0.05,10.6,10.5,0.443,0.505,0.206,0.21,93.1,92.29,76.91,92.29,0.088,4181,4.0,9.8,305,263,263,384,416,416,382,384,384,91,96,111,331,342,341,205,201,362,286,155,159,321,368,368,224,137,111
201958,Rodrigue Beaubois,1610612742,DAL,25.0,45,102.8,100.6,100.6,99.2,97.7,97.7,3.6,2.9,2.9,0.237,2.55,27.2,0.016,0.085,0.05,10.7,10.7,0.429,0.47,0.178,0.185,97.18,99.01,82.51,99.01,0.074,1135,1.4,3.9,184,280,280,80,44,44,103,110,110,73,43,53,362,336,342,211,211,382,370,250,241,55,38,38,289,345,321
2427,Roger Mason Jr.,1610612740,NOH,32.0,69,107.2,106.6,106.6,108.9,108.3,108.3,-1.7,-1.7,-1.7,0.091,1.45,16.7,0.01,0.107,0.058,11.5,11.4,0.541,0.57,0.137,0.143,90.5,91.04,75.86,91.04,0.064,2330,1.9,4.4,63,83,83,429,420,420,232,234,234,261,201,183,418,266,301,271,261,73,82,392,390,444,427,427,336,296,300
200758,Ronnie Brewer,1610612760,OKC,28.0,60,106.1,104.4,104.4,103.0,104.1,104.1,3.1,0.2,0.2,0.087,2.78,17.6,0.048,0.121,0.083,6.3,6.4,0.412,0.416,0.124,0.127,93.42,93.68,78.07,93.68,0.065,1662,1.2,3.3,92,140,140,231,277,277,117,171,171,269,24,166,188,219,207,25,25,395,421,423,422,306,277,277,332,373,356
101179,Ronnie Price,1610612757,POR,30.0,39,97.3,96.7,96.7,103.6,102.0,102.0,-6.3,-5.3,-5.3,0.232,2.15,30.7,0.027,0.065,0.046,14.3,14.3,0.367,0.402,0.148,0.152,92.04,93.02,77.51,93.02,0.038,977,1.0,3.1,381,381,381,251,173,173,357,345,345,80,79,29,275,413,369,390,390,426,430,356,358,389,326,326,429,398,367
101142,Ronny Turiaf,1610612746,LAC,30.0,65,97.8,97.0,97.0,94.5,95.1,95.1,3.2,1.9,1.9,0.074,1.21,18.5,0.067,0.143,0.107,15.3,15.4,0.505,0.485,0.097,0.1,94.77,94.88,79.06,94.88,0.06,1386,0.8,1.5,369,376,376,14,23,23,111,139,139,318,257,145,141,158,151,408,407,154,332,454,454,213,206,206,359,422,441
201579,Roy Hibbert,1610612754,IND,26.0,79,104.8,106.1,106.1,95.7,97.3,97.3,9.2,8.7,8.7,0.083,0.7,9.1,0.133,0.151,0.142,13.1,13.1,0.449,0.489,0.223,0.225,92.36,91.03,75.86,91.03,0.101,4308,4.9,10.9,129,101,101,25,39,39,31,32,32,284,361,352,8,136,54,353,354,344,323,102,109,368,428,428,144,87,87
2767,Royal Ivey,1610612755,PHI,31.0,53,96.6,95.4,95.4,101.0,100.4,100.4,-4.4,-5.0,-5.0,0.073,1.6,15.8,0.023,0.061,0.041,9.9,9.9,0.559,0.563,0.109,0.114,93.17,94.01,78.35,94.01,0.042,1357,1.2,2.7,402,407,407,137,118,118,317,340,340,323,170,196,308,423,399,154,156,46,95,443,441,317,260,260,419,372,384
200752,Rudy Gay,1610612761,TOR,26.0,75,102.1,104.1,104.1,99.0,99.9,99.9,3.1,4.2,4.2,0.134,1.02,11.4,0.038,0.142,0.089,11.2,11.1,0.449,0.494,0.264,0.269,92.56,91.2,76.0,91.2,0.113,5107,6.9,16.7,215,148,148,74,95,95,115,90,90,178,300,288,220,164,194,248,243,341,309,24,26,360,421,421,93,21,11
201566,Russell Westbrook,1610612760,OKC,24.0,82,111.8,112.5,112.5,99.6,101.2,101.2,12.2,11.2,11.2,0.372,2.22,22.7,0.043,0.104,0.076,10.2,10.2,0.47,0.532,0.322,0.324,96.51,95.42,79.52,95.42,0.155,5684,8.2,18.7,13,12,12,87,148,148,12,14,14,10,73,93,201,275,233,185,184,292,191,3,3,91,174,174,9,7,3
201583,Ryan Anderson,1610612740,NOH,25.0,81,103.5,104.7,104.7,110.1,110.0,110.0,-6.6,-5.4,-5.4,0.071,1.0,7.0,0.077,0.144,0.109,7.0,7.0,0.519,0.548,0.237,0.241,90.37,89.86,74.89,89.86,0.11,4683,5.8,13.8,157,132,132,444,444,444,363,348,348,333,306,405,102,155,141,37,36,116,136,66,70,446,458,458,106,54,41
200797,Ryan Hollins,1610612746,LAC,28.0,60,102.6,101.2,101.2,97.4,96.9,96.9,5.2,4.4,4.4,0.027,0.25,5.3,0.081,0.128,0.106,21.3,21.2,0.614,0.674,0.133,0.138,92.2,93.07,77.56,93.07,0.058,1287,1.2,1.9,190,250,250,44,36,36,74,85,85,451,447,442,94,199,154,448,449,12,4,403,400,382,320,320,373,373,422
201970,Sam Young,1610612754,IND,28.0,56,94.2,93.5,93.5,98.2,99.2,99.2,-4.0,-5.7,-5.7,0.107,1.27,17.4,0.037,0.127,0.084,13.6,13.6,0.446,0.464,0.129,0.133,93.57,93.45,77.87,93.45,0.064,1344,1.0,2.6,434,423,423,58,81,81,303,355,355,222,244,169,222,201,204,375,377,358,377,413,410,298,296,296,337,394,387
202396,Samardo Samuels,1610612739,CLE,24.0,18,95.3,96.7,96.7,104.8,102.5,102.5,-9.5,-5.8,-5.8,0.069,1.33,9.3,0.046,0.107,0.073,7.0,7.1,0.367,0.411,0.172,0.172,96.74,97.08,80.9,97.08,0.016,394,1.2,3.3,422,382,382,312,200,200,409,359,359,338,230,347,194,265,245,36,40,426,425,276,291,74,84,84,445,370,355
2223,Samuel Dalembert,1610612749,MIL,33.0,47,99.1,99.7,99.7,106.8,107.1,107.1,-7.8,-7.3,-7.3,0.044,0.41,6.0,0.123,0.238,0.175,14.6,14.6,0.543,0.565,0.18,0.183,98.02,97.58,81.31,97.58,0.117,1557,2.9,5.4,335,308,308,370,385,385,386,386,386,415,428,428,16,14,9,398,397,72,90,244,248,39,66,66,78,206,248
2562,Sasha Pavlovic,1610612757,POR,29.0,39,101.9,102.1,102.1,105.4,104.4,104.4,-3.6,-2.3,-2.3,0.093,2.29,19.4,0.013,0.1,0.054,8.5,8.4,0.429,0.423,0.113,0.118,93.42,93.72,78.1,93.72,0.034,1026,1.1,3.1,226,218,218,333,295,295,290,255,255,258,66,139,390,283,317,72,67,383,416,435,432,305,275,275,431,385,369
203159,Scott Machado,1610612744,GSW,23.0,6,73.1,70.8,70.8,94.6,91.7,91.7,-21.5,-20.8,-20.8,0.6,0.75,28.6,0.0,0.05,0.0,38.1,38.3,0.5,0.581,0.288,0.3,105.08,108.42,90.35,108.42,0.092,48,0.5,1.0,462,461,461,15,14,14,454,452,452,1,352,43,444,441,445,466,466,173,62,8,5,6,5,5,201,440,453
2742,Sebastian Telfair,1610612761,TOR,28.0,59,97.8,98.1,98.1,99.5,99.2,99.2,-1.7,-1.2,-1.2,0.252,2.39,27.5,0.013,0.073,0.042,11.5,11.5,0.448,0.488,0.183,0.188,94.06,94.03,78.36,94.03,0.077,1915,1.9,5.2,370,351,351,85,83,83,234,219,219,63,57,51,389,384,392,270,269,347,325,228,232,255,258,258,274,297,260
201586,Serge Ibaka,1610612760,OKC,23.0,80,110.3,110.8,110.8,99.0,100.2,100.2,11.2,10.6,10.6,0.028,0.34,4.2,0.1,0.147,0.126,12.1,12.1,0.586,0.612,0.178,0.18,95.97,95.21,79.34,95.21,0.116,4916,5.6,9.7,23,22,22,78,107,107,20,17,17,446,437,450,51,143,91,305,305,27,25,251,260,138,191,191,82,60,114
2203,Shane Battier,1610612748,MIA,34.0,72,111.7,111.3,111.3,99.8,101.5,101.5,11.9,9.8,9.8,0.058,2.12,14.8,0.024,0.071,0.049,7.0,7.0,0.608,0.623,0.109,0.111,92.78,92.14,76.79,92.14,0.059,3431,2.1,5.0,15,19,19,94,157,157,15,25,25,377,84,219,295,391,350,38,37,15,19,444,443,345,374,374,368,277,272
200769,Shannon Brown,1610612756,PHX,27.0,59,99.2,100.4,100.4,107.3,107.5,107.5,-8.1,-7.1,-7.1,0.127,1.46,13.6,0.031,0.078,0.054,9.3,9.2,0.454,0.493,0.217,0.225,94.77,94.17,78.47,94.17,0.083,2750,4.1,9.7,328,293,293,386,395,395,395,380,380,190,197,246,247,361,320,110,105,329,314,117,111,214,250,250,246,134,115
2733,Shaun Livingston,1610612739,CLE,27.0,66,100.9,101.2,101.2,105.0,105.4,105.4,-4.0,-4.1,-4.1,0.229,2.83,31.6,0.021,0.091,0.055,11.2,11.2,0.48,0.536,0.142,0.145,94.43,94.1,78.42,94.1,0.089,2851,2.5,5.2,262,251,251,318,327,327,304,315,315,81,18,24,319,308,310,247,247,260,170,378,379,240,253,253,218,238,258
101183,Shavlik Randolph,1610612738,BOS,29.0,16,110.1,110.1,110.1,108.5,107.4,107.4,1.6,2.7,2.7,0.028,0.4,5.5,0.151,0.22,0.186,13.7,13.5,0.583,0.559,0.158,0.164,93.58,94.03,78.36,94.03,0.078,386,1.8,3.0,27,31,31,418,394,394,156,116,116,445,429,440,4,26,5,377,373,30,106,326,323,296,259,259,264,313,371
1890,Shawn Marion,1610612742,DAL,35.0,67,101.2,101.1,101.1,104.3,104.7,104.7,-3.1,-3.6,-3.6,0.129,1.58,16.3,0.075,0.185,0.132,10.3,10.3,0.531,0.553,0.185,0.189,96.73,96.63,80.53,96.63,0.128,4040,5.3,10.3,249,259,259,285,306,306,274,296,296,187,177,190,113,75,84,193,188,90,123,217,223,76,99,99,49,72,100
202714,Shelvin Mack,1610612737,ATL,23.0,31,100.8,98.1,98.1,104.2,102.7,102.7,-3.4,-4.6,-4.6,0.265,2.0,28.8,0.008,0.088,0.05,14.4,14.5,0.532,0.537,0.183,0.189,94.01,96.0,80.0,96.0,0.081,835,1.9,4.1,266,350,350,277,209,209,284,325,325,53,98,39,433,323,345,392,392,87,169,225,221,261,133,133,250,299,311
200780,Solomon Jones,1610612752,NYK,28.0,2,100.3,102.0,102.0,97.6,98.0,98.0,2.7,4.0,4.0,0.0,0.0,0.0,0.0,0.0,0.0,75.0,75.0,0.0,0.0,0.073,0.073,92.17,91.21,76.01,91.21,-0.051,49,0.0,0.5,285,220,220,50,53,53,127,93,93,458,450,458,444,449,445,469,469,462,463,464,464,384,419,419,463,462,464
201150,Spencer Hawes,1610612755,PHI,25.0,82,99.1,99.9,99.9,102.8,103.6,103.6,-3.7,-3.8,-3.8,0.134,1.4,15.3,0.075,0.187,0.13,10.9,11.0,0.483,0.514,0.204,0.207,93.73,92.97,77.47,92.97,0.109,4337,4.6,9.9,333,306,306,215,256,256,293,300,300,180,214,209,114,65,86,230,230,245,258,160,169,288,328,328,114,107,109
201939,Stephen Curry,1610612744,GSW,25.0,78,106.2,107.0,107.0,103.9,104.7,104.7,2.4,2.3,2.3,0.298,2.25,23.6,0.02,0.083,0.052,10.5,10.5,0.549,0.589,0.257,0.261,97.31,96.55,80.46,96.55,0.138,5996,8.0,17.8,90,68,68,263,305,305,132,129,129,36,71,80,327,343,331,200,199,63,53,36,38,51,103,103,32,9,7
1536,Stephen Jackson,1610612759,SAS,35.0,55,104.8,104.4,104.4,100.4,99.8,99.8,4.4,4.7,4.7,0.11,1.04,15.4,0.022,0.122,0.075,14.9,14.9,0.442,0.473,0.183,0.188,96.26,96.71,80.59,96.71,0.056,2164,2.2,6.0,131,139,139,115,93,93,91,82,82,217,295,204,311,212,236,400,400,363,365,224,234,118,94,94,379,262,230
2581,Steve Blake,1610612747,LAL,33.0,45,104.6,104.6,104.6,102.5,103.1,103.1,2.1,1.5,1.5,0.227,2.79,33.2,0.018,0.09,0.055,11.9,11.9,0.556,0.573,0.13,0.133,96.32,96.06,80.05,96.06,0.086,2348,2.5,6.0,136,134,134,203,232,232,140,146,146,83,23,16,344,312,315,291,291,53,74,410,412,109,131,131,231,237,230
959,Steve Nash,1610612747,LAL,39.0,50,106.2,106.9,106.9,104.9,106.5,106.5,1.3,0.4,0.4,0.31,2.64,34.2,0.016,0.07,0.043,12.9,12.8,0.557,0.605,0.171,0.177,98.0,96.91,80.76,96.91,0.113,3295,4.7,9.5,88,73,73,313,371,371,158,167,167,29,39,14,358,397,388,347,342,50,33,278,274,40,92,92,98,98,118
200779,Steve Novak,1610612752,NYK,30.0,81,109.6,108.9,108.9,103.1,102.7,102.7,6.5,6.2,6.2,0.032,2.92,7.2,0.011,0.089,0.049,2.5,2.4,0.587,0.602,0.126,0.13,92.07,92.6,77.16,92.6,0.07,3188,2.2,5.3,30,42,42,234,210,210,58,61,61,439,15,398,410,318,356,13,13,26,35,419,418,387,350,350,305,266,256
201959,Taj Gibson,1610612741,CHI,28.0,65,102.4,103.3,103.3,97.6,98.1,98.1,4.8,5.3,5.3,0.071,0.8,9.6,0.086,0.152,0.119,11.9,12.0,0.485,0.518,0.177,0.182,91.33,90.7,75.58,90.7,0.098,2741,3.3,6.8,200,178,178,49,56,56,82,76,76,332,346,335,83,134,107,295,296,235,239,257,253,427,442,442,160,182,199
2419,Tayshaun Prince,1610612763,MEM,33.0,82,102.8,103.8,103.8,100.5,101.5,101.5,2.3,2.3,2.3,0.122,2.2,16.8,0.029,0.113,0.071,7.6,7.7,0.461,0.486,0.17,0.172,90.79,89.97,74.97,89.97,0.093,4931,4.4,10.0,182,164,164,120,155,155,135,130,130,196,75,181,260,247,252,51,51,309,328,287,294,441,455,455,190,117,107
202227,Terrel Harris,1610612740,NOH,25.0,20,94.9,89.2,89.2,93.9,89.3,89.3,0.9,0.0,0.0,0.107,0.53,15.5,0.032,0.169,0.102,29.3,29.6,0.148,0.239,0.164,0.173,86.2,91.17,75.97,91.17,-0.024,260,0.2,1.4,424,441,441,12,6,6,166,181,181,222,404,201,244,104,161,462,462,459,459,310,285,467,423,423,459,458,444
203093,Terrence Jones,1610612745,HOU,21.0,19,103.5,103.5,103.5,106.1,106.1,106.1,-2.6,-2.6,-2.6,0.09,1.15,11.5,0.092,0.133,0.112,10.0,10.0,0.484,0.512,0.173,0.179,98.63,98.63,82.19,98.63,0.102,572,2.3,4.9,158,169,169,354,357,357,260,263,263,265,266,285,67,187,131,168,168,240,262,275,269,28,46,46,143,256,276
203082,Terrence Ross,1610612761,TOR,22.0,73,102.8,103.3,103.3,106.1,106.2,106.2,-3.4,-2.8,-2.8,0.073,1.1,9.2,0.028,0.093,0.06,8.3,8.3,0.478,0.491,0.191,0.195,93.03,92.76,77.3,92.76,0.06,2395,2.5,6.3,185,177,177,357,360,360,282,269,269,322,278,351,266,303,295,65,65,265,318,198,205,330,337,337,360,233,221
201944,Terrence Williams,1610612738,BOS,26.0,24,102.8,101.7,101.7,102.2,102.5,102.5,0.7,-0.8,-0.8,0.19,1.73,23.0,0.013,0.122,0.07,13.3,13.2,0.521,0.518,0.182,0.188,95.43,95.77,79.81,95.77,0.101,631,2.0,4.0,183,232,232,188,198,198,173,205,205,111,143,90,385,213,256,363,358,110,240,234,231,171,156,156,145,283,312
200757,Thabo Sefolosha,1610612760,OKC,29.0,81,110.1,110.3,110.3,97.5,98.0,98.0,12.5,12.2,12.2,0.08,1.95,18.2,0.029,0.108,0.072,9.3,9.3,0.597,0.617,0.112,0.114,96.3,96.0,80.0,96.0,0.083,4436,2.8,5.8,25,27,27,47,55,55,10,10,10,294,104,155,253,262,250,113,115,20,23,439,440,113,134,134,242,215,240
201152,Thaddeus Young,1610612755,PHI,25.0,76,101.8,102.9,102.9,101.9,103.1,103.1,-0.2,-0.2,-0.2,0.078,1.39,9.9,0.07,0.151,0.11,7.2,7.2,0.532,0.541,0.197,0.199,93.88,92.85,77.37,92.85,0.115,5072,6.7,12.6,227,192,192,171,230,230,194,184,184,304,215,326,130,138,139,41,41,86,155,179,193,277,331,331,84,25,52
203080,Thomas Robinson,1610612745,HOU,22.0,70,100.3,100.9,100.9,107.3,107.6,107.6,-7.1,-6.7,-6.7,0.073,0.52,9.1,0.111,0.188,0.148,17.4,17.5,0.43,0.451,0.187,0.19,94.94,94.55,78.79,94.55,0.069,2076,2.0,4.6,286,270,270,385,396,396,377,372,372,320,408,353,32,63,45,431,431,381,394,210,219,193,231,231,315,291,293
201168,Tiago Splitter,1610612759,SAS,28.0,81,106.4,105.9,105.9,96.1,96.2,96.2,10.3,9.6,9.6,0.099,1.3,14.1,0.081,0.178,0.133,10.8,10.9,0.56,0.609,0.179,0.183,96.51,96.66,80.55,96.66,0.127,4017,3.9,7.0,81,107,107,29,31,31,25,28,28,239,239,236,97,85,78,221,227,45,26,247,250,94,97,97,50,144,193
1495,Tim Duncan,1610612759,SAS,37.0,69,107.6,108.1,108.1,97.1,97.8,97.8,10.5,10.3,10.3,0.151,1.25,12.8,0.067,0.258,0.17,10.2,10.2,0.503,0.554,0.276,0.279,95.43,94.87,79.06,94.87,0.178,4124,7.1,14.1,53,52,52,38,47,47,24,19,19,149,248,263,140,7,13,181,182,163,121,17,20,172,208,208,4,20,34
203317,Tim Ohlbrecht,1610612745,HOU,24.0,3,66.8,69.6,69.6,100.2,100.0,100.0,-33.4,-30.4,-30.4,0.25,0.25,12.5,0.0,0.0,0.0,50.0,47.4,0.333,0.436,0.259,0.287,95.97,94.09,78.41,94.09,-0.05,23,0.3,1.0,463,463,463,111,96,96,458,458,458,64,447,268,444,449,445,467,467,440,404,31,15,139,256,256,462,453,453
202389,Timofey Mozgov,1610612743,DEN,26.0,41,98.6,96.1,96.1,105.8,105.7,105.7,-7.2,-9.6,-9.6,0.039,0.36,6.8,0.131,0.141,0.136,18.9,18.9,0.506,0.549,0.141,0.146,97.16,98.44,82.03,98.44,0.069,751,1.1,2.1,345,397,397,345,347,347,378,413,413,429,435,410,10,167,72,440,440,153,135,382,373,58,48,48,318,387,412
202699,Tobias Harris,1610612753,ORL,20.0,55,98.3,100.0,100.0,106.1,106.6,106.6,-7.8,-6.6,-6.6,0.087,1.05,9.7,0.053,0.17,0.109,9.3,9.3,0.488,0.527,0.216,0.218,95.94,94.9,79.09,94.9,0.104,2568,4.2,9.3,354,305,305,356,373,373,385,371,371,272,290,332,176,103,146,112,113,227,219,124,130,142,202,202,133,123,123
201962,Toney Douglas,1610612758,SAC,27.0,71,108.6,108.9,108.9,105.4,104.9,104.9,3.1,4.0,4.0,0.176,1.86,20.6,0.026,0.081,0.053,11.1,11.0,0.491,0.531,0.191,0.197,99.16,99.26,82.72,99.26,0.077,2663,2.6,6.6,40,41,41,334,313,313,113,96,96,125,123,118,278,351,325,236,235,210,200,197,199,19,36,36,269,224,209
2754,Tony Allen,1610612763,MEM,31.0,79,101.2,102.0,102.0,94.3,95.4,95.4,6.9,6.7,6.7,0.076,1.04,10.7,0.059,0.122,0.09,10.3,10.3,0.447,0.489,0.177,0.179,90.66,89.75,74.79,89.75,0.085,3920,3.6,8.1,253,220,220,13,24,24,54,55,55,310,292,302,164,217,190,189,189,352,322,261,263,443,460,460,239,165,161
2225,Tony Parker,1610612759,SAS,31.0,66,108.3,108.8,108.8,97.6,98.6,98.6,10.7,10.2,10.2,0.396,2.94,27.6,0.009,0.081,0.048,9.4,9.4,0.534,0.588,0.276,0.28,95.77,95.06,79.21,95.06,0.161,4309,7.9,15.1,45,43,43,51,72,72,23,20,20,8,14,50,424,352,358,116,116,83,55,18,19,148,198,198,6,10,21
203100,Tony Wroten,1610612763,MEM,20.0,35,94.6,92.9,92.9,106.2,101.8,101.8,-11.6,-8.9,-8.9,0.262,1.48,25.1,0.046,0.056,0.051,17.0,17.0,0.407,0.461,0.204,0.213,92.8,95.58,79.65,95.58,0.049,537,0.9,2.5,428,427,427,358,165,165,423,409,409,56,195,67,192,434,336,428,428,400,384,159,149,344,166,166,405,407,396
203129,Tornike Shengelia,1610612751,BKN,21.0,19,97.9,96.4,96.4,95.2,92.6,92.6,2.7,3.8,3.8,0.05,0.27,6.8,0.09,0.165,0.124,25.0,25.0,0.457,0.499,0.179,0.188,96.54,98.65,82.21,98.65,0.053,192,0.5,1.2,366,390,390,22,16,16,126,102,102,404,443,410,73,114,97,456,456,326,298,248,226,87,45,45,388,438,448
2566,Travis Outlaw,1610612758,SAC,28.0,38,102.3,104.3,104.3,108.9,107.4,107.4,-6.6,-3.1,-3.1,0.079,1.11,8.7,0.036,0.095,0.065,7.9,7.9,0.458,0.5,0.216,0.217,96.27,95.99,79.99,95.99,0.078,884,1.9,4.7,202,143,143,428,392,392,365,282,282,299,277,362,223,298,274,55,59,322,295,127,133,117,135,135,268,294,287
2772,Trevor Ariza,1610612764,WAS,28.0,56,98.3,98.4,98.4,98.7,99.2,99.2,-0.4,-0.8,-0.8,0.132,1.35,16.5,0.029,0.147,0.088,12.3,12.2,0.501,0.538,0.174,0.178,93.88,93.59,77.99,93.59,0.118,2856,3.4,8.1,355,341,341,72,82,82,198,208,208,183,226,187,252,146,198,313,310,171,166,269,270,276,284,284,72,177,162
202344,Trevor Booker,1610612764,WAS,25.0,48,95.3,95.4,95.4,104.7,104.1,104.1,-9.3,-8.7,-8.7,0.079,1.29,12.3,0.105,0.163,0.133,9.5,9.6,0.491,0.509,0.143,0.145,93.45,93.66,78.05,93.66,0.091,1730,2.3,4.6,420,406,406,305,275,275,408,403,403,303,240,271,43,115,80,126,134,215,277,376,381,304,279,279,204,258,294
202684,Tristan Thompson,1610612739,CLE,22.0,82,101.3,103.0,103.0,107.0,107.6,107.6,-5.7,-4.6,-4.6,0.069,0.88,9.3,0.114,0.196,0.153,10.6,10.6,0.488,0.516,0.181,0.183,94.67,93.61,78.01,93.61,0.102,4999,4.8,9.7,243,188,188,375,399,399,343,326,326,339,334,346,26,51,34,206,207,228,246,237,246,221,283,283,142,95,112
2211,Troy Murphy,1610612742,DAL,33.0,14,97.9,98.0,98.0,103.4,101.6,101.6,-5.5,-3.6,-3.6,0.045,1.0,8.8,0.027,0.158,0.094,8.8,8.8,0.451,0.494,0.131,0.132,93.52,94.32,78.6,94.32,0.071,502,1.6,4.4,364,353,353,245,159,159,337,295,295,411,306,361,271,120,176,86,86,339,310,407,414,302,244,244,301,330,303
201951,Ty Lawson,1610612743,DEN,25.0,73,108.5,110.2,110.2,104.1,104.9,104.9,4.4,5.3,5.3,0.295,2.75,27.9,0.014,0.063,0.039,10.1,10.2,0.505,0.549,0.219,0.22,98.28,97.1,80.92,97.1,0.118,5091,6.1,13.3,43,29,29,272,315,315,90,75,75,38,30,49,376,419,416,179,178,155,134,113,124,35,83,83,71,47,47
201946,Tyler Hansbrough,1610612754,IND,27.0,81,96.6,96.9,96.9,97.2,97.6,97.6,-0.6,-0.8,-0.8,0.05,0.46,5.5,0.11,0.15,0.13,11.9,11.9,0.432,0.527,0.198,0.203,91.98,91.66,76.38,91.66,0.109,2613,2.2,5.0,403,377,377,40,42,42,205,204,204,401,419,439,35,141,88,290,294,379,217,174,177,399,398,398,113,269,274
202715,Tyler Honeycutt,1610612758,SAC,22.0,9,89.2,84.8,84.8,106.9,98.5,98.5,-17.8,-13.7,-13.7,0.111,0.4,10.5,0.075,0.0,0.0,26.3,26.5,0.273,0.337,0.205,0.217,94.86,101.32,84.44,101.32,0.042,66,0.3,1.2,449,453,453,373,71,71,449,440,440,213,429,306,116,449,445,461,461,452,449,158,136,203,18,18,422,453,447
203092,Tyler Zeller,1610612739,CLE,23.0,77,99.0,101.2,101.2,106.9,107.2,107.2,-8.0,-6.0,-6.0,0.075,1.01,11.7,0.074,0.145,0.108,11.6,11.6,0.438,0.486,0.157,0.159,94.75,93.62,78.02,93.62,0.064,3955,3.2,7.3,338,255,255,374,388,388,391,363,363,316,304,282,121,151,148,276,279,368,329,329,339,216,281,281,339,194,184
201936,Tyreke Evans,1610612758,SAC,23.0,65,102.6,104.5,104.5,108.3,109.6,109.6,-5.7,-5.1,-5.1,0.19,1.79,18.3,0.028,0.121,0.073,10.2,10.3,0.508,0.558,0.223,0.224,96.75,95.37,79.47,95.37,0.118,4000,5.6,11.8,191,137,137,413,440,440,342,341,341,114,138,150,269,223,243,186,190,148,110,100,114,73,179,179,76,55,66
200748,Tyrus Thomas,1610612766,CHA,26.0,26,95.6,95.2,95.2,107.5,106.3,106.3,-11.9,-11.1,-11.1,0.094,1.12,10.3,0.043,0.122,0.082,9.2,9.2,0.364,0.418,0.206,0.213,94.01,94.75,78.96,94.75,0.05,705,1.8,5.2,415,410,410,393,365,365,427,420,420,253,274,318,207,214,214,104,104,430,419,149,152,259,218,218,399,301,261
203116,Tyshawn Taylor,1610612751,BKN,23.0,38,98.6,94.4,94.4,110.7,108.9,108.9,-12.1,-14.6,-14.6,0.181,0.84,14.4,0.01,0.078,0.043,17.1,17.3,0.402,0.43,0.249,0.262,94.38,97.2,81.0,97.2,0.028,446,0.8,2.3,346,419,419,447,430,430,428,442,442,119,339,229,419,363,386,429,429,405,411,48,36,244,80,80,441,415,400
2199,Tyson Chandler,1610612752,NYK,30.0,66,110.2,111.2,111.2,103.7,105.1,105.1,6.5,6.1,6.1,0.044,0.71,9.3,0.126,0.217,0.17,13.1,13.1,0.638,0.671,0.126,0.128,92.45,91.44,76.2,91.44,0.121,4121,3.9,6.1,24,20,20,258,322,322,60,63,63,416,356,343,13,30,14,352,353,8,5,418,421,364,410,410,65,145,228
2617,Udonis Haslem,1610612748,MIA,33.0,75,110.4,110.7,110.7,98.5,100.2,100.2,11.9,10.5,10.5,0.037,0.84,10.8,0.082,0.229,0.16,12.7,12.7,0.514,0.535,0.105,0.107,93.54,92.63,77.19,92.63,0.074,2722,1.7,3.3,21,23,23,68,108,108,17,18,18,432,338,300,91,21,25,337,335,134,171,447,449,301,346,346,291,316,353
203139,Viacheslav Kravtsov,1610612765,DET,25.0,25,101.0,100.7,100.7,107.2,105.1,105.1,-6.2,-4.4,-4.4,0.062,0.64,10.5,0.108,0.099,0.103,16.3,16.4,0.717,0.618,0.15,0.153,96.28,97.41,81.18,97.41,0.057,453,1.3,1.8,260,277,277,381,320,320,353,321,321,366,379,311,38,285,159,422,422,3,22,351,355,116,71,71,375,361,424
201964,Victor Claver,1610612757,POR,24.0,49,100.2,100.5,100.5,109.2,106.9,106.9,-9.0,-6.4,-6.4,0.079,1.0,14.9,0.039,0.119,0.078,14.9,14.9,0.458,0.462,0.137,0.139,93.08,93.92,78.26,93.92,0.04,1586,1.5,3.9,291,284,284,433,382,382,405,367,367,300,306,217,217,226,229,402,401,321,379,393,396,324,265,265,423,337,324
1713,Vince Carter,1610612742,DAL,36.0,81,107.0,106.6,106.6,102.2,101.3,101.3,4.8,5.4,5.4,0.148,1.83,15.5,0.029,0.127,0.079,8.5,8.5,0.53,0.571,0.223,0.228,96.7,97.33,81.11,97.33,0.113,4250,4.6,10.6,68,80,80,191,151,151,83,73,73,155,129,203,261,203,221,70,72,91,80,105,104,78,73,73,97,105,97
2209,Vladimir Radmanovic,1610612741,CHI,32.0,25,91.5,89.2,89.2,103.2,101.1,101.1,-11.7,-11.9,-11.9,0.099,1.14,13.6,0.064,0.135,0.097,11.9,11.8,0.36,0.372,0.158,0.167,91.61,93.76,78.13,93.76,0.017,278,0.5,1.7,444,442,442,238,138,138,424,427,427,241,268,247,148,180,172,289,287,432,439,321,313,412,274,274,444,439,428
201961,Wayne Ellington,1610612739,CLE,25.0,78,101.4,102.6,102.6,101.7,102.5,102.5,-0.3,0.1,0.1,0.1,1.82,14.4,0.015,0.086,0.05,7.9,7.9,0.516,0.546,0.165,0.168,93.85,92.93,77.44,92.93,0.088,3222,2.9,6.8,238,202,202,162,201,201,197,176,176,236,131,228,374,332,344,56,55,125,142,307,306,279,329,329,222,209,200
202325,Wesley Johnson,1610612756,PHX,25.0,50,94.7,95.2,95.2,106.4,106.7,106.7,-11.8,-11.6,-11.6,0.061,0.71,6.9,0.021,0.107,0.063,9.8,9.7,0.47,0.485,0.206,0.21,99.21,98.81,82.34,98.81,0.069,1959,3.2,7.9,426,411,411,362,377,377,425,425,425,370,357,406,320,263,283,150,149,295,333,151,160,17,41,41,316,191,166
202083,Wesley Matthews,1610612757,POR,26.0,69,105.6,106.7,106.7,107.8,108.8,108.8,-2.2,-2.1,-2.1,0.115,1.6,14.9,0.015,0.068,0.041,9.3,9.3,0.54,0.574,0.188,0.191,93.79,92.83,77.36,92.83,0.079,4652,5.1,11.7,108,76,76,400,429,429,247,245,245,208,172,218,368,402,400,111,112,77,68,208,217,284,333,333,261,78,69
203115,Will Barton,1610612757,POR,22.0,73,94.1,93.6,93.6,107.4,105.7,105.7,-13.4,-12.1,-12.1,0.113,0.97,12.7,0.039,0.132,0.083,13.2,13.2,0.396,0.437,0.198,0.203,93.89,94.87,79.06,94.87,0.065,1771,1.6,4.2,436,421,421,390,349,349,436,429,429,211,319,265,215,189,206,356,355,409,403,175,176,272,207,207,327,327,306
101198,Will Bynum,1610612765,DET,30.0,65,102.1,101.2,101.2,108.7,109.2,109.2,-6.6,-8.1,-8.1,0.341,1.85,24.3,0.023,0.06,0.041,13.1,13.1,0.491,0.532,0.258,0.267,94.87,95.06,79.22,95.06,0.107,2427,3.9,8.3,216,256,256,421,434,434,364,392,392,18,126,75,304,427,402,355,352,217,192,33,28,202,196,196,124,143,153
101215,Will Conroy,1610612750,MIN,30.0,4,42.2,42.5,42.5,142.4,139.0,139.0,-100.2,-96.5,-96.5,0.0,0.0,0.0,0.033,0.0,0.0,0.0,0.0,0.0,0.051,0.208,0.213,94.32,95.12,79.27,95.12,-0.188,40,0.0,2.3,467,467,467,469,469,469,469,469,469,458,450,458,233,449,445,1,1,462,462,144,146,247,194,194,467,462,402
2584,Willie Green,1610612746,LAC,31.0,72,107.4,107.7,107.7,103.0,104.1,104.1,4.4,3.6,3.6,0.07,1.77,11.3,0.015,0.074,0.044,6.4,6.4,0.553,0.562,0.166,0.169,91.76,91.17,75.97,91.17,0.067,2260,2.5,5.4,56,58,58,229,273,273,89,103,103,337,140,290,364,379,377,26,26,55,96,302,303,407,424,424,324,240,251
201163,Wilson Chandler,1610612743,DEN,26.0,43,109.4,109.4,109.4,100.1,100.9,100.9,9.3,8.5,8.5,0.082,0.97,9.3,0.043,0.151,0.099,9.6,9.6,0.519,0.556,0.224,0.229,99.1,98.66,82.22,98.66,0.106,2213,4.9,10.6,31,34,34,104,135,135,30,34,34,286,319,345,204,139,166,138,140,117,116,98,97,21,44,44,127,86,95
202333,Xavier Henry,1610612740,NOH,22.0,50,94.4,95.1,95.1,108.3,106.7,106.7,-13.9,-11.6,-11.6,0.036,0.42,5.3,0.033,0.129,0.078,12.6,12.6,0.422,0.481,0.169,0.173,91.24,91.56,76.3,91.56,0.039,1190,1.3,3.2,433,412,412,411,376,376,439,424,424,433,427,443,232,195,230,326,333,389,343,290,288,430,406,406,425,361,363
2216,Zach Randolph,1610612763,MEM,31.0,76,102.2,104.1,104.1,97.6,98.3,98.3,4.6,5.7,5.7,0.073,0.72,7.6,0.12,0.226,0.171,10.6,10.6,0.461,0.506,0.227,0.23,90.31,89.19,74.32,89.19,0.139,4852,6.2,13.5,207,150,150,52,67,67,85,67,67,324,355,384,19,23,12,207,205,310,284,89,94,448,463,463,30,42,43
2585,Zaza Pachulia,1610612737,ATL,29.0,52,102.4,101.4,101.4,101.6,102.6,102.6,0.8,-1.2,-1.2,0.107,1.13,18.1,0.122,0.186,0.154,16.0,16.1,0.473,0.534,0.142,0.145,93.17,93.2,77.67,93.2,0.092,2203,2.2,4.6,198,243,243,156,205,205,171,220,220,227,271,157,17,69,31,421,421,284,178,379,378,318,311,311,195,267,290
