PLAYER_ID,PLAYER_NAME,TEAM_ID,TEAM_ABBREVIATION,AGE,GP,E_OFF_RATING,OFF_RATING,sp_work_OFF_RATING,E_DEF_RATING,DEF_RATING,sp_work_DEF_RATING,E_NET_RATING,NET_RATING,sp_work_NET_RATING,AST_PCT,AST_TO,AST_RATIO,OREB_PCT,DREB_PCT,REB_PCT,TM_TOV_PCT,E_TOV_PCT,EFG_PCT,TS_PCT,USG_PCT,E_USG_PCT,E_PACE,PACE,PACE_PER40,sp_work_PACE,PIE,POSS,FGM_PG,FGA_PG,E_OFF_RATING_RANK,OFF_RATING_RANK,sp_work_OFF_RATING_RANK,E_DEF_RATING_RANK,DEF_RATING_RANK,sp_work_DEF_RATING_RANK,E_NET_RATING_RANK,NET_RATING_RANK,sp_work_NET_RATING_RANK,AST_PCT_RANK,AST_TO_RANK,AST_RATIO_RANK,OREB_PCT_RANK,DREB_PCT_RANK,REB_PCT_RANK,TM_TOV_PCT_RANK,E_TOV_PCT_RANK,EFG_PCT_RANK,TS_PCT_RANK,USG_PCT_RANK,E_USG_PCT_RANK,E_PACE_RANK,PACE_RANK,sp_work_PACE_RANK,PIE_RANK,FGM_PG_RANK,FGA_PG_RANK
201166,Aaron Brooks,1610612741,CHI,31.0,69,102.1,102.3,102.3,103.5,102.3,102.3,-1.4,0.0,0.0,0.265,2.2,23.7,0.018,0.068,0.043,10.8,10.8,0.471,0.494,0.225,0.231,97.23,97.72,81.43,97.72,0.073,2249,2.7,6.8,272,269,269,220,156,156,241,198,198,52,79,76,338,439,427,257,256,317,356,93,90,290,259,259,327,232,205
203932,Aaron Gordon,1610612753,ORL,20.0,78,102.9,103.2,103.2,104.2,104.6,104.6,-1.3,-1.4,-1.4,0.103,1.94,14.9,0.08,0.189,0.133,7.7,7.7,0.509,0.541,0.169,0.171,98.85,98.51,82.09,98.51,0.113,3813,3.5,7.4,232,228,228,248,256,256,234,245,245,233,113,211,87,80,75,71,69,187,206,269,286,179,196,196,101,162,180
1626151,Aaron Harrison,1610612766,CHA,21.0,21,100.9,94.7,94.7,98.7,98.1,98.1,2.2,-3.4,-3.4,0.033,0.5,6.5,0.045,0.112,0.08,12.9,13.2,0.342,0.371,0.132,0.138,102.89,106.5,88.75,106.5,0.013,207,0.2,0.9,321,435,435,58,49,49,131,301,301,448,432,431,170,271,222,362,373,459,463,408,398,21,10,10,467,471,466
203940,Adreian Payne,1610612750,MIN,25.0,52,100.7,98.8,98.8,111.5,110.8,110.8,-10.8,-12.0,-12.0,0.093,0.81,13.0,0.044,0.198,0.121,16.1,16.3,0.397,0.422,0.175,0.18,96.48,97.71,81.43,97.71,0.039,988,1.0,2.8,332,371,371,433,434,434,421,430,430,270,379,267,174,67,102,443,442,436,446,242,240,342,261,261,444,409,391
201143,Al Horford,1610612737,ATL,30.0,82,103.1,102.9,102.9,98.2,98.7,98.7,4.9,4.2,4.2,0.165,2.46,17.8,0.056,0.158,0.109,7.3,7.3,0.547,0.565,0.202,0.206,99.76,99.66,83.05,99.66,0.137,5464,6.5,12.8,220,243,243,52,55,55,76,86,86,126,48,153,143,138,131,58,59,88,114,152,154,128,135,135,42,43,56
2744,Al Jefferson,1610612766,CHA,31.0,47,103.4,103.2,103.2,99.7,100.7,100.7,3.7,2.5,2.5,0.114,2.06,10.7,0.05,0.216,0.133,5.2,5.2,0.485,0.507,0.24,0.245,97.68,97.27,81.06,97.27,0.124,2217,5.2,10.7,210,227,227,71,100,100,96,121,121,204,98,334,155,39,76,22,23,271,318,59,60,264,282,282,67,77,92
202329,Al-Farouq Aminu,1610612757,POR,25.0,82,107.7,108.2,108.2,106.1,106.7,106.7,1.5,1.6,1.6,0.087,1.15,13.2,0.041,0.168,0.104,11.5,11.5,0.503,0.533,0.166,0.169,99.01,98.51,82.09,98.51,0.088,4796,3.6,8.8,66,52,52,323,338,338,152,151,151,291,293,260,190,125,152,293,288,208,238,297,302,168,195,195,232,152,140
101187,Alan Anderson,1610612764,WAS,33.0,13,103.6,104.5,104.5,98.1,96.3,96.3,5.5,8.2,8.2,0.112,7.0,17.5,0.005,0.131,0.068,2.5,2.5,0.458,0.495,0.151,0.157,100.25,100.78,83.98,100.78,0.067,402,1.6,4.5,199,177,177,48,27,27,67,42,42,211,1,159,452,208,268,15,15,357,355,354,345,97,89,89,364,344,308
1626210,Alan Williams,1610612756,PHX,23.0,10,109.6,107.7,107.7,109.8,108.4,108.4,-0.2,-0.7,-0.7,0.096,0.83,12.2,0.165,0.348,0.247,14.6,14.6,0.417,0.481,0.194,0.201,107.52,109.17,90.98,109.17,0.11,156,1.0,2.4,37,66,66,418,399,399,202,217,217,257,375,286,2,1,1,418,417,422,380,175,169,2,6,6,115,410,409
202692,Alec Burks,1610612762,UTA,24.0,31,100.7,101.8,101.8,102.7,101.4,101.4,-2.0,0.5,0.5,0.14,1.24,12.4,0.019,0.121,0.069,10.0,10.0,0.458,0.52,0.246,0.251,95.52,95.61,79.67,95.61,0.099,1578,4.4,10.8,333,287,287,170,117,117,255,186,186,165,274,281,317,236,267,188,187,356,279,51,51,388,389,389,165,113,90
203458,Alex Len,1610612756,PHX,23.0,78,97.4,98.2,98.2,105.2,105.9,105.9,-7.7,-7.7,-7.7,0.087,0.67,9.9,0.091,0.223,0.156,14.9,14.9,0.424,0.482,0.202,0.204,100.34,99.58,82.99,99.58,0.091,3779,3.4,8.0,414,390,390,287,314,314,391,392,392,290,407,353,62,33,36,420,422,414,376,153,159,93,139,139,211,171,161
1627293,Alex Stepheson,1610612763,MEM,28.0,8,91.4,92.7,92.7,95.2,94.6,94.6,-3.8,-2.0,-2.0,0.053,0.0,5.9,0.176,0.108,0.147,0.0,0.0,0.333,0.341,0.166,0.17,99.8,99.46,82.88,99.46,0.038,150,1.1,3.4,459,446,446,18,18,18,316,261,261,411,457,442,1,283,47,1,1,463,467,296,294,123,149,149,446,399,368
201582,Alexis Ajinca,1610612740,NOP,28.0,59,99.6,98.8,98.8,102.6,101.4,101.4,-3.0,-2.6,-2.6,0.059,0.57,7.3,0.085,0.227,0.154,12.6,12.6,0.476,0.514,0.201,0.206,98.04,99.04,82.54,99.04,0.095,1767,2.5,5.3,366,375,375,163,119,119,290,287,287,390,429,426,76,31,41,352,354,303,297,155,155,237,171,171,184,250,262
203459,Allen Crabbe,1610612757,POR,24.0,81,106.2,106.5,106.5,106.1,105.5,105.5,0.1,1.0,1.0,0.072,1.55,11.2,0.012,0.086,0.049,7.2,7.2,0.541,0.572,0.159,0.163,98.89,99.07,82.56,99.07,0.075,4344,3.8,8.4,95,101,101,322,294,294,192,172,172,353,204,320,409,378,388,57,56,98,101,322,324,176,169,169,313,140,151
202087,Alonzo Gee,1610612740,NOP,29.0,73,100.1,100.3,100.3,104.1,104.7,104.7,-4.0,-4.4,-4.4,0.063,1.31,17.5,0.035,0.111,0.073,13.4,13.4,0.551,0.572,0.091,0.092,99.61,99.25,82.71,99.25,0.053,3351,1.8,3.5,353,335,335,246,262,262,318,330,330,381,258,158,211,275,250,379,379,79,99,469,469,138,158,158,411,334,361
2405,Amar'e Stoudemire,1610612748,MIA,33.0,52,104.2,103.6,103.6,102.5,103.6,103.6,1.7,0.0,0.0,0.054,0.57,8.3,0.092,0.206,0.151,14.5,14.5,0.566,0.599,0.176,0.18,95.48,95.24,79.36,95.24,0.109,1517,2.4,4.3,173,216,216,159,211,211,146,200,200,407,428,397,58,50,43,415,414,53,49,236,239,391,406,406,121,264,325
101161,Amir Johnson,1610612738,BOS,29.0,79,105.9,106.9,106.9,101.3,102.3,102.3,4.6,4.6,4.6,0.11,1.47,19.3,0.092,0.173,0.132,13.1,13.2,0.596,0.602,0.136,0.137,100.18,99.19,82.66,99.19,0.103,3705,3.2,5.4,102,87,87,120,158,158,79,80,80,216,218,128,55,114,78,372,374,27,44,394,400,102,160,160,144,199,259
2760,Anderson Varejao,1610612744,GSW,33.0,53,102.2,102.8,102.8,102.6,100.0,100.0,-0.4,2.8,2.8,0.102,1.59,17.2,0.068,0.204,0.134,10.8,10.8,0.427,0.473,0.143,0.147,98.12,99.03,82.53,99.03,0.08,1019,1.0,2.3,269,245,245,162,79,79,210,111,111,236,194,167,113,52,74,258,257,411,394,370,375,231,172,172,276,410,414
203083,Andre Drummond,1610612765,DET,22.0,81,104.3,105.9,105.9,102.3,103.6,103.6,2.0,2.4,2.4,0.042,0.43,4.3,0.135,0.309,0.217,10.0,10.1,0.522,0.499,0.239,0.24,97.45,96.09,80.08,96.09,0.14,5336,6.8,13.1,165,114,114,150,208,208,138,124,124,430,440,456,6,2,2,188,195,145,347,62,71,278,368,368,38,32,54
2738,Andre Iguodala,1610612744,GSW,32.0,65,113.5,112.7,112.7,99.1,99.6,99.6,14.4,13.2,13.2,0.165,2.77,31.2,0.031,0.11,0.073,11.2,11.2,0.552,0.565,0.117,0.12,101.77,101.88,84.9,101.88,0.089,3663,2.7,5.7,10,11,11,67,70,70,11,16,16,127,30,28,234,279,249,272,271,76,119,444,445,44,50,50,225,235,248
1889,Andre Miller,1610612759,SAS,40.0,39,111.0,109.7,109.7,105.9,107.0,107.0,5.1,2.8,2.8,0.276,2.35,35.8,0.031,0.087,0.061,15.2,15.2,0.566,0.6,0.156,0.162,91.45,91.54,76.28,91.54,0.096,883,1.5,2.7,21,36,36,317,351,351,73,114,114,45,58,11,228,377,307,429,427,52,48,333,326,475,474,474,175,357,396
203460,Andre Roberson,1610612760,OKC,24.0,70,110.1,110.9,110.9,100.8,101.7,101.7,9.3,9.2,9.2,0.039,1.34,12.3,0.053,0.102,0.079,9.2,9.2,0.555,0.566,0.092,0.093,98.85,98.05,81.71,98.05,0.058,3158,1.9,3.9,29,25,25,108,132,132,39,34,34,433,255,282,151,306,225,140,141,71,111,468,468,180,228,228,396,322,343
200745,Andrea Bargnani,1610612751,BKN,30.0,46,95.6,95.6,95.6,111.2,110.2,110.2,-15.7,-14.7,-14.7,0.051,0.69,5.2,0.042,0.117,0.077,7.5,7.5,0.461,0.5,0.227,0.234,96.68,97.15,80.96,97.15,0.073,1281,2.8,6.1,438,432,432,431,425,425,446,444,444,413,402,450,187,254,237,66,64,350,343,85,83,324,292,292,325,229,233
101106,Andrew Bogut,1610612744,GSW,31.0,70,111.4,112.0,112.0,97.2,97.9,97.9,14.1,14.1,14.1,0.145,1.95,29.6,0.086,0.229,0.163,15.2,15.2,0.629,0.623,0.115,0.116,101.07,100.41,83.68,100.41,0.106,3021,2.5,4.0,20,16,16,36,48,48,14,12,12,156,111,35,71,29,24,427,430,13,27,448,454,60,98,98,131,256,339
202726,Andrew Goudelock,1610612745,HOU,27.0,8,108.0,105.5,105.5,94.4,97.2,97.2,13.6,8.3,8.3,0.118,0.57,12.1,0.021,0.013,0.016,21.2,21.4,0.475,0.506,0.234,0.243,105.1,104.77,87.31,104.77,0.074,109,1.1,2.5,60,134,134,11,36,36,16,41,41,194,430,290,298,458,453,464,464,305,327,72,64,9,15,15,318,399,406
203094,Andrew Nicholson,1610612753,ORL,26.0,56,99.8,100.6,100.6,98.6,97.8,97.8,1.2,2.8,2.8,0.05,0.61,6.2,0.041,0.191,0.118,10.2,10.1,0.537,0.567,0.205,0.209,96.81,96.79,80.65,96.79,0.119,1653,2.6,5.5,360,328,328,57,45,45,162,115,115,417,419,433,189,76,109,206,203,111,109,138,140,313,322,322,79,243,254
203952,Andrew Wiggins,1610612750,MIN,21.0,81,105.7,106.7,106.7,106.6,107.9,107.9,-1.0,-1.3,-1.3,0.098,0.9,8.7,0.039,0.066,0.053,9.6,9.6,0.481,0.543,0.267,0.269,98.16,97.09,80.91,97.09,0.094,5757,7.3,16.0,114,95,95,344,389,389,225,239,239,252,356,391,197,443,363,162,164,286,201,30,34,227,296,296,191,22,23
203461,Anthony Bennett,1610612761,TOR,23.0,19,101.8,94.0,94.0,114.3,112.9,112.9,-12.5,-19.0,-19.0,0.0,0.0,0.0,0.059,0.262,0.139,11.4,11.3,0.352,0.446,0.166,0.181,97.94,102.56,85.46,102.56,0.063,182,0.4,1.4,285,439,439,451,452,452,432,454,454,463,457,463,136,6,59,285,275,457,431,295,234,246,33,33,377,460,453
1626148,Anthony Brown,1610612747,LAL,23.0,29,98.8,100.3,100.3,103.1,102.6,102.6,-4.3,-2.3,-2.3,0.048,1.27,11.2,0.014,0.101,0.055,8.9,8.9,0.389,0.427,0.109,0.11,97.52,96.98,80.81,96.98,0.037,1206,1.3,4.3,381,334,334,191,171,171,323,271,271,422,265,318,390,309,343,119,123,441,444,459,460,271,305,305,448,375,316
203076,Anthony Davis,1610612740,NOP,23.0,61,102.6,103.7,103.7,107.3,107.8,107.8,-4.7,-4.1,-4.1,0.1,0.96,7.5,0.059,0.234,0.145,7.8,7.7,0.508,0.559,0.29,0.296,99.13,98.35,81.96,98.35,0.165,4425,9.2,18.6,247,210,210,369,381,381,332,320,320,245,340,421,138,26,48,75,73,190,145,16,15,163,208,208,11,5,7
201627,Anthony Morrow,1610612760,OKC,30.0,68,109.7,110.9,110.9,105.7,105.6,105.6,4.0,5.3,5.3,0.037,1.41,6.2,0.011,0.054,0.033,4.4,4.3,0.527,0.543,0.167,0.171,98.93,98.42,82.01,98.42,0.057,1905,2.0,4.9,33,26,26,303,302,302,92,66,66,442,240,434,422,455,447,21,21,134,202,284,288,173,203,203,400,307,290
201229,Anthony Tolliver,1610612765,DET,31.0,72,101.7,102.3,102.3,102.4,102.4,102.4,-0.7,0.0,0.0,0.058,1.86,12.1,0.026,0.143,0.081,6.5,6.5,0.533,0.543,0.122,0.125,96.35,96.06,80.05,96.06,0.076,2687,1.8,4.6,288,267,267,156,160,160,218,199,199,393,128,291,260,170,220,41,41,119,200,438,438,349,369,369,305,335,304
203462,Archie Goodwin,1610612756,PHX,21.0,57,100.7,101.7,101.7,111.6,110.6,110.6,-11.0,-9.0,-9.0,0.174,1.18,16.2,0.023,0.104,0.062,13.8,13.8,0.444,0.498,0.227,0.231,100.91,100.87,84.06,100.87,0.072,2341,3.1,7.4,334,293,293,435,432,432,423,403,403,118,290,180,284,298,306,388,388,385,348,84,91,70,86,86,337,201,181
203382,Aron Baynes,1610612765,DET,29.0,81,100.9,101.0,101.0,105.6,104.4,104.4,-4.7,-3.4,-3.4,0.07,0.76,8.8,0.106,0.202,0.152,11.6,11.7,0.505,0.563,0.184,0.187,96.99,97.48,81.24,97.48,0.112,2518,2.4,4.7,320,310,310,298,247,247,331,302,302,361,391,388,31,57,42,297,300,198,125,211,213,302,272,272,107,265,300
201167,Arron Afflalo,1610612752,NYK,30.0,71,103.1,104.0,104.0,106.3,107.4,107.4,-3.3,-3.4,-3.4,0.097,1.76,13.4,0.01,0.098,0.055,7.6,7.6,0.5,0.531,0.178,0.181,94.96,94.09,78.41,94.09,0.076,4650,5.0,11.3,223,201,201,330,363,363,299,300,300,255,151,256,432,322,347,68,68,218,248,229,231,418,451,451,309,88,82
203085,Austin Rivers,1610612746,LAC,23.0,67,101.1,98.7,98.7,103.2,102.8,102.8,-2.1,-4.0,-4.0,0.116,1.62,13.6,0.015,0.07,0.043,8.4,8.4,0.498,0.523,0.188,0.196,98.42,99.8,83.17,99.8,0.069,3024,3.4,7.7,313,377,377,202,175,175,263,318,318,199,185,248,378,434,428,96,96,230,270,197,190,202,129,129,355,173,171
202340,Avery Bradley,1610612738,BOS,25.0,76,107.0,108.5,108.5,102.8,103.9,103.9,4.2,4.6,4.6,0.095,1.45,11.8,0.018,0.065,0.041,8.1,8.1,0.52,0.538,0.197,0.2,100.76,99.57,82.98,99.57,0.082,5248,6.0,13.4,81,49,49,176,224,224,89,77,77,263,228,300,340,444,436,87,88,152,218,163,173,78,140,140,270,54,48
1626253,Axel Toupane,1610612743,DEN,23.0,21,107.6,108.2,108.2,109.7,110.4,110.4,-2.1,-2.2,-2.2,0.068,2.5,15.3,0.028,0.076,0.053,6.1,6.1,0.45,0.49,0.122,0.125,97.01,96.42,80.35,96.42,0.029,612,1.2,3.3,70,54,54,415,429,429,262,267,267,371,41,196,246,413,357,34,33,377,363,437,440,300,349,349,455,395,371
203463,Ben McLemore,1610612758,SAC,23.0,68,104.8,105.8,105.8,105.4,104.6,104.6,-0.6,1.2,1.2,0.076,0.8,11.7,0.023,0.076,0.05,14.6,14.6,0.502,0.531,0.172,0.174,103.36,103.23,86.03,103.23,0.048,3096,2.9,6.7,141,119,119,291,257,257,217,166,166,335,383,305,279,415,384,417,418,213,246,260,273,16,25,25,424,223,210
2757,Beno Udrih,1610612763,MEM,33.0,44,100.9,100.0,100.0,102.0,101.7,101.7,-1.2,-1.7,-1.7,0.256,2.19,30.9,0.012,0.091,0.052,14.1,14.1,0.472,0.496,0.167,0.172,94.71,95.27,79.39,95.27,0.077,1406,2.0,4.5,324,342,342,142,131,131,232,253,253,60,80,29,417,354,368,399,399,315,354,281,283,430,403,403,300,319,309
202687,Bismack Biyombo,1610612761,TOR,23.0,82,104.4,104.4,104.4,100.6,101.3,101.3,3.8,3.1,3.1,0.025,0.41,5.9,0.1,0.249,0.176,14.5,14.6,0.542,0.586,0.114,0.117,94.64,94.27,78.56,94.27,0.105,3538,1.9,3.5,157,178,178,100,116,116,95,107,107,458,444,441,41,16,14,416,416,95,68,451,451,436,444,444,134,325,360
201933,Blake Griffin,1610612746,LAC,27.0,35,108.0,108.6,108.6,100.1,101.3,101.3,7.9,7.3,7.3,0.258,2.05,18.0,0.044,0.196,0.122,8.8,8.8,0.504,0.544,0.289,0.292,99.06,98.17,81.81,98.17,0.171,2395,8.6,17.2,61,44,44,84,113,113,47,47,47,57,101,148,175,72,101,116,118,206,193,18,20,166,223,223,9,7,15
1626246,Boban Marjanovic,1610612759,SAS,27.0,54,109.6,106.8,106.8,103.1,102.3,102.3,6.5,4.5,4.5,0.072,0.72,7.7,0.154,0.246,0.201,10.6,10.6,0.603,0.662,0.22,0.229,93.48,95.09,79.24,95.09,0.181,1010,1.9,3.2,36,91,91,196,154,154,56,81,81,351,400,418,3,18,4,235,239,20,10,104,94,456,411,411,6,321,374
1626171,Bobby Portis,1610612741,CHI,21.0,62,100.6,100.4,100.4,108.6,108.0,108.0,-7.9,-7.6,-7.6,0.076,0.96,9.1,0.101,0.186,0.142,9.4,9.5,0.445,0.469,0.203,0.207,97.15,97.47,81.23,97.47,0.093,2234,3.0,7.0,336,331,331,398,391,391,395,390,390,333,338,378,38,86,53,156,156,384,401,147,148,292,274,274,201,206,198
202711,Bojan Bogdanovic,1610612751,BKN,27.0,79,100.6,100.8,100.8,109.4,109.9,109.9,-8.8,-9.2,-9.2,0.073,0.86,9.7,0.017,0.105,0.061,11.3,11.3,0.519,0.55,0.19,0.194,97.47,97.14,80.95,97.14,0.072,4280,4.1,9.5,337,322,322,409,422,422,399,404,404,341,365,358,347,295,312,275,272,154,175,188,193,276,293,293,338,131,122
2564,Boris Diaw,1610612759,SAS,34.0,76,107.4,106.6,106.6,96.6,96.4,96.4,10.8,10.2,10.2,0.182,1.81,25.6,0.045,0.124,0.086,14.1,14.1,0.56,0.582,0.164,0.168,97.49,97.94,81.61,97.94,0.099,2828,2.7,5.0,72,96,96,28,28,28,31,31,31,110,138,57,172,227,205,400,396,64,75,307,307,274,234,234,161,239,283
203078,Bradley Beal,1610612764,WAS,23.0,55,103.6,104.8,104.8,105.2,105.0,105.0,-1.6,-0.2,-0.2,0.153,1.45,14.2,0.024,0.088,0.055,9.8,9.7,0.515,0.547,0.245,0.25,101.01,100.54,83.78,100.54,0.099,3570,6.5,14.5,201,166,166,288,272,272,245,205,205,143,229,231,274,370,345,179,172,172,185,52,52,64,95,95,164,40,35
201148,Brandan Wright,1610612763,MEM,28.0,12,100.2,100.0,100.0,113.1,111.1,111.1,-13.0,-11.1,-11.1,0.05,0.6,7.7,0.066,0.134,0.1,12.8,12.7,0.673,0.663,0.152,0.156,95.69,96.62,80.52,96.62,0.106,423,2.9,4.3,351,342,342,447,438,438,435,426,426,419,420,415,120,199,165,361,359,5,9,351,347,377,335,335,129,211,319
1626183,Branden Dawson,1610612746,LAC,23.0,6,98.0,91.5,91.5,122.6,121.1,121.1,-24.6,-29.5,-29.5,0.0,0.0,0.0,0.091,0.0,0.0,0.0,0.0,0.4,0.46,0.078,0.092,92.59,96.45,80.37,96.45,0.03,59,0.3,0.8,400,449,449,467,470,470,463,465,465,463,457,463,63,459,454,1,1,433,422,472,471,466,346,346,454,468,467
101138,Brandon Bass,1610612747,LAL,31.0,66,104.3,105.3,105.3,106.9,106.2,106.2,-2.6,-0.9,-0.9,0.088,1.76,14.9,0.074,0.136,0.104,8.4,8.4,0.549,0.619,0.136,0.138,98.08,97.88,81.57,97.88,0.105,2739,2.6,4.8,167,143,143,353,323,323,277,225,225,283,150,214,102,193,150,99,99,83,31,393,396,234,240,240,137,241,296
201943,Brandon Jennings,1610612753,ORL,26.0,48,103.7,103.2,103.2,103.3,102.9,102.9,0.4,0.3,0.3,0.298,2.98,30.1,0.017,0.092,0.053,10.1,10.1,0.452,0.491,0.192,0.198,99.62,100.01,83.34,100.01,0.095,1811,2.3,6.3,198,226,226,207,180,180,185,192,192,32,22,34,343,347,356,198,197,373,362,182,185,137,120,120,186,271,222
202688,Brandon Knight,1610612756,PHX,24.0,52,100.6,102.0,102.0,107.5,107.4,107.4,-6.8,-5.5,-5.5,0.234,1.49,18.6,0.018,0.09,0.053,12.5,12.5,0.482,0.522,0.258,0.263,100.7,100.05,83.37,100.05,0.101,3900,7.1,17.2,335,280,280,375,366,366,377,350,350,70,213,140,328,361,360,346,345,281,276,39,40,80,116,116,154,27,16
201575,Brandon Rush,1610612744,GSW,30.0,72,109.0,107.8,107.8,108.7,108.7,108.7,0.2,-0.9,-0.9,0.072,1.73,15.7,0.021,0.14,0.084,9.1,9.1,0.552,0.56,0.125,0.128,100.89,101.46,84.55,101.46,0.071,2224,1.5,3.6,47,64,64,401,402,402,188,222,222,348,156,187,304,175,213,133,136,74,139,428,429,71,63,63,342,352,353
203148,Brian Roberts,1610612757,POR,30.0,51,99.3,98.8,98.8,105.4,105.7,105.7,-6.2,-7.0,-7.0,0.205,2.35,20.8,0.012,0.075,0.042,8.8,8.8,0.494,0.552,0.188,0.196,98.19,98.32,81.93,98.32,0.097,965,1.5,3.2,372,374,374,294,305,305,362,377,377,90,59,112,419,420,434,118,115,246,165,198,188,224,213,213,172,365,373
1627362,Briante Weber,1610612748,MIA,23.0,7,96.4,97.9,97.9,118.8,119.2,119.2,-22.5,-21.2,-21.2,0.175,2.33,29.6,0.037,0.115,0.068,12.7,12.7,0.359,0.38,0.117,0.118,96.54,95.63,79.69,95.63,0.059,338,2.0,5.6,428,398,398,463,468,468,460,460,460,116,63,36,207,261,272,355,358,453,458,446,446,338,388,388,393,307,251
201572,Brook Lopez,1610612751,BKN,28.0,73,102.6,103.4,103.4,106.3,105.8,105.8,-3.7,-2.4,-2.4,0.106,0.83,8.9,0.086,0.153,0.12,10.6,10.6,0.512,0.562,0.272,0.276,96.53,96.33,80.28,96.33,0.127,4928,8.1,15.8,246,219,219,327,307,307,311,276,276,228,374,385,72,147,103,239,237,185,128,27,28,339,355,355,58,12,26
203998,Bruno Caboclo,1610612761,TOR,20.0,6,92.2,85.7,85.7,94.7,98.9,98.9,-2.5,-13.1,-13.1,0.033,0.25,5.9,0.02,0.021,0.02,23.5,23.5,0.125,0.125,0.152,0.164,98.65,100.09,83.4,100.09,-0.056,91,0.2,2.0,453,464,464,13,57,57,274,438,438,447,452,442,315,457,452,470,470,473,473,347,320,191,114,114,475,473,427
203955,Bryce Cotton,1610612763,MEM,23.0,8,104.0,98.7,98.7,135.0,129.1,129.1,-31.0,-30.4,-30.4,0.136,0.6,16.7,0.0,0.0,0.0,27.8,27.8,0.4,0.4,0.17,0.179,93.23,97.84,81.53,97.84,0.007,79,0.5,1.3,183,378,378,472,471,471,467,466,466,167,420,173,455,459,454,474,474,433,452,266,246,458,246,246,470,453,459
1626214,Bryce Dejean-Jones,1610612740,NOP,23.0,14,99.4,100.0,100.0,106.4,106.8,106.8,-7.0,-6.8,-6.8,0.076,1.36,14.3,0.025,0.157,0.084,10.5,10.6,0.493,0.505,0.14,0.141,96.87,96.41,80.34,96.41,0.07,559,2.0,4.9,371,342,342,335,341,341,378,373,373,334,249,227,265,139,215,227,235,250,330,385,392,310,350,350,353,307,288
201228,C.J. Watson,1610612753,ORL,32.0,33,104.9,104.3,104.3,107.3,107.8,107.8,-2.3,-3.5,-3.5,0.18,3.52,33.1,0.015,0.084,0.05,9.4,9.4,0.394,0.461,0.117,0.12,100.74,100.84,84.03,100.84,0.059,1376,1.4,4.2,131,186,186,368,379,379,270,304,304,113,8,19,364,383,380,153,150,438,417,445,444,79,88,88,392,370,333
203912,C.J. Wilcox,1610612746,LAC,25.0,23,106.0,102.0,102.0,97.3,95.7,95.7,8.7,6.3,6.3,0.09,5.0,12.0,0.006,0.057,0.034,2.4,2.4,0.462,0.491,0.19,0.2,98.29,101.0,84.16,101.0,0.072,351,1.1,2.9,100,279,279,38,23,23,43,57,57,278,2,292,448,453,446,14,14,348,359,191,172,214,77,77,331,398,388
203468,CJ McCollum,1610612757,POR,24.0,80,106.8,107.5,107.5,104.8,104.9,104.9,2.1,2.6,2.6,0.211,1.74,16.5,0.016,0.075,0.045,9.5,9.5,0.517,0.544,0.266,0.27,98.54,98.18,81.81,98.18,0.112,5691,8.0,17.9,85,74,74,272,270,270,136,120,120,86,154,175,357,421,415,158,157,161,191,32,32,197,222,222,109,13,11
101139,CJ Miles,1610612754,IND,29.0,64,102.2,102.7,102.7,102.8,102.5,102.5,-0.5,0.2,0.2,0.069,0.9,7.7,0.017,0.099,0.058,8.5,8.5,0.521,0.547,0.221,0.225,101.03,100.95,84.12,100.95,0.082,3076,4.0,9.9,264,254,254,173,164,164,213,193,193,363,357,417,348,318,328,106,105,149,184,101,105,62,82,82,265,134,113
203946,Cameron Bairstow,1610612765,DET,25.0,18,91.2,92.3,92.3,98.3,94.6,94.6,-7.1,-2.3,-2.3,0.091,1.5,11.1,0.034,0.203,0.12,7.4,7.5,0.338,0.391,0.196,0.198,102.75,104.09,86.74,104.09,0.052,221,0.7,2.2,460,447,447,53,19,19,381,275,275,275,207,324,216,53,105,62,65,462,455,166,187,22,18,18,415,439,421
1626166,Cameron Payne,1610612760,OKC,21.0,57,104.3,104.1,104.1,107.1,105.9,105.9,-2.8,-1.8,-1.8,0.241,2.45,24.5,0.012,0.108,0.059,10.0,10.0,0.475,0.49,0.199,0.206,97.6,98.26,81.88,98.26,0.089,1427,2.0,4.9,166,197,197,361,311,311,286,258,258,67,49,67,406,284,318,188,186,306,364,161,156,268,219,219,224,307,291
201171,Carl Landry,1610612755,PHI,32.0,36,102.0,102.3,102.3,112.3,111.6,111.6,-10.4,-9.3,-9.3,0.102,1.45,9.3,0.081,0.178,0.127,6.4,6.4,0.568,0.605,0.236,0.239,100.41,100.61,83.84,100.61,0.133,1193,3.9,6.9,278,270,270,440,441,441,412,405,405,235,225,372,83,103,88,38,40,48,39,68,73,89,94,94,46,138,201
2546,Carmelo Anthony,1610612752,NYK,32.0,72,105.1,106.5,106.5,105.8,107.4,107.4,-0.7,-0.9,-0.9,0.209,1.7,15.3,0.039,0.173,0.107,9.0,9.0,0.474,0.53,0.291,0.295,95.85,94.5,78.75,94.5,0.143,4982,7.9,18.2,127,99,99,311,365,365,220,226,226,87,164,199,196,113,136,126,128,312,251,14,16,368,433,433,29,14,8
2406,Caron Butler,1610612758,SAC,36.0,17,93.4,93.1,93.1,105.6,106.2,106.2,-12.3,-13.1,-13.1,0.099,3.33,13.0,0.025,0.098,0.059,3.9,3.9,0.449,0.49,0.159,0.163,102.06,101.92,84.93,101.92,0.075,377,1.5,3.5,448,442,442,300,325,325,430,437,437,251,14,268,267,319,320,19,18,380,365,323,322,35,48,48,312,363,363
202718,Chandler Parsons,1610612742,DAL,27.0,61,105.5,105.3,105.3,104.2,105.0,105.0,1.3,0.3,0.3,0.158,1.78,17.4,0.017,0.141,0.08,9.8,9.7,0.571,0.589,0.204,0.208,95.95,95.65,79.7,95.65,0.115,3580,5.2,10.7,119,145,145,247,274,274,155,191,191,138,146,161,350,173,224,173,174,42,61,143,141,364,386,386,97,75,93
101112,Channing Frye,1610612739,CLE,33.0,70,105.9,106.8,106.8,102.2,102.0,102.0,3.7,4.8,4.8,0.086,1.65,14.9,0.03,0.172,0.1,9.0,9.0,0.569,0.586,0.153,0.156,94.66,94.29,78.57,94.29,0.088,2351,2.2,5.0,104,88,88,145,139,139,97,74,74,297,178,212,241,116,164,131,131,47,67,344,348,434,442,442,234,295,285
101111,Charlie Villanueva,1610612742,DAL,31.0,62,98.7,97.2,97.2,106.6,105.2,105.2,-7.9,-8.0,-8.0,0.063,0.77,6.1,0.032,0.193,0.108,7.9,7.9,0.454,0.473,0.236,0.244,98.54,99.89,83.24,99.89,0.084,1395,2.0,5.3,387,407,407,342,283,283,393,394,394,382,388,437,224,74,132,77,76,369,395,67,61,198,126,126,259,306,266
201978,Chase Budinger,1610612756,PHX,28.0,66,102.6,101.9,101.9,102.7,102.1,102.1,-0.1,-0.3,-0.3,0.098,1.45,17.3,0.043,0.115,0.078,11.9,11.8,0.485,0.514,0.138,0.142,99.36,100.03,83.36,100.03,0.074,1941,1.6,3.6,243,286,286,171,145,145,197,206,206,253,225,166,180,259,230,313,310,269,299,389,386,146,118,118,319,349,352
2365,Chris Andersen,1610612763,MEM,37.0,27,101.4,101.1,101.1,112.1,111.3,111.3,-10.7,-10.1,-10.1,0.045,1.33,10.9,0.088,0.175,0.129,8.2,8.3,0.556,0.598,0.108,0.109,93.23,93.67,78.06,93.67,0.095,790,1.4,2.7,301,305,305,436,440,440,418,414,414,426,256,330,68,108,84,90,92,68,51,460,461,459,459,459,181,372,399
2547,Chris Bosh,1610612748,MIA,32.0,53,102.0,101.5,101.5,100.3,101.0,101.0,1.7,0.5,0.5,0.129,1.64,11.8,0.028,0.188,0.111,7.2,7.1,0.52,0.571,0.247,0.253,94.51,94.41,78.68,94.41,0.151,3503,6.8,14.5,276,298,298,94,104,104,144,184,184,172,180,301,248,83,122,54,53,153,104,49,48,441,436,436,19,35,36
203142,Chris Copeland,1610612749,MIL,32.0,24,93.2,90.7,90.7,119.2,116.4,116.4,-26.0,-25.7,-25.7,0.12,1.83,15.5,0.006,0.064,0.033,8.5,8.4,0.431,0.462,0.169,0.177,93.47,95.89,79.91,95.89,0.026,312,0.7,2.1,451,451,451,464,465,465,464,464,464,188,135,192,447,446,448,100,100,404,414,268,251,457,373,373,457,441,423
203187,Chris Johnson,1610612762,UTA,26.0,70,102.3,99.2,99.2,97.6,97.2,97.2,4.6,2.0,2.0,0.082,1.13,15.1,0.032,0.118,0.076,13.4,13.4,0.441,0.482,0.131,0.137,94.68,96.3,80.25,96.3,0.053,1702,1.0,2.8,263,357,357,43,37,37,80,135,135,305,295,206,225,248,238,381,381,392,375,409,401,432,358,358,413,408,392
2549,Chris Kaman,1610612757,POR,34.0,16,93.4,90.7,90.7,106.6,105.4,105.4,-13.2,-14.6,-14.6,0.186,1.38,17.5,0.067,0.148,0.11,12.7,12.6,0.477,0.496,0.202,0.213,94.71,96.63,80.52,96.63,0.081,226,1.3,2.7,449,450,450,343,289,289,438,443,443,105,245,160,115,156,126,357,353,301,353,150,128,431,333,333,274,391,398
1626191,Chris McCullough,1610612751,BKN,21.0,24,100.2,101.1,101.1,116.3,115.8,115.8,-16.1,-14.7,-14.7,0.038,0.6,6.3,0.063,0.126,0.092,10.4,10.5,0.463,0.47,0.158,0.16,98.83,98.61,82.18,98.61,0.056,740,1.8,4.5,352,307,307,458,463,463,450,446,446,439,420,432,127,220,191,222,230,346,397,325,331,181,190,190,403,328,306
101108,Chris Paul,1610612746,LAC,31.0,74,111.7,112.3,112.3,99.8,101.3,101.3,11.9,11.0,11.0,0.493,3.8,33.8,0.017,0.105,0.063,8.9,8.9,0.517,0.575,0.265,0.269,98.74,97.78,81.48,97.78,0.184,4935,7.0,15.1,17,13,13,78,114,114,23,27,27,2,7,16,349,294,300,120,121,160,93,35,33,186,254,254,5,30,31
1626174,Christian Wood,1610612755,PHI,20.0,17,95.4,94.7,94.7,108.9,107.7,107.7,-13.5,-13.0,-13.0,0.035,1.5,4.4,0.075,0.155,0.113,2.9,3.0,0.453,0.49,0.185,0.187,105.56,106.58,88.81,106.58,0.094,318,1.3,3.1,441,437,437,405,374,374,439,435,435,444,207,455,100,143,117,16,16,372,366,206,214,7,9,9,195,384,379
101236,Chuck Hayes,1610612746,LAC,33.0,2,89.1,88.2,88.2,91.0,90.6,90.6,-2.0,-2.3,-2.3,0.133,0.67,25.0,0.0,0.25,0.0,37.5,38.1,0.5,0.694,0.113,0.112,103.96,104.73,87.27,104.73,0.054,51,0.5,1.0,466,459,459,6,7,7,251,274,274,170,408,61,455,14,454,476,476,218,4,455,457,12,16,16,410,453,463
203921,Cleanthony Early,1610612752,NYK,25.0,17,96.2,97.0,97.0,95.7,96.7,96.7,0.4,0.3,0.3,0.058,0.67,10.5,0.024,0.124,0.075,15.8,15.9,0.35,0.371,0.147,0.148,95.95,95.02,79.18,95.02,0.022,304,0.7,2.4,430,409,409,25,31,31,183,187,187,396,408,336,272,225,241,439,440,458,462,364,370,365,415,415,462,442,412
1626146,Cliff Alexander,1610612757,POR,20.0,8,93.3,83.5,83.5,108.5,103.9,103.9,-15.1,-20.4,-20.4,0.0,0.0,0.0,0.065,0.105,0.087,9.1,9.1,0.5,0.5,0.134,0.151,95.82,103.45,86.21,103.45,0.074,79,0.6,1.3,450,468,468,395,229,229,444,458,458,463,457,463,123,293,201,135,135,218,342,401,366,370,23,23,320,447,459
203991,Clint Capela,1610612745,HOU,22.0,77,106.1,105.9,105.9,103.1,102.2,102.2,3.1,3.7,3.7,0.05,0.78,7.8,0.123,0.202,0.161,10.0,10.1,0.582,0.553,0.156,0.159,99.78,100.29,83.58,100.29,0.105,3067,3.0,5.2,97,116,116,190,152,152,110,97,97,416,385,407,13,58,28,188,192,37,163,336,339,124,104,104,139,206,273
203469,Cody Zeller,1610612766,CHA,23.0,73,107.6,108.4,108.4,103.2,103.4,103.4,4.4,5.0,5.0,0.061,1.04,10.5,0.077,0.178,0.128,10.0,10.0,0.53,0.592,0.152,0.154,97.91,97.48,81.23,97.48,0.095,3595,3.2,6.0,68,51,51,199,197,197,83,70,70,386,316,338,91,104,87,194,190,127,58,352,361,247,273,273,180,195,237
202332,Cole Aldrich,1610612746,LAC,27.0,60,100.7,99.1,99.1,99.8,99.8,99.8,1.0,-0.7,-0.7,0.107,0.78,13.2,0.11,0.252,0.182,16.9,17.0,0.596,0.626,0.185,0.19,95.92,96.7,80.59,96.7,0.146,1604,2.2,3.8,328,362,362,75,74,74,171,218,218,223,386,261,23,12,9,450,450,28,24,205,203,366,327,327,21,288,347
201147,Corey Brewer,1610612745,HOU,30.0,82,102.2,101.8,101.8,104.3,104.0,104.0,-2.2,-2.1,-2.1,0.102,1.4,13.6,0.023,0.09,0.056,9.8,9.7,0.439,0.481,0.172,0.176,102.13,102.49,85.41,102.49,0.06,3558,2.6,6.7,268,288,288,252,230,230,266,263,263,240,241,246,277,364,337,176,173,397,380,255,254,34,34,34,390,247,208
203928,Cory Jefferson,1610612756,PHX,25.0,8,97.0,98.1,98.1,107.3,104.8,104.8,-10.4,-6.7,-6.7,0.0,0.0,0.0,0.0,0.0,0.0,0.0,0.0,0.409,0.446,0.203,0.21,99.62,100.19,83.49,100.19,0.07,105,1.1,2.8,420,393,393,370,266,266,413,371,371,463,457,463,455,459,454,1,1,430,430,145,137,136,108,108,350,399,394
202709,Cory Joseph,1610612761,TOR,24.0,80,107.1,107.1,107.1,100.2,100.9,100.9,6.9,6.2,6.2,0.199,2.45,24.6,0.019,0.08,0.05,10.0,10.1,0.465,0.512,0.166,0.17,95.39,95.08,79.23,95.08,0.089,4065,3.2,7.3,78,83,83,87,101,101,53,59,59,95,51,65,320,396,382,196,194,338,304,300,293,395,413,413,226,189,187
1626262,Coty Clarke,1610612738,BOS,23.0,3,153.1,150.0,150.0,128.7,107.7,107.7,24.4,42.3,42.3,0.0,0.0,0.0,0.0,0.2,0.0,20.0,20.0,0.75,0.75,0.357,0.363,93.66,103.42,86.18,103.42,0.118,12,0.7,1.3,1,1,1,470,374,374,1,1,1,463,457,463,455,60,454,462,463,2,2,1,1,454,24,24,85,444,457
201584,Courtney Lee,1610612766,CHA,30.0,79,106.2,107.1,107.1,103.3,104.1,104.1,2.9,3.0,3.0,0.088,1.89,15.3,0.013,0.077,0.045,8.1,8.0,0.518,0.551,0.146,0.15,95.82,95.03,79.2,95.03,0.071,4627,3.7,8.1,96,82,82,210,239,239,118,109,109,284,119,195,399,409,418,86,80,157,169,365,368,371,414,414,340,149,158
1626245,Cristiano Felicio,1610612741,CHI,23.0,31,107.0,107.5,107.5,101.4,99.5,99.5,5.6,8.0,8.0,0.115,2.0,20.5,0.094,0.218,0.157,10.2,10.3,0.556,0.601,0.135,0.136,97.11,97.81,81.51,97.81,0.123,654,1.3,2.3,80,73,73,130,67,67,66,43,43,201,105,117,51,37,34,209,214,68,47,396,407,296,250,250,69,386,415
1626156,D'Angelo Russell,1610612747,LAL,20.0,80,97.3,98.4,98.4,110.3,110.1,110.1,-13.0,-11.7,-11.7,0.213,1.36,17.7,0.019,0.101,0.058,13.1,13.1,0.478,0.507,0.238,0.241,97.69,97.17,80.97,97.17,0.088,4568,4.9,12.0,418,384,384,423,424,424,436,429,429,84,252,156,321,310,327,368,366,297,320,65,67,262,290,290,230,93,71
201571,D.J. Augustin,1610612743,DEN,28.0,62,104.4,105.1,105.1,105.8,106.1,106.1,-1.4,-1.0,-1.0,0.257,2.36,28.8,0.007,0.072,0.04,12.2,12.2,0.52,0.575,0.18,0.183,98.38,97.91,81.59,97.91,0.098,2398,2.4,5.6,155,151,151,308,320,320,238,228,228,58,56,41,445,427,439,335,335,151,91,219,222,203,238,238,166,267,250
2563,Dahntay Jones,1610612739,CLE,35.0,1,104.3,110.1,110.1,110.4,108.6,108.6,-6.1,1.5,1.5,0.067,0.0,12.5,0.0,0.095,0.0,0.0,0.0,0.464,0.464,0.156,0.157,92.42,90.67,75.56,90.67,0.047,79,6.0,14.0,162,32,32,427,401,401,361,153,153,373,457,278,455,336,454,1,1,341,408,338,346,468,476,476,428,54,43
203081,Damian Lillard,1610612757,POR,25.0,75,108.1,109.4,109.4,107.3,107.8,107.8,0.9,1.6,1.6,0.33,2.12,21.2,0.016,0.093,0.054,10.0,10.0,0.497,0.56,0.304,0.31,99.4,98.54,82.11,98.54,0.143,5495,8.2,19.7,58,38,38,365,383,383,174,147,147,20,85,108,359,341,350,193,183,235,140,10,10,144,194,194,26,8,4
203996,Damien Inglis,1610612749,MIL,21.0,20,88.9,85.7,85.7,98.9,99.4,99.4,-10.0,-13.7,-13.7,0.112,0.91,16.1,0.013,0.171,0.097,17.7,17.9,0.392,0.444,0.149,0.158,95.38,96.86,80.72,96.86,0.076,315,0.7,1.9,467,464,464,62,64,64,411,440,440,209,352,182,393,119,176,454,453,439,432,360,343,397,317,317,306,446,436
204014,Damjan Rudez,1610612750,MIN,30.0,33,105.6,104.4,104.4,107.7,106.9,106.9,-2.1,-2.5,-2.5,0.058,0.85,12.2,0.019,0.056,0.038,14.4,14.5,0.54,0.572,0.123,0.126,97.47,98.41,82.01,98.41,0.025,569,0.8,1.9,115,180,180,382,344,344,256,282,282,394,369,285,319,454,441,413,415,102,98,434,436,275,204,204,458,434,435
201568,Danilo Gallinari,1610612743,DEN,27.0,53,103.4,105.0,105.0,106.8,107.8,107.8,-3.5,-2.8,-2.8,0.122,1.75,12.2,0.027,0.127,0.075,7.0,7.0,0.472,0.582,0.226,0.228,98.45,97.26,81.05,97.26,0.124,3727,5.4,13.2,211,157,157,352,382,382,305,289,289,186,152,286,256,217,243,51,51,316,78,88,97,200,284,284,66,66,51
201980,Danny Green,1610612759,SAS,29.0,79,108.0,108.1,108.1,95.3,95.7,95.7,12.7,12.5,12.5,0.092,1.88,17.7,0.024,0.121,0.074,9.4,9.4,0.48,0.492,0.143,0.145,95.12,94.88,79.07,94.88,0.07,4074,2.7,7.1,59,55,55,20,22,22,17,18,18,274,121,157,270,238,245,154,154,290,357,373,380,411,420,420,352,238,194
201967,Dante Cunningham,1610612740,NOP,29.0,80,102.7,103.0,103.0,109.1,109.3,109.3,-6.4,-6.3,-6.3,0.056,1.88,13.6,0.028,0.097,0.061,7.2,7.2,0.518,0.54,0.11,0.111,98.51,98.24,81.87,98.24,0.047,4022,2.3,5.2,241,238,238,408,415,415,366,366,366,400,123,251,249,328,309,56,58,155,212,457,459,199,220,220,426,274,274
201589,Darrell Arthur,1610612743,DEN,28.0,70,101.4,102.2,102.2,103.5,104.0,104.0,-2.1,-1.8,-1.8,0.102,1.45,14.2,0.055,0.132,0.093,9.8,9.8,0.498,0.514,0.165,0.168,98.24,97.63,81.36,97.63,0.079,3085,3.2,7.0,300,276,276,215,232,232,257,257,257,237,225,232,146,203,189,177,177,231,296,305,304,218,266,266,284,196,199
201954,Darren Collison,1610612758,SAC,28.0,74,104.8,105.9,105.9,107.2,107.5,107.5,-2.4,-1.6,-1.6,0.219,2.45,24.2,0.012,0.062,0.037,9.9,9.8,0.542,0.591,0.19,0.193,101.66,100.94,84.12,100.94,0.106,4669,5.1,10.5,140,115,115,364,369,369,271,250,250,79,52,70,410,448,442,182,179,94,59,192,195,46,83,83,133,85,98
1626199,Darrun Hilliard,1610612765,DET,23.0,38,102.3,100.6,100.6,102.3,102.3,102.3,0.0,-1.7,-1.7,0.117,1.42,13.8,0.013,0.103,0.057,9.7,9.8,0.469,0.511,0.19,0.198,96.1,96.87,80.73,96.87,0.073,778,1.4,3.4,260,325,325,151,159,159,193,252,252,197,237,241,402,300,334,172,176,323,306,187,184,359,315,315,328,373,364
101135,David Lee,1610612742,DAL,33.0,55,99.3,98.4,98.4,102.4,102.4,102.4,-3.1,-4.0,-4.0,0.162,1.27,15.9,0.108,0.218,0.163,12.5,12.5,0.531,0.568,0.21,0.215,99.78,100.21,83.51,100.21,0.138,1880,3.2,6.1,373,386,386,154,162,162,294,315,315,130,264,185,26,38,23,345,349,124,107,125,123,126,107,107,41,186,232
2561,David West,1610612759,SAS,35.0,78,107.1,107.5,107.5,95.2,95.3,95.3,11.8,12.2,12.2,0.15,2.1,20.7,0.055,0.168,0.113,9.9,9.8,0.548,0.573,0.175,0.179,96.6,96.38,80.31,96.38,0.12,2812,3.1,5.7,79,70,70,19,21,21,24,19,19,147,89,114,147,124,118,181,178,86,96,238,242,336,351,351,78,200,243
201599,DeAndre Jordan,1610612746,LAC,27.0,77,110.5,111.1,111.1,100.3,102.1,102.1,10.2,8.9,8.9,0.051,0.84,9.1,0.105,0.286,0.199,10.8,10.9,0.703,0.628,0.155,0.154,98.22,97.09,80.91,97.09,0.141,5239,4.6,6.6,25,22,22,93,147,147,35,35,35,415,372,381,32,4,5,255,262,4,23,340,357,221,297,297,33,104,213
201971,DeJuan Blair,1610612764,WAS,27.0,29,98.1,96.2,96.2,109.4,105.7,105.7,-11.3,-9.5,-9.5,0.077,0.73,11.0,0.081,0.18,0.126,15.0,15.0,0.412,0.414,0.166,0.172,101.82,104.55,87.13,104.55,0.016,478,1.0,2.3,399,423,423,410,304,304,426,406,406,321,397,327,82,94,91,424,424,426,448,298,280,42,17,17,465,420,413
201942,DeMar DeRozan,1610612761,TOR,26.0,78,107.1,108.8,108.8,104.1,106.0,106.0,3.0,2.8,2.8,0.208,1.8,14.7,0.023,0.103,0.063,8.2,8.1,0.463,0.55,0.291,0.297,95.91,94.31,78.59,94.31,0.139,5518,7.9,17.7,77,43,43,245,315,315,116,112,112,88,140,220,278,303,298,88,87,347,174,15,14,367,440,440,40,15,12
202326,DeMarcus Cousins,1610612758,SAC,25.0,65,104.4,106.3,106.3,104.4,104.9,104.9,0.0,1.3,1.3,0.167,0.86,10.2,0.07,0.249,0.162,11.9,11.9,0.477,0.538,0.351,0.352,103.41,102.25,85.21,102.25,0.156,4772,9.2,20.5,158,105,105,256,269,269,195,157,157,125,366,344,108,17,27,318,318,298,216,2,2,15,39,39,15,4,1
201960,DeMarre Carroll,1610612761,TOR,29.0,26,104.6,105.7,105.7,101.9,103.1,103.1,2.7,2.6,2.6,0.056,0.96,7.8,0.037,0.118,0.076,8.1,8.1,0.474,0.49,0.176,0.179,96.79,95.76,79.8,95.76,0.071,1571,4.0,10.4,145,123,123,140,185,185,123,118,118,399,337,409,206,250,239,81,83,310,367,237,244,316,380,380,346,135,99
1626153,Delon Wright,1610612761,TOR,24.0,27,105.8,102.8,102.8,100.6,99.6,99.6,5.2,3.3,3.3,0.226,1.94,21.5,0.035,0.12,0.079,11.1,11.2,0.481,0.54,0.218,0.226,94.65,96.51,80.43,96.51,0.124,460,1.3,3.0,108,247,247,101,68,68,69,104,104,75,114,106,213,240,226,266,270,284,214,111,103,435,343,343,68,377,386
203471,Dennis Schröder,1610612737,ATL,22.0,80,103.5,103.4,103.4,95.7,95.9,95.9,7.8,7.5,7.5,0.368,1.91,25.1,0.016,0.106,0.062,13.1,13.1,0.471,0.51,0.286,0.293,98.03,97.93,81.61,97.93,0.121,3296,4.1,9.8,207,221,221,23,26,26,49,45,45,10,118,60,361,291,304,371,371,319,309,19,18,238,235,235,76,130,117
101114,Deron Williams,1610612742,DAL,32.0,65,104.3,104.9,104.9,104.0,104.8,104.8,0.4,0.1,0.1,0.295,2.52,27.2,0.009,0.079,0.045,10.8,10.8,0.477,0.53,0.218,0.221,96.25,95.6,79.67,95.6,0.1,4193,4.9,11.9,161,159,159,231,268,268,186,196,196,35,39,47,437,401,417,254,253,300,250,110,113,352,390,390,155,90,72
202324,Derrick Favors,1610612762,UTA,24.0,62,104.4,105.6,105.6,103.3,103.2,103.2,1.1,2.3,2.3,0.086,0.9,8.4,0.089,0.18,0.134,9.3,9.3,0.515,0.551,0.234,0.239,93.03,92.54,77.12,92.54,0.14,3827,6.7,13.1,154,126,126,212,190,190,164,128,128,294,355,395,65,97,73,145,146,171,172,71,75,463,468,468,36,36,55
201565,Derrick Rose,1610612741,CHI,27.0,66,101.6,103.1,103.1,105.8,106.9,106.9,-4.2,-3.8,-3.8,0.25,1.78,19.3,0.021,0.078,0.05,10.9,10.9,0.448,0.479,0.266,0.27,99.12,97.9,81.59,97.9,0.094,4276,6.8,15.9,292,236,236,307,345,345,320,313,313,65,147,127,303,407,386,259,259,382,384,31,31,164,239,239,192,34,24
202682,Derrick Williams,1610612752,NYK,25.0,80,98.8,98.9,98.9,106.3,105.9,105.9,-7.5,-7.0,-7.0,0.096,1.23,9.2,0.032,0.169,0.1,7.5,7.5,0.488,0.55,0.23,0.234,96.13,96.31,80.26,96.31,0.127,2878,3.2,7.1,380,368,368,329,313,313,387,380,380,256,275,374,227,123,167,64,66,257,173,77,80,357,356,356,59,193,196
1626164,Devin Booker,1610612756,PHX,19.0,76,98.9,100.3,100.3,108.5,108.7,108.7,-9.6,-8.4,-8.4,0.162,1.25,15.0,0.012,0.075,0.043,12.0,11.9,0.48,0.535,0.228,0.231,100.53,99.76,83.13,99.76,0.074,4379,4.8,11.4,378,336,336,397,403,403,408,400,400,131,267,210,413,422,430,325,319,287,228,83,86,84,131,131,322,96,81
2734,Devin Harris,1610612742,DAL,33.0,64,101.3,100.0,100.0,102.9,102.6,102.6,-1.6,-2.6,-2.6,0.149,1.79,19.2,0.014,0.089,0.052,10.7,10.7,0.516,0.559,0.168,0.175,99.25,100.05,83.38,100.05,0.083,2658,2.6,5.8,306,342,342,180,167,167,244,285,285,149,144,131,391,365,372,253,245,168,143,273,267,153,115,115,261,242,240
203906,Devyn Marble,1610612753,ORL,23.0,28,97.0,96.7,96.7,101.2,97.9,97.9,-4.2,-1.2,-1.2,0.072,1.71,11.9,0.021,0.12,0.069,6.9,7.0,0.352,0.368,0.153,0.155,99.43,101.21,84.34,101.21,0.029,521,0.8,2.5,419,411,411,118,47,47,321,236,236,352,160,298,301,241,265,49,50,456,464,345,355,143,71,71,456,435,404
203473,Dewayne Dedmon,1610612753,ORL,26.0,58,101.0,102.3,102.3,103.8,103.5,103.5,-2.7,-1.1,-1.1,0.029,0.41,5.1,0.095,0.223,0.16,12.5,12.5,0.559,0.606,0.151,0.152,98.09,97.62,81.35,97.62,0.109,1424,1.7,3.1,316,268,268,226,199,199,283,233,233,456,445,451,48,34,32,343,346,65,38,357,365,232,267,267,119,340,381
203079,Dion Waiters,1610612760,OKC,24.0,78,109.1,110.5,110.5,105.4,106.0,106.0,3.7,4.4,4.4,0.103,1.28,14.7,0.016,0.073,0.045,11.5,11.4,0.46,0.492,0.173,0.176,99.96,99.02,82.51,99.02,0.058,4446,3.6,9.1,43,30,30,292,317,317,99,82,82,232,262,219,353,425,413,289,286,351,358,252,259,112,174,174,399,154,133
1717,Dirk Nowitzki,1610612742,DAL,38.0,75,107.7,106.8,106.8,104.1,102.7,102.7,3.6,4.2,4.2,0.096,1.57,9.1,0.022,0.182,0.103,5.8,5.8,0.504,0.555,0.249,0.255,95.61,96.66,80.55,96.66,0.134,4786,6.6,14.8,65,90,90,242,173,173,102,87,87,259,198,377,288,93,156,28,28,203,156,47,46,381,331,331,45,39,33
202388,Donald Sloan,1610612751,BKN,28.0,61,103.2,103.4,103.4,108.3,107.9,107.9,-5.1,-4.5,-4.5,0.293,3.35,35.9,0.013,0.119,0.067,10.7,10.8,0.494,0.536,0.163,0.165,96.88,96.92,80.77,96.92,0.099,2658,2.5,5.7,218,220,220,393,386,386,338,332,332,38,13,10,394,243,282,249,252,244,224,312,314,308,308,308,163,251,244
202700,Donatas Motiejunas,1610612745,HOU,25.0,37,105.8,105.5,105.5,101.2,101.5,101.5,4.6,4.0,4.0,0.116,0.93,13.0,0.069,0.124,0.097,13.9,14.0,0.478,0.504,0.214,0.217,100.23,100.22,83.52,100.22,0.066,1141,2.4,5.5,107,132,132,115,124,124,78,89,89,198,346,270,110,229,174,392,393,296,336,120,121,100,106,106,367,261,253
203926,Doug McDermott,1610612741,CHI,24.0,81,101.1,101.6,101.6,104.8,104.6,104.6,-3.7,-3.0,-3.0,0.049,1.11,7.5,0.019,0.08,0.049,6.7,6.7,0.537,0.561,0.166,0.171,98.97,98.78,82.32,98.78,0.069,3852,3.6,8.0,314,295,295,270,258,258,309,291,291,420,299,422,327,400,387,43,43,109,136,294,291,171,185,185,354,157,163
203110,Draymond Green,1610612744,GSW,26.0,81,116.4,117.0,117.0,97.5,99.1,99.1,18.9,18.0,18.0,0.277,2.31,32.8,0.05,0.198,0.131,14.2,14.2,0.551,0.587,0.184,0.186,103.22,102.13,85.11,102.13,0.136,5974,5.0,10.1,5,3,3,40,60,60,4,4,4,44,66,22,157,65,80,406,406,80,65,208,217,18,42,42,43,89,106
2400,Drew Gooden,1610612764,WAS,34.0,30,98.0,97.1,97.1,109.9,109.2,109.2,-12.0,-12.2,-12.2,0.066,1.0,9.6,0.083,0.198,0.136,9.6,9.6,0.354,0.376,0.169,0.174,100.98,101.76,84.8,101.76,0.048,645,1.1,3.4,403,408,408,420,411,411,429,432,432,377,327,362,79,66,65,164,161,455,459,267,270,66,56,56,425,403,365
1626251,Duje Dukan,1610612758,SAC,24.0,1,85.9,86.5,86.5,104.0,101.9,101.9,-18.1,-15.4,-15.4,0.067,0.0,9.1,0.051,0.069,0.059,0.0,0.0,0.3,0.3,0.154,0.16,102.36,103.0,85.83,103.0,0.013,52,2.0,10.0,469,461,461,234,135,135,457,448,448,373,457,378,154,438,320,1,1,467,472,341,332,30,29,29,468,307,109
2730,Dwight Howard,1610612745,HOU,30.0,71,105.4,106.5,106.5,105.2,105.6,105.6,0.2,0.9,0.9,0.071,0.59,9.1,0.103,0.261,0.182,15.5,15.5,0.62,0.604,0.184,0.186,98.97,98.27,81.89,98.27,0.128,4655,5.2,8.5,123,100,100,285,297,297,189,174,174,356,426,376,35,7,10,438,436,16,40,209,216,170,217,217,56,76,149
203939,Dwight Powell,1610612742,DAL,24.0,69,99.8,97.7,97.7,100.8,100.0,100.0,-1.0,-2.3,-2.3,0.077,1.1,10.0,0.082,0.188,0.135,9.1,9.0,0.497,0.557,0.175,0.182,97.76,99.18,82.65,99.18,0.117,2032,2.1,4.3,361,400,400,109,79,79,227,272,272,325,305,352,81,81,69,134,133,238,152,240,226,259,161,161,88,297,323
2548,Dwyane Wade,1610612748,MIA,34.0,74,104.9,105.1,105.1,103.9,105.5,105.5,1.0,-0.4,-0.4,0.267,1.69,18.0,0.038,0.096,0.068,10.6,10.6,0.459,0.517,0.31,0.315,96.03,95.25,79.37,95.25,0.131,4486,7.3,16.0,133,153,153,230,293,293,168,213,213,50,167,149,200,335,271,238,243,352,288,8,7,361,404,404,48,23,22
202734,E'Twaun Moore,1610612741,CHI,27.0,59,103.6,104.0,104.0,104.6,105.0,105.0,-1.0,-0.9,-0.9,0.118,1.87,17.8,0.015,0.082,0.05,9.5,9.5,0.541,0.548,0.157,0.16,98.32,97.97,81.64,97.97,0.073,2572,3.2,6.6,200,199,199,264,271,271,226,227,227,193,126,154,372,391,383,160,160,101,183,332,334,209,232,232,329,194,214
202334,Ed Davis,1610612757,POR,27.0,81,104.6,104.5,104.5,103.3,103.5,103.5,1.3,1.0,1.0,0.078,1.38,15.2,0.125,0.211,0.168,11.1,11.1,0.611,0.616,0.125,0.128,97.25,97.2,81.0,97.2,0.123,3404,2.5,4.2,148,175,175,205,198,198,156,170,170,316,245,200,9,42,21,263,263,18,32,430,430,288,288,288,70,249,332
204002,Edy Tavares,1610612737,ATL,24.0,11,109.8,109.8,109.8,112.9,114.1,114.1,-3.1,-4.3,-4.3,0.055,0.6,9.7,0.115,0.0,0.0,16.1,16.4,0.579,0.555,0.167,0.168,102.62,102.08,85.07,102.08,0.071,153,1.0,1.7,32,35,35,444,456,456,295,327,327,403,420,359,19,459,454,442,446,39,158,285,306,24,44,44,347,410,442
203901,Elfrid Payton,1610612753,ORL,22.0,73,102.3,103.7,103.7,104.4,105.1,105.1,-2.1,-1.4,-1.4,0.317,2.64,32.1,0.034,0.087,0.06,12.2,12.1,0.456,0.478,0.198,0.201,98.85,97.85,81.54,97.85,0.091,4368,4.4,10.0,258,209,209,255,277,277,261,241,241,24,35,26,218,374,317,333,332,364,386,162,168,178,245,245,210,118,109
202407,Elijah Millsap,1610612762,UTA,28.0,20,102.6,100.6,100.6,96.0,93.2,93.2,6.6,7.4,7.4,0.164,2.11,25.0,0.033,0.152,0.094,11.8,12.0,0.295,0.384,0.141,0.146,95.3,97.65,81.38,97.65,0.041,349,0.6,2.0,248,329,329,26,12,12,55,46,46,129,87,61,222,149,188,311,326,468,457,377,378,403,265,265,442,451,432
202343,Elliot Williams,1610612766,CHA,27.0,5,99.6,98.9,98.9,100.2,103.5,103.5,-0.6,-4.6,-4.6,0.143,4.0,23.5,0.024,0.068,0.047,5.9,6.0,0.25,0.34,0.138,0.137,93.13,91.98,76.65,91.98,0.023,87,0.4,2.0,365,369,369,86,200,200,215,338,338,159,5,78,272,440,407,29,31,471,468,387,406,462,472,472,461,462,427
1882,Elton Brand,1610612755,PHI,37.0,17,91.6,90.1,90.1,97.3,97.1,97.1,-5.6,-7.0,-7.0,0.142,1.64,17.3,0.034,0.22,0.124,10.6,10.5,0.431,0.461,0.168,0.174,100.82,101.79,84.83,101.79,0.095,474,1.8,4.2,456,454,454,37,34,34,350,378,378,163,182,163,217,36,95,234,229,406,415,279,275,74,54,54,183,333,326
1626144,Emmanuel Mudiay,1610612743,DEN,20.0,68,103.3,104.7,104.7,107.1,107.9,107.9,-3.7,-3.1,-3.1,0.281,1.71,23.4,0.015,0.097,0.055,13.7,13.7,0.404,0.437,0.25,0.253,99.36,98.31,81.93,98.31,0.068,4242,4.8,13.3,215,169,169,360,384,384,315,294,294,42,160,81,376,331,348,386,387,432,436,46,50,145,214,214,357,95,50
202683,Enes Freedom,1610612760,OKC,24.0,82,109.1,110.3,110.3,106.4,106.6,106.6,2.7,3.8,3.8,0.032,0.29,3.4,0.145,0.23,0.189,11.8,11.8,0.583,0.626,0.229,0.234,98.29,97.68,81.4,97.68,0.162,3499,5.0,8.8,42,31,31,336,334,334,124,93,93,450,450,459,4,27,7,308,305,36,25,79,81,213,264,264,14,87,140
202339,Eric Bledsoe,1610612756,PHX,26.0,31,101.3,103.1,103.1,103.5,104.8,104.8,-2.2,-1.7,-1.7,0.298,1.73,21.9,0.016,0.1,0.058,12.7,12.7,0.502,0.557,0.27,0.273,102.22,100.74,83.95,100.74,0.139,2217,7.2,15.9,305,237,237,217,265,265,267,255,255,33,156,98,354,311,332,358,356,215,151,29,29,33,90,90,39,26,25
201569,Eric Gordon,1610612740,NOP,27.0,45,102.5,103.6,103.6,105.1,105.9,105.9,-2.6,-2.3,-2.3,0.129,1.66,15.1,0.007,0.059,0.033,9.1,9.1,0.521,0.565,0.203,0.205,99.33,98.49,82.07,98.49,0.081,3039,5.1,12.3,250,215,215,284,309,309,276,270,270,173,176,203,446,450,449,138,137,147,117,149,157,150,199,199,273,83,68
203961,Eric Moreland,1610612758,SAC,24.0,8,105.0,107.7,107.7,102.9,101.0,101.0,2.2,6.7,6.7,0.029,0.33,8.3,0.067,0.136,0.106,25.0,25.5,0.5,0.515,0.096,0.096,105.27,104.91,87.43,104.91,0.047,104,0.4,0.8,130,66,66,178,102,102,133,52,52,457,448,396,118,194,140,471,472,218,294,465,466,8,14,14,429,466,470
203475,Erick Green,1610612743,DEN,25.0,9,115.6,113.1,113.1,117.1,114.3,114.3,-1.5,-1.2,-1.2,0.107,0.0,18.8,0.081,0.1,0.09,0.0,0.0,0.423,0.468,0.138,0.151,93.53,95.7,79.75,95.7,0.061,84,0.6,1.4,7,10,10,460,458,458,243,237,237,221,457,138,84,312,198,1,1,415,403,387,367,455,384,384,386,450,451
101141,Ersan Ilyasova,1610612753,ORL,29.0,74,102.2,103.2,103.2,106.4,107.2,107.2,-4.3,-4.0,-4.0,0.055,0.94,7.7,0.069,0.15,0.106,8.2,8.2,0.496,0.526,0.18,0.182,98.55,97.69,81.41,97.69,0.086,3835,3.8,8.9,266,225,225,337,361,361,322,316,316,405,344,413,109,153,141,89,89,239,265,218,227,195,263,263,249,143,136
203095,Evan Fournier,1610612753,ORL,23.0,79,103.1,104.3,104.3,106.8,107.6,107.6,-3.7,-3.3,-3.3,0.128,1.61,15.6,0.013,0.077,0.044,9.7,9.6,0.546,0.587,0.2,0.203,97.83,96.86,80.71,96.86,0.087,5168,5.4,11.8,224,183,183,348,371,371,313,298,298,175,190,189,398,410,421,167,162,89,66,160,162,257,318,318,239,65,77
202323,Evan Turner,1610612738,BOS,27.0,81,101.8,102.5,102.5,100.0,100.5,100.5,1.8,2.0,2.0,0.247,2.12,26.4,0.02,0.145,0.082,12.4,12.4,0.469,0.513,0.184,0.187,101.22,100.67,83.89,100.67,0.12,4763,4.2,9.3,283,262,262,82,91,91,141,134,134,66,84,51,308,165,219,342,342,326,301,210,211,56,93,93,77,126,129
203105,Festus Ezeli,1610612744,GSW,26.0,46,110.9,111.1,111.1,96.6,96.8,96.8,14.3,14.3,14.3,0.06,0.84,9.0,0.121,0.196,0.161,10.6,10.7,0.548,0.559,0.177,0.18,101.84,101.65,84.71,101.65,0.105,1626,2.7,5.0,23,21,21,29,32,32,12,10,10,387,371,382,15,69,30,242,248,84,141,233,238,40,59,59,138,234,286
1626163,Frank Kaminsky,1610612766,CHA,23.0,81,100.8,100.8,100.8,101.2,101.7,101.7,-0.4,-0.9,-0.9,0.095,1.69,13.2,0.038,0.15,0.094,7.8,7.8,0.474,0.513,0.166,0.17,97.99,97.74,81.45,97.74,0.09,3483,2.7,6.5,326,319,319,116,129,129,209,223,223,261,168,264,199,152,184,74,74,308,300,299,292,241,257,257,221,240,215
202066,Garrett Temple,1610612764,WAS,30.0,80,101.5,101.6,101.6,101.0,101.6,101.6,0.4,0.0,0.0,0.102,2.19,18.3,0.018,0.091,0.054,8.4,8.4,0.486,0.52,0.14,0.142,100.49,100.12,83.44,100.12,0.057,4052,2.5,6.3,296,296,296,114,127,127,184,201,201,238,81,146,330,359,352,93,95,264,281,383,388,86,110,110,401,253,225
203914,Gary Harris,1610612743,DEN,21.0,76,103.5,105.1,105.1,108.6,109.2,109.2,-5.1,-4.1,-4.1,0.093,1.5,13.8,0.021,0.069,0.044,9.2,9.2,0.538,0.566,0.16,0.163,98.63,97.57,81.31,97.57,0.076,4953,4.7,10.1,205,150,150,399,410,410,340,322,322,271,207,242,299,435,420,142,138,108,112,318,323,192,270,270,303,99,108
202390,Gary Neal,1610612764,WAS,31.0,40,101.2,100.4,100.4,110.2,110.2,110.2,-9.0,-9.9,-9.9,0.099,1.62,11.1,0.014,0.093,0.053,6.9,6.8,0.528,0.558,0.204,0.211,99.77,100.17,83.47,100.17,0.09,1687,3.8,8.1,311,332,332,422,426,426,401,411,411,249,186,322,388,343,361,47,47,133,146,139,135,127,109,109,214,144,156
201588,George Hill,1610612754,IND,30.0,74,102.8,103.3,103.3,100.3,101.5,101.5,2.5,1.9,1.9,0.157,2.56,22.3,0.023,0.093,0.058,8.7,8.7,0.528,0.555,0.157,0.16,98.31,97.47,81.22,97.47,0.094,5126,4.4,10.0,237,223,223,91,121,121,127,140,140,139,38,95,282,342,324,110,110,132,157,326,335,210,277,277,190,115,111
101123,Gerald Green,1610612748,MIA,30.0,69,103.5,103.7,103.7,102.2,102.9,102.9,1.3,0.9,0.9,0.057,1.22,7.7,0.017,0.085,0.052,6.4,6.3,0.463,0.491,0.192,0.198,95.6,95.15,79.3,95.15,0.06,3095,3.3,8.5,206,206,206,146,177,177,154,175,175,397,280,411,351,380,367,37,36,345,361,179,181,382,409,409,388,177,148
201945,Gerald Henderson,1610612757,POR,28.0,72,106.0,106.0,106.0,104.4,104.7,104.7,1.6,1.3,1.3,0.084,1.1,10.1,0.02,0.121,0.071,9.2,9.2,0.484,0.526,0.201,0.203,97.83,97.71,81.42,97.71,0.093,2907,3.2,7.3,101,113,113,254,260,260,150,162,162,298,303,347,305,235,255,141,143,275,266,157,161,256,262,262,198,187,184
203507,Giannis Antetokounmpo,1610612749,MIL,21.0,80,103.9,104.8,104.8,106.6,107.9,107.9,-2.6,-3.1,-3.1,0.195,1.66,19.7,0.042,0.18,0.112,11.9,11.9,0.52,0.566,0.221,0.223,96.65,95.64,79.7,95.64,0.128,5628,6.4,12.7,186,164,164,341,387,387,278,295,295,98,175,122,185,96,120,314,316,150,113,102,109,328,387,387,57,45,58
203922,Glenn Robinson III,1610612754,IND,22.0,45,98.7,98.5,98.5,103.1,102.0,102.0,-4.4,-3.6,-3.6,0.077,1.44,12.3,0.022,0.109,0.065,8.5,8.5,0.477,0.508,0.157,0.161,97.24,97.85,81.54,97.85,0.08,1036,1.4,3.4,386,383,383,192,138,138,327,307,307,327,231,284,289,281,291,102,103,299,314,327,328,289,244,244,283,366,369
201609,Goran Dragic,1610612748,MIA,30.0,72,105.5,106.1,106.1,101.4,102.5,102.5,4.1,3.6,3.6,0.276,2.26,27.0,0.024,0.091,0.058,11.9,11.9,0.513,0.537,0.211,0.215,96.68,95.85,79.88,95.85,0.107,4733,5.8,12.2,121,107,107,125,165,165,91,98,98,46,71,48,275,356,326,317,317,180,222,123,124,325,376,376,126,58,69
202330,Gordon Hayward,1610612762,UTA,26.0,80,103.8,105.2,105.2,102.8,103.6,103.6,1.0,1.6,1.6,0.181,1.47,15.6,0.022,0.121,0.071,10.6,10.6,0.493,0.559,0.25,0.256,93.85,92.88,77.4,92.88,0.126,5600,6.5,15.0,188,147,147,175,212,212,167,148,148,112,222,188,295,239,256,243,238,249,144,45,45,451,466,466,60,41,32
203476,Gorgui Dieng,1610612750,MIN,26.0,82,106.6,106.2,106.2,105.8,106.5,106.5,0.8,-0.3,-0.3,0.099,1.02,14.7,0.077,0.196,0.138,14.4,14.4,0.537,0.601,0.165,0.169,96.84,96.69,80.57,96.69,0.115,4475,3.8,7.1,88,106,106,309,332,332,177,209,209,248,324,218,93,70,60,411,411,110,46,302,303,312,328,328,96,146,197
202328,Greg Monroe,1610612749,MIL,26.0,79,104.8,105.8,105.8,107.5,108.2,108.2,-2.7,-2.4,-2.4,0.128,1.38,12.9,0.099,0.215,0.157,9.3,9.3,0.522,0.562,0.231,0.234,96.47,95.73,79.78,95.73,0.146,4616,6.2,11.9,138,118,118,376,394,394,282,277,277,177,244,271,43,40,35,146,148,143,131,76,79,343,381,381,22,49,73
202962,Greg Smith,1610612750,MIN,25.0,18,95.9,94.7,94.7,113.7,114.5,114.5,-17.8,-19.8,-19.8,0.049,0.86,11.3,0.059,0.169,0.111,13.2,13.3,0.563,0.545,0.104,0.108,98.13,98.41,82.0,98.41,0.045,394,1.0,1.8,433,436,436,448,461,461,455,456,456,421,367,316,137,122,125,374,378,62,190,463,462,229,206,206,436,410,441
202349,Greivis Vasquez,1610612749,MIL,29.0,23,98.7,99.2,99.2,107.6,108.9,108.9,-8.9,-9.7,-9.7,0.32,2.28,32.7,0.011,0.093,0.052,14.4,14.3,0.391,0.435,0.184,0.189,95.1,94.24,78.54,94.24,0.061,900,2.0,6.0,385,358,358,377,404,404,400,408,408,23,68,24,426,345,371,410,407,440,438,212,206,412,446,446,384,318,236
203084,Harrison Barnes,1610612744,GSW,24.0,66,112.1,112.0,112.0,101.6,101.8,101.8,10.5,10.2,10.2,0.077,2.05,13.5,0.038,0.114,0.078,6.6,6.6,0.531,0.559,0.156,0.159,100.99,100.93,84.11,100.93,0.079,4299,4.5,9.6,16,15,15,132,134,134,34,32,32,324,100,252,201,266,233,42,42,125,142,334,336,65,84,84,285,109,120
202355,Hassan Whiteside,1610612748,MIA,27.0,73,104.7,105.5,105.5,101.7,103.5,103.5,3.0,1.9,1.9,0.022,0.21,2.9,0.116,0.282,0.202,13.9,13.8,0.606,0.629,0.201,0.205,95.2,93.99,78.32,93.99,0.172,4164,5.7,9.3,143,140,140,133,205,205,114,138,138,459,455,461,18,5,3,390,389,19,22,154,158,407,454,454,8,60,126
203156,Henry Sims,1610612751,BKN,26.0,14,95.6,96.7,96.7,112.4,112.4,112.4,-16.8,-15.7,-15.7,0.054,0.75,8.0,0.072,0.208,0.134,10.7,10.8,0.429,0.504,0.168,0.17,100.09,99.52,82.93,99.52,0.076,541,2.4,5.5,439,414,414,441,450,450,452,449,449,406,393,402,105,47,71,248,254,407,333,277,296,107,148,148,307,269,255
203138,Hollis Thompson,1610612755,PHI,25.0,77,98.4,98.9,98.9,106.8,107.7,107.7,-8.4,-8.8,-8.8,0.072,1.3,11.1,0.024,0.099,0.06,8.5,8.5,0.507,0.525,0.157,0.161,100.79,100.12,83.43,100.12,0.058,4506,3.5,8.8,393,365,365,350,378,378,397,402,402,347,260,323,275,317,314,107,102,193,268,329,327,75,111,111,395,163,139
203546,Ian Clark,1610612744,GSW,25.0,66,104.9,102.2,102.2,110.0,109.8,109.8,-5.1,-7.6,-7.6,0.171,1.49,19.8,0.023,0.09,0.058,13.3,13.3,0.515,0.544,0.193,0.201,98.28,99.62,83.02,99.62,0.074,1205,1.3,3.1,135,274,274,421,419,419,339,389,389,122,212,121,281,362,330,377,375,174,194,178,167,216,136,136,324,374,380
101133,Ian Mahinmi,1610612754,IND,29.0,71,102.5,102.9,102.9,98.2,99.3,99.3,4.3,3.6,3.6,0.09,1.04,13.8,0.076,0.197,0.137,13.2,13.3,0.589,0.603,0.157,0.158,99.49,98.76,82.3,98.76,0.111,3725,3.7,6.3,249,241,241,51,62,62,86,99,99,279,317,243,95,68,64,376,377,31,43,331,341,142,186,186,112,147,226
202697,Iman Shumpert,1610612739,CLE,26.0,54,108.5,108.2,108.2,100.7,100.4,100.4,7.8,7.8,7.8,0.1,1.61,19.3,0.025,0.127,0.077,11.9,12.0,0.444,0.475,0.13,0.133,95.46,95.72,79.77,95.72,0.061,2614,2.1,5.6,53,53,53,104,90,90,50,44,44,247,189,129,268,215,236,321,322,386,390,415,415,392,383,383,385,298,249
203477,Isaiah Canaan,1610612755,PHI,25.0,77,95.2,95.9,95.9,107.8,108.2,108.2,-12.6,-12.3,-12.3,0.12,1.51,13.6,0.009,0.079,0.042,9.0,8.8,0.482,0.528,0.191,0.198,99.7,99.13,82.61,99.13,0.071,4067,3.4,9.4,442,428,428,386,395,395,434,433,433,189,206,250,435,402,431,130,119,280,259,184,182,132,164,164,341,172,124
202738,Isaiah Thomas,1610612738,BOS,27.0,82,106.4,108.1,108.1,102.7,103.2,103.2,3.7,5.0,5.0,0.312,2.31,21.7,0.016,0.071,0.043,9.4,9.4,0.488,0.562,0.289,0.293,101.78,100.7,83.92,100.7,0.142,5558,7.2,16.9,92,57,57,167,188,188,98,69,69,27,64,102,356,431,426,152,151,259,130,17,17,43,92,92,30,25,18
202397,Ish Smith,1610612755,PHI,27.0,77,100.5,101.7,101.7,108.0,108.9,108.9,-7.5,-7.3,-7.3,0.37,2.87,29.2,0.018,0.114,0.065,10.2,10.2,0.44,0.465,0.235,0.238,100.43,99.41,82.84,99.41,0.109,4633,5.2,12.6,341,294,294,389,405,405,389,386,386,9,27,38,332,267,289,208,206,395,405,69,76,88,150,150,117,82,62
200826,J.J. Barea,1610612742,DAL,32.0,74,105.9,105.0,105.0,107.7,107.0,107.0,-1.8,-2.0,-2.0,0.301,2.67,25.9,0.015,0.075,0.045,9.7,9.7,0.516,0.536,0.229,0.235,96.9,97.6,81.34,97.6,0.105,3387,4.3,9.6,105,155,155,378,353,353,246,262,262,30,33,55,366,417,416,168,170,166,223,78,77,306,269,269,141,123,119
201581,JJ Hickson,1610612764,WAS,27.0,35,96.7,96.7,96.7,104.0,104.0,104.0,-7.3,-7.2,-7.2,0.091,0.92,9.2,0.083,0.201,0.142,10.0,10.1,0.516,0.514,0.22,0.222,100.34,100.33,83.61,100.33,0.107,916,2.3,4.4,423,412,412,232,233,233,385,385,385,275,350,375,80,59,56,186,196,167,298,105,112,92,102,102,124,280,312
1626266,JJ O'Brien,1610612762,UTA,24.0,2,76.9,71.4,71.4,125.0,120.0,120.0,-48.1,-48.6,-48.6,0.0,0.0,0.0,0.0,0.0,0.0,0.0,0.0,0.0,0.0,0.071,0.077,104.94,111.06,92.55,111.06,0.0,14,0.0,0.5,472,474,474,469,469,469,471,472,472,463,457,463,455,459,454,1,1,474,474,473,473,11,2,2,471,474,474
200755,JJ Redick,1610612746,LAC,32.0,75,111.5,112.0,112.0,99.4,100.5,100.5,12.1,11.5,11.5,0.08,1.36,9.2,0.005,0.057,0.032,6.8,6.8,0.593,0.632,0.22,0.224,98.63,97.91,81.59,97.91,0.107,4285,5.6,11.7,19,17,17,69,92,92,20,24,24,311,250,373,453,452,450,45,45,29,20,106,106,193,237,237,125,61,78
2747,JR Smith,1610612739,CLE,30.0,77,110.5,112.2,112.2,104.5,105.6,105.6,6.1,6.5,6.5,0.082,2.2,12.1,0.018,0.076,0.047,5.5,5.5,0.535,0.542,0.177,0.178,95.76,94.55,78.79,94.55,0.067,4654,4.6,11.0,24,14,14,260,298,298,60,54,54,306,77,289,329,416,406,24,24,114,204,232,248,373,431,431,362,105,87
203960,JaKarr Sampson,1610612743,DEN,23.0,73,98.7,98.2,98.2,105.2,105.3,105.3,-6.5,-7.1,-7.1,0.062,0.66,9.4,0.038,0.118,0.078,14.3,14.4,0.464,0.504,0.165,0.168,99.34,99.54,82.95,99.54,0.047,2375,1.9,4.3,382,391,391,289,287,287,368,383,383,384,413,370,202,247,228,407,410,344,332,303,308,149,145,145,430,324,317
203210,JaMychal Green,1610612763,MEM,26.0,78,103.1,103.2,103.2,105.0,104.5,104.5,-2.0,-1.3,-1.3,0.074,0.81,9.5,0.092,0.174,0.131,11.8,11.8,0.48,0.52,0.188,0.193,97.83,98.0,81.67,98.0,0.09,2950,2.9,6.3,227,230,230,279,253,253,250,240,240,337,378,366,56,112,81,307,307,288,278,196,197,255,230,230,218,210,220
201580,JaVale McGee,1610612742,DAL,28.0,34,97.8,96.2,96.2,104.4,102.4,102.4,-6.6,-6.2,-6.2,0.015,0.14,1.7,0.136,0.208,0.172,12.0,12.1,0.575,0.574,0.206,0.212,95.38,97.09,80.91,97.09,0.122,744,2.3,3.9,408,422,422,257,163,163,371,364,364,461,456,462,5,46,17,326,328,40,95,134,132,398,295,295,74,283,340
203953,Jabari Parker,1610612749,MIL,21.0,76,103.1,103.9,103.9,106.5,107.7,107.7,-3.4,-3.8,-3.8,0.086,1.12,10.4,0.053,0.114,0.084,9.3,9.3,0.498,0.535,0.206,0.208,96.7,95.81,79.84,95.81,0.093,4801,5.8,11.8,219,202,202,339,373,373,302,312,312,295,298,339,149,264,212,144,147,234,226,137,142,323,377,377,200,57,75
203109,Jae Crowder,1610612738,BOS,25.0,73,105.9,107.4,107.4,101.4,102.6,102.6,4.5,4.8,4.8,0.087,1.63,11.9,0.028,0.125,0.075,7.3,7.3,0.518,0.565,0.181,0.184,101.74,100.43,83.69,100.43,0.103,4823,4.9,11.1,103,77,77,123,168,168,81,75,75,293,184,296,252,223,242,61,61,158,115,217,220,45,97,97,145,91,86
1626143,Jahlil Okafor,1610612755,PHI,20.0,53,92.0,92.7,92.7,108.6,108.4,108.4,-16.6,-15.7,-15.7,0.088,0.52,6.2,0.075,0.16,0.117,11.8,11.7,0.509,0.536,0.272,0.278,97.37,97.08,80.9,97.08,0.117,3223,7.5,14.7,455,445,445,400,398,398,451,450,450,288,431,435,99,134,111,309,303,188,225,28,27,283,298,298,87,18,34
2037,Jamal Crawford,1610612746,LAC,36.0,79,105.5,104.8,104.8,103.1,102.8,102.8,2.3,2.0,2.0,0.145,1.62,13.6,0.009,0.058,0.034,8.4,8.3,0.466,0.529,0.239,0.246,97.97,98.45,82.05,98.45,0.095,4401,4.8,11.9,120,168,168,195,176,176,130,136,136,157,187,249,434,451,445,95,94,334,252,61,57,244,202,202,187,97,74
2749,Jameer Nelson,1610612743,DEN,34.0,39,101.3,102.5,102.5,108.4,109.5,109.5,-7.0,-7.1,-7.1,0.287,2.88,32.9,0.017,0.097,0.055,11.4,11.4,0.438,0.464,0.163,0.166,96.64,95.59,79.66,95.59,0.07,2069,2.9,7.9,304,263,263,394,416,416,380,381,381,40,26,21,344,330,349,284,283,399,410,311,310,329,392,392,351,215,164
202341,James Anderson,1610612758,SAC,27.0,51,101.2,100.8,100.8,104.4,105.7,105.7,-3.2,-4.8,-4.8,0.078,0.98,15.0,0.017,0.091,0.055,15.3,15.3,0.441,0.469,0.134,0.137,103.44,103.03,85.85,103.03,0.041,1544,1.3,3.5,310,318,318,259,303,303,297,342,342,320,334,209,346,352,346,433,433,391,400,403,405,14,28,28,441,380,362
203516,James Ennis III,1610612740,NOP,25.0,22,105.1,104.7,104.7,111.5,110.5,110.5,-6.4,-5.8,-5.8,0.104,1.11,12.4,0.066,0.069,0.067,11.2,11.3,0.593,0.621,0.196,0.2,96.11,96.73,80.61,96.73,0.092,659,2.5,5.1,125,171,171,434,430,430,364,358,358,229,302,280,119,436,279,273,279,30,28,165,171,358,325,325,202,260,276
201935,James Harden,1610612745,HOU,26.0,82,107.2,108.6,108.6,106.0,106.9,106.9,1.2,1.6,1.6,0.354,1.64,20.7,0.019,0.14,0.079,12.7,12.6,0.512,0.598,0.319,0.325,99.83,98.74,82.28,98.74,0.174,6437,8.7,19.7,76,45,45,318,348,348,160,149,149,14,182,113,316,177,227,356,351,183,50,4,3,120,187,187,7,6,3
201949,James Johnson,1610612761,TOR,29.0,57,104.4,104.9,104.9,104.9,105.1,105.1,-0.5,-0.2,-0.2,0.113,1.24,17.1,0.031,0.11,0.07,13.8,13.8,0.517,0.532,0.157,0.16,94.6,94.24,78.53,94.24,0.067,1823,2.0,4.2,159,158,158,275,278,278,211,203,203,207,272,168,231,280,259,389,390,162,242,328,333,438,448,448,363,307,329
2592,James Jones,1610612739,CLE,35.0,48,96.1,96.1,96.1,100.7,99.7,99.7,-4.7,-3.6,-3.6,0.054,1.08,7.9,0.016,0.087,0.05,7.3,7.2,0.553,0.58,0.156,0.163,95.98,96.48,80.4,96.48,0.071,938,1.2,3.0,432,425,425,106,71,71,330,310,310,408,310,406,362,375,381,60,57,73,80,337,325,363,345,345,344,394,387
203949,James Michael McAdoo,1610612744,GSW,23.0,41,99.6,97.3,97.3,115.4,114.4,114.4,-15.9,-17.1,-17.1,0.11,1.06,12.1,0.107,0.115,0.111,11.4,11.5,0.542,0.554,0.194,0.201,99.68,101.31,84.43,101.31,0.074,555,1.1,2.0,367,405,405,456,460,460,448,451,451,217,314,288,29,260,123,285,295,95,160,174,170,133,68,68,321,404,425
203923,James Young,1610612738,BOS,20.0,29,100.4,98.6,98.6,106.5,104.3,104.3,-6.1,-5.7,-5.7,0.063,1.8,17.3,0.019,0.113,0.063,9.6,9.7,0.389,0.384,0.092,0.095,99.0,100.99,84.16,100.99,0.025,417,0.4,1.2,342,381,381,340,243,243,360,355,355,382,140,163,325,269,296,163,169,441,456,467,467,169,78,78,459,465,461
203099,Jared Cunningham,1610612739,CLE,25.0,44,99.9,98.5,98.5,103.1,103.4,103.4,-3.2,-4.8,-4.8,0.074,0.95,11.6,0.008,0.088,0.048,12.1,12.3,0.4,0.464,0.166,0.169,96.38,96.9,80.75,96.9,0.032,827,0.8,2.4,358,382,382,194,194,194,298,341,341,338,341,309,444,371,404,332,341,433,407,301,297,348,311,311,451,427,411
201162,Jared Dudley,1610612764,WAS,30.0,81,104.1,105.1,105.1,103.0,103.3,103.3,1.1,1.7,1.7,0.112,2.14,21.9,0.026,0.113,0.069,10.3,10.2,0.581,0.602,0.127,0.129,99.82,99.23,82.69,99.23,0.077,4329,2.9,6.0,178,154,154,188,192,192,166,144,144,208,83,99,263,268,263,211,211,38,45,425,427,122,159,159,301,221,235
203096,Jared Sullinger,1610612738,BOS,24.0,81,105.7,107.4,107.4,101.3,102.1,102.1,4.4,5.3,5.3,0.148,1.83,16.0,0.094,0.243,0.167,8.7,8.7,0.453,0.476,0.216,0.217,100.44,99.25,82.71,99.25,0.122,3960,4.3,10.0,113,75,75,122,142,142,85,65,65,151,135,184,53,20,22,113,113,370,389,116,120,87,157,157,72,121,112
204067,Jarell Eddie,1610612764,WAS,24.0,26,94.6,89.8,89.8,105.5,102.2,102.2,-10.9,-12.4,-12.4,0.058,5.0,6.7,0.012,0.134,0.07,1.3,1.3,0.423,0.46,0.191,0.201,100.86,105.15,87.62,105.15,0.088,325,0.8,2.5,444,455,455,295,148,148,422,434,434,392,2,428,420,200,262,13,13,415,420,186,166,72,13,13,228,433,406
1626185,Jarell Martin,1610612763,MEM,22.0,27,101.3,102.0,102.0,107.0,106.1,106.1,-5.8,-4.1,-4.1,0.065,0.79,8.5,0.091,0.131,0.11,10.7,10.7,0.466,0.534,0.179,0.182,96.62,96.69,80.57,96.69,0.071,761,2.0,4.3,308,282,282,359,321,321,353,324,324,379,384,393,61,206,127,251,250,336,234,224,228,334,330,330,343,307,322
203950,Jarnell Stokes,1610612763,MEM,22.0,7,101.0,100.0,100.0,80.6,76.3,76.3,20.3,23.7,23.7,0.083,0.0,14.3,0.0,0.0,0.0,0.0,0.0,0.6,0.595,0.133,0.141,95.05,98.15,81.79,98.15,0.162,38,0.4,0.7,319,342,342,1,2,2,3,3,3,299,457,227,455,459,454,1,1,23,54,404,391,413,224,224,13,459,471
101127,Jarrett Jack,1610612751,BKN,32.0,32,101.3,101.8,101.8,107.1,107.7,107.7,-5.8,-6.0,-6.0,0.34,2.51,32.1,0.009,0.125,0.066,12.8,12.7,0.434,0.505,0.209,0.213,98.35,97.81,81.51,97.81,0.106,2089,4.4,11.2,307,290,290,362,377,377,354,360,360,17,40,27,438,222,284,359,360,402,331,129,130,206,251,251,132,117,84
201160,Jason Smith,1610612753,ORL,30.0,76,102.2,101.9,101.9,104.0,103.0,103.0,-1.8,-1.1,-1.1,0.087,1.09,9.6,0.045,0.144,0.094,8.8,8.7,0.489,0.513,0.218,0.224,98.29,98.86,82.38,98.86,0.088,2427,3.2,6.6,267,283,283,235,184,184,248,232,232,292,308,364,173,167,187,114,114,255,303,109,107,215,182,182,235,190,212
1891,Jason Terry,1610612745,HOU,38.0,72,106.6,106.1,106.1,106.9,106.9,106.9,-0.3,-0.8,-0.8,0.125,2.1,19.0,0.011,0.052,0.031,9.1,9.0,0.525,0.54,0.146,0.15,99.6,99.88,83.23,99.88,0.062,2641,2.1,5.2,89,109,109,356,343,343,206,219,219,180,90,133,428,456,451,132,132,138,211,366,369,140,127,127,383,300,269
201574,Jason Thompson,1610612761,TOR,29.0,47,105.8,104.4,104.4,104.6,105.5,105.5,1.2,-1.1,-1.1,0.094,1.93,16.4,0.067,0.209,0.139,8.5,8.5,0.505,0.558,0.137,0.14,97.03,97.29,81.08,97.29,0.085,957,1.1,2.3,106,181,181,265,292,292,159,230,230,266,116,179,117,45,58,101,106,202,148,392,393,299,281,281,252,402,417
201965,Jeff Ayres,1610612746,LAC,29.0,17,97.3,90.6,90.6,115.5,111.2,111.2,-18.2,-20.5,-20.5,0.078,0.83,13.5,0.04,0.154,0.101,16.2,16.4,0.522,0.585,0.134,0.142,95.52,100.85,84.04,100.85,0.055,224,0.7,1.4,417,452,452,457,439,439,458,459,459,317,375,253,192,146,161,444,445,144,71,399,387,389,87,87,407,442,456
201145,Jeff Green,1610612746,LAC,29.0,80,103.5,103.7,103.7,103.6,104.8,104.8,-0.1,-1.0,-1.0,0.102,1.48,12.0,0.033,0.116,0.075,8.1,8.1,0.47,0.51,0.204,0.207,95.56,94.91,79.09,94.91,0.087,4458,4.4,10.3,203,207,207,222,264,264,196,229,229,239,214,295,220,258,244,82,84,320,312,144,147,385,418,418,244,111,102
201952,Jeff Teague,1610612737,ATL,28.0,79,102.5,103.2,103.2,100.9,102.1,102.1,1.5,1.1,1.1,0.341,2.16,26.0,0.014,0.074,0.045,12.1,12.0,0.495,0.551,0.259,0.263,100.27,99.36,82.8,99.36,0.119,4674,5.5,12.5,254,229,229,111,141,141,151,168,168,16,82,53,382,423,412,330,327,243,171,38,39,96,152,152,82,62,63
203481,Jeff Withey,1610612762,UTA,26.0,51,102.0,100.8,100.8,97.6,97.8,97.8,4.4,3.0,3.0,0.051,0.71,8.4,0.089,0.183,0.136,11.8,11.9,0.537,0.577,0.149,0.153,92.35,92.84,77.37,92.84,0.113,1282,1.7,3.2,275,321,321,42,44,44,84,108,108,413,401,394,66,90,66,310,311,112,86,361,364,469,467,467,105,341,376
203924,Jerami Grant,1610612755,PHI,22.0,77,96.5,96.0,96.0,105.7,106.6,106.6,-9.1,-10.7,-10.7,0.106,1.23,13.6,0.046,0.122,0.084,11.1,11.2,0.448,0.506,0.179,0.183,99.96,99.79,83.16,99.79,0.073,4278,3.3,7.8,425,427,427,302,336,336,402,418,418,227,276,247,169,231,214,265,266,381,326,220,223,113,130,130,326,183,167
202379,Jeremy Evans,1610612742,DAL,28.0,30,97.9,93.9,93.9,102.4,99.5,99.5,-4.5,-5.6,-5.6,0.013,0.29,3.0,0.042,0.151,0.099,10.6,10.6,0.583,0.62,0.109,0.116,100.05,103.67,86.39,103.67,0.087,537,0.9,1.6,405,441,441,157,66,66,329,351,351,462,451,460,186,150,172,236,236,33,30,458,455,109,21,21,241,425,445
203087,Jeremy Lamb,1610612766,CHA,24.0,66,101.6,102.0,102.0,95.7,95.8,95.8,5.9,6.2,6.2,0.111,1.54,11.4,0.035,0.157,0.097,7.4,7.4,0.506,0.529,0.214,0.219,97.99,97.72,81.43,97.72,0.119,2497,3.5,7.7,294,278,278,24,24,24,63,58,58,213,205,313,215,140,177,63,62,196,257,121,117,243,258,258,81,166,168
202391,Jeremy Lin,1610612766,CHA,27.0,78,103.1,103.5,103.5,100.4,101.2,101.2,2.7,2.2,2.2,0.192,1.57,18.8,0.02,0.097,0.059,12.0,12.1,0.464,0.534,0.217,0.22,98.37,97.74,81.45,97.74,0.092,4165,3.8,9.3,225,217,217,95,109,109,122,132,132,100,200,137,313,326,319,328,329,341,235,113,114,204,256,256,204,139,128
1626170,Jerian Grant,1610612752,NYK,23.0,76,97.3,97.3,97.3,103.8,103.9,103.9,-6.5,-6.5,-6.5,0.236,2.03,25.0,0.017,0.091,0.054,12.3,12.3,0.422,0.479,0.185,0.189,96.62,96.59,80.49,96.59,0.082,2545,2.0,5.1,416,404,404,227,221,221,367,369,369,68,102,61,341,353,354,340,338,419,385,207,204,335,337,337,266,304,275
201573,Jerryd Bayless,1610612749,MIL,27.0,52,102.9,103.1,103.1,107.7,109.1,109.1,-4.9,-6.0,-6.0,0.168,2.23,22.9,0.015,0.081,0.048,10.3,10.2,0.539,0.568,0.164,0.167,95.6,94.9,79.08,94.9,0.08,2972,3.6,8.4,234,234,234,384,407,407,335,363,363,124,73,86,381,394,395,212,212,105,108,308,309,383,419,419,281,158,150
202690,Jimmer Fredette,1610612759,SAS,27.0,6,47.1,44.7,44.7,118.2,110.5,110.5,-71.1,-65.8,-65.8,0.5,0.5,10.0,0.0,0.0,0.0,20.0,19.6,0.5,0.625,0.225,0.242,97.87,103.88,86.57,103.88,0.068,38,0.3,0.8,476,476,476,461,430,430,475,474,474,1,432,350,455,459,454,462,461,218,26,92,66,250,19,19,358,468,467
202710,Jimmy Butler III,1610612741,CHI,26.0,67,102.5,104.2,104.2,103.3,104.5,104.5,-0.8,-0.3,-0.3,0.218,2.43,18.9,0.031,0.103,0.068,7.8,7.8,0.485,0.562,0.242,0.245,97.89,96.53,80.44,96.53,0.141,4976,7.0,15.4,252,193,193,206,251,251,221,210,210,81,55,135,233,301,275,73,75,273,129,57,59,249,341,341,32,28,29
201149,Joakim Noah,1610612741,CHI,31.0,29,99.1,98.8,98.8,99.2,99.9,99.9,-0.2,-1.2,-1.2,0.256,2.12,34.7,0.123,0.235,0.179,16.4,16.5,0.383,0.406,0.137,0.139,98.19,98.01,81.68,98.01,0.115,1288,1.8,4.6,377,373,373,68,77,77,200,234,234,59,86,13,12,25,13,446,447,447,450,391,394,225,229,229,95,337,305
201975,Jodie Meeks,1610612765,DET,28.0,3,100.4,96.6,96.6,88.0,92.7,92.7,12.4,3.9,3.9,0.143,3.0,11.5,0.022,0.089,0.056,3.8,3.9,0.45,0.506,0.232,0.243,94.42,93.82,78.18,93.82,0.103,88,2.3,6.7,345,418,418,4,8,8,18,92,92,159,19,311,292,367,342,18,18,377,327,75,63,444,455,455,147,271,211
203925,Joe Harris,1610612739,CLE,24.0,5,95.9,88.6,88.6,151.2,162.5,162.5,-55.2,-73.9,-73.9,0.182,2.0,28.6,0.0,0.0,0.0,14.3,14.3,0.375,0.375,0.128,0.142,106.02,106.47,88.72,106.47,0.038,35,0.2,0.8,434,458,458,474,475,475,473,475,475,111,105,42,455,459,454,408,408,449,460,423,389,5,11,11,447,472,469
204060,Joe Ingles,1610612762,UTA,28.0,81,99.7,99.4,99.4,101.8,100.3,100.3,-2.1,-0.9,-0.9,0.125,1.48,21.0,0.015,0.109,0.061,14.2,14.1,0.565,0.572,0.128,0.133,94.43,95.24,79.37,95.24,0.079,2474,1.5,3.6,363,355,355,136,83,83,260,221,221,182,215,111,369,282,308,404,401,56,100,419,414,443,405,405,287,353,354
2207,Joe Johnson,1610612748,MIA,35.0,81,105.3,105.6,105.6,106.4,106.5,106.5,-1.1,-0.9,-0.9,0.172,2.0,22.7,0.019,0.092,0.056,11.4,11.4,0.509,0.538,0.178,0.18,96.41,96.17,80.14,96.17,0.081,5413,4.7,10.6,124,124,124,331,331,331,228,224,224,121,105,89,322,351,338,280,281,189,217,230,237,345,365,365,275,102,95
1626202,Joe Young,1610612754,IND,24.0,41,98.2,97.8,97.8,103.3,102.1,102.1,-5.1,-4.4,-4.4,0.261,1.97,23.5,0.015,0.106,0.061,11.9,11.9,0.396,0.428,0.233,0.24,99.19,100.0,83.33,100.0,0.079,800,1.5,4.1,398,399,399,211,146,146,337,331,331,56,108,79,379,289,313,320,312,437,442,74,68,157,121,121,288,359,336
201202,Joel Anthony,1610612765,DET,33.0,19,95.8,91.7,91.7,102.8,102.7,102.7,-7.0,-11.0,-11.0,0.02,0.5,5.9,0.077,0.135,0.105,11.8,12.1,0.6,0.666,0.071,0.074,93.19,95.29,79.41,95.29,0.077,192,0.3,0.5,435,448,448,174,172,172,379,424,424,460,432,442,92,195,144,306,330,23,8,474,474,461,401,401,298,470,473
203530,Joffrey Lauvergne,1610612743,DEN,24.0,59,100.1,101.0,101.0,109.8,110.8,110.8,-9.7,-9.8,-9.8,0.093,1.04,10.7,0.073,0.204,0.138,10.4,10.4,0.53,0.567,0.196,0.199,97.61,96.72,80.6,96.72,0.114,2091,3.3,6.4,354,312,312,417,435,435,409,410,410,268,319,333,104,51,62,216,215,126,110,167,174,267,326,326,99,179,217
203089,John Henson,1610612749,MIL,25.0,57,97.5,96.6,96.6,102.4,103.4,103.4,-4.8,-6.8,-6.8,0.096,0.84,11.7,0.092,0.133,0.113,13.9,13.9,0.564,0.58,0.188,0.192,96.02,96.0,80.0,96.0,0.103,1911,2.9,5.1,413,417,417,153,193,193,334,372,372,258,370,304,57,202,119,391,392,59,81,199,201,362,371,371,146,219,279
203098,John Jenkins,1610612756,PHX,25.0,43,99.7,98.7,98.7,106.4,105.6,105.6,-6.6,-6.9,-6.9,0.111,1.3,15.2,0.015,0.094,0.054,11.7,11.6,0.494,0.522,0.167,0.174,102.27,103.13,85.95,103.13,0.075,1035,1.7,3.7,362,376,376,333,300,300,370,375,375,212,261,201,370,340,353,305,297,247,275,280,274,32,26,26,314,343,348
202322,John Wall,1610612764,WAS,25.0,77,104.0,105.8,105.8,103.3,104.1,104.1,0.7,1.7,1.7,0.449,2.48,30.4,0.015,0.122,0.068,12.3,12.2,0.467,0.51,0.28,0.284,100.56,99.33,82.77,99.33,0.144,5763,7.4,17.5,182,120,120,208,240,240,180,146,146,5,45,33,375,230,274,336,334,332,310,26,26,82,154,154,25,21,13
203948,Johnny O'Bryant III,1610612749,MIL,23.0,66,100.5,99.7,99.7,106.2,106.6,106.6,-5.7,-6.9,-6.9,0.057,1.03,11.1,0.079,0.133,0.106,10.7,10.7,0.414,0.441,0.135,0.139,94.36,94.56,78.8,94.56,0.045,1682,1.3,3.2,338,353,353,326,335,335,352,376,376,398,321,326,90,201,138,250,249,423,433,398,395,446,430,430,437,383,377
202720,Jon Leuer,1610612756,PHX,27.0,67,101.3,101.7,101.7,104.3,103.9,103.9,-3.0,-2.2,-2.2,0.09,0.96,11.0,0.058,0.23,0.143,11.4,11.4,0.526,0.555,0.195,0.199,101.82,101.86,84.89,101.86,0.126,2661,3.3,7.0,303,292,292,251,226,226,291,265,265,277,339,329,139,28,50,283,282,136,155,170,178,41,51,51,64,176,200
201973,Jonas Jerebko,1610612738,BOS,29.0,78,101.4,101.1,101.1,98.5,98.1,98.1,2.9,3.0,3.0,0.078,1.19,14.3,0.06,0.17,0.115,12.0,12.0,0.488,0.531,0.133,0.136,100.61,100.98,84.15,100.98,0.08,2454,1.5,3.7,302,308,308,56,50,50,117,110,110,318,287,230,135,120,113,322,323,260,245,406,409,81,80,80,277,357,349
202685,Jonas Valančiūnas,1610612761,TOR,24.0,60,109.1,110.8,110.8,106.1,107.1,107.1,3.0,3.7,3.7,0.045,0.49,5.5,0.125,0.245,0.185,11.2,11.2,0.565,0.61,0.204,0.207,95.49,94.28,78.57,94.28,0.142,3073,5.1,8.9,44,28,28,321,356,356,115,95,95,427,436,448,10,19,8,271,269,55,35,141,151,390,443,443,31,86,135
203613,Jonathon Simmons,1610612759,SAS,26.0,55,108.4,107.2,107.2,101.2,101.0,101.0,7.2,6.3,6.3,0.108,1.09,14.9,0.022,0.099,0.063,13.6,13.5,0.541,0.586,0.183,0.19,96.62,97.23,81.03,97.23,0.071,1642,2.2,4.4,55,79,79,117,103,103,51,56,56,219,306,213,294,315,302,385,382,97,69,213,202,333,286,286,348,290,313
203919,Jordan Adams,1610612763,MEM,21.0,2,100.8,103.0,103.0,95.5,88.2,88.2,5.3,14.8,14.8,0.273,1.5,23.1,0.0,0.0,0.0,15.4,15.2,0.333,0.427,0.286,0.286,106.56,109.64,91.36,109.64,0.092,33,1.0,3.0,325,239,239,21,4,4,68,7,7,48,207,85,455,459,454,434,425,463,443,20,25,3,4,4,206,410,383
203903,Jordan Clarkson,1610612747,LAL,24.0,79,98.4,99.8,99.8,111.5,111.9,111.9,-13.1,-12.1,-12.1,0.139,1.42,12.7,0.033,0.086,0.059,8.9,8.9,0.483,0.516,0.225,0.228,98.26,97.38,81.15,97.38,0.087,5178,6.0,13.9,394,351,351,432,444,444,437,431,431,166,236,274,221,379,323,121,126,276,293,90,98,217,279,279,240,53,44
200770,Jordan Farmar,1610612763,MEM,29.0,12,99.1,101.0,101.0,112.7,112.7,112.7,-13.6,-11.7,-11.7,0.198,2.06,23.3,0.012,0.085,0.044,11.3,11.3,0.5,0.527,0.178,0.182,95.61,94.67,78.89,94.67,0.084,576,3.5,8.3,376,309,309,443,451,451,440,428,428,96,99,82,405,382,423,277,273,218,262,226,229,380,426,426,260,164,153
202706,Jordan Hamilton,1610612740,NOP,25.0,11,104.1,104.2,104.2,115.3,114.2,114.2,-11.2,-10.0,-10.0,0.128,1.47,15.0,0.039,0.172,0.103,10.2,10.2,0.478,0.499,0.203,0.208,97.57,98.0,81.67,98.0,0.082,619,4.5,10.5,177,191,191,454,457,457,425,412,412,174,216,208,195,118,157,207,205,293,345,148,143,269,231,231,267,110,97
201941,Jordan Hill,1610612754,IND,28.0,73,102.5,102.6,102.6,101.3,101.2,101.2,1.2,1.3,1.3,0.096,0.95,11.1,0.1,0.186,0.143,11.7,11.7,0.506,0.534,0.201,0.204,96.63,96.62,80.52,96.62,0.118,3049,3.8,7.5,251,259,259,121,110,110,161,160,160,260,343,325,40,87,51,303,304,195,232,156,160,332,334,334,86,142,176
203895,Jordan McRae,1610612739,CLE,25.0,22,107.2,107.0,107.0,96.7,94.3,94.3,10.6,12.7,12.7,0.216,1.67,19.2,0.021,0.075,0.05,11.5,11.5,0.5,0.548,0.244,0.253,93.22,94.43,78.69,94.43,0.096,383,1.5,3.5,75,85,85,30,14,14,33,17,17,82,172,130,300,418,385,295,293,218,180,53,49,460,435,435,179,351,357
1626175,Jordan Mickey,1610612738,BOS,21.0,16,98.2,94.1,94.1,89.0,88.3,88.3,9.3,5.8,5.8,0.03,1.0,3.6,0.091,0.111,0.101,3.6,3.5,0.364,0.398,0.193,0.208,97.85,100.32,83.6,100.32,0.072,119,0.5,1.4,397,438,438,5,5,5,41,63,63,453,327,458,63,275,163,17,17,450,454,177,145,252,103,103,331,453,455
203268,Jorge Gutierrez,1610612766,CHA,27.0,12,114.7,108.1,108.1,103.2,103.7,103.7,11.6,4.4,4.4,0.395,2.83,43.6,0.0,0.092,0.0,15.4,15.4,0.545,0.694,0.148,0.155,99.65,102.37,85.31,102.37,0.143,136,0.5,0.9,9,59,59,197,216,216,25,83,83,7,28,2,455,348,454,434,435,90,4,363,353,134,36,36,28,453,465
101181,Jose Calderon,1610612752,NYK,34.0,72,104.3,105.5,105.5,106.3,107.2,107.2,-2.0,-1.7,-1.7,0.213,3.43,34.7,0.011,0.098,0.056,10.1,10.1,0.552,0.571,0.124,0.126,95.18,94.25,78.54,94.25,0.088,3970,2.9,6.3,163,133,133,328,358,358,254,251,251,85,9,14,425,324,341,202,199,75,102,431,434,408,445,445,231,213,224
203962,Josh Huestis,1610612760,OKC,24.0,5,104.2,108.1,108.1,107.7,103.5,103.5,-3.4,4.6,4.6,0.0,0.0,0.0,0.038,0.138,0.091,17.6,17.9,0.583,0.509,0.135,0.132,98.09,98.21,81.84,98.21,0.042,111,1.0,2.4,168,58,58,379,203,203,303,78,78,463,457,463,198,186,194,453,454,33,313,395,419,233,221,221,440,410,409
201177,Josh McRoberts,1610612748,MIA,29.0,42,103.8,102.6,102.6,101.9,102.0,102.0,1.9,0.6,0.6,0.204,2.7,29.3,0.039,0.139,0.091,10.9,10.8,0.412,0.453,0.148,0.154,95.26,95.73,79.77,95.73,0.072,1185,1.3,3.5,193,257,257,138,137,137,140,180,180,91,32,37,194,182,196,259,258,425,425,362,363,404,382,382,335,381,359
1626196,Josh Richardson,1610612748,MIA,22.0,52,104.6,104.3,104.3,101.4,102.5,102.5,3.1,1.8,1.8,0.098,2.09,17.8,0.02,0.075,0.048,8.6,8.6,0.55,0.569,0.134,0.137,95.69,95.27,79.39,95.27,0.066,2197,2.4,5.2,149,185,185,129,166,166,106,142,142,254,93,152,313,419,394,108,108,82,106,400,402,376,402,402,365,268,268
2746,Josh Smith,1610612745,HOU,30.0,55,97.9,96.7,96.7,101.9,101.5,101.5,-4.0,-4.7,-4.7,0.172,1.17,16.4,0.053,0.154,0.102,14.0,14.1,0.423,0.439,0.221,0.226,100.12,100.97,84.14,100.97,0.066,1857,2.3,6.3,404,413,413,139,122,122,317,340,340,120,291,178,152,145,159,394,400,418,435,103,102,106,81,81,366,276,221
201950,Jrue Holiday,1610612740,NOP,26.0,65,105.6,106.7,106.7,105.9,106.1,106.1,-0.3,0.6,0.6,0.365,2.34,24.6,0.014,0.094,0.053,10.5,10.5,0.485,0.529,0.283,0.287,99.71,99.13,82.61,99.13,0.129,3783,6.3,14.4,116,94,94,315,318,318,207,179,179,12,62,66,384,339,359,231,232,272,256,24,24,130,165,165,54,47,39
203944,Julius Randle,1610612747,LAL,21.0,81,97.7,98.9,98.9,113.0,113.0,113.0,-15.4,-14.1,-14.1,0.111,0.97,11.6,0.069,0.292,0.174,12.0,12.0,0.435,0.482,0.209,0.212,98.12,97.52,81.27,97.52,0.11,4632,4.4,10.3,412,366,366,446,453,453,445,442,442,214,336,310,111,3,16,323,320,401,377,126,133,230,271,271,113,112,101
1626147,Justin Anderson,1610612742,DAL,22.0,55,101.9,100.7,100.7,99.8,99.3,99.3,2.1,1.4,1.4,0.071,1.21,11.4,0.026,0.167,0.096,9.4,9.5,0.469,0.522,0.152,0.155,98.17,99.06,82.55,99.06,0.094,1329,1.3,3.2,280,324,324,77,61,61,135,156,156,355,283,314,262,128,179,157,159,327,273,350,351,226,170,170,193,385,375
202712,Justin Harper,1610612751,BKN,26.0,5,89.8,84.5,84.5,141.7,133.3,133.3,-51.9,-48.8,-48.8,0.0,0.0,0.0,0.0,0.0,0.0,15.4,15.5,0.6,0.597,0.167,0.177,90.14,95.77,79.81,95.77,0.021,71,0.8,2.0,464,466,466,473,472,472,472,473,473,463,457,463,455,459,454,434,437,23,52,285,252,476,379,379,464,428,427
203200,Justin Holiday,1610612741,CHI,27.0,53,101.5,100.5,100.5,104.9,104.5,104.5,-3.4,-4.0,-4.0,0.111,1.44,16.5,0.015,0.098,0.057,11.5,11.5,0.465,0.489,0.16,0.164,98.72,99.41,82.84,99.41,0.059,1588,1.7,4.3,295,330,330,276,254,254,304,317,317,215,233,176,367,325,335,290,291,339,370,319,321,188,151,151,393,342,321
1626159,Justise Winslow,1610612748,MIA,20.0,78,102.9,102.7,102.7,99.0,100.3,100.3,3.9,2.4,2.4,0.077,1.24,16.2,0.038,0.14,0.091,13.0,13.1,0.457,0.489,0.122,0.124,96.45,95.88,79.9,95.88,0.064,4461,2.5,5.9,233,252,252,65,85,85,94,125,125,328,270,181,203,176,197,367,367,362,371,439,442,344,375,375,373,256,239
203994,Jusuf Nurkić,1610612743,DEN,21.0,32,103.8,104.7,104.7,105.1,105.3,105.3,-1.3,-0.6,-0.6,0.123,0.73,10.5,0.113,0.2,0.155,14.4,14.5,0.417,0.46,0.266,0.272,98.31,97.83,81.52,97.83,0.085,1115,3.2,7.6,190,172,172,282,286,286,235,216,216,185,398,337,22,62,39,412,413,420,418,33,30,211,247,247,253,197,174
203909,KJ McDaniels,1610612745,HOU,23.0,37,112.7,108.1,108.1,93.8,93.3,93.3,18.9,14.9,14.9,0.059,0.59,8.8,0.067,0.091,0.08,15.0,15.2,0.451,0.522,0.179,0.188,100.4,102.8,85.67,102.8,0.062,504,0.8,1.9,13,56,56,7,13,13,5,6,6,389,427,386,116,355,223,425,425,375,272,223,209,90,31,31,380,432,433
1626157,Karl-Anthony Towns,1610612750,MIN,20.0,82,106.0,106.8,106.8,108.1,109.3,109.3,-2.1,-2.5,-2.5,0.108,0.88,10.0,0.092,0.242,0.169,11.4,11.3,0.555,0.59,0.243,0.247,97.99,97.06,80.88,97.06,0.154,5311,7.6,14.1,99,89,89,391,413,413,259,281,281,218,360,351,59,21,20,278,278,70,60,56,55,242,301,301,16,17,42
202695,Kawhi Leonard,1610612759,SAS,25.0,72,109.2,110.0,110.0,94.9,95.9,95.9,14.3,14.1,14.1,0.128,1.77,12.3,0.042,0.164,0.106,6.9,6.9,0.565,0.616,0.252,0.258,95.77,94.95,79.12,94.95,0.17,4702,7.7,15.1,40,34,34,14,25,25,13,11,11,176,149,283,182,133,143,50,49,57,33,44,44,372,416,416,10,16,30
203951,Keith Appling,1610612753,ORL,24.0,5,101.7,100.0,100.0,81.4,72.4,72.4,20.3,27.6,27.6,0.059,0.33,7.7,0.0,0.0,0.0,23.1,23.3,0.25,0.338,0.2,0.201,95.32,101.9,84.92,101.9,-0.063,56,0.4,1.6,286,342,342,2,1,1,2,2,2,390,448,415,455,459,454,469,469,471,469,158,165,401,49,49,476,462,445
203482,Kelly Olynyk,1610612738,BOS,25.0,69,102.9,103.6,103.6,97.7,96.8,96.8,5.2,6.8,6.8,0.119,1.42,13.3,0.047,0.138,0.092,9.3,9.4,0.531,0.561,0.204,0.207,101.56,101.67,84.73,101.67,0.111,2963,3.7,8.1,231,213,213,45,33,33,71,51,51,191,238,259,166,185,192,148,149,123,135,142,149,49,58,58,110,150,160
1626162,Kelly Oubre Jr.,1610612764,WAS,20.0,63,102.0,100.4,100.4,104.0,103.0,103.0,-2.0,-2.6,-2.6,0.029,0.38,4.7,0.035,0.155,0.095,12.3,12.2,0.486,0.507,0.166,0.173,101.09,102.42,85.35,102.42,0.051,1428,1.4,3.3,277,333,333,233,182,182,252,286,286,455,447,453,210,144,181,339,333,265,317,293,276,59,35,35,417,369,370
202689,Kemba Walker,1610612766,CHA,26.0,81,106.4,107.4,107.4,102.2,103.6,103.6,4.2,3.8,3.8,0.253,2.46,19.9,0.019,0.102,0.06,8.1,8.1,0.495,0.554,0.261,0.265,97.73,96.57,80.47,96.57,0.135,5814,7.0,16.4,91,76,76,148,213,213,88,94,94,62,47,120,323,304,315,84,85,242,159,36,37,261,339,339,44,29,20
203088,Kendall Marshall,1610612755,PHI,24.0,30,97.7,98.0,98.0,112.3,111.1,111.1,-14.6,-13.1,-13.1,0.266,1.7,30.4,0.005,0.067,0.034,17.9,17.9,0.432,0.449,0.179,0.181,102.42,102.81,85.68,102.81,0.049,855,1.4,3.9,411,394,394,439,437,437,443,436,436,51,165,32,454,442,443,455,455,403,429,222,233,29,30,30,421,368,341
2570,Kendrick Perkins,1610612740,NOP,31.0,37,105.0,103.7,103.7,110.9,109.7,109.7,-5.8,-6.0,-6.0,0.077,0.76,19.5,0.048,0.196,0.122,25.8,25.9,0.533,0.529,0.103,0.106,98.72,99.84,83.2,99.84,0.046,1123,1.1,2.0,129,208,208,429,418,418,356,362,362,323,392,123,162,71,99,473,473,116,253,464,464,189,128,128,434,405,426
202702,Kenneth Faried,1610612743,DEN,26.0,67,104.7,106.5,106.5,109.1,110.0,110.0,-4.3,-3.5,-3.5,0.077,0.87,8.9,0.132,0.21,0.17,10.2,10.2,0.558,0.577,0.203,0.207,98.14,96.9,80.75,96.9,0.126,3425,5.2,9.3,142,97,97,407,423,423,325,305,305,322,363,384,8,43,19,209,208,67,87,146,152,228,313,313,63,78,125
203145,Kent Bazemore,1610612737,ATL,26.0,75,102.6,102.8,102.8,99.5,100.6,100.6,3.2,2.3,2.3,0.127,1.24,15.5,0.013,0.156,0.088,12.5,12.5,0.517,0.551,0.195,0.199,100.17,99.54,82.95,99.54,0.1,4308,4.3,9.7,242,246,246,70,95,95,105,130,130,178,273,190,392,141,200,347,348,163,168,168,175,104,146,146,157,124,118
203484,Kentavious Caldwell-Pope,1610612765,DET,23.0,76,104.6,106.5,106.5,102.6,103.9,103.9,2.0,2.6,2.6,0.075,1.31,10.6,0.023,0.077,0.048,8.1,8.1,0.479,0.521,0.177,0.18,97.95,96.45,80.37,96.45,0.077,5616,5.3,12.6,144,98,98,165,227,227,137,117,117,336,257,335,286,411,396,83,82,291,277,231,241,245,348,348,302,72,59
201142,Kevin Durant,1610612760,OKC,27.0,72,113.4,114.5,114.5,102.2,102.9,102.9,11.2,11.6,11.6,0.23,1.44,16.4,0.018,0.188,0.11,11.4,11.3,0.573,0.634,0.298,0.305,100.21,99.34,82.78,99.34,0.194,5347,9.7,19.2,11,6,6,147,179,179,27,23,23,73,232,177,334,82,128,281,276,41,18,11,11,101,153,153,2,3,5
708,Kevin Garnett,1610612750,MIN,40.0,38,103.0,102.0,102.0,96.4,97.4,97.4,6.6,4.6,4.6,0.164,3.88,30.5,0.028,0.235,0.135,7.9,7.9,0.47,0.491,0.114,0.117,96.09,96.1,80.08,96.1,0.109,1115,1.4,3.0,228,281,281,27,39,39,54,79,79,128,6,31,250,24,68,76,77,322,360,450,448,360,367,367,118,371,382
201567,Kevin Love,1610612739,CLE,27.0,77,111.0,112.4,112.4,102.6,103.6,103.6,8.4,8.8,8.8,0.119,1.3,12.8,0.064,0.258,0.162,9.8,9.8,0.499,0.553,0.233,0.235,94.87,93.82,78.18,93.82,0.143,4744,5.3,12.7,22,12,12,161,210,210,45,36,36,192,259,272,126,9,26,178,180,227,162,73,78,424,456,456,27,71,57
2755,Kevin Martin,1610612759,SAS,33.0,55,101.4,101.0,101.0,106.8,106.4,106.4,-5.4,-5.4,-5.4,0.089,1.07,9.6,0.013,0.09,0.051,8.9,8.9,0.431,0.52,0.217,0.222,98.24,98.65,82.21,98.65,0.074,2250,2.8,7.6,297,314,314,349,329,329,345,349,349,280,312,363,396,363,374,122,124,405,282,114,111,219,189,189,323,226,173
202338,Kevin Seraphin,1610612752,NYK,26.0,48,92.6,92.7,92.7,102.9,100.4,100.4,-10.4,-7.6,-7.6,0.157,1.09,15.4,0.056,0.172,0.114,14.1,14.1,0.41,0.435,0.219,0.223,96.78,97.92,81.6,97.92,0.078,1072,1.8,4.3,452,444,444,183,89,89,414,391,391,140,307,194,142,117,115,396,398,429,439,107,108,317,236,236,289,338,324
1626172,Kevon Looney,1610612744,GSW,20.0,5,109.8,100.0,100.0,151.6,146.8,146.8,-41.8,-46.8,-46.8,0.0,0.0,0.0,0.0,0.0,0.0,12.5,12.5,0.643,0.643,0.14,0.154,102.91,109.52,91.27,109.52,0.105,47,0.8,1.4,31,342,342,475,474,474,469,470,470,463,457,463,455,459,454,343,344,8,13,381,358,20,5,5,136,428,454
203114,Khris Middleton,1610612749,MIL,24.0,79,104.6,105.6,105.6,104.8,106.4,106.4,-0.2,-0.8,-0.8,0.183,1.84,18.6,0.016,0.091,0.054,10.1,10.1,0.507,0.56,0.224,0.229,97.44,96.27,80.22,96.27,0.108,5726,6.4,14.5,147,130,130,271,328,328,203,220,220,108,133,141,358,358,351,200,193,194,137,95,95,279,360,360,123,44,37
2550,Kirk Hinrich,1610612737,ATL,35.0,46,100.2,99.8,99.8,98.7,98.5,98.5,1.5,1.3,1.3,0.173,2.43,30.5,0.012,0.093,0.052,12.6,12.6,0.473,0.504,0.113,0.117,96.72,97.03,80.86,97.03,0.056,1274,1.1,2.8,350,352,352,60,53,53,153,163,163,119,54,30,415,344,366,348,350,314,337,453,450,319,304,304,404,406,390
202691,Klay Thompson,1610612744,GSW,26.0,80,115.4,116.0,116.0,99.7,101.3,101.3,15.7,14.6,14.6,0.094,1.2,9.3,0.014,0.09,0.055,7.7,7.7,0.569,0.597,0.26,0.263,102.43,101.35,84.46,101.35,0.114,5636,8.1,17.3,8,4,4,72,115,115,8,8,8,265,284,371,386,360,344,72,72,46,53,37,38,28,64,64,100,11,14
977,Kobe Bryant,1610612747,LAL,37.0,66,98.3,100.1,100.1,114.0,114.9,114.9,-15.8,-14.8,-14.8,0.183,1.43,12.0,0.02,0.111,0.063,8.4,8.3,0.417,0.469,0.314,0.319,99.74,98.46,82.05,98.46,0.089,3820,6.0,16.9,396,340,340,450,462,462,447,447,447,107,235,294,309,277,297,98,93,421,399,6,6,129,200,200,227,51,17
201585,Kosta Koufos,1610612758,SAC,27.0,78,100.9,101.2,101.2,108.0,107.8,107.8,-7.1,-6.6,-6.6,0.034,0.69,5.8,0.107,0.17,0.138,8.4,8.4,0.532,0.54,0.152,0.155,100.96,100.91,84.09,100.91,0.088,3105,3.0,5.7,322,304,304,388,380,380,382,370,370,445,405,445,28,121,63,97,98,121,213,349,350,67,85,85,237,203,247
203123,Kostas Papanikolaou,1610612743,DEN,25.0,26,98.6,97.9,97.9,98.7,100.3,100.3,-0.2,-2.4,-2.4,0.077,0.76,14.5,0.027,0.107,0.067,19.1,19.2,0.439,0.464,0.141,0.145,94.93,94.44,78.7,94.44,0.044,581,0.9,2.5,389,397,397,59,87,87,201,278,278,326,390,224,254,288,278,459,459,396,409,376,379,419,434,434,439,423,403
2743,Kris Humphries,1610612737,ATL,31.0,53,100.7,101.2,101.2,106.0,105.5,105.5,-5.3,-4.3,-4.3,0.068,0.95,8.8,0.064,0.19,0.126,9.3,9.4,0.468,0.517,0.189,0.192,101.13,101.09,84.24,101.09,0.087,1745,2.3,5.6,330,303,303,319,296,296,344,329,329,366,342,387,124,77,93,147,152,328,292,195,199,58,74,74,245,282,252
204001,Kristaps Porziņģis,1610612752,NYK,20.0,72,103.9,104.6,104.6,104.1,104.3,104.3,-0.2,0.3,0.3,0.076,0.78,7.7,0.063,0.184,0.124,10.0,10.0,0.467,0.518,0.243,0.245,95.39,94.93,79.11,94.93,0.113,4048,5.2,12.3,187,173,173,238,245,245,205,190,190,330,387,410,129,88,94,187,189,331,287,55,58,396,417,417,102,80,66
203937,Kyle Anderson,1610612759,SAS,22.0,78,107.7,106.1,106.1,97.7,97.5,97.5,10.0,8.6,8.6,0.14,2.08,23.9,0.022,0.179,0.104,11.5,11.5,0.488,0.528,0.143,0.147,94.72,95.53,79.61,95.53,0.102,2473,1.8,3.8,64,110,110,44,40,40,37,38,38,164,94,72,291,98,149,291,290,258,260,375,374,429,395,395,148,336,346
2594,Kyle Korver,1610612737,ATL,35.0,80,104.5,105.5,105.5,98.1,98.3,98.3,6.4,7.2,7.2,0.095,1.67,18.4,0.006,0.096,0.053,11.0,10.9,0.562,0.577,0.132,0.135,99.7,99.17,82.64,99.17,0.068,4995,3.4,7.7,151,139,139,49,52,52,58,49,49,262,171,145,449,334,364,262,260,63,88,407,410,131,162,162,361,175,169
200768,Kyle Lowry,1610612761,TOR,30.0,77,108.6,110.8,110.8,102.7,104.4,104.4,5.9,6.4,6.4,0.293,2.2,23.2,0.02,0.111,0.066,10.6,10.5,0.516,0.578,0.256,0.26,95.39,93.63,78.02,93.63,0.145,5571,6.6,15.6,52,27,27,169,249,249,62,55,55,37,78,84,312,278,285,233,234,169,85,41,42,394,461,461,23,38,28
203124,Kyle O'Quinn,1610612752,NYK,26.0,65,100.0,99.9,99.9,104.1,103.8,103.8,-4.1,-3.9,-3.9,0.161,1.18,16.8,0.097,0.208,0.155,14.2,14.2,0.485,0.52,0.206,0.212,96.53,96.69,80.57,96.69,0.123,1540,2.0,4.2,355,349,349,243,219,219,319,314,314,136,289,170,45,49,40,405,404,270,283,136,131,341,329,329,71,315,330
202713,Kyle Singler,1610612760,OKC,28.0,68,103.3,103.1,103.1,104.0,103.8,103.8,-0.7,-0.6,-0.6,0.035,0.75,8.1,0.048,0.087,0.068,10.8,10.8,0.457,0.481,0.113,0.117,99.88,100.09,83.41,100.09,0.031,2033,1.3,3.3,216,232,232,237,217,217,219,215,215,443,393,398,161,373,277,256,255,361,382,454,449,118,113,113,453,389,372
202681,Kyrie Irving,1610612739,CLE,24.0,53,110.4,111.6,111.6,104.7,105.8,105.8,5.7,5.8,5.8,0.253,2.02,18.9,0.026,0.071,0.048,9.4,9.3,0.496,0.54,0.285,0.293,95.53,94.52,78.77,94.52,0.122,3290,7.4,16.6,26,20,20,268,306,306,64,62,62,61,103,136,257,432,399,149,144,240,210,22,19,387,432,432,75,20,19
200746,LaMarcus Aldridge,1610612759,SAS,30.0,74,109.1,109.6,109.6,97.1,97.9,97.9,12.1,11.7,11.7,0.081,1.11,7.9,0.084,0.199,0.144,7.1,7.1,0.513,0.565,0.258,0.26,94.88,94.3,78.58,94.3,0.151,4435,7.2,14.1,41,37,37,35,46,46,21,22,22,309,300,403,77,64,49,52,52,181,118,40,43,422,441,441,18,24,40
203934,Lamar Patterson,1610612737,ATL,24.0,35,106.3,106.3,106.3,103.2,102.1,102.1,3.1,4.2,4.2,0.134,1.7,25.7,0.01,0.122,0.065,15.1,15.2,0.425,0.468,0.123,0.126,99.82,100.4,83.67,100.4,0.037,825,0.8,2.3,93,104,104,204,140,140,113,85,85,169,166,56,430,233,288,426,428,413,402,436,437,121,99,99,449,428,419
202362,Lance Stephenson,1610612763,MEM,25.0,69,103.5,103.7,103.7,105.9,106.2,106.2,-2.4,-2.5,-2.5,0.152,1.41,17.8,0.029,0.135,0.081,12.6,12.5,0.513,0.548,0.194,0.199,97.46,97.24,81.03,97.24,0.098,2783,3.3,6.9,202,211,211,316,324,324,272,283,283,145,239,155,245,196,221,349,347,182,181,173,179,277,285,285,167,180,203
202498,Lance Thomas,1610612752,NYK,28.0,59,103.1,102.9,102.9,103.2,103.5,103.5,-0.1,-0.6,-0.6,0.066,0.93,9.8,0.027,0.069,0.049,10.5,10.5,0.5,0.557,0.166,0.172,96.65,96.57,80.48,96.57,0.064,2629,2.9,6.5,222,240,240,198,202,202,199,214,214,378,347,355,255,437,391,232,228,218,150,290,284,327,338,338,376,224,216
204038,Langston Galloway,1610612752,NYK,24.0,82,100.3,100.8,100.8,103.2,103.4,103.4,-2.9,-2.6,-2.6,0.161,3.39,22.9,0.02,0.115,0.068,6.8,6.7,0.458,0.49,0.151,0.155,96.7,96.38,80.31,96.38,0.083,4083,2.8,7.2,347,320,320,201,195,195,289,284,284,135,11,87,307,262,276,44,44,354,368,355,352,321,352,352,262,227,192
1626204,Larry Nance Jr.,1610612747,LAL,23.0,63,100.7,101.4,101.4,105.9,104.8,104.8,-5.2,-3.4,-3.4,0.055,1.07,10.9,0.076,0.165,0.12,10.1,10.1,0.528,0.544,0.124,0.126,96.87,97.06,80.89,97.06,0.09,2556,2.5,4.8,331,300,300,314,263,263,341,303,303,404,313,331,94,132,104,199,200,130,192,432,435,309,300,300,220,254,297
202730,Lavoy Allen,1610612754,IND,27.0,79,105.1,104.8,104.8,98.2,98.9,98.9,6.9,6.0,6.0,0.07,1.1,13.9,0.101,0.159,0.13,12.6,12.6,0.516,0.532,0.128,0.131,96.39,96.16,80.13,96.16,0.09,3203,2.4,4.7,128,162,162,50,58,58,52,60,60,357,304,239,39,137,82,350,352,165,240,420,421,347,366,366,216,262,302
2544,LeBron James,1610612739,CLE,31.0,76,112.4,114.0,114.0,101.4,102.6,102.6,11.0,11.4,11.4,0.339,2.06,21.6,0.042,0.167,0.106,10.5,10.4,0.551,0.588,0.305,0.311,95.83,94.61,78.85,94.61,0.189,5344,9.7,18.6,14,8,8,124,169,169,29,25,25,19,97,104,183,127,142,226,218,77,62,9,9,369,428,428,3,2,6
2571,Leandro Barbosa,1610612744,GSW,33.0,68,106.9,106.0,106.0,103.9,103.4,103.4,3.1,2.6,2.6,0.112,1.55,15.4,0.025,0.079,0.052,9.9,10.0,0.515,0.545,0.174,0.179,101.02,101.7,84.75,101.7,0.072,2278,2.5,5.4,82,112,112,228,196,196,111,119,119,210,203,193,266,403,370,184,184,173,189,245,245,63,57,57,336,252,258
203485,Lorenzo Brown,1610612765,DET,25.0,8,89.6,89.8,89.8,118.7,114.3,114.3,-29.1,-24.5,-24.5,0.306,1.22,23.9,0.0,0.0,0.0,19.6,19.2,0.34,0.374,0.248,0.261,98.22,99.98,83.32,99.98,0.047,127,1.0,3.1,465,456,456,462,458,458,466,462,462,29,278,73,455,459,454,460,460,461,461,48,41,222,122,122,432,410,378
200811,Lou Amundson,1610612752,NYK,33.0,29,90.5,89.4,89.4,99.9,100.5,100.5,-9.4,-11.1,-11.1,0.107,0.8,13.2,0.098,0.118,0.108,16.5,16.3,0.358,0.401,0.166,0.175,95.54,95.8,79.83,95.8,0.009,407,0.7,1.8,462,457,457,79,93,93,404,425,425,221,381,262,44,246,133,448,443,454,451,291,269,386,378,378,469,445,439
101150,Lou Williams,1610612747,LAL,29.0,67,99.6,100.9,100.9,110.4,111.0,111.0,-10.8,-10.2,-10.2,0.149,1.56,14.6,0.015,0.072,0.043,9.4,9.3,0.488,0.584,0.221,0.227,99.14,98.26,81.88,98.26,0.104,3902,4.2,10.3,364,317,317,426,436,436,419,415,415,148,202,222,368,428,429,150,145,261,73,100,101,159,218,218,142,127,100
201601,Luc Mbah a Moute,1610612746,LAC,29.0,75,109.0,107.0,107.0,97.5,98.6,98.6,11.5,8.3,8.3,0.032,0.88,10.1,0.049,0.081,0.065,11.4,11.5,0.486,0.498,0.095,0.097,96.65,96.95,80.8,96.95,0.039,2544,1.3,2.8,48,86,86,39,54,54,26,39,39,449,359,349,160,395,286,288,289,268,351,466,465,326,307,307,443,390,393
203512,Lucas Nogueira,1610612761,TOR,23.0,29,111.6,107.8,107.8,103.5,103.5,103.5,8.1,4.3,4.3,0.044,0.64,10.1,0.079,0.117,0.099,15.9,16.0,0.648,0.642,0.12,0.125,96.17,97.82,81.52,97.82,0.075,460,1.0,1.5,18,63,63,216,203,203,46,84,84,428,414,346,88,253,171,440,441,6,14,441,439,355,248,248,310,420,449
1626242,Luis Montero,1610612757,POR,23.0,12,64.2,64.3,64.3,122.2,112.0,112.0,-58.0,-47.8,-47.8,0.067,0.25,3.8,0.0,0.108,0.048,15.4,15.5,0.289,0.337,0.255,0.266,91.51,95.35,79.45,95.35,-0.01,84,0.4,1.6,475,475,475,465,447,447,474,471,471,373,452,457,455,284,397,434,437,470,470,42,36,474,400,400,473,461,447
2449,Luis Scola,1610612761,TOR,36.0,76,104.0,105.1,105.1,106.7,107.0,107.0,-2.7,-1.9,-1.9,0.066,0.97,8.6,0.052,0.179,0.114,8.8,8.8,0.504,0.523,0.19,0.193,95.71,95.08,79.23,95.08,0.086,3258,3.5,7.9,180,152,152,346,354,354,281,260,260,376,335,392,153,100,114,117,120,205,271,190,194,375,412,412,247,160,165
202337,Luke Babbitt,1610612740,NOP,27.0,47,105.7,105.7,105.7,108.8,108.2,108.2,-3.1,-2.5,-2.5,0.092,2.3,13.8,0.028,0.147,0.086,6.0,5.9,0.498,0.526,0.168,0.172,99.61,99.91,83.26,99.91,0.072,1767,2.6,6.1,110,121,121,403,393,393,292,279,279,273,67,244,247,160,204,31,30,228,267,276,279,139,125,125,333,246,231
2736,Luol Deng,1610612748,MIA,31.0,74,104.1,104.3,104.3,102.8,103.9,103.9,1.3,0.5,0.5,0.087,1.73,13.3,0.047,0.139,0.094,7.7,7.7,0.514,0.549,0.168,0.171,96.8,96.23,80.19,96.23,0.101,4800,4.6,10.1,176,184,184,177,223,223,157,185,185,289,155,258,167,181,186,70,71,175,177,271,287,314,364,364,152,106,107
1938,Manu Ginobili,1610612759,SAS,38.0,58,108.8,107.8,107.8,93.9,93.1,93.1,14.9,14.6,14.6,0.234,1.79,23.2,0.025,0.101,0.065,13.0,13.0,0.533,0.573,0.227,0.231,98.23,99.1,82.59,99.1,0.119,2335,3.4,7.5,50,65,65,9,11,11,10,9,9,71,144,83,269,308,290,363,364,116,97,87,89,220,167,167,80,170,177
201188,Marc Gasol,1610612763,MEM,31.0,52,102.8,104.1,104.1,102.9,103.9,103.9,-0.1,0.1,0.1,0.195,1.66,17.3,0.033,0.179,0.104,10.4,10.5,0.465,0.528,0.237,0.239,94.38,93.37,77.81,93.37,0.13,3487,6.3,13.6,235,195,195,182,228,228,198,195,195,99,174,162,223,99,146,225,227,337,258,66,72,445,464,464,49,47,46
1626273,Marcelo Huertas,1610612747,LAL,33.0,53,101.6,102.9,102.9,101.5,101.1,101.1,0.1,1.7,1.7,0.327,2.28,36.4,0.02,0.082,0.051,16.0,15.8,0.457,0.488,0.161,0.165,96.39,95.94,79.95,95.94,0.08,1731,1.8,4.3,293,242,242,131,106,106,191,145,145,21,68,9,310,392,378,441,439,363,373,316,312,346,372,372,282,331,318
101162,Marcin Gortat,1610612764,WAS,32.0,75,103.8,105.2,105.2,103.0,103.8,103.8,0.9,1.3,1.3,0.072,0.88,9.8,0.096,0.226,0.161,11.2,11.2,0.567,0.592,0.186,0.188,100.18,99.1,82.58,99.1,0.13,4658,5.8,10.2,192,149,149,184,220,220,175,158,158,346,361,356,46,32,29,268,267,51,57,201,208,103,168,168,50,59,105
201158,Marco Belinelli,1610612758,SAC,30.0,68,100.2,101.0,101.0,106.6,106.7,106.7,-6.4,-5.7,-5.7,0.117,1.59,14.2,0.006,0.064,0.034,9.0,8.9,0.457,0.5,0.193,0.199,101.49,101.06,84.21,101.06,0.063,3527,3.6,9.3,349,313,313,345,339,339,365,356,356,195,196,233,450,447,444,125,122,359,341,176,176,50,76,76,378,155,127
202694,Marcus Morris Sr.,1610612765,DET,26.0,80,104.9,106.3,106.3,103.1,104.0,104.0,1.8,2.4,2.4,0.107,1.44,14.3,0.03,0.114,0.07,10.0,10.0,0.491,0.531,0.182,0.184,97.36,96.26,80.22,96.26,0.086,5739,5.1,11.8,136,103,103,189,231,231,142,126,126,220,234,226,237,265,261,185,185,251,243,215,219,284,361,361,248,84,76
203935,Marcus Smart,1610612738,BOS,22.0,61,102.8,103.1,103.1,100.2,100.6,100.6,2.6,2.5,2.5,0.162,2.31,21.4,0.041,0.102,0.07,9.2,9.2,0.405,0.463,0.168,0.172,102.45,102.13,85.11,102.13,0.072,3544,3.0,8.7,236,233,233,90,98,98,125,122,122,132,65,107,188,307,260,143,142,431,412,275,282,26,41,41,334,204,145
201977,Marcus Thornton,1610612764,WAS,29.0,61,104.5,104.8,104.8,104.8,104.0,104.0,-0.3,0.8,0.8,0.125,1.65,11.8,0.032,0.099,0.065,7.2,7.2,0.482,0.511,0.235,0.24,101.63,101.86,84.89,101.86,0.091,2363,3.5,8.9,153,167,167,273,235,235,208,176,176,182,179,299,226,313,292,55,54,279,305,70,69,47,52,52,208,159,137
201596,Mario Chalmers,1610612748,MIA,30.0,61,103.7,104.0,104.0,100.8,101.7,101.7,2.9,2.3,2.3,0.27,2.09,25.6,0.018,0.097,0.058,12.2,12.2,0.462,0.561,0.214,0.218,97.29,96.75,80.63,96.75,0.116,2772,3.0,7.3,197,200,200,110,128,128,119,129,129,49,92,58,337,327,331,334,336,349,133,119,118,286,324,324,93,209,189
1626209,Mario Hezonja,1610612753,ORL,21.0,79,102.2,102.6,102.6,103.6,102.7,102.7,-1.4,-0.1,-0.1,0.113,1.12,16.8,0.019,0.108,0.062,15.0,15.0,0.513,0.541,0.166,0.169,98.22,98.46,82.05,98.46,0.065,2899,2.3,5.3,265,260,260,221,174,174,239,202,202,205,297,169,318,286,305,423,423,179,208,292,298,223,201,201,370,279,265
203900,Markel Brown,1610612751,BKN,24.0,62,102.3,102.5,102.5,113.7,113.5,113.5,-11.4,-11.0,-11.0,0.142,1.69,17.9,0.023,0.106,0.063,10.6,10.6,0.453,0.5,0.183,0.187,97.84,97.82,81.52,97.82,0.065,1995,2.0,5.2,262,261,261,449,454,454,427,422,422,161,169,151,283,290,299,241,242,371,344,214,212,253,249,249,369,303,271
202693,Markieff Morris,1610612764,WAS,26.0,64,100.5,102.2,102.2,104.8,104.5,104.5,-4.3,-2.3,-2.3,0.125,0.92,11.9,0.043,0.177,0.108,13.0,13.0,0.458,0.489,0.24,0.243,100.38,99.69,83.08,99.69,0.088,3377,4.8,11.2,340,275,275,274,252,252,324,269,269,184,351,297,177,106,134,364,362,358,372,60,62,91,133,133,233,98,83
201578,Marreese Speights,1610612744,GSW,28.0,72,106.8,105.2,105.2,105.1,104.1,104.1,1.7,1.1,1.1,0.126,0.92,9.6,0.092,0.182,0.138,10.4,10.4,0.458,0.506,0.293,0.302,98.87,100.1,83.42,100.1,0.109,1732,2.7,6.3,87,148,148,281,238,238,143,169,169,179,349,361,60,92,61,224,222,354,325,13,12,177,112,112,116,231,222
101107,Marvin Williams,1610612766,CHA,30.0,81,107.9,108.5,108.5,102.7,103.6,103.6,5.2,5.0,5.0,0.074,1.77,11.2,0.053,0.165,0.109,6.3,6.3,0.554,0.585,0.166,0.169,96.97,96.24,80.2,96.24,0.11,4695,4.2,9.2,62,46,46,166,209,209,70,68,68,340,148,319,150,130,130,35,37,72,72,289,301,303,363,363,114,129,131
203486,Mason Plumlee,1610612757,POR,26.0,82,108.2,109.0,109.0,107.0,107.4,107.4,1.2,1.6,1.6,0.161,1.47,21.6,0.096,0.203,0.149,14.7,14.7,0.516,0.564,0.171,0.173,98.43,97.85,81.54,97.85,0.106,4233,3.3,6.3,56,39,39,358,364,364,163,150,150,134,220,105,47,54,45,419,419,164,124,264,278,201,243,243,128,184,227
2440,Matt Barnes,1610612763,MEM,36.0,76,101.9,103.2,103.2,107.4,107.7,107.7,-5.5,-4.5,-4.5,0.117,1.35,15.7,0.036,0.16,0.095,11.7,11.7,0.467,0.503,0.175,0.177,96.34,95.57,79.64,95.57,0.078,4355,3.5,9.1,281,231,231,371,376,376,346,334,334,196,254,186,208,136,180,298,299,330,339,241,250,350,394,394,290,167,132
2588,Matt Bonner,1610612759,SAS,36.0,30,116.2,111.8,111.8,98.8,97.8,97.8,17.5,14.0,14.0,0.061,3.0,12.7,0.018,0.119,0.073,4.2,4.2,0.64,0.647,0.14,0.146,92.11,94.41,78.67,94.41,0.094,408,1.0,1.9,6,19,19,61,42,42,7,13,13,385,19,275,336,242,248,20,20,9,12,384,376,472,438,438,189,419,434
203521,Matthew Dellavedova,1610612739,CLE,25.0,76,109.7,110.0,110.0,99.7,99.7,99.7,10.0,10.3,10.3,0.265,2.91,34.0,0.018,0.068,0.043,11.7,11.7,0.501,0.527,0.155,0.159,95.33,95.2,79.33,95.2,0.077,3704,2.7,6.7,34,33,33,73,72,72,36,29,29,53,24,15,335,441,425,302,301,216,263,339,338,400,407,407,297,233,209
203090,Maurice Harkless,1610612757,POR,23.0,78,106.4,106.8,106.8,104.7,105.5,105.5,1.7,1.3,1.3,0.068,1.08,11.4,0.068,0.117,0.092,10.5,10.5,0.522,0.541,0.153,0.155,99.14,98.57,82.14,98.57,0.08,2987,2.5,5.3,90,92,92,267,295,295,145,159,159,369,309,315,114,257,190,230,233,142,205,342,349,161,192,192,280,256,267
1897,Metta World Peace,1610612747,LAL,36.0,35,96.5,96.5,96.5,102.6,101.4,101.4,-6.1,-4.9,-4.9,0.078,1.8,11.0,0.029,0.112,0.069,6.1,6.1,0.384,0.435,0.162,0.165,94.98,95.53,79.61,95.53,0.047,1170,1.6,5.1,426,420,420,164,120,120,359,343,343,314,140,328,244,272,264,32,34,446,437,314,313,416,396,396,427,350,282
203086,Meyers Leonard,1610612757,POR,24.0,61,107.4,108.5,108.5,106.4,105.3,105.3,1.0,3.2,3.2,0.103,1.19,14.8,0.037,0.192,0.115,12.4,12.3,0.547,0.561,0.174,0.176,97.37,97.31,81.09,97.31,0.082,2708,3.2,7.1,73,47,47,334,288,288,172,105,105,234,286,216,205,75,112,341,340,87,134,249,258,282,280,280,264,192,193
201563,Michael Beasley,1610612745,HOU,27.0,20,101.2,100.9,100.9,109.6,109.3,109.3,-8.4,-8.3,-8.3,0.086,0.67,6.0,0.073,0.173,0.123,9.0,9.0,0.529,0.563,0.284,0.29,101.03,101.34,84.45,101.34,0.148,764,5.4,10.3,309,315,315,414,412,412,396,399,399,296,408,439,103,115,97,127,129,129,127,23,21,61,65,65,20,68,104
203487,Michael Carter-Williams,1610612749,MIL,24.0,54,102.0,102.3,102.3,105.3,105.9,105.9,-3.3,-3.6,-3.6,0.264,1.84,26.5,0.03,0.138,0.085,14.4,14.4,0.466,0.497,0.206,0.21,97.44,97.03,80.86,97.03,0.099,3330,4.6,10.3,279,272,272,290,312,312,300,311,311,54,134,50,240,184,210,414,412,335,352,135,139,280,303,303,162,103,103
203077,Michael Kidd-Gilchrist,1610612766,CHA,22.0,7,110.2,110.5,110.5,95.0,96.6,96.6,15.2,13.9,13.9,0.069,1.13,10.1,0.058,0.146,0.104,9.0,8.8,0.566,0.603,0.173,0.179,96.93,96.0,80.0,96.0,0.112,410,4.7,8.7,27,29,29,15,30,30,9,14,14,363,295,348,140,163,154,127,117,54,42,253,243,305,370,370,106,100,143
201144,Mike Conley,1610612763,MEM,28.0,56,105.1,105.7,105.7,103.4,104.5,104.5,1.7,1.2,1.2,0.324,4.07,28.1,0.015,0.082,0.048,6.9,6.9,0.478,0.538,0.225,0.231,94.48,93.74,78.11,93.74,0.129,3449,5.3,12.4,126,122,122,214,250,250,147,164,164,22,4,43,371,389,397,48,48,293,220,91,88,442,458,458,55,74,65
2399,Mike Dunleavy,1610612741,CHI,35.0,31,105.5,106.5,106.5,111.2,111.6,111.6,-5.7,-5.2,-5.2,0.076,1.5,14.6,0.011,0.105,0.058,9.7,9.7,0.513,0.543,0.141,0.144,97.68,97.04,80.87,97.04,0.052,1424,2.5,6.1,118,102,102,430,442,442,351,348,348,331,207,223,423,296,329,171,167,177,197,378,382,263,302,302,414,259,234
2034,Mike Miller,1610612743,DEN,36.0,47,96.1,95.3,95.3,110.4,109.2,109.2,-14.2,-13.9,-13.9,0.159,2.35,33.6,0.014,0.127,0.067,14.3,14.3,0.508,0.508,0.089,0.092,98.54,99.55,82.96,99.55,0.045,782,0.5,1.3,431,434,434,425,408,408,442,441,441,137,57,17,383,216,280,408,408,191,316,470,470,196,143,143,435,457,458
203488,Mike Muscala,1610612737,ATL,24.0,60,99.8,97.5,97.5,102.0,100.5,100.5,-2.2,-3.0,-3.0,0.099,1.26,14.7,0.068,0.138,0.104,11.7,11.7,0.539,0.576,0.152,0.158,97.13,98.99,82.49,98.99,0.084,1166,1.3,2.5,359,402,402,141,94,94,265,290,290,250,266,217,112,183,153,299,302,103,89,348,340,293,177,177,258,388,405
203118,Mike Scott,1610612737,ATL,27.0,75,100.4,99.7,99.7,95.2,94.4,94.4,5.2,5.2,5.2,0.106,1.86,14.9,0.046,0.126,0.087,8.0,8.0,0.551,0.575,0.171,0.176,98.9,99.69,83.07,99.69,0.1,2375,2.3,5.0,344,354,354,17,15,15,72,67,67,226,128,215,168,221,202,79,81,81,92,262,263,174,134,134,159,270,284
203101,Miles Plumlee,1610612749,MIL,27.0,61,98.6,98.0,98.0,103.1,103.6,103.6,-4.5,-5.6,-5.6,0.03,0.4,5.1,0.109,0.153,0.131,12.7,12.7,0.601,0.606,0.151,0.154,96.79,96.84,80.7,96.84,0.109,1754,2.3,3.8,388,396,396,193,214,214,328,352,352,454,446,452,24,148,79,353,357,21,37,356,359,315,321,321,122,278,344
203141,Mirza Teletovic,1610612756,PHX,30.0,79,103.1,103.9,103.9,108.9,108.4,108.4,-5.8,-4.6,-4.6,0.088,1.06,8.7,0.03,0.146,0.086,8.2,8.2,0.544,0.571,0.229,0.233,102.03,101.84,84.87,101.84,0.105,3573,4.2,9.8,226,204,204,404,397,397,355,335,335,285,315,390,235,162,206,91,91,92,103,80,85,36,53,53,135,128,116
203956,Mitch McGary,1610612760,OKC,24.0,20,90.6,84.4,84.4,122.5,118.9,118.9,-31.9,-34.4,-34.4,0.071,0.43,7.9,0.055,0.2,0.126,18.4,18.7,0.478,0.474,0.192,0.208,102.65,107.99,89.99,107.99,0.046,167,0.6,1.2,461,467,467,466,467,467,468,467,467,354,441,404,145,60,92,458,458,295,391,180,144,23,8,8,433,451,462
2590,Mo Williams,1610612739,CLE,33.0,41,98.0,98.8,98.8,103.0,102.3,102.3,-5.0,-3.5,-3.5,0.231,1.72,20.7,0.008,0.087,0.047,12.0,12.0,0.497,0.527,0.222,0.227,95.65,95.58,79.65,95.58,0.094,1490,3.2,7.4,402,370,370,187,153,153,336,306,306,72,159,116,442,372,405,329,325,236,261,99,100,378,393,393,196,188,183
101145,Monta Ellis,1610612754,IND,30.0,81,102.6,103.6,103.6,100.1,101.8,101.8,2.5,1.8,1.8,0.222,1.89,22.6,0.015,0.08,0.048,12.0,12.0,0.47,0.504,0.208,0.21,100.05,98.72,82.27,98.72,0.096,5625,5.4,12.6,244,214,214,83,133,133,126,141,141,77,120,90,373,397,403,324,321,321,335,131,138,110,188,188,176,67,60
1626149,Montrezl Harrell,1610612745,HOU,22.0,39,107.8,107.1,107.1,102.7,102.2,102.2,5.0,4.9,4.9,0.067,1.0,11.7,0.066,0.098,0.082,11.7,11.8,0.644,0.635,0.141,0.144,101.43,101.99,84.99,101.99,0.078,804,1.5,2.3,63,81,81,172,150,150,74,73,73,372,327,302,121,321,217,304,308,7,17,380,383,53,45,45,292,362,416
1626167,Myles Turner,1610612754,IND,20.0,60,99.3,99.2,99.2,100.6,101.6,101.6,-1.3,-2.5,-2.5,0.05,0.61,5.9,0.049,0.182,0.117,9.7,9.7,0.501,0.531,0.207,0.211,100.24,99.76,83.13,99.76,0.105,2842,4.4,8.8,374,359,359,98,126,126,236,280,280,418,417,440,159,91,110,170,171,217,247,132,136,99,132,132,140,116,138
101126,Nate Robinson,1610612740,NOP,32.0,2,72.1,73.5,73.5,115.4,112.0,112.0,-43.4,-38.5,-38.5,0.286,0.0,80.0,0.0,0.0,0.0,0.0,0.0,0.0,0.0,0.018,0.019,101.45,101.99,84.99,101.99,-0.016,49,0.0,0.5,474,473,473,455,445,445,470,469,469,41,457,1,455,459,454,1,1,474,474,475,475,52,46,46,474,474,474
1737,Nazr Mohammed,1610612760,OKC,38.0,5,75.5,73.8,73.8,84.9,81.0,81.0,-9.5,-7.1,-7.1,0.0,0.0,0.0,0.0,0.143,0.0,33.3,33.8,0.6,0.68,0.2,0.206,100.05,103.61,86.34,103.61,0.051,42,0.6,1.0,473,472,472,3,3,3,405,382,382,463,457,463,455,169,454,475,475,23,6,158,153,108,22,22,418,449,463
202357,Nemanja Bjelica,1610612750,MIN,28.0,60,102.1,101.9,101.9,107.3,107.6,107.6,-5.2,-5.7,-5.7,0.115,1.74,21.1,0.047,0.156,0.101,12.1,12.1,0.57,0.594,0.123,0.127,98.37,98.3,81.91,98.3,0.073,2200,1.8,3.9,273,285,285,366,370,370,343,353,353,200,153,110,164,142,160,331,331,45,55,435,433,205,215,215,330,328,342
2403,Nene,1610612764,WAS,33.0,57,103.8,102.7,102.7,101.4,101.4,101.4,2.3,1.3,1.3,0.145,1.28,15.1,0.049,0.199,0.123,11.9,11.9,0.544,0.564,0.218,0.223,100.76,101.3,84.41,101.3,0.113,2309,3.7,6.7,194,253,253,126,118,118,129,161,161,155,263,204,158,63,96,312,314,91,121,112,110,77,70,70,103,150,207
203457,Nerlens Noel,1610612755,PHI,22.0,67,94.6,95.5,95.5,105.6,106.3,106.3,-11.0,-10.8,-10.8,0.107,0.77,12.6,0.075,0.195,0.134,16.3,16.3,0.522,0.544,0.187,0.189,99.93,99.14,82.62,99.14,0.113,4048,4.6,8.8,443,433,433,299,326,326,424,420,420,224,389,277,97,73,70,445,444,141,195,200,205,116,163,163,104,107,142
2555,Nick Collison,1610612760,OKC,35.0,59,103.5,102.3,102.3,100.4,100.0,100.0,3.1,2.3,2.3,0.103,1.04,22.9,0.095,0.141,0.118,22.0,22.2,0.459,0.498,0.105,0.107,97.04,97.78,81.48,97.78,0.048,1420,0.8,1.8,208,271,271,96,79,79,107,131,131,231,317,88,49,174,108,466,466,353,349,462,463,298,252,252,423,426,438
201156,Nick Young,1610612747,LAL,31.0,54,97.7,98.3,98.3,108.5,107.9,107.9,-10.8,-9.6,-9.6,0.058,1.13,7.3,0.013,0.081,0.046,6.5,6.4,0.442,0.483,0.182,0.188,96.7,96.66,80.55,96.66,0.058,2080,2.3,6.9,410,388,388,396,388,388,420,407,407,395,294,425,400,393,409,40,39,389,374,216,207,322,332,332,398,271,202
201587,Nicolas Batum,1610612766,CHA,27.0,70,106.9,107.5,107.5,102.1,103.5,103.5,4.8,4.0,4.0,0.262,1.97,26.0,0.022,0.148,0.086,13.2,13.1,0.506,0.546,0.209,0.215,97.83,96.9,80.75,96.9,0.116,4948,5.3,12.5,83,72,72,143,206,206,77,90,90,55,110,52,290,158,208,375,368,197,186,130,125,254,312,312,92,70,64
203917,Nik Stauskas,1610612755,PHI,22.0,73,95.7,96.5,96.5,107.4,107.5,107.5,-11.7,-11.0,-11.0,0.119,1.47,16.7,0.012,0.089,0.049,11.4,11.3,0.483,0.517,0.163,0.166,100.78,100.26,83.55,100.26,0.062,3785,2.9,7.5,437,419,419,372,368,368,428,423,423,190,218,172,416,366,389,279,280,278,291,309,311,76,105,105,381,220,179
203999,Nikola Jokić,1610612743,DEN,21.0,80,104.2,105.5,105.5,102.9,103.1,103.1,1.3,2.4,2.4,0.176,1.82,19.4,0.099,0.223,0.159,10.7,10.6,0.535,0.582,0.194,0.198,97.2,96.5,80.41,96.5,0.145,3488,3.8,7.5,171,134,134,181,187,187,158,127,127,115,137,126,42,35,33,246,244,115,76,172,180,291,344,344,24,141,177
202703,Nikola Mirotic,1610612741,CHI,25.0,66,104.6,105.3,105.3,104.4,104.7,104.7,0.2,0.7,0.7,0.095,0.98,11.2,0.035,0.174,0.106,11.4,11.5,0.518,0.564,0.209,0.211,98.72,98.27,81.89,98.27,0.103,3379,3.8,9.2,146,142,142,258,261,261,190,178,178,264,333,321,214,110,137,282,287,156,120,127,134,190,216,216,143,145,130
201593,Nikola Pekovic,1610612750,MIN,30.0,12,96.8,96.0,96.0,115.0,115.9,115.9,-18.3,-19.9,-19.9,0.131,1.22,13.8,0.048,0.098,0.072,11.3,11.4,0.38,0.459,0.204,0.208,92.26,92.28,76.9,92.28,0.033,299,1.6,4.2,422,426,426,453,464,464,459,457,457,171,278,245,163,323,251,274,285,448,423,140,146,471,470,470,450,346,331
202696,Nikola Vučević,1610612753,ORL,25.0,65,103.3,104.9,104.9,105.6,106.1,106.1,-2.2,-1.2,-1.2,0.154,1.46,12.7,0.084,0.203,0.142,8.7,8.7,0.511,0.531,0.265,0.267,97.75,96.76,80.64,96.76,0.14,4107,8.2,16.1,214,160,160,297,319,319,268,235,235,142,224,276,78,55,54,112,111,186,244,34,35,260,323,323,37,9,21
203943,Noah Vonleh,1610612757,POR,20.0,78,102.7,103.5,103.5,105.5,105.3,105.3,-2.8,-1.8,-1.8,0.037,0.6,7.9,0.074,0.184,0.128,13.1,13.1,0.441,0.471,0.13,0.132,96.54,96.29,80.24,96.29,0.056,2345,1.5,3.6,240,218,218,296,285,285,285,259,259,441,420,405,101,89,86,370,372,393,396,413,416,337,359,359,406,360,355
1626181,Norman Powell,1610612761,TOR,23.0,49,109.1,108.9,108.9,104.1,104.2,104.2,5.0,4.8,4.8,0.102,1.47,14.2,0.023,0.129,0.078,9.6,9.7,0.502,0.541,0.174,0.179,94.78,94.78,78.98,94.78,0.087,1431,2.0,4.7,45,41,41,239,241,241,75,76,76,241,217,235,280,210,232,165,168,214,209,246,247,427,423,423,242,316,303
202708,Norris Cole,1610612740,NOP,27.0,45,102.3,102.7,102.7,107.8,107.2,107.2,-5.5,-4.5,-4.5,0.219,2.23,22.1,0.008,0.122,0.063,9.9,9.9,0.439,0.465,0.212,0.216,98.9,98.94,82.45,98.94,0.078,2473,4.4,10.8,261,251,251,385,360,360,347,333,333,80,74,96,441,232,301,183,182,398,406,122,122,175,178,178,295,119,91
201564,O.J. Mayo,1610612749,MIL,28.0,41,101.1,101.3,101.3,102.3,103.5,103.5,-1.2,-2.2,-2.2,0.156,1.64,22.4,0.012,0.082,0.048,13.7,13.6,0.452,0.474,0.165,0.169,97.55,96.89,80.74,96.89,0.047,2196,2.9,7.8,312,301,301,152,207,207,231,266,266,141,181,92,412,390,402,387,386,374,393,304,300,270,314,314,431,214,166
201600,Omer Asik,1610612740,NOP,29.0,68,98.5,98.7,98.7,107.9,107.5,107.5,-9.4,-8.8,-8.8,0.032,0.43,7.8,0.095,0.258,0.172,18.0,18.2,0.533,0.551,0.114,0.115,97.29,97.39,81.16,97.39,0.079,2393,1.5,2.9,390,379,379,387,367,367,403,401,401,451,439,408,50,10,18,456,456,116,170,452,456,287,278,278,286,354,389
201956,Omri Casspi,1610612758,SAC,28.0,69,104.8,105.6,105.6,105.0,104.6,104.6,-0.2,1.0,1.0,0.074,1.01,10.8,0.03,0.176,0.104,10.7,10.7,0.571,0.587,0.174,0.177,102.44,102.22,85.18,102.22,0.102,3990,4.3,9.0,139,125,125,278,259,259,204,173,173,339,326,332,236,107,145,245,247,44,64,243,253,27,40,40,150,121,134
203111,Orlando Johnson,1610612740,NOP,27.0,7,93.4,94.0,94.0,109.5,112.2,112.2,-16.1,-18.3,-18.3,0.031,0.5,4.5,0.031,0.115,0.066,9.1,9.2,0.294,0.346,0.167,0.169,102.56,100.99,84.16,100.99,0.015,215,1.3,4.9,447,440,440,411,449,449,449,453,453,452,432,454,232,263,283,135,140,469,466,285,299,25,79,79,466,387,294
203490,Otto Porter Jr.,1610612764,WAS,23.0,75,103.8,105.3,105.3,103.2,103.9,103.9,0.6,1.5,1.5,0.076,1.71,12.5,0.042,0.132,0.086,7.3,7.3,0.541,0.564,0.159,0.16,100.95,99.92,83.26,99.92,0.093,4726,4.5,9.6,191,141,141,203,225,225,182,154,154,332,160,278,184,205,207,59,60,100,122,324,329,68,124,124,199,108,121
200782,P.J. Tucker,1610612756,PHX,31.0,82,99.2,100.7,100.7,106.5,107.1,107.1,-7.2,-6.4,-6.4,0.104,1.59,19.0,0.062,0.138,0.098,11.9,11.9,0.469,0.506,0.125,0.127,100.33,99.32,82.77,99.32,0.078,5246,2.9,7.1,375,323,323,338,357,357,384,368,368,230,193,134,133,187,173,319,313,325,324,427,431,94,155,155,296,212,195
203798,PJ Hairston,1610612763,MEM,23.0,66,101.4,102.4,102.4,107.5,108.4,108.4,-6.0,-5.9,-5.9,0.045,0.93,7.4,0.018,0.119,0.065,8.0,8.0,0.441,0.47,0.161,0.164,97.35,96.45,80.37,96.45,0.039,2622,2.2,6.2,299,265,265,374,396,396,358,359,359,425,348,424,339,244,287,80,78,390,398,315,316,285,347,347,445,292,230
203143,Pablo Prigioni,1610612746,LAC,39.0,59,98.3,96.2,96.2,101.0,100.4,100.4,-2.7,-4.1,-4.1,0.235,2.65,39.5,0.045,0.092,0.068,14.9,14.9,0.469,0.482,0.108,0.112,95.56,96.92,80.76,96.92,0.075,1663,0.9,2.5,395,424,424,113,88,88,280,325,325,69,34,5,171,346,269,422,420,324,378,461,458,384,309,309,316,422,408
1626192,Pat Connaughton,1610612757,POR,23.0,34,90.3,88.0,88.0,97.1,93.0,93.0,-6.7,-5.0,-5.0,0.115,1.0,14.1,0.071,0.126,0.099,14.1,14.0,0.316,0.352,0.178,0.188,96.64,100.04,83.36,100.04,0.053,300,0.4,1.4,463,460,460,34,10,10,375,344,344,202,327,238,106,219,169,398,394,465,465,228,210,330,117,117,412,464,452
201976,Patrick Beverley,1610612745,HOU,27.0,71,107.6,108.9,108.9,104.6,105.4,105.4,3.1,3.5,3.5,0.175,2.63,24.8,0.035,0.087,0.061,9.4,9.5,0.539,0.553,0.153,0.154,99.31,98.35,81.95,98.35,0.076,4176,3.6,8.4,67,42,42,263,291,291,112,100,100,117,36,64,209,376,310,155,155,106,164,346,356,152,209,209,304,153,152
202335,Patrick Patterson,1610612761,TOR,27.0,79,109.8,110.9,110.9,100.6,101.7,101.7,9.2,9.2,9.2,0.07,1.45,14.1,0.04,0.128,0.085,9.8,9.7,0.521,0.534,0.127,0.131,94.61,93.61,78.01,93.61,0.078,3957,2.6,6.2,30,24,24,99,130,130,42,33,33,360,230,237,193,213,209,175,175,146,230,424,423,437,462,462,294,248,228
201988,Patty Mills,1610612759,SAS,27.0,81,109.0,108.5,108.5,96.8,96.4,96.4,12.2,12.1,12.1,0.197,2.97,24.1,0.017,0.078,0.048,8.1,8.1,0.525,0.541,0.189,0.193,97.64,98.06,81.72,98.06,0.097,3381,3.2,7.6,46,48,48,31,29,29,19,20,20,97,23,71,342,406,393,85,86,137,207,193,196,266,226,226,171,191,175
2200,Pau Gasol,1610612741,CHI,35.0,72,102.4,104.2,104.2,103.5,104.4,104.4,-1.2,-0.2,-0.2,0.215,1.79,18.6,0.065,0.249,0.161,10.4,10.4,0.481,0.529,0.244,0.246,98.75,97.47,81.23,97.47,0.165,4656,6.5,13.8,257,192,192,218,246,246,229,204,204,83,143,142,122,15,31,215,216,283,254,54,56,185,275,275,12,42,45
202331,Paul George,1610612754,IND,26.0,81,103.3,104.3,104.3,100.0,101.5,101.5,3.3,2.8,2.8,0.203,1.24,14.5,0.027,0.165,0.097,11.7,11.6,0.49,0.557,0.296,0.301,99.95,98.79,82.33,98.79,0.151,5811,7.5,17.9,213,188,188,81,123,123,103,113,113,92,271,225,253,131,178,300,298,252,149,12,13,114,184,184,17,19,10
200794,Paul Millsap,1610612737,ATL,31.0,81,104.1,105.6,105.6,100.1,101.6,101.6,4.0,4.0,4.0,0.162,1.39,15.5,0.075,0.189,0.134,11.2,11.2,0.505,0.556,0.238,0.24,99.78,98.39,81.99,98.39,0.141,5426,6.2,13.2,174,128,128,85,125,125,93,91,91,133,243,191,98,79,72,269,268,201,153,63,70,125,207,207,34,50,53
1718,Paul Pierce,1610612746,LAC,38.0,68,105.6,104.1,104.1,103.3,103.0,103.0,2.2,1.2,1.2,0.088,1.22,12.7,0.01,0.135,0.074,10.4,10.4,0.457,0.489,0.177,0.18,96.9,97.75,81.46,97.75,0.058,2519,2.1,5.8,117,194,194,213,181,181,132,167,167,286,277,273,431,197,246,221,226,360,369,235,235,307,255,255,397,296,241
203515,Phil Pressey,1610612757,POR,25.0,23,96.5,95.8,95.8,103.3,102.2,102.2,-6.7,-6.4,-6.4,0.395,2.27,38.1,0.009,0.095,0.05,16.8,16.8,0.41,0.433,0.174,0.178,105.0,105.93,88.27,105.93,0.08,626,1.3,3.4,424,429,429,209,151,151,376,367,367,8,70,6,433,338,379,449,449,427,441,247,249,10,12,12,278,382,367
203112,Quincy Acy,1610612758,SAC,25.0,59,98.7,99.2,99.2,106.2,105.2,105.2,-7.5,-6.0,-6.0,0.045,1.0,9.1,0.071,0.139,0.104,9.1,9.1,0.6,0.629,0.128,0.131,101.28,101.46,84.55,101.46,0.089,1844,2.0,3.6,384,356,356,325,281,281,388,361,361,423,327,378,107,179,147,135,134,22,21,421,420,55,62,62,222,305,351
1626154,RJ Hunter,1610612738,BOS,22.0,36,92.1,90.3,90.3,95.6,94.5,94.5,-3.5,-4.2,-4.2,0.068,1.18,10.4,0.006,0.113,0.056,8.8,8.8,0.464,0.48,0.15,0.155,100.16,101.78,84.81,101.78,0.062,667,1.0,2.7,454,453,453,22,16,16,308,326,326,370,288,340,451,270,339,115,116,341,383,359,354,105,55,55,382,410,395
200765,Rajon Rondo,1610612758,SAC,30.0,72,103.3,104.9,104.9,106.8,107.7,107.7,-3.5,-2.8,-2.8,0.473,3.02,42.6,0.03,0.136,0.083,14.1,14.1,0.494,0.506,0.186,0.187,103.25,102.1,85.08,102.1,0.13,5393,4.9,10.9,212,161,161,351,372,372,306,288,288,3,18,3,239,192,216,401,402,248,323,202,215,17,43,43,53,92,89
1626176,Rakeem Christmas,1610612754,IND,24.0,1,116.7,107.7,107.7,202.0,184.6,184.6,-85.4,-76.9,-76.9,0.0,0.0,0.0,0.0,0.0,0.0,0.0,0.0,1.0,1.0,0.143,0.154,93.95,102.3,85.25,102.3,0.076,13,2.0,2.0,4,66,66,476,476,476,476,476,476,463,457,463,455,459,454,1,1,1,1,374,362,449,37,37,308,307,427
201196,Ramon Sessions,1610612764,WAS,30.0,82,102.5,101.8,101.8,103.9,103.2,103.2,-1.4,-1.4,-1.4,0.228,2.08,22.3,0.015,0.108,0.061,10.7,10.7,0.503,0.565,0.214,0.22,100.55,101.2,84.33,101.2,0.116,3512,3.4,7.2,253,289,289,229,189,189,240,244,244,74,95,93,377,287,311,252,251,209,116,118,115,83,72,72,90,169,191
200751,Randy Foye,1610612760,OKC,32.0,81,103.4,104.1,104.1,102.5,103.1,103.1,1.0,1.0,1.0,0.144,1.87,21.2,0.014,0.076,0.045,11.3,11.3,0.428,0.461,0.157,0.16,97.79,97.21,81.01,97.21,0.051,3321,2.1,6.0,209,196,196,158,186,186,170,171,171,158,124,109,385,414,411,276,274,408,416,330,330,258,287,287,416,301,238
1626173,Rashad Vaughn,1610612749,MIL,19.0,70,99.4,99.1,99.1,106.2,107.2,107.2,-6.7,-8.1,-8.1,0.055,1.39,11.5,0.011,0.077,0.044,8.3,8.2,0.385,0.398,0.13,0.133,96.63,96.34,80.28,96.34,0.024,2017,1.2,3.8,370,360,360,324,359,359,374,395,395,402,242,312,427,408,422,92,90,444,453,416,412,331,354,354,460,397,345
2446,Rasual Butler,1610612759,SAS,37.0,46,109.6,105.5,105.5,97.6,98.1,98.1,12.0,7.3,7.3,0.079,3.0,16.8,0.008,0.118,0.067,5.6,5.6,0.543,0.558,0.123,0.129,95.02,96.55,80.46,96.55,0.095,876,1.1,2.3,39,138,138,41,51,51,22,48,48,313,19,170,443,251,281,25,25,93,147,433,426,414,340,340,188,406,420
203526,Raul Neto,1610612762,UTA,24.0,81,103.3,103.2,103.2,99.7,99.9,99.9,3.6,3.3,3.3,0.19,1.6,23.8,0.012,0.071,0.042,14.9,14.9,0.507,0.53,0.172,0.176,92.34,92.26,76.89,92.26,0.07,2871,2.2,5.2,217,224,224,74,78,78,101,103,103,101,192,75,408,430,432,421,421,192,249,254,256,470,471,471,349,289,272
203492,Ray McCallum,1610612759,SAS,25.0,41,104.9,104.5,104.5,101.8,102.4,102.4,3.1,2.1,2.1,0.185,2.5,25.3,0.016,0.083,0.049,10.1,10.1,0.428,0.449,0.164,0.168,94.77,94.66,78.88,94.66,0.065,936,1.3,3.6,137,176,176,135,161,161,109,133,133,106,41,59,355,387,392,201,204,409,428,306,305,428,427,427,371,376,356
101109,Raymond Felton,1610612742,DAL,32.0,80,105.8,104.2,104.2,105.0,105.8,105.8,0.8,-1.6,-1.6,0.205,2.35,24.4,0.017,0.099,0.058,10.4,10.4,0.45,0.502,0.179,0.184,96.2,96.51,80.43,96.51,0.086,4409,3.5,8.5,109,189,189,277,308,308,176,248,248,89,60,68,352,314,325,218,217,376,340,221,218,354,342,342,250,168,147
203493,Reggie Bullock Jr.,1610612765,DET,25.0,37,102.4,102.6,102.6,109.9,109.9,109.9,-7.5,-7.3,-7.3,0.1,3.38,19.4,0.03,0.136,0.078,5.8,5.7,0.551,0.583,0.113,0.117,95.22,95.14,79.28,95.14,0.085,852,1.2,2.6,255,258,258,419,421,421,386,387,387,244,12,125,242,191,229,27,26,78,74,456,447,406,410,410,251,396,401
202704,Reggie Jackson,1610612765,DET,26.0,79,105.7,107.3,107.3,104.1,104.8,104.8,1.6,2.5,2.5,0.344,2.21,23.4,0.022,0.083,0.051,10.6,10.6,0.482,0.535,0.283,0.288,97.89,96.84,80.7,96.84,0.13,4896,6.8,15.7,111,78,78,240,267,267,148,123,123,15,76,80,293,386,375,240,240,282,229,25,23,248,320,320,51,31,27
2210,Richard Jefferson,1610612739,CLE,36.0,74,100.4,100.6,100.6,102.7,102.0,102.0,-2.3,-1.4,-1.4,0.07,1.37,13.1,0.011,0.085,0.048,9.5,9.5,0.564,0.585,0.133,0.136,95.3,95.52,79.6,95.52,0.06,2634,1.9,4.2,343,327,327,168,136,136,269,246,246,358,248,266,421,381,401,159,158,58,70,405,408,402,397,397,387,323,327
1626158,Richaun Holmes,1610612755,PHI,22.0,51,102.6,102.8,102.8,105.1,106.3,106.3,-2.5,-3.6,-3.6,0.073,1.03,10.3,0.085,0.104,0.094,10.0,10.0,0.532,0.564,0.171,0.175,102.02,101.33,84.44,101.33,0.082,1482,2.2,4.4,245,250,250,283,327,327,275,308,308,344,322,342,75,297,183,195,188,121,123,263,266,37,66,66,269,286,314
201937,Ricky Rubio,1610612750,MIN,25.0,76,106.8,107.5,107.5,105.7,107.0,107.0,1.1,0.5,0.5,0.402,3.41,41.8,0.018,0.124,0.072,12.3,12.3,0.427,0.529,0.173,0.176,98.02,97.12,80.93,97.12,0.126,4696,2.9,7.7,86,71,71,304,352,352,165,182,182,6,10,4,333,228,252,337,337,412,255,250,257,239,294,294,62,217,170
203496,Robert Covington,1610612755,PHI,25.0,67,97.3,98.2,98.2,105.1,105.2,105.2,-7.7,-7.0,-7.0,0.083,0.68,9.5,0.031,0.187,0.106,13.9,13.9,0.504,0.543,0.209,0.213,100.84,100.34,83.61,100.34,0.09,3978,4.1,10.6,415,392,392,280,280,280,390,379,379,301,406,368,229,84,139,393,391,204,198,128,129,73,101,101,215,133,94
203135,Robert Sacre,1610612747,LAL,27.0,25,97.9,98.8,98.8,104.5,102.9,102.9,-6.6,-4.1,-4.1,0.072,1.17,11.7,0.086,0.124,0.104,10.0,10.2,0.413,0.474,0.139,0.138,98.8,99.12,82.6,99.12,0.05,658,1.2,3.0,406,372,372,261,178,178,373,321,321,350,292,306,73,226,151,188,209,424,392,386,397,182,166,166,419,392,383
201577,Robin Lopez,1610612752,NYK,28.0,82,103.7,104.3,104.3,105.2,106.5,106.5,-1.5,-2.2,-2.2,0.083,0.86,11.6,0.12,0.145,0.133,13.5,13.6,0.539,0.574,0.174,0.176,94.89,94.06,78.38,94.06,0.106,4346,4.4,8.1,196,187,187,286,330,330,242,264,264,304,367,308,16,166,77,384,384,104,94,244,255,421,452,452,130,120,159
203918,Rodney Hood,1610612762,UTA,23.0,79,104.9,106.1,106.1,102.9,103.0,103.0,2.0,3.1,3.1,0.142,1.7,15.3,0.016,0.095,0.056,9.0,8.9,0.503,0.542,0.215,0.218,91.83,91.26,76.05,91.26,0.092,4822,5.2,12.3,134,108,108,179,183,183,139,106,106,162,163,198,360,337,340,124,127,211,203,117,119,473,475,475,203,81,67
201155,Rodney Stuckey,1610612754,IND,30.0,58,101.0,100.9,100.9,100.2,101.2,101.2,0.8,-0.3,-0.3,0.179,1.87,19.5,0.015,0.103,0.06,10.4,10.4,0.436,0.504,0.202,0.207,97.85,97.47,81.23,97.47,0.096,2599,3.2,7.6,317,316,316,89,107,107,178,207,207,114,125,124,374,299,316,223,219,400,334,151,150,251,276,276,177,198,172
1626178,Rondae Hollis-Jefferson,1610612751,BKN,21.0,29,98.5,98.9,98.9,101.4,102.1,102.1,-2.9,-3.2,-3.2,0.1,1.65,18.5,0.061,0.179,0.12,11.2,11.3,0.471,0.519,0.131,0.132,99.1,98.58,82.15,98.58,0.096,1254,2.2,4.8,391,367,367,128,144,144,288,297,297,246,177,143,134,101,106,270,277,318,285,411,417,165,191,191,178,294,298
101179,Ronnie Price,1610612756,PHX,33.0,62,97.7,98.3,98.3,101.0,100.6,100.6,-3.2,-2.3,-2.3,0.187,2.1,27.3,0.019,0.06,0.039,13.0,13.0,0.497,0.517,0.135,0.137,100.51,100.38,83.65,100.38,0.057,2525,1.9,4.9,409,387,387,112,97,97,296,268,268,104,91,46,326,449,440,365,365,236,289,397,403,85,100,100,402,327,292
201579,Roy Hibbert,1610612747,LAL,29.0,81,94.6,95.8,95.8,112.6,113.7,113.7,-18.0,-17.9,-17.9,0.082,1.25,14.6,0.064,0.139,0.1,11.7,11.8,0.443,0.507,0.13,0.13,98.05,96.97,80.8,96.97,0.06,3791,2.2,5.1,445,430,430,442,455,455,456,452,452,307,267,221,125,180,166,301,306,388,322,417,424,236,306,306,389,285,281
200752,Rudy Gay,1610612758,SAC,29.0,70,104.2,105.5,105.5,106.4,107.0,107.0,-2.2,-1.5,-1.5,0.078,0.86,8.8,0.043,0.145,0.094,10.1,10.1,0.5,0.538,0.222,0.225,102.02,101.1,84.25,101.1,0.101,5006,6.7,14.4,170,136,136,332,350,350,264,247,247,315,364,389,181,164,182,204,198,226,219,97,104,38,73,73,151,37,38
203497,Rudy Gobert,1610612762,UTA,24.0,61,104.3,105.5,105.5,100.0,100.6,100.6,4.3,4.9,4.9,0.073,0.8,13.1,0.115,0.242,0.18,16.5,16.7,0.559,0.582,0.143,0.143,92.63,91.82,76.52,91.82,0.126,3681,3.2,5.8,164,137,137,80,99,99,87,72,72,345,382,265,20,22,12,447,448,65,77,372,385,465,473,473,61,185,242
203893,Russ Smith,1610612763,MEM,25.0,15,91.5,83.2,83.2,114.9,108.6,108.6,-23.3,-25.3,-25.3,0.314,1.57,23.9,0.015,0.129,0.071,15.2,15.3,0.341,0.415,0.219,0.239,101.21,109.15,90.96,109.15,0.072,149,0.5,1.5,458,469,469,452,400,400,461,463,463,26,198,73,365,211,258,428,432,460,447,108,74,57,7,7,339,458,450
201566,Russell Westbrook,1610612760,OKC,27.0,80,113.0,114.8,114.8,102.2,103.5,103.5,10.8,11.3,11.3,0.468,2.44,29.0,0.054,0.16,0.109,11.9,11.9,0.489,0.554,0.311,0.313,100.28,98.87,82.39,98.87,0.188,5661,8.2,18.1,12,5,5,149,201,201,30,26,26,4,53,40,148,135,129,315,315,254,161,7,8,95,180,180,4,9,9
201583,Ryan Anderson,1610612740,NOP,28.0,66,105.7,107.1,107.1,106.9,106.9,106.9,-1.2,0.2,0.2,0.059,0.81,6.1,0.062,0.136,0.097,7.6,7.5,0.498,0.546,0.238,0.242,99.94,99.3,82.75,99.3,0.109,4166,6.0,14.1,112,84,84,354,346,346,230,194,194,388,377,436,132,190,175,67,67,232,187,64,65,115,156,156,120,52,41
200797,Ryan Hollins,1610612763,MEM,31.0,37,95.7,97.5,97.5,113.0,112.2,112.2,-17.3,-14.7,-14.7,0.034,0.42,7.6,0.093,0.124,0.107,18.2,18.3,0.62,0.636,0.116,0.117,94.79,94.24,78.53,94.24,0.059,895,1.3,2.1,436,401,401,445,448,448,454,445,445,446,443,419,54,224,135,457,457,15,16,447,452,425,447,447,391,379,422
203527,Ryan Kelly,1610612747,LAL,25.0,36,98.0,99.0,99.0,99.0,97.8,97.8,-0.9,1.2,1.2,0.07,1.11,9.5,0.04,0.202,0.119,8.5,8.5,0.386,0.44,0.173,0.176,99.9,100.02,83.35,100.02,0.085,973,1.5,4.1,401,364,364,64,43,43,224,165,165,359,300,367,191,56,107,105,107,443,434,251,264,117,119,119,256,355,334
1626257,Salah Mejri,1610612742,DAL,30.0,34,108.8,106.8,106.8,102.4,101.3,101.3,6.4,5.5,5.5,0.038,0.43,7.6,0.105,0.19,0.149,17.4,17.5,0.628,0.636,0.138,0.141,95.16,96.61,80.51,96.61,0.095,799,1.4,2.3,49,93,93,155,111,111,57,64,64,437,438,419,33,78,44,452,452,14,15,390,390,409,336,336,182,367,418
1626155,Sam Dekker,1610612745,HOU,22.0,3,126.9,113.3,113.3,124.0,111.8,111.8,2.8,1.6,1.6,0.0,0.0,0.0,0.0,0.0,0.0,0.0,0.0,0.0,0.0,0.0,0.0,112.11,124.91,104.09,124.91,0.063,15,0.0,0.0,2,9,9,468,443,443,120,152,152,463,457,463,455,459,454,1,1,474,474,476,476,1,1,1,379,474,476
201619,Sasha Kaun,1610612739,CLE,31.0,25,91.6,86.1,86.1,94.4,92.9,92.9,-2.9,-6.8,-6.8,0.052,0.43,9.7,0.121,0.137,0.129,22.6,22.0,0.529,0.527,0.119,0.134,97.67,101.64,84.7,101.64,0.075,208,0.4,0.7,457,463,463,12,9,9,287,374,374,412,441,359,14,188,83,468,465,128,264,442,411,265,60,60,317,467,472
2756,Sasha Vujacic,1610612752,NYK,32.0,61,102.3,102.5,102.5,104.1,103.9,103.9,-1.8,-1.4,-1.4,0.146,1.91,20.0,0.026,0.132,0.078,10.5,10.4,0.477,0.503,0.159,0.164,96.85,96.91,80.76,96.91,0.078,1826,1.7,4.5,259,264,264,244,222,222,247,243,243,154,117,118,259,204,234,229,221,302,338,320,318,311,310,310,291,339,307
203930,Sean Kilpatrick,1610612751,BKN,26.0,31,104.2,106.0,106.0,116.5,117.0,117.0,-12.3,-11.0,-11.0,0.078,0.94,8.1,0.018,0.074,0.045,8.6,8.6,0.528,0.576,0.227,0.23,100.04,99.01,82.51,99.01,0.087,1268,4.0,8.7,169,111,111,459,466,466,431,421,421,319,345,401,331,424,419,109,109,131,90,86,92,111,175,175,246,136,144
201586,Serge Ibaka,1610612760,OKC,26.0,78,112.3,114.2,114.2,102.5,104.0,104.0,9.9,10.2,10.2,0.037,0.61,6.0,0.057,0.143,0.103,9.9,9.9,0.513,0.533,0.174,0.176,99.87,98.34,81.95,98.34,0.085,5126,5.3,11.1,15,7,7,160,234,234,38,30,30,440,418,438,141,168,158,180,181,178,236,248,265,119,210,210,254,69,85
203508,Sergey Karasev,1610612751,BKN,22.0,40,106.9,105.3,105.3,105.9,105.0,105.0,1.0,0.3,0.3,0.114,1.59,24.3,0.022,0.131,0.077,15.3,15.4,0.48,0.562,0.117,0.12,99.32,100.46,83.72,100.46,0.064,832,0.8,1.9,84,144,144,313,273,273,169,188,188,203,194,69,296,207,235,431,434,289,132,443,443,151,96,96,375,435,436
203552,Seth Curry,1610612758,SAC,25.0,44,104.0,104.7,104.7,107.7,107.0,107.0,-3.7,-2.3,-2.3,0.148,1.86,19.2,0.013,0.071,0.042,10.3,10.3,0.567,0.603,0.172,0.176,101.34,101.31,84.42,101.31,0.091,1459,2.3,5.1,181,170,170,383,355,355,310,273,273,152,127,132,401,429,433,214,213,49,41,257,260,54,69,69,207,275,280
203498,Shabazz Muhammad,1610612750,MIN,23.0,82,102.1,101.3,101.3,108.8,109.1,109.1,-6.6,-7.8,-7.8,0.055,0.74,5.7,0.062,0.102,0.082,7.7,7.7,0.498,0.548,0.222,0.229,97.44,97.71,81.43,97.71,0.098,3424,3.9,8.3,271,302,302,402,406,406,372,393,393,401,395,446,130,305,218,69,70,233,182,98,96,281,260,260,168,137,154
203894,Shabazz Napier,1610612753,ORL,24.0,55,99.6,99.1,99.1,104.8,103.7,103.7,-5.2,-4.6,-4.6,0.253,2.11,26.7,0.015,0.077,0.045,12.7,12.6,0.423,0.46,0.196,0.202,96.14,96.86,80.72,96.86,0.071,1212,1.2,3.7,368,361,361,269,215,215,342,337,337,63,88,49,379,412,414,354,355,417,421,164,163,356,316,316,345,393,350
203499,Shane Larkin,1610612751,BKN,23.0,78,99.9,100.2,100.2,109.5,109.9,109.9,-9.6,-9.7,-9.7,0.3,2.34,33.0,0.016,0.092,0.052,14.1,14.1,0.481,0.515,0.172,0.175,97.5,97.18,80.99,97.18,0.094,3545,2.8,6.4,357,339,339,412,420,420,407,409,409,31,61,20,363,350,369,397,397,285,295,259,268,273,289,289,194,225,219
2733,Shaun Livingston,1610612744,GSW,30.0,78,109.7,109.0,109.0,101.2,102.1,102.1,8.5,6.8,6.8,0.222,3.04,32.4,0.028,0.078,0.054,10.7,10.6,0.538,0.581,0.14,0.144,98.96,98.89,82.41,98.89,0.095,3127,2.6,4.9,35,40,40,119,143,143,44,50,50,78,17,25,251,405,355,244,241,107,79,382,381,172,179,179,184,244,293
203963,Shayne Whittington,1610612754,IND,25.0,7,86.8,82.4,82.4,95.2,90.5,90.5,-8.4,-8.1,-8.1,0.12,0.6,15.0,0.106,0.0,0.0,25.0,25.2,0.455,0.463,0.172,0.182,94.57,99.62,83.01,99.62,0.048,85,0.7,1.6,468,470,470,16,6,6,398,397,397,187,420,207,30,459,454,471,471,365,413,258,225,439,137,137,422,440,448
202714,Shelvin Mack,1610612762,UTA,26.0,52,104.3,105.2,105.2,100.8,100.3,100.3,3.6,4.9,4.9,0.292,1.97,25.9,0.013,0.111,0.063,13.2,13.1,0.486,0.507,0.229,0.234,93.85,93.65,78.04,93.65,0.101,2062,3.5,8.0,160,146,146,107,86,86,100,71,71,39,109,54,397,273,303,373,369,267,319,81,82,452,460,460,153,164,162
203524,Solomon Hill,1610612754,IND,25.0,59,104.5,104.8,104.8,100.3,101.1,101.1,4.2,3.7,3.7,0.093,1.73,18.0,0.043,0.136,0.091,10.4,10.4,0.505,0.543,0.128,0.131,99.34,98.81,82.34,98.81,0.091,1773,1.6,3.5,152,165,165,92,105,105,90,96,96,269,156,150,176,189,195,220,224,200,199,422,422,148,183,183,209,348,358
201603,Sonny Weems,1610612756,PHX,29.0,43,96.5,96.9,96.9,107.1,105.0,105.0,-10.7,-8.1,-8.1,0.148,1.2,23.7,0.012,0.098,0.051,19.8,19.8,0.45,0.459,0.129,0.132,102.28,103.06,85.88,103.06,0.031,1065,1.0,2.6,427,410,410,363,275,275,417,396,396,150,285,77,407,320,376,461,462,377,424,418,418,31,27,27,452,418,402
203915,Spencer Dinwiddie,1610612741,CHI,23.0,12,82.8,82.1,82.1,99.8,101.3,101.3,-17.0,-19.1,-19.1,0.297,3.14,22.4,0.021,0.083,0.049,7.1,7.2,0.361,0.423,0.207,0.213,95.73,95.41,79.51,95.41,0.056,319,1.6,4.5,471,471,471,76,112,112,453,455,455,34,16,91,302,385,390,53,55,452,445,133,127,374,399,399,405,346,309
201150,Spencer Hawes,1610612766,CHA,28.0,57,101.1,101.1,101.1,98.9,99.3,99.3,2.1,1.8,1.8,0.171,1.88,21.6,0.047,0.175,0.112,11.5,11.6,0.467,0.508,0.168,0.171,98.08,97.85,81.55,97.85,0.094,2114,2.2,5.4,315,306,306,63,63,63,134,143,143,123,122,103,165,109,121,294,296,329,315,274,290,235,242,242,197,293,260
1626169,Stanley Johnson,1610612765,DET,20.0,73,100.3,100.6,100.6,104.0,104.2,104.2,-3.7,-3.6,-3.6,0.113,1.04,13.5,0.031,0.147,0.086,13.0,13.0,0.428,0.46,0.191,0.196,98.33,98.1,81.75,98.1,0.064,3441,3.1,8.2,348,326,326,236,242,242,314,309,309,206,320,254,230,161,203,366,363,410,419,185,189,207,225,225,372,202,155
201939,Stephen Curry,1610612744,GSW,28.0,79,116.7,117.5,117.5,98.3,99.8,99.8,18.3,17.7,17.7,0.315,2.01,20.7,0.026,0.117,0.076,10.3,10.2,0.63,0.669,0.314,0.32,103.82,102.75,85.62,102.75,0.197,5779,10.2,20.2,3,2,2,54,73,73,6,5,5,25,104,115,261,255,240,213,210,12,7,5,4,13,32,32,1,1,2
2581,Steve Blake,1610612765,DET,36.0,58,99.9,99.0,99.0,103.6,102.3,102.3,-3.7,-3.3,-3.3,0.311,2.47,37.8,0.008,0.083,0.043,15.3,15.3,0.496,0.51,0.143,0.148,96.53,97.62,81.35,97.62,0.078,2011,1.6,4.1,356,363,363,223,155,155,312,299,299,28,46,7,439,388,424,432,431,241,308,371,371,340,268,268,293,345,335
200779,Steve Novak,1610612749,MIL,33.0,10,108.1,101.9,101.9,102.1,100.0,100.0,6.0,1.9,1.9,0.0,0.0,0.0,0.0,0.096,0.053,5.3,5.1,0.639,0.651,0.162,0.182,105.67,110.01,91.67,110.01,0.087,104,0.8,1.8,57,284,284,144,79,79,61,139,139,463,457,463,455,332,358,23,22,10,11,313,230,6,3,3,243,428,440
203500,Steven Adams,1610612760,OKC,22.0,80,110.1,111.8,111.8,99.0,99.9,99.9,11.1,11.9,11.9,0.042,0.74,9.5,0.109,0.142,0.126,12.8,12.8,0.613,0.621,0.125,0.127,99.13,97.96,81.63,97.96,0.087,4105,3.3,5.3,28,18,18,66,75,75,28,21,21,431,396,369,25,171,90,360,361,17,29,429,432,162,233,233,238,182,263
204456,T.J. McConnell,1610612755,PHI,24.0,81,98.9,98.4,98.4,106.8,106.5,106.5,-7.9,-8.1,-8.1,0.36,2.62,37.1,0.026,0.134,0.078,14.1,14.2,0.503,0.511,0.167,0.171,99.21,99.55,82.95,99.55,0.116,3328,2.7,5.7,379,385,385,347,333,333,392,398,398,13,37,8,264,198,231,402,403,210,307,283,289,154,144,144,91,236,245
203933,T.J. Warren,1610612756,PHX,22.0,47,100.5,102.6,102.6,107.7,107.3,107.3,-7.2,-4.7,-4.7,0.068,1.38,8.1,0.05,0.088,0.068,5.9,5.9,0.533,0.549,0.195,0.198,101.62,100.71,83.93,100.71,0.092,2242,4.7,9.4,339,256,256,381,362,362,383,339,339,367,245,399,156,369,273,30,29,120,178,169,183,48,91,91,205,101,123
201959,Taj Gibson,1610612741,CHI,31.0,73,101.7,102.2,102.2,104.4,105.3,105.3,-2.7,-3.1,-3.1,0.083,1.36,14.3,0.104,0.14,0.122,10.5,10.4,0.526,0.556,0.144,0.148,97.0,96.36,80.3,96.36,0.096,3870,3.6,6.8,287,277,277,253,284,284,279,293,293,303,250,229,34,178,100,228,223,135,154,369,372,301,353,353,173,156,204
204028,Tarik Black,1610612747,LAL,24.0,39,102.1,102.8,102.8,101.4,99.4,99.4,0.7,3.4,3.4,0.053,0.73,9.8,0.086,0.228,0.155,13.4,13.6,0.548,0.537,0.13,0.13,96.21,96.85,80.71,96.85,0.081,993,1.5,2.7,270,248,248,127,65,65,181,102,102,410,398,357,74,30,38,380,385,85,221,414,425,353,319,319,272,364,399
2419,Tayshaun Prince,1610612750,MIN,36.0,77,101.7,101.0,101.0,103.5,105.0,105.0,-1.9,-4.0,-4.0,0.073,2.74,21.8,0.022,0.078,0.051,8.0,8.0,0.454,0.466,0.081,0.083,95.23,94.85,79.04,94.85,0.049,2882,1.3,3.0,289,311,311,219,276,276,249,319,319,342,31,100,287,404,377,78,79,367,404,471,472,405,421,421,420,378,385
203093,Terrence Jones,1610612745,HOU,24.0,50,101.6,101.8,101.8,112.2,112.0,112.0,-10.5,-10.3,-10.3,0.069,0.84,8.1,0.056,0.148,0.1,9.7,9.6,0.486,0.519,0.19,0.195,99.63,99.61,83.01,99.61,0.082,2159,3.3,7.3,291,291,291,437,446,446,415,416,416,365,373,400,144,157,168,166,166,263,284,189,192,135,138,138,263,178,185
203082,Terrence Ross,1610612761,TOR,25.0,73,106.3,107.2,107.2,100.6,101.2,101.2,5.6,6.0,6.0,0.053,1.22,7.4,0.012,0.092,0.052,6.1,6.1,0.536,0.551,0.178,0.183,94.91,94.21,78.51,94.21,0.082,3448,3.7,8.6,94,80,80,102,108,108,65,61,61,409,280,423,411,349,365,33,32,113,167,227,221,420,450,450,268,148,146
1626179,Terry Rozier,1610612738,BOS,22.0,39,94.1,92.8,92.8,100.6,100.3,100.3,-6.6,-7.5,-7.5,0.199,1.95,22.3,0.062,0.118,0.088,11.4,11.4,0.302,0.326,0.168,0.176,100.24,101.06,84.22,101.06,0.044,657,0.7,2.7,446,443,443,103,84,84,369,388,388,94,112,94,131,249,199,287,284,466,471,272,262,98,75,75,438,437,396
200757,Thabo Sefolosha,1610612737,ATL,32.0,75,101.0,100.3,100.3,97.9,98.8,98.8,3.1,1.5,1.5,0.093,1.57,18.2,0.03,0.15,0.092,11.6,11.5,0.563,0.579,0.121,0.125,99.14,99.01,82.51,99.01,0.096,3587,2.5,4.9,318,338,338,46,56,56,108,155,155,272,197,147,238,154,193,296,294,61,83,440,441,160,176,176,174,255,287
201152,Thaddeus Young,1610612751,BKN,28.0,73,103.0,103.4,103.4,107.4,108.0,108.0,-4.4,-4.6,-4.6,0.094,1.0,10.4,0.076,0.208,0.142,10.4,10.4,0.518,0.533,0.217,0.219,96.71,96.3,80.25,96.3,0.118,4826,6.8,13.2,229,222,222,373,390,390,326,336,336,267,327,341,96,48,55,217,220,159,239,115,116,320,357,357,84,33,52
203648,Thanasis Antetokounmpo,1610612752,NYK,23.0,2,108.7,107.7,107.7,134.8,142.9,142.9,-26.1,-35.2,-35.2,0.0,0.0,0.0,0.0,0.0,0.0,0.0,0.0,0.75,0.75,0.286,0.288,106.44,103.68,86.4,103.68,0.14,13,1.5,2.0,51,66,66,471,473,473,465,468,468,463,457,463,455,459,454,1,1,2,2,20,22,4,20,20,35,360,427
203080,Thomas Robinson,1610612751,BKN,25.0,71,96.9,96.6,96.6,110.7,110.3,110.3,-13.9,-13.6,-13.6,0.08,0.67,10.2,0.134,0.255,0.19,15.3,15.2,0.447,0.453,0.186,0.192,98.01,98.34,81.95,98.34,0.091,1867,1.8,4.1,421,416,416,428,427,427,441,439,439,312,408,345,7,11,6,430,429,383,426,204,198,240,211,211,213,330,337
201168,Tiago Splitter,1610612737,ATL,31.0,36,103.5,103.1,103.1,94.2,94.8,94.8,9.3,8.3,8.3,0.077,1.25,13.0,0.081,0.126,0.104,10.4,10.4,0.523,0.571,0.15,0.154,99.14,99.03,82.52,99.03,0.088,1197,2.3,4.3,204,235,235,10,20,20,40,40,40,329,267,268,85,218,148,219,225,140,105,358,360,158,173,173,229,284,320
202353,Tibor Pleiss,1610612762,UTA,26.0,12,101.7,95.7,95.7,107.7,106.1,106.1,-6.0,-10.4,-10.4,0.043,0.25,5.6,0.087,0.118,0.103,22.2,22.3,0.44,0.464,0.186,0.199,92.75,96.25,80.21,96.25,-0.004,164,0.9,2.1,290,431,431,380,322,322,357,417,417,429,452,447,69,245,155,467,468,394,411,203,177,464,362,362,472,424,424
1495,Tim Duncan,1610612759,SAS,40.0,61,107.6,108.1,108.1,93.8,94.5,94.5,13.7,13.6,13.6,0.153,1.81,21.8,0.079,0.212,0.148,12.0,12.0,0.488,0.523,0.171,0.174,94.99,94.41,78.68,94.41,0.122,3030,3.5,7.2,69,60,60,8,17,17,15,15,15,144,139,101,89,41,46,327,324,262,269,261,271,415,437,437,73,161,190
204025,Tim Frazier,1610612740,NOP,25.0,51,104.2,102.8,102.8,104.7,104.6,104.6,-0.5,-1.8,-1.8,0.339,2.49,33.1,0.035,0.111,0.073,13.3,13.3,0.454,0.499,0.192,0.198,97.08,97.78,81.48,97.78,0.1,1508,1.9,4.5,172,249,249,266,255,255,212,256,256,18,44,18,212,274,247,378,376,367,346,183,186,297,253,253,158,326,311
203501,Tim Hardaway Jr.,1610612737,ATL,24.0,51,104.1,104.4,104.4,98.0,97.8,97.8,6.1,6.6,6.6,0.089,2.22,14.2,0.008,0.084,0.048,6.4,6.3,0.521,0.563,0.159,0.164,98.56,98.54,82.12,98.54,0.082,1766,2.2,5.2,179,182,182,47,41,41,59,53,53,282,75,234,440,384,400,39,38,148,126,321,319,194,193,193,271,286,270
202389,Timofey Mozgov,1610612739,CLE,29.0,76,104.4,104.6,104.6,103.7,104.0,104.0,0.7,0.6,0.6,0.039,0.46,6.6,0.087,0.168,0.129,14.1,14.1,0.567,0.593,0.16,0.165,94.97,94.76,78.97,94.76,0.089,2611,2.7,4.7,156,174,174,225,236,236,179,181,181,434,437,429,70,126,85,403,395,50,56,317,315,417,424,424,223,237,301
202699,Tobias Harris,1610612765,DET,23.0,76,103.1,104.8,104.8,103.7,104.3,104.3,-0.5,0.5,0.5,0.106,1.56,13.3,0.038,0.166,0.101,8.5,8.5,0.514,0.56,0.192,0.195,96.94,95.88,79.9,95.88,0.116,5017,5.5,11.7,221,163,163,224,244,244,214,183,183,225,201,257,204,129,162,104,104,176,138,181,191,304,374,374,94,63,79
201962,Toney Douglas,1610612740,NOP,30.0,61,104.9,104.4,104.4,109.7,109.5,109.5,-4.8,-5.1,-5.1,0.188,2.45,22.1,0.019,0.099,0.056,9.0,9.0,0.502,0.543,0.189,0.192,99.21,99.53,82.94,99.53,0.085,2615,3.0,7.3,132,179,179,416,417,417,333,347,347,102,50,97,324,316,336,129,130,212,196,194,200,155,147,147,255,206,188
2754,Tony Allen,1610612763,MEM,34.0,64,102.8,103.9,103.9,104.1,105.2,105.2,-1.3,-1.4,-1.4,0.068,0.9,10.3,0.063,0.128,0.094,11.5,11.5,0.474,0.505,0.167,0.17,94.78,93.77,78.14,93.77,0.075,3142,3.4,7.3,239,205,205,241,282,282,237,242,242,368,358,343,128,214,185,292,292,307,329,282,295,426,457,457,311,174,186
2225,Tony Parker,1610612759,SAS,34.0,72,107.5,107.8,107.8,96.9,97.1,97.1,10.6,10.7,10.7,0.294,2.89,29.2,0.009,0.08,0.046,10.1,10.1,0.512,0.546,0.211,0.214,94.87,94.58,78.82,94.58,0.112,3899,4.9,9.9,71,62,62,32,35,35,32,28,28,36,25,39,436,398,408,197,202,184,188,124,126,423,429,429,108,94,115
203503,Tony Snell,1610612741,CHI,24.0,64,101.4,101.5,101.5,96.9,97.3,97.3,4.5,4.1,4.1,0.07,1.21,13.4,0.014,0.117,0.068,11.1,11.1,0.454,0.478,0.134,0.137,98.73,98.49,82.07,98.49,0.054,2663,2.0,5.3,298,299,299,33,38,38,82,88,88,362,282,255,389,252,270,264,264,366,387,402,404,187,198,198,409,317,264
203100,Tony Wroten,1610612752,NYK,23.0,8,84.8,86.1,86.1,108.9,109.2,109.2,-24.2,-23.1,-23.1,0.274,0.69,15.2,0.013,0.13,0.069,22.0,22.3,0.362,0.412,0.32,0.32,103.19,102.29,85.24,102.29,0.022,309,2.8,8.1,470,462,462,406,408,408,462,461,461,47,403,202,403,209,266,465,467,451,449,3,5,19,38,38,463,230,156
2772,Trevor Ariza,1610612745,HOU,31.0,81,107.3,108.4,108.4,107.0,108.1,108.1,0.4,0.3,0.3,0.1,1.66,15.3,0.023,0.106,0.064,9.2,9.2,0.523,0.551,0.156,0.158,99.35,98.33,81.94,98.33,0.084,5868,4.4,10.6,74,50,50,357,392,392,187,189,189,243,173,197,285,292,295,139,139,139,166,335,342,147,212,212,257,114,95
202344,Trevor Booker,1610612762,UTA,28.0,79,101.8,102.4,102.4,100.2,98.9,98.9,1.6,3.5,3.5,0.083,1.02,13.9,0.102,0.178,0.14,13.5,13.5,0.505,0.533,0.141,0.144,93.85,94.22,78.52,94.22,0.1,3180,2.4,4.9,282,266,266,88,59,59,149,101,101,300,323,240,37,102,57,383,383,199,237,379,384,450,449,449,156,263,289
203504,Trey Burke,1610612762,UTA,23.0,64,100.9,102.3,102.3,103.0,102.6,102.6,-2.1,-0.4,-0.4,0.201,1.85,16.6,0.013,0.07,0.041,8.9,8.9,0.483,0.507,0.242,0.247,94.01,93.52,77.93,93.52,0.099,2666,4.1,9.9,323,273,273,186,170,170,258,211,211,93,130,174,395,433,437,123,125,277,321,58,54,448,463,463,160,132,113
1626168,Trey Lyles,1610612762,UTA,20.0,80,102.0,101.6,101.6,103.0,103.3,103.3,-0.9,-1.7,-1.7,0.072,0.91,9.9,0.043,0.18,0.111,10.9,10.9,0.494,0.517,0.178,0.183,92.46,92.52,77.1,92.52,0.09,2665,2.4,5.5,274,297,297,185,191,191,223,254,254,349,353,354,179,95,124,261,261,245,290,225,224,467,469,469,217,266,257
202684,Tristan Thompson,1610612739,CLE,25.0,82,109.6,111.0,111.0,101.7,102.2,102.2,7.8,8.7,8.7,0.04,1.02,9.5,0.116,0.209,0.162,9.4,9.4,0.588,0.611,0.114,0.116,95.64,94.81,79.01,94.81,0.106,4466,3.0,5.1,38,23,23,134,149,149,48,37,37,432,325,365,17,44,25,151,153,32,34,449,453,379,422,422,127,205,278
203584,Troy Daniels,1610612766,CHA,24.0,43,101.8,100.1,100.1,104.2,105.2,105.2,-2.4,-5.1,-5.1,0.083,0.88,8.9,0.014,0.103,0.057,10.2,10.2,0.634,0.634,0.195,0.202,99.55,99.93,83.27,99.93,0.098,995,2.1,4.3,284,341,341,249,279,279,273,345,345,302,362,383,387,302,333,205,207,11,19,171,164,141,123,123,169,302,315
201951,Ty Lawson,1610612754,IND,28.0,66,99.5,99.9,99.9,105.7,105.6,105.6,-6.2,-5.7,-5.7,0.251,2.49,32.7,0.017,0.064,0.04,13.1,13.1,0.444,0.476,0.145,0.147,101.49,101.33,84.44,101.33,0.068,2984,2.1,5.4,369,350,350,305,299,299,363,354,354,64,43,23,345,445,438,369,369,387,388,367,373,51,67,67,360,299,261
203898,Tyler Ennis,1610612749,MIL,21.0,46,98.7,98.3,98.3,104.2,104.1,104.1,-5.5,-5.8,-5.8,0.225,2.07,27.8,0.02,0.097,0.059,13.5,13.4,0.484,0.51,0.168,0.173,95.35,95.6,79.67,95.6,0.075,1306,1.8,4.1,383,389,389,250,237,237,348,357,357,76,96,44,306,329,322,382,380,274,311,278,277,399,391,391,315,332,338
201946,Tyler Hansbrough,1610612766,CHA,30.0,44,106.1,102.9,102.9,107.3,107.0,107.0,-1.2,-4.1,-4.1,0.038,0.67,6.5,0.108,0.148,0.127,9.8,10.0,0.465,0.522,0.144,0.146,96.75,98.41,82.01,98.41,0.054,700,0.7,1.6,98,244,244,367,349,349,233,323,323,436,408,430,27,159,89,174,191,340,273,368,377,318,205,205,408,438,444
204020,Tyler Johnson,1610612748,MIA,24.0,36,100.8,100.3,100.3,98.4,99.6,99.6,2.4,0.7,0.7,0.151,1.68,20.0,0.034,0.091,0.064,11.9,11.8,0.541,0.579,0.167,0.172,94.35,94.02,78.35,94.02,0.098,1688,3.3,6.8,327,337,337,55,69,69,128,177,177,146,170,119,219,357,294,316,309,99,82,288,285,447,453,453,170,181,206
203092,Tyler Zeller,1610612738,BOS,26.0,60,98.5,98.0,98.0,101.9,102.3,102.3,-3.4,-4.3,-4.3,0.073,0.63,7.0,0.08,0.148,0.114,11.1,11.2,0.476,0.539,0.225,0.23,101.93,101.96,84.97,101.96,0.102,1508,2.3,4.8,392,395,395,137,157,157,301,328,328,343,415,427,86,155,116,267,265,304,215,94,93,39,47,47,149,277,295
201936,Tyreke Evans,1610612740,NOP,26.0,25,104.5,105.6,105.6,105.4,105.9,105.9,-0.9,-0.3,-0.3,0.366,2.25,27.6,0.026,0.142,0.084,12.3,12.3,0.486,0.534,0.254,0.254,95.42,94.73,78.95,94.73,0.131,1506,5.4,12.6,150,127,127,293,310,310,222,208,208,11,72,45,258,172,211,338,339,266,233,43,47,393,425,425,47,64,61
2199,Tyson Chandler,1610612756,PHX,33.0,66,95.5,96.3,96.3,108.1,107.9,107.9,-12.6,-11.5,-11.5,0.064,0.69,11.7,0.103,0.251,0.174,17.0,17.0,0.583,0.606,0.126,0.128,99.21,98.87,82.39,98.87,0.117,3328,2.8,4.8,440,421,421,390,385,385,433,427,427,380,404,303,36,13,15,451,451,35,36,426,428,156,181,181,89,228,299
1626145,Tyus Jones,1610612750,MIN,20.0,37,100.3,98.6,98.6,110.3,109.3,109.3,-10.0,-10.7,-10.7,0.278,3.27,34.7,0.012,0.073,0.041,10.6,10.5,0.41,0.45,0.151,0.159,98.3,99.57,82.97,99.57,0.077,1184,1.5,4.2,346,380,380,424,414,414,410,419,419,43,15,12,414,426,435,237,231,427,427,353,337,212,141,141,299,356,327
2617,Udonis Haslem,1610612748,MIA,36.0,37,100.7,97.5,97.5,100.7,100.6,100.6,0.0,-3.1,-3.1,0.08,2.8,16.1,0.043,0.26,0.156,5.7,5.7,0.385,0.434,0.131,0.138,93.82,95.43,79.53,95.43,0.09,516,0.6,1.6,329,403,403,105,96,96,194,292,292,310,29,183,178,8,37,26,27,445,440,412,399,453,398,398,219,448,443
203506,Victor Oladipo,1610612753,ORL,24.0,72,104.0,105.0,105.0,104.5,105.4,105.4,-0.6,-0.4,-0.4,0.182,1.84,18.7,0.02,0.121,0.071,10.1,10.1,0.489,0.534,0.224,0.228,98.77,97.87,81.56,97.87,0.111,4849,5.9,13.5,185,156,156,262,290,290,216,212,212,109,132,139,311,234,257,203,201,256,231,96,99,184,241,241,111,56,47
1713,Vince Carter,1610612763,MEM,39.0,60,102.9,104.0,104.0,106.0,105.6,105.6,-3.1,-1.6,-1.6,0.089,1.6,12.0,0.029,0.117,0.071,7.5,7.4,0.474,0.52,0.177,0.181,97.51,97.16,80.97,97.16,0.08,2034,2.2,5.7,230,198,198,320,301,301,293,249,249,281,191,293,243,256,254,65,63,313,280,234,232,272,291,291,279,291,246
201961,Wayne Ellington,1610612751,BKN,28.0,76,96.3,96.7,96.7,106.9,106.6,106.6,-10.6,-10.0,-10.0,0.082,1.84,11.6,0.012,0.096,0.053,6.3,6.3,0.474,0.498,0.172,0.176,97.12,97.07,80.89,97.07,0.068,3268,2.9,7.4,429,415,415,355,337,337,416,413,413,308,131,307,418,333,362,36,35,309,350,256,261,295,299,299,359,222,182
202325,Wesley Johnson,1610612746,LAC,28.0,80,103.7,102.7,102.7,100.4,99.9,99.9,3.3,2.7,2.7,0.045,0.91,7.7,0.022,0.121,0.072,8.5,8.5,0.504,0.513,0.153,0.157,98.78,99.56,82.96,99.56,0.069,3468,2.6,6.4,195,255,255,97,76,76,104,116,116,424,354,414,297,237,253,102,101,207,302,343,344,183,142,142,356,245,218
202083,Wesley Matthews,1610612742,DAL,29.0,78,108.4,108.0,108.0,105.7,106.0,106.0,2.7,2.0,2.0,0.088,1.94,13.2,0.01,0.08,0.045,6.8,6.8,0.498,0.532,0.171,0.174,95.15,95.16,79.3,95.16,0.065,5243,4.2,10.9,54,61,61,301,316,316,121,137,137,287,115,263,429,399,410,46,46,229,241,265,272,410,408,408,368,125,88
203115,Will Barton,1610612743,DEN,25.0,82,102.4,103.7,103.7,105.8,106.8,106.8,-3.5,-3.1,-3.1,0.147,1.46,14.1,0.024,0.177,0.099,9.7,9.6,0.489,0.535,0.226,0.231,98.32,97.27,81.06,97.27,0.125,4778,5.2,12.0,256,212,212,312,342,342,307,296,296,153,223,236,271,105,170,169,163,253,227,89,87,208,283,283,65,79,70
1626161,Willie Cauley-Stein,1610612758,SAC,22.0,66,105.4,105.6,105.6,108.1,106.8,106.8,-2.7,-1.2,-1.2,0.038,0.8,7.7,0.094,0.15,0.122,9.6,9.6,0.563,0.588,0.131,0.133,100.93,101.51,84.59,101.51,0.088,2965,2.9,5.1,122,129,129,392,340,340,284,238,238,438,380,412,52,151,98,161,165,60,63,410,413,69,61,61,236,216,276
203186,Willie Reed,1610612751,BKN,26.0,39,97.9,97.2,97.2,105.8,104.4,104.4,-7.9,-7.2,-7.2,0.039,0.63,5.4,0.113,0.174,0.143,8.7,8.7,0.571,0.579,0.175,0.18,97.12,98.06,81.71,98.06,0.114,861,1.9,3.4,407,406,406,306,248,248,394,384,384,435,416,449,21,111,52,111,112,42,84,239,236,294,227,227,98,320,366
204098,Xavier Munford,1610612763,MEM,24.0,14,102.8,105.5,105.5,112.3,110.7,110.7,-9.5,-5.1,-5.1,0.136,1.47,18.5,0.011,0.129,0.064,12.6,12.5,0.474,0.481,0.168,0.172,96.31,95.69,79.74,95.69,0.064,487,2.3,5.5,238,131,131,438,433,433,406,346,346,168,221,144,423,211,293,351,343,311,379,270,281,351,385,385,374,280,255
203897,Zach LaVine,1610612750,MIN,21.0,82,104.0,104.2,104.2,109.5,110.4,110.4,-5.5,-6.2,-6.2,0.187,1.62,17.3,0.012,0.089,0.051,10.7,10.7,0.516,0.548,0.228,0.233,99.02,98.5,82.08,98.5,0.091,4705,5.3,11.7,184,190,190,413,428,428,349,365,365,103,188,165,404,368,373,247,246,170,179,82,84,167,197,197,212,73,80
2216,Zach Randolph,1610612763,MEM,34.0,68,103.8,105.9,105.9,105.8,106.9,106.9,-2.0,-1.1,-1.1,0.125,1.35,11.3,0.088,0.187,0.136,8.4,8.4,0.479,0.519,0.247,0.247,94.67,93.26,77.71,93.26,0.13,3932,6.3,13.3,189,117,117,310,347,347,253,231,231,181,253,317,67,85,67,94,97,292,286,50,53,433,465,465,52,46,49
2585,Zaza Pachulia,1610612742,DAL,32.0,76,104.1,103.9,103.9,103.2,103.8,103.8,0.9,0.1,0.1,0.101,1.08,15.1,0.124,0.237,0.18,14.0,14.2,0.466,0.55,0.163,0.164,94.56,94.4,78.67,94.4,0.118,3940,2.9,6.2,175,203,203,200,218,218,173,197,197,242,311,205,11,23,11,395,405,333,176,310,317,440,439,439,83,217,229
