PLAYER_ID,PLAYER_NAME,TEAM_ID,TEAM_ABBREVIATION,AGE,GP,E_OFF_RATING,OFF_RATING,sp_work_OFF_RATING,E_DEF_RATING,DEF_RATING,sp_work_DEF_RATING,E_NET_RATING,NET_RATING,sp_work_NET_RATING,AST_PCT,AST_TO,AST_RATIO,OREB_PCT,DREB_PCT,REB_PCT,TM_TOV_PCT,E_TOV_PCT,EFG_PCT,TS_PCT,USG_PCT,E_USG_PCT,E_PACE,PACE,PACE_PER40,sp_work_PACE,PIE,POSS,FGM_PG,FGA_PG,E_OFF_RATING_RANK,OFF_RATING_RANK,sp_work_OFF_RATING_RANK,E_DEF_RATING_RANK,DEF_RATING_RANK,sp_work_DEF_RATING_RANK,E_NET_RATING_RANK,NET_RATING_RANK,sp_work_NET_RATING_RANK,AST_PCT_RANK,AST_TO_RANK,AST_RATIO_RANK,OREB_PCT_RANK,DREB_PCT_RANK,REB_PCT_RANK,TM_TOV_PCT_RANK,E_TOV_PCT_RANK,EFG_PCT_RANK,TS_PCT_RANK,USG_PCT_RANK,E_USG_PCT_RANK,E_PACE_RANK,PACE_RANK,sp_work_PACE_RANK,PIE_RANK,FGM_PG_RANK,FGA_PG_RANK
1627773,AJ Hammons,1610612742,DAL,24.0,22,102.2,101.2,101.2,102.8,101.5,101.5,-0.6,-0.3,-0.3,0.038,0.4,6.1,0.045,0.172,0.106,15.2,15.4,0.464,0.472,0.165,0.167,95.66,96.75,80.62,96.75,0.043,327,0.8,1.9,353,375,375,95,59,59,223,208,208,453,458,459,172,107,145,438,445,367,413,291,296,413,356,356,447,437,440
201166,Aaron Brooks,1610612754,IND,32.0,65,101.5,101.8,101.8,104.5,103.4,103.4,-3.0,-1.6,-1.6,0.216,1.89,24.6,0.019,0.056,0.037,13.0,13.0,0.483,0.507,0.186,0.191,96.54,96.91,80.76,96.91,0.062,1803,1.9,4.6,377,364,364,159,110,110,302,252,252,81,145,77,324,459,447,393,392,313,346,209,209,371,350,350,378,330,306
203932,Aaron Gordon,1610612753,ORL,21.0,80,105.4,107.2,107.2,108.2,110.4,110.4,-2.8,-3.1,-3.1,0.097,1.69,12.5,0.048,0.124,0.086,7.4,7.4,0.499,0.53,0.197,0.2,99.71,97.91,81.59,97.91,0.088,4680,4.9,10.8,200,157,157,340,405,405,291,305,305,258,189,291,156,230,202,80,80,256,269,163,165,150,256,256,213,88,89
1626151,Aaron Harrison,1610612766,CHA,22.0,5,83.3,79.4,79.4,101.9,100.0,100.0,-18.6,-20.6,-20.6,0.375,0.0,37.5,0.0,0.0,0.0,0.0,0.0,0.0,0.102,0.132,0.142,92.43,95.61,79.68,95.61,0.0,34,0.0,0.8,478,481,481,69,40,40,468,472,472,9,466,8,461,469,461,1,1,481,482,411,388,476,418,418,474,481,479
203940,Adreian Payne,1610612750,MIN,26.0,18,102.6,101.8,101.8,102.2,98.6,98.6,0.4,3.2,3.2,0.089,0.88,9.0,0.06,0.179,0.117,10.3,10.3,0.454,0.505,0.219,0.224,96.68,98.82,82.35,98.82,0.081,278,1.3,3.0,338,366,366,72,33,33,179,102,102,290,386,399,128,93,112,245,250,383,354,99,95,365,183,183,263,387,395
201143,Al Horford,1610612738,BOS,31.0,68,110.7,112.1,112.1,105.8,107.2,107.2,5.0,4.8,4.8,0.239,2.93,25.7,0.044,0.162,0.105,8.8,8.8,0.527,0.553,0.196,0.199,98.96,97.71,81.42,97.71,0.125,4464,5.6,11.8,56,49,49,218,270,270,70,70,70,65,28,64,180,131,149,150,150,163,184,165,170,189,276,276,64,64,70
2744,Al Jefferson,1610612754,IND,32.0,66,102.3,102.2,102.2,108.1,107.6,107.6,-5.8,-5.4,-5.4,0.114,1.73,9.5,0.077,0.225,0.148,5.5,5.5,0.499,0.526,0.254,0.26,96.91,97.2,81.0,97.2,0.133,1886,3.6,7.1,349,350,350,335,295,295,364,354,354,223,173,372,90,35,52,27,27,255,286,49,48,345,323,323,47,166,185
202329,Al-Farouq Aminu,1610612757,POR,26.0,61,107.7,108.1,108.1,105.9,107.1,107.1,1.8,0.9,0.9,0.082,1.05,13.8,0.044,0.204,0.126,13.1,13.1,0.468,0.506,0.155,0.158,98.38,97.64,81.37,97.64,0.092,3601,3.0,7.6,123,129,129,225,261,261,141,165,165,317,331,260,182,53,92,396,397,360,352,325,328,232,287,287,195,203,172
101187,Alan Anderson,1610612746,LAC,34.0,30,103.1,101.9,101.9,114.0,112.2,112.2,-10.8,-10.3,-10.3,0.052,1.57,10.6,0.01,0.067,0.039,6.7,6.7,0.463,0.494,0.137,0.142,95.84,97.13,80.94,97.13,0.023,618,1.0,2.7,317,360,360,459,440,440,435,427,427,419,215,342,426,439,443,50,50,369,377,395,385,404,327,327,465,416,412
1626210,Alan Williams,1610612756,PHX,24.0,47,105.6,106.2,106.2,105.8,105.1,105.1,-0.3,1.2,1.2,0.049,0.62,6.1,0.121,0.255,0.188,9.8,9.8,0.517,0.547,0.203,0.206,102.8,102.86,85.71,102.86,0.127,1509,2.9,5.7,194,186,186,220,167,167,210,153,153,430,433,458,19,16,10,215,216,191,206,144,143,39,30,30,58,215,247
202692,Alec Burks,1610612762,UTA,25.0,42,105.1,104.4,104.4,104.9,104.9,104.9,0.2,-0.5,-0.5,0.074,0.86,8.7,0.026,0.158,0.091,10.1,10.1,0.45,0.501,0.212,0.219,95.94,96.25,80.21,96.25,0.087,1313,2.4,5.9,211,257,257,178,162,162,187,214,214,343,389,410,261,141,190,235,228,391,366,120,113,399,389,389,223,266,240
203518,Alex Abrines,1610612760,OKC,23.0,68,106.0,107.2,107.2,108.3,107.8,107.8,-2.3,-0.6,-0.6,0.055,1.21,9.3,0.016,0.066,0.04,7.6,7.6,0.531,0.56,0.153,0.157,101.03,100.76,83.97,100.76,0.052,2222,2.0,5.0,179,159,159,349,303,303,275,219,219,409,304,385,365,446,435,91,89,147,161,332,331,82,80,80,426,322,286
203458,Alex Len,1610612756,PHX,24.0,77,99.4,100.8,100.8,110.5,111.9,111.9,-11.1,-11.1,-11.1,0.043,0.43,6.3,0.091,0.222,0.154,14.5,14.6,0.5,0.553,0.174,0.176,103.49,102.09,85.07,102.09,0.095,3304,3.0,6.0,411,387,387,415,435,435,438,433,433,445,455,455,59,38,38,431,432,244,185,259,266,23,48,48,171,209,230
1627816,Alex Poythress,1610612755,PHI,23.0,6,106.7,105.8,105.8,116.4,115.9,115.9,-9.7,-10.0,-10.0,0.052,1.67,7.6,0.065,0.122,0.092,4.5,4.5,0.519,0.548,0.162,0.166,99.28,99.93,83.27,99.93,0.08,325,4.2,9.0,154,196,196,470,475,475,426,423,423,423,191,437,116,238,187,20,20,183,203,297,298,173,113,113,277,124,127
201582,Alexis Ajinca,1610612740,NOP,29.0,39,100.5,100.2,100.2,105.3,105.3,105.3,-4.7,-5.1,-5.1,0.031,0.39,5.1,0.076,0.2,0.14,13.1,13.0,0.5,0.529,0.166,0.171,100.42,100.55,83.79,100.55,0.088,1225,2.3,4.6,395,392,392,192,181,181,338,351,351,465,460,468,95,57,67,398,394,244,272,284,281,105,92,92,216,279,307
203459,Allen Crabbe,1610612757,POR,25.0,79,106.1,106.8,106.8,108.9,109.7,109.7,-2.8,-2.9,-2.9,0.063,1.52,11.0,0.008,0.091,0.05,7.3,7.2,0.572,0.602,0.146,0.149,99.93,99.24,82.7,99.24,0.074,4669,3.8,8.2,176,170,170,369,390,390,290,296,296,383,229,331,438,357,394,73,69,60,61,354,357,136,162,162,318,145,152
202087,Alonzo Gee,1610612743,DEN,30.0,13,107.8,104.2,104.2,106.3,103.3,103.3,1.4,0.9,0.9,0.092,1.5,21.4,0.043,0.11,0.077,14.3,14.3,0.214,0.306,0.103,0.108,104.33,107.63,89.69,107.63,0.008,191,0.2,1.1,118,271,271,246,106,106,149,167,167,279,232,116,183,281,236,426,428,476,470,467,464,12,5,5,472,477,473
101161,Amir Johnson,1610612738,BOS,30.0,80,111.4,112.3,112.3,103.4,104.6,104.6,8.0,7.7,7.7,0.125,1.82,22.2,0.074,0.15,0.113,12.2,12.2,0.612,0.628,0.136,0.138,97.96,97.02,80.85,97.02,0.091,3231,2.7,4.6,45,44,44,117,150,150,40,47,47,212,157,109,99,161,123,356,357,23,26,398,403,263,338,338,203,235,305
2760,Anderson Varejao,1610612744,GSW,34.0,14,104.0,101.5,101.5,112.4,114.6,114.6,-8.4,-13.1,-13.1,0.152,1.25,27.0,0.12,0.0,0.0,21.6,21.7,0.357,0.478,0.12,0.124,102.27,102.41,85.35,102.41,0.048,194,0.4,1.0,278,370,370,444,469,469,407,448,448,159,293,54,20,469,461,473,474,456,404,439,435,48,38,38,438,471,474
203083,Andre Drummond,1610612765,DET,23.0,81,102.6,104.3,104.3,109.0,109.9,109.9,-6.3,-5.6,-5.6,0.06,0.59,6.9,0.132,0.341,0.229,11.6,11.6,0.531,0.518,0.222,0.224,96.51,95.3,79.41,95.3,0.136,4780,6.0,11.2,337,261,261,373,396,396,372,362,362,396,436,447,10,1,1,323,323,145,312,92,98,374,432,432,41,57,81
2738,Andre Iguodala,1610612744,GSW,33.0,76,114.3,114.1,114.1,101.0,101.7,101.7,13.4,12.4,12.4,0.169,4.5,33.4,0.027,0.114,0.074,7.4,7.4,0.605,0.624,0.111,0.113,101.92,101.67,84.72,101.67,0.102,4232,2.9,5.5,21,30,30,53,62,62,18,17,17,141,4,20,251,265,251,79,81,27,29,460,457,55,60,60,138,218,260
203460,Andre Roberson,1610612760,OKC,25.0,79,106.1,108.1,108.1,103.3,104.7,104.7,2.8,3.4,3.4,0.045,1.55,12.3,0.039,0.124,0.081,7.9,7.9,0.513,0.51,0.099,0.1,101.08,99.47,82.89,99.47,0.059,4912,2.7,5.9,172,125,125,113,156,156,109,96,96,441,219,297,195,233,218,104,105,206,336,471,474,79,144,144,392,231,242
101106,Andrew Bogut,1610612739,CLE,32.0,27,95.7,95.1,95.1,97.4,97.4,97.4,-1.7,-2.2,-2.2,0.133,1.14,27.5,0.096,0.286,0.189,24.2,24.2,0.469,0.46,0.104,0.106,93.14,93.46,77.88,93.46,0.092,1131,1.4,3.0,446,442,442,21,28,28,255,278,278,190,316,49,53,5,9,480,480,356,426,466,468,470,466,466,191,375,395
1626150,Andrew Harrison,1610612763,MEM,22.0,72,102.3,102.8,102.8,102.5,102.9,102.9,-0.3,0.0,0.0,0.209,2.33,27.0,0.015,0.079,0.046,11.6,11.7,0.385,0.477,0.162,0.164,94.76,94.35,78.62,94.35,0.053,2885,1.6,5.0,352,329,329,86,95,95,208,201,201,89,73,55,377,404,409,321,325,448,406,300,309,432,448,448,422,355,287
203094,Andrew Nicholson,1610612751,BKN,27.0,38,96.0,95.4,95.4,113.7,113.1,113.1,-17.6,-17.7,-17.7,0.047,0.59,7.0,0.045,0.133,0.089,11.9,11.8,0.41,0.427,0.172,0.178,97.48,98.04,81.7,98.04,0.031,696,1.1,2.9,441,441,441,458,455,455,463,466,466,438,438,445,177,203,194,338,332,436,449,263,260,309,248,248,460,403,403
203952,Andrew Wiggins,1610612750,MIN,22.0,82,109.8,111.1,111.1,110.4,111.3,111.3,-0.5,-0.2,-0.2,0.104,1.01,8.6,0.034,0.077,0.056,8.6,8.6,0.484,0.534,0.286,0.288,97.56,96.58,80.48,96.58,0.095,6131,8.6,19.1,72,59,59,411,426,426,220,206,206,239,340,414,215,409,347,134,137,307,254,22,23,298,366,366,174,12,8
203461,Anthony Bennett,1610612751,BKN,24.0,23,107.5,107.0,107.0,118.1,118.5,118.5,-10.6,-11.5,-11.5,0.075,1.0,9.0,0.092,0.187,0.14,9.0,9.1,0.484,0.533,0.188,0.191,104.03,104.12,86.77,104.12,0.094,572,1.7,4.0,127,164,164,476,478,478,433,437,437,337,342,395,58,69,65,166,169,311,258,202,206,14,19,19,180,351,344
1626148,Anthony Brown,1610612753,ORL,24.0,11,102.0,100.0,100.0,100.7,100.3,100.3,1.3,-0.3,-0.3,0.08,1.33,12.5,0.045,0.147,0.095,9.4,9.4,0.43,0.43,0.152,0.158,94.67,95.83,79.86,95.83,0.058,320,1.6,4.5,363,396,396,50,48,48,152,210,210,321,274,292,176,167,176,186,184,421,448,337,325,433,407,407,400,352,309
203076,Anthony Davis,1610612740,NOP,24.0,75,104.2,105.2,105.2,102.5,104.1,104.1,1.7,1.1,1.1,0.11,0.87,7.4,0.062,0.241,0.155,8.5,8.4,0.518,0.58,0.321,0.326,100.19,98.95,82.46,98.95,0.192,5577,10.3,20.3,270,223,223,88,130,130,143,157,157,230,387,441,124,27,37,132,129,189,112,9,9,121,176,176,4,1,3
201627,Anthony Morrow,1610612741,CHI,31.0,49,104.5,105.6,105.6,106.4,105.1,105.1,-1.8,0.4,0.4,0.052,4.17,8.4,0.015,0.026,0.02,2.0,2.0,0.47,0.505,0.158,0.161,99.74,99.82,83.18,99.82,0.055,1492,2.0,5.1,249,204,204,251,171,171,259,184,184,420,5,420,376,468,460,15,15,354,355,318,321,149,118,118,415,311,277
201229,Anthony Tolliver,1610612758,SAC,32.0,65,105.8,106.3,106.3,110.6,110.5,110.5,-4.8,-4.2,-4.2,0.077,1.38,14.8,0.036,0.132,0.084,10.7,10.8,0.57,0.595,0.133,0.135,97.77,97.63,81.36,97.63,0.073,3016,2.4,5.4,190,185,185,419,407,407,342,332,332,331,264,231,206,208,211,270,272,65,73,407,410,282,289,289,323,261,265
203462,Archie Goodwin,1610612751,BKN,22.0,15,103.3,100.9,100.9,108.7,109.2,109.2,-5.4,-8.3,-8.3,0.186,1.71,19.5,0.036,0.093,0.066,11.4,11.4,0.583,0.651,0.203,0.209,99.53,100.53,83.78,100.53,0.127,449,2.4,4.4,306,384,384,365,374,374,356,400,400,116,179,141,209,344,280,310,314,47,11,141,137,158,93,93,60,259,316
202620,Arinze Onuaku,1610612753,ORL,29.0,8,83.0,80.4,80.4,114.5,105.3,105.3,-31.5,-24.9,-24.9,0.143,1.0,25.0,0.0,0.167,0.0,25.0,25.0,0.5,0.5,0.097,0.103,90.3,95.72,79.76,95.72,0.049,56,0.3,0.5,479,479,479,464,178,178,480,475,475,172,342,73,461,120,461,481,481,244,369,473,472,480,414,414,436,474,483
203382,Aron Baynes,1610612765,DET,30.0,75,103.7,103.0,103.0,98.5,97.1,97.1,5.2,5.9,5.9,0.039,0.64,7.9,0.093,0.183,0.138,12.4,12.4,0.513,0.57,0.139,0.143,97.22,98.25,81.87,98.25,0.085,2378,1.9,3.7,287,319,319,28,26,26,66,62,62,452,428,428,56,83,68,365,369,208,134,388,384,327,228,228,236,327,362
201167,Arron Afflalo,1610612758,SAC,31.0,61,104.4,104.8,104.8,112.1,113.2,113.2,-7.7,-8.5,-8.5,0.077,1.86,13.5,0.006,0.077,0.042,7.3,7.2,0.514,0.559,0.143,0.147,96.17,95.56,79.63,95.56,0.058,3154,3.0,6.9,252,248,248,441,456,456,399,403,403,330,149,263,449,413,427,74,70,202,164,369,367,391,424,424,396,199,194
203085,Austin Rivers,1610612746,LAC,24.0,74,107.9,108.0,108.0,108.0,108.1,108.1,-0.1,-0.1,-0.1,0.155,1.77,18.0,0.01,0.068,0.039,10.2,10.1,0.518,0.545,0.198,0.203,98.19,98.12,81.76,98.12,0.068,4197,4.4,9.9,113,130,130,328,319,319,201,204,204,154,165,177,427,435,442,237,239,188,215,161,155,244,241,241,357,114,107
202340,Avery Bradley,1610612738,BOS,26.0,55,108.7,110.4,110.4,107.5,108.7,108.7,1.2,1.7,1.7,0.107,1.39,11.9,0.035,0.143,0.09,8.6,8.6,0.533,0.548,0.215,0.218,99.24,97.9,81.58,97.9,0.099,3745,6.5,14.1,98,75,75,304,346,346,157,140,140,233,263,303,211,182,193,138,138,137,204,110,115,174,257,257,153,44,44
1626253,Axel Toupane,1610612740,NOP,24.0,4,96.7,95.9,95.9,103.5,108.3,108.3,-6.8,-12.5,-12.5,0.0,0.0,0.0,0.0,0.0,0.0,0.0,0.0,0.611,0.611,0.084,0.086,99.43,97.59,81.33,97.59,0.02,97,1.3,2.3,440,435,435,121,330,330,384,444,444,476,466,476,461,469,461,1,1,24,49,483,483,167,290,290,468,390,427
1627791,Ben Bentil,1610612742,DAL,22.0,3,91.5,79.2,79.2,135.5,134.8,134.8,-44.0,-55.6,-55.6,0.0,0.0,0.0,0.0,0.0,0.0,25.0,25.0,0.0,0.0,0.16,0.184,106.15,114.32,95.27,114.32,-0.061,24,0.0,1.0,466,482,482,485,485,485,483,486,486,476,466,476,461,469,461,481,481,481,483,308,241,5,1,1,486,481,474
203463,Ben McLemore,1610612758,SAC,24.0,61,102.0,102.5,102.5,108.5,108.4,108.4,-6.5,-5.9,-5.9,0.068,0.82,9.0,0.017,0.096,0.057,10.9,10.8,0.507,0.538,0.197,0.201,97.04,96.88,80.73,96.88,0.06,2376,3.0,6.9,362,341,341,354,332,332,381,369,369,364,398,400,354,335,338,278,275,228,238,164,160,337,353,353,387,214,195
2757,Beno Udrih,1610612765,DET,34.0,39,103.3,103.8,103.8,97.9,97.2,97.2,5.4,6.6,6.6,0.364,3.64,34.7,0.011,0.089,0.051,9.5,9.5,0.495,0.535,0.195,0.201,95.46,95.54,79.62,95.54,0.13,1121,2.4,5.1,310,290,290,25,27,27,65,54,54,11,9,16,415,365,377,195,192,264,248,168,162,418,425,425,55,265,283
202687,Bismack Biyombo,1610612753,ORL,24.0,81,98.8,100.3,100.3,108.2,108.9,108.9,-9.4,-8.6,-8.6,0.065,0.78,12.1,0.083,0.227,0.153,15.5,15.5,0.528,0.546,0.134,0.135,96.82,95.79,79.83,95.79,0.087,3561,2.2,4.2,419,391,391,339,362,362,422,407,407,374,404,301,72,33,44,446,446,159,208,404,409,356,409,409,224,289,327
201933,Blake Griffin,1610612746,LAC,28.0,61,115.2,116.7,116.7,104.6,106.2,106.2,10.6,10.5,10.5,0.235,2.11,18.8,0.057,0.181,0.122,8.9,8.9,0.513,0.569,0.276,0.278,98.72,97.3,81.08,97.3,0.152,4208,7.9,15.9,15,9,9,161,221,221,24,22,22,69,103,147,135,87,98,156,159,207,137,29,30,206,314,314,26,23,26
1626246,Boban Marjanovic,1610612765,DET,28.0,35,104.3,105.0,105.0,102.4,100.2,100.2,1.9,4.8,4.8,0.054,0.9,5.2,0.145,0.285,0.212,5.7,5.7,0.545,0.606,0.239,0.248,97.19,97.96,81.63,97.96,0.196,600,2.1,3.8,261,236,236,82,45,45,139,71,71,412,381,465,4,6,4,31,30,100,52,71,63,328,251,251,2,306,356
201628,Bobby Brown,1610612745,HOU,32.0,25,105.0,99.6,99.6,117.0,115.4,115.4,-12.1,-15.7,-15.7,0.175,2.8,17.5,0.0,0.044,0.023,6.3,6.3,0.5,0.509,0.219,0.234,102.26,105.73,88.11,105.73,0.069,275,0.9,2.4,217,404,404,474,474,474,444,459,459,126,35,184,461,464,457,39,39,244,338,97,82,49,7,7,355,430,423
1626171,Bobby Portis,1610612741,CHI,22.0,64,101.7,102.4,102.4,106.0,105.9,105.9,-4.3,-3.4,-3.4,0.059,0.95,7.4,0.07,0.22,0.142,7.8,7.8,0.531,0.545,0.19,0.193,97.37,97.11,80.92,97.11,0.11,2019,2.9,5.9,375,344,344,233,203,203,333,313,313,397,370,439,105,40,62,100,100,149,217,192,196,317,329,329,107,220,243
202711,Bojan Bogdanovic,1610612764,WAS,28.0,81,103.2,104.1,104.1,110.2,110.9,110.9,-7.0,-6.8,-6.8,0.086,0.85,9.4,0.018,0.111,0.065,11.1,11.0,0.53,0.585,0.219,0.224,102.74,102.01,85.01,102.01,0.091,4443,4.6,10.4,311,275,275,408,419,419,388,382,382,302,393,382,344,276,289,286,281,151,100,98,96,41,51,51,202,106,99
2564,Boris Diaw,1610612762,UTA,35.0,73,106.0,104.9,104.9,103.6,104.8,104.8,2.4,0.0,0.0,0.207,1.95,28.4,0.039,0.09,0.065,14.5,14.5,0.477,0.494,0.154,0.158,93.09,93.03,77.52,93.03,0.071,2495,2.0,4.5,180,242,242,124,160,160,129,194,194,90,133,43,196,361,288,430,431,336,378,328,326,472,476,476,340,311,310
203078,Bradley Beal,1610612764,WAS,24.0,77,112.1,113.5,113.5,106.5,107.9,107.9,5.6,5.6,5.6,0.154,1.71,14.2,0.02,0.07,0.045,8.3,8.2,0.566,0.604,0.258,0.263,100.11,98.84,82.37,98.84,0.119,5538,8.3,17.2,42,35,35,262,313,313,61,63,63,155,182,243,311,431,410,122,119,68,55,44,45,126,182,182,82,18,21
201148,Brandan Wright,1610612763,MEM,29.0,28,106.1,106.1,106.1,102.3,102.1,102.1,3.9,4.0,4.0,0.06,1.5,8.6,0.069,0.101,0.085,5.7,5.7,0.615,0.628,0.161,0.166,93.54,93.66,78.05,93.66,0.116,872,3.0,4.8,171,190,190,76,72,72,81,86,86,393,232,415,108,319,208,31,31,22,25,304,299,462,458,458,92,212,296
101138,Brandon Bass,1610612746,LAC,32.0,52,103.5,102.0,102.0,116.8,114.5,114.5,-13.3,-12.5,-12.5,0.063,0.72,7.7,0.076,0.15,0.113,10.6,10.6,0.578,0.65,0.192,0.2,96.51,98.19,81.82,98.19,0.122,1181,2.1,3.6,296,356,356,472,468,468,450,445,445,384,413,431,93,159,121,262,262,56,14,183,164,373,232,232,74,305,369
1627742,Brandon Ingram,1610612747,LAL,19.0,79,104.6,105.7,105.7,112.6,112.9,112.9,-8.1,-7.2,-7.2,0.105,1.43,15.7,0.025,0.114,0.068,10.9,10.9,0.442,0.474,0.166,0.169,100.44,99.79,83.16,99.79,0.055,4720,3.5,8.7,243,201,201,448,451,451,404,389,389,236,255,213,267,269,274,281,280,407,410,283,292,103,120,120,413,169,133
201943,Brandon Jennings,1610612764,WAS,27.0,81,105.1,106.6,106.6,108.0,108.6,108.6,-2.9,-2.0,-2.0,0.308,3.09,35.1,0.015,0.089,0.052,11.4,11.4,0.433,0.479,0.172,0.175,99.84,98.85,82.38,98.85,0.089,3716,2.4,6.6,212,174,174,326,342,342,301,270,270,28,16,15,374,366,371,308,308,419,403,262,267,142,180,180,207,262,208
202688,Brandon Knight,1610612756,PHX,25.0,54,98.8,99.0,99.0,110.9,112.6,112.6,-12.1,-13.6,-13.6,0.194,1.48,16.0,0.02,0.082,0.05,10.9,10.9,0.441,0.502,0.248,0.253,102.72,101.83,84.86,101.83,0.088,2419,3.9,9.7,420,409,409,423,446,446,443,450,450,108,243,207,309,391,390,277,277,412,365,57,57,42,55,55,217,141,110
201575,Brandon Rush,1610612750,MIN,31.0,47,108.9,109.2,109.2,109.8,111.3,111.3,-0.8,-2.1,-2.1,0.058,1.61,16.7,0.017,0.081,0.05,10.4,10.5,0.492,0.505,0.097,0.097,96.75,95.94,79.95,95.94,0.043,2060,1.5,4.0,93,99,99,399,427,427,231,273,273,399,210,193,359,399,393,255,258,278,353,475,476,362,404,404,448,369,348
203148,Brian Roberts,1610612766,CHA,31.0,41,99.0,97.1,97.1,106.0,104.8,104.8,-7.0,-7.7,-7.7,0.214,2.0,23.9,0.012,0.084,0.048,11.9,12.0,0.447,0.51,0.181,0.186,94.48,95.94,79.95,95.94,0.077,835,1.1,3.0,416,429,429,230,159,159,390,393,393,83,121,91,404,383,403,341,345,400,335,232,231,438,405,405,298,404,400
1627362,Briante Weber,1610612766,CHA,24.0,20,102.3,100.0,100.0,113.2,112.9,112.9,-10.8,-12.9,-12.9,0.168,2.63,21.9,0.037,0.107,0.068,8.3,8.3,0.425,0.462,0.167,0.173,91.23,92.38,76.99,92.38,0.072,395,1.3,3.0,348,396,396,453,453,453,436,447,447,143,50,111,201,298,275,123,125,425,422,282,274,479,481,481,331,390,395
1627744,Brice Johnson,1610612746,LAC,23.0,3,123.9,110.0,110.0,78.9,75.0,75.0,44.9,35.0,35.0,0.167,1.0,11.1,0.0,0.0,0.0,11.1,11.1,0.286,0.286,0.348,0.385,95.72,104.16,86.8,104.16,0.108,20,0.7,2.3,3,86,86,3,3,3,2,3,3,144,342,325,461,469,461,289,292,468,471,5,3,410,18,18,114,450,424
201572,Brook Lopez,1610612751,BKN,29.0,75,103.4,104.7,104.7,107.6,108.5,108.5,-4.2,-3.8,-3.8,0.143,0.96,10.5,0.053,0.116,0.085,10.9,10.9,0.531,0.578,0.286,0.29,104.04,102.95,85.8,102.95,0.124,4778,7.4,15.6,300,249,249,309,340,340,329,322,322,174,367,348,144,258,206,280,278,148,120,23,22,13,27,27,69,29,32
203998,Bruno Caboclo,1610612761,TOR,21.0,9,97.5,88.4,88.4,91.2,91.5,91.5,6.2,-3.1,-3.1,0.154,2.0,18.2,0.1,0.125,0.111,9.1,9.1,0.438,0.438,0.175,0.192,95.38,100.05,83.38,100.05,0.094,86,0.7,1.8,435,471,471,7,10,10,56,304,304,156,121,176,48,226,126,170,168,413,439,255,200,420,105,105,177,450,447
1627854,Bryn Forbes,1610612759,SAS,23.0,36,94.2,92.1,92.1,102.9,101.7,101.7,-8.7,-9.7,-9.7,0.146,2.09,17.0,0.006,0.072,0.038,8.1,8.1,0.449,0.462,0.172,0.181,95.83,97.47,81.22,97.47,0.048,581,1.0,2.8,458,461,461,98,65,65,411,416,416,165,109,190,448,424,445,115,110,392,421,264,248,405,300,300,437,416,407
1627741,Buddy Hield,1610612758,SAC,24.0,82,102.0,102.0,102.0,107.5,107.9,107.9,-5.5,-5.8,-5.8,0.101,1.2,11.9,0.018,0.12,0.07,9.9,9.9,0.523,0.541,0.209,0.214,98.91,98.76,82.3,98.76,0.084,3892,4.0,9.4,365,357,357,307,307,307,358,368,368,243,308,306,337,246,265,221,218,174,229,129,127,194,185,185,250,137,118
201228,C.J. Watson,1610612753,ORL,33.0,62,97.5,98.5,98.5,107.5,107.0,107.0,-9.9,-8.5,-8.5,0.174,2.43,26.1,0.015,0.075,0.043,10.8,10.7,0.452,0.507,0.139,0.142,98.51,98.23,81.86,98.23,0.063,2067,1.5,4.0,433,415,415,303,254,254,428,404,404,132,61,61,380,416,422,271,270,389,344,390,389,218,229,229,376,361,344
203912,C.J. Wilcox,1610612753,ORL,26.0,22,96.0,95.5,95.5,109.1,104.1,104.1,-13.1,-8.6,-8.6,0.174,2.0,24.0,0.03,0.081,0.052,12.0,12.0,0.306,0.329,0.143,0.149,96.43,98.91,82.43,98.91,0.022,223,0.4,1.4,442,440,440,378,128,128,449,405,405,129,121,88,237,398,374,347,349,467,469,366,360,380,179,179,466,470,461
203468,CJ McCollum,1610612757,POR,25.0,80,109.0,109.6,109.6,107.9,108.9,108.9,1.2,0.7,0.7,0.175,1.66,14.1,0.021,0.08,0.051,8.5,8.5,0.544,0.585,0.268,0.274,99.29,98.58,82.15,98.58,0.125,5750,8.7,18.0,87,95,95,323,356,356,162,174,174,128,195,249,294,401,382,133,133,102,99,36,36,170,199,199,66,11,17
101139,CJ Miles,1610612754,IND,30.0,76,106.9,107.7,107.7,105.9,106.0,106.0,0.9,1.7,1.7,0.041,1.2,6.2,0.017,0.114,0.065,5.2,5.2,0.565,0.592,0.179,0.183,97.77,97.35,81.12,97.35,0.086,3609,3.7,8.5,147,142,142,226,211,211,170,139,139,448,307,456,352,267,290,25,25,73,81,241,244,284,310,310,231,152,140
1626166,Cameron Payne,1610612741,CHI,22.0,31,95.9,97.1,97.1,104.5,103.2,103.2,-8.6,-6.1,-6.1,0.195,1.9,19.6,0.006,0.098,0.05,10.3,10.3,0.402,0.407,0.212,0.215,98.89,98.84,82.37,98.84,0.041,946,2.1,6.2,445,428,428,158,103,103,410,370,370,105,144,139,451,330,388,250,249,439,456,119,123,196,181,181,451,303,224
1627747,Caris LeVert,1610612751,BKN,22.0,57,105.0,104.7,104.7,107.6,107.9,107.9,-2.7,-3.2,-3.2,0.132,1.86,18.6,0.018,0.124,0.071,10.0,10.0,0.528,0.556,0.161,0.164,104.53,104.53,87.11,104.53,0.086,2691,3.0,6.7,218,250,250,312,310,310,287,307,307,192,148,159,345,232,258,223,225,160,172,302,308,10,15,15,230,203,202
2546,Carmelo Anthony,1610612752,NYK,33.0,74,106.1,107.8,107.8,111.1,112.7,112.7,-5.1,-4.8,-4.8,0.141,1.39,11.2,0.023,0.143,0.082,8.0,8.0,0.488,0.535,0.286,0.29,98.51,97.04,80.86,97.04,0.118,5138,8.1,18.8,178,140,140,430,447,447,349,348,348,177,261,324,280,177,215,106,106,296,251,21,21,217,335,335,83,22,10
202718,Chandler Parsons,1610612763,MEM,28.0,34,104.0,103.5,103.5,107.6,108.1,108.1,-3.6,-4.5,-4.5,0.122,2.29,17.2,0.009,0.128,0.067,7.5,7.5,0.394,0.436,0.181,0.184,94.03,94.05,78.38,94.05,0.056,1328,2.2,6.5,276,301,301,310,316,316,321,342,342,216,77,187,430,217,278,83,85,444,443,233,240,452,453,453,408,290,211
101112,Channing Frye,1610612739,CLE,34.0,74,110.1,110.5,110.5,109.0,109.3,109.3,1.0,1.2,1.2,0.05,0.85,6.9,0.027,0.172,0.103,8.1,8.1,0.589,0.612,0.193,0.196,98.15,97.81,81.51,97.81,0.101,2860,3.2,7.0,70,72,72,377,380,380,164,152,152,426,391,446,246,104,159,114,116,37,44,173,183,251,262,262,141,189,188
1626184,Chasson Randle,1610612752,NYK,24.0,26,106.2,107.2,107.2,109.6,106.4,106.4,-3.4,0.8,0.8,0.173,1.79,20.1,0.02,0.086,0.053,11.2,11.2,0.49,0.586,0.193,0.197,98.49,99.52,82.93,99.52,0.084,613,1.5,3.8,169,158,158,394,233,233,315,170,170,133,161,130,312,378,363,302,299,289,96,174,178,219,142,142,249,362,357
1627767,Cheick Diallo,1610612740,NOP,20.0,17,101.5,99.8,99.8,110.9,111.9,111.9,-9.4,-12.1,-12.1,0.031,0.57,4.1,0.106,0.254,0.176,7.2,7.3,0.474,0.51,0.198,0.203,101.07,101.48,84.57,101.48,0.113,419,2.1,4.5,378,401,401,424,434,434,421,441,441,463,439,472,40,18,18,68,76,344,333,160,154,80,66,66,99,297,313
1627778,Chinanu Onuaku,1610612745,HOU,20.0,5,98.6,95.6,95.6,140.0,136.6,136.6,-41.4,-41.0,-41.0,0.086,0.75,18.8,0.042,0.163,0.103,25.0,25.4,0.714,0.799,0.105,0.108,101.79,104.65,87.21,104.65,0.072,113,1.0,1.4,422,437,437,486,486,486,482,483,483,305,408,149,186,124,157,481,484,4,1,463,465,59,13,13,332,416,462
2365,Chris Andersen,1610612739,CLE,38.0,12,112.7,111.3,111.3,108.4,107.3,107.3,4.3,3.9,3.9,0.063,1.0,12.8,0.088,0.172,0.135,12.8,13.1,0.409,0.497,0.134,0.136,96.5,97.65,81.38,97.65,0.063,231,0.8,1.8,34,57,57,352,277,277,77,91,91,385,342,285,62,106,70,386,399,437,374,402,406,376,286,286,374,440,445
1626191,Chris McCullough,1610612764,WAS,22.0,16,122.2,120.9,120.9,95.4,91.3,91.3,26.8,29.6,29.6,0.036,0.67,5.1,0.115,0.118,0.117,7.7,7.7,0.516,0.526,0.189,0.198,100.2,102.92,85.76,102.92,0.085,172,1.0,2.0,4,4,4,15,9,9,4,5,5,457,423,466,28,253,114,95,93,196,284,196,175,120,28,28,238,416,435
101108,Chris Paul,1610612746,LAC,32.0,61,116.2,117.3,117.3,101.3,102.8,102.8,14.9,14.4,14.4,0.444,3.83,35.1,0.022,0.132,0.08,9.2,9.1,0.555,0.614,0.239,0.243,98.18,96.97,80.81,96.97,0.182,3889,6.1,12.9,10,8,8,58,94,94,14,15,15,4,7,14,286,205,225,174,173,84,39,70,72,245,344,344,8,51,58
1626174,Christian Wood,1610612766,CHA,21.0,13,103.1,102.8,102.8,97.6,95.3,95.3,5.5,7.5,7.5,0.031,0.29,5.1,0.128,0.128,0.128,17.9,18.1,0.522,0.591,0.15,0.153,94.08,95.34,79.45,95.34,0.093,214,0.9,1.8,319,330,330,24,20,20,62,48,48,464,463,466,11,218,85,464,464,176,83,341,345,450,431,431,186,429,448
203991,Clint Capela,1610612745,HOU,23.0,65,113.7,114.9,114.9,106.0,107.5,107.5,7.8,7.4,7.4,0.066,0.72,8.0,0.113,0.222,0.167,11.0,11.0,0.643,0.638,0.199,0.201,101.21,99.99,83.32,99.99,0.13,3220,5.6,8.7,25,22,22,227,287,287,44,50,50,370,413,427,33,37,28,284,284,14,20,157,161,69,109,109,53,66,136
203469,Cody Zeller,1610612766,CHA,24.0,62,108.4,110.0,110.0,102.9,104.1,104.1,5.4,6.0,6.0,0.087,1.52,14.3,0.076,0.157,0.116,9.4,9.4,0.571,0.604,0.153,0.154,97.57,96.29,80.24,96.29,0.096,3463,4.1,7.1,104,85,85,100,129,129,63,61,61,297,226,241,92,145,115,188,185,62,57,333,339,297,387,387,168,128,184
202332,Cole Aldrich,1610612750,MIN,28.0,62,107.3,105.5,105.5,107.4,107.1,107.1,-0.1,-1.6,-1.6,0.063,1.47,18.2,0.098,0.212,0.154,12.4,12.3,0.523,0.549,0.091,0.094,97.4,98.34,81.95,98.34,0.076,1082,0.7,1.4,134,206,206,300,263,263,199,250,250,381,247,175,51,48,39,367,366,171,200,478,478,314,218,218,305,444,465
201147,Corey Brewer,1610612747,LAL,31.0,82,107.5,108.8,108.8,104.6,104.6,104.6,3.0,4.2,4.2,0.104,1.76,18.3,0.024,0.104,0.063,10.4,10.4,0.461,0.491,0.143,0.145,101.25,100.67,83.89,100.67,0.057,2668,1.8,4.2,126,107,107,163,151,151,104,82,82,238,168,173,272,309,303,253,254,371,385,365,371,68,86,86,402,335,324
202709,Cory Joseph,1610612761,TOR,25.0,80,108.7,108.8,108.8,106.8,107.8,107.8,2.0,1.1,1.1,0.2,2.45,24.4,0.025,0.092,0.058,9.9,9.9,0.489,0.518,0.179,0.183,97.43,96.95,80.79,96.95,0.089,4045,3.7,8.3,97,106,106,269,300,300,137,159,159,95,60,80,265,354,324,222,221,294,311,240,242,312,348,348,205,150,149
201584,Courtney Lee,1610612752,NYK,31.0,77,105.8,107.4,107.4,110.8,112.1,112.1,-4.9,-4.7,-4.7,0.104,2.59,18.0,0.021,0.082,0.051,6.9,6.9,0.533,0.559,0.144,0.145,97.87,96.57,80.47,96.57,0.077,4948,4.2,9.1,189,150,150,420,439,439,347,346,346,237,53,178,304,393,378,56,55,139,163,364,372,274,369,369,293,123,123
1626245,Cristiano Felicio,1610612741,CHI,24.0,66,102.9,103.5,103.5,103.0,104.1,104.1,-0.1,-0.7,-0.7,0.061,1.21,11.9,0.114,0.176,0.145,9.8,9.9,0.579,0.603,0.124,0.126,97.26,96.43,80.36,96.43,0.1,2080,1.9,3.3,329,304,304,102,132,132,204,222,222,390,304,305,32,101,57,214,217,52,58,428,430,325,381,381,149,323,381
1626156,D'Angelo Russell,1610612747,LAL,21.0,63,104.7,105.2,105.2,113.4,114.3,114.3,-8.7,-9.1,-9.1,0.269,1.72,21.2,0.016,0.108,0.06,12.3,12.3,0.483,0.518,0.264,0.267,100.87,100.24,83.53,100.24,0.099,3775,5.6,13.8,233,224,224,457,466,466,412,410,410,46,175,120,363,295,316,363,363,316,308,37,39,88,102,102,152,65,48
201571,D.J. Augustin,1610612753,ORL,29.0,78,94.6,95.5,95.5,109.6,110.1,110.1,-15.1,-14.6,-14.6,0.237,2.32,23.7,0.009,0.067,0.037,10.2,10.1,0.469,0.524,0.194,0.199,97.39,96.65,80.55,96.65,0.08,3101,2.5,6.6,456,438,438,395,402,402,455,454,454,66,74,95,432,440,448,242,240,357,292,172,171,315,361,361,275,246,206
2563,Dahntay Jones,1610612739,CLE,36.0,1,113.8,125.0,125.0,109.5,109.5,109.5,4.3,15.5,15.5,0.2,1.0,9.1,0.0,0.077,0.0,9.1,8.5,0.375,0.461,0.417,0.414,85.92,82.0,68.33,82.0,0.076,20,3.0,8.0,23,2,2,391,384,384,76,13,13,97,342,392,461,410,461,170,134,450,425,1,1,484,486,486,307,203,161
1627745,Damian Jones,1610612744,GSW,22.0,10,91.8,89.1,89.1,106.7,106.4,106.4,-14.9,-17.2,-17.2,0.0,0.0,0.0,0.101,0.192,0.142,22.2,22.7,0.5,0.466,0.135,0.138,96.61,98.16,81.8,98.16,0.016,175,0.8,1.6,465,468,468,266,231,231,454,463,463,476,466,476,45,64,63,475,478,244,419,400,400,370,237,237,469,435,453
203081,Damian Lillard,1610612757,POR,26.0,75,110.1,111.8,111.8,108.9,110.4,110.4,1.2,1.4,1.4,0.277,2.23,18.8,0.017,0.118,0.067,8.4,8.3,0.516,0.586,0.304,0.309,99.7,98.21,81.84,98.21,0.159,5511,8.8,19.8,68,51,51,370,406,406,156,148,148,41,85,148,358,252,279,126,126,193,97,12,12,151,230,230,20,10,5
204014,Damjan Rudez,1610612753,ORL,31.0,45,94.8,95.0,95.0,112.1,107.2,107.2,-17.4,-12.2,-12.2,0.101,2.22,17.1,0.014,0.071,0.04,7.7,7.7,0.466,0.466,0.134,0.138,96.25,98.28,81.9,98.28,0.036,643,0.7,2.0,452,446,446,440,266,266,462,442,442,244,86,189,381,429,432,95,96,364,417,403,401,388,224,224,455,448,438
1627849,Daniel Ochefu,1610612764,WAS,23.0,19,98.9,94.2,94.2,119.4,115.1,115.1,-20.5,-21.0,-21.0,0.07,1.0,8.8,0.065,0.258,0.154,8.8,8.9,0.444,0.43,0.177,0.19,93.95,98.05,81.71,98.05,0.045,154,0.6,1.4,418,452,452,478,471,471,472,473,473,357,342,406,118,15,40,152,156,406,447,246,213,456,245,245,444,455,460
201568,Danilo Gallinari,1610612743,DEN,28.0,63,112.1,113.9,113.9,109.4,110.5,110.5,2.7,3.4,3.4,0.09,1.65,11.9,0.018,0.13,0.075,7.2,7.2,0.531,0.622,0.198,0.2,100.53,99.27,82.73,99.27,0.114,4417,5.3,11.9,41,32,32,386,408,408,114,97,97,285,199,307,336,212,243,69,68,149,33,159,163,100,161,161,95,74,69
201980,Danny Green,1610612759,SAS,30.0,68,108.9,109.7,109.7,101.1,101.7,101.7,7.8,8.0,8.0,0.097,1.63,18.7,0.018,0.104,0.062,11.4,11.5,0.523,0.537,0.135,0.137,94.47,93.9,78.25,93.9,0.069,3528,2.6,6.6,92,92,92,55,63,63,42,44,44,261,205,153,339,308,307,314,315,170,243,401,404,439,455,455,354,240,209
201967,Dante Cunningham,1610612740,NOP,30.0,66,105.9,105.8,105.8,106.2,106.6,106.6,-0.3,-0.7,-0.7,0.031,1.32,8.5,0.034,0.129,0.082,6.4,6.4,0.584,0.586,0.107,0.108,99.77,99.59,82.99,99.59,0.068,3408,2.6,5.4,187,197,197,239,239,239,211,223,223,462,277,418,222,215,216,43,44,46,93,461,463,148,139,139,359,238,261
203957,Danté Exum,1610612762,UTA,21.0,66,103.6,102.7,102.7,101.6,102.1,102.1,2.0,0.6,0.6,0.144,1.39,18.9,0.026,0.082,0.055,13.7,13.6,0.488,0.521,0.176,0.181,94.41,94.55,78.79,94.55,0.054,2411,2.3,5.5,293,334,334,63,73,73,136,178,178,169,262,144,260,395,354,414,413,298,301,249,250,444,443,443,418,271,256
1627863,Danuel House Jr.,1610612764,WAS,24.0,1,0.0,0.0,0.0,0.0,0.0,0.0,0.0,0.0,0.0,0.0,0.0,0.0,0.0,0.0,0.0,0.0,0.0,0.0,0.0,0.0,0.0,58.06,87.1,72.58,87.1,0.0,1,0.0,0.0,486,486,486,1,1,1,196,196,196,476,466,476,461,469,461,1,1,481,483,486,486,486,485,485,474,481,486
203967,Dario Šarić,1610612755,PHI,23.0,81,99.7,100.6,100.6,106.9,106.8,106.8,-7.2,-6.2,-6.2,0.145,0.99,13.1,0.051,0.183,0.117,13.2,13.2,0.468,0.508,0.24,0.244,101.53,101.06,84.22,101.06,0.103,4468,4.7,11.4,408,389,389,276,247,247,393,374,374,166,360,278,151,81,109,402,403,359,342,69,68,63,70,70,134,102,77
201589,Darrell Arthur,1610612743,DEN,29.0,41,108.4,108.2,108.2,108.8,109.7,109.7,-0.4,-1.5,-1.5,0.099,1.17,13.9,0.038,0.133,0.086,11.9,11.9,0.565,0.583,0.176,0.18,99.86,99.56,82.97,99.56,0.077,1323,2.3,5.2,103,124,124,366,389,389,215,246,246,251,311,256,199,202,203,340,338,71,105,250,254,137,141,141,301,276,274
201954,Darren Collison,1610612758,SAC,29.0,68,106.1,107.6,107.6,110.4,111.2,111.2,-4.3,-3.6,-3.6,0.243,2.74,25.9,0.012,0.066,0.039,9.5,9.4,0.527,0.57,0.195,0.2,96.24,95.26,79.39,95.26,0.1,4102,5.0,10.5,174,147,147,412,422,422,331,316,316,60,41,62,412,444,444,190,186,161,133,167,167,389,433,433,148,86,96
1626199,Darrun Hilliard,1610612765,DET,24.0,39,100.4,100.7,100.7,100.5,100.1,100.1,-0.1,0.5,0.5,0.133,1.18,16.6,0.005,0.082,0.043,14.1,14.0,0.421,0.459,0.191,0.196,96.1,96.19,80.16,96.19,0.039,768,1.2,3.2,397,388,388,45,44,44,200,182,182,191,309,199,456,389,425,421,423,428,427,188,181,393,393,393,453,399,387
101135,David Lee,1610612759,SAS,34.0,79,110.2,109.8,109.8,99.2,99.5,99.5,11.0,10.3,10.3,0.126,1.51,18.4,0.106,0.189,0.149,12.2,12.1,0.59,0.613,0.161,0.166,98.36,98.36,81.97,98.36,0.126,3028,3.1,5.3,65,88,88,32,38,38,22,24,24,205,230,168,41,66,48,355,355,36,41,305,301,233,217,217,63,191,269
1628021,David Nwaba,1610612747,LAL,24.0,20,102.8,103.3,103.3,100.6,101.9,101.9,2.2,1.3,1.3,0.048,1.27,11.4,0.042,0.114,0.078,8.9,8.9,0.586,0.611,0.118,0.12,100.85,99.99,83.32,99.99,0.076,827,2.4,4.1,330,312,312,49,67,67,132,151,151,434,290,318,184,266,233,160,163,42,47,445,445,89,108,108,309,270,340
2561,David West,1610612744,GSW,36.0,68,107.7,107.1,107.1,98.6,98.6,98.6,9.1,8.5,8.5,0.26,1.94,29.8,0.063,0.169,0.121,15.4,15.4,0.542,0.571,0.191,0.194,96.85,97.12,80.93,97.12,0.123,1715,2.0,3.7,119,160,160,30,35,35,31,36,36,53,136,35,123,114,101,445,444,111,131,190,193,352,328,328,73,319,363
202722,Davis Bertans,1610612759,SAS,24.0,67,106.0,104.8,104.8,99.7,99.2,99.2,6.3,5.6,5.6,0.084,1.44,14.2,0.027,0.093,0.06,9.8,9.8,0.588,0.609,0.148,0.155,97.88,98.7,82.25,98.7,0.077,1672,1.5,3.5,182,247,247,37,37,37,54,64,64,310,253,245,247,348,315,217,214,40,51,347,338,273,192,192,299,363,372
201599,DeAndre Jordan,1610612746,LAC,28.0,81,113.5,114.7,114.7,103.7,105.8,105.8,9.7,8.9,8.9,0.054,0.83,9.8,0.122,0.305,0.217,11.7,11.8,0.714,0.673,0.152,0.153,98.46,97.0,80.83,97.0,0.15,5190,5.1,7.1,28,25,25,127,198,198,29,31,31,411,395,365,17,4,2,328,333,5,8,335,346,223,340,340,31,84,186
202732,DeAndre Liggins,1610612742,DAL,29.0,62,108.2,107.8,107.8,105.4,104.2,104.2,2.8,3.6,3.6,0.097,1.29,21.2,0.026,0.112,0.069,16.5,16.4,0.447,0.476,0.113,0.116,97.12,97.78,81.49,97.78,0.046,1580,0.9,2.3,110,139,139,195,133,133,110,93,93,259,284,122,255,274,266,457,457,398,409,452,452,330,266,266,441,432,425
1627761,DeAndre' Bembry,1610612737,ATL,22.0,38,100.1,99.5,99.5,103.4,103.3,103.3,-3.4,-3.8,-3.8,0.123,1.75,18.9,0.037,0.12,0.078,10.8,10.7,0.485,0.481,0.144,0.15,97.0,97.36,81.14,97.36,0.072,743,1.2,2.6,401,407,407,119,105,105,314,323,323,215,170,145,204,244,234,274,271,305,402,363,352,340,307,307,335,394,417
201942,DeMar DeRozan,1610612761,TOR,27.0,74,110.2,111.3,111.3,107.0,108.7,108.7,3.3,2.5,2.5,0.204,1.61,12.6,0.027,0.119,0.074,7.8,7.8,0.477,0.552,0.337,0.342,97.7,96.43,80.36,96.43,0.155,5270,9.7,20.9,64,56,56,278,348,348,93,126,126,91,207,289,248,249,249,101,101,335,187,6,6,288,382,382,22,5,2
202326,DeMarcus Cousins,1610612740,NOP,26.0,72,106.7,108.6,108.6,109.0,109.5,109.5,-2.2,-0.9,-0.9,0.262,1.23,14.4,0.064,0.273,0.167,11.6,11.6,0.498,0.562,0.359,0.364,97.12,96.04,80.04,96.04,0.178,4943,9.0,19.9,152,113,113,374,385,385,273,233,233,50,300,239,122,8,26,324,321,261,156,3,4,329,398,398,9,7,4
201960,DeMarre Carroll,1610612761,TOR,30.0,72,109.5,110.6,110.6,106.2,107.8,107.8,3.3,2.8,2.8,0.056,1.37,10.1,0.034,0.113,0.074,7.4,7.4,0.499,0.53,0.154,0.156,96.82,95.62,79.69,95.62,0.071,3752,3.1,7.6,79,68,68,243,304,304,92,112,112,405,267,359,219,270,252,77,78,254,270,330,337,357,417,417,337,197,173
1627749,Dejounte Murray,1610612759,SAS,20.0,38,103.2,100.2,100.2,100.3,100.5,100.5,2.9,-0.3,-0.3,0.236,1.26,22.2,0.02,0.106,0.066,17.6,17.7,0.47,0.503,0.23,0.241,96.05,97.42,81.19,97.42,0.075,654,1.3,3.1,312,393,393,44,49,49,105,209,209,67,292,108,306,302,282,463,463,355,361,80,74,395,302,302,315,385,393
1626153,Delon Wright,1610612761,TOR,25.0,27,104.9,104.9,104.9,96.2,95.7,95.7,8.8,9.2,9.2,0.204,2.28,25.4,0.036,0.073,0.054,11.2,11.3,0.466,0.535,0.163,0.167,94.48,94.78,78.98,94.78,0.105,886,1.8,4.3,219,244,244,18,21,21,33,28,28,92,79,68,205,420,357,297,303,365,252,293,295,437,440,440,128,332,322
1627743,Demetrius Jackson,1610612738,BOS,22.0,5,124.2,105.6,105.6,117.8,108.8,108.8,6.3,-3.3,-3.3,0.3,0.0,30.0,0.0,0.0,0.0,0.0,0.0,0.875,0.753,0.159,0.172,87.46,98.75,82.29,98.75,0.194,36,0.6,0.8,2,205,205,475,353,353,53,308,308,32,466,33,461,469,461,1,1,2,4,314,279,483,187,187,3,456,479
203471,Dennis Schröder,1610612737,ATL,23.0,79,103.4,105.3,105.3,105.4,106.8,106.8,-2.0,-1.5,-1.5,0.34,1.93,24.0,0.017,0.079,0.048,12.4,12.4,0.493,0.533,0.272,0.276,100.32,98.74,82.28,98.74,0.117,5113,6.9,15.4,302,217,217,198,248,248,264,248,248,19,137,86,356,402,398,368,368,273,259,31,32,111,188,188,87,36,34
1627756,Denzel Valentine,1610612741,CHI,23.0,57,103.9,104.0,104.0,104.5,104.8,104.8,-0.5,-0.7,-0.7,0.095,1.29,15.4,0.011,0.143,0.075,12.0,12.0,0.481,0.492,0.153,0.156,97.93,97.74,81.45,97.74,0.058,1987,1.8,5.1,282,279,279,156,158,158,222,225,225,270,284,215,417,183,242,348,348,323,383,331,334,269,271,271,399,337,282
101114,Deron Williams,1610612739,CLE,33.0,64,104.7,105.1,105.1,107.5,107.5,107.5,-2.8,-2.4,-2.4,0.35,2.61,31.7,0.009,0.086,0.046,12.1,12.0,0.509,0.541,0.219,0.224,94.3,94.11,78.43,94.11,0.1,3243,4.1,9.4,235,230,230,305,290,290,292,284,284,16,52,25,437,377,408,353,350,222,230,101,99,449,452,452,143,127,117
202324,Derrick Favors,1610612762,UTA,25.0,50,105.1,104.2,104.2,102.3,101.5,101.5,2.8,2.6,2.6,0.079,0.93,9.6,0.083,0.185,0.135,10.3,10.3,0.49,0.512,0.204,0.208,92.72,93.52,77.93,93.52,0.108,2308,4.1,8.3,209,273,273,77,60,60,112,120,120,323,376,369,73,79,71,249,248,286,328,138,138,474,465,465,116,132,145
1627884,Derrick Jones Jr.,1610612756,PHX,20.0,32,107.9,108.5,108.5,103.5,104.3,104.3,4.4,4.2,4.2,0.03,0.92,7.3,0.068,0.068,0.068,7.9,7.9,0.574,0.604,0.117,0.117,102.99,102.31,85.26,102.31,0.06,1155,2.1,3.8,114,116,116,120,136,136,75,80,80,468,378,442,111,436,273,102,104,58,54,447,450,33,41,41,389,295,355
201565,Derrick Rose,1610612752,NYK,28.0,64,107.3,108.8,108.8,111.1,113.0,113.0,-3.9,-4.2,-4.2,0.216,1.93,18.6,0.03,0.082,0.056,9.7,9.7,0.477,0.53,0.254,0.256,99.19,97.69,81.41,97.69,0.112,4243,7.2,15.3,135,108,108,431,454,454,322,333,333,80,139,155,235,392,339,208,208,334,271,51,53,177,280,280,101,32,36
202682,Derrick Williams,1610612739,CLE,26.0,50,104.4,103.8,103.8,107.6,108.2,108.2,-3.2,-4.4,-4.4,0.054,1.0,8.2,0.024,0.132,0.079,8.2,8.3,0.504,0.537,0.175,0.177,96.5,96.53,80.44,96.53,0.074,1623,2.2,4.9,255,291,291,313,325,325,311,338,338,410,342,422,274,206,229,117,121,237,242,256,262,375,373,373,320,292,292
1626164,Devin Booker,1610612756,PHX,20.0,78,105.6,107.7,107.7,110.0,111.6,111.6,-4.4,-3.9,-3.9,0.16,1.11,12.6,0.016,0.073,0.044,11.3,11.3,0.475,0.531,0.28,0.284,103.61,101.87,84.89,101.87,0.089,5795,7.8,18.3,192,143,143,404,428,428,335,324,324,148,320,290,364,421,417,307,305,342,268,26,26,20,53,53,209,25,12
2734,Devin Harris,1610612742,DAL,34.0,65,105.5,105.2,105.2,103.4,102.5,102.5,2.1,2.7,2.7,0.197,2.39,23.0,0.01,0.111,0.06,9.6,9.6,0.484,0.549,0.191,0.194,95.45,95.99,79.99,95.99,0.095,2164,2.1,5.2,197,222,222,114,82,82,134,115,115,103,66,101,420,275,318,205,207,309,197,187,192,419,402,402,172,302,273
203473,Dewayne Dedmon,1610612759,SAS,27.0,76,105.9,106.0,106.0,97.5,98.0,98.0,8.4,8.0,8.0,0.049,0.72,10.9,0.1,0.266,0.186,15.2,15.1,0.622,0.645,0.118,0.122,95.98,95.64,79.7,95.64,0.124,2639,2.1,3.4,188,191,191,23,30,30,37,43,43,429,415,333,47,11,13,440,436,19,15,443,440,397,416,416,71,296,378
1627738,Deyonta Davis,1610612763,MEM,20.0,36,97.6,95.8,95.8,104.8,102.2,102.2,-7.2,-6.4,-6.4,0.015,0.25,3.1,0.077,0.157,0.117,12.5,12.3,0.511,0.528,0.113,0.119,95.37,97.49,81.24,97.49,0.06,478,0.7,1.3,429,436,436,174,74,74,391,380,380,475,465,475,86,143,111,369,364,214,280,454,446,421,299,299,390,450,468
1627754,Diamond Stone,1610612746,LAC,20.0,7,57.4,54.9,54.9,116.1,107.8,107.8,-58.7,-52.9,-52.9,0.0,0.0,0.0,0.0,0.0,0.0,11.8,11.9,0.231,0.339,0.309,0.324,95.11,100.93,84.11,100.93,-0.014,51,0.4,1.9,484,484,484,468,306,306,486,485,485,476,466,476,461,469,461,333,342,474,468,10,10,427,75,75,479,467,442
203079,Dion Waiters,1610612748,MIA,25.0,46,106.5,108.1,108.1,103.8,105.5,105.5,2.7,2.6,2.6,0.234,1.94,19.6,0.013,0.095,0.054,10.1,10.1,0.488,0.507,0.26,0.264,98.04,96.57,80.48,96.57,0.1,2790,6.1,14.4,161,127,127,131,188,188,115,122,122,71,134,137,396,341,359,232,229,295,345,43,42,258,367,367,145,52,43
1717,Dirk Nowitzki,1610612742,DAL,39.0,54,104.8,103.7,103.7,106.4,105.0,105.0,-1.6,-1.3,-1.3,0.099,1.61,9.6,0.016,0.238,0.126,6.0,5.9,0.495,0.529,0.246,0.255,96.06,97.23,81.03,97.23,0.124,2897,5.5,12.6,229,294,294,255,166,166,250,241,241,252,209,368,361,28,91,36,36,265,277,60,56,394,318,318,68,69,62
1627734,Domantas Sabonis,1610612760,OKC,21.0,81,102.0,104.2,104.2,101.9,102.5,102.5,0.2,1.7,1.7,0.073,0.99,12.1,0.027,0.146,0.086,12.3,12.3,0.452,0.469,0.156,0.158,99.61,98.25,81.88,98.25,0.049,3320,2.4,5.9,364,268,268,68,84,84,191,142,142,348,361,300,249,169,201,362,361,387,416,322,327,155,227,227,434,262,236
202700,Donatas Motiejunas,1610612740,NOP,26.0,34,103.0,101.7,101.7,114.0,112.8,112.8,-11.1,-11.1,-11.1,0.096,1.03,14.4,0.052,0.16,0.104,14.0,13.9,0.453,0.47,0.168,0.174,101.18,102.38,85.32,102.38,0.053,1018,1.7,4.1,324,368,368,461,449,449,439,432,432,267,335,237,149,134,152,419,418,385,415,277,273,71,39,39,424,346,338
1627827,Dorian Finney-Smith,1610612742,DAL,24.0,81,104.1,103.2,103.2,105.6,105.5,105.5,-1.5,-2.3,-2.3,0.061,1.49,14.1,0.034,0.109,0.071,9.5,9.5,0.456,0.486,0.115,0.117,93.28,93.71,78.1,93.71,0.049,3184,1.5,4.1,274,314,314,211,191,191,246,281,281,389,239,247,220,286,262,191,195,380,391,449,449,466,457,457,433,364,335
203926,Doug McDermott,1610612760,OKC,25.0,66,105.5,107.3,107.3,108.6,109.1,109.1,-3.1,-1.8,-1.8,0.06,1.53,9.3,0.013,0.105,0.058,6.1,6.0,0.524,0.554,0.162,0.165,97.63,96.64,80.53,96.64,0.077,3047,3.4,7.5,196,154,154,358,369,369,308,256,256,394,224,386,397,305,326,37,37,168,179,301,306,291,362,362,302,181,177
1627733,Dragan Bender,1610612756,PHX,19.0,43,105.0,105.4,105.4,107.0,106.7,106.7,-2.0,-1.3,-1.3,0.057,0.72,10.5,0.039,0.135,0.087,14.5,14.5,0.441,0.44,0.145,0.148,100.06,100.03,83.36,100.03,0.033,1191,1.3,3.7,215,211,211,280,243,243,265,240,240,404,416,349,197,198,200,433,430,411,437,356,361,128,107,107,458,384,360
203110,Draymond Green,1610612744,GSW,27.0,76,115.2,116.2,116.2,99.3,100.9,100.9,16.0,15.3,15.3,0.272,2.9,36.3,0.041,0.183,0.117,12.5,12.6,0.481,0.522,0.159,0.16,103.35,102.08,85.07,102.08,0.117,5262,3.6,8.6,14,15,15,33,52,52,10,14,14,45,30,12,190,82,113,373,379,325,299,309,323,26,49,49,86,162,139
2730,Dwight Howard,1610612737,ATL,31.0,74,101.1,103.0,103.0,103.2,105.0,105.0,-2.1,-2.0,-2.0,0.076,0.61,9.6,0.133,0.278,0.207,15.8,15.8,0.633,0.627,0.19,0.191,99.82,98.04,81.7,98.04,0.151,4479,5.2,8.3,387,322,322,109,164,164,269,264,264,333,434,367,9,7,6,448,451,16,27,193,203,144,247,247,28,78,148
203939,Dwight Powell,1610612742,DAL,25.0,77,104.2,103.7,103.7,110.6,109.0,109.0,-6.3,-5.4,-5.4,0.062,1.44,9.4,0.069,0.179,0.12,6.5,6.5,0.542,0.588,0.162,0.166,93.77,94.69,78.91,94.69,0.107,2618,2.5,4.9,268,296,296,417,368,368,373,356,356,388,251,377,110,92,105,47,46,110,91,298,297,461,442,442,119,244,291
2548,Dwyane Wade,1610612741,CHI,35.0,60,103.1,104.3,104.3,105.6,106.1,106.1,-2.4,-1.8,-1.8,0.221,1.65,15.8,0.033,0.113,0.072,9.6,9.6,0.457,0.508,0.289,0.293,98.22,97.41,81.17,97.41,0.121,3634,6.9,15.9,316,263,263,210,217,217,280,258,258,78,197,210,225,271,257,196,196,378,341,17,17,240,303,303,77,38,27
202734,E'Twaun Moore,1610612740,NOP,28.0,73,104.3,104.4,104.4,106.6,107.4,107.4,-2.4,-3.0,-3.0,0.138,2.65,18.7,0.017,0.062,0.04,7.1,7.1,0.519,0.537,0.171,0.174,100.15,99.71,83.09,99.71,0.073,3781,3.9,8.5,267,258,258,265,283,283,278,300,300,182,49,151,346,453,434,60,60,182,241,269,272,122,127,127,322,140,142
202334,Ed Davis,1610612757,POR,28.0,46,104.9,104.8,104.8,110.8,111.7,111.7,-5.9,-6.8,-6.8,0.05,0.7,10.7,0.114,0.186,0.149,15.2,15.4,0.528,0.563,0.118,0.119,98.77,98.4,82.0,98.4,0.061,1609,1.6,3.1,224,245,245,422,430,430,366,384,384,428,418,339,31,74,49,439,442,158,154,444,448,204,211,211,381,353,391
204002,Edy Tavares,1610612739,CLE,25.0,2,108.2,109.6,109.6,93.0,92.2,92.2,15.2,17.5,17.5,0.071,0.5,11.1,0.138,0.226,0.183,22.2,21.5,0.8,0.633,0.133,0.137,89.74,89.57,74.64,89.57,0.138,52,2.0,2.5,108,94,94,10,12,12,12,8,8,353,446,325,7,34,14,475,473,3,22,405,405,482,483,483,38,311,420
203901,Elfrid Payton,1610612753,ORL,23.0,82,104.7,106.6,106.6,107.5,109.2,109.2,-2.7,-2.6,-2.6,0.329,2.97,30.9,0.035,0.12,0.077,10.4,10.4,0.493,0.52,0.211,0.213,100.25,98.58,82.15,98.58,0.117,4945,5.2,11.1,231,173,173,306,375,375,289,287,287,21,25,29,212,245,239,256,255,271,304,123,129,116,200,200,89,77,83
202407,Elijah Millsap,1610612756,PHX,29.0,2,91.2,86.7,86.7,93.0,100.0,100.0,-1.8,-13.3,-13.3,0.067,0.5,9.1,0.0,0.115,0.0,18.2,18.4,0.143,0.19,0.192,0.199,94.58,93.37,77.81,93.37,-0.036,45,0.5,3.5,467,475,475,9,40,40,256,449,449,367,446,392,461,260,461,465,467,478,479,181,172,436,468,468,482,461,370
1626144,Emmanuel Mudiay,1610612743,DEN,21.0,55,106.8,108.6,108.6,112.3,113.3,113.3,-5.5,-4.7,-4.7,0.222,1.76,22.5,0.02,0.104,0.062,12.7,12.8,0.428,0.483,0.222,0.224,101.93,100.64,83.87,100.64,0.074,2950,3.8,10.0,148,111,111,443,457,457,360,345,345,77,167,104,314,306,311,383,384,423,398,93,100,54,88,88,317,147,104
202683,Enes Freedom,1610612760,OKC,25.0,72,107.8,109.3,109.3,107.9,108.0,108.0,-0.1,1.3,1.3,0.078,0.54,6.4,0.126,0.185,0.156,11.7,11.7,0.549,0.599,0.271,0.275,99.17,98.44,82.03,98.44,0.154,3149,5.6,10.2,117,97,97,324,314,314,198,150,150,327,443,453,12,78,33,326,326,96,69,33,34,178,207,207,24,63,100
202339,Eric Bledsoe,1610612756,PHX,27.0,66,106.1,107.9,107.9,110.2,111.6,111.6,-4.1,-3.8,-3.8,0.309,1.87,22.4,0.023,0.124,0.072,12.0,11.9,0.485,0.563,0.275,0.28,103.09,101.56,84.63,101.56,0.141,4600,6.8,15.7,177,136,136,407,429,429,327,321,321,27,147,105,281,231,256,349,341,306,155,30,29,31,64,64,36,39,31
201569,Eric Gordon,1610612745,HOU,28.0,75,110.8,112.3,112.3,104.6,106.1,106.1,6.2,6.2,6.2,0.125,1.55,13.5,0.012,0.068,0.04,8.7,8.6,0.527,0.557,0.217,0.22,103.06,101.67,84.73,101.67,0.082,4917,5.5,13.5,55,46,46,165,212,212,57,59,59,209,218,266,409,434,429,142,142,164,170,104,109,32,59,59,258,68,51
101141,Ersan Ilyasova,1610612737,ATL,30.0,82,102.8,103.9,103.9,103.7,104.3,104.3,-0.9,-0.4,-0.4,0.107,1.22,11.4,0.052,0.163,0.108,9.4,9.4,0.511,0.546,0.216,0.22,101.46,100.62,83.85,100.62,0.106,4484,4.7,10.9,332,286,286,125,135,135,233,212,212,234,303,316,150,125,141,185,183,212,212,106,110,64,89,89,120,103,88
203095,Evan Fournier,1610612753,ORL,24.0,68,102.2,104.4,104.4,107.1,108.8,108.8,-4.9,-4.4,-4.4,0.144,1.43,14.6,0.019,0.072,0.045,10.2,10.1,0.508,0.555,0.229,0.233,99.6,97.78,81.48,97.78,0.085,4552,6.0,13.7,355,255,255,286,351,351,344,336,336,168,254,234,334,425,412,238,235,226,176,81,85,156,267,267,243,56,50
202323,Evan Turner,1610612757,POR,28.0,65,103.0,103.3,103.3,107.4,108.8,108.8,-4.5,-5.5,-5.5,0.196,2.05,22.8,0.021,0.125,0.073,11.1,11.1,0.454,0.491,0.182,0.186,99.29,98.5,82.08,98.5,0.088,3408,3.6,8.5,323,309,309,301,355,355,336,360,360,104,114,102,296,226,255,292,288,382,386,226,230,171,203,203,215,159,141
1626163,Frank Kaminsky,1610612766,CHA,24.0,75,108.3,108.7,108.7,107.3,108.3,108.3,1.0,0.4,0.4,0.131,2.13,14.6,0.029,0.141,0.086,6.9,6.9,0.471,0.502,0.216,0.22,98.16,97.51,81.26,97.51,0.085,3982,4.3,10.7,107,109,109,295,328,328,167,185,185,195,99,233,240,184,204,52,53,351,364,107,112,249,295,295,237,119,92
1627832,Fred VanVleet,1610612761,TOR,23.0,37,103.6,101.2,101.2,91.4,90.3,90.3,12.2,10.8,10.8,0.18,2.33,20.5,0.013,0.118,0.067,8.8,8.8,0.401,0.443,0.199,0.205,97.66,99.41,82.84,99.41,0.078,608,1.1,3.0,295,376,376,8,8,8,19,21,21,123,70,129,391,250,276,148,151,440,436,158,147,290,148,148,290,414,395
202066,Garrett Temple,1610612758,SAC,31.0,65,104.6,105.3,105.3,109.7,110.6,110.6,-5.2,-5.3,-5.3,0.146,2.15,23.8,0.019,0.09,0.055,11.0,11.0,0.519,0.545,0.139,0.142,97.5,96.77,80.64,96.77,0.071,3488,2.8,6.6,245,216,216,398,413,413,350,352,352,163,92,93,322,363,352,285,282,183,218,385,387,308,355,355,339,222,205
203914,Gary Harris,1610612743,DEN,22.0,57,115.0,116.1,116.1,114.0,113.9,113.9,1.0,2.2,2.2,0.129,2.16,17.6,0.027,0.076,0.051,8.1,8.1,0.586,0.611,0.183,0.185,100.41,99.98,83.32,99.98,0.091,3713,5.6,11.2,16,16,16,460,463,463,165,131,131,200,91,183,245,415,376,112,112,43,46,225,239,107,110,110,197,62,82
202390,Gary Neal,1610612737,ATL,32.0,2,80.6,83.8,83.8,98.6,94.7,94.7,-18.0,-11.0,-11.0,0.125,0.0,10.0,0.0,0.067,0.0,0.0,0.0,0.0,0.228,0.205,0.201,98.18,98.18,81.82,98.18,-0.044,37,0.0,3.5,481,477,477,29,18,18,467,431,431,210,466,360,461,441,461,1,1,481,478,136,159,246,233,233,483,481,370
1627780,Gary Payton II,1610612749,MIL,24.0,6,88.6,87.5,87.5,115.1,115.3,115.3,-26.5,-27.8,-27.8,0.224,1.3,27.7,0.0,0.122,0.063,21.3,21.2,0.386,0.413,0.157,0.162,96.75,97.23,81.02,97.23,0.041,200,1.3,3.7,473,472,472,467,473,473,477,479,479,76,280,47,461,238,304,472,472,447,453,321,318,361,319,319,450,382,364
201588,George Hill,1610612762,UTA,31.0,49,109.7,109.8,109.8,101.0,101.3,101.3,8.7,8.5,8.5,0.227,2.4,21.0,0.016,0.095,0.056,8.7,8.7,0.554,0.599,0.229,0.236,92.92,92.74,77.28,92.74,0.128,2985,5.9,12.4,74,90,90,54,58,58,34,35,35,74,64,126,368,339,342,146,146,86,70,82,78,473,479,479,57,60,65
1627777,Georges Niang,1610612754,IND,24.0,23,102.7,102.6,102.6,108.0,100.0,100.0,-5.3,2.6,2.6,0.074,1.0,10.6,0.019,0.16,0.084,10.6,10.7,0.264,0.285,0.184,0.189,97.58,101.45,84.55,101.45,0.02,195,0.4,1.6,336,337,337,329,40,40,352,125,125,345,342,340,335,136,210,264,266,469,472,218,218,295,67,67,467,469,454
1627834,Georgios Papagiannis,1610612758,SAC,19.0,22,104.3,103.9,103.9,110.4,108.9,108.9,-6.1,-5.0,-5.0,0.085,0.83,13.2,0.078,0.169,0.127,15.8,15.8,0.549,0.573,0.165,0.169,96.87,97.75,81.46,97.75,0.082,726,2.5,4.6,259,288,288,413,359,359,369,350,350,306,396,275,82,112,87,449,449,95,128,290,291,349,268,268,255,242,304
101123,Gerald Green,1610612738,BOS,31.0,47,107.0,107.4,107.4,105.7,107.3,107.3,1.3,0.0,0.0,0.1,1.32,10.7,0.028,0.122,0.075,8.1,8.1,0.494,0.524,0.223,0.228,98.8,97.89,81.58,97.89,0.081,1101,2.0,4.9,144,152,152,216,275,275,154,195,195,247,278,336,242,243,245,109,111,270,293,89,90,201,258,258,269,310,289
201945,Gerald Henderson,1610612755,PHI,29.0,72,99.7,100.4,100.4,108.1,108.8,108.8,-8.4,-8.3,-8.3,0.108,1.81,14.0,0.02,0.092,0.055,7.8,7.8,0.478,0.529,0.175,0.179,100.9,100.25,83.55,100.25,0.073,3474,3.3,7.7,407,390,390,332,349,349,406,401,401,231,159,251,319,353,351,97,98,329,274,253,258,86,101,101,330,187,170
203507,Giannis Antetokounmpo,1610612749,MIL,22.0,80,107.4,108.6,108.6,105.9,107.5,107.5,1.5,1.1,1.1,0.269,1.85,19.7,0.052,0.199,0.127,10.6,10.7,0.541,0.599,0.28,0.283,96.47,95.24,79.37,95.24,0.176,5638,8.2,15.7,131,114,114,224,288,288,148,158,158,47,150,134,146,60,88,263,265,113,67,25,28,378,434,434,10,20,29
203922,Glenn Robinson III,1610612754,IND,23.0,69,103.7,102.9,102.9,105.5,105.3,105.3,-1.8,-2.4,-2.4,0.048,1.27,10.4,0.041,0.127,0.085,8.1,8.1,0.54,0.564,0.125,0.129,98.71,99.17,82.64,99.17,0.081,2947,2.3,4.9,289,324,324,205,182,182,260,285,285,436,291,351,191,220,205,116,114,115,151,425,426,207,166,166,270,277,290
201609,Goran Dragic,1610612748,MIA,31.0,73,106.7,108.4,108.4,106.0,107.3,107.3,0.6,1.1,1.1,0.283,2.0,22.2,0.025,0.087,0.056,11.1,11.0,0.527,0.575,0.262,0.268,98.16,96.78,80.65,96.78,0.13,4964,7.3,15.4,156,120,120,235,274,274,174,154,154,37,130,107,270,373,345,295,285,162,123,40,38,247,354,354,54,30,33
202330,Gordon Hayward,1610612762,UTA,27.0,73,109.5,110.6,110.6,102.4,103.8,103.8,7.1,6.8,6.8,0.179,1.8,14.7,0.021,0.136,0.081,8.1,8.1,0.536,0.595,0.269,0.276,93.44,92.39,76.99,92.39,0.158,4850,7.5,15.8,78,69,69,80,120,120,49,52,52,124,160,232,297,194,220,113,109,123,74,35,33,465,480,480,21,28,28
203476,Gorgui Dieng,1610612750,MIN,27.0,82,108.3,110.1,110.1,108.2,109.3,109.3,0.2,0.8,0.8,0.086,1.48,15.8,0.073,0.181,0.126,10.7,10.7,0.514,0.555,0.14,0.141,96.75,95.49,79.58,95.49,0.092,5275,4.0,8.1,105,84,84,336,377,377,190,173,173,304,245,209,102,88,90,269,268,201,173,379,391,360,427,427,196,134,158
202328,Greg Monroe,1610612749,MIL,27.0,81,110.1,111.0,111.0,106.4,107.0,107.0,3.7,4.0,4.0,0.165,1.34,16.2,0.099,0.208,0.155,12.1,12.1,0.533,0.572,0.238,0.242,97.0,96.33,80.28,96.33,0.139,3654,4.8,9.0,67,62,62,252,256,256,84,89,89,145,273,203,49,50,36,352,351,136,130,72,73,341,385,385,37,98,128
202349,Greivis Vasquez,1610612751,BKN,30.0,3,95.9,94.1,94.1,114.6,113.4,113.4,-18.7,-19.3,-19.3,0.185,5.0,33.3,0.0,0.048,0.022,6.7,6.5,0.313,0.376,0.104,0.11,102.41,103.92,86.6,103.92,0.009,85,0.7,2.7,443,453,453,465,458,458,469,471,471,117,3,21,461,463,458,49,48,466,463,465,461,45,20,20,471,450,412
203084,Harrison Barnes,1610612742,DAL,25.0,79,103.6,104.0,104.0,105.7,106.2,106.2,-2.1,-2.2,-2.2,0.076,1.14,7.2,0.034,0.117,0.075,6.3,6.3,0.498,0.541,0.252,0.255,93.89,93.53,77.94,93.53,0.112,5455,7.6,16.2,291,281,281,217,219,219,270,276,276,332,317,443,217,254,247,40,40,258,231,54,54,458,464,464,100,26,24
202355,Hassan Whiteside,1610612748,MIA,28.0,77,106.6,108.7,108.7,105.3,106.6,106.6,1.3,2.0,2.0,0.037,0.37,4.3,0.115,0.313,0.214,11.6,11.5,0.557,0.579,0.223,0.226,97.12,95.57,79.64,95.57,0.163,5002,7.0,12.6,159,110,110,193,241,241,153,133,133,455,461,471,29,2,3,318,316,82,115,90,92,331,422,422,16,34,61
1627740,Henry Ellenson,1610612765,DET,20.0,19,101.0,99.7,99.7,103.0,101.7,101.7,-2.0,-2.0,-2.0,0.074,0.5,8.0,0.05,0.217,0.131,16.1,15.8,0.438,0.444,0.234,0.248,95.74,96.99,80.82,96.99,0.076,297,1.2,3.4,389,403,403,103,64,64,266,269,269,344,446,426,152,45,78,455,450,413,435,74,64,409,342,342,304,397,379
203138,Hollis Thompson,1610612740,NOP,26.0,40,98.8,99.7,99.7,104.7,104.3,104.3,-6.0,-4.5,-4.5,0.072,3.18,13.5,0.024,0.115,0.07,4.2,4.3,0.465,0.482,0.131,0.133,98.46,98.18,81.82,98.18,0.058,1538,1.9,5.0,421,402,402,172,138,138,368,343,343,351,15,264,271,264,263,17,17,366,401,413,414,224,235,235,397,326,287
203546,Ian Clark,1610612744,GSW,26.0,77,106.1,105.1,105.1,103.0,103.6,103.6,3.1,1.5,1.5,0.122,1.64,14.9,0.02,0.078,0.051,9.1,9.1,0.558,0.575,0.192,0.198,100.61,100.83,84.03,100.83,0.092,2388,2.7,5.6,173,229,229,106,115,115,101,146,146,218,202,229,315,405,379,173,170,79,124,182,173,97,78,78,192,229,248
101133,Ian Mahinmi,1610612764,WAS,30.0,31,104.3,105.1,105.1,104.0,102.4,102.4,0.3,2.7,2.7,0.05,0.56,9.6,0.085,0.184,0.134,17.2,17.3,0.586,0.601,0.138,0.14,98.9,99.32,82.77,99.32,0.082,1148,2.1,3.6,262,231,231,138,78,78,181,118,118,425,441,371,69,80,72,462,462,44,65,393,395,195,159,159,256,301,368
202697,Iman Shumpert,1610612739,CLE,27.0,76,110.1,110.7,110.7,108.2,109.0,109.0,1.9,1.7,1.7,0.08,1.4,15.2,0.021,0.088,0.056,10.8,10.9,0.507,0.536,0.14,0.142,97.98,97.4,81.17,97.4,0.055,3921,2.6,6.4,66,67,67,341,366,366,138,143,143,322,260,223,301,371,346,276,279,229,245,380,390,261,304,304,416,236,214
203477,Isaiah Canaan,1610612741,CHI,26.0,39,99.9,100.0,100.0,106.5,105.7,105.7,-6.6,-5.7,-5.7,0.099,1.76,15.1,0.009,0.074,0.04,8.6,8.6,0.436,0.483,0.151,0.156,96.39,96.71,80.59,96.71,0.056,1185,1.6,4.4,403,396,396,259,196,196,383,363,363,250,169,226,429,418,430,135,136,417,400,338,336,381,357,357,409,356,315
1627819,Isaiah Taylor,1610612745,HOU,22.0,4,105.9,103.5,103.5,120.5,121.2,121.2,-14.6,-17.7,-17.7,0.07,0.0,27.3,0.019,0.037,0.028,0.0,0.0,0.143,0.19,0.064,0.065,103.9,104.77,87.31,104.77,-0.013,114,0.3,1.8,186,302,302,480,481,481,453,467,467,357,466,51,322,465,456,1,1,478,479,484,484,15,11,11,478,474,449
202738,Isaiah Thomas,1610612738,BOS,28.0,76,113.6,115.1,115.1,108.6,110.5,110.5,5.0,4.6,4.6,0.305,2.13,18.7,0.017,0.061,0.04,8.7,8.7,0.546,0.625,0.332,0.337,99.85,98.32,81.93,98.32,0.161,5278,9.0,19.4,26,21,21,357,409,409,69,72,72,30,97,154,353,454,438,147,148,99,28,8,8,140,219,219,18,8,7
1627785,Isaiah Whitehead,1610612751,BKN,22.0,73,103.5,104.0,104.0,106.4,107.0,107.0,-2.9,-3.1,-3.1,0.173,1.35,21.5,0.019,0.084,0.053,15.9,15.9,0.445,0.487,0.18,0.183,102.31,101.74,84.78,101.74,0.052,3479,2.8,7.0,298,283,283,249,257,257,299,302,302,134,271,114,327,385,365,452,452,405,390,235,243,47,58,58,427,225,191
202397,Ish Smith,1610612765,DET,28.0,81,104.8,105.4,105.4,104.2,104.6,104.6,0.6,0.8,0.8,0.319,3.73,31.5,0.01,0.109,0.058,8.4,8.5,0.458,0.477,0.201,0.204,97.63,97.18,80.98,97.18,0.107,3966,4.1,9.2,230,210,210,145,148,148,175,169,169,24,8,27,423,284,327,130,132,376,405,149,151,292,325,325,117,131,122
1627826,Ivica Zubac,1610612747,LAL,20.0,38,103.6,103.1,103.1,113.0,113.7,113.7,-9.4,-10.5,-10.5,0.078,1.0,9.4,0.065,0.188,0.126,9.4,9.4,0.529,0.547,0.201,0.204,102.9,102.82,85.68,102.82,0.1,1305,3.3,6.3,292,316,316,451,461,461,420,428,428,325,342,381,117,68,89,186,188,154,205,150,150,37,31,31,144,185,222
200826,J.J. Barea,1610612742,DAL,33.0,35,104.6,102.8,102.8,102.8,103.7,103.7,1.8,-0.9,-0.9,0.421,3.06,31.0,0.012,0.102,0.057,10.1,10.1,0.491,0.521,0.254,0.261,95.18,95.56,79.63,95.56,0.134,1546,4.1,9.8,241,326,326,96,119,119,140,230,230,5,17,28,407,316,337,233,238,283,302,50,47,425,423,423,45,133,109
200755,JJ Redick,1610612746,LAC,33.0,78,114.6,115.8,115.8,104.9,106.2,106.2,9.7,9.6,9.6,0.074,1.12,9.4,0.005,0.07,0.039,8.4,8.3,0.558,0.599,0.211,0.217,98.77,97.71,81.42,97.71,0.089,4495,5.1,11.4,19,18,18,180,220,220,30,25,25,341,318,378,455,430,441,125,122,78,68,122,118,203,275,275,211,85,78
2747,JR Smith,1610612739,CLE,31.0,41,111.4,112.5,112.5,108.1,110.0,110.0,3.3,2.6,2.6,0.071,2.38,13.8,0.014,0.078,0.046,5.8,5.8,0.479,0.484,0.143,0.145,99.02,97.7,81.42,97.7,0.046,2421,3.0,8.7,46,41,41,333,398,398,94,123,123,353,67,258,382,407,407,33,34,328,396,371,376,183,278,278,440,203,134
203210,JaMychal Green,1610612763,MEM,27.0,77,104.9,105.6,105.6,104.4,105.2,105.2,0.4,0.3,0.3,0.064,0.89,11.2,0.081,0.186,0.133,12.5,12.5,0.555,0.601,0.144,0.147,94.32,93.62,78.02,93.62,0.093,4078,3.2,6.5,227,203,203,155,176,176,177,187,187,378,383,323,76,72,74,369,372,85,64,360,366,446,460,460,184,188,212
201580,JaVale McGee,1610612744,GSW,29.0,77,121.4,122.6,122.6,102.7,102.5,102.5,18.6,20.1,20.1,0.032,0.43,4.0,0.138,0.167,0.154,9.5,9.4,0.652,0.642,0.221,0.226,105.11,104.69,87.24,104.69,0.125,1607,2.7,4.1,5,3,3,92,85,85,6,6,6,461,456,473,6,119,40,192,191,11,17,95,91,7,12,12,65,234,331
203953,Jabari Parker,1610612749,MIL,22.0,51,106.8,108.1,108.1,109.3,110.6,110.6,-2.5,-2.5,-2.5,0.137,1.53,12.4,0.048,0.134,0.092,8.1,8.1,0.53,0.563,0.257,0.26,98.47,97.28,81.07,97.28,0.121,3502,7.8,16.0,149,126,126,384,411,411,281,286,286,186,223,294,161,200,185,111,113,153,153,46,50,222,315,315,76,24,25
203109,Jae Crowder,1610612738,BOS,26.0,72,112.3,114.1,114.1,104.5,106.3,106.3,7.8,7.8,7.8,0.097,1.94,14.8,0.021,0.149,0.087,7.6,7.6,0.572,0.613,0.169,0.17,99.94,98.29,81.91,98.29,0.103,4773,4.6,10.0,40,29,29,157,228,228,43,45,45,257,135,230,300,162,198,89,92,61,42,276,285,135,222,222,135,107,105
1626143,Jahlil Okafor,1610612755,PHI,21.0,50,95.1,96.5,96.5,109.5,110.1,110.1,-14.5,-13.7,-13.7,0.097,0.64,8.4,0.067,0.145,0.104,13.2,13.2,0.514,0.546,0.244,0.247,98.93,97.93,81.61,97.93,0.097,2311,4.8,9.4,450,432,432,390,403,403,452,451,451,264,430,419,114,172,153,403,404,203,213,61,66,192,254,254,164,96,116
1627774,Jake Layman,1610612757,POR,23.0,35,99.1,97.3,97.3,99.5,98.3,98.3,-0.4,-0.9,-0.9,0.072,1.0,9.2,0.022,0.065,0.044,9.2,9.3,0.365,0.404,0.186,0.191,98.83,100.33,83.61,100.33,0.025,522,0.7,2.5,415,426,426,35,31,31,214,232,232,350,342,387,287,449,419,179,181,455,457,211,205,200,98,98,464,443,419
1627751,Jakob Poeltl,1610612761,TOR,21.0,54,101.8,100.9,100.9,101.5,101.0,101.0,0.3,-0.1,-0.1,0.03,0.41,6.6,0.118,0.15,0.133,15.9,16.0,0.583,0.589,0.117,0.121,95.71,96.43,80.36,96.43,0.057,1256,1.2,2.1,373,385,385,62,53,53,184,202,202,467,457,451,24,160,75,451,453,49,86,446,444,411,380,380,403,393,430
2037,Jamal Crawford,1610612746,LAC,37.0,82,106.7,106.9,106.9,108.4,107.9,107.9,-1.7,-1.0,-1.0,0.159,1.6,16.5,0.008,0.051,0.03,10.3,10.2,0.479,0.525,0.22,0.225,98.51,98.66,82.21,98.66,0.079,4465,4.4,10.6,151,167,167,351,312,312,252,234,234,150,211,200,441,461,454,248,247,327,289,96,94,216,196,196,281,113,94
1627750,Jamal Murray,1610612743,DEN,20.0,82,109.1,110.2,110.2,108.1,108.0,108.0,1.0,2.2,2.2,0.142,1.5,16.1,0.023,0.095,0.059,10.7,10.6,0.483,0.518,0.212,0.216,101.14,100.7,83.91,100.7,0.078,3700,3.6,8.9,86,80,80,334,315,315,166,129,129,175,231,206,283,340,322,267,264,315,309,121,119,74,83,83,292,161,131
2749,Jameer Nelson,1610612743,DEN,35.0,75,110.8,112.5,112.5,109.7,109.6,109.6,1.1,2.9,2.9,0.258,3.01,33.7,0.013,0.08,0.046,11.2,11.2,0.531,0.544,0.156,0.157,100.07,99.39,82.82,99.39,0.075,4237,3.6,8.1,54,42,42,397,388,388,163,110,110,55,19,18,390,400,406,299,300,144,220,324,330,127,153,153,311,163,159
203516,James Ennis III,1610612763,MEM,26.0,64,104.6,105.4,105.4,103.9,103.8,103.8,0.7,1.5,1.5,0.067,1.08,13.0,0.045,0.126,0.085,11.9,12.0,0.534,0.581,0.127,0.129,95.05,94.75,78.96,94.75,0.07,2962,2.3,5.0,242,212,212,136,122,122,173,145,145,366,324,283,175,223,207,345,346,129,110,422,425,428,441,441,344,281,285
201935,James Harden,1610612745,HOU,27.0,81,113.6,115.6,115.6,107.3,108.9,108.9,6.3,6.7,6.7,0.505,1.95,27.9,0.031,0.185,0.109,14.3,14.1,0.525,0.613,0.333,0.341,102.97,101.32,84.43,101.32,0.19,6223,8.3,18.9,27,19,19,296,361,361,55,53,53,2,132,46,230,77,137,426,426,167,40,7,7,34,68,68,5,15,9
201949,James Johnson,1610612748,MIA,30.0,76,104.9,105.8,105.8,102.2,102.8,102.8,2.7,3.0,3.0,0.21,1.61,21.1,0.031,0.145,0.088,13.1,13.0,0.535,0.564,0.215,0.219,98.69,98.0,81.66,98.0,0.12,4263,4.8,10.1,225,199,199,73,93,93,118,107,107,88,206,124,232,173,197,399,396,125,149,114,114,209,250,250,80,95,101
2592,James Jones,1610612739,CLE,36.0,48,99.8,97.7,97.7,111.0,110.6,110.6,-11.2,-12.9,-12.9,0.062,1.4,11.3,0.008,0.089,0.049,8.1,8.0,0.647,0.655,0.133,0.139,96.53,97.74,81.45,97.74,0.067,775,0.9,1.9,406,424,424,428,410,410,440,446,446,387,258,321,439,367,396,107,107,12,10,406,397,372,272,272,362,431,439
203949,James Michael McAdoo,1610612744,GSW,24.0,52,100.6,98.5,98.5,101.3,103.0,103.0,-0.7,-4.4,-4.4,0.06,0.95,10.3,0.072,0.115,0.094,10.9,11.0,0.538,0.543,0.145,0.149,99.46,99.68,83.07,99.68,0.077,951,1.2,2.3,394,413,413,59,96,96,227,339,339,395,369,352,103,263,181,279,286,117,223,359,354,163,130,130,297,402,427
203923,James Young,1610612738,BOS,21.0,29,100.8,97.9,97.9,106.4,107.4,107.4,-5.7,-9.5,-9.5,0.03,1.0,5.8,0.025,0.091,0.057,5.8,5.7,0.534,0.549,0.125,0.133,99.96,100.97,84.14,100.97,0.063,466,0.9,2.0,391,423,423,253,281,281,362,415,415,466,342,462,268,358,336,34,33,127,199,426,415,134,73,73,373,433,435
201162,Jared Dudley,1610612756,PHX,31.0,64,102.9,103.6,103.6,103.9,105.2,105.2,-1.0,-1.6,-1.6,0.126,1.66,21.3,0.021,0.134,0.077,12.8,12.8,0.565,0.579,0.136,0.138,103.24,102.22,85.19,102.22,0.079,2902,2.5,5.4,327,297,297,135,175,175,235,253,253,207,194,119,295,201,238,387,386,72,113,396,402,27,44,44,282,255,264
203096,Jared Sullinger,1610612761,TOR,25.0,11,89.7,90.8,90.8,105.3,104.7,104.7,-15.6,-13.9,-13.9,0.048,0.75,5.3,0.068,0.159,0.106,7.0,7.0,0.351,0.366,0.199,0.204,96.49,96.21,80.18,96.21,0.027,238,1.4,4.3,471,465,465,194,155,155,458,452,452,433,408,464,112,139,144,58,56,460,464,154,148,377,392,392,463,379,323
204067,Jarell Eddie,1610612756,PHX,25.0,5,89.8,90.8,90.8,93.1,93.7,93.7,-3.4,-2.9,-2.9,0.0,0.0,0.0,0.012,0.071,0.042,4.2,4.2,0.421,0.523,0.152,0.154,109.87,108.95,90.79,108.95,0.082,141,1.2,3.8,470,464,464,11,15,15,313,295,295,476,466,476,405,427,426,16,16,427,296,336,342,1,4,4,259,401,354
1626185,Jarell Martin,1610612763,MEM,23.0,42,95.4,94.4,94.4,99.5,99.8,99.8,-4.1,-5.4,-5.4,0.025,0.29,3.8,0.067,0.206,0.134,13.3,13.4,0.414,0.477,0.156,0.161,97.35,97.69,81.41,97.69,0.069,1132,1.4,3.6,448,450,450,36,39,39,326,357,357,474,463,474,113,52,73,406,408,433,407,323,319,319,281,281,348,377,367
203950,Jarnell Stokes,1610612743,DEN,23.0,2,115.3,114.3,114.3,118.3,114.3,114.3,-3.1,0.0,0.0,0.4,0.0,50.0,0.0,0.0,0.0,0.0,0.0,1.0,0.798,0.111,0.111,100.5,102.7,85.58,102.7,0.121,14,0.5,0.5,13,27,27,477,466,466,306,196,196,6,466,1,461,469,461,1,1,1,2,459,460,101,32,32,79,461,483
101127,Jarrett Jack,1610612740,NOP,33.0,2,88.1,88.4,88.4,102.4,98.5,98.5,-14.3,-10.1,-10.1,0.263,1.67,41.7,0.0,0.0,0.0,25.0,25.3,0.667,0.773,0.089,0.09,97.67,99.39,82.82,99.39,0.051,69,1.0,1.5,474,470,470,83,32,32,451,425,425,49,191,3,461,469,461,481,483,8,3,479,479,289,155,155,430,416,455
1627784,Jarrod Uthoff,1610612742,DAL,24.0,9,95.2,95.1,95.1,122.0,122.1,122.1,-26.8,-27.0,-27.0,0.141,3.0,17.0,0.059,0.132,0.091,5.7,5.7,0.461,0.487,0.169,0.174,94.3,94.33,78.61,94.33,0.081,225,1.8,4.2,449,443,443,483,482,482,478,478,478,178,20,192,130,207,189,29,29,372,389,272,271,448,449,449,262,339,325
201160,Jason Smith,1610612764,WAS,31.0,74,106.1,106.5,106.5,106.7,106.4,106.4,-0.6,0.1,0.1,0.052,0.64,8.3,0.061,0.178,0.121,13.0,13.0,0.585,0.598,0.166,0.169,98.68,98.68,82.23,98.68,0.087,2189,2.4,4.4,175,176,176,268,232,232,224,192,192,421,429,421,127,97,104,394,393,45,71,288,290,211,195,195,219,269,314
1891,Jason Terry,1610612749,MIL,39.0,74,107.1,107.9,107.9,102.4,103.4,103.4,4.7,4.5,4.5,0.1,2.72,25.2,0.012,0.066,0.04,9.3,9.2,0.582,0.6,0.096,0.098,95.82,95.03,79.19,95.03,0.058,2695,1.4,3.3,141,135,135,79,107,107,73,73,73,246,44,71,410,443,431,180,180,50,66,476,475,406,437,437,395,374,383
1627759,Jaylen Brown,1610612738,BOS,20.0,78,103.0,101.8,101.8,105.1,106.2,106.2,-2.1,-4.4,-4.4,0.077,0.94,10.6,0.033,0.127,0.081,11.3,11.2,0.509,0.54,0.176,0.183,99.01,99.09,82.57,99.09,0.071,2768,2.5,5.4,322,365,365,188,218,218,271,337,337,329,372,341,224,222,223,303,297,221,233,252,245,184,169,169,341,253,263
201145,Jeff Green,1610612753,ORL,30.0,69,97.5,98.5,98.5,106.6,107.8,107.8,-9.1,-9.2,-9.2,0.089,1.08,10.3,0.023,0.109,0.065,9.6,9.5,0.442,0.505,0.2,0.204,98.84,97.82,81.51,97.82,0.077,3122,3.2,8.1,432,414,414,264,301,301,416,412,412,288,326,353,278,282,285,197,193,409,356,152,149,199,261,261,296,190,157
201952,Jeff Teague,1610612754,IND,29.0,82,108.1,109.0,109.0,106.9,107.9,107.9,1.2,1.1,1.1,0.359,2.96,32.9,0.013,0.111,0.063,11.1,11.1,0.492,0.574,0.219,0.221,98.99,98.09,81.75,98.09,0.131,5425,4.9,11.1,111,104,104,273,309,309,158,156,156,14,26,23,394,277,300,288,291,280,125,100,108,185,242,242,51,89,86
203481,Jeff Withey,1610612762,UTA,27.0,51,107.9,103.9,103.9,108.0,106.8,106.8,-0.1,-2.8,-2.8,0.025,0.5,4.8,0.121,0.159,0.14,9.6,9.6,0.534,0.588,0.139,0.145,95.95,98.31,81.92,98.31,0.096,887,1.1,2.0,116,285,285,327,246,246,202,293,293,472,446,469,18,138,66,201,206,131,87,384,375,398,220,220,167,409,433
203924,Jerami Grant,1610612760,OKC,23.0,80,102.7,104.0,104.0,108.1,108.4,108.4,-5.4,-4.4,-4.4,0.044,1.05,9.4,0.023,0.106,0.064,9.0,9.1,0.529,0.556,0.122,0.123,100.44,99.68,83.07,99.68,0.058,3158,1.9,4.1,335,282,282,331,335,335,354,340,340,443,332,376,279,301,296,167,171,155,171,434,438,104,131,131,398,328,336
203087,Jeremy Lamb,1610612766,CHA,25.0,62,107.6,107.4,107.4,108.7,108.9,108.9,-1.1,-1.5,-1.5,0.113,1.88,11.4,0.026,0.2,0.113,6.1,6.0,0.502,0.55,0.228,0.235,95.9,95.93,79.94,95.93,0.124,2281,3.6,7.9,125,151,151,363,358,358,237,247,247,225,146,313,257,56,122,38,38,242,193,83,79,400,406,406,70,157,163
202391,Jeremy Lin,1610612751,BKN,28.0,36,103.5,103.3,103.3,106.4,108.1,108.1,-2.9,-4.7,-4.7,0.338,2.14,25.1,0.012,0.128,0.071,11.7,11.7,0.51,0.566,0.255,0.259,106.86,106.08,88.4,106.08,0.131,1955,4.9,11.1,299,308,308,248,318,318,300,347,347,20,95,72,408,216,259,329,328,218,145,48,51,4,6,6,50,94,84
1626170,Jerian Grant,1610612741,CHI,24.0,63,106.4,107.5,107.5,103.8,104.8,104.8,2.6,2.7,2.7,0.172,2.75,24.4,0.016,0.09,0.052,8.9,8.8,0.507,0.555,0.159,0.163,97.0,96.05,80.04,96.05,0.084,2056,2.0,4.8,167,148,148,132,157,157,120,117,117,136,39,79,367,364,367,154,153,231,175,313,314,339,397,397,246,309,299
201573,Jerryd Bayless,1610612755,PHI,28.0,3,93.3,93.8,93.8,106.3,108.3,108.3,-12.9,-14.6,-14.6,0.361,1.44,22.0,0.041,0.115,0.079,15.3,15.4,0.375,0.453,0.279,0.284,97.84,96.68,80.57,96.68,0.097,144,3.7,10.7,460,454,454,244,330,330,448,455,455,13,250,110,189,260,228,441,443,450,430,27,25,276,359,359,161,155,93
202710,Jimmy Butler III,1610612741,CHI,27.0,76,106.4,108.0,108.0,103.4,104.7,104.7,3.0,3.3,3.3,0.243,2.62,19.7,0.044,0.118,0.081,7.5,7.5,0.492,0.586,0.261,0.265,97.78,96.48,80.4,96.48,0.164,5654,7.5,16.5,165,131,131,116,152,152,103,99,99,61,51,135,179,251,219,83,84,281,95,41,41,279,375,375,15,27,23
201149,Joakim Noah,1610612752,NYK,32.0,46,105.0,106.2,106.2,111.0,112.6,112.6,-5.9,-6.4,-6.4,0.138,1.78,25.8,0.146,0.229,0.187,14.5,14.6,0.49,0.491,0.124,0.125,98.44,97.2,81.0,97.2,0.094,2049,2.2,4.4,213,188,188,427,444,444,367,378,378,183,164,63,3,31,12,432,433,287,384,427,433,226,322,322,178,293,317
201975,Jodie Meeks,1610612753,ORL,29.0,36,104.9,105.9,105.9,110.4,111.7,111.7,-5.4,-5.8,-5.8,0.089,1.25,12.2,0.007,0.1,0.052,9.8,9.7,0.512,0.567,0.192,0.196,100.24,99.17,82.64,99.17,0.081,1518,2.9,7.1,221,195,195,410,431,431,357,365,365,286,293,298,447,324,370,209,211,211,142,185,185,117,165,165,267,219,187
203925,Joe Harris,1610612751,BKN,25.0,52,97.4,97.9,97.9,107.9,109.1,109.1,-10.5,-11.2,-11.2,0.076,0.98,10.9,0.013,0.103,0.058,11.1,11.2,0.543,0.558,0.159,0.161,105.53,104.63,87.19,104.63,0.061,2479,3.0,7.0,436,420,420,322,373,373,431,435,435,335,362,334,398,312,325,293,295,108,167,316,322,6,14,14,383,213,190
204060,Joe Ingles,1610612762,UTA,29.0,82,109.3,108.5,108.5,104.6,104.4,104.4,4.8,4.0,4.0,0.168,2.1,27.6,0.013,0.123,0.07,13.1,13.2,0.589,0.604,0.135,0.139,94.02,94.45,78.71,94.45,0.09,3881,2.5,5.5,81,117,117,162,143,143,72,85,85,142,105,48,399,236,264,401,402,38,56,399,398,453,444,444,204,249,256
2207,Joe Johnson,1610612762,UTA,36.0,78,108.4,107.6,107.6,104.3,104.3,104.3,4.1,3.3,3.3,0.125,2.09,16.6,0.019,0.115,0.069,7.9,7.9,0.521,0.542,0.181,0.186,93.25,93.57,77.97,93.57,0.095,3592,3.5,8.0,102,146,146,148,141,141,79,101,101,208,110,198,325,262,270,105,103,179,226,234,229,468,463,463,170,168,160
1626202,Joe Young,1610612754,IND,25.0,33,86.4,87.1,87.1,112.5,106.2,106.2,-26.1,-19.1,-19.1,0.203,3.0,15.3,0.006,0.0,0.0,5.1,5.1,0.396,0.433,0.251,0.26,99.86,102.28,85.23,102.28,0.087,287,0.8,2.2,476,474,474,445,223,223,476,470,470,94,20,219,452,469,461,24,24,443,444,55,49,138,43,43,225,436,429
201202,Joel Anthony,1610612759,SAS,34.0,19,92.2,89.6,89.6,99.5,93.3,93.3,-7.3,-3.7,-3.7,0.041,0.75,11.1,0.06,0.178,0.118,14.8,15.1,0.625,0.64,0.086,0.088,95.12,99.57,82.97,99.57,0.087,251,0.5,0.8,464,467,467,34,14,14,394,318,318,449,408,325,129,95,107,435,437,18,18,480,481,426,140,140,220,459,478
1627762,Joel Bolomboy,1610612762,UTA,23.0,12,106.3,100.9,100.9,95.0,91.7,91.7,11.3,9.2,9.2,0.065,1.0,8.7,0.077,0.22,0.153,8.7,8.8,0.594,0.59,0.172,0.18,95.32,99.59,82.99,99.59,0.154,110,0.8,1.3,168,383,383,14,11,11,21,27,27,377,342,410,86,39,43,145,154,32,84,261,252,423,138,138,23,440,467
203954,Joel Embiid,1610612755,PHI,23.0,31,102.4,102.8,102.8,99.1,98.7,98.7,3.2,4.1,4.1,0.174,0.56,9.1,0.08,0.218,0.152,16.2,16.3,0.508,0.584,0.356,0.363,100.25,100.3,83.58,100.3,0.174,1642,6.5,13.8,345,332,332,31,36,36,95,83,83,131,440,390,79,44,45,456,456,225,101,4,5,115,100,100,12,45,47
203530,Joffrey Lauvergne,1610612741,CHI,25.0,70,102.2,103.3,103.3,107.8,106.9,106.9,-5.6,-3.6,-3.6,0.11,1.25,14.2,0.069,0.182,0.124,11.3,11.3,0.49,0.509,0.185,0.188,98.86,98.73,82.28,98.73,0.094,2008,2.1,4.8,354,306,306,321,251,251,361,315,315,228,293,244,106,84,95,305,307,292,337,217,222,198,189,189,182,298,298
203089,John Henson,1610612749,MIL,26.0,58,105.2,106.3,106.3,107.0,108.2,108.2,-1.8,-1.9,-1.9,0.076,1.1,12.2,0.084,0.179,0.132,11.1,11.2,0.515,0.55,0.163,0.164,96.66,95.61,79.68,95.61,0.092,2233,2.7,5.3,208,184,184,279,321,321,258,261,261,334,321,299,71,94,76,289,298,200,192,294,310,367,419,419,193,228,268
203098,John Jenkins,1610612756,PHX,26.0,4,130.8,137.0,137.0,109.2,96.6,96.6,21.6,40.5,40.5,0.083,0.0,14.3,0.0,0.091,0.0,0.0,0.0,0.5,0.595,0.188,0.182,100.06,103.92,86.6,103.92,0.102,27,0.5,1.3,1,1,1,382,24,24,5,2,2,312,466,242,461,358,461,1,1,244,75,205,246,129,21,21,139,461,469
101249,John Lucas III,1610612750,MIN,34.0,5,117.3,108.3,108.3,70.4,56.0,56.0,46.9,52.3,52.3,0.2,0.0,20.0,0.0,0.0,0.0,0.0,0.0,0.25,0.25,0.154,0.166,94.47,110.11,91.76,110.11,0.073,24,0.2,0.8,8,121,121,2,2,2,1,1,1,97,466,131,461,469,461,1,1,470,475,329,302,441,3,3,327,478,479
202322,John Wall,1610612764,WAS,26.0,78,111.2,113.0,113.0,107.3,108.8,108.8,3.9,4.2,4.2,0.45,2.58,29.5,0.021,0.094,0.058,11.4,11.4,0.482,0.541,0.299,0.302,101.08,99.63,83.03,99.63,0.153,5887,8.3,18.4,48,38,38,297,352,352,80,81,81,3,57,37,298,342,330,313,312,319,228,13,13,78,135,135,25,16,11
203948,Johnny O'Bryant III,1610612766,CHA,24.0,11,105.6,101.8,101.8,120.8,119.3,119.3,-15.2,-17.5,-17.5,0.125,1.0,13.3,0.113,0.152,0.13,13.3,13.4,0.55,0.582,0.205,0.211,97.26,99.69,83.07,99.69,0.08,169,1.4,2.7,193,367,367,481,480,480,456,464,464,210,342,269,34,155,80,409,409,92,106,135,133,324,129,129,274,379,409
202720,Jon Leuer,1610612765,DET,28.0,75,101.8,102.4,102.4,104.1,104.5,104.5,-2.3,-2.0,-2.0,0.088,1.68,12.8,0.049,0.156,0.1,7.6,7.6,0.518,0.551,0.169,0.173,97.1,96.63,80.53,96.63,0.1,3915,4.1,8.6,371,345,345,142,144,144,274,271,271,294,190,286,155,146,165,88,88,187,191,275,275,333,363,363,150,125,137
201973,Jonas Jerebko,1610612738,BOS,30.0,78,108.9,109.1,109.1,105.8,107.4,107.4,3.1,1.7,1.7,0.081,1.82,18.3,0.048,0.164,0.108,10.0,10.0,0.521,0.537,0.113,0.115,98.92,98.04,81.7,98.04,0.069,2513,1.5,3.4,94,103,103,219,285,285,98,141,141,318,156,174,159,121,140,226,227,178,240,453,453,193,246,246,346,371,380
202685,Jonas Valančiūnas,1610612761,TOR,25.0,80,109.6,111.1,111.1,107.2,109.1,109.1,2.4,2.0,2.0,0.043,0.54,5.9,0.112,0.264,0.188,11.0,11.0,0.558,0.601,0.193,0.195,96.62,95.15,79.29,95.15,0.136,4106,4.9,8.8,76,61,61,290,370,370,127,135,135,444,444,460,35,12,11,283,287,80,62,176,191,368,435,435,42,92,132
1626780,Jonathan Gibson,1610612742,DAL,29.0,17,97.3,96.6,96.6,116.9,114.1,114.1,-19.6,-17.5,-17.5,0.215,1.24,16.7,0.004,0.107,0.05,13.5,13.6,0.447,0.492,0.249,0.253,96.88,98.4,82.0,98.4,0.062,474,2.1,5.6,438,431,431,473,465,465,470,465,465,82,297,194,458,300,387,411,411,397,382,56,58,347,210,210,380,304,251
203613,Jonathon Simmons,1610612759,SAS,27.0,78,105.5,105.0,105.0,96.6,96.6,96.6,8.8,8.4,8.4,0.137,1.66,18.3,0.015,0.097,0.057,11.1,11.2,0.456,0.504,0.176,0.179,97.57,97.81,81.51,97.81,0.067,2824,2.3,5.4,198,240,240,19,25,25,32,40,40,188,193,171,379,332,333,287,294,381,357,251,257,296,263,263,361,284,266
203903,Jordan Clarkson,1610612747,LAL,25.0,82,103.0,104.2,104.2,112.0,112.6,112.6,-8.9,-8.3,-8.3,0.143,1.3,14.1,0.02,0.083,0.05,10.8,10.8,0.5,0.526,0.228,0.232,101.32,100.47,83.73,100.47,0.084,5015,5.8,13.1,320,267,267,436,445,445,415,402,402,171,281,250,321,387,385,275,273,244,285,84,87,67,95,95,245,61,55
202348,Jordan Crawford,1610612740,NOP,28.0,19,112.6,113.5,113.5,112.5,111.8,111.8,0.1,1.6,1.6,0.192,2.28,18.5,0.009,0.069,0.04,8.1,8.0,0.567,0.582,0.254,0.259,98.44,98.38,81.98,98.38,0.102,907,5.5,11.5,35,36,36,446,432,432,193,144,144,111,79,163,428,433,437,109,108,67,107,52,52,225,214,214,140,67,76
200770,Jordan Farmar,1610612758,SAC,30.0,2,114.5,113.7,113.7,120.9,125.4,125.4,-6.4,-11.7,-11.7,0.346,3.0,37.5,0.03,0.057,0.044,12.5,12.5,0.5,0.5,0.183,0.191,96.3,94.97,79.14,94.97,0.087,73,2.0,6.0,20,34,34,482,483,483,376,439,439,18,20,8,236,458,416,369,371,244,369,222,202,385,438,438,228,311,231
201941,Jordan Hill,1610612750,MIN,29.0,7,107.5,102.2,102.2,93.6,90.1,90.1,13.9,12.1,12.1,0.0,0.0,0.0,0.182,0.122,0.151,22.2,22.4,0.385,0.432,0.171,0.18,90.23,94.32,78.6,94.32,0.015,92,0.7,1.9,128,352,352,12,7,7,16,19,19,476,466,476,1,238,46,475,477,449,445,265,255,481,450,450,470,445,442
203895,Jordan McRae,1610612739,CLE,26.0,37,105.2,104.9,104.9,112.7,112.8,112.8,-7.5,-7.9,-7.9,0.083,1.36,9.6,0.015,0.088,0.052,7.1,7.1,0.447,0.488,0.208,0.216,97.04,97.19,80.99,97.19,0.059,777,1.6,4.1,205,241,241,450,448,448,396,395,395,312,268,366,372,369,368,62,61,401,388,131,122,336,324,324,394,359,339
1626175,Jordan Mickey,1610612738,BOS,22.0,25,99.2,94.6,94.6,116.1,116.6,116.6,-16.9,-22.0,-22.0,0.084,0.78,12.5,0.087,0.163,0.122,16.1,16.0,0.441,0.473,0.148,0.157,97.55,99.72,83.1,99.72,0.06,296,0.6,1.4,414,448,448,469,476,476,460,474,474,311,406,292,64,126,97,454,455,410,412,350,333,300,126,126,386,456,466
101181,Jose Calderon,1610612737,ATL,35.0,41,95.7,96.1,96.1,105.4,106.1,106.1,-9.7,-10.0,-10.0,0.251,2.15,33.0,0.025,0.111,0.066,15.4,15.3,0.485,0.506,0.14,0.144,98.95,98.4,82.0,98.4,0.077,1107,1.3,3.3,447,434,434,199,214,214,425,422,422,57,94,22,263,278,284,443,441,304,349,383,381,190,212,212,294,381,385
203962,Josh Huestis,1610612760,OKC,25.0,2,111.3,113.2,113.2,104.9,108.8,108.8,6.4,4.4,4.4,0.115,0.0,21.4,0.118,0.139,0.129,0.0,0.0,0.636,0.612,0.139,0.146,108.61,105.69,88.07,105.69,0.137,68,3.0,5.5,47,37,37,176,353,353,52,76,76,222,466,116,25,189,84,1,1,15,43,386,369,2,8,8,39,203,256
201177,Josh McRoberts,1610612748,MIA,30.0,22,100.1,100.9,100.9,109.4,110.1,110.1,-9.3,-9.2,-9.2,0.2,2.17,25.6,0.058,0.139,0.097,11.8,11.8,0.428,0.439,0.171,0.175,93.81,93.11,77.59,93.11,0.071,737,2.0,5.4,400,381,381,385,401,401,418,411,411,97,89,67,134,187,171,336,334,424,438,267,268,460,474,474,338,311,267
1626196,Josh Richardson,1610612748,MIA,23.0,53,104.4,105.2,105.2,103.3,105.3,105.3,1.2,-0.1,-0.1,0.128,2.15,18.7,0.021,0.082,0.051,8.7,8.6,0.467,0.493,0.165,0.168,97.52,96.26,80.22,96.26,0.069,3242,3.8,9.7,251,226,226,111,177,177,161,203,203,202,92,152,303,390,383,144,144,361,381,292,293,305,388,388,356,146,111
201950,Jrue Holiday,1610612740,NOP,27.0,67,103.7,104.3,104.3,102.8,103.7,103.7,0.9,0.7,0.7,0.355,2.52,29.6,0.02,0.092,0.057,11.8,11.8,0.51,0.532,0.232,0.235,100.12,99.36,82.8,99.36,0.121,4537,6.0,13.3,288,260,260,94,118,118,168,176,176,15,58,36,307,352,335,332,331,220,264,76,81,125,157,157,78,55,52
1627823,Juancho Hernangomez,1610612743,DEN,21.0,62,107.7,107.9,107.9,111.3,110.1,110.1,-3.6,-2.2,-2.2,0.048,0.94,9.2,0.047,0.171,0.107,9.8,9.8,0.554,0.592,0.139,0.144,101.03,101.51,84.59,101.51,0.086,1783,1.6,3.6,122,137,137,434,400,400,320,277,277,437,375,388,163,111,142,216,212,88,80,386,380,81,65,65,233,354,366
203944,Julius Randle,1610612747,LAL,22.0,74,103.1,104.2,104.2,113.3,114.0,114.0,-10.2,-9.8,-9.8,0.195,1.53,19.8,0.066,0.231,0.145,13.0,13.0,0.499,0.543,0.212,0.215,100.9,100.05,83.37,100.05,0.113,4437,5.1,10.4,318,269,269,455,464,464,430,420,420,106,225,132,115,30,56,392,390,257,221,118,124,87,106,106,98,83,98
1626147,Justin Anderson,1610612755,PHI,23.0,75,101.8,101.5,101.5,108.3,108.6,108.6,-6.6,-7.1,-7.1,0.089,1.0,10.5,0.054,0.151,0.1,10.5,10.5,0.49,0.537,0.202,0.206,97.35,97.35,81.13,97.35,0.091,2481,2.5,5.9,374,371,371,348,341,341,382,387,387,287,342,345,141,157,164,260,260,290,244,145,144,318,308,308,200,251,244
203120,Justin Hamilton,1610612751,BKN,27.0,64,98.2,98.0,98.0,109.5,109.8,109.8,-11.3,-11.7,-11.7,0.074,1.28,11.0,0.057,0.152,0.104,8.6,8.6,0.532,0.55,0.158,0.162,103.43,103.36,86.14,103.36,0.092,2536,2.7,5.9,425,418,418,387,392,392,441,440,440,340,287,330,138,154,151,139,140,143,196,319,317,25,22,22,189,233,238
202712,Justin Harper,1610612755,PHI,27.0,3,94.6,95.5,95.5,112.6,113.6,113.6,-18.0,-18.1,-18.1,0.1,0.5,11.1,0.0,0.0,0.0,22.2,22.2,0.5,0.5,0.208,0.214,102.88,101.93,84.94,101.93,0.039,67,1.7,4.0,454,439,439,447,460,460,466,468,468,247,446,325,461,469,461,475,476,244,369,132,125,38,52,52,454,348,344
203200,Justin Holiday,1610612752,NYK,28.0,82,103.4,104.5,104.5,105.0,105.3,105.3,-1.7,-0.8,-0.8,0.095,1.55,13.8,0.016,0.114,0.065,8.9,8.9,0.523,0.549,0.166,0.169,98.64,98.0,81.67,98.0,0.092,3340,2.8,6.6,305,254,254,182,179,179,251,227,227,269,220,257,369,268,294,157,160,172,201,287,288,212,249,249,190,221,210
1626159,Justise Winslow,1610612748,MIA,21.0,18,101.1,102.8,102.8,101.5,103.9,103.9,-0.4,-1.1,-1.1,0.153,2.0,19.2,0.035,0.107,0.071,9.6,9.6,0.371,0.399,0.198,0.2,97.53,95.61,79.67,95.61,0.059,1249,4.4,12.5,386,331,331,61,123,123,217,236,236,158,121,143,213,297,260,202,198,454,459,162,166,304,420,420,391,112,63
203994,Jusuf Nurkić,1610612757,POR,22.0,65,104.4,106.3,106.3,106.5,107.7,107.7,-2.1,-1.4,-1.4,0.142,0.86,13.8,0.108,0.212,0.161,16.0,16.0,0.507,0.528,0.232,0.235,100.65,99.19,82.66,99.19,0.117,2869,4.2,8.2,253,182,182,260,299,299,268,242,242,176,388,259,38,49,29,453,454,227,278,75,80,96,164,164,88,122,151
203909,KJ McDaniels,1610612751,BKN,24.0,49,104.4,103.6,103.6,107.4,107.2,107.2,-3.1,-3.6,-3.6,0.04,0.45,5.7,0.03,0.125,0.079,12.7,12.7,0.515,0.555,0.18,0.185,100.37,100.84,84.03,100.84,0.076,1059,1.6,3.4,257,300,300,302,271,271,307,317,317,451,454,463,239,225,231,382,383,199,177,236,238,109,77,77,308,358,377
1626157,Karl-Anthony Towns,1610612750,MIN,21.0,82,109.9,111.8,111.8,110.8,112.1,112.1,-0.9,-0.3,-0.3,0.127,1.04,10.5,0.101,0.247,0.173,10.1,10.1,0.576,0.618,0.271,0.274,97.11,95.73,79.77,95.73,0.17,6041,9.8,18.0,71,52,52,421,438,438,232,211,211,204,333,343,46,21,21,230,233,57,36,32,35,332,412,412,13,4,16
202695,Kawhi Leonard,1610612759,SAS,26.0,74,112.6,113.8,113.8,104.0,105.1,105.1,8.6,8.7,8.7,0.182,1.69,13.3,0.034,0.143,0.089,7.9,7.9,0.541,0.61,0.306,0.312,95.79,94.78,78.98,94.78,0.174,4891,8.6,17.7,37,33,33,139,170,170,36,32,32,122,186,271,221,178,195,103,102,112,50,11,11,407,439,439,11,13,19
1627770,Kay Felder,1610612739,CLE,22.0,42,101.0,98.4,98.4,106.5,104.9,104.9,-5.5,-6.5,-6.5,0.261,1.93,21.5,0.008,0.092,0.052,11.1,11.2,0.415,0.462,0.243,0.251,97.77,99.86,83.21,99.86,0.079,802,1.5,3.8,388,416,416,261,161,161,359,381,381,52,138,115,440,355,373,289,301,432,423,64,59,281,115,115,284,370,358
203482,Kelly Olynyk,1610612738,BOS,26.0,75,103.7,105.1,105.1,104.2,105.2,105.2,-0.4,-0.1,-0.1,0.159,1.54,18.4,0.046,0.181,0.113,11.9,11.9,0.579,0.603,0.185,0.188,99.85,98.69,82.25,98.69,0.11,3172,3.5,6.8,286,228,228,144,172,172,216,205,205,149,221,169,170,86,120,344,339,53,59,213,220,139,193,193,104,172,198
1626162,Kelly Oubre Jr.,1610612764,WAS,21.0,79,106.0,105.3,105.3,105.6,106.0,106.0,0.4,-0.6,-0.6,0.042,0.94,8.1,0.038,0.122,0.081,8.6,8.6,0.482,0.516,0.143,0.147,99.53,99.66,83.05,99.66,0.055,3323,2.4,5.6,181,215,215,213,209,209,178,218,218,447,373,425,198,242,221,137,139,318,320,368,363,159,133,133,414,268,250
202689,Kemba Walker,1610612766,CHA,27.0,79,109.0,110.9,110.9,105.4,107.4,107.4,3.5,3.5,3.5,0.282,2.58,19.7,0.016,0.095,0.055,7.6,7.6,0.527,0.569,0.286,0.291,98.2,96.44,80.36,96.44,0.137,5502,8.1,18.3,89,63,63,202,284,284,87,95,95,38,56,133,366,338,349,92,91,165,136,19,19,243,379,379,40,21,13
202702,Kenneth Faried,1610612743,DEN,27.0,61,109.0,110.7,110.7,112.1,112.3,112.3,-3.0,-1.7,-1.7,0.064,0.93,9.0,0.135,0.218,0.175,9.6,9.6,0.548,0.588,0.179,0.181,100.83,99.95,83.29,99.95,0.124,2692,3.7,6.8,88,66,66,438,441,441,304,254,254,379,377,401,8,43,19,204,202,97,89,243,249,90,112,112,72,149,196
203145,Kent Bazemore,1610612737,ATL,27.0,73,102.9,104.3,104.3,105.2,106.0,106.0,-2.3,-1.7,-1.7,0.14,1.42,16.1,0.022,0.089,0.056,11.4,11.4,0.473,0.504,0.202,0.204,100.35,99.31,82.76,99.31,0.074,4044,4.0,9.9,328,265,265,189,210,210,276,255,255,181,257,205,284,368,341,309,309,346,359,146,153,110,160,160,319,135,108
203484,Kentavious Caldwell-Pope,1610612765,DET,24.0,76,103.7,105.4,105.4,107.7,108.6,108.6,-4.0,-3.3,-3.3,0.111,2.24,15.1,0.02,0.079,0.048,6.7,6.7,0.481,0.519,0.187,0.191,97.6,96.43,80.36,96.43,0.078,5088,4.9,12.2,285,213,213,317,344,344,323,309,309,227,83,224,313,403,404,51,51,321,306,208,207,294,383,383,288,93,68
201142,Kevin Durant,1610612744,GSW,28.0,62,117.2,118.0,118.0,101.3,102.3,102.3,16.0,15.7,15.7,0.218,2.17,18.5,0.02,0.207,0.122,8.5,8.5,0.594,0.651,0.271,0.276,103.71,102.86,85.71,102.86,0.186,4444,8.9,16.5,9,6,6,57,76,76,9,11,11,79,89,166,310,51,99,131,131,31,12,34,31,17,29,29,6,9,22
201567,Kevin Love,1610612739,CLE,28.0,60,113.2,115.5,115.5,106.0,107.1,107.1,7.2,8.4,8.4,0.093,0.95,9.4,0.077,0.267,0.172,9.9,9.9,0.51,0.573,0.253,0.255,99.67,98.17,81.81,98.17,0.148,3861,6.2,14.5,31,20,20,232,265,265,48,39,39,278,368,379,85,10,23,218,219,216,129,53,55,152,236,236,32,49,42
202338,Kevin Seraphin,1610612754,IND,27.0,49,101.1,99.6,99.6,111.0,109.4,109.4,-9.9,-9.8,-9.8,0.069,0.79,8.8,0.07,0.181,0.125,11.2,11.2,0.551,0.559,0.184,0.189,96.87,98.31,81.92,98.31,0.095,1151,2.2,4.0,385,406,406,425,381,381,427,419,419,363,402,405,104,85,94,296,296,90,165,221,217,348,221,221,176,288,341
1626172,Kevon Looney,1610612744,GSW,21.0,53,102.7,100.1,100.1,102.6,103.5,103.5,0.2,-3.4,-3.4,0.094,1.71,17.4,0.093,0.164,0.129,10.2,10.1,0.533,0.553,0.126,0.133,101.41,102.28,85.24,102.28,0.085,960,1.1,2.0,333,394,394,89,111,111,189,312,312,271,184,186,55,122,82,240,236,138,182,424,416,65,42,42,240,413,434
203114,Khris Middleton,1610612749,MIL,25.0,29,109.7,110.8,110.8,104.0,105.4,105.4,5.7,5.4,5.4,0.175,1.52,18.6,0.014,0.135,0.076,12.2,12.1,0.518,0.57,0.227,0.232,94.67,93.59,77.99,93.59,0.104,1732,5.2,11.5,73,65,65,140,185,185,60,66,66,127,226,157,383,197,240,357,352,186,132,85,88,434,461,461,130,80,75
202691,Klay Thompson,1610612744,GSW,27.0,78,115.6,116.5,116.5,100.9,102.4,102.4,14.7,14.1,14.1,0.09,1.25,9.1,0.02,0.081,0.053,7.3,7.3,0.565,0.592,0.258,0.262,102.17,101.02,84.18,101.02,0.109,5582,8.3,17.6,12,13,13,51,80,80,15,16,16,284,293,391,316,396,364,75,75,69,82,45,46,52,71,71,111,19,20
201585,Kosta Koufos,1610612758,SAC,28.0,71,102.0,103.0,103.0,107.8,108.5,108.5,-5.7,-5.5,-5.5,0.053,0.77,8.9,0.084,0.202,0.143,11.6,11.6,0.551,0.56,0.151,0.154,96.14,95.38,79.49,95.38,0.093,2820,3.0,5.5,368,321,321,318,337,337,363,358,358,418,407,403,70,54,59,322,322,89,159,339,341,392,430,430,187,198,255
1627739,Kris Dunn,1610612750,MIN,23.0,78,105.7,105.5,105.5,108.6,108.9,108.9,-2.9,-3.4,-3.4,0.2,2.11,30.5,0.018,0.112,0.064,14.4,14.4,0.411,0.432,0.139,0.142,96.76,96.7,80.59,96.7,0.051,2666,1.5,4.0,191,208,208,355,357,357,295,311,311,96,104,31,340,272,299,429,429,435,446,389,386,359,358,358,428,366,343
2743,Kris Humphries,1610612737,ATL,32.0,56,97.3,96.9,96.9,101.7,101.1,101.1,-4.4,-4.2,-4.2,0.07,1.04,9.4,0.083,0.214,0.146,9.1,9.1,0.451,0.514,0.176,0.18,98.09,98.59,82.16,98.59,0.105,1411,1.6,3.8,437,430,430,64,56,56,334,335,335,359,334,379,74,47,54,169,172,390,325,248,253,255,197,197,129,360,352
204001,Kristaps Porziņģis,1610612752,NYK,21.0,66,104.6,106.4,106.4,107.7,108.7,108.7,-3.1,-2.4,-2.4,0.073,0.82,7.4,0.05,0.159,0.105,9.0,9.0,0.507,0.546,0.24,0.244,99.16,97.86,81.55,97.86,0.106,4414,6.7,14.9,244,180,180,315,347,347,309,282,282,347,399,438,153,137,148,168,166,233,214,68,69,179,259,259,127,42,38
203937,Kyle Anderson,1610612759,SAS,23.0,72,107.2,105.3,105.3,96.7,96.2,96.2,10.5,9.1,9.1,0.126,2.33,24.9,0.034,0.167,0.103,10.7,10.7,0.481,0.525,0.118,0.122,96.61,97.73,81.44,97.73,0.098,2072,1.3,2.9,137,218,218,20,22,22,25,29,29,206,70,75,218,118,155,265,269,324,288,442,442,369,274,274,155,386,404
2594,Kyle Korver,1610612739,CLE,36.0,67,104.6,105.2,105.2,109.5,110.8,110.8,-4.9,-5.7,-5.7,0.093,1.59,15.6,0.004,0.1,0.053,9.8,9.7,0.621,0.635,0.147,0.151,99.99,99.15,82.62,99.15,0.081,3638,3.6,7.7,238,227,227,393,416,416,345,364,364,277,213,214,459,322,366,212,209,20,21,352,348,132,167,167,265,165,169
200768,Kyle Lowry,1610612761,TOR,31.0,60,112.8,114.1,114.1,104.6,106.4,106.4,8.2,7.7,7.7,0.293,2.41,25.2,0.022,0.109,0.065,10.5,10.4,0.569,0.623,0.243,0.249,96.85,95.46,79.55,95.46,0.147,4469,7.1,15.3,33,28,28,166,234,234,38,46,46,35,63,70,289,291,287,257,253,66,31,62,62,351,428,428,33,33,35
203124,Kyle O'Quinn,1610612752,NYK,27.0,79,102.1,103.7,103.7,108.9,109.1,109.1,-6.8,-5.4,-5.4,0.149,1.54,18.3,0.12,0.219,0.169,11.9,11.8,0.523,0.552,0.182,0.186,97.83,96.96,80.8,96.96,0.132,2470,2.7,5.2,359,293,293,371,371,371,385,355,355,161,222,172,21,41,24,339,337,173,188,228,232,277,346,346,49,231,276
202713,Kyle Singler,1610612760,OKC,29.0,32,102.0,103.3,103.3,101.2,101.3,101.3,0.8,2.0,2.0,0.034,0.82,8.1,0.019,0.109,0.061,9.9,10.0,0.452,0.486,0.112,0.113,99.19,98.56,82.13,98.56,0.046,787,1.1,2.6,367,310,310,56,57,57,172,132,132,459,400,423,331,287,313,220,222,388,392,456,455,176,201,201,443,412,416
1627787,Kyle Wiltjer,1610612745,HOU,24.0,14,84.5,79.6,79.6,120.4,118.8,118.8,-35.9,-39.2,-39.2,0.069,0.4,9.1,0.087,0.136,0.111,22.7,22.9,0.429,0.437,0.177,0.187,107.61,111.57,92.97,111.57,0.033,103,0.3,1.0,477,480,480,479,479,479,481,481,481,362,458,392,65,193,126,479,479,422,441,247,225,3,2,2,456,472,474
202681,Kyrie Irving,1610612739,CLE,25.0,72,114.2,116.7,116.7,109.1,110.3,110.3,5.1,6.4,6.4,0.278,2.32,19.6,0.02,0.068,0.045,8.4,8.3,0.535,0.58,0.295,0.301,99.12,97.54,81.29,97.54,0.135,5133,9.3,19.7,22,12,12,379,404,404,67,57,57,40,74,138,305,437,414,128,124,126,111,14,14,180,293,293,44,6,6
200746,LaMarcus Aldridge,1610612759,SAS,31.0,72,109.1,110.5,110.5,103.0,104.4,104.4,6.1,6.2,6.2,0.1,1.42,9.8,0.076,0.153,0.115,6.9,7.0,0.488,0.532,0.248,0.249,94.47,93.27,77.72,93.27,0.122,4533,6.9,14.6,84,71,71,104,142,142,58,60,60,245,256,363,94,152,118,55,57,297,265,58,61,440,472,472,75,35,41
203934,Lamar Patterson,1610612737,ATL,25.0,5,100.2,101.3,101.3,83.4,83.5,83.5,16.8,17.7,17.7,0.25,1.5,23.1,0.026,0.122,0.08,15.4,15.2,0.233,0.276,0.23,0.234,93.96,93.34,77.79,93.34,-0.004,78,0.6,3.0,398,374,374,4,5,5,8,7,7,58,232,100,259,238,226,444,439,473,473,79,84,454,469,469,477,456,395
202362,Lance Stephenson,1610612754,IND,26.0,18,101.3,101.9,101.9,99.8,101.0,101.0,1.6,1.0,1.0,0.254,2.27,28.1,0.01,0.128,0.069,12.4,12.3,0.475,0.485,0.181,0.185,97.76,96.9,80.75,96.9,0.089,732,3.0,6.7,382,362,362,38,54,54,147,163,163,56,81,45,419,219,269,366,365,341,394,231,236,285,351,351,206,203,202
202498,Lance Thomas,1610612752,NYK,29.0,46,101.5,102.6,102.6,111.2,112.4,112.4,-9.7,-9.8,-9.8,0.053,1.4,10.7,0.031,0.109,0.069,7.6,7.7,0.475,0.516,0.131,0.132,98.3,97.28,81.06,97.28,0.055,1956,2.1,5.3,379,339,339,432,442,442,423,418,418,416,258,338,233,288,267,93,94,340,319,414,417,234,316,316,412,299,271
204038,Langston Galloway,1610612758,SAC,25.0,74,103.2,103.2,103.2,104.6,105.5,105.5,-1.4,-2.3,-2.3,0.098,2.02,13.1,0.017,0.082,0.05,6.5,6.5,0.49,0.51,0.18,0.185,99.47,99.03,82.52,99.03,0.067,3088,2.8,7.4,313,313,313,164,189,189,244,280,280,256,120,276,348,394,392,45,45,288,332,239,237,161,173,173,360,224,180
1626204,Larry Nance Jr.,1610612747,LAL,24.0,63,103.3,104.1,104.1,108.3,108.2,108.2,-5.0,-4.1,-4.1,0.096,1.71,17.5,0.08,0.18,0.127,10.2,10.2,0.54,0.567,0.133,0.134,101.0,100.67,83.89,100.67,0.101,3020,3.0,5.7,309,276,276,344,326,326,348,326,326,266,179,185,78,90,86,241,244,114,141,408,412,83,85,85,142,201,246
202336,Larry Sanders,1610612739,CLE,28.0,5,93.4,92.6,92.6,100.6,96.3,96.3,-7.2,-3.7,-3.7,0.0,0.0,0.0,0.0,0.077,0.0,28.6,29.1,0.25,0.41,0.226,0.224,99.45,102.1,85.08,102.1,-0.056,27,0.2,0.8,459,460,460,48,23,23,392,319,319,476,466,476,461,410,461,485,485,470,454,87,101,165,46,46,485,478,479
202730,Lavoy Allen,1610612754,IND,28.0,61,103.1,102.5,102.5,109.5,109.3,109.3,-6.4,-6.8,-6.8,0.093,1.97,21.2,0.116,0.134,0.125,10.8,10.8,0.458,0.485,0.103,0.106,97.86,98.28,81.9,98.28,0.069,1783,1.3,2.8,314,343,343,392,378,378,377,383,383,276,131,121,26,199,93,272,274,375,395,468,467,275,223,223,350,389,406
2544,LeBron James,1610612739,CLE,32.0,74,114.9,116.7,116.7,107.1,108.5,108.5,7.7,8.3,8.3,0.388,2.13,25.7,0.036,0.189,0.114,12.1,12.0,0.594,0.619,0.292,0.297,98.38,97.0,80.84,97.0,0.183,5655,9.9,18.2,18,10,10,287,336,336,45,42,42,7,98,65,208,67,119,350,347,32,35,16,15,231,339,339,7,3,15
2571,Leandro Barbosa,1610612756,PHX,34.0,67,104.6,104.2,104.2,106.5,107.2,107.2,-1.8,-3.0,-3.0,0.128,1.69,15.1,0.015,0.093,0.054,8.9,8.9,0.483,0.509,0.201,0.207,101.15,100.97,84.14,100.97,0.083,2024,2.6,5.9,236,266,266,256,273,273,261,301,301,203,187,227,370,349,360,158,158,312,339,147,142,73,74,74,254,241,245
101150,Lou Williams,1610612745,HOU,30.0,81,108.6,110.1,110.1,109.0,109.1,109.1,-0.4,0.9,0.9,0.193,1.49,15.1,0.012,0.084,0.048,10.1,10.0,0.511,0.593,0.277,0.283,103.22,102.49,85.41,102.49,0.133,4260,5.3,12.3,100,83,83,375,372,372,213,164,164,110,238,225,402,381,397,234,226,215,79,28,27,28,36,36,46,75,67
201601,Luc Mbah a Moute,1610612746,LAC,30.0,80,112.3,112.2,112.2,102.0,103.6,103.6,10.3,8.6,8.6,0.029,0.85,7.8,0.026,0.067,0.048,9.2,9.2,0.562,0.581,0.114,0.117,98.38,97.67,81.39,97.67,0.056,3612,2.4,4.7,39,47,47,70,116,116,27,33,33,469,392,430,253,442,400,178,177,75,108,451,451,230,285,285,411,260,301
203512,Lucas Nogueira,1610612761,TOR,24.0,57,112.6,111.8,111.8,102.8,103.2,103.2,9.8,8.6,8.6,0.053,0.91,15.4,0.077,0.139,0.109,16.8,16.8,0.67,0.682,0.093,0.095,97.54,97.74,81.45,97.74,0.085,2210,1.8,2.7,36,53,53,97,101,101,28,34,34,415,379,217,89,188,134,460,459,7,6,477,477,303,270,270,242,333,408
2449,Luis Scola,1610612751,BKN,37.0,36,102.9,102.5,102.5,111.0,111.2,111.2,-8.0,-8.6,-8.6,0.124,1.09,15.7,0.105,0.189,0.146,14.4,14.3,0.526,0.55,0.18,0.185,102.58,102.68,85.57,102.68,0.089,987,2.0,4.2,326,340,340,426,423,423,403,408,408,214,322,212,42,65,55,428,427,166,195,238,234,43,33,33,210,321,326
202337,Luke Babbitt,1610612748,MIA,28.0,68,104.0,104.5,104.5,102.3,104.5,104.5,1.8,0.0,0.0,0.049,1.44,10.4,0.011,0.116,0.065,7.2,7.2,0.557,0.563,0.13,0.133,97.23,95.96,79.97,95.96,0.054,2125,1.7,4.1,275,253,253,74,145,145,142,198,198,431,252,350,413,256,292,67,66,83,152,415,413,326,403,403,419,350,333
2736,Luol Deng,1610612747,LAL,32.0,56,102.0,102.8,102.8,108.4,108.9,108.9,-6.4,-6.1,-6.1,0.073,1.72,13.1,0.04,0.155,0.096,7.6,7.6,0.447,0.47,0.141,0.143,100.3,99.66,83.05,99.66,0.077,3082,2.9,7.6,366,328,328,350,363,363,374,371,371,346,176,279,192,148,172,87,87,399,414,376,382,112,134,134,295,216,175
1627781,Malachi Richardson,1610612758,SAC,21.0,22,100.6,99.0,99.0,104.6,103.2,103.2,-4.0,-4.2,-4.2,0.092,1.38,11.6,0.015,0.099,0.058,8.4,8.4,0.471,0.517,0.189,0.195,96.68,98.12,81.77,98.12,0.057,405,1.3,3.1,393,408,408,167,102,102,324,331,331,280,264,310,372,327,328,127,128,353,315,197,187,366,240,240,404,388,390
1627763,Malcolm Brogdon,1610612749,MIL,24.0,75,109.2,110.1,110.1,106.5,107.5,107.5,2.7,2.6,2.6,0.239,2.81,28.4,0.025,0.086,0.056,10.1,10.1,0.518,0.555,0.182,0.186,96.37,95.51,79.59,95.51,0.098,3938,3.9,8.5,83,81,81,257,292,292,117,124,124,64,32,44,264,379,344,231,230,185,174,227,233,383,426,426,156,142,143
1627098,Malcolm Delaney,1610612737,ATL,28.0,73,102.1,101.9,101.9,100.0,100.5,100.5,2.2,1.4,1.4,0.241,2.03,27.0,0.008,0.09,0.048,13.3,13.3,0.407,0.456,0.181,0.187,98.69,98.55,82.13,98.55,0.064,2559,2.0,5.3,356,361,361,42,50,50,133,147,147,62,118,53,444,362,399,408,406,438,428,230,227,210,202,202,370,318,270
1627736,Malik Beasley,1610612743,DEN,20.0,22,111.0,109.9,109.9,96.0,94.4,94.4,15.0,15.5,15.5,0.098,1.38,11.3,0.032,0.064,0.05,8.2,8.3,0.514,0.536,0.216,0.222,103.72,105.09,87.57,105.09,0.086,362,1.5,3.3,52,87,87,17,17,17,13,12,12,254,264,320,227,450,395,120,123,204,246,108,105,16,10,10,232,367,382
202412,Manny Harris,1610612742,DAL,27.0,4,78.6,86.0,86.0,129.7,125.5,125.5,-51.1,-39.5,-39.5,0.143,1.0,9.5,0.073,0.0,0.0,9.5,9.6,0.2,0.239,0.292,0.294,100.93,97.94,81.62,97.94,0.006,50,0.8,3.8,482,476,476,484,484,484,484,482,482,172,342,373,101,469,461,193,203,477,477,15,16,85,253,253,473,440,359
1938,Manu Ginobili,1610612759,SAS,39.0,69,111.0,109.8,109.8,100.6,100.3,100.3,10.4,9.5,9.5,0.199,1.91,24.0,0.022,0.099,0.06,12.6,12.5,0.491,0.532,0.188,0.195,100.93,101.65,84.71,101.65,0.087,2734,2.5,6.4,53,91,91,47,47,47,26,26,26,101,143,89,291,326,314,376,373,285,266,200,190,84,61,61,222,252,220
201188,Marc Gasol,1610612763,MEM,32.0,74,106.5,107.7,107.7,105.1,106.7,106.7,1.4,1.0,1.0,0.246,2.04,18.7,0.024,0.167,0.094,9.2,9.2,0.503,0.554,0.262,0.267,94.43,93.21,77.68,93.21,0.151,4921,7.2,15.7,164,145,145,187,242,242,150,160,160,59,115,150,275,117,178,176,175,239,180,38,40,442,473,473,30,31,30
1626273,Marcelo Huertas,1610612747,LAL,34.0,23,100.8,102.2,102.2,113.1,109.9,109.9,-12.3,-7.7,-7.7,0.311,2.74,35.4,0.008,0.102,0.051,12.9,13.0,0.397,0.417,0.17,0.171,101.12,101.86,84.88,101.86,0.066,500,1.1,3.0,390,351,351,452,395,395,445,394,394,26,41,13,442,315,380,390,391,442,451,271,282,76,54,54,365,408,401
101162,Marcin Gortat,1610612764,WAS,33.0,82,110.2,112.1,112.1,107.4,108.6,108.6,2.8,3.5,3.5,0.065,1.02,12.3,0.093,0.243,0.168,12.1,12.1,0.579,0.593,0.146,0.147,99.85,98.44,82.04,98.44,0.11,5249,4.8,8.2,63,48,48,299,343,343,108,94,94,373,339,296,54,26,25,351,353,54,78,355,368,141,206,206,108,99,150
201158,Marco Belinelli,1610612766,CHA,31.0,74,107.2,106.9,106.9,107.4,107.5,107.5,-0.1,-0.6,-0.6,0.131,2.1,16.4,0.008,0.093,0.05,7.8,7.7,0.512,0.566,0.187,0.193,97.98,98.06,81.72,98.06,0.088,3663,3.6,8.3,136,168,168,298,293,293,203,220,220,197,106,201,442,346,389,98,97,209,144,207,199,260,243,243,214,164,147
1627875,Marcus Georges-Hunt,1610612753,ORL,23.0,5,89.8,89.0,89.0,114.4,115.2,115.2,-24.5,-26.2,-26.2,0.13,1.5,17.6,0.0,0.151,0.0,11.8,12.2,0.357,0.614,0.122,0.124,100.39,100.51,83.76,100.51,0.08,100,0.4,1.4,469,469,469,462,472,472,475,477,477,198,232,182,461,158,461,333,356,456,37,435,436,108,94,94,273,468,462
202694,Marcus Morris Sr.,1610612765,DET,27.0,79,102.8,104.3,104.3,105.7,106.3,106.3,-2.8,-2.0,-2.0,0.095,1.84,12.0,0.027,0.116,0.069,6.5,6.5,0.477,0.508,0.201,0.202,97.01,96.0,80.0,96.0,0.08,5128,5.3,12.7,331,259,259,215,227,227,294,266,266,268,154,302,244,259,268,46,47,338,343,148,156,338,401,401,272,73,59
203935,Marcus Smart,1610612738,BOS,23.0,79,107.2,108.3,108.3,104.7,105.3,105.3,2.5,3.0,3.0,0.226,2.29,26.4,0.032,0.092,0.062,11.5,11.5,0.422,0.486,0.183,0.185,100.28,99.45,82.87,99.45,0.082,4962,3.4,9.5,138,122,122,170,180,180,124,105,105,75,78,58,229,351,309,316,317,426,393,224,235,114,147,147,260,177,114
201977,Marcus Thornton,1610612764,WAS,30.0,33,102.1,102.8,102.8,114.8,115.0,115.0,-12.7,-12.2,-12.2,0.108,1.64,14.4,0.037,0.104,0.068,8.8,8.7,0.467,0.494,0.183,0.188,98.27,97.81,81.51,97.81,0.069,1169,2.5,6.4,360,327,327,466,470,470,446,443,443,232,201,238,202,307,271,148,147,362,379,223,219,238,264,264,351,242,219
1626209,Mario Hezonja,1610612753,ORL,22.0,65,94.5,95.1,95.1,109.6,109.2,109.2,-15.2,-14.2,-14.2,0.11,1.07,13.1,0.019,0.133,0.073,12.3,12.3,0.42,0.45,0.187,0.191,97.46,97.35,81.12,97.35,0.059,1942,1.8,5.1,457,445,445,396,376,376,457,453,453,229,329,276,328,204,253,361,362,430,432,206,208,311,309,309,393,334,281
202693,Markieff Morris,1610612764,WAS,27.0,76,109.4,111.1,111.1,105.5,106.9,106.9,3.8,4.2,4.2,0.076,0.98,10.2,0.046,0.162,0.105,10.4,10.4,0.497,0.54,0.203,0.204,100.15,98.73,82.27,98.73,0.089,4871,5.3,11.7,80,58,58,209,250,250,82,79,79,336,365,358,167,129,146,254,256,262,232,143,152,123,190,190,212,72,72
1627737,Marquese Chriss,1610612756,PHX,19.0,82,102.5,104.3,104.3,113.4,113.8,113.8,-10.8,-9.5,-9.5,0.051,0.56,6.8,0.052,0.148,0.098,12.3,12.3,0.506,0.529,0.194,0.196,103.58,102.46,85.39,102.46,0.063,3709,3.5,7.7,340,262,262,456,462,462,437,414,414,424,442,449,148,164,169,359,360,234,275,171,186,21,37,37,375,173,167
201578,Marreese Speights,1610612746,LAC,29.0,82,106.0,105.3,105.3,108.3,106.3,106.3,-2.3,-0.9,-0.9,0.085,0.94,8.7,0.069,0.218,0.144,9.3,9.3,0.539,0.584,0.234,0.239,97.38,98.59,82.16,98.59,0.114,2637,3.0,6.7,184,214,214,345,224,224,277,231,231,309,371,409,109,42,58,182,182,116,102,73,75,316,198,198,94,211,201
1627850,Marshall Plumlee,1610612752,NYK,24.0,21,107.4,108.4,108.4,109.2,105.6,105.6,-1.9,2.8,2.8,0.082,0.83,16.7,0.124,0.163,0.143,20.0,19.9,0.533,0.521,0.121,0.125,97.55,98.72,82.27,98.72,0.06,344,0.8,1.4,133,118,118,383,195,195,262,111,111,316,396,194,13,126,61,470,470,134,300,436,432,302,191,191,388,438,459
101107,Marvin Williams,1610612766,CHA,31.0,76,105.9,107.1,107.1,106.4,107.9,107.9,-0.5,-0.8,-0.8,0.072,1.77,11.3,0.037,0.18,0.107,6.4,6.4,0.51,0.551,0.16,0.163,97.83,96.58,80.49,96.58,0.096,4619,3.9,9.3,185,162,162,250,308,308,218,226,226,349,166,319,203,89,143,44,41,219,190,307,313,278,365,365,166,138,120
203486,Mason Plumlee,1610612743,DEN,27.0,81,111.2,112.6,112.6,111.3,111.9,111.9,0.0,0.7,0.7,0.187,2.12,24.2,0.08,0.2,0.141,11.4,11.4,0.536,0.558,0.18,0.181,99.05,98.13,81.78,98.13,0.112,4377,4.1,7.7,49,40,40,433,436,436,197,175,175,115,102,83,77,59,64,311,313,121,169,237,247,182,239,239,102,126,168
2440,Matt Barnes,1610612744,GSW,37.0,74,104.4,105.4,105.4,106.9,107.4,107.4,-2.5,-2.0,-2.0,0.162,1.82,23.9,0.04,0.176,0.109,13.1,13.1,0.483,0.514,0.155,0.156,98.01,97.25,81.04,97.25,0.081,3601,2.5,6.4,258,209,209,274,286,286,282,265,265,147,155,90,193,102,139,400,401,314,323,326,335,259,317,317,268,246,217
203521,Matthew Dellavedova,1610612749,MIL,26.0,76,106.0,107.0,107.0,107.0,108.1,108.1,-1.1,-1.1,-1.1,0.259,2.68,33.6,0.012,0.063,0.038,12.5,12.5,0.463,0.501,0.158,0.161,97.51,96.59,80.49,96.59,0.066,3983,2.7,7.0,183,165,165,283,317,317,236,237,237,54,46,19,401,452,446,374,370,368,367,320,320,307,364,364,366,230,189
203090,Maurice Harkless,1610612757,POR,24.0,77,111.7,112.8,112.8,108.3,110.6,110.6,3.4,2.2,2.2,0.056,1.02,10.3,0.057,0.093,0.075,10.1,10.1,0.558,0.57,0.149,0.151,99.47,97.95,81.63,97.95,0.069,4514,4.1,8.1,44,39,39,347,412,412,89,130,130,407,337,354,136,345,241,227,232,80,135,344,349,162,252,252,347,129,156
1626254,Maurice Ndour,1610612752,NYK,25.0,32,102.5,103.4,103.4,103.9,102.7,102.7,-1.4,0.8,0.8,0.037,0.67,6.8,0.064,0.131,0.096,10.3,10.2,0.459,0.503,0.142,0.145,97.55,97.68,81.4,97.68,0.069,671,1.2,2.7,342,305,305,134,88,88,243,172,172,456,423,448,121,211,173,245,245,374,363,375,377,301,283,283,352,396,411
1897,Metta World Peace,1610612747,LAL,37.0,25,92.4,91.8,91.8,110.3,108.4,108.4,-17.9,-16.7,-16.7,0.113,1.57,11.7,0.028,0.098,0.06,7.4,7.5,0.346,0.38,0.221,0.226,97.63,98.8,82.33,98.8,0.029,328,0.8,2.7,463,462,462,409,334,334,465,460,460,224,215,309,243,329,319,82,86,461,462,94,93,293,184,184,461,439,410
203086,Meyers Leonard,1610612757,POR,25.0,74,105.0,105.2,105.2,107.6,107.0,107.0,-2.6,-1.9,-1.9,0.085,2.03,14.1,0.022,0.171,0.096,7.0,7.0,0.484,0.507,0.154,0.157,99.46,99.62,83.02,99.62,0.061,2544,2.0,5.1,216,225,225,311,258,258,285,259,259,307,119,246,292,109,174,57,58,308,348,327,332,164,136,136,384,320,280
201563,Michael Beasley,1610612749,MIL,28.0,56,106.9,107.5,107.5,108.5,109.3,109.3,-1.6,-1.9,-1.9,0.096,0.8,9.3,0.045,0.162,0.105,11.6,11.6,0.554,0.584,0.243,0.248,97.91,97.31,81.09,97.31,0.116,1892,3.9,7.3,146,149,149,353,379,379,249,260,260,265,401,383,174,132,147,320,320,87,103,63,65,270,312,312,91,144,181
203487,Michael Carter-Williams,1610612741,CHI,25.0,45,103.3,104.0,104.0,104.1,105.1,105.1,-0.8,-1.1,-1.1,0.203,1.71,21.9,0.026,0.152,0.087,12.8,12.7,0.391,0.437,0.203,0.207,98.47,97.68,81.4,97.68,0.07,1718,2.5,6.8,307,280,280,143,168,168,228,238,238,93,181,112,254,153,199,384,382,446,440,139,139,221,284,284,343,248,197
1627771,Michael Gbinije,1610612765,DET,25.0,9,108.2,101.6,101.6,110.0,103.1,103.1,-1.8,-1.5,-1.5,0.087,0.0,15.4,0.0,0.033,0.0,0.0,0.0,0.1,0.184,0.151,0.157,91.34,97.37,81.14,97.37,-0.027,63,0.1,1.1,109,369,369,402,97,97,257,245,245,298,466,217,461,467,461,1,1,480,481,340,329,478,306,306,481,480,472
203077,Michael Kidd-Gilchrist,1610612766,CHA,23.0,81,105.4,106.7,106.7,103.8,105.8,105.8,1.6,0.9,0.9,0.074,2.04,13.0,0.064,0.171,0.117,6.4,6.4,0.478,0.528,0.144,0.146,97.77,96.25,80.21,96.25,0.093,4689,3.6,7.6,201,172,172,130,199,199,145,166,166,342,116,281,119,110,110,42,42,332,279,362,370,283,390,390,188,158,174
201144,Mike Conley,1610612763,MEM,29.0,69,108.6,109.6,109.6,105.5,106.2,106.2,3.1,3.4,3.4,0.329,2.78,24.9,0.014,0.095,0.054,9.0,8.9,0.545,0.604,0.256,0.263,94.64,93.87,78.22,93.87,0.16,4499,6.7,14.6,101,96,96,204,222,222,100,98,98,22,37,74,387,337,361,162,157,101,53,47,44,435,456,456,19,41,40
2399,Mike Dunleavy,1610612737,ATL,36.0,53,98.2,97.9,97.9,102.5,102.0,102.0,-4.3,-4.2,-4.2,0.097,1.79,15.8,0.02,0.109,0.065,8.8,8.8,0.543,0.573,0.137,0.141,98.53,98.92,82.43,98.92,0.077,1751,1.8,4.2,424,421,421,87,71,71,332,329,329,263,162,211,308,292,295,153,152,106,127,394,392,215,178,178,300,341,330
2034,Mike Miller,1610612743,DEN,37.0,20,105.5,104.6,104.6,108.7,105.4,105.4,-3.3,-0.9,-0.9,0.195,1.69,37.3,0.014,0.243,0.129,22.0,22.1,0.565,0.586,0.102,0.104,103.18,105.22,87.68,105.22,0.084,329,0.5,1.2,199,251,251,364,187,187,312,229,229,106,185,10,384,25,81,474,475,70,94,469,470,29,9,9,248,466,470
203488,Mike Muscala,1610612737,ATL,25.0,70,102.0,102.5,102.5,105.1,105.4,105.4,-3.1,-2.9,-2.9,0.121,1.73,18.4,0.059,0.13,0.094,10.7,10.7,0.573,0.596,0.145,0.149,99.77,99.41,82.84,99.41,0.097,2561,2.4,4.8,361,342,342,186,186,186,305,298,298,219,173,167,132,214,180,268,267,59,72,358,359,147,150,150,162,258,297
203118,Mike Scott,1610612737,ATL,28.0,18,93.3,92.7,92.7,101.7,102.8,102.8,-8.5,-10.1,-10.1,0.15,2.13,19.3,0.047,0.143,0.092,9.1,9.1,0.322,0.36,0.162,0.165,97.93,97.74,81.45,97.74,0.058,396,0.9,3.3,461,459,459,65,92,92,408,424,424,160,100,142,166,179,188,170,174,465,465,299,305,268,269,269,401,427,384
1627861,Mike Tobey,1610612766,CHA,22.0,2,70.1,65.3,65.3,97.5,98.0,98.0,-27.3,-32.7,-32.7,0.091,1.0,16.7,0.0,0.0,0.0,16.7,16.7,0.25,0.25,0.098,0.105,91.41,94.35,78.62,94.35,-0.016,49,0.5,2.0,483,483,483,22,29,29,479,480,480,281,342,194,461,469,461,458,458,470,475,472,469,477,447,447,480,461,435
203101,Miles Plumlee,1610612766,CHA,28.0,45,101.1,100.0,100.0,107.0,107.2,107.2,-5.9,-7.2,-7.2,0.065,0.7,13.0,0.082,0.112,0.097,18.6,18.7,0.478,0.518,0.128,0.131,95.64,96.08,80.06,96.08,0.04,972,1.0,2.0,384,396,396,281,272,272,365,390,390,376,419,280,75,273,170,468,468,330,314,420,422,415,396,396,452,424,432
1627851,Mindaugas Kuzminskas,1610612752,NYK,27.0,68,104.1,105.6,105.6,105.4,105.4,105.4,-1.3,0.2,0.2,0.102,1.35,13.3,0.044,0.075,0.059,9.8,9.8,0.501,0.533,0.186,0.188,99.39,98.69,82.24,98.69,0.075,2086,2.3,5.4,272,202,202,200,184,184,242,190,190,241,269,272,181,417,321,213,215,243,261,210,224,169,194,194,314,274,262
203141,Mirza Teletovic,1610612749,MIL,31.0,70,106.4,106.8,106.8,103.1,103.9,103.9,3.3,2.9,2.9,0.063,1.3,9.2,0.01,0.132,0.073,7.1,7.1,0.498,0.515,0.188,0.191,96.72,96.16,80.13,96.16,0.061,2273,2.2,6.0,166,169,169,108,124,124,90,108,108,382,282,389,421,209,254,61,62,259,322,199,201,364,395,395,382,287,233
101145,Monta Ellis,1610612754,IND,31.0,74,106.6,106.5,106.5,107.1,108.5,108.5,-0.5,-2.0,-2.0,0.171,1.75,24.0,0.01,0.092,0.052,13.7,13.7,0.482,0.514,0.166,0.169,98.1,97.5,81.25,97.5,0.069,4062,3.3,7.5,158,175,175,288,338,338,221,262,262,139,171,87,425,350,369,416,415,317,326,285,286,253,296,296,349,183,178
1626149,Montrezl Harrell,1610612745,HOU,23.0,58,112.4,114.3,114.3,108.8,109.0,109.0,3.6,5.3,5.3,0.097,1.45,12.9,0.075,0.123,0.099,8.9,8.7,0.654,0.662,0.17,0.176,102.53,101.57,84.64,101.57,0.108,2245,3.9,5.9,38,26,26,368,365,365,86,68,68,262,249,284,98,237,167,154,149,10,9,270,265,44,63,63,112,139,235
1626167,Myles Turner,1610612754,IND,21.0,81,108.3,109.1,109.1,105.1,106.4,106.4,3.2,2.8,2.8,0.065,1.01,8.8,0.059,0.172,0.119,8.7,8.7,0.534,0.585,0.195,0.197,98.49,97.52,81.27,97.52,0.112,5162,5.5,10.7,106,102,102,185,229,229,97,114,114,375,341,408,131,105,106,143,145,132,98,169,179,220,294,294,103,69,91
202357,Nemanja Bjelica,1610612750,MIN,29.0,65,104.6,104.0,104.0,103.4,103.6,103.6,1.2,0.5,0.5,0.102,1.34,15.2,0.047,0.157,0.101,11.3,11.3,0.503,0.526,0.159,0.165,97.31,97.5,81.25,97.5,0.078,2405,2.3,5.5,237,278,278,118,114,114,159,183,183,242,272,222,164,144,160,306,306,240,283,312,307,321,297,297,286,275,259
2403,Nene,1610612745,HOU,34.0,67,109.3,110.4,110.4,102.7,102.0,102.0,6.6,8.4,8.4,0.088,0.89,10.5,0.074,0.147,0.111,11.8,11.7,0.621,0.63,0.191,0.193,104.52,104.4,87.0,104.4,0.11,2593,3.7,5.9,82,76,76,93,68,68,51,37,37,295,384,346,100,166,131,331,327,21,23,191,198,11,16,16,106,156,237
203457,Nerlens Noel,1610612742,DAL,23.0,51,103.0,102.3,102.3,105.6,105.6,105.6,-2.6,-3.3,-3.3,0.078,0.98,10.9,0.09,0.198,0.143,11.1,11.1,0.595,0.622,0.171,0.176,98.7,99.02,82.52,99.02,0.126,2154,3.6,6.1,325,348,348,212,193,193,284,310,310,328,363,335,60,62,60,294,293,30,34,268,264,208,174,174,61,160,228
2555,Nick Collison,1610612760,OKC,36.0,20,86.8,87.4,87.4,104.1,102.3,102.3,-17.2,-14.9,-14.9,0.171,3.0,28.6,0.059,0.168,0.109,9.5,9.4,0.609,0.622,0.097,0.101,97.52,98.05,81.71,98.05,0.12,261,0.7,1.2,475,473,473,141,75,75,461,456,456,138,20,42,133,116,135,193,190,25,32,473,473,306,244,244,81,447,470
201156,Nick Young,1610612747,LAL,32.0,60,105.2,106.4,106.4,112.1,112.6,112.6,-6.9,-6.2,-6.2,0.057,1.61,7.6,0.015,0.074,0.043,4.7,4.7,0.564,0.588,0.192,0.195,100.6,99.81,83.17,99.81,0.075,3231,4.5,10.6,207,179,179,439,443,443,387,372,372,401,207,434,378,419,423,22,23,74,88,186,189,99,119,119,310,110,95
201587,Nicolas Batum,1610612766,CHA,28.0,77,107.4,109.1,109.1,106.2,108.2,108.2,1.2,1.0,1.0,0.273,2.35,26.4,0.017,0.164,0.09,11.2,11.1,0.472,0.529,0.215,0.221,98.76,97.08,80.9,97.08,0.118,5301,5.1,12.7,129,101,101,241,320,320,155,162,162,44,69,57,349,123,192,301,289,348,273,111,106,205,330,330,84,81,60
1627852,Nicolas Brussino,1610612742,DAL,24.0,54,102.4,101.1,101.1,113.2,111.1,111.1,-10.8,-9.9,-9.9,0.144,1.81,21.1,0.048,0.148,0.094,11.7,11.6,0.472,0.498,0.148,0.153,94.91,96.44,80.36,96.44,0.072,1046,1.0,2.6,344,378,378,454,421,421,434,421,421,167,158,125,158,165,179,325,324,350,372,348,343,430,378,378,333,425,414
1627879,Nicolas Laprovittola,1610612759,SAS,27.0,18,94.6,93.1,93.1,104.3,104.6,104.6,-9.7,-11.5,-11.5,0.301,1.47,28.9,0.006,0.051,0.029,19.6,19.4,0.532,0.579,0.179,0.19,95.35,96.03,80.02,96.03,0.063,346,1.1,2.6,453,457,457,150,147,147,424,438,438,31,246,40,454,462,455,469,469,142,116,242,210,422,400,400,372,406,414
203917,Nik Stauskas,1610612755,PHI,23.0,80,102.3,103.1,103.1,107.1,107.4,107.4,-4.8,-4.2,-4.2,0.129,1.47,18.5,0.009,0.091,0.05,12.6,12.6,0.5,0.54,0.161,0.164,100.29,99.79,83.16,99.79,0.067,4550,3.1,7.9,347,315,315,285,280,280,341,334,334,199,248,164,431,360,391,377,380,244,234,306,311,113,121,121,363,192,162
203999,Nikola Jokić,1610612743,DEN,22.0,73,114.9,116.3,116.3,109.8,109.7,109.7,5.1,6.5,6.5,0.266,2.1,24.2,0.106,0.248,0.178,11.5,11.5,0.605,0.64,0.231,0.234,100.78,100.23,83.52,100.23,0.167,4264,6.8,11.7,17,14,14,400,391,391,68,55,55,48,108,82,39,20,17,317,318,28,19,78,83,92,103,103,14,40,71
202703,Nikola Mirotic,1610612741,CHI,26.0,70,107.7,108.2,108.2,103.0,102.7,102.7,4.7,5.4,5.4,0.069,0.94,9.0,0.036,0.186,0.111,9.6,9.6,0.516,0.546,0.194,0.198,97.96,97.85,81.54,97.85,0.104,3428,3.7,8.9,124,123,123,101,91,91,74,65,65,361,374,398,210,75,128,200,197,194,211,170,174,262,260,260,131,154,130
202696,Nikola Vučević,1610612753,ORL,26.0,75,102.5,104.3,104.3,106.1,107.8,107.8,-3.6,-3.5,-3.5,0.157,1.78,14.6,0.077,0.272,0.173,8.2,8.2,0.48,0.498,0.241,0.243,100.76,99.13,82.61,99.13,0.142,4474,6.4,13.7,339,264,264,237,302,302,319,314,314,152,163,235,91,9,22,118,118,326,373,65,71,93,168,168,35,46,49
203943,Noah Vonleh,1610612757,POR,21.0,74,103.0,103.1,103.1,105.0,105.9,105.9,-2.0,-2.8,-2.8,0.036,0.48,7.6,0.098,0.199,0.148,15.7,15.7,0.494,0.525,0.129,0.131,98.16,97.74,81.45,97.74,0.073,2569,1.8,3.6,321,317,317,183,205,205,267,291,291,458,452,436,50,61,51,447,448,267,290,417,424,250,273,273,328,340,365
1626181,Norman Powell,1610612761,TOR,24.0,76,109.1,109.3,109.3,105.4,106.5,106.5,3.8,2.8,2.8,0.094,1.17,11.2,0.02,0.107,0.063,9.6,9.6,0.504,0.552,0.208,0.212,97.9,97.31,81.09,97.31,0.087,2775,3.0,6.7,85,98,98,197,236,236,83,113,113,273,310,322,320,299,302,199,200,238,186,133,132,271,313,313,226,210,204
202708,Norris Cole,1610612760,OKC,28.0,13,97.8,97.3,97.3,104.2,103.1,103.1,-6.4,-5.8,-5.8,0.177,2.0,17.9,0.0,0.092,0.043,9.0,9.0,0.337,0.381,0.215,0.22,98.87,99.71,83.09,99.71,0.033,259,1.2,4.0,427,427,427,147,97,97,378,366,366,125,121,180,461,356,421,164,167,462,461,112,111,197,128,128,457,395,344
1627855,Okaro White,1610612748,MIA,24.0,35,111.0,109.8,109.8,102.4,102.3,102.3,8.6,7.5,7.5,0.061,1.17,15.4,0.053,0.124,0.088,13.2,13.3,0.448,0.507,0.106,0.109,95.85,96.42,80.35,96.42,0.05,945,0.9,2.5,51,89,89,81,77,77,35,49,49,392,311,215,143,234,196,405,407,394,347,462,462,403,384,384,432,428,422
201600,Omer Asik,1610612740,NOP,30.0,31,99.4,98.9,98.9,104.4,104.7,104.7,-4.9,-5.8,-5.8,0.044,1.07,13.5,0.092,0.228,0.159,12.6,12.6,0.477,0.517,0.086,0.088,99.64,99.76,83.13,99.76,0.073,1001,1.0,2.1,409,410,410,153,153,153,346,367,367,442,328,264,57,32,31,380,378,337,316,481,480,153,124,124,326,416,431
201956,Omri Casspi,1610612750,MIN,29.0,36,103.9,106.0,106.0,112.2,112.8,112.8,-8.3,-6.8,-6.8,0.087,1.28,15.2,0.042,0.145,0.091,11.9,11.9,0.515,0.526,0.138,0.14,98.22,97.02,80.85,97.02,0.069,1292,2.1,4.6,280,193,193,442,450,450,405,385,385,301,289,221,187,171,191,343,344,197,287,391,396,241,336,336,353,294,308
203490,Otto Porter Jr.,1610612764,WAS,24.0,80,110.3,111.6,111.6,107.2,108.4,108.4,3.1,3.2,3.2,0.066,2.75,11.9,0.045,0.154,0.099,4.3,4.3,0.608,0.628,0.147,0.149,100.48,99.37,82.81,99.37,0.109,5401,5.2,10.0,61,54,54,293,333,333,99,103,103,371,39,304,173,150,166,18,18,26,24,351,353,102,156,156,109,79,103
200782,P.J. Tucker,1610612761,TOR,32.0,81,104.9,105.7,105.7,106.1,107.2,107.2,-1.2,-1.5,-1.5,0.063,1.5,14.3,0.05,0.16,0.103,9.6,9.6,0.485,0.516,0.111,0.113,99.99,99.05,82.54,99.05,0.079,4610,2.5,6.0,226,200,200,236,268,268,240,244,244,380,232,240,154,135,158,198,199,303,318,458,458,133,172,172,279,254,234
1627783,Pascal Siakam,1610612761,TOR,23.0,55,106.5,105.3,105.3,106.4,107.3,107.3,0.1,-2.1,-2.1,0.028,0.52,6.3,0.077,0.148,0.112,12.2,12.3,0.505,0.523,0.129,0.131,96.92,97.08,80.9,97.08,0.06,1730,1.9,3.7,162,219,219,254,278,278,194,272,272,470,445,454,84,163,125,358,359,236,297,418,421,344,331,331,385,329,361
1626192,Pat Connaughton,1610612757,POR,24.0,39,103.9,101.8,101.8,109.1,105.9,105.9,-5.2,-4.1,-4.1,0.137,1.65,23.3,0.032,0.13,0.082,14.2,14.1,0.632,0.645,0.127,0.132,95.99,98.37,81.98,98.37,0.088,652,0.9,1.8,283,363,363,380,208,208,351,325,325,185,198,99,228,213,217,425,424,17,16,423,418,396,215,215,218,426,444
1627868,Patricio Garino,1610612753,ORL,24.0,5,93.3,94.3,94.3,114.4,112.9,112.9,-21.1,-18.7,-18.7,0.0,0.0,0.0,0.022,0.0,0.0,30.0,30.0,0.0,0.0,0.1,0.103,95.65,95.74,79.78,95.74,-0.049,87,0.0,1.4,462,451,451,463,452,452,473,469,469,476,466,476,285,469,461,486,486,481,483,470,471,414,410,410,484,481,462
201976,Patrick Beverley,1610612745,HOU,28.0,67,113.3,114.7,114.7,106.0,106.3,106.3,7.3,8.4,8.4,0.184,2.81,29.1,0.044,0.144,0.093,10.4,10.4,0.521,0.546,0.14,0.141,101.64,100.88,84.06,100.88,0.085,4321,3.4,8.1,30,24,24,231,226,226,47,38,38,119,31,39,178,175,184,251,251,177,209,382,393,61,76,76,235,178,155
1627775,Patrick McCaw,1610612744,GSW,21.0,71,104.3,103.0,103.0,104.9,105.0,105.0,-0.7,-2.0,-2.0,0.099,2.14,20.5,0.019,0.069,0.044,9.6,9.6,0.516,0.54,0.116,0.119,102.0,102.62,85.51,102.62,0.056,2297,1.5,3.5,265,318,318,179,165,165,225,263,263,253,96,128,332,432,415,203,201,192,235,448,447,53,35,35,407,368,376
202335,Patrick Patterson,1610612761,TOR,28.0,65,113.4,114.0,114.0,102.5,103.6,103.6,10.9,10.4,10.4,0.066,2.0,14.5,0.04,0.143,0.092,7.2,7.2,0.523,0.542,0.123,0.125,97.32,96.48,80.4,96.48,0.075,3219,2.4,5.9,29,31,31,85,117,117,23,23,23,368,121,236,194,179,186,70,72,169,224,430,431,320,376,376,312,264,239
201988,Patty Mills,1610612759,SAS,28.0,80,111.9,111.3,111.3,99.9,100.1,100.1,12.0,11.2,11.2,0.236,2.77,27.1,0.014,0.065,0.04,9.8,9.7,0.558,0.578,0.184,0.189,98.96,99.08,82.57,99.08,0.1,3623,3.4,7.8,43,55,55,40,43,43,20,20,20,68,38,52,386,447,436,211,210,77,117,219,215,188,170,170,147,176,165
2200,Pau Gasol,1610612759,SAS,36.0,64,110.7,110.8,110.8,104.0,104.0,104.0,6.8,6.8,6.8,0.143,1.85,16.3,0.069,0.245,0.159,8.8,8.8,0.548,0.578,0.213,0.216,95.48,95.4,79.5,95.4,0.143,3236,4.7,9.4,57,64,64,137,127,127,50,51,51,170,152,202,107,24,32,151,155,98,118,117,121,417,429,429,34,100,115
202331,Paul George,1610612754,IND,27.0,75,108.9,110.2,110.2,106.0,107.2,107.2,2.9,3.1,3.1,0.157,1.14,12.7,0.023,0.161,0.094,11.2,11.1,0.534,0.587,0.287,0.29,98.16,97.0,80.83,97.0,0.136,5435,8.3,18.0,95,79,79,229,267,267,106,104,104,153,315,287,282,133,183,298,290,133,92,18,20,248,341,341,43,17,18
200794,Paul Millsap,1610612737,ATL,32.0,69,105.0,106.2,106.2,102.9,103.5,103.5,2.1,2.7,2.7,0.172,1.59,16.1,0.047,0.171,0.11,10.1,10.1,0.481,0.542,0.241,0.243,100.23,99.39,82.82,99.39,0.126,4853,6.2,14.1,214,187,187,99,112,112,135,119,119,135,212,204,165,108,133,228,237,322,227,67,70,119,154,154,62,47,45
1718,Paul Pierce,1610612746,LAC,39.0,25,107.4,107.9,107.9,105.0,103.5,103.5,2.4,4.4,4.4,0.049,0.63,9.9,0.004,0.154,0.083,15.8,15.7,0.507,0.535,0.145,0.149,97.71,98.13,81.78,98.13,0.044,568,1.1,2.8,132,134,134,181,113,113,130,77,77,432,431,362,460,151,213,450,447,230,253,357,355,287,238,238,445,405,405
1627835,Paul Zipser,1610612741,CHI,23.0,44,103.3,104.2,104.2,101.7,102.4,102.4,1.6,1.7,1.7,0.062,0.9,11.4,0.017,0.125,0.071,12.7,12.7,0.473,0.503,0.143,0.145,97.94,97.21,81.01,97.21,0.05,1701,2.0,5.0,308,272,272,67,81,81,146,138,138,386,381,314,351,229,261,381,381,347,362,367,373,266,321,321,431,311,284
203510,Pierre Jackson,1610612742,DAL,25.0,9,117.9,117.3,117.3,86.3,85.5,85.5,31.7,31.8,31.8,0.322,6.33,30.2,0.011,0.098,0.051,4.8,4.7,0.372,0.416,0.222,0.232,97.72,98.39,81.99,98.39,0.104,173,1.4,4.3,7,7,7,6,6,6,3,4,4,23,1,32,418,331,380,23,22,453,452,91,86,286,213,213,133,373,321
203112,Quincy Acy,1610612751,BKN,26.0,38,102.1,103.0,103.0,106.9,107.1,107.1,-4.8,-4.1,-4.1,0.053,0.86,7.7,0.034,0.168,0.1,8.9,8.9,0.521,0.565,0.165,0.169,101.12,100.61,83.84,100.61,0.083,1174,1.8,4.5,357,320,320,277,264,264,340,328,328,417,389,432,214,115,163,159,162,180,147,289,287,75,90,90,252,331,311
1626188,Quinn Cook,1610612740,NOP,24.0,14,108.8,106.3,106.3,116.6,117.6,117.6,-7.8,-11.3,-11.3,0.198,2.0,24.3,0.006,0.037,0.021,12.1,12.1,0.583,0.579,0.192,0.199,96.84,97.56,81.3,97.56,0.068,382,2.4,4.7,96,183,183,471,477,477,401,436,436,102,121,81,453,466,459,354,354,47,114,180,169,353,292,292,358,266,302
1626154,RJ Hunter,1610612741,CHI,23.0,3,27.8,26.3,26.3,85.6,78.9,78.9,-57.8,-52.6,-52.6,0.0,0.0,0.0,0.0,0.0,0.0,0.0,0.0,0.0,0.0,0.038,0.042,93.17,99.67,83.06,99.67,0.0,19,0.0,0.3,485,485,485,5,4,4,485,484,484,476,466,476,461,469,461,1,1,481,483,485,485,469,132,132,474,481,485
200765,Rajon Rondo,1610612741,CHI,31.0,69,104.2,105.3,105.3,106.3,107.4,107.4,-2.2,-2.2,-2.2,0.361,2.73,38.0,0.038,0.151,0.094,13.9,13.9,0.453,0.461,0.174,0.177,97.96,96.97,80.81,96.97,0.106,3732,3.3,8.1,271,220,220,247,282,282,272,275,275,12,43,7,200,156,182,418,419,386,424,257,263,264,345,345,121,184,154
1626176,Rakeem Christmas,1610612754,IND,25.0,29,97.7,97.6,97.6,108.3,105.5,105.5,-10.6,-7.9,-7.9,0.027,0.5,5.9,0.105,0.139,0.121,11.8,11.8,0.442,0.529,0.119,0.123,98.43,99.77,83.14,99.77,0.049,457,0.7,1.5,428,425,425,342,190,190,432,396,396,471,446,461,43,189,103,333,336,408,276,440,439,227,123,123,435,454,456
201196,Ramon Sessions,1610612766,CHA,31.0,50,103.4,102.0,102.0,108.1,107.5,107.5,-4.8,-5.5,-5.5,0.24,2.8,26.2,0.013,0.071,0.043,9.3,9.4,0.42,0.495,0.192,0.197,99.62,100.57,83.81,100.57,0.079,1705,2.0,5.3,304,359,359,330,291,291,339,361,361,63,33,59,392,428,424,184,189,429,376,179,177,154,91,91,280,311,272
200751,Randy Foye,1610612751,BKN,33.0,69,101.9,102.4,102.4,108.9,109.9,109.9,-7.0,-7.6,-7.6,0.153,1.69,23.8,0.007,0.108,0.058,14.1,14.1,0.466,0.506,0.143,0.145,103.71,102.99,85.82,102.99,0.057,2757,1.7,4.7,369,346,346,372,397,397,389,392,392,157,187,92,446,293,329,424,425,363,350,370,374,18,25,25,406,344,303
1626173,Rashad Vaughn,1610612749,MIL,20.0,41,99.3,98.7,98.7,107.0,106.9,106.9,-7.7,-8.2,-8.2,0.085,1.64,11.8,0.009,0.102,0.055,7.2,7.2,0.449,0.449,0.169,0.173,96.24,96.57,80.47,96.57,0.052,922,1.4,3.8,413,411,411,282,252,252,400,399,399,308,200,308,435,317,353,66,67,393,433,274,277,390,370,370,425,376,353
203526,Raul Neto,1610612762,UTA,25.0,40,109.6,107.3,107.3,95.7,95.0,95.0,13.9,12.3,12.3,0.14,2.27,23.8,0.012,0.073,0.044,10.5,10.4,0.505,0.527,0.14,0.147,95.77,97.14,80.95,97.14,0.062,699,1.0,2.3,77,153,153,16,19,19,17,18,18,179,82,94,403,423,418,259,257,235,282,381,364,408,326,326,377,415,426
101109,Raymond Felton,1610612746,LAC,33.0,80,104.6,104.1,104.1,108.7,108.2,108.2,-4.1,-4.1,-4.1,0.172,2.3,23.4,0.019,0.106,0.063,10.2,10.2,0.475,0.496,0.163,0.166,97.95,98.42,82.02,98.42,0.078,3476,2.8,6.4,246,277,277,361,324,324,328,327,327,137,76,97,326,303,305,236,242,343,375,296,300,265,209,209,287,226,215
203493,Reggie Bullock Jr.,1610612765,DET,26.0,31,104.7,105.2,105.2,99.8,100.2,100.2,4.9,5.0,5.0,0.086,2.9,17.2,0.026,0.11,0.066,5.9,5.9,0.531,0.538,0.128,0.131,98.07,97.64,81.36,97.64,0.081,953,1.7,4.1,232,221,221,39,46,46,71,69,69,303,29,188,258,280,281,35,35,146,239,421,423,256,288,288,264,343,334
202704,Reggie Jackson,1610612765,DET,27.0,52,101.7,102.8,102.8,110.4,110.8,110.8,-8.7,-8.0,-8.0,0.306,2.37,24.1,0.013,0.072,0.04,10.2,10.2,0.468,0.51,0.261,0.264,96.83,96.18,80.15,96.18,0.092,2856,5.5,13.0,376,333,333,414,415,415,413,397,397,29,68,84,388,426,433,239,243,358,334,42,43,354,394,394,194,71,56
202130,Reggie Williams,1610612740,NOP,30.0,6,89.5,91.2,91.2,109.5,106.5,106.5,-20.0,-15.4,-15.4,0.087,0.0,13.3,0.019,0.056,0.034,0.0,0.0,0.457,0.518,0.128,0.132,101.72,102.1,85.08,102.1,0.079,170,1.3,3.8,472,463,463,388,238,238,471,457,457,298,466,269,333,460,453,1,1,379,313,419,419,60,47,47,278,382,351
2210,Richard Jefferson,1610612739,CLE,37.0,79,110.3,110.5,110.5,106.9,106.5,106.5,3.4,4.0,4.0,0.068,1.5,15.0,0.018,0.103,0.062,10.0,10.0,0.536,0.574,0.121,0.123,98.12,98.18,81.82,98.18,0.053,3300,1.9,4.3,62,74,74,275,237,237,88,90,90,365,232,228,338,314,308,225,224,120,126,437,437,252,234,234,423,324,320
1626158,Richaun Holmes,1610612755,PHI,23.0,57,102.4,102.4,102.4,110.0,109.6,109.6,-7.6,-7.2,-7.2,0.081,1.05,10.2,0.079,0.178,0.129,9.7,9.6,0.591,0.611,0.184,0.188,100.79,100.99,84.16,100.99,0.116,2487,4.0,7.2,346,347,347,403,387,387,398,388,388,319,330,356,81,96,83,206,204,35,48,220,223,91,72,72,90,136,182
201937,Ricky Rubio,1610612750,MIN,26.0,75,109.0,110.5,110.5,109.9,111.3,111.3,-1.0,-0.7,-0.7,0.385,3.5,41.5,0.028,0.1,0.064,11.9,11.8,0.448,0.539,0.171,0.174,97.09,95.82,79.85,95.82,0.114,4942,3.5,8.7,91,73,73,401,425,425,234,224,224,8,10,4,241,321,297,337,335,395,237,266,269,334,408,408,93,170,135
203496,Robert Covington,1610612755,PHI,26.0,67,99.8,101.1,101.1,103.3,104.1,104.1,-3.5,-3.0,-3.0,0.075,0.78,9.8,0.041,0.158,0.099,12.6,12.6,0.492,0.534,0.188,0.19,101.81,100.72,83.93,100.72,0.091,4436,4.4,10.9,405,377,377,112,131,131,316,299,299,339,405,364,188,142,168,375,376,274,255,203,211,57,82,82,198,115,87
201577,Robin Lopez,1610612741,CHI,29.0,81,105.3,107.2,107.2,105.1,105.9,105.9,0.2,1.4,1.4,0.054,0.88,8.1,0.102,0.12,0.111,9.2,9.2,0.493,0.511,0.172,0.174,97.28,96.04,80.03,96.04,0.083,4549,4.7,9.6,203,155,155,184,202,202,185,149,149,413,385,424,44,248,130,175,176,272,330,260,270,323,399,399,253,101,112
203918,Rodney Hood,1610612762,UTA,24.0,59,106.8,107.2,107.2,102.6,103.2,103.2,4.2,4.0,4.0,0.102,1.48,11.0,0.011,0.117,0.066,7.4,7.4,0.494,0.522,0.227,0.231,93.26,92.76,77.3,92.76,0.086,3072,4.6,11.3,150,156,156,90,104,104,78,88,88,240,244,332,416,255,283,78,79,268,298,86,89,467,478,478,234,108,79
203585,Rodney McGruder,1610612748,MIA,25.0,78,105.3,107.1,107.1,105.5,106.8,106.8,-0.2,0.3,0.3,0.088,2.21,18.5,0.047,0.083,0.065,8.3,8.3,0.492,0.506,0.123,0.124,96.96,95.59,79.66,95.59,0.056,3912,2.4,5.9,202,161,161,206,245,245,206,188,188,293,87,165,162,388,291,124,127,276,351,431,434,343,421,421,410,256,241
201155,Rodney Stuckey,1610612754,IND,31.0,39,104.6,103.3,103.3,105.4,106.1,106.1,-0.8,-2.8,-2.8,0.184,1.58,19.5,0.009,0.109,0.06,12.3,12.4,0.412,0.483,0.218,0.222,96.8,97.08,80.9,97.08,0.075,1411,2.3,6.3,239,307,307,201,216,216,230,290,290,120,214,140,436,290,320,364,367,434,399,103,104,358,332,332,313,273,223
1627758,Ron Baker,1610612752,NYK,24.0,52,103.4,104.2,104.2,106.0,106.5,106.5,-2.5,-2.3,-2.3,0.188,1.91,26.9,0.014,0.1,0.056,14.1,14.0,0.431,0.456,0.149,0.152,96.82,96.22,80.18,96.22,0.057,1710,1.6,4.2,301,270,270,228,235,235,283,279,279,113,142,56,384,325,340,421,421,420,429,345,347,355,391,391,405,357,328
1626178,Rondae Hollis-Jefferson,1610612751,BKN,22.0,78,101.9,102.2,102.2,106.6,107.7,107.7,-4.6,-5.5,-5.5,0.135,1.33,16.6,0.053,0.186,0.121,12.5,12.6,0.447,0.517,0.185,0.187,104.95,104.29,86.91,104.29,0.098,3801,3.0,6.9,370,353,353,263,296,296,337,359,359,189,276,197,145,76,102,372,375,396,317,216,228,9,17,17,158,202,192
101179,Ronnie Price,1610612756,PHX,34.0,14,97.6,96.2,96.2,110.5,111.8,111.8,-12.8,-15.7,-15.7,0.188,6.0,38.3,0.018,0.059,0.036,6.4,6.4,0.229,0.272,0.085,0.087,102.91,103.01,85.85,103.01,0.032,289,0.3,1.7,431,433,433,416,433,433,447,458,458,114,2,6,341,456,450,41,43,475,474,482,482,36,24,24,459,472,451
201579,Roy Hibbert,1610612743,DEN,30.0,48,104.9,103.6,103.6,105.3,105.6,105.6,-0.3,-2.0,-2.0,0.048,0.66,8.9,0.077,0.127,0.103,13.6,13.7,0.544,0.614,0.136,0.139,98.93,99.4,82.84,99.4,0.071,1416,1.7,3.1,220,299,299,191,194,194,212,267,267,434,427,402,86,221,156,412,416,103,38,397,399,191,151,151,342,348,392
200752,Rudy Gay,1610612758,SAC,30.0,30,106.5,108.6,108.6,104.9,106.3,106.3,1.6,2.3,2.3,0.14,1.12,12.7,0.034,0.156,0.094,11.3,11.2,0.502,0.559,0.246,0.251,98.1,96.48,80.4,96.48,0.125,2045,6.7,14.7,163,112,112,177,225,225,144,128,128,180,319,288,216,147,177,304,302,241,162,59,60,254,374,374,67,43,39
203497,Rudy Gobert,1610612762,UTA,25.0,81,108.7,110.3,110.3,100.6,102.0,102.0,8.1,8.3,8.3,0.057,0.66,9.0,0.124,0.259,0.194,13.6,13.6,0.661,0.681,0.166,0.167,93.11,91.77,76.47,91.77,0.161,5246,5.1,7.7,99,78,78,46,70,70,39,41,41,403,426,397,14,14,8,413,412,9,7,286,294,471,482,482,17,82,166
201566,Russell Westbrook,1610612760,OKC,28.0,81,107.9,110.6,110.6,104.7,106.1,106.1,3.2,4.5,4.5,0.543,1.92,23.5,0.046,0.251,0.147,12.3,12.2,0.476,0.554,0.402,0.408,102.32,100.39,83.66,100.39,0.23,5854,10.2,24.0,115,70,70,169,215,215,96,75,75,1,140,96,169,19,53,360,358,339,181,2,2,46,96,96,1,2,1
201583,Ryan Anderson,1610612745,HOU,29.0,72,113.8,115.9,115.9,105.8,107.0,107.0,7.9,8.9,8.9,0.046,1.24,7.1,0.052,0.103,0.077,5.7,5.7,0.55,0.583,0.178,0.179,101.81,100.3,83.59,100.3,0.079,4428,4.5,10.7,24,17,17,222,255,255,41,30,30,439,299,444,147,313,237,30,32,93,104,244,256,58,99,99,283,111,90
203527,Ryan Kelly,1610612737,ATL,26.0,16,97.3,95.1,95.1,94.7,92.5,92.5,2.6,2.6,2.6,0.116,2.0,18.6,0.009,0.144,0.078,9.3,9.4,0.357,0.408,0.142,0.147,96.26,98.5,82.08,98.5,0.073,225,0.5,1.8,439,443,443,13,13,13,122,121,121,220,121,158,434,174,235,183,186,456,455,373,365,387,204,204,329,461,449
1626257,Salah Mejri,1610612742,DAL,31.0,73,102.5,101.5,101.5,102.3,102.0,102.0,0.2,-0.5,-0.5,0.025,0.35,6.4,0.109,0.254,0.179,18.3,18.4,0.646,0.65,0.105,0.107,92.48,93.05,77.54,93.05,0.099,1750,1.2,1.9,343,372,372,75,69,69,188,215,215,473,462,452,37,17,16,467,466,13,13,464,466,475,475,475,151,398,441
1626155,Sam Dekker,1610612745,HOU,23.0,77,109.0,110.1,110.1,106.2,106.4,106.4,2.8,3.7,3.7,0.079,1.85,13.2,0.064,0.126,0.095,7.1,7.1,0.543,0.549,0.148,0.15,102.23,101.63,84.69,101.63,0.087,2988,2.6,5.6,90,82,82,240,230,230,111,92,92,324,151,274,120,224,175,63,63,107,198,349,351,50,62,62,227,238,252
2756,Sasha Vujacic,1610612752,NYK,33.0,42,99.9,100.8,100.8,101.4,100.5,100.5,-1.4,0.4,0.4,0.189,3.25,24.5,0.027,0.109,0.067,7.5,7.5,0.393,0.423,0.168,0.173,99.23,99.24,82.7,99.24,0.062,838,1.0,3.2,402,386,386,60,51,51,245,186,186,112,13,78,250,289,277,86,82,445,450,279,276,175,163,163,379,416,386
203930,Sean Kilpatrick,1610612751,BKN,27.0,70,102.3,103.3,103.3,108.7,109.6,109.6,-6.4,-6.3,-6.3,0.147,1.16,13.9,0.012,0.136,0.075,12.0,11.9,0.486,0.546,0.232,0.237,103.54,102.66,85.55,102.66,0.099,3755,4.4,10.5,350,311,311,362,386,386,375,377,377,162,313,255,406,195,244,346,340,300,210,77,76,22,34,34,154,116,96
203902,Semaj Christon,1610612760,OKC,24.0,64,102.1,102.2,102.2,108.6,108.5,108.5,-6.5,-6.3,-6.3,0.193,3.02,31.7,0.019,0.073,0.045,10.5,10.5,0.372,0.387,0.123,0.127,97.05,97.02,80.85,97.02,0.042,1958,1.2,3.5,358,349,349,356,339,339,379,376,376,109,18,24,330,422,411,258,259,452,460,429,427,335,337,337,449,400,374
201586,Serge Ibaka,1610612761,TOR,27.0,79,104.6,106.0,106.0,107.2,108.9,108.9,-2.6,-2.9,-2.9,0.05,0.71,6.2,0.053,0.169,0.111,8.6,8.6,0.543,0.566,0.208,0.211,97.89,96.47,80.39,96.47,0.106,4868,6.0,12.4,247,192,192,292,360,360,286,297,297,427,417,457,142,113,129,140,141,109,146,130,135,272,377,377,124,58,64
200771,Sergio Rodriguez,1610612755,PHI,31.0,68,100.7,102.0,102.0,106.0,107.0,107.0,-5.3,-5.0,-5.0,0.349,2.69,33.9,0.013,0.088,0.051,12.6,12.6,0.478,0.484,0.189,0.194,99.81,98.76,82.3,98.76,0.094,3130,3.1,7.9,392,358,358,234,253,253,353,349,349,17,45,17,389,370,384,379,374,333,397,195,195,145,186,186,181,195,164
203552,Seth Curry,1610612742,DAL,26.0,70,104.9,105.0,105.0,105.6,105.2,105.2,-0.7,-0.2,-0.2,0.159,2.05,18.5,0.013,0.084,0.047,9.0,8.9,0.578,0.601,0.193,0.197,93.5,93.62,78.02,93.62,0.103,3944,4.8,10.0,222,233,233,214,174,174,226,207,207,151,113,162,400,384,405,165,165,55,63,177,176,463,459,459,136,97,102
203498,Shabazz Muhammad,1610612750,MIN,24.0,78,105.3,106.3,106.3,106.8,107.9,107.9,-1.5,-1.6,-1.6,0.038,0.63,4.5,0.055,0.094,0.074,7.3,7.2,0.523,0.566,0.209,0.214,97.93,96.95,80.79,96.95,0.094,3048,3.7,7.7,204,181,181,271,311,311,247,249,249,454,431,470,139,343,250,72,73,175,143,125,128,267,347,347,179,153,171
203894,Shabazz Napier,1610612757,POR,25.0,53,109.7,108.1,108.1,107.1,105.7,105.7,2.6,2.4,2.4,0.2,1.63,21.6,0.017,0.108,0.064,13.2,13.1,0.492,0.533,0.215,0.224,95.54,96.88,80.74,96.88,0.094,1030,1.4,3.5,75,128,128,284,197,197,121,127,127,97,204,113,350,294,298,404,400,279,260,109,97,416,352,352,183,378,375
2733,Shaun Livingston,1610612744,GSW,31.0,76,107.7,107.9,107.9,100.2,102.5,102.5,7.6,5.4,5.4,0.146,2.24,25.7,0.022,0.084,0.055,11.5,11.4,0.549,0.568,0.132,0.135,98.4,97.21,81.01,97.21,0.073,2726,2.3,4.2,121,138,138,43,83,83,46,67,67,164,84,66,288,382,348,315,311,94,139,409,407,228,320,320,325,282,329
1627848,Shawn Long,1610612755,PHI,24.0,18,110.5,112.3,112.3,108.0,107.7,107.7,2.6,4.5,4.5,0.087,1.0,8.7,0.163,0.186,0.174,8.7,8.6,0.592,0.595,0.241,0.245,101.37,100.68,83.9,100.68,0.128,489,3.4,6.1,60,45,45,325,298,298,123,74,74,296,342,413,2,71,20,141,143,34,76,66,67,66,84,84,56,180,229
1627815,Sheldon Mac,1610612764,WAS,24.0,30,95.9,94.6,94.6,104.6,105.3,105.3,-8.7,-10.8,-10.8,0.078,3.0,14.0,0.013,0.103,0.057,4.7,4.7,0.447,0.518,0.138,0.143,97.56,97.92,81.6,97.92,0.077,589,1.0,2.5,444,449,449,168,183,183,414,430,430,326,20,253,393,310,334,21,21,401,310,392,383,299,255,255,303,416,420
202714,Shelvin Mack,1610612762,UTA,27.0,55,105.1,105.0,105.0,104.8,104.7,104.7,0.3,0.3,0.3,0.21,1.71,23.4,0.018,0.087,0.053,13.7,13.7,0.495,0.518,0.191,0.195,93.44,93.58,77.98,93.58,0.079,2354,3.1,6.9,210,238,238,175,154,154,183,189,189,87,183,98,343,375,362,415,414,266,307,189,188,464,462,462,285,194,193
1627746,Skal Labissiere,1610612758,SAC,21.0,33,104.3,104.4,104.4,107.2,107.2,107.2,-2.9,-2.8,-2.8,0.071,0.73,8.5,0.086,0.175,0.132,11.7,11.8,0.544,0.577,0.209,0.212,97.78,97.7,81.42,97.7,0.106,1242,3.5,6.6,263,256,256,291,269,269,296,289,289,353,412,417,67,103,77,327,330,105,121,127,131,280,277,277,126,167,207
203524,Solomon Hill,1610612740,NOP,26.0,80,104.3,105.0,105.0,103.4,104.0,104.0,0.9,1.0,1.0,0.08,1.72,18.6,0.021,0.101,0.062,10.8,10.8,0.481,0.527,0.114,0.115,100.61,99.97,83.31,99.97,0.053,4923,2.3,6.0,260,232,232,115,126,126,169,161,161,320,177,160,299,318,310,273,276,320,281,450,454,98,111,111,421,278,232
203915,Spencer Dinwiddie,1610612751,BKN,24.0,59,101.4,102.1,102.1,106.3,106.8,106.8,-4.9,-4.7,-4.7,0.21,2.8,29.9,0.02,0.097,0.059,10.7,10.6,0.507,0.581,0.14,0.144,101.2,100.64,83.87,100.64,0.087,2795,2.3,5.1,380,354,354,245,244,244,343,344,344,86,34,34,318,334,323,266,263,232,109,377,379,70,87,87,221,283,279
201150,Spencer Hawes,1610612749,MIL,29.0,54,99.0,99.6,99.6,109.2,110.7,110.7,-10.2,-11.2,-11.2,0.174,1.65,18.9,0.046,0.187,0.116,11.4,11.4,0.529,0.562,0.193,0.197,100.04,99.06,82.55,99.06,0.109,1650,2.5,5.1,417,405,405,381,414,414,429,434,434,130,196,146,168,70,117,312,310,156,157,178,180,130,171,171,110,250,278
1626169,Stanley Johnson,1610612765,DET,21.0,77,104.0,103.7,103.7,103.7,103.8,103.8,0.2,0.0,0.0,0.106,1.48,18.6,0.025,0.116,0.068,12.6,12.6,0.415,0.436,0.144,0.148,96.98,97.08,80.9,97.08,0.048,2774,1.7,4.7,277,292,292,128,121,121,186,200,200,235,242,156,269,257,272,378,377,431,442,361,362,342,333,333,439,347,300
201939,Stephen Curry,1610612744,GSW,29.0,79,118.1,120.1,120.1,100.9,102.7,102.7,17.2,17.4,17.4,0.287,2.19,22.4,0.024,0.101,0.065,10.2,10.1,0.58,0.624,0.286,0.292,105.07,103.28,86.07,103.28,0.151,5690,8.5,18.3,6,5,5,52,89,89,7,9,9,36,88,106,273,320,293,243,234,51,30,20,18,8,23,23,29,14,14
1627757,Stephen Zimmerman,1610612753,ORL,20.0,19,94.9,93.1,93.1,112.7,110.0,110.0,-17.8,-16.9,-16.9,0.056,1.33,10.0,0.085,0.247,0.155,7.5,7.5,0.323,0.346,0.142,0.149,95.24,97.33,81.11,97.33,0.046,217,0.5,1.6,451,456,456,449,399,399,464,462,462,408,274,360,68,22,35,83,83,464,467,372,356,424,311,311,442,459,452
200779,Steve Novak,1610612749,MIL,34.0,8,104.3,92.9,92.9,105.9,102.6,102.6,-1.6,-9.8,-9.8,0.0,0.0,0.0,0.0,0.0,0.0,0.0,0.0,0.357,0.357,0.149,0.169,81.3,87.6,73.0,87.6,0.028,42,0.3,0.9,264,458,458,223,86,86,248,417,417,476,466,476,461,469,461,1,1,456,466,346,289,485,484,484,462,474,477
203500,Steven Adams,1610612760,OKC,23.0,80,106.6,109.2,109.2,103.9,104.9,104.9,2.8,4.2,4.2,0.054,0.59,8.6,0.11,0.136,0.122,14.6,14.6,0.571,0.589,0.159,0.16,101.16,99.46,82.88,99.46,0.097,4944,4.7,8.2,157,100,100,133,163,163,113,78,78,414,437,416,36,196,96,434,434,63,85,315,324,72,145,145,159,105,153
204456,T.J. McConnell,1610612755,PHI,25.0,81,100.5,100.9,100.9,106.7,107.1,107.1,-6.2,-6.2,-6.2,0.374,3.36,42.9,0.018,0.097,0.057,12.8,12.8,0.472,0.504,0.142,0.144,102.21,101.81,84.84,101.81,0.107,4507,2.9,6.3,396,382,382,267,260,260,370,373,373,10,11,2,342,333,332,385,385,349,358,374,378,51,56,56,118,217,221
203933,T.J. Warren,1610612756,PHX,23.0,66,105.2,107.0,107.0,112.0,113.4,113.4,-6.8,-6.4,-6.4,0.056,1.32,7.4,0.057,0.103,0.079,5.6,5.6,0.511,0.539,0.188,0.19,103.66,102.13,85.11,102.13,0.091,4357,6.1,12.3,206,163,163,437,459,459,386,379,379,406,279,440,137,311,230,28,28,213,236,201,214,19,45,45,199,53,66
201959,Taj Gibson,1610612760,OKC,32.0,78,104.9,106.4,106.4,104.6,105.9,105.9,0.4,0.5,0.5,0.057,0.7,7.6,0.075,0.163,0.118,11.0,11.0,0.517,0.543,0.188,0.19,98.39,97.06,80.88,97.06,0.097,4012,4.7,9.1,223,178,178,160,207,207,180,181,181,402,420,433,96,128,108,282,283,190,222,204,212,229,334,334,160,104,125
204028,Tarik Black,1610612747,LAL,25.0,67,103.6,105.0,105.0,105.5,105.9,105.9,-1.9,-0.9,-0.9,0.052,0.67,8.9,0.123,0.177,0.149,13.3,13.2,0.512,0.56,0.152,0.154,100.72,99.84,83.2,99.84,0.085,2255,2.2,4.4,294,234,234,203,204,204,263,228,228,422,422,404,16,100,47,407,405,210,160,334,340,94,116,116,244,286,318
1627752,Taurean Prince,1610612737,ATL,23.0,59,97.6,98.0,98.0,98.4,98.6,98.6,-0.8,-0.6,-0.6,0.091,0.9,12.4,0.024,0.125,0.075,13.8,13.8,0.458,0.513,0.168,0.171,100.01,99.75,83.12,99.75,0.074,2031,1.9,4.8,430,419,419,27,34,34,229,217,217,282,380,295,276,228,248,417,417,377,327,280,280,131,125,125,316,325,295
203093,Terrence Jones,1610612749,MIL,25.0,54,103.1,102.7,102.7,104.8,105.5,105.5,-1.7,-2.9,-2.9,0.075,1.23,8.8,0.048,0.178,0.113,7.2,7.1,0.489,0.515,0.209,0.216,99.51,99.41,82.84,99.41,0.11,2640,4.3,9.1,315,336,336,173,192,192,253,294,294,338,302,407,160,98,124,65,64,293,321,126,120,160,149,149,105,118,124
203082,Terrence Ross,1610612753,ORL,26.0,78,111.1,111.8,111.8,107.8,108.9,108.9,3.3,2.9,2.9,0.066,1.29,9.5,0.009,0.096,0.052,7.3,7.3,0.532,0.55,0.185,0.189,99.81,98.95,82.46,98.95,0.078,4034,4.2,9.6,50,50,50,320,364,364,91,109,109,369,283,375,433,336,375,76,74,140,194,214,216,146,177,177,289,121,113
1626179,Terry Rozier,1610612738,BOS,23.0,74,102.3,102.0,102.0,102.5,102.7,102.7,-0.2,-0.7,-0.7,0.164,2.79,21.3,0.03,0.14,0.085,7.6,7.6,0.437,0.466,0.167,0.172,98.28,98.26,81.88,98.26,0.091,2588,2.0,5.6,351,355,355,84,90,90,207,221,221,146,36,118,238,186,209,90,90,416,418,281,278,237,226,226,201,307,254
200757,Thabo Sefolosha,1610612737,ATL,33.0,62,102.7,102.9,102.9,103.3,104.3,104.3,-0.5,-1.4,-1.4,0.099,1.84,18.0,0.033,0.131,0.083,9.8,9.8,0.492,0.519,0.131,0.134,99.55,98.99,82.49,98.99,0.086,3282,2.8,6.4,334,325,325,110,140,140,219,243,243,249,153,179,223,210,214,210,213,275,305,412,411,157,175,175,229,223,218
201152,Thaddeus Young,1610612754,IND,29.0,74,107.2,107.7,107.7,104.7,105.8,105.8,2.4,1.9,1.9,0.082,1.28,13.0,0.062,0.138,0.101,10.1,10.1,0.56,0.562,0.163,0.165,98.98,98.2,81.83,98.2,0.097,4565,4.9,9.3,139,144,144,171,200,200,128,137,137,315,286,282,125,191,161,229,231,76,158,295,304,186,231,231,163,90,119
203080,Thomas Robinson,1610612747,LAL,26.0,48,103.6,103.6,103.6,111.1,110.9,110.9,-7.5,-7.2,-7.2,0.088,0.67,10.3,0.14,0.263,0.198,15.3,15.2,0.536,0.535,0.2,0.206,99.28,99.4,82.83,99.4,0.114,1161,2.2,4.1,290,298,298,429,418,418,397,391,391,291,421,355,5,13,7,442,440,124,249,151,145,172,152,152,96,291,337
1627748,Thon Maker,1610612749,MIL,20.0,57,106.7,105.0,105.0,105.4,106.6,106.6,1.3,-1.6,-1.6,0.069,1.35,9.5,0.075,0.145,0.109,7.0,7.0,0.536,0.558,0.181,0.187,93.94,94.13,78.44,94.13,0.072,1098,1.5,3.2,153,235,235,196,240,240,151,251,251,360,269,374,97,170,136,59,59,122,168,229,226,457,451,451,334,372,388
201168,Tiago Splitter,1610612755,PHI,32.0,8,106.9,105.0,105.0,110.1,108.2,108.2,-3.2,-3.2,-3.2,0.089,0.67,8.7,0.088,0.2,0.137,13.0,13.1,0.484,0.544,0.214,0.222,98.97,100.78,83.98,100.78,0.106,160,1.8,3.9,145,236,236,406,323,323,310,306,306,289,423,410,63,57,69,395,398,309,219,115,103,187,79,79,125,342,350
204025,Tim Frazier,1610612740,NOP,26.0,65,103.8,104.5,104.5,106.8,107.1,107.1,-3.0,-2.6,-2.6,0.312,3.32,37.3,0.022,0.087,0.054,11.2,11.3,0.453,0.504,0.161,0.163,99.83,99.33,82.77,99.33,0.084,3153,2.5,6.2,284,252,252,270,262,262,303,288,288,25,12,11,293,374,356,300,304,384,360,303,315,143,158,158,247,245,225
203501,Tim Hardaway Jr.,1610612737,ATL,25.0,79,106.1,106.9,106.9,103.1,103.9,103.9,3.1,3.0,3.0,0.137,1.72,14.1,0.016,0.083,0.05,8.2,8.2,0.537,0.568,0.218,0.223,100.67,99.87,83.22,99.87,0.104,4491,5.3,11.5,170,166,166,107,125,125,102,106,106,187,178,248,362,386,386,119,117,119,140,102,102,95,114,114,132,76,74
1627817,Tim Quarterman,1610612757,POR,22.0,16,97.9,94.6,94.6,97.9,94.0,94.0,0.0,0.6,0.6,0.234,1.0,21.2,0.048,0.108,0.08,21.2,21.0,0.534,0.511,0.224,0.236,96.45,100.15,83.46,100.15,0.081,167,0.8,1.8,426,447,447,26,16,16,195,177,177,70,342,123,157,296,226,471,471,127,329,88,77,379,104,104,261,434,446
202389,Timofey Mozgov,1610612747,LAL,30.0,54,99.8,101.1,101.1,109.0,109.8,109.8,-9.2,-8.7,-8.7,0.061,0.6,9.0,0.088,0.146,0.116,15.1,15.1,0.515,0.553,0.168,0.17,99.39,98.47,82.06,98.47,0.072,2265,3.1,6.1,404,380,380,376,393,393,417,409,409,391,435,396,61,168,116,437,438,197,183,278,284,168,205,205,336,193,227
1627789,Timothe Luwawu-Cabarrot,1610612755,PHI,22.0,69,101.4,101.4,101.4,103.8,103.4,103.4,-2.4,-2.0,-2.0,0.093,1.03,13.3,0.021,0.1,0.061,12.9,13.0,0.471,0.536,0.175,0.177,101.6,101.78,84.81,101.78,0.053,2520,2.1,5.2,381,373,373,129,108,108,279,268,268,275,336,273,302,323,312,388,389,352,247,254,261,62,57,57,420,300,275
202699,Tobias Harris,1610612765,DET,24.0,82,104.3,105.5,105.5,105.5,106.1,106.1,-1.3,-0.5,-0.5,0.087,1.48,10.2,0.024,0.14,0.08,6.9,6.9,0.532,0.568,0.214,0.218,97.41,96.57,80.48,96.57,0.113,5177,6.2,13.0,266,207,207,208,213,213,241,216,216,300,240,357,277,185,224,53,52,141,138,116,117,313,368,368,97,48,57
203107,Tomas Satoransky,1610612764,WAS,25.0,57,104.7,102.7,102.7,102.4,101.6,101.6,2.3,1.1,1.1,0.183,2.42,31.6,0.036,0.078,0.057,13.1,13.0,0.446,0.477,0.122,0.127,95.69,96.97,80.81,96.97,0.064,1451,1.1,2.6,234,335,335,78,61,61,131,155,155,121,62,26,207,406,331,397,395,403,408,433,428,412,343,343,371,411,417
201962,Toney Douglas,1610612763,MEM,31.0,24,107.4,106.1,106.1,107.7,105.9,105.9,-0.3,0.2,0.2,0.214,2.67,27.3,0.031,0.137,0.079,10.2,10.2,0.397,0.451,0.158,0.165,96.28,97.69,81.41,97.69,0.073,806,1.8,4.9,130,189,189,314,206,206,209,191,191,84,47,50,234,192,232,244,241,441,431,317,303,386,279,279,324,336,293
2754,Tony Allen,1610612763,MEM,35.0,71,105.6,105.9,105.9,104.4,105.1,105.1,1.2,0.8,0.8,0.083,0.98,11.5,0.086,0.123,0.104,11.7,11.8,0.473,0.493,0.178,0.181,93.84,93.33,77.77,93.33,0.08,3702,3.9,8.4,195,194,194,151,169,169,160,168,168,314,364,311,66,235,150,330,329,345,380,245,251,459,470,470,276,143,144
2225,Tony Parker,1610612759,SAS,35.0,63,108.0,109.6,109.6,102.6,103.1,103.1,5.4,6.5,6.5,0.276,3.2,28.7,0.006,0.066,0.037,9.0,8.9,0.486,0.514,0.204,0.207,93.95,93.02,77.52,93.02,0.093,3065,4.2,9.0,112,93,93,91,100,100,64,56,56,42,14,41,450,445,449,161,164,302,324,137,141,455,477,477,185,120,126
203503,Tony Snell,1610612749,MIL,25.0,80,107.0,108.0,108.0,108.2,109.8,109.8,-1.2,-1.8,-1.8,0.058,1.75,13.4,0.01,0.098,0.055,7.7,7.7,0.588,0.603,0.121,0.122,96.86,95.73,79.77,95.73,0.065,4643,3.1,6.8,143,132,132,337,394,394,239,257,257,400,172,268,424,328,350,94,95,39,60,438,441,350,413,413,368,196,199
1626203,Treveon Graham,1610612766,CHA,23.0,27,94.6,93.6,93.6,106.2,104.3,104.3,-11.6,-10.6,-10.6,0.058,2.0,10.7,0.025,0.088,0.056,5.4,5.4,0.588,0.612,0.119,0.121,94.31,95.67,79.72,95.67,0.065,377,0.7,1.5,455,455,455,242,134,134,442,429,429,398,121,336,266,372,343,26,26,41,45,441,443,447,415,415,369,446,457
2772,Trevor Ariza,1610612745,HOU,32.0,80,112.9,114.9,114.9,107.1,108.6,108.6,5.7,6.2,6.2,0.088,2.4,15.9,0.019,0.143,0.081,6.6,6.6,0.528,0.548,0.14,0.141,102.78,101.16,84.3,101.16,0.085,5844,4.1,10.0,32,23,23,289,345,345,59,58,58,292,65,208,329,181,222,48,49,157,202,378,394,40,69,69,239,130,106
202344,Trevor Booker,1610612751,BKN,29.0,71,99.3,100.1,100.1,107.3,108.2,108.2,-7.9,-8.1,-8.1,0.131,1.09,15.3,0.079,0.223,0.153,14.1,14.0,0.537,0.554,0.185,0.188,103.12,102.32,85.26,102.32,0.127,3724,4.3,8.3,412,395,395,294,322,322,402,398,398,194,323,220,80,36,42,423,422,118,178,215,221,30,40,40,59,117,146
203504,Trey Burke,1610612764,WAS,24.0,57,99.4,98.6,98.6,108.7,108.8,108.8,-9.3,-10.2,-10.2,0.23,2.08,24.1,0.01,0.057,0.034,11.6,11.5,0.516,0.532,0.2,0.205,96.33,96.68,80.56,96.68,0.081,1408,2.0,4.5,410,412,412,360,350,350,419,426,426,73,111,85,422,457,451,319,319,195,263,153,146,384,360,360,271,308,311
1626168,Trey Lyles,1610612762,UTA,21.0,71,103.9,103.9,103.9,103.0,103.1,103.1,0.9,0.8,0.8,0.098,1.08,11.4,0.042,0.158,0.101,10.6,10.5,0.436,0.464,0.209,0.214,94.43,94.4,78.66,94.4,0.076,2282,2.2,6.2,281,287,287,105,99,99,171,171,171,255,327,317,185,140,162,261,261,418,420,128,126,443,445,445,306,285,226
202684,Tristan Thompson,1610612739,CLE,26.0,78,110.6,112.3,112.3,107.7,109.0,109.0,2.9,3.3,3.3,0.046,1.2,11.4,0.12,0.177,0.148,9.5,9.5,0.6,0.594,0.112,0.112,98.28,96.92,80.77,96.92,0.089,4708,3.4,5.6,59,43,43,316,367,367,107,100,100,440,306,315,22,99,50,189,194,29,77,457,459,236,349,349,208,182,249
203584,Troy Daniels,1610612763,MEM,25.0,67,104.6,104.9,104.9,104.3,104.3,104.3,0.3,0.6,0.6,0.065,1.02,7.6,0.017,0.068,0.041,7.4,7.4,0.513,0.531,0.203,0.209,95.87,95.73,79.78,95.73,0.065,2396,2.8,7.4,240,243,243,149,139,139,182,179,179,372,338,435,347,438,428,81,77,205,267,142,136,402,411,411,367,227,179
1627786,Troy Williams,1610612745,HOU,22.0,30,100.1,101.1,101.1,105.5,107.3,107.3,-5.4,-6.3,-6.3,0.072,0.78,10.5,0.026,0.093,0.06,13.4,13.4,0.491,0.511,0.169,0.171,98.78,97.49,81.25,97.49,0.055,1128,2.4,5.6,399,379,379,207,276,276,355,375,375,352,403,347,252,347,317,410,409,284,331,273,283,202,298,298,417,257,253
201951,Ty Lawson,1610612758,SAC,29.0,69,104.4,105.0,105.0,108.6,109.4,109.4,-4.2,-4.5,-4.5,0.3,2.59,30.9,0.026,0.077,0.052,11.9,11.9,0.487,0.551,0.19,0.193,98.3,97.68,81.4,97.68,0.106,3526,3.4,7.6,254,239,239,359,382,382,330,341,341,33,54,30,256,412,372,342,343,299,189,194,197,235,282,282,122,174,176
203898,Tyler Ennis,1610612747,LAL,22.0,53,103.5,103.5,103.5,103.7,103.4,103.4,-0.2,0.1,0.1,0.211,1.91,24.7,0.015,0.065,0.039,12.9,12.9,0.498,0.521,0.189,0.194,100.23,100.38,83.65,100.38,0.07,1229,1.7,3.9,297,303,303,126,109,109,205,193,193,85,141,76,375,448,440,391,387,260,303,198,194,118,97,97,345,345,349
204020,Tyler Johnson,1610612748,MIA,25.0,73,104.0,104.8,104.8,103.5,104.3,104.3,0.4,0.6,0.6,0.17,2.59,18.5,0.022,0.111,0.065,7.2,7.1,0.49,0.535,0.203,0.207,98.21,97.46,81.21,97.46,0.108,4426,4.9,11.3,279,246,246,122,137,137,176,180,180,140,55,161,290,279,286,64,65,291,250,140,140,242,301,301,115,91,80
1627755,Tyler Ulis,1610612756,PHX,21.0,61,101.8,102.9,102.9,108.3,108.2,108.2,-6.5,-5.3,-5.3,0.297,2.94,29.3,0.016,0.063,0.039,10.0,10.0,0.445,0.474,0.199,0.202,103.49,102.97,85.81,102.97,0.095,2402,3.0,7.2,372,323,323,346,327,327,380,353,353,34,27,38,360,451,439,224,223,404,411,155,157,24,26,26,173,200,183
203092,Tyler Zeller,1610612738,BOS,27.0,51,104.5,104.1,104.1,104.4,104.6,104.6,0.2,-0.5,-0.5,0.125,2.1,17.7,0.078,0.143,0.111,8.4,8.4,0.494,0.508,0.159,0.164,99.44,99.49,82.91,99.49,0.085,1089,1.5,3.1,250,274,274,152,149,149,192,213,213,213,106,181,83,176,132,129,130,269,340,310,312,166,143,143,241,365,389
201936,Tyreke Evans,1610612758,SAC,27.0,40,97.5,97.9,97.9,106.1,107.4,107.4,-8.6,-9.5,-9.5,0.281,2.03,20.9,0.015,0.155,0.083,10.3,10.2,0.462,0.501,0.262,0.27,98.53,97.79,81.49,97.79,0.118,1606,3.8,9.3,434,422,422,238,279,279,409,413,413,39,117,127,371,149,212,247,246,370,368,39,37,213,265,265,85,148,121
2199,Tyson Chandler,1610612756,PHX,34.0,47,106.7,107.8,107.8,109.5,110.8,110.8,-2.8,-3.1,-3.1,0.033,0.46,7.9,0.114,0.306,0.207,17.2,17.2,0.671,0.703,0.112,0.113,101.9,100.75,83.95,100.75,0.13,2728,3.3,4.9,155,141,141,389,417,417,293,303,303,460,453,429,30,3,5,461,461,6,5,455,456,56,81,81,52,186,294
1626145,Tyus Jones,1610612750,MIN,21.0,60,110.7,110.3,110.3,108.2,108.3,108.3,2.5,2.0,2.0,0.276,4.11,39.7,0.013,0.078,0.045,9.7,9.6,0.486,0.523,0.132,0.135,97.47,97.56,81.3,97.56,0.096,1575,1.3,3.0,58,77,77,338,329,329,126,134,134,43,6,5,395,408,413,207,205,301,295,410,408,310,291,291,165,390,394
2617,Udonis Haslem,1610612748,MIA,37.0,16,82.7,82.3,82.3,106.5,107.5,107.5,-23.8,-25.2,-25.2,0.094,0.75,13.6,0.054,0.217,0.13,18.2,18.3,0.478,0.524,0.13,0.131,98.53,98.27,81.89,98.27,0.073,266,0.7,1.4,480,478,478,258,289,289,474,476,476,272,408,261,140,46,79,465,465,330,294,416,420,214,225,225,321,449,458
203506,Victor Oladipo,1610612760,OKC,25.0,67,104.5,106.7,106.7,102.1,102.6,102.6,2.5,4.1,4.1,0.122,1.48,13.6,0.017,0.109,0.063,9.2,9.2,0.51,0.534,0.21,0.213,101.09,99.77,83.14,99.77,0.095,4613,6.1,13.9,248,171,171,71,87,87,125,84,84,217,241,262,355,283,306,177,178,217,256,124,130,77,122,122,169,50,46
1713,Vince Carter,1610612763,MEM,40.0,73,107.1,108.5,108.5,103.6,104.5,104.5,3.6,4.0,4.0,0.112,2.66,18.3,0.02,0.109,0.063,6.9,6.9,0.508,0.542,0.147,0.149,95.02,93.98,78.32,93.98,0.078,3531,2.6,6.7,140,115,115,123,146,146,85,87,87,226,48,170,317,285,301,54,54,224,225,353,358,429,454,454,291,237,200
1627735,Wade Baldwin IV,1610612763,MEM,21.0,33,90.9,90.3,90.3,107.8,107.1,107.1,-16.9,-16.8,-16.8,0.262,1.56,26.2,0.025,0.085,0.054,16.7,16.9,0.326,0.404,0.186,0.191,96.72,97.37,81.14,97.37,0.051,821,1.1,3.5,468,466,466,319,259,259,459,461,461,51,217,60,262,380,355,459,460,463,458,212,204,363,305,305,429,407,373
201961,Wayne Ellington,1610612748,MIA,29.0,62,107.1,108.0,108.0,104.4,105.2,105.2,2.7,2.7,2.7,0.07,2.33,10.5,0.012,0.076,0.043,4.5,4.5,0.55,0.565,0.174,0.179,97.3,96.55,80.46,96.55,0.082,3018,3.7,9.0,142,133,133,154,173,173,116,116,116,356,70,344,411,414,420,19,19,91,148,258,259,322,371,371,257,151,129
1627782,Wayne Selden,1610612763,MEM,22.0,14,98.4,98.3,98.3,105.8,106.9,106.9,-7.4,-8.6,-8.6,0.09,1.08,14.0,0.004,0.06,0.034,12.9,12.9,0.491,0.525,0.159,0.162,94.78,94.37,78.64,94.37,0.044,463,1.8,4.1,423,417,417,221,249,249,395,406,406,283,325,254,457,455,452,389,388,282,291,311,316,431,446,446,446,338,331
202325,Wesley Johnson,1610612746,LAC,29.0,68,101.3,100.0,100.0,104.2,102.4,102.4,-2.9,-2.4,-2.4,0.042,1.28,9.3,0.031,0.186,0.109,7.3,7.2,0.438,0.448,0.122,0.126,98.07,99.6,83.0,99.6,0.067,1673,1.1,2.9,383,396,396,146,79,79,298,283,283,446,288,384,231,73,138,71,71,413,434,432,429,257,137,137,364,410,402
202083,Wesley Matthews,1610612742,DAL,30.0,73,103.4,104.0,104.0,106.8,107.7,107.7,-3.5,-3.7,-3.7,0.138,2.06,17.0,0.007,0.105,0.054,8.3,8.2,0.496,0.533,0.193,0.196,94.04,93.41,77.84,93.41,0.081,4849,4.6,11.6,303,284,284,272,297,297,317,320,320,184,112,191,445,304,358,121,120,263,262,175,184,451,467,467,266,109,73
203115,Will Barton,1610612743,DEN,26.0,60,107.7,108.8,108.8,110.6,111.0,111.0,-2.9,-2.1,-2.1,0.185,2.12,19.7,0.032,0.12,0.075,9.3,9.2,0.508,0.547,0.207,0.211,100.14,99.46,82.88,99.46,0.102,3531,4.9,11.1,120,105,105,418,420,420,297,274,274,118,101,136,226,247,246,181,179,223,207,134,134,124,146,146,137,87,85
1626161,Willie Cauley-Stein,1610612758,SAC,23.0,75,102.5,102.6,102.6,108.8,109.5,109.5,-6.3,-6.9,-6.9,0.093,1.16,11.5,0.062,0.18,0.121,9.9,9.9,0.53,0.558,0.195,0.199,96.9,96.54,80.45,96.54,0.106,2854,3.4,6.4,341,338,338,367,383,383,371,386,386,274,314,312,126,91,100,219,220,152,166,166,168,346,372,372,123,179,216
203186,Willie Reed,1610612748,MIA,27.0,71,104.4,103.8,103.8,101.7,101.9,101.9,2.6,1.9,1.9,0.04,0.84,6.8,0.119,0.192,0.155,8.1,8.1,0.57,0.578,0.15,0.153,98.25,98.42,82.02,98.42,0.108,2111,2.3,4.0,256,289,289,66,66,66,119,136,136,450,394,450,23,63,34,108,115,64,119,342,344,239,208,208,113,280,342
1626195,Willy Hernangomez,1610612752,NYK,23.0,72,104.8,106.4,106.4,107.5,107.6,107.6,-2.7,-1.1,-1.1,0.116,0.96,13.4,0.123,0.237,0.181,14.0,14.0,0.533,0.564,0.199,0.202,99.11,98.36,81.97,98.36,0.133,2703,3.4,6.5,228,177,177,308,294,294,288,239,239,221,366,267,15,29,15,420,420,134,150,156,158,181,216,216,48,175,213
201163,Wilson Chandler,1610612743,DEN,30.0,71,110.1,111.1,111.1,111.8,112.1,112.1,-1.7,-1.0,-1.0,0.097,1.24,11.1,0.046,0.162,0.103,9.0,8.9,0.52,0.545,0.217,0.221,100.42,99.83,83.19,99.83,0.098,4573,6.1,13.2,69,60,60,435,437,437,254,235,235,260,298,329,171,130,154,163,161,181,216,105,107,106,117,117,157,54,53
1627812,Yogi Ferrell,1610612742,DAL,24.0,46,104.2,103.7,103.7,108.3,107.8,107.8,-4.1,-4.2,-4.2,0.232,2.46,25.4,0.017,0.081,0.048,10.4,10.4,0.492,0.533,0.192,0.196,95.89,96.32,80.27,96.32,0.084,2394,3.5,8.6,269,295,295,343,305,305,325,330,330,72,59,69,357,397,401,252,252,277,257,184,182,401,386,386,251,171,138
203897,Zach LaVine,1610612750,MIN,22.0,47,106.5,108.4,108.4,110.1,111.2,111.2,-3.6,-2.8,-2.8,0.128,1.64,14.0,0.011,0.087,0.048,8.6,8.5,0.544,0.576,0.215,0.218,96.39,95.05,79.21,95.05,0.095,3454,6.9,15.1,160,119,119,405,424,424,318,292,292,201,203,252,414,376,402,136,135,104,122,113,116,382,436,436,175,37,37
2216,Zach Randolph,1610612763,MEM,35.0,73,104.1,105.8,105.8,105.2,105.8,105.8,-1.1,0.0,0.0,0.131,1.23,9.6,0.096,0.246,0.167,7.8,7.8,0.46,0.49,0.28,0.285,94.38,93.33,77.77,93.33,0.152,3509,5.9,13.2,273,198,198,190,201,201,238,199,199,193,301,370,52,23,27,99,99,373,387,24,24,445,471,471,27,59,54
2585,Zaza Pachulia,1610612744,GSW,33.0,70,115.8,116.7,116.7,100.0,101.0,101.0,15.8,15.7,15.7,0.131,1.52,22.6,0.115,0.202,0.161,14.9,15.0,0.534,0.588,0.15,0.151,102.92,102.01,85.01,102.01,0.1,2693,2.3,4.4,11,11,11,41,55,55,11,10,10,196,228,103,27,55,30,436,435,130,90,343,350,35,50,50,146,272,319
