player_id,player_name,team_abbreviation,age,gp,min,pts,reb,ast,stl,blk,tov,fg_pct,fg3_pct,ft_pct,w_pct,plus_minus,season,ts_pct,usg_pct,off_rating,def_rating,net_rating,ast_pct,reb_pct
201985,AJ Price,IND,23.0,56,15.5,7.3,1.6,1.9,0.6,0.1,1.1,0.41,0.345,0.8,0.411,0.9,2010,0.53,0.219,103.2,99.3,3.9,0.198,0.049
201166,Aaron Brooks,HOU,25.0,82,35.6,19.6,2.6,5.3,0.8,0.2,2.8,0.432,0.398,0.822,0.512,-0.3,2010,0.549,0.254,106.6,106.4,0.2,0.253,0.037
201189,Aaron Gray,NOH,25.0,32,9.7,3.3,3.3,0.7,0.3,0.3,0.6,0.512,0.0,0.714,0.344,-0.4,2010,0.551,0.16,100.8,104.0,-3.1,0.109,0.176
201151,Acie Law,CHI,25.0,26,9.0,4.3,0.7,1.0,0.4,0.0,0.7,0.467,0.313,0.776,0.423,0.8,2010,0.585,0.214,112.8,107.5,5.3,0.17,0.038
200747,Adam Morrison,LAL,25.0,31,7.8,2.4,1.0,0.6,0.1,0.1,0.3,0.376,0.238,0.625,0.742,-1.2,2010,0.418,0.178,98.1,106.5,-8.3,0.121,0.065
1733,Al Harrington,NYK,30.0,72,30.5,17.7,5.6,1.5,0.9,0.4,1.8,0.435,0.342,0.757,0.361,-3.1,2010,0.546,0.262,104.9,109.9,-5.0,0.088,0.095
201143,Al Horford,ATL,24.0,81,35.1,14.2,9.9,2.3,0.7,1.1,1.5,0.551,1.0,0.789,0.642,5.7,2010,0.594,0.177,113.1,104.5,8.6,0.102,0.148
2744,Al Jefferson,MIN,25.0,76,32.4,17.1,9.3,1.8,0.8,1.3,1.8,0.498,0.0,0.68,0.197,-6.8,2010,0.524,0.242,99.6,110.0,-10.4,0.099,0.145
201154,Al Thornton,WAS,26.0,75,27.7,10.7,3.9,1.2,0.6,0.5,1.4,0.473,0.355,0.725,0.333,-4.1,2010,0.523,0.189,100.3,107.8,-7.5,0.072,0.074
947,Allen Iverson,PHI,35.0,28,30.9,13.8,2.8,4.0,0.7,0.1,2.3,0.43,0.36,0.794,0.357,-1.5,2010,0.515,0.225,101.9,105.2,-3.3,0.209,0.047
2405,Amar'e Stoudemire,PHX,27.0,82,34.6,23.1,8.9,1.0,0.6,1.0,2.6,0.557,0.167,0.771,0.659,3.9,2010,0.615,0.27,114.8,109.4,5.4,0.047,0.13
101161,Amir Johnson,TOR,23.0,82,17.7,6.2,4.8,0.6,0.5,0.8,0.8,0.623,0.0,0.638,0.488,0.6,2010,0.639,0.141,107.1,104.3,2.8,0.05,0.136
2760,Anderson Varejao,CLE,27.0,76,28.5,8.6,7.6,1.1,0.9,0.9,0.9,0.572,0.2,0.663,0.75,6.7,2010,0.598,0.13,113.0,99.9,13.1,0.062,0.142
101154,Andray Blatche,WAS,23.0,81,27.9,14.1,6.3,2.1,1.0,0.9,2.2,0.478,0.295,0.744,0.321,-3.5,2010,0.519,0.254,101.0,107.4,-6.4,0.138,0.118
2738,Andre Iguodala,PHI,26.0,82,38.9,17.1,6.5,5.8,1.7,0.7,2.7,0.443,0.31,0.733,0.329,-3.2,2010,0.535,0.215,104.1,108.2,-4.1,0.238,0.088
1889,Andre Miller,POR,34.0,82,30.5,14.0,3.2,5.4,1.1,0.1,2.1,0.445,0.2,0.821,0.61,3.6,2010,0.53,0.235,110.5,104.0,6.5,0.296,0.059
200745,Andrea Bargnani,TOR,24.0,80,35.0,17.2,6.2,1.2,0.3,1.4,1.5,0.47,0.372,0.774,0.488,-1.9,2010,0.552,0.221,110.3,114.0,-3.7,0.053,0.093
1905,Andrei Kirilenko,UTA,29.0,58,29.0,11.9,4.6,2.7,1.4,1.2,1.4,0.506,0.292,0.744,0.638,4.1,2010,0.588,0.175,107.3,100.5,6.8,0.143,0.082
2804,Andres Nocioni,SAC,30.0,75,19.7,8.5,3.0,1.0,0.4,0.3,0.9,0.399,0.386,0.717,0.293,-2.1,2010,0.504,0.203,104.4,110.1,-5.7,0.077,0.074
101106,Andrew Bogut,MIL,25.0,69,32.3,15.9,10.2,1.8,0.6,2.5,1.9,0.52,0.0,0.629,0.58,3.3,2010,0.54,0.232,104.8,99.0,5.8,0.101,0.161
101115,Andrew Bynum,LAL,22.0,65,30.4,15.0,8.3,1.0,0.5,1.4,1.8,0.57,0.0,0.739,0.723,4.2,2010,0.608,0.206,108.9,101.6,7.4,0.055,0.139
2740,Andris Biedrins,GSW,24.0,33,23.1,5.0,7.8,1.7,0.6,1.3,1.0,0.591,0.0,0.16,0.303,-3.8,2010,0.561,0.1,100.2,108.1,-8.0,0.105,0.167
1712,Antawn Jamison,CLE,34.0,66,36.5,18.7,8.4,1.3,1.1,0.3,1.4,0.461,0.344,0.647,0.485,0.9,2010,0.529,0.234,107.7,106.9,0.7,0.058,0.119
1853,Anthony Carter,DEN,35.0,54,15.9,3.3,1.6,3.0,0.7,0.2,1.1,0.42,0.27,0.846,0.593,-0.6,2010,0.482,0.125,104.0,105.5,-1.5,0.264,0.054
1533,Anthony Johnson,ORL,35.0,31,13.1,4.2,1.5,2.0,0.4,0.0,0.8,0.441,0.333,0.95,0.806,0.9,2010,0.543,0.16,107.6,104.9,2.7,0.249,0.061
201627,Anthony Morrow,GSW,24.0,69,29.2,13.0,3.8,1.5,0.9,0.2,1.2,0.468,0.456,0.886,0.348,-0.9,2010,0.597,0.173,107.6,109.0,-1.4,0.075,0.064
1515,Anthony Parker,CLE,35.0,81,28.3,7.3,2.9,1.9,0.8,0.2,0.9,0.434,0.414,0.789,0.753,5.0,2010,0.576,0.117,111.0,102.6,8.4,0.095,0.053
201576,Anthony Randolph,GSW,20.0,33,22.7,11.6,6.5,1.3,0.8,1.5,1.5,0.443,0.2,0.801,0.333,-2.2,2010,0.521,0.233,105.1,109.4,-4.3,0.089,0.144
201229,Anthony Tolliver,GSW,25.0,46,31.0,11.7,7.0,1.9,0.7,0.7,1.0,0.43,0.329,0.769,0.37,-0.2,2010,0.531,0.166,109.5,109.3,0.2,0.084,0.111
101120,Antoine Wright,TOR,26.0,67,20.8,6.5,2.8,1.1,0.4,0.2,0.9,0.406,0.335,0.688,0.478,0.0,2010,0.502,0.157,108.8,108.1,0.7,0.075,0.072
686,Antonio McDyess,SAS,35.0,77,21.0,5.8,5.9,1.1,0.6,0.4,1.0,0.479,0.0,0.632,0.597,2.8,2010,0.492,0.148,106.9,100.4,6.5,0.076,0.145
201167,Arron Afflalo,DEN,24.0,82,27.1,8.8,3.1,1.7,0.6,0.4,0.9,0.465,0.434,0.735,0.646,2.2,2010,0.576,0.139,109.0,104.8,4.2,0.093,0.057
201948,Austin Daye,DET,22.0,69,13.3,5.1,2.5,0.5,0.4,0.4,0.7,0.464,0.305,0.821,0.319,-1.7,2010,0.546,0.176,101.9,108.5,-6.7,0.063,0.1
1884,Baron Davis,LAC,31.0,75,33.6,15.3,3.5,8.0,1.7,0.6,2.8,0.406,0.277,0.821,0.36,-2.6,2010,0.501,0.237,103.7,107.6,-3.9,0.385,0.054
2732,Ben Gordon,DET,27.0,62,27.9,13.8,1.9,2.7,0.8,0.1,1.9,0.416,0.321,0.861,0.29,-3.1,2010,0.534,0.241,104.7,110.9,-6.2,0.167,0.037
1112,Ben Wallace,DET,35.0,69,28.6,5.5,8.7,1.5,1.2,1.2,0.9,0.541,0.0,0.406,0.362,-0.7,2010,0.526,0.099,104.5,105.7,-1.3,0.081,0.161
2757,Beno Udrih,SAC,27.0,79,31.3,12.9,2.8,4.7,1.1,0.1,1.7,0.493,0.377,0.837,0.304,-2.2,2010,0.566,0.181,103.9,108.3,-4.4,0.239,0.045
201628,Bobby Brown,LAC,25.0,45,11.5,4.8,0.8,2.0,0.3,0.0,1.0,0.371,0.265,0.867,0.311,-2.0,2010,0.441,0.248,98.8,107.8,-8.9,0.289,0.037
2250,Bobby Simmons,NJN,30.0,23,17.2,5.3,2.7,0.7,0.7,0.1,0.8,0.359,0.317,0.9,0.087,-1.9,2010,0.485,0.162,92.1,98.4,-6.4,0.065,0.079
2564,Boris Diaw,CHA,28.0,82,35.4,11.3,5.2,4.0,0.7,0.7,2.2,0.483,0.32,0.769,0.537,1.9,2010,0.552,0.161,104.7,101.7,3.0,0.185,0.078
1802,Brad Miller,CHI,34.0,82,23.8,8.8,4.9,1.9,0.5,0.4,1.3,0.43,0.28,0.827,0.5,-0.2,2010,0.53,0.175,101.4,102.7,-1.3,0.122,0.103
101138,Brandon Bass,ORL,25.0,50,13.0,5.8,2.5,0.4,0.2,0.5,0.6,0.511,0.0,0.825,0.76,0.8,2010,0.556,0.199,107.7,104.2,3.5,0.048,0.1
201943,Brandon Jennings,MIL,20.0,82,32.6,15.5,3.4,5.7,1.3,0.2,2.4,0.371,0.374,0.817,0.561,1.4,2010,0.475,0.256,103.9,101.5,2.5,0.298,0.054
200750,Brandon Roy,POR,25.0,65,37.2,21.5,4.4,4.7,0.9,0.2,2.0,0.473,0.33,0.78,0.646,3.8,2010,0.568,0.263,111.7,106.5,5.2,0.228,0.064
201575,Brandon Rush,IND,24.0,82,30.4,9.4,4.2,1.4,0.7,0.8,1.1,0.423,0.411,0.629,0.39,-2.5,2010,0.522,0.147,101.2,104.3,-3.1,0.07,0.067
2217,Brendan Haywood,DAL,30.0,77,30.6,9.1,9.3,0.6,0.3,2.1,1.3,0.562,0.0,0.62,0.481,0.6,2010,0.588,0.132,105.2,104.2,1.0,0.028,0.154
2073,Brian Cardinal,MIN,33.0,29,9.2,1.7,1.0,0.8,0.3,0.1,0.2,0.389,0.333,0.944,0.138,-2.0,2010,0.546,0.082,96.6,106.1,-9.5,0.131,0.055
2243,Brian Scalabrine,BOS,32.0,52,9.1,1.5,0.9,0.5,0.2,0.1,0.3,0.341,0.327,0.667,0.615,-1.2,2010,0.445,0.103,98.6,105.2,-6.6,0.092,0.056
201572,Brook Lopez,NJN,22.0,82,36.9,18.8,8.6,2.3,0.7,1.7,2.5,0.499,0.0,0.817,0.146,-7.2,2010,0.57,0.233,99.8,109.9,-10.1,0.116,0.122
201228,C.J. Watson,GSW,26.0,65,27.5,10.3,2.6,2.8,1.6,0.1,1.1,0.468,0.31,0.771,0.277,0.0,2010,0.555,0.157,106.7,106.3,0.4,0.143,0.047
101139,CJ Miles,UTA,23.0,63,23.8,9.9,2.7,1.7,0.9,0.3,1.3,0.429,0.341,0.695,0.667,2.6,2010,0.515,0.198,109.6,103.7,5.9,0.104,0.058
201171,Carl Landry,SAC,26.0,80,30.9,16.8,5.9,0.8,0.7,0.8,1.7,0.536,0.333,0.806,0.425,-1.2,2010,0.6,0.224,104.9,106.8,-1.9,0.048,0.097
2306,Carlos Arroyo,MIA,30.0,72,22.0,6.1,1.8,3.1,0.5,0.1,0.8,0.475,0.28,0.844,0.597,0.8,2010,0.529,0.14,102.5,100.7,1.9,0.23,0.044
2430,Carlos Boozer,UTA,28.0,78,34.3,19.5,11.2,3.2,1.1,0.5,2.7,0.562,0.0,0.742,0.641,3.3,2010,0.599,0.245,110.7,105.3,5.4,0.155,0.174
2568,Carlos Delfino,MIL,27.0,75,30.4,11.0,5.3,2.7,1.1,0.3,1.6,0.408,0.367,0.782,0.56,1.5,2010,0.526,0.18,104.1,101.7,2.5,0.14,0.09
2546,Carmelo Anthony,DEN,26.0,69,38.2,28.2,6.6,3.2,1.3,0.4,3.0,0.458,0.316,0.83,0.652,4.1,2010,0.548,0.327,111.7,106.2,5.5,0.159,0.087
2406,Caron Butler,DAL,30.0,74,37.6,16.3,6.2,2.1,1.6,0.3,2.2,0.428,0.29,0.838,0.473,-0.3,2010,0.507,0.216,104.8,105.7,-0.9,0.092,0.085
201858,Cartier Martin,WAS,25.0,18,21.7,7.8,3.8,0.9,0.6,0.1,1.1,0.368,0.347,0.8,0.278,0.0,2010,0.473,0.181,103.2,103.6,-0.4,0.065,0.086
101112,Channing Frye,PHX,27.0,81,27.0,11.2,5.3,1.4,0.8,0.9,0.9,0.451,0.439,0.81,0.667,4.4,2010,0.598,0.167,115.9,108.0,7.9,0.072,0.099
2294,Charlie Bell,MIL,31.0,71,22.7,6.5,1.9,1.5,0.5,0.2,0.8,0.381,0.365,0.716,0.521,0.4,2010,0.486,0.145,101.8,99.6,2.2,0.097,0.041
101111,Charlie Villanueva,DET,25.0,78,23.7,11.9,4.7,0.7,0.6,0.7,0.9,0.439,0.351,0.815,0.346,-3.6,2010,0.526,0.234,103.6,112.6,-9.0,0.053,0.106
201978,Chase Budinger,HOU,22.0,74,20.1,8.9,3.0,1.2,0.5,0.1,0.6,0.441,0.369,0.77,0.514,0.0,2010,0.545,0.186,107.9,107.4,0.5,0.096,0.074
1497,Chauncey Billups,DEN,33.0,73,34.1,19.5,3.1,5.6,1.1,0.1,2.4,0.418,0.386,0.91,0.685,2.9,2010,0.601,0.239,111.6,107.1,4.5,0.27,0.047
2365,Chris Andersen,DEN,31.0,76,22.3,5.9,6.4,0.4,0.6,1.9,0.8,0.566,0.0,0.695,0.645,4.4,2010,0.631,0.107,112.2,101.6,10.6,0.028,0.143
2547,Chris Bosh,TOR,26.0,70,36.1,24.0,10.8,2.4,0.6,1.0,2.4,0.518,0.364,0.797,0.5,0.1,2010,0.592,0.285,110.9,110.6,0.3,0.116,0.159
201604,Chris Douglas-Roberts,NJN,23.0,67,25.8,9.8,3.0,1.4,0.8,0.3,1.4,0.445,0.259,0.847,0.179,-5.4,2010,0.512,0.193,96.0,106.8,-10.9,0.099,0.06
2768,Chris Duhon,NYK,27.0,67,30.9,7.4,2.7,5.6,0.9,0.0,1.6,0.373,0.349,0.716,0.373,-2.1,2010,0.501,0.13,106.5,110.0,-3.5,0.258,0.045
201805,Chris Hunter,GSW,25.0,60,13.0,4.5,2.8,0.6,0.2,0.6,0.5,0.502,0.0,0.754,0.317,0.0,2010,0.546,0.147,109.7,109.1,0.6,0.065,0.106
2549,Chris Kaman,LAC,28.0,76,34.3,18.5,9.3,1.6,0.5,1.2,2.9,0.49,0.0,0.749,0.382,-3.9,2010,0.527,0.267,100.9,106.6,-5.7,0.086,0.137
101108,Chris Paul,NOH,25.0,45,38.1,18.7,4.2,10.7,2.1,0.2,2.5,0.493,0.409,0.847,0.511,0.2,2010,0.584,0.223,107.9,107.3,0.6,0.456,0.058
200809,Chris Quinn,NJN,26.0,25,8.9,2.2,0.6,1.2,0.4,0.0,0.4,0.357,0.313,1.0,0.16,-1.8,2010,0.477,0.142,93.7,102.4,-8.8,0.232,0.038
201181,Chris Richard,CHI,25.0,18,12.4,2.1,3.3,0.4,0.4,0.2,0.8,0.517,0.0,0.636,0.389,-1.6,2010,0.547,0.094,92.3,96.1,-3.9,0.051,0.131
2404,Chris Wilcox,DET,27.0,34,13.0,4.5,3.4,0.4,0.4,0.4,1.1,0.525,0.0,0.5,0.265,-4.3,2010,0.532,0.186,94.4,110.8,-16.4,0.051,0.141
101236,Chuck Hayes,HOU,27.0,82,21.6,4.4,5.7,1.7,0.9,0.5,0.9,0.489,0.0,0.545,0.512,0.0,2010,0.5,0.11,105.7,104.6,1.1,0.11,0.137
1088,Chucky Atkins,DET,35.0,40,16.1,4.0,0.7,2.3,0.4,0.0,0.8,0.363,0.301,0.926,0.375,-1.4,2010,0.477,0.137,101.5,106.3,-4.8,0.22,0.024
201147,Corey Brewer,MIN,24.0,82,30.3,13.0,3.4,2.4,1.4,0.4,2.0,0.431,0.346,0.648,0.183,-6.2,2010,0.502,0.212,100.4,110.6,-10.2,0.122,0.057
1894,Corey Maggette,GSW,30.0,70,29.7,19.8,5.3,2.5,0.7,0.1,2.4,0.516,0.26,0.835,0.3,-4.1,2010,0.615,0.265,106.4,112.4,-6.0,0.133,0.092
201584,Courtney Lee,NJN,24.0,71,33.5,12.5,3.5,1.7,1.3,0.3,1.1,0.436,0.338,0.869,0.155,-5.8,2010,0.525,0.174,101.6,110.3,-8.7,0.086,0.056
200783,Craig Smith,LAC,26.0,75,16.4,7.8,3.8,1.1,0.4,0.3,1.2,0.569,0.2,0.635,0.333,-1.2,2010,0.599,0.214,100.6,103.5,-2.9,0.124,0.12
201571,D.J. Augustin,CHA,22.0,80,18.4,6.4,1.2,2.4,0.6,0.1,0.9,0.386,0.393,0.779,0.538,0.2,2010,0.516,0.172,100.4,100.0,0.4,0.232,0.034
2788,DJ Mbenga,LAL,29.0,49,7.2,2.1,1.8,0.2,0.1,0.6,0.3,0.466,0.0,0.474,0.673,-0.7,2010,0.471,0.16,96.9,99.9,-2.9,0.037,0.117
201969,DaJuan Summers,DET,22.0,44,9.2,3.0,1.0,0.4,0.2,0.2,0.4,0.354,0.357,0.711,0.295,-2.4,2010,0.457,0.178,93.8,104.9,-11.1,0.07,0.057
201161,Daequan Cook,MIA,23.0,45,15.4,5.0,1.8,1.0,0.3,0.2,0.5,0.32,0.317,0.84,0.511,-0.4,2010,0.422,0.189,95.5,98.1,-2.6,0.109,0.058
2563,Dahntay Jones,IND,29.0,76,24.9,10.2,3.0,2.0,0.5,0.5,1.7,0.461,0.125,0.77,0.368,-3.0,2010,0.527,0.198,98.9,104.4,-5.5,0.133,0.059
2863,Damien Wilkins,MIN,30.0,80,19.8,5.6,3.1,1.7,0.8,0.3,1.0,0.433,0.295,0.798,0.175,-3.5,2010,0.515,0.137,100.5,108.7,-8.1,0.126,0.078
2429,Dan Gadzuric,MIL,32.0,32,9.8,2.8,2.9,0.4,0.3,0.4,0.5,0.438,0.0,0.4,0.5,1.1,2010,0.44,0.155,97.3,91.3,6.0,0.061,0.14
200789,Daniel Gibson,CLE,24.0,56,19.1,6.3,1.3,1.3,0.4,0.1,0.6,0.466,0.477,0.694,0.75,2.7,2010,0.613,0.139,107.7,101.1,6.6,0.104,0.035
201568,Danilo Gallinari,NYK,21.0,81,33.9,15.1,4.9,1.7,0.9,0.7,1.4,0.423,0.381,0.818,0.346,-1.6,2010,0.575,0.191,106.6,109.0,-2.4,0.077,0.075
101122,Danny Granger,IND,27.0,62,36.7,24.1,5.5,2.8,1.5,0.8,2.5,0.428,0.361,0.848,0.403,-0.6,2010,0.564,0.282,104.9,105.4,-0.5,0.134,0.075
201967,Dante Cunningham,POR,23.0,63,11.2,3.9,2.5,0.2,0.4,0.3,0.2,0.495,0.0,0.646,0.587,0.7,2010,0.517,0.16,108.5,103.5,5.0,0.032,0.121
2443,Darius Songaila,NOH,32.0,75,18.8,7.2,3.1,0.9,0.8,0.2,1.1,0.494,0.167,0.811,0.453,-1.2,2010,0.522,0.194,104.3,106.7,-2.4,0.081,0.09
2545,Darko Milicic,MIN,25.0,32,21.4,6.7,4.7,1.5,0.7,1.1,1.1,0.49,0.0,0.536,0.094,-3.3,2010,0.497,0.157,99.3,107.0,-7.7,0.105,0.112
201589,Darrell Arthur,MEM,22.0,32,14.3,4.5,3.4,0.5,0.4,0.4,0.7,0.432,0.0,0.567,0.438,-3.4,2010,0.449,0.168,97.4,109.6,-12.2,0.052,0.118
201954,Darren Collison,NOH,22.0,76,27.8,12.4,2.5,5.7,1.0,0.1,2.7,0.477,0.4,0.851,0.447,-2.3,2010,0.546,0.227,105.2,108.8,-3.6,0.323,0.048
2431,David Andersen,HOU,30.0,63,14.1,5.8,3.3,0.7,0.2,0.2,0.6,0.432,0.346,0.687,0.524,0.5,2010,0.497,0.199,105.8,103.6,2.2,0.084,0.116
101135,David Lee,NYK,27.0,81,37.3,20.2,11.7,3.6,1.0,0.5,2.3,0.545,0.0,0.812,0.346,-3.2,2010,0.584,0.235,106.5,110.1,-3.6,0.172,0.162
2561,David West,NOH,29.0,81,36.4,19.0,7.5,3.0,0.9,0.7,2.1,0.505,0.259,0.865,0.457,-2.2,2010,0.56,0.238,107.1,109.8,-2.7,0.135,0.108
201599,DeAndre Jordan,LAC,21.0,70,16.2,4.8,5.0,0.3,0.2,0.9,1.1,0.605,0.0,0.375,0.329,-3.5,2010,0.571,0.145,99.9,110.1,-10.2,0.029,0.163
201971,DeJuan Blair,SAS,21.0,82,18.2,7.8,6.4,0.8,0.6,0.5,1.4,0.556,0.0,0.547,0.61,1.2,2010,0.564,0.197,106.2,103.0,3.2,0.07,0.18
201942,DeMar DeRozan,TOR,20.0,77,21.6,8.6,2.9,0.7,0.6,0.2,0.8,0.498,0.25,0.763,0.468,-3.0,2010,0.554,0.18,106.8,113.3,-6.5,0.048,0.07
201960,DeMarre Carroll,MEM,23.0,71,11.2,2.9,2.1,0.5,0.4,0.1,0.3,0.396,0.0,0.623,0.479,-0.7,2010,0.426,0.141,102.8,104.4,-1.6,0.059,0.093
2205,DeSagana Diop,CHA,28.0,27,9.7,1.2,2.4,0.2,0.2,0.5,0.4,0.517,0.0,0.222,0.519,0.3,2010,0.485,0.079,110.6,104.8,5.8,0.028,0.133
2052,DeShawn Stevenson,DAL,29.0,64,13.8,2.1,1.4,0.9,0.3,0.1,0.5,0.282,0.218,0.714,0.484,-1.6,2010,0.381,0.106,101.2,105.5,-4.3,0.09,0.052
2753,Delonte West,CLE,26.0,60,25.0,8.8,2.8,3.3,0.9,0.5,1.5,0.445,0.325,0.81,0.7,3.4,2010,0.53,0.18,108.0,101.0,7.0,0.21,0.059
965,Derek Fisher,LAL,35.0,82,27.2,7.5,2.1,2.5,1.1,0.1,1.0,0.38,0.348,0.856,0.695,4.3,2010,0.499,0.137,110.0,102.6,7.4,0.125,0.039
101114,Deron Williams,UTA,26.0,76,36.9,18.7,4.0,10.5,1.3,0.2,3.3,0.469,0.371,0.801,0.658,5.7,2010,0.574,0.237,112.5,104.3,8.2,0.429,0.058
201974,Derrick Brown,CHA,22.0,57,9.4,3.3,1.4,0.3,0.4,0.2,0.3,0.463,0.286,0.667,0.596,-0.2,2010,0.52,0.165,98.8,98.3,0.4,0.061,0.075
201565,Derrick Rose,CHI,21.0,78,36.8,20.8,3.8,6.0,0.7,0.3,2.8,0.489,0.267,0.766,0.526,-0.5,2010,0.532,0.268,103.2,103.6,-0.4,0.297,0.05
1904,Devean George,GSW,32.0,45,16.9,5.4,2.5,0.7,0.9,0.2,0.3,0.432,0.39,0.696,0.289,0.2,2010,0.56,0.13,110.9,109.4,1.6,0.057,0.074
2484,Devin Brown,CHI,31.0,50,21.2,8.0,2.5,1.3,0.7,0.1,1.2,0.377,0.354,0.802,0.52,-0.5,2010,0.5,0.192,103.2,104.1,-0.8,0.095,0.057
2734,Devin Harris,NJN,27.0,64,34.7,16.9,3.2,6.6,1.2,0.3,2.8,0.403,0.276,0.798,0.172,-7.5,2010,0.512,0.247,100.7,111.5,-10.8,0.332,0.047
1717,Dirk Nowitzki,DAL,32.0,81,37.5,25.0,7.7,2.7,0.9,1.0,1.8,0.481,0.421,0.915,0.667,4.2,2010,0.578,0.284,108.7,103.3,5.4,0.128,0.106
201187,Dominic McGuire,SAC,24.0,51,6.0,0.7,1.5,0.2,0.1,0.1,0.3,0.365,0.0,0.0,0.235,-2.6,2010,0.345,0.103,88.7,106.0,-17.3,0.059,0.118
201590,Donte Greene,SAC,22.0,76,21.4,8.5,3.1,0.9,0.5,0.7,1.2,0.441,0.377,0.643,0.289,-2.1,2010,0.526,0.189,102.0,106.4,-4.4,0.067,0.072
2748,Dorell Wright,MIA,24.0,72,20.8,7.1,3.3,1.3,0.7,0.4,0.7,0.463,0.389,0.884,0.556,0.4,2010,0.567,0.152,101.9,101.1,0.8,0.102,0.082
2400,Drew Gooden,LAC,28.0,70,25.1,10.9,7.7,0.7,0.6,0.8,1.5,0.478,0.125,0.861,0.471,-4.0,2010,0.547,0.205,102.8,111.0,-8.2,0.045,0.16
2730,Dwight Howard,ORL,24.0,82,34.7,18.3,13.2,1.8,0.9,2.8,3.3,0.612,0.0,0.592,0.72,7.6,2010,0.63,0.241,112.2,100.9,11.3,0.087,0.199
2548,Dwyane Wade,MIA,28.0,77,36.3,26.6,4.8,6.5,1.8,1.1,3.3,0.476,0.3,0.761,0.584,4.6,2010,0.562,0.337,110.1,103.8,6.3,0.334,0.07
2853,Earl Barron,NYK,28.0,7,33.1,11.7,11.0,1.1,0.6,0.6,1.6,0.441,0.0,0.759,0.429,0.7,2010,0.508,0.18,119.1,116.4,2.7,0.05,0.185
1863,Earl Boykins,WAS,34.0,67,16.7,6.6,1.1,2.6,0.4,0.0,1.0,0.427,0.317,0.865,0.328,-3.5,2010,0.498,0.2,97.8,109.2,-11.5,0.269,0.034
201947,Earl Clark,PHX,22.0,51,7.5,2.7,1.2,0.4,0.1,0.3,0.5,0.371,0.4,0.722,0.706,-0.7,2010,0.42,0.208,101.5,105.3,-3.7,0.093,0.079
2248,Earl Watson,IND,31.0,79,29.4,7.8,3.0,5.1,1.3,0.2,2.2,0.426,0.288,0.71,0.392,-1.4,2010,0.517,0.146,103.6,105.5,-2.0,0.257,0.05
2067,Eddie House,NYK,32.0,68,17.9,7.0,1.6,1.3,0.6,0.1,0.7,0.38,0.348,0.923,0.544,0.5,2010,0.495,0.192,101.5,101.0,0.4,0.115,0.046
2059,Eduardo Najera,DAL,33.0,46,14.9,3.4,2.5,0.6,0.6,0.3,0.5,0.425,0.297,0.583,0.522,-0.7,2010,0.501,0.117,100.8,103.5,-2.7,0.061,0.087
1882,Elton Brand,PHI,31.0,76,30.2,13.1,6.1,1.4,1.1,1.1,1.7,0.48,0.0,0.738,0.355,-0.9,2010,0.518,0.214,105.2,107.0,-1.8,0.078,0.107
2731,Emeka Okafor,NOH,27.0,82,28.9,10.4,9.0,0.7,0.7,1.5,1.4,0.53,0.0,0.562,0.451,-1.6,2010,0.547,0.169,105.7,108.4,-2.6,0.035,0.163
201569,Eric Gordon,LAC,21.0,62,36.0,16.9,2.6,3.0,1.1,0.2,2.3,0.449,0.371,0.742,0.371,-3.7,2010,0.571,0.21,104.1,109.5,-5.4,0.135,0.037
201953,Eric Maynor,OKC,23.0,81,15.7,4.7,1.6,3.3,0.5,0.1,1.0,0.418,0.31,0.722,0.654,0.5,2010,0.478,0.168,99.9,97.9,2.0,0.339,0.052
956,Erick Dampier,DAL,34.0,55,23.3,6.0,7.3,0.6,0.3,1.4,1.1,0.624,0.333,0.604,0.582,2.9,2010,0.637,0.114,108.4,101.8,6.6,0.035,0.159
101141,Ersan Ilyasova,MIL,23.0,81,23.4,10.4,6.4,1.0,0.7,0.3,0.9,0.443,0.336,0.715,0.568,2.0,2010,0.526,0.201,104.4,99.5,4.9,0.072,0.136
2041,Etan Thomas,OKC,32.0,23,13.9,3.3,2.8,0.0,0.2,0.7,0.8,0.456,0.0,0.591,0.565,-1.2,2010,0.483,0.135,99.5,102.8,-3.2,0.005,0.11
101177,Fabricio Oberto,WAS,35.0,57,11.4,1.5,1.8,0.9,0.2,0.2,0.6,0.625,0.0,0.765,0.316,-0.8,2010,0.654,0.071,100.3,103.7,-3.4,0.112,0.085
2436,Flip Murray,CHI,30.0,75,22.3,9.9,2.4,1.8,0.6,0.2,1.2,0.392,0.312,0.727,0.493,0.1,2010,0.485,0.233,103.8,103.2,0.6,0.141,0.056
101128,Francisco Garcia,SAC,28.0,25,23.0,8.1,2.6,1.8,0.4,0.8,0.8,0.466,0.39,0.882,0.28,-0.6,2010,0.55,0.156,104.6,106.3,-1.7,0.119,0.057
202066,Garrett Temple,SAS,24.0,27,12.4,5.0,1.1,0.8,0.5,0.2,1.0,0.436,0.351,0.7,0.444,-0.1,2010,0.553,0.193,100.4,100.7,-0.3,0.104,0.045
201588,George Hill,SAS,24.0,78,29.2,12.4,2.6,2.9,0.9,0.3,1.3,0.478,0.399,0.772,0.615,2.6,2010,0.572,0.187,108.0,102.9,5.0,0.154,0.047
201945,Gerald Henderson,CHA,22.0,43,8.3,2.6,1.3,0.3,0.2,0.2,0.3,0.356,0.211,0.745,0.628,-0.4,2010,0.453,0.172,93.5,95.0,-1.5,0.071,0.076
2222,Gerald Wallace,CHA,27.0,76,41.0,18.2,10.0,2.1,1.5,1.1,2.3,0.484,0.371,0.776,0.539,1.8,2010,0.586,0.202,103.9,101.4,2.5,0.09,0.13
2240,Gilbert Arenas,WAS,28.0,32,36.5,22.6,4.2,7.2,1.3,0.3,3.7,0.411,0.348,0.739,0.344,-2.6,2010,0.511,0.305,104.0,107.3,-3.3,0.351,0.056
201175,Glen Davis,BOS,24.0,54,17.3,6.3,3.8,0.6,0.4,0.3,1.0,0.437,0.0,0.696,0.519,-1.6,2010,0.5,0.193,99.9,105.1,-5.2,0.064,0.12
201609,Goran Dragic,PHX,24.0,80,18.0,7.9,2.1,3.0,0.6,0.1,1.6,0.452,0.394,0.736,0.663,0.9,2010,0.566,0.206,109.2,106.2,3.0,0.264,0.06
255,Grant Hill,PHX,37.0,81,30.0,11.3,5.5,2.4,0.7,0.4,1.3,0.478,0.438,0.817,0.667,2.1,2010,0.561,0.165,112.0,108.7,3.3,0.111,0.092
201141,Greg Oden,POR,22.0,21,23.9,11.1,8.5,0.9,0.4,2.3,1.9,0.605,0.0,0.766,0.619,3.7,2010,0.647,0.206,113.1,102.8,10.3,0.066,0.194
101124,Hakim Warrick,CHI,27.0,76,20.5,9.6,4.1,0.7,0.3,0.2,1.1,0.482,0.143,0.737,0.474,-2.0,2010,0.547,0.215,100.3,104.9,-4.6,0.058,0.102
201632,Hamed Haddadi,MEM,25.0,36,6.7,1.7,2.1,0.3,0.0,0.4,0.6,0.387,0.0,0.737,0.5,-1.7,2010,0.441,0.155,94.0,105.6,-11.6,0.064,0.149
201934,Hasheem Thabeet,MEM,23.0,68,13.0,3.1,3.6,0.2,0.2,1.3,0.6,0.588,0.0,0.581,0.471,-1.1,2010,0.605,0.104,102.2,104.8,-2.6,0.018,0.135
2045,Hedo Turkoglu,TOR,31.0,74,30.7,11.3,4.6,4.1,0.7,0.4,1.7,0.409,0.374,0.774,0.5,-1.7,2010,0.54,0.18,109.8,112.9,-3.1,0.199,0.078
201611,Henry Walker,NYK,22.0,35,22.0,9.4,2.5,1.1,0.7,0.1,0.8,0.517,0.431,0.796,0.429,-0.4,2010,0.649,0.162,110.7,110.4,0.3,0.079,0.06
200756,Hilton Armstrong,HOU,25.0,33,10.2,2.2,2.5,0.6,0.5,0.4,0.7,0.354,0.0,0.469,0.333,-1.0,2010,0.381,0.153,95.1,101.0,-5.9,0.095,0.121
2137,Ime Udoka,SAC,32.0,69,13.7,3.6,2.8,0.8,0.5,0.1,0.6,0.378,0.286,0.737,0.304,-1.0,2010,0.47,0.139,102.3,103.7,-1.3,0.091,0.099
200826,J.J. Barea,DAL,26.0,78,19.8,7.6,1.9,3.3,0.4,0.1,1.3,0.44,0.357,0.844,0.667,-0.6,2010,0.526,0.196,104.5,106.3,-1.8,0.269,0.05
201592,J.R. Giddens,NYK,25.0,32,7.5,2.2,1.6,0.4,0.3,0.1,0.5,0.467,0.0,0.565,0.563,-2.2,2010,0.492,0.154,95.7,110.0,-14.3,0.096,0.109
201581,JJ Hickson,CLE,21.0,81,20.9,8.5,4.9,0.5,0.4,0.5,1.1,0.554,0.0,0.681,0.741,0.7,2010,0.58,0.186,108.3,106.8,1.5,0.037,0.126
200755,JJ Redick,ORL,26.0,82,22.1,9.6,1.9,1.9,0.3,0.0,0.8,0.439,0.405,0.86,0.72,2.2,2010,0.606,0.175,108.7,103.8,4.9,0.143,0.044
2747,JR Smith,DEN,24.0,75,27.8,15.4,3.1,2.4,1.3,0.3,1.9,0.414,0.338,0.706,0.64,3.4,2010,0.515,0.261,111.0,104.9,6.1,0.149,0.057
201580,JaVale McGee,WAS,22.0,60,16.1,6.4,4.1,0.2,0.3,1.7,0.9,0.508,0.0,0.638,0.283,-2.9,2010,0.539,0.19,99.7,108.0,-8.3,0.024,0.129
2048,Jamaal Magloire,MIA,32.0,36,10.0,2.1,3.4,0.0,0.3,0.3,0.5,0.5,0.0,0.356,0.611,-0.3,2010,0.47,0.128,99.7,101.6,-1.9,0.005,0.173
2224,Jamaal Tinsley,MEM,32.0,38,15.5,3.5,1.7,2.8,0.9,0.1,1.7,0.371,0.179,0.815,0.605,-0.1,2010,0.438,0.153,104.1,104.7,-0.5,0.251,0.056
2037,Jamal Crawford,ATL,30.0,79,31.1,18.0,2.5,3.0,0.8,0.2,1.7,0.449,0.382,0.857,0.646,3.2,2010,0.573,0.249,111.3,106.7,4.6,0.163,0.042
200081,Jamario Moon,CLE,30.0,61,17.2,4.9,3.1,0.8,0.6,0.5,0.4,0.462,0.32,0.8,0.787,1.2,2010,0.555,0.124,104.4,99.8,4.5,0.073,0.091
2749,Jameer Nelson,ORL,28.0,65,28.6,12.6,3.0,5.4,0.7,0.0,2.1,0.449,0.381,0.845,0.708,4.9,2010,0.54,0.222,109.6,100.9,8.7,0.323,0.055
201935,James Harden,OKC,20.0,76,22.9,9.9,3.2,1.8,1.1,0.3,1.4,0.403,0.375,0.808,0.618,2.4,2010,0.551,0.199,104.8,99.9,4.9,0.13,0.071
201949,James Johnson,CHI,23.0,65,11.6,3.9,2.0,0.7,0.3,0.7,1.0,0.452,0.326,0.729,0.462,-2.1,2010,0.532,0.174,94.9,103.0,-8.1,0.104,0.083
2592,James Jones,MIA,29.0,36,14.0,4.1,1.3,0.5,0.3,0.1,0.3,0.361,0.411,0.821,0.583,-0.4,2010,0.556,0.127,99.7,101.9,-2.2,0.056,0.045
1899,James Posey,NOH,33.0,77,22.5,5.2,4.3,1.5,0.5,0.2,0.7,0.365,0.335,0.825,0.455,-1.0,2010,0.525,0.114,106.5,108.7,-2.2,0.096,0.102
101189,James Singleton,WAS,28.0,57,17.2,4.5,4.8,0.5,0.5,0.8,0.9,0.382,0.189,0.855,0.421,-2.6,2010,0.452,0.15,97.6,105.4,-7.8,0.051,0.144
2457,Jannero Pargo,CHI,30.0,63,13.2,5.5,1.2,1.4,0.5,0.0,0.8,0.346,0.275,0.933,0.429,-1.0,2010,0.429,0.236,98.9,102.8,-3.9,0.182,0.047
201162,Jared Dudley,PHX,24.0,82,24.3,8.2,3.4,1.4,1.0,0.2,0.8,0.459,0.458,0.754,0.659,2.6,2010,0.612,0.135,112.2,106.8,5.3,0.082,0.071
2407,Jared Jeffries,HOU,28.0,70,25.6,5.3,4.1,1.4,0.9,1.0,1.1,0.439,0.296,0.625,0.4,-0.7,2010,0.507,0.11,104.7,105.3,-0.6,0.08,0.081
101127,Jarrett Jack,TOR,26.0,82,27.4,11.4,2.7,5.0,0.7,0.1,2.0,0.481,0.412,0.842,0.488,-1.2,2010,0.599,0.185,109.1,111.9,-2.8,0.277,0.052
2260,Jarron Collins,PHX,31.0,34,7.7,1.0,1.8,0.2,0.1,0.1,0.3,0.387,0.0,0.4,0.706,-0.3,2010,0.405,0.082,99.6,101.7,-2.0,0.031,0.111
2553,Jarvis Hayes,NJN,28.0,45,22.9,7.8,2.4,0.9,0.6,0.2,0.6,0.421,0.335,0.778,0.178,-3.4,2010,0.521,0.161,102.0,108.9,-6.9,0.064,0.054
2574,Jason Kapono,PHI,29.0,57,17.1,5.7,1.2,0.7,0.4,0.1,0.6,0.419,0.368,0.6,0.263,-1.9,2010,0.527,0.156,102.5,108.4,-5.9,0.063,0.035
467,Jason Kidd,DAL,37.0,80,36.0,10.3,5.6,9.1,1.8,0.4,2.4,0.423,0.425,0.808,0.663,3.4,2010,0.577,0.143,107.9,103.6,4.3,0.361,0.079
101131,Jason Maxiell,DET,27.0,76,20.4,6.8,5.3,0.5,0.5,0.5,0.9,0.511,0.0,0.574,0.316,-2.6,2010,0.531,0.161,104.0,110.4,-6.4,0.04,0.14
2202,Jason Richardson,PHX,29.0,79,31.5,15.7,5.1,1.8,0.8,0.4,1.2,0.474,0.393,0.739,0.658,3.8,2010,0.574,0.205,114.9,109.0,5.9,0.085,0.082
201160,Jason Smith,PHI,24.0,56,11.8,3.4,2.4,0.6,0.4,0.5,0.6,0.431,0.345,0.69,0.268,-0.9,2010,0.491,0.153,102.7,105.8,-3.1,0.076,0.11
1891,Jason Terry,DAL,32.0,77,33.0,16.6,1.8,3.8,1.2,0.2,1.4,0.438,0.365,0.866,0.662,2.3,2010,0.552,0.224,107.3,104.2,3.1,0.194,0.028
201574,Jason Thompson,SAC,23.0,75,31.4,12.5,8.5,1.7,0.5,1.0,1.9,0.472,0.1,0.715,0.293,-3.0,2010,0.518,0.195,103.3,107.5,-4.3,0.084,0.137
1715,Jason Williams,ORL,34.0,82,20.8,6.0,1.5,3.6,0.6,0.0,1.1,0.444,0.38,0.756,0.72,3.2,2010,0.555,0.14,110.0,102.8,7.2,0.265,0.037
101214,Jawad Williams,CLE,27.0,54,13.7,4.1,1.5,0.6,0.2,0.1,0.3,0.393,0.323,0.711,0.741,-0.6,2010,0.496,0.149,103.9,104.6,-0.7,0.073,0.057
201965,Jeff Ayres,POR,23.0,39,10.4,2.7,2.5,0.0,0.2,0.4,0.3,0.662,0.0,0.9,0.59,-1.5,2010,0.705,0.098,105.8,112.2,-6.4,0.004,0.136
1902,Jeff Foster,IND,33.0,16,15.9,3.1,5.1,1.3,0.2,0.3,0.9,0.478,0.0,0.556,0.188,-0.5,2010,0.49,0.104,105.1,106.4,-1.3,0.118,0.158
201145,Jeff Green,OKC,23.0,82,37.1,15.1,6.0,1.6,1.3,0.9,1.6,0.453,0.333,0.74,0.61,1.5,2010,0.53,0.19,107.3,105.4,2.0,0.071,0.084
201952,Jeff Teague,ATL,22.0,71,10.1,3.2,0.9,1.7,0.5,0.2,0.7,0.396,0.219,0.837,0.704,-0.6,2010,0.459,0.174,100.8,103.3,-2.6,0.258,0.047
979,Jermaine O'Neal,MIA,31.0,70,28.4,13.6,6.9,1.3,0.4,1.4,1.8,0.529,0.0,0.72,0.529,2.7,2010,0.563,0.228,107.8,102.6,5.2,0.078,0.13
201966,Jermaine Taylor,HOU,23.0,31,9.8,4.1,1.5,0.5,0.3,0.1,0.6,0.378,0.227,0.717,0.419,-3.8,2010,0.46,0.218,93.2,111.5,-18.3,0.096,0.075
711,Jerry Stackhouse,MIL,35.0,42,20.4,8.5,2.4,1.7,0.5,0.2,1.6,0.408,0.346,0.797,0.69,1.2,2010,0.517,0.218,105.1,101.6,3.5,0.133,0.059
201573,Jerryd Bayless,POR,21.0,74,17.6,8.5,1.6,2.3,0.4,0.1,1.3,0.414,0.315,0.831,0.608,-0.1,2010,0.534,0.24,105.4,105.6,-0.2,0.226,0.049
201149,Joakim Noah,CHI,25.0,64,30.1,10.7,11.0,2.1,0.5,1.6,1.8,0.504,0.0,0.744,0.547,-1.5,2010,0.557,0.17,102.0,103.7,-1.6,0.107,0.181
201975,Jodie Meeks,PHI,22.0,60,12.0,4.7,1.7,0.7,0.3,0.1,0.4,0.388,0.318,0.795,0.383,-0.3,2010,0.493,0.187,105.3,105.5,-0.2,0.08,0.071
2207,Joe Johnson,ATL,29.0,76,38.0,21.3,4.6,4.9,1.1,0.1,1.9,0.458,0.369,0.818,0.658,4.6,2010,0.538,0.264,112.9,106.6,6.2,0.216,0.064
693,Joe Smith,ATL,34.0,64,9.2,3.0,2.5,0.3,0.1,0.3,0.3,0.399,0.143,0.813,0.656,-0.3,2010,0.453,0.175,107.3,108.4,-1.1,0.055,0.136
201202,Joel Anthony,MIA,27.0,80,16.5,2.7,3.1,0.2,0.3,1.4,0.6,0.478,0.0,0.717,0.575,-0.1,2010,0.546,0.086,100.0,99.5,0.5,0.014,0.095
2038,Joel Przybilla,POR,30.0,30,22.7,4.1,7.9,0.3,0.3,1.4,1.3,0.523,0.0,0.647,0.6,1.4,2010,0.567,0.102,101.6,98.4,3.2,0.019,0.187
101121,Joey Graham,DEN,28.0,63,12.0,4.2,2.0,0.3,0.4,0.1,0.7,0.52,0.154,0.74,0.683,-0.6,2010,0.568,0.161,102.1,104.6,-2.5,0.046,0.085
101130,Johan Petro,DEN,24.0,36,12.1,3.4,3.6,0.4,0.3,0.4,0.6,0.535,0.0,0.667,0.639,0.3,2010,0.553,0.137,108.0,106.4,1.7,0.045,0.152
2422,John Salmons,MIL,30.0,81,34.9,15.4,3.3,2.8,1.2,0.3,1.5,0.441,0.382,0.83,0.593,1.7,2010,0.553,0.199,102.5,99.8,2.7,0.132,0.048
201972,Jon Brockman,SAC,23.0,52,12.6,2.8,4.1,0.4,0.3,0.1,0.4,0.534,0.0,0.597,0.288,-0.6,2010,0.564,0.099,108.4,109.1,-0.7,0.049,0.165
201973,Jonas Jerebko,DET,23.0,80,27.9,9.3,6.0,0.7,1.0,0.4,1.0,0.481,0.313,0.71,0.325,-2.0,2010,0.545,0.155,104.7,108.3,-3.6,0.041,0.115
1886,Jonathan Bender,NYK,29.0,25,11.7,4.7,2.1,0.6,0.1,0.7,1.1,0.4,0.359,0.923,0.36,-2.2,2010,0.529,0.206,96.8,107.8,-11.0,0.094,0.088
201938,Jonny Flynn,MIN,21.0,81,28.9,13.5,2.4,4.4,1.0,0.0,2.9,0.417,0.358,0.826,0.185,-7.7,2010,0.511,0.24,99.5,112.5,-13.0,0.245,0.041
200770,Jordan Farmar,LAL,23.0,82,18.0,7.2,1.6,1.5,0.6,0.1,0.9,0.435,0.376,0.671,0.695,0.7,2010,0.535,0.186,102.4,100.5,1.9,0.139,0.043
201941,Jordan Hill,HOU,22.0,47,13.3,5.2,3.7,0.4,0.3,0.4,0.6,0.493,0.0,0.676,0.383,-0.4,2010,0.528,0.177,105.6,106.3,-0.8,0.052,0.141
101181,Jose Calderon,TOR,28.0,68,26.7,10.3,2.1,5.9,0.7,0.1,1.5,0.482,0.398,0.798,0.456,-0.4,2010,0.569,0.173,111.1,112.5,-1.4,0.334,0.041
200767,Josh Boone,NJN,25.0,63,16.6,4.0,5.0,0.5,0.5,0.8,0.6,0.525,0.0,0.328,0.143,-3.8,2010,0.509,0.121,93.8,105.5,-11.7,0.047,0.152
2572,Josh Howard,WAS,30.0,35,26.2,12.7,3.6,1.4,0.7,0.3,1.3,0.405,0.267,0.784,0.6,0.0,2010,0.496,0.246,108.1,107.7,0.4,0.086,0.072
201177,Josh McRoberts,IND,23.0,42,12.5,4.3,3.0,1.0,0.4,0.4,0.5,0.521,0.348,0.5,0.452,-0.5,2010,0.55,0.147,104.6,105.8,-1.2,0.124,0.119
2694,Josh Powell,LAL,27.0,63,9.2,2.7,1.8,0.6,0.1,0.1,0.5,0.366,0.438,0.645,0.683,-1.3,2010,0.407,0.181,98.8,104.6,-5.8,0.097,0.096
2746,Josh Smith,ATL,24.0,81,35.4,15.7,8.7,4.2,1.6,2.1,2.4,0.505,0.0,0.618,0.642,4.9,2010,0.536,0.221,111.8,104.5,7.3,0.187,0.128
201950,Jrue Holiday,PHI,20.0,73,24.2,8.0,2.6,3.8,1.1,0.2,2.1,0.442,0.39,0.756,0.329,-2.2,2010,0.526,0.18,104.5,108.7,-4.2,0.239,0.058
201153,Julian Wright,NOH,23.0,68,12.8,3.8,2.1,0.6,0.4,0.3,0.6,0.5,0.333,0.61,0.382,-0.3,2010,0.518,0.15,105.2,105.7,-0.5,0.066,0.087
436,Juwan Howard,POR,37.0,73,22.3,6.0,4.6,0.8,0.4,0.1,1.0,0.509,0.0,0.786,0.603,-1.0,2010,0.538,0.14,104.6,106.6,-2.0,0.062,0.113
2586,Keith Bogans,SAS,30.0,79,19.7,4.4,2.2,1.2,0.6,0.2,0.7,0.403,0.357,0.74,0.633,0.4,2010,0.542,0.108,104.9,102.9,2.0,0.086,0.059
101235,Kelenna Azubuike,GSW,26.0,9,25.7,13.9,4.6,1.1,0.6,1.0,0.8,0.545,0.37,0.679,0.333,-4.6,2010,0.623,0.192,101.4,109.5,-8.0,0.07,0.088
2570,Kendrick Perkins,BOS,25.0,78,27.6,10.1,7.6,1.0,0.3,1.7,2.1,0.602,0.0,0.582,0.615,3.6,2010,0.613,0.176,108.4,101.4,6.9,0.057,0.153
1903,Kenny Thomas,SAC,32.0,26,12.0,1.6,3.3,0.6,0.4,0.4,0.7,0.486,0.0,0.583,0.462,-0.2,2010,0.509,0.081,108.8,108.2,0.6,0.064,0.139
2030,Kenyon Martin,DEN,32.0,58,34.2,11.5,9.4,1.9,1.2,1.1,1.6,0.456,0.276,0.557,0.672,2.3,2010,0.481,0.172,108.9,105.4,3.6,0.087,0.139
201142,Kevin Durant,OKC,21.0,82,39.5,30.1,7.6,2.8,1.4,1.0,3.3,0.476,0.365,0.9,0.61,5.3,2010,0.607,0.311,109.0,102.7,6.2,0.13,0.098
708,Kevin Garnett,BOS,34.0,69,29.9,14.3,7.3,2.7,1.0,0.8,1.5,0.521,0.2,0.837,0.638,4.5,2010,0.569,0.218,107.9,100.5,7.4,0.148,0.133
201567,Kevin Love,MIN,21.0,60,28.6,14.0,11.0,2.3,0.7,0.4,2.0,0.45,0.33,0.815,0.2,-3.8,2010,0.549,0.216,102.1,108.7,-6.6,0.127,0.19
2755,Kevin Martin,HOU,27.0,46,35.5,20.6,3.6,2.4,1.0,0.1,2.0,0.417,0.333,0.876,0.348,-3.2,2010,0.561,0.248,106.0,110.3,-4.3,0.113,0.051
1563,Kevin Ollie,OKC,37.0,25,10.5,1.8,1.0,0.8,0.4,0.0,0.2,0.4,0.0,1.0,0.6,-0.9,2010,0.453,0.092,97.1,101.0,-3.9,0.12,0.054
2039,Keyon Dooling,NJN,30.0,53,18.3,6.9,1.0,2.5,0.6,0.0,1.1,0.398,0.376,0.77,0.226,-1.5,2010,0.519,0.194,98.1,102.6,-4.5,0.248,0.029
2550,Kirk Hinrich,CHI,29.0,74,33.5,10.9,3.5,4.5,1.1,0.3,1.5,0.409,0.371,0.752,0.541,-1.4,2010,0.501,0.162,101.3,103.3,-1.9,0.203,0.052
977,Kobe Bryant,LAL,31.0,73,38.8,27.0,5.4,5.0,1.5,0.3,3.2,0.456,0.329,0.811,0.699,6.4,2010,0.545,0.319,109.8,101.8,8.1,0.23,0.069
2743,Kris Humphries,NJN,25.0,69,17.7,7.1,5.5,0.5,0.5,0.7,1.0,0.441,0.0,0.668,0.391,-2.8,2010,0.495,0.205,100.3,108.5,-8.2,0.046,0.164
703,Kurt Thomas,MIL,37.0,70,15.0,3.0,4.2,0.7,0.4,0.7,0.7,0.476,0.0,0.8,0.529,-1.1,2010,0.489,0.113,100.7,103.6,-2.9,0.069,0.139
2198,Kwame Brown,DET,28.0,48,13.7,3.3,3.7,0.5,0.3,0.3,0.9,0.5,0.0,0.337,0.333,-2.2,2010,0.47,0.148,97.2,105.2,-8.0,0.056,0.144
2594,Kyle Korver,UTA,29.0,52,18.3,7.2,2.1,1.7,0.5,0.2,0.8,0.493,0.536,0.796,0.692,3.8,2010,0.62,0.154,110.1,99.8,10.3,0.137,0.061
200768,Kyle Lowry,HOU,24.0,68,24.3,9.1,3.6,4.5,0.9,0.1,1.7,0.397,0.272,0.827,0.544,1.5,2010,0.536,0.179,107.0,103.2,3.8,0.281,0.075
201178,Kyrylo Fesenko,UTA,23.0,49,8.3,2.6,1.8,0.3,0.1,0.4,0.5,0.547,0.0,0.421,0.571,2.0,2010,0.533,0.155,106.7,92.7,14.0,0.055,0.113
200746,LaMarcus Aldridge,POR,24.0,78,37.5,17.9,8.0,2.1,0.9,0.6,1.3,0.495,0.313,0.757,0.628,3.2,2010,0.535,0.228,109.9,104.9,4.9,0.099,0.118
1885,Lamar Odom,LAL,30.0,82,31.5,10.8,9.8,3.3,0.9,0.7,1.8,0.463,0.319,0.693,0.695,3.7,2010,0.533,0.166,106.0,100.3,5.7,0.159,0.152
1716,Larry Hughes,CHA,31.0,45,24.8,9.1,3.2,3.0,1.2,0.3,1.7,0.355,0.309,0.832,0.444,-1.6,2010,0.472,0.201,102.3,105.6,-3.3,0.196,0.065
2544,LeBron James,CLE,25.0,76,39.0,29.7,7.3,8.6,1.6,1.0,3.4,0.503,0.333,0.767,0.789,8.6,2010,0.604,0.328,114.0,103.0,11.0,0.398,0.099
2571,Leandro Barbosa,PHX,27.0,44,17.9,9.5,1.6,1.5,0.5,0.3,1.0,0.425,0.324,0.877,0.727,2.1,2010,0.526,0.239,111.5,105.5,6.0,0.125,0.044
200796,Leon Powe,CLE,26.0,20,11.8,4.0,3.1,0.0,0.3,0.1,0.6,0.429,0.0,0.587,0.75,-0.8,2010,0.515,0.17,100.2,102.0,-1.7,0.0,0.129
200811,Lou Amundson,PHX,27.0,79,14.8,4.7,4.4,0.4,0.3,0.9,0.7,0.551,0.0,0.545,0.671,0.8,2010,0.562,0.142,107.7,104.5,3.2,0.04,0.15
101150,Lou Williams,PHI,23.0,64,29.9,14.0,2.9,4.2,1.3,0.2,1.7,0.47,0.34,0.824,0.359,-1.6,2010,0.576,0.208,105.9,108.5,-2.7,0.219,0.052
201601,Luc Mbah a Moute,MIL,23.0,73,25.6,6.2,5.5,1.1,0.8,0.5,1.0,0.48,0.353,0.699,0.575,0.3,2010,0.53,0.12,102.2,100.2,2.0,0.067,0.108
2449,Luis Scola,HOU,30.0,82,32.6,16.2,8.6,2.1,0.8,0.3,2.0,0.514,0.2,0.779,0.512,-0.7,2010,0.55,0.227,105.8,106.7,-0.9,0.11,0.135
2557,Luke Ridnour,MIL,29.0,82,21.4,10.4,1.7,4.0,0.7,0.1,1.3,0.478,0.381,0.907,0.561,0.0,2010,0.57,0.214,103.4,102.3,1.0,0.314,0.041
2575,Luke Walton,LAL,30.0,29,9.4,2.4,1.3,1.4,0.3,0.0,0.4,0.357,0.412,0.5,0.69,-1.7,2010,0.402,0.157,100.2,109.2,-9.0,0.223,0.067
2736,Luol Deng,CHI,25.0,70,37.9,17.6,7.3,2.0,0.9,0.9,1.9,0.466,0.386,0.764,0.529,0.8,2010,0.531,0.215,103.5,102.6,0.9,0.088,0.095
101129,Luther Head,IND,27.0,47,17.3,7.6,1.7,1.5,0.4,0.2,1.1,0.437,0.352,0.828,0.404,0.2,2010,0.53,0.206,103.2,102.4,0.8,0.142,0.048
2124,Malik Allen,DEN,32.0,51,8.9,2.1,1.6,0.3,0.2,0.1,0.4,0.397,0.167,0.923,0.706,-2.3,2010,0.431,0.14,98.3,111.4,-13.1,0.055,0.094
201612,Malik Hairston,SAS,23.0,47,6.7,2.1,1.0,0.3,0.1,0.2,0.2,0.526,0.182,0.567,0.745,-0.3,2010,0.555,0.135,106.6,107.9,-1.3,0.075,0.079
1938,Manu Ginobili,SAS,32.0,75,28.7,16.5,3.8,4.9,1.4,0.3,2.1,0.441,0.377,0.87,0.613,5.2,2010,0.584,0.247,110.8,102.6,8.2,0.273,0.068
201188,Marc Gasol,MEM,25.0,69,35.8,14.6,9.3,2.4,1.0,1.6,2.0,0.581,0.0,0.67,0.507,1.6,2010,0.617,0.17,109.4,107.1,2.3,0.1,0.137
101162,Marcin Gortat,ORL,26.0,81,13.4,3.6,4.2,0.2,0.2,0.9,0.6,0.533,0.0,0.68,0.716,0.5,2010,0.563,0.125,104.8,102.2,2.6,0.024,0.154
201158,Marco Belinelli,TOR,24.0,66,17.0,7.1,1.4,1.3,0.6,0.1,0.9,0.406,0.38,0.835,0.439,1.2,2010,0.543,0.193,109.3,107.0,2.3,0.119,0.044
2556,Marcus Banks,TOR,28.0,22,11.1,5.0,1.0,1.2,0.5,0.1,0.9,0.534,0.292,0.828,0.545,-0.9,2010,0.635,0.201,95.3,99.4,-4.0,0.215,0.049
948,Marcus Camby,POR,36.0,74,31.3,7.5,11.8,2.5,1.3,2.0,1.2,0.475,0.286,0.639,0.5,1.4,2010,0.501,0.126,107.0,104.2,2.8,0.119,0.194
201977,Marcus Thornton,NOH,23.0,73,25.6,14.5,2.9,1.6,0.8,0.2,1.0,0.451,0.374,0.814,0.452,-1.1,2010,0.55,0.248,106.5,108.3,-1.8,0.103,0.06
200766,Marcus Williams,MEM,24.0,62,14.1,4.3,1.5,2.6,0.5,0.0,1.2,0.384,0.296,0.673,0.435,-2.2,2010,0.456,0.18,100.4,107.8,-7.4,0.274,0.054
200776,Mardy Collins,LAC,25.0,43,10.9,2.6,1.2,1.0,0.5,0.0,0.7,0.367,0.235,0.619,0.349,-2.5,2010,0.404,0.162,95.5,105.3,-9.8,0.151,0.055
201596,Mario Chalmers,MIA,24.0,73,24.8,7.1,1.8,3.4,1.2,0.2,1.7,0.401,0.318,0.745,0.589,0.2,2010,0.519,0.16,102.6,102.4,0.2,0.217,0.039
2605,Marquis Daniels,BOS,29.0,51,18.4,5.6,1.9,1.3,0.5,0.1,0.8,0.498,0.214,0.607,0.627,0.4,2010,0.526,0.156,104.7,103.2,1.6,0.111,0.055
201578,Marreese Speights,PHI,22.0,62,16.4,8.6,4.1,0.6,0.5,0.5,0.8,0.477,0.0,0.745,0.387,-3.1,2010,0.524,0.249,103.6,112.4,-8.8,0.062,0.133
101110,Martell Webster,POR,23.0,82,24.5,9.4,3.3,0.8,0.5,0.5,0.7,0.405,0.373,0.813,0.61,1.3,2010,0.543,0.177,106.9,104.2,2.8,0.05,0.072
101107,Marvin Williams,ATL,24.0,81,30.5,10.1,5.1,1.1,0.8,0.6,0.9,0.455,0.303,0.819,0.642,3.0,2010,0.54,0.156,108.4,103.1,5.3,0.056,0.088
2440,Matt Barnes,ORL,30.0,81,25.9,8.8,5.5,1.7,0.7,0.4,1.4,0.487,0.319,0.74,0.728,5.6,2010,0.576,0.16,112.4,101.2,11.2,0.097,0.111
2588,Matt Bonner,SAS,30.0,65,17.9,7.0,3.3,1.0,0.5,0.4,0.6,0.446,0.39,0.729,0.615,3.2,2010,0.581,0.165,111.3,103.0,8.3,0.09,0.095
2230,Maurice Evans,ATL,31.0,79,16.7,5.7,1.9,0.6,0.4,0.2,0.3,0.445,0.337,0.754,0.646,-0.1,2010,0.539,0.144,104.9,105.1,-0.2,0.056,0.059
2246,Mehmet Okur,UTA,31.0,73,29.4,13.5,7.1,1.6,0.5,1.1,1.7,0.458,0.385,0.82,0.616,2.5,2010,0.561,0.209,108.6,104.2,4.4,0.085,0.127
1897,Metta World Peace,LAL,30.0,77,33.8,11.0,4.3,3.0,1.4,0.3,1.6,0.414,0.355,0.688,0.688,4.7,2010,0.514,0.161,107.5,100.7,6.8,0.132,0.063
201563,Michael Beasley,MIA,21.0,78,29.8,14.8,6.4,1.3,1.0,0.6,1.7,0.45,0.275,0.8,0.564,0.2,2010,0.505,0.253,104.9,104.9,0.0,0.076,0.113
714,Michael Finley,BOS,37.0,46,15.4,4.4,1.5,0.9,0.2,0.1,0.5,0.44,0.39,0.533,0.5,0.2,2010,0.53,0.137,107.4,108.3,-0.9,0.09,0.053
2072,Michael Redd,MIL,30.0,18,27.3,11.9,3.0,2.2,1.1,0.1,0.8,0.352,0.3,0.712,0.333,-5.6,2010,0.444,0.227,92.6,103.3,-10.7,0.143,0.052
2554,Mickael Pietrus,ORL,28.0,75,22.5,8.7,2.9,0.7,0.7,0.4,0.9,0.432,0.379,0.633,0.707,1.6,2010,0.555,0.178,106.4,102.5,3.8,0.048,0.064
1710,Mike Bibby,ATL,32.0,80,27.4,9.1,2.3,3.9,0.8,0.0,1.1,0.416,0.389,0.861,0.65,4.5,2010,0.538,0.16,110.8,103.7,7.2,0.204,0.044
201144,Mike Conley,MEM,22.0,80,32.1,12.0,2.4,5.3,1.4,0.2,2.1,0.445,0.387,0.743,0.5,0.4,2010,0.526,0.184,109.1,108.8,0.3,0.245,0.039
2399,Mike Dunleavy,IND,29.0,67,22.2,9.9,3.5,1.5,0.6,0.2,1.1,0.41,0.318,0.842,0.388,-0.8,2010,0.531,0.2,102.9,104.5,-1.6,0.112,0.076
2034,Mike Miller,WAS,30.0,54,33.4,10.9,6.2,3.9,0.7,0.2,2.1,0.501,0.48,0.824,0.315,-2.8,2010,0.623,0.146,104.4,108.9,-4.4,0.178,0.099
1630,Mikki Moore,GSW,34.0,23,17.6,5.0,3.0,1.6,0.2,0.6,0.9,0.6,0.0,0.636,0.304,-5.7,2010,0.606,0.121,94.6,109.1,-14.5,0.131,0.086
2590,Mo Williams,CLE,27.0,69,34.2,15.8,3.0,5.3,1.0,0.3,2.5,0.442,0.429,0.894,0.725,3.8,2010,0.58,0.214,109.0,104.2,4.8,0.247,0.047
101145,Monta Ellis,GSW,24.0,64,41.4,25.5,4.0,5.3,2.2,0.4,3.8,0.449,0.338,0.753,0.297,-6.2,2010,0.517,0.291,104.4,111.4,-7.0,0.216,0.05
2050,Morris Peterson,NOH,32.0,46,21.1,7.1,2.7,0.9,0.5,0.1,0.6,0.385,0.363,0.611,0.391,-2.7,2010,0.503,0.162,104.9,111.1,-6.1,0.059,0.07
101126,Nate Robinson,BOS,26.0,56,19.9,10.1,2.0,2.9,0.9,0.1,1.3,0.436,0.39,0.746,0.411,-1.3,2010,0.543,0.234,103.2,107.1,-3.9,0.249,0.049
201605,Nathan Jawai,MIN,23.0,39,10.6,3.2,2.7,0.6,0.3,0.2,0.7,0.441,0.0,0.684,0.128,-1.9,2010,0.485,0.151,95.2,104.0,-8.9,0.09,0.119
1737,Nazr Mohammed,CHA,32.0,58,17.0,7.9,5.2,0.5,0.3,0.7,0.9,0.553,0.0,0.648,0.5,-0.2,2010,0.578,0.208,103.4,102.8,0.6,0.049,0.167
2420,Nenad Krstic,OKC,26.0,76,22.9,8.4,5.0,0.7,0.4,0.6,0.8,0.502,0.2,0.717,0.632,1.5,2010,0.527,0.169,107.4,104.4,3.0,0.046,0.113
2403,Nene,DEN,27.0,82,33.6,13.8,7.6,2.5,1.4,1.0,1.5,0.587,0.0,0.704,0.646,3.9,2010,0.631,0.165,112.1,106.1,5.9,0.114,0.118
2555,Nick Collison,OKC,29.0,75,20.8,5.9,5.1,0.5,0.5,0.6,0.8,0.589,0.25,0.692,0.613,3.6,2010,0.616,0.12,107.1,97.6,9.5,0.038,0.127
201156,Nick Young,WAS,25.0,74,19.2,8.6,1.4,0.6,0.4,0.1,0.8,0.418,0.406,0.8,0.324,-0.7,2010,0.519,0.211,103.7,105.7,-1.9,0.055,0.037
201587,Nicolas Batum,POR,21.0,37,24.8,10.1,3.8,1.2,0.6,0.7,0.7,0.519,0.409,0.843,0.622,3.5,2010,0.646,0.159,113.6,105.8,7.8,0.073,0.086
201564,O.J. Mayo,MEM,22.0,82,38.0,17.5,3.8,3.0,1.2,0.2,2.1,0.458,0.383,0.809,0.488,-0.7,2010,0.551,0.203,107.8,109.2,-1.3,0.12,0.052
200762,Oleksiy Pecherov,MIN,24.0,44,10.2,4.5,2.8,0.3,0.2,0.3,0.7,0.41,0.269,0.906,0.136,-0.4,2010,0.487,0.219,98.7,101.3,-2.6,0.04,0.135
201956,Omri Casspi,SAC,22.0,77,25.1,10.3,4.5,1.2,0.7,0.2,1.3,0.446,0.369,0.672,0.312,-1.5,2010,0.529,0.188,102.9,106.2,-3.2,0.076,0.089
2200,Pau Gasol,LAL,29.0,65,37.0,18.3,11.3,3.4,0.6,1.7,2.2,0.536,0.0,0.79,0.708,4.8,2010,0.593,0.21,109.4,103.3,6.0,0.147,0.153
200794,Paul Millsap,UTA,25.0,82,27.8,11.6,6.8,1.6,0.8,1.2,1.4,0.538,0.111,0.693,0.646,4.0,2010,0.573,0.184,109.5,101.8,7.7,0.09,0.129
1718,Paul Pierce,BOS,32.0,71,34.0,18.3,4.4,3.1,1.2,0.4,2.3,0.472,0.414,0.852,0.634,3.5,2010,0.613,0.235,107.2,102.0,5.1,0.15,0.07
978,Peja Stojakovic,NOH,33.0,62,31.4,12.6,3.7,1.5,0.8,0.1,0.9,0.404,0.375,0.897,0.516,-0.6,2010,0.533,0.181,105.3,106.5,-1.2,0.072,0.059
2047,Quentin Richardson,MIA,30.0,76,27.4,8.9,4.9,1.2,0.9,0.2,0.8,0.431,0.397,0.732,0.579,2.8,2010,0.572,0.145,108.0,102.9,5.1,0.067,0.094
2624,Quinton Ross,WAS,29.0,52,10.8,1.8,0.9,0.2,0.3,0.1,0.2,0.36,0.19,0.571,0.462,-1.7,2010,0.393,0.101,94.4,100.2,-5.8,0.033,0.042
1747,Rafer Alston,MIA,33.0,52,27.3,8.2,2.5,3.4,1.0,0.2,1.8,0.348,0.345,0.728,0.25,-2.5,2010,0.443,0.183,99.3,103.9,-4.5,0.2,0.046
200765,Rajon Rondo,BOS,24.0,81,36.6,13.7,4.4,9.8,2.3,0.1,3.0,0.508,0.213,0.621,0.605,3.7,2010,0.54,0.198,107.1,102.4,4.7,0.425,0.065
201196,Ramon Sessions,MIN,24.0,82,21.1,8.2,2.6,3.1,0.7,0.1,1.7,0.456,0.067,0.717,0.183,-2.6,2010,0.513,0.195,99.4,105.6,-6.1,0.236,0.061
200751,Randy Foye,WAS,26.0,70,23.8,10.1,1.9,3.3,0.5,0.1,1.3,0.414,0.346,0.89,0.3,-3.4,2010,0.516,0.208,100.3,107.9,-7.6,0.234,0.04
1740,Rashard Lewis,ORL,30.0,72,32.9,14.1,4.4,1.5,1.1,0.4,1.5,0.435,0.397,0.806,0.722,4.8,2010,0.573,0.193,109.3,101.8,7.5,0.075,0.069
739,Rasheed Wallace,BOS,35.0,79,22.5,9.0,4.1,1.0,1.0,0.9,0.8,0.409,0.283,0.768,0.62,0.7,2010,0.504,0.2,104.3,102.5,1.8,0.076,0.099
1725,Rasho Nesterovic,TOR,34.0,42,9.8,3.9,2.1,0.6,0.2,0.4,0.4,0.544,0.0,0.2,0.452,-2.5,2010,0.539,0.178,106.8,118.8,-12.0,0.091,0.125
2446,Rasual Butler,LAC,31.0,82,33.0,11.9,2.9,1.4,0.4,0.8,1.0,0.409,0.336,0.841,0.354,-3.7,2010,0.524,0.164,102.2,107.9,-5.7,0.067,0.045
951,Ray Allen,BOS,34.0,80,35.2,16.3,3.2,2.6,0.8,0.3,1.6,0.477,0.363,0.913,0.625,5.2,2010,0.601,0.195,108.8,101.6,7.2,0.118,0.049
101109,Raymond Felton,CHA,26.0,80,33.0,12.1,3.6,5.6,1.5,0.3,2.1,0.459,0.385,0.763,0.525,1.6,2010,0.525,0.189,104.6,101.5,3.1,0.283,0.058
2501,Reggie Evans,TOR,30.0,28,11.1,3.4,3.8,0.3,0.5,0.1,0.8,0.493,0.0,0.45,0.393,-0.2,2010,0.498,0.167,100.0,100.2,-0.2,0.038,0.179
202130,Reggie Williams,GSW,23.0,24,32.6,15.2,4.6,2.8,1.0,0.3,1.2,0.495,0.359,0.839,0.375,-2.2,2010,0.588,0.184,110.7,113.4,-2.7,0.125,0.069
1888,Richard Hamilton,DET,32.0,46,33.7,18.1,2.7,4.4,0.7,0.1,2.5,0.409,0.297,0.846,0.304,-3.0,2010,0.505,0.271,103.9,109.4,-5.5,0.229,0.041
2210,Richard Jefferson,SAS,30.0,81,31.1,12.3,4.4,2.0,0.6,0.5,1.3,0.467,0.316,0.735,0.605,3.8,2010,0.551,0.181,108.4,102.2,6.2,0.097,0.073
1729,Ricky Davis,LAC,30.0,36,13.9,4.4,1.6,1.1,0.3,0.1,0.8,0.434,0.381,0.581,0.417,-3.3,2010,0.504,0.169,97.4,109.1,-11.6,0.128,0.061
201577,Robin Lopez,PHX,22.0,51,19.3,8.4,4.9,0.1,0.2,1.0,0.8,0.588,0.0,0.704,0.627,1.9,2010,0.621,0.166,113.2,108.0,5.2,0.01,0.125
200760,Rodney Carney,PHI,26.0,68,12.6,4.7,2.0,0.5,0.4,0.3,0.3,0.401,0.304,0.825,0.338,-1.5,2010,0.515,0.174,101.2,105.7,-4.5,0.07,0.08
201155,Rodney Stuckey,DET,24.0,73,34.2,16.6,3.8,4.8,1.4,0.2,2.2,0.405,0.228,0.833,0.315,-1.5,2010,0.479,0.26,104.4,106.8,-2.4,0.246,0.06
201958,Rodrigue Beaubois,DAL,22.0,56,12.5,7.1,1.4,1.3,0.5,0.2,1.0,0.518,0.409,0.808,0.643,1.0,2010,0.617,0.232,108.4,103.4,5.0,0.162,0.058
2427,Roger Mason Jr.,SAS,29.0,79,19.2,6.3,2.1,1.7,0.4,0.2,0.7,0.389,0.333,0.794,0.608,0.8,2010,0.49,0.166,105.0,102.8,2.2,0.14,0.054
200758,Ronnie Brewer,MEM,25.0,58,30.0,8.8,3.2,2.7,1.6,0.3,0.9,0.487,0.258,0.639,0.638,1.4,2010,0.524,0.14,107.1,104.5,2.6,0.13,0.058
101179,Ronnie Price,UTA,27.0,60,13.4,4.3,1.2,2.1,0.7,0.2,0.9,0.405,0.286,0.695,0.667,0.4,2010,0.476,0.175,99.8,98.0,1.7,0.236,0.047
101142,Ronny Turiaf,GSW,27.0,42,20.8,4.9,4.5,2.1,0.5,1.3,1.2,0.582,0.0,0.474,0.357,-0.2,2010,0.574,0.112,105.2,106.1,-0.9,0.139,0.107
201579,Roy Hibbert,IND,23.0,81,25.1,11.7,5.7,2.0,0.4,1.6,1.8,0.495,0.5,0.754,0.383,0.1,2010,0.537,0.221,103.5,102.9,0.5,0.13,0.113
2767,Royal Ivey,MIL,28.0,44,7.4,2.1,0.8,0.6,0.4,0.0,0.3,0.422,0.4,0.75,0.591,0.1,2010,0.527,0.132,101.2,100.9,0.3,0.127,0.052
201164,Rudy Fernandez,POR,25.0,62,23.2,8.1,2.6,2.0,1.0,0.2,1.2,0.378,0.368,0.867,0.629,0.6,2010,0.54,0.168,104.0,103.8,0.2,0.146,0.06
200752,Rudy Gay,MEM,23.0,80,39.7,19.6,5.9,1.9,1.5,0.8,2.1,0.466,0.327,0.753,0.488,0.1,2010,0.535,0.224,108.6,108.5,0.1,0.076,0.077
201566,Russell Westbrook,OKC,21.0,82,34.3,16.1,4.9,8.0,1.3,0.4,3.3,0.418,0.221,0.78,0.61,3.4,2010,0.491,0.25,108.9,104.6,4.3,0.367,0.072
201583,Ryan Anderson,ORL,22.0,63,14.5,7.7,3.2,0.6,0.4,0.2,0.9,0.436,0.37,0.866,0.73,2.6,2010,0.574,0.233,110.8,101.2,9.7,0.069,0.114
101155,Ryan Gomes,MIN,27.0,76,29.1,10.9,4.6,1.6,0.8,0.2,1.3,0.447,0.372,0.825,0.158,-5.5,2010,0.528,0.172,99.8,109.0,-9.2,0.087,0.081
200797,Ryan Hollins,MIN,25.0,73,16.8,6.1,2.8,0.7,0.3,0.5,1.3,0.558,0.0,0.69,0.178,-5.8,2010,0.6,0.164,95.0,111.0,-16.0,0.066,0.085
201970,Sam Young,MEM,25.0,80,16.5,7.4,2.5,0.7,0.4,0.3,1.2,0.451,0.196,0.777,0.488,-2.9,2010,0.518,0.212,98.0,107.0,-9.0,0.068,0.074
2223,Samuel Dalembert,PHI,30.0,82,25.9,8.1,9.6,0.8,0.5,1.8,1.5,0.545,0.0,0.729,0.329,-2.6,2010,0.573,0.151,102.6,106.9,-4.3,0.047,0.196
2562,Sasha Pavlovic,MIN,26.0,71,12.3,3.7,1.6,0.8,0.3,0.1,0.7,0.363,0.297,0.385,0.155,-3.9,2010,0.422,0.173,93.7,108.7,-15.0,0.105,0.064
2756,Sasha Vujacic,LAL,26.0,67,8.6,2.8,1.2,0.6,0.3,0.1,0.3,0.402,0.309,0.848,0.731,-0.1,2010,0.518,0.141,101.5,101.5,-0.1,0.113,0.065
101118,Sean May,SAC,26.0,37,9.0,3.3,1.9,0.5,0.3,0.2,0.5,0.459,0.0,0.656,0.351,0.3,2010,0.492,0.194,105.7,104.5,1.2,0.083,0.107
201157,Sean Williams,NJN,23.0,20,11.4,2.6,2.3,0.1,0.4,1.0,1.0,0.429,0.0,0.526,0.0,-1.3,2010,0.453,0.149,88.7,92.9,-4.2,0.007,0.099
2742,Sebastian Telfair,CLE,25.0,43,15.3,4.8,1.0,2.9,0.6,0.1,1.2,0.413,0.232,0.784,0.419,-2.7,2010,0.479,0.188,97.9,105.9,-8.1,0.313,0.037
201586,Serge Ibaka,OKC,20.0,73,18.1,6.3,5.4,0.1,0.3,1.3,0.9,0.543,0.5,0.63,0.616,0.1,2010,0.562,0.158,100.8,100.4,0.4,0.013,0.15
200771,Sergio Rodriguez,NYK,24.0,66,15.9,6.6,1.3,3.2,0.8,0.1,1.7,0.476,0.352,0.731,0.318,-0.6,2010,0.554,0.209,105.4,107.6,-2.2,0.307,0.044
2203,Shane Battier,HOU,31.0,67,32.4,8.0,4.7,2.4,0.8,1.1,1.0,0.398,0.362,0.726,0.537,-0.2,2010,0.541,0.114,105.2,105.4,-0.2,0.111,0.073
200769,Shannon Brown,LAL,24.0,82,20.7,8.1,2.2,1.3,0.7,0.4,0.8,0.427,0.328,0.818,0.695,0.2,2010,0.517,0.186,102.0,101.1,0.9,0.105,0.053
406,Shaquille O'Neal,CLE,38.0,53,23.4,12.0,6.7,1.5,0.3,1.2,2.0,0.566,0.0,0.496,0.755,1.8,2010,0.565,0.251,106.8,102.6,4.3,0.11,0.154
2733,Shaun Livingston,WAS,24.0,36,22.1,6.9,2.2,3.6,0.5,0.3,1.6,0.517,0.0,0.875,0.278,0.7,2010,0.563,0.16,105.8,105.7,0.1,0.246,0.053
1890,Shawn Marion,DAL,32.0,75,31.8,12.0,6.4,1.4,0.9,0.8,1.3,0.508,0.158,0.755,0.667,3.1,2010,0.535,0.178,108.1,103.1,5.0,0.069,0.104
200749,Shelden Williams,BOS,26.0,54,11.1,3.7,2.7,0.4,0.2,0.4,0.6,0.521,0.0,0.765,0.667,0.6,2010,0.612,0.149,101.4,99.6,1.8,0.058,0.125
200780,Solomon Jones,IND,25.0,52,13.0,4.0,2.8,0.6,0.3,0.7,0.8,0.443,0.0,0.718,0.385,-2.6,2010,0.499,0.155,94.0,104.0,-10.0,0.077,0.101
201603,Sonny Weems,TOR,23.0,69,19.8,7.5,2.8,1.5,0.6,0.4,0.9,0.515,0.133,0.688,0.464,-0.8,2010,0.533,0.18,108.7,109.5,-0.8,0.11,0.074
201150,Spencer Hawes,SAC,22.0,72,26.4,10.0,6.1,2.2,0.4,1.2,1.8,0.468,0.299,0.689,0.319,-3.1,2010,0.507,0.195,102.7,108.6,-5.9,0.132,0.115
201939,Stephen Curry,GSW,22.0,80,36.2,17.5,4.5,5.9,1.9,0.2,3.0,0.462,0.437,0.885,0.313,-2.3,2010,0.568,0.215,107.5,110.2,-2.7,0.241,0.061
101211,Stephen Graham,CHA,28.0,70,11.5,4.2,1.9,0.3,0.3,0.1,0.5,0.496,0.32,0.646,0.514,-0.2,2010,0.551,0.169,96.6,95.7,0.8,0.054,0.087
1536,Stephen Jackson,CHA,32.0,81,38.6,20.6,5.0,3.7,1.6,0.5,3.2,0.423,0.328,0.779,0.543,1.6,2010,0.518,0.27,105.6,103.0,2.6,0.17,0.068
2581,Steve Blake,LAC,30.0,80,27.0,7.3,2.3,4.8,0.7,0.1,1.6,0.416,0.395,0.75,0.463,-1.6,2010,0.539,0.143,104.1,107.8,-3.6,0.272,0.046
959,Steve Nash,PHX,36.0,81,32.8,16.5,3.3,11.0,0.5,0.1,3.6,0.507,0.426,0.938,0.654,4.7,2010,0.615,0.223,116.1,109.4,6.7,0.483,0.051
200779,Steve Novak,LAC,27.0,54,6.7,2.1,0.6,0.1,0.1,0.0,0.0,0.389,0.31,0.778,0.278,-1.6,2010,0.505,0.136,96.5,109.4,-12.9,0.025,0.046
202178,Sundiata Gaines,UTA,24.0,32,6.8,3.3,0.9,1.2,0.4,0.0,0.4,0.463,0.269,0.5,0.656,0.4,2010,0.518,0.222,101.6,97.3,4.2,0.289,0.067
2551,T.J. Ford,IND,27.0,47,25.3,10.3,3.2,3.8,0.9,0.2,1.9,0.445,0.16,0.77,0.277,-3.7,2010,0.507,0.207,98.6,106.0,-7.5,0.254,0.062
201959,Taj Gibson,CHI,25.0,82,26.9,9.0,7.5,0.9,0.6,1.3,1.4,0.494,0.0,0.646,0.5,-0.8,2010,0.521,0.165,102.4,103.2,-0.8,0.049,0.135
2419,Tayshaun Prince,DET,30.0,49,34.0,13.5,5.1,3.3,0.7,0.4,1.2,0.486,0.37,0.714,0.245,-3.0,2010,0.53,0.19,105.9,110.6,-4.7,0.165,0.081
201944,Terrence Williams,NJN,23.0,78,22.6,8.4,4.5,2.9,0.6,0.1,1.6,0.401,0.31,0.715,0.128,-3.4,2010,0.459,0.213,98.1,105.9,-7.7,0.224,0.101
200757,Thabo Sefolosha,OKC,26.0,82,28.6,6.0,4.7,1.8,1.2,0.6,1.1,0.44,0.313,0.674,0.61,1.0,2010,0.509,0.107,105.6,103.8,1.9,0.088,0.084
201152,Thaddeus Young,PHI,22.0,67,32.0,13.8,5.2,1.4,1.2,0.2,1.9,0.47,0.348,0.691,0.343,-2.1,2010,0.523,0.211,104.0,107.5,-3.5,0.075,0.085
689,Theo Ratliff,CHA,37.0,49,16.5,3.6,3.2,0.5,0.2,1.2,0.8,0.461,0.0,0.76,0.653,-0.3,2010,0.511,0.128,103.7,104.5,-0.9,0.047,0.108
1495,Tim Duncan,SAS,34.0,78,31.3,17.9,10.1,3.2,0.6,1.5,1.8,0.518,0.182,0.725,0.603,4.9,2010,0.56,0.263,109.3,101.1,8.2,0.175,0.169
1501,Tim Thomas,DAL,33.0,18,15.8,7.5,2.3,0.8,0.6,0.1,0.8,0.462,0.372,0.875,0.556,-0.6,2010,0.579,0.204,109.1,112.8,-3.8,0.076,0.076
201962,Toney Douglas,NYK,24.0,56,19.4,8.6,1.9,2.0,0.8,0.1,1.0,0.458,0.389,0.809,0.393,-1.9,2010,0.571,0.191,107.0,111.7,-4.7,0.167,0.051
2754,Tony Allen,BOS,28.0,54,16.5,6.1,2.7,1.3,1.1,0.4,1.2,0.51,0.0,0.605,0.574,-0.6,2010,0.54,0.187,100.2,101.5,-1.3,0.141,0.085
2225,Tony Parker,SAS,28.0,56,30.9,16.0,2.4,5.7,0.5,0.1,2.7,0.487,0.294,0.756,0.607,3.9,2010,0.542,0.255,108.7,102.4,6.4,0.304,0.041
1503,Tracy McGrady,NYK,31.0,30,22.4,8.2,3.1,3.3,0.5,0.5,1.5,0.387,0.25,0.746,0.333,-3.5,2010,0.466,0.205,107.6,116.4,-8.8,0.22,0.073
2566,Travis Outlaw,LAC,25.0,34,21.5,9.1,3.6,1.0,0.5,0.5,0.9,0.391,0.381,0.831,0.412,-1.3,2010,0.503,0.203,99.8,103.3,-3.5,0.082,0.082
2239,Trenton Hassell,NJN,31.0,52,21.3,4.5,2.9,1.0,0.3,0.2,0.9,0.411,0.0,0.754,0.115,-6.8,2010,0.465,0.121,91.9,108.0,-16.1,0.077,0.071
2772,Trevor Ariza,HOU,24.0,72,36.5,14.9,5.6,3.8,1.8,0.6,2.2,0.394,0.334,0.649,0.514,-0.2,2010,0.488,0.21,106.3,106.2,0.1,0.164,0.078
2211,Troy Murphy,IND,30.0,72,32.6,14.6,10.2,2.1,1.0,0.5,1.4,0.472,0.384,0.798,0.347,-3.7,2010,0.585,0.185,101.3,106.7,-5.4,0.108,0.154
201951,Ty Lawson,DEN,22.0,65,20.3,8.3,1.9,3.1,0.7,0.0,1.3,0.515,0.41,0.757,0.646,2.6,2010,0.6,0.174,110.3,104.1,6.3,0.233,0.048
201946,Tyler Hansbrough,IND,24.0,29,17.6,8.5,4.8,1.0,0.6,0.3,0.7,0.36,0.0,0.743,0.379,-1.9,2010,0.448,0.245,97.9,102.3,-4.4,0.097,0.127
201936,Tyreke Evans,SAC,20.0,72,37.2,20.1,5.3,5.8,1.5,0.4,3.0,0.458,0.255,0.748,0.319,-4.7,2010,0.529,0.261,102.2,108.4,-6.2,0.268,0.071
200748,Tyrus Thomas,CHA,23.0,54,22.6,9.4,6.2,1.0,1.2,1.6,1.7,0.462,0.0,0.686,0.611,-0.6,2010,0.511,0.214,98.2,98.9,-0.7,0.081,0.134
2199,Tyson Chandler,CHA,27.0,51,22.8,6.5,6.3,0.3,0.3,1.1,1.8,0.574,0.0,0.732,0.549,-0.3,2010,0.643,0.138,99.1,99.5,-0.3,0.023,0.147
2617,Udonis Haslem,MIA,30.0,78,27.9,9.9,8.1,0.7,0.4,0.3,1.0,0.494,0.0,0.762,0.577,0.8,2010,0.538,0.168,103.4,102.0,1.4,0.042,0.151
1713,Vince Carter,ORL,33.0,75,30.8,16.6,3.9,3.1,0.7,0.2,1.4,0.428,0.367,0.84,0.72,6.6,2010,0.541,0.247,110.5,99.3,11.2,0.177,0.065
2209,Vladimir Radmanovic,GSW,29.0,41,21.7,6.2,4.3,1.1,0.7,0.2,1.1,0.377,0.278,0.741,0.268,-3.1,2010,0.449,0.156,99.9,106.5,-6.6,0.073,0.1
201961,Wayne Ellington,MIN,22.0,76,18.2,6.6,2.1,1.0,0.3,0.1,1.0,0.424,0.395,0.871,0.197,-2.6,2010,0.527,0.168,99.1,105.8,-6.7,0.085,0.057
202083,Wesley Matthews,UTA,23.0,82,24.7,9.4,2.3,1.5,0.8,0.2,1.1,0.483,0.382,0.829,0.646,2.5,2010,0.592,0.164,110.1,104.6,5.5,0.09,0.05
101198,Will Bynum,DET,27.0,63,26.5,10.0,2.3,4.5,0.9,0.1,1.8,0.444,0.218,0.798,0.333,-4.7,2010,0.513,0.199,103.4,112.9,-9.5,0.284,0.046
2584,Willie Green,PHI,28.0,73,21.3,8.7,1.8,2.1,0.4,0.2,0.9,0.457,0.346,0.833,0.315,-2.0,2010,0.538,0.19,103.2,107.8,-4.6,0.164,0.043
201163,Wilson Chandler,NYK,23.0,65,35.7,15.3,5.4,2.1,0.7,0.8,1.7,0.479,0.267,0.806,0.354,-1.9,2010,0.534,0.2,104.7,107.4,-2.7,0.096,0.077
201146,Yi Jianlian,NJN,22.0,52,31.8,12.0,7.2,0.9,0.7,1.0,1.5,0.403,0.366,0.798,0.192,-4.3,2010,0.481,0.2,101.2,108.1,-6.9,0.048,0.118
2216,Zach Randolph,MEM,28.0,81,37.7,20.8,11.7,1.8,1.0,0.4,2.1,0.488,0.288,0.778,0.481,0.2,2010,0.546,0.243,108.9,109.2,-0.2,0.08,0.164
2585,Zaza Pachulia,ATL,26.0,78,14.0,4.3,3.8,0.5,0.5,0.4,0.7,0.488,0.0,0.65,0.641,-0.2,2010,0.539,0.15,104.9,104.5,0.4,0.058,0.138
980,Zydrunas Ilgauskas,CLE,35.0,64,20.9,7.4,5.4,0.8,0.2,0.8,1.0,0.443,0.478,0.743,0.734,3.5,2010,0.491,0.187,109.1,100.8,8.3,0.058,0.134
201985,AJ Price,IND,24.0,50,15.9,6.5,1.4,2.2,0.6,0.0,1.1,0.356,0.275,0.667,0.44,0.5,2011,0.454,0.223,104.4,102.2,2.2,0.233,0.045
201166,Aaron Brooks,PHX,26.0,59,21.8,10.7,1.3,3.9,0.6,0.1,1.7,0.375,0.297,0.886,0.441,-2.8,2011,0.489,0.251,106.8,113.4,-6.6,0.289,0.03
201189,Aaron Gray,NOH,26.0,41,12.9,3.1,4.2,0.4,0.3,0.3,0.8,0.566,0.0,0.5,0.512,0.7,2011,0.566,0.13,107.4,103.5,3.9,0.044,0.178
201151,Acie Law,GSW,26.0,51,14.2,4.2,1.2,1.6,0.6,0.0,0.8,0.435,0.167,0.734,0.392,-2.6,2011,0.502,0.156,99.0,107.8,-8.7,0.182,0.044
1733,Al Harrington,DEN,31.0,73,22.8,10.5,4.5,1.4,0.5,0.1,1.5,0.416,0.357,0.735,0.616,1.8,2011,0.527,0.219,111.6,106.9,4.8,0.096,0.102
201143,Al Horford,ATL,25.0,77,35.1,15.3,9.3,3.5,0.8,1.0,1.5,0.557,0.5,0.798,0.532,0.6,2011,0.587,0.197,105.9,105.2,0.7,0.169,0.142
2744,Al Jefferson,UTA,26.0,82,35.9,18.6,9.7,1.8,0.6,1.9,1.3,0.496,0.0,0.761,0.476,-2.0,2011,0.528,0.239,107.7,110.8,-3.1,0.09,0.143
201154,Al Thornton,GSW,27.0,71,19.5,7.4,3.0,0.9,0.5,0.2,0.9,0.476,0.154,0.775,0.296,-2.0,2011,0.531,0.179,101.5,106.4,-5.0,0.072,0.082
202329,Al-Farouq Aminu,LAC,20.0,81,17.9,5.6,3.3,0.7,0.7,0.3,1.3,0.394,0.315,0.773,0.383,-2.3,2011,0.499,0.168,98.5,104.9,-6.4,0.067,0.093
201582,Alexis Ajinca,TOR,23.0,34,10.0,4.2,2.3,0.3,0.3,0.6,0.5,0.444,0.353,0.722,0.176,0.2,2011,0.507,0.207,101.3,100.6,0.7,0.049,0.117
202087,Alonzo Gee,CLE,24.0,56,20.0,5.9,3.3,0.7,0.7,0.3,1.0,0.458,0.333,0.783,0.286,-4.9,2011,0.544,0.142,98.9,109.9,-11.0,0.056,0.082
2405,Amar'e Stoudemire,NYK,28.0,78,36.8,25.3,8.2,2.6,0.9,1.9,3.2,0.502,0.435,0.792,0.5,0.8,2011,0.565,0.307,111.2,109.9,1.3,0.128,0.114
101161,Amir Johnson,TOR,24.0,72,25.7,9.6,6.4,1.1,0.7,1.2,1.0,0.568,0.0,0.788,0.278,-1.8,2011,0.608,0.152,106.6,109.1,-2.4,0.064,0.131
2760,Anderson Varejao,CLE,28.0,31,32.1,9.1,9.7,1.5,0.9,1.2,1.3,0.528,0.0,0.667,0.258,-5.5,2011,0.56,0.133,99.0,108.0,-9.0,0.074,0.154
101154,Andray Blatche,WAS,24.0,64,33.9,16.8,8.2,2.3,1.5,0.8,2.7,0.445,0.222,0.777,0.328,-3.8,2011,0.497,0.254,101.8,107.9,-6.1,0.115,0.125
2738,Andre Iguodala,PHI,27.0,67,36.8,14.1,5.8,6.3,1.5,0.6,2.1,0.445,0.337,0.693,0.537,2.4,2011,0.53,0.191,105.3,101.9,3.4,0.261,0.081
1889,Andre Miller,POR,35.0,81,32.7,12.7,3.7,7.0,1.4,0.1,2.4,0.46,0.108,0.853,0.58,3.1,2011,0.529,0.203,109.5,104.9,4.6,0.348,0.063
200745,Andrea Bargnani,TOR,25.0,66,35.7,21.4,5.2,1.8,0.5,0.7,2.3,0.448,0.345,0.82,0.288,-4.8,2011,0.533,0.279,105.7,112.9,-7.2,0.086,0.078
1905,Andrei Kirilenko,UTA,30.0,64,31.2,11.7,5.1,3.0,1.3,1.2,1.8,0.467,0.367,0.77,0.516,-0.5,2011,0.567,0.177,108.2,108.6,-0.4,0.145,0.087
2804,Andres Nocioni,PHI,31.0,54,17.2,6.1,3.1,0.8,0.3,0.3,0.9,0.426,0.356,0.803,0.426,-2.6,2011,0.538,0.169,98.7,106.5,-7.8,0.076,0.095
101106,Andrew Bogut,MIL,26.0,65,35.3,12.8,11.1,2.0,0.7,2.6,1.9,0.495,0.0,0.442,0.431,0.2,2011,0.496,0.197,100.4,99.5,0.8,0.103,0.163
101115,Andrew Bynum,LAL,23.0,54,27.8,11.3,9.4,1.4,0.4,2.0,1.4,0.574,0.0,0.66,0.667,3.7,2011,0.606,0.178,107.0,99.6,7.4,0.079,0.173
2740,Andris Biedrins,GSW,25.0,59,23.7,5.0,7.2,1.0,0.9,0.9,1.0,0.534,0.0,0.323,0.441,-4.0,2011,0.526,0.104,103.0,111.4,-8.4,0.06,0.158
1712,Antawn Jamison,CLE,35.0,56,32.9,18.0,6.7,1.7,0.9,0.5,1.4,0.427,0.346,0.731,0.161,-6.5,2011,0.516,0.252,103.1,113.4,-10.4,0.092,0.101
1853,Anthony Carter,NYK,36.0,33,14.0,3.3,1.5,2.1,0.8,0.2,1.2,0.425,0.3,1.0,0.606,0.3,2011,0.502,0.14,103.3,102.3,0.9,0.234,0.056
201627,Anthony Morrow,NJN,25.0,58,32.0,13.2,3.0,1.2,0.3,0.1,0.9,0.45,0.423,0.897,0.293,-2.1,2011,0.573,0.175,102.0,106.3,-4.3,0.063,0.048
1515,Anthony Parker,CLE,36.0,72,29.0,8.3,3.0,3.0,0.9,0.1,1.1,0.399,0.379,0.779,0.25,-4.2,2011,0.505,0.144,100.9,108.4,-7.5,0.164,0.053
201576,Anthony Randolph,MIN,21.0,40,14.7,7.6,4.0,0.8,0.6,0.6,1.3,0.466,0.25,0.674,0.275,-3.5,2011,0.505,0.256,96.3,107.0,-10.7,0.103,0.132
201229,Anthony Tolliver,MIN,26.0,65,21.0,6.7,4.5,1.3,0.4,0.4,0.8,0.45,0.409,0.802,0.185,-1.2,2011,0.585,0.13,102.3,104.8,-2.5,0.09,0.107
686,Antonio McDyess,SAS,36.0,73,19.0,5.3,5.4,1.2,0.5,0.5,1.0,0.491,0.0,0.675,0.74,1.8,2011,0.516,0.147,107.8,102.0,5.7,0.093,0.15
202356,Armon Johnson,POR,22.0,38,7.3,2.9,0.9,1.2,0.1,0.0,1.0,0.455,0.417,0.591,0.526,-0.6,2011,0.497,0.228,92.7,94.4,-1.7,0.3,0.063
201167,Arron Afflalo,DEN,25.0,69,33.7,12.6,3.6,2.4,0.5,0.4,1.0,0.498,0.423,0.847,0.58,2.3,2011,0.62,0.147,111.0,107.3,3.6,0.109,0.056
201948,Austin Daye,DET,23.0,72,20.1,7.5,3.8,1.1,0.5,0.5,0.8,0.41,0.401,0.759,0.361,-1.8,2011,0.518,0.181,105.0,109.5,-4.6,0.085,0.1
1884,Baron Davis,CLE,32.0,58,28.4,13.1,2.7,6.7,1.3,0.5,2.5,0.417,0.339,0.771,0.414,-0.2,2011,0.506,0.24,108.6,109.3,-0.7,0.388,0.049
2732,Ben Gordon,DET,28.0,82,26.0,11.2,2.4,2.1,0.6,0.2,1.7,0.44,0.402,0.85,0.366,-1.4,2011,0.548,0.206,107.2,110.0,-2.8,0.129,0.049
202386,Ben Uzoh,NJN,23.0,42,10.4,3.8,1.5,1.6,0.3,0.2,0.6,0.424,0.375,0.589,0.143,-1.9,2011,0.468,0.199,95.1,103.3,-8.2,0.278,0.07
1112,Ben Wallace,DET,36.0,54,22.9,2.9,6.5,1.3,1.0,1.0,0.8,0.45,0.5,0.333,0.37,-3.2,2011,0.442,0.082,102.2,109.9,-7.6,0.086,0.152
2757,Beno Udrih,SAC,28.0,79,34.6,13.7,3.4,4.9,1.2,0.1,1.8,0.5,0.357,0.864,0.304,-3.4,2011,0.587,0.164,102.0,107.6,-5.6,0.219,0.049
201933,Blake Griffin,LAC,22.0,82,37.9,22.5,12.1,3.8,0.8,0.5,2.7,0.506,0.292,0.642,0.39,-1.8,2011,0.549,0.27,105.9,108.0,-2.2,0.184,0.164
2564,Boris Diaw,CHA,29.0,82,33.9,11.3,5.0,4.1,0.9,0.6,2.0,0.492,0.345,0.683,0.415,-2.9,2011,0.558,0.166,102.8,107.3,-4.5,0.203,0.079
1802,Brad Miller,HOU,35.0,60,16.9,6.4,3.7,2.4,0.5,0.4,0.9,0.446,0.374,0.83,0.533,0.7,2011,0.566,0.167,106.3,104.5,1.8,0.22,0.11
201148,Brandan Wright,NJN,23.0,37,10.2,3.8,2.4,0.3,0.3,0.5,0.4,0.513,0.0,0.677,0.378,-1.8,2011,0.54,0.165,95.5,103.0,-7.5,0.053,0.116
101138,Brandon Bass,ORL,26.0,76,26.1,11.2,5.6,0.8,0.4,0.7,1.3,0.515,0.0,0.815,0.645,2.1,2011,0.571,0.198,103.9,98.9,5.0,0.051,0.112
201943,Brandon Jennings,MIL,21.0,63,34.4,16.2,3.7,4.8,1.5,0.3,2.3,0.39,0.323,0.809,0.429,-1.1,2011,0.493,0.246,100.0,101.6,-1.6,0.261,0.055
200750,Brandon Roy,POR,26.0,47,27.9,12.2,2.6,2.7,0.8,0.3,1.2,0.4,0.333,0.848,0.532,1.7,2011,0.491,0.225,107.1,104.5,2.6,0.168,0.05
201575,Brandon Rush,IND,25.0,67,26.2,9.1,3.2,0.9,0.6,0.5,1.0,0.421,0.417,0.755,0.403,-3.1,2011,0.54,0.16,100.7,106.3,-5.6,0.058,0.062
2217,Brendan Haywood,DAL,31.0,72,18.5,4.4,5.2,0.3,0.2,1.0,0.7,0.574,0.0,0.362,0.694,-0.2,2011,0.532,0.12,103.6,104.0,-0.5,0.022,0.149
2073,Brian Cardinal,DAL,34.0,56,11.0,2.6,1.1,0.7,0.4,0.1,0.3,0.43,0.483,0.944,0.661,-0.5,2011,0.672,0.093,103.7,106.4,-2.7,0.097,0.051
2567,Brian Cook,LAC,30.0,40,11.2,4.8,2.4,0.4,0.3,0.3,0.6,0.424,0.43,0.625,0.2,-0.7,2011,0.534,0.202,102.5,105.1,-2.6,0.057,0.109
201572,Brook Lopez,NJN,23.0,82,35.2,20.4,6.0,1.6,0.6,1.5,2.1,0.492,0.0,0.787,0.293,-3.8,2011,0.549,0.27,103.5,109.7,-6.2,0.087,0.088
201228,C.J. Watson,CHI,27.0,82,13.3,4.9,1.1,2.3,0.7,0.1,0.9,0.371,0.393,0.742,0.756,1.7,2011,0.466,0.212,99.3,92.6,6.7,0.303,0.044
101139,CJ Miles,UTA,24.0,78,25.2,12.8,3.3,1.7,0.9,0.5,1.2,0.407,0.322,0.811,0.462,0.7,2011,0.507,0.244,106.0,103.9,2.2,0.118,0.068
201171,Carl Landry,NOH,27.0,76,26.4,11.9,4.6,0.8,0.5,0.4,1.4,0.502,0.0,0.74,0.329,-2.2,2011,0.555,0.204,104.4,108.7,-4.3,0.052,0.09
2306,Carlos Arroyo,BOS,31.0,64,18.5,4.8,1.6,2.0,0.3,0.0,0.9,0.44,0.449,0.83,0.672,1.6,2011,0.528,0.137,104.8,100.7,4.1,0.16,0.046
2430,Carlos Boozer,CHI,29.0,59,31.9,17.5,9.6,2.5,0.8,0.3,2.5,0.51,0.0,0.701,0.797,4.7,2011,0.542,0.267,109.3,102.4,6.9,0.137,0.161
2568,Carlos Delfino,MIL,28.0,49,32.5,11.5,4.1,2.3,1.6,0.2,1.2,0.39,0.37,0.8,0.429,-1.7,2011,0.517,0.176,99.1,101.8,-2.7,0.123,0.065
2546,Carmelo Anthony,NYK,27.0,77,35.7,25.6,7.3,2.9,0.9,0.6,2.7,0.455,0.378,0.838,0.558,2.4,2011,0.557,0.318,112.2,108.4,3.8,0.149,0.104
2406,Caron Butler,DAL,31.0,29,29.9,15.0,4.1,1.6,1.0,0.3,1.7,0.45,0.431,0.773,0.724,5.1,2011,0.523,0.251,107.2,98.5,8.7,0.091,0.072
201858,Cartier Martin,WAS,26.0,52,10.4,4.0,1.4,0.3,0.3,0.1,0.3,0.39,0.394,0.7,0.365,0.4,2011,0.524,0.171,104.9,102.7,2.2,0.05,0.07
101112,Channing Frye,PHX,28.0,77,33.0,12.7,6.7,1.2,0.6,1.0,0.9,0.432,0.39,0.832,0.506,1.3,2011,0.557,0.167,109.8,107.7,2.1,0.056,0.104
101111,Charlie Villanueva,DET,26.0,76,21.9,11.1,3.9,0.6,0.6,0.6,0.9,0.442,0.387,0.767,0.355,-1.8,2011,0.553,0.229,105.8,110.2,-4.4,0.05,0.096
201978,Chase Budinger,HOU,23.0,78,22.3,9.8,3.6,1.6,0.5,0.2,0.9,0.425,0.325,0.855,0.526,1.8,2011,0.534,0.195,108.5,104.1,4.4,0.113,0.08
1497,Chauncey Billups,NYK,34.0,72,32.1,16.8,2.6,5.4,1.0,0.2,2.5,0.427,0.402,0.916,0.528,1.7,2011,0.617,0.221,112.0,109.1,2.9,0.266,0.042
2365,Chris Andersen,DEN,32.0,45,16.3,5.6,4.9,0.4,0.5,1.3,0.6,0.599,0.0,0.637,0.644,2.0,2011,0.636,0.129,106.4,100.2,6.2,0.043,0.148
2547,Chris Bosh,MIA,27.0,77,36.3,18.7,8.3,1.9,0.8,0.6,1.8,0.496,0.24,0.815,0.714,7.9,2011,0.569,0.232,111.7,100.5,11.2,0.086,0.122
201604,Chris Douglas-Roberts,MIL,24.0,44,20.1,7.3,2.0,1.1,0.7,0.3,0.8,0.429,0.326,0.831,0.432,-0.5,2011,0.517,0.181,99.9,101.1,-1.2,0.098,0.052
2768,Chris Duhon,ORL,28.0,51,15.2,2.5,1.0,2.3,0.3,0.0,1.2,0.38,0.25,0.56,0.706,0.0,2011,0.446,0.118,97.5,97.3,0.2,0.251,0.035
2549,Chris Kaman,LAC,29.0,32,26.2,12.4,7.0,1.4,0.5,1.5,1.8,0.471,0.0,0.754,0.344,-1.4,2011,0.495,0.242,99.0,102.6,-3.6,0.1,0.132
101108,Chris Paul,NOH,26.0,80,36.0,15.9,4.1,9.8,2.4,0.1,2.2,0.463,0.388,0.878,0.563,3.2,2011,0.578,0.206,107.8,103.4,4.4,0.441,0.062
200809,Chris Quinn,SAS,27.0,41,7.1,2.0,0.6,1.0,0.1,0.0,0.3,0.363,0.297,0.5,0.805,-0.9,2011,0.428,0.164,101.8,109.3,-7.5,0.236,0.043
2404,Chris Wilcox,DET,28.0,57,17.5,7.4,4.8,0.8,0.5,0.3,0.8,0.581,0.0,0.562,0.386,-0.1,2011,0.587,0.183,110.8,110.8,0.0,0.068,0.152
201963,Christian Eyenga,CLE,22.0,44,21.5,6.9,2.8,0.8,0.8,0.6,1.1,0.425,0.275,0.643,0.227,-4.6,2011,0.476,0.169,100.3,111.0,-10.7,0.061,0.065
101236,Chuck Hayes,HOU,28.0,74,28.1,7.9,8.1,2.7,1.1,0.7,1.2,0.527,0.0,0.662,0.554,2.8,2011,0.554,0.13,112.0,105.8,6.1,0.14,0.147
201147,Corey Brewer,DAL,25.0,69,21.9,8.0,2.5,1.3,1.4,0.2,1.3,0.395,0.268,0.708,0.319,-1.9,2011,0.482,0.183,102.8,106.4,-3.6,0.09,0.057
1894,Corey Maggette,MIL,31.0,67,20.9,12.0,3.6,1.3,0.3,0.1,1.9,0.453,0.359,0.834,0.373,-1.3,2011,0.573,0.272,100.1,102.5,-2.3,0.111,0.089
201584,Courtney Lee,HOU,25.0,81,21.3,8.3,2.6,1.2,0.7,0.2,0.8,0.439,0.408,0.792,0.531,0.1,2011,0.534,0.175,107.5,106.9,0.6,0.092,0.06
200783,Craig Smith,LAC,27.0,48,12.2,5.4,2.4,0.6,0.3,0.1,0.7,0.553,0.0,0.735,0.354,-1.2,2011,0.592,0.189,99.2,104.3,-5.1,0.095,0.103
201571,D.J. Augustin,CHA,23.0,82,33.6,14.4,2.7,6.1,0.7,0.0,1.9,0.416,0.333,0.906,0.415,-3.1,2011,0.541,0.205,103.6,108.7,-5.2,0.306,0.043
2788,DJ Mbenga,NOH,30.0,41,8.0,1.4,2.1,0.1,0.1,0.7,0.5,0.469,0.0,0.722,0.488,-0.9,2011,0.518,0.108,93.1,97.5,-4.4,0.032,0.13
201591,DJ White,CHA,24.0,47,14.6,5.7,3.4,0.4,0.3,0.4,0.3,0.507,0.0,0.719,0.489,-0.7,2011,0.542,0.18,100.8,103.3,-2.5,0.051,0.122
201161,Daequan Cook,OKC,24.0,43,13.9,5.6,1.7,0.5,0.3,0.0,0.4,0.436,0.422,0.8,0.698,1.8,2011,0.63,0.155,108.3,100.9,7.4,0.055,0.062
2563,Dahntay Jones,IND,30.0,45,13.1,6.3,1.4,0.7,0.4,0.2,0.7,0.467,0.359,0.767,0.489,-0.8,2011,0.558,0.213,99.1,101.1,-2.0,0.103,0.055
2863,Damien Wilkins,ATL,31.0,52,13.0,3.5,1.7,0.8,0.5,0.2,0.4,0.504,0.2,0.714,0.481,-2.3,2011,0.557,0.124,98.2,106.3,-8.1,0.099,0.071
202345,Damion James,NJN,23.0,25,16.1,4.4,3.4,0.8,0.6,0.5,1.0,0.447,0.0,0.643,0.28,-1.2,2011,0.477,0.154,96.5,99.3,-2.8,0.082,0.111
2429,Dan Gadzuric,NJN,33.0,42,11.0,2.8,3.2,0.3,0.3,0.7,0.7,0.419,0.0,0.37,0.31,-1.5,2011,0.419,0.156,98.6,105.6,-7.0,0.046,0.144
200789,Daniel Gibson,CLE,25.0,67,27.8,11.6,2.6,3.0,0.7,0.3,1.2,0.4,0.403,0.822,0.269,-2.9,2011,0.533,0.193,102.3,107.8,-5.5,0.185,0.048
201568,Danilo Gallinari,DEN,22.0,62,33.9,15.6,4.9,1.7,0.8,0.4,1.3,0.414,0.352,0.862,0.548,1.1,2011,0.597,0.188,108.7,106.9,1.8,0.074,0.074
101122,Danny Granger,IND,28.0,79,35.0,20.5,5.4,2.6,1.1,0.8,2.6,0.425,0.386,0.848,0.456,-0.2,2011,0.554,0.263,104.4,104.6,-0.2,0.128,0.076
201967,Dante Cunningham,CHA,24.0,78,21.0,6.2,3.6,0.6,0.7,0.6,0.7,0.462,0.077,0.726,0.5,-1.8,2011,0.483,0.156,101.1,105.4,-4.3,0.044,0.093
2545,Darko Milicic,MIN,26.0,69,24.4,8.8,5.2,1.5,0.8,2.0,2.2,0.469,0.0,0.557,0.217,-3.5,2011,0.482,0.197,101.5,107.9,-6.3,0.099,0.104
201616,Darnell Jackson,SAC,25.0,59,8.2,3.2,1.6,0.2,0.2,0.1,0.4,0.487,0.273,0.612,0.305,-1.3,2011,0.521,0.17,95.7,101.8,-6.1,0.048,0.091
201589,Darrell Arthur,MEM,23.0,80,20.1,9.1,4.3,0.7,0.7,0.8,1.1,0.497,0.0,0.813,0.563,0.5,2011,0.534,0.211,100.8,99.1,1.7,0.056,0.108
201954,Darren Collison,IND,23.0,79,29.9,13.2,2.8,5.1,1.1,0.2,2.5,0.457,0.331,0.871,0.456,-1.7,2011,0.534,0.212,104.2,106.7,-2.6,0.28,0.047
2431,David Andersen,NOH,31.0,40,9.3,3.4,2.1,0.3,0.1,0.2,0.6,0.463,0.348,0.636,0.425,0.5,2011,0.513,0.18,104.2,102.9,1.3,0.054,0.121
101135,David Lee,GSW,28.0,73,36.1,16.5,9.8,3.2,1.0,0.4,2.3,0.507,0.333,0.787,0.479,-1.6,2011,0.549,0.209,108.1,110.1,-2.0,0.136,0.139
2561,David West,NOH,30.0,70,35.0,18.9,7.6,2.3,1.0,0.9,2.0,0.508,0.222,0.807,0.571,2.1,2011,0.558,0.257,106.6,103.6,3.0,0.126,0.119
201599,DeAndre Jordan,LAC,22.0,80,25.6,7.1,7.2,0.5,0.5,1.8,1.3,0.686,0.0,0.452,0.388,-1.3,2011,0.648,0.118,105.9,107.7,-1.8,0.031,0.146
201971,DeJuan Blair,SAS,22.0,81,21.4,8.3,7.0,1.0,1.2,0.5,1.4,0.501,0.0,0.657,0.741,1.7,2011,0.524,0.193,108.6,104.6,3.9,0.067,0.168
201942,DeMar DeRozan,TOR,21.0,82,34.8,17.2,3.8,1.8,1.0,0.4,1.8,0.467,0.096,0.813,0.268,-5.0,2011,0.53,0.23,104.4,111.7,-7.3,0.085,0.058
202326,DeMarcus Cousins,SAC,20.0,81,28.5,14.1,8.6,2.5,1.0,0.8,3.3,0.43,0.167,0.687,0.284,-3.3,2011,0.484,0.27,101.3,107.5,-6.3,0.149,0.154
2052,DeShawn Stevenson,DAL,30.0,72,16.1,5.3,1.5,1.1,0.3,0.1,0.6,0.388,0.378,0.767,0.681,0.4,2011,0.549,0.157,103.2,101.5,1.8,0.101,0.048
2753,Delonte West,BOS,27.0,24,18.9,5.6,1.5,2.7,0.8,0.4,1.3,0.458,0.364,0.867,0.542,-3.6,2011,0.533,0.167,92.3,102.4,-10.1,0.268,0.046
965,Derek Fisher,LAL,36.0,82,28.0,6.8,1.9,2.7,1.2,0.1,0.9,0.389,0.396,0.806,0.695,5.5,2011,0.486,0.125,111.7,101.8,9.8,0.134,0.034
101114,Deron Williams,NJN,27.0,65,37.9,20.1,4.0,10.3,1.2,0.2,3.5,0.439,0.331,0.845,0.508,-1.8,2011,0.566,0.253,108.0,110.3,-2.3,0.448,0.055
201974,Derrick Brown,NYK,23.0,49,11.7,3.8,2.0,0.7,0.4,0.2,0.7,0.565,0.5,0.533,0.449,-0.9,2011,0.588,0.148,99.0,102.9,-3.9,0.093,0.092
202382,Derrick Caracter,LAL,23.0,41,5.2,2.0,1.0,0.2,0.1,0.2,0.5,0.485,0.0,0.739,0.707,-1.4,2011,0.532,0.186,98.2,110.0,-11.8,0.054,0.098
202324,Derrick Favors,UTA,19.0,78,19.7,6.8,5.3,0.5,0.4,0.9,1.0,0.517,0.0,0.595,0.321,-3.0,2011,0.542,0.168,98.0,104.7,-6.7,0.044,0.137
201565,Derrick Rose,CHI,22.0,81,37.4,25.0,4.1,7.7,1.0,0.6,3.4,0.445,0.332,0.858,0.765,6.2,2011,0.55,0.314,109.1,100.7,8.5,0.372,0.056
2734,Devin Harris,UTA,28.0,71,31.7,15.2,2.4,7.1,1.0,0.1,2.9,0.422,0.322,0.833,0.338,-2.9,2011,0.545,0.245,105.1,110.2,-5.1,0.373,0.04
1717,Dirk Nowitzki,DAL,33.0,73,34.3,23.0,7.0,2.6,0.5,0.6,1.9,0.517,0.393,0.892,0.753,7.3,2011,0.612,0.274,110.7,100.4,10.3,0.136,0.109
201187,Dominic McGuire,CHA,25.0,52,14.6,3.3,3.8,0.8,0.2,0.6,0.5,0.396,0.0,0.769,0.346,-1.4,2011,0.437,0.134,98.7,102.2,-3.6,0.092,0.135
201590,Donte Greene,SAC,23.0,69,16.3,5.8,2.1,0.7,0.5,0.3,0.9,0.404,0.292,0.662,0.304,-1.6,2011,0.482,0.179,101.6,104.9,-3.3,0.066,0.064
2748,Dorell Wright,GSW,25.0,82,38.4,16.4,5.3,3.0,1.5,0.8,1.6,0.423,0.376,0.789,0.439,-1.6,2011,0.539,0.19,107.1,109.0,-1.9,0.114,0.069
2400,Drew Gooden,MIL,29.0,35,24.6,11.3,6.8,1.3,0.6,0.5,1.3,0.431,0.15,0.794,0.4,-1.1,2011,0.487,0.245,99.9,102.1,-2.2,0.108,0.144
2730,Dwight Howard,ORL,25.0,78,37.6,22.9,14.1,1.4,1.4,2.4,3.6,0.593,0.0,0.596,0.654,6.4,2011,0.616,0.272,109.0,100.6,8.4,0.067,0.193
2548,Dwyane Wade,MIA,29.0,76,37.1,25.5,6.4,4.6,1.5,1.1,3.1,0.5,0.306,0.758,0.711,7.6,2011,0.581,0.308,112.8,102.4,10.4,0.223,0.091
2853,Earl Barron,POR,29.0,21,14.5,3.8,3.6,0.5,0.4,0.3,0.8,0.323,0.0,0.625,0.476,-1.6,2011,0.361,0.184,104.4,109.2,-4.8,0.054,0.135
1863,Earl Boykins,MIL,35.0,57,15.1,7.2,1.0,2.5,0.7,0.1,0.9,0.443,0.38,0.841,0.404,0.7,2011,0.526,0.235,100.3,97.2,3.1,0.301,0.033
201947,Earl Clark,ORL,23.0,42,11.0,3.9,2.4,0.2,0.2,0.4,0.7,0.43,0.0,0.574,0.667,-1.3,2011,0.456,0.194,96.7,102.8,-6.1,0.035,0.108
2248,Earl Watson,UTA,32.0,80,19.6,4.3,2.3,3.5,0.8,0.2,1.5,0.41,0.336,0.671,0.463,0.1,2011,0.5,0.135,105.8,105.3,0.6,0.26,0.063
202334,Ed Davis,TOR,22.0,65,24.6,7.7,7.1,0.6,0.6,1.0,0.7,0.576,0.0,0.555,0.246,-5.2,2011,0.583,0.131,101.4,111.2,-9.8,0.039,0.148
2067,Eddie House,MIA,33.0,56,17.5,6.5,1.6,1.1,0.6,0.1,0.5,0.399,0.389,0.95,0.696,1.9,2011,0.535,0.169,106.5,101.5,5.0,0.104,0.048
2059,Eduardo Najera,CHA,34.0,31,12.0,2.2,1.4,0.6,0.4,0.2,0.4,0.361,0.324,0.545,0.452,0.3,2011,0.449,0.112,100.6,98.3,2.3,0.089,0.059
202327,Ekpe Udoh,GSW,24.0,58,17.8,4.1,3.1,0.7,0.4,1.5,0.8,0.437,0.0,0.656,0.483,1.8,2011,0.472,0.128,108.3,102.2,6.1,0.051,0.088
1882,Elton Brand,PHI,32.0,81,34.7,15.0,8.3,1.5,1.1,1.3,1.2,0.512,0.0,0.78,0.506,1.7,2011,0.553,0.196,105.8,103.3,2.5,0.07,0.125
2731,Emeka Okafor,NOH,28.0,72,31.8,10.3,9.5,0.6,0.6,1.8,1.7,0.573,0.0,0.562,0.597,2.0,2011,0.584,0.157,106.4,102.5,3.8,0.029,0.164
202339,Eric Bledsoe,LAC,21.0,81,22.7,6.7,2.8,3.6,1.1,0.3,2.4,0.424,0.276,0.744,0.395,-2.7,2011,0.499,0.175,99.7,106.1,-6.4,0.254,0.062
201569,Eric Gordon,LAC,22.0,56,37.7,22.3,2.9,4.4,1.3,0.3,2.7,0.45,0.364,0.825,0.446,0.0,2011,0.566,0.258,108.2,108.2,-0.1,0.197,0.04
201953,Eric Maynor,OKC,24.0,82,14.6,4.2,1.5,2.9,0.4,0.1,0.9,0.402,0.385,0.729,0.671,2.4,2011,0.485,0.164,107.4,99.0,8.5,0.313,0.052
956,Erick Dampier,MIA,35.0,51,16.0,2.5,3.5,0.4,0.3,0.9,0.6,0.584,0.0,0.545,0.706,2.2,2011,0.591,0.079,106.2,100.0,6.2,0.039,0.114
101141,Ersan Ilyasova,MIL,24.0,60,25.1,9.5,6.1,0.9,0.9,0.4,1.1,0.436,0.298,0.894,0.417,1.0,2011,0.516,0.186,102.9,101.0,1.9,0.064,0.126
202323,Evan Turner,PHI,22.0,78,23.0,7.2,3.9,2.0,0.6,0.2,1.0,0.425,0.318,0.808,0.513,-0.6,2011,0.484,0.164,101.0,102.2,-1.2,0.137,0.086
1922,Francisco Elson,UTA,35.0,62,9.8,2.2,1.9,0.5,0.3,0.2,0.5,0.478,0.0,0.839,0.548,-1.0,2011,0.529,0.12,98.6,102.2,-3.6,0.09,0.102
101128,Francisco Garcia,SAC,29.0,58,23.9,9.7,2.3,1.2,0.9,0.8,0.8,0.436,0.362,0.855,0.31,-2.0,2011,0.551,0.169,101.7,106.4,-4.6,0.079,0.048
202066,Garrett Temple,CHA,25.0,24,9.6,2.4,1.0,1.3,0.5,0.3,1.0,0.294,0.27,0.412,0.5,-1.3,2011,0.378,0.2,100.7,108.4,-7.7,0.209,0.053
201814,Gary Forbes,DEN,26.0,63,12.6,5.2,1.8,0.8,0.4,0.1,0.7,0.454,0.328,0.678,0.619,-0.5,2011,0.524,0.188,108.2,110.0,-1.9,0.094,0.073
202390,Gary Neal,SAS,26.0,80,21.1,9.8,2.5,1.2,0.3,0.1,1.0,0.451,0.419,0.808,0.738,1.1,2011,0.578,0.2,108.2,106.0,2.2,0.094,0.06
201588,George Hill,SAS,25.0,76,28.3,11.6,2.6,2.5,0.9,0.3,1.3,0.453,0.377,0.863,0.737,3.7,2011,0.588,0.179,110.1,103.1,7.0,0.142,0.049
201945,Gerald Henderson,CHA,23.0,68,24.4,9.6,3.0,1.5,0.7,0.5,0.9,0.454,0.194,0.785,0.426,-1.5,2011,0.509,0.199,102.3,105.0,-2.7,0.106,0.066
2222,Gerald Wallace,POR,28.0,71,37.9,15.7,8.0,2.4,1.5,0.9,2.1,0.454,0.333,0.746,0.507,1.7,2011,0.548,0.202,107.2,104.7,2.4,0.108,0.113
2240,Gilbert Arenas,ORL,29.0,70,25.7,10.8,2.7,3.9,1.1,0.3,2.5,0.366,0.297,0.784,0.5,-0.2,2011,0.471,0.242,103.4,104.1,-0.7,0.256,0.053
201175,Glen Davis,BOS,25.0,78,29.5,11.7,5.4,1.2,1.0,0.4,1.1,0.448,0.133,0.736,0.692,1.8,2011,0.499,0.21,102.6,99.0,3.6,0.069,0.101
201609,Goran Dragic,HOU,25.0,70,17.6,7.5,2.0,2.9,0.7,0.1,1.7,0.435,0.361,0.624,0.529,-3.0,2011,0.524,0.22,99.4,107.2,-7.8,0.291,0.058
202330,Gordon Hayward,UTA,21.0,72,16.9,5.4,1.9,1.1,0.4,0.3,1.0,0.485,0.473,0.711,0.458,-2.7,2011,0.578,0.149,103.1,111.1,-8.0,0.106,0.061
255,Grant Hill,PHX,38.0,80,30.1,13.2,4.2,2.5,0.8,0.4,1.7,0.484,0.395,0.829,0.488,0.6,2011,0.563,0.199,109.5,108.5,1.0,0.126,0.072
202328,Greg Monroe,DET,21.0,80,27.8,9.4,7.5,1.3,1.2,0.6,1.0,0.551,0.0,0.622,0.375,-1.7,2011,0.575,0.153,107.0,109.5,-2.5,0.075,0.147
202349,Greivis Vasquez,MEM,24.0,70,12.3,3.6,1.0,2.2,0.3,0.1,1.0,0.408,0.291,0.773,0.586,-0.9,2011,0.493,0.164,98.5,102.7,-4.2,0.266,0.045
101124,Hakim Warrick,PHX,28.0,80,17.7,8.4,3.7,0.9,0.4,0.1,1.0,0.511,0.091,0.721,0.488,-2.3,2011,0.581,0.206,104.3,110.0,-5.6,0.081,0.109
201934,Hasheem Thabeet,HOU,24.0,47,7.9,1.1,1.6,0.1,0.2,0.3,0.4,0.425,0.0,0.543,0.489,-2.6,2011,0.478,0.086,97.8,110.9,-13.1,0.015,0.104
2045,Hedo Turkoglu,ORL,32.0,81,31.4,10.8,4.4,4.2,0.9,0.4,1.6,0.446,0.41,0.679,0.593,3.7,2011,0.555,0.165,109.9,104.3,5.6,0.207,0.073
201611,Henry Walker,NYK,23.0,61,12.9,4.9,2.0,0.6,0.3,0.1,0.6,0.441,0.386,0.705,0.525,1.4,2011,0.583,0.161,105.4,99.6,5.8,0.069,0.076
200756,Hilton Armstrong,ATL,26.0,53,9.2,1.7,2.5,0.3,0.3,0.4,0.5,0.487,0.5,0.485,0.283,-1.9,2011,0.508,0.107,93.1,101.5,-8.4,0.046,0.135
101133,Ian Mahinmi,DAL,24.0,56,8.7,3.1,2.1,0.1,0.3,0.3,0.4,0.561,0.0,0.768,0.696,1.2,2011,0.645,0.151,108.7,100.0,8.7,0.025,0.127
101113,Ike Diogu,LAC,27.0,36,13.0,5.8,3.2,0.1,0.1,0.1,0.6,0.561,0.0,0.661,0.444,-1.9,2011,0.59,0.179,99.5,105.3,-5.8,0.008,0.121
202397,Ish Smith,MEM,22.0,43,10.3,2.3,1.1,1.8,0.4,0.0,0.8,0.374,0.3,0.571,0.488,-1.1,2011,0.406,0.155,101.2,107.0,-5.8,0.268,0.053
200826,J.J. Barea,DAL,27.0,81,20.6,9.5,2.0,3.9,0.4,0.0,1.7,0.439,0.349,0.847,0.691,1.9,2011,0.535,0.234,106.7,102.1,4.6,0.314,0.05
201581,JJ Hickson,CLE,22.0,80,28.2,13.8,8.7,1.1,0.6,0.7,2.2,0.458,0.0,0.673,0.238,-6.7,2011,0.503,0.249,99.1,111.1,-12.0,0.075,0.155
200755,JJ Redick,ORL,27.0,59,25.6,10.1,1.9,1.7,0.5,0.1,0.9,0.441,0.397,0.875,0.627,1.7,2011,0.589,0.159,105.4,102.4,3.0,0.11,0.038
2747,JR Smith,DEN,25.0,79,24.9,12.3,4.1,2.2,1.2,0.2,1.3,0.435,0.39,0.738,0.62,3.2,2011,0.55,0.216,112.4,105.9,6.5,0.141,0.084
201580,JaVale McGee,WAS,23.0,79,27.8,10.1,8.0,0.5,0.5,2.4,1.3,0.55,0.0,0.583,0.291,-2.9,2011,0.566,0.162,103.2,107.8,-4.5,0.027,0.146
2037,Jamal Crawford,ATL,31.0,76,30.2,14.2,1.7,3.2,0.8,0.2,1.9,0.421,0.341,0.854,0.526,0.0,2011,0.545,0.224,106.5,106.5,0.0,0.178,0.03
200081,Jamario Moon,LAC,31.0,59,17.7,4.3,2.8,0.9,0.5,0.6,0.4,0.407,0.309,0.882,0.339,-2.5,2011,0.499,0.118,99.4,106.3,-6.9,0.074,0.079
2749,Jameer Nelson,ORL,29.0,76,30.5,13.1,3.0,6.0,1.0,0.0,2.6,0.446,0.401,0.802,0.645,4.1,2011,0.548,0.217,109.5,102.5,7.0,0.324,0.05
202341,James Anderson,SAS,22.0,26,11.0,3.6,0.9,0.7,0.1,0.2,0.5,0.383,0.391,0.778,0.654,-1.9,2011,0.529,0.16,99.5,107.0,-7.5,0.103,0.043
201935,James Harden,OKC,21.0,82,26.7,12.2,3.1,2.1,1.1,0.3,1.3,0.436,0.349,0.843,0.671,2.5,2011,0.598,0.193,109.2,104.3,4.9,0.136,0.06
201949,James Johnson,TOR,24.0,38,21.6,7.1,3.7,2.3,0.9,1.0,1.7,0.456,0.235,0.662,0.395,-1.8,2011,0.505,0.18,105.1,108.2,-3.1,0.161,0.091
2592,James Jones,MIA,30.0,81,19.1,5.9,2.0,0.5,0.4,0.2,0.3,0.422,0.429,0.833,0.704,3.0,2011,0.629,0.115,107.2,100.4,6.8,0.043,0.054
1899,James Posey,IND,34.0,49,17.1,4.9,3.0,0.7,0.5,0.1,0.5,0.336,0.316,0.733,0.388,-0.6,2011,0.485,0.143,96.4,97.7,-1.4,0.068,0.085
201162,Jared Dudley,PHX,25.0,82,26.1,10.6,3.9,1.3,1.1,0.2,0.9,0.477,0.415,0.743,0.488,-0.4,2011,0.598,0.167,106.0,106.6,-0.5,0.078,0.076
2407,Jared Jeffries,NYK,29.0,42,14.3,1.8,2.8,0.9,0.7,0.4,0.5,0.349,0.222,0.414,0.476,2.5,2011,0.375,0.088,116.9,105.6,11.4,0.079,0.101
101127,Jarrett Jack,NOH,27.0,83,20.8,8.9,2.1,2.9,0.7,0.1,1.3,0.408,0.306,0.85,0.47,-2.1,2011,0.503,0.224,101.6,106.3,-4.7,0.251,0.053
2215,Jason Collins,ATL,32.0,49,12.1,2.0,2.1,0.4,0.2,0.2,0.5,0.479,1.0,0.659,0.551,1.8,2011,0.539,0.094,103.3,95.0,8.4,0.051,0.093
467,Jason Kidd,DAL,38.0,80,33.2,7.9,4.4,8.2,1.7,0.4,2.2,0.361,0.34,0.87,0.7,2.1,2011,0.5,0.14,107.3,104.6,2.7,0.357,0.07
101131,Jason Maxiell,DET,28.0,57,16.3,4.2,3.0,0.3,0.4,0.4,0.8,0.492,0.0,0.515,0.298,-2.4,2011,0.51,0.14,104.4,111.3,-6.8,0.028,0.102
2202,Jason Richardson,ORL,30.0,80,33.9,15.6,4.1,1.8,1.2,0.2,1.2,0.447,0.395,0.73,0.588,3.3,2011,0.555,0.202,110.4,105.5,4.9,0.087,0.063
201160,Jason Smith,NOH,25.0,77,14.3,4.3,3.1,0.5,0.3,0.4,0.7,0.443,0.0,0.843,0.571,-0.1,2011,0.49,0.163,99.9,98.5,1.3,0.055,0.113
1891,Jason Terry,DAL,33.0,82,31.3,15.8,1.9,4.1,1.1,0.2,2.0,0.451,0.362,0.85,0.695,4.0,2011,0.545,0.24,109.7,103.7,5.9,0.223,0.031
201574,Jason Thompson,SAC,24.0,75,23.3,8.8,6.1,1.2,0.4,0.6,1.3,0.507,0.0,0.605,0.32,-1.9,2011,0.533,0.178,103.3,106.6,-3.3,0.078,0.131
1715,Jason Williams,MEM,35.0,27,10.9,2.0,1.1,1.9,0.4,0.0,0.7,0.328,0.263,0.0,0.704,1.6,2011,0.403,0.125,103.5,98.3,5.2,0.244,0.051
101214,Jawad Williams,CLE,28.0,26,15.0,4.0,1.8,0.8,0.3,0.1,0.6,0.325,0.289,0.75,0.231,-3.2,2011,0.396,0.164,99.6,111.0,-11.4,0.093,0.063
1902,Jeff Foster,IND,34.0,56,16.8,3.3,6.3,0.8,0.4,0.6,0.5,0.479,0.0,0.563,0.446,0.9,2011,0.497,0.098,104.7,100.4,4.3,0.073,0.175
201145,Jeff Green,BOS,24.0,75,32.4,13.3,4.8,1.4,0.7,0.5,1.3,0.449,0.303,0.811,0.6,0.0,2011,0.538,0.193,106.6,106.0,0.6,0.075,0.078
201952,Jeff Teague,ATL,23.0,70,13.8,5.2,1.5,2.0,0.6,0.4,0.9,0.438,0.375,0.794,0.514,-0.9,2011,0.521,0.193,100.2,103.6,-3.4,0.236,0.056
202379,Jeremy Evans,UTA,23.0,49,9.4,3.6,2.0,0.5,0.3,0.3,0.4,0.661,0.0,0.703,0.449,-0.3,2011,0.678,0.144,102.5,104.4,-1.9,0.09,0.112
202391,Jeremy Lin,GSW,22.0,29,9.8,2.6,1.2,1.4,1.1,0.3,0.6,0.389,0.2,0.76,0.345,0.3,2011,0.458,0.151,105.7,103.2,2.5,0.207,0.059
979,Jermaine O'Neal,BOS,32.0,24,18.0,5.4,3.7,0.5,0.1,1.3,1.1,0.459,0.0,0.674,0.542,0.6,2011,0.504,0.171,98.7,96.9,1.7,0.046,0.109
201966,Jermaine Taylor,SAC,24.0,34,14.2,6.6,1.8,0.9,0.4,0.1,1.4,0.48,0.311,0.75,0.235,-2.9,2011,0.535,0.22,102.1,111.9,-9.8,0.105,0.066
201573,Jerryd Bayless,TOR,22.0,71,21.1,9.2,2.3,3.7,0.5,0.1,1.8,0.422,0.336,0.806,0.352,-4.0,2011,0.536,0.217,100.9,110.2,-9.3,0.294,0.056
201149,Joakim Noah,CHI,26.0,48,32.8,11.7,10.4,2.2,1.0,1.5,1.9,0.525,0.0,0.739,0.75,3.7,2011,0.579,0.163,106.9,101.1,5.7,0.105,0.161
201975,Jodie Meeks,PHI,23.0,74,27.9,10.5,2.3,1.1,0.9,0.1,0.8,0.425,0.397,0.894,0.541,1.2,2011,0.6,0.152,105.4,103.4,2.0,0.056,0.043
2207,Joe Johnson,ATL,30.0,72,35.5,18.2,4.0,4.7,0.7,0.1,2.0,0.443,0.297,0.802,0.528,1.2,2011,0.517,0.261,107.0,105.5,1.6,0.23,0.062
201202,Joel Anthony,MIA,28.0,75,19.5,2.0,3.5,0.3,0.1,1.2,0.5,0.535,0.0,0.644,0.733,1.6,2011,0.583,0.054,106.2,101.4,4.8,0.024,0.093
2038,Joel Przybilla,CHA,31.0,36,14.4,1.8,4.0,0.4,0.1,0.4,0.8,0.568,0.0,0.519,0.5,-2.1,2011,0.573,0.077,99.5,105.6,-6.1,0.038,0.149
201595,Joey Dorsey,TOR,27.0,43,12.1,3.1,4.4,0.6,0.6,0.4,0.9,0.525,0.0,0.477,0.256,-0.3,2011,0.529,0.141,100.5,101.2,-0.7,0.078,0.186
101121,Joey Graham,CLE,29.0,39,15.0,5.2,2.2,0.5,0.2,0.2,0.7,0.458,0.3,0.806,0.231,-2.0,2011,0.518,0.172,97.8,105.0,-7.2,0.054,0.074
101130,Johan Petro,NJN,25.0,77,11.6,3.5,2.8,0.6,0.4,0.4,0.6,0.445,0.0,0.536,0.286,-2.0,2011,0.452,0.18,94.5,101.4,-6.9,0.088,0.122
2422,John Salmons,MIL,31.0,73,35.0,14.0,3.6,3.5,1.0,0.4,1.9,0.415,0.379,0.813,0.411,-0.8,2011,0.51,0.207,99.0,100.1,-1.1,0.179,0.054
202322,John Wall,WAS,20.0,69,37.8,16.4,4.6,8.3,1.8,0.5,3.8,0.409,0.296,0.766,0.275,-6.4,2011,0.494,0.233,100.2,109.0,-8.8,0.357,0.06
201972,Jon Brockman,MIL,24.0,63,10.8,2.2,2.9,0.3,0.2,0.0,0.4,0.511,0.0,0.678,0.444,0.6,2011,0.567,0.095,101.5,97.9,3.6,0.041,0.142
201938,Jonny Flynn,MIN,22.0,53,18.5,5.3,1.5,3.4,0.6,0.1,2.1,0.365,0.31,0.762,0.189,-3.4,2011,0.444,0.186,100.3,109.4,-9.0,0.284,0.04
202348,Jordan Crawford,WAS,22.0,42,24.4,11.7,2.5,2.8,0.9,0.1,2.0,0.384,0.258,0.869,0.405,-5.4,2011,0.456,0.258,99.9,110.8,-10.9,0.197,0.05
200770,Jordan Farmar,NJN,24.0,73,24.6,9.6,2.4,5.0,0.8,0.1,1.9,0.392,0.359,0.82,0.315,-2.4,2011,0.504,0.205,99.7,106.5,-6.7,0.341,0.049
201941,Jordan Hill,HOU,23.0,72,15.6,5.6,4.3,0.4,0.2,0.7,0.9,0.491,0.0,0.706,0.528,-2.1,2011,0.521,0.173,103.4,110.4,-7.1,0.043,0.136
101181,Jose Calderon,TOR,29.0,68,30.9,9.8,3.0,8.9,1.2,0.1,2.2,0.44,0.365,0.854,0.265,-2.5,2011,0.522,0.164,105.8,110.2,-4.5,0.412,0.05
2735,Josh Childress,PHX,28.0,54,16.6,5.0,2.9,0.8,0.6,0.4,0.8,0.565,0.063,0.492,0.426,-2.4,2011,0.567,0.139,105.1,111.9,-6.8,0.072,0.091
2572,Josh Howard,WAS,31.0,18,22.7,8.4,4.1,1.3,0.7,0.3,1.1,0.358,0.241,0.617,0.167,-4.8,2011,0.416,0.211,97.9,106.9,-9.0,0.095,0.087
201177,Josh McRoberts,IND,24.0,72,22.2,7.4,5.3,2.1,0.7,0.8,1.3,0.547,0.383,0.739,0.472,0.8,2011,0.608,0.144,104.7,102.8,1.8,0.143,0.119
2694,Josh Powell,ATL,28.0,54,12.1,4.1,2.5,0.4,0.1,0.1,1.0,0.452,0.0,0.8,0.537,-2.2,2011,0.492,0.195,97.0,105.3,-8.3,0.059,0.112
2746,Josh Smith,ATL,25.0,77,34.3,16.5,8.5,3.3,1.3,1.6,2.6,0.477,0.331,0.725,0.558,1.0,2011,0.54,0.245,105.3,103.4,1.9,0.168,0.133
201950,Jrue Holiday,PHI,21.0,82,35.4,14.0,4.0,6.5,1.5,0.4,2.7,0.446,0.365,0.823,0.5,2.1,2011,0.525,0.204,106.8,103.9,2.9,0.282,0.06
201153,Julian Wright,TOR,24.0,52,14.7,3.6,2.3,1.1,0.8,0.4,0.8,0.513,0.2,0.512,0.173,-0.5,2011,0.525,0.128,102.6,102.6,0.0,0.11,0.08
436,Juwan Howard,MIA,38.0,57,10.4,2.4,2.1,0.4,0.2,0.1,0.4,0.44,0.0,0.829,0.754,0.4,2011,0.495,0.129,103.6,101.9,1.7,0.062,0.108
2586,Keith Bogans,CHI,31.0,82,17.8,4.4,1.8,1.2,0.5,0.1,0.5,0.404,0.38,0.656,0.756,2.0,2011,0.559,0.114,107.4,101.6,5.8,0.098,0.054
2570,Kendrick Perkins,OKC,26.0,29,25.6,6.0,8.0,0.9,0.3,0.9,1.9,0.515,0.0,0.556,0.724,3.3,2011,0.538,0.133,105.7,98.6,7.1,0.052,0.161
2030,Kenyon Martin,DEN,33.0,48,25.7,8.6,6.2,2.3,0.9,0.7,1.2,0.511,0.222,0.583,0.646,4.3,2011,0.526,0.164,111.9,103.7,8.2,0.13,0.125
201142,Kevin Durant,OKC,22.0,78,38.9,27.7,6.8,2.7,1.1,1.0,2.8,0.462,0.35,0.88,0.667,3.4,2011,0.589,0.296,110.8,106.8,4.1,0.127,0.089
708,Kevin Garnett,BOS,35.0,71,31.3,14.9,8.9,2.4,1.3,0.8,1.6,0.528,0.2,0.862,0.69,7.8,2011,0.575,0.219,109.2,96.4,12.9,0.127,0.155
201567,Kevin Love,MIN,22.0,73,35.8,20.2,15.2,2.5,0.6,0.4,2.1,0.47,0.417,0.85,0.233,-3.7,2011,0.593,0.224,104.2,109.5,-5.3,0.116,0.208
2755,Kevin Martin,HOU,28.0,80,32.5,23.5,3.2,2.5,1.0,0.2,2.3,0.436,0.383,0.888,0.525,2.0,2011,0.601,0.289,111.6,108.2,3.4,0.128,0.05
202338,Kevin Seraphin,WAS,21.0,58,10.9,2.7,2.6,0.2,0.3,0.5,0.7,0.449,0.0,0.71,0.259,-3.4,2011,0.479,0.132,94.3,109.2,-14.9,0.025,0.115
2039,Keyon Dooling,MIL,31.0,80,22.0,7.1,1.5,3.0,0.7,0.1,1.1,0.397,0.346,0.83,0.438,0.9,2011,0.509,0.171,101.3,98.4,2.9,0.226,0.035
2550,Kirk Hinrich,ATL,30.0,72,30.0,10.2,2.5,4.0,1.0,0.2,1.7,0.446,0.399,0.841,0.333,-5.3,2011,0.543,0.167,98.8,108.2,-9.4,0.221,0.044
977,Kobe Bryant,LAL,32.0,82,33.9,25.3,5.1,4.7,1.2,0.1,3.0,0.451,0.323,0.828,0.695,5.2,2011,0.548,0.343,111.5,104.2,7.3,0.258,0.077
201585,Kosta Koufos,DEN,22.0,50,8.7,3.2,2.6,0.1,0.2,0.5,0.6,0.453,0.0,0.558,0.34,-1.0,2011,0.474,0.184,102.3,107.5,-5.3,0.025,0.141
2743,Kris Humphries,NJN,26.0,74,27.8,10.0,10.4,1.1,0.4,1.1,1.4,0.527,0.0,0.665,0.311,-3.3,2011,0.555,0.17,101.7,107.8,-6.1,0.069,0.194
703,Kurt Thomas,CHI,38.0,52,22.7,4.1,5.8,1.2,0.6,0.8,0.8,0.511,1.0,0.625,0.75,3.0,2011,0.527,0.095,105.9,98.3,7.6,0.074,0.134
2198,Kwame Brown,CHA,29.0,66,26.0,7.9,6.8,0.7,0.4,0.6,1.0,0.517,0.0,0.589,0.409,-3.5,2011,0.55,0.15,100.7,107.7,-7.0,0.041,0.142
2594,Kyle Korver,CHI,30.0,82,20.1,8.3,1.8,1.5,0.4,0.2,0.7,0.434,0.415,0.885,0.756,3.7,2011,0.572,0.176,107.3,99.3,8.0,0.121,0.047
200768,Kyle Lowry,HOU,25.0,75,34.2,13.5,4.1,6.7,1.4,0.3,2.1,0.426,0.376,0.765,0.533,4.1,2011,0.55,0.184,111.4,105.6,5.8,0.289,0.061
201178,Kyrylo Fesenko,UTA,24.0,53,8.6,2.0,2.0,0.3,0.1,0.3,0.5,0.44,0.0,0.391,0.547,0.7,2011,0.441,0.142,100.0,95.4,4.6,0.063,0.125
200746,LaMarcus Aldridge,POR,25.0,81,39.6,21.8,8.8,2.1,1.0,1.2,1.9,0.5,0.174,0.791,0.593,3.5,2011,0.549,0.257,109.1,104.2,4.9,0.099,0.121
1885,Lamar Odom,LAL,31.0,82,32.2,14.4,8.7,3.0,0.6,0.7,1.7,0.53,0.382,0.675,0.695,4.6,2011,0.589,0.194,109.8,102.8,7.0,0.154,0.135
202361,Landry Fields,NYK,23.0,82,31.0,9.7,6.4,1.9,1.0,0.2,1.3,0.497,0.393,0.769,0.512,0.8,2011,0.598,0.134,110.4,108.7,1.6,0.087,0.105
202336,Larry Sanders,MIL,22.0,60,14.5,4.3,3.0,0.3,0.4,1.2,0.6,0.433,0.0,0.56,0.467,-2.4,2011,0.448,0.172,92.4,100.6,-8.2,0.033,0.103
202351,Lazar Hayward,MIN,24.0,42,10.0,3.8,1.7,0.7,0.3,0.2,0.5,0.357,0.283,0.786,0.238,-2.8,2011,0.464,0.183,98.3,111.2,-12.9,0.107,0.08
2544,LeBron James,MIA,26.0,79,38.8,26.7,7.5,7.0,1.6,0.6,3.6,0.51,0.33,0.759,0.722,7.8,2011,0.594,0.307,111.5,101.4,10.1,0.343,0.101
2571,Leandro Barbosa,TOR,28.0,58,24.0,13.3,1.7,2.1,0.9,0.1,1.4,0.45,0.338,0.796,0.293,-2.5,2011,0.539,0.249,105.3,110.2,-4.8,0.147,0.036
200796,Leon Powe,MEM,27.0,30,10.9,5.3,2.1,0.2,0.3,0.1,0.4,0.496,0.0,0.556,0.333,-2.5,2011,0.524,0.224,99.0,110.4,-11.3,0.038,0.103
101132,Linas Kleiza,TOR,26.0,39,26.5,11.2,4.5,1.0,0.5,0.2,1.7,0.438,0.298,0.631,0.308,-1.6,2011,0.502,0.212,105.3,108.5,-3.3,0.06,0.091
200811,Lou Amundson,GSW,28.0,46,15.0,4.3,4.0,0.4,0.3,0.7,0.5,0.454,0.0,0.391,0.435,-1.9,2011,0.452,0.152,101.2,107.3,-6.1,0.039,0.127
101150,Lou Williams,PHI,24.0,75,23.3,13.7,2.0,3.4,0.6,0.2,1.4,0.406,0.348,0.823,0.52,1.2,2011,0.54,0.27,103.7,101.5,2.2,0.248,0.043
201601,Luc Mbah a Moute,MIL,24.0,79,26.5,6.7,5.3,0.9,0.9,0.4,1.0,0.463,0.0,0.707,0.43,-0.7,2011,0.518,0.131,99.6,99.7,-0.2,0.054,0.103
2449,Luis Scola,HOU,31.0,74,32.6,18.3,8.2,2.5,0.6,0.6,2.0,0.504,0.0,0.738,0.514,3.1,2011,0.538,0.255,111.6,107.3,4.3,0.131,0.127
202376,Luke Harangody,CLE,23.0,49,13.1,3.9,2.9,0.6,0.3,0.3,0.3,0.383,0.242,0.731,0.592,-1.5,2011,0.444,0.165,98.6,104.2,-5.6,0.078,0.111
2557,Luke Ridnour,MIN,30.0,71,30.4,11.8,2.8,5.4,1.3,0.1,2.2,0.468,0.44,0.883,0.183,-3.5,2011,0.567,0.174,103.6,109.0,-5.4,0.274,0.045
2575,Luke Walton,LAL,31.0,54,9.0,1.7,1.2,1.1,0.2,0.1,0.6,0.328,0.235,0.7,0.722,0.6,2011,0.378,0.144,101.0,97.0,3.9,0.183,0.067
2736,Luol Deng,CHI,26.0,82,39.1,17.4,5.8,2.8,1.0,0.6,1.9,0.46,0.345,0.753,0.756,6.4,2011,0.549,0.205,107.0,98.8,8.2,0.119,0.075
101129,Luther Head,SAC,28.0,36,16.3,5.6,1.7,1.9,0.3,0.3,0.9,0.415,0.391,0.78,0.222,-3.0,2011,0.538,0.161,100.0,108.8,-8.8,0.194,0.053
202412,Manny Harris,CLE,21.0,54,17.3,5.9,2.6,1.6,0.6,0.1,1.2,0.374,0.37,0.763,0.13,-4.4,2011,0.486,0.186,97.1,110.1,-13.0,0.153,0.075
1938,Manu Ginobili,SAS,33.0,80,30.3,17.4,3.7,4.9,1.5,0.4,2.2,0.433,0.349,0.871,0.763,6.8,2011,0.581,0.248,111.8,100.7,11.0,0.249,0.063
201188,Marc Gasol,MEM,26.0,81,31.9,11.7,7.0,2.5,0.9,1.7,1.8,0.527,0.429,0.748,0.568,1.7,2011,0.58,0.168,106.4,103.9,2.6,0.117,0.117
101162,Marcin Gortat,PHX,27.0,80,25.4,10.2,7.9,0.9,0.5,1.1,1.0,0.561,0.25,0.725,0.538,0.3,2011,0.594,0.173,105.7,105.2,0.5,0.057,0.158
201158,Marco Belinelli,NOH,25.0,80,24.5,10.5,1.9,1.2,0.5,0.1,1.0,0.437,0.414,0.784,0.55,1.1,2011,0.56,0.195,106.7,105.0,1.6,0.077,0.043
948,Marcus Camby,POR,37.0,59,26.1,4.7,10.3,2.1,0.7,1.6,1.1,0.398,0.0,0.614,0.542,0.5,2011,0.426,0.116,106.4,105.1,1.3,0.114,0.213
201977,Marcus Thornton,SAC,24.0,73,24.3,12.8,3.5,1.8,0.9,0.1,1.3,0.434,0.367,0.788,0.507,-1.6,2011,0.525,0.241,101.3,104.4,-3.1,0.133,0.074
201596,Mario Chalmers,MIA,25.0,70,22.6,6.4,2.1,2.5,1.1,0.1,1.3,0.399,0.359,0.871,0.743,3.7,2011,0.538,0.146,108.8,100.5,8.4,0.172,0.048
2605,Marquis Daniels,BOS,30.0,49,19.1,5.5,2.3,1.3,0.8,0.4,0.8,0.491,0.19,0.684,0.755,0.0,2011,0.527,0.146,98.6,98.4,0.2,0.113,0.066
201578,Marreese Speights,PHI,23.0,64,11.5,5.4,3.3,0.5,0.1,0.3,0.6,0.495,0.25,0.753,0.516,0.8,2011,0.532,0.222,101.4,97.2,4.2,0.069,0.148
101110,Martell Webster,MIN,24.0,46,23.8,9.8,3.2,1.2,0.6,0.2,1.3,0.447,0.417,0.77,0.152,-5.5,2011,0.575,0.177,101.6,112.2,-10.5,0.079,0.068
101107,Marvin Williams,ATL,25.0,65,28.7,10.4,4.8,1.4,0.5,0.4,1.0,0.458,0.336,0.845,0.523,-0.6,2011,0.551,0.17,104.0,104.7,-0.7,0.076,0.091
2440,Matt Barnes,LAL,31.0,53,19.2,6.7,4.3,1.3,0.7,0.4,1.1,0.47,0.318,0.779,0.679,0.4,2011,0.569,0.162,103.9,102.4,1.5,0.112,0.109
2588,Matt Bonner,SAS,31.0,66,21.7,7.3,3.6,0.9,0.4,0.3,0.4,0.464,0.457,0.744,0.727,3.9,2011,0.617,0.134,111.2,102.4,8.8,0.063,0.088
2679,Matt Carroll,CHA,30.0,54,10.8,4.4,1.3,0.4,0.3,0.1,0.4,0.447,0.37,0.769,0.444,-1.2,2011,0.53,0.185,98.3,105.1,-6.8,0.068,0.062
2230,Maurice Evans,WAS,32.0,73,21.2,6.3,2.1,0.6,0.5,0.2,0.5,0.417,0.329,0.897,0.493,-3.6,2011,0.513,0.137,98.3,106.4,-8.2,0.046,0.05
2408,Melvin Ely,DEN,33.0,30,12.2,2.3,2.5,0.5,0.1,0.4,0.5,0.549,0.0,0.619,0.6,0.3,2011,0.573,0.091,110.3,108.6,1.7,0.052,0.105
1897,Metta World Peace,LAL,31.0,82,29.4,8.5,3.3,2.1,1.5,0.4,1.1,0.397,0.356,0.676,0.695,5.2,2011,0.485,0.15,111.1,102.0,9.1,0.103,0.056
201563,Michael Beasley,MIN,22.0,73,32.3,19.2,5.6,2.2,0.7,0.7,2.7,0.45,0.366,0.753,0.192,-3.8,2011,0.51,0.279,102.8,108.4,-5.6,0.118,0.085
2554,Mickael Pietrus,PHX,29.0,57,19.4,7.2,2.2,0.6,0.5,0.4,0.7,0.392,0.36,0.684,0.579,-0.4,2011,0.526,0.178,99.6,100.3,-0.7,0.052,0.058
1710,Mike Bibby,MIA,33.0,80,28.6,8.6,2.4,3.3,0.6,0.1,1.3,0.431,0.44,0.629,0.613,2.3,2011,0.57,0.144,108.5,105.3,3.2,0.173,0.046
201144,Mike Conley,MEM,23.0,81,35.5,13.7,3.0,6.5,1.8,0.2,2.2,0.444,0.369,0.733,0.568,3.7,2011,0.521,0.194,109.2,103.8,5.4,0.273,0.045
2399,Mike Dunleavy,IND,30.0,61,27.6,11.2,4.5,1.7,0.7,0.5,1.1,0.462,0.402,0.8,0.459,1.4,2011,0.593,0.166,104.2,101.6,2.6,0.097,0.08
2034,Mike Miller,MIA,31.0,41,20.4,5.6,4.5,1.2,0.5,0.0,1.0,0.401,0.364,0.676,0.659,-0.8,2011,0.525,0.138,104.5,107.1,-2.5,0.096,0.112
2590,Mo Williams,LAC,28.0,58,30.8,14.0,2.6,6.6,0.9,0.2,2.9,0.399,0.324,0.853,0.328,-5.7,2011,0.503,0.242,100.7,110.5,-9.8,0.361,0.043
101145,Monta Ellis,GSW,25.0,80,40.3,24.1,3.5,5.6,2.1,0.3,3.2,0.451,0.361,0.789,0.438,-2.9,2011,0.536,0.278,106.7,110.1,-3.3,0.234,0.044
101126,Nate Robinson,OKC,27.0,59,17.2,6.8,1.5,1.9,0.5,0.1,1.2,0.399,0.325,0.818,0.746,0.6,2011,0.507,0.212,101.1,99.7,1.4,0.183,0.048
1737,Nazr Mohammed,OKC,33.0,75,17.1,7.1,4.9,0.3,0.4,0.7,0.9,0.522,0.0,0.598,0.533,0.2,2011,0.538,0.202,105.8,105.0,0.8,0.031,0.153
2420,Nenad Krstic,BOS,27.0,71,22.1,8.1,4.7,0.4,0.4,0.4,0.8,0.511,0.0,0.774,0.62,0.5,2011,0.557,0.168,106.2,104.4,1.8,0.027,0.115
2403,Nene,DEN,28.0,75,30.5,14.5,7.6,2.0,1.1,1.0,1.8,0.615,0.2,0.711,0.613,4.3,2011,0.657,0.189,112.0,104.5,7.4,0.104,0.13
2555,Nick Collison,OKC,30.0,71,21.5,4.6,4.5,1.0,0.6,0.4,0.8,0.566,0.0,0.753,0.676,4.4,2011,0.6,0.097,111.5,100.8,10.7,0.068,0.108
201156,Nick Young,WAS,26.0,64,31.8,17.4,2.7,1.2,0.7,0.3,1.4,0.441,0.387,0.816,0.219,-4.4,2011,0.538,0.24,100.7,107.9,-7.2,0.066,0.043
201587,Nicolas Batum,POR,22.0,80,31.5,12.4,4.5,1.5,0.9,0.6,1.0,0.455,0.345,0.841,0.588,0.6,2011,0.563,0.174,107.0,106.4,0.6,0.08,0.078
201593,Nikola Pekovic,MIN,25.0,65,13.7,5.5,3.0,0.4,0.3,0.5,1.4,0.517,0.0,0.763,0.231,-3.3,2011,0.573,0.193,97.0,107.8,-10.8,0.052,0.108
201564,O.J. Mayo,MEM,23.0,71,26.3,11.3,2.4,2.0,1.0,0.4,1.4,0.407,0.364,0.756,0.521,1.7,2011,0.499,0.208,107.7,105.1,2.6,0.116,0.047
201600,Omer Asik,CHI,24.0,82,12.1,2.8,3.7,0.4,0.2,0.7,0.8,0.553,0.0,0.503,0.756,2.9,2011,0.559,0.123,103.2,90.2,13.1,0.049,0.158
201956,Omri Casspi,SAC,23.0,71,24.0,8.6,4.3,1.0,0.8,0.2,1.0,0.412,0.372,0.673,0.239,-1.9,2011,0.517,0.163,103.9,108.5,-4.6,0.063,0.091
201785,Othyus Jeffers,WAS,25.0,17,19.0,5.5,3.9,1.2,1.0,0.0,0.8,0.477,0.25,0.652,0.471,1.0,2011,0.546,0.131,108.3,104.4,3.9,0.088,0.105
202335,Patrick Patterson,HOU,22.0,52,16.7,6.3,3.8,0.8,0.3,0.7,0.6,0.558,0.0,0.714,0.558,0.2,2011,0.574,0.16,106.1,105.8,0.3,0.078,0.113
201988,Patty Mills,POR,22.0,64,12.2,5.5,0.8,1.7,0.4,0.0,1.0,0.412,0.353,0.766,0.625,-1.5,2011,0.506,0.231,97.3,105.0,-7.6,0.261,0.034
2200,Pau Gasol,LAL,30.0,82,37.0,18.8,10.2,3.3,0.6,1.6,1.7,0.529,0.333,0.823,0.695,6.5,2011,0.589,0.214,110.8,102.1,8.6,0.148,0.138
202331,Paul George,IND,21.0,61,20.7,7.8,3.7,1.1,1.0,0.4,1.1,0.453,0.297,0.762,0.475,-0.1,2011,0.542,0.172,104.2,104.1,0.0,0.082,0.087
200794,Paul Millsap,UTA,26.0,76,34.3,17.3,7.6,2.5,1.4,0.9,1.9,0.531,0.391,0.757,0.474,0.2,2011,0.578,0.223,108.3,107.4,0.9,0.121,0.118
1718,Paul Pierce,BOS,33.0,80,34.7,18.9,5.4,3.3,1.0,0.6,2.1,0.497,0.374,0.86,0.688,7.4,2011,0.62,0.236,109.3,97.8,11.4,0.152,0.084
978,Peja Stojakovic,DAL,34.0,33,18.7,8.5,2.3,0.9,0.4,0.1,0.5,0.441,0.419,0.92,0.758,3.8,2011,0.588,0.186,110.9,102.1,8.9,0.069,0.065
200817,Pooh Jeter,SAC,27.0,62,13.8,4.1,1.1,2.6,0.5,0.0,0.8,0.409,0.2,0.902,0.258,-1.4,2011,0.46,0.155,99.4,105.5,-6.1,0.281,0.039
2047,Quentin Richardson,ORL,31.0,57,16.8,4.4,3.1,0.7,0.4,0.1,0.6,0.341,0.288,0.75,0.649,1.2,2011,0.454,0.145,103.5,100.3,3.1,0.064,0.096
202347,Quincy Pondexter,NOH,23.0,66,11.1,2.8,1.3,0.4,0.3,0.2,0.2,0.406,0.36,0.706,0.53,-1.1,2011,0.482,0.136,97.3,102.9,-5.6,0.064,0.062
2624,Quinton Ross,NJN,30.0,36,9.8,1.6,0.8,0.3,0.1,0.2,0.2,0.441,0.0,0.357,0.194,0.4,2011,0.437,0.092,96.8,91.3,5.4,0.045,0.042
1952,Raja Bell,UTA,34.0,68,30.8,8.0,2.6,1.7,0.8,0.2,0.9,0.409,0.352,0.892,0.5,-3.1,2011,0.528,0.125,105.6,110.7,-5.1,0.083,0.044
200765,Rajon Rondo,BOS,25.0,68,37.2,10.6,4.4,11.2,2.3,0.2,3.4,0.475,0.233,0.568,0.691,6.5,2011,0.495,0.179,108.6,99.8,8.9,0.448,0.065
201196,Ramon Sessions,CLE,25.0,81,26.3,13.3,3.1,5.2,0.7,0.1,2.2,0.466,0.2,0.823,0.235,-6.1,2011,0.559,0.237,101.3,112.8,-11.5,0.351,0.06
200751,Randy Foye,LAC,27.0,63,24.6,9.8,1.6,2.7,0.7,0.3,1.5,0.388,0.327,0.893,0.444,-3.1,2011,0.516,0.195,102.8,108.9,-6.1,0.18,0.034
1740,Rashard Lewis,WAS,31.0,57,32.0,11.7,5.1,1.6,0.9,0.5,1.5,0.433,0.357,0.802,0.421,-1.2,2011,0.535,0.176,102.6,104.3,-1.6,0.082,0.08
2446,Rasual Butler,CHI,32.0,47,16.4,4.7,1.6,0.6,0.2,0.3,0.5,0.333,0.338,0.667,0.362,-1.9,2011,0.446,0.154,95.0,101.9,-6.9,0.059,0.05
951,Ray Allen,BOS,35.0,80,36.1,16.5,3.4,2.7,1.0,0.2,1.5,0.491,0.444,0.881,0.688,5.7,2011,0.615,0.192,108.0,99.7,8.2,0.122,0.052
101109,Raymond Felton,DEN,27.0,75,36.5,15.5,3.6,8.3,1.7,0.1,2.9,0.425,0.353,0.805,0.587,1.8,2011,0.524,0.21,109.5,107.3,2.2,0.347,0.05
2501,Reggie Evans,TOR,31.0,30,26.6,4.4,11.5,1.3,1.0,0.2,1.3,0.408,0.0,0.545,0.367,-5.9,2011,0.466,0.1,101.7,112.3,-10.7,0.07,0.224
202130,Reggie Williams,GSW,24.0,80,20.3,9.2,2.7,1.5,0.4,0.0,0.7,0.469,0.423,0.746,0.45,-0.8,2011,0.585,0.184,105.0,107.3,-2.4,0.118,0.066
1888,Richard Hamilton,DET,33.0,55,27.2,14.1,2.3,3.1,0.7,0.1,1.6,0.429,0.382,0.849,0.345,-2.6,2011,0.52,0.255,105.4,110.3,-4.9,0.199,0.045
2210,Richard Jefferson,SAS,31.0,81,30.4,11.0,3.8,1.3,0.5,0.4,1.1,0.474,0.44,0.759,0.741,3.6,2011,0.612,0.152,109.3,103.0,6.3,0.064,0.066
201577,Robin Lopez,PHX,23.0,67,14.8,6.4,3.2,0.1,0.3,0.7,0.7,0.501,0.0,0.74,0.493,-0.7,2011,0.539,0.198,106.9,108.7,-1.8,0.012,0.11
200760,Rodney Carney,MEM,27.0,27,12.4,4.7,1.8,0.4,0.4,0.2,0.6,0.418,0.447,0.667,0.481,-3.1,2011,0.521,0.176,98.5,110.2,-11.7,0.054,0.071
201155,Rodney Stuckey,DET,25.0,70,31.2,15.5,3.1,5.2,1.1,0.1,2.2,0.439,0.289,0.866,0.357,-1.2,2011,0.544,0.238,108.7,110.6,-1.9,0.27,0.053
201958,Rodrigue Beaubois,DAL,23.0,28,17.7,8.4,1.9,2.3,0.7,0.3,1.7,0.422,0.301,0.767,0.679,-0.6,2011,0.5,0.25,98.9,99.6,-0.7,0.213,0.054
2427,Roger Mason Jr.,NYK,30.0,26,12.3,2.9,1.7,0.8,0.2,0.1,0.2,0.338,0.364,0.7,0.385,-2.2,2011,0.461,0.118,98.6,107.5,-9.0,0.099,0.068
200758,Ronnie Brewer,CHI,26.0,81,22.0,6.2,3.2,1.7,1.3,0.3,0.7,0.48,0.222,0.654,0.753,3.0,2011,0.518,0.137,101.8,93.9,7.9,0.126,0.073
101179,Ronnie Price,UTA,28.0,59,12.1,3.3,1.0,0.9,0.7,0.1,0.9,0.352,0.29,0.744,0.525,0.2,2011,0.434,0.18,102.3,100.5,1.8,0.123,0.046
101142,Ronny Turiaf,NYK,28.0,64,17.8,4.2,3.2,1.4,0.5,1.1,0.6,0.632,0.0,0.622,0.5,-0.2,2011,0.648,0.094,103.8,103.2,0.6,0.122,0.088
201579,Roy Hibbert,IND,24.0,81,27.7,12.7,7.5,2.0,0.4,1.8,2.3,0.461,0.0,0.745,0.457,-0.4,2011,0.507,0.234,103.9,104.4,-0.4,0.123,0.136
201164,Rudy Fernandez,POR,26.0,78,23.3,8.6,2.2,2.5,1.1,0.2,1.1,0.37,0.321,0.863,0.59,1.2,2011,0.522,0.179,104.7,103.2,1.5,0.171,0.051
200752,Rudy Gay,MEM,24.0,54,39.8,19.8,6.2,2.8,1.7,1.1,2.5,0.471,0.396,0.805,0.556,2.5,2011,0.548,0.23,106.4,103.1,3.3,0.116,0.081
201566,Russell Westbrook,OKC,22.0,82,34.7,21.9,4.6,8.2,1.9,0.4,3.9,0.442,0.33,0.842,0.671,1.4,2011,0.538,0.311,108.9,106.8,2.1,0.422,0.068
201583,Ryan Anderson,ORL,23.0,64,22.3,10.6,5.5,0.8,0.5,0.6,0.8,0.43,0.393,0.812,0.672,4.3,2011,0.591,0.195,109.1,99.5,9.6,0.061,0.126
101155,Ryan Gomes,LAC,28.0,76,27.6,7.2,3.3,1.6,0.8,0.2,0.7,0.41,0.341,0.718,0.382,-1.5,2011,0.504,0.126,105.9,108.8,-2.9,0.084,0.063
200797,Ryan Hollins,CLE,26.0,70,16.9,5.3,2.7,0.4,0.3,0.6,1.0,0.598,0.0,0.681,0.243,-1.8,2011,0.642,0.139,102.5,107.2,-4.7,0.035,0.082
201970,Sam Young,MEM,26.0,78,20.2,7.3,2.4,0.9,0.9,0.3,0.8,0.472,0.34,0.767,0.564,1.0,2011,0.525,0.17,105.0,103.2,1.9,0.069,0.062
202396,Samardo Samuels,CLE,22.0,37,19.0,7.8,4.3,0.5,0.4,0.5,1.4,0.456,0.0,0.618,0.108,-3.8,2011,0.498,0.211,98.8,108.2,-9.4,0.043,0.115
2223,Samuel Dalembert,SAC,31.0,80,24.2,8.1,8.2,0.8,0.5,1.5,1.7,0.473,0.0,0.73,0.275,-3.2,2011,0.509,0.171,101.3,106.6,-5.2,0.054,0.17
2562,Sasha Pavlovic,BOS,27.0,31,11.7,2.5,1.0,0.5,0.3,0.2,0.4,0.403,0.387,0.6,0.419,-2.5,2011,0.497,0.113,95.8,106.1,-10.3,0.072,0.047
2756,Sasha Vujacic,NJN,27.0,67,24.6,9.8,2.8,2.0,0.8,0.1,1.0,0.402,0.37,0.844,0.388,-4.1,2011,0.515,0.191,100.8,110.8,-9.9,0.134,0.058
1752,Sean Marks,POR,35.0,29,7.2,1.6,1.4,0.1,0.1,0.2,0.4,0.432,1.0,0.625,0.517,-2.5,2011,0.473,0.123,88.2,105.9,-17.7,0.033,0.097
2742,Sebastian Telfair,MIN,26.0,37,19.2,7.2,1.5,3.0,0.7,0.1,1.7,0.402,0.359,0.733,0.297,-2.4,2011,0.497,0.19,101.4,107.4,-6.0,0.246,0.036
201623,Semih Erden,CLE,24.0,41,14.5,4.0,2.9,0.5,0.4,0.6,0.8,0.559,0.0,0.65,0.756,-0.8,2011,0.593,0.134,98.7,100.7,-2.0,0.054,0.109
201586,Serge Ibaka,OKC,21.0,82,27.0,9.9,7.6,0.3,0.4,2.4,0.9,0.543,0.0,0.75,0.671,1.7,2011,0.579,0.156,108.1,104.9,3.2,0.016,0.144
2203,Shane Battier,MEM,32.0,82,29.0,7.6,4.5,2.3,0.8,1.0,1.0,0.45,0.382,0.688,0.512,2.3,2011,0.567,0.116,110.9,107.1,3.8,0.109,0.08
200769,Shannon Brown,LAL,25.0,82,19.1,8.7,1.9,1.2,0.8,0.2,0.9,0.425,0.349,0.911,0.695,1.4,2011,0.518,0.215,103.1,100.0,3.1,0.107,0.048
406,Shaquille O'Neal,BOS,39.0,37,20.3,9.2,4.8,0.7,0.4,1.1,1.5,0.667,0.0,0.557,0.757,5.2,2011,0.659,0.197,112.8,98.5,14.3,0.051,0.138
2733,Shaun Livingston,CHA,25.0,73,17.3,6.6,2.0,2.2,0.6,0.4,1.2,0.466,0.25,0.864,0.425,-1.0,2011,0.53,0.196,97.0,100.1,-3.1,0.241,0.062
1890,Shawn Marion,DAL,33.0,80,28.2,12.5,6.9,1.4,0.9,0.6,1.6,0.52,0.152,0.768,0.7,-0.1,2011,0.551,0.21,105.0,105.0,0.0,0.084,0.128
200761,Shawne Williams,NYK,25.0,64,20.7,7.1,3.7,0.7,0.6,0.8,0.7,0.426,0.401,0.837,0.516,0.1,2011,0.558,0.149,108.3,108.3,0.0,0.054,0.091
200749,Shelden Williams,NYK,27.0,59,15.4,4.5,4.6,0.5,0.4,0.4,0.7,0.468,0.0,0.773,0.644,-0.6,2011,0.522,0.141,105.6,107.8,-2.2,0.053,0.149
200780,Solomon Jones,IND,26.0,39,13.5,3.6,2.9,0.8,0.3,0.6,0.9,0.405,0.0,0.661,0.385,-1.5,2011,0.469,0.154,96.1,100.9,-4.8,0.094,0.107
201603,Sonny Weems,TOR,24.0,59,24.0,9.2,2.6,1.8,0.6,0.0,1.5,0.444,0.279,0.766,0.288,-5.8,2011,0.492,0.198,101.9,113.4,-11.5,0.12,0.056
201150,Spencer Hawes,PHI,23.0,81,21.2,7.2,5.7,1.5,0.4,0.9,1.2,0.465,0.243,0.534,0.506,-0.7,2011,0.481,0.187,102.9,104.0,-1.1,0.112,0.139
201939,Stephen Curry,GSW,23.0,74,33.6,18.6,3.9,5.8,1.5,0.3,3.1,0.48,0.442,0.934,0.446,-0.2,2011,0.595,0.237,108.5,108.4,0.0,0.268,0.058
101211,Stephen Graham,NJN,29.0,59,16.2,3.4,2.1,0.7,0.2,0.0,0.6,0.405,0.238,0.816,0.322,-5.0,2011,0.457,0.121,96.9,111.5,-14.6,0.066,0.068
1536,Stephen Jackson,CHA,33.0,67,35.9,18.5,4.5,3.6,1.2,0.4,3.1,0.411,0.337,0.816,0.448,-3.8,2011,0.52,0.27,102.9,108.1,-5.2,0.184,0.067
2581,Steve Blake,LAL,31.0,79,20.0,4.0,2.0,2.2,0.5,0.0,0.9,0.359,0.378,0.867,0.696,1.0,2011,0.5,0.112,104.1,101.7,2.4,0.157,0.049
959,Steve Nash,PHX,37.0,75,33.3,14.7,3.5,11.4,0.6,0.1,3.5,0.492,0.395,0.912,0.52,3.8,2011,0.601,0.205,112.6,107.9,4.8,0.498,0.053
200779,Steve Novak,SAS,28.0,30,7.2,3.5,0.9,0.1,0.0,0.2,0.1,0.522,0.565,1.0,0.6,-1.3,2011,0.737,0.155,105.2,115.9,-10.8,0.025,0.067
202178,Sundiata Gaines,NJN,25.0,24,12.5,4.6,1.6,1.8,0.7,0.0,1.1,0.4,0.237,0.5,0.375,-1.5,2011,0.459,0.217,100.7,103.3,-2.6,0.232,0.061
2551,T.J. Ford,IND,28.0,41,18.9,5.4,2.0,3.4,0.9,0.2,1.5,0.386,0.188,0.729,0.415,-0.3,2011,0.434,0.183,97.3,97.3,0.0,0.308,0.051
201959,Taj Gibson,CHI,26.0,80,21.8,7.1,5.7,0.7,0.5,1.3,0.9,0.466,0.125,0.676,0.75,3.2,2011,0.502,0.166,105.0,97.0,8.0,0.054,0.133
2419,Tayshaun Prince,DET,31.0,78,32.8,14.1,4.2,2.8,0.4,0.5,1.1,0.473,0.347,0.702,0.372,-1.7,2011,0.511,0.209,107.4,110.3,-2.9,0.142,0.07
201944,Terrence Williams,HOU,24.0,21,13.8,5.0,2.4,1.8,0.4,0.0,1.6,0.374,0.273,0.667,0.333,-3.5,2011,0.427,0.238,93.8,105.4,-11.6,0.244,0.086
200757,Thabo Sefolosha,OKC,27.0,79,25.9,5.1,4.4,1.4,1.2,0.5,0.7,0.471,0.275,0.747,0.671,1.3,2011,0.545,0.091,108.8,106.0,2.8,0.076,0.089
201152,Thaddeus Young,PHI,23.0,82,26.0,12.7,5.3,1.0,1.1,0.3,1.2,0.541,0.273,0.707,0.5,2.0,2011,0.566,0.216,105.4,101.1,4.3,0.067,0.105
201168,Tiago Splitter,SAS,26.0,60,12.3,4.6,3.4,0.4,0.5,0.3,0.5,0.529,0.0,0.543,0.717,-0.4,2011,0.55,0.174,103.5,104.8,-1.3,0.06,0.142
1495,Tim Duncan,SAS,35.0,76,28.4,13.4,8.9,2.7,0.7,1.9,1.6,0.5,0.0,0.716,0.789,6.0,2011,0.537,0.225,110.3,100.3,10.0,0.15,0.162
202389,Timofey Mozgov,DEN,24.0,45,11.6,3.6,2.7,0.3,0.3,0.6,0.8,0.474,0.0,0.712,0.6,-0.9,2011,0.523,0.158,102.8,105.8,-3.0,0.045,0.115
201962,Toney Douglas,NYK,25.0,81,24.3,10.6,3.0,3.0,1.1,0.0,1.1,0.416,0.373,0.794,0.506,1.4,2011,0.534,0.194,107.6,104.8,2.8,0.202,0.061
2754,Tony Allen,MEM,29.0,72,20.8,8.9,2.7,1.4,1.8,0.6,1.2,0.51,0.174,0.753,0.556,0.7,2011,0.562,0.195,103.2,100.4,2.9,0.113,0.068
1499,Tony Battie,PHI,35.0,38,9.9,2.6,2.6,0.3,0.1,0.4,0.3,0.469,0.667,0.571,0.368,-0.8,2011,0.489,0.138,93.4,97.7,-4.3,0.055,0.125
2225,Tony Parker,SAS,29.0,78,32.4,17.5,3.1,6.6,1.2,0.0,2.6,0.519,0.357,0.769,0.769,3.9,2011,0.569,0.251,109.0,102.5,6.4,0.345,0.049
1503,Tracy McGrady,DET,32.0,72,23.4,8.0,3.5,3.5,0.9,0.5,1.4,0.442,0.341,0.698,0.347,-1.2,2011,0.503,0.186,103.7,106.6,-2.9,0.244,0.081
2566,Travis Outlaw,NJN,26.0,82,28.8,9.2,4.0,1.0,0.4,0.4,0.9,0.375,0.302,0.772,0.293,-4.2,2011,0.469,0.171,101.3,109.1,-7.8,0.059,0.072
2772,Trevor Ariza,NOH,25.0,75,34.7,11.0,5.4,2.2,1.6,0.4,1.6,0.398,0.303,0.701,0.573,0.1,2011,0.487,0.174,104.5,104.7,-0.2,0.099,0.086
202344,Trevor Booker,WAS,23.0,65,16.4,5.3,3.9,0.5,0.4,0.6,0.6,0.549,0.0,0.673,0.231,-2.7,2011,0.582,0.135,101.2,108.6,-7.4,0.051,0.117
2211,Troy Murphy,BOS,31.0,35,13.3,3.1,3.2,0.7,0.4,0.1,0.6,0.368,0.152,0.667,0.371,-3.6,2011,0.428,0.147,88.1,102.7,-14.6,0.088,0.126
201951,Ty Lawson,DEN,23.0,80,26.3,11.7,2.6,4.7,1.0,0.1,1.7,0.503,0.404,0.764,0.613,2.9,2011,0.593,0.19,112.8,107.4,5.4,0.272,0.051
201946,Tyler Hansbrough,IND,25.0,70,21.9,11.0,5.2,0.6,0.5,0.2,1.1,0.465,0.0,0.779,0.486,-1.7,2011,0.529,0.224,102.5,106.1,-3.6,0.047,0.117
201936,Tyreke Evans,SAC,21.0,57,37.0,17.8,4.8,5.6,1.5,0.5,3.2,0.409,0.291,0.771,0.316,-3.5,2011,0.482,0.253,101.7,106.4,-4.7,0.255,0.065
200748,Tyrus Thomas,CHA,24.0,41,21.0,10.2,5.5,0.7,0.7,1.6,1.6,0.471,0.0,0.787,0.439,-0.5,2011,0.536,0.241,100.4,101.7,-1.3,0.064,0.139
2199,Tyson Chandler,DAL,28.0,74,27.8,10.1,9.4,0.4,0.5,1.1,1.2,0.654,0.0,0.732,0.73,4.0,2011,0.697,0.141,109.3,101.3,8.0,0.024,0.177
2617,Udonis Haslem,MIA,31.0,13,26.5,8.0,8.2,0.5,0.5,0.2,1.1,0.512,0.0,0.8,0.615,4.1,2011,0.549,0.145,108.2,100.4,7.8,0.029,0.157
1713,Vince Carter,PHX,34.0,73,28.1,14.0,3.8,2.0,0.9,0.3,1.2,0.437,0.361,0.74,0.521,1.7,2011,0.528,0.23,108.0,104.6,3.4,0.116,0.068
2209,Vladimir Radmanovic,GSW,30.0,74,15.8,5.1,2.9,1.1,0.6,0.6,0.8,0.431,0.405,0.882,0.432,0.7,2011,0.562,0.147,108.5,105.1,3.4,0.096,0.093
101144,Von Wafer,BOS,25.0,58,9.5,3.2,0.8,0.6,0.3,0.1,0.3,0.421,0.269,0.842,0.776,0.1,2011,0.524,0.161,92.0,91.6,0.5,0.111,0.045
201961,Wayne Ellington,MIN,23.0,62,19.1,6.6,1.7,1.2,0.5,0.0,0.9,0.403,0.397,0.792,0.226,-3.3,2011,0.488,0.169,100.3,108.7,-8.3,0.098,0.045
202325,Wesley Johnson,MIN,23.0,79,26.2,9.0,3.0,1.9,0.7,0.7,1.2,0.397,0.356,0.696,0.215,-2.8,2011,0.491,0.165,103.7,109.1,-5.4,0.108,0.057
202083,Wesley Matthews,POR,24.0,82,33.6,15.9,3.1,2.0,1.2,0.1,1.7,0.449,0.407,0.844,0.585,1.9,2011,0.582,0.209,107.5,104.7,2.8,0.101,0.051
101198,Will Bynum,DET,28.0,61,18.4,7.9,1.2,3.2,0.9,0.1,1.4,0.448,0.32,0.836,0.377,-2.8,2011,0.524,0.221,104.1,111.0,-6.9,0.289,0.036
2584,Willie Green,NOH,29.0,77,21.7,8.7,2.1,1.0,0.5,0.2,0.9,0.443,0.348,0.78,0.571,-0.8,2011,0.515,0.202,100.3,101.9,-1.6,0.08,0.051
201163,Wilson Chandler,DEN,24.0,72,33.3,15.3,5.7,1.7,0.7,1.3,1.4,0.45,0.35,0.807,0.569,2.4,2011,0.537,0.205,108.6,104.5,4.1,0.079,0.084
202333,Xavier Henry,MEM,20.0,38,13.9,4.3,1.0,0.5,0.3,0.1,0.3,0.406,0.118,0.635,0.5,-1.2,2011,0.451,0.165,99.4,103.2,-3.8,0.054,0.036
201146,Yi Jianlian,WAS,23.0,63,17.6,5.6,3.9,0.4,0.4,0.5,0.8,0.418,0.231,0.681,0.27,-3.5,2011,0.459,0.173,99.4,108.2,-8.8,0.036,0.111
202220,Zabian Dowdell,PHX,26.0,24,12.2,5.0,0.8,2.1,0.8,0.1,1.2,0.408,0.3,0.941,0.583,-1.8,2011,0.457,0.24,97.8,104.6,-6.8,0.295,0.034
2216,Zach Randolph,MEM,29.0,75,36.3,20.1,12.2,2.2,0.8,0.3,2.0,0.503,0.186,0.758,0.573,3.5,2011,0.552,0.247,109.1,104.4,4.7,0.1,0.178
2585,Zaza Pachulia,ATL,27.0,79,15.7,4.4,4.2,0.7,0.4,0.3,0.9,0.461,0.0,0.754,0.544,-1.7,2011,0.562,0.141,101.2,106.4,-5.2,0.074,0.146
980,Zydrunas Ilgauskas,MIA,36.0,72,15.9,5.0,4.0,0.4,0.3,0.8,0.7,0.508,0.0,0.783,0.708,2.9,2011,0.531,0.158,112.4,102.5,9.9,0.033,0.136
201985,AJ Price,IND,25.0,44,12.9,3.9,1.4,2.0,0.5,0.0,0.7,0.339,0.295,0.8,0.614,0.8,2012,0.454,0.171,98.9,97.7,1.2,0.264,0.054
201189,Aaron Gray,TOR,27.0,49,16.6,3.9,5.7,0.6,0.4,0.3,1.0,0.516,0.0,0.532,0.347,-3.1,2012,0.526,0.134,96.4,106.5,-10.0,0.055,0.183
1733,Al Harrington,DEN,32.0,64,27.5,14.2,6.1,1.4,0.9,0.2,1.8,0.446,0.333,0.676,0.563,2.6,2012,0.535,0.241,107.5,102.5,5.0,0.083,0.113
201143,Al Horford,ATL,26.0,11,31.6,12.4,7.0,2.2,0.9,1.3,1.5,0.553,0.0,0.733,0.636,4.7,2012,0.585,0.174,108.6,100.3,8.3,0.113,0.116
2744,Al Jefferson,UTA,27.0,61,34.0,19.2,9.6,2.2,0.8,1.7,1.0,0.492,0.25,0.774,0.525,2.6,2012,0.52,0.258,108.8,104.8,4.1,0.113,0.146
202329,Al-Farouq Aminu,NOH,21.0,66,22.4,6.0,4.7,1.0,0.9,0.5,1.4,0.411,0.277,0.754,0.318,-0.5,2012,0.481,0.159,98.6,98.9,-0.2,0.074,0.11
101187,Alan Anderson,TOR,29.0,17,27.1,9.6,2.0,1.5,0.3,0.2,1.5,0.387,0.393,0.853,0.412,-1.5,2012,0.519,0.186,96.3,99.0,-2.7,0.1,0.038
202692,Alec Burks,UTA,20.0,59,15.9,7.2,2.2,0.9,0.5,0.1,0.9,0.429,0.333,0.727,0.559,-0.4,2012,0.506,0.212,101.7,103.7,-1.9,0.1,0.069
202087,Alonzo Gee,CLE,25.0,63,29.0,10.6,5.1,1.8,1.3,0.3,1.8,0.412,0.321,0.788,0.317,-3.4,2012,0.516,0.184,99.7,105.6,-5.9,0.109,0.087
2405,Amar'e Stoudemire,NYK,29.0,47,32.8,17.5,7.8,1.1,0.8,1.0,2.4,0.483,0.238,0.765,0.468,-0.9,2012,0.541,0.248,99.9,101.8,-1.9,0.063,0.121
101161,Amir Johnson,TOR,25.0,64,24.3,7.1,6.4,1.2,0.5,1.1,1.5,0.576,0.4,0.69,0.344,0.3,2012,0.6,0.141,101.2,100.6,0.6,0.085,0.135
2760,Anderson Varejao,CLE,29.0,25,31.4,10.8,11.5,1.7,1.4,0.7,1.8,0.514,0.0,0.672,0.4,-0.7,2012,0.542,0.163,104.3,105.3,-1.0,0.086,0.186
101154,Andray Blatche,WAS,25.0,26,24.1,8.5,5.8,1.1,0.8,0.7,1.4,0.38,0.286,0.673,0.269,-5.8,2012,0.415,0.214,95.9,108.3,-12.4,0.076,0.122
2738,Andre Iguodala,PHI,28.0,62,35.6,12.4,6.1,5.5,1.7,0.5,1.9,0.454,0.394,0.617,0.532,3.5,2012,0.537,0.176,102.2,97.0,5.2,0.241,0.085
1889,Andre Miller,DEN,36.0,66,27.4,9.7,3.3,6.7,1.0,0.1,2.7,0.438,0.217,0.811,0.576,2.6,2012,0.51,0.198,109.1,104.4,4.6,0.365,0.064
200745,Andrea Bargnani,TOR,26.0,31,33.3,19.5,5.5,2.0,0.6,0.5,2.2,0.432,0.296,0.873,0.419,-1.4,2012,0.538,0.288,102.5,104.7,-2.3,0.113,0.089
101106,Andrew Bogut,MIL,27.0,12,30.3,11.3,8.3,2.6,1.0,2.0,2.0,0.449,0.0,0.609,0.583,1.6,2012,0.465,0.214,97.9,94.5,3.4,0.148,0.138
101115,Andrew Bynum,LAL,24.0,60,35.2,18.7,11.8,1.4,0.5,1.9,2.5,0.558,0.2,0.692,0.633,1.9,2012,0.594,0.234,103.4,101.3,2.1,0.074,0.169
202726,Andrew Goudelock,LAL,23.0,40,10.5,4.4,0.8,0.5,0.1,0.0,0.5,0.391,0.373,0.917,0.6,-0.7,2012,0.488,0.22,97.1,101.1,-4.0,0.085,0.037
2740,Andris Biedrins,GSW,26.0,47,15.7,1.7,3.7,0.3,0.5,1.0,0.3,0.609,0.0,0.111,0.362,-2.5,2012,0.581,0.051,99.9,107.5,-7.7,0.029,0.125
1712,Antawn Jamison,CLE,36.0,65,33.1,17.2,6.3,2.0,0.8,0.7,1.4,0.403,0.341,0.683,0.308,-4.6,2012,0.481,0.255,103.0,110.2,-7.2,0.11,0.094
1853,Anthony Carter,TOR,37.0,24,8.7,2.0,1.4,1.4,0.3,0.2,0.7,0.321,0.294,0.8,0.208,-2.1,2012,0.409,0.159,84.3,95.5,-11.2,0.296,0.08
201627,Anthony Morrow,NJN,26.0,62,26.4,12.0,2.0,1.0,0.7,0.1,1.1,0.413,0.371,0.933,0.323,-1.5,2012,0.531,0.208,102.0,106.2,-4.2,0.065,0.04
1515,Anthony Parker,CLE,37.0,51,25.1,7.2,2.7,2.4,0.7,0.1,1.0,0.433,0.362,0.625,0.294,-4.6,2012,0.523,0.138,99.8,109.9,-10.1,0.144,0.055
201576,Anthony Randolph,MIN,22.0,34,15.2,7.4,3.6,0.6,0.4,1.0,1.2,0.47,0.0,0.762,0.294,-1.1,2012,0.532,0.235,99.7,102.7,-3.0,0.066,0.115
201229,Anthony Tolliver,MIN,27.0,51,17.3,4.1,3.0,0.4,0.4,0.4,0.7,0.39,0.248,0.745,0.333,-0.7,2012,0.504,0.12,101.2,103.2,-2.0,0.04,0.085
201167,Arron Afflalo,DEN,26.0,62,33.7,15.2,3.2,2.4,0.6,0.2,1.4,0.471,0.398,0.798,0.581,0.5,2012,0.584,0.186,106.3,105.2,1.1,0.115,0.048
201948,Austin Daye,DET,24.0,41,14.7,4.7,2.2,0.8,0.5,0.5,1.0,0.322,0.21,0.814,0.341,-3.5,2012,0.394,0.211,89.1,100.6,-11.5,0.1,0.076
202340,Avery Bradley,BOS,21.0,64,21.4,7.6,1.8,1.4,0.7,0.2,1.2,0.498,0.407,0.795,0.609,1.5,2012,0.555,0.179,98.3,94.2,4.1,0.109,0.044
1884,Baron Davis,NYK,33.0,29,20.5,6.1,1.9,4.7,1.2,0.1,2.6,0.37,0.306,0.667,0.552,1.4,2012,0.457,0.205,105.2,101.4,3.8,0.347,0.05
2732,Ben Gordon,DET,29.0,52,26.9,12.5,2.3,2.4,0.7,0.2,2.2,0.442,0.429,0.86,0.385,-3.6,2012,0.549,0.227,98.1,105.4,-7.3,0.172,0.046
202386,Ben Uzoh,TOR,24.0,18,20.5,4.5,3.7,3.4,0.9,0.2,1.1,0.354,0.0,0.579,0.389,0.5,2012,0.377,0.159,93.8,92.7,1.2,0.28,0.09
1112,Ben Wallace,DET,37.0,62,15.8,1.4,4.3,0.7,0.8,0.8,0.5,0.395,0.25,0.34,0.387,-1.7,2012,0.398,0.068,92.8,97.8,-5.0,0.073,0.144
2757,Beno Udrih,MIL,29.0,59,18.3,5.9,1.7,3.8,0.6,0.0,1.3,0.44,0.288,0.709,0.475,3.7,2012,0.488,0.177,105.7,95.0,10.7,0.317,0.046
202687,Bismack Biyombo,CHA,19.0,63,23.1,5.2,5.8,0.4,0.3,1.8,1.1,0.464,0.0,0.483,0.111,-7.3,2012,0.48,0.129,91.4,107.3,-15.8,0.032,0.125
201933,Blake Griffin,LAC,23.0,66,36.2,20.7,10.9,3.2,0.8,0.7,2.3,0.549,0.125,0.521,0.606,5.1,2012,0.557,0.262,111.0,103.6,7.4,0.156,0.155
2250,Bobby Simmons,LAC,32.0,28,14.9,2.9,2.0,0.4,0.5,0.1,0.4,0.311,0.333,0.571,0.679,-0.6,2012,0.43,0.11,100.1,102.1,-2.0,0.039,0.068
2564,Boris Diaw,SAS,30.0,57,25.0,6.4,4.9,3.6,0.6,0.4,2.0,0.444,0.313,0.629,0.404,-3.5,2012,0.498,0.151,97.2,105.0,-7.8,0.224,0.098
201148,Brandan Wright,DAL,24.0,49,16.2,6.9,3.6,0.3,0.4,1.3,0.4,0.618,0.0,0.634,0.571,0.2,2012,0.632,0.167,101.9,100.5,1.3,0.029,0.11
101138,Brandon Bass,BOS,27.0,59,31.7,12.5,6.2,0.9,0.6,0.9,1.1,0.479,0.0,0.81,0.627,2.7,2012,0.524,0.195,102.0,97.6,4.3,0.05,0.103
201943,Brandon Jennings,MIL,22.0,66,35.3,19.1,3.4,5.5,1.6,0.3,2.2,0.418,0.332,0.808,0.47,-1.6,2012,0.514,0.253,104.3,106.3,-2.0,0.264,0.047
202688,Brandon Knight,DET,20.0,66,32.2,12.8,3.2,3.8,0.7,0.2,2.6,0.415,0.38,0.759,0.379,-3.9,2012,0.511,0.215,99.4,105.5,-6.2,0.202,0.052
201575,Brandon Rush,GSW,26.0,65,26.4,9.8,3.9,1.4,0.5,0.9,1.0,0.501,0.452,0.793,0.354,-1.2,2012,0.628,0.153,104.5,106.6,-2.1,0.081,0.075
2217,Brendan Haywood,DAL,32.0,54,21.2,5.2,6.0,0.4,0.4,1.0,0.9,0.518,0.0,0.469,0.574,0.4,2012,0.52,0.126,100.2,98.8,1.4,0.025,0.142
2073,Brian Cardinal,DAL,35.0,44,6.3,1.0,0.8,0.4,0.2,0.0,0.2,0.255,0.204,0.833,0.545,-1.3,2012,0.373,0.103,88.3,98.2,-10.0,0.094,0.059
2567,Brian Cook,WAS,31.0,32,8.6,2.5,2.0,0.3,0.2,0.2,0.3,0.316,0.2,0.9,0.531,-0.3,2012,0.396,0.182,95.8,96.5,-0.7,0.056,0.111
201957,Byron Mullens,CHA,23.0,65,22.5,9.3,5.0,0.9,0.3,0.8,1.1,0.425,0.235,0.821,0.108,-5.6,2012,0.473,0.221,96.3,109.3,-12.9,0.073,0.113
201228,C.J. Watson,CHI,28.0,49,23.7,9.7,2.1,4.1,0.9,0.2,2.0,0.368,0.393,0.808,0.735,0.8,2012,0.491,0.224,102.4,101.0,1.4,0.283,0.045
101139,CJ Miles,UTA,25.0,56,20.4,9.1,2.1,1.2,0.8,0.3,0.9,0.381,0.307,0.794,0.5,0.4,2012,0.484,0.218,102.0,102.0,0.0,0.096,0.052
201171,Carl Landry,NOH,28.0,41,24.4,12.5,5.2,0.9,0.3,0.3,1.6,0.503,0.0,0.799,0.317,-1.7,2012,0.577,0.236,100.3,104.0,-3.7,0.071,0.116
2430,Carlos Boozer,CHI,30.0,66,29.5,15.0,8.5,1.9,1.0,0.4,1.7,0.532,0.0,0.693,0.758,4.1,2012,0.549,0.235,106.0,99.8,6.2,0.112,0.147
2568,Carlos Delfino,MIL,29.0,54,28.5,9.0,3.9,2.3,1.5,0.2,1.2,0.402,0.36,0.792,0.426,-3.4,2012,0.515,0.155,102.9,108.2,-5.3,0.118,0.068
2546,Carmelo Anthony,NYK,28.0,55,34.1,22.6,6.3,3.6,1.1,0.4,2.6,0.43,0.335,0.804,0.527,2.0,2012,0.525,0.311,104.1,101.5,2.5,0.209,0.093
2406,Caron Butler,LAC,32.0,63,29.7,12.0,3.7,1.2,0.8,0.1,1.2,0.407,0.358,0.813,0.619,4.5,2012,0.501,0.201,111.4,103.9,7.5,0.065,0.063
201858,Cartier Martin,WAS,27.0,17,23.0,9.3,3.4,0.6,0.6,0.1,0.8,0.44,0.387,0.579,0.529,1.9,2012,0.555,0.179,101.4,97.3,4.2,0.041,0.075
202718,Chandler Parsons,HOU,23.0,63,28.6,9.5,4.8,2.1,1.2,0.5,1.3,0.452,0.337,0.551,0.524,1.0,2012,0.513,0.163,104.5,102.6,1.9,0.114,0.084
101112,Channing Frye,PHX,29.0,64,26.1,10.5,5.9,1.4,0.7,1.1,1.0,0.416,0.346,0.89,0.516,2.6,2012,0.519,0.192,109.1,104.1,5.1,0.077,0.116
202724,Charles Jenkins,GSW,23.0,51,17.5,5.8,1.3,3.3,0.6,0.1,1.2,0.447,0.15,0.872,0.294,-4.4,2012,0.482,0.184,96.2,107.9,-11.7,0.306,0.037
201978,Chase Budinger,HOU,24.0,58,22.4,9.6,3.7,1.3,0.5,0.1,0.9,0.442,0.402,0.771,0.534,0.4,2012,0.556,0.19,102.9,102.6,0.3,0.093,0.085
1497,Chauncey Billups,LAC,35.0,20,30.3,15.0,2.5,4.0,0.5,0.2,1.9,0.364,0.384,0.895,0.7,4.1,2012,0.554,0.226,107.5,101.0,6.4,0.21,0.042
2365,Chris Andersen,DEN,33.0,32,15.2,5.3,4.6,0.2,0.6,1.4,0.5,0.546,0.0,0.61,0.5,0.8,2012,0.583,0.145,106.7,101.7,5.0,0.019,0.149
2547,Chris Bosh,MIA,28.0,57,35.2,18.0,7.9,1.8,0.9,0.8,2.1,0.487,0.286,0.821,0.737,6.8,2012,0.551,0.239,107.7,97.7,10.0,0.086,0.12
2768,Chris Duhon,ORL,29.0,63,19.5,3.8,1.6,2.4,0.6,0.1,1.3,0.419,0.42,0.81,0.571,-0.2,2012,0.558,0.112,98.5,98.8,-0.3,0.208,0.043
2549,Chris Kaman,NOH,30.0,47,29.2,13.1,7.7,2.1,0.5,1.6,2.7,0.446,0.0,0.785,0.34,-1.3,2012,0.478,0.262,100.1,102.8,-2.7,0.134,0.141
101108,Chris Paul,LAC,27.0,60,36.3,19.8,3.6,9.1,2.5,0.1,2.1,0.478,0.371,0.861,0.617,5.5,2012,0.581,0.237,111.4,104.1,7.4,0.413,0.051
202698,Chris Singleton,WAS,22.0,66,21.7,4.6,3.5,0.7,1.1,0.5,0.6,0.372,0.346,0.682,0.303,-2.2,2012,0.462,0.115,97.0,100.9,-3.9,0.051,0.081
2404,Chris Wilcox,BOS,29.0,28,17.2,5.4,4.4,0.4,0.4,0.3,1.1,0.598,0.0,0.615,0.536,-1.6,2012,0.612,0.147,95.0,98.4,-3.5,0.042,0.131
101236,Chuck Hayes,SAC,29.0,54,19.2,3.2,4.3,1.4,0.7,0.3,0.9,0.429,0.0,0.667,0.352,-3.1,2012,0.459,0.102,100.3,107.5,-7.1,0.109,0.111
201147,Corey Brewer,DEN,26.0,59,21.8,8.9,2.5,1.5,1.2,0.3,0.9,0.434,0.26,0.692,0.593,0.3,2012,0.505,0.191,105.4,103.4,2.0,0.103,0.059
1894,Corey Maggette,CHA,32.0,32,27.5,15.0,3.9,1.2,0.7,0.0,1.8,0.373,0.364,0.856,0.188,-8.6,2012,0.517,0.264,94.4,110.3,-15.9,0.082,0.069
202809,Cory Higgins,CHA,23.0,38,11.1,3.9,0.9,0.9,0.1,0.2,1.0,0.325,0.2,0.7,0.026,-3.1,2012,0.402,0.246,88.6,101.8,-13.3,0.159,0.043
202709,Cory Joseph,SAS,20.0,29,9.2,2.0,0.9,1.2,0.2,0.1,0.4,0.314,0.2,0.647,0.724,-1.9,2012,0.374,0.148,101.7,110.8,-9.0,0.189,0.047
201584,Courtney Lee,HOU,26.0,58,30.3,11.4,2.7,1.5,1.2,0.4,1.1,0.433,0.401,0.826,0.517,0.8,2012,0.534,0.173,104.2,103.0,1.2,0.079,0.046
200783,Craig Smith,POR,28.0,47,9.9,3.3,2.3,0.4,0.3,0.1,0.5,0.504,0.0,0.717,0.426,-1.5,2012,0.556,0.154,98.1,106.1,-8.1,0.067,0.118
201571,D.J. Augustin,CHA,24.0,48,29.3,11.1,2.3,6.4,0.8,0.0,2.3,0.376,0.341,0.875,0.146,-8.4,2012,0.493,0.206,96.8,111.7,-14.9,0.37,0.039
201591,DJ White,CHA,25.0,58,18.9,6.8,3.6,0.8,0.3,0.4,0.7,0.493,1.0,0.705,0.103,-5.7,2012,0.516,0.176,92.5,108.5,-16.0,0.08,0.098
201969,DaJuan Summers,NOH,24.0,15,13.9,4.5,1.5,0.7,0.5,0.0,0.5,0.431,0.313,0.778,0.133,-2.1,2012,0.493,0.17,96.7,103.7,-7.0,0.083,0.059
201161,Daequan Cook,OKC,25.0,57,17.4,5.5,2.1,0.3,0.4,0.2,0.3,0.368,0.346,0.636,0.719,1.4,2012,0.509,0.146,104.1,100.0,4.1,0.024,0.063
2563,Dahntay Jones,IND,31.0,65,16.2,5.3,1.8,1.0,0.4,0.2,0.7,0.409,0.429,0.838,0.646,-1.1,2012,0.533,0.156,98.9,103.0,-4.2,0.106,0.056
2863,Damien Wilkins,DET,32.0,60,15.4,3.2,1.7,0.7,0.5,0.2,0.5,0.394,0.304,0.63,0.383,-0.9,2012,0.445,0.123,95.4,96.4,-1.0,0.079,0.056
200789,Daniel Gibson,CLE,26.0,35,26.2,7.5,2.9,2.2,0.7,0.5,1.3,0.351,0.396,0.791,0.4,-1.7,2012,0.493,0.148,100.8,104.0,-3.2,0.136,0.053
201568,Danilo Gallinari,DEN,23.0,43,31.4,14.6,4.7,2.7,1.0,0.5,1.6,0.414,0.328,0.871,0.628,5.1,2012,0.563,0.207,108.5,100.7,7.8,0.131,0.078
101122,Danny Granger,IND,29.0,62,33.3,18.7,5.0,1.8,1.0,0.6,1.8,0.416,0.381,0.873,0.661,4.8,2012,0.542,0.252,107.7,100.6,7.0,0.091,0.074
201980,Danny Green,SAS,25.0,66,23.1,9.1,3.5,1.3,0.9,0.7,1.0,0.442,0.436,0.79,0.758,3.7,2012,0.579,0.17,106.7,98.9,7.8,0.086,0.074
201967,Dante Cunningham,MEM,25.0,64,17.6,5.2,3.8,0.6,0.7,0.5,0.5,0.516,0.0,0.652,0.609,-0.8,2012,0.538,0.134,97.3,98.8,-1.6,0.054,0.111
2545,Darko Milicic,MIN,27.0,29,16.3,4.6,3.3,0.6,0.3,0.9,1.1,0.454,0.0,0.432,0.483,-1.5,2012,0.458,0.17,95.3,100.1,-4.8,0.062,0.1
201954,Darren Collison,IND,24.0,60,31.3,10.4,3.1,4.8,0.8,0.2,1.9,0.44,0.362,0.83,0.6,2.0,2012,0.526,0.167,105.4,102.0,3.4,0.239,0.05
101135,David Lee,GSW,29.0,57,37.2,20.1,9.6,2.8,0.9,0.4,2.6,0.503,0.0,0.782,0.386,-2.5,2012,0.549,0.256,105.2,108.2,-3.0,0.132,0.132
2561,David West,IND,31.0,66,29.2,12.8,6.6,2.1,0.8,0.7,1.4,0.487,0.222,0.807,0.636,3.3,2012,0.531,0.207,106.0,100.4,5.6,0.123,0.112
201599,DeAndre Jordan,LAC,23.0,66,27.2,7.4,8.3,0.3,0.5,2.0,1.1,0.632,0.0,0.525,0.606,2.4,2012,0.626,0.119,108.5,102.9,5.5,0.014,0.155
201971,DeJuan Blair,SAS,23.0,64,21.3,9.5,5.5,1.2,0.9,0.2,1.4,0.534,0.0,0.613,0.75,0.5,2012,0.549,0.21,104.3,102.7,1.7,0.091,0.131
201942,DeMar DeRozan,TOR,22.0,63,35.0,16.7,3.3,2.0,0.8,0.3,2.0,0.422,0.261,0.81,0.349,-1.5,2012,0.503,0.25,101.1,103.6,-2.5,0.105,0.051
202326,DeMarcus Cousins,SAC,21.0,64,30.5,18.1,11.0,1.6,1.5,1.2,2.7,0.448,0.143,0.702,0.313,-2.8,2012,0.499,0.286,104.2,108.2,-3.9,0.092,0.175
201960,DeMarre Carroll,UTA,25.0,24,14.5,4.5,2.2,0.8,0.5,0.0,0.5,0.41,0.368,0.875,0.667,-0.6,2012,0.478,0.157,105.8,107.9,-2.1,0.078,0.082
2205,DeSagana Diop,CHA,30.0,27,12.0,1.1,3.1,0.9,0.2,0.5,0.7,0.357,0.0,0.167,0.037,-4.3,2012,0.347,0.087,83.6,103.1,-19.5,0.124,0.126
2052,DeShawn Stevenson,NJN,31.0,51,18.8,2.9,2.0,0.8,0.4,0.1,0.4,0.285,0.283,0.563,0.392,-3.2,2012,0.413,0.093,95.4,103.0,-7.6,0.068,0.052
2753,Delonte West,DAL,28.0,44,24.1,9.6,2.3,3.2,1.3,0.3,1.7,0.461,0.355,0.886,0.568,-0.6,2012,0.539,0.201,96.4,97.4,-1.0,0.229,0.048
965,Derek Fisher,OKC,37.0,63,23.9,5.6,1.9,2.7,0.8,0.1,1.2,0.371,0.321,0.851,0.635,2.4,2012,0.464,0.134,103.9,99.5,4.4,0.17,0.041
101114,Deron Williams,NJN,28.0,55,36.3,21.0,3.3,8.7,1.2,0.4,4.0,0.407,0.336,0.843,0.382,-3.3,2012,0.527,0.294,103.8,108.5,-4.7,0.458,0.047
201974,Derrick Brown,CHA,24.0,65,22.2,8.1,3.6,1.0,0.7,0.2,0.8,0.518,0.25,0.667,0.108,-5.8,2012,0.556,0.166,94.3,107.5,-13.2,0.086,0.083
202324,Derrick Favors,UTA,20.0,65,21.2,8.8,6.5,0.7,0.6,1.0,1.6,0.499,0.0,0.649,0.538,-0.3,2012,0.537,0.2,100.4,100.9,-0.5,0.053,0.155
201565,Derrick Rose,CHI,23.0,39,35.2,21.8,3.4,7.9,0.9,0.7,3.1,0.435,0.312,0.812,0.821,7.4,2012,0.532,0.296,109.1,98.9,10.2,0.379,0.047
202682,Derrick Williams,MIN,21.0,66,21.5,8.8,4.7,0.6,0.5,0.5,1.2,0.412,0.268,0.697,0.394,-1.6,2012,0.499,0.205,100.6,103.9,-3.2,0.046,0.108
202365,Devin Ebanks,LAL,22.0,24,16.5,4.0,2.3,0.5,0.5,0.3,0.8,0.416,0.0,0.657,0.625,0.3,2012,0.465,0.136,104.5,104.7,-0.2,0.043,0.068
2734,Devin Harris,UTA,29.0,63,27.6,11.3,1.8,5.0,1.0,0.2,1.9,0.445,0.362,0.746,0.571,1.5,2012,0.564,0.195,107.4,104.6,2.8,0.271,0.033
202354,Dexter Pittman,MIA,24.0,35,8.6,3.0,2.0,0.3,0.2,0.2,0.5,0.468,0.0,0.643,0.657,0.3,2012,0.498,0.179,96.4,95.2,1.2,0.049,0.12
1717,Dirk Nowitzki,DAL,34.0,62,33.5,21.6,6.7,2.2,0.7,0.5,1.9,0.457,0.368,0.896,0.532,4.2,2012,0.564,0.284,104.0,98.1,5.9,0.119,0.103
201187,Dominic McGuire,GSW,26.0,64,17.6,3.5,3.8,1.7,0.7,0.6,0.9,0.448,0.0,0.736,0.328,-2.4,2012,0.486,0.118,98.4,104.0,-5.6,0.146,0.111
202346,Dominique Jones,DAL,23.0,33,8.1,2.7,1.3,1.3,0.3,0.2,0.8,0.397,0.125,0.784,0.455,-2.4,2012,0.493,0.193,85.2,99.8,-14.6,0.298,0.077
202388,Donald Sloan,CLE,24.0,33,20.3,5.5,2.0,3.2,0.4,0.1,1.5,0.399,0.08,0.767,0.303,-7.2,2012,0.433,0.176,92.5,110.1,-17.5,0.29,0.05
201590,Donte Greene,SAC,24.0,53,14.7,5.4,2.5,0.6,0.3,0.5,0.6,0.406,0.238,0.8,0.302,-2.3,2012,0.491,0.179,97.6,103.4,-5.8,0.069,0.078
2748,Dorell Wright,GSW,26.0,61,27.0,10.3,4.6,1.5,1.0,0.4,0.8,0.422,0.36,0.816,0.361,-2.9,2012,0.553,0.168,103.3,108.6,-5.3,0.085,0.085
2400,Drew Gooden,MIL,30.0,56,26.2,13.7,6.5,2.6,0.8,0.6,1.9,0.437,0.291,0.846,0.464,-2.8,2012,0.512,0.255,105.6,110.3,-4.7,0.162,0.124
2730,Dwight Howard,ORL,26.0,54,38.3,20.6,14.5,1.9,1.5,2.1,3.2,0.573,0.0,0.491,0.611,3.3,2012,0.569,0.259,104.6,100.5,4.1,0.098,0.193
2548,Dwyane Wade,MIA,30.0,49,33.2,22.1,4.8,4.6,1.7,1.3,2.6,0.497,0.268,0.791,0.653,7.0,2012,0.559,0.305,108.2,97.8,10.4,0.251,0.076
202734,E'Twaun Moore,BOS,23.0,38,8.7,2.9,0.9,0.9,0.3,0.1,0.6,0.381,0.378,1.0,0.632,0.8,2012,0.474,0.19,87.2,84.1,3.1,0.188,0.048
201947,Earl Clark,ORL,24.0,45,12.4,2.7,2.8,0.4,0.3,0.7,0.6,0.367,0.0,0.724,0.511,-3.8,2012,0.405,0.147,89.6,105.1,-15.5,0.059,0.114
2248,Earl Watson,UTA,33.0,50,20.7,3.0,2.4,4.3,1.1,0.4,1.7,0.338,0.192,0.674,0.48,-0.1,2012,0.413,0.112,99.9,100.6,-0.7,0.306,0.06
202334,Ed Davis,TOR,23.0,66,23.2,6.3,6.6,0.9,0.6,1.0,1.0,0.513,0.0,0.67,0.348,-3.5,2012,0.544,0.133,94.3,102.7,-8.4,0.068,0.147
2059,Eduardo Najera,CHA,35.0,22,12.3,2.6,2.3,0.5,0.9,0.2,0.3,0.375,0.276,0.5,0.091,-1.8,2012,0.441,0.123,95.8,103.8,-8.0,0.072,0.097
202327,Ekpe Udoh,MIL,25.0,61,21.1,5.6,4.2,0.9,0.7,1.7,0.9,0.431,0.0,0.754,0.475,3.4,2012,0.493,0.139,106.3,97.4,8.9,0.064,0.097
1882,Elton Brand,PHI,33.0,60,28.9,11.0,7.2,1.6,1.0,1.6,1.1,0.494,0.0,0.733,0.533,3.3,2012,0.521,0.189,102.4,96.3,6.1,0.092,0.125
2731,Emeka Okafor,NOH,29.0,27,28.9,9.9,7.9,0.9,0.6,1.0,1.4,0.533,0.0,0.514,0.148,-4.9,2012,0.539,0.171,96.2,104.8,-8.6,0.055,0.144
202683,Enes Freedom,UTA,20.0,66,13.2,4.6,4.2,0.1,0.3,0.3,0.8,0.496,0.0,0.667,0.545,-2.0,2012,0.539,0.164,94.0,102.4,-8.4,0.016,0.159
202339,Eric Bledsoe,LAC,22.0,40,11.6,3.3,1.6,1.7,0.8,0.4,1.2,0.389,0.2,0.636,0.575,0.6,2012,0.454,0.191,99.3,96.0,3.3,0.228,0.074
201569,Eric Gordon,NOH,23.0,9,34.5,20.6,2.8,3.4,1.4,0.4,2.7,0.45,0.25,0.754,0.667,3.8,2012,0.549,0.285,109.9,105.3,4.7,0.172,0.045
101141,Ersan Ilyasova,MIL,25.0,60,27.6,13.0,8.8,1.2,0.7,0.7,1.3,0.492,0.455,0.781,0.467,0.3,2012,0.577,0.197,106.9,105.3,1.6,0.069,0.154
202323,Evan Turner,PHI,23.0,65,26.3,9.4,5.8,2.8,0.6,0.3,1.6,0.446,0.224,0.676,0.523,0.8,2012,0.478,0.197,101.4,99.3,2.1,0.164,0.11
101128,Francisco Garcia,SAC,30.0,49,16.3,4.8,2.0,0.6,0.7,0.8,0.4,0.376,0.29,0.8,0.327,-2.4,2012,0.483,0.143,95.3,102.2,-6.8,0.061,0.059
201814,Gary Forbes,TOR,27.0,48,14.9,6.6,2.1,1.1,0.5,0.1,1.1,0.413,0.349,0.725,0.271,-1.3,2012,0.513,0.23,95.6,100.4,-4.8,0.144,0.072
202390,Gary Neal,SAS,27.0,56,21.5,9.9,2.1,2.1,0.5,0.0,1.1,0.436,0.419,0.781,0.768,2.2,2012,0.542,0.213,109.8,104.3,5.5,0.15,0.051
201588,George Hill,IND,26.0,50,25.5,9.6,3.0,2.9,0.8,0.3,1.0,0.442,0.367,0.778,0.7,1.5,2012,0.557,0.169,105.7,101.5,4.2,0.194,0.058
101123,Gerald Green,NJN,26.0,31,25.2,12.9,3.5,1.1,0.9,0.5,1.8,0.481,0.391,0.754,0.387,0.0,2012,0.574,0.227,101.9,101.8,0.1,0.077,0.069
201945,Gerald Henderson,CHA,24.0,55,33.3,15.1,4.1,2.3,0.9,0.4,1.8,0.459,0.234,0.76,0.109,-8.9,2012,0.511,0.224,94.8,108.8,-13.9,0.13,0.062
2222,Gerald Wallace,NJN,29.0,58,35.8,13.8,6.7,2.8,1.5,0.6,1.9,0.454,0.307,0.8,0.448,1.7,2012,0.547,0.183,102.7,100.1,2.5,0.129,0.094
2240,Gilbert Arenas,MEM,30.0,17,12.4,4.2,1.1,1.1,0.6,0.1,0.7,0.406,0.333,0.7,0.706,1.6,2012,0.526,0.167,102.7,95.4,7.3,0.137,0.043
201175,Glen Davis,ORL,26.0,61,23.4,9.3,5.4,0.8,0.7,0.3,1.2,0.421,0.143,0.683,0.541,-1.0,2012,0.466,0.222,100.7,102.8,-2.1,0.062,0.121
201609,Goran Dragic,HOU,26.0,66,26.5,11.7,2.5,5.3,1.3,0.2,2.4,0.462,0.337,0.805,0.515,1.0,2012,0.567,0.216,105.7,103.7,2.0,0.316,0.05
202330,Gordon Hayward,UTA,22.0,66,30.5,11.8,3.5,3.1,0.8,0.6,1.7,0.456,0.346,0.832,0.545,0.8,2012,0.568,0.175,106.1,105.0,1.1,0.155,0.058
255,Grant Hill,PHX,39.0,49,28.1,10.2,3.5,2.2,0.8,0.6,1.3,0.446,0.264,0.761,0.51,2.2,2012,0.5,0.185,106.9,102.6,4.3,0.116,0.063
202328,Greg Monroe,DET,22.0,66,31.5,15.4,9.7,2.3,1.3,0.7,2.4,0.521,0.0,0.739,0.379,-3.1,2012,0.563,0.232,102.3,107.8,-5.5,0.13,0.165
201880,Greg Stiemsma,BOS,26.0,55,13.9,2.9,3.2,0.5,0.7,1.5,0.6,0.545,0.0,0.707,0.6,-1.2,2012,0.579,0.109,93.6,96.5,-2.9,0.061,0.118
202349,Greivis Vasquez,NOH,25.0,66,25.8,8.9,2.6,5.4,0.9,0.1,2.2,0.43,0.319,0.821,0.318,-0.1,2012,0.513,0.195,101.3,101.4,0.0,0.349,0.054
202970,Gustavo Ayon,NOH,27.0,54,20.2,5.9,4.9,1.4,1.0,0.9,0.9,0.536,0.0,0.619,0.333,-0.4,2012,0.552,0.142,100.7,101.3,-0.5,0.109,0.128
101124,Hakim Warrick,PHX,29.0,35,14.4,6.4,2.6,0.9,0.2,0.1,1.0,0.411,0.1,0.768,0.429,-3.6,2012,0.503,0.232,94.2,107.1,-12.9,0.111,0.092
201632,Hamed Haddadi,MEM,27.0,35,5.9,2.0,2.0,0.2,0.0,0.7,0.6,0.542,0.0,0.692,0.6,0.6,2012,0.589,0.164,96.1,91.0,5.1,0.064,0.16
2045,Hedo Turkoglu,ORL,33.0,53,31.2,10.9,3.8,4.4,0.8,0.3,2.7,0.415,0.353,0.705,0.566,2.5,2012,0.528,0.191,107.3,103.4,3.9,0.226,0.062
201611,Henry Walker,NYK,24.0,32,19.4,5.9,2.5,1.2,0.6,0.2,1.1,0.398,0.319,0.85,0.5,-0.3,2012,0.526,0.153,95.0,95.6,-0.6,0.101,0.067
101133,Ian Mahinmi,DAL,25.0,61,18.7,5.8,4.7,0.2,0.6,0.5,0.8,0.546,0.0,0.639,0.59,1.1,2012,0.585,0.142,100.2,97.3,2.8,0.018,0.128
202697,Iman Shumpert,NYK,22.0,59,28.9,9.5,3.2,2.8,1.7,0.1,1.9,0.401,0.306,0.798,0.576,1.9,2012,0.484,0.178,103.9,100.2,3.7,0.152,0.056
202738,Isaiah Thomas,SAC,23.0,65,25.5,11.5,2.6,4.1,0.8,0.1,1.6,0.448,0.379,0.832,0.338,-1.1,2012,0.574,0.193,106.1,108.4,-2.3,0.246,0.05
202397,Ish Smith,ORL,23.0,26,9.0,2.8,1.3,1.6,0.6,0.1,0.5,0.383,0.333,0.7,0.462,-1.5,2012,0.422,0.183,87.7,96.5,-8.9,0.328,0.073
201274,Ivan Johnson,ATL,28.0,56,16.7,6.4,4.0,0.6,0.8,0.3,1.2,0.513,0.333,0.72,0.625,0.6,2012,0.558,0.188,99.6,96.6,2.9,0.059,0.126
200826,J.J. Barea,MIN,28.0,41,25.2,11.3,2.8,5.7,0.5,0.0,2.5,0.4,0.371,0.776,0.366,-2.3,2012,0.502,0.239,101.7,105.9,-4.2,0.397,0.053
201581,JJ Hickson,POR,23.0,54,23.0,8.4,6.2,0.8,0.6,0.6,1.3,0.467,0.0,0.642,0.333,-3.7,2012,0.501,0.188,101.1,108.8,-7.7,0.062,0.136
200755,JJ Redick,ORL,28.0,65,27.1,11.6,2.3,2.5,0.4,0.1,1.0,0.425,0.418,0.911,0.569,0.4,2012,0.575,0.187,103.7,103.6,0.1,0.166,0.044
2747,JR Smith,NYK,26.0,35,27.6,12.5,3.9,2.4,1.5,0.2,1.3,0.407,0.347,0.709,0.6,2.8,2012,0.508,0.222,106.3,100.6,5.7,0.155,0.07
202707,JaJuan Johnson,BOS,23.0,36,8.3,3.2,1.6,0.2,0.1,0.4,0.4,0.446,0.0,0.667,0.583,-1.0,2012,0.456,0.216,87.5,94.2,-6.7,0.04,0.094
201580,JaVale McGee,DEN,24.0,61,25.2,11.3,7.8,0.5,0.6,2.2,1.4,0.556,0.0,0.461,0.361,-5.0,2012,0.552,0.202,98.3,108.3,-10.1,0.035,0.151
2048,Jamaal Magloire,TOR,34.0,34,11.0,1.2,3.3,0.2,0.1,0.3,0.6,0.378,0.0,0.259,0.265,1.0,2012,0.36,0.1,102.4,97.0,5.4,0.023,0.162
2224,Jamaal Tinsley,UTA,34.0,37,13.7,3.7,1.2,3.3,0.5,0.2,1.4,0.404,0.27,0.765,0.622,-0.9,2012,0.461,0.17,103.7,107.1,-3.4,0.361,0.045
2037,Jamal Crawford,POR,32.0,60,26.9,14.0,2.0,3.2,0.9,0.2,1.9,0.384,0.308,0.927,0.467,-0.2,2012,0.506,0.256,103.5,105.0,-1.5,0.209,0.037
2749,Jameer Nelson,ORL,30.0,57,29.9,11.9,3.2,5.7,0.7,0.1,2.4,0.427,0.377,0.807,0.579,3.0,2012,0.524,0.207,108.7,103.9,4.8,0.309,0.055
202341,James Anderson,SAS,23.0,51,11.8,3.7,1.5,0.8,0.2,0.0,0.6,0.379,0.279,0.75,0.784,1.9,2012,0.483,0.164,108.7,101.6,7.1,0.094,0.067
201935,James Harden,OKC,22.0,62,31.4,16.8,4.1,3.7,1.0,0.2,2.2,0.491,0.39,0.846,0.71,5.9,2012,0.66,0.213,113.3,103.5,9.8,0.19,0.067
201949,James Johnson,TOR,25.0,62,25.2,9.1,4.7,2.0,1.1,1.4,1.6,0.45,0.317,0.704,0.339,-2.4,2012,0.498,0.198,97.2,102.3,-5.1,0.138,0.098
2592,James Jones,MIA,31.0,51,13.1,3.6,1.0,0.4,0.3,0.2,0.2,0.38,0.404,0.833,0.725,0.4,2012,0.567,0.118,99.2,98.8,0.5,0.045,0.04
101189,James Singleton,WAS,30.0,12,21.9,8.2,6.8,1.3,0.8,0.7,0.8,0.547,0.222,0.933,0.667,3.2,2012,0.6,0.156,104.9,97.9,7.0,0.091,0.16
202686,Jan Vesely,WAS,22.0,57,18.9,4.7,4.4,0.8,0.7,0.6,1.1,0.537,0.0,0.532,0.333,-1.7,2012,0.544,0.125,97.7,101.3,-3.6,0.067,0.116
2457,Jannero Pargo,ATL,32.0,50,13.4,5.6,1.5,1.9,0.4,0.0,1.0,0.415,0.384,0.95,0.6,0.8,2012,0.539,0.213,98.1,94.5,3.7,0.261,0.056
201162,Jared Dudley,PHX,26.0,65,31.1,12.7,4.6,1.7,0.8,0.3,1.1,0.485,0.383,0.726,0.492,1.3,2012,0.575,0.172,106.4,104.4,2.0,0.084,0.075
2407,Jared Jeffries,NYK,30.0,39,18.7,4.4,3.9,0.7,0.7,0.6,0.7,0.41,0.188,0.681,0.564,0.6,2012,0.484,0.125,98.0,95.5,2.5,0.058,0.104
101127,Jarrett Jack,NOH,28.0,45,34.0,15.6,3.9,6.3,0.7,0.2,2.4,0.456,0.348,0.872,0.222,-5.8,2012,0.54,0.227,96.2,105.2,-9.0,0.342,0.06
2215,Jason Collins,ATL,33.0,30,10.3,1.3,1.6,0.3,0.1,0.1,0.3,0.4,0.0,0.467,0.733,0.0,2012,0.418,0.089,98.4,96.6,1.8,0.049,0.079
2574,Jason Kapono,LAL,31.0,27,10.0,2.0,0.5,0.4,0.1,0.0,0.2,0.382,0.296,1.0,0.556,1.3,2012,0.476,0.107,103.0,96.6,6.4,0.062,0.027
467,Jason Kidd,DAL,39.0,48,28.7,6.2,4.1,5.5,1.7,0.2,1.9,0.363,0.354,0.786,0.563,1.4,2012,0.524,0.122,101.9,99.5,2.4,0.281,0.071
101131,Jason Maxiell,DET,29.0,65,22.5,6.5,5.1,0.6,0.5,0.8,1.1,0.478,0.0,0.547,0.369,-1.1,2012,0.493,0.156,100.0,102.4,-2.4,0.045,0.118
2202,Jason Richardson,ORL,31.0,54,29.5,11.6,3.6,2.0,1.0,0.4,1.1,0.408,0.368,0.594,0.556,1.8,2012,0.502,0.196,105.0,102.4,2.6,0.112,0.062
201160,Jason Smith,NOH,26.0,40,23.7,9.9,4.9,0.9,0.5,1.0,1.0,0.52,0.111,0.702,0.325,-0.8,2012,0.537,0.202,98.9,100.8,-2.0,0.066,0.109
1891,Jason Terry,DAL,34.0,63,31.7,15.1,2.4,3.6,1.2,0.2,2.0,0.43,0.378,0.883,0.54,0.2,2012,0.54,0.228,102.2,102.1,0.0,0.204,0.038
201574,Jason Thompson,SAC,25.0,64,25.9,9.1,6.9,1.2,0.7,0.7,1.1,0.535,0.0,0.602,0.344,-1.6,2012,0.558,0.151,105.1,107.5,-2.4,0.07,0.133
201952,Jeff Teague,ATL,24.0,66,33.1,12.6,2.4,4.9,1.6,0.6,2.0,0.476,0.342,0.757,0.606,3.5,2012,0.551,0.188,106.6,101.0,5.6,0.231,0.038
202379,Jeremy Evans,UTA,24.0,29,7.5,2.1,1.7,0.4,0.2,0.8,0.2,0.643,0.0,0.5,0.586,-1.9,2012,0.632,0.109,95.2,105.4,-10.2,0.099,0.115
202391,Jeremy Lin,NYK,23.0,35,26.9,14.6,3.1,6.2,1.6,0.3,3.6,0.446,0.32,0.798,0.571,4.1,2012,0.552,0.272,104.8,97.7,7.1,0.382,0.057
202951,Jeremy Pargo,MEM,26.0,44,9.6,2.9,0.8,1.3,0.3,0.0,1.0,0.333,0.263,0.593,0.568,-2.7,2012,0.389,0.207,85.4,99.5,-14.2,0.23,0.041
202719,Jeremy Tyler,GSW,21.0,42,13.5,4.9,3.3,0.4,0.4,0.5,0.9,0.421,0.0,0.558,0.333,-2.8,2012,0.442,0.204,98.9,109.0,-10.0,0.044,0.124
979,Jermaine O'Neal,BOS,33.0,25,22.8,5.0,5.4,0.4,0.3,1.7,0.8,0.433,0.0,0.677,0.44,0.5,2012,0.468,0.131,97.8,95.1,2.7,0.029,0.126
711,Jerry Stackhouse,ATL,37.0,30,9.1,3.6,0.8,0.5,0.3,0.1,0.4,0.37,0.342,0.913,0.6,-0.1,2012,0.49,0.196,93.9,93.6,0.3,0.092,0.041
201573,Jerryd Bayless,TOR,23.0,31,22.7,11.4,2.1,3.8,0.8,0.1,1.7,0.424,0.423,0.852,0.355,-1.3,2012,0.561,0.239,101.7,105.3,-3.6,0.305,0.05
202690,Jimmer Fredette,SAC,23.0,61,18.6,7.6,1.2,1.8,0.5,0.0,1.1,0.386,0.361,0.833,0.328,-3.4,2012,0.495,0.203,98.3,107.8,-9.6,0.155,0.031
202710,Jimmy Butler III,CHI,22.0,42,8.5,2.6,1.3,0.3,0.3,0.1,0.3,0.405,0.182,0.768,0.714,1.9,2012,0.526,0.143,104.0,91.8,12.2,0.061,0.073
201149,Joakim Noah,CHI,27.0,64,30.4,10.2,9.8,2.5,0.6,1.4,1.4,0.508,0.0,0.748,0.75,4.5,2012,0.561,0.156,107.1,99.6,7.4,0.122,0.162
201975,Jodie Meeks,PHI,24.0,66,24.9,8.4,2.4,0.8,0.6,0.0,0.4,0.409,0.365,0.906,0.53,2.9,2012,0.551,0.147,100.8,95.3,5.5,0.049,0.048
2207,Joe Johnson,ATL,31.0,60,35.4,18.8,3.7,3.9,0.8,0.2,1.9,0.454,0.388,0.849,0.6,4.0,2012,0.557,0.247,106.4,100.8,5.5,0.189,0.054
201202,Joel Anthony,MIA,29.0,64,21.1,3.4,3.9,0.1,0.6,1.3,0.7,0.559,0.0,0.69,0.703,3.8,2012,0.598,0.078,108.0,98.3,9.7,0.009,0.099
2038,Joel Przybilla,POR,32.0,27,16.6,2.0,5.1,0.2,0.1,0.6,0.8,0.458,0.0,0.611,0.333,-1.6,2012,0.492,0.083,103.9,108.8,-4.9,0.019,0.165
101130,Johan Petro,NJN,26.0,59,15.6,4.2,3.8,0.8,0.4,0.4,0.6,0.419,1.0,0.838,0.271,-2.5,2012,0.452,0.153,95.4,103.9,-8.5,0.085,0.122
101249,John Lucas III,CHI,29.0,49,14.8,7.5,1.6,2.2,0.4,0.0,0.9,0.399,0.393,0.875,0.735,4.5,2012,0.496,0.254,103.3,87.7,15.7,0.278,0.05
2422,John Salmons,SAC,32.0,46,27.2,7.5,2.9,2.0,0.8,0.2,1.0,0.409,0.295,0.644,0.348,-4.6,2012,0.471,0.143,99.0,107.0,-8.0,0.117,0.052
202322,John Wall,WAS,21.0,66,36.2,16.3,4.5,8.0,1.4,0.9,3.9,0.423,0.071,0.789,0.303,-3.9,2012,0.502,0.243,100.3,106.2,-6.0,0.362,0.062
201972,Jon Brockman,MIL,25.0,35,6.8,1.1,2.1,0.3,0.1,0.0,0.3,0.333,0.0,0.467,0.457,0.1,2012,0.359,0.109,93.8,94.2,-0.4,0.054,0.155
202720,Jon Leuer,MIL,23.0,46,12.1,4.7,2.6,0.5,0.3,0.4,0.4,0.508,0.333,0.75,0.478,0.4,2012,0.536,0.17,102.1,100.2,1.9,0.072,0.107
201973,Jonas Jerebko,DET,25.0,64,22.9,8.7,4.8,0.7,0.6,0.3,1.0,0.468,0.302,0.806,0.391,-2.2,2012,0.548,0.18,98.7,103.0,-4.3,0.053,0.112
201938,Jonny Flynn,POR,23.0,29,14.3,4.5,1.3,3.3,0.2,0.1,1.2,0.351,0.294,0.744,0.379,-4.5,2012,0.442,0.2,100.4,117.3,-17.0,0.368,0.047
202348,Jordan Crawford,WAS,23.0,64,27.4,14.7,2.6,3.0,0.9,0.1,2.2,0.4,0.289,0.793,0.281,-4.5,2012,0.488,0.275,100.2,108.2,-8.0,0.188,0.048
200770,Jordan Farmar,NJN,25.0,39,21.3,10.4,1.6,3.3,0.6,0.1,1.7,0.467,0.44,0.905,0.359,-3.2,2012,0.592,0.22,100.1,110.1,-10.0,0.299,0.039
202706,Jordan Hamilton,DEN,21.0,26,9.9,4.4,2.4,0.8,0.2,0.1,0.6,0.432,0.362,0.4,0.538,1.3,2012,0.508,0.215,113.1,105.1,8.0,0.114,0.12
201941,Jordan Hill,LAL,24.0,39,14.1,5.0,4.8,0.4,0.4,0.7,0.8,0.497,0.0,0.638,0.538,-0.9,2012,0.522,0.176,103.0,105.3,-2.3,0.044,0.174
202716,Jordan Williams,NJN,21.0,43,14.8,4.6,3.6,0.3,0.5,0.3,0.5,0.507,0.0,0.652,0.233,0.4,2012,0.544,0.144,105.8,103.2,2.6,0.027,0.126
101181,Jose Calderon,TOR,30.0,53,33.9,10.5,3.0,8.8,0.9,0.1,2.0,0.457,0.371,0.882,0.34,-2.6,2012,0.547,0.157,101.3,105.9,-4.6,0.427,0.047
2735,Josh Childress,PHX,29.0,34,14.5,2.9,2.8,1.0,0.4,0.2,0.3,0.485,0.167,0.0,0.471,-1.8,2012,0.501,0.098,100.9,106.4,-5.4,0.105,0.1
202725,Josh Harrellson,NYK,23.0,37,14.6,4.4,3.9,0.3,0.6,0.5,0.5,0.423,0.339,0.615,0.486,2.6,2012,0.505,0.146,101.6,92.4,9.1,0.033,0.131
2572,Josh Howard,UTA,32.0,43,23.0,8.7,3.7,1.2,0.7,0.2,1.2,0.399,0.243,0.773,0.512,-0.3,2012,0.461,0.202,102.0,103.5,-1.5,0.081,0.082
201177,Josh McRoberts,LAL,25.0,50,14.4,2.8,3.4,1.0,0.3,0.4,0.6,0.475,0.429,0.639,0.56,-1.8,2012,0.516,0.103,100.7,106.9,-6.3,0.106,0.121
202729,Josh Selby,MEM,21.0,28,8.5,2.3,0.5,1.1,0.3,0.0,1.0,0.347,0.133,0.786,0.643,-1.4,2012,0.403,0.194,93.1,99.2,-6.1,0.197,0.032
2746,Josh Smith,ATL,26.0,66,35.3,18.8,9.6,3.9,1.4,1.7,2.5,0.458,0.257,0.63,0.606,4.1,2012,0.499,0.278,106.0,99.8,6.2,0.196,0.141
201950,Jrue Holiday,PHI,22.0,65,33.8,13.5,3.3,4.5,1.6,0.3,2.1,0.432,0.38,0.783,0.538,3.3,2012,0.496,0.215,102.1,96.9,5.2,0.215,0.048
202695,Kawhi Leonard,SAS,21.0,64,24.0,7.9,5.1,1.1,1.3,0.4,0.7,0.493,0.376,0.773,0.766,2.0,2012,0.573,0.141,107.4,102.3,5.1,0.066,0.109
202689,Kemba Walker,CHA,22.0,66,27.2,12.1,3.5,4.4,0.9,0.3,1.8,0.366,0.305,0.789,0.106,-7.7,2012,0.464,0.249,92.6,107.4,-14.8,0.307,0.065
2570,Kendrick Perkins,OKC,27.0,65,26.8,5.1,6.6,1.2,0.4,1.1,1.8,0.489,0.0,0.652,0.708,2.2,2012,0.528,0.109,104.7,101.0,3.7,0.064,0.121
202702,Kenneth Faried,DEN,22.0,46,22.5,10.2,7.7,0.8,0.7,1.0,1.2,0.586,0.0,0.665,0.587,0.1,2012,0.618,0.181,108.5,107.8,0.7,0.055,0.172
2030,Kenyon Martin,LAC,34.0,42,22.4,5.2,4.3,0.4,1.0,1.0,0.8,0.441,0.231,0.37,0.571,0.6,2012,0.445,0.136,102.3,100.1,2.2,0.031,0.099
201142,Kevin Durant,OKC,23.0,66,38.6,28.0,8.0,3.5,1.3,1.2,3.8,0.496,0.387,0.86,0.712,5.6,2012,0.61,0.303,109.1,101.9,7.2,0.17,0.103
708,Kevin Garnett,BOS,36.0,60,31.1,15.8,8.2,2.9,0.9,1.0,1.8,0.503,0.333,0.857,0.617,4.5,2012,0.55,0.246,102.3,95.3,7.0,0.171,0.141
201567,Kevin Love,MIN,23.0,55,39.0,26.0,13.3,2.0,0.9,0.5,2.3,0.448,0.372,0.824,0.436,0.5,2012,0.568,0.282,105.4,104.8,0.6,0.098,0.168
2755,Kevin Martin,HOU,29.0,40,31.6,17.1,2.7,2.8,0.7,0.1,1.8,0.413,0.347,0.894,0.5,-0.4,2012,0.554,0.242,103.7,104.3,-0.6,0.146,0.043
202338,Kevin Seraphin,WAS,22.0,57,20.6,7.9,4.9,0.6,0.3,1.3,1.2,0.531,0.0,0.671,0.281,-0.6,2012,0.549,0.181,99.2,99.8,-0.7,0.048,0.119
2039,Keyon Dooling,BOS,32.0,46,14.4,4.0,0.8,1.1,0.3,0.0,0.7,0.405,0.333,0.742,0.565,-2.7,2012,0.515,0.153,90.9,101.0,-10.0,0.138,0.031
2550,Kirk Hinrich,ATL,31.0,48,25.8,6.6,2.1,2.8,0.8,0.2,1.2,0.414,0.346,0.781,0.563,1.1,2012,0.511,0.138,102.3,100.0,2.2,0.162,0.043
202691,Klay Thompson,GSW,22.0,66,24.4,12.5,2.4,2.0,0.7,0.3,1.6,0.443,0.414,0.868,0.348,-2.0,2012,0.545,0.243,102.8,107.2,-4.4,0.142,0.051
977,Kobe Bryant,LAL,33.0,58,38.5,27.9,5.4,4.6,1.2,0.3,3.5,0.43,0.303,0.845,0.621,2.4,2012,0.527,0.346,104.8,102.1,2.7,0.237,0.069
201585,Kosta Koufos,DEN,23.0,48,16.5,5.5,5.4,0.3,0.5,0.9,0.7,0.599,0.0,0.6,0.583,2.1,2012,0.608,0.139,108.9,102.0,7.0,0.028,0.169
2743,Kris Humphries,NJN,27.0,62,34.9,13.8,11.0,1.5,0.8,1.2,1.9,0.481,0.0,0.752,0.355,-2.9,2012,0.539,0.191,103.1,107.2,-4.1,0.073,0.163
703,Kurt Thomas,POR,39.0,53,15.1,3.0,3.5,0.9,0.5,0.6,0.6,0.465,0.0,0.7,0.434,0.3,2012,0.483,0.11,97.3,97.7,-0.3,0.092,0.118
2594,Kyle Korver,CHI,31.0,65,22.6,8.1,2.4,1.7,0.6,0.2,0.8,0.432,0.435,0.833,0.754,5.0,2012,0.6,0.147,106.4,96.4,10.0,0.119,0.053
200768,Kyle Lowry,HOU,26.0,47,32.1,14.3,4.5,6.6,1.6,0.3,2.8,0.409,0.374,0.864,0.511,0.9,2012,0.558,0.214,103.8,102.1,1.7,0.324,0.072
202681,Kyrie Irving,CLE,20.0,51,30.5,18.5,3.7,5.4,1.1,0.4,3.1,0.469,0.399,0.872,0.333,-3.2,2012,0.566,0.275,104.1,109.8,-5.6,0.324,0.061
200746,LaMarcus Aldridge,POR,26.0,55,36.3,21.7,8.0,2.4,0.9,0.8,2.0,0.512,0.182,0.814,0.473,2.7,2012,0.56,0.269,105.9,102.1,3.8,0.128,0.115
1885,Lamar Odom,DAL,32.0,50,20.5,6.6,4.2,1.7,0.4,0.4,1.0,0.352,0.252,0.592,0.62,-1.6,2012,0.423,0.197,97.5,102.6,-5.1,0.136,0.101
202362,Lance Stephenson,IND,21.0,42,10.5,2.5,1.3,1.1,0.5,0.1,0.9,0.376,0.133,0.471,0.595,-0.6,2012,0.4,0.166,98.3,102.2,-3.9,0.174,0.059
202498,Lance Thomas,NOH,24.0,42,15.0,4.0,3.0,0.3,0.2,0.2,0.6,0.452,0.0,0.839,0.381,-2.1,2012,0.541,0.133,95.3,101.8,-6.5,0.033,0.106
202361,Landry Fields,NYK,24.0,66,28.7,8.8,4.2,2.6,1.2,0.3,1.5,0.46,0.256,0.562,0.545,3.2,2012,0.506,0.157,103.4,97.4,6.0,0.141,0.075
202336,Larry Sanders,MIL,23.0,52,12.4,3.6,3.1,0.6,0.6,1.5,0.8,0.457,0.0,0.474,0.462,1.9,2012,0.463,0.167,101.6,92.3,9.3,0.079,0.116
202730,Lavoy Allen,PHI,23.0,41,15.2,4.1,4.2,0.8,0.3,0.4,0.5,0.473,0.0,0.786,0.537,1.1,2012,0.488,0.143,96.3,92.2,4.2,0.089,0.132
2544,LeBron James,MIA,27.0,62,37.5,27.1,7.9,6.2,1.9,0.8,3.4,0.531,0.362,0.771,0.726,7.6,2012,0.605,0.311,108.6,98.4,10.2,0.318,0.111
2571,Leandro Barbosa,IND,29.0,64,21.6,11.1,2.0,1.5,0.9,0.1,1.5,0.425,0.382,0.815,0.469,-0.7,2012,0.512,0.249,100.3,102.9,-2.7,0.135,0.046
201991,Lester Hudson,MEM,27.0,16,20.9,10.9,2.9,2.3,0.9,0.2,2.0,0.383,0.25,0.829,0.375,0.1,2012,0.483,0.283,101.4,101.1,0.3,0.209,0.071
101132,Linas Kleiza,TOR,27.0,49,21.6,9.7,4.1,0.9,0.5,0.1,1.3,0.402,0.346,0.81,0.347,-0.1,2012,0.521,0.223,99.4,100.1,-0.8,0.081,0.095
200811,Lou Amundson,IND,29.0,60,12.5,3.6,3.7,0.2,0.5,0.7,0.8,0.43,0.0,0.427,0.633,-0.6,2012,0.438,0.166,98.2,100.9,-2.7,0.033,0.144
101150,Lou Williams,PHI,25.0,64,26.3,14.9,2.4,3.5,0.8,0.3,1.1,0.407,0.362,0.812,0.531,3.6,2012,0.525,0.265,103.3,96.8,6.5,0.221,0.046
201601,Luc Mbah a Moute,MIL,25.0,43,23.5,7.7,5.3,0.7,0.9,0.5,0.9,0.51,0.25,0.641,0.465,1.1,2012,0.544,0.149,103.7,100.7,2.9,0.044,0.11
2449,Luis Scola,HOU,32.0,66,31.3,15.5,6.5,2.1,0.5,0.4,2.3,0.491,0.0,0.773,0.515,1.0,2012,0.526,0.246,103.9,102.2,1.7,0.118,0.106
202337,Luke Babbitt,POR,23.0,40,13.4,5.1,2.4,0.4,0.3,0.1,0.7,0.41,0.43,0.85,0.425,-3.6,2012,0.556,0.17,97.6,111.7,-14.1,0.052,0.088
202376,Luke Harangody,CLE,24.0,21,11.0,2.9,2.5,0.3,0.3,0.1,0.2,0.354,0.238,0.75,0.286,-2.2,2012,0.427,0.147,98.6,107.0,-8.4,0.045,0.116
2557,Luke Ridnour,MIN,31.0,53,33.0,12.1,2.7,4.8,1.1,0.3,1.8,0.44,0.322,0.891,0.453,-1.3,2012,0.53,0.172,104.0,106.2,-2.3,0.237,0.04
2575,Luke Walton,CLE,32.0,30,12.1,1.8,1.6,1.2,0.2,0.0,0.9,0.369,0.35,0.0,0.333,-1.8,2012,0.423,0.115,93.1,100.7,-7.6,0.161,0.07
2736,Luol Deng,CHI,27.0,54,39.4,15.3,6.5,2.9,1.0,0.7,1.8,0.412,0.367,0.77,0.778,7.0,2012,0.5,0.195,105.3,96.2,9.1,0.117,0.081
202723,Malcolm Lee,MIN,22.0,19,12.8,3.3,1.4,1.6,0.4,0.2,0.9,0.39,0.2,0.824,0.158,-1.2,2012,0.466,0.153,96.1,101.3,-5.2,0.221,0.054
202412,Manny Harris,CLE,22.0,26,17.5,6.7,2.7,1.2,0.5,0.2,1.0,0.4,0.333,0.695,0.192,-2.6,2012,0.492,0.202,95.9,101.7,-5.8,0.13,0.076
1938,Manu Ginobili,SAS,34.0,34,23.3,12.9,3.4,4.4,0.7,0.4,1.9,0.526,0.413,0.871,0.824,6.6,2012,0.668,0.217,117.5,102.7,14.8,0.27,0.076
202705,MarShon Brooks,NJN,23.0,56,29.4,12.6,3.6,2.3,0.9,0.3,2.1,0.428,0.313,0.764,0.321,-5.6,2012,0.502,0.224,99.0,109.4,-10.3,0.147,0.063
201188,Marc Gasol,MEM,27.0,65,36.5,14.6,8.9,3.1,1.0,1.9,1.9,0.482,0.083,0.748,0.615,4.2,2012,0.541,0.191,104.2,98.3,5.9,0.138,0.127
101162,Marcin Gortat,PHX,28.0,66,32.0,15.4,10.0,0.9,0.7,1.5,1.4,0.555,0.0,0.649,0.5,1.4,2012,0.578,0.205,106.3,104.2,2.1,0.045,0.157
201158,Marco Belinelli,NOH,26.0,66,29.8,11.8,2.6,1.5,0.7,0.1,1.0,0.417,0.377,0.783,0.318,-3.7,2012,0.525,0.192,98.8,105.4,-6.6,0.088,0.046
948,Marcus Camby,HOU,38.0,59,22.9,4.9,9.0,1.8,0.8,1.4,1.0,0.446,0.4,0.453,0.475,0.6,2012,0.455,0.124,104.3,103.0,1.3,0.113,0.202
201977,Marcus Thornton,SAC,25.0,51,34.9,18.7,3.7,1.9,1.4,0.2,1.6,0.438,0.345,0.865,0.373,-3.4,2012,0.544,0.224,103.8,108.7,-4.9,0.091,0.051
201596,Mario Chalmers,MIA,26.0,64,28.5,9.8,2.7,3.5,1.5,0.2,2.2,0.448,0.388,0.792,0.703,6.1,2012,0.578,0.169,107.0,96.4,10.6,0.183,0.049
202693,Markieff Morris,PHX,22.0,63,19.5,7.4,4.4,1.0,0.7,0.7,1.1,0.399,0.347,0.717,0.492,-1.2,2012,0.484,0.199,100.3,102.3,-2.1,0.087,0.114
2605,Marquis Daniels,BOS,31.0,38,12.7,3.2,1.7,1.2,0.6,0.2,0.7,0.364,0.0,0.739,0.474,-0.2,2012,0.395,0.174,92.2,93.8,-1.6,0.165,0.073
201578,Marreese Speights,MEM,24.0,60,22.4,8.8,6.2,0.8,0.4,0.5,1.2,0.453,0.0,0.771,0.633,-1.2,2012,0.491,0.204,98.9,101.1,-2.2,0.059,0.146
101110,Martell Webster,MIN,25.0,47,24.2,6.9,3.6,0.9,0.7,0.4,1.0,0.423,0.339,0.792,0.362,-1.7,2012,0.533,0.135,105.1,108.4,-3.2,0.052,0.072
101107,Marvin Williams,ATL,26.0,57,26.3,10.2,5.2,1.2,0.8,0.3,0.7,0.432,0.389,0.788,0.614,1.2,2012,0.542,0.175,103.4,100.8,2.6,0.078,0.099
2440,Matt Barnes,LAL,32.0,63,22.9,7.8,5.5,2.0,0.6,0.8,1.2,0.452,0.333,0.742,0.635,0.3,2012,0.554,0.161,103.9,102.3,1.6,0.136,0.12
2588,Matt Bonner,SAS,32.0,65,20.4,6.6,3.3,0.9,0.2,0.3,0.2,0.44,0.42,0.762,0.754,5.6,2012,0.597,0.129,113.9,99.5,14.4,0.064,0.084
2679,Matt Carroll,CHA,31.0,53,11.3,2.7,1.1,0.7,0.3,0.1,0.5,0.331,0.186,0.789,0.075,-2.9,2012,0.409,0.148,92.3,104.6,-12.3,0.108,0.049
2230,Maurice Evans,WAS,33.0,24,14.3,4.9,1.0,0.4,0.6,0.0,0.4,0.402,0.378,0.769,0.5,1.0,2012,0.497,0.16,101.0,97.8,3.2,0.04,0.034
2246,Mehmet Okur,NJN,33.0,17,26.7,7.6,4.8,1.8,0.5,0.3,1.5,0.374,0.319,0.6,0.353,-7.4,2012,0.46,0.169,96.3,111.8,-15.5,0.119,0.096
1897,Metta World Peace,LAL,32.0,64,26.9,7.7,3.4,2.2,1.1,0.4,1.1,0.394,0.296,0.617,0.625,0.7,2012,0.478,0.153,102.6,101.2,1.4,0.127,0.062
201563,Michael Beasley,MIN,23.0,47,23.1,11.5,4.4,1.0,0.4,0.4,1.7,0.445,0.376,0.642,0.404,-1.6,2012,0.502,0.249,99.4,103.1,-3.7,0.077,0.091
2072,Michael Redd,PHX,32.0,51,15.1,8.2,1.5,0.6,0.3,0.0,0.7,0.4,0.318,0.793,0.49,-2.4,2012,0.511,0.255,100.4,108.3,-8.0,0.078,0.051
2554,Mickael Pietrus,BOS,30.0,42,21.9,6.9,3.1,0.6,0.5,0.2,0.8,0.385,0.335,0.645,0.548,0.9,2012,0.509,0.159,97.6,95.4,2.2,0.045,0.072
202148,Mickell Gladness,GSW,25.0,26,9.7,2.2,2.2,0.2,0.2,0.8,0.3,0.424,0.0,0.5,0.423,-2.9,2012,0.436,0.122,91.8,106.4,-14.6,0.03,0.105
1710,Mike Bibby,NYK,34.0,39,14.3,2.6,1.5,2.1,0.5,0.1,0.5,0.282,0.318,0.75,0.615,-0.9,2012,0.404,0.121,98.3,101.9,-3.6,0.227,0.055
201144,Mike Conley,MEM,24.0,62,35.1,12.7,2.5,6.5,2.2,0.2,2.0,0.433,0.377,0.861,0.613,4.2,2012,0.523,0.181,105.5,99.6,5.9,0.289,0.038
2399,Mike Dunleavy,MIL,31.0,55,26.3,12.3,3.7,2.1,0.5,0.1,1.1,0.474,0.399,0.811,0.527,3.1,2012,0.597,0.186,105.3,99.6,5.7,0.132,0.067
2034,Mike Miller,MIA,32.0,39,19.3,6.1,3.3,1.1,0.4,0.2,0.8,0.435,0.453,0.4,0.744,3.8,2012,0.561,0.147,108.1,97.8,10.3,0.086,0.09
2590,Mo Williams,LAC,29.0,52,28.3,13.2,1.9,3.1,1.0,0.1,1.7,0.426,0.389,0.9,0.558,-0.8,2012,0.53,0.222,104.9,106.1,-1.2,0.196,0.035
101145,Monta Ellis,MIL,26.0,58,36.6,20.4,3.4,6.0,1.5,0.3,3.1,0.433,0.308,0.796,0.5,-0.5,2012,0.509,0.278,105.4,106.1,-0.7,0.277,0.047
101126,Nate Robinson,GSW,28.0,51,23.4,11.2,2.0,4.5,1.2,0.0,1.5,0.424,0.365,0.832,0.392,0.7,2012,0.534,0.234,108.0,106.9,1.1,0.317,0.044
1737,Nazr Mohammed,OKC,34.0,63,11.0,2.7,2.7,0.2,0.3,0.6,0.4,0.467,0.0,0.565,0.698,1.2,2012,0.477,0.136,106.9,100.5,6.4,0.032,0.129
2403,Nene,WAS,29.0,39,28.5,13.7,7.5,2.1,1.1,1.0,2.5,0.537,0.0,0.673,0.59,2.6,2012,0.573,0.229,103.9,99.5,4.3,0.123,0.139
2555,Nick Collison,OKC,31.0,63,20.7,4.5,4.3,1.3,0.5,0.4,1.0,0.597,0.0,0.71,0.698,4.2,2012,0.622,0.101,112.3,101.3,11.0,0.093,0.109
201156,Nick Young,LAC,27.0,62,27.9,14.2,2.1,0.9,0.7,0.3,1.3,0.403,0.365,0.852,0.355,-3.0,2012,0.512,0.237,99.5,105.9,-6.4,0.057,0.038
201587,Nicolas Batum,POR,23.0,59,30.4,13.9,4.6,1.4,1.0,1.0,1.5,0.451,0.391,0.836,0.458,-1.0,2012,0.575,0.202,104.8,106.2,-1.5,0.079,0.079
201593,Nikola Pekovic,MIN,26.0,47,26.9,13.9,7.4,0.7,0.6,0.7,1.9,0.564,0.0,0.743,0.404,-1.0,2012,0.607,0.216,105.2,106.8,-1.6,0.043,0.135
202696,Nikola Vučević,PHI,21.0,51,15.9,5.5,4.8,0.6,0.4,0.7,0.6,0.45,0.375,0.529,0.51,0.5,2012,0.462,0.188,98.5,97.1,1.4,0.063,0.148
202701,Nolan Smith,POR,23.0,44,12.3,3.8,1.3,1.4,0.4,0.1,1.0,0.372,0.289,0.714,0.386,-3.3,2012,0.434,0.185,95.6,110.5,-14.9,0.196,0.051
202708,Norris Cole,MIA,23.0,65,19.4,6.8,1.4,2.0,0.7,0.0,1.6,0.393,0.276,0.776,0.708,-0.8,2012,0.452,0.212,99.0,100.5,-1.5,0.183,0.037
201564,O.J. Mayo,MEM,24.0,66,26.8,12.6,3.2,2.6,1.1,0.3,1.9,0.408,0.364,0.773,0.621,0.5,2012,0.513,0.233,101.4,100.6,0.8,0.164,0.06
201600,Omer Asik,CHI,25.0,66,14.7,3.1,5.3,0.5,0.5,1.0,1.0,0.506,0.0,0.456,0.758,1.9,2012,0.509,0.125,98.4,90.5,7.9,0.053,0.172
201956,Omri Casspi,CLE,24.0,65,20.6,7.1,3.5,1.0,0.6,0.3,1.0,0.403,0.315,0.685,0.323,-4.6,2012,0.499,0.174,96.1,107.3,-11.1,0.084,0.085
202335,Patrick Patterson,HOU,23.0,64,23.2,7.7,4.5,0.8,0.4,0.6,0.8,0.44,0.0,0.702,0.516,-0.7,2012,0.457,0.175,101.4,103.0,-1.6,0.059,0.096
201988,Patty Mills,SAS,23.0,16,16.3,10.3,1.8,2.4,0.6,0.1,1.6,0.485,0.429,1.0,0.875,2.4,2012,0.604,0.267,112.8,104.9,7.9,0.244,0.055
2200,Pau Gasol,LAL,31.0,65,37.4,17.4,10.4,3.6,0.6,1.4,2.2,0.501,0.259,0.782,0.631,2.4,2012,0.547,0.217,104.5,101.4,3.1,0.17,0.138
202331,Paul George,IND,22.0,66,29.7,12.1,5.6,2.4,1.6,0.6,1.8,0.44,0.385,0.802,0.636,3.7,2012,0.555,0.191,105.5,99.1,6.4,0.133,0.094
200794,Paul Millsap,UTA,27.0,64,32.8,16.6,8.8,2.3,1.8,0.8,1.8,0.495,0.226,0.792,0.531,3.0,2012,0.545,0.232,108.2,103.3,4.9,0.12,0.138
1718,Paul Pierce,BOS,34.0,61,34.0,19.4,5.2,4.5,1.1,0.4,2.8,0.443,0.366,0.852,0.623,3.1,2012,0.567,0.272,102.4,97.7,4.7,0.233,0.08
2047,Quentin Richardson,ORL,32.0,48,18.0,4.5,2.6,0.8,0.6,0.1,0.6,0.376,0.347,0.833,0.521,-1.5,2012,0.511,0.128,95.1,99.8,-4.7,0.079,0.074
202347,Quincy Pondexter,MEM,24.0,64,15.7,4.2,2.0,0.4,0.4,0.1,0.5,0.452,0.301,0.623,0.625,0.6,2012,0.517,0.128,100.5,97.8,2.7,0.041,0.063
1952,Raja Bell,UTA,35.0,34,23.4,6.4,1.4,1.1,0.4,0.1,0.6,0.466,0.391,0.84,0.559,-0.4,2012,0.586,0.118,106.0,106.6,-0.6,0.069,0.033
200765,Rajon Rondo,BOS,26.0,53,36.9,11.9,4.8,11.7,1.8,0.1,3.6,0.448,0.238,0.597,0.585,3.7,2012,0.483,0.201,102.7,97.9,4.8,0.498,0.068
201196,Ramon Sessions,LAL,26.0,64,26.7,11.3,3.3,5.5,0.7,0.0,2.2,0.428,0.443,0.782,0.469,-0.6,2012,0.535,0.208,103.0,104.1,-1.1,0.353,0.062
200751,Randy Foye,LAC,28.0,65,25.9,11.0,2.1,2.2,0.7,0.4,1.1,0.398,0.386,0.859,0.615,0.9,2012,0.522,0.204,104.8,103.3,1.4,0.143,0.042
1740,Rashard Lewis,WAS,32.0,28,26.0,7.8,3.9,1.0,0.8,0.4,1.1,0.385,0.239,0.838,0.214,-5.6,2012,0.457,0.161,96.5,107.6,-11.1,0.059,0.072
2446,Rasual Butler,TOR,33.0,34,13.3,3.2,1.9,0.6,0.2,0.1,0.4,0.308,0.273,0.583,0.294,-2.8,2012,0.398,0.154,88.6,100.2,-11.6,0.075,0.072
951,Ray Allen,BOS,36.0,46,34.0,14.2,3.1,2.4,1.1,0.2,1.5,0.458,0.453,0.915,0.5,2.1,2012,0.607,0.178,101.8,99.2,2.7,0.116,0.048
101109,Raymond Felton,POR,28.0,60,31.8,11.4,2.5,6.5,1.3,0.2,2.8,0.407,0.305,0.806,0.467,2.4,2012,0.491,0.206,106.0,102.6,3.4,0.32,0.041
2501,Reggie Evans,LAC,32.0,56,13.8,1.9,4.8,0.3,0.6,0.1,0.8,0.472,0.0,0.507,0.643,-2.5,2012,0.504,0.087,97.3,106.6,-9.3,0.035,0.193
202704,Reggie Jackson,OKC,22.0,45,11.1,3.1,1.2,1.6,0.6,0.0,0.8,0.321,0.21,0.862,0.756,-0.1,2012,0.408,0.19,98.4,97.7,0.7,0.243,0.055
202130,Reggie Williams,CHA,25.0,33,22.6,8.3,2.8,1.8,0.6,0.1,1.0,0.416,0.308,0.725,0.091,-7.9,2012,0.503,0.191,93.4,111.9,-18.5,0.154,0.064
1888,Richard Hamilton,CHI,34.0,28,24.9,11.6,2.4,3.0,0.4,0.0,1.8,0.452,0.37,0.784,0.75,4.2,2012,0.5,0.236,107.9,100.0,7.9,0.19,0.048
2210,Richard Jefferson,GSW,32.0,63,27.7,9.2,3.5,1.4,0.6,0.3,0.8,0.416,0.42,0.694,0.524,-0.4,2012,0.55,0.152,102.7,102.8,-0.1,0.077,0.064
201937,Ricky Rubio,MIN,21.0,41,34.2,10.6,4.2,8.2,2.2,0.2,3.2,0.357,0.34,0.803,0.512,1.2,2012,0.476,0.183,102.6,100.5,2.1,0.38,0.06
201577,Robin Lopez,PHX,24.0,64,14.0,5.4,3.3,0.3,0.3,0.9,0.7,0.461,0.0,0.714,0.5,-1.0,2012,0.526,0.187,100.6,103.6,-2.9,0.039,0.116
201155,Rodney Stuckey,DET,26.0,55,29.9,14.8,2.6,3.8,0.8,0.2,1.9,0.429,0.317,0.834,0.418,-0.6,2012,0.55,0.233,103.7,104.8,-1.0,0.219,0.046
201958,Rodrigue Beaubois,DAL,24.0,53,21.7,8.9,2.8,2.9,1.1,0.5,1.3,0.422,0.288,0.841,0.547,0.7,2012,0.496,0.214,102.1,100.4,1.7,0.217,0.066
2427,Roger Mason Jr.,WAS,31.0,52,13.4,5.5,1.3,0.9,0.3,0.1,0.6,0.399,0.383,0.778,0.173,-0.1,2012,0.53,0.192,100.9,101.3,-0.4,0.114,0.049
200758,Ronnie Brewer,CHI,27.0,66,24.8,6.9,3.5,2.1,1.1,0.3,0.9,0.427,0.275,0.56,0.758,3.0,2012,0.465,0.151,103.6,96.5,7.1,0.128,0.07
101179,Ronnie Price,PHX,29.0,36,14.4,3.6,1.6,1.9,0.9,0.1,1.3,0.377,0.295,0.8,0.389,-1.2,2012,0.465,0.16,95.5,99.0,-3.5,0.211,0.055
101142,Ronny Turiaf,MIA,29.0,17,16.4,3.0,4.1,0.6,0.8,1.0,0.8,0.576,0.0,0.591,0.353,-0.1,2012,0.597,0.095,97.0,97.0,0.0,0.059,0.134
201579,Roy Hibbert,IND,25.0,65,29.8,12.8,8.8,1.7,0.5,2.0,2.0,0.497,0.0,0.711,0.631,3.3,2012,0.539,0.209,106.7,101.4,5.3,0.093,0.15
2767,Royal Ivey,OKC,30.0,34,10.4,2.1,0.7,0.3,0.4,0.0,0.3,0.356,0.34,0.125,0.706,0.2,2012,0.464,0.107,102.9,102.8,0.1,0.043,0.036
201164,Rudy Fernandez,DEN,27.0,31,22.9,8.6,2.1,2.4,1.0,0.1,1.3,0.44,0.328,0.698,0.484,2.0,2012,0.549,0.177,105.3,101.1,4.2,0.163,0.049
200752,Rudy Gay,MEM,25.0,65,37.3,19.0,6.4,2.3,1.5,0.8,2.5,0.455,0.312,0.791,0.631,1.5,2012,0.521,0.248,103.6,101.3,2.3,0.108,0.089
201566,Russell Westbrook,OKC,23.0,66,35.3,23.6,4.6,5.5,1.7,0.3,3.6,0.457,0.316,0.823,0.712,5.6,2012,0.538,0.318,109.2,101.5,7.6,0.284,0.064
201583,Ryan Anderson,ORL,24.0,61,32.2,16.1,7.7,0.9,0.8,0.4,0.9,0.439,0.393,0.877,0.59,4.5,2012,0.589,0.203,108.3,101.9,6.4,0.047,0.123
101155,Ryan Gomes,LAC,29.0,32,13.3,2.3,1.9,0.4,0.5,0.0,0.5,0.326,0.138,0.727,0.625,-2.0,2012,0.371,0.118,96.8,103.5,-6.7,0.045,0.07
200797,Ryan Hollins,BOS,27.0,39,13.4,3.4,2.1,0.2,0.1,0.4,0.9,0.548,0.0,0.52,0.513,-0.2,2012,0.56,0.133,94.1,95.2,-1.1,0.029,0.076
201970,Sam Young,PHI,27.0,35,10.7,3.3,1.8,0.4,0.5,0.2,0.5,0.354,0.294,0.731,0.571,-2.0,2012,0.412,0.18,86.5,95.5,-9.0,0.066,0.079
202396,Samardo Samuels,CLE,23.0,54,15.3,5.4,3.3,0.4,0.4,0.4,1.0,0.455,0.0,0.701,0.278,-1.9,2012,0.517,0.184,92.0,98.4,-6.3,0.046,0.107
2223,Samuel Dalembert,HOU,32.0,65,22.3,7.5,7.0,0.5,0.6,1.7,1.3,0.506,0.0,0.796,0.523,0.8,2012,0.551,0.164,104.0,102.2,1.7,0.036,0.164
2562,Sasha Pavlovic,BOS,28.0,45,11.7,2.7,1.6,0.4,0.4,0.3,0.4,0.391,0.293,0.375,0.644,-0.3,2012,0.456,0.137,89.8,90.6,-0.8,0.058,0.071
2742,Sebastian Telfair,PHX,27.0,60,14.9,6.1,1.5,2.3,0.7,0.2,1.1,0.412,0.314,0.791,0.517,-2.5,2012,0.495,0.218,98.4,105.4,-7.0,0.285,0.051
201623,Semih Erden,CLE,25.0,28,11.9,3.5,2.6,0.3,0.4,0.2,0.6,0.527,0.0,0.512,0.286,-2.9,2012,0.538,0.145,95.1,108.3,-13.2,0.049,0.111
201586,Serge Ibaka,OKC,22.0,66,27.1,9.1,7.5,0.4,0.5,3.7,1.2,0.535,0.333,0.661,0.712,3.1,2012,0.556,0.153,106.4,100.5,5.8,0.024,0.138
2203,Shane Battier,MIA,33.0,65,23.1,4.8,2.4,1.3,1.0,0.5,0.6,0.387,0.339,0.622,0.692,2.0,2012,0.504,0.105,102.0,97.8,4.1,0.083,0.054
200769,Shannon Brown,PHX,26.0,59,23.7,11.0,2.7,1.2,0.7,0.3,1.1,0.42,0.362,0.808,0.492,-1.3,2012,0.507,0.221,102.4,105.1,-2.8,0.083,0.055
2733,Shaun Livingston,MIL,26.0,58,18.8,5.5,2.1,2.1,0.5,0.3,1.1,0.469,0.667,0.785,0.448,-1.7,2012,0.52,0.149,98.7,102.9,-4.2,0.174,0.055
1890,Shawn Marion,DAL,34.0,63,30.5,10.6,7.4,2.1,1.1,0.6,1.6,0.446,0.294,0.796,0.54,-1.3,2012,0.488,0.185,99.7,101.3,-1.6,0.115,0.122
200761,Shawne Williams,NJN,26.0,25,20.6,4.5,2.7,0.6,0.4,0.4,0.5,0.286,0.241,0.727,0.28,-2.8,2012,0.372,0.14,100.0,107.4,-7.4,0.053,0.068
200749,Shelden Williams,NJN,28.0,58,22.0,4.6,6.0,0.6,0.8,0.7,1.1,0.478,0.0,0.731,0.345,-4.1,2012,0.543,0.112,99.2,108.4,-9.2,0.044,0.141
202714,Shelvin Mack,WAS,22.0,64,12.2,3.6,1.4,2.0,0.4,0.0,0.8,0.4,0.286,0.712,0.313,-0.4,2012,0.468,0.171,96.0,96.8,-0.8,0.271,0.059
200780,Solomon Jones,NOH,27.0,21,13.9,3.2,2.8,0.4,0.4,0.5,0.9,0.393,0.0,0.826,0.524,-5.2,2012,0.471,0.137,91.4,110.0,-18.6,0.056,0.1
201150,Spencer Hawes,PHI,24.0,37,24.9,9.6,7.3,2.6,0.4,1.3,1.5,0.489,0.25,0.727,0.595,1.8,2012,0.517,0.196,102.2,98.3,3.9,0.169,0.148
201939,Stephen Curry,GSW,24.0,26,28.1,14.7,3.4,5.3,1.5,0.3,2.5,0.49,0.455,0.809,0.5,3.0,2012,0.605,0.23,107.5,102.1,5.4,0.295,0.061
1536,Stephen Jackson,SAS,34.0,47,25.8,9.8,3.5,2.5,1.1,0.3,2.2,0.374,0.288,0.825,0.596,0.7,2012,0.485,0.213,103.8,102.0,1.7,0.151,0.068
2581,Steve Blake,LAL,32.0,53,23.3,5.2,1.6,3.3,0.7,0.0,1.4,0.377,0.335,0.778,0.66,-0.1,2012,0.493,0.128,101.3,101.8,-0.5,0.216,0.034
959,Steve Nash,PHX,38.0,62,31.6,12.5,3.0,10.7,0.6,0.1,3.7,0.532,0.39,0.894,0.516,2.9,2012,0.625,0.19,108.1,103.8,4.3,0.491,0.048
200779,Steve Novak,NYK,29.0,54,18.9,8.8,1.9,0.2,0.3,0.2,0.4,0.478,0.472,0.846,0.574,3.3,2012,0.684,0.159,105.8,98.3,7.6,0.02,0.052
202178,Sundiata Gaines,NJN,26.0,57,13.9,5.1,1.9,2.2,1.0,0.0,0.9,0.376,0.341,0.615,0.298,-2.2,2012,0.465,0.204,96.6,103.4,-6.9,0.278,0.069
201959,Taj Gibson,CHI,27.0,63,20.4,7.7,5.3,0.7,0.4,1.3,1.0,0.495,0.0,0.622,0.762,4.7,2012,0.522,0.182,102.9,89.4,13.5,0.065,0.122
2419,Tayshaun Prince,DET,32.0,63,33.1,12.7,4.5,2.4,0.4,0.5,1.2,0.421,0.356,0.774,0.397,-3.8,2012,0.47,0.202,100.8,107.0,-6.2,0.127,0.071
202227,Terrel Harris,MIA,24.0,22,14.5,3.6,2.3,1.2,0.4,0.1,1.1,0.349,0.205,0.667,0.682,-2.6,2012,0.434,0.168,92.6,101.0,-8.3,0.138,0.086
201944,Terrence Williams,SAC,25.0,30,18.3,7.1,3.4,2.2,0.7,0.2,1.4,0.429,0.348,0.587,0.267,-4.0,2012,0.488,0.211,98.4,109.7,-11.2,0.206,0.09
200757,Thabo Sefolosha,OKC,28.0,42,21.8,4.8,3.0,1.1,0.9,0.4,1.0,0.432,0.437,0.884,0.738,3.2,2012,0.584,0.103,101.9,94.6,7.3,0.073,0.069
201152,Thaddeus Young,PHI,24.0,63,27.9,12.8,5.2,1.2,1.0,0.7,0.9,0.507,0.25,0.771,0.524,4.3,2012,0.538,0.212,105.6,97.4,8.2,0.07,0.094
201168,Tiago Splitter,SAS,27.0,59,19.0,9.3,5.2,1.1,0.4,0.8,1.5,0.618,0.0,0.691,0.746,3.4,2012,0.649,0.207,111.4,101.0,10.4,0.094,0.144
1495,Tim Duncan,SAS,36.0,58,28.2,15.4,9.0,2.3,0.7,1.5,1.7,0.492,0.0,0.695,0.776,5.3,2012,0.531,0.26,107.1,97.9,9.2,0.137,0.16
202389,Timofey Mozgov,DEN,25.0,44,15.6,5.4,4.1,0.5,0.3,1.0,1.2,0.526,0.0,0.684,0.591,-1.4,2012,0.556,0.17,104.2,108.6,-4.4,0.049,0.135
202699,Tobias Harris,MIL,19.0,42,11.4,5.0,2.4,0.5,0.3,0.2,0.7,0.467,0.261,0.815,0.5,0.1,2012,0.54,0.2,100.0,99.3,0.7,0.075,0.103
201962,Toney Douglas,NYK,26.0,38,17.3,6.2,1.9,2.0,0.8,0.0,1.5,0.324,0.231,0.846,0.526,-0.3,2012,0.393,0.239,97.9,98.7,-0.8,0.205,0.054
2754,Tony Allen,MEM,30.0,58,26.3,9.8,4.0,1.4,1.8,0.6,1.6,0.469,0.308,0.8,0.621,2.8,2012,0.541,0.181,102.8,96.9,5.9,0.083,0.08
1499,Tony Battie,PHI,36.0,27,10.9,1.6,2.5,0.6,0.1,0.2,0.1,0.373,0.0,1.0,0.63,1.5,2012,0.398,0.09,96.6,89.2,7.4,0.08,0.114
2225,Tony Parker,SAS,30.0,60,32.1,18.3,2.9,7.7,1.0,0.1,2.6,0.48,0.23,0.799,0.783,7.0,2012,0.539,0.275,109.1,98.4,10.7,0.404,0.045
1503,Tracy McGrady,ATL,33.0,52,16.1,5.3,3.0,2.1,0.3,0.3,1.0,0.437,0.455,0.675,0.596,1.7,2012,0.51,0.179,99.8,94.4,5.4,0.221,0.094
2566,Travis Outlaw,SAC,27.0,39,12.8,4.3,1.6,0.4,0.5,0.5,0.5,0.343,0.267,0.674,0.385,-1.3,2012,0.428,0.184,105.2,109.9,-4.8,0.047,0.059
2772,Trevor Ariza,NOH,27.0,41,32.9,10.8,5.2,3.3,1.7,0.6,1.9,0.417,0.333,0.775,0.293,-4.2,2012,0.496,0.181,99.0,106.1,-7.1,0.164,0.085
202344,Trevor Booker,WAS,24.0,50,25.2,8.4,6.5,0.8,1.0,0.9,1.2,0.531,0.5,0.602,0.24,-2.7,2012,0.549,0.155,101.5,106.2,-4.7,0.051,0.128
202684,Tristan Thompson,CLE,21.0,60,23.7,8.2,6.5,0.5,0.5,1.0,1.4,0.439,0.0,0.552,0.3,-5.2,2012,0.469,0.189,97.3,108.5,-11.2,0.035,0.134
2211,Troy Murphy,LAL,32.0,59,16.2,3.2,3.2,0.9,0.3,0.3,0.4,0.45,0.418,0.667,0.576,0.2,2012,0.537,0.098,102.8,102.0,0.8,0.081,0.103
201951,Ty Lawson,DEN,24.0,61,34.8,16.4,3.7,6.6,1.3,0.1,2.4,0.488,0.365,0.824,0.59,2.3,2012,0.579,0.208,107.2,104.0,3.2,0.303,0.054
201946,Tyler Hansbrough,IND,26.0,66,21.8,9.3,4.4,0.5,0.8,0.1,1.0,0.405,0.0,0.813,0.636,-0.4,2012,0.511,0.208,101.1,101.4,-0.4,0.038,0.101
201936,Tyreke Evans,SAC,22.0,63,34.3,16.5,4.6,4.5,1.3,0.5,2.7,0.453,0.202,0.779,0.302,-4.6,2012,0.512,0.235,102.6,109.4,-6.8,0.219,0.066
200748,Tyrus Thomas,CHA,25.0,54,18.8,5.6,3.7,0.6,0.7,1.1,1.0,0.367,0.333,0.759,0.093,-5.5,2012,0.418,0.189,95.1,109.6,-14.6,0.059,0.101
2199,Tyson Chandler,NYK,29.0,62,33.2,11.3,9.9,0.9,0.9,1.4,1.6,0.679,0.0,0.689,0.548,2.0,2012,0.708,0.129,102.4,99.2,3.2,0.044,0.151
2617,Udonis Haslem,MIA,32.0,64,24.8,6.0,7.3,0.7,0.5,0.4,0.9,0.423,0.0,0.814,0.688,1.3,2012,0.479,0.133,100.7,96.9,3.8,0.043,0.151
1713,Vince Carter,DAL,35.0,61,25.3,10.1,3.4,2.3,0.9,0.4,1.4,0.411,0.361,0.826,0.541,3.6,2012,0.519,0.2,104.0,96.9,7.0,0.143,0.067
2209,Vladimir Radmanovic,ATL,31.0,49,15.4,4.5,2.9,1.1,0.4,0.3,0.7,0.376,0.37,0.759,0.612,0.7,2012,0.524,0.146,98.7,96.1,2.6,0.115,0.095
101144,Von Wafer,ORL,26.0,33,14.2,5.9,1.4,0.9,0.3,0.1,1.1,0.452,0.359,0.704,0.576,-1.5,2012,0.537,0.214,96.6,102.1,-5.5,0.122,0.051
201041,Walker Russell,DET,29.0,28,12.8,3.0,0.9,2.1,0.6,0.0,1.2,0.347,0.308,0.636,0.429,-2.4,2012,0.401,0.169,93.3,103.0,-9.8,0.271,0.038
201961,Wayne Ellington,MIN,24.0,51,19.1,6.1,1.9,0.6,0.5,0.2,0.5,0.404,0.324,0.8,0.373,-0.5,2012,0.487,0.156,101.3,102.7,-1.5,0.057,0.05
202325,Wesley Johnson,MIN,24.0,65,22.6,6.0,2.7,0.9,0.5,0.7,0.9,0.398,0.314,0.706,0.4,-2.3,2012,0.477,0.141,100.8,106.1,-5.4,0.062,0.059
202083,Wesley Matthews,POR,25.0,66,33.8,13.7,3.4,1.7,1.5,0.2,1.1,0.412,0.383,0.86,0.424,1.0,2012,0.539,0.185,104.5,103.2,1.3,0.083,0.052
101198,Will Bynum,DET,29.0,36,14.3,5.7,1.6,1.8,0.6,0.1,1.5,0.381,0.241,0.766,0.389,-1.0,2012,0.459,0.24,97.2,99.3,-2.1,0.241,0.054
2584,Willie Green,ATL,30.0,53,17.4,7.6,1.5,0.8,0.4,0.1,0.6,0.471,0.442,0.857,0.604,-1.4,2012,0.578,0.191,98.1,102.5,-4.4,0.083,0.045
201163,Wilson Chandler,DEN,25.0,8,26.8,9.4,5.1,2.1,0.8,0.8,2.3,0.392,0.25,0.833,0.5,-2.4,2012,0.445,0.207,109.0,113.1,-4.1,0.113,0.1
202333,Xavier Henry,NOH,21.0,45,16.9,5.3,2.4,0.8,0.6,0.2,0.8,0.395,0.412,0.612,0.4,-0.7,2012,0.45,0.184,98.7,100.5,-1.8,0.081,0.073
201146,Yi Jianlian,DAL,24.0,30,6.8,2.6,1.6,0.2,0.2,0.3,0.5,0.378,0.3,0.667,0.5,-2.1,2012,0.433,0.216,85.0,99.8,-14.7,0.047,0.113
2216,Zach Randolph,MEM,30.0,28,26.2,11.6,8.0,1.7,0.8,0.1,1.4,0.463,0.25,0.659,0.607,4.1,2012,0.5,0.219,108.1,99.5,8.6,0.108,0.16
2585,Zaza Pachulia,ATL,28.0,58,28.3,7.8,7.9,1.4,0.9,0.5,1.4,0.499,0.0,0.741,0.586,1.4,2012,0.557,0.139,102.9,100.0,2.9,0.074,0.146
201985,AJ Price,WAS,26.0,57,22.4,7.7,2.0,3.6,0.6,0.1,1.1,0.39,0.35,0.79,0.368,-1.1,2013,0.501,0.177,98.2,100.1,-1.9,0.273,0.044
201166,Aaron Brooks,HOU,28.0,53,18.8,7.1,1.5,2.2,0.6,0.2,1.3,0.453,0.373,0.769,0.377,-3.8,2013,0.555,0.178,101.4,111.3,-10.0,0.19,0.04
201189,Aaron Gray,TOR,28.0,42,12.2,2.8,3.2,0.8,0.2,0.1,0.9,0.533,0.0,0.523,0.333,-2.1,2013,0.544,0.131,96.2,104.3,-8.1,0.103,0.136
201143,Al Horford,ATL,27.0,74,37.2,17.4,10.2,3.2,1.1,1.1,2.0,0.543,0.5,0.644,0.568,2.2,2013,0.56,0.219,105.8,102.6,3.2,0.149,0.144
2744,Al Jefferson,UTA,28.0,78,33.1,17.8,9.2,2.1,1.0,1.1,1.3,0.494,0.118,0.77,0.526,-2.0,2013,0.522,0.257,105.1,108.5,-3.4,0.119,0.148
202329,Al-Farouq Aminu,NOH,22.0,76,27.2,7.3,7.7,1.4,1.2,0.7,1.5,0.475,0.211,0.737,0.329,-1.0,2013,0.519,0.143,105.3,105.9,-0.6,0.076,0.149
101187,Alan Anderson,TOR,30.0,65,23.0,10.7,2.3,1.6,0.7,0.1,1.2,0.383,0.333,0.857,0.477,-1.2,2013,0.509,0.231,104.0,106.9,-2.8,0.125,0.052
202692,Alec Burks,UTA,21.0,64,17.8,7.0,2.3,1.4,0.5,0.2,1.2,0.42,0.359,0.713,0.5,1.5,2013,0.507,0.196,106.0,102.1,4.0,0.127,0.065
203144,Alexey Shved,MIN,24.0,77,23.9,8.6,2.3,3.7,0.7,0.4,1.9,0.372,0.295,0.72,0.39,-1.0,2013,0.474,0.202,100.7,102.8,-2.1,0.248,0.047
202087,Alonzo Gee,CLE,26.0,82,31.0,10.3,3.9,1.6,1.3,0.4,1.6,0.41,0.315,0.795,0.293,-4.3,2013,0.505,0.166,102.7,109.7,-7.0,0.081,0.064
2405,Amar'e Stoudemire,NYK,30.0,29,23.5,14.2,5.0,0.4,0.3,0.7,1.7,0.577,0.0,0.808,0.552,0.9,2013,0.637,0.254,107.6,104.9,2.7,0.037,0.115
101161,Amir Johnson,TOR,26.0,81,28.7,10.0,7.5,1.5,1.0,1.4,1.4,0.554,0.385,0.727,0.42,2.6,2013,0.591,0.158,107.6,102.3,5.4,0.085,0.137
2760,Anderson Varejao,CLE,30.0,25,36.0,14.1,14.4,3.4,1.5,0.6,1.8,0.478,0.0,0.755,0.2,-3.0,2013,0.529,0.178,103.4,107.3,-4.0,0.157,0.2
101154,Andray Blatche,BKN,26.0,82,19.0,10.3,5.1,1.0,1.0,0.7,1.5,0.512,0.136,0.685,0.598,-0.3,2013,0.547,0.258,103.3,103.0,0.3,0.108,0.142
203083,Andre Drummond,DET,19.0,60,20.7,7.9,7.6,0.5,1.0,1.6,1.0,0.608,0.5,0.371,0.383,-0.8,2013,0.578,0.167,103.7,106.1,-2.4,0.04,0.183
2738,Andre Iguodala,DEN,29.0,80,34.7,13.0,5.3,5.4,1.7,0.7,2.6,0.451,0.317,0.574,0.713,4.8,2013,0.52,0.186,109.0,102.2,6.9,0.224,0.075
1889,Andre Miller,DEN,37.0,82,26.2,9.6,2.9,5.9,0.9,0.1,2.1,0.479,0.266,0.84,0.695,2.5,2013,0.548,0.176,107.4,103.2,4.2,0.326,0.055
200745,Andrea Bargnani,TOR,27.0,35,28.6,12.7,3.7,1.1,0.6,0.7,1.5,0.399,0.309,0.844,0.286,-3.2,2013,0.482,0.23,102.6,108.5,-5.9,0.064,0.065
1905,Andrei Kirilenko,MIN,32.0,64,31.8,12.4,5.7,2.8,1.5,1.0,1.9,0.507,0.292,0.752,0.406,-0.4,2013,0.59,0.17,102.7,103.2,-0.5,0.144,0.091
101106,Andrew Bogut,GSW,28.0,32,24.6,5.8,7.7,2.1,0.6,1.7,1.1,0.451,1.0,0.5,0.594,1.2,2013,0.463,0.134,105.7,103.4,2.3,0.121,0.153
203094,Andrew Nicholson,ORL,23.0,75,16.7,7.8,3.4,0.6,0.3,0.4,1.1,0.527,0.0,0.798,0.24,-2.1,2013,0.557,0.216,96.6,103.0,-6.4,0.062,0.104
2740,Andris Biedrins,GSW,27.0,53,9.3,0.5,2.9,0.3,0.3,0.8,0.3,0.476,0.0,0.308,0.528,-1.4,2013,0.449,0.037,96.0,101.7,-5.7,0.039,0.147
1712,Antawn Jamison,LAL,37.0,76,21.5,9.4,4.8,0.7,0.4,0.3,0.7,0.464,0.361,0.691,0.539,0.2,2013,0.561,0.183,106.6,106.1,0.5,0.051,0.107
203076,Anthony Davis,NOH,20.0,64,28.8,13.5,8.2,1.0,1.2,1.8,1.4,0.516,0.0,0.751,0.359,-2.4,2013,0.559,0.212,104.0,107.8,-3.8,0.06,0.152
201627,Anthony Morrow,DAL,27.0,41,9.3,4.0,0.7,0.3,0.3,0.0,0.2,0.441,0.372,0.909,0.61,-1.4,2013,0.53,0.186,97.8,105.7,-7.9,0.058,0.042
201576,Anthony Randolph,DEN,23.0,39,8.4,3.7,2.4,0.3,0.5,0.5,0.9,0.491,0.0,0.689,0.744,0.1,2013,0.534,0.213,103.3,102.7,0.6,0.054,0.136
201229,Anthony Tolliver,ATL,28.0,62,15.5,4.1,2.5,0.5,0.2,0.2,0.6,0.38,0.338,0.863,0.452,-1.0,2013,0.531,0.129,96.7,99.5,-2.9,0.052,0.08
203102,Arnett Moultrie,PHI,22.0,47,11.5,3.7,3.1,0.2,0.4,0.2,0.4,0.582,0.0,0.643,0.426,-1.8,2013,0.595,0.135,97.4,104.4,-7.0,0.031,0.133
201167,Arron Afflalo,ORL,27.0,64,36.0,16.5,3.7,3.2,0.6,0.2,2.2,0.439,0.3,0.857,0.281,-5.0,2013,0.527,0.224,101.5,109.2,-7.6,0.146,0.054
201948,Austin Daye,MEM,25.0,55,12.3,4.5,2.2,0.8,0.3,0.4,0.5,0.433,0.418,0.765,0.618,0.4,2013,0.554,0.163,103.2,102.3,0.9,0.093,0.092
203085,Austin Rivers,NOH,20.0,61,23.2,6.2,1.8,2.1,0.4,0.1,1.2,0.372,0.326,0.546,0.344,-2.6,2013,0.431,0.169,101.7,107.1,-5.4,0.142,0.04
202340,Avery Bradley,BOS,22.0,50,28.7,9.2,2.2,2.1,1.3,0.4,1.4,0.402,0.317,0.755,0.54,-0.9,2013,0.461,0.189,101.6,102.4,-0.7,0.115,0.04
2732,Ben Gordon,CHA,30.0,75,20.8,11.2,1.7,1.9,0.5,0.2,1.8,0.408,0.387,0.843,0.253,-5.7,2013,0.515,0.265,97.9,113.5,-15.6,0.18,0.042
203162,Ben Hansbrough,IND,25.0,28,7.2,2.0,0.6,0.8,0.3,0.1,0.6,0.333,0.261,0.778,0.714,-1.1,2013,0.501,0.155,85.0,94.1,-9.1,0.202,0.039
2757,Beno Udrih,ORL,30.0,66,22.1,8.2,2.1,4.6,0.6,0.0,1.6,0.441,0.333,0.816,0.364,-2.3,2013,0.516,0.186,98.1,103.6,-5.4,0.329,0.046
203108,Bernard James,DAL,28.0,46,9.9,2.8,2.8,0.1,0.3,0.8,0.4,0.515,0.0,0.61,0.522,-0.5,2013,0.541,0.129,101.9,103.7,-1.8,0.02,0.139
202687,Bismack Biyombo,CHA,20.0,80,27.3,4.8,7.3,0.4,0.4,1.8,1.0,0.451,0.0,0.521,0.25,-4.6,2013,0.472,0.101,101.1,109.4,-8.4,0.025,0.136
201933,Blake Griffin,LAC,24.0,80,32.5,18.0,8.3,3.7,1.2,0.6,2.3,0.538,0.179,0.66,0.688,4.8,2013,0.572,0.25,113.0,105.0,8.0,0.192,0.138
2564,Boris Diaw,SAS,31.0,75,22.8,5.8,3.4,2.4,0.7,0.4,1.1,0.539,0.385,0.723,0.733,2.1,2013,0.603,0.119,106.2,101.6,4.6,0.152,0.078
203078,Bradley Beal,WAS,20.0,56,31.2,13.9,3.8,2.4,0.9,0.5,1.6,0.41,0.386,0.786,0.375,-1.6,2013,0.515,0.218,98.3,100.6,-2.2,0.136,0.06
201148,Brandan Wright,DAL,25.0,64,17.9,8.5,4.1,0.6,0.4,1.2,0.5,0.597,0.0,0.615,0.516,1.6,2013,0.606,0.185,107.0,102.1,4.9,0.054,0.112
101138,Brandon Bass,BOS,28.0,81,27.6,8.7,5.2,1.0,0.5,0.8,1.0,0.486,0.0,0.86,0.506,-2.2,2013,0.535,0.154,101.1,104.6,-3.5,0.06,0.101
201943,Brandon Jennings,MIL,23.0,80,36.2,17.5,3.1,6.5,1.6,0.1,2.5,0.399,0.375,0.819,0.475,-3.6,2013,0.51,0.234,101.3,106.2,-5.0,0.296,0.041
202688,Brandon Knight,DET,21.0,75,31.5,13.3,3.3,4.0,0.8,0.1,2.7,0.407,0.367,0.733,0.387,-1.6,2013,0.511,0.223,100.9,103.6,-2.7,0.216,0.053
2217,Brendan Haywood,CHA,33.0,61,19.1,3.5,4.8,0.5,0.3,0.8,0.8,0.431,0.0,0.455,0.246,-2.9,2013,0.441,0.112,97.5,105.4,-7.9,0.04,0.122
203148,Brian Roberts,NOH,27.0,78,17.0,7.1,1.2,2.8,0.5,0.0,0.9,0.417,0.386,0.909,0.333,-2.2,2013,0.509,0.212,99.5,107.7,-8.2,0.301,0.039
201572,Brook Lopez,BKN,25.0,74,30.5,19.4,6.9,0.9,0.4,2.1,1.8,0.521,0.0,0.758,0.622,3.9,2013,0.567,0.282,108.7,102.5,6.1,0.061,0.117
201957,Byron Mullens,CHA,24.0,53,26.9,10.6,6.4,1.5,0.6,0.6,1.4,0.385,0.317,0.646,0.245,-7.9,2013,0.465,0.21,98.1,113.1,-14.9,0.102,0.116
201228,C.J. Watson,BKN,29.0,80,19.0,6.8,1.8,2.0,0.8,0.2,0.9,0.418,0.411,0.78,0.588,0.3,2013,0.544,0.168,102.9,102.3,0.6,0.178,0.049
101139,CJ Miles,CLE,26.0,65,21.0,11.2,2.7,1.0,0.8,0.3,1.1,0.415,0.384,0.869,0.292,-1.3,2013,0.551,0.234,102.2,105.5,-3.3,0.083,0.064
201171,Carl Landry,GSW,29.0,81,23.2,10.8,6.0,0.8,0.4,0.4,1.4,0.54,0.333,0.817,0.568,-0.1,2013,0.605,0.195,102.8,103.9,-1.0,0.056,0.129
2430,Carlos Boozer,CHI,31.0,79,32.2,16.2,9.8,2.3,0.8,0.4,2.2,0.477,0.0,0.731,0.544,-0.9,2013,0.51,0.255,101.1,102.5,-1.5,0.132,0.155
2568,Carlos Delfino,HOU,30.0,67,25.2,10.6,3.3,2.0,1.0,0.1,1.1,0.405,0.375,0.857,0.567,3.7,2013,0.549,0.181,109.5,102.7,6.8,0.125,0.064
2546,Carmelo Anthony,NYK,29.0,67,37.0,28.7,6.9,2.6,0.8,0.5,2.6,0.449,0.379,0.83,0.701,4.6,2013,0.56,0.349,112.0,105.8,6.2,0.137,0.097
2406,Caron Butler,LAC,33.0,78,24.1,10.4,2.9,1.0,0.7,0.1,0.9,0.424,0.388,0.833,0.705,3.2,2013,0.535,0.199,111.3,104.6,6.8,0.063,0.064
201858,Cartier Martin,WAS,28.0,41,16.9,6.6,2.4,0.5,0.5,0.1,0.8,0.381,0.397,0.714,0.195,-1.1,2013,0.511,0.191,97.1,99.9,-2.9,0.049,0.069
202718,Chandler Parsons,HOU,24.0,76,36.3,15.5,5.3,3.5,1.0,0.4,1.9,0.486,0.385,0.729,0.553,2.0,2013,0.584,0.182,107.0,104.1,2.9,0.157,0.073
202724,Charles Jenkins,PHI,24.0,59,7.5,1.9,0.5,0.7,0.3,0.0,0.4,0.405,0.5,0.545,0.492,-0.6,2013,0.425,0.145,92.1,94.7,-2.6,0.167,0.033
101111,Charlie Villanueva,DET,28.0,69,15.8,6.8,3.5,0.8,0.4,0.6,0.6,0.377,0.347,0.551,0.377,-1.3,2013,0.481,0.212,103.7,108.2,-4.5,0.082,0.109
201978,Chase Budinger,MIN,25.0,23,22.1,9.4,3.1,1.1,0.6,0.3,1.0,0.414,0.321,0.762,0.522,0.9,2013,0.516,0.203,102.5,100.3,2.2,0.08,0.07
1497,Chauncey Billups,LAC,36.0,22,19.0,8.4,1.5,2.2,0.5,0.0,1.2,0.402,0.367,0.938,0.727,2.1,2013,0.601,0.194,113.2,107.9,5.2,0.168,0.044
2365,Chris Andersen,MIA,34.0,42,14.9,4.9,4.1,0.4,0.4,1.0,0.6,0.577,0.667,0.677,0.929,2.3,2013,0.631,0.14,106.2,99.0,7.2,0.045,0.144
2547,Chris Bosh,MIA,29.0,74,33.2,16.6,6.8,1.7,0.9,1.4,1.7,0.535,0.284,0.798,0.784,6.4,2013,0.592,0.225,112.2,102.4,9.8,0.081,0.113
203142,Chris Copeland,NYK,29.0,56,15.4,8.7,2.1,0.5,0.3,0.2,0.9,0.479,0.421,0.759,0.679,1.0,2013,0.583,0.25,108.2,103.8,4.4,0.055,0.073
2768,Chris Duhon,LAL,30.0,46,17.8,2.9,1.5,2.9,0.4,0.0,0.9,0.382,0.363,0.462,0.5,-0.2,2013,0.517,0.089,105.8,106.6,-0.8,0.236,0.04
202419,Chris Johnson,MIN,27.0,30,9.5,3.9,2.0,0.3,0.2,0.9,0.4,0.64,0.0,0.618,0.267,-0.8,2013,0.65,0.165,106.6,110.2,-3.5,0.042,0.108
2549,Chris Kaman,DAL,31.0,66,20.7,10.5,5.6,0.8,0.4,0.8,1.6,0.507,0.0,0.788,0.47,-1.9,2013,0.529,0.251,100.1,105.5,-5.3,0.066,0.141
101108,Chris Paul,LAC,28.0,70,33.4,16.9,3.7,9.7,2.4,0.1,2.3,0.481,0.328,0.885,0.714,6.2,2013,0.594,0.223,114.3,104.5,9.7,0.443,0.06
202698,Chris Singleton,WAS,23.0,57,16.2,4.1,3.2,0.6,0.7,0.4,0.8,0.382,0.194,0.571,0.298,-1.6,2013,0.425,0.154,97.0,100.5,-3.6,0.065,0.099
2404,Chris Wilcox,BOS,30.0,61,13.6,4.2,3.0,0.4,0.5,0.5,0.6,0.719,0.0,0.672,0.541,-0.8,2013,0.725,0.117,100.4,102.1,-1.7,0.041,0.109
101236,Chuck Hayes,SAC,30.0,74,16.3,2.7,4.0,1.5,0.4,0.2,0.6,0.442,0.0,0.625,0.365,-0.4,2013,0.469,0.093,103.4,104.3,-0.9,0.135,0.123
202332,Cole Aldrich,SAC,24.0,45,8.6,2.2,2.7,0.2,0.1,0.5,0.5,0.55,0.0,0.6,0.444,0.2,2013,0.563,0.121,105.1,103.7,1.5,0.032,0.148
201147,Corey Brewer,DEN,27.0,82,24.4,12.1,2.9,1.5,1.4,0.3,1.2,0.425,0.296,0.69,0.695,1.8,2013,0.506,0.228,106.6,102.7,3.9,0.097,0.056
1894,Corey Maggette,DET,33.0,18,14.3,5.3,1.4,1.1,0.3,0.1,0.9,0.355,0.238,0.75,0.389,-0.9,2013,0.489,0.197,98.4,102.3,-3.9,0.121,0.047
202709,Cory Joseph,SAS,21.0,28,13.9,4.5,1.9,1.9,0.5,0.1,0.8,0.464,0.286,0.857,0.679,-0.2,2013,0.528,0.157,100.5,100.7,-0.2,0.199,0.066
201584,Courtney Lee,BOS,27.0,78,24.9,7.8,2.4,1.8,1.1,0.3,1.1,0.464,0.372,0.861,0.513,-1.2,2013,0.545,0.155,101.2,103.0,-1.8,0.116,0.052
201571,D.J. Augustin,IND,25.0,76,16.1,4.7,1.2,2.2,0.4,0.0,0.9,0.35,0.353,0.838,0.592,-0.5,2013,0.527,0.144,96.6,99.4,-2.8,0.242,0.037
201161,Daequan Cook,CHI,26.0,49,9.0,2.8,1.2,0.4,0.2,0.1,0.3,0.305,0.286,0.75,0.51,-0.9,2013,0.398,0.181,99.3,104.8,-5.4,0.072,0.069
2563,Dahntay Jones,ATL,32.0,78,13.0,3.4,1.3,0.6,0.3,0.1,0.5,0.369,0.224,0.77,0.449,-1.3,2013,0.482,0.135,98.7,102.6,-3.9,0.07,0.049
203081,Damian Lillard,POR,22.0,82,38.6,19.0,3.1,6.5,0.9,0.2,3.0,0.429,0.368,0.844,0.402,-0.8,2013,0.546,0.237,106.3,107.8,-1.5,0.28,0.042
2863,Damien Wilkins,PHI,33.0,61,18.0,6.4,1.7,1.5,0.6,0.3,0.8,0.459,0.333,0.743,0.361,-2.2,2013,0.533,0.171,100.9,105.7,-4.8,0.134,0.049
200789,Daniel Gibson,CLE,27.0,46,20.0,5.4,1.3,1.8,0.7,0.1,0.7,0.34,0.344,0.703,0.239,-4.4,2013,0.475,0.14,95.9,107.4,-11.5,0.147,0.034
201568,Danilo Gallinari,DEN,24.0,71,32.5,16.2,5.2,2.5,0.9,0.5,1.6,0.418,0.373,0.822,0.704,4.7,2013,0.561,0.21,110.3,103.0,7.3,0.113,0.08
201980,Danny Green,SAS,26.0,80,27.5,10.5,3.1,1.8,1.2,0.7,1.2,0.448,0.429,0.848,0.713,3.9,2013,0.6,0.164,106.3,98.7,7.5,0.095,0.057
201967,Dante Cunningham,MIN,26.0,80,25.1,8.7,5.1,0.8,1.1,0.5,0.7,0.468,0.0,0.65,0.375,-1.2,2013,0.485,0.17,100.4,102.5,-2.1,0.056,0.102
203121,Darius Miller,NOH,23.0,52,13.3,2.3,1.5,0.8,0.3,0.2,0.4,0.407,0.393,1.0,0.269,-1.1,2013,0.529,0.089,99.7,103.7,-4.0,0.1,0.06
202721,Darius Morris,LAL,22.0,48,14.2,4.0,1.2,1.6,0.4,0.0,0.9,0.388,0.364,0.649,0.479,-0.3,2013,0.475,0.156,99.9,100.0,-0.1,0.175,0.04
201589,Darrell Arthur,MEM,25.0,59,16.4,6.1,2.9,0.6,0.4,0.6,0.7,0.451,0.278,0.717,0.627,-1.7,2013,0.477,0.196,96.2,100.9,-4.6,0.06,0.09
201954,Darren Collison,DAL,25.0,81,29.3,12.0,2.7,5.1,1.2,0.1,2.1,0.471,0.353,0.88,0.506,-1.0,2013,0.575,0.19,103.9,105.7,-1.8,0.264,0.047
101135,David Lee,GSW,30.0,79,36.8,18.5,11.2,3.5,0.8,0.3,2.6,0.519,0.0,0.797,0.582,2.2,2013,0.561,0.23,107.0,104.3,2.7,0.158,0.152
2561,David West,IND,32.0,73,33.4,17.1,7.7,2.9,1.0,0.9,2.2,0.498,0.211,0.768,0.589,5.0,2013,0.545,0.243,105.9,98.2,7.7,0.157,0.116
201599,DeAndre Jordan,LAC,24.0,82,24.5,8.8,7.2,0.3,0.6,1.4,1.2,0.643,0.0,0.386,0.683,3.3,2013,0.606,0.158,113.4,105.5,8.0,0.02,0.161
202732,DeAndre Liggins,OKC,25.0,39,7.4,1.5,1.4,0.4,0.5,0.1,0.4,0.447,0.368,0.5,0.769,-0.7,2013,0.528,0.104,93.2,98.0,-4.8,0.077,0.092
201971,DeJuan Blair,SAS,24.0,61,14.0,5.4,3.8,0.7,0.6,0.2,0.8,0.524,0.0,0.629,0.721,-0.4,2013,0.543,0.183,99.4,100.8,-1.4,0.084,0.138
201942,DeMar DeRozan,TOR,23.0,82,36.7,18.1,3.9,2.5,0.9,0.3,1.8,0.445,0.283,0.831,0.415,-1.4,2013,0.523,0.238,103.4,105.1,-1.7,0.12,0.055
202326,DeMarcus Cousins,SAC,22.0,75,30.5,17.1,9.9,2.7,1.4,0.7,3.0,0.465,0.182,0.738,0.347,-4.0,2013,0.524,0.278,104.1,110.2,-6.1,0.154,0.168
201960,DeMarre Carroll,UTA,26.0,66,16.8,6.0,2.8,0.9,0.9,0.4,0.5,0.46,0.286,0.765,0.515,1.8,2013,0.535,0.158,105.9,100.4,5.6,0.085,0.088
203199,DeQuan Jones,ORL,23.0,63,12.7,3.7,1.7,0.3,0.3,0.3,0.5,0.436,0.257,0.667,0.222,-2.8,2013,0.485,0.146,98.8,109.3,-10.5,0.03,0.064
2205,DeSagana Diop,CHA,31.0,22,10.3,0.7,2.3,0.6,0.2,0.7,0.4,0.296,0.0,0.0,0.136,-1.2,2013,0.292,0.069,97.1,104.3,-7.2,0.087,0.107
2052,DeShawn Stevenson,ATL,32.0,56,20.7,5.1,2.2,0.9,0.5,0.1,0.4,0.374,0.364,0.522,0.536,-1.0,2013,0.522,0.116,102.9,104.5,-1.6,0.063,0.054
965,Derek Fisher,OKC,38.0,33,17.4,5.3,1.1,1.4,0.6,0.1,0.9,0.342,0.375,0.921,0.667,2.0,2013,0.492,0.164,106.2,100.3,5.9,0.117,0.034
101114,Deron Williams,BKN,29.0,78,36.4,18.9,3.0,7.7,1.0,0.4,2.8,0.44,0.378,0.859,0.59,2.2,2013,0.574,0.238,108.6,105.5,3.1,0.364,0.043
202324,Derrick Favors,UTA,21.0,77,23.2,9.4,7.1,1.0,0.9,1.7,1.7,0.482,0.0,0.688,0.519,-0.1,2013,0.533,0.201,102.5,102.4,0.1,0.071,0.155
202682,Derrick Williams,MIN,22.0,78,24.6,12.0,5.5,0.6,0.6,0.5,1.3,0.43,0.332,0.706,0.372,-2.5,2013,0.515,0.234,99.7,104.2,-4.5,0.044,0.114
2734,Devin Harris,ATL,30.0,58,24.5,9.9,2.0,3.4,1.1,0.2,1.5,0.438,0.335,0.727,0.603,2.7,2013,0.565,0.191,104.3,98.3,6.0,0.215,0.042
203079,Dion Waiters,CLE,21.0,61,28.8,14.7,2.4,3.0,1.0,0.3,2.0,0.412,0.31,0.746,0.328,-2.5,2013,0.492,0.258,105.4,109.8,-4.3,0.178,0.044
1717,Dirk Nowitzki,DAL,35.0,53,31.3,17.3,6.8,2.5,0.7,0.7,1.3,0.471,0.414,0.86,0.528,1.1,2013,0.564,0.24,103.8,103.1,0.8,0.132,0.113
201187,Dominic McGuire,IND,27.0,26,14.9,2.0,3.0,0.8,0.5,0.4,0.5,0.429,0.0,0.3,0.269,-3.9,2013,0.422,0.088,97.9,110.1,-12.2,0.08,0.107
202346,Dominique Jones,DAL,24.0,29,11.6,4.0,1.6,2.9,0.5,0.1,1.3,0.367,0.111,0.66,0.31,-0.8,2013,0.438,0.227,98.8,101.0,-2.2,0.403,0.064
202388,Donald Sloan,NOH,25.0,23,11.4,3.5,1.2,1.7,0.2,0.0,0.6,0.346,0.368,0.8,0.261,-2.9,2013,0.455,0.171,86.6,100.0,-13.4,0.284,0.051
202700,Donatas Motiejunas,HOU,22.0,44,12.2,5.7,2.1,0.7,0.2,0.2,0.8,0.455,0.289,0.627,0.614,0.9,2013,0.531,0.22,107.9,104.1,3.8,0.091,0.087
2748,Dorell Wright,PHI,27.0,79,22.6,9.2,3.8,1.9,0.8,0.4,0.8,0.396,0.374,0.851,0.405,-2.2,2013,0.551,0.181,98.3,104.4,-6.1,0.138,0.084
203117,Doron Lamb,ORL,21.0,47,12.3,3.3,1.0,0.7,0.3,0.0,0.6,0.368,0.378,0.588,0.34,-1.8,2013,0.433,0.152,97.7,104.7,-7.0,0.085,0.039
203110,Draymond Green,GSW,23.0,79,13.4,2.9,3.3,0.7,0.5,0.3,0.6,0.327,0.209,0.818,0.57,-1.0,2013,0.404,0.135,97.0,97.9,-0.9,0.076,0.118
2730,Dwight Howard,LAL,27.0,76,35.8,17.1,12.4,1.4,1.1,2.4,3.0,0.578,0.167,0.492,0.553,1.8,2013,0.573,0.223,106.3,103.4,2.9,0.068,0.172
2548,Dwyane Wade,MIA,31.0,69,34.6,21.2,5.0,5.1,1.9,0.8,2.8,0.521,0.258,0.725,0.797,8.3,2013,0.571,0.288,113.1,100.9,12.3,0.248,0.079
202734,E'Twaun Moore,ORL,24.0,75,22.4,7.8,2.2,2.7,0.7,0.3,1.4,0.396,0.34,0.797,0.253,-4.1,2013,0.471,0.192,97.4,106.3,-8.9,0.195,0.049
201947,Earl Clark,LAL,25.0,59,23.1,7.3,5.5,1.1,0.6,0.7,1.1,0.44,0.337,0.697,0.627,-1.4,2013,0.51,0.154,102.4,106.2,-3.9,0.073,0.118
2248,Earl Watson,UTA,34.0,48,17.3,2.0,1.8,4.0,0.8,0.2,1.4,0.308,0.179,0.68,0.5,-1.1,2013,0.366,0.104,102.5,105.5,-3.1,0.326,0.055
202334,Ed Davis,MEM,24.0,81,20.1,7.7,5.7,0.8,0.5,1.0,0.8,0.539,0.0,0.617,0.531,-0.4,2013,0.561,0.175,102.1,102.6,-0.4,0.066,0.149
202327,Ekpe Udoh,MIL,26.0,76,17.3,4.3,3.3,0.6,0.5,1.1,0.6,0.435,0.0,0.748,0.474,-0.7,2013,0.503,0.121,98.9,100.3,-1.5,0.049,0.092
1882,Elton Brand,DAL,34.0,72,21.2,7.2,6.0,1.0,0.7,1.3,0.8,0.473,0.0,0.71,0.486,-0.8,2013,0.499,0.167,102.1,104.1,-2.1,0.072,0.14
2731,Emeka Okafor,WAS,30.0,79,26.0,9.7,8.8,1.2,0.6,1.0,1.4,0.477,0.0,0.571,0.342,-0.6,2013,0.496,0.193,99.3,100.1,-0.8,0.077,0.167
202683,Enes Freedom,UTA,21.0,70,15.4,7.2,4.3,0.4,0.4,0.5,1.4,0.544,1.0,0.795,0.5,1.7,2013,0.588,0.206,103.1,98.0,5.1,0.05,0.14
202339,Eric Bledsoe,LAC,23.0,76,20.4,8.5,3.0,3.1,1.4,0.7,1.8,0.445,0.397,0.791,0.684,1.6,2013,0.513,0.219,102.6,98.4,4.1,0.249,0.074
201569,Eric Gordon,NOH,24.0,42,30.1,17.0,1.8,3.3,1.1,0.2,2.8,0.402,0.324,0.842,0.381,-0.9,2013,0.523,0.281,106.7,108.2,-1.5,0.183,0.032
201953,Eric Maynor,POR,26.0,64,15.0,4.5,0.7,2.8,0.3,0.0,1.2,0.377,0.354,0.726,0.625,-1.1,2013,0.472,0.181,104.0,107.0,-3.0,0.295,0.025
101141,Ersan Ilyasova,MIL,26.0,73,27.6,13.2,7.1,1.6,0.9,0.5,1.0,0.462,0.444,0.796,0.466,0.2,2013,0.552,0.202,105.0,104.8,0.2,0.092,0.126
203095,Evan Fournier,DEN,20.0,38,11.3,5.3,0.9,1.2,0.5,0.0,0.8,0.493,0.407,0.769,0.658,1.6,2013,0.597,0.198,106.9,100.2,6.6,0.153,0.039
202323,Evan Turner,PHI,24.0,82,35.3,13.3,6.3,4.3,0.9,0.2,2.3,0.419,0.365,0.74,0.415,-2.6,2013,0.478,0.209,100.7,104.5,-3.8,0.192,0.09
203105,Festus Ezeli,GSW,23.0,78,14.4,2.4,4.0,0.3,0.3,0.9,0.8,0.438,0.0,0.531,0.564,-0.7,2013,0.467,0.106,100.2,101.1,-0.9,0.028,0.137
101128,Francisco Garcia,HOU,31.0,58,17.7,5.5,1.6,1.1,0.8,0.7,0.6,0.393,0.374,0.857,0.414,-0.9,2013,0.519,0.146,103.6,105.5,-1.9,0.095,0.044
202066,Garrett Temple,WAS,27.0,51,22.7,5.1,2.4,2.3,1.0,0.3,1.2,0.407,0.325,0.703,0.471,-0.4,2013,0.478,0.13,99.3,99.6,-0.3,0.151,0.054
202390,Gary Neal,SAS,28.0,68,21.8,9.5,2.1,1.9,0.4,0.0,1.0,0.412,0.355,0.865,0.691,1.5,2013,0.512,0.211,105.1,101.2,3.9,0.137,0.049
201588,George Hill,IND,27.0,76,34.5,14.2,3.7,4.7,1.1,0.3,1.5,0.443,0.368,0.817,0.605,5.5,2013,0.558,0.184,106.4,97.9,8.5,0.22,0.054
101123,Gerald Green,IND,27.0,60,18.0,7.0,2.4,0.8,0.3,0.4,0.9,0.366,0.314,0.8,0.617,-0.1,2013,0.465,0.207,95.6,96.3,-0.7,0.087,0.061
201945,Gerald Henderson,CHA,25.0,68,31.4,15.5,3.7,2.6,1.0,0.5,1.6,0.447,0.33,0.824,0.221,-5.9,2013,0.531,0.232,100.1,110.1,-10.0,0.152,0.06
2222,Gerald Wallace,BKN,30.0,69,30.1,7.7,4.6,2.6,1.4,0.7,1.6,0.397,0.282,0.637,0.594,2.0,2013,0.49,0.143,107.1,103.0,4.0,0.131,0.079
201175,Glen Davis,ORL,27.0,34,31.3,15.1,7.2,2.1,0.9,0.6,1.9,0.448,0.0,0.718,0.382,-0.8,2013,0.483,0.255,100.8,101.8,-1.0,0.115,0.118
201609,Goran Dragic,PHX,27.0,77,33.5,14.7,3.1,7.4,1.6,0.3,2.8,0.443,0.319,0.748,0.325,-3.1,2013,0.54,0.213,102.3,106.9,-4.7,0.344,0.047
202330,Gordon Hayward,UTA,23.0,72,29.2,14.1,3.1,3.0,0.8,0.5,1.7,0.435,0.415,0.827,0.514,1.5,2013,0.564,0.211,106.7,104.2,2.5,0.163,0.056
255,Grant Hill,LAC,40.0,29,15.1,3.2,1.7,0.9,0.4,0.2,0.9,0.388,0.273,0.583,0.517,0.0,2013,0.428,0.138,101.0,101.2,-0.2,0.09,0.055
202328,Greg Monroe,DET,23.0,81,33.2,16.0,9.6,3.5,1.3,0.7,2.9,0.486,0.0,0.689,0.358,-2.8,2013,0.527,0.244,100.8,106.0,-5.2,0.189,0.149
202962,Greg Smith,HOU,22.0,70,15.9,6.0,4.6,0.4,0.3,0.6,0.6,0.62,0.0,0.623,0.586,1.7,2013,0.636,0.144,109.0,103.5,5.5,0.036,0.14
201880,Greg Stiemsma,MIN,27.0,76,15.9,4.0,3.4,0.4,0.6,1.2,0.8,0.457,0.0,0.768,0.368,-1.1,2013,0.498,0.136,97.2,100.6,-3.4,0.04,0.111
202349,Greivis Vasquez,NOH,26.0,78,34.4,13.9,4.3,9.0,0.8,0.1,3.2,0.433,0.342,0.805,0.333,-2.3,2013,0.502,0.227,106.3,109.3,-3.0,0.432,0.067
202970,Gustavo Ayon,MIL,28.0,55,13.4,3.7,3.6,1.3,0.4,0.3,0.9,0.551,0.0,0.4,0.309,-0.1,2013,0.54,0.141,101.6,101.5,0.1,0.142,0.136
101124,Hakim Warrick,CHA,30.0,28,17.5,6.9,3.2,0.9,0.5,0.2,1.0,0.406,0.0,0.682,0.214,-4.8,2013,0.476,0.215,95.7,107.8,-12.2,0.091,0.091
201632,Hamed Haddadi,PHX,28.0,30,10.7,2.8,3.7,0.4,0.2,0.9,1.0,0.427,0.0,0.519,0.333,0.0,2013,0.447,0.164,93.6,93.8,-0.1,0.058,0.161
203084,Harrison Barnes,GSW,21.0,81,25.4,9.2,4.1,1.2,0.6,0.2,1.2,0.439,0.359,0.758,0.568,0.6,2013,0.526,0.174,104.5,102.5,2.0,0.072,0.08
201934,Hasheem Thabeet,OKC,26.0,66,11.7,2.4,3.0,0.2,0.5,0.9,0.6,0.604,0.0,0.604,0.758,2.1,2013,0.619,0.098,104.3,94.4,9.9,0.021,0.13
101133,Ian Mahinmi,IND,26.0,80,16.5,5.0,3.9,0.3,0.5,0.8,1.2,0.453,0.0,0.608,0.613,-1.7,2013,0.497,0.172,94.3,99.6,-5.3,0.038,0.118
202697,Iman Shumpert,NYK,23.0,45,22.1,6.8,3.0,1.7,1.0,0.2,0.8,0.396,0.402,0.766,0.667,-0.4,2013,0.516,0.155,105.3,104.7,0.6,0.12,0.072
202738,Isaiah Thomas,SAC,24.0,79,26.9,13.9,2.0,4.0,0.8,0.0,1.8,0.44,0.358,0.882,0.342,-1.8,2013,0.574,0.224,105.1,107.8,-2.6,0.243,0.039
202397,Ish Smith,MIL,24.0,52,9.9,2.4,1.2,1.7,0.4,0.2,0.7,0.352,0.296,0.429,0.269,-1.1,2013,0.379,0.168,94.4,98.3,-3.9,0.256,0.055
201274,Ivan Johnson,ATL,29.0,69,15.0,6.6,3.9,0.7,0.8,0.2,1.0,0.52,0.077,0.618,0.507,-0.3,2013,0.546,0.207,97.8,98.7,-0.9,0.079,0.131
200826,J.J. Barea,MIN,29.0,74,23.1,11.3,2.8,4.0,0.4,0.0,2.0,0.417,0.346,0.784,0.392,-0.9,2013,0.51,0.242,100.5,102.2,-1.7,0.301,0.059
201581,JJ Hickson,POR,24.0,80,29.0,12.7,10.4,1.1,0.6,0.6,1.8,0.562,0.0,0.679,0.413,-3.3,2013,0.591,0.196,102.8,108.2,-5.3,0.065,0.183
200755,JJ Redick,MIL,29.0,78,30.5,14.1,2.2,3.8,0.5,0.1,1.8,0.434,0.366,0.9,0.333,-1.2,2013,0.571,0.203,104.9,107.3,-2.4,0.193,0.036
2747,JR Smith,NYK,27.0,80,33.5,18.1,5.3,2.7,1.3,0.3,1.7,0.422,0.356,0.762,0.663,3.7,2013,0.522,0.26,109.0,103.3,5.7,0.147,0.082
201580,JaVale McGee,DEN,25.0,79,18.1,9.1,4.8,0.3,0.4,2.0,1.1,0.575,1.0,0.591,0.684,0.8,2013,0.589,0.206,105.4,102.8,2.6,0.027,0.128
203109,Jae Crowder,DAL,22.0,78,17.3,5.0,2.4,1.2,0.8,0.2,0.6,0.384,0.328,0.644,0.526,-0.4,2013,0.491,0.146,101.5,101.8,-0.3,0.103,0.069
2224,Jamaal Tinsley,UTA,35.0,66,18.5,3.5,1.7,4.4,1.0,0.2,1.6,0.368,0.307,0.692,0.591,0.1,2013,0.467,0.133,103.8,103.3,0.5,0.354,0.049
2037,Jamal Crawford,LAC,33.0,76,29.3,16.5,1.7,2.5,1.0,0.2,1.9,0.438,0.376,0.871,0.671,4.8,2013,0.558,0.252,108.0,100.2,7.8,0.148,0.029
2749,Jameer Nelson,ORL,31.0,56,35.3,14.7,3.7,7.4,1.3,0.1,2.8,0.392,0.341,0.873,0.304,-3.0,2013,0.498,0.223,102.7,107.6,-4.9,0.326,0.054
202341,James Anderson,HOU,24.0,39,10.3,3.8,1.8,1.1,0.4,0.1,0.6,0.413,0.35,0.857,0.667,2.4,2013,0.539,0.169,113.1,101.2,11.9,0.144,0.088
201935,James Harden,HOU,23.0,78,38.3,25.9,4.9,5.8,1.8,0.5,3.8,0.438,0.368,0.851,0.551,2.5,2013,0.6,0.285,108.8,105.9,2.9,0.257,0.064
201949,James Johnson,SAC,26.0,54,16.3,5.1,2.7,1.1,0.8,0.9,1.3,0.413,0.095,0.597,0.315,-5.2,2013,0.442,0.187,97.9,113.0,-15.1,0.11,0.083
2592,James Jones,MIA,32.0,38,5.8,1.6,0.6,0.3,0.1,0.2,0.1,0.344,0.302,0.5,0.842,-0.4,2013,0.478,0.135,90.8,97.6,-6.8,0.11,0.049
200778,James White,NYK,30.0,57,7.6,2.2,0.8,0.5,0.2,0.1,0.3,0.431,0.341,0.579,0.719,-1.5,2013,0.503,0.148,99.7,108.4,-8.7,0.107,0.056
202686,Jan Vesely,WAS,23.0,51,11.8,2.5,2.4,0.5,0.3,0.3,0.5,0.5,0.0,0.308,0.294,-0.8,2013,0.48,0.121,101.0,103.2,-2.2,0.069,0.104
2457,Jannero Pargo,CHA,33.0,32,15.9,6.5,1.1,2.1,0.6,0.1,1.3,0.368,0.336,0.923,0.344,-2.7,2013,0.475,0.233,98.9,107.8,-8.9,0.233,0.038
201162,Jared Dudley,PHX,27.0,79,27.5,10.9,3.1,2.6,0.9,0.1,1.3,0.468,0.391,0.796,0.304,-1.6,2013,0.582,0.17,100.3,103.5,-3.2,0.147,0.057
2407,Jared Jeffries,POR,31.0,38,9.2,1.2,1.6,0.4,0.2,0.2,0.4,0.296,0.0,0.522,0.421,0.3,2013,0.343,0.104,101.3,101.6,-0.3,0.058,0.09
203096,Jared Sullinger,BOS,21.0,45,19.8,6.0,5.9,0.8,0.5,0.5,0.6,0.493,0.2,0.746,0.489,0.9,2013,0.534,0.146,101.9,98.3,3.6,0.062,0.155
101127,Jarrett Jack,GSW,29.0,79,29.7,12.9,3.1,5.6,0.8,0.1,2.0,0.452,0.404,0.843,0.595,1.1,2013,0.542,0.207,105.1,103.6,1.5,0.3,0.051
2215,Jason Collins,WAS,34.0,38,10.1,1.1,1.6,0.2,0.3,0.3,0.5,0.31,0.0,0.719,0.5,0.1,2013,0.476,0.073,98.8,96.3,2.5,0.029,0.079
467,Jason Kidd,NYK,40.0,76,26.9,6.0,4.3,3.3,1.6,0.3,1.0,0.372,0.351,0.833,0.645,2.5,2013,0.532,0.113,108.6,104.2,4.5,0.178,0.082
101131,Jason Maxiell,DET,30.0,72,24.8,6.9,5.7,0.8,0.4,1.3,1.1,0.446,0.0,0.621,0.333,-2.6,2013,0.478,0.155,99.6,105.4,-5.8,0.049,0.118
2202,Jason Richardson,PHI,32.0,33,28.4,10.5,3.8,1.5,1.2,0.5,0.8,0.402,0.341,0.606,0.394,-0.3,2013,0.495,0.183,101.9,102.7,-0.8,0.081,0.068
201160,Jason Smith,NOH,27.0,51,17.2,8.2,3.6,0.7,0.3,0.9,1.1,0.49,0.0,0.843,0.373,-1.4,2013,0.544,0.234,100.7,103.9,-3.2,0.072,0.111
1891,Jason Terry,BOS,35.0,79,26.9,10.1,2.0,2.5,0.8,0.1,1.3,0.434,0.372,0.87,0.506,0.8,2013,0.566,0.173,100.5,100.7,-0.2,0.152,0.039
201574,Jason Thompson,SAC,26.0,82,27.9,10.9,6.7,1.0,0.6,0.7,1.2,0.502,0.0,0.694,0.341,-3.0,2013,0.533,0.182,104.7,109.2,-4.5,0.059,0.124
202399,Jeff Adrien,CHA,27.0,52,13.7,4.0,3.8,0.7,0.3,0.5,0.6,0.429,0.0,0.65,0.25,-1.8,2013,0.493,0.154,98.1,105.0,-7.0,0.082,0.137
201965,Jeff Ayres,IND,26.0,37,10.0,3.9,2.8,0.4,0.2,0.3,0.6,0.484,0.5,0.913,0.649,1.5,2013,0.533,0.183,102.4,95.8,6.6,0.068,0.132
201145,Jeff Green,BOS,26.0,81,27.8,12.8,3.9,1.6,0.7,0.8,1.6,0.467,0.385,0.808,0.506,0.1,2013,0.561,0.216,100.2,101.3,-1.1,0.1,0.072
201952,Jeff Teague,ATL,25.0,80,32.9,14.6,2.3,7.2,1.5,0.4,2.9,0.451,0.359,0.881,0.538,0.9,2013,0.543,0.226,103.8,102.8,1.1,0.348,0.035
203106,Jeffery Taylor,CHA,24.0,77,19.6,6.1,1.9,0.8,0.6,0.2,0.6,0.431,0.344,0.728,0.234,-3.5,2013,0.531,0.147,96.9,105.5,-8.6,0.072,0.049
202379,Jeremy Evans,UTA,25.0,37,5.8,2.0,1.6,0.3,0.2,0.4,0.2,0.614,0.0,0.636,0.541,0.6,2013,0.641,0.125,105.1,100.0,5.1,0.076,0.132
202391,Jeremy Lin,HOU,24.0,82,32.2,13.4,3.0,6.1,1.6,0.4,2.9,0.441,0.339,0.785,0.549,1.6,2013,0.538,0.206,107.7,105.1,2.6,0.29,0.047
202951,Jeremy Pargo,PHI,27.0,39,16.8,6.8,1.3,2.4,0.3,0.1,1.3,0.396,0.338,0.677,0.231,-2.8,2013,0.478,0.224,97.5,105.1,-7.6,0.254,0.037
979,Jermaine O'Neal,PHX,34.0,55,18.7,8.3,5.3,0.8,0.3,1.4,1.3,0.482,0.0,0.835,0.309,-2.4,2013,0.538,0.217,96.5,103.5,-7.0,0.074,0.143
711,Jerry Stackhouse,BKN,38.0,37,14.7,4.9,0.9,0.9,0.2,0.1,0.6,0.384,0.337,0.87,0.649,0.7,2013,0.5,0.166,102.9,102.2,0.7,0.107,0.031
201573,Jerryd Bayless,MEM,24.0,80,22.1,8.7,2.2,3.3,0.7,0.2,1.5,0.419,0.353,0.836,0.675,0.1,2013,0.514,0.202,101.4,100.9,0.5,0.254,0.051
202690,Jimmer Fredette,SAC,24.0,69,14.0,7.2,1.0,1.3,0.4,0.0,1.0,0.421,0.417,0.859,0.362,-1.2,2013,0.546,0.229,106.9,110.8,-3.9,0.154,0.037
202710,Jimmy Butler III,CHI,23.0,82,26.0,8.6,4.0,1.4,1.0,0.4,0.8,0.467,0.381,0.803,0.549,0.7,2013,0.574,0.144,103.2,100.7,2.4,0.088,0.077
201149,Joakim Noah,CHI,28.0,66,36.8,11.9,11.1,4.0,1.2,2.1,2.7,0.481,0.0,0.751,0.545,0.9,2013,0.534,0.17,100.9,99.3,1.6,0.176,0.152
201975,Jodie Meeks,LAL,25.0,78,21.3,7.9,2.2,0.9,0.7,0.1,0.7,0.387,0.357,0.896,0.577,0.7,2013,0.54,0.161,106.2,104.9,1.3,0.066,0.049
2207,Joe Johnson,BKN,32.0,72,36.7,16.3,3.0,3.5,0.7,0.2,1.7,0.423,0.375,0.82,0.597,4.0,2013,0.521,0.216,109.4,103.8,5.6,0.163,0.043
201202,Joel Anthony,MIA,30.0,62,9.1,1.4,1.9,0.2,0.2,0.7,0.4,0.515,0.0,0.607,0.806,0.5,2013,0.542,0.083,104.3,103.2,1.1,0.034,0.106
200777,Joel Freeland,POR,26.0,51,9.4,2.6,2.3,0.3,0.3,0.2,0.4,0.408,0.0,0.667,0.294,-1.8,2013,0.435,0.161,91.8,101.0,-9.2,0.05,0.12
101130,Johan Petro,ATL,27.0,31,11.3,3.5,3.6,0.5,0.3,0.3,0.8,0.436,0.25,0.917,0.419,-3.0,2013,0.468,0.175,94.6,107.6,-12.9,0.076,0.16
203089,John Henson,MIL,22.0,63,13.1,6.0,4.7,0.5,0.3,0.7,0.7,0.482,0.0,0.533,0.429,-0.6,2013,0.497,0.216,100.6,102.3,-1.7,0.063,0.166
203098,John Jenkins,ATL,22.0,61,14.8,6.1,1.5,0.9,0.2,0.2,0.7,0.446,0.384,0.843,0.492,-2.0,2013,0.576,0.176,97.2,104.6,-7.4,0.105,0.052
101249,John Lucas III,TOR,30.0,63,13.1,5.3,1.0,1.7,0.4,0.0,0.4,0.386,0.377,0.72,0.413,-1.5,2013,0.483,0.203,101.3,106.0,-4.7,0.233,0.04
2422,John Salmons,SAC,33.0,76,30.0,8.8,2.7,3.0,0.7,0.3,1.1,0.399,0.371,0.773,0.342,-0.5,2013,0.509,0.146,107.4,108.0,-0.6,0.142,0.047
202322,John Wall,WAS,22.0,49,32.7,18.5,4.0,7.6,1.3,0.8,3.2,0.441,0.267,0.804,0.49,0.9,2013,0.521,0.286,102.8,101.2,1.6,0.407,0.061
201973,Jonas Jerebko,DET,26.0,49,18.2,7.7,3.8,0.9,0.8,0.2,0.9,0.449,0.301,0.773,0.265,-1.7,2013,0.531,0.195,102.6,108.0,-5.4,0.079,0.109
202685,Jonas Valančiūnas,TOR,21.0,62,23.9,8.9,6.0,0.7,0.3,1.3,1.5,0.557,0.0,0.789,0.403,-2.0,2013,0.619,0.169,101.9,105.6,-3.7,0.051,0.132
202348,Jordan Crawford,BOS,24.0,70,24.4,11.6,3.0,3.2,0.6,0.1,2.0,0.415,0.337,0.811,0.329,-2.4,2013,0.512,0.248,95.9,100.8,-4.9,0.244,0.06
202706,Jordan Hamilton,DEN,22.0,40,9.9,5.2,2.4,0.6,0.4,0.2,0.5,0.418,0.37,0.5,0.65,-0.6,2013,0.49,0.236,101.4,104.7,-3.3,0.089,0.113
201941,Jordan Hill,LAL,25.0,29,15.8,6.7,5.7,0.4,0.3,0.7,0.9,0.497,0.0,0.656,0.414,-1.1,2013,0.533,0.188,103.4,106.4,-3.0,0.05,0.166
101181,Jose Calderon,DET,31.0,73,29.6,11.3,2.4,7.1,0.8,0.1,1.7,0.491,0.461,0.9,0.315,-3.4,2013,0.616,0.167,101.8,108.3,-6.5,0.396,0.043
2572,Josh Howard,MIN,33.0,11,18.8,6.7,3.3,0.4,0.9,0.3,0.9,0.403,0.313,0.583,0.455,-1.5,2013,0.45,0.196,96.6,101.2,-4.6,0.034,0.086
201177,Josh McRoberts,CHA,26.0,67,22.2,6.0,4.9,2.1,0.5,0.4,1.0,0.455,0.286,0.765,0.284,-3.7,2013,0.527,0.136,98.7,106.9,-8.2,0.151,0.113
2746,Josh Smith,ATL,27.0,76,35.3,17.5,8.4,4.2,1.2,1.8,3.0,0.465,0.303,0.517,0.526,1.1,2013,0.501,0.263,104.6,102.8,1.8,0.204,0.121
201950,Jrue Holiday,PHI,23.0,78,37.5,17.7,4.2,8.0,1.6,0.4,3.7,0.431,0.368,0.752,0.436,-1.6,2013,0.496,0.261,100.7,103.1,-2.4,0.358,0.056
202695,Kawhi Leonard,SAS,22.0,58,31.2,11.9,6.0,1.6,1.7,0.6,1.1,0.494,0.374,0.825,0.741,6.2,2013,0.592,0.164,107.5,97.3,10.1,0.077,0.101
2586,Keith Bogans,BKN,33.0,74,19.0,4.2,1.6,1.0,0.4,0.1,0.7,0.38,0.343,0.647,0.595,-0.5,2013,0.533,0.11,103.2,103.7,-0.5,0.084,0.044
202689,Kemba Walker,CHA,23.0,82,34.9,17.7,3.5,5.7,2.0,0.4,2.4,0.423,0.322,0.798,0.256,-5.7,2013,0.517,0.25,100.3,109.0,-8.7,0.308,0.05
203088,Kendall Marshall,PHX,21.0,48,14.6,3.0,0.9,3.0,0.5,0.1,1.2,0.371,0.315,0.571,0.25,-3.9,2013,0.455,0.131,94.7,108.3,-13.6,0.306,0.03
2570,Kendrick Perkins,OKC,28.0,78,25.1,4.2,6.0,1.4,0.6,1.1,1.4,0.457,0.0,0.611,0.744,5.2,2013,0.479,0.105,110.4,99.6,10.9,0.078,0.121
202702,Kenneth Faried,DEN,23.0,80,28.1,11.5,9.2,1.0,1.0,1.0,1.4,0.552,0.0,0.613,0.688,2.7,2013,0.573,0.177,109.3,103.6,5.7,0.051,0.164
203145,Kent Bazemore,GSW,23.0,61,4.4,2.0,0.4,0.4,0.3,0.1,0.3,0.371,0.294,0.614,0.557,-0.6,2013,0.454,0.247,91.1,90.1,1.0,0.159,0.038
2030,Kenyon Martin,NYK,35.0,18,24.0,7.2,5.3,0.4,0.9,0.9,0.9,0.602,0.0,0.425,0.722,3.3,2013,0.583,0.141,109.7,101.3,8.5,0.03,0.12
201142,Kevin Durant,OKC,24.0,81,38.5,28.1,7.9,4.6,1.4,1.3,3.5,0.51,0.416,0.905,0.741,8.9,2013,0.647,0.295,113.1,100.9,12.2,0.213,0.106
708,Kevin Garnett,BOS,37.0,68,29.7,14.8,7.8,2.3,1.1,0.9,1.6,0.496,0.125,0.786,0.529,1.6,2013,0.535,0.246,99.2,96.4,2.8,0.147,0.14
203158,Kevin Jones,CLE,23.0,32,10.4,3.0,2.4,0.3,0.3,0.2,0.3,0.402,0.0,0.6,0.156,1.7,2013,0.418,0.155,107.9,98.7,9.2,0.043,0.116
201567,Kevin Love,MIN,24.0,18,34.3,18.3,14.0,2.3,0.7,0.5,2.2,0.352,0.217,0.704,0.5,0.1,2013,0.458,0.273,101.9,101.9,0.0,0.117,0.194
2755,Kevin Martin,OKC,30.0,77,27.7,14.0,2.3,1.4,0.9,0.1,1.3,0.45,0.426,0.89,0.74,5.7,2013,0.608,0.206,112.9,102.2,10.7,0.081,0.044
202338,Kevin Seraphin,WAS,23.0,79,21.8,9.1,4.4,0.7,0.3,0.7,1.6,0.461,0.0,0.693,0.342,-2.8,2013,0.478,0.233,95.2,101.1,-5.9,0.063,0.099
203114,Khris Middleton,DET,21.0,27,17.6,6.1,1.9,1.0,0.6,0.1,0.4,0.44,0.311,0.844,0.333,1.0,2013,0.532,0.156,110.2,107.9,2.3,0.085,0.058
203119,Kim English,DET,24.0,41,9.9,2.9,0.9,0.6,0.4,0.1,0.5,0.375,0.28,0.724,0.317,-1.4,2013,0.477,0.152,100.6,107.2,-6.5,0.097,0.047
2550,Kirk Hinrich,CHI,32.0,60,29.4,7.7,2.6,5.2,1.1,0.4,1.7,0.377,0.39,0.714,0.633,1.6,2013,0.493,0.145,103.4,100.1,3.3,0.267,0.045
202691,Klay Thompson,GSW,23.0,82,35.8,16.6,3.7,2.2,1.0,0.5,1.9,0.422,0.401,0.841,0.573,1.3,2013,0.533,0.216,106.0,104.2,1.8,0.099,0.051
977,Kobe Bryant,LAL,34.0,78,38.6,27.3,5.6,6.0,1.4,0.3,3.7,0.463,0.324,0.839,0.538,1.8,2013,0.57,0.313,108.5,106.6,1.9,0.286,0.071
201585,Kosta Koufos,DEN,24.0,81,22.4,8.0,6.9,0.4,0.5,1.3,0.7,0.581,0.0,0.558,0.704,3.7,2013,0.585,0.143,110.2,101.2,9.0,0.026,0.154
2743,Kris Humphries,BKN,28.0,65,18.3,5.8,5.6,0.5,0.2,0.5,0.9,0.448,0.0,0.789,0.554,-1.4,2013,0.515,0.161,102.8,106.5,-3.7,0.043,0.16
703,Kurt Thomas,NYK,40.0,39,10.1,2.5,2.3,0.5,0.3,0.4,0.2,0.542,1.0,0.462,0.513,-0.6,2013,0.547,0.114,100.7,103.4,-2.8,0.085,0.114
2198,Kwame Brown,PHI,31.0,22,12.2,1.9,3.4,0.4,0.3,0.5,0.4,0.459,0.0,0.368,0.318,-1.8,2013,0.452,0.093,95.0,102.1,-7.1,0.051,0.139
2594,Kyle Korver,ATL,32.0,74,30.5,10.9,4.0,2.0,0.9,0.5,0.9,0.461,0.457,0.859,0.554,2.7,2013,0.637,0.141,106.0,101.9,4.1,0.094,0.067
200768,Kyle Lowry,TOR,27.0,68,29.7,11.6,4.7,6.4,1.4,0.4,2.3,0.401,0.362,0.795,0.397,0.6,2013,0.543,0.197,106.1,105.0,1.1,0.336,0.082
203124,Kyle O'Quinn,ORL,23.0,57,11.2,4.1,3.7,0.9,0.2,0.5,0.6,0.513,0.0,0.667,0.193,-1.0,2013,0.535,0.173,100.9,104.8,-3.8,0.122,0.158
202713,Kyle Singler,DET,25.0,82,28.0,8.8,4.0,0.9,0.7,0.5,1.2,0.428,0.35,0.806,0.354,-2.0,2013,0.517,0.155,101.5,105.5,-4.1,0.053,0.074
202681,Kyrie Irving,CLE,21.0,59,34.7,22.5,3.7,5.9,1.5,0.4,3.2,0.452,0.391,0.855,0.322,-3.0,2013,0.553,0.292,104.0,108.7,-4.6,0.315,0.053
200746,LaMarcus Aldridge,POR,27.0,74,37.7,21.1,9.1,2.6,0.8,1.2,1.9,0.484,0.143,0.81,0.432,-0.3,2013,0.53,0.262,106.1,106.8,-0.7,0.125,0.124
1885,Lamar Odom,LAC,33.0,82,19.7,4.0,5.9,1.7,0.8,0.7,1.0,0.399,0.2,0.476,0.683,3.6,2013,0.429,0.13,105.3,95.4,9.9,0.128,0.15
202362,Lance Stephenson,IND,22.0,78,29.2,8.8,3.9,2.9,1.0,0.2,1.4,0.46,0.33,0.652,0.59,4.9,2013,0.53,0.149,107.0,98.9,8.2,0.15,0.067
202498,Lance Thomas,NOH,25.0,59,11.0,2.5,1.9,0.3,0.2,0.1,0.2,0.5,0.0,0.729,0.322,-0.9,2013,0.565,0.106,99.5,101.9,-2.4,0.043,0.095
202361,Landry Fields,TOR,25.0,51,20.3,4.7,4.1,1.2,0.6,0.2,0.8,0.457,0.143,0.642,0.412,-0.5,2013,0.487,0.126,105.4,106.2,-0.8,0.084,0.105
202336,Larry Sanders,MIL,24.0,71,27.3,9.8,9.5,1.2,0.7,2.8,1.2,0.506,0.0,0.618,0.479,0.5,2013,0.523,0.169,101.8,100.2,1.5,0.068,0.162
202730,Lavoy Allen,PHI,24.0,79,21.1,5.8,5.0,0.9,0.3,0.7,0.7,0.454,0.0,0.717,0.43,-1.3,2013,0.474,0.146,98.2,100.4,-2.2,0.068,0.119
2544,LeBron James,MIA,28.0,76,37.9,26.8,8.0,7.3,1.7,0.9,3.0,0.565,0.406,0.753,0.803,9.5,2013,0.64,0.294,114.2,101.9,12.3,0.344,0.115
2571,Leandro Barbosa,BOS,30.0,41,12.5,5.2,1.1,1.4,0.4,0.1,0.5,0.43,0.383,0.756,0.561,-0.4,2013,0.509,0.202,95.4,99.7,-4.3,0.201,0.046
101132,Linas Kleiza,TOR,28.0,20,18.8,7.4,2.6,0.8,0.2,0.1,0.7,0.333,0.303,0.842,0.45,-2.2,2013,0.46,0.217,102.3,108.8,-6.5,0.077,0.07
200811,Lou Amundson,NOH,30.0,39,9.5,1.9,2.7,0.3,0.4,0.3,0.5,0.395,0.0,0.333,0.282,-1.7,2013,0.392,0.14,95.7,104.2,-8.5,0.051,0.151
101150,Lou Williams,ATL,26.0,39,28.7,14.1,2.1,3.6,1.1,0.3,1.9,0.422,0.367,0.868,0.564,0.1,2013,0.555,0.232,102.2,102.4,-0.2,0.218,0.036
201601,Luc Mbah a Moute,MIL,26.0,58,22.9,6.7,4.4,0.9,0.7,0.2,1.2,0.401,0.351,0.571,0.483,-1.5,2013,0.447,0.164,100.0,103.1,-3.0,0.063,0.091
2449,Luis Scola,PHX,33.0,82,26.6,12.8,6.6,2.2,0.8,0.4,1.5,0.472,0.188,0.787,0.305,-2.6,2013,0.516,0.228,100.9,105.6,-4.8,0.14,0.126
202337,Luke Babbitt,POR,24.0,62,11.8,3.9,2.2,0.5,0.2,0.1,0.4,0.368,0.348,0.769,0.387,0.0,2013,0.509,0.156,100.7,103.0,-2.3,0.064,0.093
2557,Luke Ridnour,MIN,32.0,82,30.2,11.5,2.5,3.8,1.0,0.2,1.6,0.453,0.311,0.848,0.378,-1.6,2013,0.532,0.178,101.2,104.3,-3.1,0.211,0.043
2575,Luke Walton,CLE,33.0,50,17.1,3.4,2.9,3.3,0.8,0.3,1.2,0.392,0.299,0.5,0.32,-1.1,2013,0.453,0.131,102.5,105.0,-2.5,0.286,0.089
2736,Luol Deng,CHI,28.0,75,38.7,16.5,6.3,3.0,1.1,0.4,1.9,0.426,0.322,0.816,0.56,0.0,2013,0.508,0.21,101.9,101.9,0.0,0.131,0.083
203146,Maalik Wayns,LAC,22.0,27,7.5,2.8,0.3,1.0,0.2,0.0,0.6,0.295,0.226,0.895,0.37,-2.2,2013,0.394,0.24,95.3,110.0,-14.7,0.233,0.018
202723,Malcolm Lee,MIN,23.0,16,18.0,4.9,2.4,1.3,0.8,0.4,0.6,0.382,0.333,0.6,0.438,0.8,2013,0.46,0.144,100.2,98.2,2.0,0.111,0.068
1938,Manu Ginobili,SAS,35.0,60,23.2,11.8,3.4,4.6,1.3,0.2,2.2,0.425,0.353,0.796,0.75,3.9,2013,0.56,0.238,105.6,97.5,8.1,0.308,0.072
202705,MarShon Brooks,BKN,24.0,73,12.5,5.4,1.4,1.0,0.5,0.2,0.9,0.463,0.273,0.734,0.562,-0.8,2013,0.523,0.217,98.5,101.6,-3.1,0.153,0.059
201188,Marc Gasol,MEM,28.0,80,35.0,14.1,7.8,4.0,1.0,1.7,2.0,0.494,0.071,0.848,0.688,5.4,2013,0.559,0.192,104.5,96.3,8.2,0.19,0.117
101162,Marcin Gortat,PHX,29.0,61,30.8,11.1,8.5,1.2,0.7,1.6,1.6,0.521,0.0,0.652,0.344,-3.3,2013,0.543,0.171,100.2,105.7,-5.4,0.063,0.14
201158,Marco Belinelli,CHI,27.0,73,25.8,9.6,1.9,2.0,0.6,0.1,1.1,0.395,0.357,0.839,0.548,-0.6,2013,0.513,0.184,101.3,103.0,-1.7,0.132,0.038
948,Marcus Camby,NYK,39.0,24,10.4,1.8,3.3,0.6,0.3,0.6,0.6,0.321,0.0,0.421,0.667,-0.7,2013,0.342,0.145,96.4,98.3,-1.9,0.096,0.16
202694,Marcus Morris Sr.,PHX,23.0,77,19.8,7.7,3.6,0.8,0.6,0.3,1.0,0.422,0.369,0.564,0.455,-1.6,2013,0.516,0.184,101.6,105.7,-4.1,0.068,0.09
201977,Marcus Thornton,SAC,26.0,72,24.0,12.7,2.5,1.3,0.8,0.1,0.9,0.429,0.372,0.881,0.361,-4.0,2013,0.552,0.228,102.9,111.2,-8.3,0.092,0.053
201596,Mario Chalmers,MIA,27.0,77,26.9,8.6,2.2,3.5,1.5,0.2,1.5,0.429,0.409,0.795,0.805,7.4,2013,0.576,0.156,113.9,100.2,13.7,0.183,0.046
202693,Markieff Morris,PHX,23.0,82,22.4,8.2,4.8,1.3,0.9,0.8,1.3,0.407,0.336,0.732,0.305,-4.4,2013,0.473,0.195,99.3,108.7,-9.4,0.095,0.11
2605,Marquis Daniels,MIL,32.0,59,18.4,5.5,2.5,1.1,0.9,0.2,0.8,0.376,0.278,0.741,0.458,-1.7,2013,0.432,0.166,96.2,100.0,-3.8,0.096,0.065
203104,Marquis Teague,CHI,20.0,48,8.2,2.1,0.9,1.3,0.2,0.1,0.7,0.381,0.174,0.563,0.5,-0.2,2013,0.412,0.182,96.3,96.0,0.3,0.275,0.058
201578,Marreese Speights,CLE,25.0,79,16.5,8.3,4.9,0.6,0.3,0.7,1.0,0.445,0.3,0.771,0.494,-1.9,2013,0.498,0.252,99.0,103.8,-4.8,0.067,0.15
101110,Martell Webster,WAS,26.0,76,28.9,11.4,3.9,1.9,0.6,0.2,1.2,0.442,0.422,0.848,0.368,-0.4,2013,0.601,0.166,100.4,100.8,-0.4,0.105,0.067
101107,Marvin Williams,UTA,27.0,73,23.7,7.2,3.6,1.1,0.5,0.5,0.8,0.423,0.325,0.778,0.548,-1.3,2013,0.515,0.151,100.9,103.9,-3.0,0.072,0.078
2440,Matt Barnes,LAC,33.0,80,25.7,10.3,4.6,1.5,1.0,0.8,1.1,0.462,0.342,0.744,0.688,3.6,2013,0.566,0.176,106.5,99.1,7.4,0.095,0.09
2588,Matt Bonner,SAS,33.0,68,13.4,4.2,1.9,0.5,0.3,0.3,0.2,0.487,0.442,0.733,0.691,1.2,2013,0.609,0.124,105.3,101.1,4.3,0.057,0.073
203090,Maurice Harkless,ORL,20.0,76,26.0,8.2,4.4,0.7,1.2,0.8,0.9,0.461,0.274,0.57,0.237,-6.2,2013,0.504,0.156,96.4,108.0,-11.6,0.04,0.084
1897,Metta World Peace,LAL,33.0,75,33.7,12.4,5.0,1.5,1.6,0.6,1.3,0.403,0.342,0.734,0.533,2.6,2013,0.517,0.174,107.9,103.7,4.2,0.067,0.072
203086,Meyers Leonard,POR,21.0,69,17.5,5.5,3.7,0.5,0.2,0.6,0.7,0.545,0.429,0.809,0.406,-2.2,2013,0.596,0.137,99.4,106.6,-7.2,0.045,0.112
201563,Michael Beasley,PHX,24.0,75,20.7,10.1,3.8,1.5,0.4,0.5,1.9,0.405,0.313,0.746,0.32,-4.5,2013,0.462,0.27,97.5,109.0,-11.5,0.125,0.092
203077,Michael Kidd-Gilchrist,CHA,19.0,78,26.0,9.0,5.8,1.5,0.7,0.9,1.3,0.458,0.222,0.749,0.256,-3.7,2013,0.506,0.175,100.6,107.8,-7.2,0.096,0.115
101153,Mickael Gelabale,MIN,30.0,36,17.9,5.0,2.8,0.7,0.4,0.1,0.4,0.518,0.308,0.875,0.278,-1.9,2013,0.605,0.115,99.1,104.0,-4.8,0.064,0.08
2554,Mickael Pietrus,TOR,31.0,19,20.3,5.3,1.9,0.5,0.6,0.3,0.8,0.347,0.313,0.667,0.526,-1.9,2013,0.472,0.149,103.0,107.4,-4.3,0.034,0.051
201144,Mike Conley,MEM,25.0,80,34.5,14.6,2.8,6.1,2.2,0.3,2.4,0.44,0.362,0.83,0.675,6.3,2013,0.549,0.205,105.7,96.0,9.7,0.287,0.042
2399,Mike Dunleavy,MIL,32.0,75,25.9,10.5,3.9,1.9,0.5,0.5,1.2,0.442,0.428,0.82,0.44,1.3,2013,0.577,0.17,104.0,102.4,1.6,0.114,0.072
2229,Mike James,DAL,38.0,45,19.2,6.1,1.6,3.1,0.6,0.1,1.2,0.373,0.384,0.793,0.6,0.7,2013,0.481,0.18,105.3,103.3,1.9,0.236,0.042
2034,Mike Miller,MIA,33.0,59,15.2,4.8,2.7,1.7,0.4,0.1,0.6,0.433,0.417,0.727,0.797,0.9,2013,0.596,0.141,106.1,103.7,2.4,0.167,0.093
203118,Mike Scott,ATL,24.0,40,9.4,4.6,2.8,0.3,0.1,0.1,0.5,0.476,0.0,0.768,0.475,-1.1,2013,0.533,0.226,96.8,102.6,-5.8,0.058,0.146
203141,Mirza Teletovic,BKN,27.0,53,9.4,3.5,1.8,0.4,0.2,0.2,0.4,0.384,0.343,0.818,0.528,-0.4,2013,0.495,0.189,100.2,103.2,-3.0,0.08,0.097
2590,Mo Williams,UTA,30.0,46,30.8,12.9,2.4,6.2,1.0,0.2,2.7,0.43,0.383,0.882,0.478,-1.4,2013,0.519,0.22,103.4,106.2,-2.7,0.324,0.04
101145,Monta Ellis,MIL,27.0,82,37.5,19.2,3.9,6.0,2.1,0.4,3.1,0.416,0.287,0.773,0.463,-0.5,2013,0.493,0.258,103.5,104.3,-0.9,0.262,0.049
201986,Nando De Colo,SAS,26.0,72,12.8,3.8,1.9,1.9,0.6,0.1,1.1,0.436,0.378,0.795,0.694,-0.5,2013,0.53,0.167,98.6,100.7,-2.1,0.233,0.077
101126,Nate Robinson,CHI,29.0,82,25.4,13.1,2.2,4.4,1.0,0.1,1.8,0.433,0.405,0.799,0.549,0.4,2013,0.54,0.246,103.0,102.5,0.6,0.312,0.044
1737,Nazr Mohammed,CHI,35.0,63,11.0,2.6,3.1,0.4,0.3,0.5,0.4,0.367,0.0,0.723,0.524,-0.2,2013,0.414,0.15,98.8,98.8,0.1,0.06,0.145
2403,Nene,WAS,30.0,61,27.2,12.6,6.7,2.9,0.9,0.6,2.3,0.48,0.0,0.729,0.426,1.5,2013,0.538,0.233,101.7,98.3,3.4,0.184,0.124
2555,Nick Collison,OKC,32.0,81,19.5,5.1,4.1,1.5,0.6,0.4,0.9,0.595,0.0,0.769,0.741,4.5,2013,0.624,0.113,112.3,99.7,12.5,0.112,0.109
201156,Nick Young,PHI,28.0,59,23.9,10.6,2.2,1.4,0.6,0.2,0.8,0.413,0.357,0.82,0.39,-1.6,2013,0.525,0.205,98.1,102.5,-4.4,0.099,0.045
201587,Nicolas Batum,POR,24.0,73,38.4,14.3,5.6,4.9,1.2,1.1,2.6,0.423,0.372,0.848,0.438,-1.5,2013,0.566,0.178,105.4,107.8,-2.4,0.199,0.075
201593,Nikola Pekovic,MIN,27.0,62,31.6,16.3,8.8,0.9,0.7,0.8,1.6,0.52,0.0,0.744,0.419,-0.3,2013,0.572,0.221,103.7,104.3,-0.5,0.048,0.142
202696,Nikola Vučević,ORL,22.0,77,33.2,13.1,11.9,1.9,0.8,1.0,1.8,0.519,0.0,0.683,0.247,-5.0,2013,0.534,0.191,99.6,107.9,-8.3,0.093,0.182
202701,Nolan Smith,POR,24.0,40,7.2,2.8,0.7,0.9,0.2,0.0,0.7,0.368,0.214,0.714,0.325,-0.3,2013,0.435,0.234,91.4,93.0,-1.6,0.229,0.045
202708,Norris Cole,MIA,24.0,80,19.9,5.6,1.6,2.1,0.7,0.1,1.3,0.421,0.357,0.65,0.813,0.1,2013,0.483,0.168,104.1,104.0,0.1,0.165,0.044
201564,O.J. Mayo,DAL,25.0,82,35.5,15.3,3.5,4.4,1.1,0.3,2.6,0.449,0.407,0.82,0.5,-1.3,2013,0.556,0.206,103.9,105.5,-1.6,0.191,0.051
201600,Omer Asik,HOU,26.0,82,30.0,10.1,11.7,0.9,0.6,1.1,2.1,0.541,0.0,0.562,0.549,3.5,2013,0.558,0.162,108.7,102.3,6.4,0.046,0.195
201956,Omri Casspi,CLE,25.0,43,11.7,4.0,2.7,0.7,0.6,0.3,0.5,0.394,0.329,0.537,0.233,-1.1,2013,0.486,0.177,95.4,98.7,-3.2,0.093,0.109
203111,Orlando Johnson,IND,24.0,51,12.1,4.0,2.2,0.9,0.2,0.2,0.6,0.4,0.383,0.719,0.608,-0.1,2013,0.523,0.161,97.0,97.7,-0.7,0.135,0.088
200782,P.J. Tucker,PHX,28.0,79,24.2,6.4,4.4,1.4,0.8,0.2,0.8,0.473,0.314,0.744,0.316,-2.2,2013,0.525,0.125,100.5,104.4,-3.9,0.085,0.092
203143,Pablo Prigioni,NYK,36.0,78,16.2,3.5,1.8,3.0,0.9,0.0,1.1,0.455,0.396,0.88,0.679,2.2,2013,0.595,0.117,107.7,100.5,7.3,0.277,0.061
201976,Patrick Beverley,HOU,24.0,41,17.4,5.6,2.7,2.9,0.9,0.5,1.1,0.418,0.375,0.829,0.561,2.9,2013,0.551,0.15,106.4,98.5,7.9,0.262,0.073
202335,Patrick Patterson,SAC,24.0,71,25.0,10.4,4.7,1.1,0.4,0.6,0.9,0.512,0.386,0.762,0.437,0.9,2013,0.566,0.173,109.1,107.7,1.4,0.07,0.096
201988,Patty Mills,SAS,24.0,58,11.3,5.1,0.9,1.1,0.4,0.1,0.7,0.469,0.4,0.842,0.672,0.6,2013,0.59,0.193,105.8,103.3,2.4,0.147,0.04
2200,Pau Gasol,LAL,32.0,49,33.8,13.7,8.6,4.1,0.5,1.2,2.1,0.466,0.286,0.702,0.551,2.0,2013,0.512,0.203,106.6,103.7,2.9,0.196,0.126
202331,Paul George,IND,23.0,79,37.6,17.4,7.6,4.1,1.8,0.6,2.9,0.419,0.362,0.807,0.608,4.6,2013,0.531,0.231,104.4,98.1,6.4,0.191,0.101
200794,Paul Millsap,UTA,28.0,78,30.4,14.6,7.1,2.6,1.3,1.0,1.8,0.49,0.333,0.742,0.526,0.1,2013,0.55,0.227,106.2,105.9,0.3,0.143,0.124
1718,Paul Pierce,BOS,35.0,77,33.4,18.6,6.3,4.8,1.1,0.4,2.8,0.436,0.38,0.787,0.532,1.6,2013,0.559,0.271,103.8,101.3,2.6,0.245,0.099
203103,Perry Jones III,OKC,21.0,38,7.4,2.3,1.6,0.3,0.1,0.2,0.4,0.394,0.0,0.667,0.789,0.0,2013,0.417,0.19,98.8,99.3,-0.5,0.057,0.11
203112,Quincy Acy,TOR,22.0,29,11.8,4.0,2.7,0.4,0.4,0.5,0.6,0.56,0.5,0.816,0.448,3.3,2013,0.632,0.146,110.6,95.9,14.8,0.051,0.114
202347,Quincy Pondexter,MEM,25.0,59,21.1,6.4,2.2,1.0,0.6,0.1,0.7,0.428,0.395,0.787,0.729,0.9,2013,0.565,0.134,102.6,101.1,1.5,0.076,0.054
200765,Rajon Rondo,BOS,27.0,38,37.4,13.7,5.6,11.1,1.8,0.2,3.9,0.484,0.24,0.645,0.474,-1.5,2013,0.516,0.213,99.6,102.0,-2.4,0.49,0.078
201196,Ramon Sessions,CHA,27.0,61,27.1,14.4,2.8,3.8,0.8,0.1,1.7,0.408,0.308,0.839,0.213,-6.2,2013,0.529,0.247,98.4,110.4,-12.0,0.266,0.05
200751,Randy Foye,UTA,29.0,82,27.4,10.8,1.5,2.0,0.8,0.3,1.1,0.397,0.41,0.819,0.524,-1.0,2013,0.55,0.18,104.2,106.4,-2.2,0.116,0.03
1740,Rashard Lewis,MIA,33.0,55,14.4,5.2,2.2,0.5,0.4,0.3,0.6,0.414,0.389,0.622,0.855,-0.3,2013,0.53,0.177,102.0,104.1,-2.1,0.063,0.083
739,Rasheed Wallace,NYK,38.0,21,14.1,7.0,4.0,0.3,0.6,0.7,0.5,0.387,0.319,0.7,0.762,0.3,2013,0.484,0.261,99.6,97.7,1.9,0.039,0.138
951,Ray Allen,MIA,37.0,79,25.8,10.9,2.7,1.7,0.8,0.2,1.3,0.449,0.419,0.886,0.797,2.2,2013,0.599,0.185,108.6,104.8,3.8,0.107,0.057
101109,Raymond Felton,NYK,29.0,68,34.0,13.9,2.9,5.5,1.4,0.2,2.3,0.427,0.36,0.789,0.691,4.1,2013,0.505,0.217,112.3,106.3,5.9,0.26,0.044
2501,Reggie Evans,BKN,33.0,80,24.6,4.5,11.1,0.5,0.9,0.2,1.4,0.479,0.0,0.509,0.6,1.5,2013,0.506,0.11,106.5,102.8,3.8,0.032,0.237
202704,Reggie Jackson,OKC,23.0,70,14.2,5.3,2.4,1.7,0.4,0.2,0.8,0.458,0.231,0.839,0.714,1.5,2013,0.531,0.183,103.9,97.2,6.7,0.204,0.085
202130,Reggie Williams,CHA,26.0,40,9.5,3.7,1.3,1.0,0.3,0.0,0.5,0.432,0.306,0.476,0.175,-0.8,2013,0.517,0.186,101.2,105.4,-4.2,0.18,0.063
1888,Richard Hamilton,CHI,35.0,50,21.8,9.8,1.7,2.4,0.5,0.1,1.7,0.429,0.308,0.857,0.56,-0.7,2013,0.481,0.244,98.9,100.8,-1.9,0.191,0.039
2210,Richard Jefferson,GSW,33.0,56,10.1,3.1,1.5,0.6,0.3,0.1,0.4,0.456,0.311,0.717,0.536,0.2,2013,0.552,0.139,100.3,97.9,2.4,0.088,0.075
201937,Ricky Rubio,MIN,22.0,57,29.7,10.7,4.0,7.3,2.4,0.1,3.0,0.36,0.293,0.799,0.316,-1.5,2013,0.482,0.212,101.3,103.1,-1.8,0.391,0.071
203135,Robert Sacre,LAL,24.0,32,6.4,1.3,1.1,0.2,0.0,0.3,0.3,0.375,0.0,0.636,0.594,-1.6,2013,0.407,0.127,94.6,109.3,-14.7,0.045,0.08
201577,Robin Lopez,NOH,25.0,82,26.0,11.3,5.6,0.8,0.4,1.6,1.3,0.534,0.0,0.778,0.329,-1.7,2013,0.573,0.196,103.8,106.8,-3.1,0.051,0.115
201155,Rodney Stuckey,DET,27.0,76,28.6,11.5,2.8,3.6,0.7,0.2,1.8,0.406,0.302,0.783,0.316,-3.8,2013,0.505,0.206,101.0,108.1,-7.2,0.208,0.05
201958,Rodrigue Beaubois,DAL,25.0,45,12.2,4.0,1.3,1.9,0.4,0.1,0.7,0.369,0.292,0.789,0.378,0.8,2013,0.47,0.178,100.6,97.7,2.9,0.237,0.05
2427,Roger Mason Jr.,NOH,32.0,69,17.7,5.3,1.9,1.1,0.4,0.2,0.7,0.433,0.415,0.907,0.29,0.0,2013,0.57,0.137,106.6,108.3,-1.7,0.091,0.058
200758,Ronnie Brewer,OKC,28.0,60,14.2,3.0,2.3,0.8,0.7,0.1,0.3,0.354,0.303,0.41,0.717,0.0,2013,0.416,0.124,104.4,104.1,0.2,0.087,0.083
101179,Ronnie Price,POR,30.0,39,13.1,2.7,1.1,1.9,0.7,0.1,0.9,0.325,0.256,0.708,0.462,-1.9,2013,0.402,0.148,96.7,102.0,-5.3,0.232,0.046
101142,Ronny Turiaf,LAC,30.0,65,10.8,1.9,2.3,0.5,0.3,0.5,0.4,0.505,0.0,0.365,0.723,0.4,2013,0.485,0.097,97.0,95.1,1.9,0.074,0.107
201579,Roy Hibbert,IND,26.0,79,28.7,11.9,8.3,1.4,0.5,2.6,2.1,0.448,0.25,0.741,0.62,4.9,2013,0.489,0.223,106.1,97.3,8.7,0.083,0.142
2767,Royal Ivey,PHI,31.0,53,13.2,3.2,1.1,0.6,0.4,0.1,0.4,0.431,0.42,0.563,0.377,-1.7,2013,0.563,0.109,95.4,100.4,-5.0,0.073,0.041
200752,Rudy Gay,TOR,26.0,75,35.8,18.2,6.1,2.7,1.5,0.7,2.6,0.416,0.323,0.814,0.613,2.9,2013,0.494,0.264,104.1,99.9,4.2,0.134,0.089
201566,Russell Westbrook,OKC,24.0,82,34.9,23.2,5.2,7.4,1.8,0.3,3.3,0.438,0.323,0.8,0.732,7.7,2013,0.532,0.322,112.5,101.2,11.2,0.372,0.076
201583,Ryan Anderson,NOH,25.0,81,30.9,16.2,6.4,1.2,0.5,0.4,1.2,0.423,0.382,0.844,0.333,-3.2,2013,0.548,0.237,104.7,110.0,-5.4,0.071,0.109
200797,Ryan Hollins,LAC,28.0,60,11.1,3.4,2.3,0.2,0.1,0.6,0.7,0.614,0.0,0.75,0.717,1.0,2013,0.674,0.133,101.2,96.9,4.4,0.027,0.106
201970,Sam Young,IND,28.0,56,12.4,2.8,2.2,0.8,0.3,0.1,0.6,0.392,0.308,0.535,0.643,-1.5,2013,0.464,0.129,93.5,99.2,-5.7,0.107,0.084
2223,Samuel Dalembert,MIL,33.0,47,16.3,6.7,5.9,0.4,0.4,1.1,1.1,0.542,1.0,0.691,0.468,-2.3,2013,0.565,0.18,99.7,107.1,-7.3,0.044,0.175
2562,Sasha Pavlovic,POR,29.0,39,13.5,2.6,1.4,0.8,0.6,0.1,0.4,0.353,0.3,0.167,0.385,-0.8,2013,0.423,0.113,102.1,104.4,-2.3,0.093,0.054
2742,Sebastian Telfair,TOR,28.0,59,16.6,5.6,1.4,2.6,0.6,0.2,1.1,0.362,0.353,0.783,0.356,-0.5,2013,0.488,0.183,98.1,99.2,-1.2,0.252,0.042
201586,Serge Ibaka,OKC,23.0,80,31.1,13.2,7.7,0.5,0.4,3.0,1.6,0.573,0.351,0.749,0.725,6.1,2013,0.612,0.178,110.8,100.2,10.6,0.028,0.126
2203,Shane Battier,MIA,34.0,72,24.8,6.6,2.3,1.0,0.6,0.8,0.5,0.42,0.43,0.842,0.819,4.7,2013,0.623,0.109,111.3,101.5,9.8,0.058,0.049
200769,Shannon Brown,PHX,27.0,59,23.8,10.5,2.5,1.8,1.0,0.3,1.3,0.42,0.277,0.784,0.288,-3.3,2013,0.493,0.217,100.4,107.5,-7.1,0.127,0.054
2733,Shaun Livingston,CLE,27.0,66,22.0,6.3,2.4,3.3,0.7,0.5,1.2,0.48,0.0,0.867,0.303,-1.8,2013,0.536,0.142,101.2,105.4,-4.1,0.229,0.055
1890,Shawn Marion,DAL,35.0,67,30.0,12.1,7.8,2.4,1.1,0.7,1.5,0.514,0.315,0.782,0.478,-2.4,2013,0.553,0.185,101.1,104.7,-3.6,0.129,0.132
202714,Shelvin Mack,ATL,23.0,31,13.4,4.6,1.3,2.2,0.5,0.0,1.1,0.46,0.367,0.563,0.419,-1.0,2013,0.537,0.183,98.1,102.7,-4.6,0.265,0.05
201150,Spencer Hawes,PHI,25.0,82,27.2,11.0,7.2,2.2,0.3,1.4,1.6,0.464,0.356,0.777,0.415,-1.7,2013,0.514,0.204,99.9,103.6,-3.8,0.134,0.13
201939,Stephen Curry,GSW,25.0,78,38.2,22.9,4.0,6.9,1.6,0.2,3.1,0.451,0.453,0.9,0.577,1.7,2013,0.589,0.257,107.0,104.7,2.3,0.298,0.052
1536,Stephen Jackson,SAS,35.0,55,19.5,6.2,2.8,1.5,0.7,0.3,1.4,0.373,0.271,0.7,0.727,1.8,2013,0.473,0.183,104.4,99.8,4.7,0.11,0.075
2581,Steve Blake,LAL,33.0,45,26.1,7.3,2.9,3.8,0.8,0.1,1.4,0.422,0.421,0.771,0.644,0.6,2013,0.573,0.13,104.6,103.1,1.5,0.227,0.055
959,Steve Nash,LAL,39.0,50,32.5,12.7,2.8,6.7,0.6,0.1,2.5,0.497,0.438,0.922,0.52,0.7,2013,0.605,0.171,106.9,106.5,0.4,0.31,0.043
200779,Steve Novak,NYK,30.0,81,20.3,6.6,1.9,0.4,0.3,0.1,0.1,0.414,0.425,0.909,0.654,3.0,2013,0.602,0.126,108.9,102.7,6.2,0.032,0.049
201959,Taj Gibson,CHI,28.0,65,22.5,8.0,5.3,0.9,0.4,1.4,1.2,0.485,0.0,0.679,0.585,1.7,2013,0.518,0.177,103.3,98.1,5.3,0.071,0.119
2419,Tayshaun Prince,MEM,33.0,82,32.1,10.4,4.4,2.4,0.6,0.3,1.1,0.438,0.404,0.738,0.537,1.4,2013,0.486,0.17,103.8,101.5,2.3,0.122,0.071
203093,Terrence Jones,HOU,21.0,19,14.5,5.5,3.4,0.8,0.6,1.0,0.7,0.457,0.263,0.765,0.474,-0.2,2013,0.512,0.173,103.5,106.1,-2.6,0.09,0.112
203082,Terrence Ross,TOR,22.0,73,17.0,6.4,2.0,0.7,0.6,0.2,0.7,0.407,0.332,0.714,0.397,-0.9,2013,0.491,0.191,103.3,106.2,-2.8,0.073,0.06
201944,Terrence Williams,BOS,26.0,24,13.2,4.6,1.8,1.6,0.5,0.1,0.9,0.495,0.333,0.429,0.458,-0.5,2013,0.518,0.182,101.7,102.5,-0.8,0.19,0.07
200757,Thabo Sefolosha,OKC,29.0,81,27.5,7.6,3.9,1.5,1.3,0.5,0.8,0.481,0.419,0.826,0.728,6.2,2013,0.617,0.112,110.3,98.0,12.2,0.08,0.072
201152,Thaddeus Young,PHI,25.0,76,34.6,14.8,7.5,1.6,1.8,0.7,1.2,0.531,0.125,0.574,0.434,-0.4,2013,0.541,0.197,102.9,103.1,-0.2,0.078,0.11
203080,Thomas Robinson,HOU,22.0,70,15.1,4.8,4.5,0.7,0.6,0.4,1.3,0.43,0.0,0.523,0.429,-2.1,2013,0.451,0.187,100.9,107.6,-6.7,0.073,0.148
201168,Tiago Splitter,SAS,28.0,81,24.7,10.3,6.4,1.6,0.8,0.8,1.2,0.56,0.0,0.73,0.716,4.7,2013,0.609,0.179,105.9,96.2,9.6,0.099,0.133
1495,Tim Duncan,SAS,37.0,69,30.1,17.8,9.9,2.7,0.7,2.7,2.1,0.502,0.286,0.817,0.725,6.7,2013,0.554,0.276,108.1,97.8,10.3,0.151,0.17
202389,Timofey Mozgov,DEN,26.0,41,8.9,2.6,2.6,0.2,0.1,0.4,0.6,0.506,0.0,0.769,0.659,-1.8,2013,0.549,0.141,96.1,105.7,-9.6,0.039,0.136
202699,Tobias Harris,ORL,20.0,55,23.6,11.0,5.2,1.3,0.6,0.8,1.2,0.455,0.315,0.752,0.291,-3.1,2013,0.527,0.216,100.0,106.6,-6.6,0.087,0.109
201962,Toney Douglas,SAC,27.0,71,18.1,7.5,1.9,2.1,1.0,0.0,1.1,0.403,0.38,0.905,0.507,1.5,2013,0.531,0.191,108.9,104.9,4.0,0.176,0.053
2754,Tony Allen,MEM,31.0,79,26.7,8.9,4.6,1.2,1.5,0.6,1.2,0.445,0.125,0.717,0.684,2.7,2013,0.489,0.177,102.0,95.4,6.7,0.076,0.09
2225,Tony Parker,SAS,31.0,66,32.9,20.3,3.0,7.6,0.8,0.1,2.6,0.522,0.353,0.845,0.712,6.8,2013,0.588,0.276,108.8,98.6,10.2,0.396,0.048
203100,Tony Wroten,MEM,20.0,35,7.8,2.6,0.8,1.2,0.2,0.1,0.8,0.384,0.25,0.724,0.8,-1.6,2013,0.461,0.204,92.9,101.8,-8.9,0.262,0.051
2566,Travis Outlaw,SAC,28.0,38,11.7,5.3,1.6,0.6,0.3,0.2,0.5,0.418,0.28,0.731,0.184,-0.9,2013,0.5,0.216,104.3,107.4,-3.1,0.079,0.065
2772,Trevor Ariza,WAS,28.0,56,26.3,9.5,4.8,2.0,1.3,0.4,1.5,0.417,0.364,0.821,0.446,-0.8,2013,0.538,0.174,98.4,99.2,-0.8,0.132,0.088
202344,Trevor Booker,WAS,25.0,48,18.5,5.3,5.0,0.8,0.7,0.3,0.6,0.491,0.0,0.556,0.375,-3.1,2013,0.509,0.143,95.4,104.1,-8.7,0.079,0.133
202684,Tristan Thompson,CLE,22.0,82,31.3,11.7,9.4,1.3,0.7,0.9,1.5,0.488,0.0,0.608,0.293,-2.9,2013,0.516,0.181,103.0,107.6,-4.6,0.069,0.153
2211,Troy Murphy,DAL,33.0,14,18.3,4.6,3.5,0.5,0.7,0.4,0.5,0.361,0.314,0.909,0.429,-1.4,2013,0.494,0.131,98.0,101.6,-3.6,0.045,0.094
201951,Ty Lawson,DEN,25.0,73,34.4,16.7,2.7,6.9,1.5,0.1,2.5,0.461,0.366,0.756,0.671,3.9,2013,0.549,0.219,110.2,104.9,5.3,0.295,0.039
201946,Tyler Hansbrough,IND,27.0,81,16.9,7.0,4.6,0.4,0.4,0.2,1.0,0.432,0.0,0.72,0.605,-0.1,2013,0.527,0.198,96.9,97.6,-0.8,0.05,0.13
203092,Tyler Zeller,CLE,23.0,77,26.4,7.9,5.7,1.2,0.5,0.9,1.2,0.438,0.0,0.764,0.312,-3.4,2013,0.486,0.157,101.2,107.2,-6.0,0.075,0.108
201936,Tyreke Evans,SAC,23.0,65,31.0,15.2,4.4,3.5,1.4,0.4,2.0,0.478,0.338,0.775,0.308,-3.3,2013,0.558,0.223,104.5,109.6,-5.1,0.19,0.073
200748,Tyrus Thomas,CHA,26.0,26,13.8,4.8,2.3,0.7,0.5,0.6,0.7,0.353,0.375,0.839,0.346,-3.5,2013,0.418,0.206,95.2,106.3,-11.1,0.094,0.082
203116,Tyshawn Taylor,BKN,23.0,38,5.8,2.2,0.5,0.6,0.3,0.0,0.7,0.368,0.462,0.556,0.605,-1.7,2013,0.43,0.249,94.4,108.9,-14.6,0.181,0.043
2199,Tyson Chandler,NYK,30.0,66,32.8,10.4,10.7,0.9,0.6,1.1,1.3,0.638,0.0,0.694,0.636,3.8,2013,0.671,0.126,111.2,105.1,6.1,0.044,0.17
2617,Udonis Haslem,MIA,33.0,75,18.9,3.9,5.4,0.5,0.4,0.2,0.6,0.514,0.0,0.711,0.8,3.6,2013,0.535,0.105,110.7,100.2,10.5,0.037,0.16
203139,Viacheslav Kravtsov,DET,25.0,25,8.9,3.1,1.8,0.4,0.2,0.4,0.6,0.717,0.0,0.297,0.32,-0.9,2013,0.618,0.15,100.7,105.1,-4.4,0.062,0.103
201964,Victor Claver,POR,24.0,49,16.6,3.8,2.4,0.9,0.5,0.2,0.9,0.392,0.287,0.467,0.388,-2.2,2013,0.462,0.137,100.5,106.9,-6.4,0.079,0.078
1713,Vince Carter,DAL,36.0,81,25.8,13.4,4.1,2.4,0.9,0.5,1.3,0.435,0.406,0.816,0.506,3.0,2013,0.571,0.223,106.6,101.3,5.4,0.148,0.079
201961,Wayne Ellington,CLE,25.0,78,21.3,7.9,2.1,1.3,0.6,0.0,0.7,0.427,0.392,0.907,0.5,0.2,2013,0.546,0.165,102.6,102.5,0.1,0.1,0.05
202325,Wesley Johnson,PHX,25.0,50,19.1,8.0,2.5,0.7,0.4,0.4,1.0,0.407,0.323,0.771,0.28,-4.6,2013,0.485,0.206,95.2,106.7,-11.6,0.061,0.063
202083,Wesley Matthews,POR,26.0,69,34.8,14.8,2.8,2.5,1.3,0.3,1.6,0.436,0.398,0.797,0.406,-1.2,2013,0.574,0.188,106.7,108.8,-2.1,0.115,0.041
203115,Will Barton,POR,22.0,73,12.2,4.0,2.0,0.8,0.5,0.1,0.8,0.382,0.138,0.769,0.37,-2.8,2013,0.437,0.198,93.6,105.7,-12.1,0.113,0.083
101198,Will Bynum,DET,30.0,65,18.8,9.8,1.5,3.6,0.7,0.1,1.9,0.469,0.316,0.809,0.4,-2.6,2013,0.532,0.258,101.2,109.2,-8.1,0.341,0.041
2584,Willie Green,LAC,31.0,72,16.5,6.3,1.3,0.8,0.4,0.2,0.4,0.461,0.428,0.719,0.667,1.3,2013,0.562,0.166,107.7,104.1,3.6,0.07,0.044
201163,Wilson Chandler,DEN,26.0,43,25.1,13.0,5.1,1.3,1.0,0.3,1.4,0.462,0.413,0.793,0.767,4.1,2013,0.556,0.224,109.4,100.9,8.5,0.082,0.099
202333,Xavier Henry,NOH,22.0,50,12.5,3.9,1.8,0.3,0.3,0.1,0.6,0.41,0.364,0.63,0.32,-2.9,2013,0.481,0.169,95.1,106.7,-11.6,0.036,0.078
2216,Zach Randolph,MEM,31.0,76,34.3,15.4,11.2,1.4,0.8,0.4,2.0,0.46,0.087,0.75,0.671,3.9,2013,0.506,0.227,104.1,98.3,5.7,0.073,0.171
2585,Zaza Pachulia,ATL,29.0,52,21.8,5.9,6.5,1.5,0.7,0.2,1.3,0.473,0.0,0.757,0.558,-0.5,2013,0.534,0.142,101.4,102.6,-1.2,0.107,0.154
201166,Aaron Brooks,DEN,29.0,72,21.6,9.0,1.9,3.2,0.7,0.2,1.6,0.401,0.387,0.874,0.583,-1.3,2014,0.518,0.201,104.1,106.7,-2.6,0.238,0.044
201189,Aaron Gray,SAC,29.0,37,9.6,1.8,3.0,0.6,0.3,0.2,0.8,0.443,0.0,0.55,0.324,-2.3,2014,0.466,0.122,97.6,108.7,-11.1,0.092,0.154
1733,Al Harrington,WAS,34.0,34,15.0,6.6,2.4,0.8,0.4,0.0,1.0,0.396,0.34,0.771,0.588,1.4,2014,0.506,0.225,106.8,102.1,4.7,0.089,0.085
201143,Al Horford,ATL,28.0,29,33.0,18.6,8.4,2.6,0.9,1.5,2.2,0.567,0.364,0.682,0.552,2.5,2014,0.588,0.244,104.3,101.1,3.1,0.139,0.131
2744,Al Jefferson,CHA,29.0,73,35.0,21.8,10.8,2.1,0.9,1.1,1.7,0.509,0.2,0.69,0.521,0.4,2014,0.532,0.293,103.6,103.1,0.5,0.122,0.156
202329,Al-Farouq Aminu,NOP,23.0,80,25.6,7.2,6.2,1.4,1.0,0.5,1.1,0.474,0.271,0.664,0.413,-3.2,2014,0.516,0.14,103.4,108.8,-5.4,0.083,0.125
101187,Alan Anderson,BKN,31.0,78,22.7,7.2,2.2,1.0,0.6,0.1,0.8,0.4,0.339,0.78,0.551,-0.7,2014,0.525,0.156,103.4,104.7,-1.2,0.074,0.052
202692,Alec Burks,UTA,22.0,78,28.1,14.0,3.3,2.7,0.9,0.2,1.9,0.457,0.35,0.748,0.308,-3.7,2014,0.547,0.232,101.5,108.1,-6.6,0.168,0.06
203458,Alex Len,PHX,21.0,42,8.6,2.0,2.4,0.1,0.1,0.4,0.6,0.423,0.0,0.645,0.571,-1.3,2014,0.469,0.134,98.2,106.4,-8.2,0.017,0.138
203144,Alexey Shved,MIN,25.0,63,10.5,4.0,1.3,1.1,0.4,0.3,0.8,0.321,0.294,0.756,0.444,-0.6,2014,0.452,0.206,97.6,100.5,-2.9,0.162,0.058
201582,Alexis Ajinca,NOP,26.0,56,17.0,5.9,4.9,0.7,0.4,0.8,1.1,0.546,0.0,0.836,0.393,-1.8,2014,0.589,0.163,102.9,107.7,-4.8,0.067,0.154
202087,Alonzo Gee,CLE,27.0,65,15.7,4.0,2.3,0.7,0.6,0.2,0.7,0.415,0.328,0.705,0.446,-3.5,2014,0.491,0.132,98.4,108.1,-9.7,0.071,0.071
2405,Amar'e Stoudemire,NYK,31.0,65,22.6,11.9,4.9,0.5,0.4,0.6,1.4,0.557,0.0,0.739,0.4,-2.4,2014,0.596,0.236,103.6,109.8,-6.2,0.044,0.117
101161,Amir Johnson,TOR,27.0,77,28.8,10.4,6.6,1.5,0.7,1.1,1.6,0.562,0.303,0.636,0.558,2.5,2014,0.592,0.162,107.8,103.4,4.3,0.085,0.117
2760,Anderson Varejao,CLE,31.0,65,27.7,8.4,9.7,2.2,1.1,0.6,1.1,0.495,0.0,0.681,0.385,1.0,2014,0.527,0.145,104.9,103.2,1.7,0.122,0.174
101154,Andray Blatche,BKN,27.0,73,22.2,11.2,5.3,1.5,1.0,0.5,1.5,0.476,0.278,0.742,0.548,0.3,2014,0.532,0.248,106.2,105.6,0.6,0.126,0.127
203083,Andre Drummond,DET,20.0,81,32.3,13.5,13.2,0.4,1.2,1.6,1.4,0.623,0.0,0.418,0.358,-2.9,2014,0.599,0.166,105.2,109.4,-4.2,0.021,0.202
2738,Andre Iguodala,GSW,30.0,63,32.4,9.3,4.7,4.2,1.5,0.3,1.6,0.48,0.354,0.652,0.651,9.0,2014,0.57,0.133,110.9,97.4,13.5,0.17,0.072
1889,Andre Miller,WAS,38.0,58,16.9,4.9,2.2,3.4,0.6,0.2,1.1,0.459,0.524,0.779,0.552,0.8,2014,0.534,0.148,103.2,101.0,2.2,0.307,0.066
203460,Andre Roberson,OKC,22.0,40,10.0,1.9,2.4,0.4,0.5,0.3,0.5,0.485,0.154,0.7,0.75,0.7,2014,0.518,0.099,103.9,100.7,3.2,0.051,0.117
200745,Andrea Bargnani,NYK,28.0,42,29.9,13.3,5.3,1.1,0.3,1.2,1.4,0.442,0.278,0.824,0.357,-2.9,2014,0.51,0.22,101.6,107.7,-6.1,0.063,0.092
1905,Andrei Kirilenko,BKN,33.0,45,19.1,5.0,3.2,1.6,0.9,0.4,1.2,0.513,0.2,0.513,0.667,-1.1,2014,0.532,0.142,102.4,105.4,-2.9,0.131,0.092
101106,Andrew Bogut,GSW,29.0,67,26.4,7.3,10.0,1.7,0.7,1.8,1.4,0.627,0.0,0.344,0.597,4.6,2014,0.61,0.123,108.3,99.3,9.0,0.087,0.189
101115,Andrew Bynum,IND,26.0,26,19.8,8.7,5.6,1.1,0.2,1.1,1.3,0.418,0.0,0.755,0.423,-5.2,2014,0.456,0.237,95.6,108.3,-12.7,0.099,0.133
203094,Andrew Nicholson,ORL,24.0,76,15.4,5.7,3.4,0.3,0.2,0.3,0.7,0.429,0.315,0.825,0.25,-2.0,2014,0.489,0.191,95.5,102.3,-6.8,0.037,0.108
1712,Antawn Jamison,LAC,38.0,22,11.3,3.8,2.5,0.3,0.4,0.1,0.3,0.315,0.195,0.72,0.682,2.5,2014,0.408,0.196,100.0,89.2,10.8,0.047,0.104
203461,Anthony Bennett,CLE,21.0,52,12.7,4.2,3.0,0.3,0.4,0.2,0.9,0.356,0.245,0.638,0.385,-1.6,2014,0.425,0.194,98.7,104.5,-5.7,0.043,0.112
203076,Anthony Davis,NOP,21.0,67,35.2,20.8,10.0,1.6,1.3,2.8,1.6,0.519,0.222,0.791,0.433,-1.7,2014,0.582,0.25,106.6,108.7,-2.1,0.078,0.15
201627,Anthony Morrow,NOP,28.0,76,18.8,8.4,1.8,0.8,0.5,0.2,0.7,0.458,0.451,0.828,0.421,0.6,2014,0.57,0.188,105.5,104.3,1.2,0.069,0.05
201576,Anthony Randolph,DEN,24.0,43,12.3,4.8,2.8,0.7,0.6,0.4,0.9,0.386,0.295,0.754,0.349,-2.7,2014,0.499,0.196,95.1,104.4,-9.3,0.104,0.11
201229,Anthony Tolliver,CHA,29.0,64,20.3,6.1,2.6,0.7,0.3,0.2,0.4,0.42,0.413,0.805,0.516,1.2,2014,0.605,0.118,104.2,101.5,2.6,0.049,0.064
203462,Archie Goodwin,PHX,19.0,52,10.2,3.7,1.7,0.4,0.4,0.2,0.8,0.455,0.139,0.673,0.615,-1.7,2014,0.507,0.185,97.2,105.1,-7.9,0.061,0.077
203382,Aron Baynes,SAS,27.0,53,9.3,3.0,2.7,0.6,0.0,0.1,0.7,0.436,0.0,0.905,0.774,0.5,2014,0.467,0.184,106.0,102.7,3.3,0.103,0.152
201167,Arron Afflalo,ORL,28.0,73,35.0,18.2,3.6,3.4,0.5,0.0,2.0,0.459,0.427,0.815,0.288,-5.0,2014,0.574,0.228,100.7,108.0,-7.4,0.169,0.052
203085,Austin Rivers,NOP,21.0,69,19.4,7.7,1.9,2.3,0.7,0.1,1.1,0.405,0.364,0.636,0.391,-0.2,2014,0.482,0.209,106.7,106.7,0.0,0.193,0.05
202340,Avery Bradley,BOS,23.0,60,30.9,14.9,3.8,1.4,1.1,0.2,1.6,0.438,0.395,0.804,0.317,-2.1,2014,0.51,0.231,102.1,104.2,-2.1,0.079,0.061
2732,Ben Gordon,CHA,31.0,19,14.7,5.2,1.4,1.1,0.5,0.1,1.1,0.343,0.276,0.81,0.421,1.0,2014,0.422,0.219,99.8,95.6,4.2,0.122,0.044
203463,Ben McLemore,SAC,21.0,82,26.7,8.8,2.9,1.0,0.5,0.2,1.2,0.376,0.32,0.804,0.341,-2.5,2014,0.485,0.166,103.6,108.1,-4.5,0.058,0.054
2757,Beno Udrih,MEM,31.0,41,15.7,4.9,1.4,2.8,0.6,0.1,1.1,0.438,0.452,0.833,0.439,-2.5,2014,0.523,0.167,102.5,111.4,-8.9,0.278,0.048
202687,Bismack Biyombo,CHA,21.0,77,13.9,2.9,4.8,0.1,0.1,1.1,0.5,0.611,0.0,0.517,0.545,-0.5,2014,0.606,0.094,98.9,100.9,-1.9,0.012,0.165
201933,Blake Griffin,LAC,25.0,80,35.8,24.1,9.5,3.9,1.2,0.6,2.8,0.528,0.273,0.715,0.7,7.1,2014,0.583,0.286,112.9,103.1,9.8,0.185,0.133
2564,Boris Diaw,SAS,32.0,79,25.0,9.1,4.1,2.8,0.6,0.4,1.5,0.521,0.402,0.739,0.759,4.0,2014,0.578,0.167,109.6,101.3,8.3,0.162,0.085
203078,Bradley Beal,WAS,21.0,73,34.7,17.1,3.7,3.3,1.0,0.2,1.8,0.419,0.402,0.788,0.548,1.5,2014,0.507,0.24,104.8,102.7,2.0,0.155,0.056
201148,Brandan Wright,DAL,26.0,58,18.6,9.1,4.2,0.5,0.6,0.9,0.6,0.677,0.0,0.726,0.621,2.1,2014,0.695,0.172,111.5,106.2,5.3,0.046,0.121
101138,Brandon Bass,BOS,29.0,82,27.6,11.1,5.7,1.1,0.4,0.9,1.2,0.486,0.333,0.858,0.305,-4.9,2014,0.549,0.184,99.3,107.1,-7.8,0.065,0.106
203561,Brandon Davies,PHI,22.0,51,11.3,2.8,2.1,0.5,0.5,0.2,0.7,0.422,0.2,0.642,0.294,-0.6,2014,0.476,0.136,97.5,99.6,-2.1,0.074,0.093
201943,Brandon Jennings,DET,24.0,80,34.1,15.5,3.1,7.6,1.3,0.1,2.7,0.373,0.337,0.751,0.35,-2.3,2014,0.486,0.228,105.8,108.9,-3.1,0.334,0.043
202688,Brandon Knight,MIL,22.0,72,33.3,17.9,3.5,4.9,1.0,0.2,2.6,0.422,0.325,0.802,0.181,-6.1,2014,0.523,0.263,102.7,111.3,-8.6,0.262,0.054
201575,Brandon Rush,UTA,28.0,38,11.0,2.1,1.2,0.6,0.1,0.2,0.5,0.333,0.34,0.6,0.342,-2.5,2014,0.428,0.116,96.4,106.9,-10.5,0.085,0.052
203148,Brian Roberts,NOP,28.0,72,23.2,9.4,1.9,3.3,0.6,0.1,1.3,0.42,0.36,0.94,0.389,-1.9,2014,0.529,0.198,102.8,107.1,-4.3,0.226,0.043
201572,Brook Lopez,BKN,26.0,17,31.4,20.7,6.0,0.9,0.5,1.8,1.6,0.563,0.0,0.817,0.412,-1.2,2014,0.629,0.265,102.9,105.1,-2.2,0.059,0.096
201957,Byron Mullens,PHI,25.0,45,9.2,4.2,2.0,0.3,0.3,0.2,0.6,0.442,0.371,0.5,0.356,-3.1,2014,0.544,0.205,95.7,112.2,-16.4,0.06,0.109
201228,C.J. Watson,IND,30.0,63,18.9,6.6,1.6,1.7,1.0,0.1,1.0,0.437,0.366,0.784,0.762,2.2,2014,0.555,0.159,100.8,94.6,6.2,0.144,0.041
203468,CJ McCollum,POR,22.0,38,12.5,5.3,1.3,0.7,0.4,0.1,0.9,0.416,0.375,0.676,0.553,-0.5,2014,0.521,0.201,102.3,104.3,-2.1,0.089,0.047
101139,CJ Miles,CLE,27.0,51,19.3,9.9,2.0,1.0,0.9,0.3,0.9,0.435,0.393,0.853,0.412,0.9,2014,0.569,0.213,104.7,102.8,1.9,0.088,0.052
201171,Carl Landry,SAC,30.0,18,12.9,4.2,3.2,0.3,0.2,0.1,0.5,0.517,0.0,0.824,0.278,-3.7,2014,0.563,0.139,98.3,110.6,-12.3,0.036,0.121
2430,Carlos Boozer,CHI,32.0,76,28.2,13.7,8.3,1.6,0.7,0.3,2.0,0.456,0.0,0.767,0.566,-0.4,2014,0.489,0.257,99.8,100.8,-1.0,0.105,0.149
2546,Carmelo Anthony,NYK,30.0,77,38.7,27.4,8.1,3.1,1.2,0.7,2.6,0.452,0.402,0.848,0.455,1.4,2014,0.561,0.318,108.3,107.1,1.3,0.156,0.108
2406,Caron Butler,OKC,34.0,56,25.3,10.5,4.1,1.5,0.8,0.3,1.1,0.394,0.394,0.84,0.375,-2.7,2014,0.512,0.2,102.5,107.8,-5.3,0.099,0.082
201858,Cartier Martin,ATL,29.0,59,14.7,5.6,1.9,0.6,0.5,0.1,0.6,0.42,0.391,0.738,0.458,-2.1,2014,0.562,0.166,96.2,103.2,-7.0,0.064,0.064
202718,Chandler Parsons,HOU,25.0,74,37.6,16.6,5.5,4.0,1.2,0.4,1.9,0.472,0.37,0.742,0.676,4.4,2014,0.565,0.191,111.2,105.8,5.4,0.168,0.074
101112,Channing Frye,PHX,31.0,82,28.2,11.1,5.1,1.2,0.7,0.8,1.1,0.432,0.37,0.821,0.585,3.6,2014,0.555,0.172,111.2,104.9,6.4,0.061,0.091
201978,Chase Budinger,MIN,26.0,41,18.3,6.7,2.5,0.8,0.5,0.0,0.6,0.394,0.35,0.821,0.512,0.0,2014,0.505,0.17,106.4,106.2,0.1,0.063,0.065
1497,Chauncey Billups,DET,37.0,19,16.3,3.8,1.5,2.2,0.4,0.1,1.3,0.304,0.292,0.833,0.368,-2.2,2014,0.427,0.152,100.3,107.3,-7.0,0.196,0.046
2365,Chris Andersen,MIA,35.0,72,19.4,6.6,5.3,0.3,0.4,1.3,0.7,0.644,0.25,0.71,0.681,2.3,2014,0.683,0.136,107.2,100.6,6.6,0.021,0.149
2547,Chris Bosh,MIA,30.0,79,32.0,16.2,6.6,1.1,1.0,1.0,1.6,0.516,0.339,0.82,0.671,5.7,2014,0.597,0.224,110.9,102.0,8.9,0.056,0.115
203142,Chris Copeland,IND,30.0,41,6.5,3.7,0.8,0.4,0.1,0.2,0.3,0.47,0.418,0.714,0.61,-0.1,2014,0.621,0.228,103.6,107.3,-3.7,0.124,0.062
201604,Chris Douglas-Roberts,CHA,27.0,49,20.7,6.9,2.4,1.0,0.6,0.3,0.7,0.44,0.386,0.805,0.551,-0.2,2014,0.588,0.143,102.2,102.6,-0.4,0.081,0.058
203187,Chris Johnson,BOS,24.0,40,19.7,6.3,2.4,0.8,0.7,0.1,0.6,0.397,0.339,0.86,0.275,0.4,2014,0.537,0.137,103.1,102.2,0.9,0.059,0.062
2549,Chris Kaman,LAL,32.0,39,18.9,10.4,5.9,1.5,0.3,1.0,1.9,0.509,0.0,0.765,0.333,-1.5,2014,0.537,0.26,100.0,103.7,-3.7,0.14,0.145
101108,Chris Paul,LAC,29.0,62,35.0,19.1,4.3,10.7,2.5,0.1,2.3,0.467,0.368,0.855,0.71,8.5,2014,0.58,0.23,113.2,101.9,11.3,0.459,0.061
202698,Chris Singleton,WAS,24.0,25,10.0,3.0,2.2,0.2,0.4,0.1,0.7,0.373,0.368,0.72,0.52,-2.6,2014,0.481,0.167,91.9,103.4,-11.5,0.043,0.11
101236,Chuck Hayes,TOR,31.0,61,12.4,2.2,3.4,0.6,0.6,0.2,0.5,0.431,0.0,0.8,0.541,1.0,2014,0.468,0.101,104.2,99.9,4.3,0.069,0.14
203469,Cody Zeller,CHA,21.0,82,17.3,6.0,4.3,1.1,0.5,0.5,1.1,0.426,0.0,0.73,0.524,-1.0,2014,0.498,0.178,98.5,101.6,-3.0,0.106,0.12
202332,Cole Aldrich,NYK,25.0,46,7.2,2.0,2.8,0.3,0.2,0.7,0.4,0.541,0.0,0.867,0.565,-0.3,2014,0.62,0.124,104.3,105.7,-1.5,0.063,0.197
201147,Corey Brewer,MIN,28.0,81,32.2,12.3,2.6,1.7,1.9,0.4,1.3,0.481,0.28,0.718,0.494,4.1,2014,0.55,0.159,110.4,104.5,5.9,0.075,0.039
202709,Cory Joseph,SAS,22.0,68,13.8,5.0,1.6,1.7,0.5,0.2,0.6,0.475,0.316,0.823,0.765,0.0,2014,0.558,0.167,104.3,104.3,0.1,0.18,0.06
201584,Courtney Lee,MEM,28.0,79,25.0,9.6,2.4,1.5,0.8,0.4,0.9,0.48,0.371,0.884,0.595,0.9,2014,0.574,0.168,102.3,101.0,1.3,0.093,0.049
201571,D.J. Augustin,CHI,26.0,71,27.3,13.1,1.8,4.4,0.7,0.0,1.8,0.415,0.401,0.885,0.62,0.9,2014,0.569,0.221,102.5,101.1,1.4,0.297,0.034
203081,Damian Lillard,POR,23.0,82,35.8,20.7,3.5,5.6,0.8,0.3,2.4,0.424,0.394,0.871,0.659,4.4,2014,0.568,0.244,111.5,105.5,6.0,0.249,0.047
202350,Daniel Orton,PHI,23.0,22,11.4,3.0,2.8,0.7,0.3,0.7,0.8,0.447,0.0,0.767,0.318,-1.6,2014,0.54,0.126,93.1,100.2,-7.1,0.097,0.118
101122,Danny Granger,LAC,31.0,41,20.7,8.2,3.2,1.0,0.3,0.4,1.1,0.378,0.336,0.94,0.756,2.3,2014,0.502,0.195,100.4,94.5,5.9,0.08,0.075
201980,Danny Green,SAS,27.0,68,24.3,9.1,3.4,1.5,1.0,0.9,1.1,0.432,0.415,0.794,0.794,4.9,2014,0.58,0.162,106.4,96.5,9.9,0.092,0.069
201967,Dante Cunningham,MIN,27.0,81,20.2,6.3,4.1,1.0,0.8,0.7,0.5,0.464,0.0,0.567,0.481,-0.5,2014,0.474,0.151,103.7,104.8,-1.1,0.08,0.098
203121,Darius Miller,NOP,24.0,45,16.1,4.4,1.2,1.0,0.5,0.2,0.5,0.44,0.325,0.806,0.311,1.1,2014,0.55,0.125,104.8,101.8,3.1,0.09,0.037
202721,Darius Morris,MEM,23.0,27,11.6,4.0,1.0,1.6,0.5,0.0,1.0,0.406,0.316,0.654,0.593,-2.4,2014,0.498,0.181,89.3,98.4,-9.1,0.259,0.042
201589,Darrell Arthur,DEN,26.0,68,17.1,5.9,3.1,0.9,0.6,0.7,0.9,0.395,0.375,0.855,0.485,1.1,2014,0.459,0.181,102.2,99.1,3.1,0.082,0.086
201954,Darren Collison,LAC,26.0,80,25.9,11.4,2.4,3.7,1.2,0.2,1.7,0.467,0.376,0.857,0.7,2.7,2014,0.575,0.194,109.2,103.9,5.3,0.225,0.045
101135,David Lee,GSW,31.0,69,33.2,18.2,9.3,2.1,0.7,0.4,2.2,0.523,0.0,0.78,0.609,6.8,2014,0.566,0.24,109.4,99.4,10.0,0.101,0.139
2561,David West,IND,33.0,80,30.9,14.0,6.8,2.8,0.8,0.9,1.7,0.488,0.267,0.789,0.675,5.1,2014,0.533,0.217,105.7,97.6,8.1,0.158,0.108
201599,DeAndre Jordan,LAC,25.0,82,35.0,10.4,13.6,0.9,1.0,2.5,1.5,0.676,0.0,0.428,0.695,6.0,2014,0.63,0.123,113.0,104.3,8.7,0.036,0.193
201971,DeJuan Blair,DAL,25.0,78,15.6,6.4,4.7,0.9,0.8,0.3,1.0,0.534,0.0,0.636,0.59,-0.1,2014,0.557,0.187,106.0,105.3,0.7,0.088,0.155
201942,DeMar DeRozan,TOR,24.0,79,38.2,22.7,4.3,4.0,1.1,0.4,2.2,0.429,0.305,0.824,0.57,2.3,2014,0.532,0.278,107.7,104.6,3.1,0.189,0.058
202326,DeMarcus Cousins,SAC,23.0,71,32.4,22.7,11.7,2.9,1.5,1.3,3.5,0.496,0.0,0.726,0.394,-0.2,2014,0.555,0.323,105.4,106.0,-0.7,0.175,0.185
201960,DeMarre Carroll,ATL,27.0,73,32.1,11.1,5.5,1.8,1.5,0.3,1.1,0.47,0.362,0.773,0.507,1.4,2014,0.575,0.149,105.4,103.2,2.2,0.088,0.088
203471,Dennis Schröder,ATL,20.0,49,13.1,3.7,1.2,1.9,0.3,0.0,1.2,0.383,0.238,0.674,0.429,-4.2,2014,0.442,0.188,95.2,111.8,-16.6,0.247,0.049
965,Derek Fisher,OKC,39.0,81,17.6,5.2,1.5,1.4,0.9,0.0,0.6,0.391,0.384,0.775,0.728,2.9,2014,0.542,0.136,108.2,99.3,8.9,0.12,0.044
101114,Deron Williams,BKN,30.0,64,32.2,14.3,2.6,6.1,1.5,0.2,2.2,0.45,0.366,0.801,0.578,2.9,2014,0.564,0.214,109.0,104.6,4.4,0.312,0.044
202324,Derrick Favors,UTA,22.0,73,30.2,13.3,8.7,1.2,1.0,1.5,1.8,0.522,0.0,0.669,0.342,-4.6,2014,0.556,0.206,102.6,110.8,-8.2,0.072,0.151
201565,Derrick Rose,CHI,25.0,10,31.1,15.9,3.2,4.3,0.5,0.1,3.4,0.354,0.34,0.844,0.5,-3.2,2014,0.446,0.289,98.2,103.9,-5.7,0.257,0.048
202682,Derrick Williams,SAC,23.0,78,23.3,8.0,4.1,0.7,0.6,0.3,1.0,0.427,0.263,0.718,0.372,-2.3,2014,0.524,0.158,102.5,106.8,-4.3,0.049,0.085
2734,Devin Harris,DAL,31.0,40,20.4,7.9,2.1,4.5,0.7,0.1,1.5,0.378,0.307,0.8,0.6,3.9,2014,0.517,0.195,112.6,104.2,8.4,0.312,0.054
203473,Dewayne Dedmon,ORL,24.0,31,12.6,3.1,4.1,0.2,0.2,0.7,0.6,0.458,0.0,0.656,0.226,-1.9,2014,0.5,0.129,95.4,102.0,-6.7,0.021,0.171
203197,Diante Garrett,UTA,25.0,71,14.8,3.5,1.4,1.7,0.6,0.1,1.1,0.381,0.375,0.833,0.324,-1.6,2014,0.459,0.148,98.3,103.7,-5.3,0.183,0.047
203079,Dion Waiters,CLE,22.0,70,29.6,15.9,2.8,3.0,0.9,0.2,2.2,0.433,0.368,0.685,0.4,-0.8,2014,0.508,0.264,102.7,104.6,-1.9,0.183,0.046
1717,Dirk Nowitzki,DAL,36.0,80,32.9,21.7,6.2,2.7,0.9,0.6,1.5,0.497,0.398,0.899,0.6,4.0,2014,0.603,0.26,109.4,103.9,5.5,0.14,0.1
202388,Donald Sloan,IND,26.0,48,8.2,2.3,0.9,1.0,0.2,0.0,0.5,0.376,0.238,0.6,0.646,-1.6,2014,0.437,0.17,91.8,102.2,-10.4,0.223,0.056
202700,Donatas Motiejunas,HOU,23.0,62,15.4,5.5,3.6,0.5,0.3,0.3,0.8,0.443,0.25,0.604,0.677,0.8,2014,0.504,0.172,103.8,100.6,3.2,0.058,0.113
2748,Dorell Wright,POR,28.0,68,14.5,5.0,2.8,0.9,0.3,0.2,0.6,0.374,0.342,0.754,0.706,0.8,2014,0.524,0.159,106.6,103.0,3.6,0.096,0.093
203117,Doron Lamb,ORL,22.0,53,13.1,3.6,0.9,0.8,0.2,0.0,0.5,0.394,0.4,0.806,0.245,0.0,2014,0.543,0.131,100.7,99.8,0.9,0.093,0.036
203110,Draymond Green,GSW,24.0,82,21.9,6.2,5.0,1.9,1.2,0.9,1.1,0.407,0.333,0.667,0.622,1.8,2014,0.498,0.146,102.9,98.1,4.8,0.127,0.11
2400,Drew Gooden,WAS,32.0,22,18.0,8.3,5.2,0.7,0.5,0.3,0.8,0.531,0.412,0.889,0.545,-1.3,2014,0.591,0.2,105.0,108.7,-3.7,0.066,0.156
2730,Dwight Howard,HOU,28.0,71,33.8,18.3,12.2,1.8,0.8,1.8,3.2,0.591,0.286,0.547,0.676,4.8,2014,0.6,0.241,111.3,104.3,7.0,0.091,0.18
2548,Dwyane Wade,MIA,32.0,54,32.9,19.0,4.5,4.7,1.5,0.5,3.0,0.545,0.281,0.733,0.667,2.6,2014,0.588,0.272,107.3,103.0,4.3,0.249,0.076
202734,E'Twaun Moore,ORL,25.0,79,19.1,6.3,1.7,1.4,0.8,0.2,0.7,0.428,0.354,0.765,0.278,-1.9,2014,0.513,0.159,97.0,102.0,-5.0,0.122,0.045
201947,Earl Clark,NYK,26.0,54,14.2,4.8,2.6,0.3,0.3,0.5,0.6,0.372,0.336,0.647,0.407,-2.5,2014,0.466,0.176,95.5,104.8,-9.3,0.039,0.092
202334,Ed Davis,MEM,25.0,63,15.2,5.7,4.1,0.4,0.3,0.7,0.6,0.534,0.0,0.528,0.603,0.9,2014,0.542,0.171,102.5,99.1,3.4,0.045,0.137
202327,Ekpe Udoh,MIL,27.0,42,19.1,3.4,3.5,0.7,0.4,1.0,0.9,0.399,0.0,0.638,0.167,-4.0,2014,0.44,0.116,99.2,108.9,-9.7,0.059,0.091
202343,Elliot Williams,PHI,25.0,67,17.3,6.0,1.9,1.1,0.5,0.0,1.0,0.415,0.296,0.731,0.194,-5.4,2014,0.519,0.163,92.4,106.6,-14.1,0.104,0.053
1882,Elton Brand,ATL,35.0,73,19.4,5.7,4.9,1.0,0.5,1.2,0.8,0.539,0.0,0.649,0.466,-0.8,2014,0.561,0.138,103.3,105.1,-1.8,0.081,0.134
202683,Enes Freedom,UTA,22.0,80,26.7,12.3,7.5,0.9,0.4,0.5,1.8,0.491,0.0,0.73,0.288,-6.0,2014,0.523,0.228,99.8,112.0,-12.2,0.064,0.146
202339,Eric Bledsoe,PHX,24.0,43,32.9,17.7,4.7,5.5,1.6,0.3,3.3,0.477,0.357,0.772,0.651,3.2,2014,0.578,0.244,105.7,101.5,4.3,0.272,0.071
201569,Eric Gordon,NOP,25.0,64,32.1,15.4,2.6,3.3,1.2,0.2,2.1,0.436,0.391,0.785,0.406,-4.2,2014,0.54,0.227,105.1,111.5,-6.4,0.164,0.042
201953,Eric Maynor,PHI,27.0,31,10.5,2.6,1.3,1.7,0.3,0.1,0.9,0.317,0.324,0.545,0.355,-5.5,2014,0.387,0.178,86.4,111.2,-24.8,0.291,0.059
101141,Ersan Ilyasova,MIL,27.0,55,26.9,11.2,6.2,1.3,0.8,0.1,1.1,0.409,0.282,0.823,0.182,-4.9,2014,0.486,0.21,99.2,107.3,-8.1,0.086,0.115
203095,Evan Fournier,DEN,21.0,76,19.8,8.4,2.7,1.5,0.4,0.1,1.3,0.419,0.376,0.756,0.461,0.1,2014,0.533,0.191,102.4,102.0,0.4,0.119,0.063
202323,Evan Turner,IND,25.0,81,30.3,14.0,5.0,3.2,0.8,0.1,2.3,0.425,0.321,0.813,0.358,-4.7,2014,0.498,0.229,99.5,106.9,-7.4,0.174,0.079
101128,Francisco Garcia,HOU,32.0,55,19.7,5.7,2.2,1.1,0.5,0.6,0.5,0.401,0.358,0.526,0.6,0.6,2014,0.521,0.131,104.7,103.2,1.5,0.09,0.054
203539,Gal Mekel,DAL,26.0,31,9.4,2.4,0.9,2.0,0.1,0.0,1.0,0.349,0.25,0.667,0.581,0.0,2014,0.4,0.176,102.9,103.8,-0.8,0.299,0.048
202066,Garrett Temple,WAS,28.0,75,8.5,1.8,0.9,1.0,0.5,0.1,0.6,0.362,0.207,0.698,0.533,-1.1,2014,0.431,0.138,94.1,99.7,-5.6,0.18,0.055
202390,Gary Neal,CHA,29.0,52,21.4,10.5,1.7,1.6,0.3,0.0,1.2,0.41,0.378,0.895,0.365,-3.3,2014,0.53,0.235,99.2,107.3,-8.0,0.137,0.042
201588,George Hill,IND,28.0,76,32.0,10.3,3.7,3.5,1.0,0.3,1.2,0.442,0.365,0.807,0.658,4.2,2014,0.563,0.146,104.6,98.0,6.6,0.17,0.058
101123,Gerald Green,PHX,28.0,82,28.4,15.8,3.4,1.5,0.9,0.5,1.8,0.445,0.4,0.848,0.585,0.5,2014,0.585,0.233,107.9,106.8,1.1,0.085,0.06
201945,Gerald Henderson,CHA,26.0,77,32.0,14.0,4.0,2.6,0.7,0.4,1.5,0.433,0.348,0.761,0.519,-0.9,2014,0.507,0.221,102.2,103.4,-1.3,0.137,0.063
2222,Gerald Wallace,BOS,31.0,58,24.4,5.1,3.7,2.5,1.3,0.2,1.7,0.504,0.297,0.465,0.328,-3.0,2014,0.543,0.115,98.6,104.4,-5.8,0.152,0.076
203507,Giannis Antetokounmpo,MIL,19.0,77,24.6,6.8,4.4,1.9,0.8,0.8,1.6,0.414,0.347,0.683,0.182,-2.3,2014,0.518,0.148,103.8,108.3,-4.5,0.12,0.091
203540,Gigi Datome,DET,26.0,34,7.0,2.4,1.4,0.3,0.2,0.0,0.3,0.351,0.179,0.8,0.265,1.1,2014,0.409,0.198,102.5,94.8,7.7,0.071,0.094
201175,Glen Davis,LAC,28.0,68,24.4,9.4,5.2,1.1,0.9,0.4,1.1,0.457,0.364,0.693,0.441,-2.4,2014,0.491,0.2,100.0,105.0,-5.0,0.08,0.106
201609,Goran Dragic,PHX,28.0,76,35.1,20.3,3.2,5.9,1.4,0.3,2.8,0.505,0.408,0.76,0.592,4.0,2014,0.604,0.241,111.1,105.5,5.6,0.274,0.046
202330,Gordon Hayward,UTA,24.0,77,36.4,16.2,5.1,5.2,1.4,0.5,2.8,0.413,0.304,0.816,0.299,-5.1,2014,0.52,0.227,102.8,110.2,-7.4,0.237,0.073
203476,Gorgui Dieng,MIN,24.0,60,13.6,4.8,5.0,0.7,0.5,0.8,0.9,0.498,1.0,0.634,0.533,-0.7,2014,0.534,0.167,100.4,103.9,-3.5,0.076,0.174
202328,Greg Monroe,DET,24.0,82,32.8,15.2,9.3,2.1,1.1,0.6,2.0,0.497,0.0,0.657,0.354,-1.8,2014,0.531,0.211,105.6,108.3,-2.7,0.101,0.138
201141,Greg Oden,MIA,26.0,23,9.2,2.9,2.3,0.0,0.3,0.6,0.5,0.551,0.0,0.565,0.696,-1.4,2014,0.567,0.15,101.0,108.2,-7.2,0.007,0.135
201880,Greg Stiemsma,NOP,28.0,55,18.3,2.9,4.1,0.7,0.6,1.0,0.8,0.574,0.0,0.594,0.382,-3.1,2014,0.584,0.081,97.6,105.6,-8.0,0.055,0.117
202349,Greivis Vasquez,TOR,27.0,79,22.5,9.6,2.2,4.1,0.4,0.1,1.6,0.421,0.377,0.88,0.582,2.1,2014,0.537,0.211,105.5,101.0,4.5,0.31,0.05
202970,Gustavo Ayon,ATL,29.0,26,16.5,4.3,4.8,1.1,1.0,0.4,1.1,0.51,0.0,0.4,0.462,-1.0,2014,0.505,0.146,98.5,102.0,-3.5,0.101,0.15
203084,Harrison Barnes,GSW,22.0,78,28.3,9.5,4.0,1.5,0.8,0.3,1.1,0.399,0.347,0.718,0.615,-0.6,2014,0.486,0.166,101.1,101.9,-0.8,0.08,0.069
2045,Hedo Turkoglu,LAC,35.0,38,10.3,3.0,2.3,0.9,0.5,0.3,0.4,0.385,0.44,0.5,0.711,0.2,2014,0.492,0.15,102.8,101.0,1.8,0.127,0.11
203156,Henry Sims,PHI,24.0,46,19.0,7.6,5.2,1.1,0.6,0.4,0.9,0.474,0.0,0.744,0.239,-3.0,2014,0.535,0.181,98.3,105.9,-7.6,0.101,0.131
203138,Hollis Thompson,PHI,23.0,77,22.6,6.0,3.2,0.9,0.7,0.2,0.8,0.46,0.401,0.712,0.234,-4.7,2014,0.57,0.111,99.6,108.7,-9.1,0.061,0.069
101133,Ian Mahinmi,IND,27.0,77,16.2,3.5,3.3,0.3,0.5,0.9,0.8,0.481,0.0,0.621,0.662,0.1,2014,0.538,0.112,96.6,95.9,0.6,0.031,0.102
202697,Iman Shumpert,NYK,24.0,74,26.5,6.7,4.2,1.7,1.2,0.2,1.1,0.378,0.333,0.746,0.486,2.1,2014,0.48,0.139,107.2,102.6,4.6,0.097,0.082
203477,Isaiah Canaan,HOU,23.0,22,11.5,4.6,1.1,1.0,0.4,0.2,1.0,0.356,0.327,0.724,0.636,-1.8,2014,0.506,0.2,103.0,109.6,-6.6,0.144,0.045
202738,Isaiah Thomas,SAC,25.0,72,34.7,20.3,2.9,6.3,1.3,0.1,3.0,0.453,0.349,0.85,0.361,0.4,2014,0.574,0.254,106.8,106.1,0.7,0.317,0.042
202397,Ish Smith,PHX,25.0,70,14.4,3.7,1.8,2.6,0.7,0.2,0.9,0.423,0.043,0.564,0.557,-0.2,2014,0.438,0.155,101.6,101.3,0.3,0.275,0.064
200826,J.J. Barea,MIN,30.0,79,18.6,8.4,1.9,3.8,0.3,0.0,1.6,0.387,0.316,0.79,0.506,-1.2,2014,0.471,0.238,99.5,103.2,-3.7,0.353,0.049
201581,JJ Hickson,DEN,25.0,69,26.9,11.8,9.2,1.4,0.7,0.7,1.9,0.508,0.0,0.517,0.449,-2.7,2014,0.521,0.205,102.7,107.1,-4.4,0.085,0.161
200755,JJ Redick,LAC,30.0,35,28.2,15.2,2.1,2.2,0.8,0.1,1.2,0.455,0.395,0.915,0.686,6.1,2014,0.598,0.209,114.7,105.1,9.6,0.116,0.038
2747,JR Smith,NYK,28.0,74,32.7,14.5,4.0,3.0,0.9,0.3,1.5,0.415,0.394,0.652,0.459,0.0,2014,0.527,0.213,107.6,108.1,-0.6,0.152,0.064
203109,Jae Crowder,DAL,23.0,78,16.1,4.6,2.5,0.8,0.8,0.3,0.5,0.439,0.331,0.754,0.603,3.1,2014,0.551,0.128,107.6,96.7,10.9,0.067,0.081
2037,Jamal Crawford,LAC,34.0,69,30.4,18.6,2.3,3.2,0.9,0.2,2.0,0.416,0.361,0.866,0.681,3.9,2014,0.556,0.264,110.0,104.1,5.9,0.181,0.037
2749,Jameer Nelson,ORL,32.0,68,32.0,12.1,3.4,7.0,0.8,0.1,2.4,0.394,0.348,0.857,0.309,-4.0,2014,0.515,0.197,102.8,109.6,-6.8,0.341,0.054
202341,James Anderson,PHI,25.0,80,28.9,10.1,3.8,1.9,0.9,0.4,1.3,0.431,0.328,0.726,0.238,-6.8,2014,0.53,0.156,97.4,108.1,-10.7,0.099,0.062
201935,James Harden,HOU,24.0,73,38.0,25.4,4.7,6.1,1.6,0.4,3.6,0.456,0.366,0.866,0.658,5.6,2014,0.618,0.27,112.1,104.9,7.2,0.266,0.06
201949,James Johnson,MEM,27.0,52,18.4,7.4,3.2,2.1,0.8,1.1,1.3,0.464,0.253,0.844,0.635,1.8,2014,0.552,0.192,106.0,100.2,5.8,0.175,0.089
2592,James Jones,MIA,33.0,20,11.8,4.9,1.2,0.5,0.2,0.2,0.2,0.456,0.519,0.636,0.75,3.9,2014,0.666,0.16,113.2,96.3,16.9,0.06,0.056
202686,Jan Vesely,DEN,24.0,54,14.4,3.6,3.5,0.4,1.0,0.6,0.7,0.514,0.0,0.339,0.407,-2.1,2014,0.498,0.13,95.4,101.7,-6.2,0.043,0.123
2457,Jannero Pargo,CHA,34.0,29,8.3,4.7,0.7,1.8,0.5,0.0,0.9,0.441,0.4,0.727,0.517,-1.8,2014,0.554,0.273,99.4,109.5,-10.1,0.433,0.042
201162,Jared Dudley,LAC,28.0,74,23.4,6.9,2.2,1.4,0.6,0.1,0.8,0.438,0.36,0.655,0.689,2.9,2014,0.541,0.134,109.2,102.4,6.8,0.087,0.046
203096,Jared Sullinger,BOS,22.0,74,27.6,13.3,8.1,1.6,0.5,0.7,1.6,0.427,0.269,0.778,0.311,-0.2,2014,0.497,0.234,102.7,103.5,-0.8,0.097,0.146
101127,Jarrett Jack,CLE,30.0,80,28.2,9.5,2.8,4.1,0.7,0.3,1.7,0.41,0.341,0.839,0.4,-3.0,2014,0.498,0.176,100.9,106.4,-5.6,0.232,0.049
202363,Jarvis Varnado,PHI,26.0,24,14.1,4.1,2.6,0.5,0.4,1.2,0.4,0.6,0.0,0.519,0.208,-3.9,2014,0.597,0.119,96.3,107.5,-11.2,0.059,0.089
101131,Jason Maxiell,ORL,31.0,34,14.4,3.2,2.5,0.3,0.2,0.6,0.4,0.448,0.0,0.484,0.206,-2.6,2014,0.459,0.12,98.6,108.1,-9.5,0.027,0.086
201160,Jason Smith,NOP,28.0,31,26.8,9.7,5.8,0.9,0.4,0.9,0.9,0.465,0.0,0.78,0.355,-2.1,2014,0.495,0.178,105.4,108.0,-2.5,0.054,0.112
1891,Jason Terry,BKN,36.0,35,16.3,4.5,1.1,1.6,0.4,0.0,0.8,0.362,0.379,0.667,0.486,-1.9,2014,0.501,0.144,102.1,107.5,-5.4,0.156,0.034
201574,Jason Thompson,SAC,27.0,82,24.5,7.1,6.4,0.6,0.4,0.7,1.2,0.506,0.0,0.579,0.341,-0.1,2014,0.523,0.143,106.0,105.6,0.4,0.04,0.133
202399,Jeff Adrien,MIL,28.0,53,18.1,6.8,5.8,0.7,0.5,0.7,0.7,0.52,0.0,0.639,0.321,-1.4,2014,0.553,0.164,104.3,107.5,-3.2,0.064,0.162
201965,Jeff Ayres,SAS,27.0,73,13.0,3.3,3.5,0.8,0.2,0.3,0.9,0.58,0.0,0.691,0.753,1.6,2014,0.605,0.12,107.6,101.4,6.2,0.085,0.139
201145,Jeff Green,BOS,27.0,82,34.2,16.9,4.6,1.7,0.7,0.6,2.0,0.412,0.341,0.795,0.305,-4.3,2014,0.52,0.232,100.3,106.4,-6.1,0.085,0.067
201952,Jeff Teague,ATL,26.0,79,32.2,16.5,2.6,6.7,1.1,0.2,2.9,0.438,0.329,0.846,0.468,1.5,2014,0.541,0.25,104.7,103.4,1.3,0.347,0.042
203481,Jeff Withey,NOP,24.0,58,11.8,3.3,2.6,0.4,0.3,0.9,0.3,0.535,0.0,0.712,0.362,0.5,2014,0.59,0.118,104.9,102.2,2.7,0.057,0.112
203106,Jeffery Taylor,CHA,25.0,26,24.2,8.0,2.3,0.8,0.5,0.2,1.0,0.376,0.269,0.553,0.462,-2.9,2014,0.436,0.184,95.1,100.2,-5.1,0.06,0.047
202379,Jeremy Evans,UTA,26.0,66,18.3,6.1,4.7,0.7,0.6,0.7,0.6,0.527,0.0,0.68,0.348,-2.7,2014,0.549,0.149,98.8,106.2,-7.4,0.061,0.133
203087,Jeremy Lamb,OKC,22.0,78,19.7,8.5,2.4,1.5,0.7,0.3,0.8,0.432,0.356,0.797,0.731,2.8,2014,0.522,0.197,107.1,100.0,7.1,0.123,0.062
202391,Jeremy Lin,HOU,25.0,71,28.9,12.5,2.6,4.1,1.0,0.4,2.5,0.446,0.358,0.823,0.676,2.5,2014,0.572,0.198,107.1,103.2,3.9,0.229,0.044
202719,Jeremy Tyler,NYK,23.0,41,9.7,3.6,2.7,0.2,0.1,0.5,0.6,0.517,0.0,0.542,0.488,-1.2,2014,0.532,0.183,103.4,108.5,-5.1,0.032,0.144
979,Jermaine O'Neal,GSW,35.0,44,20.1,7.9,5.5,0.6,0.3,0.9,1.2,0.504,0.0,0.75,0.614,0.5,2014,0.57,0.181,104.0,101.8,2.1,0.045,0.134
201573,Jerryd Bayless,BOS,25.0,72,23.4,9.3,2.0,2.7,0.8,0.1,1.1,0.402,0.358,0.797,0.333,-1.5,2014,0.498,0.193,104.4,107.9,-3.5,0.187,0.043
202690,Jimmer Fredette,CHI,25.0,49,10.6,5.6,1.1,1.3,0.3,0.1,1.0,0.471,0.476,0.905,0.408,-0.5,2014,0.578,0.237,104.1,107.0,-2.9,0.221,0.049
202710,Jimmy Butler III,CHI,24.0,67,38.7,13.1,4.9,2.6,1.9,0.5,1.5,0.397,0.283,0.769,0.642,2.8,2014,0.522,0.167,102.9,98.9,4.0,0.11,0.065
201149,Joakim Noah,CHI,29.0,80,35.2,12.6,11.3,5.4,1.2,1.5,2.4,0.475,0.0,0.737,0.6,2.9,2014,0.531,0.185,103.5,99.1,4.4,0.258,0.161
201975,Jodie Meeks,LAL,26.0,77,33.2,15.7,2.5,1.8,1.4,0.1,1.4,0.463,0.401,0.857,0.325,-6.6,2014,0.601,0.185,101.9,110.8,-8.8,0.085,0.036
2207,Joe Johnson,BKN,33.0,79,32.6,15.8,3.4,2.7,0.6,0.1,1.5,0.454,0.401,0.815,0.544,0.7,2014,0.564,0.221,106.3,105.8,0.4,0.148,0.056
200777,Joel Freeland,POR,27.0,52,14.0,3.3,4.0,0.7,0.2,0.4,0.6,0.475,0.0,0.69,0.712,0.5,2014,0.498,0.12,105.8,103.9,1.9,0.072,0.134
203089,John Henson,MIL,23.0,70,26.5,11.1,7.1,1.6,0.6,1.7,1.6,0.538,0.0,0.514,0.171,-6.1,2014,0.543,0.201,99.4,110.9,-11.5,0.111,0.136
101249,John Lucas III,UTA,31.0,42,14.1,3.8,0.9,1.0,0.3,0.0,0.5,0.326,0.298,0.625,0.238,-4.0,2014,0.403,0.157,91.7,106.0,-14.2,0.12,0.033
2422,John Salmons,TOR,34.0,78,22.1,5.2,2.1,1.9,0.6,0.2,0.7,0.363,0.387,0.769,0.59,-0.1,2014,0.462,0.126,101.9,102.4,-0.5,0.135,0.047
202322,John Wall,WAS,23.0,82,36.3,19.3,4.1,8.8,1.8,0.5,3.6,0.433,0.351,0.805,0.537,2.4,2014,0.524,0.267,106.0,102.5,3.5,0.392,0.057
202720,Jon Leuer,MEM,25.0,49,13.1,6.2,3.2,0.4,0.4,0.3,0.6,0.492,0.469,0.787,0.49,-0.3,2014,0.566,0.208,105.4,106.0,-0.6,0.052,0.133
201973,Jonas Jerebko,DET,27.0,64,11.6,4.2,2.7,0.6,0.3,0.1,0.7,0.471,0.419,0.729,0.359,-1.4,2014,0.577,0.158,101.0,106.2,-5.2,0.088,0.112
202685,Jonas Valančiūnas,TOR,22.0,81,28.2,11.3,8.8,0.7,0.3,0.9,1.7,0.531,0.0,0.762,0.58,1.2,2014,0.579,0.183,107.6,105.1,2.5,0.041,0.163
202348,Jordan Crawford,GSW,25.0,81,23.0,11.0,2.3,3.5,0.6,0.1,1.7,0.415,0.316,0.864,0.481,-2.2,2014,0.516,0.232,100.4,105.1,-4.7,0.256,0.047
200770,Jordan Farmar,LAL,27.0,41,22.3,10.1,2.5,4.9,0.9,0.2,2.3,0.415,0.438,0.746,0.39,-2.2,2014,0.533,0.223,102.3,107.7,-5.4,0.343,0.054
202706,Jordan Hamilton,HOU,23.0,60,17.0,6.7,3.2,0.9,0.7,0.3,0.8,0.391,0.354,0.784,0.517,-1.7,2014,0.507,0.183,99.1,103.9,-4.8,0.084,0.088
201941,Jordan Hill,LAL,26.0,72,20.8,9.7,7.4,0.8,0.4,0.9,1.0,0.549,0.0,0.685,0.333,-4.2,2014,0.579,0.194,99.4,108.8,-9.4,0.063,0.17
203268,Jorge Gutierrez,BKN,25.0,15,16.3,4.1,1.5,2.0,0.7,0.1,0.9,0.463,0.25,0.75,0.533,-2.5,2014,0.523,0.136,98.6,107.5,-8.9,0.204,0.048
101181,Jose Calderon,DAL,32.0,81,30.5,11.4,2.4,4.7,0.9,0.1,1.3,0.456,0.449,0.825,0.605,0.0,2014,0.596,0.16,108.4,108.9,-0.5,0.223,0.041
202725,Josh Harrellson,DET,25.0,32,9.9,2.9,2.4,0.5,0.2,0.5,0.3,0.463,0.387,0.714,0.375,0.3,2014,0.547,0.125,99.2,99.2,0.0,0.074,0.112
201177,Josh McRoberts,CHA,27.0,78,30.3,8.5,4.8,4.3,0.7,0.6,1.1,0.436,0.361,0.729,0.5,0.5,2014,0.548,0.137,104.6,103.2,1.3,0.215,0.081
2746,Josh Smith,DET,28.0,77,35.5,16.4,6.8,3.3,1.4,1.4,2.6,0.419,0.264,0.532,0.364,-2.5,2014,0.463,0.241,104.8,108.4,-3.6,0.147,0.092
201950,Jrue Holiday,NOP,24.0,34,33.6,14.3,4.2,7.9,1.6,0.4,3.1,0.447,0.39,0.81,0.441,0.7,2014,0.505,0.224,108.7,107.4,1.4,0.358,0.063
202695,Kawhi Leonard,SAS,23.0,66,29.1,12.8,6.2,2.0,1.7,0.8,1.2,0.522,0.379,0.802,0.818,5.7,2014,0.602,0.18,108.0,98.1,9.9,0.103,0.108
203482,Kelly Olynyk,BOS,23.0,70,20.0,8.7,5.2,1.6,0.5,0.4,1.5,0.466,0.351,0.811,0.257,-0.1,2014,0.546,0.201,104.0,104.7,-0.7,0.123,0.129
202689,Kemba Walker,CHA,24.0,73,35.8,17.7,4.2,6.1,1.2,0.4,2.3,0.393,0.333,0.837,0.521,1.8,2014,0.499,0.255,103.5,100.9,2.6,0.291,0.057
203088,Kendall Marshall,LAL,22.0,54,29.0,8.0,2.9,8.8,0.9,0.1,2.8,0.406,0.399,0.528,0.259,-3.2,2014,0.494,0.161,104.2,109.1,-5.0,0.426,0.048
2570,Kendrick Perkins,OKC,29.0,62,19.5,3.4,4.9,1.1,0.4,0.5,1.5,0.451,0.0,0.552,0.774,0.7,2014,0.474,0.115,103.2,101.6,1.6,0.076,0.126
202702,Kenneth Faried,DEN,24.0,80,27.2,13.7,8.6,1.2,0.9,0.9,1.7,0.545,0.0,0.65,0.45,-2.0,2014,0.573,0.208,106.5,109.7,-3.2,0.071,0.152
203145,Kent Bazemore,LAL,24.0,67,13.6,6.0,1.7,1.4,0.6,0.2,1.2,0.429,0.336,0.606,0.522,-3.7,2014,0.515,0.218,94.5,107.0,-12.4,0.167,0.061
203484,Kentavious Caldwell-Pope,DET,21.0,80,19.8,5.9,2.0,0.7,0.9,0.2,0.4,0.396,0.319,0.77,0.35,-0.8,2014,0.483,0.136,103.3,104.5,-1.2,0.05,0.047
2030,Kenyon Martin,NYK,36.0,32,19.8,4.3,4.2,1.6,0.8,0.8,0.8,0.512,0.0,0.579,0.406,1.0,2014,0.521,0.116,103.5,100.9,2.6,0.118,0.11
201142,Kevin Durant,OKC,25.0,81,38.5,32.0,7.4,5.5,1.3,0.7,3.5,0.503,0.391,0.873,0.716,6.3,2014,0.635,0.322,111.4,103.3,8.1,0.259,0.096
708,Kevin Garnett,BKN,38.0,54,20.5,6.5,6.6,1.5,0.8,0.7,1.3,0.441,0.0,0.809,0.5,-0.5,2014,0.467,0.19,99.3,100.3,-1.0,0.13,0.172
201567,Kevin Love,MIN,25.0,77,36.3,26.1,12.5,4.4,0.8,0.5,2.5,0.457,0.376,0.821,0.506,4.6,2014,0.591,0.281,110.5,104.6,5.9,0.205,0.168
2755,Kevin Martin,MIN,31.0,68,32.0,19.1,3.0,1.8,1.0,0.1,1.6,0.43,0.387,0.891,0.471,2.6,2014,0.553,0.243,109.4,105.8,3.6,0.09,0.046
202338,Kevin Seraphin,WAS,24.0,53,10.9,4.7,2.4,0.3,0.1,0.5,0.8,0.505,0.0,0.871,0.472,-0.6,2014,0.533,0.21,97.9,99.5,-1.6,0.054,0.113
203114,Khris Middleton,MIL,22.0,82,30.0,12.1,3.8,2.1,1.0,0.2,1.5,0.44,0.414,0.861,0.183,-4.7,2014,0.541,0.186,102.2,109.7,-7.5,0.114,0.064
2550,Kirk Hinrich,CHI,33.0,73,29.0,9.1,2.6,3.9,1.1,0.4,1.6,0.393,0.351,0.76,0.616,2.0,2014,0.494,0.171,101.3,97.6,3.8,0.224,0.046
202691,Klay Thompson,GSW,24.0,81,35.4,18.4,3.1,2.2,0.9,0.5,1.7,0.444,0.417,0.795,0.63,6.6,2014,0.555,0.224,109.4,100.3,9.1,0.097,0.043
201585,Kosta Koufos,MEM,25.0,80,16.9,6.4,5.2,0.5,0.4,0.9,0.8,0.495,0.0,0.645,0.6,0.5,2014,0.514,0.187,101.4,99.7,1.7,0.047,0.156
2743,Kris Humphries,BOS,29.0,69,19.9,8.4,5.9,1.0,0.4,0.9,0.9,0.501,0.0,0.813,0.319,-2.6,2014,0.552,0.189,98.7,104.3,-5.6,0.087,0.149
2594,Kyle Korver,ATL,33.0,71,33.9,12.0,4.0,2.9,1.0,0.3,1.4,0.475,0.472,0.926,0.521,3.0,2014,0.653,0.136,106.1,103.0,3.2,0.127,0.06
200768,Kyle Lowry,TOR,28.0,79,36.2,17.9,4.7,7.4,1.5,0.2,2.5,0.423,0.38,0.813,0.57,3.4,2014,0.567,0.222,108.9,104.3,4.5,0.336,0.065
203124,Kyle O'Quinn,ORL,24.0,69,17.2,6.2,5.3,1.1,0.6,1.3,1.1,0.501,0.0,0.687,0.29,-0.4,2014,0.526,0.181,101.3,102.4,-1.2,0.104,0.154
202713,Kyle Singler,DET,26.0,82,28.5,9.6,3.7,0.9,0.7,0.5,1.0,0.447,0.382,0.826,0.354,-2.8,2014,0.574,0.137,103.5,108.2,-4.7,0.047,0.062
202681,Kyrie Irving,CLE,22.0,71,35.2,20.8,3.6,6.1,1.5,0.3,2.7,0.43,0.358,0.861,0.394,-3.1,2014,0.533,0.274,103.7,108.6,-4.9,0.311,0.051
200746,LaMarcus Aldridge,POR,28.0,69,36.2,23.2,11.1,2.6,0.9,1.0,1.8,0.458,0.2,0.822,0.667,5.3,2014,0.507,0.296,112.1,104.6,7.5,0.128,0.148
202362,Lance Stephenson,IND,23.0,78,35.3,13.8,7.2,4.6,0.7,0.1,2.7,0.491,0.352,0.711,0.679,3.6,2014,0.564,0.191,104.1,99.0,5.2,0.217,0.102
202361,Landry Fields,TOR,26.0,30,10.7,2.3,2.0,0.7,0.3,0.1,0.4,0.403,0.0,0.636,0.467,-1.2,2014,0.443,0.12,102.7,105.4,-2.7,0.096,0.094
202336,Larry Sanders,MIL,25.0,23,25.4,7.7,7.2,0.8,0.8,1.7,1.1,0.469,0.0,0.473,0.13,-4.8,2014,0.478,0.163,96.4,105.4,-9.1,0.055,0.138
202730,Lavoy Allen,IND,25.0,65,16.5,4.7,4.8,1.1,0.4,0.5,0.7,0.447,0.154,0.66,0.277,-3.2,2014,0.47,0.139,94.7,103.5,-8.8,0.105,0.136
2544,LeBron James,MIA,29.0,77,37.7,27.1,6.9,6.3,1.6,0.3,3.5,0.567,0.379,0.75,0.675,5.3,2014,0.649,0.303,112.0,105.1,6.9,0.311,0.104
2571,Leandro Barbosa,PHX,31.0,20,18.4,7.5,1.9,1.6,0.4,0.2,1.0,0.427,0.28,0.795,0.6,2.7,2014,0.506,0.196,106.6,98.5,8.1,0.146,0.049
203485,Lorenzo Brown,PHI,23.0,26,8.6,2.5,1.1,1.6,0.5,0.1,0.6,0.302,0.1,0.692,0.077,0.1,2014,0.349,0.195,95.0,94.2,0.8,0.281,0.057
101150,Lou Williams,ATL,27.0,60,24.1,10.4,2.1,3.5,0.8,0.1,1.5,0.4,0.342,0.849,0.433,-2.8,2014,0.547,0.205,103.8,109.9,-6.1,0.234,0.045
201601,Luc Mbah a Moute,MIN,27.0,64,15.7,3.5,2.3,0.6,0.5,0.2,0.6,0.451,0.235,0.687,0.484,-2.4,2014,0.503,0.112,99.0,106.4,-7.4,0.056,0.071
2449,Luis Scola,IND,34.0,82,17.1,7.6,4.8,1.0,0.3,0.2,1.3,0.47,0.143,0.728,0.683,0.0,2014,0.505,0.234,98.5,98.3,0.2,0.106,0.141
202337,Luke Babbitt,NOP,25.0,27,17.5,6.3,3.3,1.1,0.3,0.4,0.6,0.39,0.379,0.778,0.333,2.6,2014,0.525,0.173,114.8,106.9,7.9,0.089,0.101
2557,Luke Ridnour,CHA,33.0,61,18.7,5.0,1.6,2.9,0.5,0.1,1.1,0.385,0.343,0.654,0.361,-3.2,2014,0.452,0.161,98.4,107.2,-8.8,0.248,0.044
2736,Luol Deng,CLE,29.0,63,35.1,16.0,5.7,2.9,1.0,0.1,1.8,0.431,0.302,0.791,0.46,0.1,2014,0.517,0.22,103.8,103.8,0.0,0.141,0.08
1938,Manu Ginobili,SAS,36.0,68,22.8,12.3,3.0,4.3,1.0,0.3,2.0,0.469,0.349,0.851,0.765,6.2,2014,0.59,0.238,112.2,99.3,12.9,0.274,0.067
202705,MarShon Brooks,LAL,25.0,35,9.0,4.5,1.5,0.7,0.4,0.1,0.7,0.456,0.52,0.727,0.371,0.7,2014,0.551,0.227,104.7,101.0,3.7,0.121,0.085
201188,Marc Gasol,MEM,29.0,59,33.4,14.6,7.2,3.6,1.0,1.3,1.9,0.473,0.182,0.768,0.678,0.3,2014,0.526,0.22,103.4,103.3,0.0,0.18,0.116
101162,Marcin Gortat,WAS,30.0,81,32.8,13.2,9.5,1.7,0.5,1.5,1.6,0.542,1.0,0.686,0.543,3.6,2014,0.568,0.179,105.9,100.4,5.5,0.08,0.147
201158,Marco Belinelli,SAS,28.0,80,25.2,11.4,2.8,2.2,0.6,0.1,1.2,0.485,0.43,0.847,0.763,3.3,2014,0.605,0.186,109.9,102.9,7.1,0.13,0.058
202694,Marcus Morris Sr.,PHX,24.0,82,21.9,9.7,3.9,1.1,0.9,0.2,1.2,0.442,0.381,0.761,0.585,1.5,2014,0.552,0.197,107.9,104.5,3.4,0.077,0.09
201977,Marcus Thornton,BKN,27.0,72,24.2,9.8,2.8,1.1,0.8,0.2,0.9,0.394,0.345,0.804,0.458,-0.4,2014,0.511,0.193,105.0,105.3,-0.3,0.072,0.058
201596,Mario Chalmers,MIA,28.0,73,29.8,9.8,2.9,4.9,1.6,0.2,2.2,0.454,0.385,0.742,0.671,4.2,2014,0.567,0.17,110.9,104.2,6.7,0.232,0.055
202693,Markieff Morris,PHX,24.0,81,26.6,13.8,6.0,1.8,0.8,0.6,1.8,0.486,0.315,0.792,0.58,1.7,2014,0.564,0.228,107.1,103.6,3.4,0.112,0.113
203104,Marquis Teague,BKN,21.0,40,11.1,2.7,1.0,1.5,0.3,0.1,1.0,0.319,0.278,0.743,0.5,-1.7,2014,0.398,0.176,94.1,102.2,-8.1,0.222,0.045
201578,Marreese Speights,GSW,26.0,79,12.4,6.4,3.7,0.4,0.1,0.4,0.8,0.441,0.258,0.821,0.608,-1.5,2014,0.507,0.243,94.6,99.1,-4.6,0.061,0.141
101110,Martell Webster,WAS,27.0,78,27.7,9.7,2.8,1.2,0.5,0.2,0.7,0.433,0.392,0.84,0.538,-0.2,2014,0.591,0.144,104.3,104.8,-0.4,0.068,0.054
101107,Marvin Williams,UTA,28.0,66,25.4,9.1,5.1,1.2,0.8,0.5,0.8,0.439,0.359,0.781,0.364,-2.6,2014,0.54,0.167,104.9,110.6,-5.7,0.075,0.104
203486,Mason Plumlee,BKN,24.0,70,18.2,7.4,4.4,0.9,0.7,0.8,1.1,0.659,0.0,0.626,0.529,-1.3,2014,0.67,0.168,104.8,108.1,-3.3,0.082,0.13
2440,Matt Barnes,LAC,34.0,63,27.5,9.9,4.6,2.0,0.9,0.4,1.3,0.438,0.343,0.733,0.714,5.6,2014,0.552,0.162,114.3,103.9,10.4,0.101,0.083
2588,Matt Bonner,SAS,34.0,61,11.3,3.2,2.1,0.5,0.2,0.2,0.3,0.445,0.429,0.75,0.705,1.8,2014,0.582,0.119,107.0,100.9,6.1,0.063,0.095
203521,Matthew Dellavedova,CLE,23.0,72,17.7,4.7,1.7,2.6,0.5,0.1,0.8,0.412,0.368,0.792,0.403,1.0,2014,0.534,0.128,104.1,100.4,3.7,0.217,0.047
203090,Maurice Harkless,ORL,21.0,80,24.4,7.4,3.3,1.0,1.2,0.6,1.1,0.464,0.383,0.594,0.275,-3.8,2014,0.542,0.145,99.8,107.2,-7.4,0.063,0.069
1897,Metta World Peace,NYK,34.0,29,13.4,4.8,2.0,0.6,0.8,0.3,0.7,0.397,0.315,0.625,0.345,-0.1,2014,0.469,0.187,99.6,99.0,0.6,0.07,0.077
203086,Meyers Leonard,POR,22.0,40,8.9,2.5,2.8,0.5,0.2,0.1,0.4,0.451,0.0,0.762,0.5,-2.2,2014,0.489,0.135,96.2,108.1,-12.0,0.08,0.151
201563,Michael Beasley,MIA,25.0,55,15.1,7.9,3.1,0.8,0.4,0.4,1.0,0.499,0.389,0.772,0.655,-0.8,2014,0.559,0.247,105.0,107.8,-2.8,0.088,0.117
203487,Michael Carter-Williams,PHI,22.0,70,34.5,16.7,6.2,6.3,1.9,0.6,3.5,0.405,0.264,0.703,0.257,-6.4,2014,0.48,0.254,100.9,109.1,-8.2,0.292,0.087
203077,Michael Kidd-Gilchrist,CHA,20.0,62,24.2,7.2,5.2,0.8,0.7,0.6,1.0,0.473,0.111,0.614,0.565,0.1,2014,0.516,0.153,102.0,100.6,1.4,0.055,0.109
201144,Mike Conley,MEM,26.0,73,33.5,17.2,2.9,6.0,1.5,0.2,2.1,0.45,0.361,0.815,0.63,2.1,2014,0.545,0.24,107.1,104.1,3.0,0.293,0.046
2399,Mike Dunleavy,CHI,33.0,82,31.5,11.3,4.2,2.3,0.8,0.6,1.3,0.43,0.38,0.854,0.585,2.1,2014,0.549,0.166,101.7,98.6,3.0,0.119,0.068
200839,Mike Harris,UTA,31.0,20,11.2,4.2,1.7,0.3,0.8,0.4,0.6,0.475,0.0,0.963,0.05,0.7,2014,0.576,0.158,99.1,96.5,2.6,0.037,0.069
2034,Mike Miller,MEM,34.0,82,20.8,7.1,2.5,1.6,0.3,0.1,0.9,0.481,0.459,0.821,0.61,-0.6,2014,0.619,0.14,103.7,106.3,-2.6,0.116,0.063
203488,Mike Muscala,ATL,22.0,20,10.7,3.8,2.6,0.4,0.2,0.5,0.6,0.425,0.0,1.0,0.5,-4.6,2014,0.48,0.185,92.8,114.5,-21.7,0.058,0.127
203118,Mike Scott,ATL,25.0,80,18.5,9.6,3.6,0.9,0.4,0.1,1.0,0.479,0.31,0.78,0.45,-2.4,2014,0.559,0.232,100.9,107.3,-6.4,0.091,0.098
203101,Miles Plumlee,PHX,25.0,80,24.5,8.1,7.8,0.5,0.6,1.1,1.4,0.517,0.0,0.561,0.588,0.6,2014,0.529,0.16,105.6,104.3,1.3,0.033,0.159
203545,Miroslav Raduljica,MIL,26.0,48,9.7,3.8,2.3,0.5,0.1,0.3,0.6,0.54,0.0,0.818,0.146,-1.0,2014,0.603,0.167,100.3,105.5,-5.2,0.084,0.115
203141,Mirza Teletovic,BKN,28.0,72,19.4,8.6,3.7,0.8,0.4,0.3,0.8,0.418,0.39,0.71,0.569,-1.3,2014,0.559,0.197,105.0,109.0,-4.0,0.069,0.1
2590,Mo Williams,POR,31.0,74,24.8,9.7,2.1,4.3,0.7,0.1,2.0,0.417,0.369,0.876,0.662,1.0,2014,0.507,0.2,108.2,105.7,2.5,0.266,0.04
101145,Monta Ellis,DAL,28.0,82,36.9,19.0,3.6,5.7,1.7,0.3,3.2,0.451,0.33,0.788,0.598,0.6,2014,0.532,0.257,108.9,108.2,0.6,0.245,0.051
201986,Nando De Colo,TOR,27.0,47,10.5,3.8,1.6,1.4,0.5,0.1,0.7,0.418,0.34,0.886,0.766,0.0,2014,0.526,0.18,104.1,106.1,-2.0,0.203,0.077
101126,Nate Robinson,DEN,30.0,44,19.7,10.4,1.8,2.5,0.8,0.1,1.3,0.428,0.377,0.835,0.5,1.9,2014,0.544,0.236,104.4,99.9,4.5,0.226,0.045
203489,Nate Wolters,MIL,23.0,58,22.6,7.2,2.6,3.2,0.6,0.3,1.0,0.437,0.29,0.656,0.172,-0.4,2014,0.486,0.163,101.7,102.7,-1.0,0.227,0.057
1737,Nazr Mohammed,CHI,36.0,80,7.0,1.6,2.2,0.3,0.2,0.4,0.5,0.429,0.0,0.533,0.588,-0.2,2014,0.445,0.144,92.5,93.1,-0.6,0.066,0.156
2403,Nene,WAS,31.0,53,29.4,14.2,5.5,2.9,1.2,0.9,2.2,0.503,0.2,0.583,0.566,2.2,2014,0.53,0.237,103.1,99.7,3.4,0.166,0.098
201979,Nick Calathes,MEM,25.0,71,16.5,4.9,1.9,2.9,0.9,0.1,1.4,0.457,0.311,0.611,0.592,0.3,2014,0.506,0.172,100.2,98.9,1.3,0.273,0.062
2555,Nick Collison,OKC,33.0,81,16.7,4.2,3.6,1.3,0.4,0.3,0.9,0.556,0.235,0.71,0.716,4.1,2014,0.599,0.115,111.2,98.2,13.0,0.108,0.109
201156,Nick Young,LAL,29.0,64,28.3,17.9,2.6,1.5,0.7,0.2,1.5,0.435,0.386,0.825,0.328,-1.3,2014,0.564,0.263,105.5,107.6,-2.1,0.091,0.044
201587,Nicolas Batum,POR,25.0,82,36.0,13.0,7.5,5.1,0.9,0.7,2.5,0.465,0.361,0.803,0.659,4.0,2014,0.589,0.162,111.1,105.7,5.4,0.208,0.1
201593,Nikola Pekovic,MIN,28.0,54,30.8,17.5,8.7,0.9,0.6,0.4,1.6,0.541,0.0,0.747,0.5,5.1,2014,0.582,0.223,110.6,102.9,7.7,0.049,0.139
202696,Nikola Vučević,ORL,23.0,57,31.8,14.2,11.0,1.8,1.1,0.8,2.0,0.507,0.0,0.766,0.333,-3.1,2014,0.536,0.214,101.6,106.7,-5.1,0.098,0.174
202708,Norris Cole,MIA,25.0,82,24.6,6.4,2.0,3.0,0.9,0.1,1.5,0.414,0.345,0.779,0.659,1.2,2014,0.497,0.153,106.3,103.4,2.9,0.187,0.045
201564,O.J. Mayo,MIL,26.0,52,25.9,11.7,2.4,2.2,0.5,0.3,1.8,0.407,0.37,0.864,0.192,-6.9,2014,0.516,0.225,95.3,108.2,-12.9,0.152,0.046
201600,Omer Asik,HOU,27.0,48,20.2,5.8,7.9,0.5,0.3,0.8,1.2,0.532,0.0,0.619,0.667,1.2,2014,0.57,0.134,105.0,102.0,3.1,0.039,0.187
201956,Omri Casspi,HOU,26.0,71,18.1,6.9,3.7,1.2,0.6,0.2,1.0,0.422,0.347,0.68,0.648,2.1,2014,0.528,0.177,106.3,100.9,5.3,0.105,0.096
203111,Orlando Johnson,SAC,25.0,45,8.7,2.2,1.2,0.4,0.1,0.0,0.3,0.319,0.191,0.731,0.756,-0.5,2014,0.402,0.154,91.7,96.2,-4.5,0.087,0.067
203490,Otto Porter Jr.,WAS,21.0,37,8.6,2.1,1.5,0.3,0.2,0.0,0.4,0.363,0.19,0.667,0.541,-0.2,2014,0.405,0.146,94.7,96.7,-2.0,0.051,0.094
200782,P.J. Tucker,PHX,29.0,81,30.7,9.4,6.5,1.7,1.4,0.3,1.3,0.431,0.387,0.776,0.593,1.6,2014,0.54,0.139,108.3,105.9,2.4,0.08,0.105
203143,Pablo Prigioni,NYK,37.0,66,19.4,3.8,2.0,3.5,1.0,0.0,0.9,0.461,0.464,0.917,0.439,0.5,2014,0.642,0.093,106.3,104.6,1.7,0.258,0.055
201976,Patrick Beverley,HOU,25.0,56,31.3,10.2,3.5,2.7,1.4,0.4,1.2,0.414,0.361,0.814,0.696,5.2,2014,0.545,0.147,112.3,104.0,8.3,0.123,0.056
202335,Patrick Patterson,TOR,25.0,65,23.6,8.5,5.3,1.2,0.8,0.6,1.0,0.46,0.364,0.704,0.569,2.6,2014,0.533,0.17,107.0,101.6,5.3,0.083,0.111
201988,Patty Mills,SAS,25.0,81,18.9,10.2,2.1,1.8,0.8,0.1,0.8,0.464,0.425,0.89,0.765,4.2,2014,0.588,0.219,108.4,97.5,10.9,0.157,0.055
2200,Pau Gasol,LAL,33.0,60,31.4,17.4,9.7,3.4,0.5,1.5,2.4,0.48,0.286,0.736,0.35,-5.9,2014,0.522,0.261,102.2,110.8,-8.6,0.184,0.148
202331,Paul George,IND,24.0,80,36.2,21.7,6.8,3.5,1.9,0.3,2.8,0.424,0.364,0.864,0.675,4.6,2014,0.555,0.278,104.5,98.0,6.5,0.177,0.093
200794,Paul Millsap,ATL,29.0,74,33.5,17.9,8.5,3.1,1.7,1.1,2.5,0.461,0.358,0.731,0.486,1.7,2014,0.545,0.251,105.2,103.3,1.9,0.16,0.129
1718,Paul Pierce,BKN,36.0,75,28.0,13.5,4.6,2.4,1.1,0.4,2.0,0.451,0.373,0.826,0.56,0.9,2014,0.595,0.221,104.0,102.5,1.5,0.146,0.09
203544,Pero Antic,ATL,31.0,50,18.5,7.0,4.2,1.2,0.4,0.2,1.1,0.418,0.327,0.758,0.46,2.6,2014,0.545,0.178,104.9,99.9,5.0,0.1,0.114
203103,Perry Jones III,OKC,22.0,62,12.3,3.5,1.8,0.4,0.2,0.3,0.3,0.459,0.361,0.667,0.726,0.9,2014,0.541,0.126,105.0,101.5,3.5,0.05,0.076
203491,Peyton Siva,DET,23.0,24,9.3,2.3,0.6,1.4,0.4,0.0,0.8,0.316,0.28,0.733,0.375,-1.3,2014,0.425,0.162,102.6,107.7,-5.1,0.258,0.031
203515,Phil Pressey,BOS,23.0,75,15.1,2.8,1.4,3.2,0.9,0.1,1.2,0.308,0.264,0.644,0.307,-0.4,2014,0.39,0.141,102.0,102.4,-0.4,0.305,0.047
203112,Quincy Acy,SAC,23.0,63,13.5,2.7,3.4,0.4,0.4,0.4,0.5,0.468,0.267,0.66,0.349,-2.2,2014,0.52,0.099,102.1,108.2,-6.1,0.051,0.123
203113,Quincy Miller,DEN,21.0,52,15.2,4.9,2.8,0.5,0.4,0.6,0.9,0.367,0.319,0.709,0.404,-1.2,2014,0.459,0.169,103.5,107.0,-3.5,0.047,0.09
202347,Quincy Pondexter,MEM,26.0,15,18.0,6.3,1.7,1.3,0.3,0.1,1.0,0.392,0.324,0.808,0.467,-7.1,2014,0.52,0.178,95.2,115.0,-19.8,0.126,0.052
200765,Rajon Rondo,BOS,28.0,30,33.3,11.7,5.5,9.8,1.3,0.1,3.3,0.403,0.289,0.627,0.2,-5.7,2014,0.461,0.207,101.4,110.6,-9.2,0.48,0.085
201196,Ramon Sessions,MIL,28.0,83,26.7,12.3,2.4,4.1,0.6,0.1,1.8,0.429,0.282,0.807,0.361,-2.0,2014,0.539,0.219,102.1,105.6,-3.6,0.258,0.046
200751,Randy Foye,DEN,30.0,81,30.7,13.2,2.9,3.5,0.8,0.5,1.8,0.413,0.38,0.849,0.444,-1.6,2014,0.558,0.182,105.4,108.0,-2.6,0.173,0.044
1740,Rashard Lewis,MIA,34.0,60,16.2,4.5,1.8,1.0,0.9,0.1,0.6,0.415,0.343,0.788,0.683,0.9,2014,0.535,0.138,105.8,103.2,2.6,0.088,0.064
2446,Rasual Butler,IND,35.0,50,7.6,2.7,0.8,0.3,0.1,0.2,0.2,0.464,0.419,0.571,0.6,-0.9,2014,0.585,0.151,97.9,104.4,-6.6,0.075,0.053
951,Ray Allen,MIA,38.0,73,26.5,9.6,2.8,2.0,0.7,0.1,1.2,0.442,0.375,0.905,0.644,2.2,2014,0.59,0.162,108.4,104.8,3.7,0.117,0.059
203492,Ray McCallum,SAC,23.0,45,19.9,6.2,1.8,2.7,0.5,0.2,0.9,0.377,0.373,0.744,0.356,-2.1,2014,0.439,0.176,103.8,108.6,-4.8,0.216,0.045
101109,Raymond Felton,NYK,30.0,65,31.0,9.7,3.0,5.6,1.2,0.4,2.0,0.395,0.318,0.721,0.477,0.4,2014,0.476,0.181,108.1,107.8,0.3,0.275,0.051
203493,Reggie Bullock Jr.,LAC,23.0,43,9.2,2.7,1.3,0.3,0.2,0.0,0.3,0.355,0.301,0.778,0.698,-0.4,2014,0.46,0.149,96.0,97.5,-1.5,0.049,0.062
2501,Reggie Evans,SAC,34.0,54,16.6,4.0,6.2,0.4,0.7,0.1,1.1,0.473,0.0,0.554,0.333,-1.8,2014,0.516,0.132,101.6,107.5,-5.8,0.037,0.19
202704,Reggie Jackson,OKC,24.0,80,28.5,13.1,3.9,4.1,1.1,0.1,2.1,0.44,0.339,0.893,0.713,4.4,2014,0.527,0.223,109.0,101.6,7.4,0.231,0.068
2210,Richard Jefferson,UTA,34.0,82,27.0,10.1,2.7,1.6,0.7,0.2,1.1,0.45,0.409,0.741,0.305,-5.0,2014,0.573,0.17,101.0,110.9,-9.9,0.098,0.052
201937,Ricky Rubio,MIN,23.0,82,32.2,9.5,4.2,8.6,2.3,0.1,2.7,0.381,0.331,0.802,0.488,4.6,2014,0.491,0.161,111.0,104.4,6.6,0.362,0.065
203133,Robbie Hummel,MIN,25.0,53,12.4,3.4,2.5,0.4,0.3,0.0,0.2,0.379,0.36,0.938,0.491,0.7,2014,0.492,0.123,104.4,101.9,2.5,0.052,0.098
203135,Robert Sacre,LAL,25.0,65,16.8,5.4,3.9,0.8,0.4,0.7,0.7,0.477,0.0,0.681,0.308,-2.4,2014,0.513,0.154,101.5,107.1,-5.6,0.072,0.113
201577,Robin Lopez,POR,26.0,82,31.8,11.1,8.5,0.9,0.3,1.7,1.0,0.551,0.0,0.818,0.659,3.9,2014,0.605,0.139,110.6,104.6,6.0,0.041,0.13
201155,Rodney Stuckey,DET,28.0,73,26.7,13.9,2.3,2.1,0.7,0.1,1.7,0.436,0.273,0.836,0.37,-2.2,2014,0.516,0.24,105.1,109.5,-4.4,0.129,0.042
2427,Roger Mason Jr.,MIA,33.0,25,10.4,3.0,0.9,0.8,0.2,0.0,0.4,0.373,0.354,1.0,0.72,-0.2,2014,0.528,0.137,107.6,107.6,0.1,0.105,0.046
101179,Ronnie Price,ORL,31.0,31,12.2,2.4,1.4,2.1,0.8,0.1,0.8,0.304,0.209,0.692,0.29,-0.7,2014,0.379,0.15,96.5,99.3,-2.8,0.263,0.058
101142,Ronny Turiaf,MIN,31.0,31,19.5,4.8,5.6,0.8,0.3,1.6,0.8,0.598,0.0,0.42,0.516,-0.7,2014,0.578,0.11,102.0,103.0,-1.0,0.06,0.139
201579,Roy Hibbert,IND,27.0,81,29.7,10.8,6.6,1.1,0.4,2.2,1.8,0.439,0.4,0.77,0.679,4.4,2014,0.499,0.193,105.2,97.5,7.8,0.06,0.111
200752,Rudy Gay,SAC,27.0,73,34.7,20.0,6.0,2.9,1.3,0.8,3.1,0.455,0.33,0.822,0.37,-0.9,2014,0.54,0.271,105.7,106.8,-1.1,0.146,0.089
203497,Rudy Gobert,UTA,22.0,45,9.6,2.3,3.4,0.2,0.2,0.9,0.7,0.486,0.0,0.492,0.156,-0.6,2014,0.507,0.134,94.7,96.7,-2.0,0.026,0.171
201566,Russell Westbrook,OKC,25.0,46,30.7,21.8,5.7,6.9,1.9,0.2,3.8,0.437,0.318,0.826,0.739,4.8,2014,0.545,0.33,112.1,104.6,7.5,0.38,0.092
201583,Ryan Anderson,NOP,26.0,22,36.1,19.8,6.5,0.8,0.5,0.3,0.9,0.438,0.409,0.952,0.545,1.4,2014,0.572,0.216,112.3,110.3,2.0,0.032,0.089
200797,Ryan Hollins,LAC,29.0,61,7.9,2.3,1.5,0.1,0.1,0.5,0.5,0.736,0.0,0.625,0.705,0.1,2014,0.73,0.113,101.0,97.2,3.8,0.026,0.09
203527,Ryan Kelly,LAL,23.0,59,22.2,8.0,3.7,1.6,0.5,0.8,0.8,0.423,0.338,0.815,0.254,-1.5,2014,0.548,0.155,105.8,108.3,-2.5,0.104,0.081
2223,Samuel Dalembert,DAL,34.0,80,20.2,6.6,6.8,0.5,0.5,1.2,1.1,0.568,0.0,0.737,0.6,0.3,2014,0.605,0.148,105.5,104.6,0.8,0.035,0.176
201586,Serge Ibaka,OKC,24.0,81,32.9,15.1,8.8,1.0,0.5,2.7,1.5,0.536,0.383,0.784,0.728,5.0,2014,0.576,0.195,109.8,102.5,7.3,0.051,0.133
203498,Shabazz Muhammad,MIN,21.0,37,7.8,3.9,1.4,0.2,0.2,0.0,0.4,0.46,0.273,0.65,0.568,-2.0,2014,0.505,0.222,97.6,110.7,-13.0,0.038,0.084
2203,Shane Battier,MIA,35.0,73,20.1,4.1,1.9,0.9,0.7,0.5,0.3,0.382,0.348,0.652,0.671,2.7,2014,0.523,0.098,110.4,103.1,7.2,0.057,0.053
203499,Shane Larkin,DAL,21.0,48,10.2,2.8,0.9,1.5,0.5,0.0,0.8,0.38,0.316,0.64,0.542,1.3,2014,0.446,0.166,103.6,97.4,6.2,0.208,0.045
200769,Shannon Brown,NYK,28.0,29,8.7,2.2,1.0,0.3,0.4,0.0,0.6,0.364,0.0,0.714,0.655,-2.5,2014,0.419,0.162,95.3,105.6,-10.3,0.059,0.057
2733,Shaun Livingston,BKN,28.0,76,26.0,8.3,3.2,3.2,1.2,0.4,1.4,0.483,0.167,0.827,0.553,0.8,2014,0.551,0.161,105.7,104.1,1.6,0.201,0.068
1890,Shawn Marion,DAL,36.0,76,31.7,10.4,6.5,1.6,1.2,0.5,1.3,0.482,0.358,0.785,0.579,-1.8,2014,0.537,0.155,106.8,109.2,-2.4,0.076,0.107
200761,Shawne Williams,LAL,28.0,36,20.9,5.6,4.6,0.8,0.5,0.8,0.6,0.38,0.326,0.7,0.389,0.7,2014,0.503,0.13,102.7,100.3,2.4,0.058,0.104
202714,Shelvin Mack,ATL,24.0,73,20.4,7.5,2.2,3.7,0.7,0.0,1.2,0.417,0.337,0.865,0.452,-0.7,2014,0.51,0.187,103.7,105.2,-1.5,0.288,0.055
203524,Solomon Hill,IND,23.0,28,8.1,1.7,1.5,0.4,0.2,0.1,0.5,0.425,0.304,0.857,0.607,0.4,2014,0.545,0.111,103.0,100.2,2.8,0.078,0.088
201150,Spencer Hawes,CLE,26.0,80,30.9,13.2,8.3,3.0,0.6,1.2,2.2,0.456,0.416,0.783,0.325,-6.0,2014,0.554,0.194,100.6,110.2,-9.6,0.152,0.128
201939,Stephen Curry,GSW,26.0,78,36.5,24.0,4.3,8.5,1.6,0.2,3.8,0.471,0.424,0.885,0.641,7.4,2014,0.61,0.275,110.6,101.0,9.6,0.372,0.058
2581,Steve Blake,GSW,34.0,55,27.2,6.9,2.9,5.6,1.0,0.1,1.9,0.377,0.376,0.767,0.564,-3.1,2014,0.508,0.138,99.2,104.4,-5.2,0.303,0.051
959,Steve Nash,LAL,40.0,15,20.8,6.8,1.9,5.7,0.5,0.1,2.1,0.383,0.333,0.917,0.267,-4.3,2014,0.488,0.184,99.1,108.2,-9.1,0.428,0.043
200779,Steve Novak,TOR,31.0,54,10.0,3.3,1.1,0.2,0.2,0.1,0.1,0.411,0.426,1.0,0.519,1.4,2014,0.599,0.12,105.4,103.2,2.2,0.038,0.054
203500,Steven Adams,OKC,20.0,81,14.8,3.3,4.1,0.5,0.5,0.7,0.9,0.503,0.0,0.581,0.728,0.7,2014,0.541,0.114,106.3,103.7,2.6,0.05,0.14
201959,Taj Gibson,CHI,29.0,82,28.7,13.0,6.8,1.1,0.5,1.4,1.8,0.479,0.0,0.751,0.585,1.7,2014,0.524,0.227,101.7,98.1,3.6,0.075,0.118
2419,Tayshaun Prince,MEM,34.0,76,25.6,6.0,3.1,1.6,0.5,0.3,0.5,0.407,0.29,0.567,0.605,0.6,2014,0.438,0.134,103.2,101.8,1.5,0.09,0.063
203093,Terrence Jones,HOU,22.0,76,27.3,12.1,6.9,1.1,0.7,1.3,0.9,0.542,0.307,0.605,0.671,1.6,2014,0.577,0.181,109.9,107.3,2.6,0.067,0.127
203082,Terrence Ross,TOR,23.0,81,26.7,10.9,3.1,1.0,0.8,0.3,1.1,0.423,0.395,0.837,0.58,1.6,2014,0.553,0.183,108.2,105.2,3.0,0.06,0.06
200757,Thabo Sefolosha,OKC,30.0,61,26.0,6.3,3.6,1.5,1.3,0.3,0.9,0.415,0.316,0.768,0.721,2.0,2014,0.517,0.117,105.7,101.9,3.9,0.082,0.07
201152,Thaddeus Young,PHI,26.0,79,34.4,17.9,6.0,2.3,2.1,0.5,2.1,0.454,0.308,0.712,0.228,-8.3,2014,0.512,0.239,99.2,110.1,-10.9,0.114,0.084
203080,Thomas Robinson,POR,23.0,70,12.5,4.8,4.4,0.5,0.3,0.3,0.8,0.481,0.0,0.564,0.671,-1.3,2014,0.502,0.191,104.0,109.0,-4.9,0.061,0.17
201168,Tiago Splitter,SAS,29.0,59,21.5,8.2,6.2,1.5,0.5,0.5,1.3,0.523,0.0,0.699,0.78,4.5,2014,0.572,0.171,104.8,94.8,10.0,0.103,0.138
1495,Tim Duncan,SAS,38.0,74,29.2,15.1,9.7,3.0,0.6,1.9,2.1,0.49,0.0,0.731,0.757,4.1,2014,0.535,0.251,108.2,101.5,6.7,0.159,0.171
203501,Tim Hardaway Jr.,NYK,22.0,81,23.2,10.2,1.5,0.8,0.5,0.1,0.6,0.428,0.363,0.828,0.457,-2.1,2014,0.554,0.187,103.0,109.0,-6.0,0.059,0.033
202389,Timofey Mozgov,DEN,27.0,82,21.6,9.4,6.4,0.8,0.3,1.2,1.5,0.523,0.167,0.754,0.439,0.3,2014,0.584,0.186,105.5,104.5,1.0,0.055,0.141
202699,Tobias Harris,ORL,21.0,61,30.3,14.6,7.0,1.3,0.7,0.4,1.3,0.464,0.254,0.807,0.262,-3.8,2014,0.542,0.218,101.4,107.7,-6.3,0.077,0.115
201962,Toney Douglas,MIA,28.0,51,13.2,4.0,1.7,1.3,0.4,0.1,0.7,0.384,0.304,0.735,0.647,-0.3,2014,0.493,0.161,102.0,102.3,-0.3,0.157,0.068
2754,Tony Allen,MEM,32.0,55,23.2,9.0,3.8,1.7,1.6,0.3,1.6,0.494,0.234,0.628,0.564,1.7,2014,0.531,0.194,105.9,101.2,4.7,0.115,0.086
2225,Tony Parker,SAS,32.0,68,29.4,16.7,2.3,5.7,0.5,0.1,2.2,0.499,0.373,0.811,0.75,4.0,2014,0.555,0.263,108.2,101.3,6.8,0.31,0.04
203503,Tony Snell,CHI,22.0,77,16.0,4.5,1.6,0.9,0.4,0.2,0.6,0.384,0.32,0.756,0.597,-1.5,2014,0.489,0.146,95.7,100.4,-4.7,0.095,0.05
203100,Tony Wroten,PHI,21.0,72,24.5,13.0,3.2,3.0,1.1,0.2,2.8,0.427,0.213,0.641,0.25,-6.1,2014,0.493,0.271,96.6,108.2,-11.6,0.21,0.061
203315,Toure' Murry,NYK,24.0,51,7.3,2.7,0.9,1.0,0.4,0.0,0.7,0.434,0.417,0.59,0.51,-0.6,2014,0.479,0.209,99.6,103.1,-3.5,0.215,0.059
2566,Travis Outlaw,SAC,29.0,63,16.9,5.4,2.7,0.8,0.3,0.3,0.4,0.399,0.35,0.808,0.349,-1.6,2014,0.492,0.153,100.6,104.8,-4.3,0.076,0.076
2772,Trevor Ariza,WAS,28.0,77,35.4,14.4,6.2,2.5,1.6,0.3,1.7,0.456,0.407,0.772,0.532,2.5,2014,0.59,0.173,105.6,102.1,3.5,0.105,0.089
202344,Trevor Booker,WAS,26.0,72,21.6,6.8,5.3,0.9,0.6,0.6,0.8,0.551,0.0,0.618,0.5,-0.8,2014,0.563,0.142,106.3,107.2,-1.0,0.061,0.127
203504,Trey Burke,UTA,21.0,70,32.3,12.8,3.0,5.7,0.6,0.1,1.9,0.38,0.33,0.903,0.343,-3.7,2014,0.473,0.216,105.3,111.2,-5.9,0.28,0.048
202684,Tristan Thompson,CLE,23.0,82,31.6,11.7,9.2,0.9,0.5,0.4,1.3,0.477,0.0,0.693,0.402,-2.8,2014,0.528,0.173,103.7,108.7,-5.0,0.044,0.144
201951,Ty Lawson,DEN,26.0,62,35.8,17.6,3.5,8.8,1.6,0.2,3.2,0.431,0.356,0.798,0.468,-0.8,2014,0.554,0.224,107.8,108.9,-1.2,0.369,0.046
201946,Tyler Hansbrough,TOR,28.0,64,15.3,4.9,4.5,0.3,0.4,0.3,0.7,0.474,0.0,0.681,0.594,-0.1,2014,0.562,0.144,102.1,101.9,0.2,0.029,0.147
203092,Tyler Zeller,CLE,24.0,70,15.0,5.7,4.0,0.5,0.3,0.5,0.9,0.538,0.0,0.719,0.386,-0.1,2014,0.581,0.168,100.8,101.5,-0.7,0.055,0.132
201936,Tyreke Evans,NOP,24.0,72,28.2,14.5,4.7,5.0,1.2,0.3,2.4,0.436,0.221,0.771,0.444,-2.8,2014,0.504,0.266,104.2,109.8,-5.6,0.313,0.087
203116,Tyshawn Taylor,BKN,24.0,23,11.7,3.9,0.7,1.6,0.5,0.0,1.3,0.341,0.25,0.8,0.478,-5.7,2014,0.427,0.222,93.0,118.2,-25.2,0.242,0.028
2199,Tyson Chandler,NYK,31.0,55,30.2,8.7,9.6,1.1,0.7,1.1,1.3,0.593,0.0,0.632,0.436,0.3,2014,0.615,0.128,108.3,107.5,0.8,0.054,0.167
2617,Udonis Haslem,MIA,34.0,46,14.2,3.8,3.8,0.3,0.2,0.3,0.5,0.507,0.0,0.568,0.652,-1.5,2014,0.523,0.137,102.2,107.3,-5.1,0.032,0.15
203506,Victor Oladipo,ORL,22.0,80,31.1,13.8,4.1,4.1,1.6,0.5,3.2,0.419,0.327,0.78,0.288,-3.4,2014,0.514,0.24,98.6,104.1,-5.6,0.225,0.066
1713,Vince Carter,DAL,37.0,81,24.4,11.9,3.5,2.6,0.8,0.4,1.3,0.407,0.394,0.821,0.605,2.1,2014,0.539,0.223,106.0,102.5,3.6,0.17,0.073
203543,Vitor Faverani,BOS,26.0,37,13.2,4.4,3.5,0.4,0.4,0.7,1.1,0.435,0.3,0.649,0.351,-2.6,2014,0.502,0.189,92.7,101.5,-8.9,0.059,0.131
201961,Wayne Ellington,DAL,26.0,45,8.7,3.2,1.0,0.4,0.4,0.0,0.2,0.437,0.424,0.909,0.511,-0.6,2014,0.554,0.15,104.7,109.0,-4.3,0.068,0.055
202325,Wesley Johnson,LAL,26.0,79,28.4,9.1,4.4,1.6,1.1,1.0,1.1,0.425,0.369,0.792,0.342,-4.7,2014,0.522,0.149,101.7,108.8,-7.1,0.082,0.074
202083,Wesley Matthews,POR,27.0,82,33.9,16.4,3.5,2.4,0.9,0.2,1.3,0.441,0.393,0.837,0.659,3.7,2014,0.588,0.193,111.1,105.7,5.4,0.109,0.05
203115,Will Barton,POR,23.0,41,9.4,4.0,1.8,0.8,0.2,0.2,0.4,0.417,0.303,0.813,0.659,-0.4,2014,0.488,0.21,98.0,99.7,-1.8,0.149,0.089
101198,Will Bynum,DET,31.0,56,18.8,8.7,1.8,3.9,0.7,0.1,1.8,0.428,0.323,0.802,0.304,-1.9,2014,0.502,0.233,101.8,107.5,-5.6,0.327,0.045
2584,Willie Green,LAC,32.0,55,15.8,5.0,1.4,0.9,0.4,0.2,0.6,0.376,0.339,0.824,0.691,1.5,2014,0.477,0.162,103.6,98.7,4.9,0.09,0.044
201163,Wilson Chandler,DEN,27.0,62,31.1,13.6,4.7,1.8,0.7,0.5,1.3,0.416,0.348,0.724,0.435,-2.8,2014,0.526,0.193,104.4,108.9,-4.5,0.093,0.073
202333,Xavier Henry,LAL,23.0,43,21.1,10.0,2.7,1.2,1.0,0.2,1.3,0.417,0.346,0.655,0.372,-0.9,2014,0.511,0.223,101.7,104.0,-2.3,0.09,0.058
2216,Zach Randolph,MEM,32.0,79,34.2,17.4,10.1,2.5,0.7,0.3,2.3,0.467,0.1,0.742,0.62,2.1,2014,0.51,0.258,106.6,103.6,3.0,0.124,0.156
2585,Zaza Pachulia,MIL,30.0,53,25.0,7.7,6.3,2.6,0.8,0.3,1.7,0.427,0.0,0.846,0.189,-3.4,2014,0.502,0.167,102.5,108.9,-6.4,0.16,0.133
201985,AJ Price,CLE,28.0,26,12.4,5.1,1.2,1.8,0.3,0.0,0.5,0.372,0.263,0.667,0.423,-2.5,2015,0.451,0.218,94.4,104.5,-10.0,0.254,0.048
201166,Aaron Brooks,CHI,30.0,82,23.0,11.6,2.0,3.2,0.7,0.2,1.9,0.421,0.387,0.833,0.61,2.5,2015,0.534,0.246,107.2,102.1,5.0,0.245,0.043
203932,Aaron Gordon,ORL,19.0,47,17.0,5.2,3.6,0.7,0.4,0.5,0.8,0.447,0.271,0.721,0.298,-3.5,2015,0.517,0.151,97.9,105.8,-7.9,0.064,0.105
203940,Adreian Payne,MIN,24.0,32,23.1,6.7,5.1,0.9,0.6,0.3,1.4,0.414,0.111,0.652,0.219,-7.6,2015,0.443,0.173,98.8,115.8,-17.0,0.067,0.115
201143,Al Horford,ATL,29.0,76,30.5,15.2,7.2,3.2,0.9,1.3,1.3,0.538,0.306,0.759,0.737,3.8,2015,0.563,0.22,107.5,100.8,6.7,0.178,0.12
2744,Al Jefferson,CHA,30.0,65,30.6,16.6,8.4,1.7,0.7,1.3,1.0,0.481,0.4,0.655,0.385,-1.8,2015,0.5,0.265,99.8,103.2,-3.4,0.11,0.137
202329,Al-Farouq Aminu,DAL,24.0,74,18.5,5.6,4.6,0.8,0.9,0.8,0.7,0.412,0.274,0.712,0.608,1.4,2015,0.504,0.146,105.6,100.3,5.3,0.062,0.121
101187,Alan Anderson,BKN,32.0,74,23.6,7.4,2.8,1.1,0.8,0.1,0.8,0.443,0.348,0.812,0.473,-0.8,2015,0.563,0.139,100.0,101.1,-1.0,0.074,0.057
202692,Alec Burks,UTA,23.0,27,33.3,13.9,4.2,3.0,0.6,0.2,1.9,0.403,0.382,0.822,0.333,-4.8,2015,0.524,0.206,105.1,112.3,-7.2,0.145,0.067
203458,Alex Len,PHX,22.0,69,22.0,6.3,6.6,0.5,0.5,1.5,1.1,0.507,0.333,0.702,0.507,-0.4,2015,0.542,0.133,102.5,102.9,-0.3,0.03,0.145
203144,Alexey Shved,NYK,26.0,42,18.3,10.3,2.4,2.5,0.7,0.1,1.1,0.397,0.338,0.807,0.238,-3.1,2015,0.541,0.251,96.0,105.1,-9.1,0.26,0.06
201582,Alexis Ajinca,NOP,27.0,68,14.1,6.5,4.6,0.7,0.3,0.8,1.0,0.55,0.0,0.818,0.603,-0.2,2015,0.595,0.21,103.0,103.2,-0.2,0.084,0.169
203459,Allen Crabbe,POR,23.0,51,13.4,3.3,1.4,0.8,0.4,0.3,0.3,0.412,0.353,0.75,0.706,-0.5,2015,0.525,0.111,98.9,100.9,-2.0,0.082,0.052
202087,Alonzo Gee,POR,28.0,54,12.2,4.5,1.7,0.5,0.6,0.1,0.6,0.468,0.371,0.701,0.389,-1.9,2015,0.548,0.164,99.9,106.1,-6.1,0.062,0.069
2405,Amar'e Stoudemire,DAL,32.0,59,21.1,11.5,5.6,0.8,0.5,0.6,1.3,0.557,0.0,0.72,0.322,-0.9,2015,0.595,0.232,103.8,106.3,-2.5,0.064,0.138
101161,Amir Johnson,TOR,28.0,75,26.4,9.3,6.1,1.6,0.6,0.8,1.5,0.574,0.413,0.612,0.587,0.8,2015,0.603,0.155,107.6,105.8,1.8,0.092,0.115
2760,Anderson Varejao,CLE,32.0,26,24.4,9.8,6.5,1.3,0.7,0.6,1.3,0.555,0.0,0.733,0.615,0.2,2015,0.58,0.182,105.8,105.7,0.1,0.09,0.144
203083,Andre Drummond,DET,21.0,82,30.5,13.8,13.5,0.7,0.9,1.9,1.5,0.514,0.0,0.389,0.39,-0.7,2015,0.504,0.217,104.9,105.5,-0.6,0.037,0.215
2738,Andre Iguodala,GSW,31.0,77,26.9,7.8,3.3,3.0,1.2,0.3,1.1,0.466,0.349,0.596,0.831,5.7,2015,0.553,0.131,108.5,98.0,10.5,0.151,0.06
1889,Andre Miller,SAC,39.0,81,15.5,4.4,1.9,3.5,0.4,0.1,1.3,0.5,0.206,0.753,0.543,-1.6,2015,0.548,0.152,102.6,107.4,-4.8,0.352,0.063
203460,Andre Roberson,OKC,23.0,67,19.2,3.4,3.8,1.0,0.8,0.4,0.7,0.458,0.247,0.479,0.612,1.6,2015,0.513,0.088,105.9,100.3,5.6,0.075,0.095
200745,Andrea Bargnani,NYK,29.0,29,27.1,14.8,4.4,1.6,0.1,0.9,1.4,0.454,0.366,0.813,0.172,-9.3,2015,0.527,0.258,94.6,112.8,-18.2,0.119,0.081
101106,Andrew Bogut,GSW,30.0,67,23.6,6.3,8.1,2.7,0.6,1.7,1.6,0.563,0.0,0.524,0.866,8.0,2015,0.565,0.131,112.6,95.7,16.9,0.149,0.168
203094,Andrew Nicholson,ORL,25.0,40,12.3,4.9,2.1,0.6,0.2,0.3,0.6,0.437,0.317,0.6,0.35,-2.1,2015,0.483,0.207,95.5,105.2,-9.7,0.076,0.084
203952,Andrew Wiggins,MIN,20.0,82,36.2,16.9,4.6,2.1,1.0,0.6,2.2,0.437,0.31,0.76,0.195,-6.7,2015,0.517,0.223,101.5,111.3,-9.7,0.097,0.064
203461,Anthony Bennett,MIN,22.0,57,15.7,5.2,3.8,0.8,0.5,0.3,0.6,0.421,0.304,0.641,0.211,-5.2,2015,0.458,0.172,96.9,113.3,-16.4,0.087,0.121
203076,Anthony Davis,NOP,22.0,68,36.1,24.4,10.2,2.2,1.5,2.9,1.4,0.535,0.083,0.805,0.574,3.9,2015,0.591,0.272,109.9,103.8,6.1,0.109,0.144
201627,Anthony Morrow,OKC,29.0,74,24.4,10.7,2.6,0.8,0.7,0.1,0.5,0.463,0.434,0.888,0.568,3.0,2015,0.604,0.16,106.9,101.8,5.1,0.05,0.051
201229,Anthony Tolliver,DET,30.0,76,18.9,6.3,3.1,0.8,0.3,0.2,0.7,0.41,0.366,0.783,0.474,1.4,2015,0.569,0.145,106.5,103.3,3.2,0.061,0.082
203462,Archie Goodwin,PHX,20.0,41,13.0,5.6,1.8,1.1,0.4,0.2,1.2,0.393,0.293,0.735,0.39,-4.0,2015,0.486,0.225,91.7,106.3,-14.7,0.149,0.064
203382,Aron Baynes,SAS,28.0,70,16.0,6.6,4.5,0.5,0.2,0.3,0.9,0.566,0.25,0.865,0.7,1.9,2015,0.618,0.172,104.3,97.5,6.8,0.049,0.141
201167,Arron Afflalo,POR,29.0,78,32.1,13.3,3.2,1.7,0.5,0.1,1.5,0.424,0.354,0.843,0.449,-0.3,2015,0.533,0.188,106.3,106.4,-0.2,0.079,0.048
201948,Austin Daye,ATL,27.0,34,10.1,3.8,2.2,0.5,0.4,0.1,0.7,0.355,0.338,0.833,0.5,-1.3,2015,0.449,0.211,98.4,102.8,-4.4,0.083,0.105
203085,Austin Rivers,LAC,22.0,76,20.6,7.0,2.0,2.0,0.6,0.2,0.9,0.409,0.298,0.675,0.605,-1.7,2015,0.481,0.174,100.4,104.0,-3.6,0.157,0.047
202340,Avery Bradley,BOS,24.0,77,31.5,13.9,3.1,1.8,1.1,0.2,1.4,0.428,0.352,0.79,0.481,-1.1,2015,0.507,0.207,101.7,102.8,-1.1,0.087,0.048
2732,Ben Gordon,ORL,32.0,56,14.1,6.2,1.1,0.9,0.3,0.0,1.0,0.437,0.361,0.836,0.304,-2.4,2015,0.538,0.213,96.0,106.0,-9.9,0.111,0.04
203463,Ben McLemore,SAC,22.0,82,32.6,12.1,2.9,1.7,0.9,0.2,1.7,0.437,0.358,0.813,0.354,-0.4,2015,0.552,0.17,104.8,105.4,-0.6,0.082,0.045
2757,Beno Udrih,MEM,32.0,79,18.9,7.7,1.8,2.8,0.6,0.1,1.1,0.487,0.268,0.853,0.696,-0.1,2015,0.55,0.191,100.5,101.0,-0.5,0.236,0.048
202687,Bismack Biyombo,CHA,22.0,64,19.4,4.8,6.4,0.3,0.3,1.5,0.8,0.543,0.0,0.583,0.406,-0.5,2015,0.578,0.114,98.2,99.3,-1.1,0.021,0.153
201933,Blake Griffin,LAC,26.0,67,35.2,21.9,7.6,5.3,0.9,0.5,2.3,0.502,0.4,0.728,0.701,8.7,2015,0.551,0.278,116.9,104.7,12.2,0.246,0.11
202711,Bojan Bogdanovic,BKN,26.0,78,23.8,9.0,2.7,0.9,0.4,0.1,1.0,0.453,0.355,0.821,0.462,-2.3,2015,0.562,0.169,103.2,108.1,-4.9,0.057,0.057
2564,Boris Diaw,SAS,33.0,81,24.5,8.7,4.3,2.9,0.4,0.3,1.6,0.46,0.32,0.774,0.679,3.6,2015,0.526,0.18,106.3,98.9,7.4,0.181,0.09
203078,Bradley Beal,WAS,22.0,63,33.5,15.3,3.8,3.1,1.2,0.3,2.0,0.427,0.409,0.783,0.587,3.0,2015,0.521,0.222,105.6,101.1,4.5,0.144,0.058
201148,Brandan Wright,PHX,27.0,75,19.3,7.3,4.3,0.5,0.7,1.3,0.5,0.642,0.0,0.696,0.493,-0.2,2015,0.66,0.134,103.1,103.2,-0.1,0.044,0.109
101138,Brandon Bass,BOS,30.0,82,23.5,10.6,4.9,1.3,0.5,0.4,1.0,0.504,0.281,0.79,0.488,-2.2,2015,0.557,0.195,100.6,103.5,-2.9,0.091,0.1
203561,Brandon Davies,PHI,23.0,27,15.7,5.3,3.1,1.1,0.7,0.3,1.1,0.401,0.235,0.649,0.222,-6.0,2015,0.463,0.183,94.7,112.7,-18.0,0.123,0.1
201943,Brandon Jennings,DET,25.0,41,28.6,15.4,2.5,6.6,1.1,0.1,2.2,0.401,0.36,0.839,0.415,0.8,2015,0.522,0.25,105.0,104.2,0.8,0.384,0.042
202688,Brandon Knight,PHX,23.0,63,32.3,17.0,3.9,5.2,1.4,0.2,3.0,0.422,0.389,0.874,0.524,-1.2,2015,0.543,0.25,100.9,102.6,-1.7,0.272,0.059
201575,Brandon Rush,GSW,29.0,33,8.2,0.9,1.2,0.4,0.2,0.4,0.3,0.204,0.111,0.455,0.818,-3.8,2015,0.255,0.106,91.6,113.5,-21.9,0.063,0.072
203148,Brian Roberts,CHA,29.0,72,18.5,6.7,1.5,2.3,0.5,0.1,0.8,0.389,0.321,0.892,0.417,-1.2,2015,0.495,0.182,97.6,101.3,-3.8,0.209,0.039
201572,Brook Lopez,BKN,27.0,72,29.2,17.2,7.4,0.7,0.6,1.8,1.4,0.513,0.1,0.814,0.472,-1.4,2015,0.558,0.257,103.2,106.3,-3.2,0.044,0.127
201228,C.J. Watson,IND,31.0,57,24.9,10.0,2.9,3.6,1.0,0.2,1.8,0.434,0.4,0.826,0.439,0.1,2015,0.581,0.18,100.9,102.1,-1.2,0.229,0.056
203468,CJ McCollum,POR,23.0,62,15.7,6.8,1.5,1.0,0.7,0.1,0.8,0.436,0.396,0.699,0.597,1.9,2015,0.534,0.198,101.7,97.0,4.7,0.104,0.045
101139,CJ Miles,IND,28.0,70,26.3,13.5,3.1,1.1,0.9,0.4,1.0,0.398,0.345,0.807,0.443,2.3,2015,0.525,0.23,103.1,99.3,3.8,0.069,0.056
201171,Carl Landry,SAC,31.0,70,17.0,7.2,3.8,0.4,0.2,0.2,0.8,0.515,0.0,0.82,0.371,-3.1,2015,0.578,0.18,98.6,107.4,-8.8,0.04,0.109
2430,Carlos Boozer,LAL,33.0,71,23.8,11.8,6.8,1.3,0.6,0.2,1.3,0.499,0.0,0.627,0.254,-4.5,2015,0.517,0.231,101.2,110.6,-9.3,0.101,0.14
2546,Carmelo Anthony,NYK,31.0,40,35.7,24.2,6.6,3.1,1.0,0.4,2.2,0.444,0.341,0.797,0.25,-2.7,2015,0.531,0.319,106.5,111.0,-4.5,0.161,0.095
2406,Caron Butler,DET,35.0,78,20.8,5.9,2.5,1.0,0.6,0.1,0.6,0.407,0.379,0.902,0.385,-0.3,2015,0.544,0.129,102.7,103.6,-0.9,0.074,0.06
202718,Chandler Parsons,DAL,26.0,66,33.1,15.7,4.9,2.4,1.0,0.3,1.5,0.462,0.38,0.72,0.621,3.1,2015,0.567,0.201,109.0,105.0,4.0,0.111,0.074
101112,Channing Frye,ORL,32.0,75,24.9,7.3,3.9,1.3,0.6,0.5,1.0,0.392,0.393,0.886,0.307,-3.3,2015,0.546,0.139,100.3,107.2,-6.9,0.074,0.081
101111,Charlie Villanueva,DAL,30.0,64,10.6,6.3,2.3,0.3,0.2,0.3,0.4,0.414,0.376,0.571,0.578,-0.8,2015,0.534,0.252,101.0,104.7,-3.7,0.047,0.103
201978,Chase Budinger,MIN,27.0,67,19.2,6.8,3.0,1.0,0.7,0.1,0.7,0.433,0.364,0.827,0.119,-3.9,2015,0.537,0.161,98.9,108.2,-9.3,0.082,0.078
2365,Chris Andersen,MIA,36.0,60,18.9,5.3,5.0,0.7,0.4,1.0,0.7,0.58,0.308,0.667,0.45,0.0,2015,0.622,0.123,100.0,100.4,-0.4,0.063,0.141
2547,Chris Bosh,MIA,31.0,44,35.4,21.1,7.0,2.2,0.9,0.6,2.2,0.46,0.375,0.772,0.432,-2.3,2015,0.548,0.282,101.6,105.8,-4.1,0.121,0.106
203142,Chris Copeland,IND,31.0,50,16.5,6.2,2.2,1.0,0.2,0.2,1.2,0.361,0.311,0.733,0.38,-0.6,2015,0.468,0.206,100.4,103.1,-2.6,0.102,0.066
203187,Chris Johnson,UTA,25.0,29,18.2,5.7,1.9,0.5,0.9,0.2,0.5,0.403,0.295,0.875,0.31,-1.1,2015,0.515,0.139,97.2,100.4,-3.2,0.046,0.05
2549,Chris Kaman,POR,33.0,74,18.9,8.6,6.5,0.9,0.2,0.7,1.5,0.515,0.0,0.706,0.635,-0.1,2015,0.537,0.222,102.4,103.1,-0.7,0.079,0.17
101108,Chris Paul,LAC,30.0,82,34.8,19.1,4.6,10.2,1.9,0.2,2.3,0.485,0.398,0.9,0.683,8.9,2015,0.596,0.232,116.7,104.0,12.7,0.441,0.066
101236,Chuck Hayes,TOR,32.0,29,8.8,1.7,1.8,0.7,0.3,0.1,0.3,0.478,0.0,0.545,0.586,1.3,2015,0.492,0.104,113.3,104.5,8.8,0.105,0.104
203921,Cleanthony Early,NYK,24.0,39,16.6,5.4,2.5,0.9,0.6,0.3,1.0,0.355,0.262,0.75,0.154,-4.2,2015,0.447,0.19,90.5,102.8,-12.3,0.102,0.075
203469,Cody Zeller,CHA,22.0,62,24.0,7.6,5.8,1.6,0.5,0.8,1.0,0.461,1.0,0.774,0.435,0.3,2015,0.53,0.153,101.2,100.0,1.2,0.106,0.119
202332,Cole Aldrich,NYK,26.0,61,16.0,5.5,5.5,1.2,0.6,1.1,1.0,0.478,0.0,0.781,0.18,-4.5,2015,0.513,0.178,91.6,105.1,-13.5,0.143,0.172
201147,Corey Brewer,HOU,29.0,80,26.1,11.5,3.7,2.2,1.4,0.2,1.6,0.426,0.268,0.743,0.525,-0.4,2015,0.507,0.206,103.1,103.6,-0.5,0.131,0.068
203928,Cory Jefferson,BKN,24.0,50,10.6,3.7,2.9,0.3,0.2,0.4,0.4,0.449,0.133,0.574,0.36,1.5,2015,0.48,0.17,102.9,94.7,8.2,0.047,0.131
202709,Cory Joseph,SAS,23.0,79,18.3,6.8,2.4,2.4,0.6,0.2,0.8,0.504,0.364,0.734,0.671,2.2,2015,0.564,0.166,103.9,97.7,6.2,0.205,0.067
201584,Courtney Lee,MEM,29.0,77,30.6,10.1,2.3,2.0,1.0,0.2,1.0,0.448,0.402,0.86,0.662,1.6,2015,0.555,0.148,105.4,103.2,2.2,0.096,0.039
201571,D.J. Augustin,OKC,27.0,82,23.9,9.5,2.0,4.3,0.6,0.0,1.8,0.399,0.337,0.868,0.451,-0.9,2015,0.527,0.194,103.3,105.6,-2.3,0.286,0.039
203081,Damian Lillard,POR,24.0,82,35.7,21.0,4.6,6.2,1.2,0.3,2.7,0.434,0.343,0.864,0.622,3.7,2015,0.56,0.262,108.9,103.6,5.3,0.285,0.063
204014,Damjan Rudez,IND,29.0,68,15.4,4.8,0.7,0.8,0.2,0.1,0.7,0.452,0.406,0.696,0.412,0.5,2015,0.591,0.134,100.1,100.0,0.1,0.079,0.022
201568,Danilo Gallinari,DEN,26.0,59,24.2,12.4,3.7,1.4,0.8,0.3,1.0,0.401,0.355,0.895,0.39,0.3,2015,0.563,0.214,105.6,104.3,1.2,0.094,0.073
101122,Danny Granger,PHX,32.0,30,20.4,6.3,2.7,0.6,0.4,0.2,0.8,0.401,0.357,0.757,0.367,-3.5,2015,0.527,0.156,98.5,108.1,-9.5,0.049,0.069
201980,Danny Green,SAS,28.0,81,28.5,11.7,4.2,2.0,1.2,1.1,1.1,0.436,0.418,0.874,0.679,5.3,2015,0.596,0.17,108.9,99.0,9.8,0.101,0.075
201967,Dante Cunningham,NOP,28.0,66,25.0,5.2,3.9,0.8,0.7,0.6,0.5,0.457,0.1,0.617,0.561,-0.5,2015,0.473,0.109,104.1,104.5,-0.4,0.045,0.08
203957,Danté Exum,UTA,19.0,82,22.2,4.8,1.6,2.4,0.5,0.2,1.4,0.349,0.314,0.625,0.463,1.1,2015,0.457,0.137,102.0,99.3,2.7,0.169,0.037
202721,Darius Morris,BKN,24.0,38,7.9,2.2,0.7,1.3,0.2,0.0,0.6,0.34,0.212,0.444,0.368,-1.7,2015,0.377,0.19,90.3,100.3,-10.0,0.281,0.043
201589,Darrell Arthur,DEN,27.0,58,17.0,6.6,2.9,1.0,0.8,0.4,0.8,0.404,0.236,0.78,0.379,-0.2,2015,0.466,0.199,98.5,98.1,0.4,0.096,0.08
201954,Darren Collison,SAC,27.0,45,34.8,16.1,3.2,5.6,1.5,0.3,2.5,0.473,0.373,0.788,0.356,0.8,2015,0.575,0.206,106.4,105.7,0.8,0.263,0.046
101135,David Lee,GSW,32.0,49,18.5,7.9,5.2,1.7,0.6,0.5,1.0,0.511,0.0,0.654,0.755,0.5,2015,0.541,0.192,104.9,103.6,1.3,0.142,0.138
2561,David West,IND,34.0,66,28.7,11.7,6.8,3.4,0.7,0.7,1.8,0.471,0.2,0.739,0.485,-0.3,2015,0.508,0.208,101.8,103.1,-1.2,0.199,0.115
201599,DeAndre Jordan,LAC,26.0,82,34.4,11.5,15.0,0.7,1.0,2.2,1.3,0.71,0.25,0.397,0.683,7.6,2015,0.638,0.134,116.1,104.5,11.7,0.03,0.218
201942,DeMar DeRozan,TOR,25.0,60,35.0,20.1,4.6,3.5,1.2,0.2,2.3,0.413,0.284,0.832,0.617,2.2,2015,0.51,0.282,108.3,105.6,2.7,0.174,0.067
202326,DeMarcus Cousins,SAC,24.0,59,34.1,24.1,12.7,3.6,1.5,1.7,4.3,0.467,0.25,0.782,0.39,1.0,2015,0.545,0.334,105.2,104.2,1.1,0.202,0.186
201960,DeMarre Carroll,ATL,28.0,70,31.3,12.6,5.3,1.7,1.3,0.2,1.1,0.487,0.395,0.702,0.757,3.0,2015,0.603,0.165,108.6,102.9,5.6,0.083,0.088
203471,Dennis Schröder,ATL,21.0,77,19.7,10.0,2.1,4.1,0.6,0.1,1.9,0.427,0.351,0.827,0.74,0.1,2015,0.516,0.267,102.6,102.4,0.2,0.373,0.055
101114,Deron Williams,BKN,31.0,68,31.1,13.0,3.5,6.6,0.9,0.3,2.3,0.387,0.367,0.834,0.5,-0.2,2015,0.504,0.219,105.4,105.3,0.2,0.326,0.056
202324,Derrick Favors,UTA,23.0,74,30.8,16.0,8.2,1.5,0.8,1.7,1.6,0.525,0.167,0.669,0.446,0.8,2015,0.558,0.237,105.0,103.4,1.5,0.09,0.138
201565,Derrick Rose,CHI,26.0,51,30.0,17.7,3.2,4.9,0.7,0.3,3.2,0.405,0.28,0.813,0.647,2.4,2015,0.493,0.305,105.9,102.2,3.7,0.289,0.05
202682,Derrick Williams,SAC,24.0,74,19.8,8.3,2.7,0.7,0.5,0.1,0.8,0.447,0.314,0.684,0.365,-3.5,2015,0.54,0.185,102.3,110.1,-7.7,0.057,0.067
2734,Devin Harris,DAL,32.0,76,22.2,8.8,1.8,3.1,1.0,0.2,1.1,0.418,0.357,0.815,0.592,1.3,2015,0.559,0.175,107.2,103.7,3.4,0.207,0.039
203906,Devyn Marble,ORL,22.0,16,13.0,2.3,1.9,1.1,0.6,0.1,0.6,0.318,0.182,0.313,0.188,-1.0,2015,0.362,0.122,100.9,102.0,-1.1,0.102,0.072
203473,Dewayne Dedmon,ORL,25.0,59,14.3,3.7,5.0,0.2,0.3,0.8,0.9,0.562,0.0,0.531,0.288,-0.4,2015,0.568,0.124,97.0,97.6,-0.6,0.016,0.171
203079,Dion Waiters,OKC,23.0,80,27.6,11.8,2.4,2.0,1.1,0.3,1.4,0.396,0.297,0.68,0.575,0.7,2015,0.46,0.218,106.0,104.3,1.7,0.116,0.041
1717,Dirk Nowitzki,DAL,37.0,77,29.6,17.3,5.9,1.9,0.5,0.4,1.1,0.459,0.38,0.882,0.61,3.1,2015,0.56,0.244,107.8,103.5,4.4,0.101,0.102
202388,Donald Sloan,IND,27.0,53,20.9,7.4,2.7,3.6,0.4,0.0,1.2,0.408,0.313,0.779,0.415,-1.6,2015,0.503,0.181,97.3,101.5,-4.2,0.291,0.062
202700,Donatas Motiejunas,HOU,24.0,71,28.7,12.0,5.9,1.8,0.8,0.5,1.7,0.504,0.368,0.602,0.676,1.4,2015,0.553,0.19,105.1,102.4,2.7,0.109,0.102
2748,Dorell Wright,POR,29.0,48,12.3,4.6,2.3,0.9,0.4,0.2,0.4,0.379,0.38,0.81,0.583,1.6,2015,0.525,0.164,105.6,100.1,5.5,0.102,0.09
203926,Doug McDermott,CHI,23.0,36,8.9,3.0,1.2,0.2,0.1,0.0,0.5,0.402,0.317,0.667,0.639,-2.3,2015,0.48,0.18,92.8,107.8,-15.1,0.033,0.067
203110,Draymond Green,GSW,25.0,79,31.5,11.7,8.2,3.7,1.6,1.3,1.7,0.443,0.337,0.66,0.81,10.6,2015,0.54,0.169,113.1,97.3,15.8,0.155,0.124
2400,Drew Gooden,WAS,33.0,51,16.9,5.4,4.4,1.0,0.4,0.2,0.5,0.399,0.39,0.773,0.608,0.0,2015,0.469,0.167,101.5,101.3,0.1,0.089,0.127
2730,Dwight Howard,HOU,29.0,41,29.8,15.8,10.5,1.2,0.7,1.3,2.8,0.593,0.5,0.528,0.707,5.3,2015,0.596,0.232,106.9,97.5,9.3,0.072,0.177
203939,Dwight Powell,DAL,23.0,29,8.2,3.1,1.7,0.3,0.3,0.2,0.4,0.463,0.273,0.758,0.379,0.0,2015,0.552,0.166,104.1,103.0,1.1,0.058,0.106
2548,Dwyane Wade,MIA,33.0,62,31.8,21.5,3.5,4.8,1.2,0.3,3.4,0.47,0.284,0.768,0.452,-0.9,2015,0.534,0.338,105.0,107.1,-2.1,0.3,0.059
202734,E'Twaun Moore,CHI,26.0,56,9.0,2.7,0.8,0.6,0.4,0.1,0.3,0.446,0.342,0.6,0.643,-0.5,2015,0.504,0.14,100.7,102.0,-1.3,0.106,0.045
202334,Ed Davis,LAL,26.0,79,23.3,8.3,7.6,1.2,0.6,1.2,0.7,0.601,0.0,0.487,0.253,-3.4,2015,0.594,0.144,101.9,108.5,-6.6,0.082,0.161
203901,Elfrid Payton,ORL,21.0,82,30.3,8.9,4.3,6.5,1.7,0.2,2.5,0.425,0.262,0.551,0.305,-2.5,2015,0.456,0.179,102.3,105.7,-3.4,0.314,0.07
202407,Elijah Millsap,UTA,27.0,47,19.7,5.3,3.2,1.2,1.2,0.3,1.4,0.34,0.311,0.674,0.532,1.2,2015,0.45,0.164,100.0,96.1,3.9,0.101,0.079
1882,Elton Brand,ATL,36.0,36,13.5,2.7,2.8,0.6,0.5,0.7,0.5,0.442,0.0,0.522,0.694,0.1,2015,0.457,0.114,102.0,100.8,1.2,0.07,0.101
202683,Enes Freedom,OKC,23.0,75,28.5,15.5,8.9,0.7,0.5,0.4,1.9,0.519,0.356,0.782,0.427,-0.5,2015,0.564,0.238,108.5,109.1,-0.7,0.044,0.159
202339,Eric Bledsoe,PHX,25.0,81,34.6,17.0,5.2,6.1,1.6,0.6,3.4,0.447,0.324,0.8,0.481,0.4,2015,0.555,0.233,104.6,103.9,0.7,0.273,0.074
201569,Eric Gordon,NOP,26.0,61,33.1,13.4,2.6,3.8,0.8,0.2,2.0,0.411,0.448,0.805,0.574,1.1,2015,0.544,0.196,107.5,105.6,1.8,0.177,0.04
203475,Erick Green,DEN,24.0,43,9.5,3.4,0.7,0.9,0.3,0.0,0.3,0.377,0.298,0.833,0.349,-1.9,2015,0.436,0.181,96.7,105.9,-9.3,0.165,0.035
101141,Ersan Ilyasova,MIL,28.0,58,22.7,11.5,4.8,1.0,0.6,0.3,0.8,0.472,0.389,0.645,0.448,0.4,2015,0.554,0.217,104.4,103.1,1.3,0.07,0.108
203095,Evan Fournier,ORL,22.0,58,28.6,12.0,2.6,2.1,0.7,0.0,1.4,0.44,0.378,0.728,0.328,-2.5,2015,0.546,0.197,102.0,106.1,-4.1,0.115,0.048
202323,Evan Turner,BOS,26.0,82,27.6,9.5,5.1,5.5,1.0,0.2,2.4,0.429,0.277,0.752,0.488,-1.2,2015,0.482,0.193,101.9,103.7,-1.8,0.302,0.089
203105,Festus Ezeli,GSW,25.0,46,10.9,4.4,3.4,0.2,0.2,0.9,0.7,0.547,0.0,0.628,0.848,0.3,2015,0.58,0.173,101.2,99.8,1.4,0.028,0.141
101128,Francisco Garcia,HOU,33.0,14,14.3,3.2,1.2,1.1,0.6,0.4,0.7,0.27,0.222,0.25,0.714,-0.7,2015,0.347,0.163,97.0,98.0,-1.0,0.128,0.04
203128,Furkan Aldemir,PHI,23.0,41,13.2,2.3,4.3,0.7,0.4,0.4,0.4,0.513,0.0,0.481,0.22,-2.5,2015,0.517,0.083,98.5,106.8,-8.2,0.079,0.155
202066,Garrett Temple,WAS,29.0,52,14.1,3.9,1.7,1.1,0.8,0.2,0.7,0.4,0.375,0.729,0.538,-0.9,2015,0.534,0.136,96.3,98.0,-1.7,0.119,0.059
203914,Gary Harris,DEN,20.0,55,13.1,3.4,1.2,0.5,0.7,0.1,0.7,0.304,0.204,0.745,0.327,-3.1,2015,0.395,0.16,95.3,105.9,-10.7,0.061,0.042
202390,Gary Neal,MIN,30.0,54,22.1,10.1,2.4,1.9,0.4,0.0,1.2,0.374,0.305,0.867,0.444,-1.9,2015,0.483,0.231,98.1,104.0,-6.0,0.152,0.053
201588,George Hill,IND,29.0,43,29.5,16.1,4.2,5.1,1.0,0.3,1.6,0.477,0.358,0.79,0.605,3.7,2015,0.579,0.24,107.5,101.4,6.2,0.304,0.07
101123,Gerald Green,PHX,29.0,74,19.5,11.9,2.5,1.2,0.6,0.2,1.4,0.416,0.354,0.825,0.459,0.0,2015,0.532,0.277,106.2,106.1,0.1,0.11,0.063
201945,Gerald Henderson,CHA,27.0,80,28.9,12.1,3.4,2.6,0.6,0.3,1.4,0.437,0.331,0.848,0.4,-0.4,2015,0.514,0.207,100.2,100.6,-0.4,0.152,0.058
2222,Gerald Wallace,BOS,32.0,32,8.9,1.1,1.8,0.3,0.5,0.1,0.6,0.412,0.333,0.4,0.469,0.9,2015,0.431,0.088,106.1,100.7,5.4,0.05,0.099
203507,Giannis Antetokounmpo,MIL,20.0,81,31.4,12.7,6.7,2.6,0.9,1.0,2.1,0.491,0.159,0.741,0.506,0.1,2015,0.552,0.193,101.6,101.1,0.6,0.133,0.11
203540,Gigi Datome,BOS,27.0,21,10.0,5.0,1.4,0.4,0.1,0.3,0.4,0.483,0.45,1.0,0.524,3.2,2015,0.587,0.201,106.2,91.6,14.6,0.073,0.064
201175,Glen Davis,LAC,29.0,74,12.2,4.0,2.3,0.5,0.6,0.3,0.5,0.459,0.0,0.632,0.703,-1.1,2015,0.495,0.168,95.0,98.9,-3.9,0.073,0.09
203922,Glenn Robinson III,PHI,21.0,35,7.5,2.1,1.1,0.3,0.2,0.0,0.3,0.388,0.263,0.667,0.057,0.8,2015,0.471,0.143,106.7,100.4,6.3,0.064,0.073
201609,Goran Dragic,MIA,29.0,78,33.8,16.3,3.5,4.5,1.0,0.2,2.2,0.501,0.347,0.774,0.526,0.3,2015,0.577,0.211,105.6,105.7,-0.1,0.212,0.052
202330,Gordon Hayward,UTA,25.0,76,34.4,19.3,4.9,4.1,1.4,0.4,2.7,0.445,0.364,0.812,0.461,1.4,2015,0.567,0.257,105.8,103.9,1.9,0.211,0.072
203476,Gorgui Dieng,MIN,25.0,73,30.0,9.7,8.3,2.0,1.0,1.7,1.7,0.506,0.167,0.783,0.219,-5.2,2015,0.573,0.149,100.6,109.0,-8.4,0.105,0.142
202328,Greg Monroe,DET,25.0,69,31.0,15.9,10.2,2.1,1.1,0.5,2.2,0.496,0.0,0.75,0.362,-0.3,2015,0.549,0.234,103.0,103.7,-0.7,0.119,0.16
202962,Greg Smith,DAL,24.0,42,8.6,1.9,1.9,0.2,0.2,0.3,0.3,0.612,0.0,0.513,0.643,-0.6,2015,0.605,0.096,93.0,96.4,-3.4,0.039,0.1
202349,Greivis Vasquez,TOR,28.0,82,24.3,9.5,2.6,3.7,0.6,0.1,1.5,0.408,0.379,0.758,0.598,0.9,2015,0.514,0.196,107.2,105.5,1.6,0.247,0.055
203084,Harrison Barnes,GSW,23.0,82,28.3,10.1,5.5,1.4,0.7,0.2,0.9,0.482,0.405,0.72,0.817,6.5,2015,0.573,0.147,110.0,98.4,11.6,0.068,0.094
202355,Hassan Whiteside,MIA,26.0,48,23.8,11.8,10.0,0.1,0.6,2.6,1.2,0.628,0.0,0.5,0.375,-1.2,2015,0.619,0.202,104.7,106.8,-2.1,0.009,0.216
2045,Hedo Turkoglu,LAC,36.0,62,11.4,3.7,1.6,0.6,0.3,0.1,0.5,0.441,0.432,0.545,0.677,0.2,2015,0.602,0.142,103.8,102.1,1.7,0.08,0.071
203156,Henry Sims,PHI,25.0,73,19.2,8.0,4.9,1.1,0.5,0.4,1.4,0.474,0.182,0.774,0.192,-4.5,2015,0.521,0.2,90.7,102.9,-12.2,0.109,0.123
201611,Henry Walker,MIA,27.0,24,26.1,7.3,3.4,1.2,1.0,0.4,1.0,0.345,0.341,0.778,0.5,0.0,2015,0.497,0.142,101.4,101.0,0.3,0.071,0.066
203138,Hollis Thompson,PHI,24.0,71,25.0,8.8,2.8,1.2,0.8,0.4,0.9,0.413,0.401,0.708,0.183,-4.8,2015,0.538,0.154,93.7,103.3,-9.6,0.083,0.053
101133,Ian Mahinmi,IND,28.0,61,18.8,4.3,5.8,0.5,0.5,0.8,1.0,0.552,0.0,0.304,0.459,-0.1,2015,0.516,0.122,100.5,99.2,1.4,0.045,0.153
202697,Iman Shumpert,CLE,25.0,62,24.9,8.0,3.6,2.2,1.3,0.3,1.5,0.41,0.342,0.672,0.548,1.0,2015,0.497,0.172,105.7,103.2,2.6,0.137,0.073
203477,Isaiah Canaan,PHI,24.0,47,20.0,9.2,1.9,2.1,0.6,0.1,1.3,0.386,0.37,0.817,0.511,-1.3,2015,0.534,0.211,97.1,100.8,-3.7,0.189,0.044
202738,Isaiah Thomas,BOS,26.0,67,25.8,16.4,2.3,4.2,0.9,0.1,2.1,0.421,0.373,0.868,0.597,2.6,2015,0.58,0.271,108.8,104.0,4.8,0.269,0.043
202397,Ish Smith,PHI,26.0,55,15.1,6.1,1.8,3.3,0.7,0.1,1.4,0.39,0.3,0.596,0.436,-1.9,2015,0.431,0.236,94.5,100.7,-6.2,0.388,0.056
200826,J.J. Barea,DAL,31.0,77,17.7,7.5,1.7,3.4,0.4,0.0,0.9,0.42,0.323,0.809,0.636,1.6,2015,0.502,0.209,108.0,103.0,4.9,0.295,0.049
201581,JJ Hickson,DEN,26.0,73,19.3,7.6,6.2,0.8,0.5,0.5,1.3,0.475,0.0,0.577,0.356,-3.2,2015,0.504,0.197,98.2,105.8,-7.6,0.069,0.152
200755,JJ Redick,LAC,31.0,78,30.9,16.4,2.1,1.8,0.5,0.1,1.2,0.477,0.437,0.901,0.705,8.0,2015,0.622,0.201,114.7,102.4,12.3,0.085,0.035
2747,JR Smith,CLE,29.0,70,29.7,12.1,3.1,2.8,1.2,0.3,1.4,0.417,0.383,0.75,0.543,2.3,2015,0.538,0.188,108.6,105.0,3.6,0.145,0.053
203960,JaKarr Sampson,PHI,22.0,74,15.3,5.2,2.2,1.0,0.5,0.4,1.0,0.422,0.244,0.67,0.23,-4.5,2015,0.498,0.173,91.8,104.0,-12.2,0.121,0.068
201580,JaVale McGee,DEN,27.0,23,11.1,4.6,2.7,0.1,0.1,0.9,0.8,0.532,0.0,0.667,0.348,-3.0,2015,0.567,0.187,97.4,109.3,-11.9,0.021,0.113
203913,Jabari Brown,LAL,22.0,19,29.9,11.9,1.9,2.1,0.6,0.1,1.7,0.412,0.371,0.753,0.211,-6.7,2015,0.547,0.183,100.9,111.7,-10.8,0.113,0.032
203953,Jabari Parker,MIL,20.0,25,29.5,12.3,5.5,1.7,1.2,0.2,1.9,0.49,0.25,0.697,0.52,-4.6,2015,0.527,0.202,99.6,106.4,-6.8,0.095,0.095
203109,Jae Crowder,BOS,24.0,82,20.1,7.7,3.6,1.1,0.9,0.3,0.6,0.42,0.293,0.773,0.573,0.9,2015,0.517,0.169,105.8,103.0,2.8,0.087,0.085
2037,Jamal Crawford,LAC,35.0,64,26.6,15.8,1.9,2.5,0.9,0.2,1.4,0.396,0.327,0.901,0.688,1.3,2015,0.532,0.27,107.9,106.3,1.6,0.16,0.036
2749,Jameer Nelson,DEN,33.0,63,22.3,8.3,2.3,4.0,0.7,0.1,1.7,0.407,0.345,0.667,0.397,-0.2,2015,0.503,0.195,104.4,105.0,-0.6,0.278,0.051
203516,James Ennis III,MIA,24.0,62,17.0,5.0,2.8,0.8,0.4,0.3,0.6,0.409,0.326,0.84,0.435,-0.1,2015,0.541,0.142,100.0,100.2,-0.2,0.074,0.086
201935,James Harden,HOU,25.0,81,36.8,27.4,5.7,7.0,1.9,0.7,4.0,0.44,0.375,0.868,0.691,4.1,2015,0.605,0.308,109.2,103.5,5.7,0.34,0.075
201949,James Johnson,TOR,28.0,70,19.6,7.9,3.7,1.4,0.8,1.0,1.1,0.589,0.216,0.657,0.571,2.1,2015,0.617,0.17,109.5,103.1,6.4,0.114,0.094
2592,James Jones,CLE,34.0,57,11.7,4.4,1.1,0.4,0.2,0.1,0.2,0.368,0.36,0.848,0.614,-1.9,2015,0.565,0.153,101.7,110.6,-8.9,0.059,0.047
203923,James Young,BOS,19.0,31,10.7,3.4,1.4,0.4,0.3,0.1,0.2,0.353,0.258,0.552,0.452,0.2,2015,0.457,0.149,103.5,103.5,0.0,0.059,0.059
201162,Jared Dudley,MIL,29.0,72,23.8,7.2,3.1,1.8,1.0,0.2,0.9,0.468,0.385,0.716,0.542,1.5,2015,0.572,0.135,100.6,97.5,3.2,0.115,0.065
203096,Jared Sullinger,BOS,23.0,58,27.0,13.3,7.6,2.3,0.8,0.7,1.3,0.439,0.283,0.744,0.448,-0.4,2015,0.503,0.231,101.9,103.2,-1.3,0.14,0.137
101127,Jarrett Jack,BKN,31.0,80,28.0,12.0,3.1,4.7,0.9,0.2,2.4,0.439,0.267,0.881,0.45,-3.9,2015,0.522,0.222,99.4,106.9,-7.5,0.286,0.054
101131,Jason Maxiell,CHA,32.0,61,14.4,3.3,3.3,0.3,0.3,0.7,0.5,0.422,0.0,0.577,0.361,-2.5,2015,0.455,0.125,93.5,102.3,-8.8,0.036,0.107
2202,Jason Richardson,PHI,34.0,19,21.9,9.1,3.5,2.0,0.7,0.2,0.8,0.348,0.323,0.773,0.211,-3.7,2015,0.458,0.213,92.8,101.4,-8.7,0.171,0.072
201160,Jason Smith,NYK,29.0,82,21.8,8.0,4.0,1.7,0.4,0.5,1.3,0.434,0.357,0.83,0.207,-5.2,2015,0.497,0.193,98.0,110.8,-12.8,0.134,0.092
1891,Jason Terry,HOU,37.0,77,21.3,7.0,1.6,1.9,0.9,0.2,1.0,0.422,0.39,0.813,0.688,1.8,2015,0.579,0.137,103.0,99.4,3.7,0.139,0.035
201574,Jason Thompson,SAC,28.0,81,24.6,6.1,6.5,1.0,0.4,0.7,1.0,0.47,0.0,0.622,0.358,-2.3,2015,0.5,0.128,103.1,107.5,-4.4,0.063,0.135
202399,Jeff Adrien,HOU,29.0,17,12.7,3.5,4.5,0.9,0.2,0.5,0.5,0.432,0.0,0.579,0.059,-0.8,2015,0.494,0.134,100.0,101.6,-1.6,0.104,0.163
201965,Jeff Ayres,SAS,28.0,51,7.5,2.7,2.3,0.3,0.2,0.2,0.5,0.579,0.0,0.75,0.647,-1.1,2015,0.618,0.153,98.6,106.9,-8.3,0.061,0.155
201145,Jeff Green,MEM,28.0,78,31.5,15.0,4.2,1.7,0.7,0.4,1.4,0.43,0.332,0.833,0.526,-1.7,2015,0.534,0.217,101.3,104.4,-3.1,0.089,0.067
201952,Jeff Teague,ATL,27.0,73,30.5,15.9,2.5,7.0,1.7,0.4,2.8,0.46,0.343,0.862,0.726,5.3,2015,0.566,0.247,109.4,101.1,8.3,0.367,0.042
203481,Jeff Withey,NOP,25.0,37,7.0,2.6,1.7,0.3,0.1,0.5,0.3,0.5,0.0,0.68,0.459,-1.1,2015,0.57,0.171,101.4,108.5,-7.1,0.07,0.129
203106,Jeffery Taylor,CHA,26.0,29,14.8,4.4,1.8,0.8,0.4,0.0,0.7,0.395,0.306,0.634,0.379,-4.4,2015,0.481,0.161,90.4,105.9,-15.4,0.093,0.059
203924,Jerami Grant,PHI,21.0,65,21.2,6.3,3.0,1.2,0.6,1.0,1.3,0.352,0.314,0.591,0.277,-2.7,2015,0.47,0.162,94.9,100.1,-5.2,0.095,0.068
202379,Jeremy Evans,UTA,27.0,38,7.0,2.4,1.9,0.3,0.3,0.3,0.1,0.552,0.4,0.828,0.5,0.8,2015,0.636,0.125,100.8,93.5,7.2,0.084,0.128
203087,Jeremy Lamb,OKC,23.0,47,13.5,6.3,2.3,0.9,0.4,0.1,0.6,0.416,0.342,0.891,0.574,-1.5,2015,0.538,0.212,97.6,104.1,-6.5,0.125,0.08
202391,Jeremy Lin,LAL,26.0,74,25.8,11.2,2.6,4.6,1.1,0.4,2.2,0.424,0.369,0.795,0.257,-3.4,2015,0.539,0.215,102.1,108.7,-6.6,0.279,0.051
202366,Jerome Jordan,BKN,28.0,44,8.7,3.1,2.4,0.3,0.2,0.3,0.5,0.532,0.0,0.864,0.386,-1.7,2015,0.609,0.153,94.2,103.7,-9.6,0.06,0.132
201573,Jerryd Bayless,MIL,26.0,77,22.3,7.8,2.7,3.0,0.8,0.2,1.7,0.426,0.308,0.883,0.506,-0.2,2015,0.519,0.185,99.5,99.5,0.0,0.221,0.062
202690,Jimmer Fredette,NOP,26.0,50,10.2,3.6,0.8,1.2,0.3,0.0,0.7,0.38,0.188,0.956,0.54,0.8,2015,0.479,0.182,107.3,102.9,4.4,0.171,0.038
202710,Jimmy Butler III,CHI,25.0,65,38.7,20.0,5.8,3.3,1.8,0.6,1.4,0.462,0.378,0.834,0.615,3.7,2015,0.583,0.213,107.4,102.7,4.6,0.142,0.073
201149,Joakim Noah,CHI,30.0,67,30.6,7.2,9.6,4.7,0.7,1.1,1.8,0.445,0.0,0.603,0.582,1.2,2015,0.482,0.135,104.4,102.3,2.0,0.227,0.153
201975,Jodie Meeks,DET,27.0,60,24.4,11.1,1.7,1.3,1.0,0.1,1.0,0.416,0.349,0.906,0.483,-1.6,2015,0.548,0.196,101.2,105.5,-4.3,0.091,0.034
203925,Joe Harris,CLE,23.0,51,9.7,2.7,0.8,0.5,0.1,0.0,0.5,0.4,0.369,0.6,0.627,-2.0,2015,0.537,0.137,100.8,111.6,-10.7,0.083,0.042
204060,Joe Ingles,UTA,27.0,79,21.2,5.0,2.2,2.3,0.9,0.1,1.2,0.415,0.356,0.75,0.456,-0.6,2015,0.533,0.126,100.0,102.3,-2.2,0.171,0.054
2207,Joe Johnson,BKN,34.0,80,34.9,14.4,4.8,3.7,0.7,0.2,1.7,0.435,0.359,0.801,0.475,-1.5,2015,0.523,0.203,104.6,107.0,-2.5,0.169,0.071
201202,Joel Anthony,DET,32.0,49,8.3,1.8,1.9,0.1,0.2,1.0,0.2,0.581,0.0,0.682,0.51,0.2,2015,0.607,0.091,98.4,96.5,1.9,0.019,0.107
200777,Joel Freeland,POR,28.0,48,12.8,3.5,4.0,0.3,0.2,0.5,0.5,0.49,0.0,0.84,0.708,1.3,2015,0.522,0.131,102.8,96.4,6.4,0.039,0.149
201595,Joey Dorsey,HOU,31.0,69,12.4,2.7,4.0,0.4,0.6,0.4,0.6,0.552,0.0,0.289,0.696,0.2,2015,0.507,0.109,103.5,101.8,1.7,0.043,0.154
203530,Joffrey Lauvergne,DEN,23.0,24,11.2,3.9,3.2,0.5,0.3,0.4,0.9,0.404,0.188,0.643,0.375,-4.7,2015,0.459,0.185,89.7,108.8,-19.1,0.09,0.133
203089,John Henson,MIL,24.0,67,18.3,7.0,4.7,0.9,0.4,2.0,1.3,0.566,0.0,0.569,0.522,-1.1,2015,0.578,0.181,96.5,98.6,-2.1,0.084,0.126
203098,John Jenkins,ATL,24.0,24,12.4,5.6,1.6,0.5,0.4,0.0,0.3,0.495,0.404,0.842,0.542,-1.0,2015,0.629,0.169,94.4,97.9,-3.5,0.081,0.061
101249,John Lucas III,DET,32.0,21,12.9,4.7,0.8,2.9,0.4,0.0,0.8,0.404,0.31,1.0,0.381,-2.2,2015,0.461,0.205,96.1,105.5,-9.4,0.392,0.03
2422,John Salmons,NOP,35.0,21,12.8,2.0,1.0,0.6,0.4,0.2,0.2,0.333,0.308,0.5,0.429,-3.0,2015,0.422,0.09,96.4,107.5,-11.2,0.078,0.038
202322,John Wall,WAS,24.0,79,35.9,17.6,4.6,10.0,1.7,0.6,3.8,0.445,0.3,0.785,0.57,3.5,2015,0.523,0.253,104.4,99.6,4.8,0.446,0.064
203948,Johnny O'Bryant III,MIL,22.0,34,10.8,2.9,1.9,0.5,0.1,0.1,0.7,0.367,0.0,0.444,0.5,-2.9,2015,0.379,0.188,90.5,103.3,-12.8,0.076,0.089
202720,Jon Leuer,MEM,26.0,63,13.1,4.5,3.3,0.7,0.3,0.1,0.6,0.443,0.241,0.627,0.714,-0.4,2015,0.478,0.181,96.3,97.4,-1.1,0.091,0.124
201973,Jonas Jerebko,BOS,28.0,75,16.4,6.0,3.8,0.9,0.6,0.2,0.6,0.446,0.386,0.848,0.493,1.9,2015,0.549,0.16,105.3,99.2,6.0,0.091,0.112
202685,Jonas Valančiūnas,TOR,23.0,80,26.2,12.0,8.7,0.5,0.4,1.2,1.4,0.572,0.0,0.786,0.588,-0.3,2015,0.623,0.192,106.2,106.9,-0.7,0.031,0.168
203919,Jordan Adams,MEM,20.0,30,8.3,3.1,0.9,0.5,0.5,0.2,0.5,0.407,0.4,0.609,0.467,0.6,2015,0.489,0.186,101.4,97.8,3.6,0.101,0.055
203903,Jordan Clarkson,LAL,23.0,59,25.0,11.9,3.2,3.5,0.9,0.2,1.6,0.448,0.314,0.829,0.186,-4.1,2015,0.528,0.23,100.8,109.1,-8.3,0.243,0.065
200770,Jordan Farmar,LAC,28.0,36,14.7,4.6,1.2,1.9,0.6,0.1,0.9,0.386,0.361,0.909,0.639,-1.2,2015,0.513,0.166,97.1,101.1,-4.0,0.213,0.04
201941,Jordan Hill,LAL,27.0,70,26.8,12.0,7.9,1.5,0.5,0.7,1.5,0.459,0.273,0.738,0.271,-5.7,2015,0.494,0.222,99.3,110.0,-10.7,0.096,0.144
101181,Jose Calderon,NYK,33.0,42,30.2,9.1,3.0,4.7,0.7,0.0,1.8,0.415,0.415,0.906,0.167,-8.1,2015,0.519,0.158,98.1,111.7,-13.6,0.251,0.05
201177,Josh McRoberts,MIA,28.0,17,17.4,4.2,2.6,1.9,0.7,0.2,1.3,0.528,0.421,0.615,0.471,1.9,2015,0.613,0.129,103.6,97.5,6.1,0.168,0.085
2746,Josh Smith,HOU,29.0,83,27.7,12.4,6.4,3.3,1.0,1.4,2.5,0.419,0.316,0.498,0.494,0.2,2015,0.467,0.242,102.6,102.0,0.7,0.207,0.107
201950,Jrue Holiday,NOP,25.0,40,32.6,14.8,3.4,6.9,1.6,0.6,2.3,0.446,0.378,0.855,0.5,2.5,2015,0.522,0.224,109.9,105.9,4.0,0.322,0.053
203120,Justin Hamilton,MIN,25.0,41,17.4,5.3,3.3,0.9,0.7,0.7,0.6,0.478,0.323,0.83,0.146,-4.3,2015,0.551,0.144,97.6,110.7,-13.0,0.09,0.098
203200,Justin Holiday,GSW,26.0,59,11.1,4.3,1.2,0.8,0.7,0.2,0.5,0.387,0.321,0.822,0.831,-0.2,2015,0.498,0.182,99.1,99.4,-0.4,0.114,0.051
203994,Jusuf Nurkić,DEN,20.0,62,17.8,6.9,6.2,0.8,0.8,1.1,1.4,0.446,0.0,0.636,0.339,-0.1,2015,0.483,0.203,102.2,101.7,0.5,0.072,0.162
203909,KJ McDaniels,HOU,22.0,62,21.8,7.9,3.2,1.2,0.7,1.1,1.7,0.396,0.287,0.752,0.306,-4.2,2015,0.494,0.188,91.7,100.4,-8.7,0.095,0.069
202695,Kawhi Leonard,SAS,24.0,64,31.8,16.5,7.2,2.5,2.3,0.8,1.5,0.479,0.349,0.802,0.719,6.9,2015,0.567,0.227,109.7,98.3,11.4,0.124,0.115
203482,Kelly Olynyk,BOS,24.0,64,22.2,10.3,4.7,1.7,1.0,0.6,1.5,0.475,0.349,0.684,0.484,3.6,2015,0.558,0.206,105.5,98.9,6.6,0.115,0.103
202689,Kemba Walker,CHA,25.0,62,34.2,17.3,3.5,5.1,1.4,0.5,1.6,0.385,0.304,0.827,0.339,-3.0,2015,0.486,0.254,99.4,104.2,-4.7,0.272,0.05
203088,Kendall Marshall,MIL,23.0,28,14.9,4.2,1.0,3.1,0.8,0.0,1.3,0.455,0.391,0.889,0.464,2.0,2015,0.562,0.155,106.3,99.6,6.7,0.301,0.037
2570,Kendrick Perkins,CLE,30.0,68,16.9,3.6,4.7,0.8,0.2,0.6,1.4,0.449,0.0,0.506,0.559,0.3,2015,0.467,0.136,100.9,100.0,0.9,0.065,0.134
202702,Kenneth Faried,DEN,25.0,75,27.8,12.6,8.9,1.2,0.8,0.8,1.6,0.507,0.125,0.691,0.4,-0.5,2015,0.548,0.199,107.2,107.8,-0.6,0.067,0.156
203145,Kent Bazemore,ATL,25.0,75,17.6,5.2,3.0,1.0,0.7,0.4,1.0,0.426,0.364,0.6,0.707,-1.3,2015,0.52,0.151,99.8,102.2,-2.4,0.093,0.082
203484,Kentavious Caldwell-Pope,DET,22.0,82,31.5,12.7,3.1,1.3,1.1,0.2,1.1,0.401,0.345,0.696,0.39,0.9,2015,0.501,0.19,106.2,104.8,1.4,0.065,0.048
201142,Kevin Durant,OKC,26.0,27,33.8,25.4,6.6,4.1,0.9,0.9,2.7,0.51,0.403,0.854,0.667,6.2,2015,0.633,0.28,109.5,101.0,8.5,0.213,0.092
708,Kevin Garnett,MIN,39.0,47,20.3,6.9,6.6,1.6,1.0,0.4,1.0,0.467,0.143,0.8,0.426,-0.5,2015,0.496,0.179,101.9,102.6,-0.6,0.131,0.173
201567,Kevin Love,CLE,26.0,75,33.8,16.4,9.7,2.2,0.7,0.5,1.6,0.434,0.367,0.804,0.667,5.3,2015,0.562,0.214,111.1,103.6,7.5,0.104,0.148
2755,Kevin Martin,MIN,32.0,39,33.4,20.0,3.6,2.3,0.8,0.0,1.9,0.427,0.393,0.881,0.282,-6.5,2015,0.549,0.262,102.1,112.2,-10.1,0.123,0.055
202338,Kevin Seraphin,WAS,25.0,79,15.6,6.6,3.6,0.7,0.1,0.7,1.2,0.513,0.0,0.707,0.57,-2.0,2015,0.535,0.216,99.0,104.6,-5.7,0.085,0.118
203114,Khris Middleton,MIL,23.0,79,30.1,13.4,4.4,2.3,1.5,0.1,1.4,0.467,0.407,0.859,0.506,4.1,2015,0.563,0.194,103.9,96.7,7.2,0.123,0.073
2550,Kirk Hinrich,CHI,34.0,66,24.4,5.7,1.8,2.2,0.7,0.2,1.1,0.373,0.345,0.7,0.561,0.6,2015,0.468,0.129,103.4,102.0,1.4,0.143,0.036
202691,Klay Thompson,GSW,25.0,77,31.9,21.7,3.2,2.9,1.1,0.8,1.9,0.463,0.439,0.879,0.831,10.1,2015,0.591,0.272,114.1,98.9,15.2,0.137,0.049
977,Kobe Bryant,LAL,36.0,35,34.5,22.3,5.7,5.6,1.3,0.2,3.7,0.373,0.293,0.813,0.286,-8.4,2015,0.477,0.337,102.1,113.9,-11.9,0.3,0.08
201585,Kosta Koufos,MEM,26.0,81,16.6,5.2,5.3,0.5,0.4,0.8,0.9,0.508,0.0,0.647,0.679,1.2,2015,0.53,0.154,98.5,94.2,4.3,0.044,0.153
203123,Kostas Papanikolaou,HOU,24.0,43,18.5,4.2,2.7,2.0,0.7,0.3,1.3,0.35,0.292,0.722,0.674,-0.9,2015,0.444,0.14,99.1,102.1,-3.0,0.166,0.072
2743,Kris Humphries,WAS,30.0,64,21.0,8.0,6.5,0.9,0.5,0.4,0.7,0.473,0.0,0.744,0.578,-1.4,2015,0.512,0.181,99.9,102.4,-2.5,0.068,0.153
203937,Kyle Anderson,SAS,21.0,33,10.9,2.2,2.2,0.8,0.5,0.2,0.3,0.348,0.273,0.643,0.667,-1.1,2015,0.389,0.13,100.1,105.5,-5.3,0.116,0.105
2594,Kyle Korver,ATL,34.0,75,32.2,12.1,4.1,2.6,0.7,0.6,1.4,0.487,0.492,0.898,0.773,8.3,2015,0.699,0.139,111.6,99.3,12.3,0.111,0.065
200768,Kyle Lowry,TOR,29.0,70,34.5,17.8,4.7,6.8,1.6,0.2,2.5,0.412,0.338,0.808,0.614,2.9,2015,0.527,0.246,109.5,105.4,4.1,0.312,0.068
203124,Kyle O'Quinn,ORL,25.0,51,16.2,5.8,3.9,1.2,0.6,0.8,1.1,0.492,0.279,0.772,0.294,-2.4,2015,0.55,0.179,95.2,101.9,-6.7,0.119,0.123
202713,Kyle Singler,OKC,27.0,80,21.8,6.0,2.4,1.1,0.6,0.3,0.7,0.386,0.398,0.769,0.45,-1.2,2015,0.512,0.129,104.5,106.6,-2.0,0.071,0.053
202681,Kyrie Irving,CLE,23.0,75,36.4,21.7,3.2,5.2,1.5,0.3,2.5,0.468,0.415,0.863,0.693,5.6,2015,0.583,0.255,112.4,104.8,7.7,0.236,0.044
200746,LaMarcus Aldridge,POR,29.0,71,35.4,23.4,10.2,1.7,0.7,1.0,1.7,0.466,0.352,0.845,0.676,4.8,2015,0.528,0.297,109.9,103.4,6.6,0.089,0.14
202362,Lance Stephenson,CHA,24.0,61,25.8,8.2,4.5,3.9,0.6,0.1,2.1,0.376,0.171,0.627,0.377,-3.6,2015,0.419,0.206,95.6,102.5,-6.9,0.259,0.085
202498,Lance Thomas,NYK,27.0,62,24.0,7.1,3.1,1.1,0.6,0.1,1.2,0.412,0.318,0.727,0.323,-5.5,2015,0.456,0.169,95.9,107.0,-11.1,0.079,0.065
202361,Landry Fields,TOR,27.0,26,8.3,1.8,1.0,0.6,0.4,0.0,0.3,0.488,0.5,0.833,0.615,-3.0,2015,0.527,0.105,90.7,110.2,-19.5,0.112,0.062
204038,Langston Galloway,NYK,23.0,45,32.4,11.8,4.2,3.3,1.2,0.3,1.4,0.399,0.352,0.808,0.267,-6.0,2015,0.489,0.187,97.3,106.6,-9.4,0.175,0.065
203580,Larry Drew II,PHI,25.0,12,18.3,3.8,1.3,3.8,0.5,0.0,2.1,0.345,0.154,0.667,0.333,-6.1,2015,0.388,0.168,87.0,104.1,-17.1,0.381,0.034
202336,Larry Sanders,MIL,26.0,27,21.7,7.3,6.1,0.9,1.0,1.4,1.0,0.5,0.0,0.5,0.444,-3.3,2015,0.507,0.166,96.3,101.3,-5.0,0.065,0.138
202730,Lavoy Allen,IND,26.0,63,17.0,5.0,5.1,1.2,0.2,0.7,0.6,0.472,0.0,0.702,0.46,1.4,2015,0.493,0.147,103.4,99.3,4.1,0.107,0.146
2544,LeBron James,CLE,30.0,69,36.1,25.3,6.0,7.4,1.6,0.7,3.9,0.488,0.354,0.71,0.725,7.8,2015,0.577,0.318,113.8,102.8,10.9,0.366,0.086
2571,Leandro Barbosa,GSW,32.0,66,14.9,7.1,1.4,1.5,0.6,0.1,0.7,0.474,0.384,0.784,0.818,-0.1,2015,0.558,0.2,102.3,101.7,0.6,0.162,0.044
203485,Lorenzo Brown,MIN,24.0,29,18.9,4.2,2.4,3.1,1.0,0.2,1.0,0.426,0.214,0.632,0.207,-3.2,2015,0.468,0.133,104.3,111.5,-7.2,0.257,0.07
200811,Lou Amundson,NYK,32.0,53,17.7,4.9,5.1,1.3,0.4,1.0,1.2,0.427,0.0,0.471,0.321,-2.8,2015,0.442,0.173,96.7,103.6,-7.0,0.118,0.143
101150,Lou Williams,TOR,28.0,80,25.2,15.5,1.9,2.1,1.1,0.1,1.3,0.404,0.34,0.861,0.6,3.7,2015,0.564,0.257,111.9,105.3,6.6,0.136,0.038
201601,Luc Mbah a Moute,PHI,28.0,67,28.6,9.9,4.9,1.6,1.2,0.3,1.5,0.395,0.307,0.589,0.239,-5.4,2015,0.466,0.185,91.8,101.3,-9.5,0.101,0.082
2449,Luis Scola,IND,35.0,81,20.5,9.4,6.5,1.3,0.6,0.2,1.2,0.467,0.25,0.699,0.457,0.4,2015,0.515,0.221,101.4,100.5,0.9,0.11,0.156
202337,Luke Babbitt,NOP,26.0,63,13.2,4.1,1.8,0.4,0.3,0.2,0.4,0.479,0.513,0.684,0.54,-1.6,2015,0.639,0.122,101.3,107.5,-6.2,0.044,0.067
2557,Luke Ridnour,ORL,34.0,47,14.5,4.0,1.4,2.0,0.4,0.1,0.8,0.426,0.317,0.857,0.277,-2.7,2015,0.507,0.145,95.3,105.6,-10.3,0.22,0.05
2736,Luol Deng,MIA,30.0,72,33.6,14.0,5.2,1.9,0.9,0.3,1.5,0.469,0.355,0.761,0.458,-0.1,2015,0.561,0.192,106.3,107.0,-0.7,0.094,0.082
1938,Manu Ginobili,SAS,37.0,70,22.7,10.5,3.0,4.2,1.0,0.3,2.2,0.426,0.345,0.721,0.671,4.5,2015,0.544,0.231,106.1,96.4,9.8,0.29,0.067
201188,Marc Gasol,MEM,30.0,81,33.2,17.4,7.8,3.8,0.9,1.6,2.2,0.494,0.176,0.795,0.679,2.8,2015,0.558,0.245,106.6,102.7,3.9,0.193,0.123
101162,Marcin Gortat,WAS,31.0,82,29.9,12.2,8.7,1.2,0.6,1.3,1.2,0.566,0.0,0.703,0.561,3.1,2015,0.587,0.173,104.2,99.1,5.1,0.062,0.145
201158,Marco Belinelli,SAS,29.0,62,22.4,9.2,2.5,1.5,0.5,0.0,1.0,0.423,0.374,0.848,0.661,0.0,2015,0.553,0.186,105.3,104.8,0.5,0.105,0.058
202694,Marcus Morris Sr.,PHX,25.0,81,25.2,10.4,4.8,1.6,0.8,0.2,0.9,0.434,0.358,0.628,0.481,-0.8,2015,0.52,0.188,104.6,106.0,-1.3,0.1,0.092
203935,Marcus Smart,BOS,21.0,67,27.0,7.8,3.3,3.1,1.5,0.3,1.3,0.367,0.335,0.646,0.522,0.8,2015,0.491,0.149,104.7,101.4,3.4,0.161,0.06
201977,Marcus Thornton,PHX,28.0,48,15.0,7.9,1.8,0.8,0.6,0.1,0.6,0.406,0.378,0.821,0.396,-0.1,2015,0.514,0.228,100.1,101.7,-1.6,0.087,0.057
201596,Mario Chalmers,MIA,29.0,80,29.6,10.2,2.6,3.8,1.5,0.1,2.2,0.403,0.294,0.774,0.45,-1.8,2015,0.521,0.183,100.4,104.0,-3.6,0.216,0.046
203900,Markel Brown,BKN,23.0,47,16.6,4.6,2.3,0.8,0.7,0.3,0.6,0.362,0.266,0.825,0.489,-0.5,2015,0.459,0.147,104.8,106.4,-1.5,0.07,0.069
202693,Markieff Morris,PHX,25.0,82,31.5,15.3,6.2,2.3,1.2,0.5,2.1,0.465,0.318,0.763,0.476,1.3,2015,0.523,0.232,104.6,102.6,2.0,0.12,0.097
201578,Marreese Speights,GSW,27.0,76,15.9,10.4,4.3,0.9,0.3,0.4,1.1,0.492,0.278,0.843,0.816,2.4,2015,0.546,0.281,108.7,101.2,7.4,0.098,0.131
101110,Martell Webster,WAS,28.0,32,11.0,3.3,1.4,0.5,0.2,0.0,0.7,0.264,0.233,0.75,0.375,-4.2,2015,0.445,0.174,89.0,108.6,-19.7,0.081,0.064
101107,Marvin Williams,CHA,29.0,78,26.1,7.4,4.9,1.3,0.9,0.5,0.8,0.424,0.358,0.713,0.41,-2.0,2015,0.541,0.131,98.2,102.7,-4.5,0.078,0.092
203486,Mason Plumlee,BKN,25.0,82,21.3,8.7,6.2,0.9,0.8,0.8,1.3,0.573,0.0,0.495,0.463,-2.2,2015,0.57,0.192,102.0,106.6,-4.6,0.069,0.151
2440,Matt Barnes,LAC,35.0,76,29.9,10.1,4.0,1.5,0.9,0.7,1.1,0.444,0.362,0.779,0.671,6.9,2015,0.574,0.145,115.2,103.3,11.9,0.067,0.067
2588,Matt Bonner,SAS,35.0,72,13.0,3.7,1.6,0.7,0.1,0.2,0.2,0.409,0.365,0.811,0.681,0.5,2015,0.536,0.123,103.9,102.4,1.5,0.074,0.062
203521,Matthew Dellavedova,CLE,24.0,67,20.6,4.8,1.9,3.0,0.4,0.0,0.9,0.362,0.407,0.763,0.642,0.6,2015,0.493,0.125,104.7,103.0,1.7,0.228,0.046
203090,Maurice Harkless,ORL,22.0,45,15.0,3.5,2.4,0.6,0.7,0.2,0.6,0.399,0.179,0.537,0.2,-2.0,2015,0.449,0.13,95.7,102.1,-6.5,0.056,0.079
203086,Meyers Leonard,POR,23.0,55,15.4,5.9,4.5,0.6,0.2,0.3,0.7,0.51,0.42,0.938,0.582,0.3,2015,0.631,0.157,99.9,99.3,0.6,0.063,0.141
201563,Michael Beasley,MIA,26.0,24,21.0,8.8,3.7,1.3,0.6,0.5,1.5,0.434,0.235,0.769,0.458,0.1,2015,0.474,0.236,98.2,97.2,1.0,0.113,0.089
203487,Michael Carter-Williams,MIL,23.0,66,32.6,14.6,5.3,6.7,1.7,0.5,3.8,0.396,0.235,0.694,0.318,-2.5,2015,0.461,0.264,95.2,99.0,-3.7,0.374,0.08
203077,Michael Kidd-Gilchrist,CHA,21.0,55,28.9,10.9,7.6,1.4,0.5,0.7,1.1,0.465,0.0,0.701,0.491,1.3,2015,0.519,0.179,100.5,97.4,3.1,0.078,0.128
201144,Mike Conley,MEM,27.0,70,31.8,15.8,3.0,5.4,1.3,0.2,2.2,0.446,0.386,0.859,0.671,3.1,2015,0.558,0.233,106.6,101.7,4.9,0.278,0.049
2399,Mike Dunleavy,CHI,34.0,63,29.2,9.4,3.9,1.8,0.6,0.3,1.0,0.435,0.407,0.805,0.651,3.3,2015,0.573,0.14,106.9,101.5,5.4,0.094,0.065
2034,Mike Miller,CLE,35.0,52,13.5,2.1,1.8,0.9,0.3,0.1,0.4,0.325,0.327,0.75,0.596,-1.4,2015,0.471,0.089,98.8,103.8,-5.0,0.101,0.064
203488,Mike Muscala,ATL,23.0,40,12.6,4.9,3.0,0.6,0.4,0.5,0.5,0.55,0.409,0.88,0.65,1.4,2015,0.608,0.16,103.6,98.8,4.8,0.08,0.118
203118,Mike Scott,ATL,26.0,68,16.5,7.8,2.9,1.1,0.4,0.0,0.6,0.444,0.344,0.792,0.765,0.3,2015,0.543,0.213,101.9,100.9,1.0,0.115,0.089
203101,Miles Plumlee,MIL,26.0,73,16.4,4.0,4.4,0.5,0.6,0.9,0.7,0.535,0.0,0.478,0.466,0.0,2015,0.536,0.12,105.5,104.8,0.6,0.041,0.137
203141,Mirza Teletovic,BKN,29.0,40,22.3,8.5,4.9,1.2,0.4,0.4,1.3,0.382,0.321,0.717,0.4,-0.3,2015,0.5,0.197,98.6,99.8,-1.2,0.087,0.104
203956,Mitch McGary,OKC,23.0,32,15.2,6.3,5.2,0.4,0.5,0.5,1.0,0.533,0.0,0.625,0.625,1.5,2015,0.55,0.18,106.4,100.8,5.6,0.043,0.162
2590,Mo Williams,CHA,32.0,68,29.1,14.2,2.6,6.2,0.7,0.2,2.5,0.397,0.342,0.872,0.294,-1.5,2015,0.512,0.243,102.1,105.2,-3.1,0.358,0.043
101145,Monta Ellis,DAL,29.0,80,33.7,18.9,2.4,4.1,1.9,0.3,2.5,0.445,0.285,0.752,0.625,2.7,2015,0.509,0.273,108.4,104.5,3.9,0.2,0.035
101126,Nate Robinson,DEN,31.0,42,14.1,5.7,1.2,2.3,0.5,0.1,0.7,0.345,0.277,0.674,0.524,-3.0,2015,0.432,0.225,93.6,103.7,-10.1,0.303,0.04
203489,Nate Wolters,MIL,24.0,21,11.7,2.0,1.6,1.0,0.4,0.1,0.6,0.351,0.0,0.333,0.667,-0.6,2015,0.352,0.131,96.5,97.1,-0.7,0.127,0.067
2403,Nene,WAS,32.0,67,25.3,11.0,5.1,1.8,1.0,0.3,1.9,0.511,0.2,0.604,0.552,2.5,2015,0.534,0.215,103.7,99.0,4.7,0.117,0.105
203457,Nerlens Noel,PHI,21.0,75,30.8,9.9,8.1,1.7,1.8,1.9,1.9,0.462,0.0,0.609,0.24,-5.8,2015,0.493,0.17,91.8,100.9,-9.1,0.099,0.127
201979,Nick Calathes,MEM,26.0,58,14.4,4.2,1.8,2.5,1.1,0.1,1.1,0.421,0.256,0.533,0.621,1.5,2015,0.455,0.171,97.6,91.2,6.4,0.274,0.061
2555,Nick Collison,OKC,34.0,66,16.7,4.1,3.8,1.4,0.5,0.4,0.7,0.419,0.267,0.692,0.576,1.3,2015,0.485,0.126,102.7,99.0,3.7,0.12,0.107
203910,Nick Johnson,HOU,22.0,28,9.4,2.6,1.4,0.4,0.3,0.1,0.7,0.347,0.238,0.68,0.643,-1.7,2015,0.43,0.167,91.9,100.0,-8.1,0.069,0.067
201156,Nick Young,LAL,30.0,42,23.8,13.4,2.3,1.0,0.5,0.3,1.0,0.366,0.369,0.892,0.286,-1.6,2015,0.52,0.248,102.3,105.8,-3.5,0.071,0.045
201587,Nicolas Batum,POR,26.0,71,33.5,9.4,5.9,4.8,1.1,0.6,1.9,0.4,0.324,0.857,0.606,3.0,2015,0.516,0.143,108.6,104.1,4.5,0.2,0.085
203917,Nik Stauskas,SAC,21.0,73,15.4,4.4,1.2,0.9,0.3,0.2,0.5,0.365,0.322,0.859,0.356,-1.8,2015,0.492,0.138,102.2,108.1,-5.9,0.092,0.038
202703,Nikola Mirotic,CHI,24.0,82,20.2,10.2,4.9,1.2,0.7,0.7,1.1,0.405,0.316,0.803,0.61,2.1,2015,0.556,0.225,105.4,100.4,5.0,0.102,0.119
201593,Nikola Pekovic,MIN,29.0,31,26.3,12.5,7.5,0.9,0.6,0.4,1.4,0.424,0.0,0.837,0.29,-1.8,2015,0.502,0.224,101.7,106.1,-4.4,0.057,0.141
202696,Nikola Vučević,ORL,24.0,74,34.2,19.3,10.9,2.0,0.7,0.7,2.0,0.523,0.333,0.752,0.284,-4.1,2015,0.548,0.254,101.3,107.5,-6.1,0.106,0.164
203943,Noah Vonleh,CHA,19.0,25,10.3,3.3,3.4,0.2,0.2,0.4,0.4,0.395,0.385,0.692,0.32,-2.7,2015,0.475,0.167,88.8,102.2,-13.3,0.029,0.154
202708,Norris Cole,NOP,26.0,75,24.4,7.6,2.1,3.4,0.8,0.2,1.3,0.412,0.313,0.716,0.493,-2.5,2015,0.483,0.179,101.6,107.0,-5.3,0.229,0.045
201564,O.J. Mayo,MIL,27.0,71,23.9,11.4,2.6,2.8,0.8,0.3,1.8,0.422,0.357,0.827,0.549,-0.9,2015,0.529,0.232,100.3,101.8,-1.5,0.194,0.055
201600,Omer Asik,NOP,28.0,76,26.1,7.3,9.8,0.9,0.4,0.7,1.3,0.517,0.0,0.582,0.566,0.3,2015,0.545,0.138,104.8,103.8,1.0,0.054,0.191
201956,Omri Casspi,SAC,27.0,67,21.1,8.9,3.9,1.5,0.5,0.1,1.3,0.489,0.402,0.733,0.343,-2.7,2015,0.58,0.182,102.3,108.2,-6.0,0.121,0.092
203490,Otto Porter Jr.,WAS,22.0,74,19.4,6.0,3.0,0.9,0.6,0.4,0.7,0.45,0.337,0.734,0.554,-0.5,2015,0.523,0.147,102.3,103.2,-0.9,0.068,0.078
200782,P.J. Tucker,PHX,30.0,78,30.6,9.1,6.4,1.6,1.4,0.3,1.2,0.438,0.345,0.727,0.462,-0.6,2015,0.541,0.138,102.6,103.8,-1.2,0.076,0.101
203798,PJ Hairston,CHA,22.0,45,15.3,5.6,2.0,0.5,0.5,0.3,0.5,0.323,0.301,0.861,0.422,-2.3,2015,0.446,0.19,97.5,105.7,-8.1,0.051,0.062
203143,Pablo Prigioni,HOU,38.0,67,17.9,4.1,1.8,2.6,1.2,0.0,0.9,0.399,0.343,0.854,0.373,-1.0,2015,0.557,0.113,101.0,104.4,-3.3,0.213,0.05
201976,Patrick Beverley,HOU,26.0,56,30.8,10.1,4.2,3.4,1.1,0.4,1.5,0.383,0.356,0.75,0.625,1.3,2015,0.509,0.161,106.3,103.6,2.7,0.171,0.068
202335,Patrick Patterson,TOR,26.0,81,26.6,8.0,5.3,1.9,0.7,0.5,0.7,0.449,0.371,0.788,0.605,3.1,2015,0.568,0.127,111.4,105.8,5.6,0.108,0.1
201988,Patty Mills,SAS,26.0,51,15.7,6.9,1.5,1.7,0.5,0.0,0.7,0.381,0.341,0.825,0.725,3.0,2015,0.496,0.208,104.6,94.7,9.9,0.172,0.045
2200,Pau Gasol,CHI,34.0,78,34.4,18.5,11.8,2.7,0.3,1.9,2.0,0.494,0.462,0.803,0.615,2.4,2015,0.55,0.242,106.1,102.9,3.2,0.142,0.161
200794,Paul Millsap,ATL,30.0,73,32.7,16.7,7.8,3.1,1.8,0.9,2.3,0.476,0.356,0.757,0.753,5.6,2015,0.565,0.233,110.3,102.1,8.3,0.149,0.123
1718,Paul Pierce,WAS,37.0,73,26.2,11.9,4.0,2.0,0.6,0.3,1.3,0.447,0.389,0.781,0.548,2.2,2015,0.58,0.195,104.1,99.8,4.4,0.115,0.078
203544,Pero Antic,ATL,32.0,63,16.5,5.7,3.0,0.8,0.3,0.2,0.8,0.365,0.301,0.715,0.73,2.4,2015,0.508,0.167,106.2,98.3,7.9,0.072,0.092
203103,Perry Jones III,OKC,23.0,43,14.7,4.3,1.8,0.4,0.4,0.2,0.6,0.397,0.233,0.649,0.535,-3.0,2015,0.459,0.152,98.1,108.2,-10.2,0.046,0.057
203515,Phil Pressey,BOS,24.0,50,12.0,3.5,1.6,2.3,0.6,0.1,0.8,0.368,0.246,0.673,0.44,0.0,2015,0.453,0.171,98.1,97.2,0.9,0.3,0.062
203112,Quincy Acy,NYK,24.0,68,18.9,5.9,4.4,1.0,0.4,0.3,0.9,0.459,0.3,0.784,0.176,-3.1,2015,0.533,0.151,94.6,101.9,-7.3,0.091,0.116
202347,Quincy Pondexter,NOP,27.0,75,23.9,7.2,2.6,1.3,0.3,0.3,0.7,0.421,0.373,0.74,0.64,0.1,2015,0.55,0.135,103.3,103.1,0.3,0.08,0.055
200765,Rajon Rondo,DAL,29.0,68,29.7,8.9,5.5,7.9,1.3,0.1,3.1,0.426,0.314,0.397,0.5,-0.9,2015,0.448,0.191,101.7,102.6,-0.9,0.393,0.091
201196,Ramon Sessions,WAS,29.0,64,18.6,6.3,2.3,2.8,0.5,0.0,1.3,0.374,0.317,0.769,0.406,-2.5,2015,0.49,0.187,96.6,103.5,-6.9,0.258,0.059
200751,Randy Foye,DEN,31.0,50,21.7,8.7,1.7,2.4,0.7,0.2,1.2,0.368,0.357,0.818,0.3,-2.1,2015,0.51,0.19,102.0,106.5,-4.5,0.176,0.038
2446,Rasual Butler,WAS,36.0,75,20.1,7.7,2.6,0.8,0.4,0.3,0.6,0.422,0.387,0.791,0.52,-0.7,2015,0.531,0.173,99.7,101.7,-1.9,0.067,0.063
203492,Ray McCallum,SAC,24.0,68,21.1,7.4,2.6,2.8,0.7,0.2,1.3,0.438,0.306,0.679,0.324,-3.5,2015,0.496,0.175,101.5,109.6,-8.1,0.21,0.061
101109,Raymond Felton,DAL,31.0,29,9.7,3.7,0.9,1.4,0.4,0.1,0.6,0.406,0.294,0.8,0.483,-0.7,2015,0.48,0.199,96.2,100.5,-4.3,0.237,0.043
203493,Reggie Bullock Jr.,PHX,24.0,36,9.4,1.9,1.4,0.2,0.3,0.1,0.2,0.343,0.326,0.667,0.528,-0.1,2015,0.466,0.111,95.3,94.9,0.4,0.038,0.071
2501,Reggie Evans,SAC,35.0,47,16.3,3.7,6.4,0.7,0.5,0.1,1.0,0.423,0.0,0.619,0.34,-1.0,2015,0.49,0.128,103.4,106.9,-3.5,0.065,0.195
202704,Reggie Jackson,DET,25.0,77,29.5,14.5,4.2,6.0,0.8,0.1,2.4,0.434,0.299,0.83,0.481,1.5,2015,0.511,0.244,105.6,103.6,2.0,0.333,0.069
2210,Richard Jefferson,DAL,35.0,74,16.8,5.8,2.5,0.8,0.4,0.1,0.7,0.444,0.426,0.684,0.622,0.1,2015,0.577,0.15,104.3,102.2,2.0,0.073,0.072
203495,Ricky Ledo,NYK,22.0,17,14.4,5.3,2.1,1.1,0.4,0.1,1.5,0.333,0.37,0.727,0.235,-3.1,2015,0.426,0.232,94.7,105.3,-10.6,0.143,0.073
201937,Ricky Rubio,MIN,24.0,22,31.5,10.3,5.7,8.8,1.7,0.0,2.9,0.356,0.255,0.803,0.318,-0.5,2015,0.452,0.193,102.7,104.2,-1.4,0.422,0.087
203133,Robbie Hummel,MIN,26.0,45,16.5,4.4,3.0,0.6,0.4,0.2,0.4,0.459,0.314,0.828,0.111,-3.3,2015,0.536,0.12,102.4,111.5,-9.1,0.058,0.091
203496,Robert Covington,PHI,24.0,70,27.9,13.5,4.5,1.5,1.4,0.4,1.8,0.396,0.374,0.82,0.257,-2.1,2015,0.554,0.213,97.1,100.8,-3.7,0.095,0.077
203135,Robert Sacre,LAL,26.0,67,16.9,4.6,3.5,0.8,0.4,0.6,0.5,0.412,0.0,0.671,0.284,-1.0,2015,0.449,0.149,100.2,103.0,-2.8,0.076,0.099
201577,Robin Lopez,POR,27.0,59,27.8,9.6,6.7,0.9,0.3,1.4,1.2,0.535,0.0,0.772,0.644,2.5,2015,0.574,0.153,107.6,103.2,4.3,0.05,0.116
203918,Rodney Hood,UTA,22.0,50,21.3,8.7,2.3,1.7,0.6,0.2,0.9,0.414,0.365,0.763,0.54,1.2,2015,0.529,0.192,102.6,98.8,3.8,0.136,0.055
201155,Rodney Stuckey,IND,29.0,71,26.4,12.6,3.5,3.1,0.8,0.1,1.7,0.44,0.39,0.819,0.479,-0.3,2015,0.528,0.23,100.9,101.5,-0.6,0.2,0.064
101179,Ronnie Price,LAL,32.0,43,22.8,5.1,1.6,3.8,1.6,0.1,1.2,0.345,0.284,0.8,0.302,-1.7,2015,0.455,0.132,103.2,106.4,-3.3,0.244,0.035
201579,Roy Hibbert,IND,28.0,76,25.3,10.6,7.1,1.1,0.2,1.6,1.4,0.446,0.0,0.824,0.447,-0.8,2015,0.501,0.216,101.2,102.4,-1.1,0.076,0.139
200752,Rudy Gay,SAC,28.0,68,35.4,21.1,5.9,3.7,1.0,0.6,2.7,0.455,0.359,0.858,0.368,-1.6,2015,0.556,0.263,106.1,108.4,-2.4,0.185,0.084
203497,Rudy Gobert,UTA,23.0,82,26.3,8.4,9.5,1.3,0.8,2.3,1.4,0.604,0.0,0.623,0.463,0.1,2015,0.627,0.138,99.9,99.4,0.5,0.087,0.178
201566,Russell Westbrook,OKC,26.0,67,34.4,28.1,7.3,8.6,2.1,0.2,4.4,0.426,0.299,0.835,0.597,3.7,2015,0.536,0.368,111.0,106.3,4.7,0.43,0.101
201583,Ryan Anderson,NOP,27.0,61,27.5,13.7,4.8,0.9,0.5,0.3,1.0,0.399,0.34,0.854,0.541,-0.3,2015,0.524,0.225,107.3,108.4,-1.1,0.054,0.088
200797,Ryan Hollins,SAC,30.0,46,9.6,3.0,2.2,0.3,0.1,0.4,0.5,0.646,0.0,0.574,0.283,-1.2,2015,0.648,0.131,97.7,103.0,-5.3,0.048,0.113
203527,Ryan Kelly,LAL,24.0,52,23.7,6.4,2.8,1.8,0.6,0.5,0.7,0.337,0.336,0.832,0.212,-2.8,2015,0.473,0.14,101.3,107.4,-6.1,0.113,0.058
2223,Samuel Dalembert,NYK,35.0,32,17.0,4.0,5.3,0.9,0.4,1.3,1.2,0.438,0.0,0.7,0.156,-5.5,2015,0.461,0.149,92.4,108.3,-15.8,0.088,0.159
2742,Sebastian Telfair,OKC,30.0,16,20.4,8.4,1.9,2.8,0.6,0.0,1.1,0.368,0.3,0.706,0.25,-4.0,2015,0.479,0.219,91.7,102.9,-11.2,0.29,0.046
201586,Serge Ibaka,OKC,25.0,64,33.1,14.3,7.8,0.9,0.5,2.4,1.5,0.476,0.376,0.836,0.547,2.5,2015,0.549,0.19,106.7,102.8,3.9,0.041,0.112
203508,Sergey Karasev,BKN,21.0,33,16.8,4.6,2.0,1.4,0.7,0.0,0.7,0.403,0.296,0.763,0.364,0.5,2015,0.508,0.139,103.1,101.4,1.7,0.123,0.06
203498,Shabazz Muhammad,MIN,22.0,38,22.8,13.5,4.1,1.2,0.5,0.2,0.9,0.489,0.392,0.717,0.158,-4.2,2015,0.556,0.239,102.0,110.9,-8.9,0.091,0.089
203894,Shabazz Napier,MIA,23.0,51,19.8,5.1,2.2,2.5,0.8,0.1,1.6,0.382,0.364,0.786,0.471,-0.6,2015,0.517,0.154,99.7,101.9,-2.2,0.216,0.06
203499,Shane Larkin,NYK,22.0,76,24.5,6.2,2.3,3.0,1.2,0.1,1.1,0.433,0.302,0.782,0.211,-5.2,2015,0.504,0.134,96.0,106.7,-10.7,0.201,0.049
2733,Shaun Livingston,GSW,29.0,78,18.8,5.9,2.3,3.3,0.6,0.3,1.3,0.5,0.0,0.714,0.821,0.7,2015,0.529,0.159,101.4,100.4,1.0,0.267,0.061
1890,Shawn Marion,CLE,37.0,57,19.3,4.8,3.5,0.9,0.5,0.5,0.6,0.446,0.261,0.765,0.632,0.9,2015,0.489,0.126,106.7,103.7,3.1,0.069,0.092
200761,Shawne Williams,DET,29.0,63,17.2,5.4,2.6,0.7,0.4,0.3,0.5,0.403,0.36,0.875,0.413,-1.6,2015,0.537,0.149,102.4,107.5,-5.1,0.068,0.082
202714,Shelvin Mack,ATL,25.0,55,15.1,5.4,1.4,2.8,0.5,0.0,0.9,0.401,0.315,0.806,0.673,0.8,2015,0.489,0.19,102.4,100.1,2.3,0.298,0.048
203524,Solomon Hill,IND,24.0,82,29.0,8.9,3.8,2.2,0.8,0.2,1.4,0.396,0.327,0.824,0.463,-2.2,2015,0.507,0.159,100.7,104.4,-3.7,0.121,0.066
203915,Spencer Dinwiddie,DET,22.0,34,13.4,4.3,1.4,3.1,0.6,0.2,1.0,0.302,0.185,0.912,0.353,-2.1,2015,0.394,0.208,95.2,103.1,-7.9,0.394,0.05
201150,Spencer Hawes,LAC,27.0,73,17.5,5.8,3.5,1.2,0.3,0.7,0.8,0.393,0.313,0.647,0.712,-1.3,2015,0.478,0.181,101.3,104.4,-3.1,0.11,0.1
201939,Stephen Curry,GSW,27.0,80,32.7,23.8,4.3,7.7,2.0,0.2,3.1,0.487,0.443,0.914,0.838,11.5,2015,0.638,0.277,114.7,98.5,16.3,0.358,0.063
2581,Steve Blake,POR,35.0,81,18.9,4.3,1.7,3.6,0.5,0.1,1.3,0.373,0.352,0.707,0.63,1.3,2015,0.507,0.129,103.1,99.9,3.2,0.264,0.043
203500,Steven Adams,OKC,21.0,70,25.3,7.7,7.5,0.9,0.5,1.2,1.4,0.544,0.0,0.502,0.529,0.7,2015,0.549,0.142,105.3,103.5,1.8,0.056,0.142
203933,T.J. Warren,PHX,21.0,40,15.4,6.1,2.1,0.6,0.5,0.2,0.7,0.528,0.238,0.737,0.425,-2.4,2015,0.551,0.173,96.7,105.2,-8.5,0.069,0.066
201959,Taj Gibson,CHI,30.0,62,27.3,10.3,6.4,1.1,0.6,1.2,1.2,0.502,0.0,0.717,0.613,0.6,2015,0.545,0.175,104.7,103.0,1.7,0.071,0.114
204028,Tarik Black,LAL,23.0,63,19.0,6.0,5.8,0.7,0.3,0.4,0.8,0.575,0.0,0.551,0.397,-1.3,2015,0.583,0.138,101.5,105.3,-3.8,0.059,0.155
2419,Tayshaun Prince,DET,35.0,58,24.1,7.5,3.6,1.6,0.5,0.3,0.6,0.44,0.463,0.754,0.466,-2.3,2015,0.504,0.15,100.5,105.0,-4.5,0.109,0.074
203093,Terrence Jones,HOU,23.0,33,27.0,11.7,6.7,1.1,0.5,1.8,1.1,0.528,0.351,0.606,0.727,2.4,2015,0.567,0.184,105.4,100.6,4.8,0.067,0.117
203082,Terrence Ross,TOR,24.0,82,25.5,9.8,2.8,1.0,0.6,0.3,0.8,0.41,0.372,0.786,0.598,0.5,2015,0.519,0.181,109.7,109.0,0.6,0.063,0.055
200757,Thabo Sefolosha,ATL,31.0,52,18.8,5.3,4.3,1.4,1.0,0.4,0.7,0.418,0.321,0.776,0.827,3.3,2015,0.506,0.143,105.8,94.6,11.2,0.116,0.114
201152,Thaddeus Young,BKN,27.0,76,32.0,14.1,5.4,2.3,1.6,0.3,1.5,0.466,0.33,0.655,0.329,-2.8,2015,0.507,0.212,103.4,107.9,-4.5,0.118,0.086
203080,Thomas Robinson,PHI,24.0,54,14.8,5.7,5.6,0.6,0.6,0.4,1.1,0.485,0.0,0.528,0.481,0.2,2015,0.502,0.19,99.7,99.3,0.4,0.07,0.176
201168,Tiago Splitter,SAS,30.0,52,19.8,8.2,4.8,1.5,0.7,0.7,1.2,0.558,0.0,0.75,0.654,4.4,2015,0.601,0.181,109.6,97.7,11.9,0.11,0.124
1495,Tim Duncan,SAS,39.0,77,28.9,13.9,9.1,3.0,0.8,2.0,1.7,0.512,0.286,0.74,0.688,4.0,2015,0.56,0.221,106.9,100.2,6.8,0.166,0.161
204025,Tim Frazier,POR,24.0,11,21.8,5.2,2.5,5.5,0.7,0.0,2.3,0.344,0.294,0.476,0.273,-0.5,2015,0.406,0.17,98.6,100.8,-2.2,0.361,0.056
203501,Tim Hardaway Jr.,NYK,23.0,70,24.0,11.5,2.2,1.8,0.3,0.2,1.2,0.389,0.342,0.801,0.229,-5.0,2015,0.512,0.229,97.5,108.6,-11.1,0.134,0.047
202389,Timofey Mozgov,CLE,28.0,81,25.3,9.7,7.3,0.7,0.4,1.2,1.4,0.555,0.333,0.718,0.605,3.2,2015,0.594,0.166,110.3,103.6,6.7,0.04,0.143
202699,Tobias Harris,ORL,22.0,68,34.8,17.1,6.3,1.8,1.0,0.5,1.7,0.466,0.364,0.788,0.294,-4.3,2015,0.551,0.222,101.6,107.7,-6.1,0.088,0.092
2754,Tony Allen,MEM,33.0,63,26.2,8.6,4.4,1.4,2.0,0.5,1.4,0.495,0.345,0.627,0.73,3.9,2015,0.528,0.162,104.6,96.1,8.5,0.081,0.086
2225,Tony Parker,SAS,33.0,68,28.7,14.4,1.9,4.9,0.6,0.0,2.1,0.486,0.427,0.783,0.706,2.9,2015,0.539,0.242,107.9,103.1,4.7,0.278,0.035
203503,Tony Snell,CHI,23.0,72,19.6,6.0,2.4,0.9,0.4,0.2,0.7,0.429,0.371,0.8,0.597,0.7,2015,0.55,0.139,104.3,102.1,2.2,0.068,0.06
203100,Tony Wroten,PHI,22.0,30,29.8,16.9,2.9,5.2,1.6,0.3,3.8,0.403,0.261,0.667,0.133,-7.8,2015,0.494,0.3,95.5,108.2,-12.7,0.338,0.047
204037,Travis Wear,NYK,24.0,51,13.2,3.9,2.1,0.8,0.3,0.2,0.7,0.402,0.367,0.769,0.137,-1.6,2015,0.451,0.172,94.8,101.0,-6.2,0.104,0.081
2772,Trevor Ariza,HOU,29.0,82,35.7,12.8,5.6,2.5,1.9,0.2,1.7,0.402,0.35,0.853,0.683,2.8,2015,0.539,0.163,105.5,101.5,4.0,0.112,0.076
202344,Trevor Booker,UTA,27.0,79,19.8,7.2,5.0,1.1,0.5,0.5,1.1,0.487,0.345,0.581,0.468,0.4,2015,0.536,0.177,102.2,101.2,1.0,0.093,0.129
203504,Trey Burke,UTA,22.0,76,30.1,12.8,2.7,4.3,0.9,0.2,1.6,0.368,0.318,0.752,0.461,-0.6,2015,0.455,0.232,103.6,105.3,-1.7,0.245,0.045
202684,Tristan Thompson,CLE,24.0,82,26.8,8.5,8.0,0.5,0.4,0.7,1.0,0.547,0.0,0.641,0.646,2.7,2015,0.58,0.139,110.5,104.5,5.9,0.028,0.149
203584,Troy Daniels,CHA,23.0,47,8.5,3.7,0.7,0.5,0.1,0.0,0.4,0.37,0.364,0.846,0.319,-1.8,2015,0.515,0.203,94.3,105.1,-10.8,0.111,0.039
201951,Ty Lawson,DEN,27.0,75,35.5,15.2,3.1,9.6,1.2,0.1,2.5,0.436,0.341,0.73,0.387,-0.4,2015,0.526,0.203,107.3,107.6,-0.3,0.408,0.042
203898,Tyler Ennis,MIL,20.0,33,12.5,3.7,1.1,2.2,0.5,0.2,1.3,0.361,0.279,0.714,0.333,-1.8,2015,0.411,0.199,96.0,103.4,-7.3,0.278,0.043
201946,Tyler Hansbrough,TOR,29.0,74,14.3,3.6,3.6,0.3,0.4,0.2,0.3,0.521,0.143,0.698,0.608,2.6,2015,0.597,0.104,112.6,102.3,10.3,0.029,0.132
204020,Tyler Johnson,MIA,23.0,32,18.8,5.9,2.5,1.3,1.0,0.3,0.9,0.419,0.375,0.681,0.469,-2.0,2015,0.506,0.161,96.8,101.5,-4.7,0.115,0.066
203092,Tyler Zeller,BOS,25.0,82,21.1,10.2,5.7,1.4,0.2,0.6,0.9,0.549,0.0,0.823,0.488,-1.5,2015,0.594,0.195,100.3,102.3,-2.0,0.106,0.13
201936,Tyreke Evans,NOP,25.0,79,34.0,16.6,5.3,6.6,1.3,0.5,3.1,0.447,0.304,0.694,0.544,2.1,2015,0.508,0.255,109.2,106.0,3.2,0.316,0.078
2199,Tyson Chandler,DAL,32.0,75,30.5,10.3,11.5,1.1,0.6,1.2,1.4,0.666,0.0,0.72,0.627,3.1,2015,0.697,0.126,107.3,102.6,4.7,0.053,0.188
2617,Udonis Haslem,MIA,35.0,62,16.0,4.2,4.2,0.7,0.3,0.2,0.7,0.448,0.2,0.703,0.5,-2.5,2015,0.488,0.141,97.3,105.5,-8.2,0.078,0.132
203506,Victor Oladipo,ORL,23.0,72,35.7,17.9,4.2,4.1,1.7,0.3,2.8,0.436,0.339,0.819,0.306,-4.2,2015,0.527,0.249,101.8,107.8,-6.1,0.188,0.06
1713,Vince Carter,MEM,38.0,66,16.5,5.8,2.0,1.2,0.7,0.2,0.7,0.333,0.297,0.789,0.682,0.5,2015,0.445,0.193,99.7,99.2,0.5,0.11,0.06
201961,Wayne Ellington,LAL,27.0,65,25.8,10.0,3.2,1.6,0.5,0.0,0.8,0.412,0.37,0.813,0.277,-1.9,2015,0.504,0.182,100.4,104.2,-3.9,0.101,0.06
202325,Wesley Johnson,LAL,27.0,76,29.5,9.9,4.2,1.6,0.8,0.6,1.1,0.414,0.351,0.804,0.263,-4.1,2015,0.509,0.161,102.6,109.3,-6.7,0.084,0.071
202083,Wesley Matthews,POR,28.0,60,33.7,15.9,3.7,2.3,1.3,0.2,1.4,0.448,0.389,0.752,0.683,4.5,2015,0.586,0.193,106.0,99.3,6.8,0.11,0.052
203115,Will Barton,DEN,24.0,58,17.0,6.8,2.8,1.4,0.8,0.3,1.1,0.425,0.271,0.787,0.517,-0.5,2015,0.503,0.197,98.7,99.4,-0.7,0.135,0.077
2584,Willie Green,ORL,33.0,52,18.3,5.9,1.5,1.3,0.5,0.1,0.9,0.386,0.347,0.824,0.288,-1.6,2015,0.477,0.172,94.1,99.0,-4.9,0.121,0.041
201163,Wilson Chandler,DEN,28.0,78,31.7,13.9,6.1,1.7,0.7,0.4,1.4,0.429,0.342,0.775,0.359,-2.8,2015,0.523,0.198,104.7,108.6,-3.9,0.086,0.093
203897,Zach LaVine,MIN,20.0,77,24.7,10.1,2.8,3.6,0.7,0.1,2.5,0.422,0.341,0.842,0.195,-7.0,2015,0.515,0.218,98.2,112.4,-14.2,0.25,0.058
2216,Zach Randolph,MEM,33.0,71,32.4,16.1,10.5,2.2,1.0,0.2,2.2,0.487,0.35,0.765,0.718,4.9,2015,0.538,0.24,107.4,100.6,6.8,0.111,0.167
2585,Zaza Pachulia,MIL,31.0,73,23.7,8.3,6.8,2.4,1.1,0.3,1.8,0.454,0.0,0.788,0.466,3.6,2015,0.506,0.186,104.8,97.3,7.5,0.155,0.15
201166,Aaron Brooks,CHI,31.0,69,16.1,7.1,1.5,2.6,0.4,0.1,1.2,0.401,0.357,0.766,0.522,-0.2,2016,0.494,0.225,102.3,102.3,0.0,0.265,0.043
203932,Aaron Gordon,ORL,20.0,78,23.9,9.2,6.5,1.6,0.8,0.7,0.8,0.473,0.296,0.668,0.41,-1.0,2016,0.541,0.169,103.2,104.6,-1.4,0.103,0.133
203940,Adreian Payne,MIN,25.0,52,9.3,2.5,2.1,0.6,0.3,0.2,0.7,0.366,0.281,0.654,0.346,-2.3,2016,0.422,0.175,98.8,110.8,-12.0,0.093,0.121
201143,Al Horford,ATL,30.0,82,32.1,15.2,7.3,3.2,0.8,1.5,1.3,0.505,0.344,0.798,0.585,2.8,2016,0.565,0.202,102.9,98.7,4.2,0.165,0.109
2744,Al Jefferson,CHA,31.0,47,23.3,12.0,6.4,1.5,0.6,0.9,0.7,0.485,0.0,0.649,0.702,1.0,2016,0.507,0.24,103.2,100.7,2.5,0.114,0.133
202329,Al-Farouq Aminu,POR,25.0,82,28.5,10.2,6.1,1.7,0.9,0.6,1.5,0.416,0.361,0.737,0.537,0.7,2016,0.533,0.166,108.2,106.7,1.6,0.087,0.104
202692,Alec Burks,UTA,24.0,31,25.7,13.3,3.5,2.0,0.6,0.1,1.6,0.41,0.405,0.752,0.419,-0.4,2016,0.52,0.246,101.8,101.4,0.5,0.14,0.069
203458,Alex Len,PHX,23.0,78,23.3,9.0,7.6,1.2,0.5,0.8,1.9,0.423,0.143,0.728,0.295,-3.7,2016,0.482,0.202,98.2,105.9,-7.7,0.087,0.156
201582,Alexis Ajinca,NOP,28.0,59,14.6,6.0,4.6,0.5,0.3,0.6,0.9,0.476,0.0,0.839,0.339,-1.1,2016,0.514,0.201,98.8,101.4,-2.6,0.059,0.154
203459,Allen Crabbe,POR,24.0,81,26.0,10.3,2.7,1.2,0.8,0.2,0.8,0.459,0.393,0.867,0.531,0.5,2016,0.572,0.159,106.5,105.5,1.0,0.072,0.049
202087,Alonzo Gee,NOP,29.0,73,22.4,4.5,3.4,1.0,0.9,0.2,0.8,0.518,0.283,0.667,0.37,-2.7,2016,0.572,0.091,100.3,104.7,-4.4,0.063,0.073
2405,Amar'e Stoudemire,MIA,33.0,52,14.7,5.8,4.3,0.5,0.3,0.8,0.9,0.566,0.0,0.746,0.577,0.2,2016,0.599,0.176,103.6,103.6,0.0,0.054,0.151
101161,Amir Johnson,BOS,29.0,79,22.8,7.3,6.4,1.7,0.7,1.1,1.2,0.585,0.233,0.57,0.57,1.7,2016,0.602,0.136,106.9,102.3,4.6,0.11,0.132
2760,Anderson Varejao,GSW,33.0,53,9.4,2.6,2.7,0.7,0.3,0.2,0.4,0.427,0.0,0.64,0.774,0.4,2016,0.473,0.143,102.8,100.0,2.8,0.102,0.134
203083,Andre Drummond,DET,22.0,81,32.9,16.2,14.8,0.8,1.5,1.4,1.9,0.521,0.333,0.355,0.531,1.6,2016,0.499,0.239,105.9,103.6,2.4,0.042,0.217
2738,Andre Iguodala,GSW,32.0,65,26.6,7.0,4.0,3.4,1.1,0.3,1.2,0.478,0.351,0.614,0.908,7.0,2016,0.565,0.117,112.7,99.6,13.2,0.165,0.073
1889,Andre Miller,SAS,40.0,39,11.8,3.7,1.3,2.2,0.4,0.0,0.9,0.557,0.25,0.75,0.513,0.8,2016,0.6,0.156,109.7,107.0,2.8,0.276,0.061
203460,Andre Roberson,OKC,24.0,70,22.2,4.8,3.6,0.7,0.8,0.6,0.5,0.496,0.311,0.611,0.686,3.7,2016,0.566,0.092,110.9,101.7,9.2,0.039,0.079
200745,Andrea Bargnani,BKN,30.0,46,13.8,6.6,2.1,0.4,0.1,0.2,0.6,0.455,0.188,0.825,0.239,-4.2,2016,0.5,0.227,95.6,110.2,-14.7,0.051,0.077
101106,Andrew Bogut,GSW,31.0,70,20.7,5.4,7.0,2.3,0.5,1.6,1.2,0.627,1.0,0.48,0.886,5.7,2016,0.623,0.115,112.0,97.9,14.1,0.145,0.163
203094,Andrew Nicholson,ORL,26.0,56,14.7,6.9,3.6,0.4,0.2,0.4,0.7,0.471,0.36,0.785,0.393,0.6,2016,0.567,0.205,100.6,97.8,2.8,0.05,0.118
203952,Andrew Wiggins,MIN,21.0,81,35.1,20.7,3.6,2.0,1.0,0.6,2.2,0.459,0.3,0.761,0.358,-0.8,2016,0.543,0.267,106.7,107.9,-1.3,0.098,0.053
1626148,Anthony Brown,LAL,23.0,29,20.6,4.0,2.4,0.7,0.5,0.2,0.5,0.31,0.286,0.85,0.138,-1.2,2016,0.427,0.109,100.3,102.6,-2.3,0.048,0.055
203076,Anthony Davis,NOP,23.0,61,35.5,24.3,10.3,1.9,1.3,2.0,2.0,0.493,0.324,0.758,0.393,-3.3,2016,0.559,0.29,103.7,107.8,-4.1,0.1,0.145
201627,Anthony Morrow,OKC,30.0,68,13.6,5.6,0.9,0.4,0.3,0.1,0.3,0.408,0.387,0.744,0.676,1.6,2016,0.543,0.167,110.9,105.6,5.3,0.037,0.033
201229,Anthony Tolliver,DET,31.0,72,18.6,5.3,3.2,0.7,0.4,0.2,0.4,0.386,0.36,0.617,0.5,0.1,2016,0.543,0.122,102.3,102.4,0.0,0.058,0.081
203462,Archie Goodwin,PHX,21.0,57,19.5,8.9,2.5,2.1,0.5,0.2,1.8,0.417,0.232,0.674,0.246,-3.7,2016,0.498,0.227,101.7,110.6,-9.0,0.174,0.062
203382,Aron Baynes,DET,29.0,81,15.2,6.3,4.7,0.6,0.3,0.6,0.8,0.505,0.0,0.764,0.531,-0.7,2016,0.563,0.184,101.0,104.4,-3.4,0.07,0.152
201167,Arron Afflalo,NYK,30.0,71,33.4,12.8,3.7,2.0,0.4,0.1,1.2,0.443,0.382,0.84,0.38,-2.1,2016,0.531,0.178,104.0,107.4,-3.4,0.097,0.055
203085,Austin Rivers,LAC,23.0,67,21.8,8.9,1.9,1.5,0.7,0.1,0.9,0.438,0.335,0.681,0.627,-2.4,2016,0.523,0.188,98.7,102.8,-4.0,0.116,0.043
202340,Avery Bradley,BOS,25.0,76,33.4,15.2,2.9,2.1,1.5,0.3,1.4,0.447,0.361,0.78,0.592,2.8,2016,0.538,0.197,108.5,103.9,4.6,0.095,0.041
1626253,Axel Toupane,DEN,23.0,21,14.5,3.6,1.5,0.7,0.3,0.3,0.3,0.357,0.325,0.765,0.429,-0.8,2016,0.49,0.122,108.2,110.4,-2.2,0.068,0.053
203463,Ben McLemore,SAC,23.0,68,21.2,7.8,2.2,1.2,0.8,0.1,1.5,0.429,0.362,0.718,0.412,0.3,2016,0.531,0.172,105.8,104.6,1.2,0.076,0.05
2757,Beno Udrih,MEM,33.0,44,16.1,4.7,1.6,2.6,0.3,0.0,1.2,0.434,0.341,0.9,0.591,-0.5,2016,0.496,0.167,100.0,101.7,-1.7,0.256,0.052
202687,Bismack Biyombo,TOR,23.0,82,22.0,5.5,8.0,0.4,0.2,1.6,0.9,0.542,0.0,0.628,0.683,1.0,2016,0.586,0.114,104.4,101.3,3.1,0.025,0.176
201933,Blake Griffin,LAC,27.0,35,33.4,21.4,8.4,4.9,0.8,0.5,2.4,0.499,0.333,0.727,0.629,5.1,2016,0.544,0.289,108.6,101.3,7.3,0.258,0.122
1626246,Boban Marjanovic,SAS,27.0,54,9.4,5.5,3.6,0.4,0.2,0.4,0.5,0.603,0.0,0.763,0.87,1.0,2016,0.662,0.22,106.8,102.3,4.5,0.072,0.201
1626171,Bobby Portis,CHI,21.0,62,17.8,7.0,5.4,0.8,0.4,0.4,0.9,0.427,0.308,0.727,0.468,-2.9,2016,0.469,0.203,100.4,108.0,-7.6,0.076,0.142
202711,Bojan Bogdanovic,BKN,27.0,79,26.8,11.2,3.2,1.3,0.4,0.1,1.5,0.433,0.382,0.833,0.266,-4.9,2016,0.55,0.19,100.8,109.9,-9.2,0.073,0.061
2564,Boris Diaw,SAS,34.0,76,18.2,6.4,3.1,2.3,0.3,0.3,1.3,0.527,0.362,0.737,0.842,3.8,2016,0.582,0.164,106.6,96.4,10.2,0.182,0.086
203078,Bradley Beal,WAS,23.0,55,31.1,17.4,3.4,2.9,1.0,0.2,2.0,0.449,0.387,0.767,0.509,-0.4,2016,0.547,0.245,104.8,105.0,-0.2,0.153,0.055
201148,Brandan Wright,MEM,28.0,12,17.7,6.9,3.6,0.5,0.4,1.3,0.8,0.673,0.0,0.542,0.5,-4.7,2016,0.663,0.152,100.0,111.1,-11.1,0.05,0.1
101138,Brandon Bass,LAL,31.0,66,20.3,7.2,4.3,1.1,0.5,0.8,0.6,0.549,0.0,0.845,0.242,-0.3,2016,0.619,0.136,105.3,106.2,-0.9,0.088,0.104
201943,Brandon Jennings,ORL,26.0,48,18.1,6.9,2.0,3.5,0.6,0.1,1.2,0.368,0.329,0.731,0.417,0.3,2016,0.491,0.192,103.2,102.9,0.3,0.298,0.053
202688,Brandon Knight,PHX,24.0,52,36.0,19.6,3.9,5.1,1.2,0.4,3.4,0.415,0.342,0.852,0.308,-4.0,2016,0.522,0.258,102.0,107.4,-5.5,0.234,0.053
201575,Brandon Rush,GSW,30.0,72,14.6,4.2,2.5,0.8,0.3,0.3,0.5,0.427,0.414,0.643,0.875,-0.4,2016,0.56,0.125,107.8,108.7,-0.9,0.072,0.084
203148,Brian Roberts,POR,30.0,51,9.2,4.0,0.8,1.1,0.2,0.0,0.5,0.448,0.357,0.894,0.51,-1.2,2016,0.552,0.188,98.8,105.7,-7.0,0.205,0.042
201572,Brook Lopez,BKN,28.0,73,33.7,20.6,7.8,2.0,0.8,1.7,2.4,0.511,0.143,0.787,0.288,-1.7,2016,0.562,0.272,103.4,105.8,-2.4,0.106,0.12
1626214,Bryce Dejean-Jones,NOP,23.0,14,19.9,5.6,3.4,1.1,0.7,0.1,0.8,0.406,0.375,0.524,0.571,-2.8,2016,0.505,0.14,100.0,106.8,-6.8,0.076,0.084
201228,C.J. Watson,ORL,32.0,33,19.9,4.3,2.0,2.7,0.6,0.2,0.8,0.343,0.292,0.872,0.424,-1.5,2016,0.461,0.117,104.3,107.8,-3.5,0.18,0.05
203468,CJ McCollum,POR,24.0,80,34.7,20.8,3.2,4.3,1.2,0.3,2.5,0.448,0.417,0.827,0.55,2.0,2016,0.544,0.266,107.5,104.9,2.6,0.211,0.045
101139,CJ Miles,IND,29.0,64,22.9,11.8,2.7,1.0,0.8,0.5,1.1,0.409,0.367,0.75,0.531,0.0,2016,0.547,0.221,102.7,102.5,0.2,0.069,0.058
1626166,Cameron Payne,OKC,21.0,57,12.2,5.0,1.5,1.9,0.6,0.1,0.8,0.41,0.324,0.792,0.772,-0.5,2016,0.49,0.199,104.1,105.9,-1.8,0.241,0.059
201171,Carl Landry,PHI,32.0,36,15.8,9.8,4.1,0.9,0.3,0.3,0.6,0.556,0.462,0.736,0.139,-3.1,2016,0.605,0.236,102.3,111.6,-9.3,0.102,0.127
2546,Carmelo Anthony,NYK,32.0,72,35.1,21.8,7.7,4.2,0.9,0.5,2.4,0.434,0.339,0.829,0.444,-0.6,2016,0.53,0.291,106.5,107.4,-0.9,0.209,0.107
202718,Chandler Parsons,DAL,27.0,61,29.5,13.7,4.7,2.8,0.8,0.3,1.6,0.492,0.414,0.684,0.475,0.0,2016,0.589,0.204,105.3,105.0,0.3,0.158,0.08
101112,Channing Frye,CLE,33.0,70,17.1,6.1,3.3,1.0,0.4,0.4,0.6,0.438,0.387,0.857,0.5,1.5,2016,0.586,0.153,106.8,102.0,4.8,0.086,0.1
101111,Charlie Villanueva,DAL,31.0,62,10.7,5.1,2.5,0.4,0.3,0.2,0.5,0.382,0.273,0.917,0.468,-1.4,2016,0.473,0.236,97.2,105.2,-8.0,0.063,0.108
201978,Chase Budinger,PHX,28.0,66,14.1,4.1,2.3,1.0,0.5,0.2,0.7,0.435,0.279,0.696,0.439,0.0,2016,0.514,0.138,101.9,102.1,-0.3,0.098,0.078
2365,Chris Andersen,MEM,37.0,27,14.9,3.9,3.6,0.4,0.6,0.5,0.3,0.528,0.286,0.694,0.407,-2.6,2016,0.598,0.108,101.1,111.3,-10.1,0.045,0.129
2547,Chris Bosh,MIA,32.0,53,33.5,19.1,7.4,2.4,0.7,0.6,1.5,0.467,0.365,0.795,0.547,0.5,2016,0.571,0.247,101.5,101.0,0.5,0.129,0.111
203187,Chris Johnson,UTA,26.0,70,12.2,2.9,1.9,0.6,0.5,0.3,0.6,0.371,0.273,0.81,0.543,0.0,2016,0.482,0.131,99.2,97.2,2.0,0.082,0.076
1626191,Chris McCullough,BKN,21.0,24,15.1,4.7,2.8,0.4,1.2,0.5,0.6,0.404,0.382,0.478,0.292,-5.0,2016,0.47,0.158,101.1,115.8,-14.7,0.038,0.092
101108,Chris Paul,LAC,31.0,74,32.7,19.5,4.2,10.0,2.1,0.2,2.6,0.462,0.371,0.896,0.676,7.5,2016,0.575,0.265,112.3,101.3,11.0,0.493,0.063
203991,Clint Capela,HOU,22.0,77,19.1,7.0,6.4,0.6,0.8,1.2,0.8,0.582,0.0,0.379,0.506,1.3,2016,0.553,0.156,105.9,102.2,3.7,0.05,0.161
203469,Cody Zeller,CHA,23.0,73,24.3,8.7,6.2,1.0,0.8,0.9,0.9,0.529,0.1,0.754,0.575,2.2,2016,0.592,0.152,108.4,103.4,5.0,0.061,0.128
202332,Cole Aldrich,LAC,27.0,60,13.3,5.5,4.8,0.8,0.8,1.1,1.1,0.596,0.0,0.714,0.683,-0.4,2016,0.626,0.185,99.1,99.8,-0.7,0.107,0.182
201147,Corey Brewer,HOU,30.0,82,20.4,7.2,2.4,1.3,1.0,0.2,1.0,0.384,0.272,0.75,0.5,-1.1,2016,0.481,0.172,101.8,104.0,-2.1,0.102,0.056
202709,Cory Joseph,TOR,24.0,80,25.6,8.5,2.6,3.1,0.8,0.3,1.3,0.439,0.273,0.764,0.675,3.4,2016,0.512,0.166,107.1,100.9,6.2,0.199,0.05
201584,Courtney Lee,CHA,30.0,79,29.6,9.6,2.6,1.7,1.1,0.4,0.9,0.454,0.378,0.839,0.62,1.9,2016,0.551,0.146,107.1,104.1,3.0,0.088,0.045
1626245,Cristiano Felicio,CHI,23.0,31,10.3,3.4,3.3,0.8,0.2,0.4,0.4,0.556,0.0,0.714,0.452,1.7,2016,0.601,0.135,107.5,99.5,8.0,0.115,0.157
1626156,D'Angelo Russell,LAL,20.0,80,28.2,13.2,3.4,3.3,1.2,0.2,2.5,0.41,0.351,0.737,0.213,-6.8,2016,0.507,0.238,98.4,110.1,-11.7,0.213,0.058
201571,D.J. Augustin,DEN,28.0,62,19.0,7.5,1.5,3.2,0.6,0.1,1.4,0.423,0.405,0.805,0.565,-0.5,2016,0.575,0.18,105.1,106.1,-1.0,0.257,0.04
203081,Damian Lillard,POR,25.0,75,35.7,25.1,4.0,6.8,0.9,0.4,3.2,0.419,0.375,0.892,0.533,1.3,2016,0.56,0.304,109.4,107.8,1.6,0.33,0.054
204014,Damjan Rudez,MIN,30.0,33,8.4,2.3,0.6,0.3,0.1,0.0,0.4,0.403,0.34,1.0,0.273,-0.4,2016,0.572,0.123,104.4,106.9,-2.5,0.058,0.038
201568,Danilo Gallinari,DEN,27.0,53,34.7,19.5,5.3,2.5,0.8,0.4,1.5,0.41,0.364,0.868,0.415,-1.9,2016,0.582,0.226,105.0,107.8,-2.8,0.122,0.075
201980,Danny Green,SAS,29.0,79,26.1,7.2,3.8,1.8,1.0,0.8,0.9,0.376,0.332,0.739,0.823,6.4,2016,0.492,0.143,108.1,95.7,12.5,0.092,0.074
201967,Dante Cunningham,NOP,29.0,80,24.6,6.1,3.0,1.0,0.5,0.4,0.5,0.451,0.316,0.695,0.35,-3.5,2016,0.54,0.11,103.0,109.3,-6.3,0.056,0.061
201589,Darrell Arthur,DEN,28.0,70,21.7,7.5,4.2,1.4,0.8,0.7,0.9,0.452,0.385,0.755,0.371,-0.7,2016,0.514,0.165,102.2,104.0,-1.8,0.102,0.093
201954,Darren Collison,SAC,28.0,74,30.0,14.0,2.3,4.3,1.0,0.1,1.8,0.486,0.401,0.858,0.392,-0.9,2016,0.591,0.19,105.9,107.5,-1.6,0.219,0.037
1626199,Darrun Hilliard,DET,23.0,38,10.1,4.0,1.2,0.7,0.2,0.0,0.5,0.397,0.38,0.725,0.447,-0.1,2016,0.511,0.19,100.6,102.3,-1.7,0.117,0.057
101135,David Lee,DAL,33.0,55,16.4,7.8,5.5,1.5,0.4,0.5,1.2,0.531,0.0,0.763,0.491,-1.5,2016,0.568,0.21,98.4,102.4,-4.0,0.162,0.163
2561,David West,SAS,35.0,78,18.0,7.1,4.0,1.8,0.6,0.7,0.9,0.545,0.429,0.788,0.808,4.2,2016,0.573,0.175,107.5,95.3,12.2,0.15,0.113
201599,DeAndre Jordan,LAC,27.0,77,33.7,12.7,13.8,1.2,0.7,2.3,1.4,0.703,0.0,0.43,0.662,5.7,2016,0.628,0.155,111.1,102.1,8.9,0.051,0.199
201971,DeJuan Blair,WAS,27.0,29,7.5,2.1,2.0,0.4,0.3,0.1,0.5,0.412,0.0,0.385,0.414,-1.3,2016,0.414,0.166,96.2,105.7,-9.5,0.077,0.126
201942,DeMar DeRozan,TOR,26.0,78,35.9,23.5,4.5,4.0,1.0,0.3,2.2,0.446,0.338,0.85,0.679,2.2,2016,0.55,0.291,108.8,106.0,2.8,0.208,0.063
202326,DeMarcus Cousins,SAC,25.0,65,34.6,26.9,11.5,3.3,1.6,1.4,3.8,0.451,0.333,0.718,0.446,0.6,2016,0.538,0.351,106.3,104.9,1.3,0.167,0.162
201960,DeMarre Carroll,TOR,29.0,26,30.2,11.0,4.7,1.0,1.7,0.2,1.1,0.389,0.39,0.6,0.615,1.7,2016,0.49,0.176,105.7,103.1,2.6,0.056,0.076
1626153,Delon Wright,TOR,24.0,27,8.5,3.8,1.4,1.1,0.3,0.1,0.6,0.45,0.385,0.743,0.704,0.5,2016,0.54,0.218,102.8,99.6,3.3,0.226,0.079
203471,Dennis Schröder,ATL,22.0,80,20.3,11.0,2.6,4.4,0.9,0.1,2.3,0.421,0.322,0.791,0.588,2.8,2016,0.51,0.286,103.4,95.9,7.5,0.368,0.062
101114,Deron Williams,DAL,32.0,65,32.4,14.1,2.9,5.8,0.9,0.2,2.3,0.414,0.344,0.869,0.477,0.0,2016,0.53,0.218,104.9,104.8,0.1,0.295,0.045
202324,Derrick Favors,UTA,24.0,62,32.0,16.4,8.1,1.5,1.2,1.5,1.7,0.515,0.0,0.709,0.484,1.6,2016,0.551,0.234,105.6,103.2,2.3,0.086,0.134
201565,Derrick Rose,CHI,27.0,66,31.8,16.4,3.4,4.7,0.7,0.2,2.7,0.427,0.293,0.793,0.485,-2.5,2016,0.479,0.266,103.1,106.9,-3.8,0.25,0.05
202682,Derrick Williams,NYK,25.0,80,17.9,9.3,3.7,0.9,0.4,0.1,0.8,0.45,0.293,0.758,0.4,-2.6,2016,0.55,0.23,98.9,105.9,-7.0,0.096,0.1
1626164,Devin Booker,PHX,19.0,76,27.7,13.8,2.5,2.6,0.6,0.3,2.1,0.423,0.343,0.84,0.263,-4.9,2016,0.535,0.228,100.3,108.7,-8.4,0.162,0.043
2734,Devin Harris,DAL,33.0,64,20.0,7.6,2.2,1.8,0.9,0.2,1.0,0.447,0.329,0.721,0.547,-1.4,2016,0.559,0.168,100.0,102.6,-2.6,0.149,0.052
203906,Devyn Marble,ORL,23.0,28,8.9,2.1,1.4,0.4,0.5,0.0,0.3,0.296,0.25,0.417,0.429,-0.5,2016,0.368,0.153,96.7,97.9,-1.2,0.072,0.069
203473,Dewayne Dedmon,ORL,26.0,58,12.2,4.4,3.9,0.2,0.4,0.8,0.6,0.559,0.0,0.75,0.362,-0.6,2016,0.606,0.151,102.3,103.5,-1.1,0.029,0.16
203079,Dion Waiters,OKC,24.0,78,27.6,9.8,2.6,2.0,1.0,0.2,1.5,0.399,0.358,0.713,0.679,2.7,2016,0.492,0.173,110.5,106.0,4.4,0.103,0.045
1717,Dirk Nowitzki,DAL,38.0,75,31.5,18.3,6.5,1.8,0.7,0.7,1.1,0.448,0.368,0.893,0.507,3.4,2016,0.555,0.249,106.8,102.7,4.2,0.096,0.103
202388,Donald Sloan,BKN,28.0,61,21.6,7.0,2.8,4.4,0.5,0.1,1.3,0.44,0.384,0.75,0.213,-2.0,2016,0.536,0.163,103.4,107.9,-4.5,0.293,0.067
202700,Donatas Motiejunas,HOU,25.0,37,14.8,6.2,2.9,1.1,0.5,0.1,1.2,0.439,0.281,0.642,0.514,1.2,2016,0.504,0.214,105.5,101.5,4.0,0.116,0.097
203926,Doug McDermott,CHI,24.0,81,23.0,9.4,2.4,0.7,0.2,0.1,0.7,0.452,0.425,0.857,0.506,-0.8,2016,0.561,0.166,101.6,104.6,-3.0,0.049,0.049
203110,Draymond Green,GSW,26.0,81,34.7,14.0,9.5,7.4,1.5,1.4,3.2,0.49,0.388,0.696,0.901,13.2,2016,0.587,0.184,117.0,99.1,18.0,0.277,0.131
2400,Drew Gooden,WAS,34.0,30,10.2,2.7,2.8,0.4,0.3,0.4,0.4,0.32,0.171,0.643,0.6,-2.8,2016,0.376,0.169,97.1,109.2,-12.2,0.066,0.136
2730,Dwight Howard,HOU,30.0,71,32.1,13.7,11.8,1.4,1.0,1.6,2.3,0.62,0.0,0.489,0.479,0.3,2016,0.604,0.184,106.5,105.6,0.9,0.071,0.182
203939,Dwight Powell,DAL,24.0,69,14.4,5.8,4.0,0.6,0.5,0.3,0.6,0.493,0.125,0.739,0.507,-1.2,2016,0.557,0.175,97.7,100.0,-2.3,0.077,0.135
2548,Dwyane Wade,MIA,34.0,74,30.5,19.0,4.1,4.6,1.1,0.6,2.7,0.456,0.159,0.793,0.581,-0.1,2016,0.517,0.31,105.1,105.5,-0.4,0.267,0.068
202734,E'Twaun Moore,CHI,27.0,59,21.4,7.5,2.3,1.7,0.6,0.3,0.9,0.481,0.452,0.629,0.492,-0.6,2016,0.548,0.157,104.0,105.0,-0.9,0.118,0.05
202334,Ed Davis,POR,27.0,81,20.8,6.5,7.4,1.1,0.7,0.9,0.8,0.611,0.0,0.559,0.531,0.3,2016,0.616,0.125,104.5,103.5,1.0,0.078,0.168
203901,Elfrid Payton,ORL,22.0,73,29.4,10.7,3.6,6.4,1.2,0.3,2.4,0.436,0.326,0.589,0.438,-1.0,2016,0.478,0.198,103.7,105.1,-1.4,0.317,0.06
1882,Elton Brand,PHI,37.0,17,13.2,4.1,3.7,1.1,0.5,0.5,0.6,0.431,0.0,0.889,0.118,-2.2,2016,0.461,0.168,90.1,97.1,-7.0,0.142,0.124
1626144,Emmanuel Mudiay,DEN,20.0,68,30.4,12.8,3.4,5.5,1.0,0.5,3.2,0.364,0.319,0.67,0.426,-1.7,2016,0.437,0.25,104.7,107.9,-3.1,0.281,0.055
202683,Enes Freedom,OKC,24.0,82,21.0,12.7,8.1,0.4,0.3,0.4,1.4,0.576,0.476,0.797,0.671,1.5,2016,0.626,0.229,110.3,106.6,3.8,0.032,0.189
202339,Eric Bledsoe,PHX,26.0,31,34.2,20.4,4.0,6.1,2.0,0.6,3.5,0.453,0.372,0.802,0.387,-1.6,2016,0.557,0.27,103.1,104.8,-1.7,0.298,0.058
201569,Eric Gordon,NOP,27.0,45,32.9,15.2,2.2,2.7,1.0,0.3,1.6,0.418,0.384,0.888,0.311,-1.6,2016,0.565,0.203,103.6,105.9,-2.3,0.129,0.033
101141,Ersan Ilyasova,ORL,29.0,74,25.4,10.4,5.4,0.9,0.7,0.4,1.0,0.424,0.371,0.721,0.473,-1.9,2016,0.526,0.18,103.2,107.2,-4.0,0.055,0.106
203095,Evan Fournier,ORL,23.0,79,32.5,15.4,2.8,2.7,1.2,0.0,1.7,0.462,0.4,0.836,0.418,-2.4,2016,0.587,0.2,104.3,107.6,-3.3,0.128,0.044
202323,Evan Turner,BOS,27.0,81,28.0,10.5,4.9,4.4,1.0,0.3,2.1,0.456,0.241,0.827,0.58,1.2,2016,0.513,0.184,102.5,100.5,2.0,0.247,0.082
203105,Festus Ezeli,GSW,26.0,46,16.7,7.0,5.6,0.7,0.4,1.1,0.8,0.548,0.0,0.53,0.913,4.8,2016,0.559,0.177,111.1,96.8,14.3,0.06,0.161
1626163,Frank Kaminsky,CHA,23.0,81,21.1,7.5,4.1,1.2,0.5,0.5,0.7,0.41,0.337,0.73,0.58,-0.2,2016,0.513,0.166,100.8,101.7,-0.9,0.095,0.094
202066,Garrett Temple,WAS,30.0,80,24.4,7.3,2.7,1.8,0.9,0.2,0.8,0.398,0.345,0.728,0.5,-0.5,2016,0.52,0.14,101.6,101.6,0.0,0.102,0.054
203914,Gary Harris,DEN,21.0,76,32.1,12.3,2.9,1.9,1.3,0.2,1.3,0.469,0.354,0.82,0.408,-2.8,2016,0.566,0.16,105.1,109.2,-4.1,0.093,0.044
202390,Gary Neal,WAS,31.0,40,20.2,9.8,2.1,1.2,0.5,0.0,0.7,0.465,0.41,0.855,0.45,-4.1,2016,0.558,0.204,100.4,110.2,-9.9,0.099,0.053
201588,George Hill,IND,30.0,74,34.1,12.1,4.0,3.5,1.1,0.2,1.4,0.441,0.408,0.76,0.554,1.3,2016,0.555,0.157,103.3,101.5,1.9,0.157,0.058
101123,Gerald Green,MIA,30.0,69,22.6,8.9,2.4,0.8,0.6,0.3,0.7,0.392,0.323,0.783,0.58,0.6,2016,0.491,0.192,103.7,102.9,0.9,0.057,0.052
201945,Gerald Henderson,POR,28.0,72,19.9,8.7,2.9,1.0,0.5,0.3,0.9,0.439,0.353,0.767,0.542,0.3,2016,0.526,0.201,106.0,104.7,1.3,0.084,0.071
203507,Giannis Antetokounmpo,MIL,21.0,80,35.3,16.9,7.7,4.3,1.2,1.4,2.6,0.506,0.257,0.724,0.4,-2.1,2016,0.566,0.221,104.8,107.9,-3.1,0.195,0.112
203922,Glenn Robinson III,IND,22.0,45,11.3,3.8,1.5,0.6,0.4,0.2,0.4,0.43,0.378,0.692,0.533,-0.8,2016,0.508,0.157,98.5,102.0,-3.6,0.077,0.065
201609,Goran Dragic,MIA,30.0,72,32.8,14.1,3.8,5.8,1.0,0.2,2.6,0.477,0.312,0.727,0.611,2.8,2016,0.537,0.211,106.1,102.5,3.6,0.276,0.058
202330,Gordon Hayward,UTA,26.0,80,36.2,19.7,5.0,3.7,1.2,0.3,2.5,0.433,0.349,0.824,0.475,1.2,2016,0.559,0.25,105.2,103.6,1.6,0.181,0.071
203476,Gorgui Dieng,MIN,26.0,82,27.1,10.1,7.1,1.7,1.1,1.2,1.7,0.532,0.3,0.827,0.354,-0.1,2016,0.601,0.165,106.2,106.5,-0.3,0.099,0.138
202328,Greg Monroe,MIL,26.0,79,29.3,15.3,8.8,2.3,0.9,0.8,1.6,0.522,0.0,0.74,0.405,-1.4,2016,0.562,0.231,105.8,108.2,-2.4,0.128,0.157
202349,Greivis Vasquez,MIL,29.0,23,20.0,5.7,2.0,4.0,0.4,0.0,1.7,0.326,0.247,0.846,0.391,-4.1,2016,0.435,0.184,99.2,108.9,-9.7,0.32,0.052
203084,Harrison Barnes,GSW,24.0,66,30.9,11.7,4.9,1.8,0.6,0.2,0.9,0.466,0.383,0.761,0.894,6.8,2016,0.559,0.156,112.0,101.8,10.2,0.077,0.078
202355,Hassan Whiteside,MIA,27.0,73,29.1,14.2,11.8,0.4,0.6,3.7,1.9,0.606,0.0,0.65,0.575,1.2,2016,0.629,0.201,105.5,103.5,1.9,0.022,0.202
203156,Henry Sims,BKN,26.0,14,18.8,6.5,5.1,0.6,0.6,1.0,0.9,0.429,0.0,0.833,0.143,-6.7,2016,0.504,0.168,96.7,112.4,-15.7,0.054,0.134
203138,Hollis Thompson,PHI,25.0,77,28.0,9.8,3.5,1.3,0.5,0.3,1.0,0.397,0.38,0.719,0.13,-4.8,2016,0.525,0.157,98.9,107.7,-8.8,0.072,0.06
203546,Ian Clark,GSW,25.0,66,8.8,3.6,1.0,1.0,0.3,0.2,0.7,0.441,0.357,0.824,0.894,-1.2,2016,0.544,0.193,102.2,109.8,-7.6,0.171,0.058
101133,Ian Mahinmi,IND,29.0,71,25.6,9.3,7.1,1.5,0.9,1.1,1.4,0.589,0.0,0.587,0.577,1.6,2016,0.603,0.157,102.9,99.3,3.6,0.09,0.137
202697,Iman Shumpert,CLE,26.0,54,24.4,5.8,3.8,1.7,1.0,0.4,1.1,0.374,0.295,0.784,0.722,3.4,2016,0.475,0.13,108.2,100.4,7.8,0.1,0.077
203477,Isaiah Canaan,PHI,25.0,77,25.5,11.0,2.3,1.8,0.7,0.2,1.2,0.36,0.363,0.833,0.13,-6.3,2016,0.528,0.191,95.9,108.2,-12.3,0.12,0.042
202738,Isaiah Thomas,BOS,27.0,82,32.2,22.2,3.0,6.2,1.1,0.1,2.7,0.428,0.359,0.871,0.585,3.6,2016,0.562,0.289,108.1,103.2,5.0,0.312,0.043
202397,Ish Smith,PHI,27.0,77,29.1,12.6,4.0,6.5,1.1,0.3,2.3,0.411,0.329,0.693,0.208,-4.5,2016,0.465,0.235,101.7,108.9,-7.3,0.37,0.065
200826,J.J. Barea,DAL,32.0,74,22.5,10.9,2.1,4.1,0.4,0.0,1.5,0.446,0.385,0.771,0.514,-1.0,2016,0.536,0.229,105.0,107.0,-2.0,0.301,0.045
201581,JJ Hickson,WAS,27.0,35,12.5,5.9,3.8,0.7,0.4,0.4,0.7,0.516,0.0,0.447,0.486,-1.7,2016,0.514,0.22,96.7,104.0,-7.2,0.091,0.142
200755,JJ Redick,LAC,32.0,75,28.0,16.3,1.9,1.4,0.6,0.1,1.0,0.48,0.475,0.888,0.667,6.8,2016,0.632,0.22,112.0,100.5,11.5,0.08,0.032
2747,JR Smith,CLE,30.0,77,30.7,12.4,2.8,1.7,1.1,0.3,0.8,0.415,0.4,0.634,0.688,4.0,2016,0.542,0.177,112.2,105.6,6.5,0.082,0.047
203960,JaKarr Sampson,DEN,23.0,73,15.9,5.1,2.6,0.6,0.3,0.5,1.0,0.442,0.222,0.656,0.247,-3.2,2016,0.504,0.165,98.2,105.3,-7.1,0.062,0.078
203210,JaMychal Green,MEM,26.0,78,18.5,7.4,4.8,0.9,0.6,0.4,1.1,0.465,0.333,0.752,0.5,-0.6,2016,0.52,0.188,103.2,104.5,-1.3,0.074,0.131
201580,JaVale McGee,DAL,28.0,34,10.9,5.1,3.9,0.1,0.1,0.8,0.6,0.575,0.0,0.5,0.441,-1.6,2016,0.574,0.206,96.2,102.4,-6.2,0.015,0.172
203953,Jabari Parker,MIL,21.0,76,31.7,14.1,5.2,1.7,0.9,0.4,1.5,0.493,0.257,0.768,0.421,-2.5,2016,0.535,0.206,103.9,107.7,-3.8,0.086,0.084
203109,Jae Crowder,BOS,25.0,73,31.6,14.2,5.1,1.8,1.7,0.5,1.1,0.443,0.336,0.82,0.589,3.0,2016,0.565,0.181,107.4,102.6,4.8,0.087,0.075
1626143,Jahlil Okafor,PHI,20.0,53,30.0,17.5,7.0,1.2,0.4,1.2,2.3,0.508,0.167,0.686,0.113,-9.3,2016,0.536,0.272,92.7,108.4,-15.7,0.088,0.117
2037,Jamal Crawford,LAC,36.0,79,26.9,14.2,1.8,2.3,0.7,0.2,1.4,0.404,0.34,0.904,0.646,2.1,2016,0.529,0.239,104.8,102.8,2.0,0.145,0.034
2749,Jameer Nelson,DEN,34.0,39,26.6,7.7,2.9,4.9,0.6,0.1,1.7,0.368,0.299,0.857,0.308,-3.4,2016,0.464,0.163,102.5,109.5,-7.1,0.287,0.055
202341,James Anderson,SAC,27.0,51,14.1,3.5,1.7,0.8,0.4,0.3,0.8,0.376,0.267,0.759,0.373,-1.6,2016,0.469,0.134,100.8,105.7,-4.8,0.078,0.055
203516,James Ennis III,NOP,25.0,22,14.9,7.2,1.9,1.0,0.7,0.2,0.9,0.478,0.448,0.735,0.5,-2.0,2016,0.621,0.196,104.7,110.5,-5.8,0.104,0.067
201935,James Harden,HOU,26.0,82,38.1,29.0,6.1,7.5,1.7,0.6,4.6,0.439,0.359,0.86,0.5,1.5,2016,0.598,0.319,108.6,106.9,1.6,0.354,0.079
201949,James Johnson,TOR,29.0,57,16.2,5.0,2.2,1.2,0.5,0.6,0.9,0.475,0.303,0.574,0.614,0.1,2016,0.532,0.157,104.9,105.1,-0.2,0.113,0.07
2592,James Jones,CLE,35.0,48,9.7,3.7,1.0,0.3,0.2,0.2,0.3,0.408,0.394,0.808,0.688,-0.4,2016,0.58,0.156,96.1,99.7,-3.6,0.054,0.05
203949,James Michael McAdoo,GSW,23.0,41,6.4,2.9,1.4,0.4,0.2,0.2,0.4,0.536,0.5,0.531,0.902,-2.1,2016,0.554,0.194,97.3,114.4,-17.1,0.11,0.111
203923,James Young,BOS,20.0,29,6.9,1.0,0.9,0.3,0.2,0.0,0.2,0.306,0.231,0.25,0.414,-0.9,2016,0.384,0.092,98.6,104.3,-5.7,0.063,0.063
203099,Jared Cunningham,CLE,25.0,44,9.3,2.7,0.9,0.5,0.3,0.0,0.5,0.343,0.308,0.655,0.705,-1.0,2016,0.464,0.166,98.5,103.4,-4.8,0.074,0.048
201162,Jared Dudley,WAS,30.0,81,25.9,7.9,3.5,2.1,0.9,0.2,1.0,0.478,0.42,0.735,0.494,0.7,2016,0.602,0.127,105.1,103.3,1.7,0.112,0.069
203096,Jared Sullinger,BOS,24.0,81,23.6,10.3,8.3,2.3,0.9,0.6,1.3,0.435,0.282,0.64,0.58,2.6,2016,0.476,0.216,107.4,102.1,5.3,0.148,0.167
1626185,Jarell Martin,MEM,22.0,27,14.1,5.7,3.2,0.6,0.3,0.3,0.7,0.466,0.0,0.726,0.37,-1.4,2016,0.534,0.179,102.0,106.1,-4.1,0.065,0.11
101127,Jarrett Jack,BKN,32.0,32,32.1,12.8,4.3,7.4,1.1,0.2,2.9,0.391,0.304,0.893,0.313,-4.1,2016,0.505,0.209,101.8,107.7,-6.0,0.34,0.066
201160,Jason Smith,ORL,30.0,76,15.5,7.2,2.9,0.8,0.4,0.9,0.8,0.485,0.25,0.806,0.434,-0.5,2016,0.513,0.218,101.9,103.0,-1.1,0.087,0.094
1891,Jason Terry,HOU,38.0,72,17.5,5.9,1.1,1.4,0.7,0.1,0.7,0.402,0.356,0.818,0.514,0.4,2016,0.54,0.146,106.1,106.9,-0.8,0.125,0.031
201574,Jason Thompson,TOR,29.0,47,10.0,3.1,2.9,0.6,0.3,0.4,0.3,0.481,0.333,0.704,0.809,-0.1,2016,0.558,0.137,104.4,105.5,-1.1,0.094,0.139
201145,Jeff Green,LAC,29.0,80,28.2,11.7,4.2,1.7,0.7,0.5,1.2,0.43,0.315,0.745,0.6,-0.5,2016,0.51,0.204,103.7,104.8,-1.0,0.102,0.075
201952,Jeff Teague,ATL,28.0,79,28.5,15.7,2.7,5.9,1.2,0.3,2.8,0.439,0.401,0.837,0.595,0.8,2016,0.551,0.259,103.2,102.1,1.1,0.341,0.045
203481,Jeff Withey,UTA,26.0,51,12.9,4.3,3.4,0.4,0.4,1.0,0.5,0.537,0.0,0.729,0.49,1.1,2016,0.577,0.149,100.8,97.8,3.0,0.051,0.136
203924,Jerami Grant,PHI,22.0,77,26.8,9.7,4.7,1.8,0.7,1.6,1.4,0.419,0.24,0.658,0.117,-6.4,2016,0.506,0.179,96.0,106.6,-10.7,0.106,0.084
202379,Jeremy Evans,DAL,28.0,30,8.4,2.4,1.8,0.1,0.2,0.3,0.2,0.542,0.25,0.714,0.533,-1.4,2016,0.62,0.109,93.9,99.5,-5.6,0.013,0.099
203087,Jeremy Lamb,CHA,24.0,66,18.6,8.8,3.8,1.2,0.6,0.5,0.8,0.451,0.309,0.727,0.606,2.3,2016,0.529,0.214,102.0,95.8,6.2,0.111,0.097
202391,Jeremy Lin,CHA,27.0,78,26.3,11.7,3.2,3.0,0.7,0.5,1.9,0.412,0.336,0.815,0.603,1.1,2016,0.534,0.217,103.5,101.2,2.2,0.192,0.059
1626170,Jerian Grant,NYK,23.0,76,16.6,5.6,1.9,2.3,0.7,0.1,1.1,0.394,0.22,0.78,0.382,-2.2,2016,0.479,0.185,97.3,103.9,-6.5,0.236,0.054
201573,Jerryd Bayless,MIL,27.0,52,28.9,10.4,2.7,3.1,0.9,0.2,1.4,0.423,0.437,0.778,0.404,-3.6,2016,0.568,0.164,103.1,109.1,-6.0,0.168,0.048
202710,Jimmy Butler III,CHI,26.0,67,36.9,20.9,5.3,4.8,1.6,0.6,2.0,0.454,0.312,0.832,0.552,-0.2,2016,0.562,0.242,104.2,104.5,-0.3,0.218,0.068
201149,Joakim Noah,CHI,31.0,29,21.9,4.3,8.8,3.8,0.6,1.0,1.8,0.383,0.0,0.489,0.517,-1.2,2016,0.406,0.137,98.8,99.9,-1.2,0.256,0.179
204060,Joe Ingles,UTA,28.0,81,15.3,4.2,1.9,1.2,0.7,0.0,0.8,0.426,0.386,0.722,0.494,0.0,2016,0.572,0.128,99.4,100.3,-0.9,0.125,0.061
2207,Joe Johnson,MIA,35.0,81,33.4,12.2,3.6,3.9,0.8,0.0,2.0,0.439,0.383,0.831,0.383,-0.7,2016,0.538,0.178,105.6,106.5,-0.9,0.172,0.056
1626202,Joe Young,IND,24.0,41,9.4,3.8,1.2,1.6,0.4,0.0,0.8,0.367,0.217,0.8,0.463,-0.8,2016,0.428,0.233,97.8,102.1,-4.4,0.261,0.061
203530,Joffrey Lauvergne,DEN,24.0,59,17.6,7.9,4.9,0.9,0.2,0.3,0.9,0.513,0.245,0.899,0.407,-3.7,2016,0.567,0.196,101.0,110.8,-9.8,0.093,0.138
203089,John Henson,MIL,25.0,57,16.8,7.0,3.9,0.9,0.3,1.9,1.1,0.564,0.0,0.59,0.386,-2.6,2016,0.58,0.188,96.6,103.4,-6.8,0.096,0.113
203098,John Jenkins,PHX,25.0,43,11.2,4.1,1.3,0.8,0.2,0.0,0.6,0.444,0.314,0.833,0.419,-1.5,2016,0.522,0.167,98.7,105.6,-6.9,0.111,0.054
202322,John Wall,WAS,25.0,77,36.2,19.9,4.9,10.2,1.9,0.8,4.1,0.424,0.351,0.791,0.481,1.3,2016,0.51,0.28,105.8,104.1,1.7,0.449,0.068
203948,Johnny O'Bryant III,MIL,23.0,66,13.0,3.0,2.7,0.5,0.3,0.1,0.5,0.411,1.0,0.675,0.409,-2.0,2016,0.441,0.135,99.7,106.6,-6.9,0.057,0.106
202720,Jon Leuer,PHX,27.0,67,18.7,8.5,5.6,1.1,0.6,0.4,1.1,0.481,0.382,0.762,0.328,-1.0,2016,0.555,0.195,101.7,103.9,-2.2,0.09,0.143
201973,Jonas Jerebko,BOS,29.0,78,15.1,4.4,3.7,0.8,0.3,0.3,0.7,0.413,0.398,0.782,0.603,0.4,2016,0.531,0.133,101.1,98.1,3.0,0.078,0.115
202685,Jonas Valančiūnas,TOR,24.0,60,25.9,12.8,9.1,0.7,0.4,1.3,1.4,0.565,0.0,0.761,0.667,2.5,2016,0.61,0.204,110.8,107.1,3.7,0.045,0.185
203613,Jonathon Simmons,SAS,26.0,55,14.8,6.0,1.7,1.1,0.4,0.1,1.0,0.504,0.383,0.75,0.855,1.7,2016,0.586,0.183,107.2,101.0,6.3,0.108,0.063
203903,Jordan Clarkson,LAL,24.0,79,32.3,15.5,4.0,2.4,1.1,0.1,1.7,0.433,0.347,0.804,0.215,-7.9,2016,0.516,0.225,99.8,111.9,-12.1,0.139,0.059
200770,Jordan Farmar,MEM,29.0,12,24.3,9.2,2.1,3.1,1.3,0.2,1.5,0.42,0.356,1.0,0.167,-5.3,2016,0.527,0.178,101.0,112.7,-11.7,0.198,0.044
202706,Jordan Hamilton,NOP,25.0,11,27.6,11.4,5.6,2.3,0.7,0.3,1.5,0.422,0.289,0.667,0.364,-5.8,2016,0.499,0.203,104.2,114.2,-10.0,0.128,0.103
201941,Jordan Hill,IND,28.0,73,20.7,8.8,6.2,1.2,0.5,0.5,1.3,0.506,0.0,0.712,0.548,0.7,2016,0.534,0.201,102.6,101.2,1.3,0.096,0.143
101181,Jose Calderon,NYK,34.0,72,28.1,7.6,3.2,4.1,0.9,0.1,1.2,0.459,0.414,0.875,0.403,-1.0,2016,0.571,0.124,105.5,107.2,-1.7,0.213,0.056
201177,Josh McRoberts,MIA,29.0,42,14.2,3.6,2.5,1.9,0.4,0.2,0.7,0.372,0.245,0.7,0.643,0.1,2016,0.453,0.148,102.6,102.0,0.6,0.204,0.091
1626196,Josh Richardson,MIA,22.0,52,21.3,6.6,2.1,1.4,0.7,0.5,0.7,0.452,0.461,0.667,0.558,0.8,2016,0.569,0.134,104.3,102.5,1.8,0.098,0.048
2746,Josh Smith,HOU,30.0,55,16.0,6.0,3.5,1.6,0.6,0.9,1.4,0.364,0.287,0.552,0.564,-1.4,2016,0.439,0.221,96.7,101.5,-4.7,0.172,0.102
201950,Jrue Holiday,NOP,26.0,65,28.2,16.8,3.0,6.0,1.4,0.3,2.6,0.439,0.336,0.843,0.415,0.4,2016,0.529,0.283,106.7,106.1,0.6,0.365,0.053
203944,Julius Randle,LAL,21.0,81,28.2,11.3,10.2,1.8,0.7,0.4,1.8,0.429,0.278,0.715,0.21,-8.4,2016,0.482,0.209,98.9,113.0,-14.1,0.111,0.174
1626147,Justin Anderson,DAL,22.0,55,11.8,3.8,2.4,0.5,0.3,0.5,0.4,0.406,0.265,0.8,0.509,0.1,2016,0.522,0.152,100.7,99.3,1.4,0.071,0.096
203200,Justin Holiday,CHI,27.0,53,14.6,4.5,1.7,1.1,0.6,0.4,0.7,0.386,0.343,0.73,0.528,-1.7,2016,0.489,0.16,100.5,104.5,-4.0,0.111,0.057
1626159,Justise Winslow,MIA,20.0,78,28.6,6.4,5.2,1.5,0.9,0.3,1.2,0.422,0.276,0.684,0.59,1.4,2016,0.489,0.122,102.7,100.3,2.4,0.077,0.091
203994,Jusuf Nurkić,DEN,21.0,32,17.1,8.2,5.5,1.3,0.8,1.4,1.7,0.417,0.0,0.616,0.438,-0.2,2016,0.46,0.266,104.7,105.3,-0.6,0.123,0.155
203909,KJ McDaniels,HOU,23.0,37,6.4,2.4,1.1,0.3,0.2,0.2,0.5,0.403,0.28,0.8,0.459,2.0,2016,0.522,0.179,108.1,93.3,14.9,0.059,0.08
1626157,Karl-Anthony Towns,MIN,20.0,82,32.0,18.3,10.5,2.0,0.7,1.7,2.2,0.542,0.341,0.811,0.354,-1.6,2016,0.59,0.243,106.8,109.3,-2.5,0.108,0.169
202695,Kawhi Leonard,SAS,25.0,72,33.0,21.2,6.8,2.6,1.8,1.0,1.5,0.506,0.443,0.874,0.833,9.1,2016,0.616,0.252,110.0,95.9,14.1,0.128,0.106
203482,Kelly Olynyk,BOS,25.0,69,20.2,10.0,4.1,1.5,0.8,0.5,1.1,0.455,0.405,0.75,0.58,3.2,2016,0.561,0.204,103.6,96.8,6.8,0.119,0.092
1626162,Kelly Oubre Jr.,WAS,20.0,63,10.7,3.7,2.1,0.2,0.3,0.1,0.5,0.427,0.316,0.633,0.492,-0.7,2016,0.507,0.166,100.4,103.0,-2.6,0.029,0.095
202689,Kemba Walker,CHA,26.0,81,35.6,20.9,4.4,5.2,1.6,0.5,2.1,0.427,0.371,0.847,0.58,3.0,2016,0.554,0.261,107.4,103.6,3.8,0.253,0.06
203088,Kendall Marshall,PHI,24.0,30,13.3,3.7,0.9,2.4,0.5,0.1,1.4,0.364,0.327,0.692,0.1,-3.8,2016,0.449,0.179,98.0,111.1,-13.1,0.266,0.034
2570,Kendrick Perkins,NOP,31.0,37,14.6,2.5,3.5,0.8,0.3,0.3,1.1,0.533,0.0,0.44,0.351,-2.1,2016,0.529,0.103,103.7,109.7,-6.0,0.077,0.122
202702,Kenneth Faried,DEN,26.0,67,25.3,12.5,8.7,1.2,0.5,0.9,1.4,0.558,0.5,0.613,0.388,-1.6,2016,0.577,0.203,106.5,110.0,-3.5,0.077,0.17
203145,Kent Bazemore,ATL,26.0,75,27.8,11.6,5.1,2.3,1.3,0.5,1.8,0.441,0.357,0.815,0.587,1.0,2016,0.551,0.195,102.8,100.6,2.3,0.127,0.088
203484,Kentavious Caldwell-Pope,DET,23.0,76,36.7,14.5,3.7,1.8,1.4,0.2,1.4,0.42,0.309,0.811,0.539,2.3,2016,0.521,0.177,106.5,103.9,2.6,0.075,0.048
201142,Kevin Durant,OKC,27.0,72,35.8,28.2,8.2,5.0,1.0,1.2,3.5,0.505,0.387,0.898,0.722,9.0,2016,0.634,0.298,114.5,102.9,11.6,0.23,0.11
708,Kevin Garnett,MIN,40.0,38,14.6,3.2,3.9,1.6,0.7,0.3,0.4,0.47,0.0,0.667,0.368,1.5,2016,0.491,0.114,102.0,97.4,4.6,0.164,0.135
201567,Kevin Love,CLE,27.0,77,31.5,16.0,9.9,2.4,0.8,0.5,1.8,0.419,0.36,0.822,0.688,5.6,2016,0.553,0.233,112.4,103.6,8.8,0.119,0.162
2755,Kevin Martin,SAS,33.0,55,19.9,9.3,2.0,1.1,0.5,0.1,1.0,0.372,0.36,0.89,0.436,-2.2,2016,0.52,0.217,101.0,106.4,-5.4,0.089,0.051
202338,Kevin Seraphin,NYK,26.0,48,11.0,3.9,2.6,1.0,0.2,0.8,0.9,0.41,0.0,0.826,0.313,-1.8,2016,0.435,0.219,92.7,100.4,-7.6,0.157,0.114
203114,Khris Middleton,MIL,24.0,79,36.1,18.2,3.8,4.2,1.7,0.2,2.3,0.444,0.396,0.888,0.418,-0.4,2016,0.56,0.224,105.6,106.4,-0.8,0.183,0.054
2550,Kirk Hinrich,ATL,35.0,46,13.7,3.0,1.5,1.6,0.3,0.0,0.7,0.38,0.387,0.938,0.565,0.3,2016,0.504,0.113,99.8,98.5,1.3,0.173,0.052
202691,Klay Thompson,GSW,26.0,80,33.3,22.1,3.8,2.1,0.8,0.6,1.7,0.47,0.425,0.873,0.888,10.5,2016,0.597,0.26,116.0,101.3,14.6,0.094,0.055
977,Kobe Bryant,LAL,37.0,66,28.2,17.6,3.7,2.8,0.9,0.2,2.0,0.358,0.285,0.826,0.197,-8.6,2016,0.469,0.314,100.1,114.9,-14.8,0.183,0.063
201585,Kosta Koufos,SAC,27.0,78,19.0,6.8,5.4,0.4,0.5,0.9,0.6,0.532,0.0,0.548,0.41,-2.9,2016,0.54,0.152,101.2,107.8,-6.6,0.034,0.138
203123,Kostas Papanikolaou,DEN,25.0,26,11.3,2.6,1.5,0.6,0.5,0.2,0.8,0.364,0.313,0.643,0.308,-0.3,2016,0.464,0.141,97.9,100.3,-2.4,0.077,0.067
2743,Kris Humphries,ATL,31.0,53,15.7,6.5,4.1,0.7,0.3,0.4,0.7,0.41,0.315,0.798,0.547,-1.9,2016,0.517,0.189,101.2,105.5,-4.3,0.068,0.126
204001,Kristaps Porziņģis,NYK,20.0,72,28.4,14.3,7.3,1.3,0.7,1.9,1.7,0.421,0.333,0.838,0.389,0.2,2016,0.518,0.243,104.6,104.3,0.3,0.076,0.124
203937,Kyle Anderson,SAS,22.0,78,16.0,4.5,3.1,1.6,0.8,0.4,0.8,0.468,0.324,0.747,0.821,2.6,2016,0.528,0.143,106.1,97.5,8.6,0.14,0.104
2594,Kyle Korver,ATL,35.0,80,30.0,9.2,3.3,2.1,0.8,0.4,1.2,0.434,0.398,0.833,0.575,5.4,2016,0.577,0.132,105.5,98.3,7.2,0.095,0.053
200768,Kyle Lowry,TOR,30.0,77,37.0,21.2,4.7,6.4,2.1,0.4,2.9,0.427,0.388,0.811,0.701,4.9,2016,0.578,0.256,110.8,104.4,6.4,0.293,0.066
203124,Kyle O'Quinn,NYK,26.0,65,11.8,4.8,3.8,1.1,0.3,0.8,0.9,0.476,0.227,0.767,0.4,-0.9,2016,0.52,0.206,99.9,103.8,-3.9,0.161,0.155
202713,Kyle Singler,OKC,28.0,68,14.4,3.4,2.1,0.4,0.4,0.1,0.5,0.389,0.309,0.659,0.632,-0.3,2016,0.481,0.113,103.1,103.8,-0.6,0.035,0.068
202681,Kyrie Irving,CLE,24.0,53,31.5,19.6,3.0,4.7,1.1,0.3,2.3,0.448,0.321,0.885,0.698,3.9,2016,0.54,0.285,111.6,105.8,5.8,0.253,0.048
200746,LaMarcus Aldridge,SAS,30.0,74,30.6,18.0,8.5,1.5,0.5,1.1,1.3,0.513,0.0,0.858,0.824,6.9,2016,0.565,0.258,109.6,97.9,11.7,0.081,0.144
203934,Lamar Patterson,ATL,24.0,35,11.3,2.4,1.4,1.1,0.3,0.1,0.7,0.35,0.245,0.727,0.657,0.9,2016,0.468,0.123,106.3,102.1,4.2,0.134,0.065
202362,Lance Stephenson,MEM,25.0,69,19.9,8.3,3.2,1.9,0.6,0.1,1.4,0.481,0.385,0.784,0.522,-0.9,2016,0.548,0.194,103.7,106.2,-2.5,0.152,0.081
202498,Lance Thomas,NYK,28.0,59,22.3,8.2,2.2,0.9,0.4,0.1,1.0,0.442,0.404,0.857,0.424,-0.7,2016,0.557,0.166,102.9,103.5,-0.6,0.066,0.049
204038,Langston Galloway,NYK,24.0,82,24.8,7.6,3.5,2.5,0.9,0.3,0.7,0.393,0.344,0.754,0.39,-1.3,2016,0.49,0.151,100.8,103.4,-2.6,0.161,0.068
1626204,Larry Nance Jr.,LAL,23.0,63,20.1,5.5,5.0,0.7,0.9,0.4,0.7,0.527,0.1,0.681,0.222,-1.5,2016,0.544,0.124,101.4,104.8,-3.4,0.055,0.12
202730,Lavoy Allen,IND,27.0,79,20.2,5.4,5.4,1.0,0.3,0.5,0.9,0.516,0.0,0.63,0.544,2.4,2016,0.532,0.128,104.8,98.9,6.0,0.07,0.13
2544,LeBron James,CLE,31.0,76,35.6,25.3,7.4,6.8,1.4,0.6,3.3,0.52,0.309,0.731,0.737,8.1,2016,0.588,0.305,114.0,102.6,11.4,0.339,0.106
2571,Leandro Barbosa,GSW,33.0,68,15.9,6.4,1.7,1.2,0.6,0.1,0.8,0.462,0.355,0.839,0.882,0.6,2016,0.545,0.174,106.0,103.4,2.6,0.112,0.052
200811,Lou Amundson,NYK,33.0,29,7.0,1.8,1.7,0.4,0.2,0.2,0.5,0.358,0.0,0.519,0.379,-1.6,2016,0.401,0.166,89.4,100.5,-11.1,0.107,0.108
101150,Lou Williams,LAL,29.0,67,28.5,15.3,2.5,2.5,0.9,0.3,1.6,0.408,0.344,0.83,0.209,-6.0,2016,0.584,0.221,100.9,111.0,-10.2,0.149,0.043
201601,Luc Mbah a Moute,LAC,29.0,75,17.0,3.1,2.3,0.4,0.6,0.3,0.5,0.454,0.325,0.526,0.653,2.1,2016,0.498,0.095,107.0,98.6,8.3,0.032,0.065
203512,Lucas Nogueira,TOR,23.0,29,7.7,2.2,1.6,0.2,0.4,0.4,0.4,0.636,0.333,0.533,0.586,0.8,2016,0.642,0.12,107.8,103.5,4.3,0.044,0.099
2449,Luis Scola,TOR,36.0,76,21.5,8.7,4.7,0.9,0.6,0.4,0.9,0.45,0.404,0.726,0.658,-0.3,2016,0.523,0.19,105.1,107.0,-1.9,0.066,0.114
202337,Luke Babbitt,NOP,27.0,47,18.0,7.0,3.1,1.1,0.2,0.1,0.5,0.422,0.404,0.78,0.34,-0.6,2016,0.526,0.168,105.7,108.2,-2.5,0.092,0.086
2736,Luol Deng,MIA,31.0,74,32.4,12.3,6.0,1.9,1.0,0.4,1.1,0.455,0.344,0.755,0.608,0.3,2016,0.549,0.168,104.3,103.9,0.5,0.087,0.094
1938,Manu Ginobili,SAS,38.0,58,19.6,9.6,2.5,3.1,1.1,0.2,1.7,0.453,0.391,0.813,0.81,5.7,2016,0.573,0.227,107.8,93.1,14.6,0.234,0.065
201188,Marc Gasol,MEM,31.0,52,34.4,16.6,7.0,3.8,1.0,1.3,2.3,0.464,0.667,0.829,0.577,0.2,2016,0.528,0.237,104.1,103.9,0.1,0.195,0.104
1626273,Marcelo Huertas,LAL,33.0,53,16.4,4.5,1.7,3.4,0.5,0.1,1.5,0.422,0.262,0.931,0.151,0.4,2016,0.488,0.161,102.9,101.1,1.7,0.327,0.051
101162,Marcin Gortat,WAS,32.0,75,30.1,13.5,9.9,1.4,0.6,1.3,1.6,0.567,0.0,0.705,0.467,0.8,2016,0.592,0.186,105.2,103.8,1.3,0.072,0.161
201158,Marco Belinelli,SAC,30.0,68,24.6,10.2,1.7,1.9,0.5,0.0,1.2,0.386,0.306,0.833,0.397,-2.7,2016,0.5,0.193,101.0,106.7,-5.7,0.117,0.034
202694,Marcus Morris Sr.,DET,26.0,80,35.7,14.1,5.1,2.5,0.8,0.3,1.8,0.434,0.362,0.749,0.525,2.0,2016,0.531,0.182,106.3,104.0,2.4,0.107,0.07
203935,Marcus Smart,BOS,22.0,61,27.3,9.1,4.2,3.0,1.5,0.3,1.3,0.348,0.253,0.777,0.59,1.4,2016,0.463,0.168,103.1,100.6,2.5,0.162,0.07
201977,Marcus Thornton,WAS,29.0,61,18.2,9.7,2.5,1.4,0.8,0.1,0.8,0.399,0.337,0.848,0.525,0.7,2016,0.511,0.235,104.8,104.0,0.8,0.125,0.065
201596,Mario Chalmers,MIA,30.0,61,22.5,10.3,2.6,3.8,1.4,0.2,1.8,0.41,0.309,0.832,0.623,1.2,2016,0.561,0.214,104.0,101.7,2.3,0.27,0.058
1626209,Mario Hezonja,ORL,21.0,79,17.9,6.1,2.2,1.4,0.5,0.2,1.2,0.433,0.349,0.907,0.418,0.0,2016,0.541,0.166,102.6,102.7,-0.1,0.113,0.062
203900,Markel Brown,BKN,24.0,62,15.8,5.9,2.0,1.5,0.6,0.2,0.9,0.394,0.314,0.755,0.194,-3.8,2016,0.5,0.183,102.5,113.5,-11.0,0.142,0.063
202693,Markieff Morris,WAS,26.0,64,25.5,12.0,5.5,1.9,0.9,0.5,2.1,0.425,0.303,0.735,0.344,-1.4,2016,0.489,0.24,102.2,104.5,-2.3,0.125,0.108
201578,Marreese Speights,GSW,28.0,72,11.6,7.1,3.3,0.8,0.3,0.5,0.9,0.432,0.387,0.825,0.889,0.2,2016,0.506,0.293,105.2,104.1,1.1,0.126,0.138
101107,Marvin Williams,CHA,30.0,81,28.9,11.7,6.4,1.4,0.7,1.0,0.8,0.452,0.402,0.833,0.58,3.1,2016,0.585,0.166,108.5,103.6,5.0,0.074,0.109
203486,Mason Plumlee,POR,26.0,82,25.4,9.1,7.7,2.8,0.8,1.0,1.9,0.516,0.0,0.642,0.537,0.4,2016,0.564,0.171,109.0,107.4,1.6,0.161,0.149
2440,Matt Barnes,MEM,36.0,76,28.8,10.0,5.5,2.1,1.0,0.8,1.6,0.381,0.322,0.804,0.5,-2.8,2016,0.503,0.175,103.2,107.7,-4.5,0.117,0.095
2588,Matt Bonner,SAS,36.0,30,6.9,2.5,0.9,0.3,0.2,0.0,0.1,0.509,0.441,0.75,0.833,2.1,2016,0.647,0.14,111.8,97.8,14.0,0.061,0.073
203521,Matthew Dellavedova,CLE,25.0,76,24.6,7.5,2.1,4.4,0.6,0.1,1.5,0.405,0.41,0.864,0.711,5.0,2016,0.527,0.155,110.0,99.7,10.3,0.265,0.043
203090,Maurice Harkless,POR,23.0,78,18.7,6.4,3.6,0.9,0.6,0.4,0.8,0.474,0.279,0.622,0.513,0.4,2016,0.541,0.153,106.8,105.5,1.3,0.068,0.092
1897,Metta World Peace,LAL,36.0,35,16.9,5.0,2.5,0.8,0.6,0.3,0.4,0.311,0.31,0.702,0.171,-1.9,2016,0.435,0.162,96.5,101.4,-4.9,0.078,0.069
203086,Meyers Leonard,POR,24.0,61,21.8,8.4,5.1,1.5,0.1,0.3,1.3,0.448,0.377,0.761,0.541,1.6,2016,0.561,0.174,108.5,105.3,3.2,0.103,0.115
201563,Michael Beasley,HOU,27.0,20,18.1,12.8,4.9,0.8,0.6,0.5,1.2,0.522,0.333,0.776,0.5,-3.4,2016,0.563,0.284,100.9,109.3,-8.3,0.086,0.123
203487,Michael Carter-Williams,MIL,24.0,54,30.5,11.5,5.1,5.2,1.5,0.8,2.8,0.452,0.273,0.654,0.389,-2.4,2016,0.497,0.206,102.3,105.9,-3.6,0.264,0.085
203077,Michael Kidd-Gilchrist,CHA,22.0,7,29.2,12.7,6.4,1.3,0.4,0.4,1.1,0.541,0.429,0.69,0.714,8.3,2016,0.603,0.173,110.5,96.6,13.9,0.069,0.104
201144,Mike Conley,MEM,28.0,56,31.4,15.3,2.9,6.1,1.2,0.3,1.5,0.422,0.363,0.834,0.589,1.2,2016,0.538,0.225,105.7,104.5,1.2,0.324,0.048
2399,Mike Dunleavy,CHI,35.0,31,22.7,7.2,2.7,1.3,0.5,0.3,0.8,0.41,0.394,0.784,0.419,-2.1,2016,0.543,0.141,106.5,111.6,-5.2,0.076,0.058
2034,Mike Miller,DEN,36.0,47,7.9,1.3,1.1,0.9,0.3,0.1,0.4,0.355,0.365,0.0,0.447,-1.9,2016,0.508,0.089,95.3,109.2,-13.9,0.159,0.067
203488,Mike Muscala,ATL,24.0,60,9.4,3.3,2.0,0.6,0.2,0.5,0.5,0.5,0.308,0.795,0.567,-0.6,2016,0.576,0.152,97.5,100.5,-3.0,0.099,0.104
203118,Mike Scott,ATL,27.0,75,15.3,6.2,2.7,1.0,0.3,0.2,0.6,0.468,0.392,0.794,0.613,1.5,2016,0.575,0.171,99.7,94.4,5.2,0.106,0.087
203101,Miles Plumlee,MIL,27.0,61,14.3,5.1,3.8,0.3,0.3,0.8,0.7,0.601,0.0,0.576,0.377,-1.7,2016,0.606,0.151,98.0,103.6,-5.6,0.03,0.131
203141,Mirza Teletovic,PHX,30.0,79,21.3,12.2,3.8,1.1,0.4,0.3,1.1,0.427,0.393,0.774,0.291,-2.2,2016,0.571,0.229,103.9,108.4,-4.6,0.088,0.086
2590,Mo Williams,CLE,33.0,41,18.2,8.2,1.8,2.4,0.3,0.1,1.4,0.437,0.353,0.905,0.659,-1.2,2016,0.527,0.222,98.8,102.3,-3.5,0.231,0.047
101145,Monta Ellis,IND,30.0,81,33.8,13.8,3.3,4.7,1.9,0.5,2.5,0.427,0.309,0.786,0.543,1.3,2016,0.504,0.208,103.6,101.8,1.8,0.222,0.048
1626149,Montrezl Harrell,HOU,22.0,39,9.7,3.6,1.7,0.4,0.3,0.3,0.4,0.644,0.0,0.522,0.436,1.0,2016,0.635,0.141,107.1,102.2,4.9,0.067,0.082
1626167,Myles Turner,IND,20.0,60,22.8,10.3,5.5,0.7,0.4,1.4,1.1,0.498,0.214,0.727,0.533,-1.2,2016,0.531,0.207,99.2,101.6,-2.5,0.05,0.117
202357,Nemanja Bjelica,MIN,28.0,60,17.9,5.1,3.5,1.4,0.4,0.4,0.8,0.468,0.384,0.727,0.333,-2.1,2016,0.594,0.123,101.9,107.6,-5.7,0.115,0.101
2403,Nene,WAS,33.0,57,19.2,9.2,4.5,1.7,0.9,0.5,1.3,0.544,0.0,0.578,0.491,0.5,2016,0.564,0.218,102.7,101.4,1.3,0.145,0.123
203457,Nerlens Noel,PHI,22.0,67,29.3,11.1,8.1,1.8,1.8,1.5,2.4,0.521,0.5,0.59,0.149,-6.9,2016,0.544,0.187,95.5,106.3,-10.8,0.107,0.134
2555,Nick Collison,OKC,35.0,59,11.9,2.1,2.9,0.9,0.3,0.3,0.8,0.459,0.0,0.697,0.661,0.4,2016,0.498,0.105,102.3,100.0,2.3,0.103,0.118
201156,Nick Young,LAL,31.0,54,19.1,7.3,1.8,0.6,0.4,0.1,0.6,0.339,0.325,0.829,0.241,-3.7,2016,0.483,0.182,98.3,107.9,-9.6,0.058,0.046
201587,Nicolas Batum,CHA,27.0,70,35.0,14.9,6.1,5.8,0.9,0.6,2.9,0.426,0.348,0.849,0.586,3.0,2016,0.546,0.209,107.5,103.5,4.0,0.262,0.086
203917,Nik Stauskas,PHI,22.0,73,24.8,8.5,2.5,1.9,0.6,0.3,1.3,0.385,0.326,0.771,0.11,-5.5,2016,0.517,0.163,96.5,107.5,-11.0,0.119,0.049
203999,Nikola Jokić,DEN,21.0,80,21.7,10.0,7.0,2.4,1.0,0.6,1.3,0.512,0.333,0.811,0.388,1.2,2016,0.582,0.194,105.5,103.1,2.4,0.176,0.159
202703,Nikola Mirotic,CHI,25.0,66,24.9,11.8,5.5,1.5,0.9,0.7,1.5,0.407,0.39,0.807,0.561,0.6,2016,0.564,0.209,105.3,104.7,0.7,0.095,0.106
202696,Nikola Vučević,ORL,25.0,65,31.3,18.2,8.9,2.8,0.8,1.1,1.9,0.51,0.222,0.753,0.431,-0.7,2016,0.531,0.265,104.9,106.1,-1.2,0.154,0.142
203943,Noah Vonleh,POR,20.0,78,15.0,3.6,3.9,0.4,0.3,0.3,0.6,0.421,0.239,0.745,0.526,-0.8,2016,0.471,0.13,103.5,105.3,-1.8,0.037,0.128
1626181,Norman Powell,TOR,23.0,49,14.8,5.6,2.3,1.0,0.6,0.2,0.7,0.424,0.404,0.811,0.653,1.3,2016,0.541,0.174,108.9,104.2,4.8,0.102,0.078
202708,Norris Cole,NOP,27.0,45,26.6,10.6,3.4,3.7,0.8,0.1,1.7,0.405,0.324,0.8,0.444,-2.3,2016,0.465,0.212,102.7,107.2,-4.5,0.219,0.063
201564,O.J. Mayo,MIL,28.0,41,26.6,7.8,2.6,2.9,1.2,0.2,1.8,0.371,0.321,0.775,0.415,-1.4,2016,0.474,0.165,101.3,103.5,-2.2,0.156,0.048
201600,Omer Asik,NOP,29.0,68,17.3,4.0,6.1,0.4,0.3,0.3,0.9,0.533,0.0,0.545,0.426,-3.0,2016,0.551,0.114,98.7,107.5,-8.8,0.032,0.172
201956,Omri Casspi,SAC,28.0,69,27.3,11.8,5.9,1.4,0.8,0.2,1.4,0.481,0.409,0.648,0.391,0.1,2016,0.587,0.174,105.6,104.6,1.0,0.074,0.104
203490,Otto Porter Jr.,WAS,23.0,75,30.3,11.6,5.2,1.6,1.4,0.4,0.9,0.473,0.367,0.754,0.48,0.6,2016,0.564,0.159,105.3,103.9,1.5,0.076,0.086
200782,P.J. Tucker,PHX,31.0,82,31.0,8.0,6.2,2.2,1.3,0.2,1.4,0.411,0.33,0.746,0.28,-4.3,2016,0.506,0.125,100.7,107.1,-6.4,0.104,0.098
203798,PJ Hairston,MEM,23.0,66,19.9,6.2,2.6,0.6,0.5,0.2,0.6,0.355,0.29,0.781,0.47,-2.9,2016,0.47,0.161,102.4,108.4,-5.9,0.045,0.065
203143,Pablo Prigioni,LAC,39.0,59,13.9,2.5,1.9,2.2,0.9,0.0,0.8,0.374,0.295,0.875,0.627,-1.1,2016,0.482,0.108,96.2,100.4,-4.1,0.235,0.068
201976,Patrick Beverley,HOU,27.0,71,28.7,9.9,3.5,3.4,1.3,0.4,1.3,0.434,0.4,0.682,0.493,1.9,2016,0.553,0.153,108.9,105.4,3.5,0.175,0.061
202335,Patrick Patterson,TOR,27.0,79,25.6,6.9,4.3,1.2,0.7,0.4,0.8,0.414,0.362,0.853,0.684,5.1,2016,0.534,0.127,110.9,101.7,9.2,0.07,0.085
201988,Patty Mills,SAS,27.0,81,20.5,8.5,2.0,2.8,0.7,0.1,0.9,0.425,0.384,0.81,0.815,4.7,2016,0.541,0.189,108.5,96.4,12.1,0.197,0.048
2200,Pau Gasol,CHI,35.0,72,31.8,16.5,11.0,4.1,0.6,2.0,2.3,0.469,0.348,0.792,0.5,0.0,2016,0.529,0.244,104.2,104.4,-0.2,0.215,0.161
202331,Paul George,IND,26.0,81,34.8,23.1,7.0,4.1,1.9,0.4,3.3,0.418,0.371,0.86,0.543,2.2,2016,0.557,0.296,104.3,101.5,2.8,0.203,0.097
200794,Paul Millsap,ATL,31.0,81,32.7,17.1,9.0,3.3,1.8,1.7,2.4,0.47,0.319,0.757,0.593,2.7,2016,0.556,0.238,105.6,101.6,4.0,0.162,0.134
1718,Paul Pierce,LAC,38.0,68,18.1,6.1,2.7,1.0,0.5,0.3,0.9,0.363,0.31,0.818,0.647,0.8,2016,0.489,0.177,104.1,103.0,1.2,0.088,0.074
203515,Phil Pressey,POR,25.0,23,12.3,3.3,1.3,3.3,0.8,0.2,1.4,0.385,0.222,0.52,0.13,-1.7,2016,0.433,0.174,95.8,102.2,-6.4,0.395,0.05
203112,Quincy Acy,SAC,25.0,59,14.8,5.2,3.2,0.5,0.5,0.4,0.5,0.556,0.388,0.735,0.356,-2.1,2016,0.629,0.128,99.2,105.2,-6.0,0.045,0.104
1626154,RJ Hunter,BOS,22.0,36,8.7,2.7,1.0,0.4,0.4,0.1,0.3,0.367,0.302,0.857,0.583,-0.8,2016,0.48,0.15,90.3,94.5,-4.2,0.068,0.056
200765,Rajon Rondo,SAC,30.0,72,35.2,11.9,6.0,11.7,2.0,0.1,3.9,0.454,0.365,0.58,0.403,-2.1,2016,0.506,0.186,104.9,107.7,-2.8,0.473,0.083
201196,Ramon Sessions,WAS,30.0,82,20.3,9.9,2.5,2.9,0.6,0.1,1.4,0.473,0.324,0.756,0.5,-0.7,2016,0.565,0.214,101.8,103.2,-1.4,0.228,0.061
200751,Randy Foye,OKC,32.0,81,20.3,5.9,1.9,2.0,0.5,0.4,1.1,0.351,0.3,0.824,0.457,0.3,2016,0.461,0.157,104.1,103.1,1.0,0.144,0.045
1626173,Rashad Vaughn,MIL,19.0,70,14.3,3.1,1.3,0.6,0.4,0.2,0.4,0.305,0.293,0.8,0.429,-2.1,2016,0.398,0.13,99.1,107.2,-8.1,0.055,0.044
2446,Rasual Butler,SAS,37.0,46,9.4,2.7,1.2,0.5,0.3,0.5,0.2,0.471,0.306,0.688,0.891,1.7,2016,0.558,0.123,105.5,98.1,7.3,0.079,0.067
203526,Raul Neto,UTA,24.0,81,18.5,5.9,1.5,2.1,0.8,0.0,1.3,0.431,0.395,0.743,0.494,0.9,2016,0.53,0.172,103.2,99.9,3.3,0.19,0.042
203492,Ray McCallum,SAS,25.0,41,11.6,3.3,1.1,1.5,0.3,0.2,0.6,0.377,0.357,0.8,0.732,0.5,2016,0.449,0.164,104.5,102.4,2.1,0.185,0.049
101109,Raymond Felton,DAL,32.0,80,27.4,9.5,3.2,3.6,0.9,0.2,1.5,0.406,0.282,0.847,0.5,-0.8,2016,0.502,0.179,104.2,105.8,-1.6,0.205,0.058
203493,Reggie Bullock Jr.,DET,25.0,37,11.6,3.3,1.8,0.7,0.3,0.1,0.2,0.439,0.415,0.933,0.595,-1.6,2016,0.583,0.113,102.6,109.9,-7.3,0.1,0.078
202704,Reggie Jackson,DET,26.0,79,30.7,18.8,3.2,6.2,0.7,0.1,2.8,0.434,0.353,0.864,0.544,1.7,2016,0.535,0.283,107.3,104.8,2.5,0.344,0.051
2210,Richard Jefferson,CLE,36.0,74,17.9,5.5,1.7,0.8,0.4,0.2,0.6,0.458,0.382,0.667,0.689,-0.6,2016,0.585,0.133,100.6,102.0,-1.4,0.07,0.048
1626158,Richaun Holmes,PHI,22.0,51,13.8,5.6,2.6,0.6,0.4,0.8,0.6,0.514,0.182,0.689,0.137,-1.0,2016,0.564,0.171,102.8,106.3,-3.6,0.073,0.094
201937,Ricky Rubio,MIN,25.0,76,30.6,10.1,4.3,8.7,2.1,0.1,2.5,0.374,0.326,0.847,0.368,0.2,2016,0.529,0.173,107.5,107.0,0.5,0.402,0.072
203496,Robert Covington,PHI,25.0,67,28.4,12.8,6.3,1.4,1.6,0.6,2.1,0.385,0.353,0.791,0.149,-4.2,2016,0.543,0.209,98.2,105.2,-7.0,0.083,0.106
203135,Robert Sacre,LAL,27.0,25,12.8,3.5,2.9,0.6,0.2,0.4,0.5,0.413,0.0,0.658,0.08,-1.3,2016,0.474,0.139,98.8,102.9,-4.1,0.072,0.104
201577,Robin Lopez,NYK,28.0,82,27.1,10.3,7.3,1.4,0.2,1.6,1.6,0.539,0.0,0.795,0.39,-1.2,2016,0.574,0.174,104.3,106.5,-2.2,0.083,0.133
203918,Rodney Hood,UTA,23.0,79,32.2,14.5,3.4,2.7,0.9,0.2,1.6,0.42,0.359,0.86,0.494,1.7,2016,0.542,0.215,106.1,103.0,3.1,0.142,0.056
201155,Rodney Stuckey,IND,30.0,58,22.0,8.9,2.7,2.4,0.7,0.1,1.3,0.413,0.241,0.829,0.569,0.2,2016,0.504,0.202,100.9,101.2,-0.3,0.179,0.06
1626178,Rondae Hollis-Jefferson,BKN,21.0,29,21.2,5.8,5.3,1.5,1.3,0.6,0.9,0.457,0.286,0.712,0.241,-2.1,2016,0.519,0.131,98.9,102.1,-3.2,0.1,0.12
101179,Ronnie Price,PHX,33.0,62,19.5,5.3,1.6,2.4,1.2,0.2,1.1,0.384,0.347,0.756,0.323,-1.2,2016,0.517,0.135,98.3,100.6,-2.3,0.187,0.039
201579,Roy Hibbert,LAL,29.0,81,23.2,5.9,4.9,1.2,0.4,1.4,0.9,0.443,0.0,0.807,0.21,-8.4,2016,0.507,0.13,95.8,113.7,-17.9,0.082,0.1
200752,Rudy Gay,SAC,29.0,70,34.0,17.2,6.5,1.7,1.4,0.7,2.0,0.463,0.344,0.78,0.414,-1.2,2016,0.538,0.222,105.5,107.0,-1.5,0.078,0.094
203497,Rudy Gobert,UTA,24.0,61,31.7,9.1,11.0,1.5,0.7,2.2,1.9,0.559,0.0,0.569,0.541,2.5,2016,0.582,0.143,105.5,100.6,4.9,0.073,0.18
201566,Russell Westbrook,OKC,27.0,80,34.4,23.5,7.8,10.4,2.0,0.3,4.3,0.454,0.296,0.812,0.688,7.9,2016,0.554,0.311,114.8,103.5,11.3,0.468,0.109
201583,Ryan Anderson,NOP,28.0,66,30.4,17.0,6.0,1.1,0.6,0.4,1.4,0.427,0.366,0.873,0.364,0.5,2016,0.546,0.238,107.1,106.9,0.2,0.059,0.097
200797,Ryan Hollins,MEM,31.0,37,12.4,3.4,2.6,0.3,0.2,0.6,0.6,0.62,0.0,0.619,0.486,-4.0,2016,0.636,0.116,97.5,112.2,-14.7,0.034,0.107
203527,Ryan Kelly,LAL,25.0,36,13.1,4.2,3.4,0.6,0.4,0.3,0.5,0.369,0.135,0.685,0.083,0.0,2016,0.44,0.173,99.0,97.8,1.2,0.07,0.119
1626257,Salah Mejri,DAL,30.0,34,11.7,3.7,3.6,0.3,0.2,1.1,0.7,0.628,0.0,0.587,0.471,1.3,2016,0.636,0.138,106.8,101.3,5.5,0.038,0.149
2756,Sasha Vujacic,NYK,32.0,61,14.9,4.9,2.4,1.4,0.6,0.1,0.7,0.383,0.364,0.821,0.361,-0.7,2016,0.503,0.159,102.5,103.9,-1.4,0.146,0.078
203930,Sean Kilpatrick,BKN,26.0,31,19.9,11.1,1.8,0.9,0.4,0.1,1.0,0.456,0.342,0.896,0.226,-4.7,2016,0.576,0.227,106.0,117.0,-11.0,0.078,0.045
201586,Serge Ibaka,OKC,26.0,78,32.1,12.6,6.8,0.8,0.5,1.9,1.4,0.479,0.326,0.752,0.692,6.8,2016,0.533,0.174,114.2,104.0,10.2,0.037,0.103
203508,Sergey Karasev,BKN,22.0,40,10.0,2.4,1.5,0.9,0.2,0.1,0.6,0.405,0.297,0.929,0.225,-0.2,2016,0.562,0.117,105.3,105.0,0.3,0.114,0.077
203552,Seth Curry,SAC,25.0,44,15.7,6.8,1.4,1.5,0.5,0.1,0.8,0.455,0.45,0.833,0.386,-0.8,2016,0.603,0.172,104.7,107.0,-2.3,0.148,0.042
203498,Shabazz Muhammad,MIN,23.0,82,20.5,10.5,3.3,0.6,0.3,0.1,0.9,0.465,0.289,0.764,0.354,-3.3,2016,0.548,0.222,101.3,109.1,-7.8,0.055,0.082
203894,Shabazz Napier,ORL,24.0,55,10.9,3.7,1.0,1.8,0.4,0.0,0.8,0.338,0.327,0.733,0.418,-1.0,2016,0.46,0.196,99.1,103.7,-4.6,0.253,0.045
203499,Shane Larkin,BKN,23.0,78,22.4,7.3,2.3,4.4,1.2,0.2,1.9,0.442,0.361,0.776,0.256,-4.4,2016,0.515,0.172,100.2,109.9,-9.7,0.3,0.052
2733,Shaun Livingston,GSW,30.0,78,19.5,6.3,2.2,3.0,0.7,0.3,1.0,0.536,0.167,0.86,0.885,2.7,2016,0.581,0.14,109.0,102.1,6.8,0.222,0.054
202714,Shelvin Mack,UTA,26.0,52,20.3,8.6,2.5,3.6,0.7,0.1,1.8,0.439,0.312,0.738,0.519,1.9,2016,0.507,0.229,105.2,100.3,4.9,0.292,0.063
203524,Solomon Hill,IND,25.0,59,14.7,4.2,2.8,1.0,0.6,0.2,0.6,0.447,0.324,0.857,0.525,0.8,2016,0.543,0.128,104.8,101.1,3.7,0.093,0.091
201603,Sonny Weems,PHX,29.0,43,11.6,2.5,1.2,1.1,0.2,0.0,1.0,0.382,0.366,0.533,0.14,-2.3,2016,0.459,0.129,96.9,105.0,-8.1,0.148,0.051
201150,Spencer Hawes,CHA,28.0,57,18.2,6.0,4.3,1.9,0.4,0.5,1.0,0.405,0.373,0.831,0.526,0.8,2016,0.508,0.168,101.1,99.3,1.8,0.171,0.112
1626169,Stanley Johnson,DET,20.0,73,23.1,8.1,4.2,1.6,0.8,0.2,1.6,0.375,0.307,0.784,0.507,-1.9,2016,0.46,0.191,100.6,104.2,-3.6,0.113,0.086
201939,Stephen Curry,GSW,28.0,79,34.2,30.1,5.4,6.7,2.1,0.2,3.3,0.504,0.454,0.908,0.899,12.9,2016,0.669,0.314,117.5,99.8,17.7,0.315,0.076
2581,Steve Blake,DET,36.0,58,17.0,4.4,1.5,3.4,0.4,0.1,1.4,0.388,0.344,0.8,0.586,-1.0,2016,0.51,0.143,99.0,102.3,-3.3,0.311,0.043
203500,Steven Adams,OKC,22.0,80,25.2,8.0,6.7,0.8,0.5,1.1,1.1,0.613,0.0,0.582,0.675,6.0,2016,0.621,0.125,111.8,99.9,11.9,0.042,0.126
204456,T.J. McConnell,PHI,24.0,81,19.8,6.1,3.1,4.5,1.2,0.1,1.7,0.47,0.348,0.634,0.123,-3.4,2016,0.511,0.167,98.4,106.5,-8.1,0.36,0.078
203933,T.J. Warren,PHX,22.0,47,22.8,11.0,3.1,0.9,0.8,0.3,0.7,0.501,0.4,0.703,0.298,-2.4,2016,0.549,0.195,102.6,107.3,-4.7,0.068,0.068
201959,Taj Gibson,CHI,31.0,73,26.5,8.6,6.9,1.5,0.6,1.1,1.1,0.526,0.0,0.692,0.507,-2.1,2016,0.556,0.144,102.2,105.3,-3.1,0.083,0.122
204028,Tarik Black,LAL,24.0,39,12.7,3.4,4.0,0.4,0.4,0.5,0.6,0.548,0.0,0.422,0.154,0.5,2016,0.537,0.13,102.8,99.4,3.4,0.053,0.155
2419,Tayshaun Prince,MIN,36.0,77,19.0,2.9,1.9,1.0,0.5,0.2,0.4,0.445,0.174,0.684,0.351,-1.7,2016,0.466,0.081,101.0,105.0,-4.0,0.073,0.051
203093,Terrence Jones,HOU,24.0,50,20.9,8.7,4.2,0.8,0.5,0.8,1.0,0.452,0.316,0.664,0.48,-4.8,2016,0.519,0.19,101.8,112.0,-10.3,0.069,0.1
203082,Terrence Ross,TOR,25.0,73,23.9,9.9,2.5,0.8,0.7,0.3,0.6,0.431,0.386,0.79,0.726,3.3,2016,0.551,0.178,107.2,101.2,6.0,0.053,0.052
1626179,Terry Rozier,BOS,22.0,39,8.0,1.8,1.6,0.9,0.2,0.0,0.5,0.274,0.222,0.8,0.615,-1.2,2016,0.326,0.168,92.8,100.3,-7.5,0.199,0.088
200757,Thabo Sefolosha,ATL,32.0,75,23.4,6.4,4.5,1.4,1.1,0.5,0.9,0.507,0.341,0.626,0.56,-0.3,2016,0.579,0.121,100.3,98.8,1.5,0.093,0.092
201152,Thaddeus Young,BKN,28.0,73,33.0,15.1,9.0,1.9,1.5,0.5,1.9,0.514,0.233,0.644,0.288,-3.2,2016,0.533,0.217,103.4,108.0,-4.6,0.094,0.142
203080,Thomas Robinson,BKN,25.0,71,12.9,4.3,5.1,0.6,0.5,0.5,1.0,0.447,0.0,0.431,0.225,-3.9,2016,0.453,0.186,96.6,110.3,-13.6,0.08,0.19
201168,Tiago Splitter,ATL,31.0,36,16.1,5.6,3.3,0.8,0.6,0.3,0.7,0.523,0.0,0.813,0.583,2.8,2016,0.571,0.15,103.1,94.8,8.3,0.077,0.104
1495,Tim Duncan,SAS,40.0,61,25.2,8.6,7.3,2.7,0.8,1.3,1.5,0.488,0.0,0.702,0.82,7.0,2016,0.523,0.171,108.1,94.5,13.6,0.153,0.148
204025,Tim Frazier,NOP,25.0,51,14.5,5.1,2.2,3.2,0.6,0.0,1.3,0.419,0.333,0.716,0.49,-0.6,2016,0.499,0.192,102.8,104.6,-1.8,0.339,0.073
203501,Tim Hardaway Jr.,ATL,24.0,51,16.9,6.4,1.7,1.0,0.4,0.1,0.5,0.43,0.336,0.893,0.569,2.0,2016,0.563,0.159,104.4,97.8,6.6,0.089,0.048
202389,Timofey Mozgov,CLE,29.0,76,17.4,6.3,4.4,0.4,0.3,0.8,0.9,0.565,0.143,0.716,0.684,0.0,2016,0.593,0.16,104.6,104.0,0.6,0.039,0.129
202699,Tobias Harris,DET,23.0,76,33.1,14.7,6.7,2.2,0.9,0.5,1.4,0.469,0.335,0.831,0.487,0.2,2016,0.56,0.192,104.8,104.3,0.5,0.106,0.101
201962,Toney Douglas,NOP,30.0,61,20.7,8.7,2.3,2.6,1.1,0.1,1.0,0.411,0.399,0.848,0.361,-2.3,2016,0.543,0.189,104.4,109.5,-5.1,0.188,0.056
2754,Tony Allen,MEM,34.0,64,25.3,8.4,4.6,1.1,1.7,0.3,1.2,0.458,0.357,0.652,0.531,-1.4,2016,0.505,0.167,103.9,105.2,-1.4,0.068,0.094
2225,Tony Parker,SAS,34.0,72,27.5,11.9,2.4,5.3,0.8,0.2,1.8,0.493,0.415,0.76,0.819,5.7,2016,0.546,0.211,107.8,97.1,10.7,0.294,0.046
203503,Tony Snell,CHI,24.0,64,20.3,5.3,3.1,1.0,0.3,0.3,0.8,0.372,0.361,0.909,0.516,1.5,2016,0.478,0.134,101.5,97.3,4.1,0.07,0.068
2772,Trevor Ariza,HOU,31.0,81,35.3,12.7,4.5,2.3,2.0,0.3,1.4,0.416,0.371,0.783,0.494,0.5,2016,0.551,0.156,108.4,108.1,0.3,0.1,0.064
202344,Trevor Booker,UTA,28.0,79,20.7,5.9,5.7,1.1,0.7,0.5,1.0,0.49,0.293,0.67,0.494,0.8,2016,0.533,0.141,102.4,98.9,3.5,0.083,0.14
203504,Trey Burke,UTA,23.0,64,21.3,10.6,1.8,2.3,0.5,0.1,1.3,0.413,0.344,0.817,0.484,0.0,2016,0.507,0.242,102.3,102.6,-0.4,0.201,0.041
1626168,Trey Lyles,UTA,20.0,80,17.3,6.1,3.7,0.7,0.3,0.2,0.8,0.438,0.383,0.695,0.475,-0.6,2016,0.517,0.178,101.6,103.3,-1.7,0.072,0.111
202684,Tristan Thompson,CLE,25.0,82,27.7,7.8,9.0,0.8,0.5,0.6,0.7,0.588,0.0,0.616,0.695,4.4,2016,0.611,0.114,111.0,102.2,8.7,0.04,0.162
203584,Troy Daniels,CHA,24.0,43,11.1,5.6,1.3,0.5,0.3,0.1,0.6,0.476,0.484,0.556,0.581,-1.0,2016,0.634,0.195,100.1,105.2,-5.1,0.083,0.057
201951,Ty Lawson,IND,28.0,66,21.4,5.7,1.8,3.6,0.8,0.1,1.4,0.393,0.333,0.686,0.47,-2.4,2016,0.476,0.145,99.9,105.6,-5.7,0.251,0.04
203898,Tyler Ennis,MIL,21.0,46,14.2,4.5,1.6,2.1,0.5,0.0,1.0,0.449,0.333,0.735,0.37,-1.5,2016,0.51,0.168,98.3,104.1,-5.8,0.225,0.059
201946,Tyler Hansbrough,CHA,30.0,44,7.8,2.4,2.0,0.2,0.3,0.2,0.3,0.451,0.667,0.585,0.636,-0.8,2016,0.522,0.144,102.9,107.0,-4.1,0.038,0.127
204020,Tyler Johnson,MIA,24.0,36,24.0,8.7,3.0,2.2,0.7,0.4,1.3,0.486,0.38,0.797,0.528,0.3,2016,0.579,0.167,100.3,99.6,0.7,0.151,0.064
203092,Tyler Zeller,BOS,26.0,60,11.8,6.1,3.0,0.5,0.2,0.4,0.8,0.476,0.0,0.815,0.633,-1.1,2016,0.539,0.225,98.0,102.3,-4.3,0.073,0.114
201936,Tyreke Evans,NOP,26.0,25,30.6,15.2,5.2,6.6,1.3,0.3,2.9,0.433,0.388,0.796,0.44,-0.6,2016,0.534,0.254,105.6,105.9,-0.3,0.366,0.084
2199,Tyson Chandler,PHX,33.0,66,24.5,7.2,8.7,1.0,0.5,0.7,1.4,0.583,0.0,0.62,0.273,-6.0,2016,0.606,0.126,96.3,107.9,-11.5,0.064,0.174
1626145,Tyus Jones,MIN,20.0,37,15.5,4.2,1.3,2.9,0.8,0.1,0.9,0.359,0.302,0.718,0.351,-3.6,2016,0.45,0.151,98.6,109.3,-10.7,0.278,0.041
2617,Udonis Haslem,MIA,36.0,37,7.0,1.6,2.0,0.4,0.1,0.1,0.1,0.377,0.111,0.75,0.676,-0.4,2016,0.434,0.131,97.5,100.6,-3.1,0.08,0.156
203506,Victor Oladipo,ORL,24.0,72,33.0,16.0,4.8,3.9,1.6,0.8,2.1,0.438,0.348,0.83,0.444,-0.3,2016,0.534,0.224,105.0,105.4,-0.4,0.182,0.071
1713,Vince Carter,MEM,39.0,60,16.8,6.6,2.4,0.9,0.6,0.3,0.6,0.388,0.349,0.833,0.55,-0.6,2016,0.52,0.177,104.0,105.6,-1.6,0.089,0.071
201961,Wayne Ellington,BKN,28.0,76,21.2,7.7,2.3,1.1,0.6,0.1,0.6,0.389,0.358,0.857,0.237,-4.2,2016,0.498,0.172,96.7,106.6,-10.0,0.082,0.053
202325,Wesley Johnson,LAC,28.0,80,20.8,6.9,3.1,0.6,1.1,0.7,0.7,0.404,0.333,0.652,0.638,1.5,2016,0.513,0.153,102.7,99.9,2.7,0.045,0.072
202083,Wesley Matthews,DAL,29.0,78,33.9,12.5,3.1,1.9,1.0,0.2,1.0,0.388,0.36,0.863,0.513,1.3,2016,0.532,0.171,108.0,106.0,2.0,0.088,0.045
203115,Will Barton,DEN,25.0,82,28.7,14.4,5.8,2.5,0.9,0.5,1.7,0.432,0.345,0.806,0.402,-1.6,2016,0.535,0.226,103.7,106.8,-3.1,0.147,0.099
1626161,Willie Cauley-Stein,SAC,22.0,66,21.4,7.0,5.3,0.6,0.7,1.0,0.7,0.563,0.0,0.648,0.394,-1.2,2016,0.588,0.131,105.6,106.8,-1.2,0.038,0.122
203186,Willie Reed,BKN,26.0,39,10.9,4.7,3.1,0.3,0.2,0.8,0.4,0.571,0.0,0.545,0.205,-2.1,2016,0.579,0.175,97.2,104.4,-7.2,0.039,0.143
204098,Xavier Munford,MEM,24.0,14,17.4,5.7,2.2,1.6,0.9,0.2,1.1,0.416,0.391,0.5,0.214,-1.8,2016,0.481,0.168,105.5,110.7,-5.1,0.136,0.064
203897,Zach LaVine,MIN,21.0,82,28.0,14.0,2.8,3.1,0.8,0.2,1.9,0.452,0.389,0.793,0.354,-3.6,2016,0.548,0.228,104.2,110.4,-6.2,0.187,0.051
2216,Zach Randolph,MEM,34.0,68,29.7,15.3,7.8,2.1,0.6,0.2,1.5,0.475,0.231,0.796,0.544,-0.2,2016,0.519,0.247,105.9,106.9,-1.1,0.125,0.136
2585,Zaza Pachulia,DAL,32.0,76,26.4,8.6,9.4,1.7,0.8,0.3,1.6,0.466,0.0,0.768,0.526,0.0,2016,0.55,0.163,103.9,103.8,0.1,0.101,0.18
201166,Aaron Brooks,IND,32.0,65,13.7,5.0,1.1,1.9,0.4,0.1,1.0,0.403,0.375,0.8,0.554,-0.5,2017,0.507,0.186,101.8,103.4,-1.6,0.216,0.037
203932,Aaron Gordon,ORL,21.0,80,28.7,12.7,5.1,1.9,0.8,0.5,1.1,0.454,0.288,0.719,0.363,-2.0,2017,0.53,0.197,107.2,110.4,-3.1,0.097,0.086
201143,Al Horford,BOS,31.0,68,32.3,14.0,6.8,5.0,0.8,1.3,1.7,0.473,0.355,0.8,0.676,3.2,2017,0.553,0.196,112.1,107.2,4.8,0.239,0.105
2744,Al Jefferson,IND,32.0,66,14.1,8.1,4.2,0.9,0.3,0.2,0.5,0.499,0.0,0.765,0.5,-1.5,2017,0.526,0.254,102.2,107.6,-5.4,0.114,0.148
202329,Al-Farouq Aminu,POR,26.0,61,29.1,8.7,7.4,1.6,1.0,0.7,1.5,0.393,0.33,0.706,0.541,0.4,2017,0.506,0.155,108.1,107.1,0.9,0.082,0.126
101187,Alan Anderson,LAC,34.0,30,10.3,2.9,0.8,0.4,0.1,0.0,0.2,0.375,0.318,0.75,0.667,-2.6,2017,0.494,0.137,101.9,112.2,-10.3,0.052,0.039
1626210,Alan Williams,PHX,24.0,47,15.1,7.4,6.2,0.5,0.6,0.7,0.8,0.517,0.0,0.625,0.234,0.0,2017,0.547,0.203,106.2,105.1,1.2,0.049,0.188
202692,Alec Burks,UTA,25.0,42,15.5,6.7,2.9,0.7,0.4,0.1,0.8,0.399,0.329,0.769,0.619,0.0,2017,0.501,0.212,104.4,104.9,-0.5,0.074,0.091
203518,Alex Abrines,OKC,23.0,68,15.5,6.0,1.3,0.6,0.5,0.1,0.5,0.393,0.381,0.898,0.544,0.0,2017,0.56,0.153,107.2,107.8,-0.6,0.055,0.04
203458,Alex Len,PHX,24.0,77,20.3,8.0,6.6,0.6,0.5,1.3,1.3,0.497,0.25,0.721,0.273,-5.2,2017,0.553,0.174,100.8,111.9,-11.1,0.043,0.154
201582,Alexis Ajinca,NOP,29.0,39,15.0,5.3,4.5,0.3,0.5,0.6,0.8,0.5,0.0,0.725,0.385,-1.5,2017,0.529,0.166,100.2,105.3,-5.1,0.031,0.14
203459,Allen Crabbe,POR,25.0,79,28.5,10.7,2.9,1.2,0.7,0.3,0.8,0.468,0.444,0.847,0.494,-1.5,2017,0.602,0.146,106.8,109.7,-2.9,0.063,0.05
101161,Amir Johnson,BOS,30.0,80,20.1,6.5,4.6,1.8,0.6,0.8,1.0,0.576,0.409,0.67,0.638,2.6,2017,0.628,0.136,112.3,104.6,7.7,0.125,0.113
203083,Andre Drummond,DET,23.0,81,29.7,13.6,13.8,1.1,1.5,1.1,1.9,0.53,0.286,0.386,0.444,-3.4,2017,0.518,0.222,104.3,109.9,-5.6,0.06,0.229
2738,Andre Iguodala,GSW,33.0,76,26.3,7.6,4.0,3.4,1.0,0.5,0.8,0.528,0.362,0.706,0.842,6.9,2017,0.624,0.111,114.1,101.7,12.4,0.169,0.074
203460,Andre Roberson,OKC,25.0,79,30.1,6.6,5.1,1.0,1.2,1.0,0.6,0.464,0.245,0.423,0.582,1.8,2017,0.51,0.099,108.1,104.7,3.4,0.045,0.081
101106,Andrew Bogut,CLE,32.0,27,21.6,2.9,8.1,1.8,0.5,0.9,1.6,0.469,0.0,0.273,0.296,-1.3,2017,0.46,0.104,95.1,97.4,-2.2,0.133,0.189
1626150,Andrew Harrison,MEM,22.0,72,20.5,5.9,1.9,2.8,0.7,0.3,1.2,0.325,0.276,0.763,0.528,-0.4,2017,0.477,0.162,102.8,102.9,0.0,0.209,0.046
203094,Andrew Nicholson,BKN,27.0,38,9.0,2.6,1.6,0.3,0.4,0.2,0.4,0.387,0.185,0.643,0.526,-3.4,2017,0.427,0.172,95.4,113.1,-17.7,0.047,0.089
203952,Andrew Wiggins,MIN,22.0,82,37.2,23.6,4.0,2.3,1.0,0.4,2.3,0.452,0.356,0.76,0.378,-0.2,2017,0.534,0.286,111.1,111.3,-0.2,0.104,0.056
203461,Anthony Bennett,BKN,24.0,23,11.5,5.0,3.4,0.5,0.2,0.1,0.5,0.413,0.271,0.722,0.13,-3.0,2017,0.533,0.188,107.0,118.5,-11.5,0.075,0.14
203076,Anthony Davis,NOP,24.0,75,36.1,28.0,11.8,2.1,1.3,2.2,2.4,0.505,0.299,0.802,0.413,0.7,2017,0.58,0.321,105.2,104.1,1.1,0.11,0.155
201627,Anthony Morrow,CHI,31.0,49,14.6,5.5,0.6,0.5,0.5,0.0,0.1,0.389,0.308,0.919,0.51,0.4,2017,0.505,0.158,105.6,105.1,0.4,0.052,0.02
201229,Anthony Tolliver,SAC,32.0,65,22.7,7.1,3.6,1.2,0.5,0.3,0.9,0.442,0.391,0.744,0.4,-1.5,2017,0.595,0.133,106.3,110.5,-4.2,0.077,0.084
203462,Archie Goodwin,BKN,22.0,15,14.3,7.3,1.9,1.6,0.3,0.3,0.9,0.545,0.333,0.786,0.533,-2.4,2017,0.651,0.203,100.9,109.2,-8.3,0.186,0.066
203382,Aron Baynes,DET,30.0,75,15.5,4.9,4.4,0.4,0.2,0.5,0.7,0.513,0.0,0.84,0.453,1.8,2017,0.57,0.139,103.0,97.1,5.9,0.039,0.138
201167,Arron Afflalo,SAC,31.0,61,25.9,8.4,2.0,1.3,0.3,0.1,0.7,0.44,0.411,0.892,0.377,-4.0,2017,0.559,0.143,104.8,113.2,-8.5,0.077,0.042
203085,Austin Rivers,LAC,24.0,74,27.8,12.0,2.2,2.8,0.6,0.1,1.6,0.442,0.371,0.691,0.581,-0.1,2017,0.545,0.198,108.0,108.1,-0.1,0.155,0.039
202340,Avery Bradley,BOS,26.0,55,33.4,16.3,6.1,2.2,1.2,0.2,1.6,0.463,0.39,0.731,0.618,1.3,2017,0.548,0.215,110.4,108.7,1.7,0.107,0.09
203463,Ben McLemore,SAC,24.0,61,19.3,8.1,2.1,0.8,0.5,0.1,1.0,0.43,0.382,0.753,0.443,-2.2,2017,0.538,0.197,102.5,108.4,-5.9,0.068,0.057
2757,Beno Udrih,DET,34.0,39,14.4,5.8,1.5,3.4,0.3,0.0,0.9,0.467,0.344,0.941,0.462,2.2,2017,0.535,0.195,103.8,97.2,6.6,0.364,0.051
202687,Bismack Biyombo,ORL,24.0,81,22.1,6.0,7.0,0.9,0.3,1.1,1.2,0.528,0.0,0.534,0.358,-4.3,2017,0.546,0.134,100.3,108.9,-8.6,0.065,0.153
201933,Blake Griffin,LAC,28.0,61,34.0,21.6,8.1,4.9,0.9,0.4,2.3,0.493,0.336,0.76,0.656,7.2,2017,0.569,0.276,116.7,106.2,10.5,0.235,0.122
1626246,Boban Marjanovic,DET,28.0,35,8.4,5.5,3.7,0.3,0.2,0.3,0.3,0.545,0.0,0.81,0.457,0.9,2017,0.606,0.239,105.0,100.2,4.8,0.054,0.212
1626171,Bobby Portis,CHI,22.0,64,15.6,6.8,4.6,0.5,0.3,0.2,0.6,0.488,0.333,0.661,0.469,-1.3,2017,0.545,0.19,102.4,105.9,-3.4,0.059,0.142
202711,Bojan Bogdanovic,WAS,28.0,81,25.7,13.7,3.4,1.4,0.4,0.1,1.6,0.445,0.367,0.893,0.284,-3.3,2017,0.585,0.219,104.1,110.9,-6.8,0.086,0.065
2564,Boris Diaw,UTA,35.0,73,17.6,4.6,2.2,2.3,0.2,0.1,1.2,0.446,0.247,0.743,0.616,0.3,2017,0.494,0.154,104.9,104.8,0.0,0.207,0.065
203078,Bradley Beal,WAS,24.0,77,34.9,23.1,3.1,3.5,1.1,0.3,2.0,0.482,0.404,0.825,0.623,4.3,2017,0.604,0.258,113.5,107.9,5.6,0.154,0.045
201148,Brandan Wright,MEM,29.0,28,16.0,6.8,2.8,0.5,0.4,0.7,0.4,0.615,0.0,0.657,0.5,1.3,2017,0.628,0.161,106.1,102.1,4.0,0.06,0.085
101138,Brandon Bass,LAC,32.0,52,11.1,5.6,2.5,0.4,0.3,0.2,0.6,0.575,0.333,0.875,0.558,-2.8,2017,0.65,0.192,102.0,114.5,-12.5,0.063,0.113
1627742,Brandon Ingram,LAL,19.0,79,28.9,9.4,4.0,2.1,0.6,0.5,1.5,0.402,0.294,0.621,0.329,-4.8,2017,0.474,0.166,105.7,112.9,-7.2,0.105,0.068
201943,Brandon Jennings,WAS,27.0,81,22.2,7.1,2.4,4.9,0.9,0.0,1.6,0.359,0.313,0.75,0.457,-0.8,2017,0.479,0.172,106.6,108.6,-2.0,0.308,0.052
202688,Brandon Knight,PHX,25.0,54,21.1,11.0,2.2,2.4,0.5,0.1,1.6,0.398,0.324,0.857,0.296,-6.0,2017,0.502,0.248,99.0,112.6,-13.6,0.194,0.05
201575,Brandon Rush,MIN,31.0,47,21.9,4.2,2.1,1.0,0.5,0.5,0.6,0.374,0.386,0.722,0.319,-0.9,2017,0.505,0.097,109.2,111.3,-2.1,0.058,0.05
203148,Brian Roberts,CHA,31.0,41,10.2,3.5,1.0,1.3,0.2,0.0,0.6,0.377,0.386,0.846,0.39,-1.4,2017,0.51,0.181,97.1,104.8,-7.7,0.214,0.048
1627362,Briante Weber,CHA,24.0,20,10.2,3.1,1.3,1.1,0.6,0.1,0.4,0.417,0.1,0.688,0.6,-2.5,2017,0.462,0.167,100.0,112.9,-12.9,0.168,0.068
201572,Brook Lopez,BKN,29.0,75,29.6,20.5,5.4,2.3,0.5,1.7,2.5,0.474,0.346,0.81,0.267,-2.1,2017,0.578,0.286,104.7,108.5,-3.8,0.143,0.085
1627854,Bryn Forbes,SAS,23.0,36,7.9,2.6,0.6,0.6,0.0,0.0,0.3,0.364,0.321,0.833,0.667,-1.4,2017,0.462,0.172,92.1,101.7,-9.7,0.146,0.038
1627741,Buddy Hield,SAC,24.0,82,23.0,10.6,3.3,1.5,0.5,0.1,1.2,0.426,0.391,0.842,0.378,-2.6,2017,0.541,0.209,102.0,107.9,-5.8,0.101,0.07
201228,C.J. Watson,ORL,33.0,62,16.3,4.5,1.4,1.8,0.7,0.0,0.8,0.387,0.305,0.864,0.323,-3.0,2017,0.507,0.139,98.5,107.0,-8.5,0.174,0.043
203468,CJ McCollum,POR,25.0,80,34.9,23.0,3.6,3.6,0.9,0.5,2.2,0.48,0.421,0.912,0.5,0.8,2017,0.585,0.268,109.6,108.9,0.7,0.175,0.051
101139,CJ Miles,IND,30.0,76,23.4,10.7,3.0,0.6,0.6,0.3,0.5,0.434,0.413,0.903,0.513,1.0,2017,0.592,0.179,107.7,106.0,1.7,0.041,0.065
1626166,Cameron Payne,CHI,22.0,31,14.9,5.2,1.5,1.8,0.5,0.1,0.9,0.332,0.314,0.625,0.516,-2.2,2017,0.407,0.212,97.1,103.2,-6.1,0.195,0.05
1627747,Caris LeVert,BKN,22.0,57,21.7,8.2,3.3,1.9,0.9,0.1,1.0,0.45,0.321,0.72,0.263,-1.6,2017,0.556,0.161,104.7,107.9,-3.2,0.132,0.071
2546,Carmelo Anthony,NYK,33.0,74,34.3,22.4,5.9,2.9,0.8,0.5,2.1,0.433,0.359,0.833,0.392,-3.1,2017,0.535,0.286,107.8,112.7,-4.8,0.141,0.082
202718,Chandler Parsons,MEM,28.0,34,19.8,6.2,2.5,1.6,0.6,0.1,0.7,0.338,0.269,0.814,0.529,-1.4,2017,0.436,0.181,103.5,108.1,-4.5,0.122,0.067
101112,Channing Frye,CLE,34.0,74,18.9,9.1,3.9,0.6,0.4,0.5,0.7,0.458,0.409,0.851,0.595,0.8,2017,0.612,0.193,110.5,109.3,1.2,0.05,0.103
1626184,Chasson Randle,NYK,24.0,26,11.5,5.3,1.2,1.3,0.3,0.1,0.7,0.408,0.34,0.953,0.308,-0.4,2017,0.586,0.193,107.2,106.4,0.8,0.173,0.053
101108,Chris Paul,LAC,32.0,61,31.5,18.1,5.0,9.2,2.0,0.1,2.4,0.476,0.411,0.892,0.705,9.5,2017,0.614,0.239,117.3,102.8,14.4,0.444,0.08
203991,Clint Capela,HOU,23.0,65,23.9,12.6,8.1,1.0,0.5,1.2,1.3,0.643,0.0,0.531,0.677,3.3,2017,0.638,0.199,114.9,107.5,7.4,0.066,0.167
203469,Cody Zeller,CHA,24.0,62,27.8,10.3,6.5,1.6,1.0,0.9,1.0,0.571,0.0,0.679,0.532,3.4,2017,0.604,0.153,110.0,104.1,6.0,0.087,0.116
202332,Cole Aldrich,MIN,28.0,62,8.6,1.7,2.5,0.4,0.4,0.4,0.3,0.523,0.0,0.682,0.371,-0.5,2017,0.549,0.091,105.5,107.1,-1.6,0.063,0.154
201147,Corey Brewer,LAL,31.0,82,15.6,4.5,2.0,1.2,0.7,0.2,0.7,0.422,0.229,0.735,0.573,0.9,2017,0.491,0.143,108.8,104.6,4.2,0.104,0.063
202709,Cory Joseph,TOR,25.0,80,25.0,9.3,2.9,3.3,0.8,0.2,1.4,0.452,0.356,0.77,0.613,0.5,2017,0.518,0.179,108.8,107.8,1.1,0.2,0.058
201584,Courtney Lee,NYK,31.0,77,31.9,10.8,3.4,2.3,1.1,0.3,0.9,0.456,0.401,0.867,0.377,-3.0,2017,0.559,0.144,107.4,112.1,-4.7,0.104,0.051
1626245,Cristiano Felicio,CHI,24.0,66,15.8,4.8,4.7,0.6,0.4,0.3,0.5,0.579,0.0,0.645,0.47,-0.5,2017,0.603,0.124,103.5,104.1,-0.7,0.061,0.145
1626156,D'Angelo Russell,LAL,21.0,63,28.7,15.6,3.5,4.8,1.4,0.3,2.8,0.405,0.352,0.782,0.333,-5.7,2017,0.518,0.264,105.2,114.3,-9.1,0.269,0.06
201571,D.J. Augustin,ORL,29.0,78,19.7,7.9,1.5,2.7,0.4,0.0,1.2,0.377,0.347,0.814,0.372,-5.7,2017,0.524,0.194,95.5,110.1,-14.6,0.237,0.037
203081,Damian Lillard,POR,26.0,75,35.9,27.0,4.9,5.9,0.9,0.3,2.6,0.444,0.37,0.895,0.507,1.1,2017,0.586,0.304,111.8,110.4,1.4,0.277,0.067
204014,Damjan Rudez,ORL,31.0,45,7.0,1.8,0.6,0.4,0.3,0.0,0.2,0.352,0.313,0.0,0.267,-1.7,2017,0.466,0.134,95.0,107.2,-12.2,0.101,0.04
201568,Danilo Gallinari,DEN,28.0,63,33.9,18.2,5.2,2.1,0.6,0.2,1.3,0.447,0.389,0.902,0.492,2.5,2017,0.622,0.198,113.9,110.5,3.4,0.09,0.075
201980,Danny Green,SAS,30.0,68,26.6,7.3,3.3,1.8,1.0,0.8,1.1,0.392,0.379,0.844,0.75,3.9,2017,0.537,0.135,109.7,101.7,8.0,0.097,0.062
201967,Dante Cunningham,NOP,30.0,66,25.0,6.6,4.2,0.6,0.6,0.4,0.4,0.485,0.392,0.593,0.424,-0.8,2017,0.586,0.107,105.8,106.6,-0.7,0.031,0.082
203957,Danté Exum,UTA,21.0,66,18.6,6.2,2.0,1.7,0.3,0.2,1.2,0.427,0.295,0.795,0.606,0.0,2017,0.521,0.176,102.7,102.1,0.6,0.144,0.055
203967,Dario Šarić,PHI,23.0,81,26.3,12.8,6.3,2.2,0.7,0.4,2.3,0.411,0.311,0.782,0.346,-3.8,2017,0.508,0.24,100.6,106.8,-6.2,0.145,0.117
201589,Darrell Arthur,DEN,29.0,41,15.6,6.4,2.7,1.0,0.5,0.5,0.9,0.442,0.453,0.864,0.488,-0.6,2017,0.583,0.176,108.2,109.7,-1.5,0.099,0.086
201954,Darren Collison,SAC,29.0,68,30.3,13.2,2.2,4.6,1.0,0.1,1.7,0.476,0.417,0.86,0.382,-1.9,2017,0.57,0.195,107.6,111.2,-3.6,0.243,0.039
1626199,Darrun Hilliard,DET,24.0,39,9.8,3.3,0.8,0.8,0.3,0.1,0.7,0.373,0.261,0.75,0.487,0.3,2017,0.459,0.191,100.7,100.1,0.5,0.133,0.043
101135,David Lee,SAS,34.0,79,18.7,7.3,5.6,1.6,0.4,0.5,1.0,0.59,0.0,0.708,0.734,4.0,2017,0.613,0.161,109.8,99.5,10.3,0.126,0.149
1628021,David Nwaba,LAL,24.0,20,19.9,6.0,3.2,0.7,0.7,0.4,0.6,0.58,0.2,0.641,0.25,0.5,2017,0.611,0.118,103.3,101.9,1.3,0.048,0.078
2561,David West,GSW,36.0,68,12.6,4.6,3.0,2.2,0.6,0.7,1.1,0.536,0.375,0.768,0.824,1.8,2017,0.571,0.191,107.1,98.6,8.5,0.26,0.121
202722,Davis Bertans,SAS,24.0,67,12.1,4.5,1.5,0.7,0.3,0.4,0.5,0.44,0.399,0.824,0.761,1.7,2017,0.609,0.148,104.8,99.2,5.6,0.084,0.06
201599,DeAndre Jordan,LAC,28.0,81,31.7,12.7,13.8,1.2,0.6,1.7,1.4,0.714,0.0,0.482,0.63,5.6,2017,0.673,0.152,114.7,105.8,8.9,0.054,0.217
202732,DeAndre Liggins,DAL,29.0,62,12.5,2.5,1.7,0.9,0.8,0.2,0.7,0.387,0.37,0.625,0.645,0.9,2017,0.476,0.113,107.8,104.2,3.6,0.097,0.069
1627761,DeAndre' Bembry,ATL,22.0,38,9.8,2.7,1.6,0.7,0.2,0.1,0.4,0.48,0.056,0.375,0.526,-1.2,2017,0.481,0.144,99.5,103.3,-3.8,0.123,0.078
201942,DeMar DeRozan,TOR,27.0,74,35.4,27.3,5.2,3.9,1.1,0.2,2.4,0.467,0.266,0.842,0.635,2.0,2017,0.552,0.337,111.3,108.7,2.5,0.204,0.074
202326,DeMarcus Cousins,NOP,26.0,72,34.2,27.0,11.0,4.6,1.4,1.3,3.7,0.452,0.361,0.772,0.417,-0.3,2017,0.562,0.359,108.6,109.5,-0.9,0.262,0.167
201960,DeMarre Carroll,TOR,30.0,72,26.1,8.9,3.8,1.0,1.1,0.4,0.8,0.4,0.341,0.761,0.611,1.6,2017,0.53,0.154,110.6,107.8,2.8,0.056,0.074
1627749,Dejounte Murray,SAS,20.0,38,8.5,3.4,1.1,1.3,0.2,0.2,1.0,0.431,0.391,0.7,0.763,0.0,2017,0.503,0.23,100.2,100.5,-0.3,0.236,0.066
1626153,Delon Wright,TOR,25.0,27,16.5,5.6,1.8,2.1,1.0,0.4,0.9,0.422,0.333,0.764,0.704,3.3,2017,0.535,0.163,104.9,95.7,9.2,0.204,0.054
203471,Dennis Schröder,ATL,23.0,79,31.5,17.9,3.1,6.3,0.9,0.2,3.3,0.451,0.34,0.855,0.532,-1.0,2017,0.533,0.272,105.3,106.8,-1.5,0.34,0.048
1627756,Denzel Valentine,CHI,23.0,57,17.1,5.1,2.6,1.1,0.5,0.1,0.9,0.354,0.351,0.778,0.491,-0.3,2017,0.492,0.153,104.0,104.8,-0.7,0.095,0.075
101114,Deron Williams,CLE,33.0,64,25.9,11.0,2.3,5.6,0.5,0.1,2.2,0.438,0.363,0.826,0.391,-1.5,2017,0.541,0.219,105.1,107.5,-2.4,0.35,0.046
202324,Derrick Favors,UTA,25.0,50,23.7,9.5,6.1,1.1,0.9,0.8,1.2,0.487,0.3,0.615,0.66,1.1,2017,0.512,0.204,104.2,101.5,2.6,0.079,0.135
1627884,Derrick Jones Jr.,PHX,20.0,32,17.0,5.3,2.5,0.4,0.4,0.4,0.4,0.562,0.273,0.707,0.219,1.0,2017,0.604,0.117,108.5,104.3,4.2,0.03,0.068
201565,Derrick Rose,NYK,28.0,64,32.5,18.0,3.8,4.4,0.7,0.3,2.3,0.471,0.217,0.874,0.406,-2.6,2017,0.53,0.254,108.8,113.0,-4.2,0.216,0.056
202682,Derrick Williams,CLE,26.0,50,16.1,6.1,2.6,0.6,0.3,0.1,0.6,0.443,0.309,0.652,0.32,-1.2,2017,0.537,0.175,103.8,108.2,-4.4,0.054,0.079
1626164,Devin Booker,PHX,20.0,78,35.0,22.1,3.2,3.4,0.9,0.3,3.1,0.423,0.363,0.832,0.308,-2.9,2017,0.531,0.28,107.7,111.6,-3.9,0.16,0.044
2734,Devin Harris,DAL,34.0,65,16.7,6.7,2.0,2.1,0.7,0.1,0.9,0.399,0.328,0.829,0.446,0.6,2017,0.549,0.191,105.2,102.5,2.7,0.197,0.06
203473,Dewayne Dedmon,SAS,27.0,76,17.5,5.1,6.5,0.6,0.5,0.8,0.8,0.622,0.0,0.699,0.724,2.5,2017,0.645,0.118,106.0,98.0,8.0,0.049,0.186
1627738,Deyonta Davis,MEM,20.0,36,6.6,1.6,1.7,0.1,0.1,0.5,0.2,0.511,0.0,0.556,0.639,-1.2,2017,0.528,0.113,95.8,102.2,-6.4,0.015,0.117
203079,Dion Waiters,MIA,25.0,46,30.1,15.8,3.3,4.3,0.9,0.4,2.2,0.424,0.395,0.646,0.587,1.8,2017,0.507,0.26,108.1,105.5,2.6,0.234,0.054
1717,Dirk Nowitzki,DAL,39.0,54,26.4,14.2,6.5,1.5,0.6,0.7,0.9,0.437,0.378,0.875,0.426,-0.2,2017,0.529,0.246,103.7,105.0,-1.3,0.099,0.126
1627734,Domantas Sabonis,OKC,21.0,81,20.1,5.9,3.6,1.0,0.5,0.4,1.0,0.399,0.321,0.657,0.568,0.2,2017,0.469,0.156,104.2,102.5,1.7,0.073,0.086
202700,Donatas Motiejunas,NOP,26.0,34,14.1,4.4,3.0,0.9,0.5,0.3,0.9,0.413,0.234,0.51,0.471,-3.5,2017,0.47,0.168,101.7,112.8,-11.1,0.096,0.104
1627827,Dorian Finney-Smith,DAL,24.0,81,20.3,4.3,2.7,0.8,0.6,0.3,0.6,0.372,0.293,0.754,0.407,-1.5,2017,0.486,0.115,103.2,105.5,-2.3,0.061,0.071
203926,Doug McDermott,OKC,25.0,66,22.8,9.0,2.7,0.9,0.2,0.1,0.6,0.447,0.37,0.845,0.53,-0.4,2017,0.554,0.162,107.3,109.1,-1.8,0.06,0.058
1627733,Dragan Bender,PHX,19.0,43,13.3,3.4,2.4,0.5,0.2,0.5,0.7,0.354,0.277,0.364,0.302,-0.6,2017,0.44,0.145,105.4,106.7,-1.3,0.057,0.087
203110,Draymond Green,GSW,27.0,76,32.5,10.2,7.9,7.0,2.0,1.4,2.4,0.418,0.308,0.709,0.816,10.8,2017,0.522,0.159,116.2,100.9,15.3,0.272,0.117
2730,Dwight Howard,ATL,31.0,74,29.7,13.5,12.7,1.4,0.9,1.2,2.3,0.633,0.0,0.533,0.5,-1.5,2017,0.627,0.19,103.0,105.0,-2.0,0.076,0.207
203939,Dwight Powell,DAL,25.0,77,17.3,6.7,4.0,0.6,0.8,0.5,0.4,0.515,0.284,0.759,0.39,-2.2,2017,0.588,0.162,103.7,109.0,-5.4,0.062,0.12
2548,Dwyane Wade,CHI,35.0,60,29.9,18.3,4.5,3.8,1.4,0.7,2.3,0.434,0.31,0.794,0.483,-1.2,2017,0.508,0.289,104.3,106.1,-1.8,0.221,0.072
202734,E'Twaun Moore,NOP,28.0,73,24.9,9.6,2.1,2.2,0.7,0.4,0.8,0.457,0.37,0.77,0.438,-1.5,2017,0.537,0.171,104.4,107.4,-3.0,0.138,0.04
202334,Ed Davis,POR,28.0,46,17.2,4.3,5.3,0.6,0.3,0.5,0.8,0.528,0.0,0.617,0.413,-2.8,2017,0.563,0.118,104.8,111.7,-6.8,0.05,0.149
203901,Elfrid Payton,ORL,23.0,82,29.4,12.8,4.7,6.5,1.1,0.5,2.2,0.471,0.274,0.692,0.354,-1.8,2017,0.52,0.211,106.6,109.2,-2.6,0.329,0.077
1626144,Emmanuel Mudiay,DEN,21.0,55,25.6,11.0,3.2,3.9,0.7,0.2,2.2,0.377,0.315,0.784,0.455,-2.4,2017,0.483,0.222,108.6,113.3,-4.7,0.222,0.062
202683,Enes Freedom,OKC,25.0,72,21.3,14.3,6.7,0.9,0.4,0.5,1.7,0.545,0.132,0.786,0.597,0.8,2017,0.599,0.271,109.3,108.0,1.3,0.078,0.156
202339,Eric Bledsoe,PHX,27.0,66,33.0,21.1,4.8,6.3,1.4,0.5,3.4,0.434,0.335,0.847,0.333,-2.8,2017,0.563,0.275,107.9,111.6,-3.8,0.309,0.072
201569,Eric Gordon,HOU,28.0,75,31.0,16.2,2.7,2.5,0.6,0.5,1.6,0.406,0.372,0.84,0.667,3.9,2017,0.557,0.217,112.3,106.1,6.2,0.125,0.04
101141,Ersan Ilyasova,ATL,30.0,82,26.1,13.1,5.9,1.7,0.7,0.3,1.4,0.431,0.353,0.778,0.427,-0.4,2017,0.546,0.216,103.9,104.3,-0.4,0.107,0.108
203095,Evan Fournier,ORL,24.0,68,32.8,17.2,3.1,3.0,1.0,0.1,2.1,0.439,0.356,0.805,0.338,-2.9,2017,0.555,0.229,104.4,108.8,-4.4,0.144,0.045
202323,Evan Turner,POR,28.0,65,25.5,9.0,3.8,3.2,0.8,0.4,1.5,0.426,0.263,0.825,0.523,-2.7,2017,0.491,0.182,103.3,108.8,-5.5,0.196,0.073
1626163,Frank Kaminsky,CHA,24.0,75,26.1,11.7,4.5,2.2,0.6,0.5,1.0,0.399,0.328,0.756,0.413,0.6,2017,0.502,0.216,108.7,108.3,0.4,0.131,0.086
1627832,Fred VanVleet,TOR,23.0,37,7.9,2.9,1.1,0.9,0.4,0.1,0.4,0.351,0.379,0.818,0.676,1.8,2017,0.443,0.199,101.2,90.3,10.8,0.18,0.067
202066,Garrett Temple,SAC,31.0,65,26.6,7.8,2.8,2.6,1.3,0.4,1.2,0.424,0.373,0.784,0.385,-2.7,2017,0.545,0.139,105.3,110.6,-5.3,0.146,0.055
203914,Gary Harris,DEN,22.0,57,31.3,14.9,3.1,2.9,1.2,0.1,1.3,0.502,0.42,0.776,0.509,1.4,2017,0.611,0.183,116.1,113.9,2.2,0.129,0.051
201588,George Hill,UTA,31.0,49,31.5,16.9,3.4,4.2,1.0,0.2,1.7,0.477,0.403,0.801,0.673,5.3,2017,0.599,0.229,109.8,101.3,8.5,0.227,0.056
1627834,Georgios Papagiannis,SAC,19.0,22,16.1,5.6,3.9,0.9,0.1,0.8,1.1,0.549,0.0,0.857,0.318,-1.4,2017,0.573,0.165,103.9,108.9,-5.0,0.085,0.127
101123,Gerald Green,BOS,31.0,47,11.4,5.6,1.8,0.7,0.2,0.1,0.5,0.409,0.351,0.805,0.681,0.2,2017,0.524,0.223,107.4,107.3,0.0,0.1,0.075
201945,Gerald Henderson,PHI,29.0,72,23.2,9.2,2.6,1.6,0.6,0.2,0.9,0.423,0.353,0.806,0.333,-4.3,2017,0.529,0.175,100.4,108.8,-8.3,0.108,0.055
203507,Giannis Antetokounmpo,MIL,22.0,80,35.6,22.9,8.8,5.4,1.6,1.9,2.9,0.521,0.272,0.77,0.525,0.6,2017,0.599,0.28,108.6,107.5,1.1,0.269,0.127
203922,Glenn Robinson III,IND,23.0,69,20.7,6.1,3.6,0.7,0.6,0.3,0.5,0.467,0.392,0.711,0.507,-1.1,2017,0.564,0.125,102.9,105.3,-2.4,0.048,0.085
201609,Goran Dragic,MIA,31.0,73,33.7,20.3,3.8,5.8,1.2,0.2,2.9,0.475,0.405,0.79,0.548,0.9,2017,0.575,0.262,108.4,107.3,1.1,0.283,0.056
202330,Gordon Hayward,UTA,27.0,73,34.5,21.9,5.4,3.5,1.0,0.3,1.9,0.471,0.398,0.844,0.63,4.8,2017,0.595,0.269,110.6,103.8,6.8,0.179,0.081
203476,Gorgui Dieng,MIN,27.0,82,32.4,10.0,7.9,1.9,1.1,1.2,1.3,0.502,0.372,0.814,0.378,0.4,2017,0.555,0.14,110.1,109.3,0.8,0.086,0.126
202328,Greg Monroe,MIL,27.0,81,22.5,11.7,6.6,2.3,1.1,0.5,1.7,0.533,0.0,0.741,0.519,1.7,2017,0.572,0.238,111.0,107.0,4.0,0.165,0.155
203084,Harrison Barnes,DAL,25.0,79,35.5,19.2,5.0,1.5,0.8,0.2,1.3,0.468,0.351,0.861,0.405,-1.7,2017,0.541,0.252,104.0,106.2,-2.2,0.076,0.075
202355,Hassan Whiteside,MIA,28.0,77,32.6,17.0,14.1,0.7,0.7,2.1,2.0,0.557,0.0,0.628,0.506,1.3,2017,0.579,0.223,108.7,106.6,2.0,0.037,0.214
203138,Hollis Thompson,NOP,26.0,40,18.8,5.1,2.8,0.9,0.5,0.2,0.3,0.385,0.337,0.655,0.3,-1.8,2017,0.482,0.131,99.7,104.3,-4.5,0.072,0.07
203546,Ian Clark,GSW,26.0,77,14.8,6.8,1.6,1.2,0.5,0.1,0.7,0.487,0.374,0.759,0.818,0.5,2017,0.575,0.192,105.1,103.6,1.5,0.122,0.051
101133,Ian Mahinmi,WAS,30.0,31,17.9,5.6,4.8,0.6,1.1,0.8,1.1,0.586,0.0,0.573,0.613,1.0,2017,0.601,0.138,105.1,102.4,2.7,0.05,0.134
202697,Iman Shumpert,CLE,27.0,76,25.5,7.5,2.9,1.4,0.8,0.4,1.0,0.411,0.36,0.789,0.632,0.6,2017,0.536,0.14,110.7,109.0,1.7,0.08,0.056
203477,Isaiah Canaan,CHI,26.0,39,15.2,4.6,1.3,0.9,0.6,0.0,0.5,0.364,0.266,0.909,0.487,-2.2,2017,0.483,0.151,100.0,105.7,-5.7,0.099,0.04
202738,Isaiah Thomas,BOS,28.0,76,33.8,28.9,2.7,5.9,0.9,0.2,2.8,0.463,0.379,0.909,0.671,3.6,2017,0.625,0.332,115.1,110.5,4.6,0.305,0.04
1627785,Isaiah Whitehead,BKN,22.0,73,22.5,7.4,2.5,2.6,0.6,0.5,1.9,0.402,0.295,0.805,0.233,-1.6,2017,0.487,0.18,104.0,107.0,-3.1,0.173,0.053
202397,Ish Smith,DET,28.0,81,24.1,9.4,2.9,5.2,0.8,0.4,1.4,0.439,0.267,0.706,0.457,0.6,2017,0.477,0.201,105.4,104.6,0.8,0.319,0.058
1627826,Ivica Zubac,LAL,20.0,38,16.0,7.5,4.2,0.8,0.4,0.9,0.8,0.529,0.0,0.653,0.211,-3.5,2017,0.547,0.201,103.1,113.7,-10.5,0.078,0.126
200826,J.J. Barea,DAL,33.0,35,22.0,10.9,2.4,5.5,0.4,0.0,1.8,0.414,0.358,0.863,0.314,0.3,2017,0.521,0.254,102.8,103.7,-0.9,0.421,0.057
200755,JJ Redick,LAC,33.0,78,28.2,15.0,2.2,1.4,0.7,0.2,1.3,0.445,0.429,0.891,0.641,6.1,2017,0.599,0.211,115.8,106.2,9.6,0.074,0.039
2747,JR Smith,CLE,31.0,41,29.0,8.6,2.8,1.5,1.0,0.3,0.6,0.346,0.351,0.667,0.61,1.8,2017,0.484,0.143,112.5,110.0,2.6,0.071,0.046
203210,JaMychal Green,MEM,27.0,77,27.3,8.9,7.1,1.1,0.6,0.4,1.2,0.5,0.379,0.802,0.519,-0.4,2017,0.601,0.144,105.6,105.2,0.3,0.064,0.133
201580,JaVale McGee,GSW,29.0,77,9.6,6.1,3.2,0.2,0.2,0.9,0.5,0.652,0.0,0.505,0.805,4.1,2017,0.642,0.221,122.6,102.5,20.1,0.032,0.154
203953,Jabari Parker,MIL,22.0,51,33.9,20.1,6.2,2.8,1.0,0.4,1.8,0.49,0.365,0.743,0.431,-1.7,2017,0.563,0.257,108.1,110.6,-2.5,0.137,0.092
203109,Jae Crowder,BOS,26.0,72,32.4,13.9,5.8,2.2,1.0,0.3,1.1,0.463,0.398,0.811,0.667,4.9,2017,0.613,0.169,114.1,106.3,7.8,0.097,0.087
1626143,Jahlil Okafor,PHI,21.0,50,22.7,11.8,4.8,1.2,0.4,1.0,1.8,0.514,0.0,0.671,0.3,-6.4,2017,0.546,0.244,96.5,110.1,-13.7,0.097,0.104
1627774,Jake Layman,POR,23.0,35,7.1,2.2,0.7,0.3,0.3,0.1,0.3,0.292,0.255,0.765,0.457,0.0,2017,0.404,0.186,97.3,98.3,-0.9,0.072,0.044
1627751,Jakob Poeltl,TOR,21.0,54,11.6,3.1,3.1,0.2,0.3,0.4,0.5,0.583,0.0,0.544,0.704,-0.1,2017,0.589,0.117,100.9,101.0,-0.1,0.03,0.133
2037,Jamal Crawford,LAC,37.0,82,26.3,12.3,1.6,2.6,0.7,0.2,1.6,0.413,0.36,0.857,0.622,0.3,2017,0.525,0.22,106.9,107.9,-1.0,0.159,0.03
1627750,Jamal Murray,DEN,20.0,82,21.5,9.9,2.6,2.1,0.6,0.3,1.4,0.404,0.334,0.883,0.488,0.9,2017,0.518,0.212,110.2,108.0,2.2,0.142,0.059
2749,Jameer Nelson,DEN,35.0,75,27.3,9.2,2.6,5.1,0.7,0.1,1.7,0.444,0.388,0.714,0.453,1.7,2017,0.544,0.156,112.5,109.6,2.9,0.258,0.046
203516,James Ennis III,MEM,26.0,64,23.4,6.7,4.0,1.0,0.7,0.3,0.9,0.455,0.372,0.782,0.5,0.7,2017,0.581,0.127,105.4,103.8,1.5,0.067,0.085
201935,James Harden,HOU,27.0,81,36.4,29.1,8.1,11.2,1.5,0.5,5.7,0.44,0.347,0.847,0.667,5.2,2017,0.613,0.333,115.6,108.9,6.7,0.505,0.109
201949,James Johnson,MIA,30.0,76,27.4,12.8,4.9,3.6,1.0,1.1,2.3,0.479,0.34,0.707,0.526,1.8,2017,0.564,0.215,105.8,102.8,3.0,0.21,0.088
2592,James Jones,CLE,36.0,48,7.9,2.8,0.8,0.3,0.1,0.2,0.2,0.478,0.47,0.65,0.583,-2.1,2017,0.655,0.133,97.7,110.6,-12.9,0.062,0.049
203949,James Michael McAdoo,GSW,24.0,52,8.8,2.8,1.8,0.3,0.3,0.6,0.4,0.53,0.25,0.5,0.827,-0.8,2017,0.543,0.145,98.5,103.0,-4.4,0.06,0.094
203923,James Young,BOS,21.0,29,7.6,2.3,0.9,0.1,0.3,0.1,0.1,0.431,0.343,0.667,0.552,-1.3,2017,0.549,0.125,97.9,107.4,-9.5,0.03,0.057
201162,Jared Dudley,PHX,31.0,64,21.3,6.8,3.5,1.9,0.7,0.3,1.1,0.454,0.379,0.662,0.266,-0.7,2017,0.579,0.136,103.6,105.2,-1.6,0.126,0.077
1626185,Jarell Martin,MEM,23.0,42,13.3,3.9,3.9,0.2,0.4,0.2,0.7,0.384,0.36,0.8,0.548,-1.7,2017,0.477,0.156,94.4,99.8,-5.4,0.025,0.134
201160,Jason Smith,WAS,31.0,74,14.4,5.7,3.5,0.5,0.3,0.7,0.8,0.529,0.474,0.686,0.608,-0.1,2017,0.598,0.166,106.5,106.4,0.1,0.052,0.121
1891,Jason Terry,MIL,39.0,74,18.4,4.1,1.4,1.3,0.6,0.3,0.5,0.432,0.427,0.828,0.5,1.4,2017,0.6,0.096,107.9,103.4,4.5,0.1,0.04
1627759,Jaylen Brown,BOS,20.0,78,17.2,6.6,2.8,0.8,0.4,0.2,0.9,0.455,0.343,0.685,0.641,-1.6,2017,0.54,0.176,101.8,106.2,-4.4,0.077,0.081
201145,Jeff Green,ORL,30.0,69,22.2,9.2,3.1,1.2,0.5,0.2,1.1,0.394,0.275,0.863,0.377,-4.3,2017,0.505,0.2,98.5,107.8,-9.2,0.089,0.065
201952,Jeff Teague,IND,29.0,82,32.4,15.3,4.0,7.8,1.2,0.4,2.6,0.442,0.357,0.867,0.512,0.6,2017,0.574,0.219,109.0,107.9,1.1,0.359,0.063
203481,Jeff Withey,UTA,27.0,51,8.5,2.9,2.4,0.1,0.3,0.6,0.3,0.534,0.0,0.75,0.647,-0.4,2017,0.588,0.139,103.9,106.8,-2.8,0.025,0.14
203924,Jerami Grant,OKC,23.0,80,19.1,5.5,2.6,0.6,0.4,1.0,0.6,0.463,0.371,0.612,0.538,-2.3,2017,0.556,0.122,104.0,108.4,-4.4,0.044,0.064
203087,Jeremy Lamb,CHA,25.0,62,18.4,9.7,4.3,1.2,0.4,0.4,0.6,0.46,0.281,0.853,0.435,-0.6,2017,0.55,0.228,107.4,108.9,-1.5,0.113,0.113
202391,Jeremy Lin,BKN,28.0,36,24.5,14.5,3.8,5.1,1.2,0.4,2.4,0.438,0.372,0.816,0.361,-2.3,2017,0.566,0.255,103.3,108.1,-4.7,0.338,0.071
1626170,Jerian Grant,CHI,24.0,63,16.3,5.9,1.8,1.9,0.7,0.1,0.7,0.425,0.366,0.89,0.46,0.8,2017,0.555,0.159,107.5,104.8,2.7,0.172,0.052
202710,Jimmy Butler III,CHI,27.0,76,37.0,23.9,6.2,5.5,1.9,0.4,2.1,0.455,0.367,0.865,0.526,2.7,2017,0.586,0.261,108.0,104.7,3.3,0.243,0.081
201149,Joakim Noah,NYK,32.0,46,22.1,5.0,8.8,2.2,0.7,0.8,1.3,0.49,0.0,0.436,0.37,-3.1,2017,0.491,0.124,106.2,112.6,-6.4,0.138,0.187
201975,Jodie Meeks,ORL,29.0,36,20.5,9.1,2.1,1.3,0.9,0.1,1.0,0.402,0.409,0.878,0.389,-2.8,2017,0.567,0.192,105.9,111.7,-5.8,0.089,0.052
203925,Joe Harris,BKN,25.0,52,21.9,8.2,2.8,1.0,0.6,0.2,1.1,0.425,0.385,0.714,0.192,-5.5,2017,0.558,0.159,97.9,109.1,-11.2,0.076,0.058
204060,Joe Ingles,UTA,29.0,82,24.1,7.1,3.2,2.7,1.2,0.1,1.3,0.452,0.441,0.735,0.622,1.9,2017,0.604,0.135,108.5,104.4,4.0,0.168,0.07
2207,Joe Johnson,UTA,36.0,78,23.6,9.2,3.1,1.8,0.5,0.2,0.9,0.436,0.411,0.818,0.603,1.5,2017,0.542,0.181,107.6,104.3,3.3,0.125,0.069
203954,Joel Embiid,PHI,23.0,31,25.4,20.2,7.8,2.1,0.9,2.5,3.8,0.466,0.367,0.783,0.419,2.2,2017,0.584,0.356,102.8,98.7,4.1,0.174,0.152
203530,Joffrey Lauvergne,CHI,25.0,70,14.0,5.4,3.6,1.0,0.4,0.1,0.8,0.44,0.337,0.63,0.586,-1.3,2017,0.509,0.185,103.3,106.9,-3.6,0.11,0.124
203089,John Henson,MIL,26.0,58,19.4,6.8,5.1,1.0,0.5,1.3,0.9,0.515,0.0,0.692,0.448,-0.8,2017,0.55,0.163,106.3,108.2,-1.9,0.076,0.132
202322,John Wall,WAS,26.0,78,36.4,23.1,4.2,10.7,2.0,0.6,4.1,0.451,0.327,0.801,0.615,3.2,2017,0.541,0.299,113.0,108.8,4.2,0.45,0.058
202720,Jon Leuer,DET,28.0,75,25.9,10.2,5.4,1.5,0.4,0.3,0.9,0.48,0.293,0.867,0.453,-1.0,2017,0.551,0.169,102.4,104.5,-2.0,0.088,0.1
201973,Jonas Jerebko,BOS,30.0,78,15.8,3.8,3.5,0.9,0.3,0.2,0.5,0.435,0.346,0.703,0.654,0.5,2017,0.537,0.113,109.1,107.4,1.7,0.081,0.108
202685,Jonas Valančiūnas,TOR,25.0,80,25.8,12.0,9.5,0.7,0.5,0.8,1.3,0.557,0.5,0.811,0.625,1.4,2017,0.601,0.193,111.1,109.1,2.0,0.043,0.188
1626780,Jonathan Gibson,DAL,29.0,17,13.6,6.2,1.3,1.5,0.5,0.0,1.2,0.368,0.333,0.724,0.235,-4.9,2017,0.492,0.249,96.6,114.1,-17.5,0.215,0.05
203613,Jonathon Simmons,SAS,27.0,78,17.9,6.2,2.1,1.6,0.6,0.3,1.0,0.42,0.294,0.75,0.769,2.7,2017,0.504,0.176,105.0,96.6,8.4,0.137,0.057
203903,Jordan Clarkson,LAL,25.0,82,29.2,14.7,3.0,2.6,1.1,0.1,2.0,0.445,0.329,0.798,0.317,-5.1,2017,0.526,0.228,104.2,112.6,-8.3,0.143,0.05
202348,Jordan Crawford,NOP,28.0,19,23.3,14.1,1.8,3.0,0.6,0.1,1.3,0.482,0.389,0.769,0.474,0.8,2017,0.582,0.254,113.5,111.8,1.6,0.192,0.04
203895,Jordan McRae,CLE,26.0,37,10.4,4.4,1.1,0.5,0.2,0.2,0.4,0.387,0.353,0.794,0.703,-1.6,2017,0.488,0.208,104.9,112.8,-7.9,0.083,0.052
101181,Jose Calderon,ATL,35.0,41,13.1,3.4,1.8,2.1,0.3,0.0,1.0,0.41,0.313,0.917,0.366,-2.6,2017,0.506,0.14,96.1,106.1,-10.0,0.251,0.066
201177,Josh McRoberts,MIA,30.0,22,17.3,4.9,3.4,2.3,0.5,0.2,1.0,0.373,0.419,0.667,0.273,-3.3,2017,0.439,0.171,100.9,110.1,-9.2,0.2,0.097
1626196,Josh Richardson,MIA,23.0,53,30.5,10.2,3.2,2.6,1.1,0.7,1.2,0.394,0.33,0.779,0.434,0.1,2017,0.493,0.165,105.2,105.3,-0.1,0.128,0.051
201950,Jrue Holiday,NOP,27.0,67,32.7,15.4,3.9,7.3,1.5,0.7,2.9,0.454,0.356,0.708,0.478,0.6,2017,0.532,0.232,104.3,103.7,0.7,0.355,0.057
1627823,Juancho Hernangomez,DEN,21.0,62,13.6,4.9,3.0,0.5,0.5,0.2,0.5,0.451,0.407,0.75,0.484,-0.5,2017,0.592,0.139,107.9,110.1,-2.2,0.048,0.107
203944,Julius Randle,LAL,22.0,74,28.8,13.2,8.6,3.6,0.7,0.5,2.3,0.488,0.27,0.723,0.324,-6.1,2017,0.543,0.212,104.2,114.0,-9.8,0.195,0.145
1626147,Justin Anderson,PHI,23.0,75,16.4,7.1,3.3,0.9,0.5,0.3,0.9,0.424,0.299,0.791,0.32,-2.6,2017,0.537,0.202,101.5,108.6,-7.1,0.089,0.1
203120,Justin Hamilton,BKN,27.0,64,18.4,6.9,4.1,0.9,0.5,0.7,0.7,0.459,0.306,0.75,0.219,-4.6,2017,0.55,0.158,98.0,109.8,-11.7,0.074,0.104
203200,Justin Holiday,NYK,28.0,82,20.0,7.7,2.7,1.2,0.8,0.4,0.8,0.433,0.355,0.825,0.378,-0.5,2017,0.549,0.166,104.5,105.3,-0.8,0.095,0.065
1626159,Justise Winslow,MIA,21.0,18,34.7,10.9,5.2,3.7,1.4,0.3,1.8,0.356,0.2,0.617,0.222,-0.3,2017,0.399,0.198,102.8,103.9,-1.1,0.153,0.071
203994,Jusuf Nurkić,POR,22.0,65,21.4,10.2,7.2,1.9,0.8,1.1,2.2,0.507,0.0,0.571,0.523,-0.8,2017,0.528,0.232,106.3,107.7,-1.4,0.142,0.161
203909,KJ McDaniels,BKN,24.0,49,10.3,4.2,1.7,0.3,0.4,0.4,0.6,0.456,0.303,0.842,0.571,-0.9,2017,0.555,0.18,103.6,107.2,-3.6,0.04,0.079
1626157,Karl-Anthony Towns,MIN,21.0,82,37.0,25.1,12.3,2.7,0.7,1.3,2.6,0.542,0.367,0.832,0.378,-0.3,2017,0.618,0.271,111.8,112.1,-0.3,0.127,0.173
202695,Kawhi Leonard,SAS,26.0,74,33.4,25.5,5.8,3.5,1.8,0.7,2.1,0.485,0.38,0.88,0.73,5.9,2017,0.61,0.306,113.8,105.1,8.7,0.182,0.089
1627770,Kay Felder,CLE,22.0,42,9.2,4.0,1.0,1.4,0.4,0.2,0.7,0.392,0.318,0.714,0.595,-1.3,2017,0.462,0.243,98.4,104.9,-6.5,0.261,0.052
203482,Kelly Olynyk,BOS,26.0,75,20.5,9.0,4.8,2.0,0.6,0.4,1.3,0.512,0.354,0.732,0.653,0.2,2017,0.603,0.185,105.1,105.2,-0.1,0.159,0.113
1626162,Kelly Oubre Jr.,WAS,21.0,79,20.3,6.3,3.3,0.6,0.7,0.2,0.6,0.421,0.287,0.758,0.595,-0.5,2017,0.516,0.143,105.3,106.0,-0.6,0.042,0.081
202689,Kemba Walker,CHA,27.0,79,34.7,23.2,3.9,5.5,1.1,0.3,2.1,0.444,0.399,0.847,0.456,2.4,2017,0.569,0.286,110.9,107.4,3.5,0.282,0.055
202702,Kenneth Faried,DEN,27.0,61,21.2,9.6,7.6,0.9,0.7,0.7,1.0,0.548,0.0,0.693,0.475,-1.0,2017,0.588,0.179,110.7,112.3,-1.7,0.064,0.175
203145,Kent Bazemore,ATL,27.0,73,26.9,11.0,3.2,2.4,1.2,0.7,1.7,0.409,0.346,0.708,0.534,-1.5,2017,0.504,0.202,104.3,106.0,-1.7,0.14,0.056
203484,Kentavious Caldwell-Pope,DET,24.0,76,33.3,13.8,3.3,2.5,1.2,0.2,1.1,0.399,0.35,0.832,0.434,-1.9,2017,0.519,0.187,105.4,108.6,-3.3,0.111,0.048
201142,Kevin Durant,GSW,28.0,62,33.4,25.1,8.3,4.8,1.1,1.6,2.2,0.537,0.375,0.875,0.823,11.5,2017,0.651,0.271,118.0,102.3,15.7,0.218,0.122
201567,Kevin Love,CLE,28.0,60,31.4,19.0,11.1,1.9,0.9,0.4,2.0,0.427,0.373,0.871,0.667,5.6,2017,0.573,0.253,115.5,107.1,8.4,0.093,0.172
202338,Kevin Seraphin,IND,27.0,49,11.4,4.7,2.9,0.5,0.1,0.4,0.6,0.551,0.0,0.636,0.469,-2.1,2017,0.559,0.184,99.6,109.4,-9.8,0.069,0.125
1626172,Kevon Looney,GSW,21.0,53,8.4,2.5,2.3,0.5,0.3,0.3,0.3,0.523,0.222,0.618,0.83,-0.3,2017,0.553,0.126,100.1,103.5,-3.4,0.094,0.129
203114,Khris Middleton,MIL,25.0,29,30.7,14.7,4.2,3.4,1.4,0.2,2.2,0.45,0.433,0.88,0.655,3.1,2017,0.57,0.227,110.8,105.4,5.4,0.175,0.076
202691,Klay Thompson,GSW,27.0,78,34.0,22.3,3.7,2.1,0.8,0.5,1.6,0.468,0.414,0.853,0.846,10.3,2017,0.592,0.258,116.5,102.4,14.1,0.09,0.053
201585,Kosta Koufos,SAC,28.0,71,20.0,6.6,5.7,0.7,0.5,0.7,0.9,0.551,0.0,0.613,0.38,-2.2,2017,0.56,0.151,103.0,108.5,-5.5,0.053,0.143
1627739,Kris Dunn,MIN,23.0,78,17.1,3.8,2.1,2.4,1.0,0.5,1.1,0.377,0.288,0.61,0.385,-1.7,2017,0.432,0.139,105.5,108.9,-3.4,0.2,0.064
2743,Kris Humphries,ATL,32.0,56,12.3,4.6,3.7,0.5,0.3,0.4,0.5,0.407,0.352,0.78,0.554,-1.2,2017,0.514,0.176,96.9,101.1,-4.2,0.07,0.146
204001,Kristaps Porziņģis,NYK,21.0,66,32.8,18.1,7.2,1.5,0.7,2.0,1.8,0.45,0.357,0.786,0.394,-1.5,2017,0.546,0.24,106.4,108.7,-2.4,0.073,0.105
203937,Kyle Anderson,SAS,23.0,72,14.2,3.4,2.9,1.3,0.7,0.4,0.5,0.445,0.375,0.789,0.736,2.5,2017,0.525,0.118,105.3,96.2,9.1,0.126,0.103
2594,Kyle Korver,CLE,36.0,67,26.2,10.1,2.8,1.6,0.5,0.3,1.0,0.464,0.451,0.905,0.493,-2.5,2017,0.635,0.147,105.2,110.8,-5.7,0.093,0.053
200768,Kyle Lowry,TOR,31.0,60,37.4,22.4,4.8,7.0,1.5,0.3,2.9,0.464,0.412,0.819,0.6,5.9,2017,0.623,0.243,114.1,106.4,7.7,0.293,0.065
203124,Kyle O'Quinn,NYK,27.0,79,15.6,6.3,5.6,1.5,0.5,1.3,1.0,0.521,0.118,0.771,0.367,-2.0,2017,0.552,0.182,103.7,109.1,-5.4,0.149,0.169
202713,Kyle Singler,OKC,29.0,32,12.0,2.8,1.5,0.3,0.2,0.2,0.3,0.41,0.189,0.765,0.469,0.3,2017,0.486,0.112,103.3,101.3,2.0,0.034,0.061
202681,Kyrie Irving,CLE,25.0,72,35.1,25.2,3.2,5.8,1.2,0.3,2.5,0.473,0.401,0.905,0.653,4.6,2017,0.58,0.295,116.7,110.3,6.4,0.278,0.045
200746,LaMarcus Aldridge,SAS,31.0,72,32.4,17.3,7.3,1.9,0.6,1.2,1.4,0.477,0.411,0.812,0.722,3.8,2017,0.532,0.248,110.5,104.4,6.2,0.1,0.115
202362,Lance Stephenson,IND,26.0,18,20.1,6.8,2.9,3.3,0.3,0.2,1.4,0.45,0.3,0.615,0.444,0.6,2017,0.485,0.181,101.9,101.0,1.0,0.254,0.069
202498,Lance Thomas,NYK,29.0,46,21.0,6.0,3.1,0.8,0.5,0.1,0.5,0.398,0.447,0.843,0.326,-4.4,2017,0.516,0.131,102.6,112.4,-9.8,0.053,0.069
204038,Langston Galloway,SAC,25.0,74,20.2,7.9,2.1,1.3,0.6,0.1,0.6,0.38,0.39,0.797,0.392,-0.8,2017,0.51,0.18,103.2,105.5,-2.3,0.098,0.05
1626204,Larry Nance Jr.,LAL,24.0,63,22.9,7.1,5.9,1.5,1.3,0.6,0.9,0.526,0.278,0.738,0.333,-2.1,2017,0.567,0.133,104.1,108.2,-4.1,0.096,0.127
202730,Lavoy Allen,IND,28.0,61,14.3,2.9,3.6,0.9,0.3,0.4,0.5,0.458,0.0,0.697,0.508,-2.0,2017,0.485,0.103,102.5,109.3,-6.8,0.093,0.125
2544,LeBron James,CLE,32.0,74,37.8,26.4,8.6,8.7,1.2,0.6,4.1,0.548,0.363,0.674,0.689,6.5,2017,0.619,0.292,116.7,108.5,8.3,0.388,0.114
2571,Leandro Barbosa,PHX,34.0,67,14.4,6.3,1.6,1.2,0.5,0.1,0.7,0.439,0.357,0.889,0.299,-1.0,2017,0.509,0.201,104.2,107.2,-3.0,0.128,0.054
101150,Lou Williams,HOU,30.0,81,24.6,17.5,2.5,3.0,1.0,0.2,2.0,0.429,0.365,0.88,0.42,0.6,2017,0.593,0.277,110.1,109.1,0.9,0.193,0.048
201601,Luc Mbah a Moute,LAC,30.0,80,22.3,6.1,2.1,0.5,1.0,0.4,0.6,0.505,0.391,0.678,0.613,3.3,2017,0.581,0.114,112.2,103.6,8.6,0.029,0.048
203512,Lucas Nogueira,TOR,24.0,57,19.1,4.4,4.3,0.7,0.9,1.6,0.8,0.66,0.25,0.657,0.596,3.1,2017,0.682,0.093,111.8,103.2,8.6,0.053,0.109
2449,Luis Scola,BKN,37.0,36,12.8,5.1,3.9,1.0,0.4,0.1,0.9,0.47,0.34,0.676,0.194,-2.3,2017,0.55,0.18,102.5,111.2,-8.6,0.124,0.146
202337,Luke Babbitt,MIA,28.0,68,15.7,4.8,2.1,0.5,0.3,0.2,0.4,0.402,0.414,0.733,0.515,-0.1,2017,0.563,0.13,104.5,104.5,0.0,0.049,0.065
2736,Luol Deng,LAL,32.0,56,26.5,7.6,5.3,1.3,0.9,0.4,0.8,0.387,0.309,0.73,0.321,-3.5,2017,0.47,0.141,102.8,108.9,-6.1,0.073,0.096
1627763,Malcolm Brogdon,MIL,24.0,75,26.4,10.2,2.8,4.2,1.1,0.2,1.5,0.457,0.404,0.865,0.507,1.2,2017,0.555,0.182,110.1,107.5,2.6,0.239,0.056
1627098,Malcolm Delaney,ATL,28.0,73,17.1,5.4,1.7,2.6,0.5,0.0,1.3,0.374,0.236,0.806,0.507,0.4,2017,0.456,0.181,101.9,100.5,1.4,0.241,0.048
1938,Manu Ginobili,SAS,39.0,69,18.7,7.5,2.3,2.7,1.2,0.2,1.4,0.39,0.392,0.804,0.739,3.7,2017,0.532,0.188,109.8,100.3,9.5,0.199,0.06
201188,Marc Gasol,MEM,32.0,74,34.2,19.5,6.3,4.6,0.9,1.3,2.2,0.459,0.388,0.837,0.541,0.9,2017,0.554,0.262,107.7,106.7,1.0,0.246,0.094
1626273,Marcelo Huertas,LAL,34.0,23,10.3,2.7,1.0,2.3,0.4,0.1,0.8,0.368,0.211,0.529,0.217,-1.9,2017,0.417,0.17,102.2,109.9,-7.7,0.311,0.051
101162,Marcin Gortat,WAS,33.0,82,31.2,10.8,10.4,1.5,0.5,0.7,1.5,0.579,0.0,0.648,0.598,2.5,2017,0.593,0.146,112.1,108.6,3.5,0.065,0.168
201158,Marco Belinelli,CHA,31.0,74,24.0,10.5,2.4,2.0,0.6,0.1,0.9,0.429,0.36,0.893,0.459,0.6,2017,0.566,0.187,106.9,107.5,-0.6,0.131,0.05
202694,Marcus Morris Sr.,DET,27.0,79,32.5,14.0,4.6,2.0,0.7,0.3,1.1,0.418,0.331,0.784,0.456,-1.3,2017,0.508,0.201,104.3,106.3,-2.0,0.095,0.069
203935,Marcus Smart,BOS,23.0,79,30.4,10.6,3.9,4.6,1.6,0.4,2.0,0.359,0.283,0.812,0.646,1.6,2017,0.486,0.183,108.3,105.3,3.0,0.226,0.062
201977,Marcus Thornton,WAS,30.0,33,17.4,6.6,2.3,1.2,0.6,0.1,0.8,0.4,0.35,0.852,0.455,-4.5,2017,0.494,0.183,102.8,115.0,-12.2,0.108,0.068
1626209,Mario Hezonja,ORL,22.0,65,14.8,4.9,2.2,1.0,0.5,0.2,0.9,0.355,0.299,0.8,0.308,-4.4,2017,0.45,0.187,95.1,109.2,-14.2,0.11,0.073
202693,Markieff Morris,WAS,27.0,76,31.2,14.0,6.5,1.7,1.1,0.6,1.7,0.457,0.362,0.837,0.592,2.4,2017,0.54,0.203,111.1,106.9,4.2,0.076,0.105
1627737,Marquese Chriss,PHX,19.0,82,21.3,9.2,4.2,0.7,0.8,0.9,1.3,0.449,0.321,0.624,0.293,-4.7,2017,0.529,0.194,104.3,113.8,-9.5,0.051,0.098
201578,Marreese Speights,LAC,29.0,82,15.7,8.7,4.5,0.8,0.3,0.5,0.8,0.445,0.372,0.876,0.622,-0.4,2017,0.584,0.234,105.3,106.3,-0.9,0.085,0.144
101107,Marvin Williams,CHA,31.0,76,30.2,11.2,6.6,1.4,0.8,0.7,0.8,0.422,0.35,0.873,0.421,-0.4,2017,0.551,0.16,107.1,107.9,-0.8,0.072,0.107
203486,Mason Plumlee,DEN,27.0,81,26.5,10.4,7.5,3.5,0.9,1.1,1.7,0.536,0.0,0.58,0.469,0.0,2017,0.558,0.18,112.6,111.9,0.7,0.187,0.141
2440,Matt Barnes,GSW,37.0,74,24.0,7.1,5.2,2.6,0.6,0.4,1.4,0.391,0.331,0.787,0.514,-0.9,2017,0.514,0.155,105.4,107.4,-2.0,0.162,0.109
203521,Matthew Dellavedova,MIL,26.0,76,26.1,7.6,1.9,4.7,0.7,0.0,1.8,0.39,0.367,0.854,0.513,-0.9,2017,0.501,0.158,107.0,108.1,-1.1,0.259,0.038
203090,Maurice Harkless,POR,24.0,77,28.9,10.0,4.4,1.1,1.1,0.9,1.1,0.503,0.351,0.621,0.494,0.6,2017,0.57,0.149,112.8,110.6,2.2,0.056,0.075
1626254,Maurice Ndour,NYK,25.0,32,10.4,3.1,2.0,0.3,0.5,0.3,0.4,0.453,0.143,0.731,0.313,-0.1,2017,0.503,0.142,103.4,102.7,0.8,0.037,0.096
203086,Meyers Leonard,POR,25.0,74,16.5,5.4,3.2,1.0,0.2,0.4,0.5,0.386,0.347,0.875,0.5,-0.4,2017,0.507,0.154,105.2,107.0,-1.9,0.085,0.096
201563,Michael Beasley,MIL,28.0,56,16.7,9.4,3.4,0.9,0.5,0.5,1.2,0.532,0.419,0.743,0.411,-0.7,2017,0.584,0.243,107.5,109.3,-1.9,0.096,0.105
203487,Michael Carter-Williams,CHI,25.0,45,18.8,6.6,3.4,2.5,0.8,0.5,1.5,0.366,0.234,0.753,0.556,-0.6,2017,0.437,0.203,104.0,105.1,-1.1,0.203,0.087
203077,Michael Kidd-Gilchrist,CHA,23.0,81,29.0,9.2,7.0,1.4,1.0,1.0,0.7,0.477,0.111,0.784,0.444,-0.1,2017,0.528,0.144,106.7,105.8,0.9,0.074,0.117
201144,Mike Conley,MEM,29.0,69,33.2,20.5,3.5,6.3,1.3,0.3,2.3,0.46,0.408,0.859,0.507,2.7,2017,0.604,0.256,109.6,106.2,3.4,0.329,0.054
2399,Mike Dunleavy,ATL,36.0,53,15.9,5.2,2.2,0.9,0.3,0.1,0.5,0.423,0.396,0.8,0.642,-0.7,2017,0.573,0.137,97.9,102.0,-4.2,0.097,0.065
203488,Mike Muscala,ATL,25.0,70,17.7,6.2,3.4,1.4,0.4,0.6,0.8,0.504,0.418,0.766,0.514,-1.1,2017,0.596,0.145,102.5,105.4,-2.9,0.121,0.094
203101,Miles Plumlee,CHA,28.0,45,10.8,2.5,2.1,0.5,0.4,0.3,0.7,0.478,0.0,0.641,0.422,-1.5,2017,0.518,0.128,100.0,107.2,-7.2,0.065,0.097
1627851,Mindaugas Kuzminskas,NYK,27.0,68,14.9,6.3,1.9,1.0,0.4,0.2,0.8,0.428,0.321,0.809,0.353,0.0,2017,0.533,0.186,105.6,105.4,0.2,0.102,0.059
203141,Mirza Teletovic,MIL,31.0,70,16.2,6.4,2.3,0.7,0.2,0.2,0.5,0.373,0.341,0.778,0.514,1.0,2017,0.515,0.188,106.8,103.9,2.9,0.063,0.073
101145,Monta Ellis,IND,31.0,74,27.0,8.5,2.8,3.2,1.1,0.4,1.8,0.443,0.319,0.727,0.527,-1.0,2017,0.514,0.166,106.5,108.5,-2.0,0.171,0.052
1626149,Montrezl Harrell,HOU,23.0,58,18.3,9.1,3.8,1.1,0.3,0.7,0.8,0.652,0.143,0.628,0.672,1.8,2017,0.662,0.17,114.3,109.0,5.3,0.097,0.099
1626167,Myles Turner,IND,21.0,81,31.4,14.5,7.3,1.3,0.9,2.1,1.3,0.511,0.348,0.809,0.519,1.8,2017,0.585,0.195,109.1,106.4,2.8,0.065,0.119
202357,Nemanja Bjelica,MIN,29.0,65,18.3,6.2,3.8,1.2,0.6,0.3,0.9,0.424,0.316,0.738,0.431,-0.2,2017,0.526,0.159,104.0,103.6,0.5,0.102,0.101
2403,Nene,HOU,34.0,67,17.9,9.1,4.2,1.0,0.8,0.6,1.1,0.617,0.333,0.589,0.701,2.9,2017,0.63,0.191,110.4,102.0,8.4,0.088,0.111
203457,Nerlens Noel,DAL,23.0,51,20.5,8.7,5.8,1.0,1.3,1.0,1.0,0.595,0.0,0.694,0.471,-1.6,2017,0.622,0.171,102.3,105.6,-3.3,0.078,0.143
201156,Nick Young,LAL,32.0,60,25.9,13.2,2.3,1.0,0.6,0.2,0.6,0.43,0.404,0.856,0.317,-3.5,2017,0.588,0.192,106.4,112.6,-6.2,0.057,0.043
201587,Nicolas Batum,CHA,28.0,77,34.0,15.1,6.2,5.9,1.1,0.4,2.5,0.403,0.333,0.856,0.455,0.9,2017,0.529,0.215,109.1,108.2,1.0,0.273,0.09
1627852,Nicolas Brussino,DAL,24.0,54,9.7,2.8,1.8,0.9,0.3,0.1,0.5,0.369,0.305,0.773,0.333,-2.0,2017,0.498,0.148,101.1,111.1,-9.9,0.144,0.094
203917,Nik Stauskas,PHI,23.0,80,27.3,9.5,2.8,2.4,0.6,0.4,1.6,0.396,0.368,0.813,0.338,-2.4,2017,0.54,0.161,103.1,107.4,-4.2,0.129,0.05
203999,Nikola Jokić,DEN,22.0,73,27.9,16.7,9.8,4.9,0.8,0.8,2.3,0.578,0.324,0.825,0.507,4.1,2017,0.64,0.231,116.3,109.7,6.5,0.266,0.178
202703,Nikola Mirotic,CHI,26.0,70,24.0,10.6,5.5,1.1,0.8,0.8,1.1,0.413,0.342,0.773,0.529,2.8,2017,0.546,0.194,108.2,102.7,5.4,0.069,0.111
202696,Nikola Vučević,ORL,26.0,75,28.8,14.6,10.4,2.8,1.0,1.0,1.6,0.468,0.307,0.669,0.36,-1.9,2017,0.498,0.241,104.3,107.8,-3.5,0.157,0.173
203943,Noah Vonleh,POR,21.0,74,17.1,4.4,5.2,0.4,0.4,0.4,0.9,0.481,0.35,0.638,0.514,-1.2,2017,0.525,0.129,103.1,105.9,-2.8,0.036,0.148
1626181,Norman Powell,TOR,24.0,76,18.0,8.4,2.2,1.1,0.7,0.2,0.9,0.449,0.324,0.792,0.618,1.1,2017,0.552,0.208,109.3,106.5,2.8,0.094,0.063
1627855,Okaro White,MIA,24.0,35,13.5,2.8,2.3,0.6,0.3,0.3,0.5,0.379,0.353,0.909,0.743,1.9,2017,0.507,0.106,109.8,102.3,7.5,0.061,0.088
201600,Omer Asik,NOP,30.0,31,15.6,2.7,5.3,0.5,0.2,0.3,0.5,0.477,0.0,0.59,0.387,-1.9,2017,0.517,0.086,98.9,104.7,-5.8,0.044,0.159
201956,Omri Casspi,MIN,29.0,36,17.8,5.2,3.1,1.0,0.6,0.1,0.8,0.47,0.349,0.586,0.333,-2.8,2017,0.526,0.138,106.0,112.8,-6.8,0.087,0.091
203490,Otto Porter Jr.,WAS,24.0,80,32.6,13.4,6.4,1.5,1.5,0.5,0.6,0.516,0.434,0.832,0.6,2.4,2017,0.628,0.147,111.6,108.4,3.2,0.066,0.099
200782,P.J. Tucker,TOR,32.0,81,27.6,6.7,5.8,1.2,1.4,0.2,0.8,0.413,0.357,0.774,0.432,-0.9,2017,0.516,0.111,105.7,107.2,-1.5,0.063,0.103
1627783,Pascal Siakam,TOR,23.0,55,15.6,4.2,3.4,0.3,0.5,0.8,0.6,0.502,0.143,0.688,0.636,-0.9,2017,0.523,0.129,105.3,107.3,-2.1,0.028,0.112
1626192,Pat Connaughton,POR,24.0,39,8.1,2.5,1.3,0.7,0.2,0.1,0.4,0.514,0.515,0.778,0.462,-0.4,2017,0.645,0.127,101.8,105.9,-4.1,0.137,0.082
201976,Patrick Beverley,HOU,28.0,67,30.7,9.5,5.9,4.2,1.5,0.4,1.5,0.42,0.382,0.768,0.687,5.3,2017,0.546,0.14,114.7,106.3,8.4,0.184,0.093
1627775,Patrick McCaw,GSW,21.0,71,15.1,4.0,1.4,1.1,0.5,0.2,0.5,0.433,0.333,0.784,0.803,-0.6,2017,0.54,0.116,103.0,105.0,-2.0,0.099,0.044
202335,Patrick Patterson,TOR,28.0,65,24.6,6.8,4.5,1.2,0.6,0.4,0.6,0.401,0.372,0.717,0.646,5.3,2017,0.542,0.123,114.0,103.6,10.4,0.066,0.092
201988,Patty Mills,SAS,28.0,80,21.9,9.5,1.8,3.5,0.8,0.0,1.3,0.44,0.414,0.825,0.75,5.1,2017,0.578,0.184,111.3,100.1,11.2,0.236,0.04
2200,Pau Gasol,SAS,36.0,64,25.4,12.4,7.8,2.3,0.4,1.1,1.3,0.502,0.538,0.707,0.734,3.5,2017,0.578,0.213,110.8,104.0,6.8,0.143,0.159
202331,Paul George,IND,27.0,75,35.9,23.7,6.6,3.3,1.6,0.4,2.9,0.461,0.393,0.898,0.52,2.2,2017,0.587,0.287,110.2,107.2,3.1,0.157,0.094
200794,Paul Millsap,ATL,32.0,69,34.0,18.1,7.7,3.7,1.3,0.9,2.3,0.442,0.311,0.768,0.58,2.0,2017,0.542,0.241,106.2,103.5,2.7,0.172,0.11
1718,Paul Pierce,LAC,39.0,25,11.1,3.2,1.9,0.4,0.2,0.2,0.6,0.4,0.349,0.769,0.64,1.1,2017,0.535,0.145,107.9,103.5,4.4,0.049,0.083
1627835,Paul Zipser,CHI,23.0,44,19.2,5.5,2.8,0.8,0.3,0.4,0.9,0.398,0.333,0.775,0.477,0.3,2017,0.503,0.143,104.2,102.4,1.7,0.062,0.071
203112,Quincy Acy,BKN,26.0,38,14.7,5.8,3.0,0.5,0.4,0.4,0.6,0.412,0.411,0.75,0.289,-1.0,2017,0.565,0.165,103.0,107.1,-4.1,0.053,0.1
200765,Rajon Rondo,CHI,31.0,69,26.7,7.8,5.1,6.7,1.4,0.2,2.4,0.408,0.376,0.6,0.493,-0.9,2017,0.461,0.174,105.3,107.4,-2.2,0.361,0.094
1626176,Rakeem Christmas,IND,25.0,29,7.6,2.0,1.9,0.1,0.1,0.2,0.3,0.442,0.0,0.724,0.483,-1.2,2017,0.529,0.119,97.6,105.5,-7.9,0.027,0.121
201196,Ramon Sessions,CHA,31.0,50,16.2,6.2,1.5,2.6,0.5,0.1,0.9,0.38,0.339,0.771,0.46,-1.6,2017,0.495,0.192,102.0,107.5,-5.5,0.24,0.043
200751,Randy Foye,BKN,33.0,69,18.6,5.2,2.2,2.0,0.5,0.1,1.2,0.363,0.33,0.857,0.246,-3.0,2017,0.506,0.143,102.4,109.9,-7.6,0.153,0.058
1626173,Rashad Vaughn,MIL,20.0,41,11.2,3.5,1.2,0.6,0.5,0.2,0.3,0.365,0.321,0.4,0.439,-1.9,2017,0.449,0.169,98.7,106.9,-8.2,0.085,0.055
203526,Raul Neto,UTA,25.0,40,8.6,2.5,0.8,0.9,0.5,0.1,0.4,0.451,0.323,0.889,0.6,2.1,2017,0.527,0.14,107.3,95.0,12.3,0.14,0.044
101109,Raymond Felton,LAC,33.0,80,21.2,6.7,2.7,2.4,0.8,0.3,1.0,0.43,0.319,0.781,0.625,-2.1,2017,0.496,0.163,104.1,108.2,-4.1,0.172,0.063
203493,Reggie Bullock Jr.,DET,26.0,31,15.1,4.5,2.1,0.9,0.6,0.1,0.3,0.422,0.384,0.714,0.419,1.8,2017,0.538,0.128,105.2,100.2,5.0,0.086,0.066
202704,Reggie Jackson,DET,27.0,52,27.4,14.5,2.2,5.2,0.7,0.1,2.2,0.419,0.359,0.868,0.442,-4.3,2017,0.51,0.261,102.8,110.8,-8.0,0.306,0.04
2210,Richard Jefferson,CLE,37.0,79,20.4,5.7,2.6,1.0,0.3,0.1,0.7,0.446,0.333,0.741,0.633,1.6,2017,0.574,0.121,110.5,106.5,4.0,0.068,0.062
1626158,Richaun Holmes,PHI,23.0,57,20.9,9.8,5.5,1.0,0.7,1.0,1.0,0.558,0.351,0.699,0.281,-4.0,2017,0.611,0.184,102.4,109.6,-7.2,0.081,0.129
201937,Ricky Rubio,MIN,26.0,75,32.9,11.1,4.1,9.1,1.7,0.1,2.6,0.402,0.306,0.891,0.373,-0.1,2017,0.539,0.171,110.5,111.3,-0.7,0.385,0.064
203496,Robert Covington,PHI,26.0,67,31.6,12.9,6.5,1.5,1.9,1.0,2.0,0.399,0.333,0.822,0.403,-2.3,2017,0.534,0.188,101.1,104.1,-3.0,0.075,0.099
201577,Robin Lopez,CHI,29.0,81,28.0,10.4,6.4,1.0,0.2,1.4,1.1,0.493,0.0,0.721,0.494,0.9,2017,0.511,0.172,107.2,105.9,1.4,0.054,0.111
203918,Rodney Hood,UTA,24.0,59,27.0,12.7,3.4,1.6,0.6,0.2,1.1,0.408,0.371,0.783,0.678,1.8,2017,0.522,0.227,107.2,103.2,4.0,0.102,0.066
203585,Rodney McGruder,MIA,25.0,78,25.2,6.4,3.3,1.6,0.6,0.2,0.7,0.413,0.332,0.62,0.513,0.1,2017,0.506,0.123,107.1,106.8,0.3,0.088,0.065
201155,Rodney Stuckey,IND,31.0,39,17.9,7.2,2.2,2.2,0.4,0.0,1.4,0.373,0.317,0.748,0.436,-0.8,2017,0.483,0.218,103.3,106.1,-2.8,0.184,0.06
1627758,Ron Baker,NYK,24.0,52,16.5,4.1,1.9,2.1,0.7,0.2,1.1,0.378,0.267,0.651,0.269,-1.1,2017,0.456,0.149,104.2,106.5,-2.3,0.188,0.056
1626178,Rondae Hollis-Jefferson,BKN,22.0,78,22.6,8.7,5.8,2.0,1.1,0.6,1.5,0.434,0.224,0.751,0.244,-3.4,2017,0.517,0.185,102.2,107.7,-5.5,0.135,0.121
201579,Roy Hibbert,DEN,30.0,48,14.2,4.6,3.2,0.4,0.2,1.0,0.7,0.544,0.0,0.813,0.5,-0.5,2017,0.614,0.136,103.6,105.6,-2.0,0.048,0.103
200752,Rudy Gay,SAC,30.0,30,33.8,18.7,6.3,2.8,1.5,0.9,2.5,0.455,0.372,0.855,0.367,2.2,2017,0.559,0.246,108.6,106.3,2.3,0.14,0.094
203497,Rudy Gobert,UTA,25.0,81,33.9,14.0,12.8,1.2,0.6,2.6,1.8,0.661,0.0,0.653,0.63,5.4,2017,0.681,0.166,110.3,102.0,8.3,0.057,0.194
201566,Russell Westbrook,OKC,28.0,81,34.6,31.6,10.7,10.4,1.6,0.4,5.4,0.425,0.343,0.845,0.568,3.1,2017,0.554,0.402,110.6,106.1,4.5,0.543,0.147
201583,Ryan Anderson,HOU,29.0,72,29.4,13.6,4.6,0.9,0.4,0.2,0.8,0.418,0.403,0.86,0.694,5.7,2017,0.583,0.178,115.9,107.0,8.9,0.046,0.077
1626257,Salah Mejri,DAL,31.0,73,12.4,2.9,4.2,0.2,0.4,0.8,0.5,0.642,0.333,0.59,0.397,-0.2,2017,0.65,0.105,101.5,102.0,-0.5,0.025,0.179
1626155,Sam Dekker,HOU,23.0,77,18.4,6.5,3.7,1.0,0.5,0.3,0.5,0.473,0.321,0.559,0.675,1.0,2017,0.549,0.148,110.1,106.4,3.7,0.079,0.095
2756,Sasha Vujacic,NYK,33.0,42,9.7,3.0,1.4,1.2,0.3,0.0,0.4,0.309,0.311,0.708,0.333,-0.2,2017,0.423,0.168,100.8,100.5,0.4,0.189,0.067
203930,Sean Kilpatrick,BKN,27.0,70,25.1,13.1,4.0,2.2,0.6,0.1,1.9,0.415,0.341,0.843,0.2,-3.2,2017,0.546,0.232,103.3,109.6,-6.3,0.147,0.075
203902,Semaj Christon,OKC,24.0,64,15.2,2.9,1.4,2.0,0.4,0.1,0.7,0.345,0.19,0.548,0.563,-2.2,2017,0.387,0.123,102.2,108.5,-6.3,0.193,0.045
201586,Serge Ibaka,TOR,27.0,79,30.7,14.8,6.8,0.9,0.5,1.6,1.3,0.48,0.391,0.856,0.468,-1.8,2017,0.566,0.208,106.0,108.9,-2.9,0.05,0.111
200771,Sergio Rodriguez,PHI,31.0,68,22.3,7.8,2.3,5.1,0.7,0.1,1.9,0.392,0.365,0.667,0.353,-2.0,2017,0.484,0.189,102.0,107.0,-5.0,0.349,0.051
203552,Seth Curry,DAL,26.0,70,29.0,12.8,2.6,2.7,1.1,0.1,1.3,0.481,0.425,0.85,0.429,-0.5,2017,0.601,0.193,105.0,105.2,-0.2,0.159,0.047
203498,Shabazz Muhammad,MIN,24.0,78,19.4,9.9,2.8,0.4,0.3,0.1,0.7,0.482,0.338,0.774,0.372,-1.0,2017,0.566,0.209,106.3,107.9,-1.6,0.038,0.074
203894,Shabazz Napier,POR,25.0,53,9.7,4.1,1.2,1.3,0.6,0.0,0.8,0.399,0.37,0.776,0.491,0.3,2017,0.533,0.215,108.1,105.7,2.4,0.2,0.064
2733,Shaun Livingston,GSW,31.0,76,17.7,5.1,2.0,1.8,0.5,0.3,0.8,0.547,0.333,0.7,0.829,2.0,2017,0.568,0.132,107.9,102.5,5.4,0.146,0.055
1627848,Shawn Long,PHI,24.0,18,13.0,8.2,4.7,0.7,0.5,0.5,0.7,0.56,0.368,0.543,0.278,1.1,2017,0.595,0.241,112.3,107.7,4.5,0.087,0.174
1627815,Sheldon Mac,WAS,24.0,30,9.6,3.0,1.1,0.5,0.3,0.1,0.2,0.4,0.233,0.852,0.567,-1.8,2017,0.518,0.138,94.6,105.3,-10.8,0.078,0.057
202714,Shelvin Mack,UTA,27.0,55,21.9,7.8,2.3,2.8,0.8,0.1,1.6,0.446,0.308,0.688,0.618,0.3,2017,0.518,0.191,105.0,104.7,0.3,0.21,0.053
1627746,Skal Labissiere,SAC,21.0,33,18.5,8.8,4.9,0.8,0.5,0.4,1.1,0.537,0.375,0.703,0.273,-1.2,2017,0.577,0.209,104.4,107.2,-2.8,0.071,0.132
203524,Solomon Hill,NOP,26.0,80,29.7,7.0,3.8,1.8,0.9,0.4,1.0,0.383,0.348,0.805,0.425,0.1,2017,0.527,0.114,105.0,104.0,1.0,0.08,0.062
203915,Spencer Dinwiddie,BKN,24.0,59,22.6,7.3,2.8,3.1,0.7,0.4,1.1,0.444,0.376,0.792,0.22,-2.3,2017,0.581,0.14,102.1,106.8,-4.7,0.21,0.059
201150,Spencer Hawes,MIL,29.0,54,14.8,6.2,3.5,1.5,0.3,0.6,0.9,0.484,0.309,0.846,0.5,-3.2,2017,0.562,0.193,99.6,110.7,-11.2,0.174,0.116
1626169,Stanley Johnson,DET,21.0,77,17.8,4.4,2.5,1.4,0.7,0.3,0.9,0.353,0.292,0.679,0.455,0.0,2017,0.436,0.144,103.7,103.8,0.0,0.106,0.068
201939,Stephen Curry,GSW,29.0,79,33.4,25.3,4.5,6.6,1.8,0.2,3.0,0.468,0.411,0.898,0.823,12.8,2017,0.624,0.286,120.1,102.7,17.4,0.287,0.065
203500,Steven Adams,OKC,23.0,80,29.9,11.3,7.7,1.1,1.1,1.0,1.8,0.571,0.0,0.611,0.588,2.4,2017,0.589,0.159,109.2,104.9,4.2,0.054,0.122
204456,T.J. McConnell,PHI,25.0,81,26.3,6.9,3.1,6.6,1.7,0.1,2.0,0.461,0.2,0.811,0.333,-3.9,2017,0.504,0.142,100.9,107.1,-6.2,0.374,0.057
203933,T.J. Warren,PHX,23.0,66,31.0,14.4,5.1,1.1,1.2,0.6,0.9,0.495,0.265,0.773,0.303,-4.3,2017,0.539,0.188,107.0,113.4,-6.4,0.056,0.079
201959,Taj Gibson,OKC,32.0,78,25.5,10.8,6.2,0.9,0.5,0.8,1.3,0.515,0.231,0.715,0.526,0.0,2017,0.543,0.188,106.4,105.9,0.5,0.057,0.118
204028,Tarik Black,LAL,25.0,67,16.3,5.7,5.1,0.6,0.4,0.7,0.9,0.51,0.5,0.752,0.358,-0.7,2017,0.56,0.152,105.0,105.9,-0.9,0.052,0.149
1627752,Taurean Prince,ATL,23.0,59,16.6,5.7,2.7,0.9,0.7,0.5,1.0,0.4,0.324,0.787,0.475,-0.5,2017,0.513,0.168,98.0,98.6,-0.6,0.091,0.075
203093,Terrence Jones,MIL,25.0,54,23.5,10.8,5.7,1.1,0.7,1.0,0.9,0.47,0.253,0.606,0.37,-1.1,2017,0.515,0.209,102.7,105.5,-2.9,0.075,0.113
203082,Terrence Ross,ORL,26.0,78,25.1,11.0,2.6,1.1,1.1,0.4,0.9,0.437,0.363,0.831,0.5,1.6,2017,0.55,0.185,111.8,108.9,2.9,0.066,0.052
1626179,Terry Rozier,BOS,23.0,74,17.1,5.5,3.1,1.8,0.6,0.1,0.6,0.367,0.318,0.773,0.635,-0.2,2017,0.466,0.167,102.0,102.7,-0.7,0.164,0.085
200757,Thabo Sefolosha,ATL,33.0,62,25.7,7.2,4.4,1.7,1.5,0.5,0.9,0.441,0.342,0.733,0.516,-1.0,2017,0.519,0.131,102.9,104.3,-1.4,0.099,0.083
201152,Thaddeus Young,IND,29.0,74,30.2,11.0,6.1,1.6,1.5,0.4,1.3,0.527,0.381,0.523,0.541,0.9,2017,0.562,0.163,107.7,105.8,1.9,0.082,0.101
203080,Thomas Robinson,LAL,26.0,48,11.7,5.0,4.6,0.6,0.5,0.2,1.0,0.536,0.0,0.47,0.313,-1.7,2017,0.535,0.2,103.6,110.9,-7.2,0.088,0.198
1627748,Thon Maker,MIL,20.0,57,9.9,4.0,2.0,0.4,0.2,0.5,0.3,0.459,0.378,0.653,0.544,-0.5,2017,0.558,0.181,105.0,106.6,-1.6,0.069,0.109
204025,Tim Frazier,NOP,26.0,65,23.5,7.1,2.7,5.2,0.9,0.1,1.6,0.403,0.313,0.76,0.4,-1.3,2017,0.504,0.161,104.5,107.1,-2.6,0.312,0.054
203501,Tim Hardaway Jr.,ATL,25.0,79,27.3,14.5,2.8,2.3,0.7,0.2,1.3,0.455,0.357,0.766,0.532,2.0,2017,0.568,0.218,106.9,103.9,3.0,0.137,0.05
202389,Timofey Mozgov,LAL,30.0,54,20.4,7.4,4.9,0.8,0.3,0.6,1.3,0.515,0.0,0.808,0.296,-3.6,2017,0.553,0.168,101.1,109.8,-8.7,0.061,0.116
1627789,Timothe Luwawu-Cabarrot,PHI,22.0,69,17.2,6.4,2.2,1.1,0.5,0.1,1.1,0.402,0.311,0.854,0.333,-0.8,2017,0.536,0.175,101.4,103.4,-2.0,0.093,0.061
202699,Tobias Harris,DET,24.0,82,31.3,16.1,5.1,1.7,0.7,0.5,1.2,0.481,0.347,0.841,0.451,0.0,2017,0.568,0.214,105.5,106.1,-0.5,0.087,0.08
203107,Tomas Satoransky,WAS,25.0,57,12.6,2.7,1.5,1.6,0.5,0.1,0.7,0.415,0.243,0.697,0.579,0.2,2017,0.477,0.122,102.7,101.6,1.1,0.183,0.057
201962,Toney Douglas,MEM,31.0,24,16.4,4.9,2.5,2.3,0.8,0.2,0.9,0.368,0.167,0.828,0.625,0.5,2017,0.451,0.158,106.1,105.9,0.2,0.214,0.079
2754,Tony Allen,MEM,35.0,71,27.0,9.1,5.5,1.4,1.6,0.4,1.4,0.461,0.278,0.615,0.507,-0.1,2017,0.493,0.178,105.9,105.1,0.8,0.083,0.104
2225,Tony Parker,SAS,35.0,63,25.2,10.1,1.8,4.5,0.5,0.0,1.4,0.466,0.333,0.726,0.73,2.8,2017,0.514,0.204,109.6,103.1,6.5,0.276,0.037
203503,Tony Snell,MIL,25.0,80,29.2,8.5,3.1,1.2,0.7,0.2,0.7,0.455,0.406,0.81,0.525,-1.5,2017,0.603,0.121,108.0,109.8,-1.8,0.058,0.055
2772,Trevor Ariza,HOU,32.0,80,34.7,11.7,5.7,2.2,1.8,0.3,0.9,0.409,0.344,0.738,0.663,4.6,2017,0.548,0.14,114.9,108.6,6.2,0.088,0.081
202344,Trevor Booker,BKN,29.0,71,24.7,10.0,8.0,1.9,1.1,0.4,1.8,0.516,0.321,0.673,0.254,-4.7,2017,0.554,0.185,100.1,108.2,-8.1,0.131,0.153
203504,Trey Burke,WAS,24.0,57,12.3,5.0,0.8,1.8,0.2,0.1,0.8,0.455,0.443,0.759,0.614,-2.8,2017,0.532,0.2,98.6,108.8,-10.2,0.23,0.034
1626168,Trey Lyles,UTA,21.0,71,16.3,6.2,3.3,1.0,0.4,0.3,0.9,0.362,0.319,0.722,0.606,0.4,2017,0.464,0.209,103.9,103.1,0.8,0.098,0.101
202684,Tristan Thompson,CLE,26.0,78,30.0,8.1,9.2,1.0,0.5,1.1,0.8,0.6,0.0,0.498,0.641,1.7,2017,0.594,0.112,112.3,109.0,3.3,0.046,0.148
203584,Troy Daniels,MEM,25.0,67,17.7,8.2,1.5,0.7,0.3,0.1,0.7,0.374,0.389,0.796,0.493,1.3,2017,0.531,0.203,104.9,104.3,0.6,0.065,0.041
1627786,Troy Williams,HOU,22.0,30,18.6,6.2,2.3,0.8,0.9,0.3,1.1,0.437,0.29,0.656,0.633,-2.5,2017,0.511,0.169,101.1,107.3,-6.3,0.072,0.06
201951,Ty Lawson,SAC,29.0,69,25.1,9.9,2.6,4.8,1.1,0.1,1.9,0.454,0.288,0.797,0.362,-2.3,2017,0.551,0.19,105.0,109.4,-4.5,0.3,0.052
203898,Tyler Ennis,LAL,22.0,53,11.1,4.3,0.8,1.6,0.5,0.0,0.8,0.433,0.386,0.84,0.528,0.0,2017,0.521,0.189,103.5,103.4,0.1,0.211,0.039
204020,Tyler Johnson,MIA,25.0,73,29.8,13.7,4.0,3.2,1.2,0.6,1.2,0.433,0.372,0.768,0.479,0.5,2017,0.535,0.203,104.8,104.3,0.6,0.17,0.065
1627755,Tyler Ulis,PHX,21.0,61,18.4,7.3,1.6,3.7,0.8,0.1,1.3,0.421,0.266,0.775,0.246,-2.3,2017,0.474,0.199,102.9,108.2,-5.3,0.297,0.039
203092,Tyler Zeller,BOS,27.0,51,10.3,3.5,2.4,0.8,0.1,0.4,0.4,0.494,0.0,0.564,0.627,0.0,2017,0.508,0.159,104.1,104.6,-0.5,0.125,0.111
201936,Tyreke Evans,SAC,27.0,40,19.7,10.3,3.4,3.1,0.9,0.2,1.5,0.405,0.356,0.75,0.425,-3.8,2017,0.501,0.262,97.9,107.4,-9.5,0.281,0.083
2199,Tyson Chandler,PHX,34.0,47,27.6,8.4,11.5,0.6,0.7,0.5,1.4,0.671,0.0,0.734,0.319,-1.6,2017,0.703,0.112,107.8,110.8,-3.1,0.033,0.207
1626145,Tyus Jones,MIN,21.0,60,12.9,3.5,1.1,2.6,0.8,0.1,0.6,0.414,0.356,0.767,0.383,0.6,2017,0.523,0.132,110.3,108.3,2.0,0.276,0.045
203506,Victor Oladipo,OKC,25.0,67,33.2,15.9,4.3,2.6,1.2,0.3,1.8,0.442,0.361,0.753,0.582,2.6,2017,0.534,0.21,106.7,102.6,4.1,0.122,0.063
1713,Vince Carter,MEM,40.0,73,24.7,8.0,3.1,1.8,0.8,0.5,0.7,0.394,0.378,0.765,0.493,2.2,2017,0.542,0.147,108.5,104.5,4.0,0.112,0.063
1627735,Wade Baldwin IV,MEM,21.0,33,12.3,3.2,1.4,1.8,0.5,0.2,1.2,0.313,0.136,0.838,0.545,-4.2,2017,0.404,0.186,90.3,107.1,-16.8,0.262,0.054
201961,Wayne Ellington,MIA,29.0,62,24.2,10.5,2.1,1.1,0.6,0.1,0.5,0.416,0.378,0.86,0.565,1.4,2017,0.565,0.174,108.0,105.2,2.7,0.07,0.043
1627782,Wayne Selden,MEM,22.0,14,16.9,5.1,1.1,0.9,0.4,0.1,0.9,0.431,0.25,0.636,0.429,-3.0,2017,0.525,0.159,98.3,106.9,-8.6,0.09,0.034
202325,Wesley Johnson,LAC,29.0,68,11.9,2.7,2.7,0.3,0.4,0.4,0.3,0.365,0.246,0.647,0.588,-0.8,2017,0.448,0.122,100.0,102.4,-2.4,0.042,0.109
202083,Wesley Matthews,DAL,30.0,73,34.2,13.5,3.5,2.9,1.1,0.2,1.4,0.393,0.363,0.816,0.397,-2.6,2017,0.533,0.193,104.0,107.7,-3.7,0.138,0.054
203115,Will Barton,DEN,26.0,60,28.4,13.7,4.3,3.4,0.8,0.5,1.6,0.443,0.37,0.753,0.517,-1.3,2017,0.547,0.207,108.8,111.0,-2.1,0.185,0.075
1626161,Willie Cauley-Stein,SAC,23.0,75,18.9,8.1,4.5,1.1,0.7,0.6,0.9,0.53,0.0,0.669,0.387,-2.7,2017,0.558,0.195,102.6,109.5,-6.9,0.093,0.121
203186,Willie Reed,MIA,27.0,71,14.5,5.3,4.7,0.4,0.3,0.7,0.4,0.568,0.25,0.557,0.549,0.5,2017,0.578,0.15,103.8,101.9,1.9,0.04,0.155
1626195,Willy Hernangomez,NYK,23.0,72,18.4,8.2,7.0,1.3,0.6,0.5,1.4,0.529,0.267,0.728,0.375,-0.8,2017,0.564,0.199,106.4,107.6,-1.1,0.116,0.181
201163,Wilson Chandler,DEN,30.0,71,30.9,15.7,6.5,2.0,0.7,0.4,1.6,0.461,0.337,0.727,0.493,-0.5,2017,0.545,0.217,111.1,112.1,-1.0,0.097,0.103
1627812,Yogi Ferrell,DAL,24.0,46,26.0,10.0,2.4,3.7,0.9,0.2,1.5,0.406,0.386,0.831,0.391,-2.5,2017,0.533,0.192,103.7,107.8,-4.2,0.232,0.048
203897,Zach LaVine,MIN,22.0,47,37.2,18.9,3.4,3.0,0.9,0.2,1.8,0.459,0.387,0.836,0.34,-2.5,2017,0.576,0.215,108.4,111.2,-2.8,0.128,0.048
2216,Zach Randolph,MEM,35.0,73,24.5,14.1,8.2,1.7,0.5,0.1,1.4,0.449,0.223,0.731,0.521,1.0,2017,0.49,0.28,105.8,105.8,0.0,0.131,0.167
2585,Zaza Pachulia,GSW,33.0,70,18.1,6.1,5.9,1.9,0.8,0.5,1.2,0.534,0.0,0.778,0.829,6.0,2017,0.588,0.15,116.7,101.0,15.7,0.131,0.161
203932,Aaron Gordon,ORL,22.0,58,32.9,17.6,7.9,2.3,1.0,0.8,1.8,0.434,0.336,0.698,0.328,-1.6,2018,0.53,0.238,106.3,108.3,-2.0,0.111,0.116
1626151,Aaron Harrison,DAL,23.0,9,25.9,6.7,2.7,1.2,1.0,0.2,0.3,0.275,0.209,0.765,0.222,-8.0,2018,0.392,0.147,98.1,112.2,-14.1,0.072,0.049
1627846,Abdel Nader,BOS,24.0,48,10.9,3.0,1.5,0.5,0.3,0.2,0.7,0.336,0.354,0.59,0.688,-2.3,2018,0.439,0.162,97.1,107.3,-10.3,0.078,0.067
201143,Al Horford,BOS,32.0,72,31.6,12.9,7.4,4.7,0.6,1.1,1.8,0.489,0.429,0.783,0.653,4.8,2018,0.575,0.183,108.9,101.6,7.3,0.225,0.115
2744,Al Jefferson,IND,33.0,36,13.4,7.0,4.0,0.8,0.4,0.6,0.6,0.534,0.0,0.833,0.472,-0.3,2018,0.563,0.218,105.4,107.2,-1.8,0.098,0.144
202329,Al-Farouq Aminu,POR,27.0,69,30.0,9.3,7.6,1.2,1.1,0.6,1.1,0.395,0.369,0.738,0.58,3.2,2018,0.522,0.145,109.6,104.4,5.2,0.056,0.121
202692,Alec Burks,UTA,26.0,64,16.5,7.7,3.0,1.0,0.6,0.1,0.9,0.411,0.331,0.863,0.578,-0.2,2018,0.527,0.221,104.3,105.3,-1.0,0.104,0.094
1628409,Alec Peters,PHX,23.0,20,11.2,4.1,1.9,0.6,0.1,0.1,0.2,0.378,0.31,0.8,0.1,1.8,2018,0.523,0.151,108.9,101.7,7.3,0.073,0.076
203518,Alex Abrines,OKC,24.0,75,15.1,4.7,1.5,0.4,0.5,0.1,0.3,0.395,0.38,0.848,0.56,0.6,2018,0.567,0.126,107.7,106.5,1.2,0.036,0.049
1627936,Alex Caruso,LAL,24.0,37,15.2,3.6,1.8,2.0,0.6,0.3,1.1,0.431,0.302,0.7,0.432,-0.1,2018,0.519,0.128,100.5,100.8,-0.3,0.185,0.056
203458,Alex Len,PHX,25.0,69,20.2,8.5,7.5,1.2,0.4,0.9,1.1,0.566,0.333,0.684,0.29,-3.7,2018,0.612,0.164,101.8,110.4,-8.6,0.093,0.172
203459,Allen Crabbe,BKN,26.0,75,29.3,13.2,4.3,1.6,0.6,0.5,1.0,0.407,0.378,0.852,0.333,-1.0,2018,0.558,0.183,106.9,108.8,-1.9,0.082,0.07
101161,Amir Johnson,PHI,31.0,74,15.8,4.6,4.5,1.6,0.6,0.6,0.7,0.538,0.313,0.612,0.635,0.1,2018,0.575,0.125,102.5,101.0,1.5,0.137,0.136
203083,Andre Drummond,DET,24.0,78,33.7,15.0,16.0,3.0,1.5,1.6,2.6,0.529,0.0,0.605,0.474,-0.7,2018,0.555,0.207,107.0,108.0,-1.0,0.14,0.234
2738,Andre Iguodala,GSW,34.0,64,25.4,6.0,3.8,3.3,0.8,0.6,1.0,0.463,0.282,0.632,0.719,4.3,2018,0.536,0.112,109.1,101.3,7.9,0.169,0.074
203460,Andre Roberson,OKC,26.0,39,26.6,5.0,4.7,1.2,1.2,0.9,0.8,0.537,0.222,0.316,0.615,4.8,2018,0.543,0.085,106.7,97.3,9.4,0.059,0.088
101106,Andrew Bogut,LAL,33.0,24,9.0,1.5,3.3,0.6,0.2,0.5,0.8,0.68,0.0,1.0,0.292,-1.2,2018,0.696,0.085,95.2,100.2,-5.1,0.099,0.162
1626150,Andrew Harrison,MEM,23.0,56,23.7,9.5,2.3,3.2,0.7,0.5,1.4,0.422,0.331,0.78,0.304,-3.6,2018,0.534,0.195,101.3,108.5,-7.3,0.222,0.051
1628510,Andrew White III,ATL,25.0,15,13.9,4.6,2.3,0.4,0.2,0.1,0.5,0.342,0.367,0.25,0.067,-5.1,2018,0.461,0.16,91.6,110.3,-18.6,0.05,0.072
203952,Andrew Wiggins,MIN,23.0,82,36.3,17.7,4.4,2.0,1.1,0.6,1.7,0.438,0.331,0.643,0.573,2.5,2018,0.505,0.228,112.5,108.9,3.5,0.08,0.061
1627790,Ante Zizic,CLE,21.0,32,6.7,3.7,1.9,0.2,0.1,0.4,0.3,0.731,0.0,0.724,0.656,-1.2,2018,0.746,0.171,105.7,114.9,-9.1,0.039,0.145
203076,Anthony Davis,NOP,25.0,75,36.4,28.1,11.1,2.3,1.5,2.6,2.2,0.534,0.34,0.828,0.6,3.9,2018,0.612,0.291,109.2,104.3,5.0,0.104,0.146
201229,Anthony Tolliver,DET,33.0,79,22.2,8.9,3.1,1.1,0.4,0.3,0.7,0.464,0.436,0.797,0.468,0.3,2018,0.663,0.144,105.9,105.0,0.9,0.076,0.067
1628469,Antonio Blakeney,CHI,21.0,19,16.5,7.9,1.7,1.1,0.4,0.1,0.6,0.371,0.288,0.769,0.158,-0.3,2018,0.471,0.227,108.2,109.4,-1.3,0.096,0.049
203382,Aron Baynes,BOS,31.0,81,18.3,6.0,5.4,1.1,0.3,0.6,1.0,0.471,0.143,0.756,0.667,2.3,2018,0.502,0.166,104.1,97.7,6.5,0.095,0.141
201167,Arron Afflalo,ORL,32.0,53,12.9,3.4,1.2,0.6,0.1,0.2,0.4,0.401,0.386,0.846,0.302,-1.8,2018,0.516,0.127,100.9,107.6,-6.8,0.066,0.046
203085,Austin Rivers,LAC,25.0,61,33.7,15.1,2.4,4.0,1.2,0.3,1.8,0.424,0.378,0.642,0.492,-1.0,2018,0.526,0.206,110.0,111.6,-1.7,0.179,0.035
202340,Avery Bradley,LAC,27.0,46,31.2,14.3,2.5,2.0,1.1,0.2,2.2,0.414,0.369,0.768,0.478,-2.7,2018,0.496,0.229,104.0,108.3,-4.2,0.105,0.04
1628389,Bam Adebayo,MIA,20.0,69,19.8,6.9,5.5,1.5,0.5,0.6,1.0,0.512,0.0,0.721,0.493,-0.4,2018,0.57,0.157,101.9,102.6,-0.6,0.115,0.14
203463,Ben McLemore,MEM,25.0,56,19.5,7.5,2.5,0.9,0.7,0.3,1.1,0.421,0.346,0.828,0.125,-5.7,2018,0.526,0.182,97.9,111.4,-13.5,0.078,0.064
1627732,Ben Simmons,PHI,21.0,81,33.7,15.8,8.1,8.2,1.7,0.9,3.4,0.545,0.0,0.56,0.63,4.8,2018,0.557,0.219,109.5,102.9,6.6,0.362,0.115
202687,Bismack Biyombo,ORL,25.0,82,18.2,5.7,5.7,0.8,0.3,1.2,1.0,0.52,0.0,0.65,0.305,-5.2,2018,0.556,0.146,97.9,111.4,-13.6,0.07,0.149
201933,Blake Griffin,DET,29.0,58,34.0,21.4,7.4,5.8,0.7,0.3,2.8,0.438,0.345,0.785,0.483,1.0,2018,0.544,0.285,108.9,107.0,1.9,0.286,0.106
1626246,Boban Marjanovic,LAC,29.0,39,8.7,6.0,3.7,0.6,0.3,0.3,0.9,0.534,0.0,0.794,0.462,1.4,2018,0.616,0.276,109.8,103.5,6.3,0.1,0.215
1626171,Bobby Portis,CHI,23.0,73,22.5,13.2,6.8,1.7,0.7,0.3,1.4,0.471,0.359,0.769,0.342,-1.1,2018,0.548,0.25,107.4,109.5,-2.1,0.126,0.145
203992,Bogdan Bogdanović,SAC,25.0,78,27.9,11.8,2.9,3.3,0.9,0.2,1.6,0.446,0.392,0.84,0.333,-4.6,2018,0.556,0.192,102.6,111.2,-8.6,0.183,0.053
202711,Bojan Bogdanovic,IND,29.0,80,30.8,14.3,3.4,1.5,0.7,0.1,1.3,0.474,0.402,0.868,0.588,1.1,2018,0.605,0.185,106.4,104.9,1.5,0.071,0.055
203078,Bradley Beal,WAS,25.0,82,36.3,22.6,4.4,4.5,1.2,0.4,2.6,0.46,0.375,0.791,0.524,2.2,2018,0.564,0.268,108.7,106.3,2.4,0.206,0.062
201148,Brandan Wright,HOU,30.0,28,13.6,5.0,3.4,0.5,0.5,0.9,0.3,0.578,0.0,0.636,0.393,1.5,2018,0.596,0.14,103.0,97.7,5.3,0.056,0.124
1627742,Brandon Ingram,LAL,20.0,59,33.5,16.1,5.3,3.9,0.8,0.7,2.5,0.47,0.39,0.681,0.458,-2.2,2018,0.536,0.218,104.7,107.5,-2.7,0.177,0.074
201943,Brandon Jennings,MIL,28.0,14,14.7,5.2,2.2,3.1,0.4,0.3,1.3,0.375,0.273,1.0,0.571,-4.5,2018,0.478,0.191,97.7,110.8,-13.1,0.331,0.073
203464,Brandon Paul,SAS,27.0,64,9.0,2.3,1.1,0.6,0.4,0.1,0.5,0.433,0.278,0.512,0.594,-0.1,2018,0.504,0.131,98.8,98.5,0.3,0.096,0.06
1627362,Briante Weber,MEM,25.0,18,13.1,2.8,1.9,1.2,1.0,0.3,0.8,0.442,0.364,0.8,0.444,-5.9,2018,0.527,0.111,99.4,121.0,-21.6,0.139,0.074
201572,Brook Lopez,LAL,30.0,74,23.4,13.0,4.0,1.7,0.4,1.3,1.3,0.465,0.345,0.703,0.459,-1.1,2018,0.557,0.23,106.2,108.6,-2.3,0.113,0.081
1627854,Bryn Forbes,SAS,24.0,80,19.0,6.9,1.4,1.0,0.4,0.0,0.5,0.421,0.39,0.667,0.575,1.5,2018,0.525,0.159,106.3,102.8,3.5,0.077,0.036
1627741,Buddy Hield,SAC,25.0,80,25.3,13.5,3.8,1.9,1.1,0.3,1.6,0.446,0.431,0.877,0.338,-1.9,2018,0.557,0.236,103.1,107.2,-4.1,0.127,0.076
203710,C.J. Williams,LAC,28.0,38,18.6,5.5,1.5,1.1,0.8,0.3,0.5,0.442,0.282,0.813,0.447,-0.9,2018,0.512,0.134,105.4,106.7,-1.2,0.086,0.038
203468,CJ McCollum,POR,26.0,81,36.1,21.4,4.0,3.4,1.0,0.4,1.9,0.443,0.397,0.836,0.593,1.5,2018,0.536,0.259,107.3,105.8,1.6,0.156,0.053
101139,CJ Miles,TOR,31.0,70,19.1,10.0,2.2,0.8,0.5,0.3,0.6,0.379,0.361,0.835,0.714,3.9,2018,0.545,0.214,109.8,101.8,8.0,0.061,0.055
1626166,Cameron Payne,CHI,23.0,25,23.3,8.8,2.8,4.5,1.0,0.4,1.4,0.405,0.385,0.75,0.28,-3.6,2018,0.498,0.183,103.2,110.7,-7.5,0.294,0.056
1627747,Caris LeVert,BKN,23.0,71,26.2,12.1,3.7,4.2,1.2,0.3,2.2,0.435,0.347,0.711,0.352,-3.7,2018,0.525,0.216,101.8,108.2,-6.4,0.265,0.065
2546,Carmelo Anthony,OKC,34.0,78,32.1,16.2,5.8,1.3,0.6,0.6,1.3,0.404,0.357,0.767,0.59,3.5,2018,0.503,0.223,111.6,106.4,5.2,0.061,0.088
1626224,Cedi Osman,CLE,23.0,61,11.0,3.9,2.0,0.7,0.4,0.0,0.5,0.484,0.368,0.565,0.574,0.6,2018,0.577,0.151,111.8,107.9,3.9,0.084,0.089
202718,Chandler Parsons,MEM,29.0,36,19.2,7.9,2.5,1.9,0.5,0.3,1.0,0.462,0.421,0.63,0.333,-2.4,2018,0.578,0.18,105.7,111.7,-6.0,0.158,0.068
101112,Channing Frye,LAL,35.0,53,13.1,5.0,2.5,0.7,0.3,0.2,0.4,0.491,0.339,0.895,0.528,2.2,2018,0.599,0.151,111.9,103.7,8.2,0.077,0.097
1627767,Cheick Diallo,NOP,21.0,52,11.2,4.9,4.1,0.4,0.2,0.4,0.5,0.58,0.0,0.758,0.558,-2.0,2018,0.619,0.168,102.7,110.0,-7.4,0.048,0.173
101108,Chris Paul,HOU,33.0,58,31.8,18.6,5.4,7.9,1.7,0.2,2.2,0.46,0.38,0.919,0.862,8.6,2018,0.604,0.241,116.6,103.3,13.2,0.389,0.086
203991,Clint Capela,HOU,24.0,74,27.5,13.9,10.8,0.9,0.8,1.9,1.4,0.652,0.0,0.56,0.838,5.1,2018,0.65,0.19,114.2,104.9,9.3,0.055,0.198
203469,Cody Zeller,CHA,25.0,33,19.0,7.1,5.4,0.9,0.4,0.6,1.0,0.545,0.667,0.718,0.424,0.7,2018,0.602,0.152,106.8,104.7,2.1,0.075,0.138
201147,Corey Brewer,OKC,32.0,72,16.8,5.3,2.1,0.9,1.1,0.2,0.7,0.449,0.282,0.722,0.444,-0.8,2018,0.534,0.136,105.8,108.1,-2.3,0.073,0.06
202709,Cory Joseph,IND,26.0,82,27.0,7.9,3.2,3.2,1.0,0.2,1.1,0.424,0.353,0.745,0.585,-0.6,2018,0.503,0.143,105.4,106.5,-1.1,0.164,0.059
201584,Courtney Lee,NYK,32.0,76,30.4,12.0,2.9,2.4,1.1,0.2,1.1,0.454,0.406,0.919,0.355,-3.4,2018,0.564,0.165,105.3,110.8,-5.5,0.113,0.048
1626245,Cristiano Felicio,CHI,25.0,55,17.8,5.6,4.2,1.0,0.3,0.2,1.0,0.591,0.0,0.667,0.236,-6.1,2018,0.614,0.133,94.8,111.2,-16.4,0.093,0.114
1626156,D'Angelo Russell,BKN,22.0,48,25.7,15.5,3.9,5.2,0.8,0.4,3.1,0.414,0.324,0.74,0.333,-3.8,2018,0.509,0.295,105.2,112.4,-7.2,0.348,0.072
201571,D.J. Augustin,ORL,30.0,75,23.5,10.2,2.1,3.8,0.7,0.0,1.6,0.452,0.419,0.868,0.307,-1.7,2018,0.615,0.182,102.5,106.3,-3.8,0.251,0.044
203081,Damian Lillard,POR,27.0,73,36.6,26.9,4.5,6.6,1.1,0.4,2.8,0.439,0.361,0.916,0.603,4.7,2018,0.594,0.295,110.7,104.5,6.1,0.301,0.058
1627814,Damion Lee,ATL,25.0,15,27.0,10.7,4.7,1.9,1.3,0.1,0.9,0.408,0.25,0.759,0.267,-1.6,2018,0.489,0.182,100.7,104.3,-3.6,0.109,0.08
1628422,Damyean Dotson,NYK,24.0,44,10.8,4.1,1.9,0.7,0.3,0.0,0.4,0.447,0.324,0.696,0.25,-0.9,2018,0.532,0.169,98.6,101.4,-2.8,0.098,0.082
1628464,Daniel Theis,BOS,26.0,63,14.9,5.3,4.3,0.9,0.5,0.8,0.9,0.541,0.31,0.753,0.698,0.0,2018,0.616,0.15,103.1,101.9,1.2,0.099,0.141
201568,Danilo Gallinari,LAC,29.0,21,32.0,15.3,4.8,2.0,0.6,0.5,1.2,0.398,0.324,0.931,0.524,0.5,2018,0.545,0.205,104.5,104.2,0.3,0.097,0.073
201980,Danny Green,SAS,31.0,70,25.6,8.6,3.6,1.6,0.9,1.1,1.1,0.387,0.363,0.769,0.571,1.3,2018,0.509,0.163,105.1,102.7,2.4,0.089,0.068
201967,Dante Cunningham,BKN,31.0,73,21.4,5.7,4.1,0.7,0.5,0.4,0.5,0.451,0.345,0.596,0.466,-1.1,2018,0.539,0.114,106.2,107.3,-1.1,0.042,0.092
203957,Danté Exum,UTA,22.0,14,16.8,8.1,1.9,3.1,0.6,0.2,1.4,0.483,0.278,0.806,0.714,2.3,2018,0.566,0.223,106.5,98.4,8.1,0.27,0.053
1627863,Danuel House Jr.,PHX,25.0,23,17.5,6.6,3.3,1.1,0.3,0.3,0.5,0.434,0.259,0.806,0.261,0.8,2018,0.533,0.16,106.7,103.4,3.2,0.092,0.088
203967,Dario Šarić,PHI,24.0,78,29.6,14.6,6.7,2.6,0.7,0.3,1.9,0.453,0.393,0.86,0.628,3.7,2018,0.582,0.204,108.9,103.0,5.9,0.129,0.108
203121,Darius Miller,NOP,28.0,82,23.7,7.8,2.0,1.4,0.3,0.2,0.7,0.444,0.411,0.866,0.585,-0.3,2018,0.617,0.124,108.1,108.7,-0.6,0.076,0.041
201954,Darren Collison,IND,30.0,69,29.3,12.4,2.6,5.3,1.3,0.2,1.2,0.495,0.468,0.882,0.565,1.9,2018,0.61,0.17,110.0,107.5,2.6,0.257,0.046
1628021,David Nwaba,CHI,25.0,70,23.5,7.9,4.7,1.5,0.8,0.4,1.1,0.478,0.346,0.655,0.371,-3.4,2018,0.542,0.153,103.9,109.7,-5.8,0.094,0.095
2561,David West,GSW,37.0,73,13.7,6.8,3.3,1.9,0.6,1.0,1.1,0.571,0.375,0.759,0.712,0.5,2018,0.6,0.223,103.6,101.7,1.9,0.22,0.122
202722,Davis Bertans,SAS,25.0,77,14.1,5.9,2.0,1.0,0.3,0.4,0.5,0.44,0.373,0.816,0.558,1.2,2018,0.588,0.168,104.1,100.6,3.5,0.102,0.07
1628432,Davon Reed,PHX,23.0,21,11.5,3.0,1.9,0.6,0.5,0.1,0.5,0.289,0.289,0.667,0.095,-3.6,2018,0.388,0.158,91.1,105.4,-14.2,0.087,0.072
1628368,De'Aaron Fox,SAC,20.0,73,27.7,11.6,2.8,4.4,1.0,0.3,2.4,0.412,0.307,0.723,0.329,-5.7,2018,0.478,0.227,101.6,111.8,-10.2,0.24,0.05
201599,DeAndre Jordan,LAC,29.0,77,31.5,12.0,15.2,1.5,0.5,0.9,1.8,0.645,0.0,0.58,0.506,-1.7,2018,0.648,0.151,107.9,110.3,-2.4,0.074,0.236
202732,DeAndre Liggins,NOP,30.0,58,12.5,1.7,1.3,0.8,0.6,0.2,0.3,0.377,0.358,0.4,0.586,-3.6,2018,0.467,0.079,98.0,111.2,-13.2,0.091,0.054
1627761,DeAndre' Bembry,ATL,23.0,26,17.5,5.2,2.8,1.9,0.8,0.5,1.8,0.414,0.367,0.576,0.308,-2.9,2018,0.477,0.179,99.2,106.7,-7.5,0.166,0.079
201942,DeMar DeRozan,TOR,28.0,80,33.9,23.0,3.9,5.2,1.1,0.3,2.2,0.456,0.31,0.825,0.713,5.5,2018,0.555,0.286,114.2,106.5,7.7,0.245,0.057
202326,DeMarcus Cousins,NOP,27.0,48,36.2,25.2,12.9,5.4,1.6,1.6,5.0,0.47,0.354,0.746,0.563,1.6,2018,0.583,0.318,108.5,106.6,1.9,0.241,0.183
201960,DeMarre Carroll,BKN,31.0,73,29.9,13.5,6.6,2.0,0.8,0.4,1.4,0.414,0.371,0.764,0.342,-0.9,2018,0.55,0.194,106.5,107.8,-1.2,0.106,0.104
1627749,Dejounte Murray,SAS,21.0,81,21.5,8.1,5.7,2.9,1.2,0.4,1.7,0.443,0.265,0.709,0.58,1.9,2018,0.485,0.201,103.0,98.7,4.3,0.202,0.128
1626153,Delon Wright,TOR,26.0,69,20.8,8.0,2.9,2.9,1.0,0.5,1.1,0.465,0.366,0.829,0.71,3.4,2018,0.574,0.169,110.0,102.7,7.3,0.202,0.069
203471,Dennis Schröder,ATL,24.0,67,31.0,19.4,3.1,6.2,1.1,0.1,2.7,0.436,0.29,0.849,0.313,-4.1,2018,0.515,0.299,105.2,111.8,-6.7,0.352,0.05
1628372,Dennis Smith Jr.,DAL,20.0,69,29.7,15.2,3.8,5.2,1.0,0.3,2.8,0.395,0.313,0.694,0.319,-4.7,2018,0.473,0.28,102.4,110.1,-7.6,0.301,0.063
1627756,Denzel Valentine,CHI,24.0,77,27.2,10.2,5.1,3.2,0.8,0.1,1.3,0.417,0.386,0.745,0.338,-3.5,2018,0.527,0.17,101.7,108.6,-6.8,0.178,0.09
202324,Derrick Favors,UTA,26.0,77,28.0,12.3,7.2,1.3,0.7,1.1,1.1,0.563,0.222,0.651,0.597,1.9,2018,0.593,0.181,106.2,102.6,3.6,0.075,0.133
1627884,Derrick Jones Jr.,MIA,21.0,20,12.3,3.1,1.9,0.5,0.2,0.7,0.4,0.396,0.167,0.667,0.45,-1.8,2018,0.48,0.124,96.8,103.2,-6.5,0.056,0.072
201565,Derrick Rose,MIN,29.0,25,16.8,8.4,1.4,1.5,0.3,0.2,1.4,0.435,0.233,0.87,0.6,-2.1,2018,0.507,0.245,107.7,113.9,-6.2,0.136,0.043
1626164,Devin Booker,PHX,21.0,54,34.5,24.9,4.5,4.7,0.9,0.3,3.6,0.432,0.383,0.878,0.296,-6.6,2018,0.561,0.301,102.9,112.2,-9.3,0.233,0.062
2734,Devin Harris,DEN,35.0,71,18.9,8.4,1.8,2.1,0.7,0.2,1.1,0.412,0.348,0.835,0.465,1.5,2018,0.563,0.194,109.4,105.3,4.1,0.165,0.047
203473,Dewayne Dedmon,ATL,28.0,62,24.9,10.0,7.9,1.5,0.6,0.8,1.4,0.524,0.355,0.779,0.29,-2.5,2018,0.599,0.166,103.2,108.3,-5.1,0.09,0.158
1627738,Deyonta Davis,MEM,21.0,62,15.2,5.8,4.0,0.6,0.2,0.6,0.5,0.608,0.0,0.667,0.258,-2.6,2018,0.621,0.144,101.0,109.3,-8.3,0.068,0.13
1628415,Dillon Brooks,MEM,22.0,82,28.7,11.0,3.1,1.6,0.9,0.2,1.5,0.44,0.356,0.747,0.268,-3.0,2018,0.531,0.184,102.4,107.4,-5.0,0.092,0.056
203079,Dion Waiters,MIA,26.0,30,30.6,14.3,2.6,3.8,0.8,0.3,2.3,0.398,0.306,0.739,0.533,-2.8,2018,0.487,0.25,100.9,106.2,-5.3,0.21,0.043
1717,Dirk Nowitzki,DAL,40.0,77,24.7,12.0,5.7,1.6,0.6,0.6,0.7,0.456,0.409,0.898,0.312,-0.7,2018,0.575,0.199,105.5,107.5,-2.0,0.098,0.118
1627734,Domantas Sabonis,IND,22.0,74,24.5,11.6,7.7,2.0,0.5,0.4,1.9,0.514,0.351,0.75,0.608,0.5,2018,0.567,0.214,107.2,105.8,1.4,0.127,0.16
1628378,Donovan Mitchell,UTA,21.0,79,33.4,20.5,3.7,3.7,1.5,0.3,2.7,0.437,0.34,0.805,0.582,4.5,2018,0.541,0.283,108.3,101.5,6.8,0.189,0.057
1627827,Dorian Finney-Smith,DAL,25.0,21,21.3,5.9,3.6,1.2,0.5,0.2,1.0,0.38,0.299,0.733,0.19,-1.1,2018,0.482,0.144,100.0,102.7,-2.7,0.086,0.079
203926,Doug McDermott,DAL,26.0,81,21.8,7.8,2.5,1.0,0.2,0.2,0.7,0.467,0.426,0.79,0.37,-0.4,2018,0.579,0.144,103.9,105.1,-1.2,0.065,0.055
1627733,Dragan Bender,PHX,20.0,82,25.2,6.5,4.4,1.6,0.3,0.6,1.4,0.386,0.366,0.765,0.256,-5.7,2018,0.524,0.125,100.6,110.9,-10.3,0.089,0.082
203110,Draymond Green,GSW,28.0,70,32.7,11.0,7.6,7.3,1.4,1.3,2.9,0.454,0.301,0.775,0.686,4.4,2018,0.556,0.168,111.9,105.2,6.7,0.286,0.117
1628407,Dwayne Bacon,CHA,22.0,53,13.5,3.3,2.3,0.7,0.3,0.0,0.4,0.375,0.256,0.8,0.472,0.2,2018,0.431,0.13,104.6,104.7,-0.2,0.077,0.081
202779,Dwight Buycks,DET,29.0,29,14.7,7.4,1.4,2.0,0.7,0.1,1.3,0.414,0.333,0.878,0.345,0.1,2018,0.498,0.266,101.0,100.5,0.6,0.24,0.047
2730,Dwight Howard,CHA,32.0,81,30.4,16.6,12.5,1.3,0.6,1.6,2.6,0.555,0.143,0.574,0.432,1.1,2018,0.577,0.238,109.6,108.2,1.4,0.069,0.199
203939,Dwight Powell,DAL,26.0,79,21.2,8.5,5.6,1.2,0.8,0.4,0.7,0.593,0.333,0.719,0.291,0.1,2018,0.656,0.151,105.3,104.5,0.9,0.085,0.134
2548,Dwyane Wade,MIA,36.0,67,22.9,11.4,3.8,3.4,0.9,0.7,2.1,0.438,0.288,0.714,0.552,0.4,2018,0.5,0.251,106.4,105.1,1.3,0.245,0.079
202734,E'Twaun Moore,NOP,29.0,82,31.5,12.5,2.9,2.3,1.0,0.1,1.2,0.508,0.425,0.706,0.585,1.8,2018,0.593,0.158,108.7,106.1,2.6,0.099,0.045
202334,Ed Davis,POR,29.0,78,18.9,5.3,7.4,0.5,0.4,0.7,0.8,0.582,0.0,0.667,0.615,1.2,2018,0.607,0.12,107.9,103.9,4.1,0.039,0.188
202327,Ekpe Udoh,UTA,31.0,63,12.9,2.6,2.4,0.8,0.7,1.2,0.3,0.5,0.0,0.75,0.571,1.0,2018,0.56,0.089,103.6,100.3,3.3,0.093,0.095
203901,Elfrid Payton,PHX,24.0,63,28.7,12.7,4.3,6.2,1.3,0.3,2.7,0.493,0.326,0.649,0.206,-7.3,2018,0.538,0.211,103.9,115.6,-11.7,0.328,0.074
2731,Emeka Okafor,NOP,35.0,26,13.6,4.4,4.6,0.3,0.3,1.0,0.5,0.505,0.0,0.818,0.615,0.0,2018,0.545,0.133,103.0,102.7,0.3,0.028,0.148
1626144,Emmanuel Mudiay,NYK,22.0,64,19.4,8.6,2.4,3.2,0.6,0.2,1.8,0.388,0.318,0.76,0.453,-4.2,2018,0.474,0.231,102.0,111.5,-9.5,0.254,0.058
202683,Enes Freedom,NYK,26.0,71,25.8,14.1,11.0,1.5,0.5,0.5,1.7,0.592,0.0,0.848,0.38,-2.6,2018,0.63,0.212,106.6,111.5,-4.9,0.091,0.212
202339,Eric Bledsoe,MIL,28.0,74,31.4,17.7,3.8,5.0,2.0,0.6,2.9,0.473,0.347,0.795,0.541,1.6,2018,0.582,0.254,110.7,107.9,2.7,0.246,0.063
201569,Eric Gordon,HOU,29.0,69,31.2,18.0,2.5,2.2,0.6,0.4,1.9,0.428,0.359,0.809,0.797,8.5,2018,0.578,0.238,116.4,103.5,13.0,0.113,0.039
203961,Eric Moreland,DET,26.0,67,12.0,2.1,4.1,1.2,0.5,0.8,0.6,0.541,0.0,0.379,0.478,0.1,2018,0.531,0.097,100.3,99.3,1.1,0.141,0.168
101141,Ersan Ilyasova,PHI,31.0,69,25.1,10.9,5.9,1.3,0.9,0.4,1.0,0.452,0.36,0.778,0.522,0.3,2018,0.558,0.183,107.0,106.1,0.9,0.078,0.114
203095,Evan Fournier,ORL,25.0,57,32.2,17.8,3.2,2.9,0.8,0.3,1.7,0.459,0.379,0.867,0.351,-2.1,2018,0.577,0.226,107.1,110.3,-3.2,0.138,0.048
202323,Evan Turner,POR,29.0,79,25.7,8.2,3.1,2.2,0.6,0.4,1.3,0.447,0.318,0.85,0.608,-0.6,2018,0.52,0.153,104.5,105.6,-1.1,0.128,0.057
1626163,Frank Kaminsky,CHA,25.0,79,23.2,11.1,3.6,1.6,0.5,0.2,0.8,0.429,0.38,0.799,0.443,-0.7,2018,0.545,0.202,107.7,110.0,-2.3,0.113,0.078
1628412,Frank Mason III,SAC,24.0,52,18.9,7.9,2.5,2.8,0.7,0.2,1.3,0.379,0.36,0.817,0.327,-0.7,2018,0.48,0.226,103.7,105.4,-1.7,0.233,0.067
1628373,Frank Ntilikina,NYK,19.0,78,21.9,5.9,2.3,3.2,0.8,0.2,1.7,0.364,0.318,0.721,0.359,-1.3,2018,0.437,0.166,102.4,104.6,-2.2,0.21,0.05
1627832,Fred VanVleet,TOR,24.0,76,20.0,8.6,2.4,3.2,0.9,0.3,1.0,0.426,0.414,0.832,0.724,4.6,2018,0.556,0.188,112.2,101.1,11.1,0.231,0.06
202066,Garrett Temple,SAC,32.0,65,24.8,8.4,2.3,1.9,0.9,0.4,1.2,0.418,0.392,0.769,0.354,-4.0,2018,0.536,0.16,100.7,108.1,-7.4,0.115,0.047
203914,Gary Harris,DEN,23.0,67,34.4,17.5,2.6,2.9,1.8,0.2,1.8,0.485,0.396,0.827,0.552,2.6,2018,0.597,0.204,111.7,108.2,3.5,0.128,0.039
1627780,Gary Payton II,LAL,25.0,23,9.6,3.0,1.9,0.9,0.3,0.1,0.3,0.405,0.24,0.333,0.435,0.5,2018,0.443,0.162,109.9,104.9,4.9,0.13,0.098
201588,George Hill,CLE,32.0,67,27.0,10.0,2.7,2.8,0.9,0.4,1.3,0.46,0.415,0.786,0.418,-1.8,2018,0.58,0.161,108.5,111.8,-3.3,0.145,0.051
101123,Gerald Green,HOU,32.0,41,22.7,12.1,3.2,0.6,0.6,0.4,0.8,0.407,0.369,0.85,0.805,2.3,2018,0.566,0.219,107.3,102.7,4.6,0.045,0.069
203507,Giannis Antetokounmpo,MIL,23.0,75,36.7,26.9,10.0,4.8,1.5,1.4,3.0,0.529,0.307,0.76,0.52,2.0,2018,0.598,0.307,109.4,106.5,2.8,0.237,0.141
203922,Glenn Robinson III,IND,24.0,23,14.7,4.1,1.6,0.7,0.6,0.0,0.2,0.424,0.412,0.818,0.609,0.0,2018,0.529,0.119,103.3,103.9,-0.6,0.068,0.052
201609,Goran Dragic,MIA,32.0,75,31.7,17.3,4.1,4.8,0.8,0.2,2.2,0.45,0.37,0.801,0.52,0.3,2018,0.543,0.25,106.2,106.0,0.2,0.245,0.064
203476,Gorgui Dieng,MIN,28.0,79,16.9,5.9,4.6,0.9,0.6,0.5,0.7,0.479,0.311,0.775,0.57,-2.6,2018,0.543,0.159,103.9,110.5,-6.6,0.08,0.137
202328,Greg Monroe,BOS,28.0,51,20.4,10.3,6.9,2.2,0.9,0.5,1.8,0.565,0.0,0.739,0.412,-4.2,2018,0.598,0.218,100.9,110.5,-9.6,0.189,0.172
1627824,Guerschon Yabusele,BOS,22.0,33,7.1,2.4,1.6,0.5,0.1,0.2,0.4,0.426,0.324,0.682,0.727,-0.2,2018,0.559,0.146,101.0,101.8,-0.8,0.107,0.105
203084,Harrison Barnes,DAL,26.0,77,34.2,18.9,6.1,2.0,0.6,0.2,1.5,0.445,0.357,0.827,0.312,-4.2,2018,0.539,0.247,103.4,109.5,-6.1,0.101,0.089
202355,Hassan Whiteside,MIA,29.0,54,25.3,14.0,11.4,1.0,0.7,1.7,1.7,0.54,1.0,0.703,0.556,-1.5,2018,0.573,0.235,102.1,105.0,-2.8,0.068,0.218
1627740,Henry Ellenson,DET,21.0,38,8.7,4.0,2.1,0.5,0.1,0.0,0.5,0.363,0.333,0.862,0.553,-0.1,2018,0.476,0.233,97.5,97.0,0.5,0.098,0.118
203546,Ian Clark,NOP,27.0,74,19.7,7.4,1.7,1.5,0.4,0.1,0.8,0.448,0.318,0.763,0.581,0.4,2018,0.529,0.168,107.1,106.0,1.0,0.107,0.043
101133,Ian Mahinmi,WAS,31.0,77,14.9,4.8,4.1,0.7,0.5,0.5,1.3,0.556,0.0,0.703,0.545,0.2,2018,0.601,0.15,106.6,105.2,1.4,0.068,0.137
202697,Iman Shumpert,SAC,28.0,14,19.7,4.4,2.9,1.2,0.6,0.3,1.1,0.379,0.269,0.733,0.643,2.0,2018,0.48,0.125,108.4,103.1,5.4,0.084,0.072
203477,Isaiah Canaan,PHX,27.0,20,21.1,8.6,2.3,3.8,0.8,0.1,1.5,0.38,0.333,0.902,0.45,1.0,2018,0.539,0.193,109.2,108.0,1.2,0.276,0.054
1628439,Isaiah Hicks,NYK,23.0,18,13.3,4.4,2.3,0.9,0.1,0.2,0.9,0.458,0.222,0.667,0.222,-2.5,2018,0.501,0.175,102.0,109.7,-7.7,0.098,0.081
1627819,Isaiah Taylor,ATL,23.0,67,17.4,6.6,1.4,3.1,0.5,0.1,1.3,0.418,0.25,0.702,0.269,-0.5,2018,0.492,0.195,103.2,103.9,-0.8,0.272,0.039
202738,Isaiah Thomas,LAL,29.0,32,26.9,15.2,2.1,4.8,0.5,0.1,3.0,0.373,0.293,0.893,0.469,-3.7,2018,0.508,0.276,107.9,114.8,-6.9,0.268,0.037
202397,Ish Smith,DET,29.0,82,24.9,10.9,2.7,4.4,0.8,0.2,1.3,0.486,0.347,0.698,0.476,0.5,2018,0.525,0.203,106.8,105.9,0.8,0.273,0.054
1628397,Ivan Rabb,MEM,21.0,36,14.3,5.6,4.4,0.9,0.3,0.4,1.0,0.566,0.0,0.806,0.167,-2.7,2018,0.599,0.167,102.5,110.9,-8.4,0.095,0.157
1627826,Ivica Zubac,LAL,21.0,43,9.5,3.7,2.9,0.6,0.2,0.3,0.6,0.5,0.0,0.765,0.442,1.0,2018,0.557,0.172,99.8,94.7,5.0,0.095,0.135
200826,J.J. Barea,DAL,34.0,69,23.2,11.6,2.9,6.3,0.5,0.0,2.1,0.439,0.367,0.784,0.333,0.3,2018,0.545,0.243,107.5,106.8,0.7,0.426,0.064
200755,JJ Redick,PHI,34.0,70,30.2,17.1,2.5,3.0,0.5,0.1,1.5,0.46,0.42,0.904,0.643,4.4,2018,0.614,0.206,109.4,102.4,7.0,0.149,0.04
2747,JR Smith,CLE,32.0,80,28.1,8.3,2.9,1.8,0.9,0.1,1.0,0.403,0.375,0.696,0.613,-1.5,2018,0.534,0.136,110.9,113.2,-2.3,0.087,0.053
203960,JaKarr Sampson,SAC,25.0,22,15.6,4.7,3.5,0.4,0.4,1.0,0.4,0.543,0.5,0.625,0.273,0.0,2018,0.585,0.124,99.9,100.0,-0.1,0.041,0.11
203210,JaMychal Green,MEM,28.0,55,28.0,10.3,8.4,1.4,0.6,0.5,1.4,0.457,0.339,0.721,0.2,-4.5,2018,0.53,0.178,102.5,110.5,-8.0,0.082,0.155
201580,JaVale McGee,GSW,30.0,65,9.5,4.8,2.6,0.5,0.3,0.9,0.4,0.621,0.0,0.731,0.692,0.6,2018,0.641,0.183,110.5,107.9,2.6,0.08,0.136
203953,Jabari Parker,MIL,23.0,31,24.0,12.6,4.9,1.9,0.8,0.3,1.5,0.482,0.383,0.741,0.516,-2.1,2018,0.55,0.228,105.9,109.7,-3.9,0.129,0.1
203109,Jae Crowder,UTA,27.0,80,26.1,9.7,3.4,1.2,0.8,0.3,0.9,0.404,0.323,0.818,0.65,0.3,2018,0.525,0.169,107.9,107.2,0.6,0.071,0.066
1626143,Jahlil Okafor,BKN,22.0,28,12.6,6.3,3.0,0.4,0.1,0.6,0.8,0.558,0.25,0.724,0.25,-5.8,2018,0.584,0.216,92.6,115.2,-22.6,0.07,0.122
1627751,Jakob Poeltl,TOR,22.0,82,18.6,6.9,4.8,0.7,0.5,1.2,1.0,0.659,0.5,0.594,0.72,3.0,2018,0.662,0.143,111.9,103.7,8.3,0.054,0.129
2037,Jamal Crawford,MIN,38.0,80,20.7,10.3,1.2,2.3,0.5,0.1,1.2,0.415,0.331,0.903,0.563,-1.9,2018,0.519,0.231,108.4,112.8,-4.5,0.177,0.031
1627750,Jamal Murray,DEN,21.0,81,31.7,16.7,3.7,3.4,1.0,0.3,2.1,0.451,0.378,0.905,0.568,2.8,2018,0.576,0.223,113.9,110.2,3.7,0.159,0.06
2749,Jameer Nelson,DET,36.0,50,20.3,4.9,2.1,3.6,0.5,0.1,1.3,0.389,0.331,0.8,0.5,-2.1,2018,0.489,0.137,103.1,108.7,-5.7,0.255,0.052
1628503,Jamel Artis,ORL,25.0,15,18.6,5.1,2.5,1.2,0.1,0.2,0.5,0.392,0.276,0.583,0.267,-0.4,2018,0.457,0.142,103.5,104.4,-0.9,0.098,0.064
203516,James Ennis III,DET,27.0,72,22.3,7.1,3.1,1.0,0.7,0.3,0.8,0.474,0.333,0.836,0.347,-2.5,2018,0.588,0.134,102.3,107.9,-5.6,0.069,0.07
201935,James Harden,HOU,28.0,72,35.4,30.4,5.4,8.8,1.8,0.7,4.4,0.449,0.367,0.858,0.819,7.3,2018,0.619,0.353,116.2,106.2,10.0,0.449,0.078
201949,James Johnson,MIA,31.0,73,26.6,10.8,4.9,3.8,1.0,0.7,1.9,0.503,0.308,0.698,0.507,0.0,2018,0.575,0.185,105.9,105.8,0.1,0.22,0.091
203966,Jamil Wilson,LAC,27.0,15,18.3,7.0,2.1,0.7,0.3,0.5,0.5,0.469,0.429,0.5,0.4,-0.1,2018,0.634,0.145,106.2,105.4,0.8,0.056,0.055
201162,Jared Dudley,PHX,32.0,48,14.3,3.2,2.0,1.6,0.5,0.2,0.6,0.393,0.363,0.771,0.146,0.0,2018,0.553,0.102,106.6,106.4,0.1,0.153,0.067
1626185,Jarell Martin,MEM,24.0,73,22.7,7.7,4.4,1.0,0.5,0.7,1.2,0.446,0.347,0.767,0.288,-3.6,2018,0.516,0.168,100.6,108.1,-7.6,0.073,0.096
1628386,Jarrett Allen,BKN,20.0,72,20.0,8.2,5.4,0.7,0.4,1.2,1.1,0.589,0.333,0.776,0.347,-2.0,2018,0.636,0.162,104.1,108.2,-4.1,0.055,0.127
101127,Jarrett Jack,NYK,34.0,62,25.0,7.5,3.1,5.6,0.6,0.1,1.9,0.427,0.291,0.84,0.419,-0.3,2018,0.489,0.164,108.2,109.0,-0.7,0.302,0.061
201160,Jason Smith,WAS,32.0,33,8.6,3.4,1.6,0.4,0.1,0.4,0.5,0.391,0.125,0.905,0.455,-2.5,2018,0.455,0.204,95.5,111.3,-15.8,0.084,0.09
1891,Jason Terry,MIL,40.0,51,16.0,3.3,0.9,1.2,0.8,0.3,0.5,0.383,0.348,0.889,0.529,0.4,2018,0.525,0.097,107.0,105.5,1.5,0.098,0.031
1628393,Jawun Evans,LAC,21.0,48,16.2,4.8,1.8,2.1,0.8,0.1,0.9,0.352,0.278,0.776,0.5,0.2,2018,0.421,0.17,106.2,104.1,2.1,0.177,0.053
1627759,Jaylen Brown,BOS,21.0,70,30.7,14.5,4.9,1.6,1.0,0.4,1.8,0.465,0.395,0.644,0.671,4.9,2018,0.562,0.208,109.0,101.3,7.7,0.081,0.078
1628369,Jayson Tatum,BOS,20.0,80,30.5,13.9,5.0,1.6,1.0,0.7,1.4,0.475,0.434,0.826,0.663,4.3,2018,0.586,0.192,107.7,100.8,6.9,0.081,0.081
201145,Jeff Green,CLE,31.0,78,23.4,10.8,3.2,1.3,0.5,0.4,1.0,0.477,0.312,0.868,0.603,1.3,2018,0.587,0.19,109.9,106.2,3.7,0.081,0.066
201952,Jeff Teague,MIN,30.0,70,33.0,14.2,3.0,7.0,1.5,0.3,2.5,0.446,0.368,0.845,0.586,2.0,2018,0.553,0.201,112.7,110.0,2.7,0.298,0.046
203924,Jerami Grant,OKC,24.0,81,20.3,8.4,3.9,0.7,0.4,1.0,0.7,0.535,0.291,0.675,0.593,0.2,2018,0.607,0.161,106.5,104.7,1.7,0.055,0.094
203087,Jeremy Lamb,CHA,26.0,80,24.6,12.9,4.1,2.3,0.8,0.4,1.2,0.457,0.37,0.861,0.45,1.0,2018,0.559,0.22,109.3,107.9,1.3,0.154,0.08
1626170,Jerian Grant,CHI,25.0,74,22.8,8.4,2.3,4.6,0.9,0.1,1.2,0.416,0.326,0.745,0.324,-3.4,2018,0.528,0.172,102.0,109.1,-7.1,0.314,0.049
201573,Jerryd Bayless,PHI,29.0,39,23.7,7.9,2.1,1.4,0.6,0.2,1.2,0.416,0.37,0.795,0.538,-1.8,2018,0.546,0.146,102.2,105.5,-3.4,0.085,0.041
202710,Jimmy Butler III,MIN,28.0,59,36.7,22.2,5.3,4.9,2.0,0.4,1.8,0.474,0.35,0.854,0.627,6.3,2018,0.59,0.245,114.7,106.4,8.3,0.204,0.075
201975,Jodie Meeks,WAS,30.0,77,14.5,6.3,1.6,0.9,0.4,0.1,0.5,0.399,0.343,0.863,0.532,-2.0,2018,0.548,0.179,102.3,109.2,-6.8,0.1,0.056
203925,Joe Harris,BKN,26.0,78,25.3,10.8,3.3,1.6,0.4,0.3,1.2,0.491,0.419,0.827,0.346,-1.5,2018,0.634,0.161,105.1,108.4,-3.3,0.101,0.063
204060,Joe Ingles,UTA,30.0,82,31.4,11.5,4.2,4.8,1.1,0.2,1.9,0.467,0.44,0.795,0.585,3.2,2018,0.623,0.156,107.7,102.4,5.3,0.222,0.068
2207,Joe Johnson,HOU,37.0,55,21.9,6.8,3.1,1.5,0.3,0.1,0.9,0.406,0.276,0.889,0.636,-1.5,2018,0.49,0.157,101.3,104.9,-3.6,0.109,0.07
1626202,Joe Young,IND,26.0,53,10.5,3.9,1.2,0.7,0.3,0.0,0.5,0.43,0.379,0.759,0.528,-1.0,2018,0.521,0.169,99.9,106.7,-6.8,0.103,0.055
203954,Joel Embiid,PHI,24.0,63,30.4,22.9,11.0,3.2,0.6,1.8,3.7,0.483,0.308,0.769,0.651,7.7,2018,0.573,0.33,110.6,98.9,11.7,0.182,0.173
203530,Joffrey Lauvergne,SAS,26.0,55,9.7,4.1,3.1,0.7,0.2,0.1,0.6,0.516,0.0,0.638,0.545,-1.2,2018,0.536,0.192,100.5,106.3,-5.8,0.121,0.162
1628381,John Collins,ATL,20.0,74,24.1,10.5,7.3,1.3,0.6,1.1,1.4,0.576,0.34,0.715,0.284,-3.0,2018,0.62,0.174,101.0,107.3,-6.2,0.09,0.147
203089,John Henson,MIL,27.0,76,25.9,8.8,6.8,1.5,0.6,1.4,1.1,0.572,0.143,0.57,0.513,2.2,2018,0.582,0.149,111.2,106.3,4.9,0.083,0.136
202322,John Wall,WAS,27.0,41,34.4,19.4,3.7,9.6,1.4,1.1,3.9,0.42,0.371,0.726,0.561,3.1,2018,0.515,0.281,109.8,106.1,3.8,0.425,0.053
203948,Johnny O'Bryant III,CHA,25.0,36,10.5,4.8,2.6,0.4,0.3,0.2,0.4,0.398,0.326,0.84,0.417,-2.4,2018,0.47,0.219,94.1,104.8,-10.7,0.067,0.112
201973,Jonas Jerebko,UTA,31.0,74,15.3,5.8,3.3,0.6,0.3,0.2,0.4,0.466,0.414,0.807,0.608,0.8,2018,0.586,0.151,105.9,104.2,1.7,0.057,0.112
202685,Jonas Valančiūnas,TOR,26.0,77,22.4,12.7,8.6,1.1,0.4,0.9,1.5,0.568,0.405,0.806,0.727,2.9,2018,0.628,0.222,112.9,107.2,5.6,0.075,0.187
1628371,Jonathan Isaac,ORL,20.0,27,19.8,5.4,3.7,0.7,1.2,1.1,1.0,0.379,0.348,0.76,0.407,-3.7,2018,0.465,0.149,93.2,101.8,-8.6,0.053,0.087
203613,Jonathon Simmons,ORL,28.0,69,29.4,13.9,3.5,2.5,0.8,0.2,2.1,0.465,0.338,0.768,0.304,-4.3,2018,0.555,0.215,104.6,111.4,-6.9,0.131,0.059
1628395,Jordan Bell,GSW,23.0,57,14.2,4.6,3.6,1.8,0.6,1.0,0.9,0.627,0.0,0.682,0.754,2.8,2018,0.641,0.134,113.2,104.3,8.9,0.166,0.126
203903,Jordan Clarkson,CLE,26.0,81,23.3,13.9,2.7,2.7,0.7,0.1,1.6,0.451,0.352,0.8,0.494,-0.5,2018,0.542,0.253,104.6,106.5,-1.9,0.193,0.055
1626175,Jordan Mickey,MIA,23.0,23,12.4,4.0,3.5,0.4,0.3,0.4,0.8,0.476,0.125,0.684,0.652,-1.3,2018,0.515,0.168,101.4,107.4,-6.0,0.051,0.146
101181,Jose Calderon,CLE,36.0,57,16.0,4.5,1.5,2.1,0.5,0.0,0.7,0.503,0.464,0.8,0.579,1.1,2018,0.643,0.118,110.9,107.7,3.2,0.175,0.049
1628404,Josh Hart,LAL,23.0,63,23.2,7.9,4.2,1.3,0.7,0.3,0.7,0.469,0.396,0.702,0.429,-1.1,2018,0.596,0.133,106.4,108.3,-1.9,0.076,0.086
203962,Josh Huestis,OKC,26.0,69,14.2,2.3,2.3,0.3,0.2,0.6,0.4,0.33,0.287,0.3,0.623,1.6,2018,0.417,0.095,109.2,103.2,6.0,0.027,0.08
1628367,Josh Jackson,PHX,21.0,77,25.4,13.1,4.6,1.5,1.0,0.5,1.9,0.417,0.263,0.634,0.247,-6.9,2018,0.48,0.253,98.6,110.3,-11.7,0.105,0.083
203705,Josh Magette,ATL,28.0,18,12.0,2.6,1.1,3.2,0.4,0.1,0.5,0.326,0.364,1.0,0.167,-0.1,2018,0.464,0.119,103.1,103.6,-0.5,0.37,0.043
1626196,Josh Richardson,MIA,24.0,81,33.2,12.9,3.5,2.9,1.5,0.9,1.7,0.451,0.378,0.845,0.543,0.5,2018,0.551,0.176,105.0,104.2,0.8,0.131,0.053
201950,Jrue Holiday,NOP,28.0,81,36.1,19.0,4.5,6.0,1.5,0.8,2.6,0.494,0.337,0.786,0.58,3.9,2018,0.57,0.225,109.4,104.5,4.9,0.243,0.06
1627823,Juancho Hernangomez,DEN,22.0,25,11.1,3.3,2.2,0.5,0.2,0.1,0.4,0.387,0.28,0.833,0.6,-1.0,2018,0.511,0.134,105.1,109.2,-4.2,0.06,0.098
203944,Julius Randle,LAL,23.0,82,26.7,16.1,8.0,2.6,0.5,0.5,2.6,0.558,0.222,0.718,0.427,-1.0,2018,0.606,0.251,107.0,108.4,-1.4,0.158,0.144
1626147,Justin Anderson,PHI,24.0,38,13.7,6.2,2.4,0.7,0.4,0.2,0.4,0.431,0.33,0.737,0.711,-2.2,2018,0.54,0.188,98.3,105.4,-7.2,0.078,0.084
203200,Justin Holiday,CHI,29.0,72,31.5,12.2,4.0,2.1,1.1,0.4,1.3,0.371,0.359,0.823,0.333,-2.5,2018,0.513,0.177,104.2,108.2,-4.0,0.097,0.062
1628382,Justin Jackson,SAC,23.0,68,22.2,6.7,2.8,1.1,0.4,0.2,0.6,0.442,0.308,0.722,0.309,-3.5,2018,0.521,0.139,101.2,108.8,-7.6,0.071,0.062
1626159,Justise Winslow,MIA,22.0,68,24.7,7.8,5.4,2.2,0.8,0.5,1.1,0.424,0.38,0.635,0.485,0.4,2018,0.496,0.158,103.8,102.9,1.0,0.134,0.107
203994,Jusuf Nurkić,POR,23.0,79,26.4,14.3,9.0,1.8,0.8,1.4,2.3,0.505,0.0,0.63,0.608,2.0,2018,0.528,0.257,106.7,103.1,3.6,0.115,0.162
1626157,Karl-Anthony Towns,MIN,22.0,82,35.6,21.3,12.3,2.4,0.8,1.4,1.9,0.545,0.421,0.858,0.573,4.5,2018,0.646,0.225,115.3,109.2,6.1,0.105,0.179
202695,Kawhi Leonard,SAS,27.0,9,23.3,16.2,4.7,2.3,2.0,1.0,1.8,0.468,0.314,0.816,0.556,1.9,2018,0.572,0.304,99.3,95.4,3.9,0.191,0.098
203482,Kelly Olynyk,MIA,27.0,76,23.4,11.5,5.7,2.7,0.8,0.5,1.9,0.497,0.379,0.77,0.553,3.1,2018,0.612,0.213,110.0,104.6,5.3,0.18,0.126
1626162,Kelly Oubre Jr.,WAS,22.0,81,27.5,11.8,4.5,1.2,1.0,0.4,1.1,0.403,0.341,0.82,0.531,-1.4,2018,0.534,0.188,105.9,108.2,-2.4,0.067,0.081
202689,Kemba Walker,CHA,28.0,80,34.2,22.1,3.1,5.6,1.1,0.3,2.2,0.431,0.384,0.864,0.45,2.6,2018,0.572,0.267,111.3,108.0,3.3,0.264,0.044
202702,Kenneth Faried,DEN,28.0,32,14.4,5.9,4.8,0.6,0.4,0.4,0.7,0.514,0.0,0.706,0.5,-1.3,2018,0.552,0.173,103.2,108.1,-5.0,0.064,0.162
203145,Kent Bazemore,ATL,28.0,65,27.5,12.9,3.8,3.5,1.5,0.7,2.4,0.42,0.394,0.796,0.292,-2.5,2018,0.547,0.221,104.5,108.9,-4.5,0.199,0.069
203484,Kentavious Caldwell-Pope,LAL,25.0,74,33.2,13.4,5.2,2.2,1.4,0.2,1.3,0.426,0.383,0.789,0.419,-0.7,2018,0.561,0.165,106.5,107.4,-0.9,0.093,0.075
201142,Kevin Durant,GSW,29.0,68,34.2,26.4,6.8,5.4,0.7,1.8,3.0,0.516,0.419,0.889,0.721,5.2,2018,0.64,0.293,115.9,108.9,7.0,0.243,0.099
201567,Kevin Love,CLE,29.0,59,28.0,17.6,9.3,1.7,0.7,0.4,1.5,0.458,0.415,0.88,0.627,1.3,2018,0.614,0.248,112.7,111.3,1.4,0.099,0.172
1626172,Kevon Looney,GSW,22.0,66,13.8,4.0,3.3,0.6,0.5,0.8,0.5,0.58,0.2,0.545,0.682,1.8,2018,0.588,0.121,110.7,104.6,6.1,0.062,0.116
203920,Khem Birch,ORL,25.0,42,13.8,4.2,4.3,0.8,0.4,0.5,0.5,0.54,0.0,0.689,0.333,0.3,2018,0.582,0.131,104.9,104.0,0.8,0.088,0.152
203114,Khris Middleton,MIL,26.0,82,36.4,20.1,5.2,4.0,1.5,0.3,2.3,0.466,0.359,0.884,0.537,1.2,2018,0.577,0.239,110.3,108.7,1.6,0.172,0.076
202691,Klay Thompson,GSW,28.0,73,34.3,20.0,3.8,2.5,0.8,0.5,1.8,0.489,0.44,0.837,0.753,5.4,2018,0.599,0.232,112.6,105.6,7.1,0.108,0.055
1628424,Kobi Simmons,MEM,20.0,32,20.1,6.1,1.6,2.1,0.6,0.2,1.4,0.423,0.282,1.0,0.188,-6.7,2018,0.49,0.163,100.7,117.7,-17.0,0.157,0.04
201585,Kosta Koufos,SAC,29.0,71,19.6,6.7,6.6,1.2,0.7,0.5,0.7,0.571,0.0,0.446,0.31,-3.1,2018,0.566,0.15,98.8,106.8,-8.0,0.1,0.165
1627739,Kris Dunn,CHI,24.0,52,29.3,13.4,4.3,6.0,2.0,0.5,2.9,0.429,0.321,0.737,0.365,-5.3,2018,0.488,0.245,102.5,110.6,-8.0,0.319,0.071
204001,Kristaps Porziņģis,NYK,22.0,48,32.4,22.7,6.6,1.2,0.8,2.4,1.9,0.439,0.395,0.793,0.458,0.3,2018,0.539,0.305,107.1,106.7,0.4,0.063,0.098
203937,Kyle Anderson,SAS,24.0,74,26.7,7.9,5.4,2.7,1.6,0.8,1.3,0.527,0.333,0.712,0.554,1.9,2018,0.582,0.133,105.3,102.0,3.3,0.146,0.1
1627858,Kyle Collinsworth,DAL,26.0,32,15.0,3.2,3.3,1.8,0.5,0.3,0.8,0.384,0.235,0.525,0.281,-0.9,2018,0.433,0.124,105.3,107.4,-2.1,0.163,0.107
2594,Kyle Korver,CLE,37.0,73,21.6,9.2,2.3,1.2,0.4,0.4,0.8,0.459,0.436,0.889,0.589,3.8,2018,0.652,0.154,112.3,104.5,7.8,0.079,0.052
1628398,Kyle Kuzma,LAL,22.0,77,31.2,16.1,6.3,1.8,0.6,0.4,1.8,0.45,0.366,0.707,0.442,-1.6,2018,0.549,0.219,105.3,107.5,-2.2,0.091,0.095
200768,Kyle Lowry,TOR,32.0,78,32.2,16.2,5.6,6.9,1.1,0.2,2.3,0.427,0.399,0.854,0.731,5.1,2018,0.598,0.211,113.1,105.5,7.6,0.307,0.085
203124,Kyle O'Quinn,NYK,28.0,77,18.0,7.1,6.1,2.1,0.5,1.3,1.3,0.583,0.235,0.772,0.364,-0.5,2018,0.625,0.168,105.6,106.8,-1.1,0.166,0.168
202681,Kyrie Irving,BOS,26.0,60,32.2,24.4,3.8,5.1,1.1,0.3,2.3,0.491,0.408,0.889,0.683,4.3,2018,0.61,0.298,110.0,104.3,5.6,0.282,0.057
200746,LaMarcus Aldridge,SAS,32.0,75,33.4,23.1,8.5,2.0,0.6,1.2,1.5,0.51,0.293,0.837,0.6,3.7,2018,0.57,0.288,108.7,103.3,5.4,0.111,0.127
202362,Lance Stephenson,IND,27.0,82,22.6,9.2,5.2,2.9,0.6,0.2,1.6,0.427,0.289,0.661,0.585,-1.3,2018,0.495,0.208,106.1,109.4,-3.2,0.186,0.115
202498,Lance Thomas,NYK,30.0,73,18.5,4.1,2.4,0.6,0.4,0.2,0.6,0.382,0.403,0.83,0.342,-2.5,2018,0.513,0.106,101.4,107.3,-5.9,0.044,0.065
204038,Langston Galloway,DET,26.0,58,14.9,6.2,1.6,1.0,0.6,0.1,0.3,0.371,0.344,0.805,0.483,1.3,2018,0.503,0.188,101.8,97.6,4.2,0.105,0.051
1626204,Larry Nance Jr.,CLE,25.0,66,21.5,8.7,6.8,1.2,1.3,0.6,0.8,0.581,0.167,0.664,0.485,0.3,2018,0.605,0.155,104.9,103.9,1.0,0.085,0.152
1628374,Lauri Markkanen,CHI,21.0,68,29.7,15.2,7.5,1.2,0.6,0.6,1.2,0.434,0.362,0.843,0.338,-5.7,2018,0.552,0.215,101.5,110.5,-9.0,0.064,0.123
2544,LeBron James,CLE,33.0,82,36.9,27.5,8.6,9.1,1.4,0.9,4.2,0.542,0.367,0.731,0.61,1.3,2018,0.621,0.31,113.7,112.1,1.6,0.432,0.119
1628366,Lonzo Ball,LAL,20.0,52,34.2,10.2,6.9,7.2,1.7,0.8,2.6,0.36,0.305,0.451,0.462,-0.4,2018,0.444,0.169,104.7,105.3,-0.6,0.288,0.095
101150,Lou Williams,LAC,31.0,79,32.8,22.6,2.5,5.3,1.1,0.2,3.0,0.435,0.359,0.88,0.532,1.5,2018,0.574,0.285,111.8,110.2,1.6,0.254,0.038
201601,Luc Mbah a Moute,HOU,31.0,61,25.6,7.5,3.0,0.9,1.2,0.4,1.1,0.481,0.364,0.684,0.852,5.0,2018,0.595,0.128,111.4,101.7,9.7,0.052,0.06
203512,Lucas Nogueira,TOR,25.0,49,8.5,2.5,1.8,0.4,0.5,0.9,0.3,0.613,0.263,0.679,0.735,1.8,2018,0.661,0.114,105.5,96.2,9.3,0.074,0.103
202337,Luke Babbitt,MIA,29.0,50,14.3,5.2,1.9,0.6,0.2,0.1,0.4,0.423,0.385,0.773,0.3,-0.7,2018,0.576,0.147,105.6,108.3,-2.7,0.064,0.067
1628379,Luke Kennard,DET,22.0,73,20.0,7.6,2.4,1.7,0.6,0.2,0.9,0.443,0.415,0.855,0.466,1.6,2018,0.56,0.169,107.1,103.2,3.9,0.127,0.059
1628436,Luke Kornet,NYK,22.0,20,16.3,6.7,3.2,1.3,0.3,0.8,0.6,0.392,0.354,0.727,0.3,-3.6,2018,0.516,0.189,102.2,111.5,-9.3,0.114,0.094
1627781,Malachi Richardson,TOR,22.0,26,12.4,3.4,1.3,0.5,0.4,0.0,0.4,0.333,0.3,0.773,0.308,-2.2,2018,0.446,0.149,100.2,108.0,-7.8,0.058,0.053
1627763,Malcolm Brogdon,MIL,25.0,48,29.9,13.0,3.3,3.2,0.9,0.3,1.4,0.485,0.385,0.882,0.521,-1.3,2018,0.578,0.189,107.1,109.2,-2.1,0.165,0.058
1627098,Malcolm Delaney,ATL,29.0,54,18.8,6.3,1.9,3.0,0.6,0.1,1.2,0.382,0.371,0.804,0.296,-1.9,2018,0.519,0.166,101.9,106.4,-4.5,0.244,0.049
1627736,Malik Beasley,DEN,21.0,62,9.4,3.2,1.1,0.5,0.2,0.1,0.4,0.41,0.341,0.667,0.548,-0.4,2018,0.509,0.151,104.3,105.3,-1.0,0.077,0.058
1628370,Malik Monk,CHA,20.0,63,13.5,6.7,1.0,1.4,0.3,0.1,0.8,0.36,0.342,0.842,0.413,-3.0,2018,0.477,0.241,100.8,112.6,-11.8,0.178,0.037
1938,Manu Ginobili,SAS,40.0,65,20.0,8.9,2.2,2.5,0.7,0.2,1.6,0.434,0.333,0.84,0.6,1.1,2018,0.553,0.205,107.7,105.6,2.1,0.193,0.054
201188,Marc Gasol,MEM,33.0,73,33.0,17.2,8.1,4.2,0.7,1.4,2.7,0.42,0.341,0.834,0.288,-4.3,2018,0.532,0.255,102.7,109.7,-6.9,0.225,0.127
101162,Marcin Gortat,WAS,34.0,82,25.3,8.4,7.6,1.8,0.5,0.7,1.2,0.518,0.0,0.675,0.524,1.3,2018,0.546,0.153,107.4,105.3,2.1,0.103,0.151
201158,Marco Belinelli,PHI,32.0,80,24.3,12.1,1.9,1.9,0.8,0.2,1.2,0.441,0.377,0.908,0.488,-0.4,2018,0.581,0.197,105.4,106.8,-1.4,0.115,0.038
1627875,Marcus Georges-Hunt,MIN,24.0,42,5.3,1.4,0.4,0.2,0.1,0.0,0.1,0.438,0.267,0.619,0.571,-0.8,2018,0.515,0.111,105.5,109.9,-4.4,0.045,0.036
202694,Marcus Morris Sr.,BOS,28.0,54,26.7,13.6,5.4,1.3,0.6,0.2,1.2,0.429,0.368,0.805,0.63,0.4,2018,0.541,0.222,106.0,105.3,0.7,0.082,0.097
203935,Marcus Smart,BOS,24.0,54,29.9,10.2,3.5,4.8,1.3,0.4,2.4,0.367,0.301,0.729,0.704,3.9,2018,0.479,0.187,105.8,99.6,6.2,0.234,0.056
201596,Mario Chalmers,MEM,32.0,66,21.5,7.7,2.4,3.0,1.2,0.2,1.8,0.379,0.277,0.855,0.318,-0.9,2018,0.503,0.186,102.3,104.8,-2.5,0.214,0.055
1626209,Mario Hezonja,ORL,23.0,75,22.1,9.6,3.7,1.4,1.1,0.4,1.1,0.442,0.337,0.819,0.28,-2.7,2018,0.544,0.197,103.6,109.6,-6.0,0.101,0.084
1628365,Markelle Fultz,PHI,20.0,14,18.1,7.1,3.1,3.8,0.9,0.3,1.2,0.405,0.0,0.476,0.786,1.4,2018,0.416,0.218,100.9,96.1,4.8,0.294,0.074
202693,Markieff Morris,WAS,28.0,73,27.0,11.5,5.6,1.9,0.8,0.5,1.7,0.48,0.367,0.82,0.507,0.4,2018,0.566,0.194,108.4,107.7,0.7,0.107,0.107
1627737,Marquese Chriss,PHX,20.0,72,21.2,7.7,5.5,1.2,0.7,1.0,1.5,0.423,0.295,0.608,0.264,-4.1,2018,0.509,0.176,100.8,109.2,-8.4,0.081,0.121
201578,Marreese Speights,ORL,30.0,52,13.0,7.7,2.6,0.8,0.2,0.4,0.8,0.395,0.369,0.727,0.288,0.5,2018,0.539,0.265,104.9,103.4,1.6,0.104,0.093
101107,Marvin Williams,CHA,32.0,78,25.7,9.5,4.7,1.2,0.7,0.5,0.8,0.458,0.413,0.829,0.423,0.9,2018,0.603,0.145,108.7,107.1,1.6,0.069,0.089
203486,Mason Plumlee,DEN,28.0,74,19.5,7.1,5.4,1.9,0.7,1.1,1.4,0.601,0.0,0.458,0.541,-0.7,2018,0.586,0.161,107.5,108.2,-0.7,0.145,0.138
203521,Matthew Dellavedova,MIL,27.0,38,18.7,4.3,1.7,3.8,0.4,0.0,1.3,0.362,0.372,0.926,0.553,-2.1,2018,0.5,0.134,104.2,109.7,-5.5,0.296,0.047
203090,Maurice Harkless,POR,25.0,59,21.4,6.5,2.7,0.9,0.8,0.7,0.7,0.495,0.415,0.712,0.61,0.1,2018,0.596,0.123,105.3,105.5,-0.2,0.061,0.063
1628467,Maxi Kleber,DAL,26.0,72,16.8,5.4,3.3,0.7,0.4,0.7,0.4,0.489,0.313,0.746,0.278,-1.8,2018,0.576,0.135,101.8,105.3,-3.6,0.066,0.095
203086,Meyers Leonard,POR,26.0,33,7.7,3.4,2.1,0.5,0.2,0.0,0.3,0.59,0.423,0.818,0.515,-1.1,2018,0.676,0.155,103.3,112.1,-8.8,0.11,0.144
201563,Michael Beasley,NYK,29.0,74,22.3,13.2,5.6,1.7,0.5,0.6,1.9,0.507,0.395,0.78,0.324,-1.9,2018,0.556,0.261,106.6,110.6,-4.0,0.122,0.123
203487,Michael Carter-Williams,CHA,26.0,52,16.1,4.6,2.7,2.2,0.8,0.4,1.0,0.332,0.237,0.82,0.442,-1.2,2018,0.446,0.166,103.5,106.9,-3.5,0.214,0.081
203077,Michael Kidd-Gilchrist,CHA,24.0,74,25.0,9.2,4.1,1.0,0.7,0.4,0.7,0.504,0.0,0.684,0.459,0.7,2018,0.536,0.159,109.0,107.2,1.8,0.057,0.079
201144,Mike Conley,MEM,30.0,12,31.1,17.1,2.3,4.1,1.0,0.3,1.5,0.381,0.312,0.803,0.583,-1.4,2018,0.52,0.26,102.6,105.1,-2.6,0.234,0.036
1628455,Mike James,NOP,27.0,36,19.1,9.3,2.5,3.5,0.8,0.2,1.4,0.383,0.265,0.762,0.306,-1.1,2018,0.469,0.237,103.5,106.1,-2.6,0.279,0.06
203488,Mike Muscala,ATL,26.0,53,20.0,7.6,4.3,1.0,0.6,0.5,0.8,0.458,0.371,0.919,0.264,-1.5,2018,0.597,0.149,103.5,107.9,-4.4,0.074,0.1
203118,Mike Scott,WAS,29.0,76,18.5,8.8,3.3,1.1,0.3,0.1,1.0,0.527,0.405,0.658,0.513,-1.1,2018,0.599,0.194,105.6,107.6,-2.0,0.093,0.088
203101,Miles Plumlee,ATL,29.0,55,16.7,4.3,4.1,0.8,0.3,0.5,1.1,0.583,0.0,0.45,0.345,-2.9,2018,0.574,0.127,99.1,106.4,-7.3,0.074,0.121
1628462,Milos Teodosic,LAC,31.0,45,25.2,9.5,2.8,4.6,0.5,0.1,2.2,0.419,0.379,0.848,0.644,1.9,2018,0.564,0.178,109.8,107.4,2.4,0.252,0.054
1626149,Montrezl Harrell,LAC,24.0,76,17.0,11.0,4.0,1.0,0.5,0.7,0.9,0.635,0.143,0.626,0.513,0.7,2018,0.647,0.227,109.1,107.0,2.1,0.093,0.115
1627988,Myke Henry,MEM,25.0,20,18.9,5.4,1.9,1.1,1.6,0.3,1.0,0.376,0.328,0.6,0.15,-1.5,2018,0.472,0.148,105.6,109.7,-4.1,0.083,0.052
1626167,Myles Turner,IND,22.0,65,28.2,12.7,6.4,1.3,0.6,1.8,1.5,0.479,0.357,0.777,0.6,1.8,2018,0.567,0.199,108.3,105.3,3.0,0.071,0.114
202357,Nemanja Bjelica,MIN,30.0,67,20.5,6.8,4.1,1.3,0.7,0.2,0.8,0.461,0.415,0.8,0.567,0.1,2018,0.581,0.139,107.8,107.8,0.0,0.088,0.101
2403,Nene,HOU,35.0,52,14.6,6.5,3.4,0.9,0.5,0.3,0.7,0.569,0.0,0.636,0.808,5.1,2018,0.594,0.183,115.2,98.1,17.1,0.093,0.116
203457,Nerlens Noel,DAL,24.0,30,15.7,4.4,5.6,0.7,1.0,0.7,0.9,0.524,0.0,0.75,0.2,-4.0,2018,0.558,0.131,93.8,106.1,-12.3,0.07,0.174
201156,Nick Young,GSW,33.0,80,17.4,7.3,1.6,0.5,0.5,0.1,0.5,0.412,0.377,0.862,0.7,0.5,2018,0.562,0.169,106.8,106.0,0.8,0.038,0.044
201587,Nicolas Batum,CHA,29.0,64,31.0,11.6,4.8,5.5,1.0,0.4,2.0,0.415,0.336,0.831,0.422,0.1,2018,0.523,0.178,109.2,109.6,-0.4,0.255,0.075
203917,Nik Stauskas,BKN,24.0,41,12.8,4.4,1.6,1.0,0.2,0.1,0.6,0.39,0.4,0.724,0.341,-1.4,2018,0.543,0.159,99.7,104.3,-4.6,0.115,0.057
203999,Nikola Jokić,DEN,23.0,75,32.6,18.5,10.7,6.1,1.2,0.8,2.8,0.499,0.396,0.85,0.573,4.7,2018,0.603,0.238,114.0,107.8,6.2,0.286,0.168
202703,Nikola Mirotic,NOP,27.0,55,27.2,15.6,7.4,1.5,0.8,0.7,1.1,0.447,0.377,0.818,0.618,2.7,2018,0.577,0.223,109.6,105.4,4.2,0.079,0.127
202696,Nikola Vučević,ORL,27.0,57,29.5,16.5,9.2,3.4,1.0,1.1,1.9,0.475,0.314,0.819,0.298,-0.6,2018,0.533,0.252,106.1,107.5,-1.3,0.184,0.153
203943,Noah Vonleh,CHI,22.0,54,16.2,4.9,5.8,0.6,0.4,0.3,0.6,0.444,0.303,0.621,0.444,-0.7,2018,0.509,0.142,102.5,104.6,-2.1,0.059,0.167
1626181,Norman Powell,TOR,25.0,70,15.2,5.5,1.7,1.3,0.5,0.2,0.9,0.401,0.285,0.821,0.729,-0.3,2018,0.492,0.185,104.8,106.7,-1.9,0.122,0.056
1628384,OG Anunoby,TOR,20.0,74,20.0,5.9,2.5,0.7,0.7,0.2,0.6,0.471,0.371,0.629,0.689,4.0,2018,0.587,0.121,113.0,103.0,10.0,0.049,0.061
201956,Omri Casspi,GSW,30.0,53,14.0,5.7,3.8,1.0,0.3,0.4,0.7,0.58,0.455,0.725,0.755,1.0,2018,0.632,0.157,106.5,103.4,3.2,0.099,0.132
203490,Otto Porter Jr.,WAS,25.0,77,31.6,14.7,6.4,2.0,1.5,0.5,1.0,0.503,0.441,0.828,0.545,3.7,2018,0.602,0.182,110.3,105.1,5.1,0.096,0.104
200782,P.J. Tucker,HOU,33.0,82,27.8,6.1,5.6,0.9,1.0,0.3,0.9,0.39,0.371,0.717,0.793,6.4,2018,0.537,0.103,114.8,103.4,11.4,0.047,0.101
1627783,Pascal Siakam,TOR,24.0,81,20.7,7.3,4.5,2.0,0.8,0.5,0.8,0.508,0.22,0.621,0.728,3.7,2018,0.549,0.154,111.2,102.3,8.9,0.133,0.109
1626192,Pat Connaughton,POR,25.0,82,18.1,5.4,2.0,1.1,0.3,0.3,0.5,0.423,0.352,0.841,0.598,1.7,2018,0.539,0.128,107.8,103.5,4.3,0.085,0.052
201976,Patrick Beverley,LAC,29.0,11,30.3,12.2,4.1,2.9,1.7,0.5,2.3,0.403,0.4,0.824,0.455,2.3,2018,0.53,0.198,110.9,104.9,6.0,0.15,0.069
1627775,Patrick McCaw,GSW,22.0,57,16.9,4.0,1.4,1.4,0.8,0.2,0.7,0.409,0.238,0.765,0.719,-1.5,2018,0.477,0.125,106.4,109.8,-3.5,0.113,0.042
202335,Patrick Patterson,OKC,29.0,82,15.5,3.9,2.4,0.7,0.6,0.3,0.4,0.398,0.386,0.87,0.585,-0.9,2018,0.555,0.112,102.6,105.7,-3.1,0.068,0.074
201988,Patty Mills,SAS,29.0,82,25.7,10.0,1.9,2.8,0.7,0.1,1.3,0.411,0.372,0.89,0.573,1.4,2018,0.558,0.172,107.8,105.3,2.6,0.158,0.036
2200,Pau Gasol,SAS,37.0,77,23.5,10.1,8.0,3.1,0.3,1.0,1.4,0.458,0.358,0.756,0.584,0.8,2018,0.539,0.201,102.6,101.6,1.0,0.208,0.164
202331,Paul George,OKC,28.0,79,36.6,21.9,5.7,3.3,2.0,0.5,2.7,0.43,0.401,0.822,0.595,2.9,2018,0.57,0.248,109.7,106.0,3.7,0.143,0.076
200794,Paul Millsap,DEN,33.0,38,30.1,14.6,6.4,2.8,1.0,1.2,1.9,0.464,0.345,0.696,0.579,2.7,2018,0.549,0.217,111.8,107.8,3.9,0.139,0.107
1627835,Paul Zipser,CHI,24.0,54,15.3,4.0,2.4,0.9,0.4,0.3,0.8,0.346,0.336,0.76,0.315,-4.0,2018,0.445,0.156,97.7,109.9,-12.2,0.086,0.078
203112,Quincy Acy,BKN,27.0,70,19.4,5.9,3.7,0.8,0.5,0.4,0.9,0.356,0.349,0.817,0.371,-0.8,2018,0.525,0.143,104.8,106.7,-1.9,0.061,0.091
1626188,Quinn Cook,GSW,25.0,33,22.4,9.5,2.5,2.7,0.4,0.0,1.0,0.484,0.442,0.88,0.636,-1.2,2018,0.593,0.176,106.2,108.4,-2.2,0.179,0.055
200765,Rajon Rondo,NOP,32.0,65,26.2,8.3,4.0,8.2,1.1,0.2,2.3,0.468,0.333,0.543,0.631,0.3,2018,0.522,0.164,107.5,106.8,0.8,0.406,0.074
201196,Ramon Sessions,WAS,32.0,28,14.0,4.9,1.4,2.8,0.5,0.1,1.1,0.359,0.308,0.772,0.357,-3.0,2018,0.479,0.187,99.9,110.7,-10.8,0.297,0.049
1626173,Rashad Vaughn,ORL,21.0,28,7.6,2.3,0.8,0.5,0.2,0.1,0.2,0.411,0.378,0.667,0.464,-0.4,2018,0.546,0.137,104.9,106.7,-1.8,0.09,0.052
203526,Raul Neto,UTA,26.0,41,12.2,4.5,1.2,1.8,0.3,0.1,0.9,0.457,0.404,0.743,0.683,2.9,2018,0.55,0.173,104.9,95.4,9.5,0.23,0.048
101109,Raymond Felton,OKC,34.0,82,16.6,6.9,1.9,2.5,0.6,0.2,0.9,0.406,0.352,0.818,0.585,-0.6,2018,0.494,0.21,103.5,104.7,-1.3,0.255,0.056
203493,Reggie Bullock Jr.,DET,27.0,62,27.9,11.3,2.5,1.5,0.8,0.2,0.8,0.489,0.445,0.796,0.516,0.4,2018,0.615,0.153,107.5,106.9,0.6,0.081,0.043
202704,Reggie Jackson,DET,28.0,45,26.7,14.6,2.8,5.3,0.6,0.1,2.2,0.426,0.308,0.836,0.6,0.3,2018,0.516,0.265,107.1,106.6,0.4,0.331,0.052
1626158,Richaun Holmes,PHI,24.0,48,15.5,6.5,4.4,1.3,0.4,0.6,0.5,0.56,0.129,0.661,0.625,-0.8,2018,0.585,0.159,104.1,105.7,-1.6,0.122,0.131
201937,Ricky Rubio,UTA,27.0,77,29.3,13.1,4.6,5.3,1.6,0.1,2.7,0.418,0.352,0.866,0.571,2.7,2018,0.537,0.222,105.9,101.2,4.7,0.283,0.08
203496,Robert Covington,PHI,27.0,80,31.6,12.6,5.4,2.0,1.7,0.9,1.6,0.413,0.369,0.853,0.638,6.6,2018,0.563,0.168,109.9,100.0,9.9,0.084,0.082
201577,Robin Lopez,CHI,30.0,64,26.4,11.8,4.5,1.9,0.2,0.8,1.7,0.53,0.286,0.756,0.359,-3.1,2018,0.552,0.203,101.6,107.7,-6.1,0.119,0.083
203918,Rodney Hood,CLE,25.0,60,26.9,14.7,2.8,1.6,0.8,0.2,1.2,0.429,0.381,0.86,0.483,-1.2,2018,0.546,0.24,106.6,108.9,-2.3,0.097,0.052
203585,Rodney McGruder,MIA,26.0,18,16.6,5.1,1.8,0.9,0.4,0.2,0.2,0.493,0.429,0.5,0.611,1.8,2018,0.595,0.114,111.9,106.5,5.5,0.075,0.055
1628681,Rodney Purvis,ORL,24.0,16,18.1,6.0,1.7,1.1,0.2,0.2,0.6,0.327,0.25,0.867,0.313,-3.6,2018,0.423,0.187,98.3,107.4,-9.1,0.092,0.043
1627758,Ron Baker,NYK,25.0,29,13.3,2.4,1.0,1.6,0.9,0.2,0.6,0.339,0.333,0.769,0.414,0.6,2018,0.504,0.102,107.1,103.9,3.2,0.161,0.04
1626178,Rondae Hollis-Jefferson,BKN,23.0,68,28.2,13.9,6.8,2.5,1.0,0.7,1.8,0.472,0.241,0.788,0.382,-2.7,2018,0.548,0.217,105.9,109.6,-3.7,0.143,0.113
1626220,Royce O'Neale,UTA,25.0,69,16.7,5.0,3.4,1.4,0.5,0.2,0.8,0.423,0.356,0.803,0.623,2.8,2018,0.54,0.14,106.3,97.6,8.7,0.122,0.101
200752,Rudy Gay,SAS,31.0,57,21.6,11.5,5.1,1.3,0.8,0.7,1.4,0.471,0.314,0.772,0.632,1.4,2018,0.545,0.237,106.4,103.9,2.5,0.097,0.117
203497,Rudy Gobert,UTA,26.0,56,32.4,13.5,10.7,1.4,0.8,2.3,1.9,0.622,0.0,0.682,0.661,6.1,2018,0.657,0.163,107.7,98.3,9.4,0.068,0.165
201566,Russell Westbrook,OKC,29.0,80,36.4,25.4,10.1,10.3,1.8,0.3,4.8,0.449,0.298,0.737,0.588,4.8,2018,0.524,0.326,112.3,105.6,6.6,0.464,0.133
201583,Ryan Anderson,HOU,30.0,66,26.1,9.3,5.0,0.9,0.4,0.3,0.6,0.431,0.386,0.774,0.788,3.8,2018,0.592,0.141,113.8,106.9,6.9,0.05,0.096
1627853,Ryan Arcidiacono,CHI,24.0,24,12.7,2.0,1.0,1.5,0.5,0.0,0.5,0.415,0.29,0.833,0.25,-1.0,2018,0.55,0.081,100.2,102.5,-2.3,0.161,0.039
1626257,Salah Mejri,DAL,32.0,61,11.9,3.5,4.0,0.6,0.4,1.1,0.6,0.642,0.0,0.576,0.344,0.3,2018,0.644,0.126,105.1,103.1,2.0,0.071,0.165
1626155,Sam Dekker,LAC,24.0,73,12.1,4.2,2.4,0.5,0.3,0.1,0.5,0.494,0.167,0.661,0.493,0.8,2018,0.534,0.148,106.6,102.5,4.2,0.059,0.095
203930,Sean Kilpatrick,CHI,28.0,52,12.3,6.3,1.7,0.9,0.3,0.1,0.7,0.374,0.319,0.889,0.423,-2.2,2018,0.507,0.242,101.7,110.3,-8.6,0.121,0.066
1628400,Semi Ojeleye,BOS,23.0,73,15.8,2.7,2.2,0.3,0.3,0.1,0.3,0.346,0.32,0.61,0.685,-2.5,2018,0.473,0.088,97.1,103.6,-6.5,0.026,0.068
201586,Serge Ibaka,TOR,28.0,76,27.5,12.6,6.3,0.8,0.4,1.3,1.2,0.483,0.36,0.797,0.697,4.0,2018,0.574,0.189,112.8,106.1,6.8,0.044,0.112
203498,Shabazz Muhammad,MIL,25.0,43,9.7,5.0,1.8,0.3,0.2,0.1,0.1,0.447,0.259,0.78,0.581,-2.7,2018,0.51,0.225,103.0,115.7,-12.7,0.055,0.095
203894,Shabazz Napier,POR,26.0,74,20.7,8.7,2.3,2.0,1.1,0.2,1.2,0.42,0.376,0.841,0.622,1.1,2018,0.544,0.192,106.0,103.6,2.4,0.149,0.054
203499,Shane Larkin,BOS,25.0,54,14.3,4.3,1.7,1.8,0.5,0.0,0.6,0.384,0.36,0.865,0.722,0.2,2018,0.491,0.153,99.0,98.6,0.5,0.21,0.059
1627885,Shaquille Harrison,PHX,24.0,23,16.7,6.6,2.7,2.4,1.1,0.3,1.0,0.476,0.231,0.737,0.13,2.0,2018,0.54,0.173,107.9,101.8,6.1,0.199,0.077
2733,Shaun Livingston,GSW,32.0,71,15.9,5.5,1.8,2.0,0.5,0.3,0.8,0.501,0.0,0.82,0.69,1.6,2018,0.533,0.165,108.1,102.2,5.8,0.169,0.059
202714,Shelvin Mack,ORL,28.0,69,19.8,6.9,2.4,3.9,0.8,0.1,1.3,0.43,0.345,0.711,0.304,-1.1,2018,0.518,0.175,103.1,105.7,-2.7,0.308,0.059
1628414,Sindarius Thornwell,LAC,23.0,73,15.8,3.9,1.9,0.9,0.7,0.3,0.7,0.429,0.377,0.67,0.493,-1.4,2018,0.519,0.118,103.0,105.4,-2.4,0.081,0.058
1627746,Skal Labissiere,SAC,22.0,60,20.7,8.7,4.8,1.2,0.4,0.8,1.2,0.448,0.353,0.805,0.317,-2.0,2018,0.513,0.204,104.5,108.8,-4.3,0.088,0.117
203915,Spencer Dinwiddie,BKN,25.0,80,28.8,12.6,3.2,6.6,0.9,0.3,1.6,0.387,0.326,0.813,0.35,-1.2,2018,0.527,0.201,107.3,108.6,-1.3,0.349,0.054
1626169,Stanley Johnson,DET,22.0,69,27.4,8.7,3.7,1.6,1.4,0.2,1.1,0.375,0.286,0.772,0.478,-0.7,2018,0.48,0.161,104.6,105.2,-0.6,0.086,0.065
201939,Stephen Curry,GSW,30.0,51,32.0,26.4,5.1,6.1,1.6,0.2,3.0,0.495,0.423,0.921,0.804,9.5,2018,0.675,0.29,120.6,107.7,13.0,0.272,0.079
1628425,Sterling Brown,MIL,23.0,54,14.4,4.0,2.6,0.5,0.6,0.2,0.5,0.4,0.352,0.875,0.481,-0.9,2018,0.503,0.135,102.5,105.0,-2.5,0.049,0.091
203500,Steven Adams,OKC,24.0,76,32.7,13.9,9.0,1.2,1.2,1.0,1.7,0.629,0.0,0.559,0.566,4.2,2018,0.63,0.16,112.1,105.7,6.4,0.051,0.133
1628388,T.J. Leaf,IND,21.0,53,8.7,2.9,1.5,0.2,0.1,0.1,0.2,0.471,0.429,0.625,0.585,-1.5,2018,0.545,0.136,101.4,113.1,-11.7,0.028,0.087
204456,T.J. McConnell,PHI,26.0,76,22.5,6.3,3.0,4.0,1.2,0.2,1.5,0.499,0.435,0.795,0.658,-0.9,2018,0.545,0.134,103.0,104.4,-1.4,0.258,0.062
203933,T.J. Warren,PHX,24.0,65,33.0,19.6,5.1,1.3,1.0,0.6,1.3,0.498,0.222,0.757,0.277,-6.6,2018,0.541,0.243,103.3,112.2,-9.0,0.069,0.074
201959,Taj Gibson,MIN,33.0,82,33.2,12.2,7.1,1.2,0.8,0.7,1.1,0.577,0.2,0.768,0.573,2.9,2018,0.61,0.144,113.2,108.5,4.6,0.051,0.109
204028,Tarik Black,HOU,26.0,51,10.5,3.5,3.2,0.3,0.4,0.6,0.7,0.591,0.091,0.46,0.784,-1.5,2018,0.582,0.147,97.7,105.0,-7.3,0.042,0.144
1627752,Taurean Prince,ATL,24.0,82,30.0,14.1,4.7,2.6,1.0,0.5,2.3,0.426,0.385,0.844,0.293,-4.5,2018,0.549,0.216,103.8,111.4,-7.5,0.135,0.078
1628390,Terrance Ferguson,OKC,20.0,61,12.5,3.1,0.8,0.3,0.4,0.2,0.2,0.414,0.333,0.9,0.607,-1.4,2018,0.545,0.104,104.9,109.4,-4.5,0.035,0.03
203082,Terrence Ross,ORL,27.0,24,25.0,8.7,3.0,1.6,1.1,0.5,1.2,0.398,0.323,0.75,0.417,-2.0,2018,0.505,0.166,103.9,107.7,-3.8,0.088,0.059
1626179,Terry Rozier,BOS,24.0,80,25.9,11.3,4.7,2.9,1.0,0.2,1.0,0.395,0.381,0.772,0.675,1.5,2018,0.52,0.199,104.3,101.6,2.6,0.184,0.087
200757,Thabo Sefolosha,UTA,34.0,38,21.2,8.2,4.2,0.9,1.4,0.3,0.8,0.492,0.381,0.815,0.421,1.5,2018,0.591,0.162,104.6,100.8,3.8,0.066,0.104
201152,Thaddeus Young,IND,30.0,81,32.2,11.8,6.3,1.9,1.7,0.4,1.3,0.487,0.32,0.598,0.593,2.6,2018,0.528,0.171,108.7,105.0,3.7,0.085,0.101
1627748,Thon Maker,MIL,21.0,74,16.7,4.8,3.0,0.6,0.5,0.7,0.6,0.411,0.298,0.699,0.541,-2.2,2018,0.499,0.147,105.8,110.8,-5.0,0.055,0.097
204025,Tim Frazier,WAS,27.0,59,14.2,3.0,1.9,3.3,0.8,0.1,1.0,0.395,0.304,0.767,0.525,-1.5,2018,0.475,0.125,102.4,108.0,-5.5,0.327,0.07
203501,Tim Hardaway Jr.,NYK,26.0,57,33.1,17.5,3.9,2.7,1.1,0.2,1.6,0.421,0.317,0.816,0.333,-1.3,2018,0.533,0.229,107.9,109.8,-1.9,0.123,0.057
202389,Timofey Mozgov,BKN,31.0,31,11.6,4.2,3.2,0.4,0.2,0.4,1.1,0.559,0.222,0.767,0.387,-2.9,2018,0.617,0.161,93.4,106.2,-12.8,0.05,0.129
1627789,Timothe Luwawu-Cabarrot,PHI,23.0,52,15.5,5.8,1.4,1.0,0.2,0.1,0.7,0.375,0.335,0.793,0.558,-0.1,2018,0.511,0.168,102.6,102.7,-0.1,0.098,0.041
202699,Tobias Harris,LAC,25.0,80,33.3,18.6,5.5,2.4,0.9,0.4,1.3,0.46,0.411,0.829,0.488,-1.4,2018,0.565,0.227,108.3,110.6,-2.3,0.115,0.081
203107,Tomas Satoransky,WAS,26.0,73,22.5,7.2,3.2,3.9,0.7,0.2,1.1,0.523,0.465,0.781,0.534,1.1,2018,0.615,0.134,107.1,105.6,1.5,0.246,0.072
2754,Tony Allen,NOP,36.0,22,12.4,4.7,2.1,0.4,0.5,0.1,0.9,0.484,0.333,0.524,0.545,-0.9,2018,0.514,0.181,101.7,103.7,-2.0,0.051,0.083
2225,Tony Parker,SAS,36.0,55,19.5,7.7,1.7,3.5,0.5,0.0,1.2,0.459,0.27,0.705,0.582,-0.2,2018,0.498,0.201,104.5,105.8,-1.2,0.282,0.045
203503,Tony Snell,MIL,26.0,75,27.4,6.9,1.9,1.3,0.6,0.4,0.5,0.435,0.403,0.792,0.56,-0.7,2018,0.578,0.105,109.4,110.3,-0.9,0.064,0.036
1628470,Torrey Craig,DEN,27.0,39,16.1,4.2,3.3,0.6,0.3,0.4,0.5,0.453,0.293,0.629,0.564,-1.6,2018,0.535,0.116,108.0,110.9,-2.9,0.054,0.1
204037,Travis Wear,LAL,27.0,17,13.4,4.4,2.2,0.4,0.2,0.3,0.4,0.347,0.362,1.0,0.412,0.6,2018,0.497,0.152,104.0,101.9,2.1,0.045,0.081
1626203,Treveon Graham,CHA,24.0,63,16.7,4.3,1.9,0.9,0.5,0.0,0.4,0.434,0.412,0.695,0.444,-1.5,2018,0.553,0.112,103.4,108.0,-4.6,0.082,0.056
2772,Trevor Ariza,HOU,33.0,67,33.9,11.7,4.4,1.6,1.5,0.2,0.8,0.412,0.368,0.854,0.761,5.6,2018,0.567,0.141,113.9,105.6,8.3,0.066,0.065
202344,Trevor Booker,IND,30.0,68,17.0,6.3,4.7,1.2,0.4,0.3,0.9,0.516,0.242,0.71,0.529,-0.3,2018,0.557,0.159,105.0,105.7,-0.7,0.106,0.134
203504,Trey Burke,NYK,25.0,36,21.8,12.8,2.0,4.7,0.7,0.1,1.2,0.503,0.362,0.649,0.278,-2.3,2018,0.563,0.249,111.1,115.3,-4.2,0.329,0.045
1626168,Trey Lyles,DEN,22.0,73,19.1,9.9,4.8,1.2,0.4,0.5,0.8,0.491,0.381,0.706,0.562,0.1,2018,0.591,0.205,108.2,108.4,-0.2,0.105,0.125
202684,Tristan Thompson,CLE,27.0,53,20.2,5.8,6.6,0.6,0.3,0.3,0.7,0.562,0.0,0.544,0.509,-2.6,2018,0.569,0.121,107.7,113.2,-5.5,0.043,0.161
203584,Troy Daniels,PHX,26.0,79,20.5,8.9,1.6,0.6,0.3,0.1,0.7,0.403,0.4,0.875,0.253,-5.2,2018,0.583,0.168,101.1,113.3,-12.2,0.047,0.037
1627786,Troy Williams,NYK,23.0,21,14.6,6.3,3.0,0.8,1.0,0.2,0.9,0.468,0.289,0.667,0.333,-1.5,2018,0.544,0.192,108.0,112.0,-3.9,0.071,0.103
1628463,Tyler Cavanaugh,ATL,24.0,39,13.3,4.7,3.3,0.7,0.2,0.1,0.3,0.441,0.36,0.81,0.282,-0.6,2018,0.567,0.139,105.0,107.1,-2.1,0.076,0.122
1628416,Tyler Dorsey,ATL,22.0,56,17.4,7.2,2.3,1.4,0.3,0.1,0.7,0.377,0.362,0.714,0.268,-2.7,2018,0.494,0.193,101.5,108.7,-7.1,0.128,0.064
203898,Tyler Ennis,LAL,23.0,54,12.7,4.1,1.8,1.9,0.6,0.2,0.7,0.42,0.25,0.759,0.407,-0.4,2018,0.473,0.169,101.2,103.0,-1.7,0.234,0.065
204020,Tyler Johnson,MIA,26.0,72,28.5,11.7,3.4,2.3,0.8,0.5,1.1,0.435,0.367,0.822,0.542,0.6,2018,0.549,0.18,105.5,104.5,1.0,0.123,0.06
1627755,Tyler Ulis,PHX,22.0,71,23.4,7.8,1.8,4.4,1.0,0.1,1.8,0.388,0.288,0.832,0.282,-4.4,2018,0.465,0.184,101.4,110.0,-8.6,0.282,0.037
203092,Tyler Zeller,MIL,28.0,66,16.8,6.7,4.6,0.7,0.2,0.5,0.7,0.56,0.357,0.722,0.409,0.4,2018,0.598,0.157,106.8,106.0,0.8,0.063,0.131
201936,Tyreke Evans,MEM,28.0,52,30.9,19.4,5.1,5.2,1.1,0.3,2.3,0.452,0.399,0.785,0.365,0.5,2018,0.561,0.277,106.5,106.4,0.1,0.304,0.083
1627820,Tyrone Wallace,LAC,24.0,30,28.4,9.7,3.5,2.4,0.9,0.4,1.5,0.445,0.25,0.782,0.567,-0.8,2018,0.517,0.159,106.1,107.6,-1.5,0.115,0.058
2199,Tyson Chandler,PHX,35.0,46,25.0,6.5,9.1,1.2,0.3,0.6,1.3,0.647,0.0,0.624,0.326,-5.3,2018,0.658,0.105,100.9,111.1,-10.2,0.065,0.174
1626145,Tyus Jones,MIN,22.0,82,17.9,5.1,1.6,2.8,1.2,0.1,0.7,0.457,0.349,0.877,0.573,2.2,2018,0.572,0.124,110.8,105.2,5.6,0.215,0.047
203506,Victor Oladipo,IND,26.0,75,34.0,23.1,5.2,4.3,2.4,0.8,2.9,0.477,0.371,0.799,0.64,4.5,2018,0.577,0.295,109.9,104.0,5.9,0.209,0.077
1713,Vince Carter,SAC,41.0,58,17.7,5.4,2.6,1.2,0.7,0.4,0.6,0.403,0.345,0.757,0.345,-1.2,2018,0.523,0.144,103.4,106.7,-3.3,0.099,0.071
201961,Wayne Ellington,MIA,30.0,77,26.5,11.2,2.8,1.0,0.7,0.1,0.7,0.407,0.392,0.859,0.545,1.6,2018,0.588,0.167,106.8,104.6,2.2,0.06,0.053
1627782,Wayne Selden,MEM,23.0,35,19.8,9.3,1.6,1.9,0.5,0.1,1.5,0.431,0.402,0.746,0.286,-2.9,2018,0.551,0.212,100.3,108.7,-8.4,0.154,0.041
1628411,Wes Iwundu,ORL,23.0,62,16.5,3.7,2.2,0.9,0.5,0.2,0.5,0.427,0.196,0.723,0.29,-1.7,2018,0.48,0.114,100.3,104.9,-4.6,0.084,0.065
202325,Wesley Johnson,LAC,30.0,74,20.1,5.4,2.9,0.8,1.0,0.8,0.7,0.408,0.339,0.741,0.514,-0.8,2018,0.512,0.126,105.2,106.5,-1.4,0.056,0.071
202083,Wesley Matthews,DAL,31.0,63,33.8,12.7,3.1,2.7,1.2,0.3,1.3,0.406,0.381,0.822,0.317,-5.1,2018,0.541,0.173,103.8,111.0,-7.2,0.125,0.047
203115,Will Barton,DEN,27.0,81,33.1,15.7,5.0,4.1,1.0,0.6,1.8,0.452,0.37,0.805,0.568,1.5,2018,0.562,0.201,110.7,108.6,2.1,0.185,0.075
1626161,Willie Cauley-Stein,SAC,24.0,73,28.0,12.8,7.0,2.4,1.1,0.9,1.5,0.502,0.25,0.619,0.315,-4.4,2018,0.529,0.215,101.8,109.6,-7.8,0.135,0.128
203186,Willie Reed,DET,28.0,42,10.2,4.6,2.9,0.2,0.2,0.5,0.5,0.669,0.5,0.582,0.476,0.4,2018,0.671,0.159,107.8,105.1,2.8,0.035,0.142
1626195,Willy Hernangomez,CHA,24.0,48,10.3,5.1,3.8,0.7,0.4,0.3,0.7,0.555,0.417,0.656,0.417,0.0,2018,0.604,0.203,103.2,103.1,0.1,0.109,0.179
201163,Wilson Chandler,DEN,31.0,74,31.7,10.0,5.4,2.1,0.6,0.5,1.2,0.445,0.358,0.772,0.554,0.8,2018,0.542,0.142,110.5,109.1,1.4,0.094,0.085
1627812,Yogi Ferrell,DAL,25.0,82,27.8,10.2,3.0,2.5,0.8,0.1,1.0,0.426,0.373,0.796,0.293,0.0,2018,0.54,0.166,103.4,103.2,0.2,0.137,0.054
1628380,Zach Collins,POR,20.0,66,15.8,4.4,3.3,0.8,0.3,0.5,0.9,0.398,0.31,0.643,0.621,0.2,2018,0.475,0.153,107.6,106.3,1.3,0.07,0.105
203897,Zach LaVine,CHI,23.0,24,27.3,16.7,3.9,3.0,1.0,0.2,1.8,0.383,0.341,0.813,0.375,-7.2,2018,0.499,0.29,102.6,114.7,-12.1,0.187,0.071
2216,Zach Randolph,SAC,36.0,59,25.6,14.5,6.7,2.2,0.7,0.2,2.0,0.473,0.347,0.785,0.305,-6.0,2018,0.529,0.27,102.5,114.7,-12.2,0.146,0.135
2585,Zaza Pachulia,GSW,34.0,69,14.1,5.4,4.7,1.6,0.6,0.2,1.0,0.564,0.0,0.806,0.681,2.8,2018,0.612,0.165,116.5,107.1,9.4,0.141,0.167
203932,Aaron Gordon,ORL,23.0,78,33.8,16.0,7.4,3.7,0.7,0.7,2.1,0.449,0.349,0.731,0.513,1.4,2019,0.538,0.213,107.4,105.9,1.5,0.166,0.106
1628988,Aaron Holiday,IND,22.0,50,12.9,5.9,1.3,1.7,0.4,0.3,0.8,0.401,0.339,0.82,0.62,2.0,2019,0.518,0.206,107.2,100.2,7.0,0.18,0.049
1627846,Abdel Nader,OKC,25.0,61,11.4,4.0,1.9,0.3,0.3,0.2,0.4,0.423,0.32,0.75,0.623,-2.5,2019,0.522,0.148,96.4,105.8,-9.5,0.044,0.075
201143,Al Horford,BOS,33.0,68,29.0,13.6,6.7,4.2,0.9,1.3,1.5,0.535,0.36,0.821,0.603,3.8,2019,0.605,0.188,112.5,106.4,6.1,0.203,0.113
202329,Al-Farouq Aminu,POR,28.0,81,28.3,9.4,7.5,1.3,0.8,0.4,0.9,0.433,0.343,0.867,0.642,4.7,2019,0.568,0.134,116.3,108.2,8.2,0.057,0.127
202692,Alec Burks,SAC,27.0,64,21.5,8.8,3.7,2.0,0.6,0.3,1.0,0.405,0.363,0.823,0.297,-4.7,2019,0.523,0.185,103.6,114.6,-11.1,0.142,0.084
203518,Alex Abrines,OKC,25.0,31,19.0,5.3,1.5,0.6,0.5,0.2,0.5,0.357,0.323,0.923,0.677,0.9,2019,0.507,0.12,101.3,99.8,1.6,0.047,0.036
1627936,Alex Caruso,LAL,25.0,25,21.2,9.2,2.7,3.1,1.0,0.4,1.7,0.445,0.48,0.797,0.32,1.8,2019,0.569,0.184,105.6,102.4,3.2,0.205,0.058
203458,Alex Len,ATL,26.0,77,20.1,11.1,5.5,1.1,0.4,0.9,1.3,0.494,0.363,0.648,0.364,-2.1,2019,0.575,0.214,106.0,110.4,-4.4,0.086,0.124
1627816,Alex Poythress,ATL,25.0,21,14.5,5.1,3.6,0.8,0.2,0.5,0.6,0.494,0.391,0.621,0.333,-3.6,2019,0.571,0.14,101.5,111.5,-10.0,0.085,0.117
1628035,Alfonzo McKinnie,GSW,26.0,72,13.9,4.7,3.4,0.4,0.3,0.2,0.4,0.487,0.356,0.563,0.736,0.2,2019,0.569,0.131,108.8,107.9,0.9,0.041,0.114
203459,Allen Crabbe,BKN,27.0,43,26.4,9.6,3.4,1.1,0.5,0.3,1.1,0.367,0.378,0.732,0.442,0.1,2019,0.519,0.159,106.5,106.1,0.3,0.059,0.06
1629019,Allonzo Trier,NYK,23.0,64,22.8,10.9,3.1,1.9,0.4,0.2,1.8,0.448,0.394,0.803,0.203,-3.2,2019,0.564,0.207,102.1,109.3,-7.2,0.131,0.063
101161,Amir Johnson,PHI,32.0,51,10.4,3.9,2.9,1.2,0.3,0.3,0.9,0.503,0.3,0.756,0.627,-1.4,2019,0.574,0.169,104.7,109.7,-5.0,0.156,0.133
203083,Andre Drummond,DET,25.0,79,33.5,17.3,15.6,1.4,1.7,1.7,2.2,0.533,0.132,0.59,0.506,2.2,2019,0.555,0.226,111.7,108.4,3.3,0.068,0.228
2738,Andre Iguodala,GSW,35.0,68,23.2,5.7,3.7,3.2,0.9,0.8,0.8,0.5,0.333,0.582,0.691,4.6,2019,0.587,0.101,113.4,104.4,9.0,0.173,0.076
203952,Andrew Wiggins,MIN,24.0,73,34.8,18.1,4.8,2.5,1.0,0.7,1.9,0.412,0.339,0.699,0.425,-0.9,2019,0.493,0.24,110.7,111.9,-1.2,0.108,0.065
1627790,Ante Zizic,CLE,22.0,59,18.3,7.8,5.4,0.9,0.2,0.4,1.0,0.553,0.0,0.705,0.22,-1.4,2019,0.59,0.178,106.3,110.2,-3.9,0.075,0.144
203076,Anthony Davis,NOP,26.0,56,33.0,25.9,12.0,3.9,1.6,2.4,2.0,0.517,0.331,0.794,0.446,2.4,2019,0.597,0.288,113.5,110.1,3.4,0.186,0.17
201229,Anthony Tolliver,MIN,34.0,65,16.6,5.0,2.7,0.7,0.3,0.3,0.6,0.382,0.377,0.783,0.415,-1.0,2019,0.571,0.121,104.5,108.6,-4.1,0.059,0.075
1628469,Antonio Blakeney,CHI,22.0,57,14.5,7.3,1.9,0.7,0.2,0.2,0.6,0.419,0.396,0.658,0.246,-2.6,2019,0.487,0.24,102.9,110.8,-7.8,0.079,0.061
203382,Aron Baynes,BOS,32.0,51,16.1,5.6,4.7,1.1,0.2,0.7,0.8,0.471,0.344,0.855,0.627,2.5,2019,0.567,0.147,110.0,102.2,7.7,0.092,0.139
203085,Austin Rivers,HOU,26.0,76,26.7,8.1,2.1,2.2,0.6,0.3,0.9,0.406,0.318,0.526,0.592,1.4,2019,0.503,0.142,111.6,109.1,2.5,0.12,0.038
202340,Avery Bradley,MEM,28.0,63,30.2,9.9,2.8,2.4,0.7,0.3,1.4,0.408,0.351,0.86,0.492,-1.3,2019,0.496,0.16,108.7,110.2,-1.5,0.114,0.044
1628389,Bam Adebayo,MIA,21.0,82,23.3,8.9,7.3,2.2,0.9,0.8,1.5,0.576,0.2,0.735,0.476,0.3,2019,0.623,0.157,105.0,104.5,0.5,0.146,0.151
1627732,Ben Simmons,PHI,22.0,79,34.2,16.9,8.8,7.7,1.4,0.8,3.5,0.563,0.0,0.6,0.633,1.5,2019,0.582,0.215,111.3,108.9,2.4,0.341,0.122
202687,Bismack Biyombo,CHA,26.0,54,14.5,4.4,4.6,0.6,0.2,0.8,0.6,0.571,0.0,0.637,0.444,-2.5,2019,0.602,0.128,104.1,111.8,-7.7,0.064,0.151
201933,Blake Griffin,DET,30.0,75,35.0,24.5,7.5,5.4,0.7,0.4,3.4,0.462,0.362,0.753,0.52,0.5,2019,0.581,0.296,109.8,109.3,0.5,0.268,0.105
1626246,Boban Marjanovic,PHI,30.0,58,11.7,7.3,4.6,0.9,0.3,0.5,1.0,0.615,0.4,0.748,0.534,0.1,2019,0.664,0.222,105.3,105.3,0.1,0.128,0.18
1626171,Bobby Portis,WAS,24.0,50,26.0,14.2,8.1,1.4,0.7,0.4,1.5,0.444,0.393,0.794,0.28,-2.2,2019,0.529,0.241,109.9,114.3,-4.4,0.085,0.154
203992,Bogdan Bogdanović,SAC,26.0,70,27.8,14.1,3.5,3.8,1.0,0.2,1.7,0.418,0.36,0.827,0.457,-0.6,2019,0.53,0.22,108.2,109.3,-1.1,0.199,0.058
202711,Bojan Bogdanovic,IND,30.0,81,31.8,18.0,4.1,2.0,0.9,0.0,1.7,0.497,0.425,0.807,0.58,2.2,2019,0.613,0.219,108.7,105.8,2.9,0.095,0.064
202954,Brad Wanamaker,BOS,29.0,36,9.5,3.9,1.1,1.6,0.3,0.1,0.5,0.476,0.41,0.857,0.75,2.0,2019,0.597,0.162,106.6,97.8,8.8,0.225,0.054
203078,Bradley Beal,WAS,26.0,82,36.9,25.6,5.0,5.5,1.5,0.7,2.7,0.475,0.351,0.808,0.39,-1.4,2019,0.581,0.278,111.7,113.5,-1.8,0.233,0.066
1627742,Brandon Ingram,LAL,21.0,52,33.9,18.3,5.1,3.0,0.5,0.6,2.5,0.497,0.33,0.675,0.481,-1.1,2019,0.555,0.227,107.3,108.8,-1.5,0.127,0.069
202688,Brandon Knight,CLE,27.0,39,18.9,6.8,1.5,1.8,0.5,0.1,0.8,0.381,0.318,0.794,0.436,-4.9,2019,0.484,0.178,102.9,114.9,-12.0,0.147,0.039
1629102,Brandon Sampson,CHI,22.0,14,15.3,5.1,1.1,0.7,0.6,0.2,0.9,0.467,0.379,0.667,0.214,-2.0,2019,0.567,0.154,107.9,113.9,-6.0,0.063,0.038
201572,Brook Lopez,MIL,31.0,81,28.7,12.5,4.9,1.2,0.6,2.2,1.0,0.452,0.365,0.842,0.741,7.2,2019,0.597,0.165,114.9,103.4,11.5,0.055,0.079
1628971,Bruce Brown,DET,22.0,74,19.6,4.3,2.5,1.2,0.5,0.5,0.6,0.398,0.258,0.75,0.473,-0.1,2019,0.469,0.113,106.5,105.8,0.7,0.087,0.062
203998,Bruno Caboclo,MEM,23.0,34,23.5,8.3,4.6,1.5,0.4,1.0,1.1,0.427,0.369,0.84,0.412,0.0,2019,0.571,0.15,108.4,107.5,0.9,0.091,0.093
1627854,Bryn Forbes,SAS,25.0,82,28.0,11.8,2.9,2.1,0.5,0.0,1.0,0.456,0.426,0.885,0.585,-0.1,2019,0.586,0.171,109.9,110.2,-0.3,0.105,0.053
1627741,Buddy Hield,SAC,26.0,82,31.9,20.7,5.0,2.5,0.7,0.4,1.8,0.458,0.427,0.886,0.476,0.0,2019,0.587,0.243,109.4,110.0,-0.6,0.117,0.072
203468,CJ McCollum,POR,27.0,70,33.9,21.0,4.0,3.0,0.8,0.4,1.5,0.459,0.375,0.828,0.614,5.0,2019,0.553,0.248,115.4,108.9,6.5,0.133,0.056
101139,CJ Miles,MEM,32.0,53,16.2,6.4,1.8,0.7,0.5,0.3,0.6,0.36,0.33,0.828,0.623,-0.3,2019,0.504,0.173,103.8,105.5,-1.7,0.061,0.051
1629244,Cam Reynolds,MIN,24.0,19,13.7,5.0,1.6,0.7,0.3,0.1,0.3,0.423,0.412,0.889,0.316,-1.4,2019,0.58,0.141,107.5,112.4,-4.9,0.073,0.057
1626166,Cameron Payne,CLE,24.0,40,17.8,6.3,1.8,2.7,0.7,0.2,1.1,0.43,0.298,0.805,0.175,-5.6,2019,0.519,0.169,99.5,114.8,-15.2,0.225,0.05
1627747,Caris LeVert,BKN,24.0,40,26.6,13.7,3.8,3.9,1.1,0.4,1.7,0.429,0.312,0.691,0.475,-0.3,2019,0.509,0.235,108.5,108.7,-0.2,0.231,0.065
2546,Carmelo Anthony,HOU,35.0,10,29.4,13.4,5.4,0.5,0.4,0.7,0.8,0.405,0.328,0.682,0.4,-6.3,2019,0.513,0.199,102.3,112.2,-9.9,0.028,0.088
1626224,Cedi Osman,CLE,24.0,76,32.2,13.0,4.7,2.6,0.8,0.1,1.5,0.427,0.348,0.779,0.224,-8.4,2019,0.536,0.182,106.0,118.8,-12.8,0.12,0.073
1628990,Chandler Hutchison,CHI,23.0,44,20.3,5.2,4.2,0.8,0.5,0.1,0.6,0.459,0.28,0.605,0.227,-2.6,2019,0.507,0.121,101.9,107.6,-5.6,0.055,0.1
202718,Chandler Parsons,MEM,30.0,25,19.8,7.5,2.8,1.7,0.8,0.2,1.3,0.374,0.309,0.88,0.44,-1.8,2019,0.484,0.192,101.6,107.0,-5.4,0.143,0.066
101112,Channing Frye,CLE,36.0,36,9.5,3.6,1.4,0.6,0.2,0.1,0.4,0.368,0.405,0.786,0.194,-4.1,2019,0.524,0.174,99.3,121.9,-22.6,0.1,0.075
1626184,Chasson Randle,WAS,26.0,49,15.2,5.5,1.1,2.0,0.5,0.1,0.9,0.419,0.4,0.694,0.388,-2.2,2019,0.555,0.16,104.8,110.6,-5.8,0.182,0.036
1627767,Cheick Diallo,NOP,22.0,64,14.0,6.0,5.2,0.5,0.5,0.5,0.8,0.62,0.25,0.746,0.422,-1.4,2019,0.644,0.155,105.3,110.0,-4.7,0.051,0.171
101108,Chris Paul,HOU,34.0,58,32.0,15.6,4.6,8.2,2.0,0.3,2.6,0.419,0.358,0.862,0.672,5.2,2019,0.56,0.22,112.4,104.2,8.3,0.382,0.07
1626174,Christian Wood,NOP,23.0,21,11.9,8.2,4.0,0.4,0.3,0.5,0.8,0.521,0.346,0.732,0.619,-2.5,2019,0.607,0.247,100.9,110.3,-9.4,0.051,0.147
203991,Clint Capela,HOU,25.0,67,33.6,16.6,12.7,1.4,0.7,1.5,1.4,0.648,0.0,0.636,0.657,3.5,2019,0.658,0.18,114.0,108.7,5.4,0.07,0.185
203469,Cody Zeller,CHA,26.0,49,25.4,10.1,6.8,2.1,0.8,0.8,1.3,0.551,0.273,0.787,0.449,0.9,2019,0.611,0.159,112.3,110.9,1.4,0.114,0.127
1629012,Collin Sexton,CLE,20.0,82,31.8,16.7,2.9,3.0,0.5,0.1,2.3,0.43,0.402,0.839,0.232,-8.2,2019,0.52,0.247,105.6,118.1,-12.5,0.154,0.045
201147,Corey Brewer,SAC,33.0,31,15.9,4.9,2.5,1.3,1.0,0.2,0.6,0.431,0.318,0.721,0.419,0.0,2019,0.532,0.13,106.6,106.6,0.0,0.107,0.07
202709,Cory Joseph,IND,27.0,82,25.2,6.5,3.4,3.9,1.1,0.3,1.0,0.412,0.322,0.698,0.585,2.6,2019,0.474,0.134,107.6,102.4,5.2,0.208,0.066
201584,Courtney Lee,DAL,33.0,34,12.6,4.0,1.6,1.1,0.6,0.1,0.4,0.411,0.291,0.667,0.176,-1.6,2019,0.492,0.15,102.3,108.6,-6.4,0.13,0.06
1626245,Cristiano Felicio,CHI,26.0,60,12.4,4.0,3.6,0.6,0.2,0.1,0.6,0.531,0.0,0.685,0.267,-2.2,2019,0.568,0.138,103.7,111.7,-8.0,0.07,0.143
1626156,D'Angelo Russell,BKN,23.0,81,30.2,21.1,3.9,7.0,1.2,0.2,3.1,0.434,0.369,0.78,0.519,0.3,2019,0.533,0.311,108.1,107.9,0.2,0.392,0.06
201571,D.J. Augustin,ORL,31.0,81,28.0,11.7,2.5,5.3,0.6,0.0,1.6,0.47,0.421,0.866,0.519,2.1,2019,0.616,0.169,110.4,107.2,3.2,0.258,0.044
1628391,D.J. Wilson,MIL,23.0,48,18.4,5.8,4.6,1.1,0.4,0.4,0.7,0.414,0.362,0.553,0.771,1.7,2019,0.515,0.141,107.0,102.2,4.9,0.08,0.112
1627745,Damian Jones,GSW,24.0,24,17.1,5.4,3.1,1.2,0.5,1.0,0.7,0.716,0.0,0.649,0.625,0.7,2019,0.72,0.113,114.2,111.1,3.0,0.084,0.094
203081,Damian Lillard,POR,28.0,80,35.5,25.8,4.6,6.9,1.1,0.4,2.7,0.444,0.369,0.912,0.638,6.2,2019,0.588,0.281,116.0,107.9,8.2,0.299,0.062
1627814,Damion Lee,GSW,26.0,32,11.7,4.9,2.0,0.4,0.4,0.0,0.3,0.441,0.397,0.864,0.563,-1.7,2019,0.578,0.164,102.7,108.2,-5.5,0.051,0.078
1628422,Damyean Dotson,NYK,25.0,73,27.4,10.7,3.6,1.8,0.8,0.1,1.0,0.415,0.368,0.745,0.164,-4.5,2019,0.526,0.169,102.8,110.8,-8.0,0.104,0.061
1627772,Daniel Hamilton,ATL,23.0,19,10.7,3.0,2.5,1.2,0.3,0.1,0.8,0.383,0.348,0.5,0.368,-1.4,2019,0.455,0.153,101.8,106.7,-4.9,0.157,0.102
1628464,Daniel Theis,BOS,27.0,66,13.8,5.7,3.4,1.0,0.3,0.6,0.5,0.549,0.388,0.737,0.576,2.0,2019,0.624,0.15,110.0,102.6,7.4,0.108,0.116
201568,Danilo Gallinari,LAC,30.0,68,30.3,19.8,6.1,2.6,0.7,0.3,1.5,0.463,0.433,0.904,0.588,1.5,2019,0.633,0.237,113.3,111.0,2.3,0.134,0.101
201980,Danny Green,TOR,32.0,80,27.7,10.3,4.0,1.6,0.9,0.7,0.9,0.465,0.455,0.841,0.7,8.0,2019,0.632,0.139,117.7,104.3,13.4,0.073,0.07
201967,Dante Cunningham,SAS,32.0,64,14.5,3.0,2.9,0.8,0.4,0.2,0.3,0.475,0.462,0.778,0.563,-2.7,2019,0.585,0.086,103.7,111.9,-8.2,0.072,0.098
203957,Danté Exum,UTA,23.0,42,15.8,6.9,1.6,2.6,0.3,0.1,1.2,0.419,0.29,0.791,0.5,1.1,2019,0.516,0.207,103.8,100.6,3.2,0.251,0.051
1627863,Danuel House Jr.,HOU,26.0,39,25.1,9.4,3.6,1.0,0.5,0.3,0.9,0.468,0.416,0.789,0.692,4.3,2019,0.646,0.137,117.2,108.3,8.9,0.058,0.069
203967,Dario Šarić,MIN,25.0,81,25.0,10.6,5.6,1.6,0.6,0.1,1.2,0.437,0.365,0.88,0.481,-0.8,2019,0.563,0.172,108.7,110.7,-2.0,0.089,0.106
203121,Darius Miller,NOP,29.0,69,25.5,8.2,1.9,2.1,0.6,0.3,0.9,0.39,0.365,0.789,0.449,0.2,2019,0.55,0.131,109.6,109.8,-0.2,0.107,0.033
201954,Darren Collison,IND,31.0,76,28.2,11.2,3.1,6.0,1.4,0.1,1.6,0.467,0.407,0.832,0.592,1.6,2019,0.574,0.176,109.6,107.4,2.2,0.302,0.054
1628021,David Nwaba,CLE,26.0,51,19.3,6.5,3.2,1.1,0.7,0.3,0.6,0.481,0.32,0.682,0.275,-1.5,2019,0.558,0.141,108.1,111.9,-3.8,0.077,0.082
202722,Davis Bertans,SAS,26.0,76,21.5,8.0,3.5,1.3,0.5,0.4,0.6,0.45,0.429,0.883,0.579,3.4,2019,0.632,0.135,115.8,108.2,7.6,0.079,0.08
1628368,De'Aaron Fox,SAC,21.0,81,31.4,17.3,3.8,7.3,1.6,0.6,2.8,0.458,0.371,0.727,0.481,0.8,2019,0.544,0.238,110.0,109.1,0.9,0.322,0.054
1629001,De'Anthony Melton,PHX,21.0,50,19.7,5.0,2.7,3.2,1.4,0.5,1.5,0.391,0.305,0.75,0.26,-3.4,2019,0.466,0.147,105.8,113.7,-7.9,0.214,0.068
201599,DeAndre Jordan,NYK,30.0,69,29.7,11.0,13.1,2.3,0.6,1.1,2.2,0.641,0.0,0.705,0.362,-3.1,2019,0.674,0.148,105.1,110.1,-5.1,0.119,0.21
1627761,DeAndre' Bembry,ATL,24.0,82,23.6,8.4,4.4,2.5,1.3,0.5,1.7,0.446,0.289,0.64,0.354,-2.8,2019,0.508,0.168,104.5,109.4,-5.0,0.15,0.086
201942,DeMar DeRozan,SAS,29.0,77,34.9,21.2,6.0,6.2,1.1,0.5,2.6,0.481,0.156,0.83,0.571,0.1,2019,0.542,0.277,110.9,110.9,0.0,0.277,0.085
202326,DeMarcus Cousins,GSW,28.0,30,25.7,16.3,8.2,3.6,1.3,1.5,2.4,0.48,0.274,0.736,0.767,2.2,2019,0.562,0.281,111.0,106.5,4.5,0.206,0.153
201960,DeMarre Carroll,BKN,32.0,67,25.4,11.1,5.2,1.3,0.5,0.1,1.1,0.395,0.342,0.76,0.537,0.7,2019,0.546,0.181,108.2,106.2,2.0,0.075,0.094
1629028,Deandre Ayton,PHX,20.0,71,30.7,16.3,10.3,1.8,0.9,0.9,1.8,0.585,0.0,0.746,0.239,-5.4,2019,0.608,0.21,105.2,113.3,-8.1,0.094,0.169
1626153,Delon Wright,MEM,27.0,75,22.6,8.7,3.5,3.3,1.2,0.4,1.0,0.434,0.298,0.793,0.6,0.0,2019,0.523,0.172,106.2,106.4,-0.1,0.217,0.074
203471,Dennis Schröder,OKC,25.0,79,29.3,15.5,3.6,4.1,0.8,0.2,2.2,0.414,0.341,0.819,0.595,2.1,2019,0.508,0.238,109.1,105.5,3.6,0.209,0.057
1628372,Dennis Smith Jr.,NYK,21.0,53,28.5,13.6,2.9,4.8,1.3,0.4,2.9,0.428,0.322,0.635,0.396,-2.9,2019,0.502,0.242,102.4,107.7,-5.3,0.278,0.048
1629126,Deonte Burton,OKC,25.0,32,7.5,2.6,0.9,0.3,0.2,0.3,0.3,0.402,0.296,0.667,0.656,0.8,2019,0.47,0.159,96.9,92.6,4.3,0.057,0.051
202324,Derrick Favors,UTA,27.0,76,23.2,11.8,7.4,1.2,0.7,1.4,1.1,0.586,0.218,0.675,0.605,2.4,2019,0.624,0.188,106.3,101.6,4.6,0.079,0.152
1627884,Derrick Jones Jr.,MIA,22.0,60,19.2,7.0,4.0,0.6,0.8,0.7,0.7,0.494,0.308,0.607,0.517,-0.4,2019,0.559,0.151,103.8,105.0,-1.2,0.049,0.097
201565,Derrick Rose,MIN,30.0,51,27.3,18.0,2.7,4.3,0.6,0.2,1.6,0.482,0.37,0.856,0.471,0.7,2019,0.557,0.261,111.5,110.8,0.7,0.244,0.046
1628401,Derrick White,SAS,24.0,67,25.8,9.9,3.7,3.9,1.0,0.7,1.4,0.479,0.338,0.772,0.612,2.3,2019,0.555,0.178,111.9,107.1,4.8,0.206,0.072
1626164,Devin Booker,PHX,22.0,64,35.0,26.6,4.1,6.8,0.9,0.2,4.1,0.467,0.326,0.866,0.234,-5.2,2019,0.584,0.32,108.2,115.1,-6.9,0.327,0.058
2734,Devin Harris,DAL,36.0,68,15.7,6.3,1.6,1.8,0.5,0.2,0.8,0.38,0.31,0.761,0.412,-1.4,2019,0.527,0.18,105.7,109.9,-4.2,0.172,0.049
1628984,Devonte' Graham,CHA,24.0,46,14.7,4.7,1.4,2.6,0.5,0.0,0.7,0.343,0.281,0.761,0.391,-2.2,2019,0.459,0.166,104.5,111.8,-7.3,0.266,0.044
203473,Dewayne Dedmon,ATL,29.0,64,25.1,10.8,7.5,1.4,1.1,1.1,1.3,0.492,0.382,0.814,0.375,-2.7,2019,0.602,0.166,107.9,112.0,-4.1,0.079,0.145
1628415,Dillon Brooks,MEM,23.0,18,18.3,7.5,1.7,0.9,0.6,0.2,1.1,0.402,0.375,0.733,0.5,-0.9,2019,0.499,0.207,104.9,106.5,-1.6,0.079,0.051
203079,Dion Waiters,MIA,27.0,44,25.9,12.0,2.6,2.8,0.7,0.2,1.5,0.414,0.377,0.5,0.455,-0.9,2019,0.53,0.213,105.9,107.8,-2.0,0.164,0.049
1717,Dirk Nowitzki,DAL,41.0,51,15.6,7.3,3.1,0.7,0.2,0.4,0.4,0.359,0.312,0.78,0.333,-1.3,2019,0.469,0.217,104.8,109.7,-4.8,0.068,0.092
1627734,Domantas Sabonis,IND,23.0,74,24.8,14.1,9.3,2.9,0.6,0.4,2.2,0.59,0.529,0.715,0.581,2.6,2019,0.63,0.226,108.8,103.6,5.2,0.18,0.184
1628378,Donovan Mitchell,UTA,22.0,77,33.7,23.8,4.1,4.2,1.4,0.4,2.8,0.432,0.362,0.806,0.636,4.8,2019,0.537,0.309,110.5,103.7,6.8,0.209,0.058
1628978,Donte DiVincenzo,MIL,22.0,27,15.2,4.9,2.4,1.1,0.5,0.2,0.7,0.403,0.265,0.75,0.741,4.0,2019,0.507,0.145,111.0,98.4,12.6,0.102,0.069
1627827,Dorian Finney-Smith,DAL,26.0,81,24.5,7.5,4.8,1.2,0.9,0.4,0.9,0.432,0.311,0.709,0.407,-1.1,2019,0.53,0.135,106.8,108.7,-1.9,0.07,0.092
203926,Doug McDermott,IND,27.0,77,17.4,7.3,1.4,0.9,0.2,0.1,0.5,0.491,0.408,0.835,0.558,1.7,2019,0.617,0.152,106.8,103.2,3.6,0.07,0.039
1627733,Dragan Bender,PHX,21.0,46,18.0,5.0,4.0,1.2,0.4,0.5,0.8,0.447,0.218,0.593,0.196,-3.5,2019,0.521,0.13,104.6,112.7,-8.1,0.094,0.105
203110,Draymond Green,GSW,29.0,66,31.3,7.4,7.3,6.9,1.4,1.1,2.6,0.445,0.285,0.692,0.727,7.0,2019,0.526,0.128,115.8,105.0,10.7,0.261,0.112
1628407,Dwayne Bacon,CHA,23.0,43,17.6,7.3,2.1,1.1,0.3,0.1,0.4,0.475,0.437,0.739,0.465,-0.5,2019,0.57,0.167,111.2,113.2,-2.0,0.092,0.057
2730,Dwight Howard,WAS,33.0,9,25.5,12.8,9.2,0.4,0.8,0.4,1.8,0.623,0.0,0.604,0.444,-5.6,2019,0.638,0.193,104.7,113.6,-8.9,0.026,0.177
203939,Dwight Powell,DAL,27.0,77,21.6,10.6,5.3,1.5,0.6,0.6,0.9,0.597,0.307,0.772,0.403,0.2,2019,0.682,0.167,110.8,109.9,0.9,0.101,0.12
2548,Dwyane Wade,MIA,37.0,72,26.2,15.0,4.0,4.2,0.8,0.5,2.3,0.433,0.33,0.708,0.486,-0.9,2019,0.51,0.269,104.8,106.6,-1.8,0.264,0.069
202734,E'Twaun Moore,NOP,30.0,53,27.6,11.9,2.4,1.9,0.8,0.2,1.1,0.481,0.432,0.763,0.396,0.2,2019,0.567,0.17,111.3,111.6,-0.3,0.093,0.041
202334,Ed Davis,BKN,30.0,81,17.9,5.8,8.6,0.8,0.4,0.4,0.8,0.616,0.0,0.617,0.519,1.2,2019,0.632,0.125,106.5,102.2,4.3,0.064,0.22
1628410,Edmond Sumner,IND,23.0,23,9.1,2.9,1.0,0.4,0.5,0.2,0.4,0.344,0.259,0.625,0.609,-1.4,2019,0.443,0.157,99.6,107.3,-7.8,0.063,0.051
202327,Ekpe Udoh,UTA,32.0,51,6.3,2.3,1.8,0.5,0.2,0.6,0.3,0.694,0.0,0.633,0.686,-1.0,2019,0.698,0.128,102.8,110.5,-7.7,0.131,0.142
203901,Elfrid Payton,NOP,25.0,42,29.8,10.6,5.2,7.6,1.0,0.4,2.7,0.434,0.314,0.743,0.429,-1.6,2019,0.502,0.177,110.7,112.9,-2.2,0.318,0.083
1629059,Elie Okobo,PHX,21.0,53,18.1,5.7,1.8,2.4,0.6,0.1,1.3,0.393,0.295,0.787,0.132,-4.0,2019,0.489,0.168,101.1,111.1,-9.9,0.198,0.051
1626144,Emmanuel Mudiay,NYK,23.0,59,27.2,14.8,3.3,3.9,0.7,0.3,2.4,0.446,0.329,0.774,0.22,-6.1,2019,0.531,0.248,104.0,114.8,-10.8,0.242,0.057
202683,Enes Freedom,POR,27.0,67,24.5,13.7,9.8,1.7,0.5,0.4,1.8,0.549,0.294,0.787,0.418,-2.8,2019,0.594,0.219,106.4,112.6,-6.2,0.12,0.188
202339,Eric Bledsoe,MIL,29.0,78,29.1,15.9,4.6,5.5,1.5,0.4,2.1,0.484,0.329,0.75,0.756,7.2,2019,0.577,0.225,115.3,104.2,11.1,0.26,0.074
201569,Eric Gordon,HOU,30.0,68,31.7,16.2,2.2,1.9,0.6,0.4,1.3,0.409,0.36,0.783,0.647,5.1,2019,0.549,0.215,116.2,108.1,8.1,0.09,0.033
101141,Ersan Ilyasova,MIL,32.0,67,18.4,6.8,4.5,0.8,0.5,0.3,0.7,0.438,0.363,0.824,0.731,3.6,2019,0.548,0.151,111.2,101.5,9.7,0.056,0.112
203095,Evan Fournier,ORL,26.0,81,31.5,15.1,3.2,3.6,0.9,0.1,1.9,0.438,0.34,0.806,0.519,1.2,2019,0.536,0.217,110.1,108.4,1.7,0.17,0.05
202323,Evan Turner,POR,30.0,73,22.0,6.8,4.5,3.9,0.5,0.2,1.6,0.46,0.212,0.708,0.644,0.4,2019,0.504,0.158,110.4,109.1,1.3,0.242,0.096
1628402,Frank Jackson,NOP,21.0,61,19.2,8.1,2.2,1.1,0.4,0.0,0.8,0.434,0.314,0.74,0.361,-2.2,2019,0.517,0.178,106.3,111.3,-5.0,0.08,0.052
1626163,Frank Kaminsky,CHA,26.0,47,16.1,8.6,3.5,1.3,0.3,0.3,0.9,0.463,0.36,0.738,0.468,0.9,2019,0.587,0.216,109.9,109.1,0.9,0.129,0.104
1628412,Frank Mason III,SAC,25.0,38,11.5,5.1,1.1,2.2,0.4,0.1,0.9,0.42,0.219,0.684,0.421,-3.8,2019,0.502,0.213,99.5,114.0,-14.5,0.28,0.047
1628373,Frank Ntilikina,NYK,20.0,43,21.0,5.7,2.0,2.8,0.7,0.3,1.3,0.337,0.287,0.767,0.209,-4.3,2019,0.417,0.163,102.0,110.6,-8.5,0.195,0.045
1627832,Fred VanVleet,TOR,25.0,64,27.5,11.0,2.6,4.8,0.9,0.3,1.3,0.41,0.378,0.843,0.719,4.7,2019,0.539,0.177,113.1,105.0,8.1,0.243,0.046
1627788,Furkan Korkmaz,PHI,21.0,48,14.2,5.8,2.2,1.1,0.6,0.0,0.5,0.4,0.326,0.818,0.625,1.3,2019,0.528,0.174,110.7,107.0,3.7,0.107,0.077
202066,Garrett Temple,LAC,33.0,75,27.2,7.8,2.9,1.4,1.0,0.4,0.9,0.422,0.341,0.748,0.493,-1.1,2019,0.543,0.131,105.2,106.8,-1.6,0.075,0.053
1629109,Gary Clark,HOU,24.0,51,12.6,2.9,2.3,0.4,0.4,0.5,0.1,0.331,0.297,1.0,0.647,0.5,2019,0.48,0.106,111.8,109.8,2.0,0.04,0.087
203914,Gary Harris,DEN,24.0,57,28.8,12.9,2.8,2.2,1.0,0.3,1.2,0.424,0.339,0.799,0.667,4.0,2019,0.526,0.195,111.6,105.3,6.2,0.11,0.047
201588,George Hill,MIL,33.0,60,21.7,7.6,2.5,2.3,0.9,0.1,0.9,0.452,0.314,0.824,0.65,2.4,2019,0.554,0.147,108.9,103.3,5.6,0.146,0.052
1627777,Georges Niang,UTA,26.0,59,8.8,4.0,1.5,0.6,0.2,0.1,0.4,0.475,0.41,0.833,0.695,-1.6,2019,0.613,0.17,103.9,111.6,-7.7,0.107,0.081
101123,Gerald Green,HOU,33.0,73,20.2,9.2,2.5,0.5,0.5,0.4,0.8,0.4,0.354,0.838,0.644,1.8,2019,0.555,0.19,114.0,109.3,4.6,0.041,0.059
203507,Giannis Antetokounmpo,MIL,24.0,72,32.8,27.7,12.5,5.9,1.3,1.5,3.7,0.578,0.256,0.729,0.778,9.1,2019,0.644,0.314,114.3,101.8,12.5,0.294,0.176
203922,Glenn Robinson III,DET,25.0,47,13.0,4.2,1.5,0.4,0.3,0.2,0.4,0.42,0.29,0.8,0.511,-0.2,2019,0.511,0.146,102.3,103.1,-0.8,0.053,0.056
201609,Goran Dragic,MIA,33.0,36,27.5,13.7,3.1,4.8,0.8,0.1,2.0,0.413,0.348,0.782,0.444,1.2,2019,0.517,0.224,108.3,107.0,1.3,0.259,0.052
202330,Gordon Hayward,BOS,29.0,72,25.9,11.5,4.5,3.4,0.9,0.3,1.5,0.466,0.333,0.834,0.611,3.0,2019,0.575,0.183,110.3,105.2,5.1,0.185,0.083
203476,Gorgui Dieng,MIN,29.0,76,13.6,6.4,4.1,0.9,0.6,0.5,0.8,0.501,0.339,0.83,0.434,-1.5,2019,0.572,0.194,105.2,109.0,-3.8,0.106,0.145
1628960,Grayson Allen,UTA,23.0,38,11.0,5.6,0.6,0.7,0.2,0.2,0.9,0.376,0.323,0.75,0.579,-3.1,2019,0.516,0.238,99.6,113.2,-13.6,0.102,0.027
202328,Greg Monroe,PHI,29.0,43,11.2,5.3,4.0,0.6,0.3,0.2,0.7,0.487,0.2,0.625,0.651,-1.7,2019,0.521,0.211,100.1,106.7,-6.6,0.079,0.165
1627824,Guerschon Yabusele,BOS,23.0,41,6.1,2.3,1.3,0.4,0.2,0.2,0.4,0.455,0.321,0.682,0.659,-0.4,2019,0.542,0.168,102.4,106.0,-3.6,0.088,0.094
1628977,Hamidou Diallo,OKC,20.0,51,10.3,3.7,1.9,0.3,0.4,0.2,0.5,0.455,0.167,0.61,0.569,-1.5,2019,0.497,0.16,103.5,110.3,-6.8,0.044,0.086
203084,Harrison Barnes,SAC,27.0,77,32.9,16.4,4.7,1.5,0.6,0.2,1.3,0.42,0.395,0.824,0.442,-0.7,2019,0.55,0.202,108.0,109.4,-1.5,0.069,0.066
1628385,Harry Giles III,SAC,21.0,58,14.1,7.0,3.8,1.5,0.5,0.4,1.3,0.503,0.0,0.637,0.448,-1.8,2019,0.526,0.227,104.1,109.1,-5.0,0.155,0.125
202355,Hassan Whiteside,MIA,30.0,72,23.3,12.3,11.3,0.8,0.6,1.9,1.3,0.571,0.125,0.449,0.458,0.3,2019,0.564,0.215,107.0,106.2,0.7,0.054,0.222
1627740,Henry Ellenson,NYK,22.0,19,13.6,6.0,3.5,0.8,0.4,0.1,0.5,0.411,0.447,0.76,0.211,-0.5,2019,0.538,0.186,104.0,104.7,-0.7,0.096,0.117
203546,Ian Clark,NOP,28.0,60,16.2,6.7,1.5,1.6,0.4,0.1,1.0,0.394,0.327,0.892,0.4,-0.9,2019,0.502,0.185,106.2,109.6,-3.4,0.132,0.042
101133,Ian Mahinmi,WAS,32.0,34,14.6,4.1,3.8,0.7,0.7,0.5,0.6,0.452,0.188,0.689,0.353,-1.0,2019,0.531,0.128,102.1,105.3,-3.2,0.073,0.123
202697,Iman Shumpert,HOU,29.0,62,23.9,7.5,3.0,1.8,1.0,0.4,0.8,0.374,0.348,0.8,0.629,-0.7,2019,0.499,0.143,109.1,110.5,-1.4,0.098,0.057
1628515,Isaiah Briscoe,ORL,23.0,39,14.3,3.5,1.9,2.2,0.3,0.1,0.8,0.399,0.324,0.577,0.436,0.5,2019,0.455,0.139,102.8,100.9,2.0,0.226,0.06
203477,Isaiah Canaan,MIL,28.0,30,20.9,6.0,1.9,2.8,0.5,0.1,1.2,0.39,0.354,0.792,0.333,-5.8,2019,0.518,0.147,102.5,114.9,-12.3,0.194,0.047
1628392,Isaiah Hartenstein,HOU,21.0,28,7.9,1.9,1.7,0.5,0.3,0.4,0.5,0.488,0.333,0.786,0.536,1.4,2019,0.562,0.112,113.0,103.4,9.6,0.1,0.103
202397,Ish Smith,DET,30.0,56,22.3,8.9,2.6,3.6,0.5,0.2,1.1,0.419,0.326,0.758,0.589,1.5,2019,0.485,0.193,110.8,108.1,2.7,0.243,0.055
1628397,Ivan Rabb,MEM,22.0,49,14.7,5.8,4.2,1.1,0.3,0.3,0.7,0.547,0.2,0.71,0.408,-1.9,2019,0.586,0.166,103.3,109.5,-6.2,0.123,0.146
1627826,Ivica Zubac,LAC,22.0,59,17.6,8.9,6.1,1.1,0.2,0.9,1.2,0.559,0.0,0.802,0.542,0.7,2019,0.604,0.199,106.5,104.7,1.8,0.093,0.164
200826,J.J. Barea,DAL,35.0,38,19.8,10.9,2.5,5.6,0.6,0.0,1.9,0.418,0.297,0.705,0.526,1.5,2019,0.495,0.263,109.5,106.3,3.2,0.454,0.06
200755,JJ Redick,PHI,35.0,76,31.3,18.1,2.4,2.7,0.4,0.2,1.3,0.44,0.397,0.894,0.645,4.0,2019,0.602,0.209,110.3,104.7,5.6,0.129,0.036
2747,JR Smith,CLE,33.0,11,20.2,6.7,1.6,1.9,1.0,0.3,1.0,0.342,0.308,0.8,0.091,-1.3,2019,0.444,0.176,101.5,104.9,-3.4,0.133,0.039
203210,JaMychal Green,LAC,29.0,65,21.1,9.4,6.3,0.8,0.7,0.5,1.3,0.483,0.403,0.792,0.477,-3.3,2019,0.587,0.185,103.3,109.1,-5.8,0.058,0.143
201580,JaVale McGee,LAL,31.0,75,22.3,12.0,7.5,0.7,0.6,2.0,1.4,0.624,0.083,0.632,0.467,-2.1,2019,0.634,0.197,106.7,111.1,-4.4,0.045,0.159
203953,Jabari Parker,WAS,24.0,64,26.9,14.5,6.6,2.4,0.7,0.5,2.4,0.493,0.313,0.712,0.281,-3.2,2019,0.56,0.236,104.6,110.8,-6.2,0.14,0.117
1628980,Jacob Evans,GSW,22.0,30,6.8,1.3,0.8,0.8,0.2,0.1,0.4,0.34,0.267,0.0,0.7,-1.2,2019,0.374,0.134,99.8,105.9,-6.2,0.15,0.057
203109,Jae Crowder,UTA,28.0,80,27.1,11.9,4.8,1.7,0.8,0.4,1.1,0.399,0.331,0.721,0.6,2.8,2019,0.538,0.183,109.7,105.3,4.4,0.09,0.083
1626143,Jahlil Okafor,NOP,23.0,59,15.8,8.2,4.7,0.7,0.3,0.7,0.9,0.586,0.2,0.663,0.39,-2.0,2019,0.603,0.198,106.0,111.5,-5.5,0.064,0.14
1627774,Jake Layman,POR,25.0,71,18.7,7.6,3.1,0.7,0.4,0.4,0.6,0.509,0.326,0.704,0.648,1.0,2019,0.594,0.156,110.8,108.9,2.0,0.056,0.079
1627751,Jakob Poeltl,SAS,23.0,77,16.5,5.5,5.3,1.2,0.4,0.9,0.6,0.645,0.0,0.533,0.558,1.1,2019,0.64,0.125,110.0,106.1,3.9,0.099,0.154
1628973,Jalen Brunson,DAL,22.0,73,21.8,9.3,2.3,3.2,0.5,0.1,1.2,0.467,0.348,0.725,0.37,-1.1,2019,0.549,0.186,107.7,110.4,-2.8,0.223,0.05
1627883,Jalen Jones,CLE,26.0,16,13.4,5.1,2.1,0.4,0.6,0.1,0.5,0.419,0.357,0.704,0.188,-1.6,2019,0.548,0.162,105.7,112.5,-6.7,0.05,0.08
2037,Jamal Crawford,PHX,39.0,64,18.9,7.9,1.3,3.6,0.5,0.2,1.5,0.397,0.332,0.845,0.203,-5.9,2019,0.522,0.198,101.4,116.5,-15.1,0.283,0.034
1627750,Jamal Murray,DEN,22.0,75,32.6,18.2,4.2,4.8,0.9,0.4,2.1,0.437,0.367,0.848,0.653,3.3,2019,0.538,0.241,112.8,108.0,4.8,0.22,0.063
203516,James Ennis III,PHI,28.0,58,21.2,6.7,3.1,0.7,0.7,0.4,0.6,0.469,0.353,0.716,0.603,-0.1,2019,0.59,0.125,110.5,109.8,0.7,0.047,0.074
201935,James Harden,HOU,29.0,78,36.8,36.1,6.6,7.5,2.0,0.7,5.0,0.442,0.368,0.879,0.654,4.6,2019,0.616,0.396,116.6,110.3,6.3,0.394,0.089
201949,James Johnson,MIA,32.0,55,21.2,7.8,3.2,2.5,0.6,0.5,1.3,0.433,0.336,0.714,0.491,-1.9,2019,0.522,0.177,103.2,107.9,-4.6,0.167,0.071
201162,Jared Dudley,BKN,33.0,59,20.7,4.9,2.6,1.4,0.6,0.3,0.7,0.423,0.351,0.696,0.475,0.6,2019,0.554,0.104,109.4,108.6,0.8,0.093,0.061
1626185,Jarell Martin,ORL,25.0,42,7.8,2.7,1.7,0.4,0.1,0.2,0.3,0.413,0.351,0.818,0.476,0.7,2019,0.528,0.153,106.0,101.6,4.4,0.078,0.106
1628991,Jaren Jackson Jr.,MEM,19.0,58,26.1,13.8,4.7,1.1,0.9,1.4,1.7,0.506,0.359,0.766,0.397,-1.8,2019,0.591,0.231,101.3,103.6,-2.3,0.074,0.09
1628417,Jaron Blossomgame,CLE,25.0,27,16.3,4.2,3.6,0.5,0.3,0.3,0.4,0.443,0.256,0.769,0.148,-1.6,2019,0.51,0.12,103.7,109.6,-6.0,0.043,0.107
1628386,Jarrett Allen,BKN,21.0,80,26.2,10.9,8.4,1.4,0.5,1.5,1.3,0.59,0.133,0.709,0.525,-1.5,2019,0.632,0.158,109.2,111.6,-2.4,0.076,0.15
1629121,Jaylen Adams,ATL,23.0,34,12.6,3.2,1.8,1.9,0.4,0.1,0.8,0.345,0.338,0.778,0.382,-1.7,2019,0.474,0.131,102.5,109.1,-6.5,0.201,0.063
1627759,Jaylen Brown,BOS,22.0,74,25.9,13.0,4.2,1.4,0.9,0.4,1.3,0.465,0.344,0.658,0.554,0.9,2019,0.547,0.215,108.3,105.9,2.4,0.079,0.077
1628369,Jayson Tatum,BOS,21.0,79,31.1,15.7,6.0,2.1,1.1,0.7,1.5,0.45,0.373,0.855,0.608,4.6,2019,0.547,0.218,111.9,105.1,6.8,0.098,0.093
201145,Jeff Green,WAS,32.0,77,27.2,12.3,4.0,1.8,0.6,0.5,1.3,0.475,0.347,0.888,0.377,-1.2,2019,0.608,0.174,111.3,113.2,-1.9,0.093,0.072
201952,Jeff Teague,MIN,31.0,42,30.1,12.1,2.5,8.2,1.0,0.4,2.3,0.423,0.333,0.804,0.548,0.0,2019,0.528,0.186,113.0,113.1,-0.1,0.366,0.039
203924,Jerami Grant,OKC,25.0,80,32.7,13.6,5.2,1.0,0.8,1.3,0.8,0.497,0.392,0.71,0.6,3.8,2019,0.592,0.15,111.0,105.6,5.4,0.04,0.073
203087,Jeremy Lamb,CHA,27.0,79,28.5,15.3,5.5,2.2,1.1,0.4,1.0,0.44,0.348,0.888,0.481,0.6,2019,0.552,0.22,110.3,109.6,0.7,0.119,0.091
202391,Jeremy Lin,TOR,30.0,74,19.4,9.6,2.4,3.1,0.6,0.2,1.7,0.44,0.294,0.838,0.419,-2.5,2019,0.558,0.213,101.7,106.8,-5.1,0.249,0.058
1626170,Jerian Grant,ORL,26.0,60,15.6,4.2,1.6,2.6,0.7,0.1,0.9,0.418,0.364,0.65,0.467,-2.5,2019,0.526,0.13,100.5,107.7,-7.3,0.242,0.05
1629010,Jerome Robinson,LAC,22.0,33,9.7,3.4,1.2,0.6,0.3,0.1,0.4,0.4,0.316,0.667,0.545,-0.7,2019,0.491,0.159,107.8,111.2,-3.4,0.08,0.061
201573,Jerryd Bayless,MIN,30.0,34,19.3,6.1,1.8,3.5,0.5,0.1,0.9,0.357,0.296,0.571,0.441,-4.7,2019,0.431,0.172,105.0,117.4,-12.4,0.262,0.045
1628975,Jevon Carter,MEM,23.0,39,14.8,4.4,1.7,1.8,0.7,0.3,0.8,0.303,0.333,0.813,0.231,-2.3,2019,0.432,0.172,99.8,106.7,-6.8,0.184,0.055
202710,Jimmy Butler III,PHI,29.0,65,33.6,18.7,5.3,4.0,1.9,0.6,1.5,0.462,0.347,0.855,0.585,2.5,2019,0.571,0.218,111.9,108.3,3.6,0.179,0.075
201149,Joakim Noah,MEM,34.0,42,16.5,7.1,5.7,2.1,0.5,0.7,1.2,0.516,0.0,0.716,0.333,0.1,2019,0.571,0.191,103.5,101.7,1.8,0.202,0.161
203925,Joe Harris,BKN,27.0,76,30.2,13.7,3.8,2.4,0.5,0.2,1.6,0.5,0.474,0.827,0.539,-1.0,2019,0.645,0.167,109.6,111.2,-1.6,0.114,0.06
204060,Joe Ingles,UTA,31.0,82,31.3,12.1,4.0,5.7,1.2,0.2,2.4,0.448,0.391,0.707,0.61,5.2,2019,0.581,0.17,109.2,101.6,7.7,0.262,0.061
203954,Joel Embiid,PHI,25.0,64,33.7,27.5,13.6,3.7,0.7,1.9,3.5,0.484,0.3,0.804,0.672,5.8,2019,0.593,0.327,112.5,104.8,7.6,0.185,0.191
1628381,John Collins,ATL,21.0,61,30.0,19.5,9.8,2.0,0.4,0.6,2.0,0.56,0.348,0.763,0.393,-1.2,2019,0.627,0.23,111.7,113.0,-1.4,0.102,0.154
203098,John Jenkins,NYK,28.0,26,12.8,4.7,1.4,0.8,0.0,0.1,0.3,0.4,0.379,0.833,0.308,-1.9,2019,0.536,0.16,100.3,106.7,-6.5,0.105,0.052
202322,John Wall,WAS,28.0,32,34.5,20.7,3.6,8.7,1.5,0.9,3.8,0.444,0.302,0.697,0.344,-4.8,2019,0.527,0.286,107.1,113.2,-6.1,0.391,0.05
1629140,Johnathan Williams,LAL,24.0,24,15.5,6.5,4.1,0.5,0.3,0.3,0.7,0.591,0.0,0.563,0.417,2.3,2019,0.599,0.158,110.0,102.4,7.6,0.051,0.123
202720,Jon Leuer,DET,30.0,41,9.8,3.8,2.4,0.3,0.3,0.1,0.6,0.584,0.091,0.742,0.39,-2.8,2019,0.616,0.157,93.9,107.2,-13.3,0.06,0.118
1628413,Jonah Bolden,PHI,23.0,44,14.5,4.7,3.8,0.9,0.4,0.9,0.8,0.494,0.354,0.481,0.545,-0.7,2019,0.595,0.131,106.2,107.9,-1.8,0.085,0.119
201973,Jonas Jerebko,GSW,32.0,73,16.7,6.3,3.9,1.3,0.4,0.2,0.6,0.459,0.367,0.8,0.712,0.8,2019,0.588,0.144,109.6,108.1,1.5,0.106,0.111
202685,Jonas Valančiūnas,MEM,27.0,49,22.3,15.6,8.6,1.4,0.4,1.1,1.8,0.559,0.292,0.795,0.633,1.4,2019,0.616,0.274,109.7,107.0,2.7,0.109,0.184
1628371,Jonathan Isaac,ORL,21.0,75,26.6,9.6,5.5,1.1,0.8,1.3,1.0,0.429,0.323,0.815,0.493,0.1,2019,0.537,0.16,108.2,107.3,1.0,0.055,0.099
203613,Jonathon Simmons,PHI,29.0,56,19.0,6.5,2.3,2.3,0.5,0.3,1.2,0.38,0.269,0.742,0.446,-2.6,2019,0.466,0.182,101.9,107.2,-5.3,0.175,0.057
1628395,Jordan Bell,GSW,24.0,68,11.6,3.3,2.7,1.1,0.3,0.8,0.6,0.516,0.0,0.61,0.676,-1.5,2019,0.531,0.133,105.7,111.2,-5.4,0.134,0.112
203903,Jordan Clarkson,CLE,27.0,81,27.3,16.8,3.3,2.4,0.7,0.2,1.7,0.448,0.324,0.844,0.222,-4.3,2019,0.539,0.266,107.0,115.0,-8.0,0.153,0.06
203895,Jordan McRae,WAS,28.0,27,12.3,5.9,1.5,1.1,0.5,0.3,0.6,0.469,0.286,0.8,0.333,-0.8,2019,0.55,0.191,106.5,109.7,-3.3,0.131,0.056
101181,Jose Calderon,DET,37.0,49,12.9,2.3,1.2,2.3,0.3,0.1,0.7,0.375,0.246,0.818,0.449,-3.5,2019,0.453,0.104,93.8,107.8,-14.0,0.282,0.044
1628404,Josh Hart,LAL,24.0,67,25.6,7.8,3.7,1.4,1.0,0.6,0.9,0.407,0.336,0.688,0.463,0.0,2019,0.526,0.13,105.1,104.7,0.4,0.072,0.065
1628367,Josh Jackson,PHX,22.0,79,25.2,11.5,4.4,2.3,0.9,0.7,2.2,0.413,0.324,0.671,0.241,-5.4,2019,0.487,0.234,102.8,112.4,-9.6,0.142,0.084
1629006,Josh Okogie,MIN,20.0,74,23.7,7.7,2.9,1.2,1.2,0.4,0.9,0.386,0.279,0.728,0.432,-0.7,2019,0.492,0.148,109.6,110.6,-1.0,0.068,0.059
1626196,Josh Richardson,MIA,25.0,73,34.8,16.6,3.6,4.1,1.1,0.5,1.5,0.412,0.357,0.861,0.479,0.9,2019,0.536,0.203,106.6,105.6,0.9,0.177,0.049
201950,Jrue Holiday,NOP,29.0,67,35.8,21.2,5.0,7.7,1.6,0.8,3.1,0.472,0.325,0.768,0.448,3.4,2019,0.555,0.25,113.5,109.1,4.4,0.308,0.065
1627823,Juancho Hernangomez,DEN,23.0,70,19.4,5.8,3.8,0.8,0.4,0.3,0.5,0.439,0.365,0.767,0.629,0.5,2019,0.58,0.119,108.6,107.3,1.3,0.054,0.093
1627395,Julian Washburn,MEM,27.0,18,14.1,2.2,2.3,0.8,0.7,0.1,0.4,0.333,0.208,0.75,0.389,-1.2,2019,0.402,0.096,102.9,105.0,-2.0,0.083,0.075
203944,Julius Randle,NOP,24.0,73,30.6,21.4,8.7,3.1,0.7,0.6,2.8,0.524,0.344,0.731,0.425,-0.2,2019,0.6,0.273,111.2,111.4,-0.2,0.158,0.134
1626147,Justin Anderson,ATL,25.0,48,9.7,3.7,1.8,0.5,0.5,0.3,0.5,0.408,0.312,0.743,0.354,-1.6,2019,0.516,0.166,101.9,107.6,-5.7,0.073,0.082
203200,Justin Holiday,MEM,30.0,82,31.8,10.5,3.9,1.8,1.5,0.4,1.3,0.386,0.348,0.896,0.305,-5.5,2019,0.52,0.153,102.4,110.1,-7.7,0.084,0.06
1628382,Justin Jackson,DAL,24.0,81,19.9,7.2,2.6,1.2,0.4,0.2,0.4,0.447,0.355,0.785,0.444,-0.6,2019,0.561,0.141,107.3,108.3,-0.9,0.081,0.06
1626159,Justise Winslow,MIA,23.0,66,29.7,12.6,5.4,4.3,1.1,0.3,2.2,0.433,0.375,0.628,0.455,1.8,2019,0.513,0.206,107.6,104.2,3.4,0.213,0.086
203994,Jusuf Nurkić,POR,24.0,72,27.4,15.6,10.4,3.2,1.0,1.4,2.3,0.508,0.103,0.773,0.625,5.9,2019,0.57,0.241,117.0,106.5,10.5,0.168,0.181
1628443,Kadeem Allen,NYK,26.0,19,21.9,9.9,2.7,4.0,0.8,0.2,1.4,0.461,0.472,0.778,0.158,-1.9,2019,0.574,0.195,107.1,111.4,-4.3,0.277,0.06
1626157,Karl-Anthony Towns,MIN,23.0,77,33.0,24.4,12.4,3.4,0.9,1.6,3.1,0.518,0.4,0.836,0.442,0.7,2019,0.622,0.28,112.2,111.3,0.9,0.169,0.176
202695,Kawhi Leonard,TOR,28.0,60,34.0,26.6,7.3,3.3,1.8,0.4,2.0,0.496,0.371,0.854,0.683,5.9,2019,0.606,0.3,115.7,107.8,7.9,0.159,0.106
1628966,Keita Bates-Diop,MIN,23.0,30,16.8,5.0,2.8,0.6,0.6,0.5,0.5,0.423,0.25,0.643,0.333,-1.8,2019,0.489,0.14,107.1,112.2,-5.1,0.047,0.077
203482,Kelly Olynyk,MIA,28.0,79,22.9,10.0,4.7,1.8,0.7,0.5,1.4,0.463,0.354,0.822,0.494,1.3,2019,0.61,0.175,107.9,106.0,1.9,0.113,0.099
1626162,Kelly Oubre Jr.,PHX,23.0,69,28.0,15.2,4.7,1.2,1.2,0.9,1.5,0.445,0.32,0.775,0.304,-4.0,2019,0.551,0.223,107.2,113.3,-6.0,0.067,0.08
202689,Kemba Walker,CHA,29.0,82,34.9,25.6,4.4,5.9,1.2,0.4,2.6,0.434,0.356,0.844,0.476,0.4,2019,0.558,0.308,112.1,111.8,0.4,0.287,0.06
202702,Kenneth Faried,HOU,29.0,37,19.7,10.4,6.8,0.5,0.5,0.6,0.9,0.589,0.32,0.646,0.568,1.7,2019,0.622,0.194,113.7,109.6,4.1,0.043,0.164
1629026,Kenrich Williams,NOP,24.0,46,23.5,6.1,4.8,1.8,1.0,0.4,0.8,0.384,0.333,0.684,0.37,-1.9,2019,0.485,0.119,107.8,111.6,-3.8,0.094,0.094
203145,Kent Bazemore,ATL,29.0,67,24.5,11.6,3.9,2.3,1.3,0.6,1.8,0.402,0.32,0.726,0.358,-4.4,2019,0.507,0.215,102.5,110.2,-7.7,0.144,0.072
203484,Kentavious Caldwell-Pope,LAL,26.0,82,24.8,11.4,2.9,1.3,0.9,0.2,0.8,0.43,0.347,0.867,0.451,-1.9,2019,0.568,0.175,106.3,110.1,-3.7,0.077,0.055
201142,Kevin Durant,GSW,30.0,78,34.6,26.0,6.4,5.9,0.7,1.1,2.9,0.521,0.353,0.885,0.692,8.4,2019,0.631,0.283,118.7,107.3,11.4,0.251,0.088
1628989,Kevin Huerter,ATL,20.0,75,27.3,9.7,3.3,2.9,0.9,0.3,1.5,0.419,0.385,0.732,0.36,-1.6,2019,0.533,0.153,109.3,111.6,-2.2,0.139,0.056
1628995,Kevin Knox II,NYK,19.0,75,28.8,12.8,4.5,1.1,0.6,0.3,1.5,0.37,0.343,0.717,0.2,-8.5,2019,0.475,0.219,101.4,115.1,-13.7,0.06,0.071
201567,Kevin Love,CLE,30.0,22,27.2,17.0,10.9,2.2,0.3,0.2,1.9,0.385,0.361,0.904,0.318,-2.5,2019,0.561,0.259,110.5,114.7,-4.2,0.125,0.193
1626172,Kevon Looney,GSW,23.0,80,18.5,6.3,5.2,1.5,0.6,0.7,0.6,0.625,0.1,0.619,0.7,3.8,2019,0.636,0.122,116.3,106.1,10.3,0.106,0.129
203920,Khem Birch,ORL,26.0,50,12.9,4.8,3.8,0.8,0.4,0.6,0.4,0.603,0.0,0.699,0.52,0.9,2019,0.64,0.136,105.9,102.7,3.2,0.087,0.138
203114,Khris Middleton,MIL,27.0,77,31.1,18.3,6.0,4.3,1.0,0.1,2.3,0.441,0.378,0.837,0.727,7.2,2019,0.558,0.246,114.7,104.2,10.5,0.194,0.089
202691,Klay Thompson,GSW,29.0,78,34.0,21.5,3.8,2.4,1.1,0.6,1.5,0.467,0.402,0.816,0.705,4.5,2019,0.571,0.254,115.0,108.5,6.5,0.103,0.055
201585,Kosta Koufos,SAC,30.0,42,11.9,3.7,4.2,0.9,0.4,0.4,0.6,0.477,0.0,0.417,0.5,-0.8,2019,0.477,0.15,106.0,107.4,-1.3,0.099,0.156
1627739,Kris Dunn,CHI,25.0,46,30.2,11.3,4.1,6.0,1.5,0.5,2.3,0.425,0.354,0.797,0.304,-4.8,2019,0.484,0.198,106.1,113.7,-7.6,0.29,0.066
203937,Kyle Anderson,MEM,25.0,43,29.8,8.0,5.8,3.0,1.3,0.9,1.3,0.543,0.265,0.578,0.442,-1.4,2019,0.569,0.127,102.6,104.7,-2.1,0.155,0.1
2594,Kyle Korver,UTA,38.0,70,19.1,8.6,2.3,1.2,0.4,0.2,0.8,0.416,0.397,0.822,0.557,1.9,2019,0.582,0.174,107.5,103.9,3.6,0.088,0.056
1628398,Kyle Kuzma,LAL,23.0,70,33.1,18.7,5.5,2.5,0.6,0.4,1.9,0.456,0.303,0.752,0.471,-0.8,2019,0.546,0.233,108.4,109.7,-1.3,0.113,0.077
200768,Kyle Lowry,TOR,33.0,65,34.1,14.2,4.8,8.7,1.4,0.5,2.8,0.411,0.347,0.83,0.723,8.2,2019,0.562,0.191,116.2,105.5,10.7,0.329,0.069
203124,Kyle O'Quinn,IND,29.0,45,8.2,3.5,2.6,1.2,0.2,0.6,0.7,0.507,0.083,0.81,0.6,0.1,2019,0.537,0.196,106.7,107.0,-0.3,0.204,0.151
202681,Kyrie Irving,BOS,27.0,67,33.0,23.8,5.0,6.9,1.5,0.5,2.6,0.487,0.401,0.873,0.552,5.0,2019,0.592,0.286,113.4,107.1,6.2,0.33,0.072
200746,LaMarcus Aldridge,SAS,33.0,81,33.2,21.3,9.2,2.4,0.5,1.3,1.8,0.519,0.238,0.847,0.593,1.1,2019,0.576,0.268,112.5,111.0,1.5,0.115,0.139
202362,Lance Stephenson,LAL,28.0,68,16.5,7.2,3.2,2.1,0.6,0.1,1.3,0.426,0.371,0.685,0.485,-1.6,2019,0.529,0.197,103.9,108.4,-4.5,0.175,0.088
202498,Lance Thomas,NYK,31.0,46,17.0,4.5,2.5,0.6,0.4,0.2,0.5,0.396,0.278,0.75,0.152,-4.1,2019,0.482,0.127,97.1,107.9,-10.9,0.051,0.068
1629013,Landry Shamet,LAC,22.0,79,22.8,9.1,1.7,1.5,0.5,0.1,0.6,0.431,0.422,0.806,0.646,0.8,2019,0.604,0.145,111.0,109.3,1.7,0.09,0.036
204038,Langston Galloway,DET,27.0,80,21.8,8.4,2.1,1.1,0.5,0.1,0.3,0.388,0.355,0.844,0.513,0.5,2019,0.534,0.153,108.0,107.9,0.1,0.072,0.047
1626204,Larry Nance Jr.,CLE,26.0,67,26.8,9.4,8.2,3.2,1.5,0.6,1.4,0.52,0.337,0.716,0.239,-4.8,2019,0.583,0.152,105.8,114.6,-8.8,0.179,0.154
1628374,Lauri Markkanen,CHI,22.0,52,32.3,18.7,9.0,1.4,0.7,0.6,1.6,0.43,0.361,0.872,0.308,-3.8,2019,0.553,0.245,106.8,112.3,-5.5,0.07,0.138
2544,LeBron James,LAL,34.0,55,35.2,27.4,8.5,8.3,1.3,0.6,3.6,0.51,0.339,0.665,0.509,2.1,2019,0.588,0.311,109.6,107.6,2.0,0.376,0.114
1628366,Lonzo Ball,LAL,21.0,47,30.3,9.9,5.3,5.4,1.5,0.4,2.2,0.406,0.329,0.417,0.532,-0.3,2019,0.487,0.167,105.3,106.1,-0.7,0.236,0.081
203485,Lorenzo Brown,TOR,28.0,26,8.2,2.1,1.2,1.1,0.5,0.2,0.6,0.324,0.214,1.0,0.769,-1.3,2019,0.38,0.167,93.5,100.4,-7.0,0.199,0.066
101150,Lou Williams,LAC,32.0,75,26.6,20.0,3.0,5.4,0.8,0.1,2.4,0.425,0.361,0.876,0.627,2.6,2019,0.554,0.308,113.1,109.2,3.9,0.318,0.051
1629029,Luka Dončić,DAL,20.0,72,32.2,21.2,7.8,6.0,1.1,0.3,3.4,0.427,0.327,0.713,0.389,-1.6,2019,0.545,0.296,107.6,110.6,-3.1,0.317,0.117
1628379,Luke Kennard,DET,23.0,63,22.8,9.7,2.9,1.8,0.4,0.2,0.9,0.438,0.394,0.836,0.476,0.8,2019,0.56,0.179,108.5,108.2,0.3,0.122,0.062
1628436,Luke Kornet,NYK,23.0,46,17.0,7.0,2.9,1.2,0.6,0.9,0.5,0.378,0.363,0.826,0.196,-1.2,2019,0.531,0.178,102.5,106.0,-3.5,0.108,0.079
2736,Luol Deng,MIN,34.0,22,17.8,7.1,3.3,0.8,0.7,0.4,0.6,0.5,0.318,0.714,0.5,4.0,2019,0.588,0.155,115.1,105.1,10.0,0.062,0.088
1627763,Malcolm Brogdon,MIL,26.0,64,28.6,15.6,4.5,3.2,0.7,0.2,1.4,0.505,0.426,0.928,0.766,6.6,2019,0.614,0.202,113.4,102.7,10.7,0.157,0.073
1627736,Malik Beasley,DEN,22.0,81,23.2,11.3,2.5,1.2,0.7,0.1,0.7,0.474,0.402,0.848,0.654,1.7,2019,0.599,0.181,111.2,107.3,3.9,0.074,0.051
1628370,Malik Monk,CHA,21.0,73,17.2,8.9,1.9,1.6,0.5,0.3,1.2,0.387,0.33,0.882,0.466,-0.6,2019,0.518,0.236,108.4,111.1,-2.7,0.143,0.052
202705,MarShon Brooks,MEM,30.0,29,13.3,6.6,1.6,0.9,0.3,0.1,0.7,0.45,0.278,0.697,0.517,-0.8,2019,0.518,0.233,101.3,104.1,-2.8,0.112,0.058
201188,Marc Gasol,TOR,34.0,79,30.8,13.6,7.9,4.4,1.1,1.1,2.0,0.448,0.363,0.759,0.494,2.0,2019,0.546,0.21,108.4,104.9,3.5,0.222,0.132
101162,Marcin Gortat,LAC,35.0,47,16.0,5.0,5.6,1.4,0.1,0.5,1.1,0.532,0.0,0.729,0.532,-2.1,2019,0.562,0.148,106.0,112.5,-6.5,0.123,0.172
201158,Marco Belinelli,SAS,33.0,79,23.0,10.5,2.5,1.7,0.4,0.1,0.9,0.413,0.372,0.903,0.582,0.4,2019,0.557,0.187,111.0,110.1,0.8,0.102,0.052
202694,Marcus Morris Sr.,BOS,29.0,75,27.9,13.9,6.1,1.5,0.6,0.3,1.2,0.447,0.375,0.844,0.587,1.0,2019,0.568,0.203,110.3,108.9,1.4,0.073,0.106
203935,Marcus Smart,BOS,25.0,80,27.5,8.9,2.9,4.0,1.8,0.4,1.5,0.422,0.364,0.806,0.6,2.0,2019,0.568,0.144,110.5,106.7,3.8,0.19,0.051
1626209,Mario Hezonja,NYK,24.0,58,20.8,8.8,4.1,1.5,1.0,0.1,1.5,0.412,0.276,0.763,0.207,-4.5,2019,0.497,0.208,102.0,112.0,-10.0,0.116,0.093
1628365,Markelle Fultz,ORL,21.0,19,22.5,8.2,3.7,3.1,0.9,0.3,1.3,0.419,0.286,0.568,0.632,-0.4,2019,0.452,0.189,102.9,103.3,-0.4,0.212,0.073
202693,Markieff Morris,OKC,29.0,58,21.9,9.4,4.6,1.4,0.6,0.4,0.9,0.421,0.335,0.772,0.414,-2.8,2019,0.521,0.191,107.1,113.0,-5.9,0.092,0.101
1627737,Marquese Chriss,CLE,21.0,43,11.6,4.2,3.3,0.5,0.4,0.3,0.8,0.372,0.222,0.711,0.395,-4.0,2019,0.455,0.196,100.7,117.9,-17.2,0.069,0.138
1628963,Marvin Bagley III,SAC,20.0,62,25.3,14.9,7.6,1.0,0.5,1.0,1.6,0.504,0.313,0.691,0.484,-1.7,2019,0.562,0.237,107.8,111.0,-3.2,0.06,0.136
101107,Marvin Williams,CHA,33.0,75,28.4,10.1,5.4,1.2,0.9,0.8,0.6,0.422,0.366,0.767,0.467,-0.1,2019,0.548,0.147,110.5,110.9,-0.4,0.061,0.091
203486,Mason Plumlee,DEN,29.0,82,21.1,7.8,6.4,3.0,0.8,0.9,1.5,0.593,0.2,0.561,0.659,0.9,2019,0.602,0.159,109.3,106.1,3.2,0.199,0.144
203521,Matthew Dellavedova,CLE,28.0,48,16.9,5.9,1.6,3.8,0.3,0.0,1.4,0.405,0.338,0.808,0.417,-1.3,2019,0.532,0.173,103.3,107.0,-3.7,0.329,0.044
203090,Maurice Harkless,POR,26.0,60,23.6,7.7,4.5,1.2,1.1,0.9,0.8,0.487,0.275,0.671,0.617,4.0,2019,0.547,0.135,114.6,106.8,7.9,0.068,0.09
1628467,Maxi Kleber,DAL,27.0,71,21.2,6.8,4.6,1.0,0.5,1.1,0.8,0.453,0.353,0.784,0.423,0.9,2019,0.579,0.132,108.0,105.3,2.7,0.068,0.103
203086,Meyers Leonard,POR,27.0,61,14.4,5.9,3.8,1.2,0.2,0.1,0.7,0.545,0.45,0.843,0.574,-1.3,2019,0.675,0.149,108.5,112.2,-3.7,0.123,0.13
201563,Michael Beasley,LAL,30.0,26,10.7,7.0,2.3,1.0,0.3,0.4,1.0,0.49,0.176,0.718,0.423,-1.5,2019,0.532,0.288,102.8,108.8,-6.0,0.149,0.1
203487,Michael Carter-Williams,ORL,27.0,28,13.3,4.8,2.5,2.5,0.7,0.5,0.7,0.374,0.263,0.604,0.607,0.1,2019,0.458,0.176,109.4,109.2,0.2,0.262,0.088
203077,Michael Kidd-Gilchrist,CHA,25.0,64,18.4,6.7,3.8,1.0,0.5,0.6,0.7,0.476,0.34,0.772,0.453,-0.8,2019,0.553,0.153,106.4,107.4,-0.9,0.077,0.098
1628969,Mikal Bridges,PHX,22.0,82,29.5,8.3,3.2,2.1,1.6,0.5,0.9,0.43,0.335,0.805,0.232,-4.7,2019,0.556,0.119,105.3,112.0,-6.8,0.097,0.054
201144,Mike Conley,MEM,31.0,70,33.5,21.1,3.4,6.4,1.3,0.3,1.9,0.438,0.364,0.845,0.429,0.3,2019,0.569,0.262,106.3,105.6,0.7,0.327,0.051
203488,Mike Muscala,LAL,27.0,64,20.4,7.0,3.8,1.2,0.3,0.6,0.8,0.402,0.348,0.824,0.547,0.5,2019,0.564,0.138,107.6,106.5,1.0,0.081,0.088
203118,Mike Scott,PHI,30.0,79,17.7,5.8,3.5,0.8,0.3,0.2,0.6,0.4,0.401,0.667,0.557,0.5,2019,0.528,0.139,108.2,106.4,1.8,0.064,0.09
1628970,Miles Bridges,CHA,21.0,80,21.2,7.5,4.0,1.2,0.7,0.6,0.6,0.464,0.325,0.753,0.475,-1.6,2019,0.548,0.147,107.8,111.5,-3.7,0.081,0.091
1629011,Mitchell Robinson,NYK,21.0,66,20.6,7.3,6.4,0.6,0.8,2.4,0.5,0.694,0.0,0.6,0.242,-3.1,2019,0.692,0.119,103.3,109.6,-6.2,0.042,0.144
1628964,Mo Bamba,ORL,21.0,47,16.3,6.2,5.0,0.8,0.3,1.4,0.9,0.481,0.3,0.587,0.404,-5.1,2019,0.539,0.174,94.3,109.2,-14.9,0.086,0.14
1628420,Monte Morris,DEN,24.0,82,24.0,10.4,2.4,3.6,0.9,0.0,0.6,0.493,0.414,0.802,0.659,2.2,2019,0.577,0.168,109.4,105.1,4.3,0.221,0.047
1626149,Montrezl Harrell,LAC,25.0,82,26.3,16.6,6.5,2.0,0.9,1.3,1.6,0.615,0.176,0.643,0.585,0.7,2019,0.636,0.227,111.9,109.9,1.9,0.123,0.117
1629021,Moritz Wagner,LAL,22.0,43,10.4,4.8,2.0,0.6,0.3,0.3,0.9,0.415,0.286,0.811,0.349,-2.3,2019,0.533,0.21,95.7,105.5,-9.8,0.084,0.089
1626167,Myles Turner,IND,23.0,74,28.6,13.3,7.2,1.6,0.8,2.7,1.4,0.487,0.388,0.736,0.581,1.6,2019,0.567,0.199,107.3,104.5,2.8,0.083,0.123
202357,Nemanja Bjelica,SAC,31.0,77,23.2,9.6,5.8,1.9,0.7,0.7,1.1,0.479,0.401,0.761,0.494,1.1,2019,0.585,0.162,111.5,108.7,2.7,0.107,0.117
2403,Nene,HOU,36.0,42,13.0,3.6,2.9,0.6,0.4,0.4,0.3,0.517,0.0,0.66,0.69,2.4,2019,0.552,0.114,111.1,101.9,9.2,0.07,0.105
203457,Nerlens Noel,OKC,25.0,77,13.7,4.9,4.2,0.6,0.9,1.2,0.6,0.587,0.0,0.684,0.623,-1.0,2019,0.608,0.137,99.0,101.7,-2.6,0.067,0.139
201587,Nicolas Batum,CHA,30.0,75,31.4,9.3,5.2,3.3,0.9,0.6,1.6,0.45,0.389,0.865,0.467,-0.3,2019,0.581,0.129,109.7,110.3,-0.5,0.145,0.079
203917,Nik Stauskas,CLE,25.0,68,14.9,5.9,1.9,1.2,0.3,0.1,0.8,0.402,0.372,0.891,0.485,-3.8,2019,0.545,0.171,100.8,113.7,-12.9,0.123,0.059
203999,Nikola Jokić,DEN,24.0,80,31.3,20.1,10.8,7.3,1.4,0.7,3.1,0.511,0.307,0.821,0.663,3.9,2019,0.589,0.271,113.3,107.5,5.8,0.361,0.169
202703,Nikola Mirotic,MIL,28.0,46,27.1,15.2,7.4,1.2,0.7,0.7,1.0,0.439,0.365,0.847,0.522,2.6,2019,0.584,0.206,112.0,108.3,3.7,0.061,0.123
202696,Nikola Vučević,ORL,28.0,80,31.4,20.8,12.0,3.8,1.0,1.1,2.0,0.518,0.364,0.789,0.513,2.7,2019,0.573,0.276,110.4,106.4,4.0,0.208,0.188
203943,Noah Vonleh,NYK,23.0,68,25.3,8.4,7.8,1.9,0.7,0.8,1.3,0.47,0.336,0.712,0.191,-4.3,2019,0.561,0.144,104.7,112.4,-7.7,0.108,0.145
1626181,Norman Powell,TOR,26.0,60,18.8,8.6,2.3,1.5,0.7,0.2,1.1,0.483,0.4,0.827,0.75,0.3,2019,0.596,0.182,105.8,105.5,0.3,0.119,0.058
1628384,OG Anunoby,TOR,21.0,67,20.2,7.0,2.9,0.7,0.7,0.3,0.8,0.453,0.332,0.581,0.687,-0.7,2019,0.544,0.148,104.9,106.5,-1.7,0.05,0.069
1629016,Omari Spellman,ATL,21.0,46,17.5,5.9,4.2,1.0,0.6,0.5,0.7,0.402,0.344,0.711,0.326,-4.4,2019,0.516,0.146,102.6,112.8,-10.3,0.085,0.111
201956,Omri Casspi,MEM,31.0,36,14.5,6.3,3.2,0.7,0.6,0.3,0.6,0.534,0.349,0.672,0.389,0.5,2019,0.606,0.17,104.3,103.2,1.1,0.077,0.109
203490,Otto Porter Jr.,CHI,26.0,56,30.1,13.9,5.6,2.1,1.5,0.6,1.2,0.465,0.406,0.813,0.446,-0.4,2019,0.569,0.185,111.2,111.6,-0.4,0.1,0.092
200782,P.J. Tucker,HOU,34.0,82,34.2,7.3,5.8,1.2,1.6,0.5,0.8,0.396,0.377,0.695,0.646,3.0,2019,0.547,0.094,114.0,109.5,4.5,0.047,0.084
1627783,Pascal Siakam,TOR,25.0,80,31.8,16.9,6.9,3.1,0.9,0.7,1.9,0.549,0.369,0.785,0.713,7.4,2019,0.628,0.205,114.8,104.2,10.6,0.141,0.105
1626192,Pat Connaughton,MIL,26.0,61,20.7,6.9,4.2,2.0,0.5,0.4,0.5,0.466,0.33,0.725,0.705,1.9,2019,0.573,0.13,111.0,106.1,5.0,0.128,0.092
201976,Patrick Beverley,LAC,30.0,78,27.4,7.6,5.0,3.8,0.9,0.6,1.1,0.407,0.397,0.78,0.615,1.9,2019,0.561,0.12,112.7,108.7,4.0,0.183,0.087
1627775,Patrick McCaw,TOR,23.0,29,13.7,2.6,1.7,1.0,0.8,0.1,0.6,0.413,0.321,0.867,0.586,-2.1,2019,0.532,0.093,103.6,109.9,-6.4,0.099,0.061
202335,Patrick Patterson,OKC,30.0,63,13.7,3.6,2.3,0.5,0.3,0.2,0.3,0.374,0.336,0.633,0.635,-1.7,2019,0.493,0.118,101.5,107.3,-5.7,0.049,0.078
201988,Patty Mills,SAS,30.0,82,23.3,9.9,2.2,3.0,0.6,0.1,1.1,0.425,0.394,0.854,0.585,2.5,2019,0.572,0.175,113.6,109.1,4.5,0.174,0.045
2200,Pau Gasol,MIL,38.0,30,12.0,3.9,4.6,1.7,0.2,0.5,0.5,0.447,0.462,0.7,0.567,-1.1,2019,0.529,0.151,104.9,111.1,-6.2,0.209,0.181
202331,Paul George,OKC,29.0,77,36.9,28.0,8.2,4.1,2.2,0.4,2.7,0.438,0.386,0.839,0.597,6.4,2019,0.583,0.285,112.1,103.9,8.2,0.173,0.101
200794,Paul Millsap,DEN,34.0,70,27.1,12.6,7.2,2.0,1.2,0.8,1.4,0.484,0.365,0.727,0.7,4.9,2019,0.57,0.191,114.0,105.4,8.6,0.104,0.13
202347,Quincy Pondexter,SAS,31.0,53,5.5,1.8,0.9,0.5,0.2,0.0,0.2,0.5,0.333,0.81,0.547,-0.3,2019,0.641,0.129,99.2,101.4,-2.2,0.121,0.077
1626188,Quinn Cook,GSW,26.0,74,14.3,6.9,2.1,1.6,0.3,0.0,0.7,0.465,0.405,0.769,0.662,-1.8,2019,0.565,0.2,105.8,112.1,-6.3,0.167,0.072
200765,Rajon Rondo,LAL,33.0,46,29.8,9.2,5.3,8.0,1.2,0.2,2.8,0.405,0.359,0.639,0.413,-5.3,2019,0.473,0.172,104.7,113.3,-8.6,0.36,0.083
203526,Raul Neto,UTA,27.0,37,12.8,5.3,1.7,2.5,0.4,0.1,0.9,0.46,0.333,0.848,0.703,4.7,2019,0.558,0.184,116.1,98.6,17.5,0.251,0.064
101109,Raymond Felton,OKC,35.0,33,11.5,4.3,1.0,1.6,0.3,0.2,0.4,0.407,0.328,0.923,0.576,0.5,2019,0.505,0.165,100.9,98.3,2.6,0.209,0.04
203493,Reggie Bullock Jr.,LAL,28.0,63,29.8,11.3,2.7,2.0,0.6,0.2,1.0,0.412,0.377,0.859,0.429,-0.8,2019,0.563,0.154,109.0,110.3,-1.3,0.096,0.045
202704,Reggie Jackson,DET,29.0,82,27.9,15.4,2.6,4.2,0.7,0.1,1.8,0.421,0.369,0.864,0.5,0.5,2019,0.547,0.237,108.9,108.4,0.5,0.241,0.046
1626158,Richaun Holmes,PHX,25.0,70,16.9,8.2,4.7,0.9,0.6,1.1,0.7,0.608,0.0,0.731,0.229,-2.5,2019,0.647,0.174,103.5,108.9,-5.4,0.082,0.134
201937,Ricky Rubio,UTA,28.0,68,27.9,12.7,3.6,6.1,1.3,0.1,2.6,0.404,0.311,0.855,0.588,3.7,2019,0.52,0.221,110.4,104.1,6.3,0.313,0.062
203496,Robert Covington,MIN,28.0,35,34.4,13.3,5.5,1.3,2.1,1.3,1.3,0.431,0.378,0.764,0.571,1.8,2019,0.58,0.154,108.5,106.2,2.3,0.055,0.075
1629057,Robert Williams III,BOS,21.0,32,8.8,2.5,2.5,0.2,0.3,1.3,0.3,0.706,0.0,0.6,0.563,-1.6,2019,0.703,0.101,98.2,104.1,-5.9,0.04,0.126
201577,Robin Lopez,CHI,31.0,74,21.7,9.5,3.9,1.2,0.1,1.1,1.3,0.568,0.226,0.724,0.27,-1.9,2019,0.598,0.183,105.5,109.9,-4.4,0.084,0.085
1629066,Rodions Kurucs,BKN,21.0,63,20.5,8.5,3.9,0.8,0.7,0.4,1.2,0.45,0.315,0.783,0.571,0.0,2019,0.545,0.175,107.0,107.4,-0.4,0.057,0.086
203918,Rodney Hood,POR,26.0,72,26.3,11.2,2.2,1.8,0.8,0.2,0.8,0.435,0.356,0.884,0.403,-3.8,2019,0.545,0.178,106.3,113.7,-7.4,0.101,0.041
203585,Rodney McGruder,LAC,27.0,66,23.5,7.6,3.6,1.7,0.5,0.2,1.0,0.403,0.351,0.722,0.47,-0.6,2019,0.51,0.147,104.9,106.3,-1.4,0.103,0.07
1626178,Rondae Hollis-Jefferson,BKN,24.0,59,20.9,8.9,5.3,1.6,0.7,0.5,1.2,0.411,0.184,0.645,0.458,-0.2,2019,0.464,0.21,106.3,105.6,0.7,0.119,0.115
1626220,Royce O'Neale,UTA,26.0,82,20.4,5.2,3.5,1.5,0.7,0.3,0.9,0.475,0.386,0.762,0.61,2.1,2019,0.589,0.108,106.7,101.9,4.8,0.102,0.082
200752,Rudy Gay,SAS,32.0,69,26.7,13.7,6.8,2.6,0.8,0.5,1.7,0.504,0.402,0.816,0.609,2.3,2019,0.583,0.216,110.9,106.8,4.1,0.145,0.125
203497,Rudy Gobert,UTA,27.0,81,31.8,15.9,12.9,2.0,0.8,2.3,1.6,0.669,0.0,0.636,0.617,4.7,2019,0.682,0.175,110.5,103.6,6.9,0.095,0.194
201566,Russell Westbrook,OKC,30.0,73,36.0,22.9,11.1,10.7,1.9,0.5,4.5,0.428,0.29,0.656,0.603,4.0,2019,0.501,0.301,112.4,107.4,5.0,0.44,0.141
201583,Ryan Anderson,MIA,31.0,25,12.9,2.5,2.2,0.8,0.2,0.0,0.6,0.304,0.225,0.75,0.28,-2.9,2019,0.414,0.12,95.8,108.6,-12.8,0.088,0.084
1627853,Ryan Arcidiacono,CHI,25.0,81,24.2,6.7,2.7,3.3,0.8,0.0,0.8,0.447,0.373,0.873,0.272,-3.1,2019,0.588,0.117,104.4,110.2,-5.8,0.191,0.054
1629151,Ryan Broekhoff,DAL,28.0,42,10.8,4.0,1.5,0.5,0.1,0.1,0.4,0.452,0.409,0.789,0.357,1.7,2019,0.621,0.14,111.2,102.8,8.3,0.069,0.065
1626257,Salah Mejri,DAL,33.0,36,11.1,3.9,3.6,1.0,0.3,0.7,0.6,0.491,0.324,0.625,0.361,-1.4,2019,0.559,0.153,104.3,108.7,-4.4,0.137,0.149
1626155,Sam Dekker,WAS,25.0,47,16.8,6.1,3.1,1.0,0.8,0.1,0.5,0.469,0.306,0.609,0.298,-1.9,2019,0.519,0.157,106.9,112.2,-5.3,0.081,0.092
1628400,Semi Ojeleye,BOS,24.0,56,10.6,3.3,1.5,0.4,0.2,0.1,0.3,0.424,0.315,0.615,0.696,1.3,2019,0.531,0.137,106.3,100.2,6.0,0.054,0.067
201586,Serge Ibaka,TOR,29.0,74,27.2,15.0,8.1,1.3,0.4,1.4,1.5,0.529,0.29,0.763,0.716,3.5,2019,0.582,0.227,113.5,107.4,6.1,0.076,0.144
203552,Seth Curry,POR,28.0,74,18.9,7.9,1.6,0.9,0.5,0.2,0.8,0.456,0.45,0.846,0.662,1.8,2019,0.595,0.164,109.4,105.1,4.3,0.068,0.041
203894,Shabazz Napier,BKN,27.0,56,17.6,9.4,1.8,2.6,0.7,0.3,1.2,0.389,0.333,0.833,0.464,0.3,2019,0.534,0.234,105.6,104.3,1.3,0.235,0.047
1628983,Shai Gilgeous-Alexander,LAC,20.0,82,26.5,10.8,2.8,3.3,1.2,0.5,1.7,0.476,0.367,0.8,0.585,-1.3,2019,0.554,0.182,108.8,110.8,-2.0,0.179,0.053
1629003,Shake Milton,PHI,22.0,20,13.4,4.4,1.8,0.9,0.4,0.4,0.3,0.391,0.318,0.714,0.5,-0.1,2019,0.483,0.147,110.9,112.1,-1.1,0.086,0.062
1627885,Shaquille Harrison,CHI,25.0,73,19.6,6.5,3.0,1.9,1.2,0.4,0.8,0.432,0.27,0.667,0.274,-4.3,2019,0.494,0.16,100.3,110.5,-10.2,0.142,0.076
2733,Shaun Livingston,GSW,33.0,64,15.1,4.0,1.8,1.8,0.5,0.4,0.6,0.519,0.0,0.784,0.703,0.7,2019,0.555,0.118,110.5,107.3,3.2,0.154,0.058
202714,Shelvin Mack,CHA,29.0,57,21.9,7.5,1.8,3.2,0.8,0.1,1.2,0.404,0.354,0.69,0.386,-4.3,2019,0.489,0.179,99.3,108.4,-9.1,0.241,0.042
1628414,Sindarius Thornwell,LAC,24.0,64,4.9,1.0,0.7,0.3,0.2,0.1,0.3,0.347,0.2,0.735,0.578,-0.6,2019,0.485,0.105,96.9,97.7,-0.8,0.079,0.063
203524,Solomon Hill,NOP,28.0,44,20.0,4.3,3.0,1.3,0.5,0.2,0.7,0.382,0.317,0.719,0.318,-2.9,2019,0.497,0.104,106.5,113.0,-6.5,0.08,0.069
203915,Spencer Dinwiddie,BKN,26.0,68,28.1,16.8,2.4,4.6,0.6,0.3,2.2,0.442,0.335,0.806,0.529,-1.2,2019,0.58,0.242,107.1,109.8,-2.7,0.272,0.041
1626169,Stanley Johnson,NOP,23.0,66,18.3,6.9,3.3,1.3,0.9,0.2,1.2,0.389,0.288,0.781,0.424,-3.0,2019,0.485,0.186,95.5,103.4,-7.9,0.118,0.081
201939,Stephen Curry,GSW,31.0,69,33.8,27.3,5.3,5.2,1.3,0.4,2.8,0.472,0.437,0.916,0.754,10.0,2019,0.641,0.292,119.5,105.8,13.7,0.225,0.075
1628425,Sterling Brown,MIL,24.0,58,17.8,6.4,3.2,1.4,0.4,0.1,0.8,0.465,0.361,0.69,0.776,0.0,2019,0.563,0.149,106.4,106.1,0.2,0.115,0.08
203500,Steven Adams,OKC,25.0,80,33.4,13.9,9.5,1.6,1.5,1.0,1.7,0.595,0.0,0.5,0.588,4.9,2019,0.591,0.16,112.6,105.9,6.7,0.063,0.131
1629004,Svi Mykhailiuk,DET,22.0,42,10.5,3.2,0.9,0.9,0.3,0.0,0.5,0.329,0.326,0.6,0.452,-0.2,2019,0.447,0.157,105.2,105.7,-0.5,0.11,0.038
1628388,T.J. Leaf,IND,22.0,58,9.0,3.9,2.2,0.4,0.2,0.3,0.2,0.541,0.258,0.613,0.603,0.8,2019,0.572,0.158,105.1,101.5,3.6,0.063,0.111
204456,T.J. McConnell,PHI,27.0,76,19.3,6.4,2.3,3.4,1.0,0.2,1.2,0.525,0.333,0.784,0.605,-0.1,2019,0.555,0.148,108.1,108.8,-0.7,0.249,0.057
203933,T.J. Warren,PHX,25.0,43,31.6,18.0,4.0,1.5,1.2,0.7,1.2,0.486,0.428,0.815,0.233,-5.2,2019,0.58,0.221,106.4,114.1,-7.7,0.073,0.064
201959,Taj Gibson,MIN,34.0,70,24.1,10.8,6.5,1.2,0.8,0.6,1.0,0.566,0.324,0.757,0.457,-1.2,2019,0.612,0.167,109.5,111.6,-2.1,0.072,0.128
1627752,Taurean Prince,ATL,25.0,55,28.2,13.5,3.6,2.1,1.0,0.3,1.8,0.441,0.39,0.819,0.345,-4.4,2019,0.575,0.19,108.4,115.4,-6.9,0.107,0.06
1628390,Terrance Ferguson,OKC,21.0,74,26.1,6.9,1.9,1.0,0.5,0.2,0.6,0.429,0.366,0.725,0.595,1.9,2019,0.566,0.104,111.0,107.1,3.9,0.046,0.034
203082,Terrence Ross,ORL,28.0,81,26.5,15.1,3.5,1.7,0.9,0.4,1.1,0.428,0.383,0.875,0.519,0.1,2019,0.561,0.23,105.3,105.9,-0.5,0.103,0.062
1626179,Terry Rozier,BOS,25.0,79,22.7,9.0,3.9,2.9,0.9,0.3,0.9,0.387,0.353,0.785,0.595,-0.5,2019,0.501,0.181,104.8,105.9,-1.1,0.193,0.08
200757,Thabo Sefolosha,UTA,35.0,50,12.2,3.8,2.5,0.5,0.9,0.1,0.5,0.477,0.436,0.636,0.56,2.5,2019,0.599,0.129,108.3,99.5,8.8,0.059,0.102
201152,Thaddeus Young,IND,31.0,81,30.7,12.6,6.5,2.5,1.5,0.4,1.5,0.527,0.349,0.644,0.58,1.7,2019,0.569,0.179,109.0,106.5,2.5,0.12,0.105
1629033,Theo Pinson,BKN,23.0,18,11.7,4.5,2.0,1.2,0.3,0.0,1.0,0.342,0.261,0.864,0.389,-0.1,2019,0.49,0.191,93.6,94.3,-0.6,0.167,0.07
1628418,Thomas Bryant,WAS,21.0,72,20.8,10.5,6.3,1.3,0.3,0.9,0.8,0.616,0.333,0.781,0.403,-1.5,2019,0.674,0.17,109.0,112.6,-3.6,0.09,0.145
1627748,Thon Maker,DET,22.0,64,15.2,5.0,3.2,0.7,0.3,0.8,0.5,0.407,0.32,0.667,0.688,-0.1,2019,0.53,0.148,104.3,103.4,0.9,0.066,0.095
204025,Tim Frazier,MIL,28.0,59,19.0,5.3,2.8,4.2,0.5,0.1,1.3,0.444,0.366,0.759,0.458,-1.1,2019,0.544,0.132,107.9,110.6,-2.7,0.286,0.071
203501,Tim Hardaway Jr.,DAL,27.0,65,31.6,18.1,3.4,2.4,0.8,0.1,1.6,0.393,0.34,0.841,0.215,-6.2,2019,0.527,0.246,105.4,114.5,-9.1,0.125,0.051
1627789,Timothe Luwawu-Cabarrot,CHI,24.0,50,13.4,4.6,1.9,0.5,0.4,0.2,0.4,0.376,0.31,0.756,0.5,-4.2,2019,0.489,0.156,98.5,112.9,-14.4,0.057,0.067
202699,Tobias Harris,PHI,26.0,82,34.7,20.0,7.9,2.8,0.6,0.5,1.8,0.487,0.397,0.866,0.561,0.2,2019,0.592,0.225,110.9,110.5,0.4,0.126,0.108
203107,Tomas Satoransky,WAS,27.0,80,27.0,8.9,3.5,5.0,1.0,0.2,1.5,0.485,0.395,0.819,0.4,-0.7,2019,0.59,0.139,110.1,110.5,-0.4,0.248,0.063
2225,Tony Parker,CHA,37.0,56,17.9,9.5,1.5,3.7,0.4,0.1,1.3,0.46,0.255,0.734,0.536,0.3,2019,0.512,0.247,107.4,107.5,-0.1,0.331,0.04
203503,Tony Snell,MIL,27.0,74,17.6,6.0,2.1,0.9,0.4,0.2,0.3,0.452,0.397,0.881,0.743,2.3,2019,0.585,0.127,110.0,103.4,6.6,0.069,0.055
1628470,Torrey Craig,DEN,28.0,75,20.0,5.7,3.5,1.0,0.5,0.6,0.6,0.442,0.324,0.7,0.667,1.0,2019,0.547,0.121,112.0,108.7,3.3,0.062,0.084
1629027,Trae Young,ATL,20.0,81,30.9,19.1,3.7,8.1,0.9,0.2,3.8,0.418,0.324,0.829,0.358,-4.1,2019,0.539,0.277,108.5,114.8,-6.3,0.39,0.057
1626203,Treveon Graham,BKN,25.0,35,20.4,5.3,3.1,1.0,0.4,0.2,0.5,0.335,0.297,0.818,0.543,0.8,2019,0.458,0.123,109.5,107.1,2.3,0.062,0.067
2772,Trevor Ariza,WAS,33.0,69,34.0,12.5,5.4,3.7,1.3,0.3,1.5,0.399,0.334,0.793,0.319,-4.8,2019,0.534,0.164,107.6,114.4,-6.8,0.149,0.079
203504,Trey Burke,DAL,26.0,58,19.4,10.9,1.7,2.7,0.6,0.1,0.8,0.431,0.352,0.831,0.276,-0.6,2019,0.524,0.242,107.0,108.4,-1.5,0.229,0.041
1626168,Trey Lyles,DEN,23.0,64,17.5,8.5,3.8,1.4,0.5,0.4,1.1,0.418,0.255,0.698,0.656,0.1,2019,0.5,0.229,105.7,105.7,0.0,0.116,0.103
202684,Tristan Thompson,CLE,28.0,43,27.9,10.9,10.2,2.0,0.7,0.4,1.4,0.529,0.0,0.642,0.186,-7.0,2019,0.551,0.175,106.5,118.8,-12.3,0.11,0.184
1628972,Troy Brown Jr.,WAS,19.0,52,14.0,4.8,2.8,1.5,0.4,0.1,0.6,0.415,0.319,0.681,0.385,0.0,2019,0.487,0.158,110.0,110.3,-0.3,0.147,0.095
203584,Troy Daniels,PHX,27.0,51,14.9,6.2,1.4,0.5,0.5,0.1,0.5,0.411,0.381,0.783,0.255,-2.2,2019,0.558,0.171,104.4,110.8,-6.4,0.052,0.047
1627786,Troy Williams,SAC,24.0,21,14.9,5.3,2.8,0.5,0.5,0.4,0.4,0.449,0.318,0.6,0.333,-3.2,2019,0.531,0.144,100.1,109.6,-9.5,0.051,0.086
1628416,Tyler Dorsey,MEM,23.0,48,14.5,6.2,2.4,1.2,0.3,0.0,0.6,0.405,0.333,0.623,0.229,-0.7,2019,0.509,0.182,106.4,108.4,-2.0,0.118,0.076
204020,Tyler Johnson,PHX,27.0,57,26.8,10.9,3.0,2.9,0.9,0.5,1.4,0.413,0.346,0.748,0.456,-2.2,2019,0.532,0.18,104.4,108.5,-4.0,0.165,0.053
201936,Tyreke Evans,IND,29.0,69,20.3,10.2,2.9,2.4,0.8,0.3,1.7,0.389,0.356,0.719,0.594,0.9,2019,0.483,0.255,105.9,103.9,1.9,0.176,0.069
1627820,Tyrone Wallace,LAC,25.0,62,10.1,3.5,1.6,0.7,0.3,0.1,0.6,0.424,0.211,0.526,0.548,0.9,2019,0.45,0.174,108.0,104.2,3.7,0.09,0.072
2199,Tyson Chandler,LAL,36.0,55,15.9,3.1,5.6,0.7,0.4,0.4,0.8,0.616,0.0,0.586,0.473,-0.7,2019,0.63,0.084,102.5,104.4,-1.9,0.057,0.154
1626145,Tyus Jones,MIN,23.0,68,22.9,6.9,2.0,4.8,1.2,0.1,0.7,0.415,0.317,0.841,0.426,0.0,2019,0.491,0.139,108.4,108.7,-0.3,0.284,0.041
203506,Victor Oladipo,IND,27.0,36,31.9,18.8,5.6,5.2,1.7,0.3,2.3,0.423,0.343,0.73,0.694,3.5,2019,0.519,0.278,110.1,104.6,5.6,0.25,0.087
1713,Vince Carter,ATL,42.0,76,17.5,7.4,2.6,1.1,0.6,0.4,0.6,0.419,0.389,0.712,0.329,-2.4,2019,0.565,0.164,101.8,108.0,-6.3,0.097,0.066
201961,Wayne Ellington,DET,31.0,53,24.5,10.3,2.0,1.4,1.0,0.1,0.8,0.403,0.371,0.796,0.491,-0.2,2019,0.569,0.167,106.7,107.2,-0.5,0.086,0.039
1627782,Wayne Selden,CHI,24.0,75,19.2,6.9,2.4,1.5,0.4,0.2,1.1,0.406,0.316,0.728,0.36,-3.9,2019,0.491,0.178,102.6,112.1,-9.6,0.112,0.06
1628976,Wendell Carter Jr.,CHI,20.0,44,25.2,10.3,7.0,1.8,0.6,1.3,1.5,0.485,0.188,0.795,0.227,-6.6,2019,0.541,0.192,97.8,109.5,-11.7,0.118,0.136
1628411,Wes Iwundu,ORL,24.0,68,18.1,5.0,2.7,1.1,0.4,0.3,0.6,0.412,0.367,0.816,0.529,0.5,2019,0.531,0.125,104.9,103.1,1.7,0.08,0.068
202325,Wesley Johnson,WAS,31.0,38,14.1,3.4,1.9,0.6,0.4,0.3,0.5,0.352,0.329,0.684,0.447,-2.4,2019,0.469,0.115,104.6,111.9,-7.3,0.054,0.062
202083,Wesley Matthews,IND,32.0,69,30.3,12.2,2.5,2.3,0.8,0.2,1.3,0.4,0.372,0.81,0.391,-1.3,2019,0.546,0.175,107.4,109.4,-2.0,0.113,0.039
203115,Will Barton,DEN,28.0,43,27.7,11.5,4.6,2.9,0.4,0.5,1.5,0.402,0.342,0.77,0.628,0.2,2019,0.501,0.195,109.7,109.1,0.6,0.146,0.081
1626161,Willie Cauley-Stein,SAC,25.0,81,27.3,11.9,8.4,2.4,1.2,0.6,1.0,0.556,0.5,0.551,0.481,0.7,2019,0.566,0.173,110.0,108.7,1.2,0.121,0.142
1626195,Willy Hernangomez,CHA,25.0,58,14.0,7.3,5.4,1.0,0.3,0.3,1.0,0.519,0.385,0.694,0.534,-1.6,2019,0.587,0.206,109.2,115.3,-6.2,0.112,0.182
201163,Wilson Chandler,LAC,32.0,51,23.1,6.0,4.2,1.6,0.5,0.4,0.9,0.418,0.373,0.72,0.686,2.1,2019,0.537,0.115,112.7,108.5,4.2,0.089,0.089
1627812,Yogi Ferrell,SAC,26.0,71,15.0,5.9,1.5,1.9,0.5,0.1,0.6,0.435,0.362,0.896,0.465,-0.8,2019,0.55,0.16,106.4,108.9,-2.6,0.176,0.048
1628380,Zach Collins,POR,21.0,77,17.6,6.6,4.2,0.9,0.3,0.9,1.0,0.473,0.331,0.746,0.662,-0.1,2019,0.562,0.166,107.9,107.8,0.1,0.076,0.112
203897,Zach LaVine,CHI,24.0,63,34.5,23.7,4.7,4.5,1.0,0.4,3.4,0.467,0.374,0.832,0.254,-4.8,2019,0.574,0.298,105.8,112.4,-6.5,0.224,0.066
2585,Zaza Pachulia,DET,35.0,68,12.9,3.9,3.9,1.3,0.5,0.3,0.8,0.44,0.0,0.782,0.515,-1.4,2019,0.539,0.147,100.8,105.3,-4.6,0.161,0.141
203932,Aaron Gordon,ORL,24.0,62,32.5,14.4,7.7,3.7,0.8,0.6,1.6,0.437,0.308,0.674,0.484,-1.1,2020,0.516,0.205,108.6,109.7,-1.2,0.165,0.114
1628988,Aaron Holiday,IND,23.0,66,24.5,9.5,2.4,3.4,0.8,0.2,1.3,0.414,0.394,0.851,0.636,1.7,2020,0.521,0.182,109.1,106.9,2.2,0.188,0.046
1627846,Abdel Nader,OKC,26.0,55,15.8,6.3,1.8,0.7,0.4,0.4,0.8,0.468,0.375,0.773,0.673,-1.5,2020,0.591,0.164,100.9,105.2,-4.2,0.068,0.056
1629678,Admiral Schofield,WAS,23.0,33,11.2,3.0,1.4,0.5,0.2,0.1,0.2,0.38,0.311,0.667,0.273,-1.7,2020,0.502,0.118,102.9,110.0,-7.1,0.057,0.059
201143,Al Horford,PHI,34.0,67,30.2,11.9,6.8,4.0,0.8,0.9,1.2,0.45,0.35,0.763,0.582,1.9,2020,0.536,0.173,110.1,106.8,3.3,0.187,0.111
202329,Al-Farouq Aminu,ORL,29.0,18,21.1,4.3,4.8,1.2,1.0,0.4,0.9,0.291,0.25,0.655,0.389,-1.9,2020,0.395,0.127,94.7,100.1,-5.4,0.088,0.102
202692,Alec Burks,PHI,28.0,66,26.6,15.0,4.3,2.9,0.9,0.3,1.4,0.418,0.385,0.887,0.318,-3.4,2020,0.561,0.23,103.5,109.8,-6.3,0.179,0.077
1627936,Alex Caruso,LAL,26.0,64,18.4,5.5,1.9,1.9,1.1,0.3,0.8,0.412,0.333,0.734,0.75,3.8,2020,0.525,0.136,110.8,101.0,9.8,0.138,0.051
203458,Alex Len,SAC,27.0,55,17.6,8.0,5.8,0.9,0.4,0.9,1.0,0.555,0.271,0.648,0.327,-2.0,2020,0.6,0.176,102.3,107.8,-5.4,0.083,0.149
1628035,Alfonzo McKinnie,CLE,27.0,40,14.8,4.6,2.8,0.4,0.6,0.2,0.7,0.427,0.215,0.71,0.275,-2.3,2020,0.493,0.147,105.6,113.0,-7.4,0.032,0.095
203459,Allen Crabbe,MIN,28.0,37,17.6,4.6,2.1,0.9,0.4,0.1,0.5,0.356,0.303,0.714,0.135,-6.0,2020,0.47,0.122,97.5,112.5,-15.0,0.073,0.053
1629019,Allonzo Trier,NYK,24.0,24,12.1,6.5,1.2,1.2,0.1,0.2,0.9,0.481,0.358,0.791,0.083,-3.0,2020,0.62,0.208,100.0,111.1,-11.1,0.164,0.046
203083,Andre Drummond,CLE,26.0,57,33.0,17.7,15.2,2.7,1.9,1.6,3.6,0.533,0.143,0.575,0.368,-3.4,2020,0.553,0.253,107.0,112.0,-5.0,0.133,0.229
2738,Andre Iguodala,MIA,36.0,21,19.9,4.6,3.7,2.4,0.7,1.0,1.2,0.432,0.298,0.4,0.476,-1.2,2020,0.507,0.121,106.9,108.8,-1.9,0.181,0.088
203952,Andrew Wiggins,GSW,25.0,54,34.4,21.8,5.1,3.7,0.8,1.0,2.4,0.447,0.332,0.709,0.278,-3.7,2020,0.536,0.269,107.7,112.8,-5.1,0.18,0.07
1629014,Anfernee Simons,POR,21.0,70,20.7,8.3,2.2,1.4,0.4,0.1,0.9,0.399,0.332,0.826,0.457,-3.5,2020,0.502,0.18,105.9,113.4,-7.6,0.098,0.047
1627790,Ante Zizic,CLE,23.0,22,10.0,4.4,3.0,0.3,0.3,0.2,0.5,0.569,0.0,0.737,0.182,0.6,2020,0.597,0.168,114.2,112.9,1.3,0.038,0.149
203076,Anthony Davis,LAL,27.0,62,34.4,26.1,9.3,3.2,1.5,2.3,2.5,0.503,0.33,0.846,0.742,3.9,2020,0.61,0.284,111.3,106.4,5.0,0.153,0.131
201229,Anthony Tolliver,MEM,35.0,55,15.9,3.6,2.8,0.8,0.3,0.2,0.6,0.357,0.338,0.724,0.436,-1.9,2020,0.513,0.108,105.5,111.6,-6.0,0.064,0.082
1628394,Anžejs Pasečņiks,WAS,24.0,27,16.2,5.8,4.0,0.7,0.3,0.4,0.9,0.526,0.0,0.586,0.333,-0.1,2020,0.551,0.151,109.6,109.4,0.2,0.058,0.117
203382,Aron Baynes,PHX,33.0,42,22.2,11.5,5.6,1.6,0.2,0.5,1.2,0.48,0.351,0.747,0.452,-1.1,2020,0.581,0.205,110.2,111.7,-1.5,0.108,0.126
203085,Austin Rivers,HOU,27.0,68,23.4,8.8,2.6,1.7,0.7,0.1,0.7,0.421,0.356,0.703,0.632,1.2,2020,0.542,0.153,112.9,110.4,2.6,0.098,0.051
202340,Avery Bradley,LAL,29.0,49,24.2,8.6,2.3,1.3,0.9,0.1,1.0,0.444,0.364,0.833,0.735,3.7,2020,0.537,0.153,111.3,104.0,7.4,0.07,0.047
1628389,Bam Adebayo,MIA,22.0,72,33.6,15.9,10.2,5.1,1.1,1.3,2.8,0.557,0.143,0.691,0.611,3.4,2020,0.598,0.212,112.6,107.7,5.0,0.238,0.153
203463,Ben McLemore,HOU,27.0,71,22.8,10.1,2.2,0.8,0.6,0.2,0.7,0.444,0.4,0.746,0.62,2.6,2020,0.622,0.157,114.2,109.2,5.0,0.05,0.045
1627732,Ben Simmons,PHI,23.0,57,35.4,16.4,7.8,8.0,2.1,0.6,3.5,0.58,0.286,0.621,0.614,1.1,2020,0.602,0.206,109.1,107.3,1.7,0.335,0.107
202687,Bismack Biyombo,CHA,27.0,53,19.4,7.4,5.8,0.9,0.2,0.9,0.9,0.543,0.0,0.603,0.34,-2.9,2020,0.57,0.168,104.1,110.8,-6.6,0.079,0.145
201933,Blake Griffin,DET,31.0,18,28.5,15.5,4.7,3.3,0.4,0.4,2.2,0.352,0.243,0.776,0.444,-1.4,2020,0.476,0.277,109.3,111.9,-2.6,0.184,0.079
1626246,Boban Marjanovic,DAL,31.0,44,9.6,6.6,4.5,0.5,0.2,0.2,0.7,0.573,0.235,0.754,0.477,1.1,2020,0.612,0.258,116.0,110.5,5.5,0.073,0.229
1626171,Bobby Portis,NYK,25.0,66,21.1,10.1,5.1,1.5,0.5,0.3,1.1,0.45,0.358,0.763,0.318,-2.9,2020,0.53,0.207,102.3,110.2,-7.9,0.112,0.114
203992,Bogdan Bogdanović,SAC,27.0,61,28.9,15.1,3.4,3.4,1.0,0.2,1.7,0.44,0.372,0.741,0.475,-0.7,2020,0.565,0.221,109.1,110.8,-1.7,0.184,0.058
202711,Bojan Bogdanovic,UTA,31.0,63,33.1,20.2,4.1,2.1,0.5,0.1,2.5,0.447,0.414,0.903,0.651,4.2,2020,0.603,0.252,113.5,108.0,5.5,0.099,0.062
202954,Brad Wanamaker,BOS,30.0,71,19.3,6.9,2.0,2.5,0.9,0.2,1.1,0.448,0.363,0.926,0.676,1.9,2020,0.577,0.152,110.3,105.2,5.0,0.181,0.05
203078,Bradley Beal,WAS,27.0,57,36.0,30.5,4.2,6.1,1.2,0.4,3.4,0.455,0.353,0.842,0.351,-3.5,2020,0.579,0.338,113.1,117.6,-4.5,0.285,0.058
1629634,Brandon Clarke,MEM,23.0,58,22.4,12.1,5.9,1.4,0.6,0.8,0.9,0.618,0.359,0.759,0.5,-0.3,2020,0.663,0.18,107.7,107.8,-0.1,0.092,0.124
1629164,Brandon Goodwin,ATL,24.0,34,12.7,6.1,2.1,1.5,0.4,0.1,0.9,0.4,0.299,0.933,0.382,-3.8,2020,0.507,0.22,94.5,108.2,-13.8,0.208,0.076
1627742,Brandon Ingram,NOP,22.0,62,33.9,23.8,6.1,4.2,1.0,0.6,3.0,0.463,0.391,0.851,0.403,-0.7,2020,0.587,0.275,110.0,111.3,-1.3,0.192,0.084
202688,Brandon Knight,DET,28.0,25,18.5,7.3,1.6,2.8,0.4,0.1,1.5,0.353,0.344,0.588,0.16,-2.8,2020,0.503,0.207,108.8,116.4,-7.6,0.216,0.047
201572,Brook Lopez,MIL,32.0,68,26.7,12.0,4.6,1.5,0.7,2.4,1.0,0.435,0.314,0.836,0.779,7.7,2020,0.551,0.181,112.2,100.1,12.0,0.073,0.077
1628971,Bruce Brown,DET,23.0,58,28.2,8.9,4.7,4.0,1.1,0.5,1.7,0.443,0.344,0.739,0.31,-2.4,2020,0.518,0.159,106.0,110.4,-4.3,0.208,0.084
203998,Bruno Caboclo,HOU,24.0,30,8.1,3.0,2.0,0.4,0.5,0.6,0.4,0.427,0.182,0.889,0.367,-1.1,2020,0.484,0.17,99.3,104.3,-5.1,0.076,0.111
1628981,Bruno Fernando,ATL,21.0,56,12.7,4.3,3.5,0.9,0.3,0.3,0.8,0.518,0.135,0.569,0.321,-1.7,2020,0.542,0.147,102.0,107.6,-5.6,0.101,0.131
1627854,Bryn Forbes,SAS,26.0,63,25.1,11.2,2.0,1.7,0.5,0.0,0.9,0.417,0.388,0.833,0.429,-3.4,2020,0.57,0.185,108.0,114.8,-6.8,0.097,0.039
1627741,Buddy Hield,SAC,27.0,72,30.8,19.2,4.6,3.0,0.9,0.2,2.3,0.429,0.394,0.846,0.431,-1.5,2020,0.566,0.263,108.9,111.9,-3.1,0.153,0.074
203468,CJ McCollum,POR,28.0,70,36.5,22.2,4.2,4.4,0.8,0.6,1.8,0.451,0.379,0.757,0.486,0.2,2020,0.541,0.257,114.1,113.6,0.5,0.185,0.054
1628997,Caleb Martin,CHA,24.0,18,17.6,6.2,2.1,1.3,0.7,0.4,0.8,0.44,0.541,0.81,0.333,0.3,2020,0.595,0.152,103.2,102.4,0.8,0.122,0.058
1628403,Caleb Swanigan,POR,23.0,27,10.7,2.4,3.7,1.1,0.1,0.3,1.4,0.596,0.0,0.529,0.444,-1.6,2020,0.597,0.132,108.0,114.5,-6.5,0.138,0.176
1629629,Cam Reddish,ATL,20.0,58,26.7,10.5,3.7,1.5,1.1,0.5,1.7,0.384,0.332,0.802,0.293,-4.2,2020,0.5,0.185,106.9,113.2,-6.3,0.079,0.065
1629661,Cameron Johnson,PHX,24.0,57,22.0,8.8,3.3,1.2,0.6,0.4,0.6,0.435,0.39,0.807,0.491,0.2,2020,0.586,0.151,109.3,108.3,1.0,0.078,0.072
1627747,Caris LeVert,BKN,25.0,45,29.6,18.7,4.2,4.4,1.2,0.2,2.6,0.425,0.364,0.711,0.467,-0.1,2020,0.514,0.284,109.8,109.5,0.2,0.242,0.065
2546,Carmelo Anthony,POR,36.0,58,32.8,15.4,6.3,1.5,0.8,0.5,1.7,0.43,0.385,0.845,0.483,0.3,2020,0.525,0.214,113.6,113.0,0.6,0.063,0.092
1629035,Carsen Edwards,BOS,22.0,37,9.5,3.3,1.3,0.6,0.3,0.1,0.4,0.328,0.316,0.684,0.676,-1.3,2020,0.444,0.171,94.9,100.4,-5.5,0.111,0.059
1626224,Cedi Osman,CLE,25.0,65,29.4,11.0,3.6,2.4,0.8,0.2,1.4,0.437,0.383,0.67,0.292,-5.4,2020,0.552,0.162,106.3,115.2,-9.0,0.115,0.06
1628990,Chandler Hutchison,CHI,24.0,28,18.8,7.8,3.9,0.9,1.0,0.3,1.0,0.457,0.316,0.59,0.286,-5.1,2020,0.521,0.183,97.0,108.9,-11.9,0.077,0.101
1627767,Cheick Diallo,PHX,23.0,47,10.2,4.7,2.8,0.5,0.2,0.3,0.7,0.648,0.333,0.872,0.426,-1.0,2020,0.688,0.169,103.9,107.7,-3.8,0.076,0.136
1628449,Chris Boucher,TOR,27.0,62,13.2,6.6,4.5,0.4,0.4,1.0,0.5,0.472,0.322,0.784,0.726,1.6,2020,0.587,0.185,109.4,103.8,5.7,0.049,0.154
1629185,Chris Chiozza,BKN,24.0,28,14.3,5.1,1.9,3.0,0.8,0.1,1.1,0.393,0.375,1.0,0.5,3.3,2020,0.499,0.175,107.8,98.5,9.3,0.295,0.059
1629598,Chris Clemons,HOU,22.0,33,8.8,4.9,0.9,0.8,0.3,0.2,0.6,0.401,0.346,0.909,0.576,-1.9,2020,0.548,0.235,98.9,107.7,-8.8,0.162,0.046
101108,Chris Paul,OKC,35.0,70,31.5,17.6,5.0,6.7,1.6,0.2,2.3,0.489,0.365,0.907,0.629,4.7,2020,0.61,0.228,114.0,107.1,6.9,0.324,0.08
1629735,Chris Silva,MIA,23.0,44,7.9,3.0,2.9,0.5,0.2,0.5,0.7,0.615,0.0,0.673,0.614,-1.2,2020,0.651,0.155,103.8,109.8,-6.0,0.103,0.173
1626174,Christian Wood,DET,24.0,62,21.4,13.1,6.3,1.0,0.5,0.9,1.4,0.567,0.386,0.744,0.323,1.1,2020,0.659,0.223,110.8,108.8,2.0,0.074,0.147
203991,Clint Capela,ATL,26.0,39,32.8,13.9,13.8,1.2,0.8,1.8,1.6,0.629,0.0,0.529,0.564,1.5,2020,0.626,0.156,110.0,107.4,2.5,0.056,0.191
1629632,Coby White,CHI,20.0,65,25.8,13.2,3.5,2.7,0.8,0.1,1.7,0.394,0.354,0.791,0.338,-2.5,2020,0.506,0.235,104.4,108.8,-4.4,0.162,0.067
1628998,Cody Martin,CHA,24.0,48,18.8,5.0,3.3,2.0,0.8,0.2,0.9,0.43,0.234,0.646,0.333,-1.4,2020,0.505,0.131,104.5,107.7,-3.2,0.154,0.086
203469,Cody Zeller,CHA,27.0,58,23.1,11.1,7.1,1.5,0.7,0.4,1.3,0.524,0.24,0.682,0.31,-3.8,2020,0.576,0.201,105.3,113.6,-8.3,0.111,0.151
1629012,Collin Sexton,CLE,21.0,65,33.0,20.8,3.1,3.0,1.0,0.1,2.4,0.472,0.38,0.846,0.292,-6.1,2020,0.56,0.264,107.8,117.0,-9.2,0.146,0.048
202709,Cory Joseph,SAC,28.0,72,24.4,6.4,2.6,3.5,0.7,0.3,1.1,0.415,0.352,0.857,0.431,-0.6,2020,0.517,0.127,107.3,107.6,-0.3,0.199,0.053
201584,Courtney Lee,DAL,34.0,24,14.4,4.5,1.3,0.5,0.8,0.3,0.5,0.488,0.447,0.857,0.625,1.6,2020,0.629,0.116,116.8,110.1,6.7,0.044,0.044
1626245,Cristiano Felicio,CHI,27.0,22,17.5,3.9,4.6,0.7,0.5,0.1,0.8,0.63,0.0,0.783,0.273,-2.6,2020,0.671,0.088,111.1,118.8,-7.7,0.053,0.142
1626156,D'Angelo Russell,MIN,24.0,45,32.3,23.1,3.9,6.3,1.1,0.3,3.3,0.426,0.367,0.809,0.244,-5.6,2020,0.556,0.305,106.2,114.3,-8.1,0.327,0.057
201571,D.J. Augustin,ORL,32.0,57,24.9,10.5,2.1,4.6,0.6,0.0,1.5,0.399,0.348,0.89,0.491,1.3,2020,0.554,0.184,106.2,104.6,1.5,0.281,0.041
1628391,D.J. Wilson,MIL,24.0,37,9.8,3.6,2.5,0.7,0.1,0.1,0.5,0.394,0.247,0.611,0.784,-1.3,2020,0.475,0.175,98.4,104.7,-6.3,0.104,0.112
1627745,Damian Jones,ATL,25.0,55,16.1,5.6,3.7,0.6,0.5,0.7,0.5,0.68,0.222,0.738,0.273,-4.7,2020,0.712,0.113,104.7,117.3,-12.6,0.057,0.115
203081,Damian Lillard,POR,29.0,66,37.5,30.0,4.3,8.0,1.1,0.3,2.9,0.463,0.401,0.888,0.5,1.3,2020,0.627,0.294,115.7,114.3,1.4,0.335,0.053
1627814,Damion Lee,GSW,27.0,49,29.0,12.7,4.9,2.7,1.0,0.1,1.4,0.417,0.356,0.873,0.245,-2.5,2020,0.548,0.184,105.6,109.7,-4.1,0.139,0.081
1628422,Damyean Dotson,NYK,26.0,48,17.4,6.7,1.9,1.2,0.5,0.1,0.4,0.414,0.362,0.667,0.292,-1.8,2020,0.527,0.158,102.5,107.8,-5.3,0.105,0.05
1629655,Daniel Gafford,CHI,21.0,43,14.2,5.1,2.5,0.5,0.3,1.3,0.7,0.701,0.0,0.533,0.349,-0.7,2020,0.686,0.131,102.6,104.5,-1.9,0.051,0.087
1628464,Daniel Theis,BOS,28.0,65,24.1,9.2,6.6,1.7,0.6,1.3,0.8,0.566,0.333,0.763,0.646,3.1,2020,0.631,0.144,111.0,104.0,7.0,0.104,0.129
201568,Danilo Gallinari,OKC,31.0,62,29.6,18.7,5.2,1.9,0.7,0.1,1.2,0.438,0.405,0.893,0.597,3.7,2020,0.612,0.242,116.9,111.2,5.7,0.099,0.09
201980,Danny Green,LAL,33.0,68,24.8,8.0,3.3,1.3,1.3,0.5,0.9,0.416,0.367,0.688,0.75,3.8,2020,0.552,0.135,112.4,106.0,6.4,0.069,0.065
203957,Danté Exum,CLE,24.0,35,13.9,4.5,1.9,1.1,0.4,0.2,0.9,0.471,0.349,0.744,0.286,-3.1,2020,0.576,0.145,98.2,107.1,-8.8,0.124,0.066
1627863,Danuel House Jr.,HOU,27.0,63,30.4,10.5,4.2,1.3,1.1,0.5,0.9,0.427,0.363,0.811,0.635,2.0,2020,0.572,0.135,112.0,108.7,3.3,0.061,0.064
203967,Dario Šarić,PHX,26.0,66,24.7,10.7,6.2,1.9,0.6,0.2,1.3,0.476,0.357,0.844,0.485,-1.0,2020,0.592,0.174,110.8,112.0,-1.2,0.105,0.123
1629647,Darius Bazley,OKC,20.0,61,18.5,5.6,4.0,0.7,0.4,0.7,0.7,0.394,0.348,0.694,0.59,-1.3,2020,0.497,0.146,98.9,102.1,-3.2,0.054,0.101
1629636,Darius Garland,CLE,20.0,59,30.9,12.3,1.9,3.9,0.7,0.1,2.6,0.401,0.355,0.875,0.288,-5.0,2020,0.498,0.201,105.2,113.8,-8.7,0.182,0.03
1628021,David Nwaba,HOU,27.0,20,13.4,5.2,2.3,0.4,0.6,0.6,0.4,0.521,0.429,0.667,0.4,1.8,2020,0.627,0.139,102.1,94.9,7.2,0.046,0.071
202722,Davis Bertans,WAS,27.0,54,29.3,15.4,4.5,1.7,0.7,0.6,1.1,0.434,0.424,0.852,0.37,-0.3,2020,0.628,0.183,113.6,113.9,-0.3,0.081,0.074
1628368,De'Aaron Fox,SAC,22.0,51,32.0,21.1,3.8,6.8,1.5,0.5,3.1,0.48,0.292,0.705,0.392,-2.4,2020,0.558,0.29,110.7,114.6,-4.0,0.336,0.059
1629631,De'Andre Hunter,ATL,22.0,63,32.0,12.3,4.5,1.8,0.7,0.3,1.6,0.41,0.355,0.764,0.302,-4.1,2020,0.521,0.173,108.0,113.6,-5.5,0.079,0.068
1629001,De'Anthony Melton,MEM,22.0,60,19.5,7.6,3.7,2.9,1.3,0.3,1.4,0.401,0.286,0.769,0.45,2.0,2020,0.501,0.185,110.2,105.0,5.1,0.196,0.087
201599,DeAndre Jordan,BKN,31.0,56,22.0,8.3,10.0,1.9,0.3,0.9,1.3,0.666,0.0,0.68,0.482,-0.7,2020,0.682,0.136,104.0,105.8,-1.8,0.132,0.202
1627761,DeAndre' Bembry,ATL,25.0,43,21.3,5.8,3.5,1.9,1.3,0.4,1.4,0.456,0.231,0.542,0.233,-6.0,2020,0.5,0.137,98.9,110.6,-11.8,0.13,0.077
201942,DeMar DeRozan,SAS,30.0,68,34.1,22.1,5.5,5.6,1.0,0.3,2.4,0.531,0.257,0.845,0.456,-1.7,2020,0.603,0.262,111.8,113.7,-1.8,0.261,0.08
201960,DeMarre Carroll,HOU,33.0,24,12.1,3.6,2.3,1.0,0.3,0.2,0.7,0.379,0.242,0.69,0.417,-0.1,2020,0.515,0.148,105.5,105.5,0.0,0.116,0.093
1629028,Deandre Ayton,PHX,21.0,38,32.5,18.2,11.5,1.9,0.7,1.5,2.1,0.546,0.231,0.753,0.526,2.6,2020,0.568,0.231,112.5,108.5,4.0,0.091,0.174
1627749,Dejounte Murray,SAS,23.0,66,25.6,10.9,5.8,4.1,1.7,0.3,1.9,0.462,0.369,0.798,0.439,-2.9,2020,0.524,0.207,109.2,113.5,-4.2,0.232,0.112
1626153,Delon Wright,DAL,28.0,73,21.5,6.9,3.8,3.3,1.2,0.3,1.0,0.462,0.37,0.77,0.575,0.5,2020,0.554,0.14,111.2,109.5,1.7,0.215,0.082
203471,Dennis Schröder,OKC,26.0,65,30.8,18.9,3.6,4.0,0.7,0.2,2.6,0.469,0.385,0.839,0.615,3.6,2020,0.575,0.262,108.5,103.0,5.5,0.222,0.056
1628372,Dennis Smith Jr.,NYK,22.0,34,15.8,5.5,2.3,2.9,0.8,0.2,1.7,0.341,0.296,0.509,0.206,-5.7,2020,0.399,0.223,95.7,112.8,-17.1,0.297,0.067
1627756,Denzel Valentine,CHI,26.0,36,13.6,6.8,2.1,1.2,0.7,0.2,0.7,0.409,0.336,0.75,0.333,-1.1,2020,0.511,0.229,99.7,104.7,-5.0,0.147,0.072
1629126,Deonte Burton,OKC,26.0,39,9.1,2.7,1.5,0.4,0.2,0.3,0.5,0.344,0.189,0.571,0.564,-2.6,2020,0.396,0.173,91.3,104.1,-12.7,0.076,0.069
202324,Derrick Favors,NOP,28.0,51,24.4,9.0,9.8,1.6,0.6,0.9,1.1,0.617,0.143,0.563,0.471,2.3,2020,0.62,0.135,112.1,107.9,4.2,0.087,0.185
1627884,Derrick Jones Jr.,MIA,23.0,59,23.3,8.5,3.9,1.1,1.0,0.6,0.5,0.527,0.28,0.772,0.576,-0.5,2020,0.62,0.135,109.9,110.4,-0.5,0.068,0.083
201565,Derrick Rose,DET,31.0,50,26.0,18.1,2.4,5.6,0.8,0.3,2.5,0.49,0.306,0.871,0.34,-1.7,2020,0.555,0.303,108.8,112.2,-3.4,0.373,0.046
1628476,Derrick Walton Jr.,DET,25.0,26,9.6,2.0,0.6,1.0,0.3,0.0,0.2,0.462,0.417,0.778,0.577,-0.3,2020,0.617,0.079,103.7,104.6,-0.9,0.155,0.03
1628401,Derrick White,SAS,25.0,68,24.7,11.3,3.3,3.5,0.6,0.9,1.3,0.458,0.366,0.853,0.471,0.6,2020,0.593,0.183,110.1,109.2,1.0,0.203,0.064
1626164,Devin Booker,PHX,23.0,70,35.9,26.6,4.2,6.5,0.7,0.3,3.8,0.489,0.354,0.919,0.486,1.9,2020,0.618,0.294,114.9,112.2,2.7,0.288,0.059
1628984,Devonte' Graham,CHA,25.0,63,35.1,18.2,3.4,7.5,1.0,0.2,2.9,0.382,0.373,0.82,0.365,-2.9,2020,0.537,0.243,107.4,111.8,-4.5,0.345,0.047
203473,Dewayne Dedmon,ATL,30.0,44,17.6,5.8,5.7,0.5,0.6,0.9,1.3,0.4,0.206,0.833,0.386,-0.6,2020,0.473,0.179,107.4,108.1,-0.7,0.041,0.157
1628415,Dillon Brooks,MEM,24.0,73,28.9,16.2,3.3,2.1,0.9,0.4,1.7,0.407,0.358,0.808,0.466,-0.6,2020,0.51,0.247,108.5,108.9,-0.3,0.104,0.054
203079,Dion Waiters,LAL,28.0,10,20.7,11.1,2.4,2.0,0.4,0.6,1.6,0.414,0.319,0.824,0.4,2.9,2020,0.521,0.243,112.2,104.5,7.8,0.156,0.056
1627734,Domantas Sabonis,IND,24.0,62,34.8,18.5,12.4,5.0,0.8,0.5,2.7,0.54,0.254,0.723,0.597,2.6,2020,0.586,0.229,109.9,106.8,3.1,0.215,0.177
1628378,Donovan Mitchell,UTA,23.0,69,34.3,24.0,4.4,4.3,1.0,0.2,2.7,0.449,0.366,0.863,0.623,1.6,2020,0.558,0.303,111.2,108.6,2.6,0.214,0.064
1628978,Donte DiVincenzo,MIL,23.0,66,23.0,9.2,4.8,2.3,1.3,0.3,1.4,0.455,0.336,0.733,0.803,6.2,2020,0.557,0.168,111.9,99.6,12.2,0.134,0.093
1627827,Dorian Finney-Smith,DAL,27.0,71,29.9,9.5,5.7,1.6,0.6,0.5,1.0,0.466,0.376,0.722,0.563,3.9,2020,0.595,0.128,116.1,109.5,6.5,0.073,0.09
203926,Doug McDermott,IND,28.0,69,19.9,10.3,2.5,1.1,0.2,0.1,0.6,0.488,0.435,0.828,0.623,1.5,2020,0.62,0.186,108.7,105.5,3.2,0.081,0.059
1627733,Dragan Bender,GSW,22.0,16,17.8,6.7,4.6,1.8,0.3,0.6,1.3,0.446,0.349,0.714,0.625,-0.3,2020,0.545,0.18,105.9,104.8,1.1,0.142,0.126
203110,Draymond Green,GSW,30.0,43,28.4,8.0,6.2,6.2,1.4,0.8,2.3,0.389,0.279,0.759,0.233,-4.5,2020,0.489,0.156,103.2,110.4,-7.2,0.31,0.104
1629234,Drew Eubanks,SAS,23.0,22,12.4,4.9,3.9,0.7,0.2,0.8,1.0,0.642,1.0,0.769,0.591,-3.2,2020,0.682,0.15,101.5,112.5,-11.0,0.089,0.151
1629130,Duncan Robinson,MIA,26.0,73,29.7,13.5,3.2,1.4,0.5,0.3,1.0,0.47,0.446,0.931,0.603,4.8,2020,0.684,0.157,113.8,106.2,7.5,0.068,0.054
1628407,Dwayne Bacon,CHA,24.0,39,17.6,5.7,2.6,1.3,0.6,0.1,0.9,0.348,0.284,0.66,0.256,-3.4,2020,0.419,0.189,100.9,109.1,-8.2,0.121,0.069
2730,Dwight Howard,LAL,34.0,69,18.9,7.5,7.3,0.7,0.4,1.1,1.2,0.729,0.6,0.514,0.754,2.3,2020,0.696,0.146,112.3,106.4,5.9,0.048,0.191
203939,Dwight Powell,DAL,28.0,40,26.5,9.4,5.7,1.5,0.9,0.6,0.9,0.638,0.256,0.667,0.625,4.9,2020,0.677,0.126,116.3,107.4,8.9,0.076,0.102
1629058,Dzanan Musa,BKN,21.0,40,12.2,4.8,2.2,1.1,0.4,0.0,0.9,0.372,0.244,0.75,0.5,-0.6,2020,0.484,0.193,102.5,105.1,-2.5,0.131,0.079
202734,E'Twaun Moore,NOP,31.0,56,18.2,8.3,2.3,1.4,0.6,0.2,0.7,0.426,0.377,0.689,0.482,-0.8,2020,0.51,0.196,108.1,110.3,-2.2,0.11,0.06
202334,Ed Davis,UTA,31.0,28,10.8,1.8,3.8,0.4,0.4,0.3,0.5,0.478,0.0,0.5,0.571,-3.9,2020,0.489,0.092,95.2,110.4,-15.2,0.062,0.168
1628410,Edmond Sumner,IND,24.0,31,14.4,4.9,1.5,1.8,0.5,0.3,0.7,0.43,0.264,0.552,0.516,-0.9,2020,0.491,0.167,104.7,107.3,-2.6,0.167,0.049
203901,Elfrid Payton,NYK,26.0,45,27.7,10.0,4.7,7.2,1.6,0.4,2.1,0.439,0.203,0.57,0.378,-1.9,2020,0.47,0.19,109.4,112.3,-3.0,0.347,0.081
1629059,Elie Okobo,PHX,22.0,55,13.1,4.0,1.6,2.1,0.4,0.1,0.7,0.398,0.352,0.704,0.418,-1.2,2020,0.516,0.147,105.7,109.0,-3.2,0.227,0.061
1626144,Emmanuel Mudiay,UTA,24.0,54,15.7,7.3,2.3,2.1,0.4,0.2,1.4,0.462,0.345,0.759,0.63,-0.8,2020,0.543,0.218,105.4,107.4,-2.0,0.212,0.071
202683,Enes Freedom,BOS,28.0,58,17.0,8.1,7.4,1.0,0.4,0.7,1.0,0.572,0.143,0.707,0.621,3.6,2020,0.599,0.186,113.8,103.9,9.9,0.084,0.208
202339,Eric Bledsoe,MIL,30.0,61,27.0,14.9,4.6,5.4,0.9,0.4,2.4,0.475,0.344,0.79,0.787,7.1,2020,0.571,0.233,112.5,100.8,11.8,0.275,0.077
201569,Eric Gordon,HOU,31.0,36,28.2,14.4,2.0,1.5,0.6,0.4,1.2,0.369,0.317,0.766,0.583,0.1,2020,0.51,0.215,110.8,110.4,0.4,0.08,0.032
1629672,Eric Paschall,GSW,23.0,60,27.6,14.0,4.6,2.1,0.5,0.2,1.6,0.497,0.287,0.774,0.233,-6.3,2020,0.571,0.207,103.6,114.2,-10.6,0.126,0.081
101141,Ersan Ilyasova,MIL,33.0,63,15.7,6.6,4.8,0.8,0.4,0.3,0.5,0.466,0.365,0.828,0.762,1.3,2020,0.589,0.158,109.5,105.3,4.2,0.065,0.138
203095,Evan Fournier,ORL,27.0,66,31.4,18.5,2.6,3.2,1.1,0.2,1.9,0.467,0.399,0.818,0.424,-1.2,2020,0.595,0.237,107.7,109.5,-1.8,0.16,0.04
202323,Evan Turner,MIN,31.0,19,13.2,3.3,2.0,2.0,0.5,0.4,1.4,0.373,0.0,0.857,0.158,-3.4,2020,0.424,0.154,92.2,103.6,-11.4,0.235,0.067
1628402,Frank Jackson,NOP,22.0,59,13.5,6.3,1.4,1.0,0.3,0.1,0.8,0.405,0.326,0.747,0.441,-1.0,2020,0.51,0.203,109.9,113.3,-3.4,0.107,0.048
1626163,Frank Kaminsky,PHX,27.0,39,19.9,9.7,4.5,1.9,0.4,0.3,0.9,0.45,0.331,0.678,0.487,-0.2,2020,0.545,0.204,108.0,109.0,-1.0,0.144,0.11
1628373,Frank Ntilikina,NYK,21.0,57,20.8,6.3,2.1,3.0,0.9,0.3,1.2,0.393,0.321,0.864,0.333,-1.7,2020,0.497,0.152,104.8,108.7,-3.9,0.209,0.049
1627832,Fred VanVleet,TOR,26.0,54,35.7,17.6,3.8,6.6,1.9,0.3,2.2,0.413,0.39,0.848,0.741,3.8,2020,0.553,0.218,109.1,104.3,4.8,0.281,0.05
1627788,Furkan Korkmaz,PHI,22.0,72,21.7,9.8,2.3,1.1,0.6,0.2,0.8,0.43,0.402,0.755,0.583,1.3,2020,0.579,0.177,109.3,106.6,2.7,0.073,0.052
202066,Garrett Temple,BKN,34.0,62,27.9,10.3,3.5,2.5,0.8,0.5,1.0,0.378,0.329,0.805,0.484,-0.7,2020,0.513,0.162,105.6,106.9,-1.4,0.132,0.056
1629726,Garrison Mathews,WAS,23.0,18,12.6,5.4,1.3,0.6,0.4,0.1,0.4,0.429,0.413,0.912,0.444,1.9,2020,0.691,0.137,111.8,104.7,7.1,0.063,0.05
1629109,Gary Clark,ORL,25.0,42,13.5,3.7,2.6,0.4,0.1,0.5,0.2,0.406,0.351,0.9,0.548,-1.3,2020,0.568,0.105,104.2,109.3,-5.1,0.043,0.086
203914,Gary Harris,DEN,25.0,56,31.8,10.4,2.9,2.1,1.4,0.3,1.1,0.42,0.333,0.815,0.661,2.2,2020,0.519,0.15,110.5,107.1,3.4,0.091,0.046
1627780,Gary Payton II,WAS,27.0,29,14.9,3.9,2.8,1.7,1.1,0.2,0.7,0.414,0.283,0.5,0.448,-4.8,2020,0.473,0.129,101.7,116.1,-14.3,0.158,0.088
1629018,Gary Trent Jr.,POR,21.0,61,21.8,8.9,1.6,1.0,0.8,0.3,0.3,0.444,0.418,0.822,0.475,-0.9,2020,0.587,0.15,112.2,113.6,-1.4,0.064,0.035
201588,George Hill,MIL,34.0,59,21.5,9.4,3.0,3.1,0.8,0.1,1.0,0.516,0.46,0.842,0.797,5.1,2020,0.659,0.152,112.7,102.1,10.6,0.196,0.063
1627777,Georges Niang,UTA,27.0,66,14.0,5.9,1.9,0.7,0.3,0.1,0.5,0.438,0.4,0.833,0.621,-0.6,2020,0.589,0.163,107.1,108.1,-1.1,0.069,0.066
203507,Giannis Antetokounmpo,MIL,25.0,63,30.4,29.5,13.6,5.6,1.0,1.0,3.7,0.553,0.304,0.633,0.81,10.8,2020,0.613,0.363,112.8,97.4,15.4,0.328,0.196
203922,Glenn Robinson III,PHI,26.0,62,28.8,11.7,4.4,1.5,0.9,0.3,0.9,0.486,0.391,0.86,0.274,-4.8,2020,0.577,0.16,106.5,114.3,-7.8,0.081,0.074
1629048,Goga Bitadze,IND,20.0,54,8.7,3.2,2.0,0.4,0.2,0.7,0.5,0.467,0.19,0.727,0.593,-0.3,2020,0.523,0.17,102.2,103.7,-1.4,0.066,0.103
201609,Goran Dragic,MIA,34.0,59,28.2,16.2,3.2,5.1,0.7,0.2,2.4,0.441,0.367,0.776,0.627,2.8,2020,0.573,0.248,111.7,108.2,3.5,0.297,0.055
202330,Gordon Hayward,BOS,30.0,52,33.5,17.5,6.7,4.1,0.7,0.4,1.8,0.5,0.383,0.855,0.654,6.4,2020,0.595,0.206,113.8,105.4,8.5,0.178,0.096
203476,Gorgui Dieng,MEM,30.0,63,17.4,7.4,5.6,1.2,0.8,0.9,1.0,0.456,0.355,0.772,0.317,-1.6,2020,0.568,0.175,99.6,103.2,-3.6,0.107,0.146
1629684,Grant Williams,BOS,21.0,69,15.1,3.4,2.6,1.0,0.4,0.5,0.7,0.412,0.25,0.722,0.681,1.9,2020,0.505,0.112,109.9,103.5,6.3,0.085,0.079
1628960,Grayson Allen,MEM,24.0,38,18.9,8.7,2.2,1.4,0.3,0.1,0.9,0.466,0.404,0.867,0.421,-2.5,2020,0.609,0.171,105.1,111.1,-6.0,0.104,0.056
1628977,Hamidou Diallo,OKC,21.0,46,19.5,6.9,3.6,0.8,0.8,0.2,1.1,0.446,0.281,0.603,0.543,0.3,2020,0.491,0.173,102.8,101.9,0.9,0.06,0.086
203084,Harrison Barnes,SAC,28.0,72,34.5,14.5,4.9,2.2,0.6,0.2,1.2,0.46,0.381,0.801,0.431,-1.7,2020,0.574,0.172,108.9,111.4,-2.5,0.092,0.07
1628385,Harry Giles III,SAC,22.0,46,14.5,6.9,4.1,1.3,0.5,0.4,1.0,0.554,0.0,0.776,0.478,-2.8,2020,0.58,0.206,106.7,115.0,-8.2,0.135,0.149
202355,Hassan Whiteside,POR,31.0,67,30.0,15.5,13.5,1.2,0.4,2.9,1.8,0.621,0.571,0.686,0.507,1.7,2020,0.644,0.192,114.8,112.0,2.7,0.058,0.211
101133,Ian Mahinmi,WAS,33.0,38,21.3,7.4,5.7,1.3,0.8,1.2,1.2,0.495,0.192,0.619,0.395,-2.1,2020,0.545,0.154,109.5,114.0,-4.5,0.084,0.13
202697,Iman Shumpert,BKN,30.0,13,18.5,4.2,2.6,0.9,0.9,0.2,0.8,0.328,0.242,0.571,0.692,-4.0,2020,0.403,0.134,97.2,106.2,-9.0,0.078,0.064
1629067,Isaac Bonga,WAS,20.0,66,18.9,5.0,3.4,1.2,0.7,0.3,0.9,0.504,0.352,0.812,0.333,-0.5,2020,0.608,0.106,106.5,106.9,-0.4,0.081,0.085
1628392,Isaiah Hartenstein,HOU,22.0,23,11.6,4.7,3.9,0.8,0.4,0.5,0.7,0.657,0.0,0.679,0.696,1.7,2020,0.674,0.144,113.3,104.6,8.7,0.095,0.156
202738,Isaiah Thomas,WAS,31.0,40,23.1,12.2,1.7,3.7,0.3,0.2,1.9,0.408,0.413,0.816,0.35,-5.0,2020,0.531,0.236,109.8,120.2,-10.4,0.224,0.036
202397,Ish Smith,WAS,31.0,68,26.3,10.9,3.2,4.9,0.9,0.4,1.4,0.447,0.367,0.721,0.338,-2.1,2020,0.509,0.186,109.2,113.1,-3.9,0.266,0.057
1627826,Ivica Zubac,LAC,23.0,72,18.4,8.3,7.5,1.1,0.2,0.9,0.8,0.613,0.0,0.747,0.681,3.2,2020,0.651,0.163,113.0,104.1,8.9,0.091,0.191
200826,J.J. Barea,DAL,36.0,29,15.5,7.7,1.8,3.9,0.2,0.1,1.3,0.411,0.376,0.909,0.517,0.7,2020,0.512,0.245,112.6,109.7,2.9,0.365,0.058
200755,JJ Redick,NOP,36.0,60,26.3,15.3,2.5,2.0,0.3,0.2,1.3,0.453,0.453,0.892,0.433,-0.4,2020,0.644,0.197,111.7,112.7,-1.0,0.107,0.045
1629630,Ja Morant,MEM,20.0,67,31.0,17.8,3.9,7.3,0.9,0.3,3.3,0.477,0.335,0.776,0.493,-0.3,2020,0.556,0.256,107.5,108.1,-0.6,0.354,0.059
203960,JaKarr Sampson,IND,27.0,34,13.8,4.6,2.6,0.6,0.5,0.4,0.4,0.591,0.154,0.667,0.618,0.6,2020,0.615,0.126,105.7,103.8,1.9,0.058,0.092
203210,JaMychal Green,LAC,30.0,63,20.7,6.8,6.2,0.8,0.5,0.4,0.9,0.429,0.387,0.75,0.683,2.4,2020,0.576,0.132,110.7,105.7,5.0,0.051,0.134
201580,JaVale McGee,LAL,32.0,68,16.6,6.6,5.7,0.5,0.5,1.4,0.8,0.637,0.5,0.646,0.75,1.9,2020,0.652,0.145,111.5,105.7,5.8,0.044,0.166
203953,Jabari Parker,SAC,25.0,38,24.2,14.0,5.6,1.8,1.2,0.4,1.7,0.51,0.269,0.753,0.237,-2.5,2020,0.571,0.233,110.4,115.3,-4.9,0.11,0.116
1628980,Jacob Evans,MIN,23.0,29,14.4,4.4,1.4,1.1,0.4,0.4,0.9,0.336,0.333,0.862,0.276,-3.5,2020,0.436,0.167,99.0,110.0,-11.0,0.12,0.046
203109,Jae Crowder,MIA,29.0,65,28.8,10.5,5.9,2.5,1.1,0.4,1.1,0.401,0.343,0.776,0.446,-2.0,2020,0.553,0.152,109.0,111.9,-2.9,0.117,0.098
1626143,Jahlil Okafor,NOP,24.0,30,15.6,8.1,4.2,1.2,0.2,0.7,1.3,0.623,0.333,0.645,0.3,-3.4,2020,0.642,0.195,105.7,115.7,-10.1,0.121,0.128
1627774,Jake Layman,MIN,26.0,23,22.0,9.1,2.5,0.7,0.7,0.4,1.0,0.453,0.333,0.75,0.478,1.0,2020,0.544,0.165,106.6,104.6,2.0,0.041,0.052
1627751,Jakob Poeltl,SAS,24.0,66,17.7,5.6,5.7,1.8,0.6,1.4,0.8,0.624,0.0,0.465,0.455,1.8,2020,0.612,0.125,114.5,108.9,5.7,0.126,0.152
1628973,Jalen Brunson,DAL,23.0,57,17.9,8.2,2.4,3.3,0.4,0.1,1.2,0.466,0.358,0.813,0.596,3.0,2020,0.553,0.199,113.2,105.6,7.6,0.265,0.061
1629667,Jalen McDaniels,CHA,22.0,16,18.3,5.6,4.1,0.8,0.5,0.2,0.7,0.471,0.375,0.824,0.438,-1.4,2020,0.574,0.131,105.3,108.8,-3.6,0.069,0.11
1627750,Jamal Murray,DEN,23.0,59,32.3,18.5,4.0,4.8,1.1,0.3,2.2,0.456,0.346,0.881,0.644,4.1,2020,0.559,0.248,113.0,107.7,5.3,0.228,0.063
203516,James Ennis III,ORL,29.0,69,18.3,6.6,3.6,0.9,0.5,0.3,0.8,0.446,0.325,0.806,0.609,0.0,2020,0.565,0.151,110.3,110.2,0.1,0.067,0.096
201935,James Harden,HOU,30.0,68,36.5,34.3,6.6,7.5,1.8,0.9,4.5,0.444,0.355,0.865,0.632,4.2,2020,0.626,0.356,114.0,108.2,5.8,0.366,0.083
201949,James Johnson,MIN,33.0,32,19.4,8.4,3.7,2.3,0.8,1.0,1.5,0.479,0.363,0.646,0.438,-2.3,2020,0.572,0.186,109.1,113.8,-4.6,0.177,0.09
201162,Jared Dudley,LAL,34.0,45,8.1,1.5,1.2,0.6,0.3,0.1,0.2,0.4,0.429,1.0,0.667,0.4,2020,0.558,0.081,101.7,98.4,3.3,0.104,0.069
1628991,Jaren Jackson Jr.,MEM,20.0,57,28.5,17.4,4.6,1.4,0.7,1.6,1.7,0.469,0.394,0.747,0.491,-1.8,2020,0.593,0.238,108.3,110.9,-2.6,0.073,0.077
1628386,Jarrett Allen,BKN,22.0,70,26.5,11.1,9.6,1.6,0.6,1.3,1.1,0.649,0.0,0.633,0.471,0.6,2020,0.664,0.148,110.6,109.6,0.9,0.086,0.167
1629633,Jarrett Culver,MIN,21.0,63,23.9,9.2,3.4,1.7,0.9,0.6,1.3,0.404,0.299,0.462,0.302,-1.6,2020,0.467,0.187,106.0,109.3,-3.3,0.105,0.065
1629750,Javonte Green,BOS,26.0,48,9.7,3.4,1.9,0.5,0.5,0.2,0.5,0.5,0.273,0.667,0.688,-0.6,2020,0.564,0.149,103.7,106.2,-2.6,0.079,0.094
1629637,Jaxson Hayes,NOP,20.0,64,16.9,7.4,4.0,0.9,0.4,0.9,0.8,0.672,0.25,0.647,0.438,-0.9,2020,0.689,0.146,107.9,109.7,-1.8,0.074,0.113
1627759,Jaylen Brown,BOS,23.0,57,33.9,20.3,6.4,2.1,1.1,0.4,2.2,0.481,0.382,0.724,0.667,4.0,2020,0.583,0.245,113.7,106.8,6.9,0.095,0.09
1628369,Jayson Tatum,BOS,22.0,66,34.3,23.4,7.0,3.0,1.4,0.9,2.3,0.45,0.403,0.812,0.697,7.6,2020,0.567,0.28,114.2,103.5,10.6,0.143,0.096
201145,Jeff Green,HOU,33.0,48,20.0,9.4,2.8,1.0,0.5,0.4,0.9,0.462,0.339,0.802,0.583,-1.8,2020,0.59,0.188,105.6,109.4,-3.8,0.082,0.067
201952,Jeff Teague,ATL,32.0,59,24.8,10.9,2.4,5.2,0.7,0.3,2.0,0.436,0.368,0.873,0.373,-2.9,2020,0.557,0.192,108.0,113.7,-5.7,0.306,0.046
203924,Jerami Grant,DEN,26.0,71,26.6,12.0,3.5,1.2,0.7,0.8,0.9,0.478,0.389,0.75,0.634,-1.2,2020,0.591,0.177,110.3,112.3,-2.1,0.068,0.065
203087,Jeremy Lamb,IND,28.0,46,28.1,12.5,4.3,2.1,1.2,0.5,1.1,0.451,0.335,0.836,0.587,0.0,2020,0.547,0.195,108.9,109.8,-0.9,0.107,0.079
1629010,Jerome Robinson,WAS,23.0,63,15.5,5.1,2.0,1.4,0.4,0.3,0.8,0.371,0.32,0.702,0.571,-0.5,2020,0.476,0.155,105.0,106.0,-1.0,0.123,0.06
1628975,Jevon Carter,PHX,24.0,58,16.3,4.9,2.0,1.4,0.8,0.3,0.6,0.416,0.425,0.852,0.5,-0.2,2020,0.563,0.127,106.3,105.6,0.7,0.129,0.061
202710,Jimmy Butler III,MIA,30.0,58,33.8,19.9,6.7,6.0,1.8,0.6,2.2,0.455,0.244,0.834,0.655,4.4,2020,0.585,0.246,113.2,108.0,5.2,0.283,0.098
203925,Joe Harris,BKN,28.0,69,30.8,14.5,4.3,2.1,0.6,0.2,1.5,0.486,0.424,0.719,0.478,1.2,2020,0.606,0.179,110.8,109.9,0.9,0.1,0.065
204060,Joe Ingles,UTA,32.0,72,29.7,9.8,3.9,5.2,0.9,0.2,2.0,0.445,0.399,0.787,0.611,3.3,2020,0.595,0.148,110.8,105.6,5.1,0.244,0.064
203954,Joel Embiid,PHI,26.0,51,29.5,23.0,11.6,3.0,0.9,1.3,3.1,0.477,0.331,0.807,0.627,3.2,2020,0.59,0.315,107.2,102.0,5.2,0.178,0.187
1628381,John Collins,ATL,22.0,41,33.2,21.6,10.1,1.5,0.8,1.6,1.8,0.583,0.401,0.8,0.366,-4.0,2020,0.659,0.224,107.0,112.1,-5.1,0.075,0.144
203089,John Henson,DET,29.0,40,15.0,5.5,4.1,1.4,0.6,1.1,0.9,0.556,0.222,0.5,0.2,-0.5,2020,0.578,0.16,104.0,104.7,-0.7,0.133,0.134
202685,Jonas Valančiūnas,MEM,28.0,70,26.4,14.9,11.3,1.9,0.4,1.1,1.8,0.585,0.352,0.74,0.457,0.1,2020,0.631,0.211,107.5,107.3,0.3,0.109,0.197
1628371,Jonathan Isaac,ORL,22.0,34,28.8,11.9,6.8,1.4,1.6,2.3,1.4,0.47,0.34,0.779,0.441,0.5,2020,0.552,0.181,106.4,105.7,0.7,0.074,0.115
1628395,Jordan Bell,CLE,25.0,29,8.8,3.2,2.8,0.6,0.1,0.3,0.7,0.522,0.333,0.613,0.276,-0.3,2020,0.577,0.159,108.0,109.7,-1.6,0.09,0.149
203903,Jordan Clarkson,UTA,28.0,71,24.0,15.2,2.6,1.9,0.6,0.2,1.4,0.454,0.368,0.836,0.479,-0.1,2020,0.574,0.254,110.5,111.0,-0.5,0.13,0.053
1629162,Jordan McLaughlin,MIN,24.0,30,19.7,7.6,1.6,4.2,1.1,0.1,1.0,0.489,0.382,0.667,0.233,-2.3,2020,0.587,0.151,105.3,111.1,-5.8,0.303,0.04
203895,Jordan McRae,DET,29.0,37,21.2,11.5,3.4,2.5,0.6,0.4,1.2,0.407,0.357,0.761,0.324,-2.0,2020,0.515,0.239,109.7,113.7,-4.1,0.174,0.078
1629673,Jordan Poole,GSW,21.0,57,22.3,8.8,2.1,2.4,0.6,0.2,1.3,0.333,0.279,0.798,0.211,-3.5,2020,0.454,0.2,101.8,110.0,-8.2,0.16,0.045
1628404,Josh Hart,NOP,25.0,65,27.0,10.1,6.5,1.7,1.0,0.4,1.2,0.423,0.342,0.739,0.4,-1.8,2020,0.563,0.15,108.2,111.2,-3.1,0.084,0.113
1628367,Josh Jackson,MEM,23.0,22,17.3,9.0,3.0,1.6,0.8,0.4,1.3,0.44,0.319,0.7,0.455,1.1,2020,0.547,0.214,108.7,106.2,2.5,0.125,0.078
1629006,Josh Okogie,MIN,21.0,62,25.0,8.6,4.3,1.6,1.1,0.4,1.4,0.427,0.266,0.796,0.306,-2.6,2020,0.553,0.148,106.3,111.0,-4.7,0.089,0.081
1626196,Josh Richardson,PHI,26.0,55,30.8,13.7,3.2,2.9,0.9,0.7,1.9,0.43,0.341,0.809,0.6,2.2,2020,0.533,0.2,109.3,106.0,3.3,0.138,0.049
201950,Jrue Holiday,NOP,30.0,61,34.7,19.1,4.8,6.7,1.6,0.8,3.0,0.455,0.353,0.709,0.426,0.6,2020,0.537,0.241,110.0,109.5,0.5,0.284,0.065
1629308,Juan Toscano-Anderson,GSW,27.0,13,20.9,5.3,4.0,2.0,1.0,0.4,1.2,0.46,0.348,0.6,0.231,-6.1,2020,0.529,0.125,99.5,111.5,-12.0,0.144,0.093
1627823,Juancho Hernangomez,MIN,24.0,48,17.4,6.0,4.1,0.8,0.4,0.2,0.7,0.405,0.341,0.62,0.5,-1.1,2020,0.518,0.149,108.6,110.9,-2.3,0.063,0.111
203944,Julius Randle,NYK,25.0,64,32.5,19.5,9.7,3.1,0.8,0.3,3.0,0.46,0.277,0.733,0.328,-3.8,2020,0.538,0.271,105.7,111.6,-5.9,0.158,0.142
203200,Justin Holiday,IND,31.0,73,25.0,8.3,3.3,1.3,1.2,0.6,0.6,0.428,0.405,0.791,0.616,0.5,2020,0.585,0.13,107.7,106.4,1.3,0.068,0.062
1628382,Justin Jackson,DAL,25.0,65,16.1,5.5,2.4,0.8,0.2,0.2,0.2,0.396,0.294,0.84,0.6,0.1,2020,0.496,0.15,112.4,111.9,0.5,0.067,0.071
1629713,Justin James,SAC,23.0,36,6.5,2.5,0.9,0.5,0.2,0.3,0.2,0.417,0.31,0.476,0.389,-0.7,2020,0.477,0.181,97.8,100.2,-2.4,0.118,0.066
1626159,Justise Winslow,MEM,24.0,11,32.0,11.3,6.6,4.0,0.6,0.5,2.2,0.388,0.222,0.667,0.636,4.7,2020,0.44,0.19,106.2,99.9,6.4,0.183,0.098
203994,Jusuf Nurkić,POR,25.0,8,31.6,17.6,10.3,4.0,1.4,2.0,2.4,0.495,0.2,0.886,0.75,-0.5,2020,0.567,0.232,121.5,122.0,-0.5,0.179,0.162
1626157,Karl-Anthony Towns,MIN,24.0,35,33.9,26.5,10.8,4.4,0.9,1.2,3.1,0.508,0.412,0.796,0.286,-0.4,2020,0.642,0.278,113.9,115.4,-1.5,0.21,0.155
202695,Kawhi Leonard,LAC,29.0,57,32.4,27.1,7.1,4.9,1.8,0.6,2.6,0.47,0.378,0.886,0.719,8.4,2020,0.589,0.327,116.9,104.7,12.2,0.255,0.103
1628966,Keita Bates-Diop,DEN,24.0,44,16.9,6.5,2.9,0.7,0.4,0.5,0.4,0.427,0.33,0.72,0.227,-3.9,2020,0.539,0.156,100.3,110.9,-10.6,0.064,0.078
1629103,Kelan Martin,MIN,24.0,31,16.0,6.4,3.1,0.7,0.2,0.3,0.6,0.392,0.26,0.968,0.387,-0.7,2020,0.506,0.171,101.4,103.1,-1.7,0.071,0.085
1629640,Keldon Johnson,SAS,20.0,17,17.7,9.1,3.4,0.9,0.8,0.1,0.8,0.596,0.591,0.795,0.471,3.9,2020,0.711,0.164,114.7,103.4,11.3,0.066,0.092
203482,Kelly Olynyk,MIA,29.0,67,19.4,8.2,4.6,1.7,0.7,0.3,1.1,0.462,0.406,0.86,0.612,0.9,2020,0.621,0.165,110.5,109.0,1.5,0.131,0.115
1626162,Kelly Oubre Jr.,PHX,24.0,56,34.5,18.7,6.4,1.5,1.3,0.7,1.5,0.452,0.352,0.78,0.393,-0.5,2020,0.56,0.219,110.6,110.4,0.2,0.066,0.092
202689,Kemba Walker,BOS,30.0,56,31.1,20.4,3.9,4.8,0.9,0.5,2.1,0.425,0.381,0.864,0.661,4.4,2020,0.575,0.268,115.2,108.1,7.1,0.232,0.06
1629134,Kendrick Nunn,MIA,24.0,67,29.3,15.3,2.7,3.3,0.8,0.2,1.7,0.439,0.35,0.85,0.627,0.9,2020,0.534,0.236,110.3,109.1,1.2,0.182,0.046
1629026,Kenrich Williams,NOP,25.0,39,21.3,3.5,4.8,1.5,0.7,0.5,0.6,0.347,0.258,0.346,0.308,-0.7,2020,0.429,0.087,107.4,108.5,-1.0,0.087,0.104
203145,Kent Bazemore,SAC,30.0,68,24.8,8.8,4.3,1.4,1.1,0.6,1.3,0.375,0.344,0.769,0.471,0.1,2020,0.499,0.171,107.5,106.6,0.8,0.077,0.081
203484,Kentavious Caldwell-Pope,LAL,27.0,69,25.5,9.3,2.1,1.6,0.8,0.2,0.9,0.467,0.385,0.775,0.739,2.2,2020,0.584,0.142,110.6,107.2,3.5,0.085,0.038
1628989,Kevin Huerter,ATL,21.0,56,31.4,12.2,4.1,3.8,0.9,0.5,1.6,0.413,0.38,0.828,0.339,-4.3,2020,0.536,0.169,107.5,113.6,-6.1,0.171,0.062
1628995,Kevin Knox II,NYK,20.0,65,17.9,6.4,2.8,0.9,0.4,0.4,0.7,0.359,0.327,0.653,0.323,-2.8,2020,0.47,0.172,101.3,108.6,-7.3,0.076,0.072
201567,Kevin Love,CLE,31.0,56,31.8,17.6,9.8,3.2,0.6,0.3,2.5,0.45,0.374,0.854,0.286,-4.8,2020,0.599,0.225,107.4,115.4,-8.0,0.15,0.155
1629645,Kevin Porter Jr.,CLE,20.0,50,23.2,10.0,3.2,2.2,0.9,0.3,1.9,0.442,0.335,0.723,0.3,-5.8,2020,0.535,0.202,102.0,113.2,-11.2,0.147,0.068
1626172,Kevon Looney,GSW,24.0,20,13.1,3.4,3.3,1.0,0.6,0.3,0.6,0.367,0.071,0.75,0.3,-5.0,2020,0.403,0.147,92.6,110.9,-18.3,0.12,0.123
203920,Khem Birch,ORL,27.0,48,19.2,4.4,4.6,1.0,0.4,0.5,0.6,0.51,0.0,0.653,0.396,-2.7,2020,0.566,0.101,102.5,109.5,-7.1,0.079,0.115
203114,Khris Middleton,MIL,28.0,62,29.9,20.9,6.2,4.3,0.9,0.1,2.2,0.497,0.415,0.916,0.742,8.1,2020,0.619,0.26,113.3,100.9,12.4,0.212,0.094
1627739,Kris Dunn,CHI,26.0,51,24.9,7.3,3.6,3.4,2.0,0.3,1.3,0.444,0.259,0.741,0.373,-0.6,2020,0.51,0.145,103.5,103.6,-0.1,0.198,0.073
204001,Kristaps Porziņģis,DAL,24.0,57,31.8,20.4,9.5,1.8,0.7,2.0,1.6,0.427,0.352,0.799,0.561,4.7,2020,0.551,0.263,116.1,109.3,6.9,0.088,0.137
1629065,Ky Bowman,GSW,23.0,45,22.6,7.4,2.7,2.9,1.0,0.2,1.6,0.417,0.308,0.829,0.2,-3.9,2020,0.494,0.168,99.8,108.2,-8.4,0.202,0.057
203937,Kyle Anderson,MEM,26.0,67,19.8,5.8,4.3,2.4,0.8,0.6,1.0,0.474,0.282,0.667,0.478,-1.4,2020,0.534,0.134,102.9,105.8,-3.0,0.163,0.099
2594,Kyle Korver,MIL,39.0,58,16.6,6.7,2.1,1.2,0.4,0.2,0.8,0.43,0.418,0.854,0.741,2.2,2020,0.62,0.145,109.0,103.7,5.4,0.092,0.055
1628398,Kyle Kuzma,LAL,24.0,61,25.0,12.8,4.5,1.3,0.5,0.4,1.5,0.436,0.316,0.735,0.754,3.0,2020,0.531,0.221,110.1,105.2,4.9,0.076,0.085
200768,Kyle Lowry,TOR,34.0,58,36.2,19.4,5.0,7.5,1.4,0.4,3.1,0.416,0.352,0.857,0.707,4.7,2020,0.59,0.225,110.0,104.0,6.0,0.309,0.066
203124,Kyle O'Quinn,PHI,30.0,29,10.8,3.5,4.0,1.8,0.2,0.8,0.7,0.494,0.259,0.55,0.621,-1.1,2020,0.544,0.148,106.6,111.5,-4.9,0.225,0.178
202681,Kyrie Irving,BKN,28.0,20,32.9,27.4,5.2,6.4,1.4,0.5,2.6,0.478,0.394,0.922,0.4,-0.4,2020,0.595,0.318,112.7,113.1,-0.4,0.331,0.075
200746,LaMarcus Aldridge,SAS,34.0,53,33.1,18.9,7.4,2.4,0.7,1.6,1.4,0.493,0.389,0.827,0.434,-2.4,2020,0.571,0.236,110.2,113.4,-3.2,0.117,0.11
1629013,Landry Shamet,LAC,23.0,53,27.4,9.3,1.9,1.9,0.4,0.2,0.8,0.404,0.375,0.855,0.642,2.3,2020,0.58,0.132,112.5,108.2,4.3,0.09,0.032
204038,Langston Galloway,DET,28.0,66,25.8,10.3,2.3,1.5,0.7,0.2,0.6,0.435,0.399,0.859,0.303,-2.2,2020,0.584,0.149,107.7,112.1,-4.4,0.089,0.043
1626204,Larry Nance Jr.,CLE,27.0,56,26.3,10.1,7.3,2.2,1.0,0.4,1.1,0.531,0.352,0.676,0.286,-2.8,2020,0.608,0.15,105.6,110.7,-5.1,0.126,0.136
1628374,Lauri Markkanen,CHI,23.0,50,29.8,14.7,6.3,1.5,0.8,0.5,1.6,0.425,0.344,0.824,0.36,-1.4,2020,0.56,0.209,105.3,107.3,-2.0,0.077,0.104
2544,LeBron James,LAL,35.0,67,34.6,25.3,7.8,10.2,1.2,0.5,3.9,0.493,0.348,0.693,0.746,6.6,2020,0.577,0.308,112.1,103.6,8.5,0.477,0.11
1629022,Lonnie Walker IV,SAS,21.0,61,16.2,6.4,2.3,1.1,0.5,0.2,0.7,0.426,0.406,0.721,0.475,-0.1,2020,0.507,0.183,109.0,109.4,-0.4,0.099,0.067
1628366,Lonzo Ball,NOP,22.0,63,32.1,11.8,6.1,7.0,1.4,0.6,3.1,0.403,0.375,0.566,0.413,-0.4,2020,0.517,0.181,109.6,110.3,-0.7,0.292,0.087
101150,Lou Williams,LAC,33.0,65,28.7,18.2,3.1,5.6,0.7,0.2,2.8,0.418,0.352,0.861,0.677,3.1,2020,0.546,0.271,111.5,107.4,4.0,0.294,0.049
1629652,Luguentz Dort,OKC,21.0,36,22.8,6.8,2.3,0.8,0.9,0.1,0.6,0.394,0.297,0.792,0.722,1.5,2020,0.506,0.139,112.6,108.3,4.4,0.045,0.049
1629029,Luka Dončić,DAL,21.0,61,33.6,28.8,9.4,8.8,1.0,0.2,4.3,0.463,0.316,0.758,0.59,4.1,2020,0.585,0.355,116.7,111.4,5.3,0.454,0.132
1628379,Luke Kennard,DET,24.0,28,32.9,15.8,3.5,4.1,0.4,0.2,1.5,0.442,0.399,0.893,0.393,-0.8,2020,0.589,0.193,109.2,111.3,-2.1,0.188,0.054
1628436,Luke Kornet,CHI,24.0,36,15.5,6.0,2.3,0.9,0.3,0.7,0.4,0.439,0.287,0.714,0.306,-1.2,2020,0.539,0.163,103.4,107.0,-3.6,0.082,0.075
1627763,Malcolm Brogdon,IND,27.0,54,30.9,16.5,4.9,7.1,0.6,0.2,2.4,0.438,0.326,0.892,0.63,1.6,2020,0.541,0.249,108.1,105.7,2.3,0.35,0.078
1627736,Malik Beasley,MIN,23.0,55,22.0,11.2,2.7,1.4,0.7,0.1,1.0,0.425,0.388,0.818,0.545,-0.9,2020,0.546,0.208,109.8,111.6,-1.9,0.093,0.059
1628370,Malik Monk,CHA,22.0,55,21.3,10.3,2.9,2.1,0.5,0.3,1.4,0.434,0.284,0.82,0.327,-4.2,2020,0.53,0.22,101.8,112.3,-10.5,0.168,0.063
201188,Marc Gasol,TOR,35.0,44,26.4,7.5,6.3,3.3,0.8,0.9,1.3,0.427,0.385,0.735,0.795,6.1,2020,0.551,0.133,109.0,98.9,10.1,0.173,0.112
201158,Marco Belinelli,SAS,34.0,57,15.5,6.3,1.7,1.2,0.2,0.0,0.3,0.392,0.376,0.828,0.474,0.3,2020,0.532,0.166,110.8,109.3,1.5,0.102,0.053
202694,Marcus Morris Sr.,LAC,30.0,62,31.2,16.7,5.0,1.4,0.8,0.5,1.6,0.438,0.408,0.823,0.419,0.7,2020,0.57,0.216,111.3,109.9,1.5,0.066,0.077
203935,Marcus Smart,BOS,26.0,60,32.0,12.9,3.8,4.9,1.7,0.5,1.7,0.375,0.347,0.836,0.65,4.7,2020,0.518,0.183,111.9,104.6,7.3,0.214,0.055
1626209,Mario Hezonja,POR,25.0,53,16.4,4.8,3.5,0.9,0.7,0.2,0.8,0.422,0.308,0.814,0.453,-3.3,2020,0.525,0.135,104.7,114.2,-9.5,0.08,0.096
1628365,Markelle Fultz,ORL,22.0,72,27.7,12.1,3.3,5.1,1.3,0.2,2.0,0.465,0.267,0.73,0.458,-0.8,2020,0.517,0.21,108.8,110.5,-1.7,0.273,0.058
202693,Markieff Morris,LAL,30.0,58,20.5,9.7,3.8,1.3,0.5,0.3,1.3,0.443,0.386,0.776,0.379,-2.2,2020,0.565,0.202,104.1,109.9,-5.8,0.1,0.089
1629741,Marko Guduric,MEM,25.0,44,11.0,3.9,1.7,1.0,0.3,0.2,0.8,0.395,0.301,0.923,0.432,-0.6,2020,0.514,0.168,104.4,107.1,-2.6,0.127,0.072
1627737,Marquese Chriss,GSW,22.0,59,20.3,9.3,6.2,1.9,0.7,1.1,1.3,0.545,0.205,0.769,0.254,-3.8,2020,0.604,0.184,103.7,113.2,-9.5,0.15,0.148
1628963,Marvin Bagley III,SAC,21.0,13,25.7,14.2,7.5,0.8,0.5,0.9,1.4,0.467,0.182,0.806,0.154,-6.8,2020,0.512,0.248,102.0,114.6,-12.6,0.05,0.14
101107,Marvin Williams,MIL,34.0,58,19.5,5.9,3.2,1.0,0.6,0.5,0.6,0.446,0.359,0.86,0.362,-1.4,2020,0.587,0.12,107.1,109.9,-2.8,0.076,0.078
203486,Mason Plumlee,DEN,30.0,61,17.3,7.2,5.2,2.5,0.5,0.6,1.3,0.615,0.0,0.535,0.623,-0.9,2020,0.613,0.173,107.6,108.6,-1.0,0.21,0.141
1629680,Matisse Thybulle,PHI,23.0,65,19.8,4.7,1.6,1.2,1.4,0.7,0.8,0.423,0.357,0.61,0.615,0.6,2020,0.539,0.108,107.7,105.3,2.4,0.081,0.041
1629744,Matt Thomas,TOR,25.0,41,10.7,4.9,1.5,0.5,0.2,0.0,0.4,0.487,0.475,0.75,0.756,1.6,2020,0.65,0.152,106.0,101.8,4.2,0.076,0.06
203521,Matthew Dellavedova,CLE,29.0,57,14.4,3.1,1.3,3.2,0.4,0.0,1.0,0.354,0.231,0.865,0.298,-0.2,2020,0.463,0.128,103.7,105.0,-1.2,0.297,0.045
203090,Maurice Harkless,NYK,27.0,62,23.0,5.8,3.9,1.1,0.9,0.5,0.9,0.502,0.347,0.591,0.629,0.3,2020,0.572,0.105,109.7,108.5,1.2,0.062,0.079
1628467,Maxi Kleber,DAL,28.0,74,25.5,9.1,5.2,1.2,0.3,1.1,0.8,0.461,0.373,0.849,0.568,1.4,2020,0.605,0.134,112.6,109.2,3.4,0.065,0.095
203086,Meyers Leonard,MIA,28.0,51,20.3,6.1,5.1,1.1,0.3,0.3,0.8,0.509,0.414,0.643,0.667,1.5,2020,0.627,0.121,110.4,105.9,4.5,0.075,0.126
203487,Michael Carter-Williams,ORL,28.0,45,18.5,7.2,3.3,2.4,1.1,0.5,1.2,0.427,0.293,0.832,0.467,0.5,2020,0.535,0.175,109.5,108.1,1.4,0.192,0.084
203077,Michael Kidd-Gilchrist,DAL,26.0,25,11.2,2.4,2.7,0.6,0.1,0.2,0.6,0.333,0.25,0.786,0.48,0.4,2020,0.416,0.134,103.5,99.3,4.2,0.077,0.107
1629008,Michael Porter Jr.,DEN,22.0,55,16.4,9.3,4.7,0.8,0.5,0.5,0.9,0.509,0.422,0.833,0.655,0.4,2020,0.617,0.211,113.0,112.4,0.7,0.074,0.141
1628969,Mikal Bridges,PHX,23.0,73,28.0,9.1,4.0,1.8,1.4,0.6,1.0,0.51,0.361,0.844,0.466,1.6,2020,0.62,0.125,111.0,108.1,2.9,0.086,0.07
201144,Mike Conley,UTA,32.0,47,29.0,14.4,3.2,4.4,0.8,0.1,2.0,0.409,0.375,0.827,0.553,1.6,2020,0.537,0.223,109.7,107.6,2.1,0.236,0.054
203488,Mike Muscala,OKC,28.0,47,12.2,4.8,2.3,0.9,0.2,0.3,0.4,0.407,0.378,0.818,0.553,-0.4,2020,0.569,0.16,103.4,105.7,-2.3,0.106,0.092
203118,Mike Scott,PHI,31.0,68,17.8,6.0,3.6,0.8,0.3,0.1,0.4,0.426,0.369,0.811,0.574,2.1,2020,0.557,0.132,110.2,104.6,5.7,0.064,0.099
1628970,Miles Bridges,CHA,22.0,65,30.7,13.0,5.6,1.8,0.6,0.7,1.5,0.424,0.33,0.809,0.354,-6.1,2020,0.52,0.196,104.4,114.0,-9.7,0.092,0.088
1629011,Mitchell Robinson,NYK,22.0,61,23.2,9.7,7.0,0.6,0.9,2.0,0.6,0.742,0.0,0.568,0.328,-1.8,2020,0.726,0.129,106.1,109.1,-2.9,0.039,0.141
1628964,Mo Bamba,ORL,22.0,62,14.2,5.4,4.9,0.7,0.4,1.4,0.7,0.462,0.346,0.674,0.484,0.3,2020,0.542,0.163,103.9,103.4,0.5,0.077,0.155
1628420,Monte Morris,DEN,25.0,73,22.4,9.0,1.9,3.5,0.8,0.2,0.7,0.459,0.378,0.843,0.63,0.7,2020,0.545,0.168,110.2,109.3,0.8,0.219,0.04
1626149,Montrezl Harrell,LAC,26.0,63,27.8,18.6,7.1,1.7,0.6,1.1,1.7,0.58,0.0,0.658,0.698,4.0,2020,0.607,0.245,112.3,105.8,6.5,0.102,0.116
1629021,Moritz Wagner,WAS,23.0,45,18.6,8.7,4.9,1.2,0.6,0.4,1.5,0.545,0.313,0.821,0.333,-2.0,2020,0.638,0.179,107.2,111.4,-4.2,0.1,0.129
1628539,Mychal Mulder,GSW,26.0,7,29.1,11.0,3.3,1.1,0.3,0.1,0.7,0.388,0.308,0.75,0.429,3.3,2020,0.533,0.165,113.3,107.1,6.2,0.053,0.057
1626167,Myles Turner,IND,24.0,62,29.4,12.1,6.6,1.2,0.7,2.1,1.4,0.457,0.344,0.751,0.597,-0.1,2020,0.566,0.18,107.0,106.7,0.4,0.057,0.109
1629642,Nassir Little,POR,20.0,48,11.9,3.6,2.3,0.5,0.3,0.3,0.3,0.43,0.237,0.636,0.458,-1.1,2020,0.505,0.131,109.5,112.7,-3.2,0.05,0.084
1629675,Naz Reid,MIN,20.0,30,16.5,9.0,4.1,1.2,0.6,0.7,0.7,0.412,0.33,0.698,0.267,0.2,2020,0.505,0.234,108.4,107.6,0.7,0.106,0.115
202357,Nemanja Bjelica,SAC,32.0,72,27.9,11.5,6.4,2.8,0.9,0.6,1.4,0.481,0.419,0.821,0.431,0.1,2020,0.602,0.167,110.0,111.1,-1.0,0.141,0.115
203457,Nerlens Noel,OKC,26.0,61,18.5,7.4,4.9,0.9,1.0,1.5,1.1,0.684,0.333,0.755,0.623,0.4,2020,0.711,0.148,106.7,105.3,1.3,0.079,0.13
1629638,Nickeil Alexander-Walker,NOP,21.0,47,12.6,5.7,1.8,1.9,0.4,0.2,1.1,0.368,0.346,0.676,0.404,-1.2,2020,0.473,0.233,110.0,113.5,-3.6,0.212,0.068
201587,Nicolas Batum,CHA,31.0,22,23.0,3.6,4.5,3.0,0.8,0.4,1.0,0.346,0.286,0.9,0.273,-2.2,2020,0.463,0.093,108.6,111.9,-3.3,0.173,0.097
1629740,Nicolo Melli,NOP,29.0,60,17.4,6.6,3.0,1.4,0.6,0.4,0.8,0.421,0.335,0.74,0.433,-1.5,2020,0.556,0.158,105.9,110.3,-4.3,0.112,0.082
203999,Nikola Jokić,DEN,25.0,73,32.0,19.9,9.7,7.0,1.2,0.6,3.1,0.528,0.314,0.817,0.63,3.5,2020,0.605,0.266,113.4,108.9,4.5,0.35,0.155
202696,Nikola Vučević,ORL,29.0,62,32.2,19.6,10.9,3.6,0.9,0.8,1.4,0.477,0.339,0.784,0.452,0.8,2020,0.549,0.258,110.1,109.2,0.9,0.182,0.167
203943,Noah Vonleh,DEN,24.0,36,10.5,3.7,3.4,0.8,0.3,0.2,0.6,0.565,0.2,0.781,0.361,-1.5,2020,0.622,0.135,98.9,103.9,-5.0,0.115,0.143
1626181,Norman Powell,TOR,27.0,52,28.4,16.0,3.7,1.8,1.2,0.4,1.5,0.495,0.399,0.843,0.769,2.8,2020,0.624,0.21,109.3,104.6,4.6,0.095,0.059
203658,Norvel Pelle,PHI,27.0,24,9.7,2.4,3.0,0.3,0.1,1.3,0.8,0.521,0.0,0.5,0.5,-3.1,2020,0.526,0.131,101.2,116.9,-15.7,0.049,0.149
1628384,OG Anunoby,TOR,22.0,69,29.9,10.6,5.3,1.6,1.4,0.7,1.1,0.505,0.39,0.706,0.725,4.0,2020,0.6,0.142,110.3,104.2,6.2,0.074,0.085
1629016,Omari Spellman,MIN,22.0,49,18.1,7.6,4.5,1.0,0.7,0.5,1.1,0.431,0.391,0.793,0.224,-2.9,2020,0.551,0.177,101.2,109.7,-8.5,0.086,0.114
203490,Otto Porter Jr.,CHI,27.0,14,23.6,11.9,3.4,1.8,1.1,0.4,0.8,0.443,0.387,0.704,0.357,1.9,2020,0.55,0.201,110.2,107.0,3.2,0.113,0.07
200782,P.J. Tucker,HOU,35.0,72,34.3,6.9,6.6,1.6,1.1,0.5,1.0,0.415,0.358,0.813,0.611,2.2,2020,0.559,0.087,111.9,108.9,3.0,0.061,0.089
1629023,P.J. Washington,CHA,21.0,58,30.3,12.2,5.4,2.1,0.9,0.8,1.6,0.455,0.374,0.647,0.379,-3.8,2020,0.547,0.184,103.9,110.1,-6.3,0.115,0.087
1628408,PJ Dozier,DEN,23.0,29,14.2,5.8,1.9,2.2,0.5,0.2,0.9,0.414,0.347,0.724,0.621,-2.3,2020,0.495,0.199,109.4,115.2,-5.7,0.216,0.066
1627783,Pascal Siakam,TOR,26.0,60,35.2,22.9,7.3,3.5,1.0,0.9,2.5,0.453,0.359,0.792,0.767,6.6,2020,0.554,0.278,111.8,103.0,8.8,0.161,0.098
1626192,Pat Connaughton,MIL,27.0,67,18.6,5.4,4.2,1.6,0.4,0.5,0.8,0.455,0.331,0.775,0.791,1.2,2020,0.565,0.118,107.3,103.8,3.5,0.115,0.1
201976,Patrick Beverley,LAC,31.0,51,26.3,7.9,5.2,3.6,1.1,0.5,1.3,0.431,0.388,0.66,0.745,5.6,2020,0.56,0.131,114.2,104.0,10.2,0.18,0.093
1627775,Patrick McCaw,TOR,24.0,37,24.5,4.6,2.3,2.1,1.1,0.1,0.8,0.414,0.324,0.722,0.73,0.1,2020,0.5,0.093,106.1,105.5,0.6,0.118,0.045
202335,Patrick Patterson,LAC,31.0,59,13.2,4.9,2.6,0.7,0.1,0.1,0.4,0.408,0.39,0.814,0.661,0.8,2020,0.58,0.143,107.4,104.9,2.5,0.075,0.09
201988,Patty Mills,SAS,31.0,66,22.5,11.6,1.6,1.8,0.8,0.1,0.8,0.431,0.382,0.866,0.424,2.0,2020,0.592,0.193,113.1,109.0,4.1,0.112,0.035
202331,Paul George,LAC,30.0,48,29.6,21.5,5.7,3.9,1.4,0.4,2.6,0.439,0.412,0.876,0.708,5.4,2020,0.589,0.292,115.0,106.3,8.7,0.205,0.091
200794,Paul Millsap,DEN,35.0,51,24.3,11.6,5.7,1.6,0.9,0.6,1.4,0.482,0.435,0.816,0.588,4.4,2020,0.591,0.197,113.7,104.5,9.3,0.093,0.118
1626188,Quinn Cook,LAL,27.0,44,11.5,5.1,1.2,1.1,0.3,0.0,0.8,0.425,0.365,0.786,0.705,1.3,2020,0.509,0.201,107.0,102.5,4.5,0.139,0.046
1629628,RJ Barrett,NYK,20.0,56,30.4,14.3,5.0,2.6,1.0,0.3,2.2,0.402,0.32,0.614,0.304,-5.8,2020,0.479,0.234,105.4,114.5,-9.1,0.127,0.078
200765,Rajon Rondo,LAL,34.0,48,20.5,7.1,3.0,5.0,0.8,0.0,1.9,0.418,0.328,0.659,0.771,0.9,2020,0.494,0.184,108.7,107.3,1.4,0.34,0.07
203526,Raul Neto,PHI,28.0,54,12.4,5.1,1.1,1.8,0.4,0.1,0.9,0.455,0.386,0.83,0.537,0.7,2020,0.567,0.181,103.8,101.1,2.8,0.218,0.044
203493,Reggie Bullock Jr.,NYK,29.0,29,23.6,8.1,2.3,1.4,0.9,0.1,0.7,0.402,0.333,0.81,0.31,-2.7,2020,0.502,0.153,103.8,109.6,-5.8,0.087,0.049
202704,Reggie Jackson,LAC,30.0,31,24.0,11.9,3.0,4.1,0.4,0.2,1.6,0.411,0.393,0.833,0.516,3.5,2020,0.529,0.229,112.6,105.9,6.7,0.263,0.06
1626158,Richaun Holmes,SAC,26.0,44,28.2,12.3,8.1,1.0,0.9,1.3,1.2,0.648,0.0,0.788,0.364,0.4,2020,0.681,0.156,110.8,109.6,1.2,0.05,0.145
201937,Ricky Rubio,PHX,29.0,65,31.0,13.0,4.7,8.8,1.4,0.2,2.7,0.415,0.361,0.863,0.492,2.3,2020,0.535,0.199,112.4,108.4,4.0,0.377,0.075
203496,Robert Covington,HOU,29.0,70,30.5,12.4,6.6,1.3,1.6,1.3,1.5,0.422,0.335,0.798,0.386,0.5,2020,0.559,0.169,109.8,108.8,0.9,0.059,0.102
1629057,Robert Williams III,BOS,22.0,29,13.4,5.2,4.4,0.9,0.8,1.2,0.7,0.727,0.0,0.647,0.655,1.2,2020,0.728,0.135,115.1,109.0,6.1,0.099,0.158
201577,Robin Lopez,MIL,32.0,66,14.5,5.4,2.4,0.7,0.2,0.7,1.0,0.492,0.333,0.528,0.773,0.1,2020,0.554,0.161,103.7,103.1,0.6,0.068,0.074
1629066,Rodions Kurucs,BKN,22.0,47,14.5,4.6,2.9,1.1,0.5,0.1,1.0,0.446,0.367,0.632,0.383,-0.6,2020,0.555,0.142,102.8,104.2,-1.4,0.105,0.088
203918,Rodney Hood,POR,27.0,21,29.5,11.0,3.4,1.5,0.8,0.2,0.9,0.506,0.493,0.778,0.381,0.2,2020,0.625,0.137,112.3,111.6,0.6,0.068,0.054
203585,Rodney McGruder,LAC,28.0,56,15.6,3.3,2.7,0.6,0.5,0.1,0.4,0.398,0.27,0.559,0.679,-0.1,2020,0.477,0.101,107.6,106.8,0.8,0.055,0.079
1629641,Romeo Langford,BOS,20.0,32,11.6,2.5,1.3,0.4,0.3,0.3,0.3,0.35,0.185,0.72,0.688,2.1,2020,0.434,0.113,111.1,102.2,8.9,0.045,0.052
1626178,Rondae Hollis-Jefferson,TOR,25.0,60,18.7,7.0,4.7,1.8,0.8,0.4,1.0,0.471,0.13,0.734,0.717,1.3,2020,0.533,0.164,108.5,104.3,4.2,0.141,0.116
1626220,Royce O'Neale,UTA,27.0,71,28.9,6.3,5.5,2.5,0.8,0.5,0.9,0.433,0.377,0.764,0.62,3.0,2020,0.578,0.095,112.5,107.3,5.2,0.116,0.094
200752,Rudy Gay,SAS,33.0,67,21.8,10.8,5.4,1.7,0.5,0.5,1.3,0.446,0.336,0.882,0.448,0.2,2020,0.553,0.211,108.3,108.1,0.2,0.116,0.117
203497,Rudy Gobert,UTA,28.0,68,34.3,15.1,13.5,1.5,0.8,2.0,1.9,0.693,0.0,0.63,0.618,4.3,2020,0.699,0.162,112.8,106.6,6.2,0.065,0.195
1629060,Rui Hachimura,WAS,22.0,48,30.1,13.5,6.1,1.8,0.8,0.2,1.1,0.466,0.287,0.829,0.313,-5.3,2020,0.535,0.189,108.5,116.7,-8.2,0.088,0.101
201566,Russell Westbrook,HOU,31.0,57,36.0,27.2,7.9,7.0,1.6,0.4,4.5,0.472,0.258,0.763,0.632,2.2,2020,0.536,0.33,110.2,107.1,3.1,0.34,0.1
1627853,Ryan Arcidiacono,CHI,26.0,58,16.0,4.5,1.9,1.7,0.5,0.1,0.6,0.409,0.391,0.711,0.362,-1.4,2020,0.551,0.121,101.5,105.4,-4.0,0.143,0.056
1629635,Sekou Doumbouya,DET,19.0,38,19.8,6.4,3.1,0.5,0.5,0.2,0.9,0.39,0.286,0.674,0.263,-4.6,2020,0.474,0.164,104.0,114.8,-10.8,0.037,0.079
1628400,Semi Ojeleye,BOS,25.0,69,14.6,3.4,2.1,0.5,0.3,0.1,0.3,0.408,0.378,0.875,0.667,-0.4,2020,0.562,0.094,104.6,106.1,-1.5,0.051,0.066
201586,Serge Ibaka,TOR,30.0,55,27.0,15.4,8.2,1.4,0.5,0.8,2.0,0.512,0.385,0.718,0.727,1.7,2020,0.583,0.236,108.6,105.5,3.1,0.086,0.142
203552,Seth Curry,DAL,29.0,64,24.6,12.4,2.3,1.9,0.6,0.1,1.0,0.495,0.452,0.825,0.594,2.5,2020,0.643,0.176,114.0,110.6,3.4,0.117,0.043
203894,Shabazz Napier,WAS,28.0,56,24.0,10.3,2.8,4.7,1.2,0.2,2.3,0.412,0.317,0.824,0.286,-1.7,2020,0.552,0.197,105.3,109.0,-3.6,0.295,0.056
1628983,Shai Gilgeous-Alexander,OKC,21.0,70,34.7,19.0,5.9,3.3,1.1,0.7,1.9,0.471,0.347,0.807,0.614,2.2,2020,0.568,0.235,112.7,109.2,3.5,0.148,0.085
1629003,Shake Milton,PHI,23.0,40,20.1,9.4,2.2,2.6,0.5,0.2,1.2,0.484,0.43,0.785,0.575,-0.1,2020,0.617,0.186,113.9,113.8,0.1,0.182,0.055
1627885,Shaquille Harrison,CHI,26.0,43,11.3,4.9,2.0,1.1,0.8,0.4,0.4,0.467,0.381,0.78,0.326,1.4,2020,0.559,0.176,106.5,99.7,6.8,0.147,0.087
1627746,Skal Labissiere,ATL,24.0,33,17.2,5.8,5.1,1.3,0.2,0.9,0.9,0.551,0.231,0.758,0.424,0.4,2020,0.588,0.139,107.8,106.5,1.3,0.106,0.131
203524,Solomon Hill,MIA,29.0,59,18.4,5.5,2.8,1.8,0.7,0.2,0.9,0.396,0.368,0.741,0.492,-1.3,2020,0.535,0.135,108.7,110.9,-2.1,0.124,0.073
203915,Spencer Dinwiddie,BKN,27.0,64,31.2,20.6,3.5,6.8,0.6,0.3,2.7,0.415,0.308,0.778,0.469,0.8,2020,0.541,0.287,110.5,109.4,1.1,0.344,0.051
1628425,Sterling Brown,MIL,25.0,52,14.7,5.1,3.5,1.0,0.6,0.1,0.8,0.371,0.324,0.8,0.75,1.3,2020,0.486,0.162,104.0,101.7,2.4,0.094,0.105
203500,Steven Adams,OKC,26.0,63,26.7,10.9,9.3,2.3,0.8,1.1,1.5,0.592,0.333,0.582,0.635,2.4,2020,0.604,0.168,111.2,106.7,4.4,0.128,0.173
1629004,Svi Mykhailiuk,DET,23.0,56,22.6,9.0,1.9,1.9,0.7,0.1,1.1,0.41,0.404,0.814,0.304,-0.1,2020,0.578,0.165,108.6,109.2,-0.6,0.12,0.041
1628388,T.J. Leaf,IND,23.0,28,7.9,3.0,2.5,0.3,0.4,0.1,0.3,0.419,0.278,0.438,0.571,0.3,2020,0.451,0.18,97.8,97.5,0.2,0.057,0.136
204456,T.J. McConnell,IND,28.0,71,18.7,6.5,2.7,5.0,0.8,0.2,1.4,0.516,0.294,0.833,0.62,0.7,2020,0.54,0.167,108.3,107.1,1.1,0.354,0.069
203933,T.J. Warren,IND,26.0,67,32.9,19.8,4.2,1.5,1.2,0.5,1.3,0.536,0.403,0.819,0.627,1.9,2020,0.61,0.229,109.6,106.9,2.7,0.072,0.063
201959,Taj Gibson,NYK,35.0,62,16.5,6.1,4.3,0.8,0.4,0.5,0.8,0.584,0.286,0.732,0.339,-4.2,2020,0.61,0.145,101.2,113.7,-12.5,0.077,0.126
1627752,Taurean Prince,BKN,26.0,64,29.0,12.1,6.0,1.8,0.9,0.4,2.0,0.376,0.339,0.798,0.469,1.1,2020,0.497,0.2,109.6,108.4,1.3,0.09,0.093
1629611,Terance Mann,LAC,23.0,41,8.8,2.4,1.3,1.3,0.3,0.1,0.4,0.468,0.35,0.667,0.659,-0.1,2020,0.545,0.123,103.1,103.0,0.1,0.209,0.07
1629056,Terence Davis,TOR,23.0,72,16.8,7.5,3.3,1.6,0.5,0.2,1.1,0.456,0.388,0.864,0.736,2.8,2020,0.588,0.181,111.8,103.9,7.9,0.14,0.09
1628390,Terrance Ferguson,OKC,22.0,56,22.5,3.9,1.3,0.9,0.5,0.3,0.6,0.355,0.292,0.75,0.589,-2.6,2020,0.481,0.092,106.7,110.7,-4.0,0.055,0.029
203082,Terrence Ross,ORL,29.0,69,27.4,14.7,3.2,1.2,1.1,0.3,1.0,0.403,0.351,0.853,0.449,-1.0,2020,0.548,0.216,105.5,108.0,-2.5,0.072,0.054
1626179,Terry Rozier,CHA,26.0,63,34.4,18.0,4.4,4.1,1.0,0.2,2.2,0.423,0.407,0.874,0.333,-6.3,2020,0.553,0.232,104.5,113.4,-9.0,0.209,0.062
200757,Thabo Sefolosha,HOU,36.0,41,10.6,2.2,2.3,0.6,0.6,0.3,0.4,0.407,0.278,0.375,0.659,0.9,2020,0.487,0.1,110.7,106.7,3.9,0.074,0.096
201152,Thaddeus Young,CHI,32.0,64,24.9,10.3,4.9,1.8,1.4,0.4,1.6,0.448,0.356,0.583,0.344,-3.3,2020,0.521,0.192,101.9,108.1,-6.2,0.113,0.097
1629033,Theo Pinson,NYK,24.0,33,11.1,3.6,1.6,1.7,0.5,0.1,1.0,0.29,0.188,0.938,0.455,-1.2,2020,0.37,0.218,95.1,99.7,-4.6,0.24,0.064
1628418,Thomas Bryant,WAS,22.0,46,24.9,13.2,7.2,1.8,0.5,1.1,1.2,0.581,0.407,0.741,0.326,-3.5,2020,0.649,0.185,109.4,116.0,-6.6,0.107,0.139
1627748,Thon Maker,DET,23.0,60,12.9,4.7,2.8,0.7,0.4,0.7,0.8,0.482,0.344,0.664,0.333,-2.4,2020,0.582,0.16,103.8,111.9,-8.0,0.088,0.11
204025,Tim Frazier,DET,29.0,27,13.1,3.6,1.2,3.4,0.5,0.1,1.3,0.362,0.333,0.792,0.333,-2.0,2020,0.464,0.171,100.5,107.4,-6.9,0.391,0.047
203501,Tim Hardaway Jr.,DAL,28.0,71,29.5,15.8,3.3,1.9,0.6,0.1,1.0,0.434,0.398,0.819,0.577,4.1,2020,0.581,0.204,116.0,110.1,5.9,0.096,0.051
1627789,Timothe Luwawu-Cabarrot,BKN,25.0,47,18.1,7.8,2.7,0.6,0.4,0.1,0.8,0.435,0.388,0.852,0.426,-1.1,2020,0.599,0.162,103.5,104.8,-1.3,0.052,0.065
202699,Tobias Harris,PHI,27.0,72,34.3,19.6,6.9,3.2,0.7,0.6,1.4,0.471,0.367,0.806,0.597,2.2,2020,0.556,0.236,110.3,107.2,3.1,0.145,0.099
203107,Tomas Satoransky,CHI,28.0,65,28.9,9.9,3.9,5.4,1.2,0.1,2.0,0.43,0.322,0.876,0.338,-1.1,2020,0.533,0.165,107.3,108.8,-1.5,0.269,0.069
1628396,Tony Bradley,UTA,22.0,58,11.4,4.9,4.6,0.4,0.2,0.6,0.5,0.667,1.0,0.652,0.621,-0.2,2020,0.681,0.147,109.4,109.4,0.1,0.051,0.192
203503,Tony Snell,DET,28.0,59,27.8,8.0,1.9,2.2,0.5,0.3,0.5,0.445,0.402,1.0,0.305,-2.9,2020,0.598,0.11,105.9,111.4,-5.5,0.11,0.034
1628470,Torrey Craig,DEN,29.0,58,18.5,5.4,3.3,0.8,0.4,0.6,0.4,0.461,0.326,0.611,0.655,-3.0,2020,0.553,0.123,107.6,113.3,-5.7,0.061,0.088
1629027,Trae Young,ATL,21.0,60,35.3,29.6,4.3,9.3,1.1,0.1,4.8,0.437,0.361,0.86,0.3,-3.8,2020,0.595,0.339,111.2,116.1,-4.9,0.423,0.057
1626203,Treveon Graham,ATL,26.0,55,16.9,4.4,2.7,0.8,0.4,0.1,0.5,0.36,0.275,0.643,0.382,-2.7,2020,0.456,0.13,103.9,110.1,-6.2,0.069,0.074
2772,Trevor Ariza,POR,35.0,53,28.2,8.0,4.6,1.7,1.3,0.3,1.1,0.438,0.372,0.838,0.415,-0.2,2020,0.593,0.117,109.0,109.3,-0.3,0.081,0.08
203504,Trey Burke,DAL,27.0,33,15.8,7.4,1.5,2.5,0.5,0.1,0.6,0.45,0.427,0.793,0.485,0.8,2020,0.548,0.196,113.7,111.7,2.0,0.234,0.048
1626168,Trey Lyles,SAS,24.0,63,20.2,6.4,5.7,1.1,0.4,0.4,0.6,0.446,0.387,0.733,0.429,-0.9,2020,0.557,0.136,111.3,113.7,-2.4,0.072,0.142
202684,Tristan Thompson,CLE,29.0,57,30.2,12.0,10.1,2.1,0.6,0.9,1.8,0.512,0.391,0.615,0.333,-6.6,2020,0.54,0.181,105.0,115.2,-10.1,0.106,0.165
1628972,Troy Brown Jr.,WAS,20.0,69,25.8,10.4,5.6,2.6,1.2,0.1,1.1,0.439,0.341,0.784,0.348,-3.3,2020,0.524,0.174,108.2,113.7,-5.5,0.142,0.103
203584,Troy Daniels,DEN,28.0,47,11.3,4.3,1.1,0.4,0.2,0.1,0.3,0.387,0.348,0.625,0.723,0.1,2020,0.518,0.155,103.7,103.3,0.4,0.047,0.044
1629660,Ty Jerome,PHX,22.0,31,10.6,3.3,1.5,1.4,0.5,0.1,0.6,0.336,0.28,0.75,0.516,-3.3,2020,0.425,0.17,97.4,110.9,-13.5,0.222,0.066
1629639,Tyler Herro,MIA,20.0,55,27.4,13.5,4.1,2.2,0.6,0.2,1.6,0.428,0.389,0.87,0.618,-0.4,2020,0.55,0.213,107.9,109.6,-1.7,0.131,0.072
204020,Tyler Johnson,BKN,28.0,39,18.2,7.0,1.9,1.9,0.4,0.2,0.7,0.388,0.319,0.84,0.41,-2.6,2020,0.504,0.177,103.8,109.4,-5.7,0.153,0.049
2199,Tyson Chandler,HOU,37.0,26,8.4,1.3,2.5,0.2,0.2,0.3,0.3,0.778,0.0,0.462,0.577,1.2,2020,0.717,0.057,109.7,104.1,5.7,0.037,0.133
1626145,Tyus Jones,MEM,24.0,65,19.0,7.4,1.6,4.4,0.9,0.1,0.8,0.459,0.379,0.741,0.492,-0.8,2020,0.532,0.165,106.9,109.2,-2.3,0.314,0.038
203506,Victor Oladipo,IND,28.0,19,27.8,14.5,3.9,2.9,0.9,0.2,2.5,0.394,0.317,0.814,0.579,-0.3,2020,0.506,0.259,105.0,106.1,-1.1,0.159,0.069
1713,Vince Carter,ATL,43.0,60,14.6,5.0,2.1,0.8,0.4,0.4,0.6,0.352,0.302,0.793,0.317,-2.1,2020,0.47,0.163,102.0,110.1,-8.1,0.081,0.065
201961,Wayne Ellington,NYK,32.0,36,15.5,5.1,1.8,1.2,0.4,0.1,0.5,0.351,0.35,0.846,0.25,-0.5,2020,0.509,0.146,102.4,105.5,-3.1,0.117,0.054
1628976,Wendell Carter Jr.,CHI,21.0,43,29.2,11.3,9.4,1.2,0.8,0.8,1.7,0.534,0.207,0.737,0.349,-0.7,2020,0.59,0.162,104.8,105.3,-0.5,0.062,0.156
1629117,Wenyen Gabriel,POR,23.0,30,7.8,2.1,1.7,0.3,0.4,0.2,0.5,0.438,0.3,0.682,0.333,-1.5,2020,0.546,0.124,104.6,111.9,-7.2,0.046,0.11
1628411,Wes Iwundu,ORL,25.0,52,18.3,5.8,2.5,1.2,0.5,0.3,0.5,0.416,0.341,0.804,0.442,0.2,2020,0.544,0.134,104.1,104.6,-0.5,0.089,0.065
202083,Wesley Matthews,MIL,33.0,67,24.4,7.4,2.5,1.4,0.6,0.1,0.6,0.396,0.364,0.765,0.776,6.8,2020,0.547,0.123,110.5,98.3,12.2,0.07,0.045
203115,Will Barton,DEN,29.0,58,33.0,15.1,6.3,3.7,1.1,0.5,1.5,0.45,0.375,0.767,0.655,4.2,2020,0.549,0.197,112.7,106.9,5.8,0.157,0.094
1626161,Willie Cauley-Stein,DAL,26.0,54,20.3,7.2,5.8,1.3,0.9,1.1,0.7,0.579,0.0,0.606,0.296,-2.4,2020,0.589,0.144,102.2,107.7,-5.5,0.098,0.136
1626195,Willy Hernangomez,CHA,26.0,31,12.1,6.1,4.3,0.9,0.3,0.2,1.0,0.532,0.227,0.627,0.226,-0.6,2020,0.576,0.222,102.2,104.8,-2.6,0.136,0.171
201163,Wilson Chandler,BKN,33.0,35,21.0,5.9,4.1,1.1,0.5,0.3,1.0,0.404,0.306,0.87,0.457,-3.4,2020,0.531,0.128,101.7,108.2,-6.4,0.08,0.091
1627812,Yogi Ferrell,SAC,27.0,50,10.6,4.4,1.0,1.4,0.4,0.1,0.6,0.42,0.304,0.857,0.4,-0.3,2020,0.528,0.185,103.1,104.9,-1.8,0.196,0.046
1628380,Zach Collins,POR,22.0,11,26.4,7.0,6.3,1.5,0.5,0.5,1.3,0.471,0.368,0.75,0.727,3.3,2020,0.538,0.126,123.0,116.5,6.5,0.067,0.123
203897,Zach LaVine,CHI,25.0,60,34.8,25.5,4.8,4.2,1.5,0.5,3.4,0.45,0.38,0.802,0.333,-3.2,2020,0.568,0.312,106.8,111.2,-4.4,0.218,0.07
1629627,Zion Williamson,NOP,19.0,24,27.8,22.5,6.3,2.1,0.7,0.4,2.5,0.583,0.429,0.64,0.458,2.6,2020,0.616,0.291,112.0,106.9,5.1,0.119,0.104
203932,Aaron Gordon,DEN,25.0,50,27.7,12.4,5.7,3.2,0.7,0.7,1.9,0.463,0.335,0.651,0.58,1.2,2021,0.547,0.204,112.5,110.4,2.1,0.165,0.102
1628988,Aaron Holiday,IND,24.0,66,17.8,7.2,1.3,1.9,0.7,0.2,1.0,0.39,0.368,0.819,0.455,0.0,2021,0.503,0.189,110.1,110.3,-0.2,0.139,0.036
1630174,Aaron Nesmith,BOS,21.0,46,14.5,4.7,2.8,0.5,0.3,0.2,0.5,0.438,0.37,0.786,0.478,-0.2,2021,0.573,0.133,108.6,109.1,-0.5,0.047,0.093
1627846,Abdel Nader,PHX,27.0,24,14.8,6.7,2.6,0.8,0.4,0.4,0.8,0.491,0.419,0.757,0.667,1.2,2021,0.605,0.183,106.7,101.7,5.0,0.078,0.088
201143,Al Horford,BOS,35.0,28,27.9,14.2,6.7,3.4,0.9,0.9,1.0,0.45,0.368,0.818,0.393,-3.6,2021,0.538,0.221,102.2,109.1,-6.9,0.206,0.114
202329,Al-Farouq Aminu,CHI,30.0,23,18.9,4.4,4.8,1.3,0.8,0.4,1.2,0.384,0.216,0.818,0.217,-2.3,2021,0.469,0.138,102.8,109.0,-6.2,0.101,0.125
202692,Alec Burks,NYK,29.0,49,25.6,12.7,4.6,2.2,0.6,0.3,1.0,0.42,0.415,0.856,0.551,2.6,2021,0.564,0.208,109.6,104.6,5.0,0.135,0.087
1630197,Aleksej Pokusevski,OKC,19.0,45,24.2,8.2,4.7,2.2,0.4,0.9,2.2,0.341,0.28,0.738,0.289,-8.7,2021,0.43,0.197,98.1,114.9,-16.7,0.133,0.09
1627936,Alex Caruso,LAL,27.0,58,21.0,6.4,2.9,2.8,1.1,0.3,1.3,0.436,0.401,0.645,0.552,2.1,2021,0.547,0.144,107.2,101.7,5.5,0.19,0.069
203458,Alex Len,WAS,28.0,64,15.3,6.6,4.1,0.8,0.3,1.0,0.9,0.615,0.32,0.629,0.469,-1.5,2021,0.643,0.161,106.9,111.0,-4.0,0.069,0.126
1628035,Alfonzo McKinnie,LAL,28.0,39,6.6,3.1,1.4,0.2,0.2,0.0,0.1,0.516,0.41,0.556,0.564,0.2,2021,0.604,0.164,102.0,101.3,0.7,0.036,0.095
1629599,Amir Coffey,LAC,24.0,44,9.0,3.2,1.0,0.5,0.2,0.0,0.3,0.437,0.411,0.711,0.727,-0.6,2021,0.585,0.145,99.9,101.1,-1.2,0.09,0.052
203083,Andre Drummond,LAL,27.0,46,27.0,14.9,12.0,2.0,1.4,1.1,2.7,0.493,0.0,0.6,0.413,-2.3,2021,0.519,0.269,107.5,111.4,-3.9,0.124,0.229
2738,Andre Iguodala,MIA,37.0,63,21.3,4.4,3.5,2.3,0.9,0.6,1.1,0.383,0.33,0.658,0.587,-1.3,2021,0.519,0.109,105.6,108.1,-2.5,0.153,0.083
203952,Andrew Wiggins,GSW,26.0,71,33.3,18.6,4.9,2.4,0.9,1.0,1.8,0.477,0.38,0.714,0.535,0.0,2021,0.568,0.229,108.9,109.1,-0.2,0.11,0.071
1629014,Anfernee Simons,POR,22.0,64,17.3,7.8,2.2,1.4,0.3,0.1,0.7,0.419,0.426,0.807,0.578,0.7,2021,0.589,0.18,115.2,114.4,0.8,0.117,0.059
203076,Anthony Davis,LAL,28.0,36,32.3,21.8,7.9,3.1,1.3,1.6,2.1,0.491,0.26,0.738,0.639,3.2,2021,0.556,0.287,112.5,107.4,5.2,0.154,0.125
1630162,Anthony Edwards,MIN,19.0,72,32.1,19.3,4.7,2.9,1.1,0.5,2.2,0.417,0.329,0.776,0.319,-3.2,2021,0.523,0.264,110.6,115.6,-5.0,0.142,0.07
1630264,Anthony Gill,WAS,28.0,26,8.4,3.1,2.0,0.4,0.4,0.2,0.3,0.5,0.292,0.813,0.423,-0.7,2021,0.597,0.143,104.1,105.6,-1.6,0.073,0.114
1630237,Anthony Lamb,HOU,23.0,24,17.3,5.5,2.9,1.0,0.3,0.2,0.8,0.39,0.324,0.857,0.125,-3.7,2021,0.523,0.144,105.1,114.3,-9.2,0.08,0.079
1629717,Armoni Brooks,HOU,23.0,20,26.0,11.2,3.4,1.5,0.6,0.3,1.1,0.406,0.382,0.583,0.15,-6.8,2021,0.565,0.175,103.9,115.6,-11.7,0.09,0.061
203382,Aron Baynes,TOR,34.0,53,18.5,6.1,5.2,0.9,0.3,0.4,0.9,0.441,0.262,0.707,0.377,-1.5,2021,0.503,0.157,106.6,111.0,-4.4,0.07,0.135
203085,Austin Rivers,DEN,28.0,36,23.5,7.9,2.3,2.3,0.8,0.1,1.0,0.424,0.369,0.71,0.556,0.3,2021,0.551,0.15,110.3,110.3,0.0,0.136,0.048
202340,Avery Bradley,HOU,30.0,27,22.3,6.4,2.1,1.7,0.8,0.1,1.0,0.374,0.327,0.8,0.222,-4.9,2021,0.487,0.146,105.3,115.5,-10.2,0.108,0.046
1628389,Bam Adebayo,MIA,23.0,64,33.5,18.7,9.0,5.4,1.2,1.0,2.6,0.57,0.25,0.799,0.531,0.4,2021,0.626,0.233,110.2,109.6,0.6,0.267,0.139
203463,Ben McLemore,LAL,28.0,53,17.1,7.7,1.9,0.7,0.4,0.2,0.8,0.37,0.346,0.736,0.377,-1.9,2021,0.523,0.192,105.0,109.2,-4.2,0.064,0.051
1627732,Ben Simmons,PHI,24.0,58,32.4,14.3,7.2,6.9,1.6,0.6,3.0,0.557,0.3,0.613,0.724,5.7,2021,0.584,0.2,113.9,106.0,8.0,0.308,0.111
202687,Bismack Biyombo,CHA,28.0,66,20.4,5.0,5.3,1.2,0.3,1.1,1.1,0.587,0.0,0.448,0.424,-4.2,2021,0.574,0.113,102.8,111.7,-8.9,0.087,0.121
201933,Blake Griffin,BKN,32.0,46,25.8,11.0,4.9,3.0,0.7,0.3,1.3,0.423,0.341,0.744,0.522,1.3,2021,0.546,0.191,113.1,111.0,2.1,0.171,0.094
1626246,Boban Marjanovic,DAL,32.0,33,8.2,4.7,3.9,0.3,0.1,0.2,0.4,0.508,0.125,0.816,0.424,0.7,2021,0.562,0.231,107.0,101.1,5.9,0.06,0.223
1626171,Bobby Portis,MIL,26.0,66,20.8,11.4,7.1,1.1,0.8,0.4,0.8,0.523,0.471,0.74,0.667,2.1,2021,0.598,0.202,113.4,108.3,5.1,0.075,0.158
203992,Bogdan Bogdanović,ATL,28.0,44,29.7,16.4,3.6,3.3,1.1,0.3,1.2,0.473,0.438,0.909,0.682,2.5,2021,0.616,0.21,114.9,111.0,3.9,0.169,0.061
202711,Bojan Bogdanovic,UTA,32.0,72,30.8,17.0,3.9,1.9,0.6,0.1,1.8,0.439,0.39,0.879,0.722,5.8,2021,0.588,0.225,116.8,107.3,9.5,0.091,0.06
202954,Brad Wanamaker,CHA,31.0,61,17.3,5.5,1.7,2.9,0.7,0.2,1.2,0.385,0.188,0.891,0.475,-2.1,2021,0.489,0.166,101.4,107.1,-5.7,0.251,0.047
203078,Bradley Beal,WAS,28.0,60,35.8,31.3,4.7,4.4,1.2,0.4,3.1,0.485,0.349,0.889,0.533,-0.1,2021,0.593,0.331,114.4,114.8,-0.4,0.202,0.064
1629634,Brandon Clarke,MEM,24.0,59,24.0,10.3,5.6,1.6,1.0,0.9,0.6,0.517,0.26,0.69,0.542,-0.3,2021,0.56,0.167,109.5,109.3,0.2,0.094,0.111
1629164,Brandon Goodwin,ATL,25.0,47,13.2,4.9,1.5,2.0,0.4,0.0,0.8,0.377,0.311,0.651,0.532,-1.3,2021,0.471,0.19,104.7,109.1,-4.4,0.246,0.053
1627742,Brandon Ingram,NOP,23.0,61,34.3,23.8,4.9,4.9,0.7,0.6,2.5,0.466,0.381,0.878,0.475,0.7,2021,0.584,0.279,115.1,114.2,1.0,0.218,0.071
1630271,Brodric Thomas,CLE,24.0,32,12.5,3.9,1.7,0.9,0.5,0.3,0.7,0.361,0.271,0.674,0.188,-1.5,2021,0.487,0.158,103.6,108.1,-4.5,0.115,0.062
201572,Brook Lopez,MIL,33.0,70,27.2,12.3,5.0,0.7,0.6,1.5,0.9,0.503,0.338,0.845,0.657,4.5,2021,0.611,0.166,117.0,110.2,6.8,0.033,0.086
1628971,Bruce Brown,BKN,24.0,65,22.3,8.8,5.4,1.6,0.9,0.4,0.8,0.556,0.288,0.735,0.692,1.1,2021,0.604,0.157,115.9,112.4,3.5,0.099,0.12
1628981,Bruno Fernando,ATL,22.0,33,6.8,1.5,2.4,0.3,0.1,0.1,0.6,0.409,0.0,0.682,0.606,-0.7,2021,0.475,0.133,98.8,104.7,-6.0,0.069,0.16
1627854,Bryn Forbes,MIL,27.0,70,19.3,10.0,1.6,0.6,0.3,0.0,0.6,0.473,0.452,0.77,0.643,1.4,2021,0.631,0.18,113.4,110.8,2.7,0.045,0.039
1627741,Buddy Hield,SAC,28.0,71,34.3,16.6,4.7,3.6,0.9,0.4,1.8,0.406,0.391,0.846,0.437,-0.8,2021,0.567,0.201,114.5,116.3,-1.8,0.141,0.069
203468,CJ McCollum,POR,29.0,47,34.0,23.1,3.9,4.7,0.9,0.4,1.4,0.458,0.402,0.812,0.596,4.4,2021,0.577,0.265,119.0,112.8,6.2,0.22,0.056
1628997,Caleb Martin,CHA,25.0,53,15.4,5.0,2.7,1.3,0.7,0.2,0.6,0.375,0.248,0.641,0.434,-1.9,2021,0.465,0.164,104.7,109.5,-4.9,0.123,0.081
1629629,Cam Reddish,ATL,21.0,26,28.9,11.2,4.0,1.3,1.3,0.3,1.3,0.365,0.262,0.817,0.385,-1.9,2021,0.488,0.183,110.9,114.9,-4.0,0.066,0.068
1629661,Cameron Johnson,PHX,25.0,60,24.0,9.6,3.3,1.4,0.6,0.3,0.7,0.42,0.349,0.847,0.717,2.9,2021,0.563,0.164,112.2,106.5,5.7,0.083,0.07
1626166,Cameron Payne,PHX,26.0,60,18.0,8.4,2.4,3.6,0.6,0.3,1.0,0.484,0.44,0.893,0.7,3.0,2021,0.602,0.193,116.4,108.6,7.8,0.281,0.069
1627747,Caris LeVert,IND,26.0,47,31.6,20.2,4.6,5.2,1.4,0.6,2.2,0.441,0.326,0.811,0.511,-0.1,2021,0.531,0.279,111.9,112.1,-0.2,0.255,0.068
2546,Carmelo Anthony,POR,37.0,69,24.5,13.4,3.1,1.5,0.7,0.6,0.9,0.421,0.409,0.89,0.565,-0.3,2021,0.547,0.228,115.1,115.8,-0.6,0.097,0.06
1629035,Carsen Edwards,BOS,23.0,31,8.9,4.0,0.8,0.5,0.2,0.0,0.2,0.423,0.286,0.846,0.452,-0.8,2021,0.527,0.187,105.1,109.2,-4.1,0.075,0.046
1626224,Cedi Osman,CLE,26.0,59,25.6,10.4,3.4,2.9,0.9,0.2,1.4,0.374,0.306,0.8,0.288,-5.5,2021,0.488,0.198,103.3,114.2,-11.0,0.173,0.067
1628990,Chandler Hutchison,WAS,25.0,25,13.8,4.3,3.1,0.7,0.5,0.2,0.8,0.379,0.364,0.84,0.44,-2.3,2021,0.469,0.155,106.8,112.0,-5.2,0.061,0.106
1626184,Chasson Randle,ORL,28.0,41,20.4,6.5,2.0,1.8,0.5,0.1,1.1,0.388,0.338,0.792,0.244,-6.5,2021,0.515,0.154,97.7,112.7,-15.0,0.143,0.045
1629002,Chimezie Metu,SAC,24.0,36,13.6,6.3,3.1,0.8,0.4,0.5,0.8,0.508,0.351,0.721,0.389,-1.6,2021,0.571,0.194,108.7,116.4,-7.8,0.08,0.118
1628449,Chris Boucher,TOR,28.0,60,24.2,13.6,6.7,1.1,0.6,1.9,0.8,0.514,0.383,0.788,0.417,1.6,2021,0.634,0.202,114.4,110.7,3.8,0.068,0.135
1629185,Chris Chiozza,BKN,25.0,22,10.6,4.0,1.1,3.0,0.3,0.3,0.7,0.352,0.31,0.765,0.545,0.9,2021,0.461,0.2,105.9,102.9,3.0,0.382,0.049
101108,Chris Paul,PHX,36.0,70,31.4,16.4,4.5,8.9,1.4,0.3,2.2,0.499,0.395,0.934,0.7,4.4,2021,0.599,0.221,115.3,108.8,6.5,0.405,0.073
1626174,Christian Wood,HOU,25.0,41,32.3,21.0,9.6,1.7,0.8,1.2,2.0,0.514,0.374,0.631,0.293,-2.4,2021,0.591,0.255,108.8,112.6,-3.8,0.089,0.142
1629643,Chuma Okeke,ORL,22.0,45,25.2,7.8,4.0,2.2,1.1,0.5,0.8,0.417,0.348,0.75,0.333,-4.0,2021,0.511,0.142,102.6,109.8,-7.2,0.132,0.074
203991,Clint Capela,ATL,27.0,63,30.1,15.2,14.3,0.8,0.7,2.0,1.2,0.594,0.0,0.573,0.54,4.0,2021,0.601,0.193,114.8,108.2,6.6,0.039,0.23
1629632,Coby White,CHI,21.0,69,31.2,15.1,4.1,4.8,0.6,0.2,2.3,0.416,0.359,0.901,0.435,-1.6,2021,0.54,0.219,108.6,111.3,-2.7,0.218,0.065
1628998,Cody Martin,CHA,25.0,52,16.3,4.0,3.1,1.7,0.7,0.2,0.8,0.441,0.276,0.581,0.5,-0.1,2021,0.5,0.123,109.1,108.1,1.0,0.138,0.092
203469,Cody Zeller,CHA,28.0,48,20.9,9.4,6.8,1.8,0.6,0.4,1.1,0.559,0.143,0.714,0.438,0.9,2021,0.599,0.177,112.3,110.3,2.0,0.125,0.161
1630175,Cole Anthony,ORL,21.0,47,27.1,12.9,4.7,4.1,0.6,0.4,2.3,0.397,0.337,0.832,0.277,-6.9,2021,0.496,0.235,103.5,116.3,-12.8,0.241,0.081
1629012,Collin Sexton,CLE,22.0,60,35.3,24.3,3.1,4.4,1.0,0.2,2.8,0.475,0.371,0.815,0.3,-6.3,2021,0.573,0.286,104.8,114.0,-9.2,0.222,0.044
202709,Cory Joseph,DET,29.0,63,23.0,8.2,2.5,3.4,1.0,0.3,1.3,0.469,0.341,0.818,0.397,-3.1,2021,0.556,0.159,109.8,115.3,-5.5,0.204,0.055
1626156,D'Angelo Russell,MIN,25.0,42,28.5,19.0,2.6,5.8,1.1,0.4,2.7,0.431,0.387,0.765,0.381,-4.6,2021,0.555,0.283,109.7,116.8,-7.0,0.323,0.044
201571,D.J. Augustin,HOU,33.0,57,19.8,7.7,1.6,3.3,0.5,0.0,1.1,0.394,0.382,0.904,0.491,-0.7,2021,0.57,0.164,112.7,114.5,-1.8,0.223,0.04
1628391,D.J. Wilson,HOU,25.0,35,12.4,5.2,3.2,0.7,0.3,0.5,0.6,0.405,0.345,0.68,0.371,-3.0,2021,0.511,0.195,99.7,111.0,-11.3,0.088,0.12
1629610,DaQuan Jeffries,SAS,23.0,31,15.9,4.1,2.3,0.7,0.5,0.3,0.5,0.417,0.299,0.875,0.194,-1.8,2021,0.514,0.114,109.0,113.4,-4.5,0.059,0.068
1627745,Damian Jones,SAC,26.0,39,14.0,4.7,3.1,0.7,0.3,0.7,0.7,0.68,0.2,0.724,0.615,-1.7,2021,0.712,0.12,104.9,110.0,-5.1,0.075,0.109
203081,Damian Lillard,POR,30.0,67,35.8,28.8,4.2,7.5,0.9,0.3,3.0,0.451,0.391,0.928,0.582,3.0,2021,0.623,0.306,119.6,115.6,4.0,0.334,0.057
1627814,Damion Lee,GSW,28.0,57,18.9,6.5,3.2,1.3,0.7,0.1,0.5,0.467,0.397,0.909,0.491,0.7,2021,0.636,0.127,109.7,108.2,1.6,0.094,0.081
1628422,Damyean Dotson,CLE,27.0,46,19.7,6.7,2.0,2.0,0.3,0.1,0.9,0.406,0.289,0.667,0.304,-4.7,2021,0.499,0.162,97.0,109.4,-12.5,0.161,0.048
1629655,Daniel Gafford,WAS,22.0,54,14.7,7.0,4.3,0.5,0.5,1.4,0.8,0.684,0.0,0.667,0.574,0.9,2021,0.697,0.161,112.5,108.4,4.1,0.051,0.14
1628464,Daniel Theis,CHI,29.0,65,24.6,9.6,5.5,1.7,0.6,0.9,1.0,0.541,0.322,0.673,0.431,-0.5,2021,0.609,0.154,109.4,110.8,-1.3,0.097,0.11
201568,Danilo Gallinari,ATL,32.0,51,24.0,13.3,4.1,1.5,0.6,0.2,0.8,0.434,0.406,0.925,0.569,1.8,2021,0.613,0.211,113.0,110.3,2.7,0.099,0.087
201980,Danny Green,PHI,34.0,69,28.0,9.5,3.8,1.7,1.3,0.8,1.0,0.412,0.405,0.775,0.667,4.5,2021,0.582,0.138,114.5,107.4,7.1,0.08,0.066
1627863,Danuel House Jr.,HOU,28.0,36,25.9,8.8,3.7,1.9,0.6,0.4,1.0,0.404,0.346,0.651,0.222,-6.2,2021,0.525,0.153,103.4,114.5,-11.2,0.11,0.067
203967,Dario Šarić,PHX,27.0,50,17.4,8.7,3.8,1.3,0.6,0.1,1.1,0.447,0.348,0.848,0.74,4.4,2021,0.567,0.218,115.9,104.4,11.5,0.104,0.112
1629647,Darius Bazley,OKC,21.0,55,31.2,13.7,7.2,1.8,0.5,0.5,2.2,0.396,0.29,0.702,0.291,-8.7,2021,0.491,0.218,100.7,113.8,-13.1,0.091,0.108
1629636,Darius Garland,CLE,21.0,54,33.1,17.4,2.4,6.1,1.2,0.1,3.0,0.451,0.395,0.848,0.333,-4.4,2021,0.547,0.245,105.7,112.3,-6.6,0.298,0.037
1628021,David Nwaba,HOU,28.0,30,22.6,9.2,3.9,1.0,1.0,0.7,0.6,0.486,0.27,0.691,0.267,-0.9,2021,0.557,0.163,106.8,108.0,-1.3,0.07,0.081
202722,Davis Bertans,WAS,28.0,57,25.7,11.5,2.9,0.9,0.6,0.2,0.6,0.404,0.395,0.87,0.509,1.9,2021,0.62,0.148,112.8,110.8,2.1,0.043,0.053
1628368,De'Aaron Fox,SAC,23.0,58,35.1,25.2,3.5,7.2,1.5,0.5,3.0,0.477,0.322,0.719,0.414,-3.4,2021,0.565,0.304,113.5,118.0,-4.5,0.326,0.05
1629631,De'Andre Hunter,ATL,23.0,23,29.5,15.0,4.8,1.9,0.8,0.5,1.3,0.484,0.326,0.859,0.522,3.7,2021,0.603,0.194,111.3,105.9,5.5,0.098,0.076
1629001,De'Anthony Melton,MEM,23.0,52,20.1,9.1,3.1,2.5,1.2,0.6,1.3,0.438,0.412,0.804,0.519,2.3,2021,0.568,0.189,111.4,105.4,6.0,0.172,0.072
201599,DeAndre Jordan,BKN,32.0,57,21.9,7.5,7.5,1.6,0.3,1.1,1.5,0.763,0.0,0.5,0.649,-0.7,2021,0.736,0.128,113.0,114.8,-1.9,0.099,0.168
1627761,DeAndre' Bembry,TOR,26.0,51,19.1,5.7,2.9,2.1,1.0,0.4,1.4,0.513,0.264,0.682,0.451,0.1,2021,0.57,0.142,108.1,107.7,0.4,0.157,0.072
201942,DeMar DeRozan,SAS,31.0,61,33.7,21.6,4.2,6.9,0.9,0.2,2.0,0.495,0.257,0.88,0.443,-1.7,2021,0.591,0.255,113.0,115.5,-2.5,0.309,0.062
202326,DeMarcus Cousins,LAC,30.0,41,17.4,8.9,6.4,1.9,0.8,0.6,1.6,0.426,0.348,0.728,0.537,-1.5,2021,0.537,0.239,103.4,106.6,-3.2,0.174,0.178
1629731,Dean Wade,CLE,24.0,63,19.2,6.0,3.4,1.2,0.6,0.3,0.5,0.431,0.366,0.769,0.302,-3.5,2021,0.573,0.128,102.9,111.9,-9.0,0.094,0.09
1629028,Deandre Ayton,PHX,22.0,69,30.6,14.4,10.5,1.4,0.6,1.2,1.5,0.626,0.2,0.769,0.696,4.0,2021,0.653,0.179,117.1,110.8,6.3,0.066,0.179
1627749,Dejounte Murray,SAS,24.0,67,31.9,15.7,7.1,5.4,1.5,0.1,1.7,0.453,0.317,0.791,0.478,1.3,2021,0.509,0.231,111.8,109.5,2.3,0.246,0.108
1626153,Delon Wright,SAC,29.0,63,27.7,10.2,4.3,4.4,1.6,0.5,1.3,0.463,0.372,0.802,0.333,-1.7,2021,0.562,0.163,108.3,111.8,-3.5,0.237,0.077
1630166,Deni Avdija,WAS,20.0,54,23.3,6.3,4.9,1.2,0.6,0.3,0.6,0.417,0.315,0.644,0.463,-1.5,2021,0.515,0.118,107.8,109.9,-2.1,0.064,0.099
203471,Dennis Schröder,LAL,27.0,61,32.1,15.4,3.5,5.8,1.1,0.2,2.7,0.437,0.335,0.848,0.623,1.4,2021,0.543,0.227,110.8,108.6,2.2,0.262,0.055
1628372,Dennis Smith Jr.,DET,23.0,23,18.3,6.7,2.4,3.3,1.0,0.6,1.1,0.4,0.328,0.731,0.304,-0.8,2021,0.492,0.191,105.8,108.1,-2.2,0.276,0.065
1627756,Denzel Valentine,CHI,27.0,62,16.7,6.5,3.2,1.7,0.5,0.1,0.7,0.373,0.331,0.941,0.419,0.7,2021,0.479,0.19,107.7,106.7,1.0,0.144,0.094
202324,Derrick Favors,UTA,29.0,68,15.3,5.4,5.5,0.6,0.5,1.0,0.5,0.638,0.0,0.738,0.721,0.5,2021,0.663,0.125,114.1,111.6,2.6,0.059,0.178
1627884,Derrick Jones Jr.,POR,24.0,58,22.7,6.8,3.5,0.8,0.6,0.9,0.6,0.484,0.316,0.648,0.552,-1.1,2021,0.576,0.122,113.3,114.0,-0.8,0.049,0.074
201565,Derrick Rose,NYK,32.0,50,25.6,14.7,2.6,4.2,1.0,0.4,1.6,0.47,0.388,0.866,0.56,2.7,2021,0.55,0.252,109.8,105.0,4.9,0.276,0.049
1628401,Derrick White,SAS,26.0,36,29.5,15.4,3.0,3.5,0.7,1.0,1.3,0.411,0.346,0.851,0.5,2.6,2021,0.55,0.223,113.9,108.8,5.1,0.168,0.049
1630217,Desmond Bane,MEM,23.0,68,22.3,9.2,3.1,1.7,0.6,0.2,0.9,0.469,0.432,0.816,0.529,0.2,2021,0.6,0.155,110.1,109.7,0.4,0.105,0.066
1626164,Devin Booker,PHX,24.0,67,33.9,25.6,4.2,4.3,0.8,0.2,3.1,0.484,0.34,0.867,0.716,4.9,2021,0.587,0.319,118.6,111.4,7.2,0.2,0.064
1630170,Devin Vassell,SAS,20.0,62,17.0,5.5,2.8,0.9,0.7,0.3,0.4,0.406,0.347,0.843,0.484,-1.0,2021,0.524,0.138,106.5,108.9,-2.4,0.071,0.079
1628984,Devonte' Graham,CHA,26.0,55,30.2,14.8,2.7,5.4,0.9,0.1,1.5,0.377,0.375,0.842,0.418,1.8,2021,0.552,0.211,109.2,107.1,2.1,0.272,0.043
203473,Dewayne Dedmon,MIA,31.0,16,13.2,7.1,5.4,0.8,0.6,0.4,0.8,0.708,0.2,0.741,0.688,4.3,2021,0.735,0.183,121.3,104.2,17.1,0.083,0.21
1628415,Dillon Brooks,MEM,25.0,67,29.8,17.2,2.9,2.3,1.2,0.4,1.8,0.419,0.344,0.815,0.537,2.3,2021,0.515,0.256,113.9,109.4,4.5,0.112,0.047
1627734,Domantas Sabonis,IND,25.0,62,36.0,20.3,12.0,6.7,1.2,0.5,3.4,0.535,0.321,0.732,0.468,-1.5,2021,0.601,0.239,109.6,111.5,-1.9,0.283,0.162
1628378,Donovan Mitchell,UTA,24.0,53,33.4,26.4,4.4,5.2,1.0,0.3,2.8,0.438,0.386,0.845,0.736,5.4,2021,0.569,0.327,117.1,109.2,7.9,0.266,0.063
1628978,Donte DiVincenzo,MIL,24.0,66,27.5,10.4,5.8,3.1,1.1,0.2,1.4,0.42,0.379,0.718,0.667,4.6,2021,0.542,0.163,117.3,109.1,8.1,0.137,0.1
1627827,Dorian Finney-Smith,DAL,28.0,60,32.0,9.8,5.4,1.7,0.9,0.4,0.8,0.472,0.394,0.756,0.6,3.3,2021,0.609,0.12,117.2,112.1,5.1,0.07,0.084
203926,Doug McDermott,IND,29.0,66,24.5,13.6,3.3,1.3,0.3,0.1,0.8,0.532,0.388,0.816,0.485,-0.7,2021,0.635,0.194,110.5,112.3,-1.8,0.075,0.066
203110,Draymond Green,GSW,31.0,63,31.5,7.0,7.1,8.9,1.7,0.8,3.0,0.447,0.27,0.795,0.556,3.8,2021,0.53,0.128,114.8,109.3,5.4,0.345,0.11
1629234,Drew Eubanks,SAS,24.0,54,14.0,5.8,4.5,0.8,0.3,0.9,0.8,0.566,1.0,0.726,0.389,-1.8,2021,0.618,0.166,103.6,108.2,-4.6,0.086,0.148
1629130,Duncan Robinson,MIA,27.0,72,31.4,13.1,3.5,1.8,0.6,0.3,1.1,0.439,0.408,0.827,0.556,1.6,2021,0.628,0.162,110.6,108.3,2.3,0.082,0.057
1628407,Dwayne Bacon,ORL,25.0,72,25.7,10.9,3.1,1.3,0.6,0.1,0.6,0.402,0.285,0.824,0.292,-6.2,2021,0.49,0.193,101.3,112.8,-11.4,0.08,0.056
2730,Dwight Howard,PHI,35.0,69,17.3,7.0,8.4,0.9,0.4,0.9,1.6,0.587,0.25,0.576,0.667,-1.0,2021,0.61,0.173,103.9,106.3,-2.4,0.076,0.228
203939,Dwight Powell,DAL,29.0,58,16.6,5.9,4.0,1.1,0.6,0.5,0.7,0.619,0.238,0.782,0.621,1.3,2021,0.688,0.129,112.8,108.8,4.0,0.09,0.123
1629685,Dylan Windler,CLE,24.0,31,16.5,5.2,3.5,1.1,0.6,0.4,1.0,0.438,0.338,0.778,0.355,-2.0,2021,0.567,0.14,104.6,111.1,-6.5,0.089,0.104
202734,E'Twaun Moore,PHX,32.0,27,14.4,4.9,1.7,1.5,0.6,0.2,0.9,0.455,0.314,0.857,0.741,0.3,2021,0.523,0.164,108.4,107.9,0.5,0.14,0.057
202334,Ed Davis,MIN,32.0,23,13.0,2.1,5.0,0.9,0.6,0.6,0.3,0.432,0.0,0.833,0.217,-2.0,2021,0.487,0.078,101.4,109.0,-7.6,0.1,0.176
1628410,Edmond Sumner,IND,25.0,53,16.2,7.5,1.8,0.9,0.6,0.2,1.0,0.525,0.398,0.819,0.434,-0.6,2021,0.626,0.176,111.8,112.2,-0.4,0.075,0.052
203901,Elfrid Payton,NYK,27.0,63,23.6,10.1,3.4,3.2,0.7,0.1,1.6,0.432,0.286,0.682,0.571,-1.6,2021,0.478,0.224,107.8,110.8,-3.0,0.209,0.069
202683,Enes Freedom,POR,29.0,72,24.4,11.2,11.0,1.2,0.5,0.7,1.1,0.604,0.25,0.774,0.583,2.2,2021,0.636,0.169,119.7,114.8,4.9,0.069,0.213
202339,Eric Bledsoe,NOP,31.0,71,29.7,12.2,3.4,3.8,0.8,0.3,1.6,0.421,0.341,0.687,0.437,-0.9,2021,0.533,0.181,113.0,114.8,-1.8,0.17,0.057
201569,Eric Gordon,HOU,32.0,27,29.2,17.8,2.1,2.6,0.5,0.5,1.9,0.433,0.329,0.825,0.37,-2.5,2021,0.577,0.246,106.8,110.1,-3.3,0.147,0.035
1629672,Eric Paschall,GSW,24.0,40,17.4,9.5,3.2,1.3,0.3,0.2,1.1,0.497,0.333,0.713,0.5,-2.8,2021,0.561,0.234,103.7,110.5,-6.8,0.125,0.088
203095,Evan Fournier,BOS,28.0,42,30.0,17.1,3.0,3.4,1.1,0.5,1.7,0.457,0.413,0.788,0.429,-0.8,2021,0.598,0.222,111.6,113.0,-1.4,0.17,0.049
1630267,Facundo Campazzo,DEN,30.0,65,21.9,6.1,2.1,3.6,1.2,0.2,1.1,0.381,0.352,0.879,0.662,1.2,2021,0.558,0.128,111.6,108.8,2.8,0.215,0.047
1628402,Frank Jackson,DET,23.0,40,18.5,9.8,2.2,0.9,0.4,0.0,0.9,0.457,0.407,0.813,0.325,-0.3,2021,0.598,0.207,106.1,107.0,-1.0,0.079,0.057
1626163,Frank Kaminsky,PHX,28.0,47,15.2,6.6,4.0,1.7,0.3,0.4,0.5,0.471,0.365,0.617,0.702,1.2,2021,0.547,0.185,113.5,108.9,4.6,0.154,0.131
1628373,Frank Ntilikina,NYK,22.0,33,9.8,2.7,0.9,0.6,0.5,0.1,0.3,0.367,0.479,0.444,0.697,-1.0,2021,0.512,0.134,99.7,103.3,-3.6,0.095,0.048
1627832,Fred VanVleet,TOR,27.0,52,36.5,19.6,4.2,6.3,1.7,0.7,1.8,0.389,0.366,0.885,0.423,2.7,2021,0.534,0.237,113.6,110.2,3.3,0.264,0.057
1630273,Freddie Gillespie,TOR,24.0,20,19.6,5.6,4.9,0.5,0.7,1.0,0.6,0.524,0.0,0.697,0.35,-3.9,2021,0.563,0.12,101.3,110.9,-9.6,0.034,0.12
1627788,Furkan Korkmaz,PHI,23.0,55,19.3,9.1,2.1,1.5,0.9,0.2,0.8,0.401,0.375,0.732,0.709,2.6,2021,0.544,0.195,110.3,104.3,6.0,0.111,0.052
1629216,Gabe Vincent,MIA,25.0,50,13.1,4.8,1.1,1.3,0.4,0.0,0.7,0.378,0.309,0.87,0.54,-1.5,2021,0.498,0.184,104.3,110.3,-5.9,0.161,0.043
1630466,Gabriel Deck,OKC,26.0,10,21.2,8.4,4.0,2.4,0.8,0.0,0.6,0.478,0.133,0.818,0.1,-5.1,2021,0.548,0.159,104.1,116.8,-12.7,0.16,0.09
202066,Garrett Temple,CHI,35.0,56,27.3,7.6,2.9,2.2,0.8,0.5,1.0,0.415,0.335,0.8,0.446,0.9,2021,0.525,0.126,110.8,109.3,1.5,0.104,0.052
1629726,Garrison Mathews,WAS,24.0,64,16.2,5.5,1.4,0.4,0.5,0.1,0.2,0.409,0.384,0.884,0.5,-2.1,2021,0.635,0.111,107.7,113.4,-5.6,0.032,0.04
1629109,Gary Clark,PHI,26.0,39,16.8,3.1,2.9,0.8,0.3,0.2,0.4,0.303,0.287,0.8,0.308,-2.8,2021,0.436,0.097,104.1,111.7,-7.7,0.064,0.082
203914,Gary Harris,ORL,26.0,39,27.7,9.9,2.0,2.0,0.7,0.3,0.9,0.4,0.34,0.821,0.385,-2.1,2021,0.511,0.164,110.0,114.2,-4.2,0.102,0.036
1629018,Gary Trent Jr.,TOR,22.0,58,31.1,15.3,2.6,1.4,1.0,0.2,0.7,0.408,0.385,0.783,0.5,-1.0,2021,0.534,0.204,113.9,115.7,-1.8,0.067,0.04
201588,George Hill,PHI,35.0,30,22.4,8.7,2.0,2.4,0.8,0.2,1.0,0.482,0.388,0.8,0.533,-0.3,2021,0.596,0.161,109.7,110.2,-0.4,0.156,0.044
1627777,Georges Niang,UTA,28.0,72,16.0,6.9,2.4,0.8,0.3,0.1,0.7,0.437,0.425,0.957,0.722,4.9,2021,0.602,0.169,114.9,100.3,14.6,0.071,0.072
203507,Giannis Antetokounmpo,MIL,26.0,61,33.0,28.1,11.0,5.9,1.2,1.2,3.4,0.569,0.303,0.685,0.656,6.7,2021,0.633,0.32,117.1,107.3,9.8,0.282,0.16
203922,Glenn Robinson III,SAC,27.0,23,16.1,5.3,2.0,0.9,0.2,0.1,0.5,0.424,0.364,0.913,0.391,-5.7,2021,0.554,0.135,105.2,122.5,-17.3,0.075,0.06
1629048,Goga Bitadze,IND,21.0,45,12.5,5.1,3.3,0.8,0.2,1.3,0.4,0.428,0.253,0.738,0.422,-0.4,2021,0.523,0.169,108.5,109.3,-0.8,0.087,0.121
201609,Goran Dragic,MIA,35.0,50,26.7,13.4,3.4,4.4,0.7,0.2,2.4,0.432,0.373,0.828,0.6,0.8,2021,0.552,0.239,110.1,108.6,1.5,0.26,0.063
202330,Gordon Hayward,CHA,31.0,44,34.0,19.6,5.9,4.1,1.2,0.3,2.1,0.473,0.415,0.843,0.545,0.4,2021,0.584,0.235,111.0,110.3,0.7,0.189,0.083
203476,Gorgui Dieng,SAS,31.0,38,14.5,6.8,3.7,1.3,0.7,0.4,0.8,0.521,0.429,0.866,0.368,-1.8,2021,0.67,0.169,106.6,113.2,-6.7,0.13,0.122
1629684,Grant Williams,BOS,22.0,63,18.1,4.7,2.8,1.0,0.5,0.4,0.9,0.437,0.372,0.588,0.476,-0.8,2021,0.546,0.12,107.4,109.3,-1.9,0.079,0.076
1628960,Grayson Allen,MEM,25.0,50,25.2,10.6,3.2,2.2,0.9,0.2,1.0,0.418,0.391,0.868,0.52,0.2,2021,0.586,0.164,111.6,111.0,0.5,0.116,0.06
1628977,Hamidou Diallo,DET,22.0,52,23.6,11.6,5.2,1.9,0.8,0.5,1.5,0.477,0.341,0.64,0.346,-3.7,2021,0.541,0.218,102.0,110.6,-8.6,0.133,0.105
203084,Harrison Barnes,SAC,29.0,58,36.2,16.1,6.6,3.5,0.7,0.2,1.6,0.497,0.391,0.83,0.431,-1.0,2021,0.626,0.169,114.4,116.2,-1.8,0.128,0.092
1628385,Harry Giles III,POR,23.0,38,9.2,2.8,3.5,0.8,0.2,0.3,0.5,0.433,0.348,0.593,0.605,-2.1,2021,0.496,0.154,101.1,111.5,-10.4,0.125,0.168
202355,Hassan Whiteside,SAC,32.0,36,15.2,8.1,6.0,0.6,0.3,1.3,1.1,0.563,0.0,0.519,0.444,-2.9,2021,0.566,0.227,106.3,114.5,-8.1,0.058,0.19
1629649,Ignas Brazdeikis,ORL,22.0,13,19.1,7.0,3.5,1.3,0.3,0.2,0.9,0.422,0.393,0.714,0.231,-2.1,2021,0.51,0.171,110.3,114.6,-4.3,0.1,0.085
1630193,Immanuel Quickley,NYK,22.0,64,19.4,11.4,2.1,2.0,0.5,0.2,0.9,0.395,0.389,0.891,0.578,2.8,2021,0.557,0.246,111.6,104.5,7.1,0.164,0.054
1629067,Isaac Bonga,WAS,21.0,40,10.8,2.0,1.7,0.6,0.3,0.2,0.6,0.37,0.277,0.625,0.4,-0.9,2021,0.461,0.101,99.2,102.4,-3.3,0.072,0.073
1630171,Isaac Okoro,CLE,20.0,67,32.4,9.6,3.1,1.9,0.9,0.4,1.3,0.42,0.29,0.726,0.299,-6.1,2021,0.514,0.142,104.6,113.4,-8.7,0.086,0.048
1628392,Isaiah Hartenstein,CLE,23.0,46,12.1,5.1,3.9,1.2,0.4,0.8,1.0,0.55,0.333,0.648,0.435,0.0,2021,0.583,0.187,107.8,105.7,2.1,0.147,0.16
1630198,Isaiah Joe,PHI,21.0,41,9.3,3.7,0.9,0.5,0.3,0.1,0.3,0.361,0.368,0.75,0.537,0.0,2021,0.533,0.163,106.9,105.1,1.8,0.072,0.045
1629676,Isaiah Roby,OKC,23.0,61,23.4,8.7,5.6,1.8,0.9,0.6,1.9,0.483,0.294,0.744,0.311,-7.2,2021,0.555,0.171,99.5,113.6,-14.1,0.118,0.112
1630191,Isaiah Stewart,DET,20.0,68,21.4,7.9,6.7,0.9,0.6,1.3,1.0,0.553,0.333,0.696,0.294,-0.9,2021,0.597,0.15,105.5,107.4,-2.0,0.064,0.149
202397,Ish Smith,WAS,32.0,44,21.0,6.7,3.4,3.9,0.7,0.3,0.9,0.434,0.367,0.576,0.523,1.2,2021,0.473,0.155,111.0,108.7,2.3,0.242,0.076
1627826,Ivica Zubac,LAC,24.0,72,22.3,9.0,7.2,1.3,0.3,0.9,1.1,0.652,0.25,0.789,0.653,2.5,2021,0.693,0.147,114.3,109.3,5.0,0.079,0.162
200755,JJ Redick,DAL,37.0,44,16.4,7.4,1.5,1.2,0.3,0.1,0.8,0.397,0.371,0.942,0.5,0.0,2021,0.564,0.184,109.3,110.6,-1.3,0.098,0.044
1629630,Ja Morant,MEM,21.0,63,32.6,19.1,4.0,7.4,0.9,0.2,3.2,0.449,0.303,0.728,0.524,1.7,2021,0.537,0.267,114.7,112.1,2.6,0.321,0.059
203960,JaKarr Sampson,IND,28.0,29,10.9,4.6,2.7,0.1,0.1,0.5,0.5,0.496,0.2,0.655,0.483,0.1,2021,0.533,0.177,109.9,108.9,1.1,0.017,0.113
203210,JaMychal Green,DEN,31.0,58,19.3,8.1,4.8,0.9,0.4,0.4,0.9,0.463,0.399,0.807,0.655,1.7,2021,0.59,0.172,111.8,107.6,4.1,0.07,0.122
201580,JaVale McGee,DEN,33.0,46,14.7,7.3,5.2,0.8,0.4,1.2,1.3,0.511,0.208,0.657,0.457,-1.9,2021,0.541,0.228,100.9,106.9,-6.1,0.098,0.166
1630183,Jaden McDaniels,MIN,20.0,63,24.0,6.8,3.7,1.1,0.6,1.0,0.7,0.447,0.364,0.6,0.286,-1.6,2021,0.552,0.118,109.6,113.1,-3.4,0.064,0.073
203109,Jae Crowder,PHX,30.0,60,27.5,10.1,4.7,2.1,0.8,0.5,0.9,0.404,0.389,0.76,0.7,3.6,2021,0.574,0.152,114.3,107.9,6.3,0.102,0.085
1630256,Jae'Sean Tate,HOU,25.0,70,29.2,11.3,5.3,2.5,1.2,0.5,1.4,0.506,0.308,0.694,0.243,-2.7,2021,0.576,0.161,108.0,111.8,-3.8,0.127,0.088
1626143,Jahlil Okafor,DET,25.0,27,12.9,5.4,2.4,0.5,0.2,0.2,0.8,0.618,0.222,0.708,0.185,-3.1,2021,0.644,0.17,98.5,108.7,-10.2,0.066,0.096
1627774,Jake Layman,MIN,27.0,45,13.9,5.1,1.5,0.6,0.6,0.4,0.6,0.495,0.295,0.703,0.267,-1.8,2021,0.577,0.147,101.5,107.3,-5.8,0.067,0.051
1627751,Jakob Poeltl,SAS,25.0,69,26.7,8.6,7.9,1.9,0.7,1.8,1.2,0.616,0.0,0.508,0.464,1.6,2021,0.612,0.13,112.2,109.0,3.2,0.096,0.143
1628973,Jalen Brunson,DAL,24.0,68,25.0,12.6,3.4,3.5,0.5,0.0,1.2,0.523,0.405,0.795,0.588,2.4,2021,0.618,0.196,113.7,108.7,4.9,0.215,0.067
1629667,Jalen McDaniels,CHA,23.0,47,19.2,7.4,3.6,1.1,0.6,0.4,1.0,0.468,0.333,0.703,0.383,-3.8,2021,0.554,0.169,104.6,113.9,-9.4,0.09,0.091
1627750,Jamal Murray,DEN,24.0,48,35.5,21.2,4.0,4.8,1.3,0.3,2.3,0.477,0.408,0.869,0.646,6.3,2021,0.592,0.244,118.6,110.6,8.0,0.197,0.059
203516,James Ennis III,ORL,30.0,41,24.1,8.4,4.0,1.5,0.8,0.2,0.9,0.473,0.433,0.805,0.293,-1.8,2021,0.613,0.137,107.9,111.7,-3.8,0.087,0.082
201935,James Harden,BKN,31.0,44,36.6,24.6,7.9,10.8,1.2,0.8,4.0,0.466,0.362,0.861,0.705,2.3,2021,0.618,0.283,117.2,114.3,2.9,0.442,0.111
201949,James Johnson,NOP,34.0,51,20.5,7.2,3.5,1.9,0.8,0.8,1.1,0.446,0.258,0.592,0.412,-2.5,2021,0.51,0.166,106.4,111.4,-5.0,0.134,0.08
1630164,James Wiseman,GSW,20.0,39,21.4,11.5,5.8,0.7,0.3,0.9,1.5,0.519,0.316,0.628,0.462,-4.7,2021,0.552,0.231,101.8,110.6,-8.8,0.05,0.127
1628991,Jaren Jackson Jr.,MEM,21.0,11,23.5,14.4,5.6,1.1,1.1,1.6,1.4,0.424,0.283,0.833,0.364,-5.8,2021,0.551,0.252,107.6,118.0,-10.5,0.074,0.112
1629020,Jarred Vanderbilt,MIN,22.0,64,17.8,5.4,5.8,1.2,1.0,0.7,0.8,0.606,0.2,0.559,0.281,-0.8,2021,0.612,0.118,108.1,109.2,-1.1,0.091,0.153
1628386,Jarrett Allen,CLE,23.0,63,29.6,12.8,10.0,1.7,0.5,1.4,1.6,0.618,0.316,0.703,0.317,-3.2,2021,0.661,0.163,108.3,113.9,-5.6,0.087,0.17
1629633,Jarrett Culver,MIN,22.0,34,14.7,5.3,3.1,0.7,0.5,0.3,0.8,0.411,0.245,0.604,0.206,-3.9,2021,0.476,0.179,99.0,109.7,-10.7,0.079,0.094
1629750,Javonte Green,CHI,27.0,41,11.6,3.6,1.7,0.4,0.7,0.1,0.5,0.52,0.333,0.75,0.463,0.4,2021,0.61,0.122,109.0,107.2,1.8,0.048,0.077
1629637,Jaxson Hayes,NOP,21.0,60,16.1,7.5,4.3,0.6,0.4,0.6,0.7,0.625,0.429,0.775,0.4,-0.4,2021,0.675,0.156,104.6,105.5,-0.9,0.057,0.124
1627759,Jaylen Brown,BOS,24.0,58,34.5,24.7,6.0,3.4,1.2,0.6,2.7,0.484,0.397,0.764,0.517,1.2,2021,0.586,0.29,113.5,111.8,1.8,0.162,0.085
1629658,Jaylen Hoard,OKC,22.0,19,16.8,6.1,3.4,1.3,0.7,0.3,0.9,0.5,0.0,0.683,0.053,-3.3,2021,0.547,0.156,99.9,108.9,-9.1,0.11,0.095
1629669,Jaylen Nowell,MIN,21.0,42,18.1,9.0,2.3,1.5,0.5,0.3,0.7,0.424,0.333,0.818,0.238,-2.4,2021,0.528,0.206,104.5,111.1,-6.6,0.13,0.058
1628369,Jayson Tatum,BOS,23.0,64,35.8,26.4,7.4,4.3,1.2,0.5,2.7,0.459,0.386,0.868,0.531,2.5,2021,0.576,0.298,114.8,111.8,3.0,0.196,0.102
201145,Jeff Green,BKN,34.0,68,27.0,11.0,3.9,1.6,0.5,0.4,0.8,0.492,0.412,0.776,0.647,1.7,2021,0.624,0.154,116.1,112.8,3.3,0.08,0.07
201952,Jeff Teague,MIL,33.0,55,17.3,6.7,1.6,2.4,0.6,0.2,1.2,0.433,0.439,0.848,0.491,1.0,2021,0.562,0.174,113.0,110.3,2.8,0.182,0.046
203924,Jerami Grant,DET,27.0,54,33.9,22.3,4.6,2.8,0.6,1.1,2.0,0.429,0.35,0.845,0.278,-2.2,2021,0.556,0.278,108.3,111.5,-3.2,0.145,0.067
203087,Jeremy Lamb,IND,29.0,36,21.3,10.1,3.6,1.5,0.9,0.6,0.6,0.435,0.406,0.947,0.444,-0.4,2021,0.587,0.18,113.0,113.3,-0.3,0.094,0.084
1629010,Jerome Robinson,WAS,24.0,17,17.9,4.9,2.2,1.5,0.7,0.4,1.1,0.295,0.262,0.8,0.294,-5.9,2021,0.4,0.161,100.0,113.1,-13.1,0.114,0.056
1628975,Jevon Carter,PHX,25.0,60,11.9,4.1,1.5,1.2,0.5,0.2,0.3,0.422,0.371,0.571,0.7,0.5,2021,0.548,0.146,110.9,107.6,3.3,0.136,0.063
202710,Jimmy Butler III,MIA,31.0,52,33.6,21.5,6.9,7.1,2.1,0.3,2.1,0.497,0.245,0.863,0.635,3.8,2021,0.607,0.259,112.1,106.9,5.2,0.345,0.105
203925,Joe Harris,BKN,29.0,69,31.0,14.1,3.6,1.9,0.7,0.2,0.9,0.505,0.475,0.778,0.652,5.1,2021,0.663,0.157,117.4,110.6,6.9,0.081,0.057
204060,Joe Ingles,UTA,33.0,67,27.9,12.1,3.6,4.7,0.7,0.2,1.7,0.489,0.451,0.844,0.701,6.8,2021,0.672,0.162,116.7,104.9,11.8,0.238,0.063
203954,Joel Embiid,PHI,27.0,51,31.1,28.5,10.6,2.8,1.0,1.4,3.1,0.513,0.377,0.859,0.765,7.9,2021,0.636,0.352,117.8,105.8,12.0,0.156,0.172
1628381,John Collins,ATL,23.0,63,29.3,17.6,7.4,1.2,0.5,1.0,1.3,0.556,0.399,0.833,0.54,2.9,2021,0.645,0.214,116.0,111.7,4.3,0.065,0.125
1629723,John Konchar,MEM,25.0,43,13.4,4.3,3.0,1.1,0.7,0.2,0.4,0.5,0.375,0.833,0.535,0.4,2021,0.608,0.124,110.6,108.6,2.1,0.111,0.107
202322,John Wall,HOU,30.0,40,32.2,20.6,3.2,6.9,1.1,0.8,3.5,0.404,0.317,0.749,0.3,-4.2,2021,0.503,0.316,106.1,111.8,-5.7,0.365,0.047
202685,Jonas Valančiūnas,MEM,29.0,62,28.3,17.1,12.5,1.8,0.6,0.9,1.6,0.592,0.368,0.773,0.516,2.2,2021,0.636,0.217,112.8,108.9,3.8,0.097,0.21
203903,Jordan Clarkson,UTA,29.0,68,26.7,18.4,4.0,2.5,0.9,0.1,1.7,0.425,0.347,0.896,0.721,4.4,2021,0.549,0.286,115.8,108.0,7.8,0.149,0.072
1629162,Jordan McLaughlin,MIN,25.0,51,18.4,5.0,2.1,3.8,1.0,0.1,1.0,0.413,0.359,0.767,0.294,-2.6,2021,0.502,0.133,102.6,108.8,-6.3,0.292,0.053
1629670,Jordan Nwora,MIL,22.0,30,9.1,5.7,2.0,0.2,0.6,0.3,0.8,0.459,0.452,0.76,0.633,-0.1,2021,0.586,0.254,106.8,107.1,-0.3,0.04,0.103
1629673,Jordan Poole,GSW,22.0,51,19.4,12.0,1.8,1.9,0.5,0.2,1.0,0.432,0.351,0.882,0.549,0.6,2021,0.581,0.246,107.6,106.9,0.7,0.161,0.044
1630182,Josh Green,DAL,20.0,39,11.4,2.6,2.0,0.7,0.4,0.1,0.4,0.452,0.16,0.565,0.513,0.4,2021,0.49,0.112,106.7,104.7,1.9,0.083,0.084
1630221,Josh Hall,OKC,20.0,21,16.0,4.1,2.8,1.3,0.2,0.0,1.2,0.303,0.108,0.5,0.095,-4.8,2021,0.363,0.174,100.7,113.9,-13.2,0.118,0.081
1628404,Josh Hart,NOP,26.0,47,28.7,9.2,8.0,2.3,0.8,0.3,1.0,0.439,0.326,0.775,0.447,0.0,2021,0.566,0.133,111.9,112.1,-0.2,0.109,0.138
1628367,Josh Jackson,DET,24.0,62,25.2,13.4,4.1,2.3,0.9,0.8,2.3,0.419,0.3,0.729,0.258,-2.0,2021,0.516,0.254,104.9,108.3,-3.4,0.15,0.079
1629006,Josh Okogie,MIN,22.0,59,20.3,5.4,2.6,1.1,0.9,0.5,0.7,0.402,0.269,0.769,0.356,-3.3,2021,0.524,0.119,107.7,114.3,-6.6,0.072,0.063
1626196,Josh Richardson,DAL,27.0,59,30.3,12.1,3.3,2.6,1.0,0.4,1.3,0.427,0.33,0.917,0.593,-0.8,2021,0.537,0.181,113.5,113.7,-0.2,0.123,0.054
201950,Jrue Holiday,MIL,31.0,59,32.3,17.7,4.5,6.1,1.6,0.6,2.2,0.503,0.392,0.787,0.695,6.4,2021,0.592,0.217,117.9,108.8,9.2,0.253,0.066
1629308,Juan Toscano-Anderson,GSW,28.0,53,20.9,5.7,4.4,2.8,0.8,0.5,1.2,0.579,0.402,0.71,0.528,1.8,2021,0.676,0.108,109.4,105.6,3.8,0.181,0.102
1627823,Juancho Hernangomez,MIN,25.0,52,17.3,7.2,3.9,0.7,0.4,0.1,0.5,0.435,0.327,0.619,0.365,-1.4,2021,0.549,0.167,110.5,115.4,-4.9,0.055,0.11
203944,Julius Randle,NYK,26.0,71,37.6,24.1,10.2,6.0,0.9,0.3,3.4,0.456,0.411,0.811,0.563,2.2,2021,0.567,0.285,109.8,106.8,3.0,0.269,0.131
203200,Justin Holiday,IND,32.0,72,30.3,10.5,3.6,1.7,1.0,0.6,0.8,0.413,0.382,0.788,0.472,-0.6,2021,0.571,0.138,110.5,111.2,-0.6,0.07,0.057
1628382,Justin Jackson,MIL,26.0,34,17.0,7.2,2.3,1.5,0.4,0.1,0.9,0.403,0.308,0.838,0.353,-1.2,2021,0.516,0.195,103.8,106.8,-3.0,0.136,0.063
1629713,Justin James,SAC,24.0,36,8.6,3.9,0.8,0.6,0.2,0.1,0.4,0.468,0.368,0.583,0.417,-1.6,2021,0.548,0.192,100.3,108.8,-8.5,0.109,0.046
1628383,Justin Patton,HOU,24.0,13,19.0,5.4,3.8,1.1,0.9,1.1,0.3,0.414,0.265,0.75,0.077,-6.2,2021,0.488,0.128,100.8,114.9,-14.1,0.084,0.09
1626159,Justise Winslow,MEM,25.0,26,19.5,6.8,4.5,1.9,0.6,0.5,1.4,0.352,0.185,0.571,0.5,-3.0,2021,0.395,0.212,101.0,107.1,-6.1,0.14,0.108
203994,Jusuf Nurkić,POR,26.0,37,23.8,11.5,9.0,3.4,1.0,1.1,2.0,0.514,0.4,0.619,0.595,3.4,2021,0.554,0.217,115.0,108.2,6.9,0.206,0.186
1630231,KJ Martin,HOU,20.0,45,23.7,9.3,5.4,1.1,0.7,0.9,0.8,0.509,0.365,0.714,0.222,-6.3,2021,0.59,0.154,105.5,117.0,-11.5,0.068,0.108
1629644,KZ Okpala,MIA,22.0,37,12.1,2.5,1.8,0.5,0.3,0.3,0.4,0.375,0.24,0.533,0.595,-1.8,2021,0.448,0.115,102.8,109.7,-6.8,0.06,0.075
1626157,Karl-Anthony Towns,MIN,25.0,50,33.8,24.8,10.6,4.5,0.8,1.1,3.2,0.486,0.387,0.859,0.38,0.2,2021,0.612,0.286,114.6,114.7,-0.1,0.216,0.154
202695,Kawhi Leonard,LAC,30.0,52,34.1,24.8,6.5,5.2,1.6,0.4,2.0,0.512,0.398,0.885,0.692,8.6,2021,0.622,0.282,121.4,109.2,12.2,0.238,0.099
1628966,Keita Bates-Diop,SAS,25.0,30,8.2,2.6,1.6,0.4,0.4,0.2,0.2,0.448,0.294,0.667,0.433,-1.2,2021,0.518,0.144,103.8,111.5,-7.7,0.075,0.097
1629103,Kelan Martin,IND,25.0,35,9.2,4.5,2.2,0.5,0.3,0.3,0.5,0.449,0.4,0.9,0.457,2.7,2021,0.551,0.199,115.3,99.7,15.6,0.071,0.108
1629640,Keldon Johnson,SAS,21.0,69,28.5,12.8,6.0,1.8,0.6,0.3,1.1,0.479,0.331,0.74,0.464,-2.5,2021,0.557,0.189,110.0,113.8,-3.8,0.087,0.103
203482,Kelly Olynyk,HOU,30.0,70,28.5,13.5,7.0,2.9,1.1,0.6,1.8,0.484,0.342,0.829,0.371,-1.4,2021,0.61,0.19,110.7,113.2,-2.5,0.151,0.12
1626162,Kelly Oubre Jr.,GSW,25.0,55,30.7,15.4,6.0,1.3,1.0,0.8,1.3,0.439,0.316,0.695,0.491,-3.5,2021,0.529,0.215,105.2,109.8,-4.6,0.067,0.091
202689,Kemba Walker,OKC,31.0,43,31.8,19.3,4.0,4.9,1.1,0.3,2.0,0.42,0.36,0.899,0.512,2.2,2021,0.559,0.256,114.5,111.4,3.1,0.233,0.062
1629134,Kendrick Nunn,MIA,25.0,56,29.5,14.6,3.2,2.6,0.9,0.3,1.4,0.485,0.381,0.933,0.554,-0.1,2021,0.596,0.205,111.1,111.6,-0.4,0.14,0.055
1629026,Kenrich Williams,OKC,26.0,66,21.6,8.0,4.1,2.3,0.8,0.3,1.2,0.533,0.444,0.571,0.318,-2.7,2021,0.599,0.148,104.8,111.1,-6.3,0.153,0.092
203145,Kent Bazemore,GSW,31.0,67,19.9,7.2,3.4,1.6,1.0,0.5,1.2,0.449,0.408,0.692,0.522,2.5,2021,0.564,0.159,110.5,104.6,5.9,0.108,0.081
203484,Kentavious Caldwell-Pope,LAL,28.0,67,28.4,9.7,2.7,1.9,0.9,0.4,1.0,0.431,0.41,0.866,0.582,2.1,2021,0.588,0.139,110.5,107.3,3.3,0.091,0.048
201142,Kevin Durant,BKN,32.0,35,33.1,26.9,7.1,5.6,0.7,1.3,3.4,0.537,0.45,0.882,0.657,8.0,2021,0.666,0.303,121.7,111.1,10.7,0.252,0.105
1628989,Kevin Huerter,ATL,22.0,69,30.8,11.9,3.3,3.5,1.2,0.3,1.1,0.432,0.363,0.781,0.58,1.0,2021,0.541,0.167,113.2,111.6,1.7,0.161,0.053
1628995,Kevin Knox II,NYK,21.0,42,11.1,3.9,1.5,0.5,0.3,0.1,0.4,0.392,0.393,0.8,0.619,-0.8,2021,0.537,0.152,101.1,104.7,-3.5,0.064,0.06
201567,Kevin Love,CLE,32.0,25,24.9,12.2,7.4,2.5,0.6,0.1,1.5,0.409,0.365,0.824,0.28,-2.9,2021,0.556,0.211,107.0,113.4,-6.5,0.153,0.147
1629645,Kevin Porter Jr.,HOU,21.0,26,32.1,16.6,3.8,6.3,0.7,0.3,3.5,0.425,0.311,0.734,0.154,-8.6,2021,0.528,0.247,107.3,119.9,-12.6,0.293,0.058
1626172,Kevon Looney,GSW,25.0,61,19.0,4.1,5.3,2.0,0.3,0.4,0.6,0.548,0.235,0.646,0.557,2.1,2021,0.575,0.092,112.1,106.1,6.0,0.132,0.132
203920,Khem Birch,TOR,28.0,67,22.8,7.2,5.8,1.3,0.7,0.7,0.7,0.497,0.25,0.705,0.343,-1.9,2021,0.552,0.133,106.1,109.7,-3.6,0.085,0.119
203114,Khris Middleton,MIL,29.0,68,33.4,20.4,6.0,5.4,1.1,0.1,2.6,0.476,0.414,0.898,0.662,4.3,2021,0.588,0.245,116.7,110.5,6.2,0.227,0.085
1630165,Killian Hayes,DET,19.0,26,25.8,6.8,2.7,5.3,1.0,0.4,3.2,0.353,0.278,0.824,0.231,-5.0,2021,0.422,0.185,100.6,110.7,-10.1,0.299,0.05
1630184,Kira Lewis Jr.,NOP,20.0,54,16.7,6.4,1.3,2.3,0.7,0.2,0.6,0.386,0.333,0.843,0.426,0.4,2021,0.477,0.176,108.9,108.1,0.8,0.191,0.037
204001,Kristaps Porziņģis,DAL,25.0,43,30.9,20.1,8.9,1.6,0.5,1.3,1.2,0.476,0.376,0.855,0.605,0.2,2021,0.582,0.259,116.0,115.3,0.7,0.081,0.141
203937,Kyle Anderson,MEM,27.0,69,27.4,12.4,5.7,3.6,1.2,0.8,1.2,0.468,0.36,0.783,0.522,0.7,2021,0.578,0.181,110.3,108.7,1.6,0.182,0.099
1629657,Kyle Guy,SAC,23.0,31,7.6,2.8,1.1,1.0,0.2,0.0,0.4,0.33,0.283,0.8,0.355,-0.5,2021,0.449,0.185,107.4,111.5,-4.2,0.184,0.071
1628398,Kyle Kuzma,LAL,25.0,68,28.7,12.9,6.1,1.9,0.5,0.6,1.7,0.443,0.361,0.691,0.588,0.0,2021,0.546,0.198,104.8,105.4,-0.6,0.1,0.105
200768,Kyle Lowry,TOR,35.0,46,34.8,17.2,5.4,7.3,1.0,0.3,2.7,0.436,0.396,0.875,0.326,-0.1,2021,0.593,0.209,112.6,113.0,-0.3,0.311,0.075
202681,Kyrie Irving,BKN,29.0,54,34.9,26.9,4.8,6.0,1.4,0.7,2.4,0.506,0.402,0.922,0.667,4.2,2021,0.614,0.297,119.4,113.8,5.6,0.269,0.067
200746,LaMarcus Aldridge,BKN,35.0,26,25.9,13.5,4.5,1.9,0.4,1.1,1.0,0.473,0.388,0.872,0.577,-1.3,2021,0.556,0.224,110.6,113.4,-2.8,0.109,0.087
1630163,LaMelo Ball,CHA,19.0,51,28.8,15.7,5.9,6.1,1.6,0.4,2.8,0.436,0.352,0.758,0.451,-1.6,2021,0.539,0.247,108.7,111.8,-3.1,0.322,0.1
1630205,Lamar Stevens,CLE,23.0,40,12.5,4.1,2.4,0.6,0.4,0.3,0.6,0.456,0.16,0.725,0.325,-2.9,2021,0.521,0.152,100.1,110.5,-10.4,0.079,0.092
1629013,Landry Shamet,BKN,24.0,61,23.0,9.3,1.8,1.6,0.5,0.2,0.8,0.408,0.387,0.846,0.639,0.9,2021,0.578,0.164,113.6,112.4,1.1,0.097,0.04
204038,Langston Galloway,PHX,29.0,40,10.9,4.8,1.1,0.7,0.2,0.0,0.3,0.449,0.424,0.957,0.725,0.9,2021,0.605,0.163,110.7,107.5,3.2,0.08,0.049
1626204,Larry Nance Jr.,CLE,28.0,35,31.2,9.3,6.7,3.1,1.7,0.5,1.6,0.471,0.36,0.612,0.371,-3.9,2021,0.557,0.139,101.7,107.4,-5.6,0.145,0.108
1628374,Lauri Markkanen,CHI,24.0,51,25.8,13.6,5.3,0.9,0.5,0.3,1.0,0.48,0.402,0.826,0.392,-0.9,2021,0.619,0.197,107.1,109.9,-2.8,0.051,0.101
2544,LeBron James,LAL,36.0,45,33.4,25.0,7.7,7.8,1.1,0.6,3.7,0.513,0.365,0.698,0.667,6.4,2021,0.602,0.31,112.4,103.2,9.2,0.394,0.114
1629022,Lonnie Walker IV,SAS,22.0,60,25.4,11.2,2.6,1.7,0.5,0.3,1.1,0.42,0.355,0.814,0.467,-3.5,2021,0.523,0.199,109.4,115.7,-6.3,0.095,0.05
1628366,Lonzo Ball,NOP,23.0,55,31.8,14.6,4.8,5.7,1.5,0.6,2.2,0.414,0.378,0.781,0.418,0.9,2021,0.551,0.202,114.2,113.7,0.5,0.246,0.073
101150,Lou Williams,ATL,34.0,66,21.6,11.3,2.1,3.4,0.7,0.1,1.6,0.41,0.399,0.867,0.667,1.2,2021,0.519,0.244,112.3,110.6,1.8,0.233,0.048
1629652,Luguentz Dort,OKC,22.0,52,29.7,14.0,3.6,1.7,0.9,0.4,1.5,0.387,0.343,0.744,0.346,-4.8,2021,0.513,0.218,104.4,111.6,-7.2,0.09,0.057
1629029,Luka Dončić,DAL,22.0,66,34.3,27.7,8.0,8.6,1.0,0.5,4.3,0.479,0.35,0.73,0.606,2.5,2021,0.587,0.35,116.6,112.7,3.9,0.425,0.115
1629677,Luka Samanic,SAS,21.0,33,9.3,3.7,2.1,0.5,0.2,0.2,0.6,0.448,0.279,0.552,0.424,-0.6,2021,0.518,0.187,102.6,104.6,-2.0,0.073,0.104
1628379,Luke Kennard,LAC,25.0,63,19.6,8.3,2.6,1.7,0.4,0.1,0.8,0.476,0.446,0.839,0.698,-0.4,2021,0.608,0.166,114.0,114.4,-0.4,0.12,0.066
1628436,Luke Kornet,BOS,25.0,31,11.2,3.4,2.2,0.8,0.1,1.0,0.2,0.436,0.254,0.5,0.419,1.7,2021,0.511,0.135,105.4,99.6,5.8,0.095,0.095
1630201,Malachi Flynn,TOR,23.0,47,19.7,7.5,2.5,2.9,0.8,0.1,0.9,0.374,0.321,0.804,0.447,-2.1,2021,0.484,0.183,103.8,109.4,-5.6,0.225,0.06
1627763,Malcolm Brogdon,IND,28.0,56,34.5,21.2,5.3,5.9,0.9,0.3,2.1,0.453,0.388,0.864,0.482,-0.6,2021,0.561,0.257,110.6,111.1,-0.5,0.271,0.073
1627736,Malik Beasley,MIN,24.0,37,32.8,19.6,4.4,2.4,0.8,0.2,1.6,0.44,0.399,0.85,0.216,-5.3,2021,0.57,0.235,107.9,115.0,-7.2,0.114,0.064
1628370,Malik Monk,CHA,23.0,42,20.9,11.7,2.4,2.1,0.5,0.1,1.3,0.434,0.401,0.819,0.452,0.8,2021,0.569,0.227,109.4,108.6,0.8,0.155,0.055
201188,Marc Gasol,LAL,36.0,52,19.1,5.0,4.1,2.1,0.5,1.1,1.0,0.454,0.41,0.72,0.615,1.7,2021,0.606,0.117,108.5,104.2,4.3,0.145,0.108
202694,Marcus Morris Sr.,LAC,31.0,57,26.3,13.4,4.1,1.0,0.6,0.3,1.0,0.473,0.473,0.82,0.667,2.3,2021,0.614,0.194,117.4,113.1,4.2,0.056,0.08
203935,Marcus Smart,BOS,27.0,48,32.9,13.1,3.5,5.7,1.5,0.5,2.0,0.398,0.33,0.79,0.5,1.9,2021,0.539,0.179,114.2,111.3,2.8,0.227,0.052
1628365,Markelle Fultz,ORL,23.0,8,26.9,12.9,3.1,5.4,1.0,0.3,2.3,0.394,0.25,0.895,0.75,-3.6,2021,0.458,0.25,107.1,113.6,-6.5,0.293,0.056
202693,Markieff Morris,LAL,31.0,61,19.7,6.7,4.4,1.2,0.4,0.3,0.9,0.405,0.311,0.72,0.525,0.3,2021,0.509,0.16,107.1,106.3,0.8,0.088,0.109
1630210,Markus Howard,DEN,22.0,37,5.5,2.8,0.6,0.5,0.1,0.0,0.5,0.377,0.277,0.778,0.649,-1.9,2021,0.477,0.25,93.5,110.5,-17.0,0.145,0.048
1628963,Marvin Bagley III,SAC,22.0,43,25.9,14.1,7.4,1.0,0.5,0.5,1.4,0.504,0.343,0.575,0.465,-2.0,2021,0.554,0.229,112.8,116.5,-3.7,0.057,0.14
1630222,Mason Jones,PHI,22.0,32,10.5,5.3,1.7,1.3,0.2,0.0,0.9,0.423,0.364,0.625,0.313,-2.8,2021,0.556,0.217,98.9,108.8,-9.9,0.211,0.076
203486,Mason Plumlee,DET,31.0,56,26.8,10.4,9.3,3.6,0.8,0.9,1.9,0.614,0.0,0.669,0.25,-2.7,2021,0.638,0.163,109.1,114.0,-4.9,0.205,0.176
1629680,Matisse Thybulle,PHI,24.0,65,20.0,3.9,1.9,1.0,1.6,1.1,0.5,0.42,0.301,0.444,0.708,1.5,2021,0.508,0.09,109.3,104.7,4.6,0.064,0.047
1629744,Matt Thomas,UTA,26.0,45,7.3,3.1,1.0,0.4,0.1,0.0,0.3,0.394,0.338,0.857,0.6,-1.5,2021,0.522,0.187,100.0,109.3,-9.3,0.096,0.065
203521,Matthew Dellavedova,CLE,30.0,13,17.2,2.8,1.8,4.5,0.3,0.1,0.5,0.25,0.16,1.0,0.308,-1.4,2021,0.312,0.125,108.8,111.9,-3.1,0.337,0.057
203090,Maurice Harkless,SAC,28.0,37,20.9,5.2,2.4,1.2,0.8,0.5,0.6,0.418,0.274,0.767,0.432,-1.2,2021,0.527,0.114,109.7,112.7,-2.9,0.071,0.058
1629622,Max Strus,MIA,25.0,39,13.0,6.1,1.1,0.6,0.3,0.1,0.2,0.455,0.338,0.667,0.359,-1.0,2021,0.597,0.179,109.4,113.6,-4.2,0.074,0.043
1628467,Maxi Kleber,DAL,29.0,50,26.8,7.1,5.2,1.4,0.5,0.7,0.6,0.422,0.41,0.919,0.62,2.7,2021,0.606,0.103,113.5,108.9,4.6,0.066,0.095
1629662,Mfiondu Kabengele,CLE,23.0,39,7.2,2.4,1.5,0.4,0.2,0.3,0.4,0.371,0.26,0.8,0.513,-2.4,2021,0.486,0.168,93.1,107.3,-14.2,0.099,0.096
203487,Michael Carter-Williams,ORL,29.0,31,25.8,8.8,4.5,4.2,0.8,0.5,2.2,0.389,0.246,0.613,0.387,-1.6,2021,0.449,0.198,103.1,105.6,-2.5,0.238,0.082
1629008,Michael Porter Jr.,DEN,23.0,61,31.3,19.0,7.3,1.1,0.7,0.9,1.3,0.542,0.445,0.791,0.656,5.9,2021,0.663,0.214,120.2,111.9,8.3,0.052,0.121
1628969,Mikal Bridges,PHX,24.0,72,32.6,13.5,4.3,2.1,1.1,0.9,0.8,0.543,0.425,0.84,0.708,4.7,2021,0.667,0.147,117.5,110.0,7.4,0.085,0.068
201144,Mike Conley,UTA,33.0,51,29.4,16.2,3.5,6.0,1.4,0.2,1.9,0.444,0.412,0.852,0.725,10.7,2021,0.589,0.224,116.2,99.5,16.7,0.303,0.055
1628455,Mike James,BKN,30.0,13,18.2,7.7,2.5,4.2,0.5,0.1,1.5,0.37,0.355,0.778,0.692,1.5,2021,0.481,0.231,115.6,111.6,4.1,0.303,0.066
203488,Mike Muscala,OKC,29.0,35,18.4,9.7,3.8,0.8,0.2,0.3,0.6,0.446,0.37,0.917,0.429,0.5,2021,0.599,0.194,102.5,101.9,0.6,0.069,0.095
203118,Mike Scott,PHI,32.0,51,16.7,4.2,2.4,0.8,0.5,0.3,0.4,0.36,0.342,0.667,0.686,-0.2,2021,0.492,0.116,105.7,105.9,-0.2,0.064,0.069
1628970,Miles Bridges,CHA,23.0,66,29.3,12.7,6.0,2.2,0.7,0.8,1.6,0.503,0.4,0.867,0.47,-0.1,2021,0.625,0.17,110.4,110.1,0.3,0.113,0.1
1629011,Mitchell Robinson,NYK,23.0,31,27.5,8.3,8.1,0.5,1.1,1.5,0.8,0.653,0.0,0.491,0.484,-0.5,2021,0.642,0.114,106.1,106.5,-0.4,0.03,0.14
1629671,Miye Oni,UTA,23.0,54,9.6,1.9,1.6,0.5,0.2,0.1,0.3,0.354,0.341,0.833,0.833,1.7,2021,0.517,0.095,108.4,99.5,8.8,0.071,0.076
1628964,Mo Bamba,ORL,23.0,46,15.8,8.0,5.8,0.8,0.3,1.3,0.8,0.472,0.322,0.682,0.239,-4.4,2021,0.556,0.21,102.4,115.2,-12.9,0.082,0.163
1628420,Monte Morris,DEN,26.0,47,25.5,10.2,2.0,3.2,0.7,0.3,0.7,0.481,0.381,0.795,0.638,3.3,2021,0.574,0.161,115.7,109.5,6.2,0.172,0.04
1626149,Montrezl Harrell,LAL,27.0,69,22.9,13.5,6.2,1.1,0.7,0.7,1.1,0.622,0.0,0.707,0.594,0.6,2021,0.65,0.211,107.3,105.9,1.4,0.078,0.134
1629021,Moritz Wagner,ORL,24.0,45,16.0,6.9,3.2,1.1,0.6,0.4,1.0,0.454,0.341,0.816,0.422,-3.2,2021,0.58,0.178,104.9,112.8,-7.9,0.107,0.093
1629650,Moses Brown,BOS,21.0,43,21.4,8.6,8.9,0.2,0.7,1.1,1.0,0.545,0.0,0.619,0.186,-8.4,2021,0.572,0.157,98.1,116.4,-18.3,0.017,0.188
1628539,Mychal Mulder,GSW,27.0,60,12.8,5.6,1.0,0.4,0.2,0.2,0.3,0.449,0.397,0.636,0.55,1.1,2021,0.613,0.157,111.3,108.4,2.9,0.047,0.037
1626167,Myles Turner,IND,25.0,47,31.0,12.6,6.5,1.0,0.9,3.4,1.4,0.477,0.335,0.782,0.468,0.5,2021,0.599,0.167,109.2,107.9,1.3,0.047,0.102
1630230,Naji Marshall,NOP,23.0,32,21.9,7.7,4.6,2.8,0.8,0.3,1.2,0.392,0.349,0.707,0.438,-0.9,2021,0.508,0.16,108.1,109.6,-1.5,0.165,0.1
1629642,Nassir Little,POR,21.0,48,13.3,4.6,2.7,0.5,0.1,0.3,0.4,0.467,0.35,0.8,0.563,-0.8,2021,0.589,0.135,116.2,118.4,-2.2,0.049,0.094
1630233,Nathan Knight,ATL,23.0,33,8.4,3.8,2.2,0.2,0.3,0.3,0.5,0.37,0.182,0.8,0.636,-0.5,2021,0.499,0.207,102.6,106.9,-4.3,0.045,0.124
1629675,Naz Reid,MIN,21.0,70,19.2,11.2,4.6,1.0,0.5,1.1,1.0,0.523,0.351,0.693,0.314,-4.2,2021,0.599,0.218,102.7,112.4,-9.7,0.088,0.111
202357,Nemanja Bjelica,MIA,33.0,37,16.1,6.5,3.4,1.9,0.4,0.1,0.9,0.454,0.318,0.725,0.432,-1.8,2021,0.554,0.179,109.8,116.5,-6.7,0.16,0.109
203457,Nerlens Noel,NYK,27.0,64,24.2,5.1,6.4,0.7,1.1,2.2,1.0,0.614,0.0,0.714,0.547,0.0,2021,0.638,0.092,109.2,108.5,0.7,0.041,0.13
1629651,Nic Claxton,BKN,22.0,32,18.6,6.6,5.2,0.9,0.7,1.3,0.6,0.621,0.2,0.484,0.719,4.9,2021,0.612,0.136,114.3,102.1,12.3,0.068,0.134
1629638,Nickeil Alexander-Walker,NOP,22.0,46,21.9,11.0,3.1,2.2,1.0,0.5,1.5,0.419,0.347,0.727,0.435,-1.1,2021,0.522,0.228,108.2,111.5,-3.3,0.155,0.069
1630185,Nico Mannion,GSW,20.0,30,12.1,4.1,1.5,2.3,0.5,0.0,1.0,0.342,0.367,0.821,0.567,-2.5,2021,0.487,0.186,102.6,111.9,-9.4,0.27,0.061
201587,Nicolas Batum,LAC,32.0,67,27.4,8.1,4.7,2.2,1.0,0.6,0.8,0.464,0.404,0.828,0.657,5.1,2021,0.617,0.116,117.1,108.2,8.9,0.105,0.088
1629740,Nicolo Melli,DAL,30.0,45,12.6,3.0,2.7,1.0,0.3,0.1,0.3,0.326,0.271,0.76,0.578,0.5,2021,0.441,0.123,106.3,105.2,1.1,0.108,0.102
203999,Nikola Jokić,DEN,26.0,72,34.6,26.4,10.8,8.3,1.3,0.7,3.1,0.566,0.388,0.868,0.653,5.3,2021,0.647,0.293,120.2,112.6,7.7,0.377,0.163
202696,Nikola Vučević,CHI,30.0,70,33.5,23.4,11.7,3.8,0.9,0.7,1.8,0.477,0.4,0.84,0.371,-4.9,2021,0.56,0.292,106.6,113.6,-7.0,0.207,0.17
1626181,Norman Powell,POR,28.0,69,32.0,18.6,3.1,1.9,1.2,0.3,1.7,0.477,0.411,0.871,0.464,1.1,2021,0.618,0.221,114.3,112.5,1.8,0.089,0.048
1628384,OG Anunoby,TOR,23.0,43,33.3,15.9,5.5,2.2,1.5,0.7,1.7,0.48,0.398,0.784,0.419,2.7,2021,0.605,0.193,112.4,109.1,3.3,0.098,0.081
1630167,Obi Toppin,NYK,23.0,62,11.0,4.1,2.2,0.5,0.3,0.2,0.4,0.498,0.306,0.731,0.581,0.4,2021,0.574,0.157,109.1,106.5,2.7,0.065,0.097
1630168,Onyeka Okongwu,ATL,20.0,50,12.0,4.6,3.3,0.4,0.5,0.7,0.6,0.644,0.0,0.632,0.62,-1.8,2021,0.655,0.141,106.2,112.6,-6.3,0.047,0.135
1629052,Oshae Brissett,IND,23.0,21,24.7,10.9,5.5,0.9,0.9,1.0,0.5,0.483,0.423,0.769,0.476,2.8,2021,0.638,0.149,117.0,111.0,6.0,0.042,0.103
203490,Otto Porter Jr.,ORL,28.0,28,21.7,9.7,5.4,2.0,0.6,0.1,0.9,0.432,0.375,0.857,0.429,-1.5,2021,0.552,0.184,106.6,109.6,-3.0,0.133,0.121
200782,P.J. Tucker,MIL,36.0,52,26.1,3.7,3.9,1.2,0.8,0.4,0.8,0.373,0.336,0.75,0.519,-3.4,2021,0.51,0.072,109.2,114.7,-5.5,0.057,0.073
1629023,P.J. Washington,CHA,22.0,64,30.5,12.9,6.5,2.5,1.1,1.2,2.0,0.44,0.386,0.745,0.484,0.5,2021,0.549,0.191,110.4,109.8,0.6,0.12,0.103
1628408,PJ Dozier,DEN,24.0,50,21.8,7.7,3.6,1.8,0.6,0.4,0.9,0.417,0.315,0.636,0.72,3.9,2021,0.501,0.166,112.0,102.5,9.5,0.116,0.082
1627783,Pascal Siakam,TOR,27.0,56,35.8,21.4,7.2,4.5,1.1,0.7,2.3,0.455,0.297,0.827,0.375,2.3,2021,0.547,0.261,114.4,111.4,3.0,0.195,0.099
1626192,Pat Connaughton,MIL,28.0,69,22.8,6.8,4.8,1.2,0.7,0.3,0.5,0.434,0.371,0.775,0.638,3.2,2021,0.578,0.113,114.3,107.3,6.9,0.064,0.098
201976,Patrick Beverley,LAC,32.0,37,22.5,7.5,3.2,2.1,0.8,0.8,0.9,0.423,0.397,0.8,0.676,4.0,2021,0.58,0.146,115.7,106.7,9.0,0.123,0.073
202335,Patrick Patterson,LAC,32.0,38,15.3,5.2,2.0,0.8,0.4,0.2,0.3,0.436,0.357,0.765,0.684,0.6,2021,0.571,0.135,111.2,109.1,2.1,0.069,0.063
1630172,Patrick Williams,CHI,19.0,71,27.9,9.2,4.6,1.4,0.9,0.6,1.4,0.483,0.391,0.728,0.423,-4.1,2021,0.562,0.146,106.3,113.5,-7.1,0.068,0.082
201988,Patty Mills,SAS,32.0,68,24.8,10.8,1.7,2.4,0.6,0.0,1.0,0.412,0.375,0.91,0.456,0.4,2021,0.57,0.177,107.8,106.4,1.4,0.142,0.032
202331,Paul George,LAC,31.0,54,33.7,23.3,6.6,5.2,1.1,0.4,3.3,0.467,0.411,0.868,0.704,8.0,2021,0.598,0.296,118.3,107.0,11.3,0.239,0.101
200794,Paul Millsap,DEN,36.0,56,20.8,9.0,4.7,1.8,0.9,0.6,0.9,0.476,0.343,0.724,0.679,1.8,2021,0.565,0.184,116.2,111.5,4.7,0.113,0.117
1628778,Paul Watson,TOR,26.0,27,11.0,4.1,1.7,0.6,0.2,0.1,0.3,0.463,0.469,0.625,0.481,-0.1,2021,0.649,0.133,110.9,112.6,-1.7,0.081,0.07
1630202,Payton Pritchard,BOS,23.0,66,19.2,7.7,2.4,1.8,0.6,0.1,0.8,0.44,0.411,0.889,0.5,0.6,2021,0.582,0.162,111.2,110.6,0.6,0.136,0.061
1630173,Precious Achiuwa,MIA,21.0,61,12.1,5.0,3.4,0.5,0.3,0.5,0.7,0.544,0.0,0.509,0.508,-1.9,2021,0.55,0.184,102.0,109.2,-7.2,0.064,0.136
1630181,R.J. Hampton,ORL,20.0,51,17.4,6.9,3.5,1.7,0.4,0.2,1.0,0.435,0.31,0.671,0.392,-5.6,2021,0.507,0.191,102.6,116.7,-14.2,0.155,0.094
1629628,RJ Barrett,NYK,21.0,72,34.9,17.6,5.8,3.0,0.7,0.3,1.9,0.441,0.401,0.746,0.569,1.9,2021,0.535,0.228,110.0,107.2,2.7,0.134,0.079
200765,Rajon Rondo,LAC,35.0,45,17.1,5.4,2.4,4.4,0.8,0.1,1.8,0.442,0.404,0.941,0.622,0.5,2021,0.544,0.166,107.7,106.8,1.0,0.375,0.069
203526,Raul Neto,WAS,29.0,64,21.9,8.7,2.4,2.3,1.1,0.1,0.8,0.468,0.39,0.882,0.469,-0.3,2021,0.575,0.155,109.3,110.3,-1.0,0.141,0.053
203493,Reggie Bullock Jr.,NYK,30.0,65,30.0,10.9,3.4,1.5,0.8,0.2,0.7,0.442,0.41,0.909,0.585,1.6,2021,0.606,0.14,109.7,107.2,2.5,0.072,0.056
202704,Reggie Jackson,LAC,31.0,67,23.0,10.7,2.9,3.1,0.6,0.1,1.1,0.45,0.433,0.817,0.642,3.7,2021,0.576,0.195,116.7,109.3,7.4,0.185,0.063
1629617,Reggie Perry,BKN,21.0,26,8.1,3.0,2.8,0.5,0.2,0.2,0.6,0.41,0.19,0.769,0.692,-1.4,2021,0.466,0.19,106.1,113.4,-7.3,0.097,0.16
1626158,Richaun Holmes,SAC,27.0,61,29.2,14.2,8.3,1.7,0.6,1.6,1.2,0.637,0.182,0.794,0.475,0.1,2021,0.669,0.173,114.9,114.6,0.3,0.082,0.14
201937,Ricky Rubio,MIN,30.0,68,26.1,8.6,3.3,6.4,1.4,0.1,1.6,0.388,0.308,0.867,0.338,-2.7,2021,0.516,0.155,109.3,114.3,-5.0,0.33,0.06
203496,Robert Covington,POR,30.0,70,32.0,8.5,6.7,1.7,1.4,1.2,0.9,0.401,0.379,0.806,0.6,2.9,2021,0.553,0.114,118.6,113.8,4.8,0.066,0.102
1629057,Robert Williams III,BOS,23.0,52,18.9,8.0,6.9,1.8,0.8,1.8,1.0,0.721,0.0,0.616,0.558,0.2,2021,0.719,0.145,112.4,112.0,0.4,0.137,0.184
201577,Robin Lopez,WAS,33.0,71,19.1,9.0,3.8,0.8,0.2,0.6,1.1,0.633,0.278,0.723,0.479,-0.2,2021,0.661,0.169,107.9,109.0,-1.1,0.06,0.095
203918,Rodney Hood,TOR,28.0,55,17.1,4.5,1.9,1.0,0.4,0.1,0.7,0.362,0.301,0.857,0.527,-2.4,2021,0.452,0.139,107.4,114.0,-6.6,0.083,0.052
1629641,Romeo Langford,BOS,21.0,18,15.7,3.1,1.9,0.7,0.3,0.3,0.6,0.356,0.278,0.75,0.5,-3.7,2021,0.436,0.111,98.1,108.2,-10.1,0.069,0.059
1626220,Royce O'Neale,UTA,28.0,71,31.6,7.0,6.8,2.5,0.8,0.5,1.2,0.444,0.385,0.848,0.718,6.6,2021,0.599,0.095,117.7,107.3,10.4,0.103,0.104
200752,Rudy Gay,SAS,34.0,63,21.6,11.4,4.8,1.4,0.7,0.6,1.0,0.42,0.381,0.804,0.46,2.1,2021,0.532,0.23,108.4,103.9,4.5,0.1,0.102
203497,Rudy Gobert,UTA,29.0,71,30.8,14.3,13.5,1.3,0.6,2.7,1.7,0.675,0.0,0.623,0.732,10.3,2021,0.683,0.166,116.8,100.9,15.9,0.059,0.205
1629060,Rui Hachimura,WAS,23.0,57,31.5,13.8,5.5,1.4,0.8,0.1,1.2,0.478,0.328,0.77,0.509,-1.9,2021,0.549,0.18,109.5,112.4,-2.8,0.062,0.083
201566,Russell Westbrook,WAS,32.0,65,36.4,22.2,11.5,11.7,1.4,0.4,4.8,0.439,0.315,0.656,0.462,-1.4,2021,0.509,0.295,109.2,110.4,-1.2,0.477,0.147
1627853,Ryan Arcidiacono,CHI,27.0,44,10.2,3.1,1.5,1.3,0.2,0.0,0.2,0.419,0.373,0.65,0.455,0.2,2021,0.541,0.128,104.0,104.0,0.0,0.176,0.074
1630240,Saben Lee,DET,22.0,48,16.3,5.6,2.0,3.6,0.7,0.3,1.1,0.471,0.348,0.685,0.292,-1.9,2021,0.536,0.171,105.4,111.7,-6.3,0.333,0.063
1630180,Saddiq Bey,DET,22.0,70,27.3,12.2,4.5,1.4,0.7,0.2,0.9,0.404,0.38,0.844,0.271,-3.0,2021,0.567,0.182,105.6,111.2,-5.6,0.077,0.082
1630241,Sam Merrill,MIL,25.0,30,7.8,3.0,1.0,0.7,0.3,0.0,0.3,0.444,0.447,1.0,0.6,-1.3,2021,0.603,0.146,101.2,109.7,-8.5,0.135,0.06
1629635,Sekou Doumbouya,DET,20.0,56,15.5,5.1,2.6,0.8,0.4,0.2,0.8,0.379,0.226,0.703,0.268,-2.4,2021,0.459,0.176,104.5,111.5,-6.9,0.08,0.082
1628400,Semi Ojeleye,BOS,26.0,56,17.0,4.6,2.6,0.7,0.3,0.0,0.4,0.403,0.367,0.75,0.5,0.1,2021,0.553,0.114,107.6,107.8,-0.2,0.054,0.076
201586,Serge Ibaka,LAC,31.0,41,23.3,11.1,6.7,1.8,0.2,1.1,1.1,0.51,0.339,0.811,0.585,3.8,2021,0.585,0.2,117.5,110.1,7.4,0.11,0.15
203552,Seth Curry,PHI,30.0,57,28.7,12.5,2.4,2.7,0.8,0.1,1.1,0.467,0.45,0.896,0.684,5.6,2021,0.607,0.169,114.7,106.5,8.2,0.131,0.042
1628983,Shai Gilgeous-Alexander,OKC,22.0,35,33.7,23.7,4.7,5.9,0.8,0.7,3.0,0.508,0.418,0.808,0.457,-5.3,2021,0.623,0.283,107.2,114.9,-7.7,0.311,0.067
1629003,Shake Milton,PHI,24.0,63,23.2,13.0,2.3,3.1,0.6,0.3,1.6,0.45,0.35,0.83,0.73,2.1,2021,0.549,0.239,109.3,105.0,4.3,0.21,0.049
1627885,Shaquille Harrison,DEN,27.0,34,9.8,2.1,1.4,0.7,0.5,0.1,0.3,0.333,0.188,0.818,0.794,-2.2,2021,0.416,0.124,98.2,108.3,-10.1,0.109,0.068
1628414,Sindarius Thornwell,ORL,26.0,21,10.3,2.0,0.9,1.0,0.6,0.1,0.3,0.326,0.304,0.5,0.333,-0.4,2021,0.414,0.11,102.6,104.6,-2.0,0.135,0.039
1630219,Skylar Mays,ATL,23.0,33,8.2,3.8,1.1,0.9,0.4,0.1,0.3,0.449,0.35,0.88,0.576,0.4,2021,0.569,0.186,107.0,105.6,1.4,0.18,0.066
203524,Solomon Hill,ATL,30.0,71,21.3,4.5,3.0,1.1,0.7,0.2,0.6,0.359,0.321,0.761,0.577,0.4,2021,0.498,0.102,111.6,110.6,1.0,0.065,0.07
1626169,Stanley Johnson,TOR,25.0,61,16.5,4.4,2.5,1.5,0.9,0.3,0.9,0.382,0.328,0.8,0.41,-2.6,2021,0.519,0.13,105.3,111.7,-6.4,0.127,0.075
201939,Stephen Curry,GSW,33.0,63,34.2,32.0,5.5,5.8,1.2,0.1,3.4,0.482,0.421,0.916,0.587,3.9,2021,0.655,0.331,114.2,109.6,4.6,0.283,0.077
1628425,Sterling Brown,HOU,26.0,51,24.1,8.2,4.4,1.4,0.7,0.2,0.8,0.448,0.423,0.806,0.275,-3.0,2021,0.597,0.133,105.5,110.8,-5.4,0.088,0.086
203500,Steven Adams,NOP,27.0,58,27.7,7.6,8.9,1.9,0.9,0.7,1.3,0.614,0.0,0.444,0.448,0.3,2021,0.596,0.118,114.9,115.0,-0.1,0.088,0.16
1629004,Svi Mykhailiuk,OKC,24.0,66,20.1,8.5,2.5,1.7,0.8,0.2,1.3,0.411,0.334,0.76,0.197,-3.5,2021,0.529,0.19,103.8,112.0,-8.2,0.127,0.059
204456,T.J. McConnell,IND,29.0,69,26.0,8.6,3.7,6.6,1.9,0.3,2.0,0.559,0.313,0.688,0.478,1.0,2021,0.583,0.149,112.5,110.0,2.5,0.337,0.068
201959,Taj Gibson,NYK,36.0,45,20.8,5.4,5.6,0.8,0.7,1.1,0.5,0.627,0.2,0.727,0.644,2.9,2021,0.661,0.095,110.5,103.1,7.3,0.054,0.127
1629659,Talen Horton-Tucker,LAL,20.0,65,20.1,9.0,2.6,2.8,1.0,0.3,1.6,0.458,0.282,0.775,0.6,0.2,2021,0.536,0.21,105.8,104.7,1.0,0.209,0.063
1627752,Taurean Prince,CLE,27.0,41,22.1,9.5,3.5,1.9,0.7,0.6,1.1,0.401,0.4,0.855,0.366,-3.1,2021,0.54,0.189,108.5,114.6,-6.1,0.121,0.077
1629611,Terance Mann,LAC,24.0,67,18.9,7.0,3.6,1.6,0.4,0.2,0.6,0.509,0.418,0.83,0.672,0.5,2021,0.603,0.144,112.4,109.7,2.7,0.114,0.093
1629056,Terence Davis,SAC,24.0,61,17.6,8.7,2.5,1.4,0.7,0.2,1.0,0.428,0.367,0.818,0.426,-1.1,2021,0.555,0.213,107.3,110.1,-2.8,0.122,0.07
203082,Terrence Ross,ORL,30.0,46,29.3,15.6,3.4,2.3,1.0,0.5,1.6,0.412,0.337,0.87,0.348,-5.1,2021,0.53,0.23,103.2,112.0,-8.8,0.133,0.054
1626179,Terry Rozier,CHA,27.0,69,34.5,20.4,4.4,4.2,1.3,0.4,1.9,0.45,0.389,0.817,0.464,-1.3,2021,0.575,0.238,110.9,112.9,-2.0,0.193,0.061
201152,Thaddeus Young,CHI,33.0,68,24.3,12.1,6.2,4.3,1.1,0.6,2.0,0.559,0.267,0.628,0.441,2.1,2021,0.578,0.216,114.2,110.1,4.1,0.253,0.13
203648,Thanasis Antetokounmpo,MIL,28.0,57,9.7,2.9,2.2,0.8,0.4,0.2,0.8,0.489,0.241,0.51,0.649,-0.2,2021,0.523,0.147,107.1,104.6,2.5,0.113,0.103
1630177,Theo Maledon,OKC,20.0,65,27.3,10.1,3.2,3.5,0.9,0.2,2.2,0.368,0.335,0.748,0.308,-9.6,2021,0.489,0.188,97.2,113.6,-16.5,0.197,0.055
1628418,Thomas Bryant,WAS,23.0,10,27.1,14.3,6.1,1.5,0.4,0.8,1.1,0.648,0.429,0.667,0.2,-1.4,2021,0.704,0.163,113.6,115.7,-2.1,0.079,0.111
203501,Tim Hardaway Jr.,DAL,29.0,70,28.4,16.6,3.3,1.8,0.4,0.2,0.9,0.447,0.391,0.816,0.6,1.0,2021,0.589,0.23,114.3,112.3,2.1,0.098,0.056
1627789,Timothe Luwawu-Cabarrot,BKN,26.0,58,18.1,6.4,2.2,1.2,0.6,0.1,0.7,0.365,0.314,0.814,0.655,-0.4,2021,0.493,0.165,112.5,112.9,-0.4,0.088,0.059
202699,Tobias Harris,PHI,28.0,62,32.5,19.5,6.8,3.5,0.9,0.8,1.7,0.512,0.394,0.892,0.71,5.2,2021,0.597,0.237,113.3,106.1,7.2,0.175,0.104
203107,Tomas Satoransky,CHI,29.0,58,22.5,7.7,2.4,4.7,0.7,0.2,1.7,0.514,0.356,0.848,0.431,0.0,2021,0.614,0.15,109.4,110.1,-0.8,0.278,0.055
1628396,Tony Bradley,OKC,23.0,42,16.3,7.1,5.7,0.9,0.4,0.7,0.8,0.665,0.0,0.691,0.357,-0.4,2021,0.678,0.154,108.7,110.5,-1.8,0.077,0.172
203503,Tony Snell,ATL,29.0,47,21.1,5.3,2.4,1.3,0.3,0.2,0.4,0.515,0.569,1.0,0.617,1.4,2021,0.708,0.084,113.8,111.6,2.2,0.08,0.056
1628470,Torrey Craig,PHX,30.0,50,16.1,5.5,3.9,1.0,0.6,0.5,0.5,0.48,0.368,0.773,0.66,-1.9,2021,0.579,0.141,111.0,114.7,-3.7,0.084,0.125
1629027,Trae Young,ATL,22.0,63,33.7,25.3,3.9,9.4,0.8,0.2,4.1,0.438,0.343,0.886,0.571,4.2,2021,0.589,0.32,118.2,113.0,5.2,0.426,0.057
1630200,Tre Jones,SAS,21.0,37,7.3,2.5,0.6,1.1,0.2,0.0,0.4,0.474,0.6,0.895,0.405,-2.2,2021,0.544,0.159,98.4,112.2,-13.8,0.228,0.038
1629682,Tremont Waters,BOS,23.0,26,9.1,3.8,0.8,2.4,0.6,0.0,1.0,0.405,0.395,0.941,0.5,-0.4,2021,0.541,0.204,106.1,108.0,-2.0,0.38,0.042
1630235,Trent Forrest,UTA,23.0,30,10.1,2.9,1.5,1.5,0.3,0.1,0.7,0.451,0.192,1.0,0.733,-1.6,2021,0.554,0.144,108.2,115.9,-7.7,0.205,0.075
2772,Trevor Ariza,MIA,36.0,30,28.0,9.4,4.8,1.8,1.0,0.6,0.7,0.411,0.35,0.773,0.567,1.3,2021,0.542,0.149,113.8,111.0,2.8,0.089,0.09
203504,Trey Burke,DAL,28.0,62,14.7,6.6,0.9,1.3,0.6,0.1,0.5,0.428,0.354,0.895,0.565,0.2,2021,0.544,0.193,111.5,110.2,1.3,0.129,0.029
1626168,Trey Lyles,SAS,25.0,23,15.6,5.0,3.7,0.6,0.3,0.0,0.3,0.478,0.35,0.652,0.435,-4.7,2021,0.574,0.128,98.4,112.9,-14.5,0.06,0.111
202684,Tristan Thompson,BOS,30.0,54,23.8,7.6,8.1,1.2,0.4,0.6,1.1,0.518,0.0,0.592,0.5,0.4,2021,0.54,0.144,111.9,110.9,1.0,0.073,0.167
1628972,Troy Brown Jr.,CHI,21.0,34,15.4,4.7,3.1,0.9,0.3,0.2,0.6,0.431,0.314,0.714,0.294,0.8,2021,0.525,0.141,110.5,107.5,3.1,0.076,0.099
1629660,Ty Jerome,OKC,23.0,33,23.9,10.7,2.8,3.6,0.6,0.2,1.4,0.446,0.423,0.765,0.212,-4.1,2021,0.585,0.181,103.5,112.0,-8.5,0.229,0.055
1629076,Tyler Cook,DET,23.0,32,13.7,4.9,3.0,0.5,0.3,0.1,0.7,0.67,0.5,0.486,0.344,-1.1,2021,0.659,0.136,106.6,110.8,-4.2,0.057,0.108
1629639,Tyler Herro,MIA,21.0,54,30.3,15.1,5.0,3.4,0.6,0.3,1.9,0.439,0.36,0.803,0.537,-1.6,2021,0.543,0.225,107.7,110.6,-2.9,0.184,0.081
204020,Tyler Johnson,BKN,29.0,39,17.5,5.4,2.0,1.2,0.4,0.0,0.4,0.393,0.364,0.857,0.744,1.2,2021,0.546,0.132,114.0,110.7,3.3,0.091,0.055
1630169,Tyrese Haliburton,SAC,21.0,58,30.1,13.0,3.0,5.3,1.3,0.5,1.6,0.472,0.409,0.857,0.431,-3.1,2021,0.585,0.175,110.8,116.4,-5.6,0.247,0.049
1630178,Tyrese Maxey,PHI,20.0,61,15.3,8.0,1.7,2.0,0.4,0.2,0.7,0.462,0.301,0.871,0.672,-0.9,2021,0.531,0.222,106.4,108.0,-1.6,0.207,0.054
1626145,Tyus Jones,MEM,25.0,70,17.5,6.3,2.0,3.7,0.9,0.1,0.7,0.431,0.321,0.911,0.514,-1.2,2021,0.511,0.165,104.9,107.8,-2.8,0.305,0.054
203506,Victor Oladipo,MIA,29.0,33,32.7,19.8,4.8,4.6,1.4,0.4,2.5,0.408,0.326,0.754,0.394,-2.2,2021,0.512,0.286,106.5,108.8,-2.3,0.233,0.072
1628427,Vlatko Čančar,DEN,24.0,41,6.9,2.1,1.2,0.3,0.3,0.0,0.3,0.458,0.273,0.769,0.683,-2.5,2021,0.547,0.132,96.5,113.9,-17.5,0.073,0.083
201961,Wayne Ellington,DET,33.0,46,22.0,9.6,1.8,1.5,0.4,0.2,0.7,0.441,0.422,0.8,0.283,-1.5,2021,0.625,0.162,110.0,114.2,-4.3,0.097,0.042
1628976,Wendell Carter Jr.,ORL,22.0,54,25.5,11.2,8.2,1.9,0.6,0.8,1.4,0.503,0.294,0.732,0.389,-4.5,2021,0.566,0.188,104.5,113.5,-9.0,0.116,0.154
1629117,Wenyen Gabriel,NOP,24.0,21,11.5,3.4,2.6,0.5,0.4,0.4,0.7,0.4,0.406,0.647,0.429,0.1,2021,0.533,0.135,106.4,105.6,0.8,0.063,0.1
1628411,Wes Iwundu,NOP,26.0,41,13.1,2.4,2.2,0.4,0.4,0.1,0.5,0.333,0.122,0.839,0.415,-2.3,2021,0.428,0.103,103.6,110.1,-6.6,0.045,0.077
202083,Wesley Matthews,LAL,34.0,58,19.5,4.8,1.6,0.9,0.7,0.3,0.4,0.353,0.335,0.854,0.569,0.7,2021,0.517,0.111,106.9,105.0,1.9,0.065,0.041
203115,Will Barton,DEN,30.0,56,31.0,12.7,4.0,3.2,0.9,0.4,1.7,0.426,0.381,0.785,0.661,4.1,2021,0.538,0.187,118.4,112.4,6.0,0.135,0.067
1626161,Willie Cauley-Stein,DAL,27.0,53,17.1,5.3,4.5,0.7,0.4,0.8,0.5,0.632,0.091,0.628,0.547,2.6,2021,0.647,0.12,114.4,105.0,9.4,0.053,0.126
1626195,Willy Hernangomez,NOP,27.0,47,18.0,7.8,7.1,1.1,0.5,0.5,0.7,0.563,0.1,0.667,0.426,-0.3,2021,0.591,0.166,113.6,113.6,0.0,0.082,0.191
1630214,Xavier Tillman,MEM,22.0,59,18.4,6.6,4.3,1.3,0.7,0.6,0.8,0.559,0.338,0.642,0.525,0.6,2021,0.605,0.142,109.5,106.6,2.9,0.096,0.113
1629139,Yuta Watanabe,TOR,26.0,50,14.5,4.4,3.2,0.8,0.5,0.4,0.4,0.439,0.4,0.828,0.48,-0.8,2021,0.565,0.121,105.0,107.8,-2.7,0.079,0.106
203897,Zach LaVine,CHI,26.0,58,35.1,27.4,5.0,4.9,0.8,0.5,3.5,0.507,0.419,0.849,0.448,-0.2,2021,0.634,0.302,112.4,113.1,-0.8,0.225,0.071
1630192,Zeke Nnaji,DEN,20.0,42,9.5,3.2,1.5,0.2,0.2,0.1,0.2,0.481,0.407,0.8,0.714,-2.0,2021,0.615,0.126,102.0,112.5,-10.5,0.037,0.08
1629627,Zion Williamson,NOP,20.0,61,33.2,27.0,7.2,3.7,0.9,0.6,2.7,0.611,0.294,0.698,0.475,1.5,2021,0.649,0.287,113.9,111.7,2.1,0.188,0.106
203932,Aaron Gordon,DEN,26.0,75,31.7,15.0,5.9,2.5,0.6,0.6,1.8,0.52,0.335,0.743,0.613,4.3,2022,0.602,0.194,117.3,111.1,6.2,0.109,0.095
1628988,Aaron Holiday,PHX,25.0,63,16.2,6.3,1.9,2.4,0.7,0.1,1.1,0.447,0.379,0.868,0.54,-0.6,2022,0.544,0.182,106.8,108.2,-1.4,0.223,0.058
1630174,Aaron Nesmith,BOS,22.0,52,11.0,3.8,1.7,0.4,0.4,0.1,0.6,0.396,0.27,0.808,0.615,0.4,2022,0.507,0.164,107.3,104.3,3.0,0.057,0.073
1630598,Aaron Wiggins,OKC,23.0,50,24.2,8.3,3.6,1.4,0.6,0.2,1.1,0.463,0.304,0.729,0.26,-4.7,2022,0.556,0.149,104.5,112.6,-8.1,0.083,0.069
1629678,Admiral Schofield,ORL,25.0,38,12.3,3.8,2.3,0.7,0.1,0.1,0.6,0.419,0.329,0.8,0.263,-3.4,2022,0.538,0.143,100.3,113.8,-13.5,0.084,0.088
201143,Al Horford,BOS,36.0,69,29.1,10.2,7.7,3.4,0.7,1.3,0.9,0.467,0.336,0.842,0.667,5.6,2022,0.574,0.147,112.8,103.4,9.3,0.159,0.13
202692,Alec Burks,NYK,30.0,81,28.6,11.7,4.9,3.0,1.0,0.3,1.1,0.391,0.404,0.822,0.457,1.5,2022,0.559,0.171,110.3,108.1,2.3,0.158,0.082
1630197,Aleksej Pokusevski,OKC,20.0,61,20.2,7.6,5.2,2.1,0.6,0.6,1.5,0.408,0.289,0.7,0.311,-0.7,2022,0.485,0.195,103.6,106.1,-2.5,0.161,0.121
1627936,Alex Caruso,CHI,28.0,41,28.0,7.4,3.6,4.0,1.7,0.4,1.4,0.398,0.333,0.795,0.585,2.7,2022,0.528,0.13,110.5,105.5,5.1,0.194,0.064
203458,Alex Len,SAC,29.0,39,15.9,6.0,4.1,1.2,0.3,0.6,1.1,0.534,0.286,0.651,0.436,-1.9,2022,0.577,0.165,106.0,111.4,-5.5,0.104,0.121
1628035,Alfonzo McKinnie,CHI,29.0,17,12.1,3.5,1.9,0.3,0.1,0.2,0.4,0.393,0.333,0.25,0.471,-3.2,2022,0.457,0.148,108.6,121.5,-12.9,0.034,0.084
1630578,Alperen Sengun,HOU,19.0,72,20.7,9.6,5.5,2.6,0.8,0.9,2.0,0.474,0.248,0.711,0.25,-4.3,2022,0.552,0.214,106.4,116.6,-10.2,0.193,0.13
1629599,Amir Coffey,LAC,25.0,69,22.7,9.0,2.9,1.8,0.6,0.2,0.7,0.453,0.378,0.863,0.478,-0.7,2022,0.598,0.154,110.1,111.0,-0.9,0.112,0.06
203083,Andre Drummond,BKN,28.0,73,19.7,7.9,9.3,1.8,1.1,0.9,1.6,0.57,0.0,0.524,0.575,0.5,2022,0.574,0.181,112.2,109.8,2.4,0.13,0.23
2738,Andre Iguodala,GSW,38.0,31,19.4,4.0,3.2,3.7,0.9,0.7,0.9,0.38,0.23,0.75,0.645,3.7,2022,0.478,0.113,105.7,97.0,8.7,0.263,0.078
203952,Andrew Wiggins,GSW,27.0,73,31.9,17.2,4.5,2.2,1.0,0.7,1.5,0.466,0.393,0.634,0.644,3.6,2022,0.56,0.224,111.2,105.4,5.8,0.109,0.066
1629014,Anfernee Simons,POR,23.0,57,29.5,17.3,2.6,3.9,0.5,0.1,2.0,0.443,0.405,0.888,0.439,-1.5,2022,0.583,0.244,110.5,112.9,-2.5,0.219,0.044
203076,Anthony Davis,LAL,29.0,40,35.1,23.2,9.9,3.1,1.2,2.3,2.1,0.532,0.186,0.713,0.425,-2.3,2022,0.578,0.263,105.9,108.9,-3.0,0.147,0.134
1630162,Anthony Edwards,MIN,20.0,72,34.2,21.3,4.8,3.8,1.5,0.6,2.6,0.441,0.357,0.786,0.542,2.6,2022,0.56,0.262,114.6,110.6,4.0,0.173,0.067
1630264,Anthony Gill,WAS,29.0,44,10.5,4.1,1.9,0.6,0.1,0.3,0.4,0.569,0.538,0.808,0.341,1.4,2022,0.682,0.138,114.7,108.9,5.8,0.08,0.094
1629717,Armoni Brooks,TOR,24.0,54,15.6,5.3,1.9,1.1,0.5,0.2,0.5,0.339,0.297,0.857,0.37,-1.5,2022,0.483,0.159,108.3,112.1,-3.8,0.105,0.058
1630559,Austin Reaves,LAL,24.0,61,23.2,7.3,3.2,1.8,0.5,0.3,0.7,0.459,0.317,0.839,0.459,0.9,2022,0.6,0.121,110.8,109.0,1.8,0.101,0.066
203085,Austin Rivers,DEN,29.0,67,22.1,6.0,1.7,1.3,0.8,0.1,0.8,0.417,0.342,0.727,0.612,0.8,2022,0.546,0.123,113.0,111.1,1.9,0.082,0.039
202340,Avery Bradley,LAL,31.0,62,22.7,6.4,2.2,0.8,0.9,0.1,0.6,0.423,0.39,0.889,0.435,-2.9,2022,0.55,0.119,105.4,111.2,-5.8,0.046,0.047
1630245,Ayo Dosunmu,CHI,22.0,77,27.4,8.8,2.8,3.3,0.8,0.4,1.4,0.52,0.376,0.679,0.545,-2.6,2022,0.596,0.138,109.1,114.1,-5.0,0.164,0.052
1628389,Bam Adebayo,MIA,24.0,56,32.6,19.1,10.1,3.4,1.4,0.8,2.6,0.557,0.0,0.753,0.643,5.4,2022,0.608,0.248,113.1,104.9,8.1,0.172,0.159
203463,Ben McLemore,POR,29.0,64,20.1,10.2,1.6,0.9,0.6,0.2,0.9,0.401,0.362,0.818,0.313,-5.5,2022,0.567,0.207,101.9,115.0,-13.1,0.077,0.039
202687,Bismack Biyombo,PHX,29.0,36,14.1,5.8,4.6,0.6,0.3,0.7,0.7,0.593,0.0,0.535,0.833,1.4,2022,0.596,0.167,111.8,106.2,5.6,0.064,0.161
201933,Blake Griffin,BKN,33.0,56,17.1,6.4,4.1,1.9,0.5,0.3,0.6,0.425,0.262,0.724,0.518,-1.7,2022,0.518,0.167,107.8,112.5,-4.7,0.157,0.116
1626171,Bobby Portis,MIL,27.0,72,28.2,14.6,9.1,1.2,0.7,0.7,1.3,0.479,0.393,0.752,0.639,4.4,2022,0.571,0.207,114.7,108.5,6.3,0.061,0.153
203992,Bogdan Bogdanović,ATL,29.0,63,29.3,15.1,4.0,3.1,1.1,0.2,1.1,0.431,0.368,0.843,0.524,3.0,2022,0.562,0.212,116.6,112.1,4.5,0.152,0.067
202711,Bojan Bogdanovic,UTA,33.0,69,30.9,18.1,4.3,1.7,0.5,0.0,1.7,0.455,0.387,0.858,0.652,3.2,2022,0.599,0.232,116.2,111.4,4.8,0.086,0.068
1630538,Bones Hyland,DEN,21.0,69,19.0,10.1,2.7,2.8,0.6,0.3,1.2,0.403,0.366,0.856,0.594,0.6,2022,0.558,0.231,113.4,111.7,1.7,0.22,0.072
202954,Brad Wanamaker,WAS,32.0,23,13.9,3.6,1.7,2.4,0.3,0.3,1.0,0.364,0.235,0.92,0.435,-1.9,2022,0.472,0.146,104.0,110.3,-6.4,0.243,0.061
203078,Bradley Beal,WAS,29.0,40,36.0,23.2,4.7,6.6,0.9,0.4,3.4,0.451,0.3,0.833,0.425,-2.6,2022,0.539,0.297,107.1,110.5,-3.5,0.309,0.064
1630527,Brandon Boston,LAC,20.0,51,14.9,6.7,2.2,1.0,0.5,0.3,0.6,0.385,0.306,0.819,0.51,-0.7,2022,0.481,0.212,102.9,104.9,-2.0,0.103,0.066
1629634,Brandon Clarke,MEM,25.0,64,19.5,10.4,5.3,1.3,0.6,1.1,0.5,0.644,0.227,0.654,0.688,2.8,2022,0.66,0.171,113.2,105.7,7.5,0.101,0.123
1629164,Brandon Goodwin,CLE,26.0,36,13.9,4.8,1.9,2.5,0.7,0.0,1.0,0.416,0.345,0.632,0.528,-1.5,2022,0.501,0.177,106.3,112.6,-6.3,0.278,0.068
1627742,Brandon Ingram,NOP,24.0,55,34.0,22.7,5.8,5.6,0.6,0.5,2.7,0.461,0.327,0.826,0.527,2.2,2022,0.554,0.291,112.7,109.4,3.3,0.268,0.086
1630314,Brandon Williams,POR,22.0,24,26.7,12.9,3.1,3.9,1.0,0.4,2.4,0.372,0.292,0.701,0.083,-11.3,2022,0.476,0.246,101.2,121.6,-20.4,0.235,0.055
201572,Brook Lopez,MIL,34.0,13,23.0,12.4,4.1,0.5,0.6,1.2,0.9,0.466,0.358,0.87,0.769,-0.5,2022,0.57,0.211,110.2,111.6,-1.4,0.03,0.083
1628971,Bruce Brown,BKN,25.0,72,24.6,9.0,4.8,2.1,1.1,0.7,0.8,0.506,0.404,0.758,0.514,-0.6,2022,0.575,0.146,111.7,112.0,-0.3,0.114,0.094
1627854,Bryn Forbes,DEN,28.0,75,17.1,8.8,1.2,1.0,0.3,0.1,0.7,0.429,0.414,0.908,0.48,0.3,2022,0.574,0.201,109.3,109.8,-0.5,0.086,0.035
1627741,Buddy Hield,IND,29.0,81,30.8,15.6,4.4,2.8,0.9,0.3,1.9,0.406,0.366,0.874,0.321,-2.0,2022,0.548,0.214,111.4,115.1,-3.6,0.135,0.068
1629604,CJ Elleby,POR,22.0,58,20.2,5.8,3.9,1.5,0.6,0.3,1.0,0.393,0.294,0.714,0.293,-6.0,2022,0.491,0.143,102.6,116.9,-14.3,0.109,0.094
203468,CJ McCollum,NOP,30.0,62,34.6,22.1,4.3,5.1,1.1,0.4,2.0,0.46,0.388,0.682,0.452,-1.1,2022,0.553,0.269,112.1,114.0,-1.9,0.238,0.062
1630595,Cade Cunningham,DET,20.0,64,32.6,17.4,5.5,5.6,1.2,0.7,3.7,0.416,0.314,0.845,0.313,-4.3,2022,0.504,0.273,106.9,113.1,-6.2,0.283,0.083
1628997,Caleb Martin,MIA,26.0,60,22.9,9.2,3.8,1.1,1.0,0.5,0.9,0.507,0.413,0.763,0.617,2.6,2022,0.611,0.158,111.8,106.2,5.7,0.068,0.085
1629629,Cam Reddish,NYK,22.0,49,20.7,10.1,2.1,1.0,1.0,0.3,1.2,0.404,0.359,0.902,0.408,-4.4,2022,0.543,0.213,103.2,113.0,-9.8,0.078,0.048
1630560,Cam Thomas,BKN,20.0,67,17.6,8.5,2.4,1.2,0.5,0.1,0.8,0.433,0.27,0.829,0.478,-2.1,2022,0.519,0.212,106.3,112.7,-6.4,0.102,0.065
1629661,Cameron Johnson,PHX,26.0,66,26.2,12.5,4.1,1.5,0.9,0.2,0.7,0.46,0.425,0.86,0.758,3.3,2022,0.625,0.167,110.8,104.6,6.2,0.079,0.075
1626166,Cameron Payne,PHX,27.0,58,22.0,10.8,3.0,4.9,0.7,0.3,1.8,0.409,0.336,0.843,0.793,2.6,2022,0.5,0.235,109.1,102.7,6.3,0.318,0.065
1627747,Caris LeVert,CLE,27.0,58,30.7,17.0,3.7,4.3,0.9,0.4,1.9,0.444,0.32,0.756,0.397,-1.1,2022,0.525,0.252,112.7,114.5,-1.8,0.219,0.06
2546,Carmelo Anthony,LAL,38.0,69,26.0,13.3,4.2,1.0,0.7,0.8,0.9,0.441,0.375,0.83,0.391,-1.3,2022,0.579,0.195,108.7,111.7,-2.9,0.056,0.076
1626224,Cedi Osman,CLE,27.0,66,22.1,10.7,2.2,2.0,0.8,0.2,1.0,0.432,0.357,0.664,0.561,-0.9,2022,0.563,0.206,107.5,109.2,-1.8,0.144,0.049
1629002,Chimezie Metu,SAC,25.0,60,21.3,8.9,5.6,1.0,0.9,0.5,1.0,0.452,0.306,0.78,0.383,-2.6,2022,0.546,0.184,106.1,111.8,-5.7,0.071,0.129
1628449,Chris Boucher,TOR,29.0,80,21.1,9.4,6.2,0.3,0.6,0.9,0.5,0.464,0.297,0.777,0.6,2.4,2022,0.57,0.172,111.0,105.7,5.3,0.022,0.137
1629185,Chris Chiozza,GSW,26.0,34,10.9,2.0,1.1,1.9,0.4,0.0,0.9,0.296,0.321,0.667,0.618,-1.4,2022,0.407,0.132,100.4,108.3,-7.9,0.264,0.048
1630537,Chris Duarte,IND,25.0,55,28.0,13.1,4.1,2.1,1.0,0.2,1.6,0.432,0.369,0.804,0.382,-1.0,2022,0.537,0.207,107.6,109.7,-2.0,0.11,0.071
101108,Chris Paul,PHX,37.0,65,32.9,14.7,4.4,10.8,1.9,0.3,2.4,0.493,0.317,0.837,0.815,7.1,2022,0.581,0.197,115.6,105.5,10.0,0.434,0.064
1626174,Christian Wood,HOU,26.0,68,30.8,17.9,10.1,2.3,0.8,1.0,1.9,0.501,0.39,0.623,0.279,-6.0,2022,0.595,0.233,106.6,115.7,-9.1,0.124,0.158
1629643,Chuma Okeke,ORL,23.0,70,25.0,8.6,5.0,1.7,1.4,0.6,0.8,0.376,0.318,0.846,0.3,-4.5,2022,0.501,0.159,100.3,109.1,-8.8,0.104,0.092
203991,Clint Capela,ATL,28.0,74,27.6,11.1,11.9,1.2,0.7,1.3,0.6,0.613,0.0,0.473,0.541,1.7,2022,0.604,0.149,116.6,113.3,3.3,0.062,0.208
1629632,Coby White,CHI,22.0,61,27.5,12.7,3.0,2.9,0.5,0.2,1.1,0.433,0.385,0.857,0.525,-0.6,2022,0.564,0.195,112.3,113.6,-1.2,0.147,0.055
1628998,Cody Martin,CHA,26.0,71,26.3,7.7,4.0,2.5,1.2,0.5,0.9,0.482,0.384,0.701,0.577,-0.4,2022,0.579,0.12,113.1,113.0,0.1,0.124,0.075
203469,Cody Zeller,POR,29.0,27,13.1,5.2,4.6,0.8,0.3,0.2,0.7,0.567,0.0,0.776,0.481,-1.0,2022,0.627,0.153,108.8,110.9,-2.1,0.087,0.168
1630175,Cole Anthony,ORL,22.0,65,31.7,16.3,5.4,5.7,0.7,0.3,2.6,0.391,0.338,0.854,0.277,-3.6,2022,0.519,0.245,105.7,111.1,-5.4,0.281,0.08
1629012,Collin Sexton,CLE,23.0,11,28.8,16.0,3.3,2.1,0.9,0.0,2.8,0.45,0.244,0.744,0.636,-2.7,2022,0.523,0.264,99.2,105.0,-5.8,0.125,0.054
1630557,Corey Kispert,WAS,23.0,77,23.4,8.2,2.7,1.1,0.5,0.3,0.6,0.455,0.35,0.871,0.403,0.5,2022,0.586,0.142,113.0,112.9,0.1,0.064,0.058
202709,Cory Joseph,DET,30.0,65,24.6,8.0,2.7,3.6,0.6,0.3,1.3,0.445,0.414,0.885,0.292,-3.1,2022,0.579,0.141,105.3,111.7,-6.4,0.22,0.053
1626156,D'Angelo Russell,MIN,26.0,65,31.9,18.1,3.3,7.1,1.0,0.3,2.5,0.411,0.34,0.825,0.6,3.2,2022,0.544,0.246,114.5,109.8,4.7,0.32,0.05
201571,D.J. Augustin,LAL,34.0,55,16.1,5.3,1.2,1.9,0.3,0.0,1.0,0.423,0.415,0.884,0.273,-3.2,2022,0.61,0.139,106.9,117.5,-10.6,0.176,0.038
1630227,Daishen Nix,HOU,20.0,24,10.9,3.2,1.4,1.7,0.6,0.0,1.1,0.403,0.269,0.533,0.125,-1.9,2022,0.48,0.167,104.4,111.0,-6.6,0.208,0.064
1630625,Dalano Banton,TOR,22.0,64,10.9,3.2,1.9,1.5,0.4,0.2,0.8,0.411,0.255,0.591,0.578,0.5,2022,0.463,0.159,106.6,105.1,1.5,0.197,0.083
1627745,Damian Jones,SAC,27.0,56,18.2,8.1,4.4,1.2,0.5,0.8,1.1,0.658,0.345,0.718,0.339,-3.1,2022,0.701,0.163,106.7,113.5,-6.8,0.106,0.12
203081,Damian Lillard,POR,31.0,29,36.4,24.0,4.1,7.3,0.6,0.4,2.9,0.402,0.324,0.878,0.414,-1.0,2022,0.55,0.288,113.0,114.8,-1.8,0.321,0.057
1627814,Damion Lee,GSW,29.0,63,19.9,7.4,3.2,1.0,0.6,0.1,0.6,0.441,0.337,0.88,0.651,1.5,2022,0.561,0.156,109.3,106.5,2.8,0.072,0.081
1629655,Daniel Gafford,WAS,23.0,72,20.1,9.4,5.7,0.9,0.4,1.4,0.9,0.693,0.0,0.699,0.417,-2.9,2022,0.708,0.16,108.6,115.5,-6.9,0.071,0.139
1628464,Daniel Theis,BOS,30.0,47,20.8,8.2,4.9,0.9,0.4,0.7,1.0,0.519,0.308,0.681,0.426,-1.9,2022,0.595,0.162,104.4,108.4,-3.9,0.068,0.113
201568,Danilo Gallinari,ATL,33.0,66,25.3,11.7,4.7,1.5,0.4,0.2,0.6,0.434,0.381,0.904,0.53,1.6,2022,0.579,0.182,116.0,112.6,3.4,0.086,0.092
201980,Danny Green,PHI,35.0,62,21.8,5.9,2.5,1.0,1.0,0.6,0.7,0.394,0.38,0.786,0.597,1.3,2022,0.561,0.121,111.5,108.5,3.0,0.065,0.059
1627863,Danuel House Jr.,UTA,29.0,42,17.3,5.9,2.6,1.0,0.5,0.4,0.8,0.404,0.376,0.759,0.429,1.5,2022,0.555,0.146,109.4,105.5,3.8,0.087,0.07
1629647,Darius Bazley,OKC,22.0,69,27.9,10.8,6.3,1.4,0.8,1.0,1.3,0.422,0.297,0.688,0.275,-6.8,2022,0.515,0.18,101.8,113.1,-11.3,0.078,0.104
1629636,Darius Garland,CLE,22.0,68,35.7,21.7,3.3,8.6,1.3,0.1,3.6,0.462,0.383,0.892,0.544,5.5,2022,0.576,0.272,113.6,106.9,6.6,0.378,0.046
1630561,David Duke Jr.,BKN,22.0,22,15.5,4.7,3.0,0.8,0.6,0.3,0.4,0.361,0.243,0.81,0.455,-0.5,2022,0.444,0.15,110.7,110.6,0.1,0.066,0.09
1628021,David Nwaba,HOU,29.0,46,13.2,5.1,3.3,0.8,0.6,0.4,0.5,0.483,0.306,0.716,0.13,-2.5,2022,0.567,0.15,106.9,115.9,-9.0,0.085,0.117
1630558,Davion Mitchell,SAC,23.0,75,27.7,11.5,2.2,4.2,0.7,0.3,1.5,0.418,0.316,0.659,0.373,-3.7,2022,0.489,0.202,105.3,111.3,-6.0,0.235,0.038
202722,Davis Bertans,DAL,29.0,56,14.4,5.6,2.1,0.6,0.3,0.2,0.3,0.36,0.335,0.9,0.571,0.5,2022,0.531,0.165,109.5,108.5,1.0,0.054,0.071
1628432,Davon Reed,DEN,27.0,48,13.9,4.4,2.3,1.1,0.5,0.2,0.3,0.503,0.43,0.667,0.604,-0.5,2022,0.624,0.117,109.8,109.5,0.3,0.115,0.081
1630549,Day'Ron Sharpe,BKN,20.0,32,12.2,6.2,5.0,0.5,0.3,0.5,0.9,0.577,0.286,0.585,0.375,1.8,2022,0.593,0.205,115.6,108.8,6.9,0.062,0.198
1628368,De'Aaron Fox,SAC,24.0,59,35.3,23.2,3.9,5.6,1.2,0.4,2.8,0.473,0.297,0.75,0.373,-3.3,2022,0.549,0.284,112.1,116.5,-4.4,0.254,0.054
1629631,De'Andre Hunter,ATL,24.0,53,29.8,13.4,3.3,1.3,0.7,0.4,1.3,0.442,0.379,0.765,0.528,0.5,2022,0.547,0.194,114.6,113.9,0.7,0.06,0.055
1629001,De'Anthony Melton,MEM,24.0,73,22.7,10.8,4.5,2.7,1.4,0.5,1.5,0.404,0.374,0.75,0.671,3.0,2022,0.529,0.205,112.0,106.4,5.6,0.157,0.09
201599,DeAndre Jordan,PHI,33.0,48,13.0,4.3,5.5,0.4,0.3,0.7,0.8,0.643,0.0,0.55,0.542,-3.1,2022,0.641,0.132,100.7,111.5,-10.8,0.051,0.196
1627761,DeAndre' Bembry,MIL,27.0,56,18.3,5.1,2.9,1.2,0.9,0.4,0.6,0.561,0.417,0.6,0.554,-0.5,2022,0.601,0.111,110.0,110.5,-0.6,0.087,0.076
201942,DeMar DeRozan,CHI,32.0,76,36.1,27.9,5.2,4.9,0.9,0.3,2.4,0.504,0.352,0.877,0.566,1.0,2022,0.59,0.308,113.1,112.0,1.1,0.228,0.072
202326,DeMarcus Cousins,DEN,31.0,48,14.9,9.0,5.6,1.5,0.7,0.4,1.8,0.46,0.303,0.76,0.688,0.8,2022,0.567,0.267,113.8,111.7,2.2,0.153,0.19
1629731,Dean Wade,CLE,25.0,51,19.2,5.3,2.9,1.0,0.6,0.1,0.3,0.456,0.359,0.667,0.529,0.7,2022,0.584,0.107,105.8,103.8,2.0,0.077,0.075
1629028,Deandre Ayton,PHX,23.0,58,29.5,17.2,10.2,1.4,0.7,0.7,1.6,0.634,0.368,0.746,0.793,5.9,2022,0.656,0.217,117.2,107.7,9.6,0.071,0.172
1627749,Dejounte Murray,SAS,25.0,68,34.8,21.1,8.3,9.2,2.0,0.3,2.6,0.462,0.327,0.794,0.441,0.7,2022,0.533,0.268,112.9,111.0,1.9,0.388,0.112
1626153,Delon Wright,ATL,30.0,77,18.9,4.4,2.9,2.4,1.2,0.2,0.6,0.454,0.379,0.857,0.545,0.8,2022,0.576,0.101,111.6,108.8,2.8,0.178,0.075
1630166,Deni Avdija,WAS,21.0,82,24.2,8.4,5.2,2.0,0.7,0.5,1.1,0.432,0.317,0.757,0.427,-0.8,2022,0.536,0.158,109.2,110.1,-1.0,0.117,0.106
203471,Dennis Schröder,HOU,28.0,64,28.7,13.5,3.3,4.6,0.8,0.1,2.2,0.431,0.344,0.853,0.5,-0.5,2022,0.539,0.223,106.9,107.9,-1.0,0.256,0.057
1628372,Dennis Smith Jr.,POR,24.0,37,17.3,5.6,2.4,3.6,1.2,0.3,1.4,0.418,0.222,0.656,0.405,-3.7,2022,0.474,0.173,100.7,110.6,-9.8,0.311,0.066
1627756,Denzel Valentine,UTA,28.0,24,9.2,2.9,1.8,0.5,0.3,0.0,0.5,0.379,0.404,0.0,0.583,-1.1,2022,0.523,0.15,101.9,107.0,-5.1,0.074,0.094
202324,Derrick Favors,OKC,30.0,39,16.7,5.3,4.7,0.6,0.4,0.3,0.2,0.516,0.125,0.64,0.385,-3.7,2022,0.534,0.131,95.5,106.5,-11.0,0.061,0.128
1627884,Derrick Jones Jr.,CHI,25.0,51,17.6,5.6,3.3,0.6,0.5,0.6,0.6,0.538,0.328,0.8,0.549,0.8,2022,0.633,0.119,112.8,110.1,2.7,0.043,0.095
201565,Derrick Rose,NYK,33.0,26,24.5,12.0,3.0,4.0,0.8,0.5,1.5,0.445,0.402,0.968,0.423,3.5,2022,0.541,0.217,109.1,103.3,5.8,0.266,0.057
1628401,Derrick White,BOS,27.0,75,29.3,13.2,3.5,4.9,0.9,0.8,1.6,0.421,0.312,0.864,0.533,2.7,2022,0.549,0.196,111.3,106.4,4.9,0.231,0.056
1630217,Desmond Bane,MEM,24.0,76,29.8,18.2,4.4,2.7,1.2,0.4,1.5,0.461,0.436,0.903,0.697,4.8,2022,0.592,0.226,114.7,107.8,6.9,0.136,0.068
1626164,Devin Booker,PHX,25.0,68,34.5,26.8,5.0,4.8,1.1,0.4,2.4,0.466,0.383,0.868,0.824,6.9,2022,0.576,0.313,117.6,108.1,9.5,0.212,0.071
1630170,Devin Vassell,SAS,21.0,71,27.3,12.3,4.3,1.9,1.1,0.6,0.8,0.427,0.361,0.838,0.408,0.5,2022,0.54,0.184,111.2,110.2,1.0,0.096,0.074
1628984,Devonte' Graham,NOP,27.0,76,28.4,11.9,2.3,4.2,0.9,0.2,1.4,0.363,0.341,0.843,0.447,0.5,2022,0.514,0.191,111.4,111.1,0.3,0.21,0.04
203473,Dewayne Dedmon,MIA,32.0,67,15.9,6.3,5.8,0.7,0.4,0.6,1.0,0.566,0.404,0.75,0.642,0.7,2022,0.632,0.164,109.5,106.0,3.5,0.069,0.178
1628415,Dillon Brooks,MEM,26.0,32,27.7,18.4,3.2,2.8,1.1,0.3,1.6,0.432,0.309,0.849,0.688,6.4,2022,0.515,0.283,116.9,105.9,11.0,0.147,0.055
1627734,Domantas Sabonis,SAC,26.0,62,34.4,18.9,12.1,5.2,1.0,0.4,3.1,0.573,0.312,0.741,0.339,-0.2,2022,0.637,0.221,109.5,110.1,-0.6,0.239,0.176
1628378,Donovan Mitchell,UTA,25.0,67,33.8,25.9,4.2,5.3,1.5,0.2,3.0,0.448,0.355,0.853,0.612,4.1,2022,0.572,0.322,117.6,111.7,5.9,0.267,0.061
1628978,Donte DiVincenzo,SAC,25.0,42,23.9,9.0,4.0,2.8,1.1,0.2,1.7,0.351,0.339,0.843,0.5,-1.8,2022,0.51,0.187,107.5,111.2,-3.7,0.167,0.082
1627827,Dorian Finney-Smith,DAL,29.0,80,33.0,11.0,4.7,1.9,1.1,0.5,1.0,0.471,0.395,0.675,0.638,3.0,2022,0.604,0.138,114.8,110.4,4.4,0.08,0.072
203926,Doug McDermott,SAS,30.0,51,24.0,11.3,2.3,1.3,0.3,0.1,0.8,0.462,0.422,0.784,0.412,-0.7,2022,0.593,0.178,112.3,114.1,-1.8,0.068,0.045
203110,Draymond Green,GSW,32.0,46,28.9,7.5,7.3,7.0,1.3,1.1,3.0,0.525,0.296,0.659,0.739,4.2,2022,0.582,0.14,110.0,102.8,7.2,0.325,0.122
1629234,Drew Eubanks,POR,25.0,71,17.5,7.7,5.4,1.2,0.4,0.6,1.1,0.596,0.217,0.762,0.268,-4.6,2022,0.638,0.171,103.1,115.9,-12.8,0.107,0.146
1630613,Duane Washington Jr.,IND,22.0,48,20.2,9.9,1.7,1.8,0.5,0.1,1.2,0.405,0.377,0.754,0.25,-2.6,2022,0.521,0.214,110.2,116.1,-5.9,0.128,0.042
1629130,Duncan Robinson,MIA,28.0,79,25.9,10.9,2.6,1.6,0.5,0.2,0.8,0.399,0.372,0.836,0.658,1.3,2022,0.573,0.174,110.4,107.9,2.6,0.095,0.05
2730,Dwight Howard,LAL,36.0,60,16.2,6.2,5.9,0.6,0.6,0.6,0.8,0.612,0.533,0.658,0.35,-2.1,2022,0.657,0.145,109.3,115.0,-5.7,0.049,0.182
203939,Dwight Powell,DAL,30.0,82,21.9,8.7,4.9,1.2,0.5,0.5,0.8,0.671,0.351,0.783,0.634,0.9,2022,0.725,0.136,113.2,110.6,2.5,0.081,0.116
1629685,Dylan Windler,CLE,25.0,50,9.2,2.2,1.8,0.7,0.3,0.1,0.3,0.378,0.3,0.833,0.56,-0.2,2022,0.519,0.115,101.6,101.6,0.0,0.111,0.098
202334,Ed Davis,CLE,33.0,31,6.5,0.9,2.1,0.2,0.1,0.3,0.2,0.688,0.0,0.429,0.484,0.5,2022,0.632,0.062,99.5,94.9,4.6,0.053,0.155
203901,Elfrid Payton,PHX,28.0,50,11.0,3.0,1.8,2.0,0.5,0.1,0.9,0.383,0.222,0.375,0.78,-0.9,2022,0.397,0.175,103.0,105.0,-2.0,0.252,0.075
1630190,Elijah Hughes,POR,24.0,36,12.1,3.5,1.6,0.6,0.4,0.2,0.5,0.326,0.263,0.778,0.417,-6.4,2022,0.426,0.158,98.2,121.8,-23.7,0.079,0.065
202683,Enes Freedom,BOS,30.0,35,11.8,3.7,4.6,0.2,0.1,0.4,0.6,0.526,0.4,0.857,0.571,2.0,2022,0.585,0.129,111.6,103.8,7.8,0.027,0.182
202339,Eric Bledsoe,POR,32.0,54,25.2,9.9,3.4,4.2,1.3,0.4,2.1,0.421,0.313,0.761,0.5,-0.7,2022,0.514,0.198,105.2,106.4,-1.2,0.251,0.063
201569,Eric Gordon,HOU,33.0,57,29.3,13.4,2.0,2.7,0.5,0.3,1.9,0.475,0.412,0.778,0.333,-3.1,2022,0.614,0.182,108.6,113.6,-5.1,0.137,0.033
1629672,Eric Paschall,UTA,25.0,58,12.7,5.8,1.8,0.6,0.2,0.1,0.5,0.485,0.37,0.767,0.621,-0.5,2022,0.612,0.174,108.9,111.3,-2.3,0.074,0.072
203095,Evan Fournier,NYK,29.0,80,29.5,14.1,2.6,2.1,1.0,0.3,1.3,0.417,0.389,0.708,0.45,-1.2,2022,0.554,0.201,109.7,112.5,-2.7,0.114,0.042
1630596,Evan Mobley,CLE,21.0,69,33.8,15.0,8.3,2.5,0.8,1.7,1.9,0.508,0.25,0.663,0.58,1.4,2022,0.549,0.201,108.5,106.8,1.7,0.117,0.12
1630267,Facundo Campazzo,DEN,31.0,65,18.2,5.1,1.8,3.4,1.0,0.4,1.0,0.361,0.301,0.769,0.585,-3.3,2022,0.503,0.143,102.1,110.7,-8.6,0.276,0.048
1628402,Frank Jackson,DET,24.0,53,22.0,10.6,1.6,1.0,0.5,0.2,0.7,0.402,0.308,0.827,0.17,-3.5,2022,0.53,0.203,104.1,110.9,-6.8,0.077,0.036
1628373,Frank Ntilikina,DAL,23.0,58,11.8,4.1,1.4,1.2,0.5,0.1,0.5,0.399,0.342,0.96,0.586,1.1,2022,0.513,0.165,106.6,102.3,4.3,0.149,0.055
1630532,Franz Wagner,ORL,20.0,79,30.7,15.2,4.5,2.9,0.9,0.4,1.5,0.468,0.354,0.863,0.266,-3.1,2022,0.559,0.208,105.9,110.8,-4.9,0.151,0.069
1627832,Fred VanVleet,TOR,28.0,65,37.9,20.3,4.4,6.7,1.7,0.5,2.6,0.403,0.377,0.874,0.6,3.3,2022,0.552,0.233,112.2,108.5,3.7,0.266,0.057
1627788,Furkan Korkmaz,PHI,24.0,67,21.1,7.6,2.6,1.9,0.5,0.1,0.7,0.387,0.289,0.81,0.657,0.5,2022,0.502,0.17,108.8,108.0,0.8,0.129,0.061
1629216,Gabe Vincent,MIA,26.0,68,23.4,8.7,1.9,3.1,0.9,0.2,1.4,0.417,0.368,0.815,0.691,1.5,2022,0.551,0.174,109.1,106.0,3.1,0.198,0.04
202066,Garrett Temple,NOP,36.0,59,18.6,5.2,2.4,1.3,0.7,0.4,0.7,0.376,0.319,0.683,0.39,-5.5,2022,0.494,0.136,101.0,114.7,-13.7,0.102,0.063
1629726,Garrison Mathews,HOU,25.0,65,26.3,10.0,2.9,1.0,0.9,0.4,0.6,0.399,0.36,0.794,0.292,-3.4,2022,0.602,0.137,110.7,116.5,-5.9,0.052,0.054
1629109,Gary Clark,NOP,27.0,38,10.0,2.7,2.4,0.5,0.3,0.2,0.3,0.375,0.4,0.7,0.526,-0.5,2022,0.547,0.11,105.6,107.8,-2.1,0.067,0.115
203914,Gary Harris,ORL,27.0,61,28.4,11.1,2.0,1.8,1.0,0.1,1.0,0.434,0.384,0.874,0.262,-3.4,2022,0.571,0.16,104.2,110.1,-5.9,0.094,0.034
1627780,Gary Payton II,GSW,29.0,71,17.6,7.1,3.5,0.9,1.4,0.3,0.6,0.616,0.358,0.603,0.662,2.5,2022,0.679,0.14,110.6,102.3,8.3,0.076,0.097
1629018,Gary Trent Jr.,TOR,23.0,70,35.0,18.3,2.7,2.0,1.7,0.3,1.0,0.414,0.383,0.853,0.629,2.4,2022,0.546,0.212,113.5,110.2,3.3,0.085,0.038
201588,George Hill,MIL,36.0,54,23.2,6.2,2.9,2.2,0.8,0.1,0.8,0.429,0.306,0.919,0.667,5.8,2022,0.552,0.115,112.5,100.8,11.7,0.124,0.058
1627777,Georges Niang,PHI,29.0,76,22.8,9.2,2.7,1.3,0.4,0.2,0.8,0.437,0.403,0.881,0.632,0.9,2022,0.594,0.16,110.9,109.0,1.9,0.09,0.057
1630686,Georgios Kalaitzakis,OKC,23.0,13,16.4,6.6,1.6,0.9,0.8,0.2,1.5,0.463,0.385,0.467,0.615,-10.3,2022,0.536,0.2,95.7,124.9,-29.3,0.09,0.048
203507,Giannis Antetokounmpo,MIL,27.0,67,32.9,29.9,11.6,5.8,1.1,1.4,3.3,0.553,0.293,0.722,0.672,5.9,2022,0.633,0.34,115.9,107.9,8.0,0.304,0.168
1629048,Goga Bitadze,IND,22.0,50,14.6,7.0,3.5,1.1,0.4,0.8,0.9,0.52,0.288,0.681,0.34,-0.6,2022,0.595,0.191,114.0,116.4,-2.4,0.11,0.122
201609,Goran Dragic,BKN,36.0,21,23.7,7.5,3.1,4.1,0.9,0.2,1.6,0.377,0.254,0.818,0.476,0.3,2022,0.474,0.166,112.1,111.7,0.4,0.227,0.066
202330,Gordon Hayward,CHA,32.0,49,31.9,15.9,4.6,3.6,1.0,0.4,1.7,0.459,0.391,0.846,0.531,-0.4,2022,0.57,0.202,110.7,111.0,-0.4,0.16,0.067
203476,Gorgui Dieng,ATL,32.0,44,8.4,3.5,2.8,0.8,0.3,0.3,0.5,0.473,0.426,0.731,0.523,-1.4,2022,0.624,0.164,100.3,109.5,-9.2,0.155,0.16
1629684,Grant Williams,BOS,23.0,77,24.4,7.8,3.6,1.0,0.5,0.7,0.8,0.475,0.411,0.905,0.636,1.9,2022,0.635,0.123,112.5,108.0,4.5,0.058,0.072
1628960,Grayson Allen,MIL,26.0,66,27.3,11.1,3.4,1.5,0.7,0.3,0.7,0.448,0.409,0.865,0.652,3.5,2022,0.609,0.148,112.5,107.5,5.0,0.075,0.058
1630535,Greg Brown III,POR,20.0,48,13.3,4.7,2.8,0.7,0.5,0.5,0.8,0.426,0.311,0.677,0.292,-5.0,2022,0.515,0.168,99.1,116.8,-17.6,0.087,0.103
1628977,Hamidou Diallo,DET,23.0,58,21.9,11.0,4.8,1.3,1.2,0.3,1.0,0.496,0.247,0.65,0.241,-3.6,2022,0.541,0.213,103.1,110.7,-7.6,0.098,0.103
203084,Harrison Barnes,SAC,30.0,77,33.6,16.4,5.6,2.4,0.7,0.2,1.5,0.469,0.394,0.826,0.351,-4.9,2022,0.623,0.184,110.0,116.7,-6.7,0.103,0.082
202355,Hassan Whiteside,UTA,33.0,65,17.9,8.2,7.6,0.4,0.3,1.6,0.8,0.652,0.0,0.623,0.615,3.5,2022,0.662,0.164,119.2,109.0,10.1,0.031,0.209
1630529,Herbert Jones,NOP,23.0,78,29.9,9.5,3.8,2.1,1.7,0.8,1.3,0.476,0.337,0.84,0.462,0.9,2022,0.573,0.136,112.2,110.2,2.0,0.097,0.063
1629649,Ignas Brazdeikis,ORL,23.0,42,12.8,5.0,1.7,0.9,0.2,0.1,0.4,0.431,0.31,0.656,0.214,-4.1,2022,0.52,0.172,100.6,116.4,-15.7,0.11,0.062
1630193,Immanuel Quickley,NYK,23.0,78,23.1,11.3,3.2,3.5,0.7,0.0,1.3,0.392,0.346,0.881,0.449,3.4,2022,0.543,0.217,111.4,104.8,6.6,0.244,0.066
1630171,Isaac Okoro,CLE,21.0,67,29.6,8.8,3.0,1.8,0.8,0.3,0.9,0.48,0.35,0.768,0.507,1.5,2022,0.589,0.123,112.4,109.3,3.1,0.083,0.052
1628392,Isaiah Hartenstein,LAC,24.0,68,17.9,8.3,4.9,2.4,0.7,1.1,1.2,0.626,0.467,0.689,0.544,2.5,2022,0.664,0.177,112.1,105.0,7.0,0.193,0.13
1630543,Isaiah Jackson,IND,20.0,36,15.0,8.3,4.1,0.3,0.7,1.4,1.1,0.563,0.313,0.682,0.25,-1.1,2022,0.607,0.214,113.3,116.1,-2.8,0.027,0.133
1630198,Isaiah Joe,PHI,22.0,55,11.1,3.6,1.0,0.6,0.3,0.1,0.3,0.35,0.333,0.935,0.636,0.4,2022,0.519,0.144,108.2,106.5,1.7,0.08,0.045
1630587,Isaiah Livers,DET,23.0,19,20.2,6.4,3.0,1.1,0.7,0.4,0.8,0.456,0.422,0.857,0.421,-0.5,2022,0.629,0.125,113.8,114.6,-0.8,0.077,0.072
1629676,Isaiah Roby,OKC,24.0,45,21.1,10.1,4.8,1.6,0.8,0.8,1.0,0.514,0.444,0.672,0.222,-4.1,2022,0.607,0.185,104.6,113.4,-8.8,0.117,0.109
1630191,Isaiah Stewart,DET,21.0,71,25.6,8.3,8.7,1.2,0.3,1.1,1.2,0.51,0.326,0.718,0.296,-5.2,2022,0.55,0.144,102.6,112.1,-9.5,0.07,0.161
202738,Isaiah Thomas,CHA,33.0,22,15.2,8.4,1.3,1.5,0.3,0.2,0.7,0.401,0.337,0.846,0.545,-0.5,2022,0.516,0.245,107.8,109.0,-1.3,0.155,0.042
202397,Ish Smith,WAS,33.0,65,17.3,6.3,2.2,3.8,0.7,0.4,1.2,0.43,0.373,0.625,0.415,-2.4,2022,0.465,0.195,107.1,113.8,-6.7,0.318,0.061
1630688,Ish Wainright,PHX,27.0,45,8.0,2.4,1.2,0.3,0.4,0.1,0.3,0.394,0.322,0.583,0.8,0.9,2022,0.494,0.134,106.2,100.6,5.6,0.057,0.069
1627826,Ivica Zubac,LAC,25.0,76,24.4,10.3,8.5,1.6,0.5,1.0,1.5,0.626,0.0,0.727,0.526,-1.7,2022,0.66,0.168,108.7,112.2,-3.5,0.097,0.17
1630550,JT Thor,CHA,19.0,33,7.9,2.0,1.3,0.6,0.2,0.3,0.3,0.436,0.259,0.6,0.545,-0.2,2022,0.525,0.116,107.2,106.9,0.3,0.097,0.077
1629630,Ja Morant,MEM,22.0,57,33.1,27.4,5.7,6.7,1.2,0.4,3.4,0.493,0.344,0.761,0.632,3.3,2022,0.575,0.33,115.3,111.2,4.1,0.33,0.08
203210,JaMychal Green,DEN,32.0,67,16.2,6.4,4.2,0.9,0.6,0.4,0.9,0.486,0.266,0.871,0.537,-1.3,2022,0.587,0.168,106.8,110.3,-3.5,0.084,0.129
201580,JaVale McGee,PHX,34.0,74,15.8,9.2,6.7,0.6,0.3,1.1,1.3,0.629,0.222,0.699,0.77,1.6,2022,0.651,0.214,110.4,104.6,5.8,0.055,0.201
1630183,Jaden McDaniels,MIN,21.0,70,25.8,9.2,4.2,1.1,0.7,0.8,1.1,0.46,0.317,0.803,0.571,0.0,2022,0.553,0.149,109.9,109.3,0.6,0.063,0.075
203109,Jae Crowder,PHX,31.0,67,28.1,9.4,5.3,1.9,1.4,0.4,0.8,0.399,0.348,0.789,0.806,5.9,2022,0.541,0.146,116.1,105.9,10.2,0.08,0.092
1630256,Jae'Sean Tate,HOU,26.0,78,26.4,11.8,5.4,2.8,0.9,0.5,1.8,0.498,0.312,0.707,0.244,-5.2,2022,0.567,0.194,105.3,114.2,-8.9,0.171,0.098
1627774,Jake Layman,MIN,28.0,34,6.8,2.4,1.1,0.3,0.2,0.1,0.3,0.411,0.229,0.722,0.588,-0.3,2022,0.5,0.16,105.3,108.7,-3.4,0.055,0.074
1627751,Jakob Poeltl,SAS,26.0,68,29.0,13.5,9.3,2.8,0.7,1.7,1.6,0.618,1.0,0.495,0.441,1.7,2022,0.613,0.182,115.2,111.8,3.4,0.131,0.154
1628973,Jalen Brunson,DAL,25.0,79,31.9,16.3,3.9,4.8,0.8,0.0,1.6,0.502,0.373,0.84,0.633,2.9,2022,0.583,0.215,113.8,109.4,4.4,0.237,0.062
1630224,Jalen Green,HOU,20.0,67,31.9,17.3,3.4,2.6,0.7,0.3,2.0,0.426,0.343,0.797,0.179,-7.7,2022,0.547,0.234,105.7,116.9,-11.3,0.132,0.051
1629667,Jalen McDaniels,CHA,24.0,55,16.3,6.2,3.1,1.1,0.5,0.4,0.7,0.484,0.38,0.736,0.618,0.8,2022,0.595,0.152,111.7,109.1,2.6,0.089,0.089
1630188,Jalen Smith,IND,22.0,51,18.1,9.2,6.0,0.5,0.3,0.8,0.8,0.503,0.328,0.765,0.569,0.6,2022,0.595,0.193,112.0,109.3,2.7,0.038,0.157
1630591,Jalen Suggs,ORL,21.0,48,27.2,11.8,3.6,4.4,1.2,0.4,3.0,0.361,0.214,0.773,0.333,-4.3,2022,0.455,0.244,100.6,107.8,-7.1,0.249,0.061
1630547,James Bouknight,CHA,21.0,31,9.8,4.6,1.7,0.8,0.2,0.0,0.5,0.348,0.347,0.871,0.484,-1.6,2022,0.459,0.226,108.0,114.2,-6.2,0.132,0.077
201935,James Harden,PHI,32.0,65,37.2,22.0,7.7,10.3,1.3,0.6,4.4,0.41,0.33,0.877,0.615,2.7,2022,0.583,0.266,114.9,111.4,3.5,0.401,0.103
201949,James Johnson,BKN,35.0,62,19.2,5.5,3.5,2.1,0.5,0.5,0.8,0.469,0.271,0.527,0.484,-1.0,2022,0.513,0.136,108.9,110.5,-1.6,0.153,0.085
1630215,Jared Butler,UTA,21.0,42,8.6,3.8,1.1,1.5,0.4,0.2,0.8,0.404,0.318,0.688,0.738,-0.3,2022,0.509,0.221,112.5,112.6,-0.1,0.258,0.061
1628991,Jaren Jackson Jr.,MEM,22.0,78,27.3,16.3,5.8,1.1,0.9,2.3,1.7,0.415,0.319,0.823,0.679,4.6,2022,0.535,0.248,113.9,106.0,7.9,0.058,0.097
1629020,Jarred Vanderbilt,MIN,23.0,74,25.4,6.9,8.4,1.3,1.3,0.6,1.0,0.587,0.143,0.656,0.554,2.2,2022,0.612,0.108,115.5,110.5,5.0,0.066,0.158
1628386,Jarrett Allen,CLE,24.0,56,32.3,16.1,10.8,1.6,0.8,1.3,1.7,0.677,0.1,0.708,0.625,2.4,2022,0.698,0.177,110.0,106.7,3.3,0.079,0.163
1629633,Jarrett Culver,MEM,23.0,37,9.1,3.5,1.3,0.9,0.5,0.1,0.5,0.378,0.255,0.471,0.757,-0.5,2022,0.433,0.199,104.3,106.6,-2.3,0.135,0.065
1629750,Javonte Green,CHI,28.0,65,23.4,7.2,4.2,0.9,1.0,0.5,0.5,0.542,0.356,0.833,0.585,0.3,2022,0.637,0.113,113.6,112.0,1.6,0.051,0.092
1630606,Javonte Smart,MIA,23.0,17,11.8,3.0,1.4,0.9,0.4,0.2,0.6,0.317,0.296,0.833,0.647,-2.5,2022,0.407,0.154,99.8,110.3,-10.6,0.121,0.056
1629637,Jaxson Hayes,NOP,22.0,70,20.0,9.3,4.5,0.6,0.5,0.8,0.8,0.616,0.351,0.766,0.414,0.3,2022,0.68,0.159,109.7,109.2,0.5,0.047,0.113
1627759,Jaylen Brown,BOS,25.0,66,33.6,23.6,6.1,3.5,1.1,0.3,2.7,0.473,0.358,0.758,0.652,6.9,2022,0.574,0.298,113.5,103.8,9.8,0.173,0.088
1629658,Jaylen Hoard,OKC,23.0,7,34.2,14.7,12.0,2.4,0.9,0.7,1.1,0.489,0.36,0.429,0.286,-12.4,2022,0.536,0.184,101.8,119.1,-17.2,0.113,0.167
1629669,Jaylen Nowell,MIN,22.0,62,15.7,8.5,2.0,2.1,0.4,0.2,0.6,0.475,0.394,0.783,0.597,1.1,2022,0.581,0.205,114.5,111.7,2.8,0.197,0.061
1628369,Jayson Tatum,BOS,24.0,76,35.9,26.9,8.0,4.4,1.0,0.6,2.9,0.453,0.353,0.853,0.645,8.8,2022,0.578,0.313,115.5,103.4,12.1,0.204,0.109
201145,Jeff Green,DEN,35.0,75,24.7,10.3,3.1,1.3,0.4,0.4,0.9,0.524,0.315,0.833,0.587,0.8,2022,0.627,0.16,113.3,111.5,1.8,0.071,0.063
203924,Jerami Grant,DET,28.0,47,31.9,19.2,4.1,2.4,0.9,1.0,1.8,0.426,0.358,0.838,0.234,-4.7,2022,0.556,0.253,102.9,110.7,-7.8,0.13,0.06
1630526,Jeremiah Robinson-Earl,OKC,21.0,49,22.2,7.5,5.6,1.0,0.6,0.3,0.8,0.414,0.352,0.741,0.306,-4.9,2022,0.526,0.152,101.1,110.9,-9.8,0.069,0.115
203087,Jeremy Lamb,SAC,30.0,56,16.7,7.3,2.8,1.4,0.6,0.4,0.7,0.383,0.324,0.84,0.411,0.4,2022,0.521,0.189,110.3,109.7,0.6,0.124,0.079
1630579,Jericho Sims,NYK,23.0,41,13.5,2.2,4.1,0.5,0.3,0.5,0.5,0.722,0.0,0.414,0.463,1.9,2022,0.674,0.068,109.3,102.9,6.5,0.054,0.148
1628975,Jevon Carter,MIL,26.0,66,13.7,4.2,1.7,1.5,0.4,0.2,0.5,0.387,0.388,0.833,0.591,-0.8,2022,0.531,0.135,107.3,110.3,-3.0,0.148,0.056
202710,Jimmy Butler III,MIA,32.0,57,33.9,21.4,5.9,5.5,1.6,0.5,2.1,0.48,0.233,0.87,0.667,4.3,2022,0.592,0.26,114.4,108.4,6.1,0.264,0.09
1629111,Jock Landale,SAS,26.0,54,10.9,4.9,2.6,0.8,0.2,0.3,0.6,0.495,0.326,0.829,0.444,-0.3,2022,0.597,0.172,107.9,109.0,-1.1,0.115,0.106
203925,Joe Harris,BKN,30.0,14,30.2,11.3,4.0,1.0,0.5,0.1,1.1,0.452,0.466,0.833,0.714,1.1,2022,0.624,0.146,106.6,105.6,1.1,0.047,0.064
204060,Joe Ingles,POR,34.0,45,24.9,7.2,2.9,3.5,0.5,0.1,1.0,0.404,0.347,0.773,0.622,4.1,2022,0.551,0.129,111.9,103.7,8.2,0.195,0.056
1630580,Joe Wieskamp,SAS,22.0,29,7.1,2.1,0.5,0.3,0.1,0.1,0.1,0.357,0.326,0.538,0.379,0.0,2022,0.494,0.129,106.5,105.1,1.5,0.065,0.031
203954,Joel Embiid,PHI,28.0,68,33.8,30.6,11.7,4.2,1.1,1.5,3.1,0.499,0.371,0.814,0.662,5.4,2022,0.616,0.375,115.6,107.8,7.9,0.236,0.176
1628381,John Collins,ATL,24.0,54,30.8,16.2,7.8,1.8,0.6,1.0,1.1,0.526,0.364,0.793,0.481,0.7,2022,0.61,0.202,113.5,112.7,0.8,0.088,0.124
1629723,John Konchar,MEM,26.0,72,17.9,4.8,4.6,1.5,0.6,0.3,0.4,0.515,0.413,0.551,0.667,1.3,2022,0.615,0.097,109.7,107.0,2.7,0.109,0.117
202685,Jonas Valančiūnas,NOP,30.0,74,30.3,17.8,11.4,2.6,0.6,0.8,2.4,0.544,0.361,0.82,0.459,0.9,2022,0.617,0.238,111.4,110.2,1.2,0.137,0.189
1630228,Jonathan Kuminga,GSW,19.0,70,16.9,9.3,3.3,0.9,0.4,0.3,1.1,0.513,0.336,0.684,0.629,0.5,2022,0.6,0.227,109.5,107.5,1.9,0.087,0.096
203903,Jordan Clarkson,UTA,30.0,79,27.1,16.0,3.5,2.5,0.8,0.2,1.6,0.419,0.318,0.828,0.595,4.8,2022,0.532,0.258,115.7,107.0,8.7,0.144,0.061
1629162,Jordan McLaughlin,MIN,26.0,62,14.5,3.8,1.5,2.9,0.9,0.2,0.6,0.44,0.318,0.75,0.581,0.6,2022,0.535,0.115,111.4,109.0,2.4,0.258,0.049
1629670,Jordan Nwora,MIL,23.0,62,19.1,7.9,3.6,1.0,0.4,0.3,0.9,0.403,0.348,0.837,0.548,-1.2,2022,0.506,0.187,109.5,112.5,-3.0,0.071,0.089
1629673,Jordan Poole,GSW,23.0,76,30.0,18.5,3.4,4.0,0.8,0.3,2.5,0.448,0.364,0.925,0.645,4.3,2022,0.598,0.252,112.1,105.5,6.6,0.207,0.056
1630631,Jose Alvarado,NOP,24.0,54,15.4,6.1,1.9,2.8,1.3,0.1,0.7,0.446,0.291,0.679,0.463,2.6,2022,0.52,0.174,112.1,104.8,7.3,0.261,0.06
1630528,Josh Christopher,HOU,20.0,74,18.0,7.9,2.5,2.0,0.9,0.2,1.5,0.448,0.296,0.735,0.243,-3.7,2022,0.534,0.205,106.9,116.1,-9.2,0.17,0.069
1630581,Josh Giddey,OKC,19.0,54,31.5,12.5,7.8,6.4,0.9,0.4,3.2,0.419,0.263,0.709,0.315,-5.5,2022,0.478,0.218,101.1,109.4,-8.3,0.325,0.113
1630182,Josh Green,DAL,21.0,67,15.5,4.8,2.4,1.2,0.7,0.2,0.7,0.508,0.359,0.689,0.657,1.0,2022,0.578,0.13,107.5,103.8,3.7,0.11,0.077
1628404,Josh Hart,POR,27.0,54,33.2,14.9,7.2,4.1,1.1,0.2,2.1,0.504,0.343,0.758,0.37,-3.7,2022,0.61,0.184,108.4,113.2,-4.9,0.19,0.107
1628367,Josh Jackson,SAC,25.0,51,16.3,6.4,2.8,1.1,0.5,0.4,0.9,0.4,0.254,0.714,0.235,-3.1,2022,0.491,0.196,103.6,112.2,-8.6,0.105,0.085
1629006,Josh Okogie,MIN,23.0,49,10.5,2.7,1.4,0.5,0.5,0.2,0.5,0.404,0.298,0.686,0.469,0.8,2022,0.526,0.115,104.1,101.6,2.5,0.066,0.062
1626196,Josh Richardson,SAS,28.0,65,24.6,10.2,2.8,1.8,0.9,0.4,1.0,0.438,0.415,0.889,0.585,2.1,2022,0.573,0.171,112.3,107.8,4.5,0.105,0.057
1630563,Joshua Primo,SAS,19.0,50,19.3,5.8,2.3,1.6,0.4,0.5,1.1,0.374,0.307,0.746,0.44,-1.6,2022,0.487,0.152,107.9,111.2,-3.3,0.111,0.055
201950,Jrue Holiday,MIL,32.0,67,32.9,18.3,4.5,6.8,1.6,0.4,2.7,0.501,0.411,0.761,0.701,6.4,2022,0.593,0.231,118.2,109.7,8.5,0.297,0.066
1629308,Juan Toscano-Anderson,GSW,29.0,73,13.6,4.1,2.4,1.7,0.7,0.2,0.9,0.489,0.322,0.571,0.699,0.6,2022,0.561,0.144,109.8,106.9,2.9,0.18,0.089
1627823,Juancho Hernangomez,UTA,26.0,40,11.1,3.3,2.5,0.5,0.4,0.3,0.4,0.415,0.348,0.559,0.5,-0.1,2022,0.542,0.133,113.7,113.3,0.5,0.064,0.11
203944,Julius Randle,NYK,27.0,72,35.3,20.1,9.9,5.1,0.7,0.5,3.4,0.411,0.308,0.756,0.444,-2.3,2022,0.509,0.279,108.0,111.6,-3.6,0.251,0.132
1626147,Justin Anderson,IND,28.0,16,19.7,6.4,2.9,2.1,0.5,0.4,0.5,0.379,0.254,0.789,0.188,-0.9,2022,0.493,0.149,116.7,116.9,-0.1,0.135,0.076
1630551,Justin Champagnie,TOR,21.0,36,7.8,2.3,2.0,0.3,0.2,0.1,0.2,0.463,0.357,1.0,0.583,1.4,2022,0.571,0.111,115.4,108.0,7.4,0.051,0.118
203200,Justin Holiday,SAC,33.0,74,27.8,10.1,2.6,1.7,0.8,0.4,0.9,0.394,0.367,0.806,0.338,-2.8,2022,0.543,0.156,108.8,113.9,-5.1,0.086,0.046
1629620,Justin Robinson,DET,24.0,25,12.1,3.1,0.8,1.3,0.4,0.0,0.7,0.301,0.295,0.5,0.52,-4.9,2022,0.404,0.153,93.8,111.3,-17.5,0.175,0.031
1626159,Justise Winslow,POR,26.0,48,16.1,5.7,4.2,1.8,0.7,0.5,1.0,0.428,0.227,0.591,0.5,0.6,2022,0.479,0.178,108.1,105.9,2.1,0.155,0.12
203994,Jusuf Nurkić,POR,27.0,56,28.2,15.0,11.1,2.8,1.1,0.6,2.6,0.535,0.268,0.69,0.446,0.2,2022,0.586,0.233,109.9,110.1,-0.1,0.16,0.191
1630231,KJ Martin,HOU,21.0,79,21.0,8.8,3.8,1.3,0.4,0.5,0.8,0.533,0.357,0.634,0.253,-3.0,2022,0.603,0.158,108.5,115.4,-6.9,0.091,0.088
1629644,KZ Okpala,MIA,23.0,21,11.6,3.7,2.0,0.7,0.2,0.3,0.2,0.435,0.346,0.727,0.667,0.3,2022,0.521,0.141,106.9,104.2,2.7,0.082,0.081
1626157,Karl-Anthony Towns,MIN,26.0,74,33.5,24.6,9.8,3.6,1.0,1.1,3.1,0.529,0.41,0.822,0.595,3.7,2022,0.64,0.272,116.9,111.6,5.3,0.177,0.141
1626208,Keifer Sykes,IND,28.0,32,17.7,5.6,1.4,1.9,0.4,0.1,1.0,0.363,0.3,0.882,0.188,-2.2,2022,0.456,0.174,108.5,112.9,-4.5,0.162,0.04
1628966,Keita Bates-Diop,SAS,26.0,59,16.2,5.7,3.9,0.7,0.5,0.2,0.8,0.517,0.309,0.754,0.39,0.1,2022,0.578,0.144,107.0,106.2,0.8,0.059,0.112
1629103,Kelan Martin,BOS,26.0,30,15.0,5.7,1.8,0.7,0.4,0.3,0.5,0.409,0.293,0.692,0.467,-1.8,2022,0.484,0.18,102.4,108.6,-6.2,0.072,0.059
1629640,Keldon Johnson,SAS,22.0,75,31.9,17.0,6.1,2.1,0.8,0.2,1.2,0.466,0.398,0.756,0.44,1.0,2022,0.574,0.21,113.2,111.1,2.1,0.091,0.089
1629833,Keljin Blevins,POR,26.0,31,11.3,3.1,1.5,0.6,0.4,0.0,0.5,0.306,0.292,0.545,0.129,-6.7,2022,0.41,0.161,97.1,124.9,-27.7,0.083,0.064
203482,Kelly Olynyk,DET,31.0,40,19.1,9.1,4.4,2.8,0.8,0.5,1.5,0.448,0.336,0.775,0.325,-1.8,2022,0.561,0.207,108.4,113.3,-4.9,0.214,0.116
1626162,Kelly Oubre Jr.,CHA,26.0,76,26.3,15.0,4.0,1.1,1.0,0.4,0.9,0.44,0.345,0.667,0.513,-0.3,2022,0.56,0.223,112.3,112.4,-0.2,0.063,0.071
202689,Kemba Walker,NYK,32.0,37,25.6,11.6,3.0,3.5,0.7,0.2,1.3,0.403,0.367,0.845,0.432,-4.9,2022,0.537,0.202,105.4,114.5,-9.1,0.22,0.055
1629026,Kenrich Williams,OKC,27.0,49,21.9,7.4,4.5,2.2,0.9,0.2,0.9,0.461,0.339,0.545,0.347,0.5,2022,0.532,0.153,102.0,100.3,1.7,0.159,0.092
203145,Kent Bazemore,LAL,32.0,39,14.0,3.4,1.8,0.9,0.6,0.2,0.5,0.324,0.363,0.765,0.41,-3.0,2022,0.451,0.128,99.8,108.7,-8.9,0.085,0.059
203484,Kentavious Caldwell-Pope,WAS,29.0,77,30.2,13.2,3.4,1.9,1.1,0.3,1.3,0.435,0.39,0.89,0.442,-3.0,2022,0.568,0.185,109.1,113.8,-4.7,0.09,0.056
1630553,Keon Johnson,POR,20.0,37,18.8,7.2,2.2,2.1,0.8,0.3,1.2,0.353,0.34,0.804,0.216,-7.8,2022,0.453,0.207,100.8,119.8,-19.0,0.174,0.056
1630556,Kessler Edwards,BKN,21.0,48,20.6,5.9,3.6,0.6,0.6,0.5,0.9,0.412,0.353,0.842,0.458,-1.3,2022,0.516,0.132,112.2,115.5,-3.3,0.04,0.084
201142,Kevin Durant,BKN,33.0,55,37.2,29.9,7.4,6.4,0.9,0.9,3.5,0.518,0.383,0.91,0.655,4.9,2022,0.634,0.31,116.2,109.7,6.5,0.274,0.097
1628989,Kevin Huerter,ATL,23.0,74,29.6,12.1,3.4,2.7,0.7,0.4,1.2,0.454,0.389,0.808,0.541,2.3,2022,0.57,0.169,116.4,112.5,3.8,0.125,0.056
1628995,Kevin Knox II,ATL,22.0,30,7.4,3.1,1.5,0.3,0.1,0.1,0.2,0.365,0.278,0.727,0.6,-2.3,2022,0.491,0.187,98.5,113.7,-15.1,0.077,0.09
201567,Kevin Love,CLE,33.0,74,22.5,13.6,7.2,2.2,0.4,0.2,1.3,0.43,0.392,0.838,0.514,1.3,2022,0.594,0.239,108.9,107.4,1.5,0.153,0.155
1629645,Kevin Porter Jr.,HOU,22.0,61,31.3,15.6,4.4,6.2,1.1,0.4,3.1,0.415,0.375,0.642,0.262,-4.6,2022,0.531,0.239,108.3,114.9,-6.7,0.302,0.067
1626172,Kevon Looney,GSW,26.0,82,21.1,6.0,7.3,2.0,0.6,0.6,0.8,0.571,0.0,0.6,0.646,2.0,2022,0.586,0.12,113.2,107.2,6.0,0.127,0.166
203920,Khem Birch,TOR,29.0,55,18.0,4.5,4.3,1.0,0.5,0.5,0.5,0.485,0.0,0.746,0.618,0.4,2022,0.534,0.108,112.3,112.4,-0.1,0.074,0.12
203114,Khris Middleton,MIL,30.0,66,32.4,20.1,5.4,5.4,1.2,0.3,2.9,0.443,0.373,0.89,0.667,4.6,2022,0.577,0.255,115.0,109.6,5.4,0.246,0.079
1630165,Killian Hayes,DET,20.0,66,25.0,6.9,3.2,4.2,1.2,0.5,1.7,0.383,0.263,0.77,0.318,-5.6,2022,0.461,0.154,102.6,112.9,-10.3,0.243,0.061
1629681,Killian Tillie,MEM,24.0,36,12.8,3.3,1.7,0.6,0.6,0.4,0.4,0.339,0.314,0.625,0.75,0.8,2022,0.452,0.128,109.2,105.8,3.4,0.061,0.061
1630184,Kira Lewis Jr.,NOP,21.0,24,14.2,5.9,1.6,2.0,0.5,0.0,1.1,0.404,0.224,0.833,0.25,-4.5,2022,0.466,0.209,94.9,109.0,-14.1,0.239,0.052
202691,Klay Thompson,GSW,32.0,32,29.4,20.4,3.9,2.8,0.5,0.5,1.3,0.429,0.385,0.902,0.531,2.1,2022,0.547,0.284,111.4,108.0,3.3,0.153,0.062
1627739,Kris Dunn,POR,28.0,14,24.0,7.6,3.5,5.6,1.6,0.2,2.3,0.431,0.091,0.944,0.071,-6.6,2022,0.482,0.176,105.8,117.8,-12.0,0.339,0.073
204001,Kristaps Porziņģis,WAS,26.0,51,29.0,20.2,8.1,2.3,0.7,1.6,1.6,0.459,0.31,0.867,0.51,0.6,2022,0.577,0.286,109.9,109.5,0.4,0.133,0.137
203937,Kyle Anderson,MEM,28.0,69,21.5,7.6,5.3,2.7,1.1,0.7,1.0,0.446,0.33,0.638,0.667,0.9,2022,0.506,0.156,110.3,108.3,2.0,0.162,0.115
1628398,Kyle Kuzma,WAS,26.0,66,33.4,17.1,8.5,3.5,0.6,0.9,2.6,0.452,0.341,0.712,0.439,-4.3,2022,0.547,0.238,108.2,114.3,-6.1,0.164,0.126
200768,Kyle Lowry,MIA,36.0,63,33.9,13.4,4.5,7.5,1.1,0.3,2.7,0.44,0.377,0.851,0.651,4.0,2022,0.6,0.178,112.5,106.6,5.9,0.321,0.067
202681,Kyrie Irving,BKN,30.0,29,37.6,27.4,4.4,5.8,1.4,0.6,2.5,0.469,0.418,0.915,0.483,4.2,2022,0.592,0.283,118.9,113.8,5.2,0.235,0.057
200746,LaMarcus Aldridge,BKN,36.0,47,22.3,12.9,5.5,0.9,0.3,1.0,0.9,0.55,0.304,0.873,0.553,0.4,2022,0.604,0.219,111.3,111.1,0.1,0.062,0.118
1630163,LaMelo Ball,CHA,20.0,75,32.3,20.1,6.7,7.6,1.6,0.4,3.3,0.429,0.389,0.872,0.52,1.3,2022,0.554,0.271,114.0,112.5,1.5,0.341,0.098
1630205,Lamar Stevens,CLE,24.0,63,16.1,6.1,2.6,0.7,0.5,0.3,0.7,0.489,0.277,0.707,0.556,-0.6,2022,0.544,0.169,108.4,109.7,-1.3,0.066,0.081
202362,Lance Stephenson,IND,31.0,46,17.7,8.3,2.8,3.6,0.5,0.1,1.6,0.455,0.3,0.788,0.239,-2.5,2022,0.536,0.219,110.4,117.4,-7.0,0.298,0.079
1629013,Landry Shamet,PHX,25.0,69,20.8,8.3,1.8,1.6,0.4,0.1,0.6,0.394,0.368,0.84,0.768,2.0,2022,0.55,0.16,107.8,102.9,4.9,0.104,0.041
1626204,Larry Nance Jr.,NOP,29.0,46,22.6,7.0,5.4,1.8,0.9,0.4,0.8,0.522,0.329,0.702,0.413,-1.3,2022,0.59,0.128,110.7,112.6,-1.9,0.115,0.12
1628374,Lauri Markkanen,CLE,25.0,61,30.8,14.8,5.7,1.3,0.7,0.5,0.9,0.445,0.358,0.868,0.525,2.8,2022,0.582,0.192,113.9,109.9,3.9,0.062,0.092
2544,LeBron James,LAL,37.0,56,37.2,30.3,8.2,6.2,1.3,1.1,3.5,0.524,0.359,0.756,0.446,-2.1,2022,0.619,0.317,110.9,113.5,-2.5,0.297,0.109
1630195,Leandro Bolmaro,MIN,21.0,35,6.9,1.4,1.2,0.6,0.2,0.0,0.4,0.315,0.278,0.846,0.543,0.1,2022,0.419,0.122,102.6,102.5,0.2,0.118,0.084
1630322,Lindy Waters III,OKC,24.0,25,18.6,8.0,2.9,1.0,0.8,0.3,0.4,0.406,0.363,0.8,0.24,-1.6,2022,0.562,0.166,108.5,113.2,-4.7,0.078,0.075
1629022,Lonnie Walker IV,SAS,23.0,70,23.0,12.1,2.6,2.2,0.6,0.3,1.0,0.407,0.314,0.784,0.386,-1.1,2022,0.512,0.232,108.5,111.5,-3.0,0.137,0.053
1628366,Lonzo Ball,CHI,24.0,35,34.6,13.0,5.4,5.1,1.8,0.9,2.3,0.423,0.423,0.75,0.629,2.3,2022,0.575,0.17,110.1,107.0,3.1,0.203,0.077
101150,Lou Williams,ATL,35.0,56,14.3,6.3,1.6,1.9,0.5,0.1,0.8,0.391,0.363,0.859,0.589,0.3,2022,0.5,0.215,110.4,109.5,0.8,0.196,0.052
1629652,Luguentz Dort,OKC,23.0,51,32.7,17.2,4.2,1.7,0.9,0.4,1.7,0.404,0.332,0.843,0.333,-5.8,2022,0.541,0.228,101.9,110.1,-8.1,0.087,0.058
1629029,Luka Dončić,DAL,23.0,65,35.4,28.4,9.1,8.7,1.2,0.6,4.5,0.457,0.353,0.744,0.677,2.2,2022,0.571,0.368,113.8,110.3,3.5,0.458,0.129
1630568,Luka Garza,DET,23.0,32,12.2,5.8,3.1,0.6,0.3,0.2,0.6,0.449,0.327,0.623,0.094,-2.0,2022,0.535,0.195,104.6,110.9,-6.3,0.086,0.124
1628379,Luke Kennard,LAC,26.0,70,27.4,11.9,3.3,2.1,0.6,0.1,0.9,0.449,0.449,0.896,0.5,2.6,2022,0.619,0.16,110.0,106.6,3.4,0.111,0.057
1630201,Malachi Flynn,TOR,24.0,44,12.2,4.3,1.4,1.6,0.5,0.1,0.3,0.393,0.333,0.625,0.568,-0.6,2022,0.488,0.157,109.2,111.8,-2.6,0.185,0.053
1627763,Malcolm Brogdon,IND,29.0,36,33.5,19.1,5.1,5.9,0.8,0.4,2.1,0.448,0.312,0.856,0.389,0.0,2022,0.557,0.241,110.8,111.1,-0.4,0.271,0.074
1630792,Malcolm Hill,CHI,26.0,19,11.2,3.8,1.8,0.4,0.4,0.2,0.2,0.462,0.361,0.786,0.421,-1.6,2022,0.619,0.118,107.4,114.7,-7.3,0.05,0.084
1627736,Malik Beasley,MIN,25.0,79,25.0,12.1,2.9,1.5,0.5,0.2,0.5,0.391,0.377,0.817,0.582,1.0,2022,0.544,0.189,112.1,110.1,2.0,0.085,0.054
1628370,Malik Monk,LAL,24.0,76,28.1,13.8,3.4,2.9,0.8,0.4,1.6,0.473,0.391,0.795,0.421,0.7,2022,0.597,0.195,113.2,112.9,0.3,0.144,0.058
202694,Marcus Morris Sr.,LAC,32.0,54,29.0,15.4,4.4,2.1,0.5,0.3,1.3,0.434,0.367,0.872,0.481,-2.6,2022,0.549,0.228,109.2,114.0,-4.8,0.114,0.074
203935,Marcus Smart,BOS,28.0,71,32.3,12.1,3.8,5.9,1.7,0.3,2.2,0.418,0.331,0.793,0.662,6.2,2022,0.54,0.179,114.5,105.2,9.3,0.245,0.057
1628365,Markelle Fultz,ORL,24.0,18,20.0,10.8,2.7,5.5,1.1,0.3,2.2,0.474,0.235,0.806,0.333,-2.1,2022,0.517,0.265,103.7,109.1,-5.3,0.448,0.063
202693,Markieff Morris,MIA,32.0,17,17.5,7.6,2.6,1.4,0.4,0.1,1.2,0.474,0.333,0.889,0.588,1.1,2022,0.547,0.197,112.4,107.9,4.5,0.116,0.075
1627737,Marquese Chriss,DAL,24.0,34,10.2,4.5,3.0,0.5,0.4,0.4,0.5,0.463,0.32,0.667,0.706,-0.3,2022,0.518,0.205,105.4,107.5,-2.1,0.079,0.147
1628963,Marvin Bagley III,DET,23.0,48,23.9,11.3,7.0,0.8,0.5,0.4,0.8,0.504,0.237,0.663,0.354,-2.8,2022,0.551,0.191,109.3,114.9,-5.6,0.049,0.14
203486,Mason Plumlee,CHA,32.0,73,24.6,6.5,7.7,3.1,0.8,0.7,1.4,0.641,0.0,0.392,0.548,0.1,2022,0.603,0.117,110.5,109.6,0.9,0.165,0.148
1629680,Matisse Thybulle,PHI,25.0,66,25.5,5.7,2.3,1.1,1.7,1.1,0.6,0.5,0.313,0.791,0.652,1.3,2022,0.594,0.095,110.9,107.2,3.8,0.063,0.045
1629744,Matt Thomas,CHI,27.0,40,11.5,4.0,1.3,0.5,0.2,0.1,0.2,0.41,0.385,0.8,0.575,0.8,2022,0.564,0.137,109.5,108.5,1.1,0.059,0.053
203090,Maurice Harkless,SAC,29.0,47,18.4,4.6,2.4,0.5,0.6,0.5,0.7,0.459,0.307,0.714,0.319,-1.9,2022,0.561,0.112,106.7,110.8,-4.2,0.035,0.065
1629622,Max Strus,MIA,26.0,68,23.3,10.6,3.0,1.4,0.4,0.2,0.8,0.441,0.41,0.792,0.676,2.5,2022,0.614,0.177,113.7,108.1,5.6,0.086,0.065
1628467,Maxi Kleber,DAL,30.0,59,24.6,7.0,5.9,1.2,0.5,1.0,0.8,0.398,0.325,0.708,0.61,2.0,2022,0.537,0.131,109.2,105.3,3.9,0.067,0.116
1629008,Michael Porter Jr.,DEN,24.0,9,29.4,9.9,6.6,1.9,1.1,0.2,1.3,0.359,0.208,0.556,0.556,6.4,2022,0.416,0.192,104.5,94.7,9.8,0.085,0.108
1628969,Mikal Bridges,PHX,25.0,82,34.8,14.2,4.2,2.3,1.2,0.4,0.8,0.534,0.369,0.834,0.78,7.0,2022,0.627,0.149,116.7,106.9,9.8,0.084,0.06
201144,Mike Conley,UTA,34.0,72,28.6,13.7,3.0,5.3,1.3,0.3,1.7,0.435,0.408,0.796,0.611,4.8,2022,0.572,0.202,112.5,104.9,7.7,0.281,0.051
203488,Mike Muscala,OKC,30.0,43,13.8,8.0,3.0,0.5,0.4,0.6,0.3,0.456,0.429,0.842,0.349,0.5,2022,0.63,0.198,106.7,104.9,1.8,0.06,0.099
1628970,Miles Bridges,CHA,24.0,80,35.5,20.2,7.0,3.8,0.9,0.8,1.9,0.491,0.331,0.802,0.513,1.8,2022,0.593,0.224,114.5,112.4,2.1,0.153,0.094
1630540,Miles McBride,NYK,21.0,40,9.3,2.2,1.1,1.0,0.4,0.0,0.1,0.296,0.25,0.667,0.475,2.5,2022,0.393,0.137,113.1,100.1,13.0,0.159,0.056
1629011,Mitchell Robinson,NYK,24.0,72,25.7,8.5,8.6,0.5,0.8,1.8,0.8,0.761,0.0,0.486,0.444,-1.1,2022,0.722,0.11,109.1,111.2,-2.1,0.032,0.158
1628964,Mo Bamba,ORL,24.0,71,25.7,10.6,8.1,1.2,0.5,1.7,1.1,0.48,0.381,0.781,0.268,-5.3,2022,0.582,0.17,101.8,111.3,-9.6,0.073,0.146
1628420,Monte Morris,DEN,27.0,75,29.9,12.6,3.0,4.4,0.7,0.2,1.0,0.484,0.395,0.869,0.587,3.8,2022,0.583,0.173,116.3,110.4,6.0,0.201,0.052
1626149,Montrezl Harrell,CHA,28.0,71,23.1,13.1,6.1,2.0,0.4,0.6,1.0,0.645,0.235,0.716,0.507,1.2,2022,0.68,0.198,111.6,108.5,3.0,0.139,0.129
1629021,Moritz Wagner,ORL,25.0,63,15.2,9.0,3.7,1.4,0.3,0.2,0.9,0.497,0.328,0.806,0.254,-2.4,2022,0.623,0.224,105.3,112.6,-7.2,0.151,0.115
1629650,Moses Brown,CLE,22.0,40,8.6,4.3,3.4,0.0,0.2,0.4,0.5,0.593,0.0,0.597,0.475,-1.2,2022,0.612,0.199,102.4,108.5,-6.2,0.005,0.186
1630541,Moses Moody,GSW,20.0,52,11.7,4.4,1.5,0.4,0.1,0.2,0.3,0.437,0.364,0.778,0.673,-0.8,2022,0.573,0.148,104.8,108.9,-4.0,0.056,0.064
1628539,Mychal Mulder,MIA,28.0,17,14.1,4.1,1.4,0.3,0.2,0.1,0.5,0.312,0.315,1.0,0.176,-3.2,2022,0.438,0.153,100.6,110.8,-10.3,0.031,0.045
1626167,Myles Turner,IND,26.0,42,29.4,12.9,7.1,1.0,0.7,2.8,1.3,0.509,0.333,0.752,0.357,-0.3,2022,0.615,0.173,109.7,109.9,-0.3,0.053,0.12
1630230,Naji Marshall,NOP,24.0,55,13.4,5.7,2.6,1.1,0.6,0.1,0.8,0.405,0.2,0.796,0.418,-0.9,2022,0.505,0.197,105.7,108.0,-2.2,0.126,0.092
1629642,Nassir Little,POR,22.0,42,25.9,9.8,5.6,1.3,0.6,0.9,1.0,0.46,0.331,0.734,0.452,-0.5,2022,0.575,0.155,110.2,111.1,-0.9,0.074,0.105
1630233,Nathan Knight,MIN,24.0,37,7.2,3.7,2.3,0.6,0.2,0.2,0.5,0.511,0.308,0.733,0.595,0.6,2022,0.603,0.203,105.5,101.9,3.6,0.126,0.145
1629675,Naz Reid,MIN,22.0,77,15.8,8.3,3.9,0.9,0.5,0.9,1.1,0.489,0.343,0.765,0.545,-1.2,2022,0.588,0.209,105.5,107.9,-2.4,0.091,0.115
202357,Nemanja Bjelica,GSW,34.0,71,16.1,6.1,4.1,2.2,0.6,0.4,1.2,0.468,0.362,0.728,0.676,1.8,2022,0.573,0.175,109.2,104.0,5.2,0.204,0.124
203457,Nerlens Noel,NYK,28.0,25,22.5,3.4,5.6,0.9,1.2,1.2,0.8,0.533,0.0,0.7,0.4,-2.7,2022,0.581,0.072,104.1,109.8,-5.7,0.06,0.123
1629651,Nic Claxton,BKN,23.0,47,20.7,8.7,5.6,0.9,0.5,1.1,0.8,0.674,0.0,0.581,0.511,-0.6,2022,0.672,0.15,109.4,109.8,-0.4,0.066,0.13
1630208,Nick Richards,CHA,24.0,50,7.3,3.0,1.7,0.3,0.2,0.4,0.5,0.667,0.0,0.698,0.5,-2.2,2022,0.689,0.147,102.4,115.4,-13.0,0.054,0.111
1629638,Nickeil Alexander-Walker,UTA,23.0,65,22.6,10.6,2.9,2.4,0.7,0.4,1.4,0.372,0.311,0.743,0.446,-1.7,2022,0.475,0.237,107.6,110.7,-3.1,0.166,0.062
201587,Nicolas Batum,LAC,33.0,59,24.8,8.3,4.3,1.7,1.0,0.7,0.7,0.463,0.4,0.658,0.525,-2.2,2022,0.608,0.13,105.4,109.8,-4.4,0.099,0.082
203999,Nikola Jokić,DEN,27.0,74,33.5,27.1,13.8,7.9,1.5,0.9,3.8,0.583,0.337,0.81,0.622,6.0,2022,0.661,0.309,117.3,108.9,8.4,0.388,0.209
202696,Nikola Vučević,CHI,31.0,73,33.1,17.6,11.0,3.2,1.0,1.0,1.9,0.473,0.314,0.76,0.562,-0.7,2022,0.533,0.244,111.3,112.8,-1.6,0.153,0.168
1626181,Norman Powell,LAC,29.0,45,32.4,19.0,3.2,2.1,0.9,0.5,1.5,0.461,0.419,0.811,0.333,-4.9,2022,0.603,0.231,110.6,118.7,-8.1,0.106,0.05
1628384,OG Anunoby,TOR,24.0,48,36.0,17.1,5.5,2.6,1.5,0.5,1.7,0.443,0.363,0.754,0.646,2.8,2022,0.549,0.204,112.0,108.1,3.9,0.108,0.076
1630167,Obi Toppin,NYK,24.0,72,17.1,9.0,3.7,1.1,0.3,0.5,0.8,0.531,0.308,0.758,0.444,2.3,2022,0.614,0.205,110.9,104.0,6.9,0.105,0.107
1630846,Olivier Sarr,OKC,23.0,22,19.1,7.0,4.2,0.9,0.3,0.7,1.0,0.574,0.448,0.828,0.273,-1.3,2022,0.672,0.136,106.0,108.0,-2.0,0.066,0.106
1630209,Omer Yurtseven,MIA,24.0,56,12.6,5.3,5.3,0.9,0.3,0.4,0.7,0.526,0.091,0.623,0.696,1.1,2022,0.546,0.19,113.3,108.0,5.3,0.105,0.207
1630168,Onyeka Okongwu,ATL,21.0,48,20.7,8.2,5.9,1.1,0.6,1.3,0.9,0.69,0.0,0.727,0.542,2.3,2022,0.714,0.137,114.6,109.1,5.5,0.078,0.141
1629052,Oshae Brissett,IND,24.0,67,23.3,9.1,5.3,1.1,0.7,0.4,0.8,0.411,0.35,0.695,0.284,-3.3,2022,0.53,0.166,110.8,116.8,-6.0,0.064,0.113
203490,Otto Porter Jr.,GSW,29.0,63,22.2,8.2,5.7,1.5,1.1,0.5,0.6,0.464,0.37,0.803,0.651,3.7,2022,0.581,0.145,110.2,103.3,6.8,0.097,0.125
200782,P.J. Tucker,MIA,37.0,71,27.9,7.6,5.5,2.1,0.8,0.2,0.9,0.484,0.415,0.738,0.634,3.2,2022,0.593,0.116,113.2,107.1,6.2,0.107,0.099
1629023,P.J. Washington,CHA,23.0,65,27.2,10.3,5.2,2.3,0.9,0.9,1.3,0.47,0.365,0.716,0.508,2.2,2022,0.588,0.154,115.0,111.5,3.5,0.112,0.092
1628408,PJ Dozier,DEN,25.0,18,18.9,5.4,3.5,1.6,0.6,0.3,0.7,0.364,0.313,0.769,0.5,-5.0,2022,0.463,0.147,96.6,109.5,-12.9,0.135,0.089
1627783,Pascal Siakam,TOR,28.0,68,37.9,22.8,8.5,5.3,1.3,0.6,2.7,0.494,0.344,0.749,0.588,3.8,2022,0.565,0.257,114.3,109.6,4.8,0.224,0.111
1626192,Pat Connaughton,MIL,29.0,65,26.0,9.9,4.2,1.3,0.9,0.2,0.5,0.458,0.395,0.833,0.631,-0.4,2022,0.62,0.137,111.3,112.1,-0.7,0.067,0.077
201976,Patrick Beverley,MIN,33.0,58,25.4,9.2,4.1,4.6,1.2,0.9,1.3,0.406,0.343,0.722,0.569,1.9,2022,0.539,0.158,113.6,109.8,3.7,0.249,0.077
1630172,Patrick Williams,CHI,20.0,17,24.8,9.0,4.1,0.9,0.5,0.5,0.9,0.529,0.517,0.732,0.529,-3.3,2022,0.637,0.139,107.8,113.3,-5.5,0.051,0.084
201988,Patty Mills,BKN,33.0,81,29.0,11.4,1.9,2.3,0.6,0.2,0.9,0.408,0.4,0.814,0.543,1.4,2022,0.563,0.16,112.3,110.7,1.5,0.106,0.032
202331,Paul George,LAC,32.0,31,34.8,24.3,6.9,5.7,2.2,0.4,4.1,0.421,0.354,0.858,0.581,3.0,2022,0.538,0.329,108.2,103.9,4.2,0.286,0.094
200794,Paul Millsap,PHI,37.0,33,11.4,3.5,3.5,0.9,0.3,0.4,0.6,0.391,0.229,0.708,0.667,-0.7,2022,0.458,0.158,106.9,110.4,-3.5,0.121,0.137
1630194,Paul Reed,PHI,23.0,38,8.0,3.1,2.4,0.4,0.9,0.4,0.3,0.563,0.25,0.429,0.553,-1.1,2022,0.568,0.151,107.7,113.9,-6.2,0.081,0.15
1630202,Payton Pritchard,BOS,24.0,71,14.1,6.2,1.9,2.0,0.4,0.1,0.6,0.429,0.412,1.0,0.648,0.9,2022,0.578,0.18,109.4,107.2,2.2,0.222,0.063
1630173,Precious Achiuwa,TOR,22.0,73,23.6,9.1,6.5,1.1,0.5,0.6,1.2,0.439,0.359,0.595,0.63,1.0,2022,0.503,0.18,108.7,106.7,1.9,0.072,0.128
1629656,Quentin Grimes,NYK,22.0,46,17.1,6.0,2.0,1.0,0.7,0.2,0.6,0.404,0.381,0.684,0.457,-1.2,2022,0.565,0.149,102.0,105.0,-3.0,0.095,0.056
1630181,R.J. Hampton,ORL,21.0,64,21.9,7.6,3.0,2.5,0.7,0.2,1.4,0.383,0.35,0.641,0.234,-6.5,2022,0.481,0.18,99.1,113.5,-14.5,0.179,0.065
1629628,RJ Barrett,NYK,22.0,70,34.5,20.0,5.8,3.0,0.6,0.2,2.2,0.408,0.342,0.714,0.471,-2.1,2022,0.511,0.268,108.3,111.6,-3.3,0.146,0.079
200765,Rajon Rondo,CLE,36.0,39,17.9,4.8,2.8,4.4,0.8,0.2,1.7,0.386,0.352,0.731,0.41,-2.8,2022,0.496,0.152,98.9,106.8,-7.8,0.366,0.07
203526,Raul Neto,WAS,30.0,70,19.6,7.5,1.9,3.1,0.8,0.0,1.1,0.463,0.292,0.769,0.414,-1.2,2022,0.538,0.18,109.6,112.9,-3.3,0.228,0.05
203493,Reggie Bullock Jr.,DAL,31.0,68,28.0,8.6,3.5,1.2,0.6,0.2,0.6,0.401,0.36,0.833,0.647,4.0,2022,0.558,0.128,113.3,106.7,6.6,0.06,0.063
202704,Reggie Jackson,LAC,32.0,75,31.2,16.8,3.6,4.8,0.7,0.2,2.3,0.392,0.326,0.847,0.507,-0.9,2022,0.488,0.273,108.2,109.4,-1.3,0.245,0.055
1626158,Richaun Holmes,SAC,28.0,45,23.9,10.4,7.0,1.1,0.4,0.9,1.2,0.66,0.4,0.778,0.356,-3.0,2022,0.689,0.153,107.2,113.0,-5.8,0.068,0.14
201937,Ricky Rubio,IND,31.0,34,28.5,13.1,4.1,6.6,1.4,0.2,2.6,0.363,0.339,0.854,0.588,5.4,2022,0.488,0.234,108.6,99.5,9.1,0.348,0.069
203496,Robert Covington,LAC,31.0,71,27.3,8.5,5.5,1.3,1.5,1.3,1.1,0.42,0.378,0.841,0.479,0.5,2022,0.572,0.134,110.9,110.2,0.6,0.066,0.098
1629057,Robert Williams III,BOS,24.0,61,29.6,10.0,9.6,2.0,0.9,2.2,1.0,0.736,0.0,0.722,0.656,6.1,2022,0.745,0.112,113.4,103.4,10.0,0.095,0.155
201577,Robin Lopez,ORL,34.0,36,17.0,7.1,3.5,1.5,0.1,0.5,1.2,0.553,0.333,0.593,0.25,-1.8,2022,0.57,0.182,103.3,109.7,-6.4,0.142,0.094
203918,Rodney Hood,LAC,29.0,52,13.6,3.1,1.5,0.7,0.3,0.1,0.2,0.369,0.33,0.895,0.577,0.2,2022,0.493,0.106,108.8,107.9,0.8,0.074,0.052
203585,Rodney McGruder,DET,30.0,51,14.8,5.4,2.2,0.9,0.4,0.1,0.5,0.436,0.397,0.731,0.255,-1.1,2022,0.577,0.142,105.0,108.7,-3.7,0.094,0.069
1629641,Romeo Langford,SAS,22.0,48,16.1,4.5,2.3,0.4,0.5,0.3,0.3,0.435,0.341,0.548,0.5,0.1,2022,0.52,0.123,104.0,103.1,1.0,0.04,0.063
1626220,Royce O'Neale,UTA,29.0,77,31.2,7.4,4.8,2.5,1.1,0.4,1.0,0.457,0.389,0.804,0.597,3.0,2022,0.608,0.098,115.8,110.5,5.3,0.104,0.075
200752,Rudy Gay,UTA,35.0,55,18.9,8.1,4.4,1.0,0.5,0.3,0.9,0.414,0.345,0.785,0.618,3.3,2022,0.539,0.185,113.6,104.9,8.7,0.078,0.109
203497,Rudy Gobert,UTA,30.0,66,32.1,15.6,14.7,1.1,0.7,2.1,1.8,0.713,0.0,0.69,0.636,6.3,2022,0.732,0.166,114.1,104.5,9.6,0.052,0.217
1629060,Rui Hachimura,WAS,24.0,42,22.5,11.3,3.8,1.1,0.5,0.2,0.8,0.491,0.447,0.697,0.381,-3.0,2022,0.579,0.205,108.7,115.8,-7.1,0.08,0.086
201566,Russell Westbrook,LAL,33.0,78,34.3,18.5,7.4,7.1,1.0,0.3,3.8,0.444,0.298,0.667,0.397,-2.7,2022,0.512,0.264,107.5,111.5,-4.0,0.311,0.103
1630240,Saben Lee,DET,23.0,37,16.3,5.6,2.4,2.9,1.0,0.3,1.0,0.39,0.233,0.789,0.216,-2.2,2022,0.499,0.169,105.1,110.8,-5.7,0.274,0.067
1630180,Saddiq Bey,DET,23.0,82,33.0,16.1,5.4,2.8,0.9,0.2,1.2,0.396,0.346,0.827,0.28,-6.1,2022,0.529,0.209,104.7,114.0,-9.3,0.138,0.078
1630572,Sandro Mamukelashvili,MIL,23.0,41,9.9,3.8,2.0,0.5,0.2,0.2,0.4,0.496,0.423,0.818,0.537,-3.5,2022,0.618,0.142,99.6,117.3,-17.6,0.084,0.097
1630583,Santi Aldama,MEM,21.0,32,11.2,4.1,2.7,0.7,0.2,0.3,0.5,0.402,0.125,0.625,0.625,0.5,2022,0.452,0.174,105.9,104.6,1.3,0.08,0.11
1630567,Scottie Barnes,TOR,20.0,74,35.4,15.3,7.5,3.5,1.1,0.7,1.8,0.492,0.301,0.735,0.581,0.9,2022,0.552,0.187,110.2,108.4,1.8,0.15,0.102
1628400,Semi Ojeleye,LAC,27.0,30,13.5,3.3,2.5,0.3,0.2,0.2,0.3,0.303,0.3,0.793,0.467,-4.8,2022,0.438,0.126,97.8,114.4,-16.6,0.033,0.083
201586,Serge Ibaka,MIL,32.0,54,16.3,6.8,4.6,0.9,0.2,0.6,0.8,0.5,0.374,0.727,0.556,-1.0,2022,0.579,0.172,106.0,108.9,-3.0,0.084,0.135
203552,Seth Curry,BKN,31.0,64,33.3,15.0,3.1,3.6,0.8,0.2,1.7,0.487,0.422,0.872,0.594,3.0,2022,0.615,0.182,113.7,109.2,4.5,0.162,0.047
1628983,Shai Gilgeous-Alexander,OKC,23.0,56,34.7,24.5,5.0,5.9,1.3,0.8,2.8,0.453,0.3,0.81,0.286,-4.7,2022,0.557,0.298,106.6,113.0,-6.4,0.293,0.065
1629003,Shake Milton,PHI,25.0,55,21.4,8.2,2.6,2.5,0.5,0.3,0.8,0.429,0.323,0.836,0.618,-0.5,2022,0.517,0.174,108.6,109.6,-1.0,0.178,0.059
1630219,Skylar Mays,ATL,24.0,28,7.9,2.9,0.9,0.6,0.3,0.0,0.4,0.5,0.32,0.889,0.607,-1.9,2022,0.589,0.149,104.6,117.5,-12.9,0.12,0.056
203915,Spencer Dinwiddie,DAL,29.0,67,29.6,13.7,4.2,5.2,0.7,0.2,1.6,0.416,0.339,0.774,0.567,-0.7,2022,0.543,0.208,108.4,109.4,-1.0,0.27,0.068
1626169,Stanley Johnson,LAL,26.0,48,22.8,6.7,3.2,1.7,0.9,0.3,0.7,0.466,0.314,0.716,0.333,-1.0,2022,0.564,0.125,114.0,115.2,-1.1,0.094,0.071
201939,Stephen Curry,GSW,34.0,64,34.5,25.5,5.2,6.3,1.3,0.4,3.2,0.437,0.38,0.923,0.703,8.0,2022,0.601,0.293,114.1,103.4,10.7,0.286,0.073
1628425,Sterling Brown,DAL,27.0,49,12.8,3.3,3.0,0.7,0.3,0.1,0.5,0.381,0.304,0.933,0.633,0.7,2022,0.495,0.124,105.4,103.1,2.3,0.078,0.113
203500,Steven Adams,MEM,28.0,76,26.3,6.9,10.0,3.4,0.9,0.8,1.5,0.547,0.0,0.543,0.671,4.6,2022,0.56,0.118,117.8,109.5,8.3,0.155,0.178
1629004,Svi Mykhailiuk,TOR,25.0,56,12.8,4.6,1.6,0.8,0.5,0.1,0.6,0.389,0.306,0.865,0.518,-1.4,2022,0.509,0.161,103.6,109.5,-5.9,0.094,0.06
204456,T.J. McConnell,IND,30.0,27,24.2,8.5,3.3,4.9,1.1,0.4,1.1,0.481,0.303,0.826,0.333,-2.7,2022,0.525,0.157,106.8,112.3,-5.5,0.287,0.069
201959,Taj Gibson,NYK,37.0,52,18.2,4.4,4.4,0.6,0.4,0.8,0.5,0.518,0.395,0.808,0.462,0.8,2022,0.606,0.099,107.4,104.2,3.3,0.05,0.114
1629659,Talen Horton-Tucker,LAL,21.0,60,25.2,10.0,3.2,2.7,1.0,0.5,1.4,0.416,0.269,0.8,0.383,-1.5,2022,0.503,0.189,107.9,110.1,-2.2,0.153,0.061
1627752,Taurean Prince,MIN,28.0,69,17.1,7.3,2.5,1.0,0.7,0.3,0.8,0.454,0.376,0.756,0.58,-0.1,2022,0.589,0.166,111.6,110.9,0.7,0.08,0.07
1629611,Terance Mann,LAC,25.0,81,28.6,10.8,5.2,2.6,0.7,0.3,1.0,0.484,0.365,0.78,0.506,0.8,2022,0.572,0.157,108.6,107.1,1.5,0.131,0.086
1629056,Terence Davis,SAC,25.0,30,17.9,10.4,3.1,1.3,0.8,0.4,1.1,0.423,0.329,0.818,0.367,2.0,2022,0.543,0.244,113.4,109.0,4.4,0.107,0.08
203082,Terrence Ross,ORL,31.0,63,23.0,10.0,2.6,1.8,0.4,0.2,1.2,0.397,0.292,0.862,0.222,-5.5,2022,0.515,0.196,101.9,113.8,-11.9,0.127,0.052
1626179,Terry Rozier,CHA,28.0,73,33.7,19.3,4.3,4.5,1.3,0.3,1.3,0.444,0.374,0.852,0.521,1.0,2022,0.566,0.227,113.3,112.0,1.4,0.197,0.061
1630678,Terry Taylor,IND,22.0,33,21.6,9.6,5.2,1.2,0.4,0.2,0.7,0.614,0.316,0.706,0.212,-3.5,2022,0.656,0.151,112.2,119.1,-6.9,0.081,0.123
201152,Thaddeus Young,TOR,34.0,52,16.3,6.2,4.0,2.0,1.0,0.3,1.0,0.518,0.354,0.469,0.519,0.4,2022,0.548,0.169,106.1,106.3,-0.2,0.177,0.119
203648,Thanasis Antetokounmpo,MIL,29.0,48,9.9,3.6,2.1,0.5,0.3,0.3,0.5,0.547,0.143,0.63,0.542,-2.4,2022,0.577,0.155,104.3,114.4,-10.1,0.071,0.106
1630177,Theo Maledon,OKC,21.0,51,17.8,7.1,2.6,2.2,0.6,0.2,1.3,0.375,0.293,0.79,0.275,-3.9,2022,0.5,0.201,101.8,112.3,-10.5,0.188,0.068
1628418,Thomas Bryant,WAS,24.0,27,16.3,7.4,4.0,0.9,0.2,0.8,0.7,0.52,0.286,0.875,0.296,-2.8,2022,0.607,0.188,103.7,112.8,-9.1,0.083,0.124
204025,Tim Frazier,CLE,31.0,12,17.3,3.3,1.6,2.8,0.3,0.1,1.3,0.311,0.353,0.556,0.083,-6.7,2022,0.398,0.137,92.7,110.2,-17.5,0.254,0.045
203501,Tim Hardaway Jr.,DAL,30.0,42,29.6,14.2,3.7,2.2,0.9,0.1,0.8,0.394,0.336,0.757,0.571,0.9,2022,0.52,0.214,108.9,107.7,1.3,0.115,0.061
1627789,Timothe Luwawu-Cabarrot,ATL,27.0,52,13.2,4.4,1.6,0.8,0.3,0.1,0.4,0.398,0.361,0.854,0.577,-1.0,2022,0.556,0.135,109.7,113.2,-3.5,0.08,0.058
202699,Tobias Harris,PHI,29.0,73,34.8,17.2,6.8,3.5,0.6,0.6,1.6,0.482,0.367,0.842,0.616,2.3,2022,0.566,0.214,113.2,110.0,3.2,0.158,0.099
203107,Tomas Satoransky,WAS,30.0,55,16.5,3.6,2.3,3.3,0.5,0.1,0.8,0.377,0.208,0.796,0.382,-3.0,2022,0.461,0.124,104.4,112.4,-8.0,0.285,0.069
1628396,Tony Bradley,CHI,24.0,55,10.0,3.0,3.4,0.5,0.2,0.6,0.6,0.585,0.0,0.655,0.509,1.3,2022,0.6,0.128,110.2,105.0,5.2,0.065,0.161
203503,Tony Snell,NOP,30.0,53,15.5,3.5,1.9,0.5,0.3,0.2,0.4,0.404,0.352,1.0,0.358,-2.2,2022,0.541,0.099,104.8,112.6,-7.8,0.047,0.061
1628470,Torrey Craig,PHX,31.0,78,20.5,6.6,4.0,1.2,0.6,0.5,0.9,0.454,0.329,0.75,0.462,-2.4,2022,0.556,0.139,106.8,111.8,-5.0,0.082,0.093
1629027,Trae Young,ATL,23.0,76,34.9,28.4,3.7,9.7,0.9,0.1,4.0,0.46,0.382,0.904,0.526,2.1,2022,0.603,0.333,117.2,114.9,2.3,0.442,0.053
1630200,Tre Jones,SAS,22.0,69,16.6,6.0,2.2,3.4,0.6,0.1,0.7,0.49,0.196,0.78,0.464,-0.2,2022,0.545,0.151,108.8,109.3,-0.5,0.28,0.064
1630544,Tre Mann,OKC,21.0,60,22.8,10.4,2.9,1.5,0.8,0.2,1.2,0.393,0.36,0.793,0.283,-4.6,2022,0.501,0.213,101.7,112.0,-10.3,0.108,0.058
1630570,Trendon Watford,POR,21.0,48,18.1,7.6,4.1,1.7,0.5,0.6,0.9,0.532,0.237,0.755,0.333,-7.3,2022,0.59,0.169,100.5,118.4,-17.9,0.152,0.109
1630235,Trent Forrest,UTA,24.0,60,12.8,3.3,1.7,1.8,0.5,0.1,0.8,0.49,0.185,0.792,0.6,1.3,2022,0.554,0.124,113.0,108.5,4.5,0.188,0.064
2772,Trevor Ariza,LAL,37.0,24,19.3,4.0,3.4,1.1,0.5,0.3,0.5,0.333,0.27,0.556,0.333,-2.3,2022,0.449,0.11,106.9,112.2,-5.3,0.079,0.084
203504,Trey Burke,DAL,29.0,42,10.5,5.1,0.8,1.4,0.3,0.0,0.6,0.391,0.317,0.87,0.571,-0.2,2022,0.475,0.25,103.6,104.2,-0.5,0.219,0.037
1626168,Trey Lyles,SAC,26.0,75,20.5,10.5,5.1,1.2,0.4,0.4,1.0,0.466,0.321,0.802,0.253,-3.0,2022,0.588,0.205,106.4,113.6,-7.2,0.09,0.121
1630530,Trey Murphy III,NOP,22.0,62,13.9,5.4,2.4,0.6,0.4,0.1,0.3,0.394,0.382,0.882,0.5,0.0,2022,0.558,0.147,108.1,107.8,0.3,0.065,0.083
202684,Tristan Thompson,CHI,31.0,57,15.7,6.0,5.1,0.6,0.4,0.4,0.8,0.528,0.333,0.526,0.351,-1.1,2022,0.541,0.168,112.1,115.7,-3.6,0.054,0.159
1628972,Troy Brown Jr.,CHI,22.0,66,16.0,4.3,3.1,1.0,0.5,0.1,0.4,0.419,0.353,0.769,0.561,-0.7,2022,0.525,0.118,109.3,111.7,-2.3,0.082,0.098
1629660,Ty Jerome,OKC,24.0,48,16.7,7.1,1.6,2.3,0.6,0.1,0.8,0.378,0.29,0.809,0.313,-0.1,2022,0.488,0.205,98.9,100.4,-1.5,0.229,0.045
1629076,Tyler Cook,CHI,24.0,20,10.0,3.4,2.7,0.2,0.2,0.2,0.4,0.605,0.0,0.656,0.65,-1.4,2022,0.643,0.127,107.1,114.6,-7.5,0.021,0.138
1629639,Tyler Herro,MIA,22.0,66,32.6,20.7,5.0,4.0,0.7,0.1,2.6,0.447,0.399,0.868,0.667,3.6,2022,0.561,0.278,113.4,108.1,5.3,0.205,0.076
1630169,Tyrese Haliburton,IND,22.0,77,35.0,15.3,4.0,8.2,1.7,0.6,2.6,0.473,0.414,0.842,0.338,-4.2,2022,0.595,0.184,110.0,115.9,-6.0,0.335,0.056
1630178,Tyrese Maxey,PHI,21.0,75,35.3,17.5,3.2,4.3,0.7,0.4,1.2,0.485,0.427,0.866,0.6,2.6,2022,0.594,0.199,113.3,109.7,3.6,0.191,0.046
1626145,Tyus Jones,MEM,26.0,73,21.2,8.7,2.4,4.4,0.9,0.0,0.6,0.451,0.39,0.818,0.699,3.5,2022,0.544,0.164,113.0,105.5,7.6,0.285,0.052
1630586,Usman Garuba,HOU,20.0,24,10.0,2.0,3.5,0.7,0.4,0.5,0.3,0.432,0.25,0.714,0.083,1.4,2022,0.51,0.091,118.6,111.5,7.0,0.084,0.17
1630249,Vít Krejčí,OKC,22.0,30,23.0,6.2,3.4,1.9,0.6,0.3,1.0,0.407,0.327,0.864,0.267,-6.0,2022,0.529,0.125,103.3,116.1,-12.8,0.117,0.07
201961,Wayne Ellington,LAL,34.0,43,18.8,6.7,1.8,0.7,0.5,0.1,0.4,0.414,0.389,0.818,0.349,-1.4,2022,0.593,0.135,107.5,111.3,-3.8,0.055,0.046
1628976,Wendell Carter Jr.,ORL,23.0,62,29.9,15.0,10.5,2.8,0.6,0.7,1.9,0.525,0.327,0.691,0.258,-2.2,2022,0.601,0.206,105.1,108.8,-3.7,0.15,0.168
1629117,Wenyen Gabriel,LAL,25.0,26,13.8,5.4,3.7,0.5,0.2,0.4,0.6,0.491,0.286,0.595,0.308,1.7,2022,0.549,0.165,118.1,111.4,6.7,0.053,0.128
202083,Wesley Matthews,MIL,35.0,49,20.5,5.1,1.9,0.7,0.5,0.2,0.4,0.395,0.338,0.786,0.673,2.8,2022,0.536,0.104,114.4,107.7,6.7,0.047,0.043
203115,Will Barton,DEN,31.0,71,32.1,14.7,4.8,3.9,0.8,0.4,1.8,0.438,0.365,0.803,0.577,1.4,2022,0.548,0.205,112.5,110.4,2.0,0.171,0.075
1626195,Willy Hernangomez,NOP,28.0,50,16.8,9.1,6.8,1.3,0.4,0.4,1.0,0.52,0.333,0.773,0.44,-0.9,2022,0.582,0.211,112.5,114.2,-1.6,0.113,0.194
1630214,Xavier Tillman,MEM,23.0,53,13.2,4.8,3.0,1.2,0.9,0.3,0.6,0.454,0.204,0.648,0.66,-0.5,2022,0.51,0.164,105.0,106.4,-1.4,0.127,0.109
1629139,Yuta Watanabe,TOR,27.0,38,11.7,4.3,2.4,0.6,0.3,0.4,0.5,0.406,0.342,0.6,0.553,-1.4,2022,0.524,0.161,105.7,109.6,-3.9,0.067,0.093
1628380,Zach Collins,SAS,24.0,28,17.9,7.8,5.5,2.2,0.5,0.8,1.6,0.49,0.341,0.8,0.5,1.4,2022,0.594,0.184,110.9,107.8,3.1,0.17,0.141
203897,Zach LaVine,CHI,27.0,67,34.7,24.4,4.6,4.5,0.6,0.3,2.6,0.476,0.389,0.853,0.552,-0.4,2022,0.605,0.284,112.5,113.4,-0.9,0.207,0.067
1630192,Zeke Nnaji,DEN,21.0,41,17.0,6.6,3.6,0.4,0.4,0.3,0.6,0.516,0.463,0.631,0.585,-1.1,2022,0.629,0.146,107.2,110.4,-3.2,0.037,0.107
1630533,Ziaire Williams,MEM,20.0,62,21.7,8.1,2.1,1.0,0.6,0.2,0.7,0.45,0.314,0.782,0.661,2.0,2022,0.559,0.144,112.9,108.8,4.2,0.062,0.044
1631260,AJ Green,MIL,23.0,35,9.9,4.4,1.3,0.6,0.2,0.0,0.3,0.424,0.419,1.0,0.771,-0.7,2023,0.607,0.159,107.9,112.8,-4.9,0.092,0.061
1631100,AJ Griffin,ATL,19.0,72,19.5,8.9,2.1,1.0,0.6,0.2,0.6,0.465,0.39,0.894,0.472,0.9,2023,0.577,0.174,113.6,112.0,1.5,0.07,0.053
203932,Aaron Gordon,DEN,27.0,68,30.2,16.3,6.6,3.0,0.8,0.8,1.4,0.564,0.347,0.608,0.662,7.6,2023,0.617,0.206,123.0,110.9,12.1,0.129,0.112
1628988,Aaron Holiday,ATL,26.0,63,13.4,3.9,1.2,1.4,0.6,0.2,0.6,0.418,0.409,0.844,0.508,0.3,2023,0.528,0.129,110.8,110.0,0.9,0.135,0.043
1630174,Aaron Nesmith,IND,23.0,73,24.9,10.1,3.8,1.3,0.8,0.5,1.0,0.427,0.366,0.838,0.411,-2.9,2023,0.566,0.168,113.8,118.5,-4.7,0.073,0.076
1630598,Aaron Wiggins,OKC,24.0,70,18.5,6.8,3.0,1.1,0.6,0.2,0.8,0.512,0.393,0.831,0.529,0.1,2023,0.607,0.143,112.7,111.2,1.5,0.084,0.079
1629678,Admiral Schofield,ORL,26.0,37,12.2,4.2,1.7,0.8,0.2,0.1,0.4,0.451,0.324,0.913,0.378,-2.1,2023,0.587,0.139,104.7,113.0,-8.3,0.103,0.068
201143,Al Horford,BOS,37.0,63,30.5,9.8,6.2,3.0,0.5,1.0,0.6,0.476,0.446,0.714,0.698,4.9,2023,0.631,0.119,118.9,111.1,7.8,0.128,0.101
202692,Alec Burks,DET,31.0,51,22.0,12.8,3.1,2.2,0.7,0.2,1.1,0.436,0.414,0.814,0.235,-0.1,2023,0.602,0.218,112.9,113.9,-1.0,0.15,0.069
1630197,Aleksej Pokusevski,OKC,21.0,34,20.6,8.1,4.7,1.9,0.6,1.3,1.3,0.434,0.365,0.629,0.471,-5.8,2023,0.522,0.179,105.6,118.3,-12.7,0.13,0.106
1627936,Alex Caruso,CHI,29.0,67,23.5,5.6,2.9,2.9,1.5,0.7,1.1,0.455,0.364,0.808,0.493,3.0,2023,0.588,0.109,112.6,106.5,6.1,0.155,0.065
1630578,Alperen Sengun,HOU,20.0,75,28.9,14.8,9.0,3.9,0.9,0.9,2.6,0.553,0.333,0.715,0.24,-3.8,2023,0.599,0.211,112.5,120.3,-7.8,0.199,0.154
1629599,Amir Coffey,LAC,26.0,50,12.5,3.4,1.1,1.1,0.1,0.1,0.4,0.386,0.275,0.778,0.52,-2.3,2023,0.498,0.128,104.2,113.1,-8.9,0.119,0.04
203083,Andre Drummond,CHI,29.0,67,12.7,6.0,6.6,0.5,0.7,0.4,1.1,0.606,0.0,0.536,0.478,0.4,2023,0.606,0.196,108.7,106.0,2.6,0.057,0.256
1629614,Andrew Nembhard,IND,23.0,75,27.6,9.5,2.7,4.5,0.9,0.2,1.7,0.441,0.35,0.79,0.427,-3.5,2023,0.528,0.159,112.3,118.2,-5.9,0.222,0.047
203952,Andrew Wiggins,GSW,28.0,37,32.2,17.1,5.0,2.3,1.2,0.8,1.3,0.473,0.396,0.611,0.514,3.2,2023,0.564,0.212,116.2,110.9,5.2,0.1,0.076
1629014,Anfernee Simons,POR,24.0,62,35.0,21.1,2.6,4.1,0.7,0.2,2.1,0.447,0.377,0.894,0.435,-1.2,2023,0.581,0.247,114.1,115.7,-1.6,0.186,0.038
203076,Anthony Davis,LAL,30.0,56,34.0,25.9,12.5,2.6,1.1,2.0,2.2,0.563,0.257,0.784,0.554,3.7,2023,0.627,0.277,114.3,109.5,4.8,0.128,0.177
1630162,Anthony Edwards,MIN,21.0,79,36.0,24.6,5.8,4.4,1.6,0.7,3.3,0.459,0.369,0.756,0.506,1.2,2023,0.564,0.292,113.8,111.9,1.9,0.192,0.079
1630264,Anthony Gill,WAS,30.0,59,10.6,3.3,1.7,0.6,0.1,0.2,0.3,0.538,0.138,0.731,0.356,-0.2,2023,0.604,0.116,109.5,110.4,-0.8,0.074,0.079
1630237,Anthony Lamb,GSW,25.0,62,19.3,6.7,3.5,1.5,0.5,0.3,0.9,0.471,0.367,0.767,0.581,0.5,2023,0.61,0.136,112.5,110.8,1.7,0.111,0.089
1630559,Austin Reaves,LAL,25.0,64,28.8,13.0,3.0,3.4,0.5,0.3,1.5,0.529,0.398,0.864,0.547,3.3,2023,0.687,0.154,115.4,110.5,4.9,0.155,0.051
203085,Austin Rivers,MIN,30.0,52,19.5,4.9,1.6,1.4,0.5,0.1,0.4,0.435,0.35,0.769,0.481,-2.7,2023,0.564,0.104,109.8,114.8,-4.9,0.095,0.042
1630245,Ayo Dosunmu,CHI,23.0,80,26.2,8.6,2.8,2.6,0.8,0.3,1.2,0.493,0.312,0.805,0.5,-1.0,2023,0.567,0.145,108.8,110.1,-1.3,0.135,0.052
1628389,Bam Adebayo,MIA,25.0,75,34.6,20.4,9.2,3.2,1.2,0.8,2.5,0.54,0.083,0.806,0.533,1.6,2023,0.592,0.251,113.0,111.2,1.8,0.154,0.139
1627732,Ben Simmons,BKN,26.0,42,26.3,6.9,6.3,6.1,1.3,0.6,2.3,0.566,0.0,0.439,0.571,1.0,2023,0.559,0.142,114.7,112.5,2.1,0.295,0.12
1631097,Bennedict Mathurin,IND,21.0,78,28.5,16.7,4.1,1.5,0.6,0.2,1.9,0.434,0.323,0.828,0.423,-2.3,2023,0.566,0.235,111.5,115.8,-4.3,0.078,0.069
202687,Bismack Biyombo,PHX,30.0,61,14.3,4.3,4.3,0.9,0.3,1.4,0.8,0.578,0.0,0.357,0.541,0.8,2023,0.555,0.136,112.7,109.7,3.1,0.089,0.138
201933,Blake Griffin,BOS,34.0,41,13.9,4.1,3.8,1.5,0.3,0.2,0.5,0.485,0.348,0.656,0.659,2.6,2023,0.59,0.125,116.5,106.6,9.9,0.142,0.135
1631104,Blake Wesley,SAS,20.0,37,18.1,5.0,2.2,2.6,0.7,0.1,1.8,0.321,0.385,0.591,0.243,-5.4,2023,0.393,0.18,103.3,116.7,-13.4,0.201,0.057
1626171,Bobby Portis,MIL,28.0,70,26.0,14.1,9.6,1.5,0.4,0.2,1.2,0.496,0.37,0.768,0.671,0.2,2023,0.575,0.211,111.8,112.0,-0.1,0.087,0.172
203992,Bogdan Bogdanović,ATL,30.0,54,27.9,14.0,3.1,2.8,0.8,0.3,1.2,0.447,0.406,0.831,0.5,1.2,2023,0.586,0.196,117.3,116.1,1.2,0.134,0.055
202711,Bojan Bogdanovic,DET,34.0,59,32.1,21.6,3.8,2.6,0.6,0.1,2.3,0.488,0.411,0.884,0.254,-5.6,2023,0.627,0.251,111.3,119.5,-8.2,0.133,0.058
1629626,Bol Bol,ORL,23.0,70,21.5,9.1,5.8,1.0,0.4,1.2,1.6,0.546,0.265,0.759,0.371,-2.1,2023,0.603,0.177,107.6,112.0,-4.4,0.069,0.134
1630538,Bones Hyland,LAC,22.0,56,19.4,11.8,2.4,3.1,0.7,0.3,1.5,0.399,0.371,0.843,0.643,-2.3,2023,0.535,0.271,112.7,118.0,-5.3,0.245,0.064
203078,Bradley Beal,WAS,30.0,50,33.5,23.2,3.9,5.4,0.9,0.7,2.9,0.506,0.365,0.842,0.48,0.8,2023,0.593,0.288,116.6,115.9,0.7,0.26,0.06
1630527,Brandon Boston,LAC,21.0,22,11.3,6.5,1.4,0.9,0.4,0.0,0.5,0.418,0.414,0.763,0.409,-2.0,2023,0.515,0.237,106.8,114.5,-7.7,0.129,0.056
1629634,Brandon Clarke,MEM,26.0,56,19.5,10.0,5.5,1.3,0.6,0.7,1.0,0.656,0.167,0.719,0.571,-0.3,2023,0.681,0.174,109.0,108.3,0.7,0.1,0.129
1627742,Brandon Ingram,NOP,25.0,45,34.2,24.7,5.5,5.8,0.7,0.4,3.3,0.484,0.39,0.882,0.511,2.1,2023,0.582,0.306,115.5,112.5,3.0,0.277,0.081
201572,Brook Lopez,MIL,35.0,78,30.4,15.9,6.7,1.3,0.5,2.5,1.4,0.531,0.374,0.784,0.731,5.1,2023,0.63,0.187,113.7,106.6,7.1,0.06,0.101
1628971,Bruce Brown,DEN,26.0,80,28.5,11.5,4.1,3.4,1.1,0.6,1.5,0.483,0.358,0.758,0.663,0.4,2023,0.571,0.174,113.8,113.0,0.8,0.164,0.074
1628981,Bruno Fernando,ATL,24.0,39,10.4,3.9,3.5,0.8,0.2,0.9,0.6,0.527,0.0,0.7,0.333,-1.9,2023,0.571,0.159,105.1,114.0,-8.9,0.117,0.157
1631121,Bryce McGowens,CHA,20.0,46,17.1,5.3,2.0,1.2,0.3,0.1,0.9,0.396,0.325,0.75,0.348,-3.3,2023,0.519,0.147,102.6,112.3,-9.7,0.098,0.057
1627854,Bryn Forbes,MIN,29.0,25,10.7,3.6,0.6,0.7,0.3,0.1,0.5,0.361,0.304,1.0,0.36,-1.9,2023,0.497,0.155,107.8,116.2,-8.5,0.087,0.027
1627741,Buddy Hield,IND,30.0,80,31.0,16.8,5.0,2.8,1.2,0.3,1.7,0.458,0.425,0.822,0.438,-1.1,2023,0.614,0.205,114.4,116.3,-1.9,0.131,0.079
203468,CJ McCollum,NOP,31.0,75,35.3,20.9,4.4,5.7,0.9,0.5,2.4,0.437,0.389,0.769,0.507,0.8,2023,0.541,0.26,114.5,113.5,1.1,0.242,0.062
1630595,Cade Cunningham,DET,21.0,12,33.3,19.9,6.2,6.0,0.8,0.6,3.3,0.415,0.279,0.837,0.25,-5.0,2023,0.492,0.287,111.2,117.3,-6.1,0.306,0.086
1631216,Caleb Houstan,ORL,20.0,51,15.9,3.8,1.9,0.6,0.2,0.1,0.4,0.363,0.338,0.833,0.392,-1.6,2023,0.508,0.107,107.6,112.9,-5.3,0.051,0.062
1628997,Caleb Martin,MIA,27.0,71,29.3,9.6,4.8,1.6,1.0,0.4,1.1,0.464,0.356,0.805,0.535,-0.1,2023,0.571,0.143,110.7,110.7,0.0,0.082,0.086
1629629,Cam Reddish,POR,23.0,40,24.7,9.7,2.2,1.4,1.0,0.4,1.2,0.446,0.313,0.853,0.35,-4.8,2023,0.561,0.166,108.9,117.8,-9.0,0.085,0.043
1630560,Cam Thomas,BKN,21.0,57,16.6,10.6,1.7,1.4,0.4,0.1,1.1,0.441,0.383,0.868,0.526,-0.1,2023,0.567,0.268,112.1,113.7,-1.6,0.133,0.05
1629661,Cameron Johnson,BKN,27.0,42,28.6,15.5,4.4,1.9,1.2,0.3,0.9,0.47,0.404,0.842,0.595,3.7,2023,0.617,0.202,115.3,108.7,6.6,0.099,0.076
1626166,Cameron Payne,PHX,28.0,48,20.2,10.3,2.2,4.5,0.7,0.2,1.7,0.415,0.368,0.766,0.563,1.6,2023,0.512,0.239,115.4,111.4,4.1,0.308,0.054
1627747,Caris LeVert,CLE,28.0,74,30.2,12.1,3.8,3.9,1.0,0.3,1.6,0.431,0.392,0.722,0.608,2.6,2023,0.546,0.183,113.0,108.5,4.5,0.182,0.065
1626224,Cedi Osman,CLE,28.0,77,20.1,8.7,2.3,1.5,0.5,0.1,0.7,0.451,0.372,0.694,0.623,3.0,2023,0.579,0.178,115.4,108.0,7.5,0.107,0.059
1629646,Charles Bassey,SAS,22.0,35,14.5,5.7,5.5,1.4,0.5,0.9,1.2,0.644,0.375,0.595,0.257,-0.9,2023,0.658,0.152,109.1,111.5,-2.4,0.131,0.185
1629002,Chimezie Metu,SAC,26.0,66,10.4,4.9,3.0,0.6,0.3,0.3,0.5,0.589,0.237,0.74,0.621,1.3,2023,0.639,0.168,113.9,107.3,6.7,0.08,0.139
1628449,Chris Boucher,TOR,30.0,76,20.0,9.4,5.5,0.4,0.6,0.8,0.5,0.493,0.328,0.762,0.513,-0.2,2023,0.59,0.175,110.4,111.6,-1.3,0.029,0.138
1630537,Chris Duarte,IND,26.0,46,19.5,7.9,2.5,1.4,0.5,0.2,0.9,0.369,0.316,0.847,0.413,-2.5,2023,0.496,0.181,109.4,115.6,-6.2,0.101,0.061
101108,Chris Paul,PHX,38.0,59,32.0,13.9,4.3,8.9,1.5,0.4,1.9,0.44,0.375,0.831,0.559,1.4,2023,0.555,0.195,114.9,112.5,2.3,0.389,0.066
1631128,Christian Braun,DEN,22.0,76,15.5,4.7,2.4,0.8,0.5,0.2,0.5,0.495,0.354,0.625,0.645,-1.5,2023,0.568,0.127,107.0,111.3,-4.3,0.07,0.078
1631132,Christian Koloko,TOR,23.0,58,13.8,3.1,2.9,0.5,0.4,1.0,0.3,0.48,0.083,0.627,0.5,2.7,2023,0.517,0.1,112.7,103.7,9.0,0.05,0.101
1626174,Christian Wood,DAL,27.0,67,25.9,16.6,7.3,1.8,0.4,1.1,1.8,0.515,0.376,0.772,0.493,-0.7,2023,0.624,0.259,115.4,116.7,-1.3,0.119,0.147
1629643,Chuma Okeke,ORL,24.0,27,19.2,4.7,3.6,1.4,0.7,0.4,0.6,0.352,0.302,0.762,0.296,-4.4,2023,0.488,0.121,105.7,116.5,-10.8,0.101,0.09
203991,Clint Capela,ATL,29.0,65,26.6,12.0,11.0,0.9,0.7,1.2,0.8,0.653,0.0,0.603,0.538,-0.5,2023,0.656,0.151,115.3,116.4,-1.1,0.045,0.203
1629632,Coby White,CHI,23.0,74,23.4,9.7,2.9,2.8,0.7,0.1,1.0,0.443,0.372,0.871,0.5,1.9,2023,0.572,0.17,114.0,110.1,4.0,0.159,0.061
203469,Cody Zeller,MIA,30.0,15,14.4,6.5,4.3,0.7,0.2,0.3,0.9,0.627,0.0,0.686,0.4,-3.2,2023,0.659,0.175,108.8,119.0,-10.3,0.077,0.157
1630175,Cole Anthony,ORL,23.0,60,25.9,13.0,4.8,3.9,0.6,0.5,1.5,0.454,0.364,0.894,0.467,-0.4,2023,0.57,0.209,112.4,112.5,-0.1,0.228,0.091
1629012,Collin Sexton,UTA,24.0,48,23.9,14.3,2.2,2.9,0.6,0.1,1.8,0.506,0.393,0.819,0.5,-0.6,2023,0.616,0.23,116.4,116.3,0.1,0.178,0.044
1630557,Corey Kispert,WAS,24.0,74,28.3,11.1,2.8,1.2,0.4,0.1,0.7,0.497,0.424,0.852,0.419,-1.7,2023,0.657,0.139,112.4,115.6,-3.2,0.056,0.05
202709,Cory Joseph,DET,31.0,62,19.8,6.9,1.7,3.5,0.5,0.1,0.9,0.427,0.389,0.792,0.194,-1.8,2023,0.558,0.149,109.7,113.8,-4.1,0.256,0.042
1626156,D'Angelo Russell,LAL,27.0,71,32.5,17.8,3.0,6.2,1.0,0.4,2.6,0.469,0.396,0.829,0.549,1.2,2023,0.605,0.225,113.6,112.1,1.5,0.274,0.047
1630227,Daishen Nix,HOU,21.0,57,16.0,4.0,1.7,2.3,0.5,0.1,1.5,0.342,0.286,0.667,0.263,-2.6,2023,0.447,0.149,106.2,114.4,-8.2,0.191,0.052
1630625,Dalano Banton,TOR,23.0,31,9.0,4.6,1.5,1.2,0.4,0.4,0.6,0.423,0.294,0.708,0.548,-1.1,2023,0.505,0.229,104.4,110.9,-6.5,0.202,0.079
1631207,Dalen Terry,CHI,20.0,38,5.6,2.2,1.0,0.6,0.3,0.1,0.2,0.444,0.259,0.667,0.5,0.3,2023,0.523,0.173,104.8,101.5,3.3,0.157,0.087
1627745,Damian Jones,UTA,28.0,41,11.6,3.5,3.0,0.4,0.2,0.5,0.6,0.64,0.588,0.759,0.293,-2.0,2023,0.719,0.102,103.6,112.6,-9.0,0.044,0.115
203081,Damian Lillard,POR,32.0,58,36.3,32.2,4.8,7.3,0.9,0.3,3.3,0.463,0.371,0.914,0.466,1.8,2023,0.645,0.331,119.5,117.4,2.1,0.338,0.068
1627814,Damion Lee,PHX,30.0,74,20.4,8.2,3.0,1.3,0.4,0.1,1.1,0.442,0.445,0.904,0.541,1.1,2023,0.607,0.155,110.1,107.3,2.7,0.092,0.072
1629655,Daniel Gafford,WAS,24.0,78,20.6,9.0,5.6,1.1,0.4,1.3,1.1,0.732,0.0,0.679,0.41,-1.1,2023,0.739,0.146,111.7,114.3,-2.5,0.074,0.132
1627863,Danuel House Jr.,PHI,30.0,56,14.4,4.8,1.7,0.8,0.3,0.2,0.5,0.472,0.336,0.75,0.679,-0.3,2023,0.6,0.133,112.8,112.5,0.3,0.074,0.062
203967,Dario Šarić,OKC,29.0,57,14.1,6.4,3.6,1.3,0.4,0.1,1.0,0.458,0.391,0.829,0.456,0.6,2023,0.583,0.186,112.8,111.2,1.6,0.131,0.128
1629647,Darius Bazley,PHX,23.0,43,14.3,5.2,3.2,0.9,0.5,0.8,0.6,0.454,0.377,0.543,0.442,-1.6,2023,0.524,0.165,105.5,109.2,-3.6,0.088,0.106
1629636,Darius Garland,CLE,23.0,69,35.5,21.6,2.7,7.8,1.2,0.1,2.9,0.462,0.41,0.863,0.58,6.3,2023,0.587,0.262,116.9,108.8,8.0,0.328,0.04
1630561,David Duke Jr.,BKN,23.0,23,9.9,3.7,1.3,0.9,0.4,0.0,0.8,0.462,0.083,0.706,0.435,-1.5,2023,0.497,0.187,105.2,111.5,-6.3,0.145,0.063
1631223,David Roddy,MEM,22.0,70,18.0,6.7,2.8,0.8,0.4,0.3,0.8,0.429,0.307,0.631,0.629,-0.9,2023,0.519,0.163,110.6,112.5,-1.9,0.064,0.071
1630558,Davion Mitchell,SAC,24.0,80,18.1,5.6,1.3,2.3,0.6,0.2,0.8,0.454,0.32,0.806,0.588,0.0,2023,0.545,0.14,114.4,111.8,2.7,0.173,0.037
202722,Davis Bertans,DAL,30.0,45,10.9,4.6,1.2,0.5,0.2,0.2,0.2,0.431,0.39,0.867,0.444,-0.8,2023,0.618,0.155,110.6,114.8,-4.3,0.065,0.053
1628432,Davon Reed,DEN,28.0,43,8.0,2.1,1.4,0.5,0.3,0.1,0.5,0.333,0.37,0.667,0.674,-2.3,2023,0.471,0.142,97.5,111.7,-14.1,0.099,0.09
1630549,Day'Ron Sharpe,BKN,21.0,48,11.5,4.7,4.2,0.8,0.3,0.7,0.9,0.544,0.545,0.636,0.458,-2.1,2023,0.581,0.173,110.3,119.0,-8.8,0.099,0.179
1628368,De'Aaron Fox,SAC,25.0,73,33.4,25.0,4.2,6.1,1.1,0.3,2.5,0.512,0.324,0.78,0.603,2.4,2023,0.599,0.288,119.9,116.8,3.1,0.281,0.064
1629631,De'Andre Hunter,ATL,25.0,67,31.7,15.4,4.2,1.4,0.5,0.3,1.2,0.461,0.35,0.826,0.522,-0.3,2023,0.563,0.193,114.9,115.5,-0.6,0.059,0.066
1629001,De'Anthony Melton,PHI,25.0,77,27.9,10.1,4.1,2.6,1.6,0.5,1.3,0.425,0.39,0.793,0.649,1.3,2023,0.566,0.162,115.5,112.8,2.7,0.133,0.076
201599,DeAndre Jordan,DEN,34.0,39,15.0,5.1,5.2,0.9,0.3,0.6,1.2,0.765,1.0,0.458,0.59,-3.1,2023,0.731,0.134,107.0,115.4,-8.4,0.084,0.176
201942,DeMar DeRozan,CHI,33.0,74,36.2,24.5,4.6,5.1,1.1,0.5,2.1,0.504,0.324,0.872,0.5,0.9,2023,0.592,0.272,112.2,110.7,1.5,0.222,0.066
1629731,Dean Wade,CLE,26.0,44,20.3,4.7,3.4,0.8,0.6,0.5,0.4,0.412,0.354,0.652,0.682,2.5,2023,0.55,0.1,109.7,103.2,6.5,0.056,0.085
1629028,Deandre Ayton,PHX,24.0,67,30.4,18.0,10.0,1.7,0.6,0.8,1.8,0.589,0.292,0.76,0.537,-0.1,2023,0.617,0.231,113.2,113.2,0.0,0.09,0.164
1627749,Dejounte Murray,ATL,26.0,74,36.4,20.5,5.3,6.1,1.5,0.3,2.2,0.464,0.344,0.832,0.514,-0.8,2023,0.54,0.239,114.3,115.4,-1.1,0.239,0.071
1626153,Delon Wright,WAS,31.0,50,24.4,7.4,3.6,3.9,1.8,0.3,0.9,0.474,0.345,0.867,0.52,1.4,2023,0.581,0.125,114.1,110.9,3.2,0.209,0.074
1630166,Deni Avdija,WAS,22.0,76,26.6,9.2,6.4,2.8,0.9,0.4,1.6,0.437,0.297,0.739,0.434,-0.7,2023,0.535,0.165,113.3,114.1,-0.8,0.142,0.12
203471,Dennis Schröder,LAL,29.0,66,30.1,12.6,2.5,4.5,0.8,0.2,1.7,0.415,0.329,0.857,0.561,1.9,2023,0.545,0.183,115.0,112.2,2.8,0.202,0.04
1628372,Dennis Smith Jr.,CHA,25.0,54,25.7,8.8,3.1,4.8,1.4,0.5,1.5,0.412,0.216,0.736,0.352,-1.3,2023,0.475,0.175,103.6,106.2,-2.6,0.275,0.056
1627884,Derrick Jones Jr.,CHI,26.0,64,14.0,5.0,2.4,0.5,0.5,0.6,0.4,0.5,0.338,0.738,0.453,1.9,2023,0.597,0.138,112.8,106.0,6.7,0.052,0.084
201565,Derrick Rose,NYK,34.0,27,12.5,5.6,1.5,1.7,0.3,0.2,0.8,0.384,0.302,0.917,0.444,-1.1,2023,0.463,0.22,104.3,107.8,-3.5,0.208,0.053
1628401,Derrick White,BOS,28.0,82,28.3,12.4,3.6,3.9,0.7,0.9,1.2,0.462,0.381,0.875,0.695,6.0,2023,0.604,0.174,118.2,107.2,11.0,0.191,0.062
1630217,Desmond Bane,MEM,25.0,58,31.7,21.5,5.0,4.4,1.0,0.4,2.2,0.479,0.408,0.883,0.655,6.1,2023,0.606,0.252,116.4,107.4,9.0,0.202,0.074
1626164,Devin Booker,PHX,26.0,53,34.6,27.8,4.5,5.5,1.0,0.3,2.7,0.494,0.351,0.855,0.642,4.7,2023,0.601,0.311,119.6,113.4,6.2,0.251,0.065
1630170,Devin Vassell,SAS,22.0,38,31.0,18.5,3.9,3.6,1.1,0.4,1.5,0.439,0.387,0.78,0.316,-7.8,2023,0.55,0.24,107.1,118.8,-11.7,0.173,0.062
1628984,Devonte' Graham,SAS,28.0,73,18.3,7.4,1.7,2.7,0.6,0.2,0.7,0.374,0.352,0.748,0.425,-2.2,2023,0.552,0.165,107.5,113.7,-6.2,0.207,0.045
203473,Dewayne Dedmon,PHI,33.0,38,11.2,5.2,3.5,0.7,0.2,0.5,0.7,0.51,0.308,0.673,0.605,-3.3,2023,0.577,0.195,99.3,110.0,-10.6,0.108,0.151
1628415,Dillon Brooks,MEM,27.0,73,30.3,14.3,3.3,2.6,0.9,0.2,1.4,0.396,0.326,0.779,0.63,2.8,2023,0.494,0.214,113.4,108.5,4.9,0.117,0.051
1627734,Domantas Sabonis,SAC,27.0,79,34.6,19.1,12.3,7.3,0.8,0.5,2.9,0.615,0.373,0.742,0.595,2.7,2023,0.668,0.213,120.7,116.8,3.9,0.297,0.185
1631230,Dominick Barlow,SAS,20.0,28,14.6,3.9,3.6,0.9,0.4,0.7,0.5,0.535,0.0,0.72,0.179,-3.9,2023,0.567,0.107,105.2,115.9,-10.7,0.079,0.115
1628378,Donovan Mitchell,CLE,26.0,68,35.8,28.3,4.3,4.4,1.5,0.4,2.6,0.484,0.386,0.867,0.647,5.0,2023,0.614,0.31,116.3,110.4,5.9,0.205,0.062
1628978,Donte DiVincenzo,GSW,26.0,72,26.3,9.4,4.5,3.5,1.3,0.1,1.6,0.435,0.397,0.817,0.583,1.7,2023,0.593,0.146,113.5,110.6,2.9,0.176,0.082
1627827,Dorian Finney-Smith,BKN,30.0,66,30.4,8.3,4.8,1.5,0.8,0.5,0.9,0.391,0.337,0.763,0.47,-0.1,2023,0.523,0.129,114.0,114.3,-0.3,0.07,0.079
203926,Doug McDermott,SAS,31.0,64,20.5,10.2,2.2,1.4,0.2,0.1,0.9,0.457,0.413,0.757,0.297,-3.7,2023,0.59,0.186,108.7,118.4,-9.7,0.098,0.049
203110,Draymond Green,GSW,33.0,73,31.5,8.5,7.2,6.8,1.0,0.8,2.8,0.527,0.305,0.713,0.562,4.7,2023,0.592,0.129,116.2,109.2,7.0,0.268,0.11
1629234,Drew Eubanks,POR,26.0,78,20.3,6.6,5.4,1.3,0.5,1.3,0.9,0.641,0.389,0.664,0.397,-1.7,2023,0.666,0.122,113.0,117.1,-4.1,0.092,0.133
1630613,Duane Washington Jr.,NYK,23.0,31,12.7,7.9,1.2,2.0,0.2,0.1,1.1,0.367,0.36,0.667,0.548,-0.2,2023,0.458,0.298,107.4,107.9,-0.5,0.26,0.042
1629130,Duncan Robinson,MIA,29.0,42,16.4,6.4,1.6,1.1,0.3,0.0,0.7,0.371,0.328,0.906,0.452,-1.3,2023,0.534,0.172,108.8,113.8,-5.0,0.101,0.052
203939,Dwight Powell,DAL,31.0,76,19.2,6.7,4.1,0.9,0.6,0.3,0.9,0.732,0.0,0.667,0.487,2.2,2023,0.738,0.123,119.4,113.2,6.2,0.067,0.113
1630700,Dyson Daniels,NOP,20.0,59,17.7,3.8,3.2,2.3,0.7,0.2,1.0,0.418,0.314,0.65,0.559,-0.1,2023,0.503,0.113,107.1,106.7,0.4,0.172,0.089
1628410,Edmond Sumner,BKN,27.0,53,13.9,7.1,1.5,1.3,0.6,0.2,0.9,0.461,0.356,0.917,0.623,0.5,2023,0.597,0.209,111.7,110.1,1.7,0.13,0.054
201569,Eric Gordon,LAC,34.0,69,28.5,12.4,1.9,2.7,0.6,0.4,1.5,0.446,0.371,0.821,0.362,-3.0,2023,0.587,0.171,110.6,116.4,-5.8,0.133,0.033
1630647,Eugene Omoruyi,DET,26.0,40,16.1,7.0,2.8,0.7,0.7,0.1,0.9,0.443,0.281,0.68,0.25,-1.0,2023,0.533,0.192,111.2,113.1,-1.9,0.065,0.086
203095,Evan Fournier,NYK,30.0,27,17.0,6.1,1.8,1.3,0.6,0.1,0.8,0.337,0.307,0.857,0.556,-2.0,2023,0.471,0.179,109.1,113.8,-4.7,0.111,0.051
1630596,Evan Mobley,CLE,22.0,79,34.4,16.2,9.0,2.8,0.8,1.5,1.8,0.554,0.216,0.674,0.608,4.3,2023,0.591,0.199,115.5,109.0,6.5,0.122,0.137
1626163,Frank Kaminsky,HOU,30.0,36,6.5,2.5,1.4,0.9,0.2,0.1,0.3,0.492,0.394,0.875,0.361,-0.1,2023,0.635,0.146,109.4,111.3,-1.9,0.194,0.113
1628373,Frank Ntilikina,DAL,24.0,47,12.9,2.9,1.3,1.2,0.3,0.1,0.6,0.364,0.254,0.667,0.426,0.7,2023,0.461,0.125,113.5,108.4,5.1,0.127,0.049
1630532,Franz Wagner,ORL,21.0,80,32.6,18.6,4.1,3.5,1.0,0.2,2.1,0.485,0.361,0.842,0.413,0.6,2023,0.589,0.23,111.3,110.1,1.2,0.167,0.063
1627832,Fred VanVleet,TOR,29.0,69,36.7,19.3,4.1,7.2,1.8,0.6,2.0,0.393,0.342,0.898,0.493,2.8,2023,0.54,0.225,116.1,112.8,3.3,0.276,0.056
1627788,Furkan Korkmaz,PHI,25.0,37,9.6,3.8,1.1,0.6,0.3,0.1,0.6,0.432,0.391,0.722,0.649,0.1,2023,0.552,0.176,105.0,103.7,1.4,0.091,0.059
1629216,Gabe Vincent,MIA,27.0,68,25.9,9.4,2.1,2.5,0.9,0.1,1.4,0.402,0.334,0.872,0.544,-0.4,2023,0.533,0.17,111.0,111.7,-0.7,0.139,0.043
1629726,Garrison Mathews,ATL,26.0,54,12.7,4.8,1.4,0.5,0.4,0.1,0.4,0.363,0.35,0.906,0.296,-1.6,2023,0.573,0.139,103.1,109.5,-6.4,0.057,0.048
203914,Gary Harris,ORL,28.0,48,24.7,8.3,2.0,1.2,0.9,0.3,0.6,0.45,0.431,0.9,0.458,-1.8,2023,0.62,0.125,113.0,115.8,-2.8,0.067,0.043
1627780,Gary Payton II,GSW,30.0,22,16.7,4.6,3.1,1.4,1.0,0.2,0.7,0.594,0.5,0.857,0.591,1.8,2023,0.701,0.101,123.7,118.3,5.4,0.106,0.096
1629018,Gary Trent Jr.,TOR,24.0,66,32.1,17.4,2.6,1.6,1.6,0.2,0.8,0.433,0.369,0.839,0.47,-0.8,2023,0.56,0.209,111.8,113.8,-2.1,0.075,0.04
201588,George Hill,IND,37.0,46,18.1,5.0,1.8,2.4,0.6,0.1,0.7,0.47,0.358,0.764,0.587,0.9,2023,0.61,0.11,108.8,106.9,1.9,0.178,0.048
1627777,Georges Niang,PHI,30.0,78,19.4,8.2,2.4,1.0,0.4,0.2,0.7,0.442,0.401,0.867,0.654,1.0,2023,0.61,0.162,112.5,111.1,1.3,0.074,0.062
203507,Giannis Antetokounmpo,MIL,28.0,63,32.1,31.1,11.8,5.7,0.8,0.8,3.9,0.553,0.275,0.645,0.746,5.4,2023,0.605,0.373,116.4,109.2,7.2,0.314,0.171
1629048,Goga Bitadze,ORL,23.0,38,12.0,4.4,3.6,1.0,0.4,0.7,0.6,0.552,0.231,0.548,0.342,0.7,2023,0.582,0.147,109.2,105.4,3.7,0.122,0.144
201609,Goran Dragic,MIL,37.0,58,15.0,6.3,1.4,2.6,0.2,0.1,1.1,0.421,0.359,0.689,0.466,0.1,2023,0.514,0.198,111.6,112.2,-0.6,0.237,0.047
202330,Gordon Hayward,CHA,33.0,50,31.5,14.7,4.3,4.1,0.8,0.2,2.0,0.475,0.325,0.811,0.4,-2.2,2023,0.563,0.196,108.4,111.7,-3.3,0.187,0.065
203476,Gorgui Dieng,SAS,33.0,31,11.6,3.9,3.5,1.7,0.1,0.5,1.0,0.385,0.28,0.769,0.097,-4.9,2023,0.493,0.177,99.6,118.2,-18.6,0.221,0.135
1629684,Grant Williams,BOS,24.0,79,25.9,8.1,4.6,1.7,0.5,0.4,1.0,0.454,0.395,0.77,0.696,2.6,2023,0.605,0.128,114.9,109.0,5.9,0.086,0.088
1628960,Grayson Allen,MIL,27.0,72,27.4,10.4,3.3,2.3,0.9,0.2,1.0,0.44,0.399,0.905,0.736,3.2,2023,0.612,0.143,113.9,109.1,4.9,0.107,0.057
1628977,Hamidou Diallo,DET,24.0,56,17.8,9.3,3.5,1.0,0.9,0.3,1.3,0.573,0.238,0.588,0.214,-0.3,2023,0.593,0.21,108.9,109.5,-0.6,0.088,0.096
203084,Harrison Barnes,SAC,31.0,82,32.5,15.0,4.5,1.6,0.7,0.1,1.0,0.473,0.374,0.847,0.585,3.1,2023,0.632,0.168,120.0,115.2,4.8,0.063,0.07
1629312,Haywood Highsmith,MIA,26.0,54,18.0,4.4,3.5,0.8,0.7,0.3,0.8,0.431,0.339,0.464,0.519,-1.9,2023,0.517,0.121,104.8,110.0,-5.2,0.065,0.094
1630529,Herbert Jones,NOP,24.0,66,29.6,9.8,4.1,2.5,1.6,0.6,1.3,0.469,0.335,0.764,0.47,2.3,2023,0.567,0.144,115.8,111.8,3.9,0.108,0.07
1630193,Immanuel Quickley,NYK,24.0,81,28.9,14.9,4.2,3.4,1.0,0.2,1.2,0.448,0.37,0.819,0.58,3.9,2023,0.578,0.203,114.3,108.1,6.2,0.178,0.068
1630171,Isaac Okoro,CLE,22.0,76,21.7,6.4,2.5,1.1,0.7,0.4,0.6,0.494,0.363,0.757,0.632,1.7,2023,0.614,0.117,114.5,109.0,5.4,0.07,0.06
1628392,Isaiah Hartenstein,NYK,25.0,82,19.9,5.0,6.5,1.2,0.6,0.8,0.8,0.535,0.216,0.676,0.573,1.8,2023,0.567,0.107,114.6,110.2,4.4,0.083,0.157
1630543,Isaiah Jackson,IND,21.0,63,16.5,7.2,4.5,0.8,0.5,1.5,0.8,0.563,0.143,0.651,0.381,-2.0,2023,0.595,0.165,109.5,115.2,-5.6,0.071,0.128
1630198,Isaiah Joe,OKC,23.0,73,19.1,9.5,2.4,1.2,0.7,0.1,0.5,0.441,0.409,0.82,0.493,2.9,2023,0.626,0.17,117.3,112.2,5.1,0.087,0.062
1630587,Isaiah Livers,DET,24.0,52,23.1,6.7,2.8,0.8,0.5,0.5,0.6,0.417,0.365,0.821,0.192,-3.9,2023,0.567,0.117,107.9,115.6,-7.8,0.048,0.059
1629676,Isaiah Roby,NYK,25.0,42,11.3,4.1,2.6,0.9,0.4,0.2,0.7,0.432,0.3,0.488,0.214,-2.6,2023,0.497,0.173,102.5,112.9,-10.4,0.114,0.11
1630191,Isaiah Stewart,DET,22.0,50,28.3,11.3,8.1,1.4,0.4,0.7,1.4,0.442,0.327,0.738,0.24,-4.5,2023,0.56,0.17,108.9,116.9,-8.0,0.073,0.138
202397,Ish Smith,DEN,34.0,43,9.3,2.5,1.3,2.3,0.2,0.2,1.0,0.397,0.167,0.5,0.581,-0.8,2023,0.407,0.187,102.3,107.5,-5.3,0.352,0.068
1630688,Ish Wainright,PHX,28.0,60,15.3,4.2,2.3,0.9,0.6,0.4,0.4,0.37,0.329,0.839,0.55,1.5,2023,0.522,0.117,112.7,106.6,6.1,0.075,0.071
1627826,Ivica Zubac,LAC,26.0,76,28.5,10.8,9.9,1.0,0.4,1.3,1.5,0.634,0.0,0.697,0.566,-0.4,2023,0.661,0.149,112.8,113.4,-0.6,0.05,0.178
1630550,JT Thor,CHA,20.0,69,14.0,3.8,2.2,0.5,0.3,0.3,0.6,0.399,0.317,0.702,0.319,-2.4,2023,0.506,0.13,102.7,110.2,-7.5,0.054,0.075
1629630,Ja Morant,MEM,23.0,61,31.9,26.2,5.9,8.1,1.1,0.3,3.4,0.466,0.307,0.748,0.656,5.0,2023,0.557,0.338,115.8,108.5,7.3,0.412,0.084
203210,JaMychal Green,GSW,33.0,57,14.0,6.4,3.6,0.9,0.4,0.4,0.9,0.54,0.378,0.776,0.526,-2.7,2023,0.65,0.169,108.3,116.4,-8.2,0.094,0.125
201580,JaVale McGee,DAL,35.0,42,8.4,4.4,2.5,0.3,0.1,0.6,0.9,0.64,0.4,0.585,0.476,-1.4,2023,0.65,0.214,106.1,113.4,-7.3,0.051,0.145
1631095,Jabari Smith Jr.,HOU,20.0,79,31.0,12.8,7.2,1.3,0.5,0.9,1.3,0.408,0.307,0.786,0.266,-7.0,2023,0.514,0.183,109.1,120.4,-11.3,0.059,0.112
1631133,Jabari Walker,POR,20.0,56,11.1,3.9,2.3,0.6,0.2,0.2,0.5,0.419,0.286,0.756,0.375,-2.1,2023,0.496,0.164,104.8,113.8,-9.0,0.08,0.104
1630702,Jaden Hardy,DAL,20.0,48,14.8,8.8,1.9,1.4,0.4,0.1,1.0,0.438,0.404,0.823,0.417,-0.7,2023,0.571,0.248,112.5,115.6,-3.1,0.147,0.061
1631093,Jaden Ivey,DET,21.0,74,31.1,16.3,3.9,5.2,0.8,0.2,3.2,0.416,0.343,0.747,0.216,-8.7,2023,0.528,0.251,107.1,120.1,-13.0,0.269,0.062
1630183,Jaden McDaniels,MIN,22.0,79,30.6,12.1,3.9,1.9,0.9,1.0,1.4,0.517,0.398,0.736,0.519,0.9,2023,0.611,0.156,113.6,111.6,2.0,0.082,0.063
203109,Jae Crowder,MIL,32.0,18,18.9,6.9,3.8,1.5,0.7,0.3,0.4,0.479,0.436,0.833,0.722,0.0,2023,0.624,0.125,111.0,111.8,-0.8,0.102,0.092
1630256,Jae'Sean Tate,HOU,27.0,31,21.9,9.1,3.8,2.7,0.7,0.2,1.5,0.48,0.283,0.725,0.226,-3.0,2023,0.546,0.178,107.5,114.8,-7.3,0.184,0.082
1631222,Jake LaRavia,MEM,21.0,35,11.8,3.0,1.8,0.6,0.3,0.1,0.5,0.389,0.338,0.778,0.629,-2.2,2023,0.531,0.117,106.4,113.9,-7.6,0.068,0.072
1627751,Jakob Poeltl,TOR,27.0,72,26.5,12.5,9.1,2.7,0.9,1.2,1.7,0.629,0.0,0.592,0.361,-2.0,2023,0.635,0.18,112.4,115.5,-3.1,0.146,0.174
1628973,Jalen Brunson,NYK,26.0,68,35.0,24.0,3.5,6.2,0.9,0.2,2.1,0.491,0.416,0.829,0.588,2.2,2023,0.597,0.266,119.2,117.1,2.1,0.28,0.05
1631105,Jalen Duren,DET,19.0,67,24.9,9.1,8.9,1.1,0.7,0.9,1.4,0.648,0.0,0.611,0.239,-4.2,2023,0.655,0.139,108.0,116.2,-8.3,0.069,0.174
1630224,Jalen Green,HOU,21.0,76,34.2,22.1,3.7,3.7,0.8,0.2,2.6,0.416,0.338,0.786,0.263,-5.9,2023,0.538,0.274,111.2,120.0,-8.7,0.169,0.053
1630552,Jalen Johnson,ATL,21.0,70,14.9,5.6,4.0,1.2,0.5,0.5,0.6,0.491,0.288,0.628,0.5,-0.1,2023,0.554,0.156,111.1,110.8,0.3,0.106,0.131
1629667,Jalen McDaniels,PHI,25.0,80,23.9,9.4,4.3,1.6,1.0,0.4,1.2,0.455,0.332,0.841,0.388,-1.9,2023,0.557,0.165,110.5,113.9,-3.4,0.094,0.087
1630188,Jalen Smith,IND,23.0,68,18.8,9.4,5.8,1.0,0.3,0.9,1.1,0.476,0.283,0.759,0.456,-1.4,2023,0.565,0.201,111.4,115.3,-3.8,0.076,0.146
1630591,Jalen Suggs,ORL,22.0,53,23.5,9.9,3.0,2.9,1.3,0.5,1.8,0.419,0.327,0.723,0.377,-0.8,2023,0.528,0.196,109.7,111.0,-1.3,0.179,0.063
1631114,Jalen Williams,OKC,22.0,75,30.3,14.1,4.5,3.3,1.4,0.5,1.6,0.521,0.356,0.812,0.48,-0.7,2023,0.601,0.18,111.6,112.6,-1.0,0.152,0.071
1631288,Jamal Cain,MIA,24.0,18,13.3,5.4,2.9,0.7,0.6,0.1,0.3,0.561,0.35,0.773,0.556,1.2,2023,0.647,0.139,108.0,102.5,5.5,0.076,0.105
1627750,Jamal Murray,DEN,26.0,65,32.8,20.0,4.0,6.2,1.0,0.2,2.2,0.454,0.398,0.833,0.662,4.6,2023,0.571,0.256,118.9,112.5,6.4,0.265,0.062
1630547,James Bouknight,CHA,22.0,34,15.2,5.6,2.1,1.2,0.4,0.1,0.9,0.358,0.303,0.667,0.265,-2.9,2023,0.463,0.192,102.6,110.9,-8.3,0.117,0.066
201935,James Harden,PHI,33.0,58,36.8,21.0,6.1,10.7,1.2,0.5,3.4,0.441,0.385,0.867,0.672,4.8,2023,0.607,0.247,119.4,113.3,6.1,0.439,0.088
1630164,James Wiseman,DET,22.0,45,19.3,10.0,5.9,0.7,0.2,0.6,1.1,0.558,0.2,0.701,0.244,-7.3,2023,0.589,0.212,104.7,121.9,-17.2,0.057,0.156
1628991,Jaren Jackson Jr.,MEM,23.0,63,28.4,18.6,6.8,1.0,1.0,3.0,1.7,0.506,0.355,0.788,0.651,5.8,2023,0.613,0.243,116.4,106.6,9.8,0.048,0.11
1629020,Jarred Vanderbilt,LAL,24.0,78,24.1,7.9,7.5,2.4,1.1,0.3,1.2,0.548,0.322,0.691,0.551,-1.3,2023,0.604,0.136,114.7,116.2,-1.5,0.134,0.154
1628386,Jarrett Allen,CLE,25.0,68,32.6,14.3,9.8,1.7,0.8,1.2,1.4,0.644,0.1,0.733,0.647,5.1,2023,0.67,0.162,116.5,108.8,7.7,0.073,0.159
1629750,Javonte Green,CHI,29.0,32,15.0,5.2,2.8,0.7,0.8,0.7,0.6,0.565,0.371,0.667,0.406,1.5,2023,0.646,0.128,112.4,106.5,5.9,0.062,0.09
1629637,Jaxson Hayes,NOP,23.0,47,13.0,5.0,2.8,0.7,0.4,0.4,0.7,0.551,0.103,0.699,0.468,-1.5,2023,0.605,0.149,103.4,108.8,-5.4,0.088,0.104
1627759,Jaylen Brown,BOS,26.0,67,35.9,26.6,6.9,3.5,1.1,0.4,2.9,0.491,0.335,0.765,0.687,3.8,2023,0.581,0.307,116.6,111.2,5.4,0.163,0.093
1629669,Jaylen Nowell,MIN,23.0,65,19.3,10.8,2.6,2.0,0.6,0.1,1.0,0.448,0.289,0.778,0.523,-0.1,2023,0.527,0.238,111.2,111.3,0.0,0.156,0.067
1631119,Jaylin Williams,OKC,21.0,49,18.7,5.9,4.9,1.6,0.6,0.2,0.8,0.436,0.407,0.704,0.469,-1.8,2023,0.559,0.133,111.1,115.7,-4.6,0.109,0.131
1628369,Jayson Tatum,BOS,25.0,74,36.9,30.1,8.8,4.6,1.1,0.7,2.9,0.466,0.35,0.854,0.703,6.4,2023,0.607,0.319,119.2,110.8,8.5,0.205,0.117
1630288,Jeff Dowtin Jr.,TOR,26.0,25,10.3,2.4,0.9,1.2,0.4,0.1,0.2,0.439,0.313,0.667,0.68,-0.4,2023,0.5,0.106,112.7,113.3,-0.6,0.154,0.044
201145,Jeff Green,DEN,36.0,56,19.5,7.8,2.6,1.2,0.3,0.3,0.8,0.488,0.288,0.744,0.589,-3.4,2023,0.576,0.167,107.1,115.0,-8.0,0.095,0.066
203924,Jerami Grant,POR,29.0,63,35.6,20.5,4.5,2.4,0.8,0.8,1.8,0.475,0.401,0.813,0.444,-0.6,2023,0.606,0.227,116.1,117.3,-1.2,0.103,0.065
1630526,Jeremiah Robinson-Earl,OKC,22.0,43,18.9,6.8,4.2,1.0,0.6,0.3,0.4,0.444,0.333,0.833,0.372,-0.2,2023,0.548,0.143,112.9,113.8,-0.9,0.069,0.105
1631110,Jeremy Sochan,SAS,20.0,56,26.0,11.0,5.3,2.5,0.8,0.4,1.7,0.453,0.246,0.698,0.268,-4.2,2023,0.509,0.195,110.6,117.6,-7.0,0.132,0.098
1630579,Jericho Sims,NYK,24.0,52,15.6,3.4,4.7,0.5,0.3,0.5,0.5,0.776,0.0,0.75,0.596,-2.2,2023,0.78,0.074,108.1,114.9,-6.7,0.044,0.146
1628975,Jevon Carter,MIL,27.0,81,22.4,8.0,2.5,2.4,0.8,0.4,1.0,0.423,0.421,0.816,0.704,0.8,2023,0.56,0.149,109.2,107.2,1.9,0.15,0.052
202710,Jimmy Butler III,MIA,33.0,64,33.4,22.9,5.9,5.3,1.8,0.3,1.6,0.539,0.35,0.85,0.547,0.7,2023,0.647,0.248,114.9,113.7,1.2,0.264,0.093
1629111,Jock Landale,PHX,27.0,69,14.2,6.6,4.1,1.0,0.2,0.4,0.9,0.528,0.25,0.752,0.507,2.0,2023,0.595,0.182,113.0,105.1,7.9,0.101,0.138
203925,Joe Harris,BKN,31.0,74,20.6,7.6,2.2,1.4,0.5,0.2,0.6,0.457,0.426,0.643,0.541,-0.3,2023,0.621,0.141,112.1,113.2,-1.0,0.091,0.054
204060,Joe Ingles,MIL,35.0,46,22.7,6.9,2.8,3.3,0.7,0.1,1.2,0.435,0.409,0.857,0.696,1.7,2023,0.616,0.122,114.9,112.4,2.5,0.181,0.058
203954,Joel Embiid,PHI,29.0,66,34.6,33.1,10.2,4.2,1.0,1.7,3.4,0.548,0.33,0.857,0.652,6.4,2023,0.655,0.37,119.0,110.2,8.8,0.233,0.157
1631219,John Butler Jr.,POR,20.0,19,11.6,2.4,0.9,0.6,0.4,0.5,0.1,0.321,0.229,0.75,0.211,-3.7,2023,0.411,0.102,100.6,116.7,-16.1,0.066,0.036
1628381,John Collins,ATL,25.0,71,30.0,13.1,6.5,1.2,0.6,1.0,1.1,0.508,0.292,0.803,0.521,-0.3,2023,0.593,0.168,115.0,115.2,-0.2,0.052,0.107
1629723,John Konchar,MEM,27.0,72,20.7,5.1,4.3,1.4,1.1,0.3,0.5,0.431,0.339,0.778,0.625,2.9,2023,0.542,0.1,114.6,107.5,7.0,0.082,0.096
202322,John Wall,LAC,32.0,34,22.2,11.4,2.7,5.2,0.8,0.4,2.4,0.407,0.303,0.681,0.441,-3.1,2023,0.497,0.259,105.0,111.6,-6.6,0.38,0.058
1631098,Johnny Davis,WAS,21.0,28,15.1,5.8,2.3,1.0,0.4,0.3,0.6,0.386,0.243,0.519,0.357,-1.9,2023,0.446,0.192,101.7,107.9,-6.2,0.1,0.07
1630548,Johnny Juzang,UTA,22.0,18,12.9,4.8,2.2,0.4,0.2,0.2,0.2,0.337,0.238,0.5,0.333,-4.8,2023,0.411,0.187,97.8,115.6,-17.7,0.051,0.073
202685,Jonas Valančiūnas,NOP,31.0,79,24.9,14.1,10.2,1.8,0.3,0.7,2.0,0.547,0.349,0.826,0.506,-0.1,2023,0.61,0.229,112.8,113.5,-0.7,0.108,0.204
1630228,Jonathan Kuminga,GSW,20.0,67,20.8,9.9,3.4,1.9,0.6,0.5,1.4,0.525,0.37,0.652,0.567,-0.8,2023,0.597,0.195,111.7,113.0,-1.4,0.132,0.083
203903,Jordan Clarkson,UTA,31.0,61,32.6,20.8,4.0,4.4,0.5,0.2,3.0,0.444,0.338,0.816,0.492,0.6,2023,0.558,0.273,117.4,116.6,0.8,0.209,0.06
1630692,Jordan Goodwin,WAS,24.0,62,17.8,6.6,3.3,2.7,0.9,0.4,0.9,0.448,0.322,0.768,0.355,-1.9,2023,0.531,0.165,107.1,111.7,-4.5,0.22,0.09
1629162,Jordan McLaughlin,MIN,27.0,43,15.8,3.7,1.4,3.4,0.7,0.1,0.8,0.421,0.308,0.833,0.512,2.0,2023,0.526,0.112,111.7,105.9,5.8,0.264,0.044
1629670,Jordan Nwora,IND,24.0,62,19.2,8.7,3.7,1.4,0.4,0.2,1.1,0.436,0.408,0.791,0.581,-4.1,2023,0.561,0.187,107.0,117.2,-10.2,0.107,0.093
1629673,Jordan Poole,GSW,24.0,82,30.0,20.4,2.7,4.5,0.8,0.3,3.1,0.43,0.336,0.87,0.537,-0.1,2023,0.573,0.282,111.0,111.8,-0.8,0.234,0.043
1630631,Jose Alvarado,NOP,25.0,61,21.5,9.0,2.3,3.0,1.1,0.2,1.3,0.411,0.336,0.813,0.492,1.7,2023,0.525,0.191,112.1,108.4,3.7,0.199,0.054
1630528,Josh Christopher,HOU,21.0,64,12.3,5.8,1.1,1.1,0.5,0.2,0.9,0.465,0.236,0.75,0.25,-3.5,2023,0.523,0.215,105.4,119.3,-13.9,0.149,0.045
1630581,Josh Giddey,OKC,20.0,76,31.1,16.6,7.9,6.2,0.8,0.4,2.8,0.482,0.325,0.731,0.447,-1.4,2023,0.533,0.239,111.8,114.0,-2.2,0.293,0.121
1630182,Josh Green,DAL,22.0,60,25.7,9.1,3.0,1.7,0.7,0.1,1.2,0.537,0.402,0.723,0.45,1.3,2023,0.645,0.14,115.3,112.8,2.5,0.096,0.062
1628404,Josh Hart,NYK,28.0,76,32.3,9.8,7.8,3.8,1.2,0.3,1.5,0.529,0.372,0.75,0.553,4.1,2023,0.622,0.124,119.4,113.5,5.9,0.154,0.124
1629006,Josh Okogie,PHX,24.0,72,18.8,7.3,3.5,1.5,0.8,0.5,0.9,0.391,0.335,0.724,0.528,1.5,2023,0.531,0.174,112.9,108.0,4.9,0.104,0.09
1626196,Josh Richardson,NOP,29.0,65,23.5,10.1,2.7,2.7,1.1,0.3,1.3,0.431,0.365,0.852,0.369,-2.5,2023,0.555,0.18,108.4,113.6,-5.2,0.16,0.057
201950,Jrue Holiday,MIL,33.0,67,32.6,19.3,5.1,7.4,1.2,0.4,2.9,0.479,0.384,0.859,0.746,7.2,2023,0.586,0.244,117.0,107.9,9.2,0.321,0.073
1629308,Juan Toscano-Anderson,UTA,30.0,52,13.5,3.0,2.4,1.3,0.3,0.2,0.7,0.448,0.186,0.792,0.365,-2.8,2023,0.505,0.109,103.8,113.7,-9.9,0.122,0.083
1627823,Juancho Hernangomez,TOR,27.0,42,14.6,2.9,2.9,0.6,0.4,0.1,0.4,0.421,0.254,0.563,0.476,0.3,2023,0.504,0.092,114.3,113.8,0.5,0.051,0.101
1630577,Julian Champagnie,SAS,22.0,17,18.8,9.7,3.5,0.6,0.4,0.3,0.6,0.454,0.402,0.824,0.412,-4.4,2023,0.6,0.181,108.2,118.8,-10.6,0.043,0.085
203944,Julius Randle,NYK,28.0,77,35.5,25.1,10.0,4.1,0.6,0.3,2.8,0.459,0.343,0.757,0.571,2.2,2023,0.581,0.288,118.1,115.4,2.7,0.184,0.137
203200,Justin Holiday,DAL,34.0,46,15.4,4.5,1.2,0.9,0.4,0.4,0.5,0.377,0.322,0.625,0.391,-2.8,2023,0.494,0.132,104.8,113.9,-9.1,0.08,0.037
1626159,Justise Winslow,POR,27.0,29,26.8,6.8,5.0,3.4,1.0,0.4,1.5,0.409,0.311,0.714,0.517,-1.3,2023,0.466,0.139,109.8,112.3,-2.6,0.177,0.093
203994,Jusuf Nurkić,POR,28.0,52,26.8,13.3,9.1,2.9,0.8,0.8,2.3,0.519,0.361,0.661,0.462,0.2,2023,0.589,0.218,114.6,114.3,0.3,0.16,0.172
1630231,KJ Martin,HOU,22.0,82,28.0,12.7,5.5,1.5,0.5,0.4,1.1,0.569,0.315,0.68,0.268,-4.5,2023,0.635,0.16,110.6,118.7,-8.0,0.079,0.096
1629644,KZ Okpala,SAC,24.0,35,7.1,1.3,1.0,0.4,0.2,0.2,0.2,0.421,0.333,0.875,0.543,-0.3,2023,0.554,0.081,106.4,105.0,1.5,0.065,0.066
1630539,Kai Jones,CHA,22.0,46,11.9,3.4,2.7,0.3,0.4,0.7,0.7,0.558,0.211,0.731,0.283,-0.7,2023,0.597,0.121,105.3,108.4,-3.1,0.041,0.106
1626157,Karl-Anthony Towns,MIN,27.0,29,33.0,20.8,8.1,4.8,0.7,0.6,3.0,0.495,0.366,0.874,0.517,1.3,2023,0.618,0.25,111.2,109.4,1.8,0.225,0.118
202695,Kawhi Leonard,LAC,32.0,52,33.6,23.8,6.5,3.9,1.4,0.5,1.7,0.512,0.416,0.871,0.635,4.2,2023,0.623,0.267,118.2,112.1,6.1,0.19,0.098
1631099,Keegan Murray,SAC,22.0,80,29.8,12.2,4.6,1.2,0.8,0.5,0.8,0.453,0.411,0.765,0.588,1.2,2023,0.597,0.156,118.8,117.1,1.7,0.053,0.08
1628966,Keita Bates-Diop,SAS,27.0,67,21.7,9.7,3.7,1.5,0.7,0.3,0.8,0.508,0.394,0.793,0.269,-4.0,2023,0.609,0.165,108.1,116.6,-8.5,0.099,0.084
1629640,Keldon Johnson,SAS,23.0,63,32.8,22.0,5.0,2.9,0.7,0.2,2.1,0.452,0.329,0.749,0.27,-7.8,2023,0.551,0.273,110.2,121.4,-11.3,0.137,0.076
203482,Kelly Olynyk,UTA,32.0,68,28.6,12.5,6.2,3.7,0.9,0.5,2.5,0.499,0.394,0.853,0.412,0.2,2023,0.643,0.176,116.4,116.0,0.4,0.173,0.105
1626162,Kelly Oubre Jr.,CHA,27.0,48,32.2,20.3,5.2,1.1,1.4,0.4,1.3,0.431,0.319,0.76,0.333,-5.8,2023,0.534,0.257,107.6,115.3,-7.7,0.057,0.077
1629134,Kendrick Nunn,WAS,27.0,70,13.8,7.1,1.6,1.3,0.4,0.1,0.9,0.424,0.354,0.854,0.429,-0.8,2023,0.53,0.227,110.3,112.6,-2.3,0.137,0.054
1631113,Kennedy Chandler,MEM,20.0,36,7.8,2.2,1.1,1.6,0.3,0.1,0.5,0.422,0.133,0.462,0.611,-1.1,2023,0.44,0.15,103.0,108.4,-5.4,0.278,0.064
1629026,Kenrich Williams,OKC,28.0,53,22.8,8.0,4.9,2.0,0.8,0.3,0.6,0.517,0.373,0.436,0.491,1.4,2023,0.585,0.134,113.3,109.2,4.1,0.117,0.105
203484,Kentavious Caldwell-Pope,DEN,30.0,76,31.3,10.8,2.7,2.4,1.5,0.5,1.1,0.462,0.423,0.824,0.671,6.5,2023,0.598,0.136,121.4,111.5,9.8,0.092,0.046
1630553,Keon Johnson,POR,21.0,40,10.4,4.7,1.1,1.5,0.5,0.2,1.1,0.376,0.346,0.659,0.325,-3.8,2023,0.482,0.237,103.2,119.3,-16.2,0.226,0.054
1630556,Kessler Edwards,SAC,22.0,36,10.7,2.8,1.7,0.6,0.4,0.2,0.4,0.387,0.309,0.733,0.472,0.1,2023,0.502,0.119,118.0,115.8,2.2,0.073,0.08
201142,Kevin Durant,PHX,34.0,47,35.6,29.1,6.7,5.0,0.7,1.4,3.3,0.56,0.404,0.919,0.723,5.5,2023,0.677,0.305,117.1,110.3,6.8,0.228,0.096
1628989,Kevin Huerter,SAC,24.0,75,29.4,15.2,3.3,2.9,1.1,0.3,1.3,0.485,0.402,0.725,0.587,3.0,2023,0.617,0.197,121.0,116.6,4.5,0.137,0.06
1628995,Kevin Knox II,POR,23.0,63,15.1,6.6,2.8,0.5,0.4,0.2,0.8,0.458,0.349,0.767,0.19,-3.6,2023,0.579,0.175,104.3,115.8,-11.4,0.053,0.09
201567,Kevin Love,MIA,34.0,62,20.0,8.2,6.4,1.9,0.3,0.2,1.1,0.389,0.334,0.879,0.565,1.8,2023,0.548,0.185,113.7,109.8,3.9,0.131,0.168
1629645,Kevin Porter Jr.,HOU,23.0,59,34.3,19.2,5.3,5.7,1.4,0.3,3.2,0.442,0.366,0.784,0.305,-5.8,2023,0.565,0.239,111.2,119.5,-8.3,0.26,0.075
1630284,Kevon Harris,ORL,26.0,34,13.4,4.1,2.1,0.5,0.5,0.1,0.6,0.439,0.372,0.756,0.353,0.0,2023,0.564,0.129,110.0,109.7,0.3,0.049,0.074
1626172,Kevon Looney,GSW,27.0,82,23.9,7.0,9.3,2.5,0.6,0.6,0.5,0.63,0.0,0.606,0.537,1.9,2023,0.639,0.104,116.4,112.0,4.4,0.136,0.185
203114,Khris Middleton,MIL,31.0,33,24.3,15.1,4.2,4.9,0.7,0.2,2.2,0.436,0.315,0.902,0.758,4.0,2023,0.551,0.259,114.9,108.8,6.1,0.288,0.08
1630165,Killian Hayes,DET,21.0,76,28.3,10.3,2.9,6.2,1.4,0.4,2.3,0.377,0.28,0.821,0.211,-6.6,2023,0.455,0.201,106.7,117.6,-10.9,0.325,0.051
1630184,Kira Lewis Jr.,NOP,22.0,25,9.4,4.6,1.3,0.9,0.4,0.1,0.4,0.455,0.441,0.864,0.44,2.5,2023,0.584,0.192,115.2,104.0,11.2,0.137,0.067
202691,Klay Thompson,GSW,33.0,69,33.0,21.9,4.1,2.4,0.7,0.4,1.8,0.436,0.412,0.879,0.551,2.4,2023,0.576,0.256,115.4,112.6,2.9,0.105,0.06
1627739,Kris Dunn,UTA,29.0,22,25.8,13.2,4.5,5.6,1.1,0.5,1.6,0.537,0.472,0.774,0.364,-2.8,2023,0.606,0.195,111.6,115.9,-4.3,0.315,0.082
204001,Kristaps Porziņģis,WAS,27.0,65,32.6,23.2,8.4,2.7,0.9,1.5,2.1,0.498,0.385,0.851,0.415,1.2,2023,0.627,0.272,116.2,114.8,1.4,0.125,0.13
203937,Kyle Anderson,MIN,29.0,69,28.4,9.4,5.3,4.9,1.1,0.9,1.5,0.509,0.41,0.735,0.522,1.3,2023,0.583,0.143,113.9,111.7,2.3,0.225,0.095
1628398,Kyle Kuzma,WAS,27.0,64,35.0,21.2,7.2,3.7,0.6,0.5,3.0,0.448,0.333,0.73,0.453,0.2,2023,0.544,0.273,112.9,112.6,0.3,0.164,0.102
200768,Kyle Lowry,MIA,37.0,55,31.2,11.2,4.1,5.1,1.0,0.4,1.9,0.404,0.345,0.859,0.545,1.0,2023,0.565,0.162,112.4,111.3,1.1,0.233,0.067
202681,Kyrie Irving,DAL,31.0,60,37.3,27.1,5.1,5.5,1.1,0.8,2.1,0.494,0.379,0.905,0.533,3.7,2023,0.613,0.286,117.9,113.2,4.7,0.233,0.07
1630163,LaMelo Ball,CHA,21.0,36,35.2,23.3,6.4,8.4,1.3,0.3,3.6,0.411,0.376,0.843,0.361,-4.2,2023,0.541,0.289,112.5,117.3,-4.7,0.352,0.087
1630205,Lamar Stevens,CLE,25.0,62,18.1,5.3,3.3,0.5,0.4,0.3,0.4,0.448,0.316,0.702,0.629,0.1,2023,0.524,0.136,112.2,111.1,1.2,0.04,0.097
1629013,Landry Shamet,PHX,26.0,40,20.2,8.7,1.7,2.3,0.7,0.1,0.9,0.377,0.377,0.882,0.475,1.0,2023,0.537,0.186,109.9,107.7,2.2,0.167,0.04
1626204,Larry Nance Jr.,NOP,30.0,65,21.2,6.8,5.4,1.8,0.9,0.6,0.6,0.61,0.333,0.696,0.523,2.8,2023,0.649,0.118,114.1,107.4,6.7,0.117,0.133
1628374,Lauri Markkanen,UTA,26.0,66,34.4,25.6,8.6,1.9,0.6,0.6,1.9,0.499,0.391,0.875,0.485,2.5,2023,0.64,0.259,117.4,113.6,3.8,0.086,0.12
2544,LeBron James,LAL,38.0,55,35.5,28.9,8.3,6.8,0.9,0.6,3.2,0.5,0.321,0.768,0.545,3.9,2023,0.583,0.322,115.6,111.0,4.6,0.308,0.114
1630322,Lindy Waters III,OKC,25.0,41,12.9,5.2,1.8,0.7,0.3,0.3,0.2,0.393,0.358,0.8,0.488,3.3,2023,0.573,0.148,115.2,104.8,10.5,0.071,0.065
1629022,Lonnie Walker IV,LAL,24.0,56,23.2,11.7,1.9,1.1,0.5,0.3,0.8,0.448,0.365,0.858,0.482,-3.7,2023,0.57,0.198,108.8,116.1,-7.3,0.071,0.041
1629652,Luguentz Dort,OKC,24.0,74,30.7,13.7,4.6,2.1,1.0,0.3,1.2,0.388,0.33,0.772,0.486,0.5,2023,0.513,0.194,115.0,114.1,0.9,0.09,0.072
1629029,Luka Dončić,DAL,24.0,66,36.2,32.4,8.6,8.0,1.4,0.5,3.6,0.496,0.342,0.742,0.5,1.9,2023,0.609,0.368,118.1,116.0,2.1,0.408,0.124
1630568,Luka Garza,MIN,24.0,28,8.7,6.5,2.3,0.6,0.1,0.1,0.5,0.543,0.359,0.788,0.536,0.6,2023,0.652,0.245,121.4,119.4,2.0,0.103,0.129
1628379,Luke Kennard,MEM,27.0,59,22.3,9.3,2.7,1.5,0.5,0.1,0.8,0.492,0.494,0.949,0.627,3.6,2023,0.684,0.144,116.5,109.1,7.3,0.091,0.059
1628436,Luke Kornet,BOS,27.0,69,11.7,3.8,2.9,0.8,0.2,0.7,0.4,0.665,0.231,0.821,0.652,0.9,2023,0.697,0.111,111.8,107.9,3.9,0.093,0.116
1630201,Malachi Flynn,TOR,25.0,53,13.0,4.6,1.4,1.3,0.4,0.1,0.5,0.36,0.353,0.758,0.547,-0.8,2023,0.479,0.168,109.9,113.4,-3.5,0.145,0.054
1631103,Malaki Branham,SAS,20.0,66,23.5,10.2,2.7,1.9,0.5,0.1,1.2,0.44,0.302,0.829,0.227,-5.5,2023,0.524,0.188,108.3,119.4,-11.1,0.112,0.057
1627763,Malcolm Brogdon,BOS,30.0,67,26.0,14.9,4.2,3.7,0.7,0.3,1.5,0.484,0.444,0.87,0.687,2.7,2023,0.615,0.223,114.4,109.3,5.1,0.223,0.079
1627736,Malik Beasley,LAL,26.0,81,25.8,12.7,3.5,1.5,0.8,0.1,1.1,0.395,0.357,0.769,0.556,-1.1,2023,0.531,0.207,112.4,114.6,-2.2,0.086,0.066
1628370,Malik Monk,SAC,25.0,77,22.3,13.5,2.6,3.9,0.6,0.3,1.9,0.448,0.359,0.889,0.61,0.9,2023,0.587,0.247,113.8,112.7,1.0,0.258,0.059
1630699,MarJon Beauchamp,MIL,22.0,52,13.5,5.1,2.2,0.7,0.4,0.1,0.9,0.395,0.331,0.73,0.654,-1.9,2023,0.513,0.175,105.8,112.9,-7.2,0.072,0.076
202694,Marcus Morris Sr.,LAC,33.0,65,28.1,11.2,4.0,1.8,0.6,0.3,0.9,0.426,0.365,0.782,0.538,-0.2,2023,0.534,0.176,113.7,113.9,-0.3,0.09,0.073
203935,Marcus Smart,BOS,29.0,61,32.1,11.5,3.1,6.3,1.5,0.4,2.3,0.415,0.336,0.746,0.705,3.9,2023,0.538,0.176,118.1,111.7,6.3,0.256,0.049
1631109,Mark Williams,CHA,21.0,43,19.3,9.0,7.1,0.4,0.7,1.0,0.9,0.637,0.0,0.691,0.419,-1.8,2023,0.659,0.168,105.6,110.3,-4.7,0.033,0.17
1628365,Markelle Fultz,ORL,25.0,60,29.6,14.0,3.9,5.7,1.5,0.4,2.3,0.514,0.31,0.783,0.483,-2.2,2023,0.564,0.208,110.3,114.0,-3.7,0.29,0.066
202693,Markieff Morris,DAL,33.0,35,10.1,3.8,2.0,0.9,0.3,0.1,0.5,0.409,0.394,1.0,0.486,0.3,2023,0.553,0.159,111.2,109.5,1.7,0.114,0.097
1628963,Marvin Bagley III,DET,24.0,42,23.6,12.0,6.4,0.9,0.5,0.7,1.1,0.529,0.288,0.75,0.167,-5.5,2023,0.587,0.202,107.3,117.9,-10.6,0.058,0.133
203486,Mason Plumlee,LAC,33.0,79,26.0,10.8,8.9,3.1,0.6,0.6,1.5,0.68,0.0,0.636,0.354,-3.4,2023,0.689,0.149,111.5,117.4,-5.9,0.166,0.168
1629680,Matisse Thybulle,POR,26.0,71,16.9,4.1,2.0,0.7,1.2,0.5,0.3,0.435,0.365,0.679,0.535,-0.2,2023,0.552,0.102,109.9,110.3,-0.5,0.059,0.058
1630346,Matt Ryan,MIN,26.0,34,9.1,3.6,0.8,0.5,0.1,0.0,0.2,0.37,0.381,0.833,0.441,0.6,2023,0.538,0.157,112.3,110.1,2.2,0.068,0.041
203521,Matthew Dellavedova,SAC,32.0,32,6.6,1.5,0.4,1.3,0.2,0.0,0.3,0.34,0.333,0.571,0.594,-1.6,2023,0.443,0.122,98.3,107.1,-8.8,0.279,0.03
1631108,Max Christie,LAL,20.0,41,12.5,3.1,1.8,0.5,0.2,0.2,0.3,0.415,0.419,0.875,0.463,-1.9,2023,0.566,0.1,106.1,113.2,-7.1,0.054,0.068
1629622,Max Strus,MIA,27.0,80,28.4,11.5,3.2,2.1,0.5,0.2,0.9,0.41,0.35,0.876,0.525,-1.8,2023,0.557,0.17,109.3,113.1,-3.8,0.115,0.058
1628467,Maxi Kleber,DAL,31.0,37,25.1,5.9,3.6,1.4,0.3,0.8,0.7,0.456,0.348,0.711,0.486,-1.2,2023,0.592,0.1,110.7,113.6,-2.9,0.079,0.074
1630593,McKinley Wright IV,DAL,24.0,27,12.4,4.2,1.7,2.1,0.3,0.2,0.7,0.469,0.321,0.684,0.519,-4.1,2023,0.536,0.16,102.7,117.6,-14.9,0.275,0.067
1629008,Michael Porter Jr.,DEN,25.0,62,29.0,17.4,5.5,1.0,0.6,0.5,1.1,0.487,0.414,0.8,0.661,6.7,2023,0.621,0.22,122.6,112.2,10.4,0.048,0.097
1628969,Mikal Bridges,BKN,26.0,83,35.7,20.1,4.4,3.3,1.1,0.7,1.5,0.468,0.382,0.895,0.506,0.4,2023,0.587,0.223,114.0,113.2,0.8,0.141,0.06
201144,Mike Conley,MIN,35.0,67,30.3,11.9,2.7,6.7,1.1,0.2,1.5,0.428,0.385,0.834,0.507,0.9,2023,0.583,0.161,117.3,116.1,1.3,0.295,0.045
203488,Mike Muscala,BOS,31.0,63,15.0,6.1,3.2,0.8,0.2,0.4,0.4,0.449,0.391,0.769,0.508,3.2,2023,0.608,0.146,116.4,107.6,8.8,0.069,0.102
1630540,Miles McBride,NYK,22.0,64,11.9,3.5,0.8,1.1,0.6,0.1,0.4,0.358,0.299,0.667,0.563,0.8,2023,0.475,0.141,110.9,107.3,3.6,0.13,0.031
1629011,Mitchell Robinson,NYK,25.0,59,26.9,7.4,9.4,0.9,0.9,1.8,0.7,0.671,0.0,0.484,0.593,3.1,2023,0.652,0.101,119.9,112.6,7.3,0.044,0.171
1628964,Mo Bamba,LAL,25.0,49,15.7,6.6,4.6,0.9,0.3,0.9,0.6,0.485,0.387,0.661,0.51,0.2,2023,0.602,0.166,113.0,111.5,1.5,0.086,0.14
1628420,Monte Morris,WAS,28.0,62,27.4,10.3,3.4,5.3,0.7,0.2,1.0,0.48,0.382,0.831,0.452,0.1,2023,0.579,0.155,117.4,117.3,0.1,0.249,0.063
1626149,Montrezl Harrell,PHI,29.0,57,11.9,5.6,2.8,0.6,0.3,0.4,0.6,0.598,0.0,0.693,0.614,0.3,2023,0.631,0.178,111.9,109.6,2.2,0.073,0.117
1629021,Moritz Wagner,ORL,26.0,57,19.5,10.5,4.5,1.5,0.6,0.2,1.2,0.5,0.313,0.841,0.474,-0.5,2023,0.63,0.201,109.4,110.6,-1.1,0.115,0.115
1629650,Moses Brown,LAC,23.0,36,8.2,4.3,3.9,0.1,0.1,0.4,0.4,0.635,0.0,0.458,0.472,0.8,2023,0.607,0.188,111.5,108.1,3.5,0.021,0.211
1630541,Moses Moody,GSW,21.0,63,13.0,4.8,1.7,0.8,0.3,0.1,0.5,0.476,0.363,0.698,0.587,-0.1,2023,0.603,0.141,110.7,111.3,-0.6,0.085,0.063
1626167,Myles Turner,IND,27.0,62,29.4,18.0,7.5,1.4,0.6,2.3,1.7,0.548,0.373,0.783,0.468,-0.8,2023,0.651,0.225,115.1,116.3,-1.2,0.074,0.128
1630230,Naji Marshall,NOP,25.0,77,23.3,9.1,3.6,2.5,0.7,0.2,1.3,0.433,0.303,0.789,0.519,0.1,2023,0.539,0.172,111.2,111.4,-0.1,0.147,0.079
1629642,Nassir Little,POR,23.0,54,18.1,6.6,2.6,0.9,0.4,0.4,0.7,0.442,0.367,0.717,0.407,-3.5,2023,0.555,0.158,111.1,119.9,-8.8,0.075,0.075
1630233,Nathan Knight,MIN,25.0,38,7.7,3.7,1.5,0.3,0.3,0.2,0.6,0.568,0.364,0.684,0.5,-0.2,2023,0.655,0.177,109.6,111.9,-2.3,0.065,0.094
1629675,Naz Reid,MIN,23.0,68,18.4,11.5,4.9,1.1,0.6,0.8,1.4,0.537,0.346,0.677,0.471,-1.9,2023,0.617,0.242,109.2,113.3,-4.2,0.098,0.132
1629651,Nic Claxton,BKN,24.0,76,29.9,12.6,9.2,1.9,0.9,2.5,1.3,0.705,0.0,0.541,0.539,1.6,2023,0.691,0.155,115.1,111.3,3.7,0.091,0.155
1630208,Nick Richards,CHA,25.0,65,18.7,8.2,6.4,0.6,0.2,1.1,0.9,0.629,1.0,0.749,0.323,-1.7,2023,0.676,0.151,107.5,112.0,-4.5,0.046,0.161
1629638,Nickeil Alexander-Walker,MIN,24.0,59,15.0,6.2,1.7,1.8,0.5,0.4,0.9,0.444,0.384,0.667,0.492,-0.9,2023,0.565,0.177,109.8,111.8,-2.0,0.168,0.056
201587,Nicolas Batum,LAC,34.0,78,21.9,6.1,3.8,1.6,0.7,0.6,0.6,0.42,0.391,0.708,0.564,2.1,2023,0.594,0.111,114.5,110.0,4.5,0.095,0.086
203999,Nikola Jokić,DEN,28.0,69,33.7,24.5,11.8,9.8,1.3,0.7,3.6,0.632,0.383,0.822,0.696,9.3,2023,0.701,0.263,124.2,111.6,12.5,0.412,0.186
1631107,Nikola Jović,MIA,20.0,15,13.6,5.5,2.1,0.7,0.5,0.1,0.7,0.406,0.229,0.947,0.467,-1.1,2023,0.53,0.185,105.7,109.2,-3.5,0.076,0.079
202696,Nikola Vučević,CHI,32.0,82,33.5,17.6,11.0,3.2,0.7,0.7,1.7,0.52,0.349,0.835,0.488,-0.2,2023,0.594,0.218,112.3,112.8,-0.5,0.146,0.172
1626181,Norman Powell,LAC,30.0,60,26.1,17.0,2.9,1.8,0.8,0.3,1.7,0.479,0.397,0.812,0.517,-2.1,2023,0.612,0.251,109.2,113.0,-3.8,0.115,0.055
1628384,OG Anunoby,TOR,25.0,67,35.6,16.8,5.0,2.0,1.9,0.7,2.0,0.476,0.387,0.838,0.493,2.0,2023,0.586,0.192,114.4,111.4,3.0,0.08,0.07
1630167,Obi Toppin,NYK,25.0,67,15.7,7.4,2.8,1.0,0.3,0.2,0.6,0.446,0.344,0.809,0.552,0.9,2023,0.565,0.187,112.8,110.4,2.4,0.091,0.083
1630534,Ochai Agbaji,UTA,23.0,59,20.5,7.9,2.1,1.1,0.3,0.3,0.7,0.427,0.355,0.812,0.492,-0.3,2023,0.561,0.154,114.4,114.6,-0.2,0.072,0.047
1630168,Onyeka Okongwu,ATL,22.0,80,23.1,9.9,7.2,1.0,0.7,1.3,1.0,0.638,0.308,0.781,0.513,0.8,2023,0.678,0.15,114.2,112.4,1.8,0.06,0.154
1631115,Orlando Robinson,MIA,22.0,31,13.7,3.7,4.1,0.8,0.4,0.4,0.5,0.528,0.0,0.71,0.581,0.9,2023,0.565,0.116,110.3,106.6,3.8,0.086,0.151
1629052,Oshae Brissett,IND,25.0,65,16.7,6.1,3.4,0.7,0.5,0.2,0.5,0.386,0.31,0.717,0.415,0.3,2023,0.52,0.155,112.4,111.8,0.6,0.055,0.098
1631172,Ousmane Dieng,OKC,20.0,39,14.6,4.9,2.7,1.2,0.4,0.2,0.7,0.42,0.265,0.652,0.513,1.0,2023,0.505,0.154,110.3,107.4,2.9,0.108,0.085
200782,P.J. Tucker,PHI,38.0,75,25.6,3.5,3.9,0.8,0.5,0.2,0.6,0.427,0.393,0.826,0.64,1.8,2023,0.566,0.066,117.3,113.3,4.0,0.04,0.082
1629023,P.J. Washington,CHA,24.0,73,32.6,15.7,4.9,2.4,0.9,1.1,1.5,0.444,0.348,0.73,0.329,-5.1,2023,0.542,0.2,107.5,114.8,-7.2,0.107,0.071
1631094,Paolo Banchero,ORL,20.0,72,33.7,20.0,6.9,3.7,0.8,0.5,2.8,0.427,0.298,0.738,0.431,-3.0,2023,0.529,0.272,111.1,115.3,-4.2,0.171,0.104
1627783,Pascal Siakam,TOR,29.0,71,37.4,24.2,7.8,5.8,0.9,0.5,2.4,0.48,0.324,0.774,0.493,1.7,2023,0.565,0.27,115.6,113.3,2.4,0.244,0.107
1626192,Pat Connaughton,MIL,30.0,61,23.7,7.6,4.6,1.3,0.6,0.2,0.5,0.392,0.339,0.659,0.705,2.2,2023,0.531,0.133,113.3,109.9,3.4,0.069,0.09
1631116,Patrick Baldwin Jr.,GSW,20.0,31,7.3,3.9,1.3,0.4,0.2,0.1,0.4,0.394,0.381,0.667,0.484,-1.6,2023,0.546,0.227,100.8,113.2,-12.3,0.083,0.091
201976,Patrick Beverley,CHI,34.0,67,27.1,6.2,3.7,2.9,0.9,0.6,0.9,0.4,0.335,0.723,0.507,-1.2,2023,0.534,0.107,111.6,113.1,-1.5,0.137,0.068
1630172,Patrick Williams,CHI,21.0,82,28.3,10.2,4.0,1.2,0.9,0.9,1.2,0.464,0.415,0.857,0.488,-1.7,2023,0.576,0.156,110.7,113.2,-2.4,0.059,0.072
201988,Patty Mills,BKN,34.0,40,14.2,6.2,1.1,1.4,0.4,0.1,0.8,0.411,0.366,0.833,0.45,-1.7,2023,0.554,0.182,111.2,117.0,-5.8,0.136,0.037
202331,Paul George,LAC,33.0,56,34.6,23.8,6.1,5.1,1.5,0.4,3.1,0.457,0.371,0.871,0.571,2.8,2023,0.588,0.294,116.5,112.5,4.0,0.237,0.091
1630194,Paul Reed,PHI,24.0,69,10.9,4.2,3.8,0.4,0.7,0.7,0.7,0.593,0.167,0.745,0.638,-0.2,2023,0.62,0.152,111.0,111.5,-0.4,0.051,0.176
1630202,Payton Pritchard,BOS,25.0,48,13.4,5.6,1.8,1.3,0.3,0.0,0.8,0.412,0.364,0.75,0.667,0.3,2023,0.536,0.193,107.9,106.5,1.4,0.153,0.066
1630173,Precious Achiuwa,TOR,23.0,55,20.7,9.2,6.0,0.9,0.6,0.5,1.1,0.485,0.269,0.702,0.545,-0.7,2023,0.554,0.19,114.0,115.6,-1.6,0.063,0.144
1629656,Quentin Grimes,NYK,23.0,71,29.9,11.3,3.2,2.1,0.7,0.4,1.0,0.468,0.386,0.796,0.577,2.6,2023,0.619,0.142,118.6,114.2,4.4,0.096,0.053
1630181,R.J. Hampton,DET,22.0,47,15.9,6.4,1.9,1.1,0.6,0.2,0.9,0.43,0.353,0.75,0.191,-3.0,2023,0.558,0.175,107.1,115.8,-8.7,0.11,0.058
1629628,RJ Barrett,NYK,23.0,73,33.9,19.6,5.0,2.8,0.4,0.2,2.2,0.434,0.31,0.74,0.548,-0.8,2023,0.531,0.256,115.3,116.5,-1.2,0.124,0.071
203526,Raul Neto,CLE,31.0,48,10.5,3.3,1.0,1.6,0.4,0.1,0.5,0.518,0.286,0.912,0.646,0.2,2023,0.628,0.133,111.2,109.8,1.4,0.226,0.048
203493,Reggie Bullock Jr.,DAL,32.0,78,30.3,7.2,3.6,1.4,0.7,0.2,0.5,0.409,0.38,0.703,0.474,-1.1,2023,0.577,0.098,114.7,116.5,-1.8,0.063,0.062
202704,Reggie Jackson,DEN,33.0,68,24.4,10.2,2.1,3.4,0.7,0.1,1.7,0.411,0.333,0.91,0.529,-1.2,2023,0.514,0.205,109.5,111.7,-2.2,0.211,0.043
1626158,Richaun Holmes,SAC,29.0,42,8.3,3.1,1.9,0.2,0.1,0.3,0.3,0.618,0.625,0.789,0.524,-1.6,2023,0.668,0.132,104.2,113.5,-9.3,0.04,0.115
201937,Ricky Rubio,CLE,32.0,33,17.2,5.2,2.1,3.5,0.8,0.2,0.9,0.343,0.256,0.8,0.697,1.4,2023,0.442,0.172,107.2,104.2,3.0,0.295,0.062
203496,Robert Covington,LAC,32.0,48,16.2,6.0,3.5,1.2,0.8,0.7,0.7,0.445,0.397,0.75,0.417,-0.1,2023,0.584,0.149,109.2,110.2,-1.0,0.105,0.102
1629057,Robert Williams III,BOS,25.0,35,23.5,8.0,8.3,1.4,0.6,1.4,1.0,0.747,0.0,0.61,0.686,4.9,2023,0.742,0.113,116.3,105.0,11.4,0.086,0.168
201577,Robin Lopez,CLE,35.0,37,8.1,3.0,1.4,0.5,0.1,0.2,0.7,0.64,0.5,0.778,0.676,-1.6,2023,0.675,0.156,102.3,111.0,-8.7,0.105,0.086
203585,Rodney McGruder,DET,31.0,32,16.4,5.7,2.3,0.9,0.5,0.0,0.3,0.408,0.423,0.818,0.125,-1.4,2023,0.566,0.135,111.5,114.9,-3.5,0.071,0.07
1629641,Romeo Langford,SAS,23.0,43,19.6,6.9,2.7,1.2,0.6,0.3,0.7,0.467,0.262,0.696,0.326,-4.2,2023,0.524,0.148,107.0,115.5,-8.5,0.08,0.063
1626220,Royce O'Neale,BKN,30.0,76,31.7,8.8,5.1,3.7,0.9,0.6,1.5,0.386,0.389,0.725,0.553,1.0,2023,0.538,0.136,113.9,111.8,2.1,0.155,0.08
200752,Rudy Gay,UTA,36.0,56,14.6,5.2,2.9,1.0,0.3,0.3,0.7,0.38,0.254,0.857,0.518,1.0,2023,0.475,0.173,111.5,108.6,2.9,0.095,0.094
203497,Rudy Gobert,MIN,31.0,70,30.7,13.4,11.6,1.2,0.8,1.4,1.7,0.659,0.0,0.644,0.486,-0.1,2023,0.675,0.161,110.8,110.3,0.4,0.058,0.188
1629060,Rui Hachimura,LAL,25.0,63,23.3,11.2,4.5,0.9,0.3,0.4,0.8,0.486,0.319,0.739,0.603,-0.4,2023,0.556,0.194,108.5,109.7,-1.2,0.06,0.091
201566,Russell Westbrook,LAC,34.0,73,29.1,15.9,5.8,7.5,1.0,0.5,3.5,0.436,0.311,0.656,0.493,-0.3,2023,0.513,0.266,114.1,114.3,-0.2,0.364,0.096
1630240,Saben Lee,PHX,24.0,25,14.9,6.0,1.8,2.7,0.8,0.0,1.0,0.405,0.367,0.737,0.6,-1.2,2023,0.517,0.184,100.7,105.1,-4.4,0.278,0.055
1630180,Saddiq Bey,ATL,24.0,77,27.6,13.8,4.7,1.5,0.9,0.2,0.9,0.422,0.361,0.861,0.312,-1.9,2023,0.564,0.194,113.9,117.0,-3.1,0.08,0.084
1630573,Sam Hauser,BOS,25.0,80,16.1,6.4,2.6,0.9,0.4,0.3,0.4,0.455,0.418,0.706,0.688,2.7,2023,0.634,0.141,114.1,106.4,7.7,0.076,0.076
1630572,Sandro Mamukelashvili,SAS,24.0,43,15.3,6.1,4.3,1.4,0.3,0.3,0.8,0.422,0.303,0.684,0.535,-2.7,2023,0.516,0.177,106.3,116.4,-10.1,0.134,0.132
1630583,Santi Aldama,MEM,22.0,77,21.8,9.0,4.8,1.3,0.6,0.6,0.8,0.47,0.353,0.75,0.61,1.2,2023,0.591,0.157,112.7,110.2,2.6,0.076,0.104
1630567,Scottie Barnes,TOR,21.0,77,34.8,15.3,6.6,4.8,1.1,0.8,2.0,0.456,0.281,0.772,0.494,2.3,2023,0.524,0.2,114.8,111.6,3.2,0.195,0.097
203552,Seth Curry,BKN,32.0,61,19.8,9.2,1.6,1.6,0.6,0.1,0.8,0.463,0.405,0.927,0.607,-1.1,2023,0.593,0.188,110.4,113.9,-3.5,0.121,0.042
1631101,Shaedon Sharpe,POR,20.0,80,22.2,9.9,3.0,1.2,0.5,0.3,1.0,0.472,0.36,0.714,0.4,-3.7,2023,0.568,0.186,110.8,118.4,-7.6,0.079,0.069
1628983,Shai Gilgeous-Alexander,OKC,24.0,68,35.5,31.4,4.8,5.5,1.6,1.0,2.8,0.51,0.345,0.905,0.485,2.2,2023,0.626,0.318,116.1,113.3,2.7,0.249,0.065
1629003,Shake Milton,PHI,26.0,76,20.6,8.4,2.5,3.2,0.3,0.2,1.2,0.479,0.378,0.853,0.684,1.9,2023,0.575,0.175,114.1,110.2,3.9,0.213,0.062
1631323,Simone Fontecchio,UTA,27.0,52,14.7,6.3,1.7,0.8,0.3,0.2,0.8,0.369,0.33,0.795,0.481,-3.9,2023,0.495,0.192,105.2,118.3,-13.1,0.079,0.052
203915,Spencer Dinwiddie,BKN,30.0,79,34.5,17.3,3.4,6.5,0.8,0.3,1.8,0.438,0.369,0.812,0.519,-0.1,2023,0.573,0.22,114.1,114.2,-0.1,0.297,0.051
1626169,Stanley Johnson,UTA,27.0,30,15.6,5.8,3.2,2.2,0.5,0.2,1.1,0.533,0.45,0.667,0.167,-3.1,2023,0.625,0.148,111.5,118.5,-7.0,0.179,0.099
201939,Stephen Curry,GSW,35.0,56,34.7,29.4,6.1,6.3,0.9,0.4,3.2,0.493,0.427,0.915,0.536,4.8,2023,0.656,0.297,118.1,112.4,5.8,0.274,0.085
203500,Steven Adams,MEM,29.0,42,27.0,8.6,11.5,2.3,0.9,1.1,1.9,0.597,0.0,0.364,0.667,5.8,2023,0.564,0.139,118.7,109.0,9.7,0.107,0.196
1629004,Svi Mykhailiuk,CHA,26.0,32,14.6,6.9,1.7,1.7,0.5,0.1,0.8,0.445,0.424,0.667,0.5,0.6,2023,0.584,0.191,109.6,108.5,1.0,0.167,0.056
204456,T.J. McConnell,IND,31.0,75,20.4,8.7,3.1,5.3,1.1,0.1,1.9,0.543,0.441,0.853,0.413,-0.8,2023,0.59,0.182,110.5,112.9,-2.4,0.39,0.075
203933,T.J. Warren,PHX,29.0,42,16.4,7.5,2.9,1.0,0.5,0.3,0.5,0.489,0.328,0.8,0.619,1.3,2023,0.55,0.185,112.8,108.4,4.4,0.081,0.086
201959,Taj Gibson,WAS,38.0,49,9.8,3.4,1.9,0.7,0.3,0.2,0.5,0.52,0.333,0.714,0.429,-0.1,2023,0.585,0.151,110.6,111.7,-1.1,0.094,0.104
1629659,Talen Horton-Tucker,UTA,22.0,65,20.2,10.7,3.2,3.8,0.6,0.4,1.9,0.419,0.286,0.75,0.462,-0.1,2023,0.508,0.25,112.0,112.0,0.1,0.274,0.074
1631106,Tari Eason,HOU,22.0,82,21.6,9.3,6.0,1.1,1.2,0.6,1.2,0.448,0.343,0.752,0.268,-1.9,2023,0.525,0.184,108.6,113.4,-4.8,0.075,0.134
1627752,Taurean Prince,MIN,29.0,54,22.1,9.1,2.4,1.6,0.5,0.3,1.3,0.467,0.381,0.844,0.574,0.0,2023,0.597,0.165,111.9,111.0,0.9,0.094,0.055
1629611,Terance Mann,LAC,26.0,81,23.1,8.8,3.4,2.3,0.5,0.3,1.0,0.519,0.389,0.78,0.543,0.0,2023,0.619,0.149,113.7,113.5,0.3,0.139,0.074
1629056,Terence Davis,SAC,26.0,64,13.1,6.7,2.2,1.0,0.7,0.2,0.8,0.423,0.366,0.791,0.594,0.7,2023,0.563,0.215,115.4,111.4,4.0,0.11,0.082
203082,Terrence Ross,PHX,32.0,63,21.1,8.3,2.4,1.5,0.6,0.2,0.7,0.43,0.368,0.794,0.429,-1.2,2023,0.544,0.166,112.1,114.7,-2.6,0.101,0.057
1626179,Terry Rozier,CHA,29.0,63,35.3,21.1,4.1,5.1,1.2,0.3,2.1,0.415,0.327,0.809,0.302,-4.6,2023,0.517,0.262,109.3,115.6,-6.2,0.22,0.056
1630678,Terry Taylor,CHI,23.0,31,8.5,2.9,1.5,0.3,0.1,0.2,0.3,0.52,0.263,0.545,0.419,0.6,2023,0.557,0.129,113.2,108.8,4.5,0.052,0.082
201152,Thaddeus Young,TOR,35.0,54,14.7,4.4,3.1,1.4,1.0,0.1,0.8,0.545,0.176,0.692,0.426,-1.7,2023,0.573,0.131,109.4,115.0,-5.6,0.133,0.107
203648,Thanasis Antetokounmpo,MIL,30.0,37,5.6,1.4,1.2,0.4,0.1,0.1,0.3,0.435,0.0,0.5,0.676,-3.1,2023,0.458,0.138,93.6,120.1,-26.6,0.115,0.108
1630177,Theo Maledon,CHA,22.0,44,19.4,6.7,2.8,3.5,0.8,0.3,1.3,0.402,0.295,0.851,0.318,-3.3,2023,0.515,0.166,106.9,115.8,-8.9,0.247,0.071
1629033,Theo Pinson,DAL,27.0,40,8.1,2.4,1.6,1.2,0.2,0.0,0.3,0.356,0.355,0.846,0.475,-1.3,2023,0.512,0.136,108.6,116.2,-7.6,0.196,0.094
1628418,Thomas Bryant,DEN,25.0,59,18.3,9.8,5.7,0.5,0.3,0.5,0.6,0.623,0.441,0.738,0.559,-1.6,2023,0.682,0.181,111.1,115.8,-4.7,0.042,0.154
203501,Tim Hardaway Jr.,DAL,31.0,71,30.3,14.4,3.5,1.8,0.7,0.2,0.8,0.401,0.385,0.77,0.521,2.3,2023,0.554,0.201,117.9,114.5,3.4,0.088,0.06
202699,Tobias Harris,PHI,30.0,74,32.9,14.7,5.7,2.5,0.9,0.5,1.2,0.501,0.389,0.876,0.635,4.0,2023,0.602,0.18,117.2,111.7,5.5,0.114,0.092
1628470,Torrey Craig,PHX,32.0,79,24.7,7.4,5.4,1.5,0.6,0.8,0.9,0.456,0.395,0.711,0.557,-2.2,2023,0.566,0.128,111.9,115.5,-3.7,0.08,0.108
1629027,Trae Young,ATL,24.0,73,34.8,26.2,3.0,10.2,1.1,0.1,4.1,0.429,0.335,0.886,0.521,1.4,2023,0.573,0.313,115.9,114.6,1.3,0.414,0.042
1630200,Tre Jones,SAS,23.0,68,29.2,12.9,3.6,6.6,1.3,0.1,1.6,0.459,0.285,0.86,0.294,-4.8,2023,0.534,0.189,110.9,118.8,-7.8,0.306,0.061
1630544,Tre Mann,OKC,22.0,67,17.7,7.7,2.3,1.8,0.6,0.2,0.9,0.393,0.315,0.764,0.463,0.9,2023,0.492,0.2,109.3,108.2,1.0,0.144,0.061
1630570,Trendon Watford,POR,22.0,62,19.1,7.4,3.8,2.1,0.5,0.2,1.1,0.56,0.391,0.72,0.419,-2.9,2023,0.625,0.158,110.8,117.9,-7.1,0.162,0.105
1630235,Trent Forrest,ATL,25.0,23,12.0,2.3,1.6,1.7,0.3,0.1,0.7,0.417,0.0,0.667,0.391,-2.5,2023,0.424,0.116,104.3,114.4,-10.1,0.186,0.067
1626168,Trey Lyles,SAC,27.0,74,16.9,7.6,4.1,0.9,0.4,0.4,0.9,0.458,0.363,0.815,0.581,1.4,2023,0.607,0.174,116.3,112.3,4.0,0.073,0.12
1630530,Trey Murphy III,NOP,23.0,79,31.0,14.5,3.6,1.4,1.1,0.5,0.8,0.484,0.406,0.905,0.494,0.5,2023,0.65,0.159,113.3,112.8,0.5,0.063,0.058
1628972,Troy Brown Jr.,LAL,23.0,76,24.5,7.1,4.1,1.3,0.8,0.2,0.6,0.43,0.381,0.872,0.526,-0.2,2023,0.561,0.119,112.0,112.5,-0.5,0.067,0.079
1629660,Ty Jerome,GSW,25.0,45,18.1,6.9,1.7,3.0,0.5,0.1,0.7,0.488,0.389,0.927,0.489,-2.0,2023,0.594,0.147,110.7,116.3,-5.6,0.233,0.049
1631102,TyTy Washington Jr.,HOU,21.0,31,14.0,4.7,1.5,1.5,0.5,0.1,0.5,0.363,0.238,0.556,0.194,-1.5,2023,0.432,0.17,104.9,111.0,-6.1,0.152,0.049
1629639,Tyler Herro,MIA,23.0,67,34.9,20.1,5.4,4.2,0.8,0.2,2.4,0.439,0.378,0.934,0.552,2.5,2023,0.566,0.25,113.9,111.3,2.7,0.19,0.081
1630169,Tyrese Haliburton,IND,23.0,56,33.6,20.7,3.7,10.4,1.6,0.4,2.5,0.49,0.4,0.871,0.5,-0.6,2023,0.624,0.238,116.9,117.9,-1.0,0.457,0.055
1630178,Tyrese Maxey,PHI,22.0,60,33.6,20.3,2.9,3.5,0.8,0.1,1.3,0.481,0.434,0.845,0.65,4.0,2023,0.605,0.236,118.0,112.6,5.4,0.167,0.047
1626145,Tyus Jones,MEM,27.0,80,24.2,10.3,2.5,5.2,1.0,0.1,0.9,0.438,0.371,0.806,0.638,1.2,2023,0.546,0.175,113.6,111.6,2.0,0.286,0.049
1628962,Udoka Azubuike,UTA,23.0,36,10.0,3.5,3.3,0.3,0.2,0.4,0.5,0.819,0.0,0.35,0.472,-2.3,2023,0.774,0.113,103.2,114.9,-11.7,0.043,0.155
1630586,Usman Garuba,HOU,21.0,75,12.9,3.0,4.1,0.9,0.6,0.4,0.6,0.486,0.407,0.617,0.28,-3.4,2023,0.569,0.099,103.3,115.5,-12.2,0.096,0.149
203506,Victor Oladipo,MIA,31.0,42,26.3,10.7,3.0,3.5,1.4,0.3,2.1,0.397,0.33,0.747,0.548,-0.8,2023,0.513,0.204,110.1,111.5,-1.5,0.206,0.059
1628427,Vlatko Čančar,DEN,26.0,60,14.8,5.0,2.1,1.3,0.4,0.2,0.6,0.476,0.374,0.927,0.633,-1.1,2023,0.606,0.134,109.1,113.1,-3.9,0.125,0.073
1631117,Walker Kessler,UTA,21.0,74,23.0,9.2,8.4,0.9,0.4,2.3,0.8,0.72,0.333,0.516,0.459,1.0,2023,0.702,0.13,115.7,112.7,3.0,0.057,0.17
1628976,Wendell Carter Jr.,ORL,24.0,57,29.6,15.2,8.7,2.3,0.5,0.6,1.9,0.525,0.356,0.738,0.456,-0.7,2023,0.621,0.204,110.5,111.4,-0.8,0.119,0.149
1629117,Wenyen Gabriel,LAL,26.0,68,15.1,5.5,4.2,0.5,0.4,0.5,0.7,0.596,0.278,0.619,0.544,-0.5,2023,0.626,0.135,111.2,111.4,-0.2,0.049,0.132
202083,Wesley Matthews,MIL,36.0,52,15.8,3.4,2.2,0.7,0.4,0.3,0.3,0.363,0.315,0.857,0.712,1.0,2023,0.519,0.095,111.1,108.3,2.8,0.053,0.064
203115,Will Barton,TOR,32.0,56,17.7,6.8,2.4,2.0,0.5,0.2,0.9,0.379,0.367,0.787,0.482,-3.0,2023,0.493,0.182,104.9,113.2,-8.4,0.162,0.067
1626195,Willy Hernangomez,NOP,29.0,38,12.0,6.9,4.7,0.9,0.4,0.3,1.0,0.527,0.273,0.779,0.605,0.5,2023,0.61,0.222,108.5,106.8,1.7,0.114,0.188
1630214,Xavier Tillman,MEM,24.0,61,19.3,7.0,5.0,1.6,1.0,0.5,0.7,0.614,0.267,0.551,0.656,0.0,2023,0.621,0.136,110.9,110.1,0.7,0.109,0.124
1629139,Yuta Watanabe,BKN,28.0,58,16.0,5.6,2.4,0.8,0.4,0.3,0.4,0.491,0.444,0.723,0.517,-0.1,2023,0.637,0.127,112.3,112.9,-0.6,0.071,0.077
1628380,Zach Collins,SAS,25.0,63,22.9,11.6,6.4,2.9,0.6,0.8,2.0,0.518,0.374,0.761,0.317,-3.8,2023,0.599,0.209,108.7,116.3,-7.5,0.18,0.133
203897,Zach LaVine,CHI,28.0,77,35.9,24.8,4.5,4.2,0.9,0.2,2.5,0.485,0.375,0.848,0.494,0.2,2023,0.607,0.278,112.0,111.7,0.3,0.187,0.064
1630192,Zeke Nnaji,DEN,22.0,53,13.7,5.2,2.6,0.3,0.3,0.4,0.6,0.561,0.262,0.645,0.642,-1.8,2023,0.62,0.149,101.5,107.4,-5.9,0.04,0.093
1630533,Ziaire Williams,MEM,21.0,37,15.2,5.7,2.1,0.9,0.4,0.2,1.0,0.429,0.258,0.773,0.568,-2.1,2023,0.511,0.178,106.9,112.2,-5.2,0.086,0.067
1629627,Zion Williamson,NOP,22.0,29,33.0,26.0,7.0,4.6,1.1,0.6,3.4,0.608,0.368,0.714,0.586,5.1,2023,0.652,0.288,116.2,108.4,7.8,0.231,0.104
1630639,A.J. Lawson,DAL,23.0,42,7.4,3.2,1.2,0.5,0.2,0.1,0.3,0.446,0.26,0.652,0.643,0.4,2024,0.519,0.18,106.6,105.3,1.2,0.089,0.072
1631260,AJ Green,MIL,24.0,56,11.0,4.5,1.1,0.5,0.2,0.1,0.2,0.423,0.408,0.895,0.625,0.9,2024,0.617,0.15,114.0,110.5,3.5,0.068,0.053
203932,Aaron Gordon,DEN,28.0,73,31.5,13.9,6.5,3.5,0.8,0.6,1.4,0.556,0.29,0.658,0.671,5.8,2024,0.607,0.174,119.8,111.1,8.7,0.147,0.104
1628988,Aaron Holiday,HOU,27.0,78,16.3,6.6,1.6,1.8,0.5,0.1,0.7,0.446,0.387,0.921,0.5,1.1,2024,0.578,0.158,110.5,107.6,2.9,0.157,0.045
1630174,Aaron Nesmith,IND,24.0,72,27.7,12.2,3.8,1.5,0.9,0.7,0.9,0.496,0.419,0.781,0.569,2.2,2024,0.631,0.158,119.3,115.0,4.3,0.067,0.069
1630598,Aaron Wiggins,OKC,25.0,78,15.7,6.9,2.4,1.1,0.7,0.2,0.7,0.562,0.492,0.789,0.705,1.2,2024,0.664,0.163,115.6,110.0,5.7,0.096,0.075
201143,Al Horford,BOS,38.0,65,26.8,8.6,6.4,2.6,0.6,1.0,0.7,0.511,0.419,0.867,0.785,6.5,2024,0.65,0.119,120.9,109.5,11.4,0.124,0.116
202692,Alec Burks,NYK,32.0,66,18.4,10.4,2.3,1.3,0.4,0.2,0.7,0.369,0.376,0.868,0.273,-3.9,2024,0.536,0.234,107.8,118.5,-10.7,0.115,0.06
1630197,Aleksej Pokusevski,CHA,22.0,28,14.5,5.2,3.2,1.3,0.5,0.5,0.7,0.405,0.327,0.732,0.5,-2.6,2024,0.525,0.172,103.5,113.2,-9.7,0.132,0.108
1627936,Alex Caruso,CHI,30.0,71,28.7,10.1,3.8,3.5,1.7,1.0,1.4,0.468,0.408,0.76,0.479,0.1,2024,0.613,0.146,110.9,110.6,0.3,0.167,0.067
203458,Alex Len,SAC,31.0,48,9.3,2.5,2.7,1.0,0.2,0.7,0.6,0.617,0.0,0.588,0.5,3.0,2024,0.625,0.114,116.3,100.8,15.4,0.142,0.138
1630578,Alperen Sengun,HOU,21.0,63,32.5,21.1,9.3,5.0,1.2,0.7,2.6,0.537,0.297,0.693,0.46,0.8,2024,0.585,0.27,113.9,113.2,0.8,0.248,0.139
1641708,Amen Thompson,HOU,21.0,62,22.4,9.5,6.6,2.6,1.3,0.6,1.5,0.536,0.138,0.684,0.484,0.7,2024,0.576,0.173,111.4,109.3,2.1,0.165,0.137
1629599,Amir Coffey,LAC,27.0,70,20.9,6.6,2.1,1.1,0.6,0.2,0.5,0.472,0.38,0.859,0.657,-1.3,2024,0.604,0.119,114.6,118.0,-3.4,0.068,0.051
203083,Andre Drummond,CHI,30.0,79,17.1,8.4,9.0,0.5,0.9,0.6,1.0,0.556,0.0,0.592,0.468,0.3,2024,0.576,0.201,114.1,113.3,0.8,0.041,0.257
1641748,Andre Jackson Jr.,MIL,22.0,57,10.0,2.2,2.0,0.9,0.3,0.1,0.5,0.5,0.37,0.727,0.579,-1.6,2024,0.596,0.097,112.3,119.6,-7.3,0.113,0.102
1629614,Andrew Nembhard,IND,24.0,68,25.0,9.2,2.1,4.1,0.9,0.1,1.5,0.498,0.357,0.804,0.603,1.0,2024,0.573,0.161,116.1,114.0,2.2,0.208,0.041
203952,Andrew Wiggins,GSW,29.0,71,27.0,13.2,4.5,1.7,0.6,0.6,1.2,0.453,0.358,0.751,0.535,-0.8,2024,0.544,0.206,114.9,116.3,-1.3,0.087,0.08
1629014,Anfernee Simons,POR,25.0,46,34.4,22.6,3.6,5.5,0.5,0.1,2.7,0.43,0.385,0.916,0.239,-7.2,2024,0.568,0.276,109.9,120.5,-10.6,0.268,0.053
1641710,Anthony Black,ORL,20.0,69,16.9,4.6,2.0,1.3,0.5,0.3,0.8,0.466,0.394,0.613,0.565,-0.5,2024,0.56,0.123,108.0,108.9,-1.0,0.108,0.061
203076,Anthony Davis,LAL,31.0,76,35.5,24.7,12.6,3.5,1.2,2.3,2.1,0.556,0.271,0.816,0.592,2.0,2024,0.621,0.261,116.5,114.0,2.6,0.151,0.176
1630162,Anthony Edwards,MIN,22.0,79,35.1,25.9,5.4,5.1,1.3,0.5,3.1,0.461,0.357,0.836,0.684,5.5,2024,0.575,0.314,115.8,108.5,7.3,0.241,0.078
1630264,Anthony Gill,WAS,31.0,50,9.3,3.8,1.9,0.7,0.3,0.2,0.5,0.469,0.244,0.806,0.18,0.1,2024,0.537,0.177,113.3,112.1,1.2,0.098,0.098
1630204,Ashton Hagans,POR,24.0,19,16.6,4.2,2.4,2.8,0.6,0.5,1.6,0.408,0.32,0.824,0.158,-0.2,2024,0.51,0.144,105.3,106.5,-1.1,0.244,0.069
1641709,Ausar Thompson,DET,21.0,63,25.1,8.8,6.4,1.9,1.1,0.9,1.3,0.483,0.186,0.597,0.159,-3.7,2024,0.522,0.161,107.7,113.1,-5.3,0.108,0.124
1630559,Austin Reaves,LAL,26.0,82,32.1,15.9,4.3,5.5,0.8,0.3,2.1,0.486,0.367,0.853,0.573,-0.5,2024,0.613,0.198,114.6,115.6,-1.0,0.237,0.067
1630245,Ayo Dosunmu,CHI,24.0,76,29.1,12.2,2.8,3.2,0.9,0.5,1.4,0.501,0.403,0.81,0.487,-2.1,2024,0.604,0.168,111.6,114.9,-3.3,0.157,0.048
1628389,Bam Adebayo,MIA,26.0,71,34.0,19.3,10.4,3.9,1.1,0.9,2.3,0.521,0.357,0.755,0.563,0.7,2024,0.576,0.247,110.1,109.3,0.8,0.193,0.154
1641767,Ben Sheppard,IND,22.0,57,14.3,4.4,1.6,0.9,0.6,0.0,0.3,0.393,0.314,0.885,0.561,1.2,2024,0.524,0.125,118.8,114.2,4.7,0.072,0.054
1627732,Ben Simmons,BKN,27.0,15,23.9,6.1,7.9,5.7,0.8,0.6,1.8,0.581,0.0,0.4,0.467,-2.5,2024,0.571,0.126,109.6,113.0,-3.4,0.306,0.158
1631097,Bennedict Mathurin,IND,22.0,59,26.1,14.5,4.0,2.0,0.6,0.2,1.6,0.446,0.374,0.821,0.559,-1.6,2024,0.562,0.226,115.0,117.9,-2.9,0.105,0.075
1641731,Bilal Coulibaly,WAS,19.0,63,27.2,8.4,4.1,1.7,0.9,0.8,1.4,0.435,0.346,0.702,0.175,-6.7,2024,0.543,0.139,107.4,118.4,-11.0,0.086,0.072
202687,Bismack Biyombo,OKC,31.0,40,19.8,4.4,5.2,1.3,0.3,0.9,1.1,0.565,0.0,0.481,0.5,-1.6,2024,0.562,0.106,110.2,114.1,-3.8,0.087,0.128
1631104,Blake Wesley,SAS,21.0,61,14.4,4.4,1.5,2.7,0.5,0.1,0.9,0.474,0.218,0.667,0.311,-2.4,2024,0.537,0.144,104.6,112.4,-7.8,0.257,0.051
1626171,Bobby Portis,MIL,29.0,82,24.5,13.8,7.4,1.3,0.8,0.4,1.1,0.508,0.407,0.79,0.598,-0.1,2024,0.581,0.224,115.9,116.0,-0.1,0.078,0.15
203992,Bogdan Bogdanović,ATL,31.0,79,30.4,16.9,3.4,3.1,1.2,0.3,1.4,0.428,0.374,0.921,0.443,1.6,2024,0.569,0.218,116.3,114.4,1.9,0.147,0.055
202711,Bojan Bogdanovic,NYK,35.0,57,25.9,15.2,2.7,1.7,0.5,0.1,1.8,0.454,0.398,0.785,0.351,-6.1,2024,0.581,0.242,109.9,121.3,-11.4,0.102,0.052
1629626,Bol Bol,PHX,24.0,43,10.9,5.2,3.2,0.4,0.2,0.6,0.4,0.616,0.423,0.789,0.651,0.3,2024,0.7,0.156,108.9,108.8,0.1,0.054,0.139
1630538,Bones Hyland,LAC,23.0,37,14.6,6.9,1.5,2.5,0.7,0.1,1.2,0.386,0.326,0.783,0.541,-1.8,2024,0.49,0.241,105.5,111.5,-6.0,0.269,0.049
203078,Bradley Beal,PHX,31.0,53,33.3,18.2,4.4,5.0,1.0,0.5,2.5,0.513,0.43,0.813,0.623,2.0,2024,0.607,0.224,116.2,113.2,3.0,0.215,0.068
1641764,Brandin Podziemski,GSW,21.0,74,26.6,9.2,5.8,3.7,0.8,0.2,1.2,0.454,0.385,0.633,0.554,3.6,2024,0.54,0.149,117.5,111.6,5.9,0.176,0.104
1630527,Brandon Boston,LAC,22.0,32,10.8,5.2,1.6,0.4,0.3,0.3,0.8,0.404,0.269,0.697,0.531,-3.5,2024,0.476,0.24,102.4,118.0,-15.7,0.06,0.071
1627742,Brandon Ingram,NOP,26.0,64,32.9,20.8,5.1,5.7,0.8,0.6,2.5,0.492,0.355,0.801,0.594,2.7,2024,0.578,0.269,116.6,112.6,4.0,0.259,0.078
1641706,Brandon Miller,CHA,21.0,74,32.2,17.3,4.3,2.4,0.9,0.6,1.8,0.44,0.373,0.827,0.243,-6.9,2024,0.552,0.235,108.9,119.1,-10.2,0.114,0.067
1641729,Brice Sensabaugh,UTA,20.0,32,18.3,7.5,3.2,1.7,0.4,0.2,1.5,0.39,0.296,0.902,0.25,-5.4,2024,0.511,0.201,109.3,123.5,-14.2,0.134,0.088
201572,Brook Lopez,MIL,36.0,79,30.5,12.5,5.2,1.6,0.5,2.4,1.0,0.485,0.366,0.821,0.608,3.5,2024,0.608,0.156,117.1,111.9,5.2,0.071,0.081
1628971,Bruce Brown,TOR,27.0,67,27.8,10.8,4.2,2.9,0.9,0.3,1.3,0.478,0.323,0.824,0.388,-3.4,2024,0.563,0.161,115.6,121.4,-5.8,0.132,0.077
1628981,Bruno Fernando,ATL,25.0,45,15.2,6.3,4.3,1.0,0.6,0.6,1.0,0.583,0.0,0.667,0.444,-2.1,2024,0.615,0.172,107.5,113.9,-6.4,0.1,0.144
1631121,Bryce McGowens,CHA,21.0,59,14.9,5.1,1.7,0.9,0.4,0.2,0.5,0.439,0.333,0.776,0.186,-3.9,2024,0.565,0.147,103.3,116.3,-13.0,0.086,0.058
1627741,Buddy Hield,PHI,31.0,84,25.7,12.1,3.2,2.8,0.8,0.5,1.2,0.436,0.386,0.881,0.548,0.8,2024,0.578,0.186,116.9,115.7,1.1,0.143,0.062
203468,CJ McCollum,NOP,32.0,66,32.7,20.0,4.3,4.6,0.9,0.6,1.7,0.459,0.429,0.827,0.636,3.0,2024,0.592,0.244,115.9,112.2,3.7,0.209,0.067
1630595,Cade Cunningham,DET,22.0,62,33.5,22.7,4.3,7.5,0.9,0.4,3.4,0.449,0.355,0.869,0.145,-5.6,2024,0.546,0.298,109.9,117.8,-7.9,0.359,0.064
1631216,Caleb Houstan,ORL,21.0,59,13.8,4.3,1.4,0.5,0.3,0.1,0.3,0.388,0.373,0.808,0.525,-0.5,2024,0.582,0.122,109.4,111.2,-1.8,0.051,0.05
1628997,Caleb Martin,MIA,28.0,64,27.4,10.0,4.4,2.2,0.7,0.5,1.2,0.431,0.349,0.778,0.563,1.0,2024,0.531,0.168,113.0,111.1,1.9,0.118,0.08
1629629,Cam Reddish,LAL,24.0,48,20.5,5.4,2.1,1.0,1.0,0.3,0.6,0.389,0.336,0.759,0.563,-1.0,2024,0.504,0.123,109.7,112.5,-2.8,0.062,0.05
1630560,Cam Thomas,BKN,22.0,66,31.4,22.5,3.2,2.9,0.7,0.2,1.9,0.442,0.364,0.856,0.348,-3.0,2024,0.554,0.296,111.5,116.7,-5.2,0.151,0.05
1641715,Cam Whitmore,HOU,19.0,47,18.7,12.3,3.8,0.7,0.6,0.4,1.0,0.454,0.359,0.679,0.404,-0.6,2024,0.561,0.255,110.6,111.6,-1.0,0.058,0.094
1629661,Cameron Johnson,BKN,28.0,58,27.6,13.4,4.3,2.4,0.8,0.3,1.0,0.446,0.391,0.789,0.362,-1.3,2024,0.582,0.19,111.5,114.9,-3.4,0.129,0.076
1626166,Cameron Payne,PHI,29.0,78,16.7,7.4,1.5,2.6,0.5,0.1,0.8,0.432,0.39,0.866,0.59,-0.1,2024,0.566,0.185,112.4,113.2,-0.8,0.222,0.044
1627747,Caris LeVert,CLE,29.0,68,28.8,14.0,4.1,5.1,1.1,0.5,1.7,0.421,0.325,0.766,0.559,1.8,2024,0.524,0.224,113.9,111.2,2.8,0.258,0.071
1641717,Cason Wallace,OKC,20.0,82,20.6,6.8,2.3,1.5,0.9,0.5,0.5,0.491,0.419,0.784,0.695,1.5,2024,0.612,0.127,113.9,110.0,3.9,0.092,0.056
1626224,Cedi Osman,SAS,29.0,72,17.6,6.8,2.5,1.7,0.5,0.2,0.7,0.479,0.389,0.673,0.236,-4.9,2024,0.601,0.146,106.0,119.2,-13.2,0.131,0.068
1629646,Charles Bassey,SAS,23.0,19,10.8,3.3,4.0,1.1,0.4,0.9,0.8,0.725,0.0,0.833,0.158,-2.4,2024,0.739,0.11,105.1,116.7,-11.6,0.136,0.178
1631096,Chet Holmgren,OKC,22.0,82,29.4,16.5,7.9,2.4,0.6,2.3,1.6,0.53,0.37,0.793,0.695,5.2,2024,0.632,0.21,118.2,109.2,9.0,0.112,0.132
1629002,Chimezie Metu,DET,27.0,51,16.8,6.5,3.8,0.9,0.8,0.3,1.0,0.504,0.298,0.906,0.471,-2.1,2024,0.61,0.162,105.5,112.0,-6.6,0.08,0.115
1628449,Chris Boucher,TOR,31.0,50,14.1,6.4,4.1,0.5,0.3,0.5,0.6,0.507,0.33,0.772,0.32,0.6,2024,0.625,0.167,116.0,113.6,2.4,0.044,0.142
1630537,Chris Duarte,SAC,27.0,59,12.2,3.9,1.8,0.7,0.5,0.1,0.4,0.381,0.346,0.788,0.593,-1.1,2024,0.512,0.146,110.4,113.5,-3.1,0.082,0.072
101108,Chris Paul,GSW,39.0,58,26.4,9.2,3.9,6.8,1.2,0.1,1.3,0.441,0.371,0.827,0.569,1.9,2024,0.544,0.154,113.7,111.0,2.8,0.342,0.07
1631128,Christian Braun,DEN,23.0,82,20.2,7.3,3.7,1.6,0.5,0.4,0.7,0.46,0.384,0.694,0.695,-0.2,2024,0.554,0.152,110.0,109.3,0.7,0.109,0.087
1626174,Christian Wood,LAL,28.0,50,17.4,6.9,5.1,1.0,0.3,0.7,1.0,0.466,0.307,0.702,0.56,0.1,2024,0.568,0.173,109.9,109.9,0.0,0.079,0.144
1629643,Chuma Okeke,ORL,25.0,47,9.2,2.3,1.7,0.4,0.2,0.1,0.3,0.357,0.28,0.571,0.511,-1.5,2024,0.465,0.131,99.5,106.8,-7.3,0.076,0.089
203991,Clint Capela,ATL,30.0,73,25.8,11.5,10.6,1.2,0.6,1.5,1.0,0.571,0.0,0.631,0.452,-0.2,2024,0.59,0.167,115.5,115.6,-0.1,0.067,0.192
1629632,Coby White,CHI,24.0,79,36.5,19.1,4.5,5.1,0.7,0.2,2.1,0.447,0.376,0.838,0.468,-0.4,2024,0.57,0.224,115.0,115.8,-0.7,0.204,0.062
1628998,Cody Martin,CHA,28.0,28,26.9,7.5,3.9,3.7,1.1,0.6,1.6,0.381,0.314,0.606,0.25,-5.6,2024,0.46,0.157,106.5,117.0,-10.5,0.192,0.072
203469,Cody Zeller,NOP,31.0,43,7.4,1.8,2.6,0.9,0.2,0.1,0.4,0.419,0.333,0.605,0.605,1.1,2024,0.483,0.116,114.3,108.0,6.3,0.149,0.158
1630175,Cole Anthony,ORL,24.0,81,22.4,11.6,3.8,2.9,0.8,0.5,1.6,0.435,0.338,0.826,0.58,1.4,2024,0.545,0.232,112.6,110.0,2.6,0.2,0.088
1631221,Collin Gillespie,DEN,25.0,24,9.4,3.6,0.9,1.1,0.5,0.0,0.6,0.464,0.395,0.667,0.625,0.6,2024,0.586,0.166,111.7,109.2,2.5,0.164,0.045
1629012,Collin Sexton,UTA,25.0,78,26.6,18.7,2.6,4.9,0.8,0.2,2.1,0.487,0.394,0.859,0.372,-1.8,2024,0.607,0.267,117.0,120.4,-3.4,0.283,0.049
1630557,Corey Kispert,WAS,25.0,80,25.8,13.4,2.8,2.0,0.5,0.2,1.2,0.486,0.383,0.726,0.188,-5.6,2024,0.62,0.191,108.7,119.4,-10.7,0.111,0.052
202709,Cory Joseph,GSW,32.0,26,11.4,2.4,1.2,1.6,0.2,0.1,0.5,0.359,0.31,0.571,0.385,-0.5,2024,0.47,0.108,114.2,117.2,-3.0,0.174,0.05
1641854,Craig Porter Jr.,CLE,24.0,51,12.7,5.6,2.1,2.3,0.4,0.3,0.9,0.509,0.353,0.732,0.588,-0.5,2024,0.564,0.201,111.7,113.4,-1.6,0.265,0.088
1626156,D'Angelo Russell,LAL,28.0,76,32.7,18.0,3.1,6.3,0.9,0.5,2.1,0.456,0.415,0.828,0.605,2.4,2024,0.588,0.222,116.5,113.9,2.6,0.261,0.047
1630625,Dalano Banton,POR,24.0,54,19.4,10.3,3.3,2.4,0.6,0.4,1.4,0.404,0.296,0.783,0.444,-4.1,2024,0.504,0.25,104.5,114.7,-10.2,0.2,0.081
1631207,Dalen Terry,CHI,21.0,59,11.5,3.1,1.9,1.4,0.5,0.3,0.5,0.439,0.23,0.581,0.458,0.6,2024,0.512,0.127,112.9,110.7,2.2,0.151,0.083
1627745,Damian Jones,CLE,29.0,39,6.9,2.7,1.6,0.4,0.2,0.3,0.3,0.597,0.214,0.857,0.615,-2.3,2024,0.659,0.149,94.0,112.6,-18.7,0.097,0.12
203081,Damian Lillard,MIL,33.0,73,35.3,24.3,4.4,7.0,1.0,0.2,2.6,0.424,0.354,0.92,0.658,5.3,2024,0.59,0.274,119.4,112.4,6.9,0.284,0.06
1629655,Daniel Gafford,DAL,25.0,74,24.5,11.0,7.6,1.6,0.9,2.1,1.0,0.725,0.0,0.674,0.405,-1.4,2024,0.731,0.145,113.9,116.0,-2.2,0.083,0.147
1628464,Daniel Theis,LAC,32.0,60,16.9,6.3,4.1,1.0,0.4,0.9,0.7,0.532,0.366,0.76,0.633,1.0,2024,0.597,0.15,115.6,113.2,2.4,0.081,0.117
201568,Danilo Gallinari,MIL,35.0,49,12.8,5.7,2.2,1.1,0.3,0.1,0.5,0.437,0.323,0.857,0.306,-2.0,2024,0.601,0.171,109.1,117.5,-8.4,0.127,0.088
203957,Danté Exum,DAL,28.0,55,19.8,7.8,2.7,2.9,0.4,0.1,0.9,0.533,0.491,0.779,0.655,4.3,2024,0.645,0.148,120.7,110.5,10.3,0.181,0.067
1627863,Danuel House Jr.,PHI,31.0,34,15.0,4.2,1.7,0.8,0.4,0.1,0.6,0.448,0.3,0.761,0.618,0.6,2024,0.575,0.116,109.9,107.7,2.3,0.075,0.055
203967,Dario Šarić,GSW,30.0,64,17.2,8.0,4.4,2.3,0.5,0.2,1.2,0.466,0.376,0.849,0.547,-0.3,2024,0.6,0.19,113.7,115.3,-1.6,0.187,0.126
1629636,Darius Garland,CLE,24.0,57,33.3,18.0,2.7,6.5,1.3,0.1,3.1,0.446,0.371,0.834,0.544,2.0,2024,0.56,0.249,113.5,111.4,2.1,0.295,0.041
1631223,David Roddy,PHX,23.0,65,18.1,6.5,3.2,1.2,0.4,0.2,0.9,0.403,0.293,0.691,0.385,-3.5,2024,0.484,0.177,104.3,113.6,-9.3,0.102,0.087
1630558,Davion Mitchell,SAC,25.0,72,15.3,5.3,1.3,1.9,0.2,0.0,0.6,0.452,0.361,0.714,0.569,-0.6,2024,0.555,0.147,109.5,112.1,-2.6,0.168,0.043
202722,Davis Bertans,CHA,31.0,43,15.7,6.7,1.4,0.8,0.6,0.3,0.4,0.393,0.38,0.909,0.465,-1.7,2024,0.583,0.169,107.0,114.2,-7.2,0.076,0.046
1630549,Day'Ron Sharpe,BKN,22.0,61,15.1,6.8,6.4,1.4,0.4,0.7,1.1,0.571,0.267,0.61,0.41,1.0,2024,0.596,0.185,112.8,108.0,4.8,0.137,0.199
1628368,De'Aaron Fox,SAC,26.0,74,35.9,26.6,4.6,5.6,2.0,0.4,2.6,0.465,0.369,0.738,0.568,3.1,2024,0.567,0.3,116.6,112.3,4.3,0.244,0.062
1629631,De'Andre Hunter,ATL,26.0,57,29.5,15.6,3.9,1.5,0.7,0.3,1.5,0.459,0.385,0.847,0.456,-0.9,2024,0.595,0.204,116.7,117.9,-1.3,0.073,0.066
1629001,De'Anthony Melton,PHI,26.0,38,26.9,11.1,3.7,3.0,1.6,0.4,1.0,0.386,0.36,0.835,0.658,5.7,2024,0.533,0.177,122.0,112.0,10.0,0.144,0.069
201599,DeAndre Jordan,DEN,35.0,36,11.0,3.9,4.4,0.7,0.2,0.4,0.6,0.624,0.0,0.491,0.667,-2.4,2024,0.61,0.147,105.2,115.9,-10.7,0.098,0.182
201942,DeMar DeRozan,CHI,34.0,79,37.8,24.0,4.3,5.3,1.1,0.6,1.7,0.48,0.333,0.853,0.468,-0.8,2024,0.584,0.252,113.5,114.6,-1.0,0.22,0.057
1629731,Dean Wade,CLE,27.0,54,20.5,5.4,4.0,0.8,0.7,0.5,0.4,0.414,0.391,0.769,0.667,3.3,2024,0.598,0.101,111.9,103.5,8.3,0.052,0.094
1629028,Deandre Ayton,POR,25.0,55,32.4,16.7,11.1,1.6,1.0,0.8,1.8,0.57,0.1,0.823,0.255,-5.8,2024,0.587,0.211,106.6,115.3,-8.7,0.086,0.171
1627749,Dejounte Murray,ATL,27.0,78,35.7,22.5,5.3,6.4,1.4,0.3,2.6,0.459,0.363,0.794,0.436,-2.0,2024,0.555,0.259,116.8,119.5,-2.7,0.274,0.072
1626153,Delon Wright,MIA,32.0,47,15.8,4.5,1.8,2.5,1.1,0.2,0.3,0.394,0.368,0.822,0.34,0.3,2024,0.505,0.127,110.7,109.7,1.0,0.213,0.057
1630166,Deni Avdija,WAS,23.0,75,30.1,14.7,7.2,3.8,0.8,0.5,2.1,0.506,0.374,0.74,0.187,-4.4,2024,0.597,0.196,109.7,116.2,-6.5,0.174,0.115
203471,Dennis Schröder,BKN,30.0,80,31.1,14.0,3.0,6.1,0.8,0.2,1.9,0.435,0.375,0.836,0.375,-1.6,2024,0.55,0.202,112.6,115.4,-2.8,0.281,0.048
1628372,Dennis Smith Jr.,BKN,26.0,56,18.9,6.6,2.9,3.6,1.2,0.2,1.2,0.435,0.294,0.741,0.339,-0.6,2024,0.508,0.174,109.9,109.9,-0.1,0.276,0.076
1641726,Dereck Lively II,DAL,20.0,55,23.5,8.8,6.9,1.1,0.7,1.4,0.9,0.747,0.0,0.506,0.636,2.6,2024,0.728,0.124,120.6,115.6,5.0,0.06,0.144
1627884,Derrick Jones Jr.,DAL,27.0,76,23.5,8.6,3.3,1.0,0.7,0.7,0.9,0.483,0.343,0.713,0.618,0.7,2024,0.592,0.146,114.0,112.3,1.7,0.055,0.067
201565,Derrick Rose,MEM,35.0,24,16.6,8.0,1.9,3.3,0.3,0.1,1.3,0.461,0.366,0.889,0.25,-1.4,2024,0.54,0.222,103.9,107.7,-3.8,0.31,0.053
1628401,Derrick White,BOS,29.0,73,32.6,15.2,4.2,5.2,1.0,1.2,1.5,0.461,0.396,0.901,0.795,8.5,2024,0.611,0.183,122.4,109.9,12.5,0.209,0.063
1630217,Desmond Bane,MEM,26.0,42,34.4,23.7,4.4,5.5,1.0,0.5,2.7,0.464,0.381,0.87,0.333,-4.8,2024,0.589,0.273,108.2,115.4,-7.2,0.272,0.062
1626164,Devin Booker,PHX,27.0,68,36.0,27.1,4.5,6.9,0.9,0.4,2.6,0.492,0.364,0.886,0.632,4.6,2024,0.611,0.289,119.3,113.5,5.8,0.299,0.063
1630170,Devin Vassell,SAS,23.0,68,33.1,19.5,3.8,4.1,1.1,0.3,1.6,0.472,0.372,0.801,0.25,-4.3,2024,0.578,0.229,108.5,114.6,-6.0,0.192,0.056
1628984,Devonte' Graham,SAS,29.0,23,13.6,5.0,1.6,2.1,0.4,0.1,0.7,0.352,0.301,0.813,0.348,1.0,2024,0.495,0.175,108.9,105.6,3.3,0.219,0.055
1628415,Dillon Brooks,HOU,28.0,72,30.9,12.7,3.4,1.7,0.9,0.1,1.2,0.428,0.359,0.844,0.5,-0.3,2024,0.549,0.176,113.6,113.6,0.0,0.074,0.053
1627734,Domantas Sabonis,SAC,28.0,82,35.7,19.4,13.7,8.2,0.9,0.6,3.3,0.594,0.379,0.704,0.561,0.8,2024,0.637,0.22,116.0,115.2,0.8,0.334,0.192
1631230,Dominick Barlow,SAS,21.0,33,12.7,4.4,3.4,1.1,0.4,0.4,0.3,0.496,0.333,0.69,0.212,-1.0,2024,0.548,0.139,113.3,117.8,-4.5,0.114,0.13
1628378,Donovan Mitchell,CLE,27.0,55,35.3,26.6,5.1,6.1,1.8,0.5,2.8,0.462,0.368,0.865,0.655,5.9,2024,0.595,0.301,115.9,108.6,7.3,0.268,0.071
1628978,Donte DiVincenzo,NYK,27.0,81,29.1,15.5,3.7,2.7,1.3,0.4,1.4,0.443,0.401,0.754,0.617,2.0,2024,0.597,0.209,117.9,114.2,3.7,0.133,0.063
1627827,Dorian Finney-Smith,BKN,31.0,68,28.4,8.5,4.7,1.6,0.8,0.6,0.9,0.421,0.348,0.717,0.412,-1.6,2024,0.546,0.132,111.0,113.2,-2.2,0.077,0.079
203926,Doug McDermott,IND,32.0,64,14.1,5.5,0.9,1.1,0.3,0.0,0.4,0.433,0.41,0.579,0.344,-2.2,2024,0.6,0.144,111.6,120.9,-9.3,0.097,0.032
203110,Draymond Green,GSW,34.0,55,27.1,8.6,7.2,6.0,1.0,0.9,2.5,0.497,0.395,0.73,0.6,3.1,2024,0.587,0.148,115.6,110.7,4.9,0.276,0.127
1629234,Drew Eubanks,PHX,27.0,75,15.6,5.1,4.3,0.8,0.4,0.8,0.8,0.601,1.0,0.774,0.56,-1.4,2024,0.645,0.129,108.3,112.3,-4.1,0.079,0.135
1629130,Duncan Robinson,MIA,30.0,68,28.0,12.9,2.5,2.8,0.7,0.2,1.4,0.45,0.395,0.889,0.559,0.6,2024,0.612,0.184,111.5,111.0,0.5,0.151,0.046
1641871,Duop Reath,POR,28.0,68,17.9,9.1,3.7,1.0,0.5,0.6,0.8,0.461,0.359,0.742,0.25,-2.8,2024,0.571,0.202,109.6,116.8,-7.1,0.088,0.101
203939,Dwight Powell,DAL,32.0,63,13.3,3.3,3.4,1.3,0.4,0.3,0.5,0.679,0.333,0.708,0.603,0.0,2024,0.716,0.087,114.7,114.4,0.3,0.128,0.124
1630700,Dyson Daniels,NOP,21.0,61,22.3,5.8,3.9,2.7,1.4,0.4,1.0,0.447,0.311,0.642,0.557,1.2,2024,0.529,0.123,115.0,111.7,3.3,0.157,0.086
201569,Eric Gordon,PHX,35.0,68,27.8,11.0,1.8,2.0,1.0,0.4,1.1,0.443,0.378,0.797,0.603,1.9,2024,0.58,0.162,115.6,112.2,3.5,0.1,0.032
1630647,Eugene Omoruyi,WAS,27.0,43,9.1,4.8,2.0,0.8,0.6,0.1,0.5,0.485,0.283,0.653,0.116,-3.2,2024,0.549,0.208,100.1,114.2,-14.1,0.141,0.102
203095,Evan Fournier,DET,31.0,32,18.1,6.9,1.8,1.5,0.9,0.2,0.7,0.357,0.254,0.806,0.25,-4.4,2024,0.464,0.187,97.8,109.9,-12.1,0.131,0.048
1630596,Evan Mobley,CLE,23.0,50,30.6,15.7,9.4,3.2,0.9,1.4,1.8,0.58,0.373,0.719,0.58,0.7,2024,0.626,0.2,111.2,110.1,1.2,0.155,0.15
1630532,Franz Wagner,ORL,22.0,72,32.5,19.7,5.3,3.7,1.1,0.4,1.9,0.482,0.281,0.85,0.611,2.8,2024,0.575,0.25,112.5,108.2,4.3,0.183,0.084
1627832,Fred VanVleet,HOU,30.0,73,36.8,17.4,3.8,8.1,1.4,0.8,1.7,0.416,0.387,0.86,0.521,2.5,2024,0.568,0.194,114.6,111.6,3.0,0.312,0.05
1627788,Furkan Korkmaz,PHI,26.0,35,8.6,2.5,0.9,0.7,0.4,0.1,0.3,0.395,0.35,0.7,0.629,1.3,2024,0.519,0.126,116.5,110.2,6.4,0.108,0.049
1641713,GG Jackson,MEM,19.0,48,25.7,14.6,4.1,1.2,0.6,0.5,1.4,0.428,0.357,0.752,0.292,-4.0,2024,0.554,0.238,104.3,111.4,-7.1,0.082,0.076
1629216,Gabe Vincent,LAL,28.0,11,19.8,3.1,0.8,1.9,0.8,0.0,0.5,0.306,0.107,0.5,0.636,2.8,2024,0.341,0.105,109.8,103.0,6.8,0.126,0.02
202066,Garrett Temple,TOR,38.0,27,10.7,3.3,1.7,1.0,0.4,0.1,0.5,0.372,0.3,0.818,0.185,-2.9,2024,0.502,0.147,100.3,113.4,-13.1,0.14,0.075
1629726,Garrison Mathews,ATL,27.0,66,15.0,4.9,1.4,0.6,0.3,0.1,0.3,0.456,0.44,0.81,0.439,-1.5,2024,0.665,0.11,111.8,115.8,-4.0,0.049,0.047
203914,Gary Harris,ORL,29.0,54,24.0,6.9,1.7,1.6,0.9,0.3,0.6,0.441,0.371,0.756,0.648,1.7,2024,0.587,0.114,113.6,110.3,3.3,0.09,0.037
1627780,Gary Payton II,GSW,31.0,44,15.5,5.5,2.6,1.1,0.9,0.4,0.6,0.563,0.364,0.609,0.614,1.9,2024,0.621,0.13,114.7,108.9,5.8,0.094,0.081
1629018,Gary Trent Jr.,TOR,25.0,71,28.1,13.7,2.6,1.7,1.1,0.1,0.7,0.426,0.393,0.771,0.338,-2.7,2024,0.548,0.195,113.7,118.2,-4.6,0.084,0.047
1627777,Georges Niang,CLE,31.0,82,22.3,9.4,3.4,1.2,0.4,0.2,0.9,0.449,0.376,0.85,0.585,0.4,2024,0.583,0.173,114.4,113.9,0.6,0.075,0.076
203507,Giannis Antetokounmpo,MIL,29.0,73,35.2,30.4,11.5,6.5,1.2,1.1,3.4,0.611,0.274,0.657,0.616,4.6,2024,0.649,0.32,119.8,113.2,6.6,0.314,0.159
1629048,Goga Bitadze,ORL,24.0,62,15.4,5.0,4.6,1.3,0.5,1.2,0.7,0.603,0.143,0.655,0.548,0.4,2024,0.629,0.129,112.1,110.3,1.8,0.117,0.148
202330,Gordon Hayward,OKC,34.0,51,24.4,9.8,3.5,3.1,0.8,0.3,1.3,0.464,0.411,0.742,0.49,-2.6,2024,0.548,0.175,112.0,118.0,-6.0,0.17,0.072
1641711,Gradey Dick,TOR,20.0,60,21.1,8.5,2.2,1.1,0.6,0.0,0.8,0.425,0.365,0.863,0.3,-6.3,2024,0.546,0.167,105.1,119.1,-13.9,0.078,0.051
1629684,Grant Williams,CHA,25.0,76,28.0,10.3,4.2,2.3,0.6,0.5,1.4,0.456,0.375,0.757,0.447,-3.2,2024,0.588,0.157,110.8,116.6,-5.7,0.114,0.075
1628960,Grayson Allen,PHX,28.0,75,33.5,13.5,3.9,3.0,0.9,0.6,1.3,0.499,0.461,0.878,0.6,3.5,2024,0.679,0.143,119.0,113.9,5.1,0.117,0.059
203084,Harrison Barnes,SAC,32.0,82,29.0,12.2,3.0,1.2,0.7,0.1,0.7,0.474,0.387,0.801,0.561,-1.0,2024,0.611,0.154,114.1,115.7,-1.7,0.056,0.052
1629312,Haywood Highsmith,MIA,27.0,66,20.7,6.1,3.2,1.1,0.8,0.5,0.5,0.465,0.396,0.639,0.591,0.1,2024,0.587,0.121,110.1,109.0,1.1,0.074,0.078
1630529,Herbert Jones,NOP,25.0,76,30.5,11.0,3.6,2.6,1.4,0.8,1.2,0.498,0.418,0.867,0.605,3.0,2024,0.636,0.141,116.4,111.0,5.5,0.112,0.059
1630641,Ibou Badji,POR,21.0,22,10.3,1.5,2.3,0.6,0.1,0.9,0.7,0.636,0.0,0.5,0.227,-4.1,2024,0.623,0.079,95.5,112.3,-16.8,0.088,0.109
1630193,Immanuel Quickley,TOR,25.0,68,29.2,17.0,3.8,4.9,0.7,0.1,1.5,0.434,0.395,0.853,0.412,-0.5,2024,0.577,0.233,113.2,114.2,-1.0,0.245,0.064
1630171,Isaac Okoro,CLE,23.0,69,27.3,9.4,3.0,1.9,0.8,0.5,0.8,0.49,0.391,0.679,0.594,0.6,2024,0.599,0.136,113.1,110.7,2.4,0.095,0.054
1628392,Isaiah Hartenstein,NYK,26.0,75,25.3,7.8,8.3,2.5,1.2,1.1,1.2,0.644,0.333,0.707,0.627,5.4,2024,0.67,0.116,120.3,110.3,10.0,0.127,0.165
1630543,Isaiah Jackson,IND,22.0,60,12.8,6.4,4.0,0.8,0.6,1.0,0.7,0.665,0.0,0.716,0.617,0.5,2024,0.689,0.165,114.5,111.7,2.7,0.085,0.154
1630198,Isaiah Joe,OKC,24.0,78,18.5,8.2,2.3,1.3,0.6,0.3,0.6,0.458,0.416,0.865,0.692,4.5,2024,0.626,0.157,116.6,107.5,9.1,0.093,0.061
1630587,Isaiah Livers,DET,25.0,23,20.4,5.0,2.1,1.1,0.6,0.2,0.7,0.345,0.286,0.667,0.043,-8.7,2024,0.46,0.122,106.1,125.4,-19.3,0.071,0.05
1630191,Isaiah Stewart,DET,23.0,46,30.9,10.9,6.6,1.6,0.4,0.8,1.4,0.487,0.383,0.753,0.196,-2.9,2024,0.6,0.143,110.3,114.5,-4.2,0.069,0.107
202397,Ish Smith,CHA,35.0,43,17.2,3.2,1.8,3.4,0.4,0.1,1.1,0.418,0.5,0.75,0.14,-6.5,2024,0.435,0.119,101.7,119.2,-17.5,0.268,0.051
1627826,Ivica Zubac,LAC,27.0,68,26.4,11.7,9.2,1.4,0.3,1.2,1.2,0.649,0.0,0.723,0.618,2.7,2024,0.671,0.165,117.1,112.4,4.7,0.075,0.179
1630550,JT Thor,CHA,21.0,63,12.4,3.2,2.3,0.5,0.2,0.4,0.2,0.437,0.346,0.55,0.254,-0.8,2024,0.519,0.113,107.5,110.7,-3.2,0.052,0.091
1629630,Ja Morant,MEM,24.0,9,35.3,25.1,5.6,8.1,0.8,0.6,3.0,0.471,0.275,0.813,0.667,1.2,2024,0.57,0.296,111.0,111.1,-0.2,0.384,0.077
201580,JaVale McGee,SAC,36.0,46,7.4,4.0,2.7,0.4,0.3,0.4,0.7,0.598,0.143,0.578,0.609,0.2,2024,0.609,0.214,108.5,110.4,-1.9,0.076,0.175
1631095,Jabari Smith Jr.,HOU,21.0,76,31.9,13.7,8.1,1.6,0.7,0.8,1.2,0.454,0.363,0.811,0.513,-1.1,2024,0.571,0.174,111.9,113.8,-1.9,0.071,0.121
1631133,Jabari Walker,POR,21.0,72,23.6,8.9,7.1,1.0,0.6,0.3,0.9,0.46,0.295,0.754,0.25,-4.7,2024,0.546,0.159,107.1,116.5,-9.5,0.062,0.147
1631367,Jacob Gilyard,BKN,25.0,41,17.0,4.2,1.1,3.3,0.8,0.1,0.7,0.4,0.405,1.0,0.293,-4.2,2024,0.573,0.112,105.8,117.7,-12.0,0.29,0.033
1630702,Jaden Hardy,DAL,21.0,73,13.6,7.3,1.8,1.5,0.3,0.1,0.8,0.407,0.362,0.776,0.603,-1.7,2024,0.517,0.238,108.1,114.5,-6.5,0.17,0.064
1631093,Jaden Ivey,DET,22.0,77,28.8,15.4,3.4,3.8,0.7,0.5,2.5,0.429,0.336,0.749,0.182,-4.5,2024,0.536,0.244,109.9,117.7,-7.7,0.196,0.059
1630183,Jaden McDaniels,MIN,23.0,72,29.2,10.5,3.1,1.4,0.9,0.6,1.2,0.489,0.337,0.722,0.667,2.2,2024,0.571,0.156,114.2,110.4,3.8,0.067,0.054
1630531,Jaden Springer,BOS,21.0,49,10.3,3.3,1.6,0.9,0.7,0.3,0.7,0.399,0.208,0.833,0.653,-0.6,2024,0.49,0.167,112.4,112.9,-0.5,0.121,0.078
203109,Jae Crowder,MIL,33.0,50,23.1,6.2,3.2,1.3,0.8,0.2,0.5,0.422,0.349,0.722,0.5,-1.4,2024,0.546,0.113,112.3,114.9,-2.6,0.076,0.069
1630256,Jae'Sean Tate,HOU,28.0,65,15.9,4.1,3.0,1.0,0.6,0.2,0.6,0.472,0.299,0.667,0.492,1.2,2024,0.538,0.115,110.1,105.0,5.1,0.085,0.09
1631170,Jaime Jaquez Jr.,MIA,23.0,75,28.2,11.9,3.8,2.6,1.0,0.3,1.5,0.489,0.322,0.811,0.587,1.4,2024,0.574,0.181,113.1,110.4,2.8,0.137,0.067
1631222,Jake LaRavia,MEM,22.0,35,23.0,10.8,3.7,1.7,0.8,0.3,1.3,0.389,0.34,0.826,0.229,-3.3,2024,0.54,0.201,105.2,111.9,-6.7,0.116,0.074
1627751,Jakob Poeltl,TOR,28.0,50,26.4,11.1,8.6,2.5,0.7,1.5,1.5,0.656,0.0,0.551,0.42,-0.3,2024,0.653,0.16,113.6,114.2,-0.6,0.131,0.162
1628973,Jalen Brunson,NYK,27.0,77,35.4,28.7,3.6,6.7,0.9,0.2,2.4,0.479,0.401,0.847,0.636,6.6,2024,0.592,0.311,121.2,112.6,8.6,0.315,0.051
1631105,Jalen Duren,DET,20.0,61,29.1,13.8,11.6,2.4,0.5,0.8,2.1,0.619,0.0,0.79,0.213,-5.1,2024,0.653,0.181,109.3,117.0,-7.6,0.123,0.194
1630224,Jalen Green,HOU,22.0,82,31.7,19.6,5.2,3.5,0.8,0.3,2.3,0.423,0.332,0.804,0.5,0.4,2024,0.541,0.27,113.8,113.8,0.0,0.17,0.078
1630552,Jalen Johnson,ATL,22.0,56,33.7,16.0,8.7,3.6,1.2,0.8,1.8,0.511,0.355,0.728,0.482,-1.4,2024,0.584,0.184,113.3,115.2,-1.9,0.154,0.122
1629667,Jalen McDaniels,TOR,26.0,50,10.8,3.4,1.6,0.7,0.4,0.1,0.6,0.344,0.169,0.73,0.24,-3.2,2024,0.412,0.179,100.9,115.0,-14.1,0.105,0.069
1630188,Jalen Smith,IND,24.0,61,17.2,9.9,5.5,1.0,0.3,0.6,0.7,0.592,0.424,0.692,0.59,-0.2,2024,0.682,0.187,119.5,118.6,1.0,0.078,0.16
1630591,Jalen Suggs,ORL,23.0,75,27.0,12.6,3.1,2.7,1.4,0.6,1.8,0.471,0.397,0.756,0.573,0.6,2024,0.602,0.191,111.8,110.8,1.0,0.147,0.058
1631114,Jalen Williams,OKC,23.0,71,31.3,19.1,4.0,4.5,1.1,0.6,1.7,0.54,0.427,0.814,0.718,5.4,2024,0.621,0.232,117.7,108.9,8.8,0.202,0.062
1630592,Jalen Wilson,BKN,23.0,43,15.5,5.0,3.0,1.0,0.3,0.1,0.4,0.425,0.324,0.826,0.326,-0.1,2024,0.537,0.138,111.4,113.0,-1.6,0.095,0.097
1631288,Jamal Cain,MIA,25.0,26,10.0,3.7,1.4,0.4,0.4,0.2,0.3,0.43,0.355,0.783,0.538,-1.0,2024,0.544,0.158,105.4,108.8,-3.4,0.056,0.072
1627750,Jamal Murray,DEN,27.0,59,31.5,21.2,4.1,6.5,1.0,0.7,2.1,0.481,0.425,0.853,0.746,5.3,2024,0.586,0.273,120.7,112.4,8.2,0.296,0.066
201935,James Harden,LAC,34.0,72,34.3,16.6,5.1,8.5,1.1,0.8,2.6,0.428,0.381,0.878,0.639,4.0,2024,0.612,0.202,120.9,115.2,5.6,0.338,0.077
1630164,James Wiseman,DET,23.0,63,17.3,7.1,5.3,0.9,0.2,0.6,1.0,0.613,0.0,0.706,0.143,-5.2,2024,0.637,0.158,104.8,118.2,-13.4,0.077,0.15
1641716,Jarace Walker,IND,20.0,33,10.3,3.6,1.9,1.2,0.5,0.3,0.5,0.409,0.4,0.889,0.545,0.6,2024,0.527,0.155,117.3,114.6,2.7,0.138,0.096
1630215,Jared Butler,WAS,23.0,40,14.1,6.3,1.5,3.2,0.7,0.2,1.3,0.488,0.308,0.861,0.15,-1.2,2024,0.579,0.194,107.6,111.4,-3.8,0.321,0.049
1631197,Jared Rhoden,DET,24.0,17,14.4,4.9,1.9,0.8,0.2,0.8,0.4,0.5,0.387,0.625,0.118,-2.3,2024,0.597,0.135,105.7,115.0,-9.4,0.085,0.068
1628991,Jaren Jackson Jr.,MEM,24.0,66,32.2,22.5,5.5,2.3,1.2,1.6,2.4,0.444,0.32,0.808,0.333,-5.2,2024,0.553,0.302,106.6,113.9,-7.3,0.133,0.083
1629020,Jarred Vanderbilt,LAL,25.0,29,20.0,5.2,4.8,1.2,1.2,0.2,1.0,0.518,0.296,0.667,0.483,1.5,2024,0.578,0.111,113.6,109.4,4.2,0.077,0.12
1628386,Jarrett Allen,CLE,26.0,77,31.7,16.5,10.5,2.7,0.7,1.1,1.6,0.634,0.0,0.742,0.597,2.6,2024,0.664,0.191,115.5,110.7,4.8,0.128,0.168
1631241,Javon Freeman-Liberty,TOR,24.0,22,18.3,7.0,3.2,1.8,0.5,0.2,1.1,0.444,0.238,0.917,0.136,-7.2,2024,0.547,0.17,102.6,120.7,-18.2,0.143,0.087
1629750,Javonte Green,CHI,30.0,9,25.6,12.2,7.4,0.6,1.1,0.9,0.8,0.6,0.37,0.769,0.556,3.1,2024,0.681,0.159,117.8,112.8,5.0,0.027,0.154
1629637,Jaxson Hayes,LAL,24.0,70,12.5,4.3,3.0,0.5,0.5,0.4,0.6,0.72,0.0,0.622,0.586,-1.5,2024,0.718,0.121,109.6,114.4,-4.7,0.051,0.118
1627759,Jaylen Brown,BOS,27.0,70,33.5,23.0,5.5,3.6,1.2,0.5,2.4,0.499,0.354,0.703,0.743,5.9,2024,0.58,0.283,120.2,111.6,8.7,0.165,0.08
1629669,Jaylen Nowell,SAC,24.0,13,16.4,6.2,1.8,1.5,0.3,0.2,0.5,0.436,0.207,0.778,0.231,-2.5,2024,0.494,0.176,103.6,111.0,-7.4,0.137,0.053
1631119,Jaylin Williams,OKC,22.0,69,13.0,4.0,3.4,1.6,0.4,0.4,0.5,0.417,0.368,0.805,0.696,1.8,2024,0.561,0.133,114.7,107.9,6.8,0.162,0.131
1628369,Jayson Tatum,BOS,26.0,74,35.7,26.9,8.1,4.9,1.0,0.6,2.5,0.471,0.376,0.833,0.77,8.2,2024,0.604,0.296,121.7,110.5,11.2,0.211,0.11
201145,Jeff Green,HOU,37.0,78,16.8,6.5,2.3,0.9,0.2,0.4,0.6,0.456,0.331,0.819,0.5,-1.0,2024,0.59,0.152,109.7,112.7,-2.9,0.079,0.065
203924,Jerami Grant,POR,30.0,54,33.9,21.0,3.5,2.8,0.8,0.6,2.1,0.451,0.402,0.817,0.315,-6.5,2024,0.573,0.255,107.8,117.5,-9.6,0.138,0.052
1630526,Jeremiah Robinson-Earl,NOP,23.0,39,8.6,2.9,1.9,0.5,0.3,0.1,0.4,0.474,0.333,0.75,0.564,-0.6,2024,0.564,0.144,106.2,108.1,-1.9,0.091,0.109
1631110,Jeremy Sochan,SAS,21.0,74,29.6,11.6,6.4,3.4,0.8,0.5,1.9,0.438,0.308,0.771,0.243,-4.6,2024,0.513,0.187,108.1,115.0,-7.0,0.161,0.106
1630579,Jericho Sims,NYK,25.0,45,13.0,2.0,3.3,0.6,0.2,0.4,0.4,0.691,0.0,0.667,0.667,-0.2,2024,0.702,0.06,109.0,109.7,-0.7,0.059,0.122
1628975,Jevon Carter,CHI,28.0,72,13.9,5.0,0.8,1.3,0.5,0.2,0.5,0.378,0.329,0.571,0.486,0.4,2024,0.485,0.168,110.0,108.6,1.4,0.129,0.029
202710,Jimmy Butler III,MIA,34.0,60,34.0,20.8,5.3,5.0,1.3,0.3,1.7,0.499,0.414,0.858,0.55,3.6,2024,0.626,0.235,116.0,110.5,5.5,0.228,0.08
1629111,Jock Landale,HOU,28.0,56,13.6,4.9,3.1,1.2,0.4,0.6,0.6,0.515,0.25,0.8,0.5,2.9,2024,0.584,0.139,114.9,105.3,9.6,0.113,0.104
204060,Joe Ingles,ORL,36.0,68,17.2,4.4,2.1,3.0,0.6,0.1,1.0,0.436,0.435,0.824,0.618,2.4,2024,0.612,0.111,116.1,110.3,5.8,0.217,0.064
203954,Joel Embiid,PHI,30.0,39,33.6,34.7,11.0,5.6,1.2,1.7,3.8,0.529,0.388,0.883,0.795,6.8,2024,0.644,0.387,119.8,109.5,10.3,0.315,0.16
1628381,John Collins,UTA,26.0,68,28.0,15.1,8.5,1.1,0.6,0.9,1.4,0.532,0.371,0.795,0.397,-4.5,2024,0.621,0.199,114.2,121.7,-7.5,0.06,0.149
1629723,John Konchar,MEM,28.0,55,21.3,4.3,4.7,2.0,0.9,0.9,0.8,0.423,0.317,0.84,0.327,-2.7,2024,0.537,0.096,106.3,112.2,-5.9,0.13,0.108
1631098,Johnny Davis,WAS,22.0,50,12.3,3.0,1.4,0.6,0.4,0.2,0.3,0.403,0.35,0.583,0.16,-3.0,2024,0.462,0.117,104.9,115.2,-10.3,0.068,0.056
1630548,Johnny Juzang,UTA,23.0,20,18.6,7.2,1.8,1.2,0.2,0.1,0.7,0.464,0.416,0.714,0.25,-0.4,2024,0.62,0.147,114.3,116.1,-1.8,0.086,0.046
202685,Jonas Valančiūnas,NOP,32.0,82,23.5,12.2,8.8,2.1,0.4,0.8,1.4,0.559,0.308,0.785,0.598,1.9,2024,0.619,0.207,117.3,113.4,3.9,0.128,0.189
1628371,Jonathan Isaac,ORL,26.0,58,15.8,6.8,4.5,0.5,0.7,1.2,0.5,0.51,0.375,0.72,0.603,3.1,2024,0.61,0.16,113.0,102.1,10.9,0.047,0.144
1630228,Jonathan Kuminga,GSW,21.0,74,26.3,16.1,4.8,2.2,0.7,0.5,1.6,0.529,0.321,0.746,0.541,1.7,2024,0.598,0.237,115.1,112.2,2.9,0.123,0.087
1629007,Jontay Porter,DET,24.0,26,13.8,4.4,3.2,2.3,0.8,0.8,0.8,0.385,0.333,0.833,0.231,-2.8,2024,0.514,0.155,105.8,115.0,-9.2,0.226,0.112
203903,Jordan Clarkson,UTA,32.0,55,30.6,17.1,3.4,5.0,0.6,0.1,2.7,0.413,0.294,0.881,0.4,-3.5,2024,0.521,0.255,113.9,119.7,-5.7,0.247,0.055
1630692,Jordan Goodwin,MEM,25.0,57,18.5,6.5,4.4,2.7,0.8,0.3,1.0,0.369,0.298,0.746,0.526,-1.6,2024,0.451,0.182,105.6,109.7,-4.1,0.219,0.113
1641722,Jordan Hawkins,NOP,22.0,67,17.3,7.8,2.2,1.0,0.3,0.1,0.6,0.382,0.366,0.838,0.567,0.2,2024,0.533,0.188,113.4,114.3,-0.9,0.084,0.061
1629162,Jordan McLaughlin,MIN,28.0,56,11.2,3.5,1.3,2.0,0.6,0.1,0.3,0.483,0.472,0.722,0.625,2.8,2024,0.638,0.119,111.1,100.1,11.0,0.229,0.058
1629670,Jordan Nwora,TOR,25.0,52,13.7,7.0,2.9,1.2,0.5,0.3,1.0,0.462,0.336,0.83,0.269,-3.8,2024,0.565,0.213,103.1,116.8,-13.7,0.134,0.102
1629673,Jordan Poole,WAS,25.0,78,30.1,17.4,2.7,4.4,1.1,0.3,2.4,0.413,0.326,0.877,0.192,-7.1,2024,0.529,0.256,108.4,119.5,-11.1,0.212,0.043
1630631,Jose Alvarado,NOP,26.0,56,18.4,7.1,2.3,2.1,1.1,0.3,0.7,0.412,0.377,0.673,0.679,4.3,2024,0.54,0.168,117.3,105.2,12.0,0.154,0.061
1630581,Josh Giddey,OKC,21.0,80,25.1,12.3,6.4,4.8,0.7,0.6,2.1,0.475,0.337,0.806,0.7,4.7,2024,0.547,0.223,119.6,111.5,8.2,0.252,0.127
1630182,Josh Green,DAL,23.0,57,26.4,8.2,3.2,2.3,0.8,0.2,1.1,0.479,0.385,0.684,0.561,-1.8,2024,0.588,0.129,116.7,118.8,-2.1,0.111,0.061
1628404,Josh Hart,NYK,29.0,81,33.4,9.4,8.3,4.1,0.9,0.3,1.5,0.434,0.31,0.791,0.605,4.3,2024,0.522,0.133,117.2,110.6,6.6,0.164,0.123
1629006,Josh Okogie,PHX,25.0,60,16.0,4.6,2.6,1.1,0.8,0.4,0.6,0.417,0.309,0.745,0.617,0.1,2024,0.552,0.125,112.8,111.5,1.3,0.091,0.08
1626196,Josh Richardson,MIA,30.0,43,25.6,9.9,2.8,2.4,0.6,0.3,0.8,0.444,0.347,0.944,0.558,-2.5,2024,0.573,0.159,108.7,113.7,-5.0,0.144,0.056
201950,Jrue Holiday,BOS,34.0,69,32.8,12.5,5.4,4.8,0.9,0.8,1.8,0.48,0.429,0.833,0.768,6.2,2024,0.597,0.161,120.6,110.9,9.7,0.196,0.079
1630577,Julian Champagnie,SAS,23.0,74,19.8,6.8,2.8,1.4,0.6,0.6,0.8,0.408,0.365,0.815,0.257,-1.9,2024,0.57,0.14,109.1,113.5,-4.5,0.093,0.069
1641763,Julian Phillips,CHI,20.0,40,8.1,2.2,0.9,0.3,0.2,0.2,0.3,0.416,0.316,0.684,0.5,-0.1,2024,0.521,0.121,112.1,111.7,0.4,0.052,0.055
1631124,Julian Strawther,DEN,22.0,50,10.9,4.5,1.2,0.9,0.3,0.1,0.5,0.369,0.297,0.71,0.68,-2.1,2024,0.482,0.193,105.6,115.4,-9.8,0.123,0.052
203944,Julius Randle,NYK,29.0,46,35.4,24.0,9.2,5.0,0.5,0.3,3.5,0.472,0.311,0.781,0.63,4.7,2024,0.569,0.287,119.7,113.8,6.0,0.217,0.128
1630551,Justin Champagnie,WAS,23.0,15,15.7,5.9,3.5,1.3,0.7,0.6,0.7,0.41,0.289,0.8,0.2,-3.9,2024,0.526,0.162,106.4,117.5,-11.1,0.112,0.103
203200,Justin Holiday,DEN,35.0,58,14.9,4.0,1.2,1.2,0.6,0.2,0.2,0.454,0.404,0.75,0.655,0.9,2024,0.598,0.104,112.8,109.1,3.7,0.098,0.04
1631303,Justin Minaya,POR,25.0,34,11.2,1.8,1.6,0.6,0.3,0.3,0.3,0.297,0.245,0.556,0.088,-2.4,2024,0.391,0.093,99.9,108.4,-8.6,0.08,0.068
203994,Jusuf Nurkić,PHX,29.0,76,27.3,10.9,11.0,4.0,1.1,1.1,2.3,0.51,0.244,0.64,0.632,5.3,2024,0.559,0.187,120.5,111.3,9.2,0.186,0.204
1630231,KJ Martin,PHI,23.0,60,12.4,3.7,2.2,0.9,0.4,0.2,0.5,0.536,0.286,0.537,0.55,-0.1,2024,0.563,0.127,110.7,110.5,0.2,0.094,0.085
1626157,Karl-Anthony Towns,MIN,28.0,62,32.7,21.8,8.3,3.0,0.7,0.7,2.9,0.504,0.416,0.873,0.677,5.2,2024,0.625,0.268,116.3,109.1,7.2,0.147,0.131
202695,Kawhi Leonard,LAC,33.0,68,34.3,23.7,6.1,3.6,1.6,0.9,1.8,0.525,0.417,0.885,0.647,5.8,2024,0.626,0.261,119.3,111.1,8.2,0.165,0.091
1631099,Keegan Murray,SAC,23.0,77,33.6,15.2,5.5,1.7,1.0,0.8,0.8,0.454,0.358,0.831,0.558,1.8,2024,0.569,0.178,116.2,113.4,2.7,0.068,0.081
1628966,Keita Bates-Diop,BKN,28.0,53,12.5,3.7,2.1,0.7,0.5,0.4,0.3,0.434,0.304,0.762,0.547,-1.0,2024,0.534,0.128,109.3,113.1,-3.8,0.084,0.085
1629640,Keldon Johnson,SAS,24.0,69,29.5,15.7,5.5,2.8,0.7,0.3,1.4,0.454,0.346,0.792,0.246,-5.0,2024,0.565,0.212,108.5,116.1,-7.7,0.142,0.088
203482,Kelly Olynyk,TOR,33.0,78,22.5,9.8,5.3,4.4,0.9,0.4,1.9,0.555,0.387,0.833,0.397,-3.4,2024,0.661,0.171,111.7,119.1,-7.3,0.275,0.116
1626162,Kelly Oubre Jr.,PHI,28.0,68,30.2,15.4,5.0,1.5,1.1,0.7,1.3,0.441,0.311,0.75,0.588,-0.4,2024,0.535,0.22,114.1,114.0,0.1,0.072,0.081
1629026,Kenrich Williams,OKC,29.0,69,14.9,4.7,3.0,1.3,0.6,0.1,0.5,0.468,0.397,0.5,0.71,2.2,2024,0.568,0.132,115.2,106.7,8.4,0.12,0.102
203484,Kentavious Caldwell-Pope,DEN,31.0,76,31.6,10.1,2.4,2.4,1.3,0.6,1.0,0.46,0.406,0.894,0.711,7.5,2024,0.602,0.126,122.4,111.0,11.3,0.09,0.039
1631165,Keon Ellis,SAC,24.0,57,17.2,5.4,2.2,1.5,0.9,0.5,0.6,0.461,0.417,0.743,0.579,1.6,2024,0.627,0.123,114.4,109.0,5.5,0.115,0.062
1630556,Kessler Edwards,SAC,23.0,54,5.1,1.7,0.8,0.3,0.2,0.1,0.1,0.415,0.385,0.556,0.593,-0.8,2024,0.541,0.134,98.3,104.6,-6.3,0.084,0.074
201142,Kevin Durant,PHX,35.0,75,37.2,27.1,6.6,5.0,0.9,1.2,3.3,0.523,0.413,0.856,0.587,3.9,2024,0.626,0.283,118.1,113.3,4.8,0.213,0.089
1628989,Kevin Huerter,SAC,25.0,64,24.4,10.2,3.5,2.6,0.7,0.4,0.8,0.443,0.361,0.766,0.578,1.2,2024,0.564,0.173,117.5,115.0,2.5,0.138,0.073
1628995,Kevin Knox II,POR,24.0,31,18.1,7.2,2.4,0.7,0.4,0.2,0.7,0.462,0.33,0.909,0.129,-2.7,2024,0.57,0.157,109.4,117.2,-7.8,0.057,0.066
201567,Kevin Love,MIA,35.0,55,16.8,8.8,6.1,2.1,0.3,0.2,0.9,0.44,0.344,0.787,0.564,2.0,2024,0.597,0.21,114.7,108.2,6.5,0.189,0.178
1626172,Kevon Looney,GSW,28.0,74,16.1,4.5,5.7,1.8,0.4,0.4,0.7,0.597,0.0,0.675,0.581,0.5,2024,0.62,0.11,115.4,114.0,1.4,0.148,0.169
1641718,Keyonte George,UTA,20.0,75,27.0,13.0,2.8,4.4,0.5,0.1,2.5,0.391,0.334,0.848,0.36,-5.0,2024,0.533,0.224,109.6,118.9,-9.3,0.244,0.051
203114,Khris Middleton,MIL,32.0,55,27.0,15.1,4.7,5.3,0.9,0.3,2.3,0.493,0.381,0.833,0.564,2.3,2024,0.595,0.23,118.0,114.6,3.4,0.272,0.083
1630165,Killian Hayes,DET,22.0,42,24.0,6.9,2.8,4.9,0.9,0.5,1.2,0.413,0.297,0.66,0.167,-5.8,2024,0.474,0.147,106.5,117.6,-11.1,0.268,0.059
1630184,Kira Lewis Jr.,UTA,23.0,28,9.4,3.2,0.9,1.3,0.3,0.1,0.5,0.37,0.121,0.85,0.357,-2.4,2024,0.441,0.178,99.6,111.1,-11.4,0.223,0.044
202691,Klay Thompson,GSW,34.0,77,29.7,17.9,3.3,2.3,0.6,0.5,1.5,0.432,0.387,0.927,0.532,0.1,2024,0.576,0.234,115.8,116.1,-0.3,0.11,0.054
1641738,Kobe Brown,LAC,24.0,44,9.0,2.0,1.4,0.6,0.3,0.1,0.2,0.411,0.292,0.5,0.614,-2.1,2024,0.49,0.104,105.7,116.2,-10.5,0.085,0.075
1627739,Kris Dunn,UTA,30.0,66,18.9,5.4,2.9,3.8,1.0,0.4,1.2,0.47,0.369,0.688,0.379,0.2,2024,0.546,0.132,117.6,117.2,0.4,0.25,0.074
1631200,Kris Murray,POR,23.0,62,21.7,6.1,3.6,1.3,0.9,0.3,0.9,0.396,0.268,0.661,0.194,-2.6,2024,0.481,0.136,106.1,112.1,-6.0,0.083,0.08
204001,Kristaps Porziņģis,BOS,28.0,57,29.6,20.1,7.2,2.0,0.7,1.9,1.6,0.516,0.375,0.858,0.754,7.3,2024,0.647,0.247,120.8,109.6,11.2,0.098,0.115
203937,Kyle Anderson,MIN,30.0,79,22.6,6.4,3.5,4.2,0.9,0.6,1.2,0.46,0.229,0.708,0.696,2.1,2024,0.513,0.14,110.1,105.1,5.1,0.264,0.076
1628398,Kyle Kuzma,WAS,28.0,70,32.6,22.2,6.6,4.2,0.5,0.7,2.7,0.463,0.336,0.775,0.186,-8.0,2024,0.547,0.295,109.7,120.8,-11.0,0.201,0.098
200768,Kyle Lowry,PHI,38.0,60,28.2,8.1,3.2,4.2,1.0,0.4,1.4,0.432,0.392,0.84,0.533,0.0,2024,0.594,0.128,111.4,111.6,-0.3,0.212,0.058
202681,Kyrie Irving,DAL,32.0,58,35.0,25.6,5.0,5.2,1.3,0.5,1.8,0.497,0.411,0.905,0.672,4.8,2024,0.608,0.274,119.6,112.6,6.9,0.225,0.069
1630163,LaMelo Ball,CHA,22.0,22,32.3,23.9,5.1,8.0,1.8,0.2,3.8,0.433,0.355,0.865,0.318,-6.3,2024,0.561,0.315,111.8,120.2,-8.4,0.395,0.078
1630205,Lamar Stevens,MEM,26.0,38,14.7,7.2,3.3,0.7,0.6,0.6,0.6,0.45,0.304,0.778,0.579,0.2,2024,0.516,0.213,105.3,104.0,1.3,0.085,0.103
1629013,Landry Shamet,WAS,27.0,46,15.8,7.1,1.3,1.2,0.5,0.2,0.7,0.431,0.338,0.826,0.13,-3.2,2024,0.556,0.181,109.3,119.2,-9.9,0.104,0.042
1626204,Larry Nance Jr.,NOP,31.0,61,19.9,5.7,5.0,1.9,1.0,0.3,0.8,0.573,0.415,0.77,0.557,1.2,2024,0.653,0.112,111.7,108.4,3.3,0.129,0.128
1628374,Lauri Markkanen,UTA,27.0,55,33.1,23.2,8.2,2.0,0.9,0.5,1.4,0.48,0.399,0.899,0.4,0.4,2024,0.631,0.241,117.6,116.9,0.6,0.09,0.121
2544,LeBron James,LAL,39.0,71,35.3,25.7,7.3,8.3,1.3,0.5,3.5,0.54,0.41,0.75,0.577,3.1,2024,0.63,0.285,117.4,113.6,3.8,0.358,0.104
1641778,Leaky Black,CHA,25.0,26,10.9,2.7,1.8,0.9,0.3,0.4,0.2,0.481,0.45,0.667,0.077,-1.0,2024,0.589,0.099,105.1,109.2,-4.0,0.117,0.081
1631311,Lester Quinones,GSW,23.0,37,10.7,4.4,1.9,1.0,0.2,0.1,0.5,0.397,0.364,0.69,0.649,0.5,2024,0.533,0.171,109.6,109.0,0.6,0.126,0.085
1630322,Lindy Waters III,OKC,26.0,38,7.4,3.6,1.1,0.6,0.1,0.2,0.2,0.471,0.435,1.0,0.658,-0.9,2024,0.653,0.167,103.7,111.4,-7.7,0.132,0.069
1629022,Lonnie Walker IV,BKN,25.0,58,17.4,9.7,2.2,1.3,0.6,0.3,0.9,0.423,0.384,0.763,0.397,0.1,2024,0.545,0.235,111.3,111.8,-0.6,0.113,0.061
1629652,Luguentz Dort,OKC,25.0,79,28.4,10.9,3.6,1.4,0.9,0.6,0.9,0.438,0.394,0.826,0.684,4.4,2024,0.593,0.152,119.9,112.1,7.8,0.061,0.063
1629029,Luka Dončić,DAL,25.0,70,37.5,33.9,9.2,9.8,1.4,0.5,4.0,0.487,0.382,0.786,0.657,4.6,2024,0.617,0.355,119.6,113.8,5.8,0.428,0.121
1629677,Luka Samanic,UTA,24.0,43,9.4,4.1,2.4,0.4,0.1,0.2,0.7,0.38,0.203,0.786,0.349,-1.2,2024,0.485,0.21,106.5,112.0,-5.5,0.071,0.116
1628379,Luke Kennard,MEM,28.0,39,25.6,11.0,2.9,3.5,0.5,0.1,1.4,0.448,0.45,0.889,0.385,-4.8,2024,0.641,0.166,106.4,115.2,-8.8,0.212,0.057
1628436,Luke Kornet,BOS,28.0,63,15.6,5.3,4.1,1.1,0.4,1.0,0.3,0.7,1.0,0.907,0.762,3.5,2024,0.736,0.107,121.8,109.7,12.1,0.089,0.129
1630201,Malachi Flynn,DET,26.0,69,12.7,5.5,1.7,1.9,0.6,0.1,0.9,0.418,0.331,0.732,0.406,-2.6,2024,0.533,0.199,104.8,114.6,-9.8,0.231,0.062
1631103,Malaki Branham,SAS,21.0,75,21.3,9.2,2.0,2.1,0.4,0.1,1.2,0.432,0.347,0.873,0.24,-5.0,2024,0.526,0.192,105.9,117.0,-11.1,0.142,0.044
1627763,Malcolm Brogdon,POR,31.0,39,28.7,15.7,3.8,5.5,0.7,0.2,1.5,0.44,0.412,0.819,0.385,-2.1,2024,0.56,0.226,110.7,114.5,-3.7,0.301,0.065
1627736,Malik Beasley,MIL,27.0,79,29.6,11.3,3.7,1.4,0.7,0.1,0.7,0.443,0.413,0.714,0.582,3.7,2024,0.603,0.142,118.3,112.6,5.8,0.059,0.059
1628370,Malik Monk,SAC,26.0,72,26.0,15.4,2.9,5.1,0.6,0.5,2.1,0.443,0.35,0.829,0.583,0.1,2024,0.564,0.247,115.2,115.1,0.1,0.29,0.056
1630699,MarJon Beauchamp,MIL,23.0,48,12.7,4.4,2.1,0.6,0.3,0.1,0.6,0.488,0.4,0.679,0.625,-0.3,2024,0.592,0.141,113.5,114.5,-1.0,0.067,0.081
202694,Marcus Morris Sr.,CLE,34.0,49,16.7,6.4,2.7,0.7,0.3,0.3,0.6,0.439,0.403,0.818,0.531,-1.2,2024,0.558,0.162,110.7,114.6,-3.9,0.066,0.08
1631204,Marcus Sasser,DET,23.0,71,19.0,8.3,1.8,3.3,0.6,0.2,1.3,0.428,0.375,0.879,0.155,-3.5,2024,0.542,0.195,107.0,115.7,-8.7,0.263,0.045
203935,Marcus Smart,MEM,30.0,20,30.2,14.5,2.7,4.3,2.1,0.3,3.1,0.43,0.313,0.768,0.35,-1.0,2024,0.552,0.225,108.5,109.2,-0.8,0.211,0.041
1631109,Mark Williams,CHA,22.0,19,26.8,12.7,9.7,1.2,0.8,1.1,0.9,0.649,0.0,0.719,0.368,-1.1,2024,0.675,0.162,115.2,116.4,-1.2,0.059,0.176
1628365,Markelle Fultz,ORL,26.0,43,21.2,7.8,3.2,2.8,1.0,0.3,1.2,0.472,0.222,0.697,0.581,0.3,2024,0.492,0.182,109.6,109.0,0.6,0.194,0.078
202693,Markieff Morris,DAL,34.0,26,8.3,2.5,1.5,0.6,0.2,0.1,0.5,0.338,0.357,0.833,0.577,-2.2,2024,0.467,0.153,99.8,115.1,-15.3,0.106,0.083
1628963,Marvin Bagley III,WAS,25.0,50,21.1,11.7,6.2,1.1,0.4,0.7,1.2,0.586,0.391,0.762,0.14,-2.7,2024,0.629,0.204,109.5,115.5,-6.0,0.079,0.146
203486,Mason Plumlee,LAC,34.0,46,14.7,5.3,5.1,1.2,0.3,0.4,0.8,0.569,0.0,0.707,0.63,0.2,2024,0.621,0.147,115.8,115.5,0.3,0.107,0.17
1629680,Matisse Thybulle,POR,27.0,65,22.9,5.4,2.1,1.4,1.7,0.8,0.6,0.397,0.346,0.759,0.277,-3.6,2024,0.537,0.105,107.7,115.1,-7.4,0.083,0.046
1630346,Matt Ryan,NOP,27.0,28,13.9,5.4,1.4,0.6,0.2,0.0,0.7,0.434,0.451,0.929,0.5,0.5,2024,0.638,0.144,107.9,106.5,1.4,0.064,0.047
1631108,Max Christie,LAL,21.0,67,14.1,4.2,2.1,0.9,0.3,0.3,0.5,0.427,0.356,0.783,0.567,-0.3,2024,0.544,0.132,109.2,110.3,-1.1,0.084,0.073
1629622,Max Strus,CLE,28.0,70,32.0,12.2,4.8,4.0,0.9,0.4,1.6,0.418,0.351,0.794,0.614,3.6,2024,0.553,0.167,115.3,109.7,5.6,0.166,0.074
1628467,Maxi Kleber,DAL,32.0,43,20.3,4.4,3.3,1.6,0.4,0.7,0.7,0.432,0.348,0.702,0.628,2.9,2024,0.573,0.096,116.5,109.9,6.6,0.099,0.082
1629008,Michael Porter Jr.,DEN,26.0,81,31.7,16.7,7.0,1.5,0.5,0.7,1.1,0.484,0.397,0.836,0.704,5.8,2024,0.601,0.202,120.2,112.1,8.1,0.064,0.111
1628969,Mikal Bridges,BKN,27.0,82,34.8,19.6,4.5,3.6,1.0,0.4,2.0,0.436,0.372,0.814,0.39,-2.3,2024,0.56,0.238,111.0,114.3,-3.3,0.163,0.063
201144,Mike Conley,MIN,36.0,76,28.9,11.4,2.9,5.9,1.2,0.2,1.3,0.457,0.442,0.911,0.697,3.6,2024,0.627,0.157,113.7,108.0,5.7,0.29,0.051
203488,Mike Muscala,OKC,33.0,53,11.3,3.0,2.4,0.7,0.2,0.2,0.4,0.359,0.292,0.68,0.321,-1.7,2024,0.47,0.132,106.4,114.0,-7.6,0.082,0.1
1628970,Miles Bridges,CHA,26.0,69,37.4,21.0,7.3,3.3,0.9,0.5,2.0,0.462,0.349,0.825,0.246,-9.2,2024,0.556,0.242,108.0,120.1,-12.1,0.146,0.099
1630540,Miles McBride,NYK,23.0,68,19.5,8.3,1.5,1.7,0.7,0.1,0.4,0.452,0.41,0.86,0.618,-0.2,2024,0.59,0.164,110.6,110.6,0.0,0.131,0.037
1629011,Mitchell Robinson,NYK,26.0,31,24.8,5.6,8.5,0.6,1.2,1.1,0.8,0.575,0.0,0.409,0.613,0.4,2024,0.554,0.099,117.3,116.2,1.1,0.031,0.171
1628964,Mo Bamba,PHI,26.0,57,13.0,4.4,4.2,0.7,0.4,1.1,0.7,0.49,0.391,0.68,0.526,-0.8,2024,0.575,0.149,107.5,110.5,-3.0,0.083,0.153
1628420,Monte Morris,MIN,29.0,33,14.4,5.0,1.7,2.1,0.6,0.3,0.2,0.405,0.386,0.684,0.636,2.6,2024,0.508,0.151,113.5,104.1,9.4,0.199,0.059
1629021,Moritz Wagner,ORL,27.0,80,17.7,10.9,4.3,1.2,0.5,0.3,1.2,0.601,0.33,0.814,0.575,1.2,2024,0.676,0.22,113.9,110.8,3.1,0.109,0.128
1629650,Moses Brown,POR,24.0,22,9.1,3.4,3.9,0.3,0.2,0.3,0.5,0.508,0.0,0.29,0.182,-2.7,2024,0.477,0.176,104.5,118.9,-14.4,0.057,0.199
1630541,Moses Moody,GSW,22.0,66,17.5,8.1,3.0,0.9,0.6,0.4,0.7,0.462,0.36,0.785,0.576,1.5,2024,0.578,0.176,113.3,110.2,3.1,0.07,0.079
1626167,Myles Turner,IND,28.0,77,27.0,17.1,6.9,1.3,0.5,1.9,1.4,0.524,0.358,0.773,0.584,2.9,2024,0.626,0.234,120.6,115.5,5.1,0.065,0.128
1630230,Naji Marshall,NOP,26.0,66,19.0,7.1,3.6,1.9,0.7,0.2,1.0,0.463,0.387,0.791,0.621,3.1,2024,0.576,0.158,115.4,106.8,8.7,0.139,0.093
1629642,Nassir Little,PHX,24.0,45,10.2,3.4,1.7,0.5,0.2,0.2,0.3,0.46,0.3,0.85,0.622,-2.0,2024,0.572,0.132,103.2,112.7,-9.5,0.068,0.077
1641877,Nathan Mensah,CHA,26.0,25,12.3,1.3,2.6,0.4,0.2,0.6,0.6,0.429,0.0,0.75,0.12,-5.3,2024,0.496,0.068,94.9,114.5,-19.6,0.043,0.105
1629675,Naz Reid,MIN,24.0,81,24.2,13.5,5.2,1.3,0.8,0.9,1.4,0.477,0.414,0.736,0.691,3.1,2024,0.595,0.223,111.1,105.5,5.7,0.085,0.106
1629674,Neemias Queta,BOS,24.0,28,11.9,5.5,4.4,0.7,0.5,0.8,0.5,0.644,0.0,0.714,0.857,4.8,2024,0.662,0.16,128.7,108.3,20.4,0.078,0.177
1629651,Nic Claxton,BKN,25.0,71,29.8,11.8,9.9,2.1,0.6,2.1,1.3,0.629,0.2,0.551,0.38,-3.9,2024,0.629,0.156,108.4,114.1,-5.6,0.107,0.162
1630208,Nick Richards,CHA,26.0,67,26.2,9.7,8.0,0.8,0.4,1.1,1.1,0.691,0.0,0.737,0.209,-6.4,2024,0.717,0.131,106.3,118.2,-11.9,0.046,0.156
1641733,Nick Smith Jr.,CHA,20.0,51,14.3,5.9,1.4,1.2,0.2,0.1,0.8,0.391,0.432,0.867,0.176,-3.8,2024,0.511,0.202,102.4,114.9,-12.4,0.134,0.049
1629638,Nickeil Alexander-Walker,MIN,25.0,82,23.4,8.0,2.0,2.5,0.8,0.5,0.9,0.439,0.391,0.8,0.683,3.8,2024,0.578,0.143,113.1,105.5,7.6,0.145,0.043
201587,Nicolas Batum,PHI,35.0,60,25.5,5.3,4.1,2.1,0.8,0.6,0.7,0.453,0.395,0.714,0.6,3.0,2024,0.603,0.085,117.6,111.9,5.6,0.105,0.08
203999,Nikola Jokić,DEN,29.0,79,34.6,26.4,12.4,9.0,1.4,0.9,3.0,0.583,0.359,0.817,0.696,8.6,2024,0.65,0.288,122.4,110.6,11.8,0.391,0.182
1631107,Nikola Jović,MIA,21.0,46,19.5,7.7,4.2,2.0,0.5,0.3,0.9,0.452,0.399,0.702,0.522,3.2,2024,0.583,0.171,115.8,107.9,7.8,0.14,0.109
202696,Nikola Vučević,CHI,33.0,76,34.3,18.0,10.5,3.3,0.7,0.8,1.6,0.484,0.294,0.822,0.474,-2.4,2024,0.54,0.233,112.5,115.7,-3.1,0.153,0.154
1641730,Noah Clowney,BKN,19.0,23,16.1,5.8,3.5,0.8,0.3,0.7,0.7,0.538,0.364,0.7,0.435,-2.3,2024,0.626,0.137,104.8,111.7,-6.9,0.074,0.105
1626181,Norman Powell,LAC,31.0,76,26.2,13.9,2.6,1.1,0.6,0.3,0.9,0.486,0.435,0.831,0.632,2.8,2024,0.626,0.193,118.0,113.0,5.1,0.059,0.048
1628384,OG Anunoby,NYK,26.0,50,34.0,14.7,4.2,2.1,1.4,0.7,1.6,0.489,0.382,0.753,0.62,7.8,2024,0.595,0.173,118.2,107.2,10.9,0.084,0.061
1630167,Obi Toppin,IND,26.0,82,21.1,10.3,3.9,1.6,0.6,0.5,0.8,0.573,0.403,0.77,0.573,1.7,2024,0.677,0.16,120.2,116.6,3.6,0.091,0.093
1630534,Ochai Agbaji,TOR,24.0,78,21.0,5.8,2.8,1.1,0.6,0.6,0.8,0.411,0.294,0.661,0.397,-3.2,2024,0.497,0.131,110.1,117.2,-7.1,0.068,0.063
1641765,Olivier-Maxence Prosper,DAL,21.0,40,8.4,3.0,2.0,0.6,0.2,0.1,0.2,0.385,0.289,0.683,0.6,-2.2,2024,0.496,0.153,99.6,112.8,-13.2,0.095,0.104
1630209,Omer Yurtseven,UTA,26.0,48,11.4,4.6,4.3,0.6,0.2,0.4,0.8,0.538,0.208,0.679,0.354,-2.8,2024,0.565,0.173,104.4,117.2,-12.8,0.084,0.181
1641931,Onuralp Bitim,CHI,25.0,23,11.7,3.5,1.4,0.6,0.1,0.1,0.4,0.381,0.273,0.8,0.478,-2.0,2024,0.464,0.149,106.6,115.1,-8.5,0.069,0.058
1630168,Onyeka Okongwu,ATL,23.0,55,25.5,10.2,6.8,1.3,0.5,1.1,0.8,0.611,0.333,0.793,0.418,-0.6,2024,0.674,0.134,118.1,119.0,-0.9,0.071,0.132
1631115,Orlando Robinson,MIA,23.0,36,8.4,2.8,2.3,0.9,0.2,0.2,0.5,0.5,0.533,0.76,0.556,0.3,2024,0.596,0.143,113.1,109.6,3.5,0.161,0.145
1629052,Oshae Brissett,BOS,26.0,55,11.5,3.7,2.9,0.8,0.3,0.1,0.4,0.444,0.273,0.602,0.836,2.1,2024,0.53,0.136,117.2,106.4,10.8,0.089,0.118
1631172,Ousmane Dieng,OKC,21.0,33,11.1,4.0,1.5,1.1,0.2,0.2,0.6,0.422,0.3,0.875,0.636,0.0,2024,0.54,0.167,110.1,109.0,1.1,0.144,0.067
200782,P.J. Tucker,LAC,39.0,31,15.7,1.7,2.7,0.5,0.5,0.2,0.3,0.36,0.371,1.0,0.419,-0.8,2024,0.507,0.052,112.4,113.7,-1.3,0.041,0.088
1629023,P.J. Washington,DAL,25.0,73,30.4,12.9,5.6,1.9,1.0,0.8,1.3,0.436,0.32,0.683,0.411,-1.8,2024,0.537,0.185,112.8,115.6,-2.8,0.087,0.091
1631094,Paolo Banchero,ORL,21.0,80,35.0,22.6,6.9,5.4,0.9,0.6,3.1,0.455,0.339,0.725,0.575,0.0,2024,0.546,0.292,111.9,111.9,0.0,0.254,0.101
1627783,Pascal Siakam,IND,30.0,80,33.2,21.7,7.1,4.3,0.8,0.3,1.8,0.536,0.346,0.732,0.475,1.4,2024,0.601,0.25,117.6,115.3,2.2,0.189,0.105
1626192,Pat Connaughton,MIL,31.0,76,22.1,5.6,3.1,2.1,0.5,0.3,0.6,0.435,0.345,0.759,0.592,-0.2,2024,0.574,0.106,115.1,115.9,-0.8,0.123,0.071
1631116,Patrick Baldwin Jr.,WAS,21.0,38,13.0,4.4,3.2,0.8,0.5,0.4,0.5,0.381,0.32,0.679,0.158,-0.6,2024,0.502,0.153,108.4,111.0,-2.5,0.078,0.116
201976,Patrick Beverley,MIL,35.0,73,20.0,6.2,3.3,2.9,0.6,0.4,0.9,0.417,0.337,0.822,0.589,-0.8,2024,0.539,0.141,110.7,112.2,-1.6,0.205,0.079
1630172,Patrick Williams,CHI,22.0,43,27.3,10.0,3.9,1.5,0.9,0.8,1.3,0.443,0.399,0.788,0.442,-0.3,2024,0.553,0.163,114.3,115.5,-1.2,0.077,0.071
201988,Patty Mills,MIA,35.0,32,13.0,4.0,1.1,1.1,0.6,0.0,0.5,0.351,0.276,1.0,0.469,0.2,2024,0.467,0.152,109.8,109.5,0.3,0.108,0.041
202331,Paul George,LAC,34.0,74,33.8,22.6,5.2,3.5,1.5,0.5,2.1,0.471,0.413,0.907,0.649,6.2,2024,0.613,0.264,121.2,112.1,9.1,0.157,0.08
1630194,Paul Reed,PHI,25.0,82,19.4,7.3,6.0,1.3,0.8,1.0,0.8,0.54,0.368,0.718,0.573,1.2,2024,0.58,0.156,116.3,112.0,4.2,0.095,0.154
1630202,Payton Pritchard,BOS,26.0,82,22.3,9.6,3.2,3.4,0.5,0.1,0.7,0.468,0.385,0.821,0.78,5.5,2024,0.597,0.168,122.8,109.2,13.6,0.208,0.071
1631212,Peyton Watson,DEN,21.0,80,18.6,6.7,3.2,1.1,0.5,1.1,0.7,0.465,0.296,0.67,0.7,-0.9,2024,0.539,0.16,109.0,109.7,-0.7,0.081,0.082
1630173,Precious Achiuwa,NYK,24.0,74,21.9,7.6,6.6,1.3,0.6,0.9,1.1,0.501,0.268,0.616,0.541,-0.6,2024,0.545,0.158,111.2,112.3,-1.0,0.088,0.145
1629656,Quentin Grimes,DET,24.0,51,20.1,7.0,2.0,1.3,0.7,0.1,0.5,0.372,0.338,0.756,0.627,-0.8,2024,0.516,0.155,108.1,109.1,-0.9,0.094,0.046
1629628,RJ Barrett,TOR,24.0,58,31.7,20.2,5.4,3.3,0.5,0.4,2.2,0.495,0.36,0.715,0.448,-2.6,2024,0.58,0.257,113.6,116.9,-3.3,0.159,0.083
1641712,Rayan Rupert,POR,20.0,39,16.2,4.0,2.4,1.6,0.3,0.1,0.8,0.335,0.359,0.76,0.179,-3.2,2024,0.451,0.131,104.3,114.0,-9.8,0.131,0.07
203493,Reggie Bullock Jr.,HOU,33.0,44,9.5,2.2,1.7,0.3,0.3,0.1,0.2,0.415,0.403,1.0,0.545,-1.2,2024,0.582,0.091,107.8,113.0,-5.2,0.047,0.084
202704,Reggie Jackson,DEN,34.0,82,22.2,10.2,1.9,3.8,0.5,0.1,1.3,0.431,0.359,0.806,0.695,1.0,2024,0.521,0.209,112.0,110.6,1.4,0.24,0.041
1626158,Richaun Holmes,WAS,30.0,40,13.9,5.0,4.6,0.6,0.3,0.5,0.6,0.558,0.333,0.723,0.325,-2.3,2024,0.593,0.141,108.1,115.8,-7.7,0.062,0.155
1641741,Ricky Council IV,PHI,22.0,32,9.0,5.4,1.4,0.5,0.3,0.0,0.2,0.482,0.375,0.746,0.469,0.4,2024,0.604,0.208,112.5,109.8,2.7,0.08,0.078
203496,Robert Covington,PHI,33.0,29,16.8,4.4,3.3,0.8,1.3,0.6,0.4,0.439,0.339,0.846,0.69,3.6,2024,0.58,0.104,115.6,103.6,12.1,0.064,0.097
1626220,Royce O'Neale,PHX,31.0,79,24.7,7.7,4.8,2.8,0.7,0.6,0.9,0.397,0.37,0.686,0.481,1.5,2024,0.548,0.134,113.6,110.4,3.2,0.149,0.092
203497,Rudy Gobert,MIN,32.0,76,34.1,14.0,12.9,1.3,0.7,2.1,1.6,0.661,0.0,0.638,0.697,5.4,2024,0.675,0.152,114.6,106.6,8.0,0.057,0.191
1629060,Rui Hachimura,LAL,26.0,68,26.8,13.6,4.3,1.2,0.6,0.4,0.7,0.537,0.422,0.739,0.588,1.8,2024,0.628,0.182,116.1,113.5,2.5,0.061,0.081
201566,Russell Westbrook,LAC,35.0,68,22.5,11.1,5.0,4.5,1.1,0.3,2.1,0.454,0.273,0.688,0.662,1.5,2024,0.514,0.239,116.5,112.8,3.7,0.285,0.109
1630180,Saddiq Bey,ATL,25.0,63,32.7,13.7,6.5,1.5,0.8,0.2,0.9,0.416,0.316,0.837,0.444,-0.3,2024,0.549,0.163,118.6,119.1,-0.5,0.058,0.096
1630573,Sam Hauser,BOS,26.0,79,22.0,9.0,3.5,1.0,0.5,0.3,0.4,0.446,0.424,0.895,0.785,6.2,2024,0.629,0.146,121.3,107.1,14.2,0.062,0.075
1630241,Sam Merrill,CLE,28.0,61,17.5,8.0,2.0,1.8,0.3,0.1,0.3,0.402,0.404,0.929,0.59,0.5,2024,0.598,0.17,110.8,111.1,-0.3,0.149,0.055
1630572,Sandro Mamukelashvili,SAS,25.0,46,9.8,4.1,3.2,1.1,0.2,0.3,0.4,0.471,0.297,0.735,0.261,1.0,2024,0.559,0.169,105.4,101.3,4.1,0.158,0.147
1630583,Santi Aldama,MEM,23.0,61,26.5,10.7,5.8,2.3,0.7,0.9,1.1,0.435,0.349,0.621,0.377,-4.5,2024,0.539,0.177,106.2,114.6,-8.3,0.134,0.105
1628426,Sasha Vezenkov,SAC,28.0,42,12.2,5.4,2.3,0.5,0.5,0.2,0.3,0.44,0.375,0.8,0.524,0.0,2024,0.569,0.171,113.9,112.6,1.3,0.051,0.093
1630703,Scoot Henderson,POR,20.0,62,28.5,14.0,3.1,5.4,0.8,0.2,3.4,0.385,0.325,0.819,0.29,-8.0,2024,0.489,0.26,106.5,119.6,-13.0,0.3,0.054
1630567,Scottie Barnes,TOR,22.0,60,34.9,19.9,8.2,6.1,1.3,1.5,2.8,0.475,0.341,0.781,0.367,-2.4,2024,0.566,0.24,112.6,115.8,-3.2,0.253,0.115
1630590,Scotty Pippen Jr.,MEM,23.0,21,25.1,12.9,3.2,4.7,1.7,0.5,2.7,0.493,0.417,0.745,0.238,-3.4,2024,0.596,0.227,104.6,112.2,-7.5,0.31,0.063
203552,Seth Curry,CHA,33.0,44,14.0,5.1,1.5,1.0,0.5,0.1,0.5,0.392,0.352,0.903,0.568,1.4,2024,0.519,0.159,110.6,107.5,3.1,0.1,0.053
1631101,Shaedon Sharpe,POR,21.0,32,33.1,15.9,5.0,2.9,0.9,0.4,2.3,0.406,0.333,0.824,0.25,-7.7,2024,0.524,0.22,105.8,116.0,-10.3,0.138,0.073
1628983,Shai Gilgeous-Alexander,OKC,25.0,75,34.0,30.1,5.5,6.2,2.0,0.9,2.2,0.535,0.353,0.874,0.733,8.2,2024,0.636,0.317,121.0,109.7,11.3,0.287,0.08
1629003,Shake Milton,NYK,27.0,48,12.1,4.5,1.6,1.3,0.4,0.1,0.6,0.405,0.281,0.816,0.667,-1.0,2024,0.499,0.173,104.6,109.4,-4.8,0.149,0.062
1631323,Simone Fontecchio,DET,28.0,66,24.9,10.5,3.7,1.5,0.7,0.3,1.0,0.46,0.401,0.818,0.439,-0.4,2024,0.6,0.159,113.0,114.5,-1.5,0.084,0.071
1630219,Skylar Mays,LAL,26.0,38,11.4,4.1,1.1,2.2,0.6,0.1,0.5,0.396,0.296,0.765,0.368,-2.7,2024,0.466,0.179,103.7,114.2,-10.5,0.293,0.049
203915,Spencer Dinwiddie,LAL,31.0,76,28.3,10.5,2.7,4.7,0.7,0.3,1.2,0.392,0.337,0.805,0.5,0.9,2024,0.543,0.161,116.8,115.2,1.6,0.217,0.046
1630649,Stanley Umude,DET,25.0,24,12.8,5.3,2.1,0.5,0.3,0.3,0.6,0.44,0.453,0.906,0.167,-3.1,2024,0.647,0.15,104.1,113.8,-9.7,0.053,0.081
201939,Stephen Curry,GSW,36.0,74,32.7,26.4,4.5,5.1,0.7,0.4,2.8,0.45,0.408,0.923,0.581,2.6,2024,0.616,0.302,117.3,114.7,2.7,0.241,0.066
1629004,Svi Mykhailiuk,BOS,27.0,41,10.1,4.0,1.2,0.9,0.3,0.0,0.3,0.416,0.389,0.667,0.78,3.6,2024,0.575,0.156,121.9,103.4,18.5,0.104,0.061
204456,T.J. McConnell,IND,32.0,71,18.2,10.2,2.7,5.5,1.0,0.1,1.5,0.556,0.409,0.79,0.563,1.3,2024,0.586,0.229,118.8,115.2,3.7,0.406,0.076
201959,Taj Gibson,DET,39.0,20,10.2,1.7,1.9,0.6,0.2,0.4,0.3,0.405,0.2,1.0,0.4,-1.5,2024,0.449,0.092,101.9,107.1,-5.3,0.071,0.089
1629659,Talen Horton-Tucker,UTA,23.0,51,19.8,10.1,2.4,3.5,0.9,0.4,1.3,0.396,0.33,0.807,0.275,-2.1,2024,0.503,0.234,112.5,117.9,-5.4,0.265,0.057
1631106,Tari Eason,HOU,23.0,22,21.8,9.8,7.0,1.2,1.4,0.9,0.9,0.466,0.36,0.636,0.545,4.0,2024,0.528,0.188,112.6,103.1,9.4,0.087,0.145
1627752,Taurean Prince,LAL,30.0,78,27.0,8.9,2.9,1.5,0.7,0.4,0.9,0.442,0.396,0.735,0.564,-1.5,2024,0.579,0.134,113.9,116.5,-2.6,0.073,0.054
1641707,Taylor Hendricks,UTA,20.0,40,21.4,7.3,4.6,0.8,0.7,0.8,0.7,0.45,0.379,0.793,0.325,-3.8,2024,0.578,0.135,110.2,118.2,-8.1,0.051,0.106
1629611,Terance Mann,LAC,27.0,75,25.0,8.8,3.4,1.6,0.6,0.2,0.6,0.515,0.348,0.832,0.627,0.7,2024,0.615,0.135,116.7,114.8,1.9,0.086,0.07
1626179,Terry Rozier,MIA,30.0,61,33.4,19.8,4.0,5.6,1.0,0.3,1.7,0.443,0.363,0.869,0.361,-4.8,2024,0.555,0.253,110.2,117.2,-7.0,0.268,0.062
201152,Thaddeus Young,PHX,36.0,33,13.3,4.2,3.1,1.7,0.7,0.2,0.5,0.602,0.143,0.4,0.364,-1.2,2024,0.598,0.125,114.7,118.7,-3.9,0.178,0.118
1630177,Theo Maledon,PHX,23.0,17,12.5,3.5,1.4,1.6,0.4,0.0,1.1,0.286,0.167,0.933,0.294,-3.8,2024,0.385,0.173,107.8,121.6,-13.8,0.174,0.053
1628418,Thomas Bryant,MIA,26.0,38,11.6,5.7,3.7,0.6,0.3,0.4,0.6,0.577,0.182,0.872,0.579,0.3,2024,0.639,0.187,112.8,110.7,2.1,0.079,0.163
203501,Tim Hardaway Jr.,DAL,32.0,79,26.8,14.4,3.2,1.8,0.5,0.1,0.9,0.402,0.353,0.852,0.62,0.2,2024,0.542,0.22,115.7,115.8,-0.1,0.094,0.058
202699,Tobias Harris,PHI,31.0,70,33.8,17.2,6.5,3.1,1.0,0.7,1.3,0.487,0.353,0.878,0.586,3.2,2024,0.576,0.203,117.0,112.4,4.6,0.136,0.094
1628470,Torrey Craig,CHI,33.0,53,19.8,5.7,4.1,1.1,0.6,0.4,0.6,0.43,0.392,0.75,0.415,-3.4,2024,0.568,0.121,111.2,118.4,-7.3,0.074,0.102
1641787,Tosan Evbuomwan,DET,23.0,17,21.6,5.9,3.5,0.9,0.4,0.3,0.5,0.507,0.375,0.68,0.059,-7.5,2024,0.616,0.108,103.6,119.2,-15.6,0.063,0.082
1641739,Toumani Camara,POR,24.0,70,24.8,7.5,4.9,1.2,0.9,0.5,1.2,0.45,0.337,0.758,0.271,-2.7,2024,0.547,0.134,106.9,111.5,-4.6,0.072,0.095
1629027,Trae Young,ATL,25.0,54,36.0,25.7,2.8,10.8,1.3,0.2,4.4,0.43,0.373,0.855,0.407,-2.1,2024,0.585,0.289,116.6,119.1,-2.5,0.435,0.037
1631218,Trayce Jackson-Davis,GSW,24.0,68,16.6,7.9,5.0,1.2,0.4,1.1,0.7,0.702,0.0,0.561,0.574,0.5,2024,0.692,0.157,114.1,113.0,1.1,0.103,0.143
1630200,Tre Jones,SAS,24.0,77,27.8,10.0,3.8,6.2,1.0,0.1,1.5,0.505,0.335,0.856,0.273,-0.3,2024,0.591,0.149,110.9,111.8,-0.9,0.298,0.065
1630544,Tre Mann,CHA,23.0,41,24.1,9.3,3.6,4.0,1.2,0.1,1.6,0.459,0.373,0.763,0.512,-3.1,2024,0.559,0.183,107.2,114.1,-7.0,0.249,0.079
1630570,Trendon Watford,BKN,23.0,63,13.6,6.9,3.1,1.3,0.4,0.3,1.0,0.527,0.397,0.794,0.397,-1.2,2024,0.611,0.203,109.0,112.8,-3.8,0.148,0.111
1630235,Trent Forrest,ATL,26.0,38,10.9,2.2,1.3,2.4,0.3,0.1,0.5,0.378,0.2,0.765,0.474,-2.5,2024,0.426,0.122,103.3,114.3,-11.0,0.311,0.064
1641998,Trey Jemison III,MEM,24.0,25,23.0,6.8,5.4,1.1,0.5,1.1,1.4,0.551,0.0,0.84,0.2,-4.4,2024,0.582,0.132,106.5,113.8,-7.3,0.069,0.117
1626168,Trey Lyles,SAC,28.0,58,20.0,7.2,4.4,1.2,0.3,0.3,0.7,0.445,0.384,0.7,0.569,3.1,2024,0.596,0.139,117.9,110.2,7.7,0.079,0.109
1630530,Trey Murphy III,NOP,24.0,57,29.7,14.8,4.9,2.2,0.9,0.5,0.6,0.443,0.38,0.815,0.614,4.6,2024,0.612,0.182,115.2,108.2,7.0,0.104,0.083
202684,Tristan Thompson,CLE,33.0,49,11.2,3.3,3.6,1.0,0.2,0.3,0.6,0.613,0.0,0.288,0.571,-0.3,2024,0.567,0.132,113.3,113.8,-0.5,0.134,0.155
1628972,Troy Brown Jr.,DET,24.0,59,14.0,4.2,2.4,1.0,0.4,0.1,0.5,0.372,0.333,0.865,0.508,-2.2,2024,0.51,0.139,106.4,114.2,-7.7,0.102,0.086
1629639,Tyler Herro,MIA,24.0,42,33.5,20.8,5.3,4.5,0.7,0.1,2.2,0.441,0.396,0.856,0.548,0.7,2024,0.558,0.268,112.1,111.1,1.0,0.218,0.078
1630169,Tyrese Haliburton,IND,24.0,69,32.2,20.1,3.9,10.9,1.2,0.7,2.3,0.477,0.364,0.855,0.58,4.3,2024,0.605,0.239,122.4,116.2,6.2,0.444,0.06
1630178,Tyrese Maxey,PHI,23.0,70,37.5,25.9,3.7,6.2,1.0,0.5,1.7,0.45,0.373,0.868,0.614,4.3,2024,0.573,0.273,118.3,113.2,5.2,0.257,0.049
1626145,Tyus Jones,WAS,28.0,66,29.3,12.0,2.7,7.3,1.1,0.3,1.0,0.489,0.414,0.8,0.167,-7.5,2024,0.578,0.161,110.6,122.5,-11.9,0.331,0.045
203995,Vasilije Micic,CHA,30.0,60,19.6,7.0,1.5,4.4,0.5,0.1,1.7,0.43,0.279,0.813,0.567,-1.2,2024,0.524,0.189,111.7,114.8,-3.1,0.307,0.039
1641705,Victor Wembanyama,SAS,20.0,71,29.7,21.4,10.6,3.9,1.2,3.6,3.7,0.465,0.325,0.796,0.268,-2.0,2024,0.565,0.312,107.9,111.2,-3.2,0.213,0.174
1631246,Vince Williams Jr.,MEM,23.0,52,27.6,10.0,5.6,3.4,0.9,0.7,1.8,0.446,0.378,0.8,0.346,-1.8,2024,0.597,0.155,108.4,111.4,-3.0,0.177,0.099
1630249,Vít Krejčí,ATL,24.0,22,24.6,6.1,2.4,2.3,0.6,0.3,0.9,0.49,0.412,0.833,0.409,0.0,2024,0.633,0.098,117.4,117.7,-0.3,0.114,0.049
1631117,Walker Kessler,UTA,22.0,64,23.3,8.1,7.5,0.9,0.5,2.4,1.0,0.654,0.211,0.602,0.406,-2.3,2024,0.663,0.127,111.4,116.0,-4.5,0.058,0.155
1628976,Wendell Carter Jr.,ORL,25.0,55,25.6,11.0,6.9,1.7,0.6,0.5,1.2,0.525,0.374,0.694,0.545,0.9,2024,0.623,0.172,110.8,109.6,1.1,0.1,0.144
202083,Wesley Matthews,ATL,37.0,36,11.5,3.1,1.5,0.6,0.4,0.3,0.2,0.351,0.348,0.75,0.306,-1.9,2024,0.511,0.118,109.3,114.9,-5.6,0.078,0.061
1630214,Xavier Tillman,BOS,25.0,54,18.0,5.3,3.9,1.4,0.9,0.8,0.6,0.434,0.247,0.44,0.556,-1.1,2024,0.472,0.146,106.6,109.4,-2.9,0.116,0.105
1629139,Yuta Watanabe,MEM,29.0,34,13.7,3.4,1.6,0.4,0.4,0.2,0.6,0.353,0.294,0.588,0.529,-1.9,2024,0.474,0.129,107.4,114.7,-7.3,0.045,0.056
1628380,Zach Collins,SAS,26.0,69,22.1,11.2,5.4,2.8,0.5,0.8,1.9,0.484,0.32,0.753,0.275,-5.7,2024,0.565,0.224,105.0,116.3,-11.4,0.196,0.117
203897,Zach LaVine,CHI,29.0,25,34.9,19.5,5.2,3.9,0.8,0.3,2.1,0.452,0.349,0.854,0.4,-3.7,2024,0.578,0.238,109.9,115.3,-5.4,0.172,0.072
1630192,Zeke Nnaji,DEN,23.0,58,9.9,3.2,2.2,0.6,0.3,0.7,0.5,0.463,0.261,0.677,0.707,-2.9,2024,0.528,0.15,102.9,114.8,-11.9,0.08,0.101
1630533,Ziaire Williams,MEM,22.0,51,20.3,8.2,3.5,1.5,0.7,0.2,1.3,0.397,0.307,0.827,0.392,-4.8,2024,0.511,0.192,102.5,112.4,-9.9,0.118,0.082
1629627,Zion Williamson,NOP,23.0,70,31.5,22.9,5.8,5.0,1.1,0.7,2.8,0.57,0.333,0.702,0.6,2.0,2024,0.61,0.285,114.5,111.6,2.9,0.256,0.091
1630639,A.J. Lawson,TOR,24.0,26,18.7,9.1,3.3,1.2,0.5,0.2,0.6,0.421,0.327,0.683,0.538,-0.7,2025,0.542,0.189,109.7,111.1,-1.4,0.093,0.08
1631260,AJ Green,MIL,25.0,73,22.7,7.4,2.4,1.5,0.5,0.1,0.5,0.429,0.427,0.815,0.603,3.1,2025,0.621,0.123,114.0,107.6,6.4,0.086,0.051
1642358,AJ Johnson,WAS,20.0,29,22.0,7.6,2.0,2.6,0.4,0.1,1.2,0.385,0.267,0.865,0.276,-5.2,2025,0.48,0.173,104.1,115.6,-11.5,0.178,0.042
203932,Aaron Gordon,DEN,29.0,51,28.4,14.7,4.8,3.2,0.5,0.3,1.4,0.531,0.436,0.81,0.647,5.9,2025,0.65,0.186,122.5,113.0,9.5,0.143,0.086
1628988,Aaron Holiday,HOU,28.0,62,12.8,5.5,1.3,1.3,0.3,0.2,0.6,0.437,0.398,0.829,0.629,1.4,2025,0.594,0.162,110.3,103.6,6.7,0.142,0.044
1630174,Aaron Nesmith,IND,25.0,45,24.9,12.0,4.0,1.2,0.8,0.4,0.8,0.507,0.431,0.913,0.644,4.4,2025,0.653,0.171,120.1,111.5,8.5,0.063,0.078
1630598,Aaron Wiggins,OKC,26.0,76,22.9,12.0,3.9,1.8,0.8,0.2,0.9,0.488,0.383,0.831,0.816,6.8,2025,0.596,0.2,120.7,106.6,14.2,0.102,0.081
1641745,Adam Flagler,OKC,25.0,37,5.5,1.8,0.7,0.3,0.2,0.1,0.1,0.26,0.194,0.5,0.919,0.2,2025,0.335,0.207,99.1,96.7,2.3,0.094,0.057
1641737,Adem Bona,PHI,22.0,58,15.6,5.8,4.2,0.5,0.4,1.2,1.1,0.703,0.0,0.67,0.207,-1.9,2025,0.714,0.135,107.4,114.0,-6.6,0.043,0.13
1642349,Ajay Mitchell,OKC,23.0,36,16.6,6.5,1.9,1.8,0.7,0.1,0.8,0.495,0.383,0.829,0.861,3.5,2025,0.587,0.159,110.0,100.2,9.7,0.153,0.053
201143,Al Horford,BOS,39.0,60,27.6,9.0,6.2,2.1,0.6,0.9,0.8,0.423,0.363,0.895,0.733,6.6,2025,0.563,0.136,119.6,108.1,11.5,0.102,0.106
202692,Alec Burks,MIA,33.0,49,17.6,7.3,2.5,1.1,0.6,0.1,0.6,0.424,0.425,0.776,0.531,2.2,2025,0.608,0.16,113.5,107.6,5.9,0.09,0.07
1627936,Alex Caruso,OKC,31.0,54,19.3,7.1,2.9,2.5,1.6,0.6,0.7,0.446,0.353,0.824,0.815,5.9,2025,0.568,0.147,117.5,102.5,15.0,0.171,0.072
203458,Alex Len,LAL,32.0,46,8.3,1.6,2.1,0.8,0.2,0.5,0.4,0.508,0.222,0.471,0.457,-3.3,2025,0.525,0.101,101.4,118.9,-17.5,0.143,0.118
1642024,Alex Reese,PHI,26.0,15,14.4,5.1,3.1,0.3,0.7,0.7,0.4,0.481,0.366,0.75,0.267,1.3,2025,0.641,0.123,117.3,111.8,5.5,0.023,0.103
1642259,Alex Sarr,WAS,20.0,67,27.1,13.0,6.5,2.4,0.7,1.5,1.7,0.394,0.308,0.679,0.194,-8.1,2025,0.482,0.23,102.7,116.4,-13.7,0.139,0.108
1630578,Alperen Sengun,HOU,22.0,76,31.5,19.1,10.3,4.9,1.1,0.8,2.6,0.496,0.233,0.692,0.684,5.4,2025,0.545,0.259,114.9,107.4,7.6,0.238,0.153
1641708,Amen Thompson,HOU,22.0,69,32.3,14.1,8.2,3.8,1.4,1.3,2.0,0.557,0.275,0.684,0.623,3.9,2025,0.602,0.172,114.2,107.9,6.3,0.167,0.118
1629599,Amir Coffey,LAC,28.0,72,24.3,9.7,2.2,1.1,0.6,0.1,0.6,0.471,0.409,0.891,0.569,-0.9,2025,0.614,0.15,109.1,110.6,-1.4,0.065,0.046
203083,Andre Drummond,PHI,31.0,40,18.8,7.3,7.8,0.9,1.0,0.5,1.4,0.5,0.15,0.622,0.3,-6.1,2025,0.535,0.183,103.4,118.9,-15.5,0.07,0.205
1641748,Andre Jackson Jr.,MIL,23.0,67,14.6,3.4,2.7,1.2,0.5,0.2,0.9,0.477,0.395,0.5,0.582,-0.5,2025,0.554,0.115,110.6,112.1,-1.5,0.109,0.091
1629614,Andrew Nembhard,IND,25.0,65,28.9,10.0,3.3,5.0,1.2,0.2,1.7,0.458,0.291,0.794,0.677,3.1,2025,0.545,0.163,115.5,110.2,5.3,0.225,0.057
203952,Andrew Wiggins,MIA,30.0,60,30.7,18.0,4.5,2.6,1.0,0.8,1.7,0.448,0.374,0.763,0.45,-1.7,2025,0.566,0.238,109.4,111.7,-2.3,0.137,0.069
1629014,Anfernee Simons,POR,26.0,70,32.7,19.3,2.7,4.8,0.9,0.1,2.0,0.426,0.363,0.902,0.4,-3.1,2025,0.557,0.241,108.8,113.4,-4.6,0.241,0.039
1641710,Anthony Black,ORL,21.0,78,24.2,9.4,2.9,3.1,1.1,0.6,1.8,0.423,0.318,0.761,0.5,-0.5,2025,0.521,0.19,106.2,107.1,-0.9,0.201,0.061
203076,Anthony Davis,DAL,32.0,51,33.4,24.7,11.6,3.5,1.2,2.2,2.2,0.516,0.282,0.775,0.588,0.5,2025,0.588,0.301,113.3,112.9,0.5,0.182,0.173
1630162,Anthony Edwards,MIN,23.0,79,36.3,27.6,5.7,4.5,1.2,0.6,3.2,0.447,0.395,0.837,0.608,3.7,2025,0.595,0.307,116.2,111.4,4.8,0.209,0.077
1630264,Anthony Gill,WAS,32.0,51,7.8,2.5,1.3,0.3,0.2,0.0,0.2,0.489,0.323,0.66,0.137,-1.4,2025,0.586,0.124,101.9,109.7,-7.8,0.059,0.077
1641810,Antonio Reeves,NOP,24.0,44,15.0,6.9,1.4,0.9,0.5,0.1,0.7,0.456,0.395,0.8,0.136,-3.4,2025,0.579,0.183,107.3,117.5,-10.2,0.089,0.047
1630574,Ariel Hukporti,NYK,23.0,25,8.7,1.9,2.0,0.4,0.0,0.6,0.8,0.677,0.0,0.462,0.68,-2.5,2025,0.654,0.113,97.6,110.1,-12.4,0.075,0.112
1641709,Ausar Thompson,DET,22.0,59,22.5,10.1,5.1,2.3,1.7,0.7,1.4,0.535,0.224,0.641,0.576,1.1,2025,0.568,0.185,113.1,109.2,4.0,0.139,0.11
1630559,Austin Reaves,LAL,27.0,73,34.9,20.2,4.5,5.8,1.1,0.3,2.4,0.46,0.377,0.877,0.63,2.7,2025,0.616,0.23,117.1,113.3,3.8,0.241,0.065
1630245,Ayo Dosunmu,CHI,25.0,46,30.3,12.3,3.5,4.5,0.9,0.4,1.5,0.492,0.328,0.785,0.37,-5.1,2025,0.585,0.163,110.1,117.8,-7.7,0.21,0.054
1628389,Bam Adebayo,MIA,27.0,78,34.3,18.1,9.6,4.3,1.3,0.7,2.1,0.485,0.357,0.765,0.462,0.3,2025,0.561,0.232,110.9,110.8,0.1,0.204,0.141
1631248,Baylor Scheierman,BOS,24.0,31,12.4,3.6,2.1,1.1,0.5,0.1,0.4,0.355,0.317,0.75,0.871,0.9,2025,0.49,0.143,109.9,105.8,4.1,0.12,0.083
1641767,Ben Sheppard,IND,23.0,63,19.5,5.3,2.8,1.3,0.6,0.2,0.3,0.418,0.342,0.889,0.635,-0.9,2025,0.555,0.108,111.2,113.4,-2.2,0.087,0.07
1627732,Ben Simmons,LAC,28.0,51,22.0,5.0,4.7,5.6,0.7,0.5,2.0,0.52,0.0,0.727,0.51,-1.1,2025,0.539,0.133,111.7,113.5,-1.8,0.358,0.113
1631097,Bennedict Mathurin,IND,23.0,72,29.9,16.1,5.3,1.9,0.7,0.3,1.9,0.458,0.34,0.831,0.597,1.3,2025,0.579,0.222,113.8,112.2,1.6,0.09,0.088
1641731,Bilal Coulibaly,WAS,20.0,59,33.0,12.3,5.0,3.4,1.3,0.7,2.1,0.421,0.281,0.746,0.22,-9.9,2025,0.515,0.175,104.5,118.3,-13.8,0.15,0.07
202687,Bismack Biyombo,SAS,32.0,28,18.8,5.1,5.6,1.1,0.6,0.8,1.0,0.588,0.0,0.4,0.357,-3.6,2025,0.576,0.124,108.7,117.9,-9.2,0.079,0.144
1631104,Blake Wesley,SAS,22.0,58,11.8,3.7,1.1,2.0,0.6,0.1,0.9,0.435,0.293,0.623,0.397,-0.2,2025,0.51,0.165,110.2,109.7,0.5,0.225,0.044
1626171,Bobby Portis,MIL,30.0,49,25.4,13.9,8.4,2.1,0.7,0.5,1.2,0.466,0.365,0.836,0.612,1.9,2025,0.542,0.234,114.1,110.8,3.4,0.126,0.156
203992,Bogdan Bogdanović,LAC,32.0,54,25.0,10.8,2.9,2.7,0.8,0.2,1.4,0.427,0.363,0.879,0.611,2.0,2025,0.559,0.183,112.7,110.0,2.7,0.152,0.057
1629626,Bol Bol,PHX,25.0,36,12.5,6.8,2.9,0.6,0.3,0.7,0.6,0.525,0.344,0.769,0.278,-1.0,2025,0.627,0.204,112.1,115.9,-3.9,0.071,0.113
1630538,Bones Hyland,MIN,24.0,24,9.9,6.2,1.0,1.3,0.8,0.2,1.0,0.398,0.39,0.885,0.458,-1.3,2025,0.576,0.274,102.0,108.1,-6.1,0.246,0.051
203078,Bradley Beal,PHX,32.0,53,32.1,17.0,3.3,3.7,1.1,0.5,1.9,0.497,0.386,0.803,0.415,-5.2,2025,0.598,0.219,110.6,118.6,-8.0,0.177,0.054
1642382,Branden Carlson,OKC,26.0,32,7.7,3.8,1.7,0.4,0.2,0.7,0.2,0.443,0.333,0.778,0.906,1.3,2025,0.581,0.185,115.1,105.8,9.4,0.077,0.099
1641764,Brandin Podziemski,GSW,22.0,64,26.8,11.7,5.1,3.4,1.1,0.2,1.2,0.445,0.372,0.758,0.594,4.1,2025,0.557,0.177,111.6,105.1,6.6,0.194,0.089
1630527,Brandon Boston,NOP,23.0,42,23.6,10.7,3.2,2.2,1.3,0.2,1.2,0.436,0.35,0.788,0.19,-3.3,2025,0.535,0.199,108.6,114.8,-6.2,0.14,0.065
1629634,Brandon Clarke,MEM,28.0,64,18.9,8.3,5.1,1.0,0.8,0.6,0.6,0.621,0.059,0.701,0.625,2.8,2025,0.638,0.15,116.5,108.2,8.2,0.072,0.126
1627742,Brandon Ingram,TOR,27.0,18,33.1,22.2,5.6,5.2,0.9,0.6,3.8,0.465,0.374,0.855,0.278,-7.1,2025,0.56,0.305,107.0,117.7,-10.7,0.28,0.083
1641706,Brandon Miller,CHA,22.0,27,34.2,21.0,4.9,3.6,1.1,0.7,2.8,0.403,0.355,0.861,0.296,-4.6,2025,0.54,0.27,106.9,113.8,-6.8,0.182,0.068
1630314,Brandon Williams,DAL,25.0,33,14.8,8.3,1.8,2.3,0.7,0.2,1.2,0.521,0.4,0.833,0.455,0.3,2025,0.634,0.218,109.5,108.8,0.7,0.228,0.059
1641729,Brice Sensabaugh,UTA,21.0,71,20.2,10.9,3.0,1.5,0.6,0.1,1.5,0.459,0.422,0.89,0.197,-4.0,2025,0.612,0.208,109.9,119.5,-9.6,0.117,0.069
201572,Brook Lopez,MIL,37.0,80,31.8,13.0,5.0,1.8,0.6,1.9,1.1,0.509,0.373,0.826,0.588,1.7,2025,0.624,0.157,114.8,112.7,2.2,0.078,0.078
1628971,Bruce Brown,NOP,28.0,41,22.5,8.3,4.0,2.0,0.8,0.2,1.0,0.421,0.333,0.815,0.366,-5.5,2025,0.504,0.169,104.8,116.8,-11.9,0.133,0.085
1642267,Bub Carrington,WAS,19.0,82,30.0,9.8,4.2,4.4,0.7,0.3,1.7,0.401,0.339,0.812,0.22,-9.7,2025,0.514,0.154,102.8,118.0,-15.2,0.213,0.064
1627741,Buddy Hield,GSW,32.0,82,22.7,11.1,3.2,1.6,0.8,0.3,1.1,0.417,0.37,0.828,0.585,1.7,2025,0.56,0.196,112.3,110.1,2.2,0.106,0.066
203468,CJ McCollum,NOP,33.0,56,32.7,21.1,3.8,4.1,0.8,0.4,1.9,0.444,0.373,0.717,0.304,-5.0,2025,0.55,0.266,112.3,119.4,-7.1,0.192,0.056
1630595,Cade Cunningham,DET,23.0,70,35.0,26.1,6.1,9.1,1.0,0.8,4.4,0.469,0.356,0.846,0.543,2.5,2025,0.565,0.323,115.0,112.2,2.8,0.409,0.086
1631216,Caleb Houstan,ORL,22.0,58,13.6,4.1,1.3,0.6,0.4,0.1,0.2,0.421,0.4,0.882,0.5,-1.1,2025,0.605,0.115,104.2,108.2,-4.1,0.066,0.047
1628997,Caleb Martin,DAL,29.0,45,27.1,7.9,3.9,2.1,1.0,0.5,1.2,0.424,0.359,0.622,0.378,-3.4,2025,0.513,0.143,106.5,112.8,-6.3,0.116,0.073
1629629,Cam Reddish,LAL,25.0,33,17.9,3.2,2.0,0.7,1.0,0.3,0.4,0.404,0.277,0.615,0.455,-2.8,2025,0.498,0.084,107.6,115.9,-8.4,0.049,0.056
1642285,Cam Spencer,MEM,25.0,25,10.1,4.2,1.2,1.4,0.4,0.0,0.2,0.415,0.365,1.0,0.56,1.6,2025,0.587,0.148,116.4,109.6,6.8,0.182,0.056
1630560,Cam Thomas,BKN,23.0,25,31.2,24.0,3.3,3.8,0.6,0.1,2.5,0.438,0.349,0.881,0.32,-3.7,2025,0.575,0.328,114.9,120.6,-5.7,0.217,0.054
1641715,Cam Whitmore,HOU,20.0,51,16.2,9.4,3.0,1.0,0.6,0.3,0.9,0.444,0.355,0.75,0.588,0.0,2025,0.549,0.231,113.4,112.3,1.1,0.09,0.086
1629661,Cameron Johnson,BKN,29.0,57,31.6,18.8,4.3,3.4,0.9,0.4,1.7,0.475,0.39,0.893,0.368,-3.5,2025,0.632,0.224,110.9,116.7,-5.8,0.179,0.07
1626166,Cameron Payne,NYK,30.0,72,15.1,6.9,1.4,2.8,0.5,0.2,0.7,0.401,0.363,0.907,0.639,2.8,2025,0.532,0.2,116.6,107.5,9.1,0.251,0.047
1627747,Caris LeVert,ATL,30.0,64,24.9,12.1,3.2,3.4,0.9,0.5,1.2,0.467,0.373,0.71,0.719,4.0,2025,0.582,0.191,120.5,113.4,7.2,0.178,0.062
1641717,Cason Wallace,OKC,21.0,68,27.6,8.4,3.4,2.5,1.8,0.5,0.9,0.474,0.356,0.811,0.809,5.4,2025,0.562,0.124,117.2,107.1,10.1,0.117,0.057
1629646,Charles Bassey,SAS,24.0,36,10.4,4.4,4.2,0.5,0.4,0.8,0.6,0.581,0.0,0.636,0.389,-3.6,2025,0.597,0.164,101.6,117.5,-15.9,0.072,0.185
1631096,Chet Holmgren,OKC,23.0,32,27.4,15.0,8.0,2.0,0.7,2.2,1.8,0.49,0.379,0.754,0.813,9.2,2025,0.599,0.214,121.7,105.6,16.1,0.091,0.136
1628449,Chris Boucher,TOR,32.0,50,17.2,10.0,4.5,0.7,0.5,0.5,0.6,0.492,0.363,0.782,0.36,0.1,2025,0.615,0.208,113.3,113.5,-0.2,0.057,0.125
101108,Chris Paul,SAS,40.0,82,28.0,8.8,3.6,7.4,1.3,0.3,1.6,0.427,0.377,0.924,0.415,0.0,2025,0.58,0.137,114.2,115.0,-0.8,0.342,0.062
1631128,Christian Braun,DEN,24.0,79,33.9,15.4,5.2,2.6,1.1,0.5,1.0,0.58,0.397,0.827,0.608,6.1,2025,0.665,0.155,122.7,114.5,8.2,0.096,0.077
1631132,Christian Koloko,LAL,25.0,37,9.2,2.4,2.5,0.4,0.2,0.4,0.3,0.606,0.0,0.714,0.622,-0.2,2025,0.624,0.104,104.7,106.0,-1.3,0.068,0.129
203991,Clint Capela,ATL,31.0,55,21.4,8.9,8.5,1.1,0.6,1.0,0.9,0.559,0.0,0.536,0.491,-1.4,2025,0.564,0.16,108.7,111.5,-2.7,0.073,0.183
1629632,Coby White,CHI,25.0,74,33.1,20.4,3.7,4.5,0.9,0.2,2.4,0.453,0.37,0.902,0.473,-1.9,2025,0.601,0.237,111.5,113.9,-2.5,0.197,0.053
1628998,Cody Martin,PHX,29.0,53,22.1,6.8,4.2,2.0,1.1,0.6,1.0,0.418,0.285,0.705,0.302,-2.0,2025,0.509,0.142,108.1,111.3,-3.2,0.128,0.088
1642262,Cody Williams,UTA,20.0,50,21.2,4.6,2.3,1.2,0.5,0.3,0.9,0.323,0.259,0.725,0.18,-6.8,2025,0.419,0.122,103.0,118.5,-15.5,0.078,0.049
1641732,Colby Jones,WAS,23.0,39,13.2,4.0,2.2,1.1,0.7,0.3,0.6,0.457,0.327,0.657,0.308,-2.9,2025,0.544,0.138,104.4,114.8,-10.4,0.123,0.08
1630175,Cole Anthony,MEM,25.0,67,18.4,9.4,3.0,2.9,0.7,0.5,1.5,0.424,0.353,0.823,0.522,-0.2,2025,0.531,0.238,107.7,109.0,-1.2,0.253,0.08
1630658,Colin Castleton,TOR,25.0,26,16.6,4.7,4.7,1.1,0.3,0.4,0.9,0.469,0.125,0.763,0.577,-1.2,2025,0.536,0.125,106.1,108.2,-2.1,0.092,0.123
1631221,Collin Gillespie,PHX,26.0,33,14.0,5.9,2.4,2.4,0.6,0.2,0.5,0.43,0.433,0.864,0.364,-0.9,2025,0.578,0.17,115.6,118.4,-2.8,0.235,0.086
1629012,Collin Sexton,UTA,26.0,63,27.9,18.4,2.7,4.2,0.7,0.1,2.5,0.48,0.406,0.865,0.222,-4.5,2025,0.593,0.264,110.4,117.9,-7.5,0.246,0.047
1630557,Corey Kispert,WAS,26.0,61,26.3,11.6,3.0,1.7,0.4,0.2,1.0,0.451,0.364,0.852,0.23,-4.5,2025,0.584,0.169,108.7,117.1,-8.5,0.094,0.053
202709,Cory Joseph,ORL,33.0,50,12.2,3.5,1.5,1.4,0.5,0.1,0.4,0.403,0.364,0.778,0.52,0.7,2025,0.547,0.126,110.5,106.9,3.6,0.166,0.06
1641854,Craig Porter Jr.,CLE,25.0,51,10.1,3.7,1.3,1.4,0.3,0.3,0.7,0.514,0.438,0.719,0.784,-0.9,2025,0.61,0.155,108.3,113.5,-5.2,0.191,0.063
1626156,D'Angelo Russell,BKN,29.0,58,25.5,12.6,2.8,5.1,1.0,0.4,1.9,0.39,0.314,0.834,0.448,0.0,2025,0.522,0.228,110.1,111.6,-1.5,0.302,0.053
1629610,DaQuan Jeffries,CHA,27.0,47,22.8,6.7,2.9,1.1,0.6,0.5,0.7,0.405,0.335,0.8,0.191,-5.9,2025,0.518,0.136,106.6,118.2,-11.6,0.073,0.06
1630625,Dalano Banton,POR,25.0,67,16.7,8.3,2.0,2.4,0.6,0.5,1.3,0.391,0.324,0.728,0.418,-0.8,2025,0.497,0.237,110.2,111.8,-1.5,0.213,0.056
1631207,Dalen Terry,CHI,22.0,73,13.5,4.5,1.7,1.3,0.6,0.2,0.7,0.448,0.356,0.71,0.452,-2.4,2025,0.546,0.142,104.0,111.6,-7.6,0.136,0.057
1642261,Dalton Knecht,LAL,24.0,78,19.2,9.1,2.8,0.8,0.3,0.1,0.5,0.461,0.376,0.762,0.603,-0.9,2025,0.594,0.181,112.2,114.9,-2.8,0.067,0.073
203081,Damian Lillard,MIL,34.0,58,36.1,24.9,4.7,7.1,1.2,0.2,2.8,0.448,0.376,0.921,0.552,0.9,2025,0.621,0.269,115.3,114.6,0.7,0.299,0.063
1641878,Damion Baugh,CHA,24.0,15,24.7,7.3,3.3,3.7,1.0,0.1,2.1,0.323,0.214,0.867,0.067,-11.3,2025,0.399,0.186,99.5,121.8,-22.3,0.235,0.064
1629655,Daniel Gafford,DAL,26.0,57,21.5,12.3,6.8,1.4,0.4,1.8,1.2,0.702,0.0,0.689,0.491,0.6,2025,0.716,0.186,114.9,113.4,1.5,0.097,0.149
1628464,Daniel Theis,NOP,33.0,38,16.3,4.3,4.3,1.6,0.5,0.5,0.7,0.473,0.243,0.838,0.263,-1.6,2025,0.558,0.111,109.3,115.2,-5.9,0.131,0.122
203957,Danté Exum,DAL,29.0,20,18.6,8.7,1.7,2.8,0.6,0.2,1.1,0.478,0.434,0.742,0.35,-2.4,2025,0.589,0.193,109.3,115.2,-6.0,0.22,0.042
203967,Dario Šarić,DEN,31.0,16,13.1,3.5,3.1,1.4,0.4,0.1,0.9,0.362,0.269,0.7,0.438,-3.1,2025,0.449,0.157,97.3,108.7,-11.5,0.17,0.107
1641727,Dariq Whitehead,BKN,20.0,20,12.3,5.7,1.5,0.6,0.3,0.1,0.8,0.406,0.446,0.6,0.3,-3.2,2025,0.58,0.189,98.7,109.7,-11.1,0.078,0.056
1629636,Darius Garland,CLE,25.0,75,30.7,20.6,2.9,6.7,1.2,0.1,2.5,0.472,0.401,0.878,0.8,6.7,2025,0.6,0.265,123.2,113.4,9.9,0.309,0.045
1631223,David Roddy,HOU,24.0,33,12.4,4.6,2.5,1.1,0.4,0.3,0.7,0.456,0.311,0.769,0.273,-2.3,2025,0.561,0.159,106.4,114.6,-8.2,0.121,0.101
1630558,Davion Mitchell,MIA,26.0,74,27.4,7.9,2.3,4.9,1.0,0.2,1.7,0.468,0.398,0.69,0.338,0.0,2025,0.573,0.135,111.0,110.7,0.3,0.237,0.041
1630549,Day'Ron Sharpe,BKN,23.0,50,18.1,7.9,6.6,1.8,0.8,0.8,1.3,0.521,0.244,0.757,0.28,1.3,2025,0.568,0.186,109.2,107.1,2.1,0.158,0.174
1628368,De'Aaron Fox,SAS,27.0,62,36.1,23.5,4.8,6.3,1.5,0.4,2.8,0.463,0.31,0.827,0.435,-1.1,2025,0.56,0.274,113.7,114.9,-1.2,0.262,0.064
1629631,De'Andre Hunter,CLE,27.0,64,27.2,17.0,4.0,1.4,0.8,0.2,1.3,0.47,0.405,0.846,0.594,1.4,2025,0.623,0.221,115.9,113.9,2.0,0.077,0.071
201599,DeAndre Jordan,DEN,36.0,56,12.3,3.7,5.1,0.9,0.3,0.5,0.7,0.65,0.0,0.422,0.661,-0.8,2025,0.621,0.126,108.8,112.1,-3.3,0.105,0.194
201942,DeMar DeRozan,SAC,35.0,77,35.9,22.2,3.9,4.4,0.8,0.4,1.4,0.477,0.328,0.857,0.494,1.4,2025,0.569,0.244,116.8,115.3,1.5,0.182,0.054
1629731,Dean Wade,CLE,28.0,59,21.2,5.4,4.2,1.3,0.7,0.3,0.4,0.413,0.36,0.533,0.797,4.8,2025,0.563,0.101,120.0,109.4,10.7,0.073,0.097
1629028,Deandre Ayton,POR,26.0,40,30.1,14.4,10.2,1.6,0.8,1.0,1.7,0.566,0.188,0.667,0.425,-4.1,2025,0.583,0.197,110.0,116.8,-6.9,0.083,0.168
1627749,Dejounte Murray,NOP,28.0,31,32.6,17.5,6.5,7.4,2.0,0.4,3.4,0.393,0.299,0.823,0.29,-6.7,2025,0.494,0.263,109.0,118.1,-9.1,0.347,0.094
1626153,Delon Wright,NYK,33.0,40,15.9,3.1,1.7,1.9,0.9,0.3,0.6,0.344,0.274,0.6,0.55,0.0,2025,0.44,0.111,106.1,106.3,-0.2,0.162,0.051
1630166,Deni Avdija,POR,24.0,72,30.0,16.9,7.3,3.9,1.0,0.5,2.7,0.476,0.365,0.78,0.458,-1.1,2025,0.605,0.228,113.6,114.5,-0.9,0.193,0.117
203471,Dennis Schröder,DET,31.0,75,28.1,13.1,2.6,5.4,0.9,0.2,1.9,0.406,0.342,0.838,0.493,-1.0,2025,0.531,0.211,111.8,112.8,-0.9,0.287,0.046
1641726,Dereck Lively II,DAL,21.0,36,23.1,8.7,7.5,2.4,0.6,1.6,1.1,0.702,0.0,0.63,0.583,3.4,2025,0.704,0.132,114.1,106.4,7.7,0.143,0.155
1627884,Derrick Jones Jr.,LAC,28.0,77,24.3,10.1,3.4,0.8,1.0,0.4,0.9,0.526,0.356,0.703,0.623,3.2,2025,0.609,0.16,115.5,108.7,6.7,0.044,0.072
1628401,Derrick White,BOS,30.0,76,33.9,16.4,4.5,4.8,0.9,1.1,1.7,0.442,0.384,0.839,0.763,7.1,2025,0.606,0.195,119.7,109.5,10.2,0.199,0.064
1630217,Desmond Bane,ORL,27.0,69,32.0,19.2,6.1,5.3,1.2,0.4,2.4,0.484,0.392,0.894,0.551,2.1,2025,0.6,0.227,116.1,113.3,2.8,0.235,0.088
1626164,Devin Booker,PHX,28.0,75,37.3,25.6,4.1,7.1,0.9,0.2,2.9,0.461,0.332,0.894,0.467,-2.4,2025,0.589,0.285,115.3,118.5,-3.2,0.301,0.055
1642269,Devin Carter,SAC,23.0,36,11.0,3.8,2.1,1.1,0.6,0.1,0.5,0.37,0.295,0.591,0.5,1.2,2025,0.471,0.169,113.1,109.3,3.9,0.139,0.093
1630170,Devin Vassell,SAS,24.0,64,31.0,16.3,4.0,2.9,1.3,0.5,1.4,0.443,0.368,0.792,0.375,-4.1,2025,0.553,0.217,111.9,118.1,-6.2,0.139,0.062
1628415,Dillon Brooks,HOU,29.0,75,31.8,14.0,3.7,1.7,0.8,0.2,1.0,0.429,0.397,0.818,0.653,2.8,2025,0.555,0.176,113.5,108.8,4.7,0.076,0.054
1641794,Dillon Jones,OKC,23.0,54,10.2,2.5,2.2,1.1,0.3,0.1,0.5,0.383,0.254,0.607,0.833,1.4,2025,0.464,0.131,108.9,102.9,6.0,0.143,0.102
1627734,Domantas Sabonis,SAC,29.0,70,34.7,19.1,13.9,6.0,0.7,0.4,2.9,0.59,0.417,0.754,0.514,2.1,2025,0.655,0.213,116.5,113.9,2.6,0.251,0.199
1631230,Dominick Barlow,ATL,22.0,35,10.7,4.2,2.4,0.5,0.3,0.5,0.1,0.531,0.259,0.636,0.371,-0.1,2025,0.58,0.141,110.2,111.8,-1.6,0.07,0.114
1642270,Donovan Clingan,POR,21.0,67,19.8,6.5,7.9,1.1,0.5,1.6,1.1,0.539,0.286,0.596,0.433,0.0,2025,0.574,0.135,109.9,109.7,0.2,0.081,0.179
1628378,Donovan Mitchell,CLE,28.0,71,31.4,24.0,4.5,5.0,1.3,0.2,2.1,0.443,0.368,0.823,0.775,7.4,2025,0.575,0.298,119.7,109.1,10.5,0.238,0.069
1628978,Donte DiVincenzo,MIN,28.0,62,25.9,11.7,3.7,3.6,1.2,0.3,1.6,0.422,0.397,0.778,0.597,2.8,2025,0.582,0.188,114.2,109.1,5.1,0.203,0.068
1627827,Dorian Finney-Smith,LAL,32.0,63,28.9,8.7,3.9,1.4,0.9,0.4,0.9,0.448,0.411,0.667,0.571,4.9,2025,0.604,0.123,119.1,110.3,8.8,0.066,0.069
203926,Doug McDermott,SAC,33.0,42,8.1,3.5,0.5,0.2,0.1,0.0,0.1,0.427,0.436,0.6,0.5,0.6,2025,0.617,0.15,111.5,109.9,1.6,0.028,0.031
203110,Draymond Green,GSW,35.0,68,29.2,9.0,6.1,5.6,1.5,1.0,2.6,0.424,0.325,0.687,0.618,4.0,2025,0.534,0.157,115.4,108.8,6.6,0.255,0.102
1629234,Drew Eubanks,LAC,28.0,61,12.2,4.6,3.7,0.9,0.2,0.6,0.7,0.593,0.5,0.662,0.41,-2.1,2025,0.622,0.149,106.7,114.8,-8.1,0.11,0.145
1631166,Drew Timme,BKN,24.0,9,28.2,12.1,7.2,2.2,0.4,0.1,1.7,0.441,0.257,0.625,0.333,-7.3,2025,0.5,0.205,102.8,115.5,-12.6,0.137,0.123
1630696,Dru Smith,MIA,27.0,14,19.2,6.2,2.6,1.6,1.5,0.4,1.2,0.508,0.533,0.75,0.571,2.7,2025,0.656,0.131,107.3,100.5,6.8,0.128,0.064
1629130,Duncan Robinson,MIA,31.0,74,24.1,11.0,2.3,2.4,0.5,0.1,1.2,0.437,0.393,0.887,0.405,0.9,2025,0.595,0.187,110.1,109.9,0.2,0.148,0.047
1641871,Duop Reath,POR,29.0,46,10.2,4.2,2.0,0.6,0.3,0.3,0.3,0.422,0.321,0.909,0.413,-1.2,2025,0.552,0.162,108.0,114.5,-6.5,0.083,0.095
203939,Dwight Powell,DAL,33.0,55,10.0,2.1,2.1,1.0,0.3,0.4,0.3,0.689,0.4,0.651,0.455,-0.3,2025,0.713,0.073,108.6,109.7,-1.1,0.13,0.107
1630700,Dyson Daniels,ATL,22.0,76,33.8,14.1,5.9,4.4,3.0,0.7,2.0,0.493,0.34,0.593,0.487,-0.9,2025,0.545,0.178,113.3,114.2,-0.9,0.174,0.085
203901,Elfrid Payton,NOP,31.0,24,21.3,3.5,3.3,6.9,1.0,0.5,2.5,0.328,0.167,0.571,0.125,-6.2,2025,0.34,0.151,99.7,113.1,-13.4,0.443,0.071
201569,Eric Gordon,PHI,36.0,39,19.7,6.8,1.2,1.7,0.7,0.3,0.7,0.426,0.409,0.75,0.308,-1.8,2025,0.591,0.14,111.0,116.4,-5.4,0.118,0.031
1630596,Evan Mobley,CLE,24.0,71,30.5,18.5,9.3,3.2,0.9,1.6,2.0,0.557,0.37,0.725,0.817,7.7,2025,0.633,0.226,120.5,108.6,11.9,0.149,0.147
1630532,Franz Wagner,ORL,23.0,60,33.7,24.2,5.7,4.7,1.3,0.4,2.3,0.463,0.295,0.871,0.55,4.1,2025,0.558,0.306,111.8,105.8,6.0,0.247,0.085
1627832,Fred VanVleet,HOU,31.0,60,35.2,14.1,3.7,5.6,1.6,0.4,1.5,0.378,0.345,0.81,0.683,4.4,2025,0.515,0.176,115.0,108.8,6.2,0.217,0.049
1641713,GG Jackson,MEM,20.0,29,15.8,7.2,3.2,1.0,0.4,0.2,1.1,0.372,0.337,0.725,0.655,-2.3,2025,0.482,0.219,112.7,118.6,-5.9,0.085,0.093
1629216,Gabe Vincent,LAL,29.0,72,21.2,6.4,1.3,1.4,0.7,0.2,0.6,0.4,0.353,0.714,0.639,0.7,2025,0.536,0.131,111.8,110.7,1.1,0.09,0.029
202066,Garrett Temple,TOR,39.0,28,8.1,1.9,1.0,1.1,0.6,0.1,0.4,0.3,0.214,0.917,0.393,-1.0,2025,0.406,0.129,106.6,111.1,-4.5,0.171,0.061
1629726,Garrison Mathews,ATL,28.0,47,17.6,7.5,1.9,1.3,0.6,0.3,0.7,0.397,0.39,0.821,0.447,-1.3,2025,0.606,0.153,107.9,111.4,-3.5,0.102,0.049
203914,Gary Harris,ORL,30.0,48,14.8,3.0,1.3,0.6,0.5,0.3,0.4,0.383,0.356,0.583,0.583,1.8,2025,0.524,0.09,110.4,103.2,7.2,0.058,0.044
1627780,Gary Payton II,GSW,32.0,62,15.0,6.5,3.0,1.3,0.8,0.3,0.6,0.574,0.326,0.711,0.581,0.7,2025,0.635,0.156,113.5,110.1,3.4,0.132,0.096
1629018,Gary Trent Jr.,MIL,26.0,74,25.6,11.1,2.3,1.2,1.0,0.1,0.6,0.431,0.416,0.848,0.595,0.9,2025,0.591,0.168,115.9,114.0,1.9,0.064,0.044
1627777,Georges Niang,ATL,32.0,79,21.5,9.9,3.4,1.4,0.4,0.2,1.0,0.461,0.406,0.793,0.696,2.5,2025,0.607,0.177,118.7,114.1,4.7,0.087,0.077
203507,Giannis Antetokounmpo,MIL,30.0,67,34.2,30.4,11.9,6.5,0.9,1.2,3.1,0.601,0.222,0.617,0.597,5.0,2025,0.625,0.346,118.9,111.7,7.2,0.339,0.172
1629048,Goga Bitadze,ORL,25.0,70,20.4,7.2,6.6,2.0,0.7,1.4,1.0,0.611,0.107,0.639,0.543,1.1,2025,0.631,0.142,110.1,107.4,2.7,0.142,0.169
1641711,Gradey Dick,TOR,21.0,54,29.4,14.4,3.6,1.8,0.9,0.2,1.5,0.41,0.35,0.858,0.278,-3.9,2025,0.543,0.209,110.3,116.1,-5.8,0.087,0.059
1629684,Grant Williams,CHA,26.0,16,29.9,10.4,5.1,2.3,1.1,0.8,1.8,0.439,0.365,0.838,0.375,0.6,2025,0.596,0.146,114.9,113.3,1.6,0.107,0.083
1628960,Grayson Allen,PHX,29.0,64,24.1,10.6,3.0,2.1,0.8,0.3,1.2,0.448,0.426,0.816,0.453,-1.2,2025,0.631,0.169,114.7,118.0,-3.3,0.125,0.064
1627824,Guerschon Yabusele,PHI,29.0,70,27.1,11.0,5.6,2.1,0.8,0.3,1.2,0.501,0.38,0.725,0.329,-1.7,2025,0.616,0.163,113.5,116.7,-3.2,0.114,0.108
1630611,Gui Santos,GSW,23.0,56,13.6,4.1,3.1,1.4,0.4,0.2,0.8,0.458,0.33,0.69,0.643,2.9,2025,0.575,0.126,117.8,107.3,10.6,0.138,0.106
203084,Harrison Barnes,SAS,33.0,82,27.2,12.3,3.8,1.7,0.5,0.2,0.6,0.508,0.433,0.809,0.415,-0.3,2025,0.656,0.157,114.5,115.6,-1.2,0.085,0.067
1629312,Haywood Highsmith,MIA,28.0,74,24.6,6.5,3.4,1.5,0.9,0.5,0.7,0.458,0.382,0.721,0.473,0.8,2025,0.583,0.111,111.8,110.4,1.4,0.084,0.069
1630529,Herbert Jones,NOP,26.0,20,32.4,10.3,3.9,3.3,1.9,0.5,1.8,0.436,0.306,0.825,0.25,-1.0,2025,0.541,0.146,111.8,112.5,-0.7,0.134,0.059
1641816,Hunter Tyson,DEN,25.0,51,7.8,2.6,1.5,0.4,0.2,0.1,0.3,0.375,0.311,0.75,0.588,-1.9,2025,0.506,0.146,98.5,108.7,-10.2,0.074,0.088
1630193,Immanuel Quickley,TOR,26.0,33,27.8,17.1,3.5,5.8,0.7,0.1,1.8,0.42,0.378,0.867,0.364,-1.2,2025,0.57,0.246,109.0,110.7,-1.6,0.32,0.06
1642403,Isaac Jones,SAC,24.0,40,7.6,3.4,1.4,0.3,0.1,0.3,0.4,0.651,0.375,0.639,0.475,-1.6,2025,0.678,0.152,104.6,115.1,-10.5,0.057,0.095
1630171,Isaac Okoro,CLE,24.0,55,19.1,6.1,2.4,1.2,0.6,0.3,0.4,0.464,0.371,0.717,0.8,4.6,2025,0.587,0.124,122.1,109.7,12.5,0.078,0.06
1642268,Isaiah Collier,UTA,20.0,71,25.9,8.7,3.3,6.3,0.9,0.2,2.9,0.422,0.249,0.682,0.197,-5.7,2025,0.494,0.186,108.3,118.6,-10.4,0.342,0.061
1628392,Isaiah Hartenstein,OKC,27.0,57,27.9,11.2,10.7,3.8,0.8,1.1,1.7,0.581,0.0,0.675,0.86,7.3,2025,0.599,0.165,118.3,105.3,13.0,0.178,0.185
1630198,Isaiah Joe,OKC,25.0,74,21.7,10.2,2.6,1.6,0.6,0.1,0.5,0.44,0.412,0.821,0.851,7.4,2025,0.617,0.166,119.9,104.1,15.8,0.096,0.058
1630191,Isaiah Stewart,DET,24.0,72,19.9,6.0,5.5,1.7,0.4,1.4,0.9,0.559,0.321,0.759,0.528,0.1,2025,0.616,0.121,109.1,108.6,0.5,0.12,0.129
1631209,Isaiah Wong,CHA,24.0,20,13.3,6.0,1.6,1.4,0.6,0.0,0.9,0.39,0.394,0.735,0.1,-0.3,2025,0.5,0.22,100.0,102.6,-2.6,0.187,0.06
1627826,Ivica Zubac,LAC,28.0,80,32.8,16.8,12.6,2.7,0.7,1.1,1.6,0.628,0.0,0.661,0.625,6.4,2025,0.641,0.192,116.5,107.1,9.4,0.121,0.199
1630550,JT Thor,WAS,22.0,20,12.5,3.6,2.4,0.3,0.4,0.5,0.5,0.424,0.286,0.682,0.5,-4.8,2025,0.517,0.132,95.3,115.3,-20.0,0.04,0.085
1629630,Ja Morant,MEM,25.0,50,30.4,23.2,4.1,7.3,1.2,0.2,3.7,0.454,0.309,0.824,0.6,4.5,2025,0.563,0.312,116.4,109.6,6.8,0.355,0.062
1642266,Ja'Kobe Walter,TOR,20.0,52,21.2,8.6,3.1,1.6,0.8,0.2,1.0,0.405,0.349,0.795,0.365,-1.6,2025,0.523,0.179,108.6,111.1,-2.4,0.105,0.07
1631095,Jabari Smith Jr.,HOU,22.0,57,30.1,12.2,7.0,1.1,0.4,0.7,1.1,0.438,0.354,0.825,0.702,4.4,2025,0.562,0.16,113.4,106.1,7.3,0.048,0.107
1631133,Jabari Walker,POR,22.0,60,12.5,5.2,3.5,0.6,0.6,0.1,0.6,0.515,0.389,0.69,0.383,0.3,2025,0.601,0.156,108.1,107.6,0.5,0.071,0.133
1630702,Jaden Hardy,DAL,22.0,57,15.9,8.7,1.6,1.4,0.5,0.1,1.4,0.435,0.386,0.698,0.526,-1.1,2025,0.549,0.244,108.3,111.6,-3.2,0.138,0.048
1631093,Jaden Ivey,DET,23.0,30,29.9,17.6,4.1,4.0,0.9,0.4,3.0,0.46,0.409,0.733,0.467,-2.1,2025,0.569,0.256,110.5,114.6,-4.1,0.207,0.067
1630183,Jaden McDaniels,MIN,24.0,82,31.9,12.2,5.7,2.0,1.3,0.9,1.2,0.477,0.33,0.813,0.598,2.1,2025,0.562,0.16,113.9,109.9,4.0,0.091,0.087
1630531,Jaden Springer,UTA,22.0,43,8.5,2.5,1.3,0.8,0.6,0.1,0.4,0.389,0.25,0.711,0.512,-0.7,2025,0.511,0.139,105.6,108.9,-3.3,0.13,0.076
1630256,Jae'Sean Tate,HOU,29.0,52,11.3,3.6,2.3,0.9,0.5,0.1,0.4,0.473,0.348,0.681,0.731,1.0,2025,0.557,0.126,111.0,104.7,6.3,0.107,0.089
1631170,Jaime Jaquez Jr.,MIA,24.0,66,20.7,8.6,4.4,2.5,0.9,0.2,1.5,0.461,0.311,0.754,0.485,-2.3,2025,0.543,0.194,107.9,113.9,-6.0,0.181,0.103
1631222,Jake LaRavia,SAC,23.0,66,20.4,6.9,3.9,2.4,0.9,0.3,1.3,0.475,0.423,0.678,0.606,1.9,2025,0.591,0.14,115.0,111.2,3.8,0.15,0.091
1627751,Jakob Poeltl,TOR,29.0,57,29.6,14.5,9.6,2.8,1.2,1.2,1.9,0.627,0.333,0.674,0.368,-0.6,2025,0.641,0.184,111.2,111.9,-0.7,0.136,0.158
1628973,Jalen Brunson,NYK,28.0,65,35.4,26.0,2.9,7.3,0.9,0.1,2.5,0.488,0.383,0.821,0.615,2.2,2025,0.605,0.289,118.3,115.7,2.6,0.318,0.042
1631105,Jalen Duren,DET,21.0,78,26.1,11.8,10.3,2.7,0.7,1.1,1.7,0.692,0.0,0.669,0.551,0.5,2025,0.703,0.161,115.5,114.0,1.5,0.141,0.199
1630224,Jalen Green,HOU,23.0,82,32.9,21.0,4.6,3.4,0.9,0.3,2.5,0.423,0.354,0.813,0.634,2.0,2025,0.544,0.267,113.8,111.1,2.8,0.159,0.065
1641720,Jalen Hood-Schifino,PHI,22.0,15,21.0,7.1,1.8,2.5,0.3,0.5,1.2,0.378,0.304,0.857,0.2,-6.4,2025,0.494,0.164,107.2,123.5,-16.4,0.165,0.041
1630552,Jalen Johnson,ATL,23.0,36,35.7,18.9,10.0,5.0,1.6,1.0,2.9,0.5,0.312,0.746,0.5,1.5,2025,0.569,0.214,111.8,110.2,1.6,0.203,0.132
1629618,Jalen Pickett,DEN,25.0,49,13.6,4.1,1.4,2.2,0.4,0.1,0.5,0.428,0.396,0.75,0.633,1.1,2025,0.545,0.13,112.6,109.7,2.9,0.211,0.051
1630188,Jalen Smith,CHI,25.0,64,15.0,8.2,5.6,1.0,0.3,0.7,0.6,0.466,0.324,0.809,0.438,-0.6,2025,0.586,0.201,110.3,111.5,-1.2,0.101,0.165
1630591,Jalen Suggs,ORL,24.0,35,28.6,16.2,4.0,3.7,1.5,0.9,2.9,0.41,0.314,0.882,0.571,0.1,2025,0.536,0.268,105.7,104.8,1.0,0.216,0.072
1631114,Jalen Williams,OKC,24.0,69,32.4,21.6,5.3,5.1,1.6,0.7,2.2,0.484,0.365,0.789,0.797,6.6,2025,0.573,0.27,116.7,106.5,10.2,0.233,0.079
1630592,Jalen Wilson,BKN,24.0,79,25.7,9.5,3.4,1.8,0.5,0.1,1.0,0.397,0.337,0.818,0.316,-3.3,2025,0.541,0.161,106.9,113.7,-6.7,0.11,0.067
1631288,Jamal Cain,NOP,26.0,37,13.6,5.3,2.3,0.6,0.6,0.2,0.6,0.43,0.325,0.68,0.162,-3.6,2025,0.544,0.167,106.4,119.3,-12.9,0.065,0.082
1627750,Jamal Murray,DEN,28.0,67,36.1,21.4,3.9,6.0,1.4,0.5,2.1,0.474,0.393,0.886,0.612,4.9,2025,0.584,0.235,122.0,115.5,6.5,0.223,0.053
1642347,Jamal Shead,TOR,22.0,75,19.6,7.1,1.5,4.2,0.8,0.1,1.6,0.405,0.323,0.768,0.373,-3.1,2025,0.499,0.179,105.5,113.3,-7.8,0.307,0.037
201935,James Harden,LAC,35.0,79,35.3,22.8,5.8,8.7,1.5,0.7,4.3,0.41,0.352,0.874,0.633,4.4,2025,0.582,0.286,115.4,109.2,6.2,0.365,0.083
1642419,Jamison Battle,TOR,24.0,59,17.7,7.1,2.7,0.9,0.3,0.2,0.5,0.429,0.405,0.889,0.356,-3.1,2025,0.59,0.147,105.0,113.4,-8.4,0.073,0.072
1641716,Jarace Walker,IND,21.0,75,15.8,6.1,3.1,1.5,0.7,0.3,1.0,0.472,0.405,0.667,0.6,-1.9,2025,0.59,0.165,107.0,112.1,-5.0,0.129,0.098
1630215,Jared Butler,PHI,24.0,60,17.4,9.0,1.8,3.7,0.7,0.2,1.3,0.448,0.355,0.824,0.1,-2.2,2025,0.549,0.222,108.5,114.5,-6.0,0.317,0.049
1642272,Jared McCain,PHI,21.0,23,25.7,15.3,2.4,2.6,0.7,0.0,1.6,0.46,0.383,0.875,0.304,-1.2,2025,0.589,0.243,109.3,111.4,-2.1,0.171,0.048
1631197,Jared Rhoden,TOR,25.0,14,16.2,8.4,3.0,1.1,0.7,0.1,0.6,0.483,0.308,0.88,0.571,4.6,2025,0.602,0.183,118.1,103.4,14.7,0.098,0.082
1628991,Jaren Jackson Jr.,MEM,25.0,74,29.8,22.2,5.6,2.0,1.2,1.5,2.1,0.488,0.375,0.781,0.568,4.5,2025,0.591,0.274,115.2,108.8,6.4,0.102,0.087
1629020,Jarred Vanderbilt,LAL,26.0,36,16.1,4.1,5.1,1.1,1.0,0.3,0.8,0.488,0.281,0.556,0.694,1.0,2025,0.537,0.116,115.6,112.2,3.3,0.094,0.154
1628386,Jarrett Allen,CLE,27.0,82,28.0,13.5,9.7,1.9,0.9,0.9,1.2,0.706,0.0,0.718,0.78,6.3,2025,0.724,0.156,121.9,111.3,10.5,0.091,0.169
1629750,Javonte Green,CLE,31.0,68,18.5,5.1,3.2,0.8,1.0,0.5,0.5,0.429,0.326,0.724,0.353,-3.1,2025,0.541,0.113,109.1,117.0,-7.8,0.059,0.081
1629637,Jaxson Hayes,LAL,25.0,56,19.5,6.8,4.8,1.0,0.6,0.9,0.8,0.722,0.0,0.622,0.679,1.6,2025,0.72,0.12,112.3,109.8,2.5,0.076,0.121
1630643,Jay Huff,MEM,27.0,64,11.7,6.9,2.0,0.6,0.3,0.9,0.5,0.515,0.405,0.786,0.578,0.4,2025,0.666,0.194,111.0,110.1,0.8,0.077,0.081
1627759,Jaylen Brown,BOS,28.0,63,34.3,22.2,5.8,4.5,1.2,0.3,2.6,0.463,0.324,0.764,0.73,6.4,2025,0.555,0.282,121.1,111.7,9.5,0.204,0.082
1641740,Jaylen Clark,MIN,23.0,40,13.0,4.1,1.3,0.7,0.9,0.1,0.2,0.467,0.431,0.784,0.7,1.1,2025,0.598,0.115,115.2,109.6,5.6,0.067,0.05
1641798,Jaylen Martin,WAS,21.0,16,14.9,4.9,2.8,1.1,0.6,0.0,0.8,0.419,0.304,0.9,0.188,-8.2,2025,0.497,0.155,93.6,120.7,-27.1,0.12,0.086
1642377,Jaylen Wells,MEM,21.0,79,25.9,10.4,3.4,1.7,0.6,0.1,0.9,0.425,0.352,0.822,0.595,2.4,2025,0.56,0.156,116.7,111.9,4.7,0.082,0.061
1631119,Jaylin Williams,OKC,23.0,47,16.7,5.9,5.6,2.6,0.5,0.6,0.7,0.439,0.399,0.767,0.851,6.4,2025,0.594,0.141,121.0,103.0,17.9,0.19,0.158
1642281,Jaylon Tyson,CLE,22.0,47,9.6,3.6,2.0,0.9,0.3,0.1,0.6,0.43,0.345,0.792,0.787,0.0,2025,0.523,0.164,108.4,108.8,-0.4,0.135,0.097
1628369,Jayson Tatum,BOS,27.0,72,36.4,26.8,8.7,6.0,1.1,0.5,2.9,0.452,0.343,0.814,0.736,7.4,2025,0.582,0.301,119.6,109.8,9.8,0.266,0.112
1630288,Jeff Dowtin Jr.,PHI,28.0,41,15.1,7.0,1.5,1.9,0.6,0.3,0.4,0.487,0.4,0.733,0.244,-2.5,2025,0.57,0.176,107.6,116.7,-9.2,0.196,0.047
201145,Jeff Green,HOU,38.0,32,12.4,5.4,1.8,0.6,0.2,0.1,0.3,0.504,0.367,0.808,0.625,-1.2,2025,0.649,0.144,112.2,116.1,-3.9,0.068,0.065
203924,Jerami Grant,POR,31.0,47,32.4,14.4,3.5,2.1,0.9,1.0,1.4,0.373,0.365,0.849,0.468,-4.3,2025,0.523,0.192,107.4,113.4,-6.1,0.099,0.05
1630526,Jeremiah Robinson-Earl,NOP,24.0,66,18.8,6.3,4.8,1.3,0.6,0.1,0.8,0.455,0.341,0.836,0.258,-5.0,2025,0.563,0.14,107.2,119.0,-11.8,0.101,0.122
1631110,Jeremy Sochan,SAS,22.0,54,25.3,11.4,6.5,2.4,0.8,0.5,1.6,0.535,0.308,0.696,0.389,-1.6,2025,0.589,0.184,111.9,114.5,-2.7,0.138,0.121
1630579,Jericho Sims,MIL,26.0,53,11.9,1.8,3.7,0.6,0.2,0.4,0.6,0.634,0.0,0.615,0.642,0.5,2025,0.639,0.074,111.5,109.1,2.4,0.068,0.156
1641724,Jett Howard,ORL,21.0,60,11.7,4.5,1.2,0.7,0.2,0.2,0.6,0.374,0.296,0.696,0.483,-1.4,2025,0.491,0.181,103.0,108.7,-5.7,0.102,0.048
1628975,Jevon Carter,CHI,29.0,36,8.9,4.3,1.1,1.1,0.4,0.1,0.3,0.377,0.333,0.8,0.361,1.0,2025,0.509,0.2,114.8,111.5,3.3,0.166,0.054
202710,Jimmy Butler III,GSW,35.0,55,31.7,17.5,5.4,5.4,1.4,0.3,1.3,0.504,0.308,0.842,0.655,4.5,2025,0.626,0.203,115.9,109.6,6.3,0.26,0.085
1629111,Jock Landale,HOU,29.0,42,11.9,4.8,3.3,0.9,0.3,0.2,0.5,0.533,0.423,0.675,0.619,-0.6,2025,0.59,0.148,110.5,112.6,-2.1,0.102,0.125
203954,Joel Embiid,PHI,31.0,19,30.2,23.8,8.2,4.5,0.7,0.9,3.3,0.444,0.299,0.882,0.421,-3.0,2025,0.58,0.342,104.0,109.5,-5.5,0.286,0.134
1628381,John Collins,UTA,27.0,40,30.5,19.0,8.2,2.0,1.0,1.0,2.6,0.527,0.399,0.848,0.3,-0.4,2025,0.628,0.234,112.4,113.3,-0.9,0.105,0.128
1629723,John Konchar,MEM,29.0,46,12.1,2.4,3.3,0.9,0.7,0.3,0.3,0.451,0.371,0.875,0.565,1.3,2025,0.592,0.077,113.2,107.8,5.4,0.095,0.123
1631098,Johnny Davis,WAS,23.0,34,7.1,2.4,1.1,0.3,0.4,0.2,0.2,0.41,0.241,0.6,0.118,-0.8,2025,0.473,0.15,104.7,107.2,-2.5,0.064,0.069
1642277,Johnny Furphy,IND,20.0,50,7.6,2.1,1.4,0.4,0.4,0.2,0.2,0.38,0.3,0.818,0.62,0.4,2025,0.506,0.118,106.1,105.4,0.6,0.063,0.093
1630548,Johnny Juzang,UTA,24.0,64,19.8,8.9,2.9,1.1,0.6,0.1,0.6,0.429,0.376,0.849,0.234,-5.6,2025,0.573,0.174,107.2,120.3,-13.1,0.08,0.07
202685,Jonas Valančiūnas,SAC,33.0,81,18.8,10.4,7.7,2.0,0.5,0.6,1.5,0.55,0.216,0.879,0.284,-3.8,2025,0.602,0.222,109.2,118.8,-9.6,0.171,0.203
1628371,Jonathan Isaac,ORL,27.0,71,15.4,5.4,4.4,0.6,0.9,1.1,0.5,0.414,0.258,0.682,0.493,-0.5,2025,0.512,0.155,105.9,106.6,-0.7,0.056,0.141
1630228,Jonathan Kuminga,GSW,22.0,47,24.3,15.3,4.6,2.2,0.8,0.4,1.5,0.454,0.305,0.668,0.596,0.2,2025,0.535,0.271,110.0,108.9,1.0,0.151,0.088
1642367,Jonathan Mogbo,TOR,23.0,63,20.4,6.2,4.9,2.3,0.9,0.5,1.1,0.438,0.243,0.732,0.286,-3.8,2025,0.496,0.145,103.7,111.9,-8.2,0.16,0.114
203903,Jordan Clarkson,UTA,33.0,37,26.0,16.2,3.2,3.7,0.8,0.2,2.3,0.408,0.362,0.797,0.27,-5.5,2025,0.54,0.269,107.5,117.5,-10.0,0.238,0.058
1630692,Jordan Goodwin,LAL,26.0,29,18.7,5.6,3.9,1.4,1.0,0.4,0.9,0.438,0.382,0.818,0.586,-0.4,2025,0.541,0.134,111.2,112.4,-1.2,0.108,0.101
1641722,Jordan Hawkins,NOP,23.0,56,23.6,10.8,2.8,1.2,0.5,0.4,1.0,0.372,0.331,0.816,0.321,-5.7,2025,0.504,0.204,106.6,118.1,-11.4,0.076,0.056
1629162,Jordan McLaughlin,SAS,29.0,46,6.8,2.1,0.7,1.1,0.3,0.0,0.3,0.431,0.413,0.773,0.37,1.2,2025,0.6,0.134,118.0,108.9,9.1,0.208,0.05
1641757,Jordan Miller,LAC,25.0,37,11.4,4.1,1.6,0.9,0.5,0.1,0.7,0.433,0.211,0.8,0.568,-1.7,2025,0.509,0.175,103.8,109.8,-6.0,0.124,0.068
1629673,Jordan Poole,WAS,26.0,68,29.4,20.5,3.0,4.5,1.3,0.4,3.0,0.432,0.378,0.883,0.221,-8.2,2025,0.591,0.281,104.8,117.9,-13.1,0.254,0.046
1641775,Jordan Walsh,BOS,21.0,52,7.8,1.6,1.3,0.4,0.2,0.2,0.3,0.361,0.273,0.583,0.75,0.5,2025,0.464,0.11,111.8,108.0,3.8,0.064,0.085
1630631,Jose Alvarado,NOP,27.0,56,24.4,10.3,2.4,4.6,1.3,0.3,1.5,0.392,0.359,0.811,0.339,-4.1,2025,0.523,0.193,108.4,117.1,-8.7,0.278,0.047
1630581,Josh Giddey,CHI,22.0,70,30.2,14.6,8.1,7.2,1.2,0.6,2.9,0.465,0.378,0.781,0.471,-1.0,2025,0.57,0.214,113.1,114.4,-1.4,0.322,0.127
1630182,Josh Green,CHA,24.0,68,27.8,7.4,2.5,1.6,1.1,0.2,1.0,0.428,0.391,0.681,0.25,-5.4,2025,0.559,0.115,105.3,114.2,-8.9,0.081,0.043
1628404,Josh Hart,NYK,30.0,77,37.6,13.6,9.6,5.9,1.5,0.4,2.1,0.525,0.333,0.776,0.623,2.6,2025,0.611,0.151,117.9,114.3,3.6,0.206,0.13
1631169,Josh Minott,MIN,22.0,46,6.0,2.6,1.0,0.4,0.3,0.3,0.2,0.489,0.326,0.895,0.696,-0.3,2025,0.605,0.16,104.0,107.0,-3.0,0.096,0.081
1629006,Josh Okogie,CHA,26.0,40,15.6,7.1,2.8,0.8,1.2,0.5,0.8,0.443,0.348,0.741,0.275,-0.3,2025,0.567,0.185,108.8,109.3,-0.5,0.082,0.086
201950,Jrue Holiday,BOS,35.0,62,30.6,11.1,4.3,3.9,1.1,0.4,1.2,0.443,0.353,0.909,0.758,5.5,2025,0.565,0.156,116.6,107.7,8.9,0.174,0.065
1630577,Julian Champagnie,SAS,24.0,82,23.6,9.9,3.9,1.4,0.7,0.4,0.9,0.415,0.371,0.904,0.415,-0.8,2025,0.577,0.164,112.3,114.5,-2.1,0.078,0.077
1641763,Julian Phillips,CHI,21.0,79,14.2,4.6,2.1,0.5,0.5,0.3,0.3,0.446,0.327,0.789,0.468,0.4,2025,0.571,0.126,112.9,111.1,1.8,0.045,0.07
1631124,Julian Strawther,DEN,23.0,65,21.3,9.0,2.2,1.3,0.6,0.2,0.9,0.432,0.349,0.822,0.631,-1.1,2025,0.559,0.173,111.9,114.4,-2.5,0.082,0.049
203944,Julius Randle,MIN,30.0,69,32.3,18.7,7.1,4.7,0.7,0.2,2.8,0.485,0.344,0.806,0.638,2.4,2025,0.593,0.246,115.0,111.6,3.4,0.228,0.108
1630551,Justin Champagnie,WAS,24.0,62,21.6,8.8,5.7,1.0,1.0,0.6,0.9,0.511,0.383,0.685,0.258,-4.6,2025,0.614,0.15,107.1,116.8,-9.7,0.066,0.119
1642348,Justin Edwards,PHI,21.0,44,26.2,10.1,3.4,1.6,1.0,0.4,1.1,0.455,0.363,0.696,0.25,-6.4,2025,0.559,0.165,111.6,123.2,-11.6,0.084,0.065
203994,Jusuf Nurkić,CHA,30.0,51,20.8,8.9,7.8,2.3,0.8,0.7,1.9,0.477,0.305,0.664,0.353,-3.6,2025,0.555,0.202,106.1,115.1,-9.0,0.167,0.181
1630231,KJ Martin,UTA,24.0,43,21.2,6.4,2.9,1.1,0.4,0.5,0.6,0.552,0.259,0.787,0.256,-3.3,2025,0.618,0.112,109.3,117.4,-8.1,0.074,0.067
1642354,KJ Simpson,CHA,22.0,36,23.4,7.8,3.0,3.1,0.9,0.2,1.6,0.346,0.254,0.82,0.083,-7.7,2025,0.437,0.188,101.0,116.4,-15.4,0.21,0.06
1630539,Kai Jones,DAL,24.0,40,11.7,5.0,3.1,0.6,0.4,0.6,0.5,0.798,0.2,0.719,0.5,-0.5,2025,0.804,0.128,107.0,109.2,-2.3,0.08,0.133
1626157,Karl-Anthony Towns,NYK,29.0,72,35.0,24.4,12.8,3.1,1.0,0.7,2.7,0.526,0.42,0.829,0.639,5.3,2025,0.63,0.265,119.4,112.7,6.8,0.13,0.187
1631255,Karlo Matković,NOP,24.0,42,18.8,7.7,5.0,1.1,0.5,1.0,1.0,0.574,0.318,0.773,0.286,-2.1,2025,0.639,0.155,109.4,114.1,-4.7,0.083,0.129
202695,Kawhi Leonard,LAC,34.0,37,31.9,21.5,5.9,3.1,1.6,0.5,1.9,0.498,0.411,0.81,0.703,8.0,2025,0.589,0.28,120.3,107.9,12.4,0.147,0.098
1630811,Keaton Wallace,ATL,26.0,31,16.2,5.4,1.6,2.6,0.9,0.3,1.1,0.401,0.329,1.0,0.484,-0.6,2025,0.503,0.164,106.2,108.4,-2.2,0.224,0.047
1631099,Keegan Murray,SAC,24.0,76,34.3,12.4,6.7,1.4,0.8,0.9,0.8,0.444,0.343,0.833,0.474,0.6,2025,0.553,0.148,114.8,113.4,1.5,0.055,0.095
1631232,Keion Brooks Jr.,NOP,24.0,14,23.7,10.1,4.1,0.9,0.7,0.7,0.9,0.486,0.326,0.733,0.143,-10.4,2025,0.581,0.169,100.7,121.2,-20.5,0.062,0.084
1642276,Kel'el Ware,MIA,21.0,64,22.2,9.3,7.4,0.9,0.6,1.1,0.9,0.554,0.315,0.687,0.438,0.6,2025,0.603,0.169,112.8,110.9,1.9,0.062,0.167
1629640,Keldon Johnson,SAS,25.0,77,23.9,12.7,4.8,1.6,0.6,0.3,1.0,0.482,0.318,0.773,0.403,-2.8,2025,0.572,0.207,110.1,115.9,-5.8,0.105,0.096
203482,Kelly Olynyk,NOP,34.0,44,20.2,8.7,4.7,2.9,0.8,0.4,1.7,0.5,0.418,0.769,0.273,-1.3,2025,0.609,0.185,110.7,113.4,-2.7,0.2,0.112
1626162,Kelly Oubre Jr.,PHI,29.0,60,34.6,15.1,6.1,1.8,1.5,0.5,1.3,0.47,0.293,0.751,0.35,-4.3,2025,0.551,0.186,110.7,116.4,-5.7,0.079,0.091
1629026,Kenrich Williams,OKC,30.0,69,16.4,6.3,3.5,1.4,0.6,0.1,0.6,0.483,0.386,0.718,0.841,4.8,2025,0.587,0.151,118.7,104.1,14.5,0.111,0.102
203484,Kentavious Caldwell-Pope,MEM,32.0,77,29.6,8.7,2.2,1.8,1.3,0.4,0.8,0.439,0.342,0.863,0.494,0.1,2025,0.574,0.121,109.1,108.6,0.5,0.086,0.038
1631165,Keon Ellis,SAC,25.0,80,24.4,8.3,2.7,1.5,1.5,0.8,0.9,0.489,0.433,0.849,0.488,0.8,2025,0.664,0.125,116.1,113.2,3.0,0.08,0.055
1630553,Keon Johnson,BKN,23.0,79,24.4,10.6,3.8,2.2,1.0,0.4,1.5,0.389,0.314,0.77,0.316,-5.4,2025,0.499,0.212,104.1,114.4,-10.3,0.148,0.076
1630556,Kessler Edwards,DAL,24.0,40,15.2,4.2,2.9,1.1,0.5,0.5,0.4,0.496,0.407,0.923,0.425,-4.0,2025,0.597,0.11,110.0,122.3,-12.3,0.09,0.096
201142,Kevin Durant,PHX,36.0,62,36.5,26.6,6.0,4.2,0.8,1.2,3.1,0.527,0.43,0.839,0.532,-0.6,2025,0.642,0.283,116.5,117.4,-1.0,0.188,0.084
1628989,Kevin Huerter,CHI,26.0,69,24.3,9.9,3.0,2.3,1.0,0.3,1.0,0.425,0.338,0.714,0.565,1.5,2025,0.544,0.171,114.5,111.7,2.8,0.124,0.058
201567,Kevin Love,MIA,36.0,23,10.9,5.3,4.1,1.0,0.7,0.2,0.6,0.357,0.358,0.696,0.565,-1.1,2025,0.488,0.23,108.7,112.3,-3.6,0.134,0.177
1629645,Kevin Porter Jr.,MIL,25.0,75,19.8,10.3,3.7,3.4,1.1,0.2,1.8,0.449,0.311,0.769,0.573,0.4,2025,0.531,0.248,109.1,108.0,1.1,0.276,0.092
1626172,Kevon Looney,GSW,29.0,76,15.0,4.5,6.1,1.6,0.6,0.5,0.5,0.514,0.4,0.566,0.592,1.5,2025,0.535,0.125,112.5,106.9,5.6,0.143,0.181
1641718,Keyonte George,UTA,21.0,67,31.5,16.8,3.8,5.6,0.7,0.1,2.7,0.391,0.343,0.818,0.194,-7.6,2025,0.539,0.237,110.1,122.0,-11.9,0.272,0.058
203114,Khris Middleton,WAS,33.0,37,22.8,11.9,3.7,4.1,0.9,0.2,1.5,0.475,0.361,0.857,0.486,1.1,2025,0.588,0.208,114.1,112.6,1.5,0.251,0.076
202691,Klay Thompson,DAL,35.0,72,27.3,14.0,3.4,2.0,0.7,0.4,1.2,0.412,0.391,0.905,0.458,-1.1,2025,0.552,0.214,112.8,115.2,-2.4,0.104,0.06
1641738,Kobe Brown,LAC,25.0,40,6.8,1.9,1.6,0.6,0.2,0.1,0.3,0.458,0.231,0.714,0.625,-1.3,2025,0.513,0.134,105.9,114.7,-8.7,0.137,0.122
1627739,Kris Dunn,LAC,31.0,74,24.1,6.4,3.4,2.8,1.7,0.4,1.0,0.439,0.335,0.682,0.608,3.5,2025,0.531,0.126,113.8,106.0,7.8,0.153,0.072
1631200,Kris Murray,POR,24.0,69,15.1,4.2,2.6,1.0,0.5,0.2,0.6,0.419,0.225,0.456,0.449,-0.7,2025,0.472,0.133,106.0,107.8,-1.8,0.09,0.081
204001,Kristaps Porziņģis,BOS,29.0,42,28.8,19.5,6.8,2.1,0.7,1.5,1.3,0.483,0.412,0.809,0.714,4.1,2025,0.618,0.253,116.2,110.3,5.8,0.113,0.11
203937,Kyle Anderson,MIA,31.0,61,16.4,5.9,3.4,2.4,0.7,0.5,0.6,0.469,0.357,0.738,0.492,-0.4,2025,0.538,0.152,106.1,107.6,-1.5,0.211,0.097
1642271,Kyle Filipowski,UTA,21.0,72,21.1,9.6,6.1,1.9,0.7,0.3,1.4,0.502,0.35,0.65,0.181,-5.1,2025,0.594,0.184,107.7,118.9,-11.3,0.14,0.14
1628398,Kyle Kuzma,MIL,29.0,65,29.8,14.8,5.7,2.3,0.6,0.3,2.2,0.436,0.307,0.634,0.385,-6.4,2025,0.514,0.233,105.8,116.1,-10.3,0.123,0.091
200768,Kyle Lowry,PHI,39.0,35,18.8,3.9,1.9,2.7,0.9,0.3,0.6,0.35,0.33,0.818,0.4,-2.0,2025,0.525,0.1,103.8,109.6,-5.8,0.206,0.05
202681,Kyrie Irving,DAL,33.0,50,36.1,24.7,4.8,4.6,1.3,0.5,2.2,0.473,0.401,0.916,0.56,2.5,2025,0.594,0.264,116.5,113.9,2.6,0.198,0.064
1642273,Kyshawn George,WAS,21.0,68,26.5,8.7,4.2,2.5,1.0,0.7,1.4,0.372,0.322,0.753,0.221,-5.3,2025,0.503,0.156,105.4,115.5,-10.1,0.133,0.074
1630163,LaMelo Ball,CHA,23.0,47,32.0,25.2,4.9,7.4,1.1,0.3,3.6,0.405,0.339,0.843,0.34,-2.8,2025,0.536,0.342,112.7,116.5,-3.9,0.39,0.072
1629013,Landry Shamet,NYK,28.0,50,15.2,5.7,1.2,0.5,0.5,0.0,0.4,0.461,0.397,0.667,0.6,1.8,2025,0.601,0.143,111.6,106.5,5.1,0.049,0.039
1626204,Larry Nance Jr.,ATL,32.0,24,19.3,8.5,4.3,1.6,0.8,0.5,0.7,0.516,0.447,0.692,0.417,-4.0,2025,0.632,0.155,107.5,116.5,-9.0,0.125,0.108
1628374,Lauri Markkanen,UTA,28.0,47,31.4,19.0,5.9,1.5,0.7,0.4,1.4,0.423,0.346,0.876,0.191,-4.0,2025,0.571,0.231,111.4,117.5,-6.1,0.074,0.09
2544,LeBron James,LAL,40.0,70,34.9,24.4,7.8,8.2,1.0,0.6,3.7,0.513,0.376,0.782,0.629,-0.8,2025,0.604,0.291,112.7,114.0,-1.3,0.395,0.112
1630322,Lindy Waters III,DET,27.0,52,15.0,4.9,2.1,1.0,0.5,0.2,0.4,0.369,0.344,0.727,0.519,0.3,2025,0.504,0.145,111.6,110.2,1.4,0.092,0.067
1629022,Lonnie Walker IV,PHI,26.0,20,23.8,12.4,3.2,2.5,0.5,0.3,1.3,0.42,0.354,0.8,0.15,-7.1,2025,0.548,0.214,104.7,118.7,-14.1,0.167,0.063
1628366,Lonzo Ball,CHI,27.0,35,22.2,7.6,3.4,3.3,1.3,0.5,1.2,0.366,0.344,0.815,0.457,2.9,2025,0.524,0.152,113.5,108.0,5.5,0.187,0.068
1629652,Luguentz Dort,OKC,26.0,71,29.2,10.1,4.1,1.6,1.1,0.5,0.7,0.435,0.412,0.717,0.803,7.7,2025,0.586,0.133,120.4,107.3,13.1,0.067,0.067
1629029,Luka Dončić,LAL,26.0,50,35.4,28.2,8.2,7.7,1.8,0.4,3.6,0.45,0.368,0.782,0.62,6.9,2025,0.587,0.328,119.6,110.5,9.1,0.342,0.112
1630568,Luka Garza,MIN,26.0,39,5.6,3.5,1.4,0.3,0.2,0.1,0.3,0.495,0.278,0.686,0.718,0.0,2025,0.573,0.241,107.9,107.5,0.4,0.082,0.121
1628379,Luke Kennard,MEM,29.0,65,22.6,8.9,2.8,3.3,0.8,0.1,1.1,0.478,0.433,0.895,0.569,1.9,2025,0.631,0.14,117.6,114.5,3.1,0.179,0.059
1628436,Luke Kornet,BOS,29.0,73,18.6,6.0,5.3,1.6,0.5,1.0,0.4,0.668,0.0,0.691,0.726,5.5,2025,0.683,0.111,121.2,106.3,14.9,0.115,0.136
1631103,Malaki Branham,SAS,22.0,47,9.1,5.0,1.1,0.8,0.2,0.0,0.7,0.458,0.405,0.818,0.383,-0.7,2025,0.575,0.233,106.1,109.8,-3.7,0.139,0.057
1627763,Malcolm Brogdon,WAS,32.0,24,23.5,12.7,3.8,4.1,0.5,0.2,1.6,0.433,0.286,0.88,0.25,-5.0,2025,0.544,0.231,106.5,116.9,-10.4,0.267,0.077
1627736,Malik Beasley,DET,28.0,82,27.8,16.3,2.6,1.7,0.9,0.1,1.0,0.43,0.416,0.679,0.537,2.1,2025,0.59,0.215,113.3,110.2,3.1,0.089,0.045
1628370,Malik Monk,SAC,27.0,65,31.6,17.2,3.8,5.6,0.9,0.6,2.4,0.439,0.325,0.865,0.554,1.8,2025,0.549,0.236,117.0,114.5,2.5,0.246,0.059
1630542,Marcus Bagley,PHI,23.0,10,25.3,6.7,7.0,1.0,0.9,1.2,0.7,0.391,0.156,0.8,0.1,-8.4,2025,0.456,0.128,101.1,117.0,-15.9,0.056,0.124
1631204,Marcus Sasser,DET,24.0,57,14.2,6.6,1.2,2.3,0.6,0.1,0.9,0.463,0.382,0.843,0.526,0.7,2025,0.589,0.187,110.4,107.5,2.9,0.239,0.04
203935,Marcus Smart,WAS,31.0,34,20.0,9.0,2.1,3.2,1.1,0.3,1.6,0.393,0.348,0.761,0.5,1.2,2025,0.529,0.198,109.9,107.3,2.6,0.221,0.047
1631109,Mark Williams,CHA,23.0,44,26.6,15.3,10.2,2.5,0.7,1.2,1.6,0.604,0.0,0.804,0.205,-6.8,2025,0.647,0.21,106.3,118.9,-12.7,0.154,0.178
1628963,Marvin Bagley III,MEM,26.0,31,8.6,4.4,2.7,0.4,0.3,0.3,0.4,0.519,0.158,0.657,0.226,-0.3,2025,0.56,0.2,108.2,108.8,-0.6,0.063,0.143
203486,Mason Plumlee,PHX,35.0,74,17.6,4.5,6.1,1.8,0.4,0.6,0.8,0.619,0.0,0.648,0.446,0.7,2025,0.645,0.105,115.2,115.0,0.2,0.133,0.176
1641824,Matas Buzelis,CHI,20.0,80,18.9,8.6,3.5,1.0,0.4,0.9,0.9,0.454,0.361,0.815,0.488,-0.4,2025,0.571,0.181,110.4,112.1,-1.7,0.072,0.085
1629680,Matisse Thybulle,POR,28.0,15,20.8,7.5,3.5,1.9,2.2,0.6,0.9,0.477,0.438,0.467,0.533,0.1,2025,0.592,0.135,105.3,105.1,0.2,0.126,0.076
1631108,Max Christie,DAL,22.0,78,27.3,9.6,3.3,1.9,0.8,0.4,1.1,0.427,0.366,0.855,0.513,-1.1,2025,0.57,0.15,112.6,114.3,-1.7,0.093,0.061
1629622,Max Strus,CLE,29.0,50,25.5,9.4,4.3,3.2,0.5,0.2,1.1,0.442,0.386,0.824,0.78,4.4,2025,0.607,0.143,120.1,112.2,7.9,0.157,0.081
1628467,Maxi Kleber,LAL,33.0,34,18.7,3.0,2.8,1.3,0.3,0.5,0.7,0.385,0.265,0.762,0.529,-0.5,2025,0.489,0.085,111.9,112.3,-0.4,0.087,0.073
1641721,Maxwell Lewis,BKN,22.0,28,11.7,4.1,2.0,0.7,0.3,0.3,0.5,0.417,0.38,0.7,0.321,-2.4,2025,0.516,0.164,101.2,110.7,-9.6,0.091,0.082
1630695,Micah Potter,UTA,27.0,38,18.6,4.3,4.3,0.8,0.4,0.4,0.8,0.422,0.316,0.85,0.263,-2.7,2025,0.563,0.102,108.6,116.2,-7.6,0.058,0.107
1629008,Michael Porter Jr.,DEN,27.0,77,33.7,18.2,7.0,2.1,0.6,0.5,1.4,0.504,0.395,0.768,0.61,3.4,2025,0.617,0.197,119.8,115.4,4.4,0.084,0.103
1628969,Mikal Bridges,NYK,28.0,82,37.0,17.6,3.2,3.7,0.9,0.5,1.6,0.5,0.354,0.814,0.622,4.1,2025,0.585,0.192,118.4,112.9,5.6,0.141,0.043
201144,Mike Conley,MIN,37.0,71,24.7,8.2,2.6,4.5,1.1,0.2,1.1,0.4,0.41,0.9,0.62,3.7,2025,0.573,0.141,115.5,109.0,6.5,0.243,0.052
1628970,Miles Bridges,CHA,27.0,64,31.7,20.3,7.5,3.9,0.7,0.7,2.1,0.431,0.313,0.87,0.25,-4.0,2025,0.541,0.273,108.2,113.6,-5.5,0.203,0.11
1630540,Miles McBride,NYK,24.0,64,24.9,9.5,2.5,2.9,1.0,0.3,0.6,0.406,0.369,0.813,0.609,3.3,2025,0.531,0.162,116.8,109.7,7.1,0.155,0.049
1629011,Mitchell Robinson,NYK,27.0,17,17.1,5.1,5.9,0.8,0.9,1.1,0.6,0.661,0.0,0.684,0.588,1.4,2025,0.676,0.109,113.8,108.2,5.7,0.062,0.175
1628964,Mo Bamba,NOP,27.0,32,12.9,4.3,4.5,0.6,0.3,1.0,0.6,0.464,0.278,0.704,0.594,-2.3,2025,0.557,0.15,103.5,112.5,-9.0,0.068,0.175
1628420,Monte Morris,PHX,30.0,45,12.7,5.2,1.5,1.6,0.4,0.1,0.5,0.426,0.36,0.857,0.467,1.0,2025,0.546,0.173,111.1,108.3,2.8,0.188,0.056
1629021,Moritz Wagner,ORL,28.0,30,18.8,12.9,4.9,1.4,0.8,0.4,1.6,0.562,0.36,0.718,0.6,-0.6,2025,0.649,0.254,106.1,107.0,-0.9,0.135,0.131
1630541,Moses Moody,GSW,23.0,74,22.3,9.8,2.6,1.3,0.8,0.4,0.7,0.433,0.374,0.797,0.608,1.8,2025,0.578,0.17,113.2,108.9,4.3,0.084,0.056
1631243,Mouhamed Gueye,ATL,22.0,33,16.1,6.0,4.2,0.8,0.8,1.0,0.5,0.421,0.259,0.762,0.455,2.6,2025,0.52,0.155,113.4,104.7,8.8,0.064,0.127
1631217,Moussa Diabaté,CHA,23.0,71,17.5,5.7,6.2,0.8,0.6,0.6,0.9,0.596,0.0,0.595,0.211,-1.7,2025,0.609,0.13,106.9,110.3,-3.4,0.069,0.169
1626167,Myles Turner,IND,29.0,72,30.2,15.6,6.5,1.5,0.8,2.0,1.7,0.481,0.396,0.773,0.611,2.8,2025,0.612,0.207,116.1,111.5,4.7,0.072,0.109
1630230,Naji Marshall,DAL,27.0,69,27.8,13.2,4.8,3.0,1.0,0.2,1.6,0.508,0.275,0.813,0.464,-2.0,2025,0.584,0.197,111.5,114.7,-3.2,0.161,0.084
1629675,Naz Reid,MIN,25.0,80,27.5,14.2,6.0,2.3,0.7,0.9,1.4,0.462,0.379,0.776,0.588,4.3,2025,0.577,0.21,116.2,108.8,7.4,0.123,0.106
1629674,Neemias Queta,BOS,25.0,62,13.9,5.0,3.8,0.7,0.3,0.7,0.6,0.65,0.0,0.754,0.742,2.5,2025,0.674,0.136,117.4,108.3,9.1,0.076,0.137
1629651,Nic Claxton,BKN,26.0,70,26.9,10.3,7.4,2.2,0.9,1.4,1.2,0.563,0.238,0.513,0.286,-7.1,2025,0.569,0.166,103.6,116.2,-12.6,0.14,0.137
1630208,Nick Richards,PHX,27.0,57,22.0,9.3,8.2,0.9,0.2,1.0,1.4,0.591,0.0,0.744,0.298,-4.1,2025,0.634,0.169,112.3,120.9,-8.7,0.058,0.181
1641733,Nick Smith Jr.,CHA,21.0,60,22.8,9.9,2.1,2.4,0.3,0.1,1.4,0.391,0.34,0.935,0.233,-6.6,2025,0.502,0.205,102.1,116.4,-14.3,0.169,0.043
1629638,Nickeil Alexander-Walker,MIN,26.0,82,25.3,9.4,3.2,2.7,0.6,0.4,1.2,0.438,0.381,0.78,0.598,3.3,2025,0.579,0.155,115.1,108.5,6.6,0.149,0.062
201587,Nicolas Batum,LAC,36.0,78,17.5,4.0,2.8,1.1,0.7,0.5,0.4,0.437,0.433,0.81,0.603,1.9,2025,0.633,0.087,110.5,104.7,5.9,0.082,0.077
203999,Nikola Jokić,DEN,30.0,70,36.7,29.6,12.7,10.2,1.8,0.6,3.3,0.576,0.417,0.8,0.657,8.5,2025,0.663,0.285,125.6,115.1,10.5,0.398,0.173
1631107,Nikola Jović,MIA,22.0,46,25.1,10.7,3.9,2.8,0.8,0.3,1.3,0.456,0.371,0.828,0.457,-0.4,2025,0.595,0.178,109.6,110.7,-1.1,0.174,0.076
202696,Nikola Vučević,CHI,34.0,73,31.2,18.5,10.1,3.5,0.8,0.7,1.6,0.53,0.402,0.805,0.466,-1.3,2025,0.611,0.221,113.6,116.0,-2.4,0.165,0.154
1641730,Noah Clowney,BKN,20.0,46,22.7,9.1,3.9,0.9,0.5,0.5,1.0,0.358,0.333,0.838,0.239,-5.7,2025,0.516,0.185,103.0,115.2,-12.3,0.063,0.084
1626181,Norman Powell,LAC,32.0,60,32.6,21.8,3.2,2.1,1.2,0.2,1.8,0.484,0.418,0.804,0.65,5.9,2025,0.615,0.255,116.2,107.4,8.8,0.096,0.049
1628384,OG Anunoby,NYK,27.0,74,36.6,18.0,4.8,2.2,1.5,0.9,1.4,0.476,0.372,0.81,0.608,4.1,2025,0.591,0.195,117.7,112.3,5.4,0.084,0.067
1630167,Obi Toppin,IND,27.0,79,19.6,10.5,4.0,1.6,0.6,0.4,0.9,0.529,0.365,0.781,0.608,-1.0,2025,0.642,0.191,113.6,116.1,-2.6,0.116,0.101
1630534,Ochai Agbaji,TOR,25.0,64,27.2,10.4,3.8,1.5,0.9,0.5,0.8,0.498,0.399,0.708,0.297,-3.3,2025,0.601,0.144,106.4,112.2,-5.7,0.081,0.066
1641765,Olivier-Maxence Prosper,DAL,22.0,52,11.2,3.9,2.4,0.8,0.5,0.1,0.3,0.402,0.235,0.645,0.519,-2.0,2025,0.484,0.158,101.8,109.5,-7.7,0.101,0.103
1630168,Onyeka Okongwu,ATL,24.0,74,27.9,13.4,8.9,2.3,0.9,0.9,1.2,0.567,0.324,0.759,0.473,0.5,2025,0.634,0.169,114.9,113.7,1.1,0.113,0.157
1631115,Orlando Robinson,TOR,24.0,44,17.5,6.9,5.0,1.8,0.4,0.4,1.1,0.444,0.327,0.771,0.523,-2.0,2025,0.519,0.177,104.5,109.2,-4.8,0.152,0.127
1631131,Oscar Tshiebwe,UTA,25.0,14,18.2,7.6,8.7,0.6,0.9,0.1,0.7,0.6,0.0,0.742,0.214,-0.8,2025,0.64,0.144,113.4,115.8,-2.5,0.051,0.221
1642345,Oso Ighodaro,PHX,22.0,61,17.1,4.2,3.6,1.2,0.5,0.5,0.6,0.604,0.0,0.58,0.41,-0.3,2025,0.61,0.103,109.4,110.0,-0.6,0.095,0.104
1631172,Ousmane Dieng,OKC,22.0,37,10.9,3.8,2.2,0.8,0.5,0.2,0.5,0.432,0.324,0.688,0.811,1.2,2025,0.538,0.152,104.3,99.2,5.1,0.107,0.091
1629023,P.J. Washington,DAL,26.0,57,32.2,14.7,7.8,2.3,1.1,1.1,2.1,0.453,0.381,0.722,0.544,0.9,2025,0.556,0.198,114.2,113.2,1.1,0.098,0.115
1631094,Paolo Banchero,ORL,22.0,46,34.4,25.9,7.5,4.8,0.8,0.6,3.0,0.452,0.32,0.727,0.457,-0.5,2025,0.551,0.33,109.1,109.6,-0.6,0.262,0.108
1627783,Pascal Siakam,IND,31.0,78,32.7,20.2,6.9,3.4,0.9,0.5,1.4,0.519,0.389,0.734,0.603,4.0,2025,0.599,0.237,114.5,108.9,5.5,0.155,0.104
1626192,Pat Connaughton,MIL,32.0,41,14.7,5.3,2.7,1.7,0.2,0.3,0.6,0.469,0.321,0.774,0.463,-0.3,2025,0.567,0.151,111.7,114.6,-2.9,0.159,0.088
1630311,Pat Spencer,GSW,28.0,39,6.4,2.5,1.2,1.2,0.4,0.1,0.5,0.406,0.227,0.733,0.615,-0.4,2025,0.455,0.204,105.0,107.8,-2.8,0.274,0.09
1630172,Patrick Williams,CHI,23.0,63,25.0,9.0,3.8,2.0,0.8,0.5,1.4,0.397,0.353,0.723,0.492,-2.9,2025,0.512,0.165,108.7,113.5,-4.8,0.106,0.07
201988,Patty Mills,LAC,36.0,29,11.1,3.8,0.8,0.9,0.4,0.1,0.6,0.375,0.347,0.929,0.414,-0.5,2025,0.543,0.15,104.6,108.0,-3.4,0.123,0.032
202331,Paul George,PHI,35.0,41,32.5,16.2,5.3,4.3,1.8,0.5,2.6,0.43,0.358,0.814,0.366,-2.0,2025,0.543,0.233,108.3,112.2,-3.8,0.217,0.083
1630194,Paul Reed,DET,26.0,45,9.7,4.1,2.7,1.0,0.9,0.6,0.6,0.507,0.286,0.762,0.489,1.0,2025,0.573,0.179,111.3,105.7,5.6,0.141,0.142
1630202,Payton Pritchard,BOS,27.0,80,28.4,14.3,3.8,3.5,0.9,0.2,1.0,0.472,0.407,0.845,0.738,5.4,2025,0.633,0.186,118.4,108.9,9.5,0.184,0.065
1641796,Pelle Larsson,MIA,24.0,55,14.2,4.6,1.7,1.2,0.6,0.1,0.4,0.438,0.337,0.672,0.436,0.2,2025,0.546,0.141,111.1,108.7,2.4,0.116,0.058
1631212,Peyton Watson,DEN,22.0,68,24.3,8.1,3.4,1.4,0.7,1.4,0.8,0.477,0.353,0.693,0.588,-0.4,2025,0.564,0.138,113.9,113.9,0.0,0.073,0.069
1630173,Precious Achiuwa,NYK,25.0,57,20.5,6.6,5.6,1.0,0.8,0.7,0.8,0.502,0.278,0.594,0.632,-0.8,2025,0.53,0.143,110.2,111.4,-1.2,0.065,0.135
1629656,Quentin Grimes,PHI,25.0,75,26.8,14.6,4.3,3.0,1.0,0.3,1.9,0.467,0.385,0.757,0.387,-3.5,2025,0.595,0.218,111.9,118.1,-6.2,0.172,0.077
1631245,Quenton Jackson,IND,26.0,28,13.6,5.8,1.6,1.9,0.8,0.2,0.6,0.475,0.375,0.775,0.5,0.0,2025,0.58,0.167,110.9,110.1,0.8,0.193,0.057
1642366,Quinten Post,GSW,25.0,42,16.3,8.1,3.5,1.3,0.4,0.4,0.8,0.449,0.408,0.778,0.619,1.0,2025,0.595,0.197,111.5,109.1,2.4,0.131,0.106
1629628,RJ Barrett,TOR,25.0,58,32.2,21.1,6.3,5.4,0.8,0.3,2.9,0.468,0.35,0.63,0.397,-2.4,2025,0.547,0.281,110.1,113.4,-3.4,0.257,0.094
1641712,Rayan Rupert,POR,21.0,52,8.8,3.0,1.3,0.5,0.3,0.1,0.6,0.408,0.271,0.767,0.442,-1.7,2025,0.499,0.156,100.6,109.8,-9.2,0.083,0.071
1641736,Reece Beekman,BKN,23.0,36,13.0,2.6,1.1,1.8,0.9,0.1,0.6,0.327,0.175,0.762,0.361,-3.3,2025,0.4,0.122,98.5,110.4,-12.0,0.205,0.041
1642263,Reed Sheppard,HOU,21.0,52,12.6,4.4,1.5,1.4,0.7,0.3,0.7,0.351,0.338,0.813,0.577,-1.0,2025,0.465,0.171,108.5,111.1,-2.7,0.153,0.054
202704,Reggie Jackson,PHI,35.0,31,12.4,4.4,1.4,1.5,0.5,0.1,0.5,0.391,0.338,0.778,0.355,-0.6,2025,0.496,0.17,108.3,111.8,-3.5,0.172,0.055
1626158,Richaun Holmes,WAS,31.0,31,17.2,7.4,5.7,1.4,0.3,0.7,0.7,0.647,0.0,0.833,0.29,-1.2,2025,0.695,0.143,110.2,114.5,-4.3,0.112,0.161
1641741,Ricky Council IV,PHI,23.0,73,17.1,7.3,2.9,1.3,0.4,0.2,0.7,0.382,0.258,0.804,0.219,-2.2,2025,0.502,0.196,109.9,116.0,-6.1,0.115,0.084
1642265,Rob Dillingham,MIN,20.0,49,10.5,4.5,1.0,2.0,0.4,0.0,1.1,0.441,0.338,0.533,0.612,0.4,2025,0.503,0.215,112.3,111.1,1.2,0.283,0.046
1629057,Robert Williams III,POR,27.0,20,17.6,5.8,5.9,1.1,0.7,1.7,0.9,0.641,0.333,0.882,0.35,-0.9,2025,0.679,0.12,106.3,108.3,-2.0,0.09,0.159
1641842,Ronald Holland II,DET,19.0,81,15.6,6.4,2.7,1.0,0.6,0.2,0.9,0.474,0.238,0.754,0.543,-0.7,2025,0.556,0.177,109.8,110.9,-1.0,0.095,0.083
1626220,Royce O'Neale,PHX,32.0,75,24.5,9.1,4.7,2.2,0.9,0.4,0.9,0.423,0.406,0.731,0.44,-2.1,2025,0.585,0.151,112.1,116.4,-4.2,0.128,0.094
203497,Rudy Gobert,MIN,33.0,72,33.2,12.0,10.9,1.8,0.8,1.4,1.2,0.669,0.0,0.674,0.597,4.5,2025,0.687,0.129,114.3,107.6,6.7,0.075,0.161
1629060,Rui Hachimura,LAL,27.0,59,31.7,13.1,5.0,1.4,0.8,0.4,0.8,0.509,0.413,0.77,0.627,2.7,2025,0.619,0.156,114.8,110.9,3.9,0.063,0.079
201566,Russell Westbrook,DEN,36.0,75,27.9,13.3,4.9,6.1,1.4,0.5,3.2,0.449,0.323,0.661,0.573,-0.3,2025,0.532,0.23,115.7,116.2,-0.6,0.289,0.086
1642346,Ryan Dunn,PHX,22.0,74,19.1,6.9,3.6,0.8,0.6,0.5,0.5,0.43,0.311,0.487,0.432,-2.3,2025,0.517,0.161,110.4,115.1,-4.7,0.059,0.09
1631157,Ryan Rollins,MIL,22.0,56,14.6,6.2,1.9,1.9,0.8,0.3,0.9,0.487,0.408,0.8,0.536,1.5,2025,0.6,0.179,114.0,108.6,5.4,0.173,0.065
1630573,Sam Hauser,BOS,27.0,71,21.7,8.5,3.2,0.9,0.6,0.2,0.3,0.451,0.416,1.0,0.732,4.6,2025,0.632,0.14,119.8,109.8,10.0,0.057,0.07
1630241,Sam Merrill,CLE,29.0,71,19.7,7.2,2.2,1.5,0.7,0.2,0.5,0.406,0.372,0.966,0.761,4.5,2025,0.583,0.14,117.4,107.1,10.3,0.099,0.052
1630572,Sandro Mamukelashvili,SAS,26.0,61,11.2,6.3,3.1,0.8,0.4,0.3,0.4,0.502,0.373,0.741,0.377,-0.5,2025,0.628,0.202,111.6,112.9,-1.4,0.108,0.131
1630583,Santi Aldama,MEM,24.0,65,25.5,12.5,6.4,2.9,0.8,0.4,1.1,0.483,0.368,0.691,0.585,2.3,2025,0.588,0.179,116.1,112.6,3.5,0.149,0.116
1630703,Scoot Henderson,POR,21.0,66,26.7,12.7,3.0,5.1,1.0,0.2,2.7,0.419,0.354,0.767,0.455,-0.6,2025,0.54,0.22,112.5,113.7,-1.3,0.274,0.054
1630567,Scottie Barnes,TOR,23.0,65,32.8,19.3,7.7,5.8,1.4,1.0,2.8,0.446,0.271,0.755,0.4,-2.0,2025,0.523,0.262,107.4,110.1,-2.7,0.279,0.111
1630590,Scotty Pippen Jr.,MEM,24.0,79,21.3,9.9,3.3,4.4,1.3,0.4,1.7,0.48,0.397,0.713,0.582,0.6,2025,0.582,0.188,111.0,109.7,1.3,0.283,0.07
203552,Seth Curry,CHA,34.0,68,15.6,6.5,1.7,0.9,0.4,0.1,0.5,0.478,0.456,0.846,0.25,-2.5,2025,0.616,0.151,106.2,114.1,-8.0,0.087,0.049
1631101,Shaedon Sharpe,POR,22.0,72,31.3,18.5,4.5,2.8,0.9,0.2,2.1,0.452,0.311,0.785,0.444,-1.9,2025,0.551,0.25,111.4,114.4,-3.0,0.138,0.07
1628983,Shai Gilgeous-Alexander,OKC,26.0,76,34.2,32.7,5.0,6.4,1.7,1.0,2.4,0.519,0.375,0.898,0.829,12.1,2025,0.637,0.336,122.4,105.7,16.7,0.299,0.069
1629003,Shake Milton,LAL,28.0,57,14.7,5.5,1.8,1.8,0.4,0.1,0.7,0.453,0.358,0.797,0.509,-2.1,2025,0.563,0.162,106.2,113.1,-6.9,0.184,0.061
1631323,Simone Fontecchio,DET,29.0,75,16.5,5.9,2.9,0.9,0.4,0.2,0.7,0.402,0.335,0.833,0.507,0.2,2025,0.544,0.152,110.7,109.5,1.2,0.071,0.083
203915,Spencer Dinwiddie,DAL,32.0,79,27.0,11.0,2.6,4.4,0.9,0.2,1.3,0.416,0.334,0.802,0.468,-2.8,2025,0.553,0.175,110.1,115.1,-5.0,0.228,0.048
201939,Stephen Curry,GSW,37.0,70,32.2,24.5,4.4,6.0,1.1,0.4,2.9,0.448,0.397,0.933,0.586,4.3,2025,0.618,0.286,118.4,112.7,5.7,0.284,0.066
1642264,Stephon Castle,SAS,20.0,81,26.7,14.7,3.7,4.1,0.9,0.3,2.2,0.428,0.285,0.724,0.407,-3.0,2025,0.522,0.253,111.8,116.6,-4.7,0.231,0.066
203500,Steven Adams,HOU,31.0,58,13.7,3.9,5.6,1.1,0.4,0.5,0.9,0.545,0.0,0.462,0.655,3.0,2025,0.541,0.127,115.3,105.9,9.4,0.107,0.187
1629004,Svi Mykhailiuk,UTA,28.0,38,20.0,8.8,2.4,2.0,0.5,0.2,1.4,0.391,0.345,0.8,0.158,-2.8,2025,0.526,0.198,110.3,117.7,-7.4,0.144,0.055
204456,T.J. McConnell,IND,33.0,79,17.9,9.1,2.4,4.4,1.1,0.3,1.4,0.519,0.306,0.74,0.62,-0.7,2025,0.547,0.226,111.1,113.8,-2.7,0.359,0.069
201959,Taj Gibson,CHA,40.0,37,11.1,2.9,3.2,0.6,0.2,0.5,0.7,0.495,0.5,0.6,0.27,-3.4,2025,0.515,0.132,96.6,110.4,-13.8,0.081,0.133
1629659,Talen Horton-Tucker,CHI,24.0,58,12.5,6.5,1.7,1.4,0.4,0.2,0.7,0.457,0.336,0.735,0.448,0.3,2025,0.567,0.208,111.4,109.8,1.7,0.162,0.063
1631106,Tari Eason,HOU,24.0,57,24.9,12.0,6.4,1.5,1.7,0.9,1.1,0.487,0.342,0.76,0.632,2.5,2025,0.567,0.185,114.8,109.2,5.6,0.082,0.118
1627752,Taurean Prince,MIL,31.0,80,27.1,8.2,3.6,1.9,1.0,0.2,1.0,0.457,0.439,0.813,0.575,-0.3,2025,0.613,0.123,114.0,114.5,-0.4,0.093,0.065
1629611,Terance Mann,ATL,28.0,67,21.1,7.7,3.0,1.8,0.7,0.2,0.7,0.496,0.368,0.691,0.552,-1.4,2025,0.584,0.145,112.9,115.2,-2.3,0.118,0.07
1630545,Terrence Shannon Jr.,MIN,24.0,32,10.6,4.3,1.5,1.0,0.2,0.2,0.5,0.482,0.355,0.81,0.656,0.3,2025,0.56,0.166,107.8,107.0,0.8,0.139,0.065
1626179,Terry Rozier,MIA,31.0,64,25.9,10.6,3.7,2.6,0.6,0.2,1.2,0.391,0.295,0.852,0.422,-2.2,2025,0.497,0.195,107.3,112.3,-4.9,0.152,0.068
1628418,Thomas Bryant,IND,27.0,66,14.6,6.5,3.8,0.8,0.4,0.6,0.5,0.508,0.324,0.859,0.667,-0.6,2025,0.614,0.162,109.9,113.4,-3.5,0.078,0.128
1642275,Tidjane Salaün,CHA,19.0,60,20.7,5.9,4.7,1.2,0.5,0.2,1.0,0.33,0.283,0.713,0.2,-5.4,2025,0.457,0.15,99.4,111.2,-11.9,0.092,0.106
203501,Tim Hardaway Jr.,DET,33.0,77,28.0,11.0,2.4,1.6,0.5,0.1,0.6,0.406,0.368,0.855,0.532,0.3,2025,0.567,0.151,113.8,114.2,-0.5,0.074,0.042
202699,Tobias Harris,DET,32.0,73,31.6,13.7,5.9,2.2,1.0,0.8,1.2,0.477,0.345,0.861,0.548,2.6,2025,0.571,0.173,114.7,110.8,3.9,0.095,0.092
1628470,Torrey Craig,BOS,34.0,26,12.1,4.2,2.8,0.7,0.3,0.5,0.3,0.422,0.364,0.667,0.615,-1.9,2025,0.567,0.139,104.9,109.8,-5.0,0.078,0.106
1641787,Tosan Evbuomwan,BKN,24.0,28,23.7,9.5,4.3,2.0,0.9,0.4,1.4,0.427,0.312,0.753,0.286,-2.4,2025,0.53,0.183,103.4,108.4,-5.0,0.132,0.087
1641739,Toumani Camara,POR,25.0,78,32.7,11.3,5.8,2.2,1.5,0.6,1.4,0.458,0.375,0.722,0.423,-1.5,2025,0.572,0.143,111.5,113.3,-1.8,0.096,0.086
1629027,Trae Young,ATL,26.0,76,36.0,24.2,3.1,11.6,1.2,0.2,4.7,0.411,0.34,0.875,0.474,0.4,2025,0.567,0.285,115.2,114.6,0.6,0.452,0.042
1631218,Trayce Jackson-Davis,GSW,25.0,62,15.6,6.6,5.0,1.7,0.4,0.6,0.7,0.576,0.0,0.578,0.532,-1.0,2025,0.587,0.164,107.8,111.3,-3.5,0.163,0.152
1630200,Tre Jones,CHI,25.0,46,19.7,7.2,2.5,4.2,0.8,0.2,0.8,0.538,0.396,0.821,0.457,-0.7,2025,0.617,0.136,112.0,113.5,-1.5,0.289,0.059
1630544,Tre Mann,CHA,24.0,13,24.5,14.1,2.9,3.0,0.5,0.3,1.9,0.435,0.4,0.905,0.462,-4.2,2025,0.537,0.25,107.0,114.4,-7.3,0.219,0.056
1630570,Trendon Watford,BKN,24.0,44,20.7,10.2,3.6,2.6,0.6,0.3,1.9,0.469,0.33,0.762,0.364,-1.5,2025,0.557,0.226,105.1,109.4,-4.4,0.211,0.084
1630243,Trevelin Queen,ORL,28.0,31,13.9,4.9,1.7,1.2,1.0,0.3,0.7,0.381,0.286,0.857,0.484,-2.8,2025,0.486,0.176,101.9,111.1,-9.2,0.141,0.063
1641998,Trey Jemison III,LAL,25.0,38,10.3,2.5,2.8,0.4,0.2,0.4,0.6,0.554,0.0,0.394,0.447,-0.5,2025,0.537,0.121,105.6,107.8,-2.2,0.058,0.128
1626168,Trey Lyles,SAC,29.0,69,19.6,6.5,4.6,1.2,0.6,0.3,0.6,0.42,0.34,0.7,0.493,-1.0,2025,0.551,0.139,111.8,113.8,-2.0,0.084,0.114
1630530,Trey Murphy III,NOP,25.0,53,35.0,21.2,5.1,3.5,1.1,0.7,1.9,0.454,0.361,0.887,0.264,-7.2,2025,0.598,0.229,109.0,118.7,-9.7,0.157,0.069
202684,Tristan Thompson,CLE,34.0,40,8.2,1.7,3.4,0.6,0.1,0.3,0.4,0.437,0.0,0.233,0.775,-2.1,2025,0.41,0.123,97.2,109.8,-12.5,0.109,0.177
1641774,Tristan Vukcevic,WAS,22.0,35,14.6,9.4,3.7,1.1,0.3,0.7,1.2,0.496,0.373,0.776,0.2,-3.6,2025,0.608,0.252,102.6,114.3,-11.7,0.136,0.116
1641783,Tristan da Silva,ORL,24.0,74,22.0,7.2,3.3,1.5,0.4,0.2,0.8,0.412,0.335,0.873,0.473,-1.7,2025,0.522,0.149,106.1,110.3,-4.2,0.105,0.076
1629660,Ty Jerome,CLE,27.0,70,19.9,12.5,2.5,3.4,1.1,0.0,1.3,0.516,0.439,0.872,0.786,4.3,2025,0.643,0.229,120.3,110.4,9.9,0.241,0.06
1629639,Tyler Herro,MIA,25.0,77,35.4,23.9,5.2,5.5,0.9,0.2,2.6,0.472,0.375,0.878,0.481,1.3,2025,0.605,0.271,113.9,112.6,1.3,0.254,0.073
1642278,Tyler Kolek,NYK,24.0,41,7.2,2.0,0.7,1.7,0.3,0.1,0.4,0.329,0.298,0.765,0.659,0.0,2025,0.453,0.152,104.1,104.4,-0.3,0.321,0.043
1630169,Tyrese Haliburton,IND,25.0,73,33.6,18.6,3.5,9.2,1.4,0.7,1.6,0.473,0.388,0.851,0.63,3.0,2025,0.616,0.21,117.7,114.2,3.5,0.384,0.052
1631213,Tyrese Martin,BKN,26.0,60,21.9,8.7,3.7,2.0,0.6,0.2,1.2,0.406,0.351,0.793,0.267,-4.3,2025,0.533,0.179,103.2,113.4,-10.2,0.15,0.083
1630178,Tyrese Maxey,PHI,24.0,52,37.7,26.3,3.3,6.1,1.8,0.4,2.4,0.437,0.337,0.879,0.385,-2.4,2025,0.562,0.293,113.8,117.4,-3.5,0.276,0.045
1626145,Tyus Jones,PHX,29.0,81,26.8,10.2,2.4,5.3,0.9,0.1,1.1,0.448,0.414,0.895,0.444,-1.1,2025,0.585,0.16,113.6,116.1,-2.5,0.276,0.045
203995,Vasilije Micic,PHX,31.0,41,19.1,6.6,2.2,3.1,0.4,0.0,1.9,0.348,0.36,0.829,0.195,-3.0,2025,0.462,0.199,102.2,109.4,-7.2,0.258,0.053
1641705,Victor Wembanyama,SAS,21.0,46,33.2,24.3,11.0,3.7,1.1,3.8,3.2,0.476,0.352,0.836,0.457,2.2,2025,0.594,0.3,112.5,110.0,2.6,0.184,0.159
1631246,Vince Williams Jr.,MEM,24.0,27,18.5,6.6,3.6,2.0,0.4,0.3,1.2,0.401,0.274,0.792,0.37,0.2,2025,0.504,0.166,117.4,116.2,1.2,0.14,0.096
1630249,Vít Krejčí,ATL,25.0,57,20.2,7.2,2.7,2.6,0.6,0.5,0.9,0.497,0.437,0.711,0.491,-1.2,2025,0.661,0.131,109.7,111.6,-1.9,0.175,0.067
1631117,Walker Kessler,UTA,23.0,58,30.0,11.1,12.2,1.7,0.6,2.4,1.5,0.663,0.176,0.52,0.241,-5.7,2025,0.66,0.133,109.2,118.3,-9.1,0.083,0.19
1628976,Wendell Carter Jr.,ORL,26.0,68,25.9,9.1,7.2,2.0,0.8,0.6,1.1,0.46,0.234,0.737,0.456,-0.2,2025,0.544,0.159,107.8,107.8,0.0,0.117,0.14
1631111,Wendell Moore Jr.,CHA,23.0,36,13.9,4.2,2.6,1.2,0.6,0.1,0.8,0.468,0.341,0.818,0.306,-3.7,2025,0.553,0.133,99.6,112.0,-12.4,0.13,0.09
1630214,Xavier Tillman,BOS,26.0,33,7.0,1.0,1.3,0.2,0.3,0.2,0.4,0.245,0.156,0.75,0.788,-0.4,2025,0.31,0.125,106.6,108.9,-2.3,0.043,0.091
1642274,Yves Missi,NOP,21.0,73,26.8,9.1,8.2,1.4,0.5,1.3,1.1,0.547,0.0,0.623,0.26,-7.0,2025,0.572,0.141,107.8,120.5,-12.7,0.072,0.149
1642258,Zaccharie Risacher,ATL,20.0,75,24.6,12.6,3.6,1.2,0.7,0.5,1.2,0.458,0.355,0.711,0.507,-1.6,2025,0.558,0.203,112.3,115.0,-2.7,0.068,0.071
1628380,Zach Collins,CHI,27.0,64,15.3,6.4,4.5,1.7,0.5,0.5,0.9,0.507,0.302,0.885,0.531,-0.5,2025,0.605,0.166,109.4,109.9,-0.4,0.162,0.136
1641744,Zach Edey,MEM,23.0,66,21.5,9.2,8.3,1.0,0.5,1.3,1.3,0.58,0.346,0.709,0.53,2.5,2025,0.624,0.156,116.8,111.5,5.3,0.059,0.179
203897,Zach LaVine,SAC,30.0,74,35.2,23.3,4.3,4.2,0.8,0.2,2.8,0.511,0.446,0.825,0.432,-0.9,2025,0.639,0.251,115.4,116.8,-1.4,0.178,0.059
1630192,Zeke Nnaji,DEN,24.0,57,10.7,3.2,1.6,0.4,0.4,0.7,0.2,0.496,0.327,0.614,0.632,-0.4,2025,0.574,0.119,107.3,108.9,-1.6,0.051,0.067
1630533,Ziaire Williams,BKN,23.0,63,24.5,10.0,4.6,1.3,1.0,0.4,1.1,0.412,0.341,0.821,0.349,-5.2,2025,0.55,0.179,106.5,116.2,-9.7,0.086,0.093
1629627,Zion Williamson,NOP,24.0,30,28.6,24.6,7.2,5.3,1.2,0.9,3.0,0.567,0.231,0.656,0.333,-1.4,2025,0.6,0.325,113.7,115.5,-1.8,0.325,0.116
